# https://github.com/mikedh/trimesh
v 0.05823190 0.01177681 0.09602918
v 0.05823214 0.01177656 0.09602918
v 0.06046627 0.01465399 0.09602921
v 0.05775951 0.01224909 0.09603500
v 0.06360271 0.01947197 0.09603508
v 0.06252790 0.01820639 0.09603507
v 0.06301117 0.01772462 0.09602923
v 0.06195646 0.01753351 0.09603507
v 0.06055363 0.01582667 0.09603507
v 0.06376748 0.01863715 0.09602923
v 0.06509645 0.02016913 0.09602923
v 0.06571441 0.02187642 0.09603509
v 0.06855484 0.02496649 0.09603509
v 0.07028927 0.02586475 0.09602925
v 0.06981582 0.02633828 0.09603509
v 0.06923987 0.02474537 0.09602924
v 0.06901910 0.02450151 0.09602924
v 0.05806140 0.01155077 0.09601788
v 0.05823190 0.01177681 0.09602918
v 0.05775951 0.01224909 0.09603500
v 0.05761357 0.01205305 0.09602556
v 0.05722232 0.01151943 0.09593782
v 0.05768604 0.01104783 0.09592915
v 0.05721811 0.01151368 0.09593688
v 0.05751254 0.01081537 0.09588815
v 0.05706972 0.01131130 0.09590361
v 0.05727115 0.01048666 0.09573718
v 0.05680688 0.01094526 0.09574696
v 0.05664765 0.01072352 0.09565207
v 0.05704370 0.01017694 0.09559493
v 0.05641815 0.01039863 0.09541871
v 0.05691003 0.00999401 0.09547529
v 0.05687100 0.00993985 0.09542741
v 0.05620463 0.01009637 0.09520160
v 0.05649858 0.00942311 0.09497058
v 0.05605006 0.00987481 0.09496850
v 0.05647603 0.00939181 0.09494292
v 0.05590290 0.00966388 0.09474659
v 0.05615096 0.00893379 0.09434241
v 0.05571006 0.00938481 0.09433670
v 0.05612350 0.00889511 0.09429170
v 0.05556003 0.00916771 0.09401782
v 0.05581066 0.00844881 0.09347206
v 0.05534107 0.00884845 0.09339373
v 0.05577145 0.00839280 0.09334558
v 0.05532892 0.00883062 0.09334757
v 0.05571737 0.00831554 0.09317112
v 0.05513458 0.00854553 0.09260960
v 0.05542438 0.00789349 0.09197546
v 0.05505318 0.00842613 0.09230053
v 0.05538498 0.00783583 0.09174409
v 0.05494054 0.00826012 0.09174857
v 0.05493967 0.00825885 0.09174435
v 0.05520409 0.00757115 0.09068185
v 0.05471940 0.00793305 0.09032274
v 0.05516097 0.00750796 0.09032042
v 0.05470701 0.00791472 0.09024277
v 0.05503803 0.00732777 0.08928972
v 0.05454061 0.00766782 0.08861544
v 0.05489567 0.00711793 0.08742804
v 0.05445584 0.00754096 0.08720324
v 0.05488738 0.00710558 0.08720392
v 0.05441711 0.00748297 0.08655778
v 0.05481124 0.00699215 0.08514568
v 0.05435913 0.00739602 0.08413011
v 0.05479477 0.00696791 0.08412998
v 0.07317730 0.02984559 0.09375147
v 0.07318432 0.02985119 0.09375572
v 0.07342573 0.03009816 0.09302604
v 0.06981398 0.02634003 0.09603512
v 0.06981569 0.02633840 0.09603510
v 0.07017080 0.02671737 0.09602218
v 0.07079435 0.02737148 0.09594235
v 0.07079239 0.02737087 0.09592563
v 0.07083999 0.02741924 0.09592806
v 0.07099507 0.02758395 0.09589414
v 0.07145070 0.02805851 0.09573667
v 0.07144745 0.02805628 0.09572201
v 0.07158429 0.02819761 0.09566564
v 0.07162159 0.02823809 0.09565574
v 0.07185933 0.02848398 0.09551940
v 0.07185273 0.02847808 0.09550043
v 0.07208931 0.02872236 0.09533182
v 0.07216836 0.02880579 0.09528834
v 0.07234645 0.02898887 0.09512211
v 0.07234114 0.02898440 0.09511234
v 0.07250333 0.02915084 0.09493776
v 0.07251231 0.02916136 0.09493799
v 0.07262986 0.02928146 0.09478908
v 0.07261996 0.02927226 0.09477620
v 0.07283332 0.02949093 0.09448272
v 0.07282361 0.02948204 0.09447016
v 0.07284237 0.02950023 0.09446398
v 0.07292943 0.02959104 0.09431114
v 0.07314432 0.02981014 0.09383856
v 0.07314042 0.02980780 0.09386244
v 0.07386277 0.03054367 0.09034307
v 0.07375988 0.03044227 0.09129032
v 0.07373041 0.03040892 0.09141512
v 0.07370183 0.03038287 0.09169859
v 0.07366994 0.03034736 0.09190492
v 0.07366053 0.03034059 0.09190159
v 0.07345134 0.03012430 0.09290846
v 0.07345298 0.03012817 0.09292153
v 0.07341945 0.03009380 0.09302247
v 0.07397828 0.03066625 0.08713770
v 0.07397606 0.03066404 0.08739865
v 0.07398080 0.03066366 0.08713770
v 0.07394937 0.03063657 0.08833967
v 0.07393429 0.03061638 0.08926595
v 0.07392309 0.03060954 0.08926544
v 0.07392914 0.03061116 0.08934335
v 0.07391301 0.03059915 0.08962111
v 0.07384701 0.03053154 0.09034049
v 0.07398080 0.03066366 0.08713770
v 0.07397744 0.03066024 0.08687081
v 0.07397828 0.03066625 0.08713770
v 0.07397465 0.03066258 0.08687082
v 0.07396071 0.03064324 0.08638468
v 0.07391700 0.03059881 0.08511406
v 0.07397117 0.03065905 0.08661474
v 0.07390636 0.03059281 0.08511479
v 0.07383660 0.03052168 0.08421855
v 0.07389444 0.03058062 0.08483867
v 0.07378086 0.03046030 0.08372992
v 0.07376626 0.03044997 0.08373357
v 0.07377340 0.03045272 0.08368548
v 0.07362455 0.03030547 0.08275621
v 0.07357010 0.03024555 0.08247077
v 0.07356591 0.03024560 0.08247161
v 0.07338723 0.03005876 0.08175705
v 0.07327427 0.02994338 0.08131618
v 0.07352121 0.03019998 0.08225482
v 0.07325706 0.02992975 0.08132502
v 0.07314679 0.02981692 0.08093682
v 0.07304085 0.02970435 0.08064642
v 0.07302764 0.02969452 0.08065634
v 0.07294260 0.02960341 0.08043347
v 0.07271959 0.02937806 0.07993117
v 0.07263610 0.02928850 0.07976911
v 0.07262739 0.02928291 0.07977784
v 0.07247748 0.02912478 0.07952129
v 0.07224614 0.02888948 0.07914379
v 0.07215410 0.02879100 0.07901609
v 0.07214701 0.02878668 0.07902582
v 0.07206747 0.02870133 0.07890469
v 0.07205758 0.02869397 0.07891942
v 0.07190007 0.02852742 0.07872847
v 0.07170720 0.02833063 0.07850243
v 0.07148964 0.02810103 0.07829644
v 0.07148098 0.02809483 0.07831465
v 0.07126787 0.02786910 0.07813586
v 0.07106250 0.02765864 0.07796730
v 0.07085376 0.02743601 0.07783598
v 0.07084823 0.02743411 0.07784969
v 0.07076879 0.02734680 0.07778842
v 0.07076297 0.02734476 0.07780291
v 0.07040252 0.02696175 0.07760371
v 0.07039986 0.02696430 0.07760363
v 0.06361931 0.01945762 0.09603510
v 0.06240667 0.01805446 0.09603508
v 0.06855484 0.02496649 0.09603509
v 0.06948077 0.02598636 0.09603512
v 0.06981569 0.02633840 0.09603510
v 0.06981398 0.02634003 0.09603512
v 0.06571289 0.02187778 0.09603512
v 0.06784578 0.02422940 0.09603512
v 0.06793380 0.02432401 0.09603512
v 0.06567012 0.02183060 0.09603512
v 0.06252790 0.01820639 0.09603507
v 0.07039986 0.02696430 0.07760363
v 0.07040252 0.02696175 0.07760371
v 0.07006229 0.02660889 0.07745587
v 0.07040268 0.02696159 0.07760371
v 0.07005764 0.02660394 0.07745384
v 0.06918196 0.02566805 0.07706768
v 0.06918056 0.02566939 0.07706758
v 0.06588218 0.02205573 0.07559415
v 0.06528637 0.02140347 0.07532808
v 0.06848974 0.02493330 0.07676336
v 0.06529149 0.02139876 0.07532811
v 0.06152320 0.01702538 0.07359290
v 0.06152073 0.01702748 0.07359277
v 0.06209247 0.01771214 0.07386053
v 0.06468518 0.02072871 0.07505603
v 0.06460376 0.02063872 0.07501949
v 0.06238256 0.01805953 0.07399638
v 0.06151061 0.01701538 0.07358804
v 0.06151315 0.01701325 0.07358818
v 0.06151313 0.01701324 0.07358817
v 0.05444276 0.00752274 0.08712695
v 0.05442458 0.00749613 0.08655692
v 0.05435720 0.00739790 0.08413009
v 0.05436631 0.00741087 0.08472988
v 0.05445584 0.00754096 0.08720324
v 0.06048376 0.01575463 0.07319823
v 0.06120972 0.01665019 0.07345555
v 0.06048719 0.01575733 0.07317914
v 0.06151061 0.01701538 0.07358804
v 0.06091066 0.01627545 0.07334793
v 0.06151313 0.01701324 0.07358817
v 0.06151345 0.01701295 0.07358818
v 0.06016882 0.01536610 0.07308659
v 0.05949606 0.01451358 0.07294599
v 0.05972869 0.01481294 0.07298559
v 0.05854992 0.01329438 0.07290183
v 0.05854817 0.01329574 0.07290256
v 0.05881472 0.01364291 0.07289396
v 0.05931718 0.01428501 0.07292635
v 0.05935723 0.01433741 0.07294835
v 0.05935834 0.01433815 0.07292767
v 0.05949470 0.01451339 0.07296213
v 0.05955148 0.01458606 0.07296783
v 0.05810422 0.01270488 0.07297709
v 0.05778946 0.01228859 0.07303023
v 0.05852519 0.01326581 0.07290330
v 0.05778848 0.01229006 0.07303555
v 0.05689340 0.01107017 0.07343782
v 0.05689213 0.01107168 0.07343939
v 0.05698252 0.01119498 0.07339509
v 0.05729498 0.01161868 0.07323476
v 0.05753092 0.01194307 0.07312638
v 0.05753013 0.01193986 0.07311586
v 0.05761831 0.01206228 0.07308356
v 0.05774026 0.01222618 0.07304421
v 0.05644372 0.01044565 0.07380463
v 0.05632354 0.01027297 0.07391686
v 0.05628921 0.01022983 0.07393170
v 0.05593134 0.00971619 0.07434989
v 0.05593560 0.00972588 0.07436461
v 0.05688147 0.01105714 0.07344461
v 0.05661763 0.01068585 0.07365095
v 0.05644012 0.01043849 0.07378813
v 0.05579625 0.00952729 0.07453521
v 0.05577982 0.00949700 0.07459149
v 0.05547407 0.00906018 0.07509646
v 0.05547021 0.00904917 0.07508513
v 0.05537519 0.00891681 0.07526872
v 0.05533992 0.00885774 0.07538121
v 0.05510256 0.00851573 0.07593639
v 0.05509925 0.00850415 0.07592813
v 0.05503068 0.00840998 0.07611242
v 0.05496988 0.00831184 0.07634716
v 0.05481831 0.00809351 0.07688071
v 0.05480867 0.00807219 0.07686930
v 0.05471069 0.00793314 0.07727004
v 0.05465081 0.00783550 0.07764004
v 0.05457938 0.00773547 0.07803850
v 0.05457057 0.00771519 0.07803179
v 0.05449995 0.00761591 0.07850330
v 0.05443195 0.00750621 0.07919450
v 0.05442528 0.00750288 0.07932865
v 0.05441638 0.00748274 0.07932510
v 0.05438475 0.00743488 0.07977445
v 0.05438486 0.00744170 0.07977536
v 0.05437746 0.00743050 0.07985716
v 0.05434639 0.00737692 0.08113772
v 0.05434370 0.00737953 0.08113772
v 0.05434639 0.00737692 0.08113772
v 0.05434640 0.00737691 0.08113772
v 0.05434690 0.00737767 0.08157357
v 0.05434370 0.00737953 0.08113772
v 0.05434423 0.00738034 0.08157357
v 0.05434440 0.00738061 0.08171618
v 0.05435061 0.00738322 0.08285316
v 0.05435043 0.00738875 0.08285312
v 0.05435252 0.00739159 0.08324848
v 0.06633648 0.02102601 0.08570363
v 0.06633950 0.02102876 0.08572741
v 0.06622612 0.02092536 0.08624963
v 0.07115107 0.02533048 0.08856749
v 0.07108546 0.02528119 0.08813141
v 0.07318641 0.02715295 0.08893942
v 0.07212051 0.02602960 0.09218358
v 0.07205626 0.02596585 0.09222315
v 0.06886976 0.02308070 0.09094154
v 0.07187670 0.02578770 0.09233375
v 0.07137668 0.02529987 0.09246710
v 0.07124727 0.02517359 0.09250163
v 0.07066800 0.02461527 0.09253769
v 0.06681656 0.02131912 0.08927086
v 0.06678554 0.02130293 0.08912515
v 0.06755018 0.02202981 0.08893779
v 0.06676778 0.02129367 0.08904173
v 0.06744922 0.02185527 0.08986907
v 0.06729876 0.02171682 0.08984007
v 0.06728672 0.02170574 0.08983775
v 0.06715490 0.02158863 0.08977015
v 0.06713920 0.02157468 0.08976210
v 0.06702549 0.02147829 0.08965732
v 0.06701812 0.02147203 0.08965053
v 0.06691848 0.02139281 0.08950372
v 0.06690523 0.02138228 0.08948420
v 0.06683789 0.02133431 0.08932219
v 0.06645118 0.02107621 0.08795512
v 0.06643307 0.02111240 0.08633033
v 0.06676252 0.02129821 0.08892177
v 0.06674878 0.02131014 0.08860795
v 0.06744397 0.02195922 0.08852968
v 0.06675425 0.02132226 0.08850897
v 0.06698816 0.02157946 0.08771156
v 0.06654706 0.02115410 0.08814147
v 0.06670952 0.02134730 0.08721142
v 0.06661052 0.02126317 0.08689586
v 0.06775988 0.02220429 0.08920350
v 0.06786161 0.02230949 0.08905718
v 0.06813015 0.02253684 0.08934350
v 0.06765915 0.02209905 0.08934913
v 0.06760006 0.02199646 0.08987182
v 0.06751468 0.02191550 0.08988170
v 0.06841167 0.02277739 0.08960542
v 0.06789759 0.02227902 0.08983085
v 0.06787729 0.02225934 0.08983975
v 0.06639296 0.02097867 0.08859049
v 0.06639278 0.02095338 0.08891147
v 0.06560926 0.02013342 0.08968663
v 0.06639306 0.02099613 0.08836860
v 0.06639276 0.02094858 0.08897228
v 0.06643550 0.02096483 0.08923089
v 0.06644738 0.02096933 0.08930277
v 0.06652575 0.02101934 0.08953840
v 0.06655857 0.02104029 0.08963709
v 0.06665607 0.02111286 0.08981851
v 0.06665607 0.02111286 0.08981851
v 0.06669649 0.02114295 0.08989369
v 0.06682711 0.02124875 0.09005237
v 0.06686261 0.02127753 0.09009554
v 0.06703398 0.02142528 0.09022281
v 0.06707128 0.02145745 0.09025052
v 0.06723899 0.02160878 0.09031585
v 0.06725978 0.02162771 0.09032316
v 0.06734102 0.02170112 0.09035447
v 0.06749341 0.02184394 0.09036585
v 0.06768312 0.02202173 0.09038004
v 0.06796164 0.02229050 0.09031970
v 0.06812713 0.02245017 0.09028386
v 0.06840316 0.02272203 0.09013217
v 0.06922850 0.02349271 0.09013772
v 0.06901819 0.02330467 0.09004736
v 0.06880556 0.02311832 0.08991102
v 0.06968103 0.02389732 0.09033212
v 0.06969223 0.02390764 0.09033330
v 0.07014457 0.02432377 0.09038040
v 0.07017231 0.02434988 0.09037412
v 0.07040618 0.02456994 0.09032129
v 0.07046695 0.02462713 0.09030757
v 0.07062536 0.02477916 0.09021375
v 0.07069588 0.02484686 0.09017198
v 0.07082129 0.02496973 0.09004043
v 0.07228276 0.02619057 0.09208367
v 0.07086216 0.02500978 0.08999754
v 0.07256630 0.02647734 0.09177157
v 0.07261959 0.02653259 0.09167301
v 0.07097478 0.02512298 0.08980319
v 0.07279934 0.02671894 0.09134046
v 0.07100098 0.02514932 0.08975799
v 0.07295514 0.02688643 0.09083214
v 0.07108176 0.02523403 0.08951885
v 0.07299467 0.02692892 0.09070318
v 0.07110994 0.02526357 0.08943548
v 0.07114834 0.02530755 0.08920971
v 0.07313140 0.02708451 0.08981907
v 0.07115844 0.02531909 0.08915037
v 0.07116221 0.02533102 0.08888873
v 0.07116549 0.02534129 0.08866327
v 0.07313811 0.02709746 0.08524278
v 0.07319806 0.02716962 0.08606093
v 0.07122638 0.02541517 0.08634033
v 0.07321135 0.02718734 0.08658949
v 0.07320981 0.02718470 0.08703816
v 0.07105896 0.02526128 0.08795527
v 0.07320427 0.02717518 0.08865379
v 0.07318664 0.02715324 0.08893564
v 0.07114109 0.02533208 0.08583140
v 0.07114592 0.02533564 0.08578991
v 0.07113691 0.02532901 0.08586730
v 0.07130658 0.02548126 0.08594645
v 0.07149389 0.02564934 0.08603383
v 0.07115715 0.02533595 0.08536730
v 0.07116101 0.02533605 0.08522178
v 0.07112983 0.02530208 0.08501513
v 0.07110035 0.02526995 0.08481963
v 0.07107953 0.02524926 0.08475971
v 0.07100155 0.02517182 0.08453542
v 0.07099820 0.02516850 0.08452578
v 0.07090002 0.02507440 0.08436015
v 0.07313492 0.02709362 0.08519911
v 0.07257802 0.02647608 0.08224810
v 0.07269745 0.02660450 0.08263062
v 0.07085531 0.02503158 0.08428475
v 0.07286438 0.02678399 0.08316534
v 0.07291231 0.02683809 0.08344686
v 0.07089708 0.02507160 0.08435521
v 0.07307773 0.02702477 0.08441836
v 0.07043909 0.02464612 0.08396681
v 0.07122706 0.02514339 0.08089161
v 0.07046109 0.02466633 0.08397925
v 0.07137169 0.02528115 0.08095187
v 0.07063759 0.02482842 0.08407916
v 0.07193114 0.02582111 0.08129160
v 0.07067018 0.02485835 0.08409760
v 0.07194079 0.02583070 0.08130234
v 0.07077559 0.02495697 0.08420414
v 0.07226832 0.02615667 0.08166714
v 0.07238655 0.02627861 0.08188892
v 0.06699492 0.02102093 0.07910801
v 0.06797095 0.02199868 0.07952515
v 0.06704446 0.02153664 0.08282456
v 0.06811824 0.02214623 0.07958808
v 0.06979663 0.02407092 0.08392288
v 0.06996528 0.02422068 0.08390983
v 0.07013443 0.02437088 0.08389677
v 0.07024012 0.02446635 0.08392105
v 0.06458208 0.01860386 0.07807686
v 0.06483425 0.01885647 0.07818462
v 0.06355016 0.01821143 0.08140703
v 0.06031918 0.01492362 0.07982218
v 0.06035682 0.01493694 0.07966371
v 0.06067720 0.01511691 0.07891650
v 0.06085791 0.01523828 0.07864969
v 0.06110345 0.01540319 0.07828717
v 0.06123254 0.01550027 0.07816412
v 0.06156520 0.01575047 0.07784701
v 0.06166907 0.01583620 0.07778919
v 0.06209381 0.01618674 0.07755274
v 0.06214581 0.01623326 0.07754160
v 0.06263947 0.01667504 0.07743574
v 0.06320115 0.01721735 0.07750171
v 0.06321140 0.01722776 0.07750540
v 0.06342574 0.01744548 0.07758268
v 0.06375317 0.01777350 0.07772262
v 0.06008097 0.01487234 0.08113768
v 0.06013908 0.01485994 0.08058004
v 0.06026672 0.01490507 0.08004289
v 0.06009380 0.01502435 0.08656928
v 0.06004397 0.01500461 0.08523930
v 0.06268501 0.01763011 0.08484539
v 0.05999747 0.01498619 0.08399818
v 0.06000106 0.01497859 0.08374758
v 0.06001755 0.01494361 0.08259335
v 0.06205746 0.01684822 0.08829068
v 0.06170128 0.01594437 0.09147195
v 0.06166596 0.01591351 0.09144790
v 0.06125750 0.01559111 0.09099546
v 0.06088495 0.01533795 0.09035168
v 0.06079405 0.01529207 0.09007718
v 0.06045787 0.01512230 0.08906187
v 0.06023664 0.01506278 0.08754721
v 0.06018132 0.01504790 0.08716845
v 0.06865696 0.02266371 0.09253769
v 0.06752764 0.02156781 0.09253769
v 0.06665129 0.02070391 0.09251333
v 0.06527559 0.01934771 0.09247511
v 0.06512584 0.01920010 0.09247096
v 0.06465419 0.01873677 0.09241506
v 0.06365666 0.01775682 0.09229683
v 0.06363224 0.01773282 0.09229395
v 0.06266244 0.01680382 0.09203286
v 0.06226907 0.01644061 0.09185881
v 0.06192561 0.01614043 0.09162481
v 0.06969825 0.02399674 0.08904587
v 0.07017332 0.02438528 0.08986585
v 0.07005726 0.02427753 0.08988299
v 0.07002124 0.02424476 0.08987697
v 0.06971586 0.02396689 0.08982591
v 0.06928441 0.02359078 0.08948853
v 0.06963176 0.02389038 0.08981186
v 0.06917512 0.02348357 0.08960542
v 0.07097683 0.02519523 0.08662714
v 0.07063840 0.02488832 0.08747725
v 0.07051809 0.02477922 0.08777942
v 0.07098957 0.02519613 0.08809461
v 0.07044892 0.02471319 0.08788630
v 0.07087411 0.02508773 0.08832639
v 0.07010943 0.02438917 0.08841071
v 0.07077642 0.02499493 0.08850889
v 0.06997841 0.02426412 0.08861310
v 0.07079454 0.02499842 0.08890305
v 0.07079773 0.02499902 0.08897202
v 0.07078045 0.02497794 0.08910676
v 0.07075917 0.02495198 0.08927279
v 0.07074710 0.02493942 0.08930724
v 0.07068412 0.02487384 0.08948710
v 0.07068094 0.02487070 0.08949222
v 0.07058461 0.02477486 0.08964811
v 0.07058012 0.02477041 0.08965535
v 0.07046389 0.02465793 0.08976639
v 0.07046289 0.02465696 0.08976734
v 0.07032254 0.02452420 0.08983632
v 0.07030070 0.02450354 0.08984704
v 0.06640136 0.02108525 0.08621468
v 0.06640448 0.02108809 0.08623919
v 0.06667171 0.02129319 0.08429575
v 0.06666610 0.02128845 0.08430344
v 0.06654961 0.02119031 0.08446264
v 0.06653968 0.02118218 0.08448541
v 0.06645089 0.02110935 0.08468897
v 0.06633982 0.02102379 0.08529754
v 0.06632560 0.02101605 0.08561775
v 0.06643026 0.02109243 0.08473623
v 0.06638392 0.02105615 0.08493826
v 0.06634900 0.02102878 0.08509055
v 0.07077801 0.02499473 0.08520760
v 0.07079042 0.02500860 0.08530673
v 0.07062014 0.02486462 0.08562605
v 0.07078544 0.02500744 0.08544866
v 0.07077665 0.02500539 0.08569914
v 0.06976156 0.02406259 0.08441483
v 0.07000789 0.02428133 0.08439945
v 0.07043840 0.02470117 0.08554118
v 0.07010173 0.02436467 0.08439361
v 0.07023688 0.02448633 0.08442447
v 0.07031945 0.02456065 0.08444331
v 0.07036860 0.02460553 0.08447178
v 0.07047251 0.02470047 0.08453196
v 0.07048076 0.02470815 0.08454054
v 0.07057334 0.02479422 0.08463680
v 0.07060203 0.02482090 0.08466665
v 0.07064624 0.02486297 0.08474373
v 0.07069520 0.02490955 0.08482911
v 0.07070454 0.02491881 0.08485869
v 0.07074881 0.02496274 0.08499894
v 0.07075390 0.02496779 0.08501507
v 0.06731198 0.02191222 0.08612986
v 0.06742495 0.02201306 0.08648711
v 0.06688543 0.02152137 0.08650673
v 0.06669775 0.02135345 0.08559131
v 0.06669809 0.02135358 0.08558053
v 0.06726812 0.02187216 0.08595458
v 0.06670795 0.02135729 0.08526795
v 0.06671019 0.02135812 0.08519722
v 0.06672773 0.02137188 0.08511461
v 0.06675988 0.02139711 0.08496310
v 0.06676352 0.02139999 0.08494592
v 0.06681518 0.02144284 0.08482520
v 0.06684278 0.02146573 0.08476072
v 0.06688460 0.02150130 0.08470071
v 0.06694197 0.02155007 0.08461844
v 0.06696965 0.02157403 0.08459422
v 0.06706789 0.02165913 0.08450826
v 0.06706800 0.02165921 0.08450819
v 0.06717737 0.02175535 0.08445485
v 0.06721454 0.02178800 0.08443673
v 0.06729087 0.02185598 0.08442411
v 0.06815603 0.02261228 0.08402869
v 0.06969462 0.02398036 0.08393076
v 0.06912865 0.02348660 0.08415020
v 0.06906434 0.02343050 0.08417515
v 0.06801487 0.02249218 0.08415048
v 0.06959864 0.02389662 0.08396797
v 0.06746830 0.02201400 0.08439478
v 0.06752314 0.02206336 0.08439956
v 0.06790467 0.02242775 0.08518091
v 0.06773211 0.02225147 0.08441771
v 0.06821669 0.02270008 0.08480169
v 0.06859092 0.02302256 0.08452507
v 0.06687423 0.02151170 0.08647336
v 0.06678167 0.02143173 0.08619740
v 0.06673851 0.02139146 0.08588561
v 0.06801242 0.02253874 0.08564801
v 0.06805062 0.02257201 0.08560943
v 0.07050893 0.02477341 0.08606904
v 0.06860496 0.02305507 0.08504940
v 0.06865374 0.02309738 0.08501608
v 0.06873610 0.02316887 0.08495977
v 0.06924601 0.02361140 0.08461125
v 0.06932715 0.02368240 0.08458032
v 0.06972239 0.02402832 0.08442976
v 0.07058213 0.02484342 0.08659860
v 0.07039032 0.02467020 0.08706152
v 0.07021202 0.02450914 0.08749189
v 0.07006392 0.02437018 0.08773802
v 0.06805195 0.02251719 0.08398900
v 0.06774041 0.02223498 0.08392672
v 0.06755259 0.02206487 0.08388918
v 0.06741996 0.02194673 0.08390612
v 0.06718760 0.02173977 0.08393579
v 0.06715777 0.02171365 0.08394898
v 0.06697313 0.02155196 0.08403063
v 0.06694426 0.02152667 0.08404342
v 0.06680529 0.02140715 0.08415706
v 0.06672535 0.02133839 0.08422245
v 0.06840465 0.02285354 0.08828848
v 0.06998790 0.02429884 0.08786437
v 0.06972552 0.02405265 0.08830042
v 0.06940734 0.02374587 0.08868308
v 0.06909842 0.02344804 0.08905457
v 0.06825631 0.02270768 0.08849650
v 0.06878328 0.02314061 0.08933996
v 0.06811033 0.02256220 0.08870260
v 0.06797683 0.02246944 0.08814550
v 0.06758400 0.02211613 0.08801412
v 0.06708349 0.02169251 0.08709726
v 0.06798252 0.02247454 0.08814739
v 0.06706351 0.02167524 0.08703771
v 0.05948318 0.01121990 0.07685550
v 0.05992973 0.01180452 0.07620024
v 0.06016753 0.01229666 0.07651736
v 0.06264929 0.01666342 0.07735895
v 0.06238620 0.01568644 0.07633699
v 0.06296782 0.01646787 0.07659716
v 0.06221062 0.01600105 0.07693638
v 0.06282591 0.01655126 0.07688342
v 0.06279936 0.01656686 0.07693696
v 0.06215342 0.01612814 0.07723368
v 0.06161240 0.01565647 0.07744937
v 0.06273375 0.01660542 0.07706934
v 0.06270993 0.01662177 0.07715098
v 0.06270007 0.01662854 0.07718480
v 0.05982526 0.01405581 0.07951002
v 0.05963510 0.01396029 0.08031991
v 0.05939504 0.01282336 0.08015943
v 0.05991363 0.01466457 0.08113768
v 0.05976547 0.01444648 0.08113767
v 0.05984350 0.01444495 0.08039536
v 0.06065262 0.01491129 0.07834780
v 0.06028753 0.01466857 0.07897225
v 0.06001751 0.01451522 0.07966541
v 0.06014843 0.01472276 0.07974218
v 0.05972948 0.01439349 0.08113767
v 0.05955618 0.01395352 0.08113765
v 0.05952482 0.01387389 0.08113765
v 0.05934119 0.01103106 0.07720030
v 0.05934119 0.01103106 0.07720029
v 0.05959799 0.01160682 0.07747288
v 0.06032001 0.01279347 0.07684523
v 0.05977410 0.01219003 0.07774937
v 0.06044830 0.01372965 0.07746774
v 0.05995828 0.01328759 0.07826435
v 0.06054261 0.01455412 0.07805900
v 0.06012866 0.01425191 0.07874219
v 0.05916117 0.01151957 0.07997155
v 0.05868187 0.01014885 0.07974360
v 0.05871144 0.01018893 0.07934133
v 0.05902676 0.01061291 0.07796378
v 0.05919285 0.01111284 0.07861640
v 0.05892443 0.01047532 0.07841083
v 0.05892442 0.01047531 0.07841087
v 0.05960474 0.01298560 0.07918326
v 0.05938461 0.01176288 0.07881886
v 0.05857938 0.01000998 0.08113768
v 0.05868187 0.01014885 0.07974362
v 0.05884852 0.01075189 0.08113764
v 0.05906244 0.01134157 0.08113760
v 0.05908246 0.01145123 0.08113760
v 0.06249907 0.01504698 0.07504448
v 0.06324793 0.01595506 0.07528833
v 0.06328600 0.01606659 0.07556366
v 0.06162623 0.01396898 0.07504235
v 0.06237181 0.01488981 0.07504417
v 0.06247524 0.01510357 0.07537537
v 0.06329123 0.01608192 0.07560149
v 0.06249789 0.01530909 0.07570875
v 0.06329253 0.01608573 0.07561090
v 0.06326566 0.01617868 0.07583934
v 0.06082293 0.01295660 0.07534720
v 0.06149378 0.01380206 0.07509261
v 0.06165282 0.01410753 0.07544169
v 0.06086776 0.01314983 0.07582437
v 0.06066235 0.01275018 0.07548240
v 0.06066234 0.01275017 0.07548241
v 0.06009121 0.01201591 0.07596331
v 0.05992973 0.01180451 0.07620025
v 0.06325687 0.01620908 0.07591405
v 0.06308377 0.01638852 0.07637366
v 0.06305461 0.01640848 0.07642986
v 0.06172614 0.01440782 0.07579687
v 0.06170283 0.01496857 0.07647389
v 0.06161710 0.01545237 0.07712571
v 0.06110201 0.01524417 0.07782890
v 0.05998611 0.01477125 0.08113768
v 0.06098556 0.01354936 0.07617867
v 0.06170283 0.01496857 0.07647389
v 0.06104302 0.01430095 0.07685616
v 0.06104880 0.01496014 0.07750741
v 0.05932661 0.01278837 0.08113763
v 0.05932661 0.01278836 0.08113763
v 0.05908246 0.01145126 0.08113760
v 0.06458208 0.01860386 0.07807686
v 0.06375317 0.01777350 0.07772262
v 0.06380112 0.01772883 0.07746287
v 0.06326976 0.01717624 0.07723870
v 0.07138343 0.02524095 0.08047072
v 0.07122706 0.02514339 0.08089161
v 0.06699492 0.02102093 0.07910801
v 0.06701379 0.02100035 0.07885519
v 0.06797095 0.02199868 0.07952515
v 0.06706540 0.02095520 0.07861058
v 0.06811824 0.02214623 0.07958808
v 0.06426931 0.01733161 0.07625940
v 0.06326566 0.01617868 0.07583934
v 0.06527816 0.01830472 0.07622338
v 0.06528009 0.01840011 0.07647015
v 0.06342574 0.01744548 0.07758268
v 0.06282591 0.01655126 0.07688342
v 0.06411683 0.01751034 0.07675021
v 0.06389731 0.01766419 0.07721816
v 0.06325687 0.01620908 0.07591405
v 0.06483425 0.01885647 0.07818462
v 0.06486377 0.01882799 0.07792650
v 0.06494263 0.01877167 0.07768034
v 0.06512693 0.01863628 0.07720853
v 0.06927893 0.02303937 0.07906246
v 0.06729005 0.02074500 0.07764966
v 0.06934916 0.02298243 0.07857896
v 0.06731215 0.02069719 0.07740268
v 0.06731047 0.02065679 0.07715939
v 0.06731438 0.02066133 0.07716120
v 0.07152838 0.02523487 0.07903723
v 0.07144986 0.02520248 0.07951198
v 0.07141089 0.02518639 0.07974777
v 0.07139914 0.02520200 0.07998979
v 0.07139328 0.02520978 0.08011039
v 0.07138441 0.02523759 0.08043025
v 0.07138634 0.02521902 0.08025346
v 0.06526249 0.01848041 0.07672118
v 0.06718895 0.02085106 0.07813532
v 0.07101329 0.02482648 0.09351679
v 0.07097356 0.02480277 0.09339982
v 0.07172494 0.02556331 0.09331897
v 0.07115641 0.02491186 0.09393809
v 0.07115029 0.02490821 0.09392003
v 0.07190616 0.02569676 0.09384271
v 0.07240396 0.02625344 0.09306516
v 0.07207995 0.02590531 0.08052075
v 0.07264986 0.02649041 0.08118972
v 0.07306720 0.02692584 0.08207338
v 0.07364599 0.02754420 0.08523898
v 0.07335432 0.02722919 0.08307935
v 0.07399592 0.02786070 0.08764192
v 0.07360994 0.02751358 0.08962858
v 0.07369578 0.02760458 0.08744483
v 0.07293509 0.02679932 0.09253824
v 0.07328913 0.02717025 0.09169554
v 0.07422384 0.02804384 0.09038460
v 0.07414103 0.02795857 0.09090133
v 0.07374891 0.02760784 0.09109398
v 0.07407264 0.02788814 0.09132816
v 0.07352125 0.02737233 0.09214871
v 0.07394413 0.02775579 0.09213022
v 0.07391092 0.02772158 0.09233755
v 0.07386628 0.02767548 0.09247086
v 0.07362278 0.02742400 0.09319805
v 0.07314985 0.02698724 0.09302852
v 0.07358323 0.02738305 0.09326879
v 0.07346189 0.02725740 0.09348580
v 0.07210055 0.02583684 0.09442331
v 0.07261078 0.02637216 0.09428662
v 0.07260425 0.02642140 0.09357707
v 0.07281308 0.02658303 0.09415870
v 0.07336050 0.02715242 0.09366712
v 0.07305255 0.02683263 0.09400730
v 0.07293287 0.02670790 0.09408296
v 0.07116671 0.02491389 0.09401330
v 0.07123852 0.02492801 0.09453769
v 0.07179467 0.02551590 0.09450525
v 0.07203585 0.02576894 0.09444064
v 0.07388427 0.02774743 0.08997305
v 0.07230131 0.02604833 0.07951573
v 0.07229029 0.02603681 0.07950400
v 0.07236071 0.02611039 0.07957888
v 0.07289332 0.02666691 0.08014515
v 0.07296335 0.02673967 0.08026574
v 0.07305745 0.02683746 0.08042778
v 0.07387625 0.02768582 0.08240890
v 0.07392430 0.02773530 0.08270731
v 0.07405349 0.02786836 0.08350960
v 0.07424508 0.02806566 0.08469935
v 0.07339950 0.02719285 0.08101672
v 0.07347339 0.02726926 0.08123251
v 0.07356847 0.02736757 0.08151016
v 0.07384855 0.02765716 0.08232799
v 0.07084164 0.02472405 0.09301148
v 0.07423285 0.02805310 0.09015886
v 0.07425496 0.02807583 0.08476064
v 0.07427437 0.02809579 0.08522938
v 0.07435344 0.02817704 0.08713769
v 0.07432979 0.02815274 0.08773018
v 0.07425290 0.02807372 0.08965653
v 0.06699784 0.02041017 0.09400720
v 0.06502259 0.01805182 0.09453769
v 0.06494188 0.01795614 0.09453769
v 0.06495579 0.01811852 0.09398024
v 0.06467907 0.01866452 0.09270564
v 0.06473346 0.01856780 0.09296425
v 0.06675486 0.02063635 0.09303087
v 0.06689946 0.02052642 0.09350684
v 0.06895404 0.02269518 0.09350868
v 0.06267827 0.01669247 0.09232058
v 0.06367628 0.01766206 0.09259102
v 0.06268052 0.01667678 0.09236113
v 0.06268468 0.01664746 0.09243688
v 0.06273316 0.01650988 0.09266753
v 0.06271806 0.01655271 0.09259572
v 0.06283146 0.01623183 0.09313049
v 0.06282246 0.01625645 0.09309239
v 0.06486805 0.01833787 0.09345963
v 0.06292435 0.01556449 0.09453769
v 0.06294051 0.01570851 0.09413784
v 0.06295003 0.01579342 0.09390212
v 0.06700241 0.02031187 0.09453769
v 0.06700467 0.02031432 0.09453769
v 0.06669088 0.02067711 0.09278636
v 0.06294604 0.01580815 0.09387618
v 0.06293143 0.01586216 0.09378112
v 0.06285234 0.01615459 0.09326643
v 0.05955114 0.01130917 0.09254788
v 0.05938015 0.01108326 0.09210711
v 0.05967173 0.01169380 0.09181619
v 0.06032972 0.01443399 0.09053153
v 0.05995776 0.01421864 0.08929306
v 0.05997012 0.01427521 0.08928172
v 0.05971438 0.01310467 0.08951661
v 0.06016805 0.01469550 0.08917989
v 0.06050756 0.01487612 0.09030618
v 0.06022373 0.01481373 0.08915125
v 0.06030017 0.01491448 0.08912207
v 0.06096240 0.01489274 0.09158891
v 0.06181483 0.01566868 0.09227635
v 0.06176373 0.01503451 0.09284649
v 0.06185616 0.01593047 0.09197834
v 0.06108207 0.01526965 0.09130586
v 0.06089620 0.01304707 0.09408683
v 0.06071724 0.01282015 0.09399813
v 0.06048848 0.01266943 0.09319542
v 0.06056865 0.01263177 0.09392450
v 0.06290647 0.01554281 0.09453766
v 0.06154963 0.01387048 0.09435889
v 0.06163707 0.01409949 0.09390336
v 0.06142485 0.01371670 0.09434245
v 0.06140731 0.01369507 0.09434015
v 0.06102655 0.01334391 0.09362460
v 0.06112584 0.01369964 0.09320868
v 0.06169741 0.01438298 0.09350050
v 0.05892298 0.01047383 0.09008023
v 0.05942892 0.01184580 0.08977095
v 0.05896212 0.01052609 0.09026580
v 0.05961381 0.01203087 0.09067991
v 0.05962395 0.01140537 0.09273558
v 0.06003854 0.01211796 0.09259866
v 0.05976518 0.01159045 0.09298497
v 0.06028446 0.01226511 0.09365352
v 0.06007058 0.01198915 0.09344956
v 0.05988547 0.01174809 0.09319738
v 0.05931512 0.01099734 0.09193946
v 0.05921073 0.01085798 0.09144452
v 0.05913883 0.01076200 0.09110365
v 0.06080898 0.01402899 0.09214172
v 0.06043501 0.01368539 0.09163665
v 0.06011208 0.01342963 0.09100918
v 0.05945447 0.01191509 0.08975533
v 0.05987450 0.01229667 0.09153306
v 0.06022527 0.01265159 0.09224645
v 0.06063449 0.01311238 0.09279136
v 0.06283146 0.01623183 0.09313049
v 0.05858266 0.01001443 0.08259797
v 0.05950664 0.01406881 0.08528951
v 0.05930772 0.01287895 0.08535173
v 0.05983915 0.01460445 0.08722997
v 0.06016805 0.01469550 0.08917989
v 0.05963840 0.01410708 0.08729672
v 0.05984438 0.01480039 0.08525089
v 0.05997856 0.01482851 0.08720031
v 0.05970420 0.01457429 0.08526275
v 0.05920811 0.01161349 0.08761948
v 0.05901126 0.01090581 0.08770228
v 0.05892133 0.01079391 0.08545206
v 0.05883462 0.01035471 0.08903872
v 0.05872749 0.01021030 0.08777601
v 0.05866879 0.01013117 0.08708413
v 0.05865553 0.01011320 0.08655804
v 0.05862843 0.01007645 0.08548244
v 0.05859252 0.01002781 0.08405819
v 0.05906244 0.01134157 0.08113760
v 0.05911329 0.01151589 0.08541900
v 0.05971438 0.01310467 0.08951661
v 0.05942170 0.01294441 0.08745168
v 0.06249907 0.01504698 0.07504448
v 0.06237181 0.01488980 0.07504417
v 0.06202864 0.01442580 0.07432618
v 0.06307761 0.01572072 0.07469200
v 0.06310542 0.01575332 0.07477973
v 0.06113926 0.01332924 0.07364255
v 0.06174141 0.01408581 0.07379716
v 0.06182965 0.01419669 0.07381982
v 0.06285580 0.01545836 0.07423076
v 0.06294507 0.01556531 0.07427375
v 0.05997668 0.01174729 0.07452745
v 0.05927573 0.01090379 0.07370286
v 0.05939120 0.01105928 0.07365908
v 0.06050312 0.01251422 0.07357405
v 0.06097948 0.01308749 0.07425138
v 0.06031713 0.01227592 0.07355403
v 0.05953848 0.01125510 0.07362493
v 0.05808732 0.00928407 0.07436505
v 0.05813518 0.00935056 0.07432307
v 0.05861747 0.00986563 0.07474150
v 0.05817472 0.00940551 0.07428838
v 0.05759363 0.00859085 0.07491715
v 0.05782312 0.00866470 0.07591172
v 0.05720961 0.00804306 0.07553598
v 0.05720072 0.00803038 0.07555030
v 0.05728200 0.00782556 0.07748764
v 0.05684227 0.00751220 0.07638088
v 0.05622845 0.00660965 0.07963308
v 0.05628228 0.00668946 0.07914199
v 0.05698777 0.00737546 0.07927690
v 0.05637057 0.00682036 0.07833655
v 0.05660101 0.00715964 0.07717951
v 0.05621129 0.00658413 0.07990548
v 0.05687675 0.00725996 0.08113777
v 0.05617840 0.00653521 0.08113754
v 0.05822522 0.00932083 0.08113775
v 0.05868187 0.01014885 0.07974362
v 0.05760880 0.00821959 0.07942667
v 0.05837480 0.00939859 0.07632424
v 0.05788353 0.00863617 0.07778204
v 0.05892442 0.01047531 0.07841087
v 0.06066234 0.01275017 0.07548241
v 0.05908528 0.01047780 0.07521222
v 0.05875487 0.01020244 0.07390034
v 0.05748620 0.00811778 0.08113781
v 0.05748490 0.00811565 0.08113781
v 0.05710434 0.00749614 0.08113784
v 0.05687926 0.00726255 0.08113777
v 0.05992973 0.01180451 0.07620025
v 0.05934119 0.01103106 0.07720029
v 0.06307761 0.01572072 0.07469200
v 0.06294507 0.01556531 0.07427375
v 0.06526295 0.01829245 0.07535198
v 0.07170486 0.02539648 0.07824291
v 0.07162739 0.02530687 0.07863904
v 0.07115956 0.02481488 0.07800282
v 0.06724261 0.02055573 0.07625673
v 0.06324793 0.01595506 0.07528833
v 0.06310542 0.01575332 0.07477973
v 0.06719101 0.02049963 0.07623373
v 0.07255693 0.02629141 0.07877685
v 0.07238187 0.02610850 0.07862631
v 0.07170486 0.02539648 0.07824291
v 0.07465976 0.02845949 0.08713817
v 0.07493725 0.02875115 0.08656183
v 0.07494501 0.02875912 0.08713806
v 0.07487742 0.02869005 0.08508804
v 0.07480761 0.02861864 0.08441345
v 0.07473449 0.02854385 0.08370698
v 0.07405349 0.02786836 0.08350960
v 0.07462179 0.02842840 0.08307995
v 0.07450371 0.02830743 0.08242293
v 0.07434034 0.02813973 0.08178621
v 0.07433799 0.02813732 0.08177709
v 0.07401027 0.02780022 0.08082886
v 0.07389695 0.02768325 0.08059919
v 0.07359986 0.02737655 0.07999691
v 0.07342135 0.02719171 0.07971372
v 0.07330365 0.02706939 0.07956876
v 0.07290066 0.02665060 0.07907250
v 0.07125428 0.02491014 0.09495374
v 0.07186885 0.02556824 0.09533024
v 0.07125052 0.02491441 0.09536691
v 0.07222976 0.02594700 0.09524326
v 0.07263611 0.02637342 0.09514533
v 0.07285154 0.02659841 0.09505285
v 0.07315895 0.02691835 0.09485000
v 0.07335563 0.02712306 0.09472022
v 0.07356953 0.02734478 0.09451130
v 0.07392608 0.02771305 0.09401930
v 0.07395034 0.02773812 0.09398580
v 0.07414883 0.02794251 0.09358526
v 0.07441317 0.02821416 0.09282314
v 0.07441611 0.02821717 0.09280929
v 0.07467328 0.02848096 0.09159953
v 0.07469243 0.02850053 0.09144103
v 0.07482242 0.02863361 0.09036384
v 0.07484449 0.02865620 0.09002049
v 0.07494155 0.02875555 0.08755475
v 0.07490918 0.02872242 0.08901397
v 0.06293716 0.01555168 0.09536670
v 0.06439524 0.01729099 0.09536678
v 0.06705597 0.02026622 0.09536683
v 0.06293716 0.01555168 0.09536670
v 0.06294064 0.01554822 0.09500810
v 0.06294115 0.01554769 0.09495363
v 0.07044939 0.02406080 0.09536691
v 0.05996146 0.01181477 0.09537462
v 0.05923427 0.01085523 0.09537738
v 0.05931033 0.01090597 0.09504348
v 0.06111098 0.01327084 0.09516946
v 0.06097004 0.01311245 0.09537133
v 0.06284954 0.01544541 0.09536678
v 0.06276202 0.01533907 0.09536684
v 0.06119962 0.01338119 0.09489015
v 0.06199466 0.01439747 0.09536791
v 0.06106574 0.01323247 0.09537101
v 0.06035967 0.01229315 0.09470432
v 0.05956749 0.01123834 0.09440130
v 0.05990005 0.01172509 0.09374320
v 0.06071724 0.01282015 0.09399813
v 0.05936726 0.01097247 0.09487989
v 0.05945932 0.01108002 0.09461536
v 0.05954962 0.01121219 0.09443666
v 0.05934736 0.01094922 0.09493707
v 0.05762722 0.00824554 0.08717383
v 0.05688941 0.00727872 0.08410281
v 0.05689104 0.00728041 0.08410277
v 0.05701568 0.00741557 0.08741773
v 0.05619110 0.00655407 0.08412026
v 0.05625466 0.00664828 0.08666021
v 0.05630329 0.00672008 0.08758199
v 0.05665714 0.00723954 0.09097583
v 0.05651479 0.00703136 0.08997039
v 0.05733069 0.00788575 0.09061721
v 0.05646551 0.00695906 0.08954376
v 0.05630336 0.00672019 0.08758330
v 0.05761289 0.00831089 0.09211063
v 0.05693645 0.00764528 0.09237394
v 0.05665771 0.00724038 0.09097993
v 0.05801070 0.00892302 0.09341913
v 0.05716927 0.00798078 0.09319530
v 0.05699607 0.00773119 0.09258426
v 0.05826430 0.00932063 0.09396186
v 0.05750471 0.00846073 0.09403503
v 0.05750262 0.00845773 0.09402979
v 0.05848569 0.00983696 0.09519925
v 0.05827035 0.00953722 0.09503166
v 0.05855917 0.00978303 0.09440895
v 0.05807576 0.00926638 0.09488025
v 0.05786268 0.00896740 0.09462867
v 0.05890537 0.01031413 0.09473710
v 0.05873004 0.01017309 0.09529795
v 0.05934736 0.01094922 0.09493707
v 0.05876594 0.01022247 0.09531245
v 0.05711764 0.00751556 0.08409710
v 0.05749775 0.00813410 0.08408715
v 0.05749858 0.00813546 0.08408713
v 0.05823871 0.00933983 0.08406774
v 0.05812991 0.00899829 0.09154094
v 0.05789444 0.00864257 0.09014943
v 0.05845216 0.00950244 0.09277180
v 0.05888378 0.01020299 0.09376225
v 0.05921073 0.01085798 0.09144452
v 0.05990005 0.01172509 0.09374320
v 0.05956749 0.01123834 0.09440130
v 0.05954962 0.01121219 0.09443666
v 0.05883462 0.01035471 0.08903872
v 0.05945932 0.01108002 0.09461536
v 0.05936726 0.01097247 0.09487989
v 0.05619110 0.00655407 0.08412026
v 0.05617905 0.00653621 0.08171419
v 0.05617834 0.00653516 0.08114083
v 0.05617840 0.00653521 0.08113754
v 0.06246660 0.01599389 0.07377463
v 0.06247136 0.01598799 0.07377800
v 0.06118338 0.01440717 0.07329203
v 0.05551462 0.00675619 0.07904091
v 0.05602952 0.00663289 0.07910806
v 0.05597484 0.00655186 0.07960910
v 0.05592400 0.00647637 0.08113788
v 0.05544097 0.00660237 0.08113840
v 0.05592409 0.00647645 0.08113323
v 0.05595735 0.00652595 0.07988689
v 0.05634510 0.00709797 0.07714724
v 0.05611916 0.00676573 0.07828668
v 0.05565034 0.00695603 0.07801543
v 0.05650195 0.00818803 0.07526326
v 0.05661611 0.00749298 0.07624329
v 0.05613751 0.00766535 0.07609926
v 0.05660206 0.00747271 0.07627609
v 0.05585501 0.00725548 0.07702684
v 0.05635450 0.00711179 0.07709984
v 0.05745880 0.00953038 0.07397787
v 0.05739889 0.00861180 0.07473088
v 0.05694623 0.00881641 0.07454924
v 0.05737871 0.00858355 0.07475368
v 0.05697163 0.00800559 0.07541397
v 0.05845162 0.01007001 0.07377565
v 0.05798067 0.00942523 0.07409516
v 0.05789005 0.00929965 0.07417566
v 0.05903882 0.01086142 0.07351057
v 0.05858130 0.01024755 0.07368767
v 0.05802490 0.01030535 0.07355715
v 0.05989192 0.01277203 0.07309254
v 0.06018941 0.01237555 0.07331868
v 0.05925349 0.01194310 0.07312924
v 0.05938975 0.01132984 0.07339713
v 0.05862818 0.01111687 0.07327855
v 0.05923809 0.01112879 0.07343343
v 0.06173408 0.01433303 0.07358089
v 0.06152352 0.01406901 0.07352797
v 0.06103021 0.01345047 0.07340401
v 0.06026712 0.01247491 0.07332657
v 0.06276679 0.01562205 0.07398712
v 0.06277542 0.01561135 0.07399324
v 0.06082648 0.01475956 0.07314363
v 0.06117986 0.01520246 0.07323030
v 0.06245324 0.01600949 0.07376821
v 0.06213913 0.01637625 0.07361738
v 0.05951195 0.01309179 0.07294450
v 0.05984286 0.01351944 0.07294366
v 0.06018124 0.01395083 0.07298536
v 0.05903166 0.01247109 0.07294572
v 0.05886320 0.01224668 0.07298480
v 0.05822773 0.01140012 0.07313223
v 0.05817347 0.01132783 0.07314482
v 0.05694253 0.00963399 0.07394922
v 0.05704870 0.00978178 0.07386251
v 0.05723809 0.00965555 0.07390027
v 0.05752959 0.01045128 0.07346977
v 0.05761798 0.01057161 0.07342516
v 0.05674426 0.00935558 0.07416325
v 0.05672076 0.00893451 0.07447880
v 0.05653791 0.00906010 0.07445380
v 0.05625923 0.00866103 0.07484621
v 0.05627240 0.00829982 0.07520101
v 0.05608608 0.00840841 0.07516765
v 0.05604741 0.00835200 0.07523943
v 0.05590410 0.00777109 0.07604565
v 0.05572507 0.00787887 0.07602312
v 0.05561836 0.00735610 0.07698250
v 0.05544343 0.00746131 0.07696519
v 0.05567364 0.00780339 0.07614815
v 0.05524302 0.00716164 0.07797072
v 0.05538969 0.00738145 0.07715594
v 0.05527346 0.00684954 0.07901769
v 0.05501472 0.00681787 0.08018536
v 0.05503527 0.00684888 0.07975233
v 0.05510708 0.00695727 0.07900981
v 0.05516643 0.00704685 0.07839621
v 0.05541992 0.00661118 0.08113839
v 0.05541683 0.00661247 0.08113839
v 0.05517799 0.00671249 0.08113828
v 0.05499570 0.00678882 0.08113819
v 0.05499564 0.00678885 0.08113819
v 0.06712185 0.02066316 0.07599921
v 0.06711844 0.02065947 0.07599770
v 0.06711364 0.02067367 0.07599307
v 0.06518834 0.01845097 0.07511412
v 0.06492398 0.01816255 0.07498939
v 0.06286643 0.01572052 0.07403545
v 0.07109044 0.02497722 0.07776681
v 0.07163035 0.02557267 0.07800249
v 0.07163878 0.02556177 0.07800868
v 0.06620653 0.02110266 0.07549197
v 0.06649850 0.02142701 0.07562337
v 0.06680619 0.02106274 0.07577234
v 0.06756289 0.02260945 0.07610239
v 0.06213875 0.01637667 0.07361726
v 0.06354981 0.01803669 0.07427216
v 0.06213913 0.01637625 0.07361738
v 0.06245324 0.01600949 0.07376821
v 0.07132750 0.02596352 0.07778339
v 0.07134044 0.02594801 0.07778977
v 0.07134156 0.02594665 0.07779031
v 0.07102292 0.02632905 0.07763331
v 0.06247136 0.01598799 0.07377800
v 0.06276679 0.01562205 0.07398712
v 0.06277542 0.01561135 0.07399324
v 0.06246660 0.01599389 0.07377463
v 0.07342782 0.02743029 0.07954221
v 0.07329471 0.02729217 0.07937847
v 0.07304966 0.02773270 0.07917284
v 0.07163878 0.02556177 0.07800868
v 0.07163035 0.02557267 0.07800249
v 0.07234000 0.02629830 0.07840559
v 0.07224846 0.02690009 0.07833796
v 0.07251812 0.02648417 0.07855852
v 0.07288261 0.02686459 0.07887152
v 0.07361445 0.02762323 0.07983800
v 0.07369275 0.02839613 0.08025934
v 0.07391324 0.02793128 0.08044307
v 0.07448395 0.02920734 0.08287414
v 0.07455133 0.02858695 0.08234688
v 0.07416373 0.02887955 0.08151803
v 0.07438089 0.02841217 0.08168331
v 0.07404193 0.02806395 0.08070365
v 0.07493316 0.02897731 0.08506304
v 0.07486034 0.02890299 0.08436094
v 0.07468361 0.02941136 0.08428127
v 0.07478759 0.02882872 0.08365934
v 0.07466765 0.02870599 0.08299312
v 0.07482074 0.02954933 0.08713831
v 0.07500177 0.02904743 0.08713788
v 0.07499386 0.02903951 0.08655589
v 0.07482068 0.02954948 0.08713831
v 0.07481998 0.02955084 0.08713831
v 0.07458528 0.03001572 0.08713806
v 0.07458529 0.03001569 0.08713806
v 0.07456375 0.02999395 0.08598354
v 0.07446393 0.02989221 0.08442034
v 0.07443821 0.02986603 0.08423382
v 0.07389721 0.02931366 0.08142971
v 0.07356324 0.02861978 0.08019036
v 0.07363366 0.02904338 0.08062337
v 0.07341310 0.02881759 0.08015410
v 0.07291105 0.02794722 0.07909490
v 0.07276184 0.02814514 0.07904561
v 0.07321743 0.02861727 0.07973777
v 0.07134156 0.02594665 0.07779031
v 0.07134044 0.02594801 0.07778977
v 0.07132750 0.02596352 0.07778339
v 0.07172119 0.02706256 0.07802212
v 0.07194565 0.02729694 0.07819793
v 0.07210019 0.02710488 0.07825304
v 0.07210495 0.02746330 0.07832271
v 0.07270543 0.02808669 0.07895991
v 0.07102292 0.02632905 0.07763331
v 0.07102279 0.02632921 0.07763325
v 0.07400499 0.02942420 0.08175943
v 0.07424588 0.02967023 0.08283884
v 0.07087677 0.02648498 0.07760931
v 0.06588218 0.02205573 0.07559415
v 0.06741162 0.02275813 0.07607604
v 0.06635321 0.02158182 0.07559968
v 0.06605375 0.02124901 0.07546490
v 0.06151345 0.01701295 0.07358818
v 0.06339513 0.01817952 0.07424415
v 0.06199409 0.01652993 0.07359389
v 0.06199434 0.01652969 0.07359389
v 0.07176542 0.02569519 0.09557467
v 0.07214116 0.02608938 0.09548432
v 0.07183168 0.02646235 0.09573178
v 0.07472487 0.02876427 0.09165344
v 0.07473984 0.02877959 0.09152973
v 0.07454444 0.02926590 0.09167549
v 0.07471608 0.02944182 0.09017587
v 0.07489782 0.02894103 0.09007625
v 0.07496544 0.02901021 0.08902852
v 0.07500177 0.02904743 0.08713788
v 0.07500177 0.02904743 0.08713788
v 0.07499823 0.02904388 0.08755810
v 0.07482074 0.02954933 0.08713831
v 0.07482068 0.02954948 0.08713831
v 0.07487726 0.02891999 0.09039502
v 0.07398645 0.02869523 0.09379963
v 0.07421812 0.02824607 0.09359939
v 0.07445614 0.02848938 0.09291471
v 0.07328653 0.02797546 0.09491813
v 0.07392540 0.02794405 0.09419830
v 0.07367476 0.02837544 0.09440920
v 0.07396637 0.02798648 0.09414174
v 0.07417824 0.02820528 0.09371417
v 0.07283570 0.02750933 0.09530546
v 0.07332753 0.02732574 0.09493064
v 0.07355736 0.02756283 0.09470643
v 0.07234446 0.02699847 0.09556936
v 0.07278840 0.02676715 0.09528608
v 0.07311239 0.02710284 0.09507247
v 0.07256147 0.02653037 0.09538326
v 0.07264084 0.02661316 0.09534926
v 0.07150117 0.02683006 0.09587277
v 0.07118065 0.02649378 0.09595374
v 0.07044127 0.02571265 0.09600395
v 0.07044136 0.02571257 0.09600393
v 0.07079129 0.02536593 0.09584033
v 0.07079204 0.02536518 0.09583998
v 0.07079348 0.02536376 0.09583901
v 0.07113504 0.02502909 0.09561207
v 0.07192492 0.02727462 0.09576576
v 0.07252375 0.02789701 0.09543657
v 0.07314142 0.02818295 0.09500335
v 0.07276188 0.02814345 0.09528106
v 0.07299058 0.02837949 0.09506025
v 0.07365931 0.02907010 0.09405116
v 0.07338112 0.02878348 0.09453592
v 0.07353590 0.02858924 0.09449100
v 0.07327533 0.02867449 0.09472027
v 0.07304348 0.02843407 0.09500918
v 0.07412295 0.02954416 0.09265978
v 0.07395099 0.02936860 0.09323094
v 0.07422773 0.02894193 0.09312243
v 0.07381781 0.02923263 0.09367331
v 0.07371158 0.02912368 0.09392658
v 0.07429268 0.02971783 0.09176377
v 0.07431727 0.02974299 0.09163395
v 0.07446644 0.02989484 0.09023390
v 0.07481998 0.02955084 0.08713831
v 0.07458529 0.03001569 0.08713806
v 0.07457873 0.03000909 0.08781812
v 0.07450065 0.02992967 0.08991276
v 0.07220482 0.02756690 0.09564486
v 0.07202617 0.02738035 0.09572202
v 0.07445221 0.03018396 0.08713772
v 0.07443821 0.03016966 0.08638434
v 0.07443074 0.03016202 0.08598235
v 0.07433071 0.03006018 0.08441660
v 0.07423063 0.02995817 0.08369054
v 0.07411229 0.02983754 0.08283198
v 0.07338723 0.03005876 0.08175705
v 0.07387141 0.02959141 0.08175277
v 0.07387070 0.02959069 0.08174959
v 0.07349785 0.02920848 0.08060965
v 0.07341614 0.02912467 0.08043575
v 0.07308017 0.02878006 0.07972082
v 0.07295087 0.02864632 0.07952471
v 0.07256479 0.02824695 0.07893908
v 0.07237253 0.02804738 0.07873534
v 0.07196093 0.02762017 0.07829920
v 0.07157493 0.02721745 0.07799750
v 0.07087687 0.02648488 0.07760931
v 0.07087677 0.02648498 0.07760931
v 0.07040268 0.02696159 0.07760371
v 0.07174509 0.02739500 0.07813051
v 0.07033046 0.02417188 0.09561207
v 0.07113504 0.02502909 0.09561207
v 0.07079348 0.02536376 0.09583901
v 0.06462674 0.01779406 0.09561208
v 0.06281151 0.01565534 0.09561210
v 0.06427121 0.01739651 0.09561208
v 0.06427420 0.01813651 0.09583906
v 0.05943175 0.01218111 0.09583896
v 0.05978659 0.01185241 0.09561070
v 0.05983274 0.01191334 0.09561074
v 0.06272380 0.01554896 0.09561210
v 0.06084232 0.01321286 0.09561123
v 0.06186793 0.01449967 0.09561186
v 0.06263619 0.01544250 0.09561207
v 0.05838828 0.01162291 0.09600335
v 0.05874861 0.01128176 0.09583891
v 0.05874895 0.01128144 0.09583875
v 0.05910628 0.01095417 0.09560997
v 0.05910543 0.01095486 0.09561053
v 0.05875332 0.01127744 0.09583596
v 0.05838778 0.01162342 0.09600351
v 0.05908137 0.01251720 0.09600356
v 0.06063496 0.01451918 0.09600366
v 0.06392168 0.01848561 0.09600380
v 0.06525828 0.02002711 0.09600385
v 0.07079204 0.02536518 0.09583998
v 0.06939724 0.02459875 0.09600392
v 0.07079129 0.02536593 0.09584033
v 0.07044136 0.02571257 0.09600393
v 0.06393106 0.01849692 0.09600380
v 0.07028927 0.02586475 0.09602925
v 0.07028929 0.02586473 0.09602925
v 0.07102646 0.02664291 0.09597943
v 0.06981582 0.02633828 0.09603509
v 0.07131238 0.02694222 0.09590753
v 0.07177488 0.02742641 0.09579122
v 0.07158429 0.02819761 0.09566564
v 0.07205649 0.02771982 0.09567003
v 0.07205986 0.02772333 0.09566784
v 0.07256720 0.02824994 0.09533722
v 0.07261654 0.02830116 0.09530507
v 0.07290034 0.02859472 0.09503153
v 0.07297744 0.02867415 0.09493583
v 0.07313520 0.02883673 0.09473998
v 0.07330395 0.02900975 0.09444679
v 0.07438894 0.03011943 0.08934213
v 0.07436757 0.03009766 0.08991541
v 0.07420781 0.02993475 0.09141567
v 0.07418396 0.02991043 0.09163968
v 0.07398874 0.02971134 0.09266852
v 0.07391836 0.02963933 0.09290235
v 0.07368226 0.02939781 0.09368664
v 0.07361876 0.02933263 0.09383793
v 0.07352286 0.02923420 0.09406645
v 0.07445222 0.03018392 0.08713772
v 0.07445221 0.03018396 0.08713772
v 0.07444571 0.03017725 0.08781861
v 0.05541683 0.00661247 0.08113839
v 0.05541992 0.00661118 0.08113839
v 0.05545631 0.00666462 0.08551299
v 0.05861101 0.01028797 0.09553642
v 0.05910543 0.01095486 0.09561053
v 0.05875332 0.01127744 0.09583596
v 0.05830842 0.00987761 0.09541040
v 0.05853947 0.01019095 0.09550662
v 0.05817215 0.01049747 0.09574241
v 0.05778492 0.00996991 0.09554691
v 0.05816677 0.00968205 0.09529789
v 0.05787106 0.00927381 0.09506303
v 0.05741554 0.00946033 0.09522746
v 0.05780871 0.00918638 0.09498795
v 0.05764726 0.00896000 0.09479351
v 0.05707011 0.00897898 0.09478096
v 0.05748897 0.00873703 0.09452839
v 0.05727295 0.00843274 0.09416655
v 0.05675434 0.00853515 0.09420088
v 0.05719123 0.00831658 0.09396128
v 0.05692554 0.00793892 0.09329390
v 0.05638737 0.00801418 0.09322157
v 0.05684587 0.00782371 0.09301012
v 0.05600084 0.00745960 0.09161910
v 0.05649059 0.00730870 0.09145543
v 0.05668902 0.00759689 0.09245147
v 0.05616166 0.00682819 0.08896784
v 0.05621201 0.00690273 0.08958016
v 0.05565354 0.00695537 0.08904696
v 0.05626180 0.00697559 0.09001129
v 0.05640646 0.00718652 0.09103316
v 0.05593680 0.00649531 0.08412436
v 0.05597126 0.00654651 0.08550434
v 0.05600049 0.00658996 0.08667530
v 0.05604951 0.00666218 0.08760402
v 0.05592406 0.00647636 0.08113788
v 0.05592477 0.00647741 0.08171472
v 0.05592400 0.00647637 0.08113788
v 0.05544097 0.00660237 0.08113840
v 0.05499716 0.00679099 0.08209975
v 0.05499570 0.00678882 0.08113819
v 0.05517799 0.00671249 0.08113828
v 0.05500123 0.00679715 0.08311025
v 0.05503831 0.00685287 0.08551751
v 0.05502462 0.00683235 0.08514618
v 0.05500841 0.00680794 0.08413030
v 0.05524913 0.00717029 0.08929209
v 0.05523430 0.00714790 0.08909512
v 0.05541446 0.00704914 0.08907754
v 0.05510886 0.00695857 0.08742953
v 0.05541426 0.00741536 0.09068525
v 0.05576821 0.00756343 0.09168187
v 0.05558842 0.00767473 0.09171726
v 0.05616392 0.00813177 0.09330428
v 0.05597894 0.00824773 0.09335534
v 0.05592377 0.00816722 0.09317582
v 0.05563274 0.00774074 0.09197992
v 0.05721467 0.00961018 0.09532427
v 0.05668111 0.00925727 0.09494445
v 0.05686235 0.00911924 0.09487724
v 0.05635677 0.00879520 0.09434885
v 0.05653970 0.00866561 0.09429337
v 0.05632825 0.00875457 0.09429647
v 0.05601630 0.00830226 0.09347691
v 0.05724024 0.01005132 0.09558711
v 0.05710895 0.00986697 0.09546997
v 0.05703506 0.00976169 0.09537922
v 0.05780162 0.01082590 0.09589409
v 0.05770412 0.01069321 0.09587202
v 0.05741104 0.01028766 0.09569202
v 0.05874895 0.01128144 0.09583875
v 0.05874861 0.01128176 0.09583891
v 0.05823986 0.01142235 0.09599321
v 0.05838828 0.01162291 0.09600335
v 0.06199409 0.01652993 0.07359389
v 0.06139104 0.01579375 0.07335136
v 0.05857826 0.01223380 0.07298718
v 0.05810422 0.01270488 0.07297709
v 0.05885604 0.01260043 0.07292180
v 0.05967311 0.01365155 0.07291682
v 0.05931718 0.01428501 0.07292635
v 0.05979507 0.01380634 0.07293148
v 0.06001389 0.01408407 0.07295778
v 0.06101842 0.01533887 0.07320150
v 0.06091066 0.01627545 0.07334793
v 0.05708367 0.01022982 0.07366498
v 0.05733816 0.01057901 0.07345668
v 0.05776362 0.01115235 0.07324036
v 0.05729498 0.01161868 0.07323476
v 0.05798863 0.01145558 0.07312595
v 0.05677967 0.00981270 0.07391381
v 0.05674438 0.00976429 0.07394268
v 0.05654422 0.00948715 0.07415921
v 0.05577982 0.00949700 0.07459149
v 0.05623279 0.00904888 0.07459720
v 0.05605417 0.00879750 0.07484842
v 0.05584062 0.00849211 0.07524330
v 0.05578432 0.00841111 0.07537948
v 0.05546417 0.00795047 0.07615393
v 0.05496988 0.00831184 0.07634716
v 0.05540969 0.00787106 0.07634612
v 0.05517852 0.00753410 0.07716169
v 0.05509145 0.00740610 0.07764178
v 0.05495390 0.00720390 0.07840022
v 0.05443195 0.00750621 0.07919450
v 0.05487622 0.00708869 0.07919746
v 0.05434640 0.00737691 0.08113772
v 0.05480134 0.00697755 0.08018658
v 0.05478199 0.00694886 0.08113777
v 0.05482195 0.00700822 0.07975435
v 0.05478755 0.00695717 0.08311011
v 0.05478345 0.00695103 0.08209968
v 0.05478199 0.00694886 0.08113777
v 0.06286643 0.01572052 0.07403545
v 0.06286955 0.01571438 0.07403821
v 0.06281541 0.01556327 0.07403492
v 0.06290413 0.01567139 0.07407613
v 0.06290463 0.01567075 0.07407668
v 0.06281614 0.01556239 0.07403568
v 0.06290769 0.01566695 0.07408003
v 0.06284385 0.01551928 0.07409130
v 0.06293259 0.01562668 0.07413190
v 0.06284417 0.01551877 0.07409197
v 0.06293387 0.01562463 0.07413455
v 0.06285760 0.01548353 0.07415804
v 0.06294647 0.01559011 0.07419836
v 0.06285769 0.01548332 0.07415843
v 0.06294658 0.01558924 0.07420059
v 0.06294661 0.01558975 0.07419902
v 0.06522667 0.01840187 0.07515485
v 0.06286955 0.01571438 0.07403821
v 0.07164312 0.02555607 0.07801227
v 0.07167386 0.02551067 0.07804920
v 0.07112678 0.02492653 0.07780703
v 0.06715586 0.02060987 0.07603804
v 0.06294647 0.01559011 0.07419836
v 0.06293387 0.01562463 0.07413455
v 0.06525396 0.01835594 0.07521150
v 0.06293259 0.01562668 0.07413190
v 0.06526632 0.01831863 0.07527872
v 0.06294658 0.01558924 0.07420059
v 0.06294661 0.01558975 0.07419902
v 0.07170914 0.02542285 0.07817107
v 0.07170903 0.02542327 0.07817034
v 0.07169867 0.02546257 0.07810443
v 0.07169922 0.02546150 0.07810570
v 0.07116356 0.02484128 0.07792990
v 0.07169990 0.02546012 0.07810735
v 0.07167508 0.02550886 0.07805066
v 0.07115237 0.02487935 0.07786315
v 0.07167746 0.02550535 0.07805352
v 0.06719443 0.02052596 0.07616091
v 0.06718245 0.02056354 0.07609420
v 0.05612151 0.00649917 0.08113613
v 0.05612147 0.00649915 0.08113613
v 0.05615453 0.00654826 0.07989946
v 0.05609112 0.00652598 0.07989419
v 0.05605799 0.00647672 0.08113497
v 0.05599106 0.00646902 0.08113398
v 0.05617181 0.00657391 0.07962532
v 0.05642060 0.00710243 0.07711299
v 0.05618582 0.00675756 0.07829486
v 0.05602952 0.00663289 0.07910806
v 0.05604171 0.00654427 0.07961302
v 0.05602428 0.00651842 0.07988993
v 0.05599104 0.00646902 0.08113398
v 0.05666740 0.00746187 0.07629350
v 0.05703556 0.00799210 0.07543685
v 0.05628228 0.00668946 0.07914199
v 0.05631481 0.00678559 0.07832044
v 0.05654711 0.00712698 0.07715387
v 0.05679071 0.00748215 0.07634730
v 0.05715324 0.00800483 0.07550688
v 0.05744065 0.00856693 0.07478147
v 0.05794950 0.00927867 0.07420820
v 0.05720961 0.00804306 0.07553598
v 0.05755111 0.00857068 0.07486549
v 0.05805098 0.00927066 0.07430562
v 0.05813948 0.00939330 0.07422782
v 0.05872656 0.01019763 0.07383416
v 0.05903882 0.01086142 0.07351057
v 0.05929075 0.01109728 0.07347305
v 0.05863720 0.01022086 0.07372466
v 0.05803965 0.00940345 0.07412842
v 0.05845162 0.01007001 0.07377565
v 0.05927573 0.01090379 0.07370286
v 0.05936964 0.01106146 0.07358932
v 0.05951836 0.01125875 0.07355459
v 0.06030387 0.01228651 0.07348174
v 0.06050312 0.01251422 0.07357405
v 0.06113203 0.01334573 0.07356957
v 0.06177737 0.01428766 0.07362349
v 0.06152352 0.01406901 0.07352797
v 0.06107574 0.01340831 0.07344643
v 0.05944171 0.01129727 0.07343719
v 0.06023798 0.01233790 0.07336034
v 0.06026712 0.01247491 0.07332657
v 0.05610850 0.00655174 0.07961852
v 0.05625217 0.00676430 0.07830631
v 0.05648592 0.00710758 0.07713131
v 0.05673139 0.00746507 0.07631766
v 0.05709719 0.00799184 0.07546838
v 0.05749917 0.00856256 0.07481943
v 0.05800416 0.00926882 0.07425234
v 0.05809360 0.00939260 0.07417348
v 0.05868656 0.01020389 0.07377445
v 0.05933548 0.01107438 0.07352606
v 0.05948545 0.01127310 0.07349075
v 0.06027694 0.01230760 0.07341583
v 0.06111040 0.01337264 0.07350280
v 0.06180893 0.01424822 0.07368004
v 0.06182674 0.01421724 0.07374690
v 0.06174141 0.01408581 0.07379716
v 0.06284385 0.01551928 0.07409130
v 0.06285760 0.01548353 0.07415804
v 0.06284417 0.01551877 0.07409197
v 0.07480761 0.02861864 0.08441345
v 0.07477520 0.02860697 0.08369241
v 0.07486034 0.02890299 0.08436094
v 0.07494774 0.02890233 0.08506748
v 0.07462179 0.02842840 0.08307995
v 0.07454275 0.02836894 0.08239970
v 0.07466765 0.02870599 0.08299312
v 0.07480265 0.02875419 0.08366779
v 0.07437562 0.02819743 0.08174844
v 0.07389695 0.02768325 0.08059919
v 0.07362893 0.02742808 0.07994837
v 0.07391324 0.02793128 0.08044307
v 0.07406086 0.02799325 0.08072591
v 0.07330365 0.02706939 0.07956876
v 0.07291993 0.02669220 0.07901109
v 0.07329471 0.02729217 0.07937847
v 0.07345134 0.02736409 0.07957268
v 0.07255693 0.02629141 0.07877685
v 0.07239393 0.02614280 0.07855885
v 0.07251812 0.02648417 0.07855852
v 0.07291060 0.02680281 0.07890721
v 0.07167746 0.02550535 0.07805352
v 0.07167508 0.02550886 0.07805066
v 0.07237228 0.02624089 0.07844476
v 0.07164312 0.02555607 0.07801227
v 0.07498468 0.02881879 0.08713828
v 0.07497905 0.02881528 0.08656001
v 0.07500329 0.02888791 0.08655834
v 0.07499685 0.02884637 0.08713823
v 0.07498666 0.02882332 0.08713828
v 0.07501662 0.02894495 0.08713804
v 0.07501426 0.02891518 0.08713809
v 0.07500949 0.02889627 0.08713812
v 0.07500834 0.02896430 0.08655694
v 0.07500177 0.02904743 0.08713788
v 0.07501030 0.02901572 0.08713791
v 0.07501420 0.02897208 0.08713799
v 0.07501420 0.02897205 0.08713799
v 0.07167386 0.02551067 0.07804920
v 0.07170914 0.02542285 0.07817107
v 0.07239068 0.02618791 0.07849699
v 0.07170903 0.02542327 0.07817034
v 0.07169990 0.02546012 0.07810735
v 0.07169922 0.02546150 0.07810570
v 0.07292331 0.02674407 0.07895477
v 0.07344800 0.02724079 0.07966132
v 0.07345820 0.02729953 0.07961327
v 0.07364142 0.02748909 0.07990384
v 0.07363649 0.02755558 0.07986624
v 0.07404451 0.02785695 0.08079061
v 0.07406174 0.02792272 0.08075553
v 0.07401027 0.02780022 0.08082886
v 0.07439599 0.02826631 0.08172217
v 0.07439779 0.02833947 0.08169998
v 0.07456446 0.02843911 0.08237838
v 0.07456736 0.02851339 0.08236039
v 0.07479844 0.02867864 0.08367907
v 0.07491893 0.02875387 0.08508040
v 0.07494288 0.02882620 0.08507340
v 0.05599105 0.00646935 0.08113850
v 0.05599100 0.00646936 0.08113850
v 0.05592406 0.00647636 0.08113788
v 0.05605741 0.00647870 0.08113922
v 0.05602465 0.00647092 0.08113884
v 0.05599465 0.00646898 0.08113853
v 0.05612034 0.00650118 0.08114001
v 0.05609371 0.00648732 0.08113964
v 0.05605744 0.00647870 0.08113922
v 0.05616180 0.00652277 0.08114057
v 0.05612035 0.00650119 0.08114001
v 0.07501662 0.02894495 0.08713804
v 0.07501420 0.02897205 0.08713799
v 0.07501268 0.02896870 0.08755750
v 0.07124007 0.02492570 0.09544203
v 0.07186219 0.02558340 0.09540510
v 0.07124007 0.02492571 0.09544204
v 0.07184170 0.02561091 0.09547365
v 0.07121599 0.02494986 0.09551064
v 0.07121705 0.02494883 0.09550889
v 0.07114013 0.02502415 0.09560832
v 0.07118007 0.02498520 0.09556828
v 0.07180873 0.02564901 0.09553143
v 0.07118008 0.02498517 0.09556827
v 0.07118306 0.02498225 0.09556527
v 0.07501030 0.02901572 0.08713791
v 0.07501420 0.02897208 0.08713799
v 0.07499685 0.02884637 0.08713823
v 0.07500949 0.02889627 0.08713812
v 0.07500760 0.02889230 0.08755671
v 0.07501426 0.02891518 0.08713809
v 0.07498468 0.02881879 0.08713828
v 0.07498666 0.02882332 0.08713828
v 0.07498337 0.02881967 0.08755578
v 0.07222976 0.02594700 0.09524326
v 0.07263823 0.02639759 0.09521819
v 0.07214116 0.02608938 0.09548432
v 0.07259964 0.02647871 0.09534117
v 0.07285717 0.02662615 0.09512425
v 0.07315895 0.02691835 0.09485000
v 0.07337169 0.02716125 0.09478449
v 0.07358400 0.02750037 0.09467167
v 0.07335715 0.02726600 0.09489324
v 0.07311239 0.02710284 0.09507247
v 0.07282454 0.02671338 0.09524481
v 0.07264084 0.02661316 0.09534926
v 0.07392608 0.02771305 0.09401930
v 0.07397986 0.02779019 0.09403348
v 0.07359028 0.02738770 0.09457086
v 0.07419771 0.02813475 0.09369134
v 0.07398813 0.02791855 0.09411408
v 0.07392540 0.02794405 0.09419830
v 0.07421812 0.02824607 0.09359939
v 0.07418252 0.02799894 0.09362470
v 0.07445079 0.02827445 0.09285113
v 0.07471345 0.02854371 0.09161601
v 0.07447300 0.02841667 0.09289845
v 0.07474010 0.02869012 0.09164385
v 0.07473984 0.02877959 0.09152973
v 0.07469243 0.02850053 0.09144103
v 0.07486361 0.02869725 0.09037337
v 0.07484449 0.02865620 0.09002049
v 0.07495083 0.02878643 0.08901840
v 0.07497493 0.02885890 0.08902249
v 0.07488729 0.02876934 0.09038210
v 0.07473622 0.02861498 0.09163111
v 0.07447117 0.02834345 0.09287679
v 0.07419919 0.02806444 0.09366086
v 0.07399273 0.02785166 0.09407718
v 0.07359520 0.02744070 0.09462549
v 0.07337220 0.02720994 0.09484344
v 0.07284797 0.02666533 0.09518966
v 0.07262581 0.02643347 0.09528491
v 0.07497990 0.02893515 0.08902593
v 0.07489193 0.02884522 0.09038949
v 0.07121599 0.02494986 0.09551064
v 0.07489782 0.02894103 0.09007625
v 0.05612034 0.00650118 0.08114001
v 0.05612035 0.00650119 0.08114001
v 0.05612215 0.00650016 0.08171436
v 0.05599172 0.00647000 0.08171463
v 0.05600376 0.00648788 0.08412365
v 0.05605863 0.00647771 0.08171451
v 0.05607068 0.00649558 0.08412264
v 0.05613419 0.00651802 0.08412137
v 0.05609371 0.00648732 0.08113964
v 0.05605744 0.00647870 0.08113922
v 0.05599105 0.00646935 0.08113850
v 0.05599465 0.00646898 0.08113853
v 0.05602465 0.00647092 0.08113884
v 0.05605741 0.00647870 0.08113922
v 0.05599100 0.00646936 0.08113850
v 0.06705597 0.02026622 0.09536683
v 0.07043818 0.02407128 0.09544204
v 0.06462674 0.01779406 0.09561208
v 0.06431945 0.01735547 0.09556875
v 0.06438356 0.01730093 0.09544196
v 0.06292533 0.01556143 0.09544191
v 0.06435772 0.01732291 0.09551078
v 0.06289916 0.01558302 0.09551077
v 0.06286038 0.01561502 0.09556876
v 0.07041340 0.02409441 0.09551082
v 0.07121705 0.02494883 0.09550889
v 0.07037671 0.02412869 0.09556875
v 0.07118306 0.02498225 0.09556527
v 0.07118008 0.02498517 0.09556827
v 0.07118007 0.02498520 0.09556828
v 0.07114013 0.02502415 0.09560832
v 0.05647312 0.00717815 0.09102438
v 0.05653944 0.00718469 0.09101214
v 0.05632869 0.00696751 0.09000457
v 0.05660204 0.00720579 0.09099707
v 0.05639539 0.00697447 0.08999517
v 0.05632869 0.00696751 0.09000457
v 0.05627897 0.00689472 0.08957419
v 0.05616166 0.00682819 0.08896784
v 0.05611642 0.00665461 0.08760062
v 0.05645849 0.00699612 0.08998359
v 0.05640903 0.00692363 0.08955551
v 0.05624664 0.00668437 0.08759000
v 0.05619783 0.00661235 0.08666508
v 0.05597126 0.00654651 0.08550434
v 0.05606745 0.00658243 0.08667282
v 0.05634578 0.00690181 0.08956583
v 0.05618326 0.00666213 0.08759586
v 0.05613435 0.00659002 0.08666936
v 0.05607068 0.00649558 0.08412264
v 0.06283769 0.01545517 0.09544196
v 0.06277269 0.01550869 0.09556876
v 0.06281150 0.01547673 0.09551080
v 0.06268510 0.01540228 0.09556876
v 0.06268538 0.01540206 0.09556838
v 0.06272395 0.01537037 0.09551082
v 0.06275039 0.01534862 0.09544045
v 0.06275015 0.01534883 0.09544201
v 0.05853947 0.01019095 0.09550662
v 0.05836518 0.00985185 0.09537380
v 0.05816677 0.00968205 0.09529789
v 0.05793187 0.00925415 0.09503182
v 0.05780871 0.00918638 0.09498795
v 0.05770943 0.00894322 0.09476548
v 0.05748897 0.00873703 0.09452839
v 0.05733731 0.00841969 0.09414445
v 0.05719123 0.00831658 0.09396128
v 0.05699151 0.00792818 0.09327755
v 0.05750262 0.00845773 0.09402979
v 0.05745637 0.00843407 0.09407689
v 0.05684587 0.00782371 0.09301012
v 0.05675527 0.00758751 0.09243861
v 0.05699607 0.00773119 0.09258426
v 0.05711667 0.00794967 0.09322691
v 0.05649059 0.00730870 0.09145543
v 0.05919740 0.01088876 0.09551094
v 0.05870919 0.01023585 0.09544442
v 0.05874384 0.01022390 0.09538168
v 0.05866403 0.01025764 0.09549703
v 0.05914080 0.01092912 0.09558353
v 0.05910628 0.01095417 0.09560997
v 0.05918275 0.01089910 0.09553478
v 0.05915492 0.01091902 0.09556711
v 0.05915411 0.01091960 0.09556807
v 0.05919604 0.01088972 0.09551317
v 0.05923505 0.01085707 0.09538131
v 0.05923535 0.01085905 0.09538800
v 0.05922871 0.01086667 0.09543113
v 0.05922415 0.01086999 0.09544761
v 0.05922396 0.01087013 0.09544830
v 0.05922360 0.01087037 0.09544914
v 0.05688226 0.00761235 0.09239882
v 0.05682080 0.00759275 0.09242076
v 0.05705636 0.00793182 0.09325483
v 0.05739955 0.00842014 0.09411403
v 0.05776814 0.00893881 0.09472719
v 0.05782017 0.00894702 0.09468073
v 0.05798830 0.00924618 0.09498928
v 0.05803719 0.00925033 0.09493779
v 0.05841550 0.00983597 0.09532441
v 0.05845646 0.00983091 0.09526508
v 0.05827035 0.00953722 0.09503166
v 0.05873004 0.01017309 0.09529795
v 0.06198291 0.01440692 0.09544120
v 0.05923505 0.01085707 0.09538131
v 0.05923535 0.01085905 0.09538800
v 0.05922360 0.01087037 0.09544914
v 0.05922396 0.01087013 0.09544830
v 0.05994849 0.01182469 0.09544571
v 0.05922415 0.01086999 0.09544761
v 0.05922871 0.01086667 0.09543113
v 0.05915411 0.01091960 0.09556807
v 0.05915492 0.01091902 0.09556711
v 0.05988197 0.01187563 0.09556862
v 0.05918275 0.01089910 0.09553478
v 0.05992137 0.01184545 0.09551243
v 0.05919604 0.01088972 0.09551317
v 0.05919740 0.01088876 0.09551094
v 0.05914080 0.01092912 0.09558353
v 0.06195652 0.01442819 0.09551027
v 0.06191734 0.01445981 0.09556842
v 0.06089161 0.01317409 0.09556846
v 0.06093089 0.01314319 0.09551132
v 0.06095766 0.01312216 0.09544347
v 0.07445222 0.03018392 0.08713772
v 0.07389721 0.02931366 0.08142971
v 0.07276184 0.02814514 0.07904561
v 0.06206663 0.01645309 0.07360559
v 0.07087687 0.02648488 0.07760931
v 0.07102279 0.02632921 0.07763325
v 0.07429268 0.02971783 0.09176377
v 0.07458528 0.03001572 0.08713806
v 0.07252375 0.02789701 0.09543657
v 0.07150117 0.02683006 0.09587277
v 0.05808068 0.01139025 0.07312919
v 0.06110046 0.01527107 0.07321037
v 0.06206663 0.01645309 0.07360559
v 0.06213875 0.01637667 0.07361726
v 0.06199434 0.01652969 0.07359389
v 0.06009850 0.01401742 0.07296581
v 0.05496785 0.00680495 0.08113810
v 0.05488765 0.00686705 0.08113796
v 0.05490269 0.00689059 0.08018540
v 0.05488762 0.00686707 0.08113796
v 0.05492331 0.00692146 0.07975239
v 0.05505508 0.00711854 0.07839613
v 0.05527943 0.00745143 0.07715557
v 0.05509145 0.00740610 0.07764178
v 0.05556478 0.00787123 0.07614678
v 0.05578432 0.00841111 0.07537948
v 0.05594064 0.00841721 0.07523623
v 0.05615372 0.00872489 0.07484184
v 0.05664212 0.00941795 0.07415526
v 0.05684163 0.00969606 0.07393987
v 0.05743284 0.01051295 0.07345702
v 0.05761798 0.01057161 0.07342516
v 0.05894415 0.01253506 0.07292778
v 0.05951195 0.01309179 0.07294450
v 0.05975875 0.01358529 0.07292440
v 0.06082648 0.01475956 0.07314363
v 0.05831007 0.01169988 0.09601632
v 0.05908137 0.01251720 0.09600356
v 0.07044127 0.02571265 0.09600395
v 0.07028929 0.02586473 0.09602925
v 0.06301117 0.01772462 0.09602923
v 0.05499564 0.00678885 0.08113819
v 0.05496785 0.00680495 0.08113810
v 0.05488762 0.00686707 0.08113796
v 0.05488494 0.00686384 0.08209976
v 0.05488765 0.00686705 0.08113796
v 0.05488903 0.00686999 0.08311027
v 0.05489623 0.00688077 0.08413035
v 0.05491259 0.00690511 0.08514624
v 0.05823214 0.01177656 0.09602918
v 0.05831007 0.01169988 0.09601632
v 0.05838778 0.01162342 0.09600351
v 0.05815101 0.01148591 0.09601164
v 0.05760784 0.01075269 0.09588638
v 0.05714054 0.01011150 0.09559715
v 0.05700776 0.00992753 0.09547873
v 0.05657580 0.00932039 0.09494935
v 0.05622236 0.00881988 0.09429887
v 0.05590938 0.00836992 0.09347845
v 0.05581631 0.00823557 0.09317719
v 0.05552386 0.00781078 0.09198052
v 0.05530419 0.00748658 0.09068566
v 0.05516097 0.00750796 0.09032042
v 0.05513844 0.00724216 0.08929242
v 0.05499696 0.00703117 0.08742969
v 0.06944667 0.02328809 0.09011413
v 0.06989827 0.02372545 0.08985457
v 0.06979445 0.02359783 0.09027789
v 0.06992489 0.02374974 0.08985785
v 0.06990693 0.02369986 0.09030821
v 0.06993947 0.02372940 0.09031698
v 0.07023400 0.02403193 0.08989594
v 0.07038292 0.02413817 0.09034773
v 0.07032840 0.02411812 0.08990759
v 0.07040808 0.02416135 0.09034947
v 0.07038927 0.02417452 0.08990119
v 0.07051429 0.02426090 0.09033186
v 0.07040214 0.02418644 0.08989983
v 0.07061168 0.02435341 0.09029360
v 0.07053965 0.02431541 0.08985603
v 0.07079300 0.02452563 0.09022238
v 0.07061857 0.02438941 0.08983090
v 0.07083028 0.02456160 0.09019610
v 0.07068541 0.02445310 0.08978898
v 0.07090461 0.02463335 0.09014370
v 0.07069726 0.02446442 0.08978153
v 0.07081086 0.02457459 0.08966807
v 0.07101947 0.02474608 0.09001932
v 0.07081299 0.02457665 0.08966594
v 0.07107267 0.02479829 0.08996172
v 0.07086580 0.02462887 0.08958925
v 0.07116057 0.02488649 0.08981746
v 0.07117160 0.02489788 0.08978993
v 0.07090606 0.02466970 0.08950411
v 0.07127531 0.02500497 0.08953129
v 0.07095292 0.02471722 0.08940503
v 0.07128045 0.02501049 0.08951198
v 0.07097792 0.02474349 0.08932712
v 0.07130677 0.02503874 0.08941298
v 0.07097948 0.02474526 0.08931870
v 0.07133623 0.02507353 0.08920318
v 0.07101761 0.02478848 0.08911265
v 0.07102102 0.02479235 0.08909421
v 0.07136036 0.02510202 0.08903130
v 0.07102948 0.02480466 0.08897231
v 0.07135943 0.02510568 0.08888846
v 0.07102646 0.02480414 0.08890423
v 0.07135792 0.02511150 0.08865973
v 0.07100921 0.02480122 0.08851587
v 0.07134489 0.02510185 0.08856981
v 0.07109256 0.02488043 0.08836030
v 0.07126571 0.02504313 0.08802313
v 0.07126294 0.02504067 0.08802208
v 0.07126497 0.02504257 0.08801804
v 0.06811528 0.02206961 0.08985828
v 0.06814741 0.02210037 0.08985120
v 0.06901651 0.02290748 0.08988159
v 0.06866437 0.02260251 0.08961028
v 0.06917844 0.02304920 0.08998784
v 0.06667187 0.02086846 0.08801790
v 0.06675419 0.02093523 0.08817576
v 0.06661259 0.02077708 0.08856171
v 0.06694651 0.02109119 0.08851603
v 0.06694185 0.02108068 0.08860260
v 0.06666278 0.02076762 0.08922624
v 0.06662906 0.02076383 0.08890901
v 0.06695710 0.02106946 0.08892326
v 0.06661106 0.02076181 0.08873943
v 0.06661233 0.02077446 0.08859218
v 0.06696379 0.02106454 0.08906426
v 0.06697491 0.02106908 0.08913144
v 0.06666365 0.02076773 0.08923449
v 0.06697596 0.02106952 0.08913772
v 0.06668026 0.02077642 0.08930674
v 0.06703266 0.02110481 0.08933360
v 0.06675622 0.02082574 0.08952712
v 0.06704465 0.02111227 0.08937508
v 0.06680063 0.02085454 0.08965590
v 0.06706714 0.02112837 0.08942799
v 0.06684308 0.02088540 0.08974273
v 0.06711824 0.02116772 0.08951695
v 0.06688247 0.02091607 0.08980259
v 0.06700422 0.02101086 0.08998755
v 0.06717331 0.02121011 0.08961277
v 0.06704821 0.02104710 0.09003544
v 0.06722384 0.02125127 0.08967632
v 0.06722571 0.02125287 0.08967801
v 0.06707866 0.02107217 0.09006857
v 0.06734855 0.02135720 0.08978887
v 0.06725214 0.02122133 0.09020131
v 0.06735959 0.02136696 0.08979495
v 0.06727205 0.02123844 0.09021653
v 0.06745375 0.02145025 0.08984671
v 0.06737532 0.02133019 0.09026935
v 0.06747449 0.02142099 0.09029644
v 0.06750805 0.02149978 0.08986194
v 0.06766243 0.02159306 0.09034781
v 0.06764503 0.02162467 0.08990036
v 0.06770489 0.02163343 0.09034511
v 0.06794423 0.02190591 0.08989599
v 0.06861087 0.02250764 0.09011981
v 0.06845884 0.02235778 0.09020907
v 0.06766050 0.02163923 0.08990014
v 0.06781466 0.02178412 0.08989789
v 0.06813125 0.02203886 0.09031810
v 0.06817048 0.02207703 0.09030504
v 0.06665123 0.02090611 0.08623546
v 0.06702446 0.02124571 0.08638158
v 0.06669886 0.02094825 0.08649958
v 0.06706070 0.02127693 0.08648727
v 0.06683401 0.02106250 0.08688749
v 0.06725460 0.02144408 0.08705298
v 0.06696219 0.02117086 0.08725538
v 0.06718824 0.02135947 0.08772273
v 0.06731949 0.02149926 0.08720062
v 0.06767290 0.02176341 0.08851637
v 0.06778612 0.02189372 0.08803763
v 0.06818251 0.02225025 0.08817022
v 0.06725597 0.02144527 0.08705700
v 0.06715709 0.02133352 0.08767172
v 0.06775419 0.02181785 0.08882966
v 0.06829419 0.02232398 0.08870413
v 0.06838984 0.02241962 0.08856886
v 0.06818499 0.02225246 0.08817104
v 0.06857921 0.02260647 0.08830280
v 0.06899656 0.02292745 0.08937050
v 0.06846254 0.02246751 0.08888772
v 0.06820942 0.02221439 0.08917405
v 0.06807157 0.02209791 0.08902139
v 0.06797467 0.02199793 0.08916063
v 0.06787825 0.02189744 0.08929984
v 0.07068200 0.02452144 0.08779807
v 0.07036840 0.02422743 0.08837190
v 0.07021548 0.02410022 0.08788091
v 0.07032992 0.02419028 0.08842370
v 0.06993541 0.02383706 0.08834247
v 0.07019027 0.02405542 0.08861178
v 0.06963428 0.02354660 0.08870569
v 0.06977499 0.02365442 0.08917104
v 0.06935074 0.02327309 0.08904770
v 0.06948549 0.02337001 0.08946821
v 0.06934710 0.02323406 0.08961026
v 0.06978222 0.02362091 0.08981817
v 0.07061857 0.02447223 0.08707351
v 0.07081476 0.02464958 0.08660156
v 0.07117255 0.02496838 0.08661158
v 0.07034456 0.02422150 0.08766818
v 0.07042965 0.02430146 0.08752796
v 0.07082287 0.02465350 0.08754031
v 0.07084766 0.02467584 0.08747445
v 0.07139875 0.02516774 0.08635159
v 0.07100524 0.02480859 0.08573467
v 0.07084053 0.02466054 0.08565777
v 0.07071956 0.02455756 0.08590930
v 0.07082563 0.02464714 0.08565080
v 0.07067586 0.02451244 0.08558086
v 0.07157226 0.02531765 0.08599925
v 0.07166745 0.02540304 0.08604366
v 0.06753891 0.02171346 0.08610706
v 0.06750232 0.02167996 0.08596034
v 0.06809848 0.02220368 0.08517241
v 0.07127201 0.02501996 0.08477033
v 0.07130014 0.02504796 0.08485386
v 0.07098122 0.02476843 0.08499077
v 0.07131710 0.02506559 0.08493316
v 0.07100928 0.02479952 0.08520392
v 0.07132496 0.02507501 0.08501941
v 0.07102219 0.02481380 0.08530187
v 0.07135685 0.02511315 0.08536899
v 0.07102423 0.02481818 0.08540318
v 0.07135965 0.02511652 0.08539972
v 0.07102160 0.02481686 0.08544896
v 0.07135588 0.02511705 0.08556753
v 0.07098092 0.02476814 0.08498972
v 0.07095581 0.02474291 0.08489930
v 0.07119744 0.02494578 0.08454899
v 0.07093299 0.02472081 0.08484765
v 0.07119648 0.02494483 0.08454616
v 0.07087796 0.02466760 0.08472320
v 0.07046663 0.02428866 0.08439489
v 0.07066767 0.02445029 0.08400190
v 0.07058879 0.02439958 0.08444697
v 0.07068676 0.02446769 0.08400950
v 0.07063385 0.02444053 0.08446618
v 0.07083915 0.02460800 0.08410497
v 0.07069458 0.02449629 0.08450881
v 0.07090259 0.02466641 0.08414470
v 0.07070359 0.02450468 0.08451801
v 0.07097782 0.02473656 0.08421489
v 0.07079956 0.02459386 0.08461596
v 0.07097966 0.02473831 0.08421737
v 0.07082032 0.02461317 0.08463715
v 0.07109533 0.02484785 0.08437269
v 0.07113367 0.02488415 0.08442418
v 0.07119648 0.02494483 0.08454616
v 0.07012938 0.02396635 0.08392280
v 0.07017724 0.02400894 0.08392161
v 0.07021985 0.02406797 0.08437407
v 0.07027980 0.02410030 0.08391906
v 0.07045424 0.02427759 0.08439385
v 0.07044906 0.02425276 0.08394924
v 0.07060524 0.02439343 0.08397711
v 0.07012558 0.02398366 0.08436612
v 0.07004626 0.02391342 0.08437536
v 0.06981376 0.02368872 0.08399873
v 0.06993271 0.02381378 0.08441140
v 0.06961364 0.02351272 0.08404688
v 0.06957782 0.02350239 0.08452408
v 0.06943180 0.02335438 0.08412433
v 0.06953164 0.02346220 0.08454767
v 0.06934887 0.02328273 0.08417569
v 0.06939177 0.02334044 0.08461913
v 0.06880105 0.02280945 0.08451500
v 0.06893988 0.02294849 0.08493947
v 0.06879956 0.02280816 0.08451640
v 0.06764097 0.02180483 0.08643784
v 0.06820127 0.02230561 0.08564077
v 0.06825053 0.02234853 0.08559028
v 0.06810424 0.02220862 0.08516705
v 0.06876388 0.02279586 0.08506423
v 0.06885766 0.02287719 0.08499775
v 0.07133226 0.02510113 0.08582737
v 0.07132705 0.02509761 0.08588487
v 0.07151214 0.02526370 0.08597122
v 0.06820556 0.02225303 0.08399637
v 0.06832135 0.02235873 0.08403756
v 0.06820182 0.02225709 0.08414196
v 0.06776168 0.02187360 0.08436935
v 0.06763176 0.02173513 0.08392337
v 0.06793978 0.02203412 0.08439015
v 0.06795121 0.02202269 0.08394748
v 0.06806099 0.02212150 0.08395578
v 0.06773661 0.02185112 0.08436902
v 0.06768493 0.02180474 0.08436836
v 0.06760414 0.02171026 0.08392127
v 0.06750065 0.02164071 0.08440032
v 0.06748726 0.02160639 0.08393981
v 0.06737537 0.02150808 0.08398204
v 0.06740773 0.02155800 0.08441642
v 0.06738350 0.02153663 0.08442621
v 0.06719169 0.02134668 0.08405134
v 0.06736654 0.02152169 0.08443303
v 0.06718943 0.02134472 0.08405219
v 0.06727396 0.02144079 0.08449057
v 0.06711387 0.02127915 0.08409995
v 0.06702794 0.02120548 0.08417812
v 0.06721437 0.02138871 0.08452760
v 0.06716932 0.02134983 0.08457102
v 0.06691533 0.02110894 0.08428055
v 0.06714821 0.02133163 0.08459136
v 0.06688708 0.02108506 0.08431675
v 0.06708236 0.02127561 0.08468330
v 0.06684433 0.02104891 0.08437159
v 0.06677102 0.02098797 0.08450411
v 0.06704474 0.02124361 0.08473583
v 0.06670983 0.02093709 0.08461469
v 0.06700959 0.02121414 0.08480383
v 0.06700769 0.02121258 0.08480919
v 0.06668003 0.02091300 0.08469912
v 0.06695584 0.02117011 0.08495499
v 0.06663961 0.02088028 0.08481363
v 0.06693757 0.02115514 0.08500636
v 0.06661464 0.02086104 0.08494452
v 0.06691695 0.02113904 0.08510754
v 0.06656968 0.02082642 0.08518010
v 0.06691156 0.02113484 0.08513397
v 0.06690207 0.02112877 0.08526571
v 0.06656910 0.02082744 0.08529860
v 0.06688733 0.02111931 0.08547043
v 0.06656720 0.02083093 0.08570248
v 0.06689618 0.02112828 0.08558133
v 0.06656688 0.02083148 0.08576788
v 0.06692109 0.02115350 0.08589327
v 0.06664550 0.02090103 0.08620371
v 0.06692421 0.02115667 0.08593242
v 0.06700139 0.02122580 0.08631421
v 0.06807157 0.02209791 0.08902139
v 0.06786161 0.02230949 0.08905718
v 0.06797467 0.02199793 0.08916063
v 0.06775988 0.02220429 0.08920350
v 0.06787825 0.02189744 0.08929984
v 0.06765915 0.02209905 0.08934913
v 0.06866437 0.02260251 0.08961028
v 0.06841167 0.02277739 0.08960542
v 0.06820942 0.02221439 0.08917405
v 0.06813015 0.02253684 0.08934350
v 0.06807157 0.02209791 0.08902139
v 0.06786161 0.02230949 0.08905718
v 0.06645118 0.02107621 0.08795512
v 0.06667187 0.02086846 0.08801790
v 0.06639306 0.02099613 0.08836860
v 0.06661259 0.02077708 0.08856171
v 0.06639296 0.02097867 0.08859049
v 0.06661233 0.02077446 0.08859218
v 0.06639278 0.02095338 0.08891147
v 0.06661106 0.02076181 0.08873943
v 0.06662906 0.02076383 0.08890901
v 0.06639276 0.02094858 0.08897228
v 0.06666278 0.02076762 0.08922624
v 0.06643550 0.02096483 0.08923089
v 0.06666365 0.02076773 0.08923449
v 0.06644738 0.02096933 0.08930277
v 0.06668026 0.02077642 0.08930674
v 0.06652575 0.02101934 0.08953840
v 0.06675622 0.02082574 0.08952712
v 0.06655857 0.02104029 0.08963709
v 0.06680063 0.02085454 0.08965590
v 0.06665607 0.02111286 0.08981851
v 0.06684308 0.02088540 0.08974273
v 0.06688247 0.02091607 0.08980259
v 0.06669649 0.02114295 0.08989369
v 0.06700422 0.02101086 0.08998755
v 0.06682711 0.02124875 0.09005237
v 0.06704821 0.02104710 0.09003544
v 0.06686261 0.02127753 0.09009554
v 0.06707866 0.02107217 0.09006857
v 0.06703398 0.02142528 0.09022281
v 0.06725214 0.02122133 0.09020131
v 0.06707128 0.02145745 0.09025052
v 0.06727205 0.02123844 0.09021653
v 0.06725978 0.02162771 0.09032316
v 0.06737532 0.02133019 0.09026935
v 0.06747449 0.02142099 0.09029644
v 0.06734102 0.02170112 0.09035447
v 0.06766243 0.02159306 0.09034781
v 0.06749341 0.02184394 0.09036585
v 0.06770489 0.02163343 0.09034511
v 0.06768312 0.02202173 0.09038004
v 0.06796164 0.02229050 0.09031970
v 0.06813125 0.02203886 0.09031810
v 0.06817048 0.02207703 0.09030504
v 0.06812713 0.02245017 0.09028386
v 0.06845884 0.02235778 0.09020907
v 0.06840316 0.02272203 0.09013217
v 0.06861087 0.02250764 0.09011981
v 0.06901651 0.02290748 0.08988159
v 0.06880556 0.02311832 0.08991102
v 0.07116205 0.02515200 0.08798662
v 0.07105896 0.02526128 0.08795527
v 0.07108546 0.02528119 0.08813141
v 0.07126497 0.02504257 0.08801804
v 0.07097478 0.02512298 0.08980319
v 0.07117160 0.02489788 0.08978993
v 0.07100098 0.02514932 0.08975799
v 0.07127531 0.02500497 0.08953129
v 0.07108176 0.02523403 0.08951885
v 0.07128045 0.02501049 0.08951198
v 0.07110994 0.02526357 0.08943548
v 0.07130677 0.02503874 0.08941298
v 0.07114834 0.02530755 0.08920971
v 0.07133623 0.02507353 0.08920318
v 0.07115844 0.02531909 0.08915037
v 0.07136036 0.02510202 0.08903130
v 0.07116221 0.02533102 0.08888873
v 0.07135943 0.02510568 0.08888846
v 0.07116549 0.02534129 0.08866327
v 0.07135792 0.02511150 0.08865973
v 0.07115107 0.02533048 0.08856749
v 0.07134489 0.02510185 0.08856981
v 0.07126571 0.02504313 0.08802313
v 0.07040618 0.02456994 0.09032129
v 0.07061168 0.02435341 0.09029360
v 0.07046695 0.02462713 0.09030757
v 0.07079300 0.02452563 0.09022238
v 0.07062536 0.02477916 0.09021375
v 0.07083028 0.02456160 0.09019610
v 0.07069588 0.02484686 0.09017198
v 0.07090461 0.02463335 0.09014370
v 0.07082129 0.02496973 0.09004043
v 0.07101947 0.02474608 0.09001932
v 0.07086216 0.02500978 0.08999754
v 0.07107267 0.02479829 0.08996172
v 0.07116057 0.02488649 0.08981746
v 0.06969223 0.02390764 0.09033330
v 0.06993947 0.02372940 0.09031698
v 0.07014457 0.02432377 0.09038040
v 0.07038292 0.02413817 0.09034773
v 0.07017231 0.02434988 0.09037412
v 0.07040808 0.02416135 0.09034947
v 0.07051429 0.02426090 0.09033186
v 0.06880556 0.02311832 0.08991102
v 0.06901651 0.02290748 0.08988159
v 0.06901819 0.02330467 0.09004736
v 0.06917844 0.02304920 0.08998784
v 0.06922850 0.02349271 0.09013772
v 0.06944667 0.02328809 0.09011413
v 0.06968103 0.02389732 0.09033212
v 0.06979445 0.02359783 0.09027789
v 0.06990693 0.02369986 0.09030821
v 0.07117255 0.02496838 0.08661158
v 0.07097683 0.02519523 0.08662714
v 0.07084766 0.02467584 0.08747445
v 0.07063840 0.02488832 0.08747725
v 0.07082287 0.02465350 0.08754031
v 0.07068200 0.02452144 0.08779807
v 0.06997841 0.02426412 0.08861310
v 0.07032992 0.02419028 0.08842370
v 0.07010943 0.02438917 0.08841071
v 0.07036840 0.02422743 0.08837190
v 0.07044892 0.02471319 0.08788630
v 0.07051809 0.02477922 0.08777942
v 0.06917512 0.02348357 0.08960542
v 0.06934710 0.02323406 0.08961026
v 0.06928441 0.02359078 0.08948853
v 0.06948549 0.02337001 0.08946821
v 0.06969825 0.02399674 0.08904587
v 0.06977499 0.02365442 0.08917104
v 0.07019027 0.02405542 0.08861178
v 0.07166745 0.02540304 0.08604366
v 0.07149389 0.02564934 0.08603383
v 0.07139875 0.02516774 0.08635159
v 0.07122638 0.02541517 0.08634033
v 0.07117255 0.02496838 0.08661158
v 0.07097683 0.02519523 0.08662714
v 0.07130658 0.02548126 0.08594645
v 0.07149389 0.02564934 0.08603383
v 0.07166745 0.02540304 0.08604366
v 0.07157226 0.02531765 0.08599925
v 0.07151214 0.02526370 0.08597122
v 0.07113691 0.02532901 0.08586730
v 0.07132705 0.02509761 0.08588487
v 0.07133226 0.02510113 0.08582737
v 0.07114109 0.02533208 0.08583140
v 0.07132705 0.02509761 0.08588487
v 0.07113691 0.02532901 0.08586730
v 0.06912865 0.02348660 0.08415020
v 0.06934887 0.02328273 0.08417569
v 0.06906434 0.02343050 0.08417515
v 0.06880105 0.02280945 0.08451500
v 0.06859092 0.02302256 0.08452507
v 0.06879956 0.02280816 0.08451640
v 0.06821669 0.02270008 0.08480169
v 0.06810424 0.02220862 0.08516705
v 0.06790467 0.02242775 0.08518091
v 0.06809848 0.02220368 0.08517241
v 0.06726812 0.02187216 0.08595458
v 0.06750232 0.02167996 0.08596034
v 0.06979663 0.02407092 0.08392288
v 0.06996528 0.02422068 0.08390983
v 0.07012938 0.02396635 0.08392280
v 0.07017724 0.02400894 0.08392161
v 0.06969462 0.02398036 0.08393076
v 0.06981376 0.02368872 0.08399873
v 0.06959864 0.02389662 0.08396797
v 0.06961364 0.02351272 0.08404688
v 0.06943180 0.02335438 0.08412433
v 0.07027980 0.02410030 0.08391906
v 0.07013443 0.02437088 0.08389677
v 0.07044906 0.02425276 0.08394924
v 0.07024012 0.02446635 0.08392105
v 0.07060524 0.02439343 0.08397711
v 0.07043909 0.02464612 0.08396681
v 0.07066767 0.02445029 0.08400190
v 0.07046109 0.02466633 0.08397925
v 0.07068676 0.02446769 0.08400950
v 0.07107953 0.02524926 0.08475971
v 0.07119744 0.02494578 0.08454899
v 0.07100155 0.02517182 0.08453542
v 0.07119648 0.02494483 0.08454616
v 0.07099820 0.02516850 0.08452578
v 0.07113367 0.02488415 0.08442418
v 0.07083915 0.02460800 0.08410497
v 0.07063759 0.02482842 0.08407916
v 0.07090259 0.02466641 0.08414470
v 0.07067018 0.02485835 0.08409760
v 0.07097782 0.02473656 0.08421489
v 0.07077559 0.02495697 0.08420414
v 0.07097966 0.02473831 0.08421737
v 0.07085531 0.02503158 0.08428475
v 0.07109533 0.02484785 0.08437269
v 0.07089708 0.02507160 0.08435521
v 0.07090002 0.02507440 0.08436015
v 0.07135588 0.02511705 0.08556753
v 0.07135965 0.02511652 0.08539972
v 0.07115715 0.02533595 0.08536730
v 0.07135685 0.02511315 0.08536899
v 0.07116101 0.02533605 0.08522178
v 0.07132496 0.02507501 0.08501941
v 0.07112983 0.02530208 0.08501513
v 0.07131710 0.02506559 0.08493316
v 0.07110035 0.02526995 0.08481963
v 0.07130014 0.02504796 0.08485386
v 0.07127201 0.02501996 0.08477033
v 0.07114592 0.02533564 0.08578991
v 0.06726812 0.02187216 0.08595458
v 0.06750232 0.02167996 0.08596034
v 0.06731198 0.02191222 0.08612986
v 0.06753891 0.02171346 0.08610706
v 0.06764097 0.02180483 0.08643784
v 0.06753293 0.02190891 0.08646249
v 0.06742495 0.02201306 0.08648711
v 0.07062014 0.02486462 0.08562605
v 0.07077665 0.02500539 0.08569914
v 0.07100524 0.02480859 0.08573467
v 0.07084053 0.02466054 0.08565777
v 0.07082563 0.02464714 0.08565080
v 0.07043840 0.02470117 0.08554118
v 0.07067586 0.02451244 0.08558086
v 0.07081476 0.02464958 0.08660156
v 0.07058213 0.02484342 0.08659860
v 0.07071956 0.02455756 0.08590930
v 0.07050893 0.02477341 0.08606904
v 0.07067586 0.02451244 0.08558086
v 0.07043840 0.02470117 0.08554118
v 0.06857921 0.02260647 0.08830280
v 0.06840465 0.02285354 0.08828848
v 0.06838984 0.02241962 0.08856886
v 0.06825631 0.02270768 0.08849650
v 0.06829419 0.02232398 0.08870413
v 0.06811033 0.02256220 0.08870260
v 0.06778612 0.02189372 0.08803763
v 0.06758400 0.02211613 0.08801412
v 0.06818251 0.02225025 0.08817022
v 0.06797683 0.02246944 0.08814550
v 0.06818499 0.02225246 0.08817104
v 0.06798252 0.02247454 0.08814739
v 0.06857921 0.02260647 0.08830280
v 0.06840465 0.02285354 0.08828848
v 0.06815603 0.02261228 0.08402869
v 0.06832135 0.02235873 0.08403756
v 0.06805195 0.02251719 0.08398900
v 0.06820556 0.02225303 0.08399637
v 0.06774041 0.02223498 0.08392672
v 0.06767290 0.02176341 0.08851637
v 0.06744397 0.02195922 0.08852968
v 0.06718824 0.02135947 0.08772273
v 0.06698816 0.02157946 0.08771156
v 0.06715709 0.02133352 0.08767172
v 0.06696219 0.02117086 0.08725538
v 0.06670952 0.02134730 0.08721142
v 0.06683401 0.02106250 0.08688749
v 0.06661052 0.02126317 0.08689586
v 0.06669886 0.02094825 0.08649958
v 0.06643307 0.02111240 0.08633033
v 0.06665123 0.02090611 0.08623546
v 0.06640448 0.02108809 0.08623919
v 0.06664550 0.02090103 0.08620371
v 0.06640136 0.02108525 0.08621468
v 0.06656688 0.02083148 0.08576788
v 0.06633950 0.02102876 0.08572741
v 0.06656720 0.02083093 0.08570248
v 0.06633648 0.02102601 0.08570363
v 0.06632560 0.02101605 0.08561775
v 0.06656910 0.02082744 0.08529860
v 0.06633982 0.02102379 0.08529754
v 0.06656968 0.02082642 0.08518010
v 0.06634900 0.02102878 0.08509055
v 0.06661464 0.02086104 0.08494452
v 0.06638392 0.02105615 0.08493826
v 0.06663961 0.02088028 0.08481363
v 0.06643026 0.02109243 0.08473623
v 0.06668003 0.02091300 0.08469912
v 0.06645089 0.02110935 0.08468897
v 0.06670983 0.02093709 0.08461469
v 0.06677102 0.02098797 0.08450411
v 0.06653968 0.02118218 0.08448541
v 0.06654961 0.02119031 0.08446264
v 0.06684433 0.02104891 0.08437159
v 0.06666610 0.02128845 0.08430344
v 0.06688708 0.02108506 0.08431675
v 0.06667171 0.02129319 0.08429575
v 0.06691533 0.02110894 0.08428055
v 0.06672535 0.02133839 0.08422245
v 0.06702794 0.02120548 0.08417812
v 0.06680529 0.02140715 0.08415706
v 0.06711387 0.02127915 0.08409995
v 0.06694426 0.02152667 0.08404342
v 0.06718943 0.02134472 0.08405219
v 0.06697313 0.02155196 0.08403063
v 0.06719169 0.02134668 0.08405134
v 0.06715777 0.02171365 0.08394898
v 0.06806099 0.02212150 0.08395578
v 0.06795121 0.02202269 0.08394748
v 0.06755259 0.02206487 0.08388918
v 0.06763176 0.02173513 0.08392337
v 0.06741996 0.02194673 0.08390612
v 0.06760414 0.02171026 0.08392127
v 0.06718760 0.02173977 0.08393579
v 0.06748726 0.02160639 0.08393981
v 0.06737537 0.02150808 0.08398204
v 0.06787825 0.02189744 0.08929984
v 0.06765915 0.02209905 0.08934913
v 0.06775419 0.02181785 0.08882966
v 0.06755018 0.02202981 0.08893779
v 0.06767290 0.02176341 0.08851637
v 0.06744397 0.02195922 0.08852968
v 0.06760006 0.02199646 0.08987182
v 0.06787729 0.02225934 0.08983975
v 0.06811528 0.02206961 0.08985828
v 0.06789759 0.02227902 0.08983085
v 0.06814741 0.02210037 0.08985120
v 0.06841167 0.02277739 0.08960542
v 0.06866437 0.02260251 0.08961028
v 0.06794423 0.02190591 0.08989599
v 0.06781466 0.02178412 0.08989789
v 0.06751468 0.02191550 0.08988170
v 0.06766050 0.02163923 0.08990014
v 0.06744922 0.02185527 0.08986907
v 0.06764503 0.02162467 0.08990036
v 0.06729876 0.02171682 0.08984007
v 0.06750805 0.02149978 0.08986194
v 0.06728672 0.02170574 0.08983775
v 0.06745375 0.02145025 0.08984671
v 0.06715490 0.02158863 0.08977015
v 0.06735959 0.02136696 0.08979495
v 0.06713920 0.02157468 0.08976210
v 0.06734855 0.02135720 0.08978887
v 0.06702549 0.02147829 0.08965732
v 0.06722571 0.02125287 0.08967801
v 0.06701812 0.02147203 0.08965053
v 0.06722384 0.02125127 0.08967632
v 0.06717331 0.02121011 0.08961277
v 0.06691848 0.02139281 0.08950372
v 0.06711824 0.02116772 0.08951695
v 0.06690523 0.02138228 0.08948420
v 0.06706714 0.02112837 0.08942799
v 0.06683789 0.02133431 0.08932219
v 0.06704465 0.02111227 0.08937508
v 0.06703266 0.02110481 0.08933360
v 0.06681656 0.02131912 0.08927086
v 0.06697596 0.02106952 0.08913772
v 0.06678554 0.02130293 0.08912515
v 0.06697491 0.02106908 0.08913144
v 0.06676778 0.02129367 0.08904173
v 0.06696379 0.02106454 0.08906426
v 0.06676252 0.02129821 0.08892177
v 0.06695710 0.02106946 0.08892326
v 0.06674878 0.02131014 0.08860795
v 0.06694185 0.02108068 0.08860260
v 0.06675425 0.02132226 0.08850897
v 0.06694651 0.02109119 0.08851603
v 0.06667187 0.02086846 0.08801790
v 0.06645118 0.02107621 0.08795512
v 0.06675419 0.02093523 0.08817576
v 0.06654706 0.02115410 0.08814147
v 0.06694651 0.02109119 0.08851603
v 0.06675425 0.02132226 0.08850897
v 0.07116205 0.02515200 0.08798662
v 0.07126497 0.02504257 0.08801804
v 0.07126294 0.02504067 0.08802208
v 0.07105896 0.02526128 0.08795527
v 0.07098957 0.02519613 0.08809461
v 0.07087411 0.02508773 0.08832639
v 0.07109256 0.02488043 0.08836030
v 0.07077642 0.02499493 0.08850889
v 0.07100921 0.02480122 0.08851587
v 0.07077642 0.02499493 0.08850889
v 0.07100921 0.02480122 0.08851587
v 0.07079454 0.02499842 0.08890305
v 0.07102646 0.02480414 0.08890423
v 0.07079773 0.02499902 0.08897202
v 0.06934710 0.02323406 0.08961026
v 0.06917512 0.02348357 0.08960542
v 0.06978222 0.02362091 0.08981817
v 0.06963176 0.02389038 0.08981186
v 0.06989827 0.02372545 0.08985457
v 0.06971586 0.02396689 0.08982591
v 0.06992489 0.02374974 0.08985785
v 0.07002124 0.02424476 0.08987697
v 0.07023400 0.02403193 0.08989594
v 0.07005726 0.02427753 0.08988299
v 0.07032840 0.02411812 0.08990759
v 0.07017332 0.02438528 0.08986585
v 0.07068094 0.02487070 0.08949222
v 0.07081299 0.02457665 0.08966594
v 0.07058461 0.02477486 0.08964811
v 0.07081086 0.02457459 0.08966807
v 0.07058012 0.02477041 0.08965535
v 0.07069726 0.02446442 0.08978153
v 0.07046389 0.02465793 0.08976639
v 0.07068541 0.02445310 0.08978898
v 0.07046289 0.02465696 0.08976734
v 0.07061857 0.02438941 0.08983090
v 0.07032254 0.02452420 0.08983632
v 0.07053965 0.02431541 0.08985603
v 0.07030070 0.02450354 0.08984704
v 0.07040214 0.02418644 0.08989983
v 0.07038927 0.02417452 0.08990119
v 0.07074710 0.02493942 0.08930724
v 0.07095292 0.02471722 0.08940503
v 0.07068412 0.02487384 0.08948710
v 0.07090606 0.02466970 0.08950411
v 0.07086580 0.02462887 0.08958925
v 0.07102948 0.02480466 0.08897231
v 0.07102102 0.02479235 0.08909421
v 0.07078045 0.02497794 0.08910676
v 0.07101761 0.02478848 0.08911265
v 0.07075917 0.02495198 0.08927279
v 0.07097948 0.02474526 0.08931870
v 0.07097792 0.02474349 0.08932712
v 0.06893988 0.02294849 0.08493947
v 0.06873610 0.02316887 0.08495977
v 0.06865374 0.02309738 0.08501608
v 0.06753293 0.02190891 0.08646249
v 0.06764097 0.02180483 0.08643784
v 0.06820127 0.02230561 0.08564077
v 0.07100524 0.02480859 0.08573467
v 0.07077665 0.02500539 0.08569914
v 0.07102160 0.02481686 0.08544896
v 0.07078544 0.02500744 0.08544866
v 0.07102423 0.02481818 0.08540318
v 0.07079042 0.02500860 0.08530673
v 0.07102219 0.02481380 0.08530187
v 0.07100928 0.02479952 0.08520392
v 0.07077801 0.02499473 0.08520760
v 0.07098122 0.02476843 0.08499077
v 0.07075390 0.02496779 0.08501507
v 0.07098092 0.02476814 0.08498972
v 0.07074881 0.02496274 0.08499894
v 0.07095581 0.02474291 0.08489930
v 0.07070454 0.02491881 0.08485869
v 0.07093299 0.02472081 0.08484765
v 0.07069520 0.02490955 0.08482911
v 0.07087796 0.02466760 0.08472320
v 0.07064624 0.02486297 0.08474373
v 0.07082032 0.02461317 0.08463715
v 0.07060203 0.02482090 0.08466665
v 0.07079956 0.02459386 0.08461596
v 0.07057334 0.02479422 0.08463680
v 0.07048076 0.02470815 0.08454054
v 0.07070359 0.02450468 0.08451801
v 0.07069458 0.02449629 0.08450881
v 0.07047251 0.02470047 0.08453196
v 0.07063385 0.02444053 0.08446618
v 0.07036860 0.02460553 0.08447178
v 0.07058879 0.02439958 0.08444697
v 0.07046663 0.02428866 0.08439489
v 0.07031945 0.02456065 0.08444331
v 0.07045424 0.02427759 0.08439385
v 0.07023688 0.02448633 0.08442447
v 0.07021985 0.02406797 0.08437407
v 0.07010173 0.02436467 0.08439361
v 0.07000789 0.02428133 0.08439945
v 0.07012558 0.02398366 0.08436612
v 0.06976156 0.02406259 0.08441483
v 0.06932715 0.02368240 0.08458032
v 0.06957782 0.02350239 0.08452408
v 0.06972239 0.02402832 0.08442976
v 0.06993271 0.02381378 0.08441140
v 0.07004626 0.02391342 0.08437536
v 0.06924601 0.02361140 0.08461125
v 0.06939177 0.02334044 0.08461913
v 0.06953164 0.02346220 0.08454767
v 0.06742495 0.02201306 0.08648711
v 0.06801242 0.02253874 0.08564801
v 0.06805062 0.02257201 0.08560943
v 0.06825053 0.02234853 0.08559028
v 0.06860496 0.02305507 0.08504940
v 0.06876388 0.02279586 0.08506423
v 0.06885766 0.02287719 0.08499775
v 0.07058213 0.02484342 0.08659860
v 0.07081476 0.02464958 0.08660156
v 0.07039032 0.02467020 0.08706152
v 0.07061857 0.02447223 0.08707351
v 0.07021202 0.02450914 0.08749189
v 0.07042965 0.02430146 0.08752796
v 0.07006392 0.02437018 0.08773802
v 0.07034456 0.02422150 0.08766818
v 0.06998790 0.02429884 0.08786437
v 0.07021548 0.02410022 0.08788091
v 0.06972552 0.02405265 0.08830042
v 0.06993541 0.02383706 0.08834247
v 0.06940734 0.02374587 0.08868308
v 0.06963428 0.02354660 0.08870569
v 0.06909842 0.02344804 0.08905457
v 0.06935074 0.02327309 0.08904770
v 0.06878328 0.02314061 0.08933996
v 0.06899656 0.02292745 0.08937050
v 0.06878328 0.02314061 0.08933996
v 0.06899656 0.02292745 0.08937050
v 0.06811033 0.02256220 0.08870260
v 0.06846254 0.02246751 0.08888772
v 0.06829419 0.02232398 0.08870413
v 0.06758400 0.02211613 0.08801412
v 0.06778612 0.02189372 0.08803763
v 0.06731949 0.02149926 0.08720062
v 0.06793978 0.02203412 0.08439015
v 0.06773211 0.02225147 0.08441771
v 0.06776168 0.02187360 0.08436935
v 0.06752314 0.02206336 0.08439956
v 0.06706800 0.02165921 0.08450819
v 0.06736654 0.02152169 0.08443303
v 0.06717737 0.02175535 0.08445485
v 0.06738350 0.02153663 0.08442621
v 0.06721454 0.02178800 0.08443673
v 0.06740773 0.02155800 0.08441642
v 0.06729087 0.02185598 0.08442411
v 0.06750065 0.02164071 0.08440032
v 0.06746830 0.02201400 0.08439478
v 0.06768493 0.02180474 0.08436836
v 0.06773661 0.02185112 0.08436902
v 0.06695584 0.02117011 0.08495499
v 0.06700769 0.02121258 0.08480919
v 0.06681518 0.02144284 0.08482520
v 0.06700959 0.02121414 0.08480383
v 0.06684278 0.02146573 0.08476072
v 0.06704474 0.02124361 0.08473583
v 0.06688460 0.02150130 0.08470071
v 0.06708236 0.02127561 0.08468330
v 0.06694197 0.02155007 0.08461844
v 0.06714821 0.02133163 0.08459136
v 0.06696965 0.02157403 0.08459422
v 0.06716932 0.02134983 0.08457102
v 0.06706789 0.02165913 0.08450826
v 0.06721437 0.02138871 0.08452760
v 0.06727396 0.02144079 0.08449057
v 0.06676352 0.02139999 0.08494592
v 0.06675988 0.02139711 0.08496310
v 0.06693757 0.02115514 0.08500636
v 0.06672773 0.02137188 0.08511461
v 0.06673851 0.02139146 0.08588561
v 0.06692109 0.02115350 0.08589327
v 0.06669775 0.02135345 0.08559131
v 0.06689618 0.02112828 0.08558133
v 0.06669809 0.02135358 0.08558053
v 0.06688733 0.02111931 0.08547043
v 0.06670795 0.02135729 0.08526795
v 0.06690207 0.02112877 0.08526571
v 0.06671019 0.02135812 0.08519722
v 0.06691156 0.02113484 0.08513397
v 0.06691695 0.02113904 0.08510754
v 0.06708349 0.02169251 0.08709726
v 0.06725597 0.02144527 0.08705700
v 0.06706351 0.02167524 0.08703771
v 0.06725460 0.02144408 0.08705298
v 0.06688543 0.02152137 0.08650673
v 0.06706070 0.02127693 0.08648727
v 0.06687423 0.02151170 0.08647336
v 0.06702446 0.02124571 0.08638158
v 0.06678167 0.02143173 0.08619740
v 0.06700139 0.02122580 0.08631421
v 0.06673851 0.02139146 0.08588561
v 0.06692421 0.02115667 0.08593242
v 0.06773211 0.02225147 0.08441771
v 0.06793978 0.02203412 0.08439015
v 0.06801487 0.02249218 0.08415048
v 0.06820182 0.02225709 0.08414196
v 0.06815603 0.02261228 0.08402869
v 0.06832135 0.02235873 0.08403756
v 0.02206545 0.06587027 0.07559624
v 0.02072453 0.06468930 0.07505871
v 0.02140669 0.06639134 0.07558201
v 0.01957416 0.06367615 0.07459756
v 0.01642295 0.06209691 0.07360458
v 0.01770794 0.06209672 0.07386321
v 0.01701508 0.06151032 0.07359057
v 0.02144645 0.06642744 0.07559818
v 0.02147576 0.06645405 0.07561010
v 0.02208973 0.06589167 0.07560598
v 0.02344451 0.06824168 0.07641089
v 0.02659919 0.07006214 0.07745648
v 0.02637806 0.07097920 0.07761988
v 0.02696380 0.07039934 0.07760610
v 0.00792014 0.05470199 0.07731856
v 0.00791303 0.05469727 0.07734658
v 0.00737668 0.05525934 0.07735416
v 0.01379389 0.05893413 0.07292059
v 0.01343028 0.05968853 0.07292104
v 0.01426706 0.05929933 0.07292367
v 0.01423463 0.06032193 0.07300396
v 0.01642295 0.06209691 0.07360458
v 0.01701508 0.06151032 0.07359057
v 0.01555732 0.06138630 0.07330514
v 0.01602094 0.06069628 0.07325309
v 0.01498322 0.06092432 0.07317442
v 0.01557373 0.06033848 0.07315783
v 0.01480434 0.06078038 0.07313369
v 0.01470101 0.05964022 0.07297193
v 0.01458792 0.05955139 0.07295936
v 0.01310937 0.05840579 0.07291614
v 0.01313668 0.05946181 0.07292932
v 0.01320981 0.05951828 0.07292725
v 0.01075287 0.05765589 0.07336524
v 0.01121788 0.05799902 0.07317596
v 0.01202329 0.05758935 0.07309642
v 0.01144609 0.05817121 0.07312847
v 0.01243417 0.05789822 0.07302822
v 0.01185610 0.05848057 0.07304316
v 0.01228825 0.05880664 0.07295323
v 0.01132085 0.05707321 0.07333450
v 0.01127802 0.05704174 0.07334902
v 0.01061907 0.05755716 0.07341970
v 0.01119554 0.05698238 0.07339291
v 0.01034216 0.05735283 0.07353241
v 0.00990675 0.05703726 0.07381018
v 0.01046533 0.05645689 0.07378148
v 0.01041043 0.05641738 0.07381069
v 0.00962191 0.05586208 0.07444519
v 0.00914358 0.05648971 0.07441593
v 0.00969159 0.05591115 0.07438912
v 0.00952335 0.05675939 0.07405476
v 0.00983203 0.05698310 0.07385785
v 0.00896995 0.05541154 0.07519924
v 0.00874756 0.05620849 0.07479256
v 0.00911057 0.05646627 0.07444733
v 0.00842315 0.05503955 0.07609253
v 0.00815163 0.05579180 0.07560891
v 0.00896636 0.05540909 0.07520510
v 0.00842864 0.05598549 0.07522945
v 0.00847120 0.05601525 0.07517115
v 0.00799551 0.05475228 0.07709448
v 0.00752246 0.05535912 0.07696142
v 0.00772265 0.05549613 0.07642212
v 0.00840187 0.05502525 0.07614240
v 0.00786322 0.05559302 0.07615564
v 0.00793610 0.05564325 0.07601748
v 0.00761585 0.05449987 0.07851767
v 0.00717764 0.05512406 0.07805252
v 0.00720251 0.05514094 0.07795970
v 0.00733387 0.05523004 0.07746949
v 0.00701591 0.05501559 0.07896146
v 0.00755460 0.05445941 0.07895840
v 0.00700803 0.05501030 0.07900575
v 0.00743851 0.05438272 0.07979381
v 0.00695012 0.05497146 0.07933124
v 0.00685543 0.05490776 0.08067505
v 0.00738223 0.05434545 0.08113772
v 0.00684559 0.05490116 0.08113794
v 0.00740059 0.05435895 0.08413004
v 0.00686465 0.05491392 0.08412971
v 0.00739378 0.05435390 0.08324892
v 0.00685169 0.05490523 0.08282618
v 0.00738400 0.05434664 0.08198211
v 0.00684624 0.05490159 0.08152266
v 0.00738223 0.05434545 0.08113772
v 0.00684559 0.05490116 0.08113794
v 0.00692046 0.05495138 0.08549789
v 0.00741015 0.05436567 0.08458325
v 0.00698251 0.05499302 0.08701917
v 0.00753027 0.05444781 0.08718990
v 0.00701189 0.05501279 0.08739333
v 0.00757267 0.05447641 0.08765308
v 0.00704189 0.05503309 0.08765082
v 0.00761922 0.05450783 0.08816171
v 0.00720854 0.05514579 0.08908099
v 0.00762378 0.05542837 0.09135826
v 0.00742937 0.05529595 0.09037803
v 0.00798161 0.05475214 0.09057187
v 0.00726040 0.05518087 0.08952608
v 0.00790648 0.05470143 0.09018398
v 0.00794576 0.05472794 0.09038677
v 0.00773010 0.05550149 0.09170906
v 0.00836514 0.05501176 0.09209849
v 0.00793372 0.05564153 0.09238089
v 0.00847233 0.05508480 0.09238463
v 0.00803444 0.05571080 0.09271319
v 0.00854850 0.05513669 0.09258795
v 0.00830355 0.05589780 0.09335347
v 0.00884595 0.05533936 0.09338196
v 0.00839083 0.05595846 0.09356114
v 0.00894846 0.05540970 0.09357904
v 0.00839981 0.05596475 0.09357669
v 0.00884641 0.05627828 0.09435068
v 0.00922454 0.05559915 0.09410980
v 0.00890118 0.05631673 0.09444560
v 0.00946225 0.05576368 0.09443979
v 0.00891297 0.05632500 0.09446604
v 0.00977157 0.05597777 0.09486921
v 0.00930838 0.05660632 0.09493673
v 0.00943023 0.05669302 0.09508180
v 0.00999256 0.05613245 0.09507966
v 0.00943353 0.05669536 0.09508571
v 0.01027520 0.05633026 0.09534883
v 0.00979952 0.05695798 0.09540066
v 0.00994719 0.05706557 0.09548674
v 0.01051020 0.05649710 0.09549434
v 0.01033150 0.05734557 0.09571076
v 0.01093152 0.05679620 0.09575521
v 0.01045251 0.05743373 0.09578130
v 0.01053260 0.05749269 0.09580852
v 0.01110272 0.05691992 0.09581328
v 0.01086940 0.05774060 0.09592297
v 0.01151784 0.05721990 0.09595407
v 0.01086956 0.05774072 0.09592299
v 0.01152338 0.05722389 0.09595595
v 0.01115203 0.05795143 0.09595908
v 0.01172644 0.05737377 0.09597732
v 0.01158261 0.05827260 0.09601409
v 0.01224905 0.05775950 0.09603233
v 0.01167062 0.05833879 0.09601804
v 0.03007160 0.07454896 0.08713785
v 0.03066445 0.07397645 0.08713767
v 0.03004792 0.07452570 0.08592797
v 0.03065629 0.07396841 0.08655759
v 0.03003500 0.07451303 0.08560571
v 0.03057332 0.07388720 0.08483423
v 0.03027500 0.07359468 0.08263845
v 0.02967811 0.07416047 0.08264353
v 0.03030521 0.07362425 0.08276291
v 0.02970035 0.07418247 0.08277480
v 0.03034985 0.07366801 0.08300625
v 0.03056651 0.07388054 0.08469289
v 0.02988793 0.07436807 0.08388227
v 0.02991617 0.07439590 0.08421311
v 0.02996950 0.07444847 0.08483811
v 0.02940773 0.07274846 0.08000678
v 0.02886293 0.07336746 0.08010017
v 0.02945624 0.07279551 0.08008925
v 0.02888653 0.07339042 0.08014086
v 0.02958010 0.07291598 0.08035311
v 0.02927384 0.07376773 0.08109407
v 0.02985332 0.07318245 0.08109647
v 0.02928932 0.07378281 0.08113216
v 0.02999276 0.07331844 0.08147584
v 0.02936048 0.07385175 0.08138811
v 0.02962916 0.07411203 0.08235442
v 0.02889370 0.07225033 0.07916666
v 0.02831678 0.07283736 0.07918043
v 0.02895923 0.07231354 0.07924446
v 0.02838275 0.07290081 0.07927292
v 0.02881485 0.07332075 0.08001736
v 0.02836627 0.07174143 0.07854032
v 0.02816580 0.07269174 0.07900688
v 0.02830825 0.07282913 0.07917062
v 0.02692975 0.07150467 0.07790662
v 0.02705098 0.07162014 0.07796963
v 0.02770758 0.07110930 0.07800208
v 0.02730321 0.07186206 0.07816832
v 0.02822961 0.07161029 0.07842864
v 0.02764373 0.07218863 0.07843656
v 0.02772614 0.07226769 0.07850149
v 0.02751428 0.07092478 0.07789917
v 0.02696380 0.07039934 0.07760610
v 0.02637806 0.07097920 0.07761988
v 0.01185052 0.05847457 0.09601804
v 0.01167062 0.05833879 0.09601804
v 0.01224905 0.05775950 0.09603233
v 0.01771562 0.06318575 0.09601816
v 0.01634723 0.06203390 0.09601814
v 0.01591027 0.06062134 0.09603244
v 0.01246845 0.05894486 0.09601806
v 0.01250504 0.05897271 0.09601806
v 0.01805090 0.06241188 0.09603249
v 0.01829038 0.06261219 0.09603249
v 0.01849084 0.06383831 0.09601817
v 0.01947106 0.06359978 0.09603251
v 0.01854057 0.06388016 0.09601817
v 0.02283590 0.06768166 0.09601820
v 0.02634008 0.06981396 0.09603254
v 0.02575985 0.07039402 0.09601822
v 0.02431109 0.06794851 0.09603254
v 0.02362437 0.06841308 0.09601821
v 0.02419579 0.06784252 0.09603254
v 0.02191062 0.06574153 0.09603253
v 0.02899501 0.07349595 0.09431057
v 0.02885832 0.07336271 0.09452569
v 0.02944822 0.07279062 0.09453591
v 0.02575985 0.07039402 0.09601822
v 0.02634008 0.06981396 0.09603254
v 0.02631523 0.07091947 0.09599318
v 0.02650537 0.06997010 0.09602810
v 0.02672245 0.07130747 0.09591430
v 0.02730580 0.07073020 0.09594046
v 0.02683876 0.07141828 0.09589177
v 0.02743883 0.07085654 0.09592589
v 0.02719291 0.07175573 0.09582317
v 0.02797107 0.07136534 0.09576915
v 0.02739373 0.07194867 0.09573396
v 0.02803562 0.07142739 0.09573504
v 0.02744983 0.07200257 0.09570903
v 0.02786618 0.07240260 0.09552408
v 0.02862644 0.07199527 0.09542284
v 0.02792807 0.07246230 0.09547963
v 0.02864282 0.07201109 0.09540879
v 0.02805484 0.07258457 0.09538859
v 0.02883281 0.07333785 0.09456583
v 0.02873037 0.07323798 0.09472707
v 0.02906451 0.07241851 0.09503618
v 0.02846933 0.07298522 0.09500935
v 0.02904082 0.07239554 0.09506706
v 0.02840820 0.07292604 0.09507546
v 0.02824485 0.07276786 0.09525210
v 0.02937389 0.07386519 0.09344338
v 0.03004940 0.07337601 0.09318844
v 0.02942883 0.07391928 0.09324283
v 0.03008382 0.07340963 0.09304753
v 0.02948503 0.07397459 0.09303772
v 0.02948983 0.07283097 0.09448166
v 0.02973723 0.07307164 0.09401660
v 0.02915803 0.07365476 0.09394766
v 0.02975713 0.07309104 0.09396381
v 0.02916378 0.07366036 0.09393486
v 0.02933334 0.07382553 0.09355741
v 0.02965454 0.07414143 0.09241904
v 0.03029944 0.07362025 0.09216504
v 0.02976927 0.07425289 0.09174894
v 0.03038379 0.07370266 0.09160417
v 0.02979448 0.07427739 0.09160162
v 0.03003347 0.07451164 0.08905211
v 0.02995067 0.07443017 0.09020047
v 0.03048423 0.07380080 0.09093635
v 0.02990818 0.07438836 0.09078988
v 0.02984980 0.07433113 0.09127847
v 0.03066445 0.07397645 0.08713767
v 0.03007160 0.07454896 0.08713785
v 0.03063986 0.07395253 0.08834044
v 0.03003447 0.07451264 0.08903806
v 0.03062528 0.07393836 0.08905296
v 0.03062407 0.07393721 0.08911145
v 0.01503989 0.06016501 0.08717157
v 0.01504980 0.06020994 0.08754024
v 0.01684822 0.06205746 0.08829069
v 0.01885937 0.06483138 0.07818462
v 0.01860625 0.06457974 0.07807686
v 0.01821144 0.06355016 0.08140704
v 0.01492618 0.06032210 0.07982366
v 0.01490363 0.06026496 0.08004222
v 0.02603347 0.07212458 0.09218516
v 0.02614566 0.07223786 0.09212021
v 0.02483518 0.07062424 0.08913769
v 0.02645514 0.07254457 0.09180174
v 0.02653217 0.07261911 0.09167204
v 0.02668645 0.07276842 0.09141224
v 0.02688434 0.07295298 0.09083057
v 0.02571466 0.07159652 0.08913769
v 0.02651436 0.07248060 0.08913769
v 0.02484024 0.07061918 0.08887826
v 0.02484492 0.07061450 0.08863769
v 0.02282457 0.06839221 0.08863769
v 0.02013342 0.06560925 0.08968664
v 0.02148440 0.06690394 0.08813769
v 0.02283116 0.06838562 0.08837826
v 0.02283727 0.06837951 0.08813769
v 0.02149094 0.06689741 0.08788767
v 0.02149747 0.06689088 0.08763769
v 0.02092537 0.06622612 0.08624964
v 0.02318274 0.06874114 0.08763769
v 0.02518037 0.07098617 0.08863769
v 0.02585772 0.07173894 0.08863769
v 0.02518347 0.07098306 0.08839707
v 0.02645386 0.07240143 0.08863769
v 0.02518683 0.07097969 0.08813769
v 0.02452285 0.07022222 0.08687124
v 0.02652001 0.07247495 0.08863769
v 0.02413251 0.06979138 0.08745191
v 0.02317413 0.06874975 0.08813769
v 0.02693202 0.07299747 0.09069036
v 0.02712722 0.07316673 0.08940785
v 0.02651718 0.07247777 0.08888767
v 0.02713728 0.07317420 0.08893588
v 0.02651969 0.07247527 0.08866602
v 0.02713733 0.07317424 0.08893382
v 0.02717778 0.07320425 0.08703769
v 0.02360780 0.06919831 0.08666153
v 0.02318993 0.06873395 0.08603769
v 0.02153664 0.06704446 0.08282456
v 0.02353942 0.06913451 0.08550733
v 0.02365503 0.06926885 0.08533058
v 0.02413331 0.06979058 0.08603769
v 0.02474003 0.07049464 0.08511084
v 0.02399877 0.06964282 0.08583808
v 0.02389972 0.06953507 0.08569185
v 0.02706703 0.07311054 0.08523086
v 0.02505604 0.07086785 0.08462348
v 0.02529763 0.07112627 0.08497704
v 0.02718735 0.07321134 0.08658950
v 0.02718253 0.07320786 0.08640545
v 0.02553857 0.07138531 0.08533058
v 0.02539905 0.07123476 0.08512547
v 0.01777418 0.06375251 0.07772263
v 0.01744548 0.06342573 0.07758269
v 0.01722742 0.06320902 0.07751480
v 0.01705961 0.06304224 0.07746256
v 0.01667504 0.06263946 0.07743575
v 0.01623324 0.06214585 0.07754174
v 0.01618342 0.06209017 0.07755369
v 0.01583560 0.06166871 0.07778770
v 0.01575985 0.06157691 0.07783867
v 0.01549687 0.06122975 0.07815882
v 0.01543892 0.06115325 0.07822937
v 0.01523413 0.06085376 0.07864572
v 0.01515888 0.06074371 0.07879871
v 0.01495182 0.06038707 0.07957520
v 0.02327518 0.06928006 0.08007729
v 0.02199865 0.06797094 0.07952514
v 0.02140606 0.06736322 0.07926882
v 0.02102824 0.06698761 0.07910798
v 0.02692820 0.07299356 0.08381909
v 0.02684329 0.07291729 0.08344554
v 0.02706444 0.07310836 0.08520455
v 0.02675379 0.07283689 0.08305175
v 0.02660247 0.07269525 0.08263294
v 0.02641394 0.07251878 0.08211120
v 0.02628054 0.07238855 0.08188778
v 0.02611575 0.07222769 0.08161180
v 0.02582757 0.07193701 0.08130910
v 0.02576490 0.07187379 0.08124327
v 0.02528116 0.07137168 0.08095188
v 0.02070391 0.06665132 0.09251288
v 0.02156782 0.06752763 0.09253769
v 0.02266689 0.06865389 0.09253770
v 0.02309638 0.06909400 0.09253771
v 0.02461528 0.07066800 0.09253769
v 0.02501366 0.07108187 0.09252026
v 0.02529913 0.07137516 0.09245449
v 0.02574622 0.07183450 0.09235148
v 0.02596642 0.07205686 0.09222398
v 0.01676229 0.06261802 0.09201575
v 0.01615282 0.06194635 0.09166687
v 0.01613130 0.06192065 0.09164477
v 0.01680383 0.06266244 0.09203287
v 0.01734216 0.06322881 0.09220742
v 0.01776111 0.06365663 0.09226743
v 0.01873810 0.06465435 0.09240738
v 0.01916630 0.06509162 0.09246872
v 0.01934791 0.06527584 0.09247394
v 0.01506944 0.06029903 0.08827143
v 0.01512231 0.06045787 0.08906188
v 0.01526307 0.06075629 0.09004707
v 0.01527475 0.06077493 0.09008560
v 0.01547996 0.06110240 0.09076241
v 0.01560310 0.06126707 0.09098154
v 0.01576380 0.06148194 0.09126751
v 0.01594870 0.06170267 0.09145732
v 0.01498619 0.05999747 0.08399819
v 0.01500462 0.06004511 0.08523925
v 0.01763012 0.06268500 0.08484540
v 0.01502517 0.06009824 0.08662350
v 0.01486383 0.06016411 0.08042789
v 0.01487234 0.06008097 0.08113769
v 0.01497623 0.06000477 0.08374800
v 0.00650226 0.05612356 0.08234059
v 0.00653831 0.05618046 0.08234024
v 0.00653511 0.05617827 0.08113755
v 0.00655407 0.05619110 0.08412027
v 0.00654687 0.05618571 0.08354320
v 0.00651802 0.05613419 0.08412105
v 0.00651085 0.05612881 0.08354374
v 0.00649559 0.05607068 0.08412259
v 0.00648842 0.05606531 0.08354420
v 0.00648789 0.05600376 0.08412390
v 0.00648072 0.05599841 0.08354455
v 0.00649535 0.05593684 0.08412617
v 0.00647981 0.05606005 0.08234089
v 0.00647210 0.05599312 0.08234114
v 0.00646905 0.05599106 0.08113268
v 0.00646910 0.05599062 0.08113271
v 0.00646905 0.05599108 0.08113267
v 0.00649917 0.05612148 0.08113585
v 0.00649917 0.05612147 0.08113585
v 0.00647675 0.05605799 0.08113415
v 0.00647674 0.05605797 0.08113415
v 0.00648814 0.05593148 0.08354477
v 0.00647952 0.05592617 0.08234132
v 0.00647638 0.05592400 0.08113789
v 0.00936442 0.05801117 0.09511093
v 0.00938516 0.05795093 0.09514320
v 0.00970440 0.05818194 0.09533184
v 0.01090788 0.05914696 0.09556870
v 0.01090787 0.05914697 0.09556870
v 0.01066865 0.05896941 0.09555207
v 0.01086259 0.05921789 0.09544878
v 0.01086258 0.05921791 0.09544874
v 0.01062530 0.05904116 0.09543339
v 0.01085524 0.05923431 0.09537716
v 0.01061853 0.05905822 0.09536253
v 0.00657391 0.05606166 0.08653916
v 0.00654378 0.05596938 0.08548486
v 0.01088059 0.05918825 0.09551394
v 0.01064235 0.05901095 0.09549785
v 0.01088058 0.05918826 0.09551392
v 0.01018783 0.05853772 0.09549468
v 0.01034494 0.05865334 0.09554760
v 0.01031398 0.05870583 0.09550794
v 0.01070264 0.05891900 0.09559284
v 0.01094308 0.05909673 0.09560978
v 0.01027609 0.05880525 0.09532241
v 0.01027851 0.05878409 0.09539193
v 0.01017470 0.05873165 0.09528964
v 0.00966458 0.05833577 0.09519156
v 0.00968042 0.05824005 0.09529666
v 0.00967363 0.05836786 0.09512771
v 0.00953205 0.05826622 0.09504638
v 0.00935765 0.05811428 0.09501381
v 0.00937200 0.05815131 0.09495446
v 0.00882023 0.05772986 0.09455319
v 0.00895832 0.05785657 0.09460233
v 0.00918495 0.05780809 0.09496934
v 0.00881356 0.05761702 0.09463386
v 0.00882927 0.05755432 0.09466049
v 0.00802365 0.05705818 0.09347372
v 0.00830991 0.05718650 0.09394706
v 0.00848352 0.05738254 0.09423416
v 0.00849694 0.05731846 0.09425703
v 0.00872023 0.05747694 0.09452812
v 0.00884226 0.05777387 0.09450354
v 0.00852269 0.05754825 0.09412122
v 0.00849675 0.05750059 0.09416440
v 0.00846360 0.05750689 0.09402435
v 0.00804398 0.05718249 0.09341984
v 0.00807440 0.05723445 0.09338623
v 0.00764312 0.05690358 0.09248437
v 0.00773001 0.05699523 0.09258480
v 0.00761854 0.05677674 0.09252512
v 0.00782227 0.05684512 0.09299328
v 0.00803482 0.05699241 0.09349114
v 0.00767591 0.05695765 0.09245889
v 0.00732068 0.05671275 0.09130461
v 0.00728635 0.05665732 0.09132323
v 0.00724820 0.05666315 0.09097304
v 0.00700746 0.05646624 0.09004618
v 0.00697890 0.05633649 0.09006753
v 0.00726768 0.05646213 0.09136245
v 0.00725916 0.05652872 0.09135291
v 0.00729230 0.05647910 0.09144277
v 0.00762803 0.05671052 0.09253828
v 0.00655407 0.05619110 0.08412027
v 0.00663980 0.05624891 0.08652722
v 0.00660385 0.05619206 0.08653183
v 0.00673434 0.05631296 0.08758012
v 0.00678674 0.05631599 0.08857032
v 0.00682244 0.05637266 0.08856142
v 0.00704267 0.05652250 0.09003277
v 0.00658144 0.05599469 0.08654150
v 0.00676507 0.05611877 0.08858896
v 0.00675731 0.05618574 0.08858444
v 0.00681900 0.05615542 0.08894988
v 0.00698700 0.05626961 0.09007436
v 0.01029140 0.05875028 0.09545501
v 0.00966689 0.05829233 0.09524898
v 0.00935507 0.05806666 0.09506696
v 0.00881049 0.05767661 0.09459743
v 0.00848345 0.05744435 0.09420272
v 0.00802676 0.05712268 0.09344952
v 0.00762366 0.05684222 0.09250683
v 0.00726549 0.05659491 0.09133961
v 0.00698584 0.05640316 0.09005797
v 0.00676466 0.05625261 0.08857812
v 0.00658151 0.05612857 0.08653588
v 0.00649559 0.05607068 0.08412259
v 0.01086241 0.05923961 0.09537763
v 0.01087114 0.05922434 0.09544903
v 0.01086258 0.05921791 0.09544874
v 0.01087116 0.05922431 0.09544918
v 0.01091879 0.05915496 0.09556938
v 0.01091856 0.05915528 0.09556911
v 0.01091838 0.05915553 0.09556877
v 0.01089035 0.05919543 0.09551455
v 0.01089023 0.05919560 0.09551432
v 0.01087120 0.05922424 0.09544932
v 0.01095451 0.05910582 0.09561027
v 0.01323217 0.06106628 0.09537095
v 0.01216463 0.06023074 0.09537384
v 0.01217484 0.06021749 0.09544663
v 0.01555169 0.06293716 0.09536671
v 0.01474043 0.06227254 0.09536738
v 0.01475018 0.06226052 0.09544236
v 0.01484311 0.06214614 0.09561198
v 0.01565535 0.06281151 0.09561211
v 0.01561505 0.06286040 0.09556877
v 0.01222597 0.06015123 0.09556892
v 0.01091856 0.05915528 0.09556911
v 0.01174812 0.05970986 0.09561062
v 0.01091879 0.05915496 0.09556938
v 0.01095451 0.05910582 0.09561027
v 0.01087120 0.05922424 0.09544932
v 0.01089023 0.05919560 0.09551432
v 0.01219572 0.06019044 0.09551302
v 0.01089035 0.05919543 0.09551455
v 0.01091838 0.05915553 0.09556877
v 0.01087116 0.05922431 0.09544918
v 0.01087114 0.05922434 0.09544903
v 0.01345883 0.06124369 0.09537034
v 0.01346878 0.06123107 0.09544430
v 0.01477158 0.06223416 0.09551098
v 0.01348992 0.06120436 0.09551188
v 0.01480325 0.06219519 0.09556878
v 0.01352088 0.06116524 0.09556879
v 0.01226373 0.06010232 0.09561085
v 0.01355971 0.06111620 0.09561140
v 0.01558305 0.06289919 0.09551078
v 0.01556147 0.06292535 0.09544192
v 0.01775644 0.06458567 0.09561209
v 0.02081910 0.06726143 0.09561209
v 0.02077687 0.06730859 0.09556877
v 0.02029711 0.06702153 0.09536684
v 0.01729100 0.06439524 0.09536678
v 0.01730094 0.06438356 0.09544196
v 0.02417189 0.07033046 0.09561208
v 0.02502910 0.07113504 0.09561207
v 0.02412870 0.07037670 0.09556876
v 0.02498419 0.07117959 0.09556877
v 0.02409442 0.07041340 0.09551082
v 0.02491442 0.07125051 0.09536691
v 0.02406081 0.07044939 0.09536691
v 0.02492648 0.07124079 0.09544203
v 0.02407129 0.07043817 0.09544204
v 0.02494973 0.07121614 0.09551082
v 0.02498418 0.07117961 0.09556875
v 0.02074335 0.06734601 0.09551081
v 0.02072073 0.06737126 0.09544200
v 0.02071049 0.06738269 0.09536685
v 0.01739652 0.06427120 0.09561209
v 0.01735548 0.06431945 0.09556876
v 0.01732292 0.06435772 0.09551079
v 0.02605093 0.07210535 0.09547471
v 0.02639511 0.07243217 0.09542845
v 0.02634455 0.07247135 0.09538603
v 0.02658020 0.07260958 0.09535180
v 0.02690227 0.07291828 0.09521843
v 0.02684716 0.07295304 0.09517782
v 0.02708366 0.07309349 0.09509888
v 0.02727091 0.07327436 0.09497547
v 0.02721175 0.07330467 0.09493754
v 0.02692178 0.07316205 0.09486044
v 0.02672601 0.07297388 0.09498900
v 0.02675605 0.07298178 0.09505922
v 0.02594674 0.07223023 0.09522854
v 0.02882769 0.07498896 0.08713711
v 0.02882358 0.07498633 0.08713717
v 0.02878434 0.07494877 0.08906719
v 0.02882357 0.07498632 0.08713717
v 0.02875913 0.07494501 0.08713806
v 0.02872035 0.07490713 0.08906258
v 0.02889797 0.07501152 0.08713618
v 0.02889595 0.07501087 0.08713621
v 0.02885680 0.07497286 0.08907142
v 0.02897226 0.07501620 0.08713514
v 0.02897225 0.07501621 0.08713514
v 0.02893303 0.07497783 0.08907499
v 0.02897222 0.07501620 0.08713514
v 0.02864295 0.07483150 0.09001822
v 0.02862228 0.07479022 0.09106727
v 0.02904741 0.07500177 0.08713788
v 0.02900809 0.07496336 0.08907767
v 0.02893000 0.07488697 0.09003869
v 0.02876955 0.07481779 0.09108934
v 0.02884403 0.07480287 0.09109692
v 0.02855902 0.07474951 0.09105423
v 0.02849711 0.07468907 0.09143959
v 0.02845628 0.07462808 0.09210034
v 0.02877747 0.07473783 0.09151063
v 0.02860146 0.07465353 0.09213465
v 0.02867519 0.07463789 0.09214645
v 0.02847222 0.07443914 0.09293394
v 0.02833897 0.07439691 0.09315262
v 0.02841120 0.07437940 0.09317067
v 0.02839422 0.07458864 0.09208005
v 0.02820710 0.07440632 0.09280412
v 0.02819812 0.07437638 0.09310000
v 0.02813868 0.07433966 0.09306885
v 0.02789584 0.07410346 0.09368728
v 0.02824091 0.07421321 0.09360509
v 0.02808568 0.07415001 0.09379859
v 0.02815568 0.07413002 0.09382254
v 0.02771184 0.07392488 0.09401896
v 0.02771456 0.07390654 0.09415507
v 0.02795137 0.07413627 0.09372868
v 0.02793718 0.07391890 0.09421483
v 0.02783981 0.07391206 0.09424032
v 0.02790666 0.07388941 0.09426964
v 0.02754335 0.07362555 0.09462517
v 0.02760634 0.07359945 0.09465935
v 0.02766431 0.07387875 0.09410465
v 0.02738535 0.07360872 0.09446745
v 0.02742916 0.07363034 0.09452601
v 0.02707170 0.07330615 0.09476198
v 0.02710881 0.07332112 0.09482721
v 0.02869400 0.07481348 0.09107924
v 0.02852688 0.07465019 0.09211894
v 0.02826636 0.07439588 0.09312854
v 0.02801605 0.07415215 0.09376660
v 0.02777437 0.07391790 0.09420129
v 0.02748299 0.07363608 0.09457974
v 0.02715653 0.07332061 0.09488703
v 0.02754366 0.07353871 0.09471842
v 0.02679734 0.07297468 0.09512356
v 0.02630072 0.07249884 0.09532934
v 0.02626650 0.07251285 0.09526209
v 0.02624412 0.07251246 0.09518868
v 0.02498418 0.07117961 0.09556875
v 0.02498419 0.07117959 0.09556877
v 0.02502917 0.07113510 0.09561206
v 0.02502910 0.07113504 0.09561207
v 0.02889595 0.07501087 0.08713621
v 0.02889797 0.07501152 0.08713618
v 0.02884129 0.07495765 0.08529513
v 0.02870499 0.07489202 0.08530776
v 0.02876889 0.07493362 0.08530117
v 0.02872435 0.07489003 0.08471770
v 0.02644644 0.07248201 0.07853109
v 0.02630121 0.07234278 0.07840757
v 0.02624378 0.07237504 0.07844673
v 0.02542449 0.07170980 0.07817173
v 0.02542448 0.07170980 0.07817177
v 0.02614562 0.07239662 0.07856078
v 0.02539648 0.07170486 0.07824291
v 0.02611128 0.07238452 0.07862822
v 0.02546353 0.07169967 0.07810412
v 0.02546240 0.07169999 0.07810605
v 0.02619076 0.07239339 0.07849894
v 0.02542634 0.07171012 0.07816703
v 0.02550917 0.07167583 0.07805041
v 0.02550917 0.07167583 0.07805041
v 0.02550921 0.07167580 0.07805037
v 0.02556177 0.07163877 0.07800868
v 0.02904741 0.07500177 0.08713788
v 0.02899254 0.07494800 0.08528619
v 0.02897226 0.07501620 0.08713514
v 0.02897225 0.07501621 0.08713514
v 0.02706628 0.07330071 0.07957278
v 0.02732066 0.07352511 0.07977887
v 0.02678433 0.07300840 0.07910415
v 0.02628977 0.07255542 0.07878004
v 0.02674149 0.07298793 0.07916429
v 0.02727052 0.07349741 0.07982966
v 0.02768734 0.07390075 0.08057671
v 0.02774276 0.07393369 0.08053550
v 0.02769256 0.07390580 0.08058992
v 0.02811039 0.07429087 0.08146900
v 0.02695953 0.07297391 0.07896745
v 0.02689703 0.07300116 0.07900241
v 0.02726233 0.07326598 0.07934847
v 0.02744578 0.07353027 0.07969294
v 0.02751260 0.07350739 0.07966339
v 0.02787683 0.07394782 0.08046577
v 0.02794677 0.07392810 0.08044180
v 0.02825111 0.07431169 0.08141621
v 0.02832334 0.07429431 0.08139805
v 0.02839268 0.07436191 0.08163633
v 0.02844709 0.07450268 0.08208970
v 0.02852033 0.07448632 0.08207495
v 0.02843195 0.07462522 0.08307910
v 0.02855945 0.07472872 0.08337701
v 0.02830352 0.07447895 0.08213261
v 0.02805107 0.07425404 0.08150022
v 0.02813508 0.07433583 0.08178886
v 0.02824251 0.07444043 0.08215798
v 0.02870413 0.07466580 0.08296824
v 0.02870619 0.07475566 0.08334922
v 0.02878055 0.07474042 0.08333966
v 0.02849660 0.07468830 0.08339345
v 0.02862203 0.07481092 0.08441303
v 0.02866066 0.07484868 0.08472706
v 0.02683733 0.07301291 0.07904899
v 0.02738039 0.07353630 0.07973228
v 0.02780732 0.07394972 0.08049770
v 0.02817854 0.07431051 0.08144038
v 0.02837322 0.07450017 0.08210935
v 0.02863085 0.07475168 0.08336194
v 0.02879653 0.07491384 0.08470911
v 0.02890408 0.07486145 0.08434402
v 0.02887254 0.07491858 0.08470186
v 0.02894742 0.07490392 0.08469641
v 0.02891749 0.07496254 0.08529002
v 0.02897222 0.07501620 0.08713514
v 0.02882769 0.07498896 0.08713711
v 0.02882357 0.07498632 0.08713717
v 0.02882358 0.07498633 0.08713717
v 0.02539648 0.07170486 0.07824291
v 0.02542448 0.07170980 0.07817177
v 0.02052945 0.06727143 0.07625783
v 0.01892417 0.06578902 0.07552023
v 0.01889831 0.06578561 0.07559255
v 0.01556526 0.06294466 0.07427313
v 0.01558933 0.06294615 0.07420153
v 0.01559012 0.06294620 0.07419917
v 0.01896096 0.06577712 0.07545377
v 0.01559141 0.06294627 0.07419532
v 0.01562487 0.06293352 0.07413463
v 0.01900625 0.06575068 0.07539755
v 0.01562646 0.06293292 0.07413175
v 0.01562596 0.06293312 0.07413265
v 0.02060701 0.06712382 0.07598751
v 0.01905708 0.06571147 0.07535526
v 0.01572332 0.06286954 0.07403702
v 0.01567042 0.06290522 0.07407665
v 0.01566944 0.06290587 0.07407739
v 0.01566903 0.06290613 0.07407790
v 0.02556177 0.07163877 0.07800868
v 0.02060701 0.06712382 0.07598751
v 0.02550921 0.07167580 0.07805037
v 0.02550917 0.07167583 0.07805041
v 0.02546353 0.07169967 0.07810412
v 0.02542449 0.07170980 0.07817173
v 0.02542634 0.07171012 0.07816703
v 0.02546240 0.07169999 0.07810605
v 0.01559012 0.06294620 0.07419917
v 0.01559141 0.06294627 0.07419532
v 0.01548534 0.06285735 0.07415410
v 0.01562487 0.06293352 0.07413463
v 0.01551897 0.06284410 0.07409220
v 0.01548365 0.06285718 0.07415855
v 0.01548364 0.06285718 0.07415859
v 0.01558933 0.06294615 0.07420153
v 0.01545662 0.06285438 0.07423011
v 0.01556526 0.06294466 0.07427313
v 0.01562596 0.06293312 0.07413265
v 0.01562646 0.06293292 0.07413175
v 0.01551997 0.06284371 0.07409037
v 0.01566903 0.06290613 0.07407790
v 0.01556243 0.06281628 0.07403580
v 0.01572332 0.06286954 0.07403702
v 0.01561130 0.06277547 0.07399328
v 0.01566944 0.06290587 0.07407739
v 0.01556250 0.06281622 0.07403574
v 0.00649917 0.05612147 0.08113585
v 0.00649917 0.05612148 0.08113585
v 0.00651054 0.05612917 0.08061706
v 0.01419761 0.06181095 0.07374195
v 0.01417715 0.06181397 0.07381487
v 0.00653511 0.05617827 0.08113755
v 0.00654660 0.05618609 0.08061925
v 0.00646905 0.05599106 0.08113268
v 0.00646905 0.05599108 0.08113267
v 0.00648811 0.05606564 0.08061513
v 0.00647674 0.05605797 0.08113415
v 0.00647675 0.05605799 0.08113415
v 0.00648788 0.05593170 0.08061246
v 0.00647638 0.05592400 0.08113789
v 0.00646910 0.05599062 0.08113271
v 0.00649804 0.05601054 0.08018763
v 0.00648043 0.05599868 0.08061357
v 0.00656403 0.05619782 0.08019829
v 0.00652805 0.05614096 0.08019416
v 0.00668530 0.05627945 0.07914013
v 0.00668292 0.05624538 0.07884066
v 0.00695012 0.05631661 0.07756372
v 0.00666193 0.05604906 0.07881432
v 0.00665406 0.05611583 0.07882070
v 0.00662865 0.05602660 0.07910617
v 0.00650553 0.05594358 0.08018555
v 0.00671818 0.05630159 0.07885323
v 0.00700997 0.05649912 0.07762005
v 0.00697631 0.05644433 0.07759832
v 0.00715534 0.05659820 0.07722149
v 0.00725686 0.05663596 0.07682740
v 0.00723380 0.05651058 0.07678154
v 0.00710444 0.05634963 0.07715103
v 0.00695893 0.05625022 0.07755262
v 0.00771517 0.05684257 0.07584504
v 0.00750707 0.05662618 0.07625373
v 0.00724367 0.05644475 0.07676676
v 0.00728860 0.05668904 0.07685611
v 0.00776005 0.05701313 0.07594546
v 0.00773203 0.05696340 0.07590694
v 0.00805706 0.05722002 0.07555146
v 0.00832239 0.05737584 0.07512125
v 0.00831466 0.05726220 0.07504292
v 0.00801275 0.05697755 0.07544222
v 0.00772722 0.05677782 0.07582492
v 0.00899575 0.05774619 0.07441056
v 0.00862118 0.05740619 0.07474612
v 0.00832988 0.05719939 0.07501714
v 0.00834491 0.05742054 0.07516959
v 0.00900865 0.05789013 0.07455968
v 0.00899252 0.05785130 0.07450307
v 0.00935783 0.05814155 0.07434067
v 0.00971498 0.05837290 0.07404779
v 0.00973054 0.05827732 0.07394380
v 0.00931548 0.05790272 0.07418837
v 0.00901494 0.05768573 0.07437977
v 0.01085991 0.05903734 0.07350565
v 0.01071318 0.05892671 0.07353302
v 0.01068390 0.05898086 0.07357154
v 0.01059164 0.05883620 0.07356877
v 0.01056303 0.05889080 0.07360693
v 0.01007027 0.05845223 0.07378055
v 0.00975434 0.05821957 0.07390888
v 0.00972411 0.05840530 0.07411094
v 0.01053672 0.05900156 0.07378727
v 0.01053474 0.05897597 0.07371946
v 0.01065489 0.05908924 0.07375332
v 0.01065388 0.05906459 0.07368502
v 0.01090372 0.05927629 0.07370846
v 0.01162090 0.05979309 0.07350909
v 0.01161465 0.05981067 0.07358030
v 0.01262098 0.06056336 0.07349306
v 0.01251520 0.06050297 0.07356706
v 0.01260842 0.06057462 0.07356569
v 0.01363338 0.06137998 0.07369472
v 0.01365135 0.06137432 0.07362171
v 0.01169862 0.05966970 0.07334920
v 0.01166419 0.05972042 0.07338995
v 0.01247504 0.06026798 0.07333370
v 0.01267611 0.06050066 0.07337089
v 0.01271527 0.06045308 0.07332891
v 0.01371679 0.06132054 0.07349839
v 0.01376012 0.06127582 0.07345587
v 0.01408627 0.06174143 0.07379479
v 0.01422850 0.06179307 0.07367508
v 0.01367975 0.06135408 0.07355486
v 0.01264402 0.06053820 0.07342676
v 0.01163775 0.05976239 0.07344434
v 0.01066374 0.05902774 0.07362322
v 0.01054369 0.05893832 0.07365816
v 0.00971716 0.05832941 0.07399100
v 0.00898813 0.05780242 0.07445243
v 0.00831212 0.05732210 0.07507826
v 0.00771680 0.05690553 0.07587287
v 0.00723828 0.05657543 0.07680211
v 0.00695601 0.05638243 0.07757921
v 0.00666118 0.05618239 0.07882962
v 0.00650567 0.05607746 0.08019055
v 0.01406989 0.06152355 0.07352312
v 0.01426785 0.06176144 0.07361854
v 0.01431315 0.06171810 0.07357593
v 0.01561130 0.06277547 0.07399328
v 0.01551897 0.06284410 0.07409220
v 0.01551997 0.06284371 0.07409037
v 0.02303938 0.06927893 0.07906247
v 0.02085106 0.06718895 0.07813533
v 0.02095520 0.06706540 0.07861058
v 0.02298243 0.06934915 0.07857896
v 0.02520081 0.07144844 0.07951172
v 0.02523488 0.07152837 0.07903724
v 0.01766419 0.06389731 0.07721817
v 0.01877167 0.06494263 0.07768035
v 0.01863628 0.06512692 0.07720854
v 0.01882800 0.06486376 0.07792651
v 0.01860625 0.06457974 0.07807686
v 0.01885937 0.06483138 0.07818462
v 0.02100035 0.06701379 0.07885520
v 0.02102824 0.06698761 0.07910798
v 0.02140606 0.06736322 0.07926882
v 0.02199865 0.06797094 0.07952514
v 0.02327518 0.06928006 0.08007729
v 0.02518586 0.07141334 0.07972006
v 0.01608205 0.06329030 0.07560158
v 0.01608660 0.06329182 0.07561279
v 0.01840011 0.06528009 0.07647016
v 0.01733161 0.06426930 0.07625941
v 0.01848041 0.06526248 0.07672119
v 0.01751034 0.06411682 0.07675022
v 0.01830476 0.06527812 0.07622339
v 0.01595506 0.06324793 0.07528834
v 0.01606670 0.06328518 0.07556372
v 0.01665036 0.06266452 0.07728323
v 0.01717624 0.06326976 0.07723871
v 0.01777418 0.06375251 0.07772263
v 0.01772883 0.06380112 0.07746288
v 0.01744548 0.06342573 0.07758269
v 0.01658045 0.06277664 0.07696984
v 0.01662111 0.06271143 0.07715211
v 0.01662849 0.06269960 0.07718518
v 0.01617859 0.06326417 0.07583918
v 0.01621670 0.06325271 0.07593296
v 0.01639766 0.06307133 0.07639844
v 0.01640783 0.06305493 0.07643022
v 0.01655218 0.06282221 0.07688148
v 0.02066127 0.06731445 0.07716121
v 0.02065686 0.06731038 0.07715940
v 0.02069719 0.06731214 0.07740269
v 0.02526152 0.07138288 0.08065401
v 0.02524666 0.07138887 0.08047044
v 0.02521744 0.07140062 0.08010990
v 0.02520768 0.07140456 0.07998936
v 0.02074500 0.06729005 0.07764967
v 0.01134139 0.05906242 0.08113865
v 0.01145124 0.05908248 0.08113862
v 0.01151957 0.05916117 0.07997156
v 0.01387376 0.05952479 0.08113806
v 0.01395351 0.05955620 0.08113803
v 0.01396029 0.05963510 0.08031992
v 0.01491129 0.06065262 0.07834781
v 0.01524417 0.06110201 0.07782891
v 0.01496014 0.06104880 0.07750742
v 0.01455412 0.06054261 0.07805901
v 0.01600105 0.06221062 0.07693639
v 0.01655218 0.06282221 0.07688148
v 0.01568644 0.06238620 0.07633700
v 0.01612814 0.06215341 0.07723369
v 0.01545237 0.06161710 0.07712572
v 0.01565647 0.06161240 0.07744938
v 0.01543892 0.06115325 0.07822937
v 0.01439339 0.05972943 0.08113781
v 0.01444647 0.05976548 0.08113780
v 0.01444495 0.05984350 0.08039537
v 0.01466457 0.05991363 0.08113773
v 0.01451522 0.06001750 0.07966542
v 0.01472276 0.06014843 0.07974219
v 0.01145125 0.05908248 0.08113862
v 0.01278836 0.05932662 0.08113831
v 0.01282336 0.05939504 0.08015944
v 0.01278837 0.05932662 0.08113831
v 0.01298560 0.05960474 0.07918327
v 0.01405581 0.05982526 0.07951003
v 0.01328759 0.05995828 0.07826436
v 0.01425191 0.06012866 0.07874220
v 0.01372965 0.06044829 0.07746775
v 0.01430095 0.06104302 0.07685617
v 0.01496857 0.06170283 0.07647390
v 0.01047528 0.05892440 0.07841082
v 0.01111284 0.05919285 0.07861641
v 0.01061282 0.05902669 0.07796402
v 0.01160682 0.05959799 0.07747289
v 0.01103114 0.05934124 0.07720037
v 0.01122040 0.05948356 0.07685486
v 0.01103113 0.05934124 0.07720038
v 0.01047526 0.05892439 0.07841086
v 0.01018896 0.05871146 0.07934089
v 0.01014885 0.05868186 0.07974361
v 0.01014885 0.05868186 0.07974363
v 0.01000998 0.05857938 0.08113769
v 0.01075188 0.05884855 0.08113822
v 0.01176288 0.05938461 0.07881887
v 0.01219003 0.05977410 0.07774938
v 0.01279347 0.06032001 0.07684524
v 0.01608660 0.06329182 0.07561279
v 0.01510357 0.06247524 0.07537538
v 0.01530909 0.06249789 0.07570876
v 0.01617859 0.06326417 0.07583918
v 0.01504669 0.06249883 0.07504446
v 0.01488981 0.06237181 0.07504415
v 0.01410753 0.06165282 0.07544170
v 0.01396881 0.06162610 0.07504236
v 0.01380206 0.06149378 0.07509260
v 0.01314983 0.06086776 0.07582438
v 0.01295619 0.06082260 0.07534743
v 0.01180450 0.05992971 0.07620025
v 0.01180451 0.05992972 0.07620024
v 0.01201606 0.06009131 0.07596314
v 0.01229666 0.06016753 0.07651737
v 0.01275015 0.06066233 0.07548237
v 0.01275016 0.06066234 0.07548237
v 0.01440782 0.06172614 0.07579688
v 0.01354936 0.06098556 0.07617868
v 0.01466857 0.06028753 0.07897226
v 0.01477116 0.05998603 0.08113770
v 0.01012935 0.05866744 0.08705473
v 0.01021146 0.05872835 0.08777584
v 0.01090582 0.05901126 0.08770229
v 0.01457430 0.05970420 0.08526276
v 0.01406881 0.05950664 0.08528952
v 0.01287896 0.05930772 0.08535174
v 0.01410708 0.05963840 0.08729673
v 0.01294441 0.05942170 0.08745169
v 0.01460446 0.05983914 0.08722998
v 0.01480040 0.05984437 0.08525090
v 0.01482851 0.05997856 0.08720032
v 0.01191510 0.05945447 0.08975534
v 0.01310468 0.05971438 0.08951662
v 0.01421864 0.05995776 0.08929307
v 0.01427521 0.05997012 0.08928172
v 0.01011252 0.05865503 0.08655808
v 0.01161350 0.05920811 0.08761949
v 0.01151590 0.05911329 0.08541901
v 0.01079391 0.05892133 0.08545207
v 0.01001427 0.05858254 0.08257059
v 0.01002782 0.05859252 0.08405819
v 0.01007607 0.05862813 0.08548248
v 0.01134139 0.05906242 0.08113865
v 0.01491448 0.06030017 0.08912208
v 0.01481373 0.06022373 0.08915126
v 0.01469550 0.06016805 0.08917990
v 0.01035525 0.05883501 0.08903867
v 0.01047384 0.05892298 0.09008024
v 0.01184581 0.05942892 0.08977096
v 0.01203087 0.05961381 0.09067992
v 0.01554259 0.06290627 0.09453767
v 0.01556450 0.06292435 0.09453769
v 0.01570748 0.06294158 0.09413745
v 0.01489275 0.06096240 0.09158892
v 0.01487613 0.06050756 0.09030619
v 0.01443400 0.06032972 0.09053154
v 0.01402900 0.06080898 0.09214173
v 0.01368539 0.06043501 0.09163666
v 0.01342964 0.06011208 0.09100919
v 0.01310468 0.05971438 0.08951662
v 0.01469550 0.06016805 0.08917990
v 0.01669409 0.06267684 0.09232136
v 0.01593048 0.06185615 0.09197835
v 0.01667863 0.06267887 0.09236199
v 0.01665833 0.06268152 0.09241535
v 0.01655250 0.06271839 0.09259565
v 0.01566869 0.06181483 0.09227636
v 0.01526965 0.06108207 0.09130587
v 0.01503452 0.06176373 0.09284650
v 0.01630751 0.06280374 0.09301302
v 0.01651014 0.06273315 0.09266782
v 0.01263075 0.06056782 0.09392374
v 0.01282024 0.06071727 0.09399790
v 0.01266944 0.06048848 0.09319542
v 0.01304713 0.06089623 0.09408670
v 0.01334392 0.06102655 0.09362460
v 0.01369235 0.06140513 0.09433923
v 0.01371673 0.06142491 0.09434184
v 0.01409950 0.06163707 0.09390336
v 0.01387052 0.06154968 0.09435834
v 0.01578500 0.06295092 0.09392044
v 0.01438299 0.06169741 0.09350051
v 0.01580974 0.06294395 0.09387748
v 0.01076173 0.05913862 0.09110380
v 0.01052604 0.05896208 0.09026584
v 0.01131433 0.05955519 0.09254334
v 0.01145720 0.05966339 0.09281540
v 0.01169381 0.05967173 0.09181619
v 0.01211797 0.06003854 0.09259866
v 0.01159421 0.05976826 0.09297874
v 0.01198916 0.06007057 0.09344957
v 0.01226512 0.06028445 0.09365352
v 0.01085761 0.05921045 0.09144471
v 0.01099625 0.05931430 0.09193763
v 0.01108457 0.05938119 0.09210581
v 0.01311239 0.06063449 0.09279136
v 0.01265160 0.06022527 0.09224646
v 0.01229668 0.05987450 0.09153307
v 0.01369965 0.06112583 0.09320868
v 0.01586420 0.06292861 0.09378290
v 0.01615931 0.06284548 0.09327040
v 0.01622193 0.06282784 0.09316164
v 0.01811852 0.06495579 0.09398025
v 0.01793787 0.06496315 0.09453769
v 0.02031184 0.06700246 0.09453769
v 0.01833788 0.06486804 0.09345964
v 0.02469532 0.07079713 0.09290206
v 0.02269518 0.06895403 0.09350869
v 0.02481443 0.07098626 0.09339353
v 0.02484218 0.07103031 0.09350799
v 0.01766207 0.06367628 0.09259102
v 0.01856781 0.06473346 0.09296426
v 0.02492802 0.07123852 0.09453769
v 0.02491267 0.07116532 0.09401356
v 0.02031436 0.06700463 0.09453769
v 0.02041018 0.06699784 0.09400721
v 0.02052643 0.06689946 0.09350685
v 0.02063635 0.06675485 0.09303087
v 0.02067712 0.06669087 0.09278636
v 0.01866453 0.06467907 0.09270565
v 0.02490993 0.07115222 0.09391983
v 0.02490982 0.07115203 0.09391911
v 0.02485367 0.07104856 0.09355541
v 0.02719242 0.07339907 0.08101619
v 0.02683734 0.07305734 0.08042793
v 0.02649042 0.07264986 0.08118972
v 0.02804596 0.07422589 0.09036290
v 0.02805426 0.07423394 0.09015896
v 0.02774744 0.07388427 0.08997306
v 0.02590531 0.07207994 0.08052075
v 0.02692584 0.07306719 0.08207339
v 0.02754421 0.07364598 0.08523898
v 0.02722920 0.07335432 0.08307936
v 0.02679933 0.07293508 0.09253824
v 0.02717026 0.07328912 0.09169554
v 0.02625345 0.07240395 0.09306516
v 0.02556331 0.07172494 0.09331898
v 0.02751358 0.07360993 0.08962859
v 0.02760785 0.07374890 0.09109398
v 0.02788830 0.07407279 0.09132834
v 0.02795804 0.07414051 0.09090126
v 0.02760459 0.07369578 0.08744483
v 0.02775726 0.07394554 0.09213075
v 0.02737234 0.07352125 0.09214871
v 0.02772671 0.07391587 0.09231787
v 0.02767450 0.07386532 0.09247026
v 0.02742869 0.07362730 0.09318772
v 0.02698725 0.07314985 0.09302853
v 0.02738250 0.07358269 0.09326823
v 0.02569677 0.07190616 0.09384271
v 0.02583703 0.07210064 0.09442557
v 0.02639370 0.07263137 0.09427707
v 0.02642141 0.07260424 0.09357707
v 0.02658337 0.07281336 0.09415999
v 0.02670788 0.07293283 0.09408312
v 0.02683819 0.07305786 0.09400269
v 0.02715748 0.07336537 0.09366040
v 0.02725753 0.07346200 0.09348603
v 0.02576927 0.07203604 0.09444365
v 0.02555748 0.07183412 0.09450015
v 0.02603600 0.07228952 0.07950352
v 0.02604823 0.07230121 0.07951593
v 0.02673954 0.07296321 0.08026591
v 0.02666494 0.07289141 0.08014233
v 0.02611033 0.07236064 0.07957901
v 0.02807822 0.07425725 0.08478351
v 0.02806439 0.07424383 0.08469975
v 0.02786805 0.07405319 0.08350964
v 0.02773567 0.07392462 0.08270716
v 0.02768715 0.07387752 0.08241313
v 0.02765704 0.07384840 0.08232810
v 0.02736740 0.07356830 0.08151028
v 0.02726908 0.07347321 0.08123265
v 0.02469532 0.07079713 0.09290206
v 0.02807466 0.07425382 0.08965663
v 0.02815297 0.07433000 0.08773021
v 0.02786071 0.07399591 0.08764193
v 0.02817705 0.07435343 0.08713769
v 0.02809693 0.07427547 0.08522926
v 0.02845950 0.07465976 0.08713817
v 0.02530463 0.07162527 0.07863809
v 0.02628977 0.07255542 0.07878004
v 0.02706628 0.07330071 0.07957278
v 0.02769256 0.07390580 0.08058992
v 0.02813508 0.07433583 0.08178886
v 0.02843195 0.07462522 0.08307910
v 0.02786805 0.07405319 0.08350964
v 0.02862203 0.07481092 0.08441303
v 0.01575207 0.06310676 0.07477961
v 0.01571976 0.06307872 0.07469201
v 0.01595506 0.06324793 0.07528834
v 0.02052945 0.06727143 0.07625783
v 0.00811695 0.05748563 0.08113622
v 0.00811778 0.05748614 0.08113622
v 0.00821956 0.05760878 0.07942667
v 0.00986561 0.05861744 0.07474149
v 0.01442580 0.06202863 0.07432618
v 0.00668530 0.05627945 0.07914013
v 0.00726156 0.05687820 0.08113629
v 0.00737543 0.05698773 0.07927690
v 0.00782553 0.05728196 0.07748764
v 0.00715534 0.05659820 0.07722149
v 0.00805706 0.05722002 0.07555146
v 0.00866467 0.05782309 0.07591171
v 0.00935783 0.05814155 0.07434067
v 0.01308747 0.06097946 0.07425138
v 0.01174728 0.05997667 0.07452744
v 0.01251520 0.06050297 0.07356706
v 0.01014885 0.05868186 0.07974363
v 0.00932108 0.05822532 0.08113689
v 0.01103114 0.05934124 0.07720037
v 0.00939857 0.05837478 0.07632423
v 0.01047526 0.05892439 0.07841086
v 0.00863615 0.05788351 0.07778204
v 0.01090372 0.05927629 0.07370846
v 0.01047778 0.05908527 0.07521221
v 0.01180450 0.05992971 0.07620025
v 0.01380205 0.06149378 0.07509260
v 0.01275015 0.06066233 0.07548237
v 0.00726257 0.05687916 0.08113628
v 0.00749633 0.05710439 0.08113588
v 0.01488980 0.06237181 0.07504415
v 0.01504669 0.06249883 0.07504446
v 0.01571976 0.06307872 0.07469201
v 0.01575207 0.06310676 0.07477961
v 0.00728033 0.05689092 0.08410577
v 0.00728085 0.05689143 0.08410576
v 0.00751577 0.05711779 0.08410106
v 0.00813539 0.05749856 0.08409034
v 0.00934003 0.05823881 0.08406949
v 0.00813582 0.05749882 0.08409033
v 0.01090605 0.05931040 0.09504322
v 0.01031427 0.05890549 0.09473679
v 0.01017470 0.05873165 0.09528964
v 0.00978322 0.05855934 0.09440861
v 0.00953205 0.05826622 0.09504638
v 0.00932087 0.05826451 0.09396151
v 0.00895832 0.05785657 0.09460233
v 0.00892331 0.05801096 0.09341881
v 0.00831123 0.05761319 0.09211036
v 0.00846360 0.05750689 0.09402435
v 0.00724820 0.05666315 0.09097304
v 0.00788613 0.05733101 0.09061700
v 0.00773001 0.05699523 0.09258480
v 0.00673434 0.05631296 0.08758012
v 0.00741598 0.05701603 0.08741763
v 0.00824586 0.05762741 0.08717375
v 0.00950266 0.05845230 0.09277158
v 0.01131433 0.05955519 0.09254334
v 0.01020317 0.05888389 0.09376203
v 0.00864285 0.05789462 0.09014925
v 0.00899855 0.05813006 0.09154073
v 0.01085761 0.05921045 0.09144471
v 0.01108023 0.05945948 0.09461500
v 0.01121230 0.05954970 0.09443649
v 0.01123845 0.05956756 0.09440116
v 0.01172606 0.05990068 0.09374211
v 0.01035525 0.05883501 0.08903867
v 0.01094933 0.05934745 0.09493681
v 0.01097257 0.05936734 0.09487967
v 0.01327089 0.06111102 0.09516934
v 0.01229323 0.06035972 0.09470422
v 0.01282024 0.06071727 0.09399790
v 0.01123845 0.05956756 0.09440116
v 0.01172606 0.05990068 0.09374211
v 0.01554770 0.06294115 0.09495364
v 0.01338124 0.06119965 0.09489008
v 0.01554823 0.06294063 0.09500803
v 0.01121230 0.05954970 0.09443649
v 0.01094933 0.05934745 0.09493681
v 0.01097257 0.05936734 0.09487967
v 0.01108023 0.05945948 0.09461500
v 0.02491015 0.07125428 0.09495375
v 0.02864295 0.07483150 0.09001822
v 0.02849711 0.07468907 0.09143959
v 0.02820710 0.07440632 0.09280412
v 0.02771184 0.07392488 0.09401896
v 0.02692178 0.07316205 0.09486044
v 0.02594674 0.07223023 0.09522854
v 0.02764373 0.07218863 0.07843656
v 0.02730321 0.07186206 0.07816832
v 0.02710451 0.07203442 0.07821004
v 0.02705098 0.07162014 0.07796963
v 0.02692975 0.07150467 0.07790662
v 0.02864354 0.07352042 0.08014348
v 0.02886293 0.07336746 0.08010017
v 0.02881485 0.07332075 0.08001736
v 0.02831678 0.07283736 0.07918043
v 0.02830825 0.07282913 0.07917062
v 0.02795932 0.07285704 0.07904719
v 0.02816580 0.07269174 0.07900688
v 0.02772614 0.07226769 0.07850149
v 0.02838275 0.07290081 0.07927292
v 0.02914352 0.07400773 0.08141943
v 0.02927384 0.07376773 0.08109407
v 0.02888653 0.07339042 0.08014086
v 0.02923260 0.07446561 0.08284290
v 0.02970035 0.07418247 0.08277480
v 0.02967811 0.07416047 0.08264353
v 0.02962916 0.07411203 0.08235442
v 0.02936048 0.07385175 0.08138811
v 0.02928932 0.07378281 0.08113216
v 0.02988793 0.07436807 0.08388227
v 0.02944002 0.07466860 0.08426001
v 0.02991617 0.07439590 0.08421311
v 0.03004792 0.07452570 0.08592797
v 0.03003500 0.07451303 0.08560571
v 0.02996950 0.07444847 0.08483811
v 0.02890408 0.07486145 0.08434402
v 0.02958062 0.07480771 0.08713833
v 0.03007160 0.07454896 0.08713785
v 0.02958170 0.07480715 0.08713833
v 0.02958066 0.07480770 0.08713833
v 0.02870413 0.07466580 0.08296824
v 0.02889908 0.07413977 0.08147834
v 0.02839268 0.07436191 0.08163633
v 0.02726233 0.07326598 0.07934847
v 0.02773227 0.07300644 0.07912729
v 0.02840699 0.07366037 0.08021419
v 0.02562031 0.07159347 0.07797569
v 0.02603460 0.07126860 0.07775329
v 0.02597231 0.07132108 0.07777749
v 0.02688764 0.07219390 0.07829748
v 0.02597146 0.07132179 0.07777782
v 0.02644644 0.07248201 0.07853109
v 0.02637806 0.07097920 0.07761988
v 0.01601179 0.06245169 0.07376590
v 0.01566925 0.06272862 0.07396038
v 0.02069112 0.06705020 0.07595212
v 0.02344451 0.06824168 0.07641089
v 0.02147576 0.06645405 0.07561010
v 0.02110352 0.06672170 0.07572572
v 0.02144645 0.06642744 0.07559818
v 0.02140669 0.06639134 0.07558201
v 0.02597146 0.07132179 0.07777782
v 0.02562031 0.07159347 0.07797569
v 0.02637806 0.07097920 0.07761988
v 0.02603460 0.07126860 0.07775329
v 0.02597231 0.07132108 0.07777749
v 0.02060701 0.06712382 0.07598751
v 0.01601729 0.06244724 0.07376277
v 0.01608031 0.06239281 0.07373820
v 0.01642295 0.06209691 0.07360458
v 0.00914358 0.05648971 0.07441593
v 0.00911057 0.05646627 0.07444733
v 0.00895743 0.05668023 0.07446822
v 0.00685543 0.05490776 0.08067505
v 0.00684559 0.05490116 0.08113794
v 0.00673200 0.05513623 0.08113822
v 0.00701591 0.05501559 0.07896146
v 0.00700803 0.05501030 0.07900575
v 0.00686896 0.05523095 0.07901440
v 0.00695012 0.05497146 0.07933124
v 0.00717764 0.05512406 0.07805252
v 0.00707220 0.05536875 0.07797651
v 0.00720251 0.05514094 0.07795970
v 0.00737650 0.05557640 0.07697615
v 0.00737668 0.05525934 0.07735416
v 0.00733387 0.05523004 0.07746949
v 0.00793610 0.05564325 0.07601748
v 0.00786322 0.05559302 0.07615564
v 0.00779220 0.05586253 0.07603788
v 0.00772265 0.05549613 0.07642212
v 0.00752246 0.05535912 0.07696142
v 0.00832179 0.05623131 0.07519184
v 0.00847120 0.05601525 0.07517115
v 0.00842864 0.05598549 0.07522945
v 0.00815163 0.05579180 0.07560891
v 0.00874756 0.05620849 0.07479256
v 0.00952335 0.05675939 0.07405476
v 0.00967959 0.05719826 0.07388840
v 0.00983203 0.05698310 0.07385785
v 0.01121788 0.05799902 0.07317596
v 0.01075287 0.05765589 0.07336524
v 0.01032101 0.05799872 0.07354595
v 0.01113364 0.05860283 0.07326664
v 0.01144609 0.05817121 0.07312847
v 0.01061907 0.05755716 0.07341970
v 0.01046396 0.05777087 0.07345975
v 0.01034216 0.05735283 0.07353241
v 0.00990675 0.05703726 0.07381018
v 0.01185610 0.05848057 0.07304316
v 0.01196103 0.05922900 0.07311684
v 0.01228825 0.05880664 0.07295323
v 0.01279114 0.05986835 0.07307985
v 0.01313668 0.05946181 0.07292932
v 0.01423463 0.06032193 0.07300396
v 0.01343028 0.05968853 0.07292104
v 0.01320981 0.05951828 0.07292725
v 0.01555732 0.06138630 0.07330514
v 0.01498322 0.06092432 0.07317442
v 0.01442866 0.06116173 0.07327931
v 0.01480434 0.06078038 0.07313369
v 0.01601179 0.06245169 0.07376590
v 0.01601729 0.06244724 0.07376277
v 0.01608031 0.06239281 0.07373820
v 0.01642295 0.06209691 0.07360458
v 0.01406989 0.06152355 0.07352312
v 0.01566925 0.06272862 0.07396038
v 0.01085991 0.05903734 0.07350565
v 0.01247504 0.06026798 0.07333370
v 0.01007027 0.05845223 0.07378055
v 0.00954502 0.05743190 0.07396748
v 0.00883012 0.05691868 0.07453973
v 0.00862118 0.05740619 0.07474612
v 0.00931548 0.05790272 0.07418837
v 0.00767736 0.05610882 0.07609190
v 0.00820088 0.05647381 0.07525478
v 0.00801275 0.05697755 0.07544222
v 0.00726677 0.05582583 0.07702072
v 0.00750707 0.05662618 0.07625373
v 0.00676646 0.05548477 0.07903770
v 0.00662865 0.05602660 0.07910617
v 0.00696671 0.05562077 0.07801071
v 0.00710444 0.05634963 0.07715103
v 0.00649284 0.05585218 0.08113799
v 0.00662435 0.05538704 0.08113839
v 0.00662435 0.05538705 0.08113839
v 0.00664344 0.05531953 0.08113845
v 0.01130375 0.05872494 0.09585233
v 0.01130038 0.05872861 0.09585000
v 0.01051393 0.05814260 0.09575515
v 0.01069064 0.05793946 0.09585416
v 0.01086956 0.05774072 0.09592299
v 0.01115203 0.05795143 0.09595908
v 0.01148894 0.05853001 0.09593598
v 0.01158261 0.05827260 0.09601409
v 0.01167062 0.05833879 0.09601804
v 0.01045251 0.05743373 0.09578130
v 0.01053260 0.05749269 0.09580852
v 0.01015369 0.05754529 0.09565618
v 0.01086940 0.05774060 0.09592297
v 0.00963283 0.05716769 0.09533444
v 0.00994719 0.05706557 0.09548674
v 0.01033150 0.05734557 0.09571076
v 0.00930838 0.05660632 0.09493673
v 0.00943023 0.05669302 0.09508180
v 0.00913931 0.05681357 0.09488327
v 0.00943353 0.05669536 0.09508571
v 0.00979952 0.05695798 0.09540066
v 0.00891297 0.05632500 0.09446604
v 0.00868511 0.05649063 0.09429619
v 0.00890118 0.05631673 0.09444560
v 0.00830355 0.05589780 0.09335347
v 0.00839083 0.05595846 0.09356114
v 0.00815121 0.05611500 0.09330403
v 0.00839981 0.05596475 0.09357669
v 0.00884641 0.05627828 0.09435068
v 0.00758183 0.05571881 0.09167401
v 0.00773010 0.05550149 0.09170906
v 0.00793372 0.05564153 0.09238089
v 0.00803444 0.05571080 0.09271319
v 0.00720854 0.05514579 0.08908099
v 0.00726040 0.05518087 0.08952608
v 0.00706815 0.05536576 0.08906315
v 0.00742937 0.05529595 0.09037803
v 0.00762378 0.05542837 0.09135826
v 0.00692046 0.05495138 0.08549789
v 0.00698251 0.05499302 0.08701917
v 0.00677527 0.05516744 0.08549688
v 0.00701189 0.05501279 0.08739333
v 0.00704189 0.05503309 0.08765082
v 0.00664344 0.05531953 0.08113845
v 0.00673200 0.05513623 0.08113822
v 0.00667490 0.05542261 0.08549367
v 0.00662435 0.05538704 0.08113839
v 0.00662435 0.05538705 0.08113839
v 0.00684559 0.05490116 0.08113794
v 0.00684624 0.05490159 0.08152266
v 0.00685169 0.05490523 0.08282618
v 0.00686465 0.05491392 0.08412971
v 0.00654378 0.05596938 0.08548486
v 0.00649284 0.05585218 0.08113799
v 0.00696424 0.05561884 0.08903212
v 0.00681900 0.05615542 0.08894988
v 0.00746764 0.05596552 0.09161018
v 0.00802299 0.05635255 0.09321976
v 0.00782227 0.05684512 0.09299328
v 0.00854376 0.05671932 0.09420183
v 0.00898794 0.05703529 0.09478484
v 0.00872023 0.05747694 0.09452812
v 0.00830991 0.05718650 0.09394706
v 0.00947158 0.05738232 0.09523518
v 0.00918495 0.05780809 0.09496934
v 0.00998382 0.05775355 0.09555753
v 0.01018783 0.05853772 0.09549468
v 0.01095451 0.05910582 0.09561027
v 0.01174812 0.05970986 0.09561062
v 0.01210021 0.05932927 0.09585235
v 0.01854057 0.06388016 0.09601817
v 0.02283590 0.06768166 0.09601820
v 0.02538771 0.07076916 0.09585333
v 0.02362437 0.06841308 0.09601821
v 0.02538773 0.07076914 0.09585334
v 0.02575985 0.07039402 0.09601822
v 0.01246845 0.05894486 0.09601806
v 0.01250504 0.05897271 0.09601806
v 0.01634723 0.06203390 0.09601814
v 0.01811686 0.06421507 0.09585243
v 0.01771562 0.06318575 0.09601816
v 0.01849084 0.06383831 0.09601817
v 0.01130375 0.05872494 0.09585233
v 0.01148894 0.05853001 0.09593598
v 0.01185052 0.05847457 0.09601804
v 0.01167062 0.05833879 0.09601804
v 0.01130038 0.05872861 0.09585000
v 0.01775644 0.06458567 0.09561209
v 0.02538631 0.07077059 0.09585239
v 0.03003447 0.07451264 0.08903806
v 0.03007160 0.07454896 0.08713785
v 0.02958170 0.07480715 0.08713833
v 0.02995067 0.07443017 0.09020047
v 0.03003347 0.07451164 0.08905211
v 0.02947558 0.07470562 0.09014478
v 0.02954839 0.07440615 0.09172091
v 0.02976927 0.07425289 0.09174894
v 0.02979448 0.07427739 0.09160162
v 0.02929889 0.07453324 0.09166545
v 0.02984980 0.07433113 0.09127847
v 0.02990818 0.07438836 0.09078988
v 0.02937389 0.07386519 0.09344338
v 0.02942883 0.07391928 0.09324283
v 0.02921159 0.07407672 0.09320455
v 0.02948503 0.07397459 0.09303772
v 0.02965454 0.07414143 0.09241904
v 0.02895388 0.07382462 0.09389673
v 0.02916378 0.07366036 0.09393486
v 0.02933334 0.07382553 0.09355741
v 0.02883281 0.07333785 0.09456583
v 0.02885832 0.07336271 0.09452569
v 0.02862071 0.07349983 0.09451769
v 0.02899501 0.07349595 0.09431057
v 0.02915803 0.07365476 0.09394766
v 0.02820615 0.07309735 0.09503340
v 0.02840820 0.07292604 0.09507546
v 0.02846933 0.07298522 0.09500935
v 0.02873037 0.07323798 0.09472707
v 0.02772449 0.07263148 0.09542247
v 0.02805484 0.07258457 0.09538859
v 0.02824485 0.07276786 0.09525210
v 0.02739373 0.07194867 0.09573396
v 0.02744983 0.07200257 0.09570903
v 0.02786618 0.07240260 0.09552408
v 0.02792807 0.07246230 0.09547963
v 0.02672245 0.07130747 0.09591430
v 0.02683876 0.07141828 0.09589177
v 0.02644690 0.07177397 0.09575297
v 0.02719291 0.07175573 0.09582317
v 0.02699135 0.07229454 0.09559406
v 0.02538773 0.07076914 0.09585334
v 0.02575985 0.07039402 0.09601822
v 0.02631523 0.07091947 0.09599318
v 0.02538631 0.07077059 0.09585239
v 0.02538771 0.07076916 0.09585333
v 0.02605093 0.07210535 0.09547471
v 0.02658020 0.07260958 0.09535180
v 0.02751105 0.07279414 0.09533283
v 0.02708366 0.07309349 0.09509888
v 0.02798593 0.07325337 0.09494603
v 0.02839385 0.07364929 0.09443408
v 0.02754366 0.07353871 0.09471842
v 0.02871986 0.07396704 0.09381822
v 0.02793718 0.07391890 0.09421483
v 0.02897086 0.07421254 0.09313242
v 0.02824091 0.07421321 0.09360509
v 0.02877747 0.07473783 0.09151063
v 0.02847222 0.07443914 0.09293394
v 0.02958066 0.07480770 0.08713833
v 0.02958062 0.07480771 0.08713833
v 0.02893000 0.07488697 0.09003869
v 0.02321965 0.06922004 0.08569514
v 0.02299309 0.06896224 0.08603768
v 0.02339558 0.06941059 0.08663927
v 0.02507995 0.07132841 0.08498805
v 0.02484624 0.07107771 0.08464549
v 0.02392195 0.07000201 0.08605986
v 0.02430324 0.07042620 0.08686009
v 0.02531305 0.07157965 0.08533057
v 0.02518120 0.07143704 0.08513647
v 0.02391975 0.07000420 0.08742959
v 0.02344449 0.06947946 0.08535267
v 0.02368127 0.06973793 0.08570290
v 0.02378762 0.06985401 0.08586021
v 0.02531305 0.07157965 0.08533057
v 0.02553857 0.07138531 0.08533058
v 0.02518120 0.07143704 0.08513647
v 0.02539905 0.07123476 0.08512547
v 0.02507995 0.07132841 0.08498805
v 0.02529763 0.07112627 0.08497704
v 0.02484624 0.07107771 0.08464549
v 0.02505604 0.07086785 0.08462348
v 0.02413331 0.06979058 0.08603769
v 0.02392195 0.07000201 0.08605986
v 0.02474003 0.07049464 0.08511084
v 0.02484624 0.07107771 0.08464549
v 0.02505604 0.07086785 0.08462348
v 0.02392195 0.07000201 0.08605986
v 0.02413331 0.06979058 0.08603769
v 0.02378762 0.06985401 0.08586021
v 0.02399877 0.06964282 0.08583808
v 0.02368127 0.06973793 0.08570290
v 0.02389972 0.06953507 0.08569185
v 0.02344449 0.06947946 0.08535267
v 0.02365503 0.06926885 0.08533058
v 0.02344449 0.06947946 0.08535267
v 0.02365503 0.06926885 0.08533058
v 0.02321965 0.06922004 0.08569514
v 0.02353942 0.06913451 0.08550733
v 0.02299309 0.06896224 0.08603768
v 0.02318993 0.06873395 0.08603769
v 0.02299309 0.06896224 0.08603768
v 0.02318993 0.06873395 0.08603769
v 0.02339558 0.06941059 0.08663927
v 0.02360780 0.06919831 0.08666153
v 0.02391975 0.07000420 0.08742959
v 0.02413251 0.06979138 0.08745191
v 0.02391975 0.07000420 0.08742959
v 0.02413251 0.06979138 0.08745191
v 0.02430324 0.07042620 0.08686009
v 0.02452285 0.07022222 0.08687124
v 0.02531305 0.07157965 0.08533057
v 0.02553857 0.07138531 0.08533058
v 0.02325701 0.06928896 0.08815344
v 0.02379963 0.06989578 0.08838684
v 0.02384876 0.06994351 0.08815343
v 0.02434475 0.07050846 0.08862199
v 0.02374779 0.06985009 0.08862199
v 0.02463888 0.07084284 0.08887829
v 0.02463399 0.07084771 0.08912200
v 0.02512470 0.07138895 0.08912199
v 0.02464101 0.07084071 0.08877250
v 0.02464140 0.07084031 0.08874931
v 0.02550329 0.07180799 0.08912199
v 0.02550722 0.07181233 0.08912199
v 0.02629723 0.07267555 0.08865342
v 0.02564542 0.07195130 0.08865343
v 0.02629471 0.07267810 0.08888769
v 0.02495746 0.07118688 0.08865343
v 0.02445879 0.07061830 0.08815343
v 0.02496405 0.07118032 0.08815342
v 0.02464364 0.07083808 0.08862199
v 0.02496101 0.07118335 0.08839709
v 0.02328347 0.06933802 0.08862199
v 0.02262354 0.06861552 0.08862200
v 0.02295112 0.06895059 0.08815344
v 0.02262989 0.06860915 0.08837830
v 0.02128343 0.06712720 0.08812200
v 0.02182114 0.06771150 0.08812196
v 0.02128975 0.06712085 0.08788772
v 0.02209723 0.06799296 0.08765344
v 0.02129251 0.06711808 0.08778564
v 0.02129565 0.06711499 0.08765344
v 0.02263273 0.06860633 0.08827004
v 0.02295341 0.06894829 0.08802224
v 0.02263611 0.06860296 0.08812200
v 0.02246554 0.06839637 0.08765344
v 0.02295985 0.06894186 0.08765343
v 0.02629191 0.07268087 0.08912198
v 0.02629366 0.07267914 0.08898367
v 0.02624890 0.07263326 0.08912198
v 0.02629451 0.07267828 0.08890440
v 0.02495973 0.07118463 0.08850021
v 0.02652001 0.07247495 0.08863769
v 0.02629723 0.07267555 0.08865342
v 0.02651969 0.07247527 0.08866602
v 0.02629471 0.07267810 0.08888769
v 0.02651718 0.07247777 0.08888767
v 0.02629191 0.07268087 0.08912198
v 0.02651436 0.07248060 0.08913769
v 0.02629366 0.07267914 0.08898367
v 0.02629451 0.07267828 0.08890440
v 0.02518037 0.07098617 0.08863769
v 0.02495746 0.07118688 0.08865343
v 0.02585772 0.07173894 0.08863769
v 0.02564542 0.07195130 0.08865343
v 0.02645386 0.07240143 0.08863769
v 0.02629723 0.07267555 0.08865342
v 0.02652001 0.07247495 0.08863769
v 0.02518347 0.07098306 0.08839707
v 0.02518683 0.07097969 0.08813769
v 0.02496405 0.07118032 0.08815342
v 0.02495746 0.07118688 0.08865343
v 0.02518037 0.07098617 0.08863769
v 0.02495973 0.07118463 0.08850021
v 0.02496101 0.07118335 0.08839709
v 0.02295112 0.06895059 0.08815344
v 0.02325701 0.06928896 0.08815344
v 0.02317413 0.06874975 0.08813769
v 0.02384876 0.06994351 0.08815343
v 0.02518683 0.07097969 0.08813769
v 0.02445879 0.07061830 0.08815343
v 0.02496405 0.07118032 0.08815342
v 0.02295112 0.06895059 0.08815344
v 0.02317413 0.06874975 0.08813769
v 0.02295341 0.06894829 0.08802224
v 0.02318274 0.06874114 0.08763769
v 0.02295985 0.06894186 0.08765343
v 0.02246554 0.06839637 0.08765344
v 0.02295985 0.06894186 0.08765343
v 0.02318274 0.06874114 0.08763769
v 0.02209723 0.06799296 0.08765344
v 0.02149747 0.06689088 0.08763769
v 0.02129565 0.06711499 0.08765344
v 0.02149094 0.06689741 0.08788767
v 0.02148440 0.06690394 0.08813769
v 0.02128343 0.06712720 0.08812200
v 0.02129565 0.06711499 0.08765344
v 0.02149747 0.06689088 0.08763769
v 0.02129251 0.06711808 0.08778564
v 0.02128975 0.06712085 0.08788772
v 0.02283727 0.06837951 0.08813769
v 0.02263611 0.06860296 0.08812200
v 0.02148440 0.06690394 0.08813769
v 0.02182114 0.06771150 0.08812196
v 0.02128343 0.06712720 0.08812200
v 0.02283116 0.06838562 0.08837826
v 0.02282457 0.06839221 0.08863769
v 0.02262354 0.06861552 0.08862200
v 0.02263611 0.06860296 0.08812200
v 0.02283727 0.06837951 0.08813769
v 0.02263273 0.06860633 0.08827004
v 0.02262989 0.06860915 0.08837830
v 0.02464364 0.07083808 0.08862199
v 0.02434475 0.07050846 0.08862199
v 0.02484492 0.07061450 0.08863769
v 0.02374779 0.06985009 0.08862199
v 0.02282457 0.06839221 0.08863769
v 0.02328347 0.06933802 0.08862199
v 0.02262354 0.06861552 0.08862200
v 0.02463888 0.07084284 0.08887829
v 0.02484024 0.07061918 0.08887826
v 0.02463399 0.07084771 0.08912200
v 0.02483518 0.07062424 0.08913769
v 0.02464364 0.07083808 0.08862199
v 0.02484492 0.07061450 0.08863769
v 0.02464140 0.07084031 0.08874931
v 0.02464101 0.07084071 0.08877250
v 0.02629191 0.07268087 0.08912198
v 0.02624890 0.07263326 0.08912198
v 0.02651436 0.07248060 0.08913769
v 0.02550722 0.07181233 0.08912199
v 0.02571466 0.07159652 0.08913769
v 0.02463399 0.07084771 0.08912200
v 0.02483518 0.07062424 0.08913769
v 0.02512470 0.07138895 0.08912199
v 0.02550329 0.07180799 0.08912199
v 0.04651340 0.03182670 0.07003208
v 0.04676321 0.03210862 0.06878674
v 0.04909130 0.03440432 0.07114460
v 0.04907487 0.03442004 0.06978413
v 0.04653891 0.03193057 0.06869903
v 0.04611937 0.03151576 0.06987849
v 0.04637217 0.03179819 0.06863381
v 0.04620959 0.03156564 0.06990942
v 0.04636134 0.03168570 0.06996862
v 0.04551178 0.03124987 0.06968426
v 0.04577884 0.03153983 0.06844443
v 0.04563548 0.03127209 0.06971741
v 0.04590505 0.03156274 0.06847824
v 0.04575212 0.03131272 0.06975261
v 0.04605251 0.03163026 0.06852598
v 0.04580585 0.03134242 0.06977104
v 0.04606033 0.03163385 0.06852853
v 0.04630801 0.03174727 0.06860873
v 0.04523180 0.03120188 0.06960972
v 0.04549562 0.03148968 0.06836882
v 0.04524359 0.03120168 0.06961240
v 0.04550079 0.03148937 0.06836994
v 0.04577149 0.03153850 0.06844246
v 0.04451225 0.03133963 0.06947080
v 0.04490762 0.03158384 0.06825160
v 0.04465868 0.03128311 0.06949329
v 0.04493220 0.03157692 0.06825590
v 0.04466133 0.03128209 0.06949370
v 0.04517399 0.03150884 0.06829817
v 0.04494447 0.03122299 0.06954738
v 0.04521115 0.03150662 0.06830633
v 0.04502902 0.03120533 0.06956340
v 0.04534129 0.03149887 0.06833491
v 0.04548895 0.03149008 0.06836734
v 0.04439502 0.03186713 0.06819032
v 0.04445884 0.03181112 0.06819373
v 0.04413704 0.03155879 0.06942827
v 0.04455450 0.03175898 0.06820532
v 0.04438778 0.03141233 0.06945669
v 0.04466378 0.03169941 0.06821854
v 0.04484180 0.03160237 0.06824009
v 0.04411204 0.03157879 0.06942655
v 0.04399514 0.03167231 0.06941844
v 0.04418712 0.03204957 0.06817922
v 0.04384697 0.03183358 0.06941691
v 0.04412040 0.03210812 0.06817565
v 0.04358938 0.03211394 0.06941424
v 0.04387261 0.03239255 0.06817609
v 0.04407797 0.03214535 0.06817338
v 0.03854982 0.03854982 0.06825843
v 0.04059620 0.03636122 0.06824862
v 0.04032408 0.03609014 0.06948827
v 0.04308719 0.03277626 0.06943318
v 0.04109550 0.03582720 0.06824623
v 0.04210684 0.03397816 0.06945617
v 0.04103273 0.03529500 0.06948138
v 0.04048451 0.03592007 0.06948762
v 0.03826877 0.03826877 0.06949638
v 0.03766092 0.03886732 0.06949590
v 0.03699409 0.04000440 0.06825142
v 0.03671949 0.03972863 0.06949009
v 0.03582565 0.04109689 0.06824618
v 0.03527858 0.04104691 0.06948119
v 0.03466205 0.04157164 0.06947290
v 0.03328040 0.04315477 0.06819423
v 0.03398183 0.04211028 0.06945724
v 0.03300887 0.04288072 0.06943484
v 0.03211394 0.04358938 0.06941424
v 0.03239255 0.04387261 0.06817610
v 0.03172943 0.04394659 0.06941882
v 0.03200868 0.04422652 0.06818004
v 0.03179640 0.04386258 0.06941294
v 0.03209679 0.04414529 0.06817912
v 0.03194484 0.04372499 0.06941125
v 0.03139360 0.04440001 0.06945572
v 0.03167916 0.04467501 0.06821704
v 0.03145655 0.04428896 0.06944275
v 0.03178634 0.04451870 0.06820258
v 0.03149669 0.04423860 0.06943923
v 0.03182674 0.04445977 0.06819711
v 0.03194885 0.04428169 0.06818064
v 0.03124063 0.04551868 0.06968402
v 0.03152124 0.04573190 0.06842976
v 0.03121330 0.04536754 0.06964349
v 0.03151171 0.04562808 0.06840383
v 0.03121285 0.04536506 0.06964282
v 0.03148854 0.04537562 0.06834078
v 0.03120978 0.04507837 0.06957575
v 0.03149302 0.04534509 0.06833461
v 0.03120887 0.04499311 0.06955580
v 0.03153326 0.04507116 0.06827924
v 0.03124519 0.04479180 0.06951648
v 0.03153460 0.04506203 0.06827740
v 0.03124723 0.04478051 0.06951428
v 0.03153849 0.04503558 0.06827205
v 0.03134752 0.04451980 0.06947416
v 0.03163297 0.04479341 0.06823510
v 0.03163318 0.04479286 0.06823502
v 0.03138408 0.04591295 0.06980424
v 0.03161337 0.04602096 0.06851522
v 0.03128814 0.04564928 0.06972384
v 0.03157471 0.04590792 0.06848127
v 0.03152371 0.04575883 0.06843649
v 0.03182670 0.04651340 0.07003209
v 0.03210864 0.04676322 0.06878667
v 0.03159939 0.04622895 0.06992064
v 0.03193769 0.04657570 0.06870896
v 0.03191288 0.04653697 0.06869499
v 0.03187970 0.04648515 0.06867632
v 0.03146894 0.04606571 0.06985667
v 0.03175183 0.04628551 0.06860434
v 0.03139896 0.04593974 0.06981344
v 0.03169097 0.04619047 0.06857008
v 0.03164886 0.04612472 0.06854638
v 0.03440432 0.04909130 0.07114461
v 0.03442004 0.04907487 0.06978413
v 0.03553318 0.05007402 0.07023762
v 0.03550491 0.05005686 0.07022802
v 0.03522805 0.04980861 0.07147500
v 0.03539848 0.04999232 0.07019190
v 0.03476685 0.04942853 0.07129505
v 0.03505585 0.04967105 0.07004911
v 0.03462548 0.04931203 0.07123990
v 0.03534345 0.04990371 0.07152003
v 0.03551102 0.05000564 0.07157695
v 0.03586612 0.05027595 0.07035063
v 0.03563516 0.05005687 0.07161346
v 0.03591291 0.05030433 0.07036651
v 0.03651704 0.05050651 0.07053321
v 0.03645947 0.05050339 0.07052109
v 0.03630429 0.05027565 0.07179686
v 0.03605420 0.05022981 0.07173668
v 0.03625863 0.05044090 0.07046678
v 0.03598463 0.05020111 0.07171623
v 0.03618411 0.05041772 0.07044663
v 0.03601112 0.05036390 0.07039985
v 0.03698837 0.05021715 0.07191884
v 0.03725113 0.05046329 0.07066874
v 0.03690009 0.05024661 0.07190816
v 0.03710975 0.05048919 0.07064666
v 0.03675221 0.05027186 0.07188471
v 0.03691897 0.05052414 0.07061686
v 0.03665451 0.05027318 0.07186566
v 0.03690150 0.05052734 0.07061413
v 0.03631585 0.05027776 0.07179964
v 0.03670454 0.05051667 0.07057267
v 0.03657449 0.05050962 0.07054530
v 0.03742361 0.05007191 0.07197153
v 0.03754440 0.05035748 0.07070247
v 0.03732867 0.05044909 0.07068085
v 0.03826677 0.04996517 0.07075552
v 0.03792603 0.05019543 0.07074070
v 0.03772387 0.04991913 0.07199585
v 0.03742579 0.05007118 0.07197180
v 0.03792600 0.05019544 0.07074070
v 0.03767482 0.05030210 0.07071554
v 0.03801448 0.04972027 0.07200786
v 0.03845712 0.04941738 0.07202616
v 0.03870951 0.04966601 0.07077476
v 0.04203333 0.04686932 0.07080667
v 0.04024014 0.04792749 0.07204465
v 0.04144259 0.04692271 0.07205712
v 0.04174947 0.04664908 0.07205781
v 0.04292732 0.04602220 0.07080644
v 0.04267592 0.04577183 0.07205755
v 0.04451642 0.04451642 0.07080602
v 0.04426611 0.04426610 0.07205710
v 0.04456545 0.04396471 0.07205718
v 0.04683616 0.04206832 0.07080666
v 0.04657895 0.04180995 0.07205711
v 0.04686932 0.04203332 0.07080667
v 0.04941739 0.03845712 0.07202616
v 0.04966602 0.03870951 0.07077476
v 0.04792767 0.04024030 0.07204469
v 0.04693182 0.04143230 0.07205708
v 0.05025093 0.03687889 0.07190495
v 0.05026294 0.03672285 0.07187682
v 0.05050914 0.03698588 0.07062669
v 0.04991072 0.03773869 0.07199684
v 0.05022336 0.03787405 0.07073686
v 0.05010754 0.03804766 0.07074474
v 0.04978617 0.03794361 0.07200885
v 0.04998661 0.03822893 0.07075296
v 0.04975596 0.03798568 0.07201026
v 0.05028746 0.03772404 0.07072192
v 0.05003132 0.03746276 0.07196998
v 0.05032335 0.03764009 0.07071356
v 0.05020273 0.03707056 0.07193178
v 0.05043058 0.03738912 0.07068857
v 0.05020613 0.03706278 0.07193101
v 0.05044204 0.03733036 0.07067955
v 0.05043288 0.03737734 0.07068676
v 0.05026840 0.03624324 0.07178308
v 0.05050863 0.03655384 0.07054097
v 0.05028420 0.03640323 0.07181844
v 0.05051560 0.03667258 0.07056609
v 0.05028608 0.03642228 0.07182264
v 0.05052826 0.03688778 0.07061163
v 0.05051706 0.03694522 0.07062044
v 0.05011112 0.03572264 0.07164341
v 0.05036145 0.03600543 0.07039815
v 0.05014710 0.03580360 0.07166782
v 0.05042591 0.03621120 0.07045389
v 0.05022213 0.03607555 0.07173912
v 0.05046856 0.03634733 0.07049078
v 0.05050295 0.03645708 0.07052051
v 0.04953811 0.03491196 0.06998960
v 0.04997441 0.03537528 0.07018314
v 0.04969338 0.03505340 0.07141357
v 0.05008249 0.03555123 0.07024317
v 0.04983883 0.03527868 0.07149206
v 0.05008624 0.03555735 0.07024526
v 0.05007949 0.03565142 0.07162195
v 0.05028907 0.03588758 0.07035793
v 0.05035707 0.03599830 0.07039572
v 0.04929485 0.03462376 0.07123554
v 0.03754123 0.04944912 0.06923704
v 0.03762047 0.04608560 0.06848189
v 0.03737326 0.04951522 0.06921883
v 0.03757177 0.04608310 0.06847148
v 0.03726703 0.04955703 0.06920731
v 0.03708772 0.04958541 0.06917816
v 0.03753650 0.04607519 0.06846256
v 0.03685629 0.04953728 0.06912094
v 0.03695721 0.04957314 0.06914933
v 0.03553840 0.04846390 0.06860988
v 0.03629689 0.04919649 0.06893064
v 0.03745952 0.04605794 0.06844309
v 0.03649997 0.04933327 0.06900275
v 0.03674319 0.04949710 0.06908912
v 0.03744454 0.04605172 0.06843866
v 0.03741522 0.04603957 0.06842997
v 0.03736260 0.04600607 0.06841172
v 0.03731945 0.04597859 0.06839675
v 0.03728779 0.04594950 0.06838374
v 0.03728394 0.04594595 0.06838215
v 0.03719336 0.04581319 0.06833364
v 0.03322635 0.04615159 0.06761324
v 0.03721535 0.04585597 0.06834783
v 0.03723014 0.04587538 0.06835523
v 0.03718702 0.04579271 0.06832771
v 0.03715960 0.04570412 0.06830202
v 0.03303213 0.04590594 0.06751762
v 0.03715553 0.04560745 0.06827921
v 0.03293187 0.04563007 0.06743387
v 0.03294516 0.04570974 0.06745491
v 0.03715937 0.04570230 0.06830155
v 0.03715344 0.04565623 0.06828988
v 0.03301581 0.04588531 0.06750959
v 0.03294861 0.04573048 0.06746039
v 0.03303320 0.04535001 0.06738968
v 0.03302027 0.04537285 0.06739235
v 0.03296077 0.04547796 0.06740461
v 0.03293603 0.04556197 0.06741900
v 0.03322131 0.04514685 0.06738076
v 0.03715836 0.04554073 0.06826462
v 0.03331203 0.04507247 0.06738190
v 0.03716446 0.04551219 0.06825936
v 0.03716872 0.04549227 0.06825570
v 0.03719677 0.04542112 0.06824521
v 0.03730529 0.04526006 0.06823061
v 0.03731374 0.04525006 0.06823005
v 0.03682686 0.04223368 0.06745130
v 0.03721165 0.04538340 0.06823965
v 0.03723740 0.04534043 0.06823510
v 0.03724170 0.04533533 0.06823482
v 0.03735149 0.04521774 0.06823036
v 0.03738169 0.04519935 0.06823230
v 0.03745219 0.04515643 0.06823685
v 0.03746623 0.04515076 0.06823841
v 0.03749879 0.04513760 0.06824202
v 0.03755943 0.04512405 0.06825123
v 0.03761305 0.04511206 0.06825938
v 0.03765458 0.04510979 0.06826727
v 0.03962169 0.03962169 0.06746258
v 0.03766176 0.04510940 0.06826865
v 0.03774957 0.04511950 0.06828872
v 0.03946117 0.04336776 0.06824477
v 0.03782304 0.04513616 0.06830739
v 0.03784026 0.04514467 0.06831281
v 0.03796426 0.04521531 0.06835393
v 0.03949487 0.04350437 0.06828203
v 0.03792518 0.04518662 0.06833951
v 0.03946738 0.04341571 0.06825669
v 0.03792473 0.04518640 0.06833937
v 0.03946714 0.04341389 0.06825623
v 0.03946319 0.04331894 0.06823436
v 0.03946597 0.04325213 0.06822011
v 0.03947202 0.04322357 0.06821504
v 0.03947625 0.04320359 0.06821148
v 0.03777671 0.04512262 0.06829494
v 0.03950420 0.04313237 0.06820148
v 0.03951904 0.04309458 0.06819618
v 0.03954471 0.04305152 0.06819196
v 0.03954899 0.04304644 0.06819172
v 0.03961245 0.04297102 0.06818817
v 0.03962090 0.04296100 0.06818770
v 0.03965857 0.04292861 0.06818834
v 0.03968871 0.04291018 0.06819052
v 0.03975909 0.04286714 0.06819559
v 0.03977312 0.04286145 0.06819726
v 0.03980561 0.04284825 0.06820108
v 0.03986620 0.04283461 0.06821064
v 0.03991974 0.04282257 0.06821909
v 0.03996124 0.04282025 0.06822719
v 0.03996838 0.04281985 0.06822859
v 0.04005615 0.04282988 0.06824902
v 0.04008324 0.04283298 0.06825532
v 0.04012954 0.04284648 0.06826791
v 0.03812722 0.04565191 0.06848584
v 0.03811863 0.04568270 0.06849108
v 0.03976748 0.04376968 0.06839702
v 0.03809586 0.04576416 0.06850495
v 0.03984439 0.04378689 0.06841666
v 0.03809071 0.04577516 0.06850640
v 0.03821709 0.04900518 0.06926974
v 0.03953806 0.04358710 0.06830928
v 0.03952326 0.04356769 0.06830193
v 0.03950122 0.04352487 0.06828788
v 0.03806876 0.04533744 0.06840275
v 0.03962742 0.04369037 0.06835060
v 0.03805622 0.04531847 0.06839592
v 0.03804214 0.04529716 0.06838824
v 0.03809716 0.04540299 0.06842335
v 0.03811390 0.04544162 0.06843549
v 0.03812511 0.04548847 0.06844837
v 0.03975247 0.04376346 0.06839255
v 0.03972319 0.04375134 0.06838383
v 0.03813239 0.04560335 0.06847587
v 0.03967056 0.04371783 0.06836557
v 0.03813140 0.04558789 0.06847217
v 0.03812537 0.04549253 0.06844934
v 0.03799517 0.04524779 0.06836755
v 0.03959573 0.04366125 0.06833762
v 0.03959188 0.04365771 0.06833603
v 0.04014678 0.04285500 0.06827336
v 0.04023122 0.04289669 0.06830006
v 0.04023166 0.04289690 0.06830019
v 0.04036275 0.04302880 0.06835640
v 0.04037531 0.04304778 0.06836316
v 0.04393506 0.04393506 0.06930429
v 0.04027073 0.04292559 0.06831461
v 0.04030167 0.04295810 0.06832818
v 0.04034864 0.04300747 0.06834878
v 0.04040376 0.04311339 0.06838350
v 0.04042053 0.04315205 0.06839547
v 0.04043180 0.04319897 0.06840812
v 0.04043921 0.04331398 0.06843496
v 0.04043412 0.04336263 0.06844460
v 0.04043206 0.04320301 0.06840907
v 0.04043821 0.04329850 0.06843134
v 0.04042558 0.04339345 0.06844962
v 0.04040294 0.04347504 0.06846291
v 0.04039782 0.04348605 0.06846428
v 0.03807467 0.04580947 0.06851093
v 0.03804148 0.04585926 0.06851553
v 0.03801634 0.04589697 0.06851900
v 0.03797867 0.04593332 0.06851965
v 0.03793122 0.04597911 0.06852045
v 0.03790491 0.04599736 0.06851928
v 0.03789015 0.04600759 0.06851863
v 0.03781826 0.04604188 0.06851189
v 0.03778396 0.04605823 0.06850868
v 0.03773610 0.04607204 0.06850215
v 0.03772683 0.04607312 0.06850053
v 0.03763097 0.04608437 0.06848373
v 0.04028606 0.04364451 0.06847616
v 0.04023869 0.04369039 0.06847651
v 0.04148562 0.04625589 0.06930360
v 0.04038181 0.04352044 0.06846855
v 0.04034872 0.04357030 0.06847272
v 0.04032364 0.04360809 0.06847587
v 0.04021243 0.04370869 0.06847515
v 0.04019770 0.04371894 0.06847437
v 0.04012590 0.04375333 0.06846719
v 0.04009165 0.04376972 0.06846376
v 0.04004387 0.04378358 0.06845698
v 0.04003456 0.04378468 0.06845532
v 0.03993879 0.04379602 0.06843812
v 0.03992833 0.04379726 0.06843623
v 0.03987968 0.04379478 0.06842568
v 0.04511538 0.03758779 0.06825500
v 0.04512129 0.03755913 0.06825054
v 0.04223231 0.03682850 0.06745132
v 0.04512544 0.03753905 0.06824741
v 0.04515302 0.03746746 0.06823917
v 0.04516765 0.03742946 0.06823478
v 0.04519307 0.03738616 0.06823177
v 0.04519732 0.03738104 0.06823171
v 0.04526024 0.03730511 0.06823061
v 0.04526863 0.03729499 0.06823046
v 0.04507248 0.03331203 0.06738190
v 0.04530603 0.03726235 0.06823234
v 0.04533598 0.03724375 0.06823538
v 0.04540596 0.03720027 0.06824247
v 0.04541988 0.03719451 0.06824446
v 0.04545223 0.03718113 0.06824910
v 0.04551249 0.03716723 0.06825998
v 0.04556585 0.03715492 0.06826963
v 0.04530653 0.03306590 0.06738624
v 0.04560712 0.03715244 0.06827850
v 0.04541182 0.03299810 0.06739686
v 0.04545151 0.03297255 0.06740088
v 0.04572125 0.03294600 0.06745772
v 0.04562028 0.03293149 0.06743153
v 0.04554514 0.03293952 0.06741581
v 0.04561429 0.03715201 0.06828006
v 0.04570170 0.03716174 0.06830189
v 0.04615159 0.03322635 0.06761323
v 0.04609286 0.03317020 0.06758844
v 0.04591263 0.03304028 0.06752079
v 0.04585846 0.03300123 0.06750046
v 0.04587681 0.03722834 0.06835519
v 0.04591584 0.03725698 0.06836986
v 0.04846391 0.03553840 0.06860988
v 0.04587632 0.03722809 0.06835503
v 0.04572875 0.03716475 0.06830865
v 0.04577493 0.03717813 0.06832186
v 0.04579207 0.03718658 0.06832746
v 0.04594672 0.03728944 0.06838344
v 0.04599372 0.03733885 0.06840411
v 0.04600781 0.03736015 0.06841161
v 0.04602041 0.03737920 0.06841833
v 0.04604895 0.03744488 0.06843808
v 0.04934299 0.03651182 0.06900736
v 0.04606581 0.03748365 0.06844976
v 0.04940726 0.03658300 0.06903641
v 0.04607719 0.03753068 0.06846184
v 0.04607747 0.03753470 0.06846271
v 0.04949733 0.03742768 0.06922555
v 0.04951714 0.03738720 0.06922204
v 0.04957998 0.03715626 0.06919055
v 0.04958196 0.03701174 0.06916223
v 0.04954511 0.03685757 0.06912299
v 0.04954500 0.03728479 0.06920808
v 0.04608392 0.03763050 0.06848353
v 0.04608497 0.03764607 0.06848691
v 0.04937033 0.03768742 0.06924803
v 0.04608007 0.03769489 0.06849565
v 0.04900518 0.03821709 0.06926973
v 0.04607167 0.03772584 0.06850000
v 0.04604940 0.03780783 0.06851150
v 0.04604435 0.03781888 0.06851257
v 0.04602855 0.03785346 0.06851597
v 0.04599577 0.03790364 0.06851866
v 0.04597092 0.03794166 0.06852071
v 0.04625589 0.04148562 0.06930360
v 0.04593364 0.03797836 0.06851965
v 0.04588661 0.03802462 0.06851833
v 0.04586053 0.03804307 0.06851614
v 0.04584589 0.03805344 0.06851491
v 0.04577453 0.03808823 0.06850576
v 0.04574046 0.03810484 0.06850139
v 0.04569289 0.03811894 0.06849346
v 0.04568369 0.03812008 0.06849160
v 0.04558835 0.03813184 0.06847237
v 0.04159398 0.04023776 0.06801731
v 0.04159771 0.04022002 0.06801438
v 0.04167502 0.04002165 0.06798949
v 0.04170441 0.03994623 0.06798004
v 0.04176785 0.03983909 0.06797139
v 0.04178446 0.03981916 0.06797086
v 0.04193604 0.03963748 0.06796596
v 0.04195722 0.03961207 0.06796528
v 0.04205198 0.03952997 0.06796892
v 0.04211145 0.03949335 0.06797435
v 0.04230323 0.03937526 0.06799189
v 0.04230968 0.03937262 0.06799276
v 0.04241794 0.03932821 0.06800737
v 0.04252775 0.03930318 0.06802640
v 0.04270228 0.03926339 0.06805665
v 0.04275282 0.03926049 0.06806721
v 0.04318036 0.03930916 0.06817190
v 0.04322655 0.03932268 0.06818492
v 0.04511102 0.03770386 0.06827755
v 0.04282499 0.03925635 0.06808231
v 0.04295844 0.03927147 0.06811497
v 0.04311054 0.03928871 0.06815219
v 0.04338335 0.03940019 0.06823568
v 0.04348103 0.03944848 0.06826730
v 0.04357349 0.03951654 0.06830184
v 0.04511285 0.03765489 0.06826804
v 0.04395226 0.04008639 0.06850316
v 0.04398080 0.04020470 0.06853385
v 0.04541757 0.03810610 0.06842845
v 0.04549430 0.03812308 0.06844928
v 0.04557789 0.03813314 0.06847025
v 0.04552942 0.03813085 0.06845880
v 0.04398610 0.04028501 0.06855156
v 0.04399981 0.04049271 0.06859739
v 0.04399792 0.04051122 0.06860080
v 0.04398724 0.04061536 0.06861991
v 0.04395440 0.04073494 0.06863739
v 0.04390962 0.04089791 0.06866117
v 0.04388354 0.04095450 0.06866716
v 0.04385765 0.04101071 0.06867310
v 0.04517360 0.03790430 0.06833234
v 0.04515149 0.03786141 0.06831864
v 0.04357775 0.03951968 0.06830342
v 0.04518844 0.03792377 0.06833964
v 0.04540266 0.03809994 0.06842384
v 0.04537341 0.03808786 0.06841475
v 0.04394296 0.04006494 0.06849668
v 0.04532092 0.03805446 0.06839610
v 0.04385375 0.03985931 0.06843458
v 0.04527779 0.03802703 0.06838078
v 0.04383885 0.03982497 0.06842421
v 0.04377279 0.03972506 0.06838899
v 0.04372723 0.03967708 0.06836900
v 0.04524617 0.03799797 0.06836775
v 0.04524228 0.03799439 0.06836614
v 0.04514510 0.03784091 0.06831304
v 0.04511738 0.03775197 0.06828874
v 0.04511715 0.03775019 0.06828831
v 0.04376451 0.04115238 0.06868204
v 0.04371364 0.04122977 0.06868692
v 0.04362019 0.04132128 0.06868553
v 0.04350242 0.04143661 0.06868376
v 0.04344795 0.04147490 0.06867986
v 0.04340002 0.04150860 0.06867644
v 0.04324328 0.04158429 0.06865819
v 0.04313500 0.04163658 0.06864558
v 0.04302931 0.04166762 0.06862916
v 0.04301627 0.04167144 0.06862714
v 0.04280277 0.04169701 0.06858631
v 0.04272760 0.04170602 0.06857194
v 0.04260987 0.04170016 0.06854529
v 0.04260551 0.04169994 0.06854430
v 0.04239000 0.04165168 0.06848766
v 0.04232639 0.04163744 0.06847094
v 0.04221438 0.04159088 0.06843698
v 0.04218271 0.04157063 0.06842588
v 0.04199503 0.04145063 0.06836009
v 0.04197524 0.04143798 0.06835315
v 0.04188775 0.04135732 0.06831725
v 0.04183961 0.04129402 0.06829347
v 0.04171610 0.04113164 0.06823248
v 0.04170791 0.04111569 0.06822735
v 0.04166100 0.04102441 0.06819791
v 0.04162474 0.04090756 0.06816536
v 0.04157635 0.04075164 0.06812193
v 0.04156849 0.04069087 0.06810738
v 0.04156065 0.04063031 0.06809289
v 0.04156735 0.04046407 0.06805925
v 0.04157232 0.04034088 0.06803433
v 0.04644228 0.03289495 0.06770757
v 0.04633588 0.03302738 0.06764722
v 0.04861285 0.03537575 0.06864127
v 0.04630223 0.03306371 0.06764101
v 0.04860748 0.03538190 0.06863946
v 0.04629665 0.03306974 0.06763999
v 0.04853933 0.03545996 0.06861668
v 0.04872786 0.03524404 0.06867972
v 0.04875536 0.03520700 0.06870175
v 0.04644571 0.03289068 0.06770951
v 0.04875850 0.03520277 0.06870426
v 0.04650871 0.03281227 0.06774524
v 0.04888898 0.03502707 0.06880879
v 0.04657166 0.03271761 0.06781878
v 0.04657304 0.03271552 0.06782040
v 0.04889325 0.03502131 0.06881222
v 0.04665796 0.03258781 0.06791962
v 0.04899091 0.03485708 0.06896629
v 0.04667941 0.03254561 0.06796776
v 0.04901748 0.03481240 0.06900823
v 0.04674373 0.03241900 0.06811216
v 0.04905953 0.03470788 0.06915289
v 0.04675127 0.03239416 0.06815226
v 0.04675174 0.03239261 0.06815477
v 0.04906023 0.03470616 0.06915527
v 0.04679004 0.03226653 0.06835833
v 0.04909118 0.03462924 0.06926174
v 0.04909673 0.03458217 0.06935793
v 0.04679095 0.03226353 0.06836318
v 0.04909702 0.03457960 0.06936319
v 0.04679153 0.03226162 0.06836627
v 0.04910633 0.03450057 0.06952470
v 0.04678759 0.03217522 0.06857575
v 0.04910056 0.03448579 0.06957230
v 0.04678745 0.03217207 0.06858339
v 0.04909961 0.03448333 0.06958021
v 0.04678641 0.03214933 0.06863851
v 0.04582296 0.03159739 0.06823489
v 0.04394457 0.03245220 0.06797655
v 0.04622987 0.03243259 0.06767552
v 0.04634919 0.03181796 0.06840081
v 0.04609530 0.03168691 0.06831576
v 0.04499505 0.03169219 0.06794564
v 0.04496205 0.03164388 0.06804582
v 0.04461056 0.03181304 0.06799908
v 0.04544044 0.03167049 0.06792679
v 0.04528355 0.03168725 0.06789408
v 0.04534483 0.03184130 0.06771458
v 0.04539014 0.03155833 0.06812728
v 0.04553544 0.03155753 0.06816061
v 0.04528894 0.03229400 0.06743083
v 0.04504457 0.03240845 0.06739763
v 0.04510988 0.03250847 0.06736870
v 0.04548986 0.03236710 0.06742777
v 0.04551402 0.03248388 0.06740498
v 0.04582192 0.03250136 0.06747950
v 0.04555512 0.03271494 0.06739396
v 0.04489780 0.03318268 0.06734560
v 0.04529817 0.03280832 0.06735349
v 0.04566373 0.03224243 0.06750675
v 0.04546359 0.03225181 0.06746254
v 0.04452262 0.03290145 0.06738277
v 0.04457240 0.03293930 0.06735967
v 0.04476793 0.03262139 0.06737692
v 0.04461646 0.03297236 0.06735446
v 0.04517451 0.03260945 0.06735200
v 0.04471257 0.03304445 0.06734311
v 0.04482301 0.03312730 0.06733006
v 0.04479646 0.03204930 0.06763060
v 0.04511159 0.03189957 0.06767272
v 0.04474244 0.03197661 0.06771370
v 0.04507022 0.03182038 0.06775740
v 0.04469317 0.03191273 0.06780394
v 0.04503122 0.03175108 0.06784893
v 0.04464911 0.03185814 0.06789964
v 0.04522573 0.03157637 0.06809300
v 0.04445991 0.03231029 0.06760607
v 0.04439529 0.03224633 0.06768853
v 0.04433744 0.03218966 0.06777825
v 0.04428684 0.03214073 0.06787356
v 0.04424377 0.03209977 0.06797268
v 0.04457764 0.03177733 0.06810060
v 0.04420824 0.03206671 0.06807398
v 0.04493242 0.03160601 0.06814782
v 0.04493220 0.03157692 0.06825590
v 0.04655799 0.03221427 0.06806898
v 0.04667941 0.03254560 0.06796776
v 0.04630051 0.03223672 0.06781435
v 0.04634459 0.03206336 0.06798938
v 0.04609003 0.03212704 0.06774374
v 0.04658513 0.03208074 0.06827313
v 0.04658099 0.03198135 0.06848727
v 0.04587102 0.03205364 0.06767851
v 0.04611423 0.03194374 0.06791218
v 0.04636032 0.03192204 0.06818929
v 0.04611536 0.03179523 0.06810725
v 0.04585395 0.03170882 0.06802961
v 0.04587074 0.03186275 0.06783980
v 0.04557911 0.03167009 0.06795860
v 0.04561681 0.03182633 0.06777408
v 0.04548915 0.03182633 0.06774474
v 0.04564570 0.03202067 0.06762004
v 0.04540609 0.03203302 0.06756740
v 0.04613760 0.03263885 0.06757998
v 0.04603069 0.03284307 0.06752942
v 0.04577718 0.03273057 0.06744833
v 0.04585426 0.03227104 0.06755640
v 0.04604354 0.03233507 0.06761292
v 0.04515482 0.03198781 0.06759649
v 0.04485453 0.03213002 0.06755622
v 0.04453053 0.03238082 0.06753247
v 0.04397538 0.03247775 0.06789112
v 0.04404522 0.03253305 0.06778483
v 0.04413387 0.03260324 0.06764993
v 0.04417697 0.03263657 0.06761155
v 0.04433742 0.03276061 0.06746873
v 0.04519922 0.03208395 0.06753008
v 0.04491588 0.03221769 0.06749194
v 0.04460620 0.03245698 0.06746910
v 0.04433742 0.03276061 0.06746873
v 0.03861637 0.03861637 0.06805859
v 0.04206923 0.03668636 0.06740667
v 0.04189315 0.03653248 0.06740273
v 0.03930383 0.03930382 0.06742439
v 0.03946759 0.03946759 0.06742657
v 0.03940172 0.03940172 0.06741118
v 0.03870810 0.03870809 0.06786671
v 0.04138461 0.03608535 0.06767577
v 0.04125610 0.03597137 0.06784818
v 0.04471257 0.03304446 0.06734311
v 0.04482301 0.03312731 0.06733006
v 0.04115942 0.03588501 0.06804283
v 0.03864481 0.03864481 0.06797317
v 0.03878827 0.03878827 0.06773181
v 0.03882695 0.03882695 0.06769334
v 0.04153987 0.03622238 0.06753852
v 0.03897065 0.03897064 0.06755043
v 0.04171305 0.03637464 0.06744611
v 0.03913543 0.03913542 0.06746431
v 0.03917977 0.03917977 0.06744113
v 0.04397538 0.03247775 0.06789112
v 0.04461646 0.03297236 0.06735446
v 0.04457240 0.03293930 0.06735967
v 0.04433742 0.03276062 0.06746873
v 0.04417697 0.03263658 0.06761155
v 0.03588345 0.04116081 0.06804279
v 0.03245221 0.04394457 0.06797656
v 0.03668474 0.04207059 0.06740664
v 0.03653088 0.04189452 0.06740271
v 0.03304446 0.04471257 0.06734312
v 0.03318268 0.04489780 0.06734561
v 0.03312732 0.04482301 0.06733007
v 0.03253305 0.04404522 0.06778484
v 0.03608377 0.04138599 0.06767573
v 0.03596981 0.04125748 0.06784815
v 0.03247775 0.04397538 0.06789112
v 0.03260324 0.04413386 0.06764994
v 0.03263658 0.04417697 0.06761156
v 0.03622079 0.04154125 0.06753850
v 0.03276062 0.04433742 0.06746874
v 0.03637304 0.04171443 0.06744608
v 0.03290145 0.04452262 0.06738278
v 0.03293930 0.04457239 0.06735968
v 0.03897065 0.03897065 0.06755043
v 0.03265638 0.04473229 0.06737580
v 0.03276061 0.04433742 0.06746874
v 0.03174159 0.04554175 0.06784990
v 0.03166873 0.04551988 0.06794471
v 0.03169865 0.04580778 0.06801694
v 0.03247775 0.04397538 0.06789112
v 0.03214452 0.04419830 0.06797130
v 0.03184189 0.04448008 0.06809116
v 0.03187693 0.04451378 0.06798974
v 0.03167312 0.04606191 0.06830527
v 0.03213599 0.04678105 0.06868189
v 0.03180510 0.04632830 0.06839339
v 0.03154730 0.04575448 0.06832584
v 0.03151668 0.04544963 0.06824931
v 0.03155796 0.04509626 0.06817597
v 0.03165159 0.04481630 0.06813026
v 0.03283621 0.04601996 0.06752558
v 0.03306356 0.04630173 0.06764254
v 0.03307061 0.04629523 0.06764127
v 0.03272574 0.04575705 0.06744273
v 0.03242303 0.04621460 0.06767008
v 0.03271550 0.04657326 0.06781993
v 0.03272072 0.04656984 0.06781577
v 0.03279921 0.04651832 0.06775325
v 0.03263061 0.04612457 0.06757532
v 0.03232505 0.04601974 0.06760542
v 0.03249520 0.04579539 0.06747215
v 0.03226360 0.04582153 0.06754737
v 0.03222596 0.04628323 0.06780820
v 0.03211564 0.04606280 0.06773518
v 0.03204504 0.04583275 0.06766798
v 0.03289080 0.04644545 0.06770986
v 0.03289721 0.04644036 0.06770682
v 0.03301408 0.04634736 0.06765144
v 0.03178191 0.04608323 0.06809715
v 0.03193123 0.04608417 0.06790274
v 0.03185322 0.04582791 0.06782803
v 0.03190960 0.04634018 0.06818214
v 0.03205163 0.04632566 0.06798266
v 0.03236963 0.04648954 0.06788470
v 0.03220657 0.04654862 0.06806527
v 0.03239436 0.04675347 0.06814671
v 0.03197317 0.04657097 0.06848331
v 0.03217659 0.04678614 0.06857596
v 0.03207275 0.04657536 0.06826926
v 0.03217712 0.04678620 0.06857459
v 0.03224081 0.04679417 0.06840840
v 0.03226894 0.04678683 0.06836019
v 0.03227044 0.04678644 0.06835765
v 0.03239162 0.04675481 0.06814996
v 0.03223313 0.04429316 0.06777690
v 0.03235167 0.04441772 0.06760477
v 0.03263657 0.04417697 0.06761156
v 0.03170628 0.04518642 0.06787557
v 0.03177732 0.04522018 0.06778318
v 0.03185858 0.04525516 0.06769745
v 0.03194921 0.04529085 0.06761999
v 0.03182494 0.04556219 0.06776125
v 0.03191792 0.04558085 0.06768036
v 0.03179383 0.04492096 0.06783226
v 0.03170628 0.04518642 0.06787557
v 0.03186156 0.04496353 0.06774124
v 0.03193889 0.04500929 0.06765719
v 0.03192099 0.04455366 0.06789042
v 0.03168882 0.04484709 0.06802845
v 0.03159659 0.04512414 0.06807364
v 0.03173619 0.04488204 0.06792857
v 0.03164598 0.04515428 0.06797296
v 0.03160691 0.04549699 0.06804399
v 0.03163728 0.04579268 0.06811816
v 0.03155627 0.04547344 0.06814606
v 0.03158687 0.04577476 0.06822165
v 0.03283921 0.04524934 0.06734846
v 0.03304445 0.04471257 0.06734312
v 0.03264784 0.04511457 0.06734593
v 0.03312730 0.04482301 0.06733007
v 0.03293930 0.04457239 0.06735968
v 0.03245406 0.04497394 0.06739058
v 0.03249547 0.04456694 0.06746786
v 0.03253960 0.04531259 0.06736977
v 0.03272115 0.04551689 0.06738640
v 0.03211871 0.04510794 0.06751613
v 0.03204802 0.04532672 0.06755217
v 0.03226410 0.04539678 0.06744964
v 0.03201931 0.04559739 0.06760865
v 0.03224114 0.04562311 0.06749714
v 0.03226980 0.04483569 0.06748404
v 0.03232327 0.04521114 0.06741882
v 0.03249318 0.04546124 0.06739469
v 0.03247651 0.04563811 0.06743212
v 0.03197416 0.04459962 0.06779488
v 0.03203625 0.04465139 0.06770485
v 0.03210678 0.04470848 0.06762202
v 0.03254549 0.04667968 0.06796736
v 0.03254923 0.04667786 0.06796293
v 0.03257626 0.04666466 0.06793086
v 0.03193889 0.04500929 0.06765719
v 0.03470573 0.04906559 0.06914383
v 0.03470607 0.04906550 0.06914324
v 0.03538269 0.04860791 0.06863663
v 0.03537560 0.04861448 0.06863785
v 0.03533922 0.04864812 0.06864409
v 0.03520889 0.04875268 0.06870358
v 0.03520243 0.04875785 0.06870653
v 0.03512383 0.04882093 0.06874241
v 0.03503246 0.04888158 0.06881347
v 0.03272072 0.04656984 0.06781577
v 0.03502718 0.04888508 0.06881756
v 0.03489914 0.04897008 0.06891714
v 0.03486147 0.04898871 0.06896127
v 0.03485770 0.04899057 0.06896567
v 0.03470348 0.04906618 0.06914767
v 0.03458199 0.04909807 0.06935523
v 0.03455211 0.04910591 0.06940627
v 0.03444721 0.04909262 0.06968008
v 0.03448805 0.04909779 0.06957349
v 0.03448855 0.04909785 0.06957219
v 0.03681545 0.05017871 0.06946451
v 0.03707793 0.05019124 0.06951968
v 0.03709324 0.05000307 0.06936358
v 0.03744413 0.04971735 0.06930056
v 0.03677050 0.04974479 0.06917280
v 0.03758397 0.05039798 0.07048902
v 0.03736440 0.05047301 0.07046264
v 0.03714978 0.05052350 0.07043153
v 0.03694285 0.05054956 0.07039634
v 0.03674764 0.05055220 0.07035815
v 0.03656380 0.05053464 0.07031759
v 0.03623208 0.05045274 0.07023274
v 0.03591356 0.05031382 0.07013721
v 0.03558487 0.05011157 0.07002496
v 0.03567059 0.05010277 0.06980493
v 0.03486147 0.04898871 0.06896127
v 0.03485770 0.04899057 0.06896567
v 0.03591370 0.04996614 0.06939753
v 0.03470607 0.04906551 0.06914324
v 0.03605932 0.04984177 0.06923601
v 0.03620967 0.04968970 0.06911519
v 0.03635595 0.04952074 0.06903840
v 0.03657795 0.05011845 0.06940331
v 0.03667722 0.04994056 0.06926633
v 0.03709941 0.04979660 0.06925025
v 0.03731234 0.04976069 0.06928433
v 0.03735395 0.04995822 0.06940512
v 0.03738469 0.05013773 0.06956843
v 0.03861100 0.04951659 0.06975366
v 0.03856688 0.04945819 0.06965327
v 0.03755608 0.05008044 0.06958934
v 0.03854306 0.04942667 0.06959909
v 0.03750591 0.04990778 0.06942372
v 0.03845963 0.04931816 0.06948780
v 0.03839370 0.04923240 0.06939985
v 0.03834086 0.04916442 0.06936092
v 0.03647824 0.05026601 0.06957935
v 0.03668295 0.05044803 0.06986180
v 0.03674941 0.05033419 0.06964911
v 0.03684707 0.05046427 0.06989824
v 0.03705363 0.05034788 0.06971289
v 0.03702152 0.05046253 0.06993262
v 0.03720784 0.05043979 0.06996456
v 0.03740168 0.05028649 0.06976813
v 0.03740347 0.05039448 0.06999315
v 0.03759047 0.05022300 0.06979111
v 0.03760650 0.05032582 0.07001780
v 0.03873315 0.04968522 0.07032376
v 0.03872282 0.04966791 0.07014851
v 0.03796850 0.05021257 0.07028832
v 0.03795787 0.05016120 0.07004985
v 0.03760375 0.05038398 0.07025522
v 0.03739037 0.05045653 0.07022941
v 0.03718290 0.05050497 0.07019918
v 0.03698373 0.05052968 0.07016515
v 0.03679636 0.05053190 0.07012834
v 0.03662001 0.05051478 0.07008928
v 0.03638405 0.05037341 0.06978503
v 0.03609099 0.05024509 0.06969697
v 0.03620664 0.05014680 0.06949768
v 0.03578167 0.05005451 0.06959126
v 0.03599191 0.05030060 0.06991470
v 0.03630075 0.05043555 0.07000743
v 0.03470573 0.04906559 0.06914383
v 0.03795668 0.05022231 0.07052258
v 0.03874133 0.04969890 0.07046227
v 0.03873182 0.04968906 0.07055576
v 0.03870847 0.04964822 0.07008605
v 0.03865524 0.04957513 0.06985428
v 0.03792332 0.05006751 0.06982155
v 0.03757546 0.05015618 0.06968631
v 0.04162256 0.04640848 0.06938662
v 0.03874133 0.04969889 0.07046227
v 0.03873182 0.04968906 0.07055576
v 0.04206078 0.04689929 0.07058923
v 0.04206084 0.04689873 0.07035511
v 0.04202926 0.04686294 0.07011622
v 0.04453920 0.04453920 0.07058750
v 0.04454894 0.04454893 0.07049409
v 0.04175406 0.04655513 0.06951319
v 0.03839372 0.04923240 0.06939985
v 0.04187111 0.04668582 0.06968221
v 0.04431154 0.04431154 0.06963227
v 0.04407751 0.04407751 0.06939490
v 0.04413839 0.04413839 0.06943363
v 0.04421478 0.04421477 0.06952125
v 0.04196502 0.04679085 0.06988708
v 0.03865524 0.04957513 0.06985428
v 0.04453788 0.04453788 0.07035589
v 0.04452388 0.04452388 0.07018078
v 0.04450673 0.04450672 0.07011847
v 0.04444296 0.04444295 0.06988698
v 0.04433941 0.04433941 0.06968629
v 0.04689929 0.04206078 0.07058923
v 0.04640849 0.04162256 0.06938662
v 0.04689874 0.04206084 0.07035511
v 0.04686295 0.04202925 0.07011622
v 0.04964822 0.03870847 0.07008605
v 0.04961173 0.03868189 0.06997029
v 0.04679086 0.04196501 0.06988708
v 0.04966792 0.03872282 0.07014851
v 0.04967334 0.03872606 0.07020348
v 0.04655513 0.04175405 0.06951319
v 0.04668583 0.04187110 0.06968221
v 0.04942667 0.03854306 0.06959908
v 0.04916443 0.03834086 0.06936092
v 0.04923240 0.03839371 0.06939984
v 0.04931817 0.03845963 0.06948779
v 0.04968906 0.03873181 0.07055576
v 0.04969889 0.03874132 0.07046226
v 0.04968522 0.03873315 0.07032375
v 0.04957513 0.03865524 0.06985428
v 0.04951659 0.03861100 0.06975366
v 0.04945819 0.03856687 0.06965326
v 0.04979535 0.03711962 0.06925397
v 0.05035952 0.03767700 0.07049862
v 0.05053959 0.03696664 0.07051557
v 0.05011372 0.03568632 0.06981060
v 0.05006513 0.03579692 0.06959676
v 0.04997630 0.03592827 0.06940279
v 0.04969865 0.03622254 0.06911982
v 0.04952905 0.03636787 0.06904270
v 0.04872786 0.03524404 0.06867971
v 0.04985135 0.03607310 0.06924096
v 0.05012273 0.03560090 0.07003073
v 0.04953811 0.03491196 0.06998960
v 0.05032536 0.03593564 0.07014428
v 0.05046164 0.03625849 0.07024004
v 0.05053963 0.03659972 0.07032585
v 0.05053346 0.03657522 0.07043648
v 0.05045089 0.03739627 0.07058051
v 0.05014846 0.03808637 0.07053141
v 0.04974952 0.03678421 0.06917662
v 0.04994624 0.03669381 0.06927095
v 0.05012507 0.03659735 0.06940869
v 0.05015690 0.03622592 0.06950386
v 0.05027345 0.03650014 0.06958543
v 0.05025586 0.03611154 0.06970356
v 0.05038152 0.03640802 0.06979167
v 0.05045259 0.03671504 0.06986924
v 0.04957513 0.03865524 0.06985428
v 0.05024522 0.03768538 0.06991104
v 0.05029015 0.03769347 0.07002690
v 0.05032398 0.03769646 0.07014539
v 0.05014013 0.03809603 0.07029707
v 0.05034662 0.03769451 0.07026466
v 0.05014915 0.03809401 0.07041561
v 0.05035828 0.03768789 0.07038295
v 0.05038125 0.03744787 0.06999895
v 0.05041768 0.03744445 0.07011677
v 0.05044247 0.03743724 0.07023552
v 0.05045588 0.03742655 0.07035343
v 0.05045842 0.03741275 0.07046889
v 0.04969890 0.03874132 0.07046226
v 0.04968906 0.03873181 0.07055576
v 0.05049212 0.03668421 0.06998231
v 0.05051962 0.03665447 0.07009725
v 0.05044415 0.03632624 0.07001449
v 0.05053527 0.03662620 0.07021230
v 0.05031186 0.03601342 0.06992158
v 0.04969296 0.03750489 0.06930702
v 0.04923240 0.03839371 0.06939984
v 0.04988022 0.03757409 0.06943092
v 0.05018963 0.03767221 0.06979969
v 0.05012413 0.03765412 0.06969458
v 0.05004982 0.03763142 0.06959726
v 0.05027435 0.03744271 0.06977351
v 0.05012689 0.03742159 0.06957328
v 0.04994883 0.03738623 0.06940938
v 0.04975279 0.03733984 0.06928797
v 0.05054599 0.03698697 0.07040431
v 0.05054183 0.03700691 0.07028958
v 0.05052633 0.03702613 0.07017284
v 0.05049896 0.03704429 0.07005566
v 0.05045950 0.03706108 0.06993981
v 0.05034522 0.03708930 0.06971938
v 0.05033834 0.03677827 0.06965581
v 0.05018901 0.03710888 0.06952533
v 0.05018237 0.03684040 0.06947032
v 0.05000132 0.03711890 0.06936829
v 0.04999501 0.03689783 0.06932283
v 0.03811390 0.04544162 0.06843549
v 0.03809716 0.04540299 0.06842335
v 0.03815302 0.04548499 0.06813969
v 0.03777671 0.04512262 0.06829494
v 0.03774957 0.04511950 0.06828872
v 0.03781030 0.04519390 0.06800434
v 0.03781826 0.04604188 0.06851189
v 0.03786387 0.04609654 0.06821997
v 0.03778396 0.04605823 0.06850868
v 0.03778498 0.04611789 0.06820888
v 0.03773610 0.04607204 0.06850215
v 0.03772683 0.04607312 0.06850053
v 0.03775432 0.04612619 0.06820458
v 0.03763097 0.04608437 0.06848373
v 0.03770664 0.04613098 0.06819604
v 0.03769291 0.04613003 0.06819305
v 0.03762047 0.04608560 0.06848189
v 0.03760049 0.04612366 0.06817294
v 0.03718702 0.04579271 0.06832771
v 0.03719336 0.04581319 0.06833364
v 0.03730245 0.04592910 0.06806848
v 0.03721535 0.04585597 0.06834783
v 0.03730264 0.04592935 0.06806858
v 0.03723014 0.04587538 0.06835523
v 0.03733015 0.04596685 0.06808266
v 0.03728394 0.04594595 0.06838215
v 0.03736239 0.04599755 0.06809616
v 0.03728779 0.04594950 0.06838374
v 0.03740956 0.04604249 0.06811591
v 0.03731945 0.04597859 0.06839675
v 0.03743121 0.04605684 0.06812355
v 0.03736260 0.04600607 0.06841172
v 0.03744812 0.04606805 0.06812952
v 0.03741522 0.04603957 0.06842997
v 0.03751321 0.04609643 0.06814912
v 0.03744454 0.04605172 0.06843866
v 0.03754932 0.04611217 0.06815999
v 0.03745952 0.04605794 0.06844309
v 0.03759517 0.04612330 0.06817178
v 0.03753650 0.04607519 0.06846256
v 0.03757177 0.04608310 0.06847148
v 0.03726243 0.04584766 0.06804187
v 0.03725403 0.04583056 0.06803628
v 0.03715960 0.04570412 0.06830202
v 0.03724096 0.04578538 0.06802336
v 0.03715937 0.04570230 0.06830155
v 0.03723816 0.04575997 0.06801702
v 0.03715344 0.04565623 0.06828988
v 0.03722877 0.04567469 0.06799573
v 0.03715553 0.04560745 0.06827921
v 0.03722915 0.04566846 0.06799439
v 0.03715836 0.04554073 0.06826462
v 0.03723163 0.04562779 0.06798565
v 0.03716446 0.04551219 0.06825936
v 0.03724347 0.04557669 0.06797643
v 0.03716872 0.04549227 0.06825570
v 0.03725716 0.04551761 0.06796577
v 0.03719677 0.04542112 0.06824521
v 0.03726978 0.04548716 0.06796141
v 0.03721165 0.04538340 0.06823965
v 0.03727554 0.04547327 0.06795941
v 0.03723740 0.04534043 0.06823510
v 0.03731746 0.04540583 0.06795259
v 0.03724170 0.04533533 0.06823482
v 0.03733575 0.04537643 0.06794961
v 0.03730529 0.04526006 0.06823061
v 0.03736766 0.04533986 0.06794777
v 0.03737703 0.04533212 0.06794791
v 0.03731374 0.04525006 0.06823005
v 0.03745032 0.04527142 0.06794898
v 0.03735149 0.04521774 0.06823036
v 0.03738169 0.04519935 0.06823230
v 0.03745580 0.04526688 0.06794906
v 0.03745219 0.04515643 0.06823685
v 0.03749734 0.04524253 0.06795196
v 0.03746623 0.04515076 0.06823841
v 0.03753391 0.04522844 0.06795617
v 0.03749879 0.04513760 0.06824202
v 0.03760358 0.04520159 0.06796420
v 0.03755943 0.04512405 0.06825123
v 0.03762288 0.04519760 0.06796720
v 0.03761305 0.04511206 0.06825938
v 0.03765079 0.04519183 0.06797155
v 0.03765458 0.04510979 0.06826727
v 0.03771550 0.04518940 0.06798411
v 0.03766176 0.04510940 0.06826865
v 0.03776299 0.04518762 0.06799333
v 0.03780790 0.04519359 0.06800378
v 0.03782304 0.04513616 0.06830739
v 0.03789556 0.04522054 0.06802765
v 0.03784026 0.04514467 0.06831281
v 0.03791615 0.04522697 0.06803328
v 0.03792473 0.04518640 0.06833937
v 0.03795747 0.04524835 0.06804649
v 0.03797583 0.04526235 0.06805338
v 0.03792518 0.04518662 0.06833951
v 0.03804502 0.04531511 0.06807935
v 0.03796426 0.04521531 0.06835393
v 0.03799517 0.04524779 0.06836755
v 0.03804765 0.04531798 0.06808053
v 0.03804214 0.04529716 0.06838824
v 0.03807610 0.04534897 0.06809331
v 0.03805622 0.04531847 0.06839592
v 0.03810225 0.04539005 0.06810791
v 0.03806876 0.04533744 0.06840275
v 0.03813511 0.04544163 0.06812624
v 0.03814655 0.04546932 0.06813483
v 0.03812511 0.04548847 0.06844837
v 0.03816911 0.04555783 0.06815944
v 0.03812537 0.04549253 0.06844934
v 0.03817687 0.04559291 0.06816897
v 0.03813140 0.04558789 0.06847217
v 0.03817904 0.04564001 0.06818009
v 0.03817790 0.04564926 0.06818195
v 0.03813239 0.04560335 0.06847587
v 0.03816648 0.04574185 0.06820063
v 0.03812722 0.04565191 0.06848584
v 0.03811863 0.04568270 0.06849108
v 0.03816528 0.04575154 0.06820258
v 0.03809586 0.04576416 0.06850495
v 0.03815166 0.04579726 0.06821020
v 0.03809071 0.04577516 0.06850640
v 0.03813575 0.04582989 0.06821438
v 0.03807467 0.04580947 0.06851093
v 0.03810178 0.04589953 0.06822331
v 0.03804148 0.04585926 0.06851553
v 0.03809196 0.04591341 0.06822447
v 0.03801634 0.04589697 0.06851900
v 0.03807382 0.04593901 0.06822662
v 0.03797867 0.04593332 0.06851965
v 0.03802938 0.04598413 0.06822788
v 0.03793122 0.04597911 0.06852045
v 0.03799358 0.04602048 0.06822889
v 0.03790491 0.04599736 0.06851928
v 0.03795693 0.04604439 0.06822692
v 0.03789015 0.04600759 0.06851863
v 0.03790754 0.04607660 0.06822426
v 0.03787507 0.04609143 0.06822107
v 0.04008324 0.04283298 0.06825532
v 0.04005615 0.04282988 0.06824902
v 0.04011691 0.04290430 0.06796457
v 0.04012590 0.04375333 0.06846719
v 0.04017150 0.04380800 0.06817525
v 0.04009165 0.04376972 0.06846376
v 0.04009270 0.04382943 0.06816378
v 0.04004387 0.04378358 0.06845698
v 0.04003456 0.04378468 0.06845532
v 0.04006207 0.04383776 0.06815932
v 0.03993879 0.04379602 0.06843812
v 0.04001441 0.04384259 0.06815057
v 0.04000071 0.04384166 0.06814754
v 0.03992833 0.04379726 0.06843623
v 0.03990836 0.04383535 0.06812714
v 0.03949487 0.04350437 0.06828203
v 0.03950122 0.04352487 0.06828788
v 0.03961030 0.04364076 0.06802262
v 0.03952326 0.04356769 0.06830193
v 0.03961053 0.04364105 0.06802273
v 0.03953806 0.04358710 0.06830928
v 0.03963801 0.04367852 0.06803670
v 0.03959188 0.04365771 0.06833603
v 0.03967031 0.04370928 0.06805018
v 0.03959573 0.04366125 0.06833762
v 0.03971745 0.04375420 0.06806985
v 0.03962742 0.04369037 0.06835060
v 0.03973913 0.04376858 0.06807750
v 0.03967056 0.04371783 0.06836557
v 0.03975600 0.04377977 0.06808346
v 0.03972319 0.04375134 0.06838383
v 0.03982111 0.04380815 0.06810315
v 0.03975247 0.04376346 0.06839255
v 0.03985719 0.04382387 0.06811406
v 0.03976748 0.04376968 0.06839702
v 0.03990302 0.04383498 0.06812596
v 0.03984439 0.04378689 0.06841666
v 0.03987968 0.04379478 0.06842568
v 0.03957027 0.04355931 0.06799629
v 0.03956183 0.04354214 0.06799074
v 0.03946738 0.04341571 0.06825669
v 0.03954871 0.04349694 0.06797801
v 0.03946714 0.04341389 0.06825623
v 0.03954590 0.04347155 0.06797180
v 0.03946117 0.04336776 0.06824477
v 0.03953643 0.04338613 0.06795090
v 0.03946319 0.04331894 0.06823436
v 0.03953682 0.04337994 0.06794961
v 0.03946597 0.04325213 0.06822011
v 0.03953925 0.04333919 0.06794108
v 0.03947202 0.04322357 0.06821504
v 0.03955101 0.04328806 0.06793217
v 0.03947625 0.04320359 0.06821148
v 0.03956463 0.04322887 0.06792187
v 0.03950420 0.04313237 0.06820148
v 0.03957719 0.04319840 0.06791772
v 0.03958294 0.04318447 0.06791582
v 0.03951904 0.04309458 0.06819618
v 0.03962475 0.04311694 0.06790953
v 0.03954471 0.04305152 0.06819196
v 0.03954899 0.04304644 0.06819172
v 0.03964299 0.04308748 0.06790678
v 0.03961245 0.04297102 0.06818817
v 0.03967484 0.04305084 0.06790527
v 0.03968416 0.04304308 0.06790548
v 0.03962090 0.04296100 0.06818770
v 0.03975734 0.04298224 0.06790719
v 0.03965857 0.04292861 0.06818834
v 0.03968871 0.04291018 0.06819052
v 0.03976280 0.04297771 0.06790732
v 0.03975909 0.04286714 0.06819559
v 0.03980429 0.04295328 0.06791053
v 0.03977312 0.04286145 0.06819726
v 0.03984081 0.04293914 0.06791498
v 0.03980561 0.04284825 0.06820108
v 0.03991037 0.04291220 0.06792346
v 0.03986620 0.04283461 0.06821064
v 0.03992965 0.04290818 0.06792657
v 0.03991974 0.04282257 0.06821909
v 0.03995754 0.04290238 0.06793108
v 0.03996124 0.04282025 0.06822719
v 0.04002217 0.04289989 0.06794394
v 0.03996838 0.04281985 0.06822859
v 0.04006962 0.04289806 0.06795338
v 0.04011449 0.04290399 0.06796400
v 0.04012954 0.04284648 0.06826791
v 0.04020210 0.04293089 0.06798811
v 0.04014678 0.04285500 0.06827336
v 0.04022270 0.04293732 0.06799380
v 0.04023122 0.04289669 0.06830006
v 0.04026402 0.04295870 0.06800708
v 0.04028234 0.04297267 0.06801396
v 0.04023166 0.04289690 0.06830019
v 0.04035157 0.04302547 0.06803994
v 0.04027073 0.04292559 0.06831461
v 0.04030167 0.04295810 0.06832818
v 0.04035418 0.04302830 0.06804110
v 0.04034864 0.04300747 0.06834878
v 0.04038264 0.04305935 0.06805383
v 0.04036275 0.04302880 0.06835640
v 0.04040880 0.04310041 0.06806828
v 0.04037531 0.04304778 0.06836316
v 0.04044172 0.04315208 0.06808647
v 0.04040376 0.04311339 0.06838350
v 0.04045316 0.04317974 0.06809492
v 0.04045965 0.04319547 0.06809973
v 0.04042053 0.04315205 0.06839547
v 0.04047582 0.04326834 0.06811909
v 0.04043180 0.04319897 0.06840812
v 0.04043206 0.04320301 0.06840907
v 0.04048362 0.04330352 0.06812845
v 0.04043821 0.04329850 0.06843134
v 0.04048586 0.04335066 0.06813929
v 0.04048472 0.04335988 0.06814108
v 0.04043921 0.04331398 0.06843496
v 0.04047343 0.04345261 0.06815915
v 0.04043412 0.04336263 0.06844460
v 0.04042558 0.04339345 0.06844962
v 0.04047224 0.04346234 0.06816104
v 0.04040294 0.04347504 0.06846291
v 0.04045869 0.04350812 0.06816833
v 0.04039782 0.04348605 0.06846428
v 0.04044284 0.04354079 0.06817226
v 0.04038181 0.04352044 0.06846855
v 0.04040899 0.04361055 0.06818064
v 0.04034872 0.04357030 0.06847272
v 0.04039919 0.04362445 0.06818167
v 0.04032364 0.04360809 0.06847587
v 0.04038110 0.04365010 0.06818360
v 0.04028606 0.04364451 0.06847616
v 0.04033675 0.04369532 0.06818443
v 0.04023869 0.04369039 0.06847651
v 0.04030103 0.04373173 0.06818509
v 0.04021243 0.04370869 0.06847515
v 0.04026442 0.04375571 0.06818286
v 0.04019770 0.04371894 0.06847437
v 0.04021512 0.04378800 0.06817982
v 0.04018268 0.04380287 0.06817643
v 0.04377279 0.03972506 0.06838899
v 0.04372723 0.03967708 0.06836900
v 0.04378283 0.03974632 0.06808215
v 0.04195722 0.03961207 0.06796528
v 0.04193604 0.03963748 0.06796596
v 0.04200745 0.03970980 0.06768328
v 0.04198309 0.03973027 0.06768221
v 0.04324328 0.04158429 0.06865819
v 0.04325245 0.04166054 0.06836274
v 0.04313500 0.04163658 0.06864558
v 0.04308576 0.04170673 0.06833627
v 0.04302931 0.04166762 0.06862916
v 0.04301627 0.04167144 0.06862714
v 0.04297425 0.04173763 0.06831857
v 0.04280277 0.04169701 0.06858631
v 0.04286427 0.04174905 0.06829718
v 0.04285308 0.04175021 0.06829501
v 0.04272760 0.04170602 0.06857194
v 0.04267415 0.04173849 0.06825389
v 0.04218271 0.04157063 0.06842588
v 0.04221438 0.04159088 0.06843698
v 0.04245340 0.04170375 0.06819894
v 0.04232639 0.04163744 0.06847094
v 0.04245469 0.04170406 0.06819929
v 0.04239000 0.04165168 0.06848766
v 0.04256910 0.04173160 0.06822976
v 0.04260551 0.04169994 0.06854430
v 0.04260987 0.04170016 0.06854529
v 0.04225183 0.04161624 0.06813703
v 0.04219538 0.04159172 0.06811969
v 0.04199503 0.04145063 0.06836009
v 0.04209607 0.04152600 0.06808441
v 0.04206764 0.04149893 0.06807256
v 0.04197524 0.04143798 0.06835315
v 0.04190887 0.04134771 0.06800636
v 0.04188775 0.04135732 0.06831725
v 0.04183961 0.04129402 0.06829347
v 0.04189385 0.04133340 0.06800010
v 0.04171610 0.04113164 0.06823248
v 0.04182368 0.04123794 0.06796478
v 0.04170791 0.04111569 0.06822735
v 0.04178824 0.04116614 0.06794194
v 0.04166100 0.04102441 0.06819791
v 0.04169933 0.04098600 0.06788464
v 0.04162474 0.04090756 0.06816536
v 0.04169347 0.04096603 0.06787915
v 0.04157635 0.04075164 0.06812193
v 0.04166578 0.04087146 0.06785316
v 0.04156849 0.04069087 0.06810738
v 0.04165179 0.04074852 0.06782416
v 0.04156065 0.04063031 0.06809289
v 0.04163362 0.04058890 0.06778651
v 0.04156735 0.04046407 0.06805925
v 0.04163715 0.04052566 0.06777393
v 0.04164040 0.04046735 0.06776232
v 0.04157232 0.04034088 0.06803433
v 0.04167751 0.04030350 0.06773588
v 0.04159398 0.04023776 0.06801731
v 0.04159771 0.04022002 0.06801438
v 0.04170408 0.04018610 0.06771692
v 0.04167502 0.04002165 0.06798949
v 0.04174450 0.04008674 0.06770483
v 0.04174997 0.04007327 0.06770319
v 0.04170441 0.03994623 0.06798004
v 0.04186181 0.03989037 0.06768924
v 0.04190210 0.03982448 0.06768421
v 0.04178446 0.03981916 0.06797086
v 0.04176785 0.03983909 0.06797139
v 0.04205198 0.03952997 0.06796892
v 0.04218029 0.03956452 0.06769084
v 0.04211145 0.03949335 0.06797435
v 0.04220609 0.03954283 0.06769197
v 0.04230323 0.03937526 0.06799189
v 0.04231216 0.03947967 0.06770212
v 0.04230968 0.03937262 0.06799276
v 0.04237886 0.03945348 0.06771136
v 0.04241794 0.03932821 0.06800737
v 0.04258178 0.03937380 0.06773949
v 0.04252775 0.03930318 0.06802640
v 0.04259085 0.03937189 0.06774109
v 0.04270228 0.03926339 0.06805665
v 0.04270073 0.03934859 0.06776050
v 0.04275282 0.03926049 0.06806721
v 0.04281442 0.03934383 0.06778464
v 0.04282499 0.03925635 0.06808231
v 0.04298627 0.03933662 0.06782113
v 0.04295844 0.03927147 0.06811497
v 0.04301860 0.03934079 0.06782914
v 0.04311054 0.03928871 0.06815219
v 0.04310542 0.03935199 0.06785068
v 0.04318036 0.03930916 0.06817190
v 0.04323428 0.03939193 0.06788748
v 0.04322655 0.03932268 0.06818492
v 0.04337445 0.03943538 0.06792750
v 0.04338335 0.03940019 0.06823568
v 0.04344016 0.03946916 0.06794904
v 0.04347995 0.03948962 0.06796208
v 0.04348103 0.03944848 0.06826730
v 0.04362003 0.03959620 0.06801511
v 0.04357349 0.03951654 0.06830184
v 0.04357775 0.03951968 0.06830342
v 0.04370244 0.03965893 0.06804632
v 0.04378100 0.03974433 0.06808133
v 0.04383885 0.03982497 0.06842421
v 0.04390014 0.03993010 0.06814600
v 0.04385375 0.03985931 0.06843458
v 0.04393359 0.03998250 0.06816420
v 0.04394296 0.04006494 0.06849668
v 0.04397910 0.04009207 0.06819685
v 0.04398795 0.04013148 0.06820693
v 0.04395226 0.04008639 0.06850316
v 0.04403682 0.04034866 0.06826248
v 0.04398080 0.04020470 0.06853385
v 0.04398610 0.04028501 0.06855156
v 0.04404132 0.04036866 0.06826759
v 0.04399981 0.04049271 0.06859739
v 0.04404745 0.04048968 0.06829389
v 0.04399792 0.04051122 0.06860080
v 0.04403779 0.04057170 0.06830868
v 0.04398724 0.04061536 0.06861991
v 0.04401386 0.04077490 0.06834533
v 0.04395440 0.04073494 0.06863739
v 0.04400808 0.04079475 0.06834816
v 0.04390962 0.04089791 0.06866117
v 0.04397970 0.04089240 0.06836208
v 0.04388354 0.04095450 0.06866716
v 0.04392481 0.04100710 0.06837376
v 0.04385765 0.04101071 0.06867310
v 0.04385416 0.04115475 0.06838879
v 0.04376451 0.04115238 0.06868204
v 0.04381727 0.04120764 0.06839167
v 0.04371364 0.04122977 0.06868692
v 0.04378363 0.04125588 0.06839430
v 0.04362019 0.04132128 0.06868553
v 0.04367076 0.04137218 0.06839379
v 0.04350242 0.04143661 0.06868376
v 0.04358019 0.04146553 0.06839338
v 0.04344795 0.04147490 0.06867986
v 0.04349836 0.04151972 0.06838687
v 0.04340002 0.04150860 0.06867644
v 0.04336384 0.04160880 0.06837613
v 0.04330149 0.04163776 0.06836863
v 0.04606581 0.03748365 0.06844976
v 0.04604895 0.03744488 0.06843808
v 0.04610492 0.03752703 0.06815383
v 0.04572875 0.03716475 0.06830865
v 0.04570170 0.03716174 0.06830189
v 0.04576249 0.03723623 0.06801720
v 0.04577453 0.03808823 0.06850576
v 0.04582015 0.03814296 0.06821362
v 0.04574046 0.03810484 0.06850139
v 0.04574176 0.03816480 0.06820027
v 0.04569289 0.03811894 0.06849346
v 0.04568369 0.03812008 0.06849160
v 0.04571128 0.03817329 0.06819508
v 0.04558835 0.03813184 0.06847237
v 0.04566385 0.03817833 0.06818533
v 0.04565019 0.03817745 0.06818207
v 0.04557789 0.03813314 0.06847025
v 0.04555820 0.03817149 0.06816001
v 0.04514510 0.03784091 0.06831304
v 0.04515149 0.03786141 0.06831864
v 0.04526062 0.03797740 0.06805331
v 0.04517360 0.03790430 0.06833234
v 0.04526082 0.03797768 0.06805341
v 0.04518844 0.03792377 0.06833964
v 0.04528836 0.03801520 0.06806724
v 0.04524228 0.03799439 0.06836614
v 0.04532063 0.03804592 0.06808078
v 0.04524617 0.03799797 0.06836775
v 0.04536777 0.03809083 0.06810055
v 0.04527779 0.03802703 0.06838078
v 0.04538940 0.03810516 0.06810834
v 0.04532092 0.03805446 0.06839610
v 0.04540627 0.03811634 0.06811443
v 0.04537341 0.03808786 0.06841475
v 0.04547120 0.03814455 0.06813485
v 0.04540266 0.03809994 0.06842384
v 0.04550719 0.03816019 0.06814617
v 0.04541757 0.03810610 0.06842845
v 0.04555288 0.03817115 0.06815873
v 0.04549430 0.03812308 0.06844928
v 0.04552942 0.03813085 0.06845880
v 0.04522041 0.03789578 0.06802766
v 0.04521195 0.03787862 0.06802227
v 0.04511738 0.03775197 0.06828874
v 0.04519872 0.03783329 0.06801009
v 0.04511715 0.03775019 0.06828831
v 0.04519581 0.03780778 0.06800425
v 0.04511102 0.03770386 0.06827755
v 0.04518607 0.03772213 0.06798469
v 0.04511285 0.03765489 0.06826804
v 0.04518641 0.03771586 0.06798350
v 0.04511538 0.03758779 0.06825500
v 0.04518868 0.03767498 0.06797574
v 0.04512129 0.03755913 0.06825054
v 0.04520022 0.03762358 0.06796793
v 0.04512544 0.03753905 0.06824741
v 0.04521355 0.03756415 0.06795892
v 0.04515302 0.03746746 0.06823917
v 0.04522596 0.03753349 0.06795552
v 0.04523162 0.03751950 0.06795397
v 0.04516765 0.03742946 0.06823478
v 0.04527303 0.03745154 0.06794959
v 0.04519307 0.03738616 0.06823177
v 0.04519732 0.03738104 0.06823171
v 0.04529108 0.03742192 0.06794769
v 0.04526024 0.03730511 0.06823061
v 0.04532269 0.03738501 0.06794739
v 0.04533195 0.03737718 0.06794790
v 0.04526863 0.03729499 0.06823046
v 0.04540461 0.03731585 0.06795198
v 0.04530603 0.03726235 0.06823234
v 0.04533598 0.03724375 0.06823538
v 0.04541005 0.03731126 0.06795229
v 0.04540596 0.03720027 0.06824247
v 0.04545127 0.03728659 0.06795665
v 0.04541988 0.03719451 0.06824446
v 0.04548759 0.03727226 0.06796200
v 0.04545223 0.03718113 0.06824910
v 0.04555681 0.03724495 0.06797221
v 0.04551249 0.03716723 0.06825998
v 0.04557598 0.03724085 0.06797573
v 0.04560374 0.03723491 0.06798084
v 0.04556585 0.03715492 0.06826963
v 0.04566811 0.03723216 0.06799492
v 0.04560712 0.03715244 0.06827850
v 0.04561429 0.03715201 0.06828006
v 0.04571539 0.03723015 0.06800526
v 0.04576008 0.03723592 0.06801659
v 0.04577493 0.03717813 0.06832186
v 0.04584745 0.03726257 0.06804184
v 0.04579207 0.03718658 0.06832746
v 0.04586799 0.03726894 0.06804781
v 0.04587632 0.03722809 0.06835503
v 0.04590921 0.03729022 0.06806148
v 0.04592752 0.03730418 0.06806847
v 0.04587681 0.03722834 0.06835519
v 0.04591584 0.03725698 0.06836986
v 0.04599665 0.03735688 0.06809483
v 0.04594672 0.03728944 0.06838344
v 0.04599928 0.03735973 0.06809601
v 0.04599372 0.03733885 0.06840411
v 0.04602773 0.03739075 0.06810874
v 0.04600781 0.03736015 0.06841161
v 0.04605396 0.03743187 0.06812303
v 0.04602041 0.03737920 0.06841833
v 0.04608690 0.03748355 0.06814095
v 0.04609840 0.03751131 0.06814918
v 0.04607719 0.03753068 0.06846184
v 0.04612129 0.03760014 0.06817232
v 0.04607747 0.03753470 0.06846271
v 0.04612918 0.03763536 0.06818122
v 0.04608392 0.03763050 0.06848353
v 0.04613157 0.03768267 0.06819133
v 0.04613049 0.03769197 0.06819295
v 0.04608497 0.03764607 0.06848691
v 0.04611956 0.03778507 0.06820928
v 0.04608007 0.03769489 0.06849565
v 0.04607167 0.03772584 0.06850000
v 0.04611842 0.03779481 0.06821098
v 0.04604940 0.03780783 0.06851150
v 0.04610509 0.03784081 0.06821724
v 0.04604435 0.03781888 0.06851257
v 0.04608942 0.03787368 0.06822032
v 0.04602855 0.03785346 0.06851597
v 0.04605597 0.03794382 0.06822690
v 0.04599577 0.03790364 0.06851866
v 0.04604625 0.03795781 0.06822752
v 0.04597092 0.03794166 0.06852071
v 0.04602834 0.03798363 0.06822867
v 0.04593364 0.03797836 0.06851965
v 0.04598431 0.03802920 0.06822788
v 0.04588661 0.03802462 0.06851833
v 0.04594888 0.03806589 0.06822724
v 0.04586053 0.03804307 0.06851614
v 0.04591250 0.03809010 0.06822389
v 0.04584589 0.03805344 0.06851491
v 0.04586353 0.03812271 0.06821937
v 0.04583128 0.03813777 0.06821509
v 0.04566100 0.03771611 0.06809116
v 0.04519872 0.03783329 0.06801009
v 0.04521195 0.03787862 0.06802227
v 0.04522041 0.03789578 0.06802766
v 0.04526062 0.03797740 0.06805331
v 0.04526082 0.03797768 0.06805341
v 0.04528836 0.03801520 0.06806724
v 0.04532063 0.03804592 0.06808078
v 0.04536777 0.03809083 0.06810055
v 0.04538940 0.03810516 0.06810834
v 0.04540627 0.03811634 0.06811443
v 0.04547120 0.03814455 0.06813485
v 0.04550719 0.03816019 0.06814617
v 0.04555288 0.03817115 0.06815873
v 0.04555820 0.03817149 0.06816001
v 0.04565019 0.03817745 0.06818207
v 0.04566385 0.03817833 0.06818533
v 0.04571128 0.03817329 0.06819508
v 0.04574176 0.03816480 0.06820027
v 0.04582015 0.03814296 0.06821362
v 0.04583128 0.03813777 0.06821509
v 0.04586353 0.03812271 0.06821937
v 0.04591250 0.03809010 0.06822389
v 0.04594888 0.03806589 0.06822724
v 0.04598431 0.03802920 0.06822788
v 0.04602834 0.03798363 0.06822867
v 0.04604625 0.03795781 0.06822752
v 0.04605597 0.03794382 0.06822690
v 0.04608942 0.03787368 0.06822032
v 0.04610509 0.03784081 0.06821724
v 0.04611842 0.03779481 0.06821098
v 0.04611956 0.03778507 0.06820928
v 0.04613049 0.03769197 0.06819295
v 0.04613157 0.03768267 0.06819133
v 0.04612918 0.03763536 0.06818122
v 0.04612129 0.03760014 0.06817232
v 0.04555681 0.03724495 0.06797221
v 0.04548759 0.03727226 0.06796200
v 0.04545127 0.03728659 0.06795665
v 0.04541005 0.03731126 0.06795229
v 0.04540461 0.03731585 0.06795198
v 0.04533195 0.03737718 0.06794790
v 0.04532269 0.03738501 0.06794739
v 0.04529108 0.03742192 0.06794769
v 0.04527303 0.03745154 0.06794959
v 0.04523162 0.03751950 0.06795397
v 0.04522596 0.03753349 0.06795552
v 0.04521355 0.03756415 0.06795892
v 0.04520022 0.03762358 0.06796793
v 0.04518868 0.03767498 0.06797574
v 0.04518641 0.03771586 0.06798350
v 0.04518607 0.03772213 0.06798469
v 0.04519581 0.03780778 0.06800425
v 0.04610492 0.03752703 0.06815383
v 0.04609840 0.03751131 0.06814918
v 0.04608690 0.03748355 0.06814095
v 0.04605396 0.03743187 0.06812303
v 0.04602773 0.03739075 0.06810874
v 0.04599928 0.03735973 0.06809601
v 0.04599665 0.03735688 0.06809483
v 0.04592752 0.03730418 0.06806847
v 0.04590921 0.03729022 0.06806148
v 0.04586799 0.03726894 0.06804781
v 0.04584745 0.03726257 0.06804184
v 0.04576249 0.03723623 0.06801720
v 0.04576008 0.03723592 0.06801659
v 0.04571539 0.03723015 0.06800526
v 0.04566811 0.03723216 0.06799492
v 0.04560374 0.03723491 0.06798084
v 0.04557598 0.03724085 0.06797573
v 0.04310542 0.03935199 0.06785068
v 0.04301860 0.03934079 0.06782914
v 0.04278104 0.04052942 0.06802340
v 0.04298627 0.03933662 0.06782113
v 0.04281442 0.03934383 0.06778464
v 0.04270073 0.03934859 0.06776050
v 0.04259085 0.03937189 0.06774109
v 0.04258178 0.03937380 0.06773949
v 0.04237886 0.03945348 0.06771136
v 0.04231216 0.03947967 0.06770212
v 0.04220609 0.03954283 0.06769197
v 0.04218029 0.03956452 0.06769084
v 0.04200745 0.03970980 0.06768328
v 0.04198309 0.03973027 0.06768221
v 0.04190210 0.03982448 0.06768421
v 0.04186181 0.03989037 0.06768924
v 0.04190887 0.04134771 0.06800636
v 0.04206764 0.04149893 0.06807256
v 0.04174997 0.04007327 0.06770319
v 0.04174450 0.04008674 0.06770483
v 0.04170408 0.04018610 0.06771692
v 0.04167751 0.04030350 0.06773588
v 0.04164040 0.04046735 0.06776232
v 0.04163715 0.04052566 0.06777393
v 0.04163362 0.04058890 0.06778651
v 0.04165179 0.04074852 0.06782416
v 0.04166578 0.04087146 0.06785316
v 0.04169347 0.04096603 0.06787915
v 0.04169933 0.04098600 0.06788464
v 0.04178824 0.04116614 0.06794194
v 0.04182368 0.04123794 0.06796478
v 0.04189385 0.04133340 0.06800010
v 0.04209607 0.04152600 0.06808441
v 0.04219538 0.04159172 0.06811969
v 0.04225183 0.04161624 0.06813703
v 0.04401386 0.04077490 0.06834533
v 0.04403779 0.04057170 0.06830868
v 0.04404745 0.04048968 0.06829389
v 0.04404132 0.04036866 0.06826759
v 0.04403682 0.04034866 0.06826248
v 0.04398795 0.04013148 0.06820693
v 0.04397910 0.04009207 0.06819685
v 0.04393359 0.03998250 0.06816420
v 0.04390014 0.03993010 0.06814600
v 0.04378283 0.03974632 0.06808215
v 0.04378100 0.03974433 0.06808133
v 0.04370244 0.03965893 0.06804632
v 0.04362003 0.03959620 0.06801511
v 0.04347995 0.03948962 0.06796208
v 0.04344016 0.03946916 0.06794904
v 0.04337445 0.03943538 0.06792750
v 0.04323428 0.03939193 0.06788748
v 0.04245340 0.04170375 0.06819894
v 0.04245469 0.04170406 0.06819929
v 0.04256910 0.04173160 0.06822976
v 0.04267415 0.04173849 0.06825389
v 0.04285308 0.04175021 0.06829501
v 0.04286427 0.04174905 0.06829718
v 0.04297425 0.04173763 0.06831857
v 0.04308576 0.04170673 0.06833627
v 0.04325245 0.04166054 0.06836274
v 0.04330149 0.04163776 0.06836863
v 0.04336384 0.04160880 0.06837613
v 0.04349836 0.04151972 0.06838687
v 0.04358019 0.04146553 0.06839338
v 0.04367076 0.04137218 0.06839379
v 0.04378363 0.04125588 0.06839430
v 0.04381727 0.04120764 0.06839167
v 0.04385416 0.04115475 0.06838879
v 0.04392481 0.04100710 0.06837376
v 0.04397970 0.04089240 0.06836208
v 0.04400808 0.04079475 0.06834816
v 0.04001249 0.04338276 0.06804837
v 0.04009270 0.04382943 0.06816378
v 0.04017150 0.04380800 0.06817525
v 0.04018268 0.04380287 0.06817643
v 0.04021512 0.04378800 0.06817982
v 0.04026442 0.04375571 0.06818286
v 0.04030103 0.04373173 0.06818509
v 0.04033675 0.04369532 0.06818443
v 0.04038110 0.04365010 0.06818360
v 0.04039919 0.04362445 0.06818167
v 0.04040899 0.04361055 0.06818064
v 0.04044284 0.04354079 0.06817226
v 0.04045869 0.04350812 0.06816833
v 0.04047224 0.04346234 0.06816104
v 0.04047343 0.04345261 0.06815915
v 0.04048472 0.04335988 0.06814108
v 0.04048586 0.04335066 0.06813929
v 0.04048362 0.04330352 0.06812845
v 0.03957027 0.04355931 0.06799629
v 0.03956183 0.04354214 0.06799074
v 0.03954871 0.04349694 0.06797801
v 0.03961030 0.04364076 0.06802262
v 0.03961053 0.04364105 0.06802273
v 0.03963801 0.04367852 0.06803670
v 0.03967031 0.04370928 0.06805018
v 0.03971745 0.04375420 0.06806985
v 0.03973913 0.04376858 0.06807750
v 0.03975600 0.04377977 0.06808346
v 0.03982111 0.04380815 0.06810315
v 0.03985719 0.04382387 0.06811406
v 0.03990302 0.04383498 0.06812596
v 0.03990836 0.04383535 0.06812714
v 0.04000071 0.04384166 0.06814754
v 0.04001441 0.04384259 0.06815057
v 0.04006207 0.04383776 0.06815932
v 0.04047582 0.04326834 0.06811909
v 0.04045965 0.04319547 0.06809973
v 0.04045316 0.04317974 0.06809492
v 0.04044172 0.04315208 0.06808647
v 0.04040880 0.04310041 0.06806828
v 0.04038264 0.04305935 0.06805383
v 0.04035418 0.04302830 0.06804110
v 0.04035157 0.04302547 0.06803994
v 0.04028234 0.04297267 0.06801396
v 0.04026402 0.04295870 0.06800708
v 0.04022270 0.04293732 0.06799380
v 0.04020210 0.04293089 0.06798811
v 0.04011691 0.04290430 0.06796457
v 0.04011449 0.04290399 0.06796400
v 0.04006962 0.04289806 0.06795338
v 0.04002217 0.04289989 0.06794394
v 0.03995754 0.04290238 0.06793108
v 0.03992965 0.04290818 0.06792657
v 0.03991037 0.04291220 0.06792346
v 0.03984081 0.04293914 0.06791498
v 0.03980429 0.04295328 0.06791053
v 0.03976280 0.04297771 0.06790732
v 0.03975734 0.04298224 0.06790719
v 0.03968416 0.04304308 0.06790548
v 0.03967484 0.04305084 0.06790527
v 0.03964299 0.04308748 0.06790678
v 0.03962475 0.04311694 0.06790953
v 0.03958294 0.04318447 0.06791582
v 0.03957719 0.04319840 0.06791772
v 0.03956463 0.04322887 0.06792187
v 0.03955101 0.04328806 0.06793217
v 0.03953925 0.04333919 0.06794108
v 0.03953682 0.04337994 0.06794961
v 0.03953643 0.04338613 0.06795090
v 0.03954590 0.04347155 0.06797180
v 0.03770519 0.04567169 0.06809138
v 0.03778498 0.04611789 0.06820888
v 0.03786387 0.04609654 0.06821997
v 0.03787507 0.04609143 0.06822107
v 0.03790754 0.04607660 0.06822426
v 0.03795693 0.04604439 0.06822692
v 0.03799358 0.04602048 0.06822889
v 0.03802938 0.04598413 0.06822788
v 0.03807382 0.04593901 0.06822662
v 0.03809196 0.04591341 0.06822447
v 0.03810178 0.04589953 0.06822331
v 0.03813575 0.04582989 0.06821438
v 0.03815166 0.04579726 0.06821020
v 0.03816528 0.04575154 0.06820258
v 0.03816648 0.04574185 0.06820063
v 0.03817790 0.04564926 0.06818195
v 0.03817904 0.04564001 0.06818009
v 0.03817687 0.04559291 0.06816897
v 0.03724096 0.04578538 0.06802336
v 0.03725403 0.04583056 0.06803628
v 0.03726243 0.04584766 0.06804187
v 0.03730245 0.04592910 0.06806848
v 0.03730264 0.04592935 0.06806858
v 0.03760049 0.04612366 0.06817294
v 0.03769291 0.04613003 0.06819305
v 0.03733015 0.04596685 0.06808266
v 0.03736239 0.04599755 0.06809616
v 0.03740956 0.04604249 0.06811591
v 0.03743121 0.04605684 0.06812355
v 0.03744812 0.04606805 0.06812952
v 0.03751321 0.04609643 0.06814912
v 0.03754932 0.04611217 0.06815999
v 0.03759517 0.04612330 0.06817178
v 0.03770664 0.04613098 0.06819604
v 0.03775432 0.04612619 0.06820458
v 0.03816911 0.04555783 0.06815944
v 0.03815302 0.04548499 0.06813969
v 0.03814655 0.04546932 0.06813483
v 0.03813511 0.04544163 0.06812624
v 0.03810225 0.04539005 0.06810791
v 0.03807610 0.04534897 0.06809331
v 0.03804765 0.04531798 0.06808053
v 0.03804502 0.04531511 0.06807935
v 0.03797583 0.04526235 0.06805338
v 0.03795747 0.04524835 0.06804649
v 0.03791615 0.04522697 0.06803328
v 0.03789556 0.04522054 0.06802765
v 0.03781030 0.04519390 0.06800434
v 0.03780790 0.04519359 0.06800378
v 0.03776299 0.04518762 0.06799333
v 0.03771550 0.04518940 0.06798411
v 0.03765079 0.04519183 0.06797155
v 0.03762288 0.04519760 0.06796720
v 0.03760358 0.04520159 0.06796420
v 0.03753391 0.04522844 0.06795617
v 0.03749734 0.04524253 0.06795196
v 0.03745580 0.04526688 0.06794906
v 0.03745032 0.04527142 0.06794898
v 0.03737703 0.04533212 0.06794791
v 0.03736766 0.04533986 0.06794777
v 0.03733575 0.04537643 0.06794961
v 0.03731746 0.04540583 0.06795259
v 0.03727554 0.04547327 0.06795941
v 0.03726978 0.04548716 0.06796141
v 0.03725716 0.04551761 0.06796577
v 0.03724347 0.04557669 0.06797643
v 0.03723163 0.04562779 0.06798565
v 0.03722915 0.04566846 0.06799439
v 0.03722877 0.04567469 0.06799573
v 0.03723816 0.04575997 0.06801702
f 1 2 3
f 1 3 4
f 5 6 7
f 6 8 7
f 7 8 3
f 8 9 3
f 3 9 4
f 7 10 5
f 10 11 5
f 5 11 12
f 11 13 12
f 14 15 16
f 15 13 16
f 16 13 17
f 13 11 17
f 18 19 20
f 20 21 18
f 21 22 18
f 18 22 23
f 22 24 23
f 23 24 25
f 24 26 25
f 25 26 27
f 26 28 27
f 28 29 27
f 27 29 30
f 29 31 30
f 30 31 32
f 32 31 33
f 31 34 33
f 33 34 35
f 34 36 35
f 35 36 37
f 36 38 37
f 37 38 39
f 38 40 39
f 39 40 41
f 40 42 41
f 41 42 43
f 42 44 43
f 43 44 45
f 44 46 45
f 45 46 47
f 46 48 47
f 47 48 49
f 48 50 49
f 49 50 51
f 50 52 51
f 52 53 51
f 51 53 54
f 53 55 54
f 54 55 56
f 55 57 56
f 56 57 58
f 57 59 58
f 58 59 60
f 59 61 60
f 60 61 62
f 61 63 62
f 62 63 64
f 63 65 64
f 64 65 66
f 67 68 69
f 70 71 72
f 71 73 72
f 72 73 74
f 73 75 74
f 74 75 76
f 75 77 76
f 76 77 78
f 77 79 78
f 78 79 80
f 79 81 80
f 80 81 82
f 81 83 82
f 82 83 84
f 83 85 84
f 84 85 86
f 85 87 86
f 86 87 88
f 87 89 88
f 88 89 90
f 89 91 90
f 90 91 92
f 91 93 92
f 92 93 94
f 93 95 94
f 95 68 94
f 94 68 96
f 68 67 96
f 97 98 99
f 98 100 99
f 99 100 101
f 100 102 101
f 101 102 103
f 102 104 103
f 103 104 69
f 104 105 69
f 69 105 67
f 106 107 108
f 107 109 108
f 108 109 110
f 109 111 110
f 110 111 112
f 111 113 112
f 112 113 97
f 113 114 97
f 97 114 98
f 115 116 117
f 116 118 117
f 116 119 118
f 119 120 118
f 118 120 121
f 120 122 121
f 123 124 122
f 122 120 123
f 120 125 123
f 123 125 126
f 125 127 126
f 126 127 128
f 127 129 128
f 128 129 130
f 129 131 130
f 131 132 130
f 130 132 133
f 132 134 133
f 134 132 135
f 132 136 135
f 135 136 137
f 136 138 137
f 137 138 139
f 138 140 139
f 139 140 141
f 140 142 141
f 141 142 143
f 142 144 143
f 143 144 145
f 144 146 145
f 145 146 147
f 146 148 147
f 147 148 149
f 148 150 149
f 149 150 151
f 150 152 151
f 151 152 153
f 152 154 153
f 153 154 155
f 154 156 155
f 155 156 157
f 156 158 157
f 157 158 159
f 160 161 8
f 162 15 163
f 15 164 163
f 163 164 165
f 166 12 167
f 12 162 167
f 167 162 168
f 162 163 168
f 166 169 12
f 169 160 12
f 12 160 5
f 160 8 5
f 5 8 170
f 171 172 173
f 172 174 173
f 173 174 175
f 174 176 175
f 175 176 177
f 176 178 179
f 177 176 180
f 176 179 180
f 180 179 181
f 182 183 184
f 181 179 185
f 179 182 185
f 185 182 186
f 182 184 186
f 186 184 187
f 183 182 188
f 182 189 188
f 188 189 190
f 59 191 192
f 193 65 194
f 65 63 194
f 194 63 192
f 63 195 192
f 192 195 59
f 196 197 198
f 197 199 198
f 198 199 200
f 199 201 200
f 200 201 202
f 196 198 203
f 198 204 203
f 203 204 205
f 206 207 208
f 206 208 209
f 208 210 209
f 209 210 211
f 210 212 211
f 211 212 204
f 212 213 204
f 204 213 205
f 206 214 207
f 214 215 207
f 207 215 216
f 215 217 216
f 218 219 220
f 218 220 221
f 220 222 221
f 221 222 223
f 222 224 223
f 223 224 215
f 224 225 215
f 215 225 217
f 226 227 228
f 227 229 228
f 228 229 230
f 219 218 231
f 218 232 231
f 231 232 226
f 232 233 226
f 226 233 227
f 230 229 234
f 229 235 234
f 234 235 236
f 235 237 236
f 236 237 238
f 237 239 238
f 238 239 240
f 239 241 240
f 240 241 242
f 241 243 242
f 242 243 244
f 243 245 244
f 244 245 246
f 245 247 246
f 246 247 248
f 247 249 248
f 248 249 250
f 249 251 250
f 250 251 252
f 251 253 252
f 253 254 252
f 252 254 255
f 255 254 256
f 254 257 256
f 256 257 258
f 259 260 261
f 262 259 263
f 259 261 263
f 263 261 264
f 261 265 264
f 264 265 266
f 266 265 267
f 265 65 267
f 267 65 193
f 268 269 270
f 271 272 273
f 274 275 276
f 275 277 276
f 277 278 276
f 278 279 276
f 276 279 280
f 281 282 283
f 282 284 283
f 285 286 283
f 286 287 283
f 287 288 283
f 283 288 289
f 289 290 283
f 290 291 283
f 283 291 292
f 292 293 283
f 293 294 283
f 283 294 281
f 295 270 296
f 284 297 283
f 297 298 283
f 283 298 299
f 298 300 299
f 299 300 301
f 300 302 301
f 301 302 303
f 302 295 303
f 303 295 304
f 295 296 304
f 305 306 307
f 305 307 308
f 307 309 308
f 308 309 283
f 309 310 283
f 283 310 285
f 311 312 307
f 312 313 307
f 307 313 309
f 314 315 316
f 270 295 316
f 295 317 316
f 316 317 314
f 315 318 316
f 318 319 316
f 316 319 320
f 320 321 316
f 321 322 316
f 316 322 323
f 324 325 316
f 325 326 316
f 316 326 327
f 327 328 316
f 328 329 316
f 316 329 330
f 329 331 330
f 331 332 330
f 330 332 276
f 332 333 276
f 276 333 334
f 334 335 276
f 335 336 276
f 276 336 337
f 338 276 339
f 276 337 339
f 339 337 340
f 338 341 276
f 341 342 276
f 276 342 274
f 342 343 274
f 274 343 344
f 344 345 274
f 345 346 274
f 274 346 347
f 347 348 274
f 348 349 274
f 274 349 350
f 349 351 350
f 350 351 352
f 352 351 353
f 351 354 353
f 353 354 355
f 354 356 355
f 355 356 357
f 356 358 357
f 357 358 359
f 358 360 359
f 360 361 359
f 359 361 362
f 361 363 362
f 363 364 362
f 362 364 273
f 364 365 273
f 273 365 271
f 366 367 368
f 367 369 368
f 369 370 368
f 368 370 371
f 370 372 371
f 371 372 272
f 372 373 272
f 272 373 273
f 374 375 366
f 376 374 377
f 374 366 377
f 377 366 378
f 366 368 378
f 375 379 366
f 379 380 366
f 366 380 381
f 381 382 366
f 382 383 366
f 366 383 384
f 384 385 366
f 385 386 366
f 366 386 387
f 388 389 390
f 389 391 390
f 391 392 390
f 390 392 393
f 393 392 386
f 392 394 386
f 386 394 387
f 395 396 397
f 396 398 397
f 397 398 399
f 398 400 399
f 399 400 401
f 400 402 401
f 401 402 403
f 402 404 403
f 403 404 390
f 404 405 390
f 390 405 388
f 406 407 408
f 407 409 408
f 410 408 411
f 408 409 411
f 411 409 412
f 409 396 412
f 412 396 413
f 396 395 413
f 414 415 416
f 415 406 416
f 417 418 416
f 418 419 416
f 416 419 420
f 420 421 416
f 421 422 416
f 416 422 423
f 423 424 416
f 424 425 416
f 416 425 426
f 426 427 416
f 427 428 416
f 416 428 429
f 429 430 416
f 430 431 416
f 416 431 414
f 432 433 416
f 433 434 416
f 416 434 417
f 435 436 437
f 436 438 437
f 438 439 437
f 437 439 416
f 439 440 416
f 416 440 432
f 441 442 443
f 443 444 441
f 444 445 441
f 441 445 446
f 446 447 441
f 447 448 441
f 441 448 437
f 448 449 437
f 437 449 435
f 280 450 276
f 450 451 276
f 276 451 330
f 451 452 330
f 330 452 316
f 452 453 316
f 316 453 454
f 455 456 441
f 456 457 441
f 441 457 458
f 458 459 441
f 459 460 441
f 441 460 442
f 461 462 463
f 463 464 461
f 464 465 461
f 461 465 466
f 465 467 466
f 466 467 468
f 469 368 470
f 368 371 470
f 470 371 471
f 371 472 471
f 471 472 473
f 472 474 473
f 473 474 475
f 474 476 475
f 475 476 477
f 476 478 477
f 478 479 477
f 479 480 477
f 477 480 481
f 481 482 477
f 482 483 477
f 477 483 484
f 484 485 477
f 485 486 477
f 477 486 487
f 487 488 477
f 488 489 477
f 477 489 461
f 489 490 461
f 461 490 462
f 269 491 270
f 491 492 270
f 270 492 296
f 406 408 416
f 408 493 416
f 416 493 494
f 494 495 416
f 495 496 416
f 416 496 497
f 498 499 437
f 497 500 416
f 500 501 416
f 416 501 437
f 501 502 437
f 437 502 498
f 503 504 505
f 504 506 505
f 505 506 507
f 508 509 510
f 509 511 510
f 511 512 510
f 512 513 510
f 510 513 514
f 514 515 510
f 515 516 510
f 510 516 517
f 517 518 510
f 518 519 510
f 510 519 520
f 520 521 510
f 521 522 510
f 510 522 505
f 522 523 505
f 505 523 503
f 524 525 526
f 527 528 529
f 528 530 529
f 530 531 529
f 529 531 532
f 532 533 529
f 533 534 529
f 529 534 535
f 535 536 529
f 536 537 529
f 529 537 538
f 538 539 529
f 539 540 529
f 529 540 541
f 541 542 529
f 542 543 529
f 529 543 544
f 545 410 546
f 547 548 549
f 545 546 549
f 546 550 549
f 549 550 547
f 544 551 529
f 551 552 529
f 529 552 553
f 552 554 553
f 553 554 555
f 554 549 555
f 555 549 556
f 549 548 556
f 526 557 524
f 557 558 524
f 524 558 529
f 558 559 529
f 529 559 527
f 560 561 562
f 561 563 562
f 563 564 562
f 562 564 565
f 565 566 562
f 566 567 562
f 562 567 510
f 567 568 510
f 510 568 508
f 560 562 525
f 562 569 525
f 525 569 570
f 570 571 525
f 571 572 525
f 525 572 526
f 410 545 408
f 545 573 408
f 408 573 574
f 574 575 408
f 575 576 408
f 408 576 577
f 577 578 408
f 578 579 408
f 408 579 580
f 580 581 408
f 581 582 408
f 408 582 493
f 583 584 585
f 585 586 583
f 586 587 583
f 583 587 588
f 587 589 588
f 588 589 590
f 591 592 593
f 591 593 594
f 593 595 594
f 595 526 594
f 594 526 583
f 526 572 583
f 583 572 584
f 499 268 437
f 268 270 437
f 437 270 441
f 270 316 441
f 441 316 455
f 316 454 455
f 596 597 598
f 599 427 426
f 600 601 602
f 601 603 602
f 602 603 604
f 602 605 606
f 604 607 602
f 607 608 602
f 602 608 605
f 608 609 605
f 605 609 599
f 599 426 605
f 426 425 605
f 605 425 606
f 610 611 612
f 613 614 615
f 616 420 617
f 420 419 617
f 617 419 618
f 419 418 618
f 618 418 619
f 620 621 611
f 621 622 611
f 611 622 612
f 623 596 624
f 596 625 624
f 598 626 627
f 626 628 627
f 627 628 629
f 628 630 629
f 629 630 631
f 632 633 634
f 635 636 637
f 636 632 637
f 637 632 638
f 632 634 638
f 610 612 639
f 612 632 639
f 639 632 640
f 632 636 640
f 640 636 625
f 636 635 625
f 625 635 624
f 641 642 643
f 642 633 643
f 643 633 644
f 633 632 644
f 644 632 645
f 596 598 625
f 598 627 625
f 625 627 640
f 627 629 640
f 640 629 639
f 629 631 639
f 639 631 610
f 646 647 648
f 649 650 651
f 650 646 651
f 646 648 651
f 648 652 651
f 651 652 653
f 652 654 653
f 653 654 655
f 656 657 658
f 657 649 658
f 659 660 656
f 661 598 662
f 598 597 662
f 662 597 663
f 655 664 653
f 664 665 653
f 653 665 600
f 665 666 600
f 600 666 601
f 649 651 658
f 651 653 658
f 658 653 667
f 653 600 667
f 667 600 668
f 600 602 668
f 668 602 669
f 602 606 669
f 669 606 670
f 418 417 619
f 417 434 619
f 619 434 433
f 432 671 433
f 671 613 433
f 433 613 619
f 613 615 619
f 619 615 618
f 425 424 606
f 424 423 606
f 606 423 670
f 423 422 670
f 670 422 421
f 656 658 659
f 658 667 659
f 659 667 672
f 667 673 672
f 672 673 674
f 673 669 674
f 674 669 675
f 669 670 675
f 675 670 616
f 670 421 616
f 616 421 420
f 622 676 612
f 676 677 612
f 612 677 632
f 677 678 632
f 632 678 645
f 614 620 615
f 620 611 615
f 615 611 618
f 611 610 618
f 618 610 617
f 610 631 617
f 617 631 616
f 631 630 616
f 616 630 675
f 630 628 675
f 675 628 674
f 628 626 674
f 674 626 672
f 626 598 672
f 672 598 659
f 598 661 659
f 659 661 660
f 679 680 681
f 609 608 682
f 683 398 684
f 685 686 687
f 686 688 687
f 687 688 689
f 690 691 654
f 647 692 648
f 692 693 648
f 648 693 652
f 694 429 682
f 429 428 682
f 609 682 599
f 682 428 599
f 599 428 427
f 608 607 682
f 607 604 682
f 682 604 695
f 601 696 695
f 696 697 695
f 695 697 682
f 601 666 696
f 666 665 696
f 696 665 690
f 665 698 690
f 690 698 691
f 699 679 700
f 679 681 700
f 700 681 701
f 690 702 696
f 702 701 696
f 696 701 697
f 701 681 697
f 697 681 682
f 681 680 682
f 682 680 694
f 703 704 705
f 704 706 705
f 707 708 706
f 708 709 706
f 706 709 705
f 709 710 705
f 705 710 703
f 710 711 703
f 711 712 703
f 703 712 713
f 684 689 683
f 689 688 683
f 683 688 714
f 688 715 714
f 692 707 693
f 707 706 693
f 693 706 716
f 706 704 716
f 716 704 717
f 704 703 717
f 717 703 688
f 703 713 688
f 688 713 715
f 685 699 686
f 699 700 686
f 686 700 688
f 700 701 688
f 688 701 717
f 701 702 717
f 717 702 716
f 702 690 716
f 716 690 693
f 690 654 693
f 693 654 652
f 718 719 720
f 721 722 723
f 277 275 724
f 714 725 683
f 725 400 683
f 683 400 398
f 726 727 388
f 388 405 726
f 405 404 726
f 726 404 725
f 404 402 725
f 725 402 400
f 366 387 728
f 387 394 728
f 728 394 729
f 394 392 729
f 392 391 729
f 729 391 727
f 391 389 727
f 727 389 388
f 730 731 732
f 731 372 732
f 733 353 734
f 353 355 734
f 734 355 357
f 275 274 724
f 274 350 724
f 724 350 733
f 350 352 733
f 733 352 353
f 359 362 731
f 362 273 731
f 273 373 731
f 731 373 372
f 735 736 737
f 736 738 737
f 737 738 739
f 738 740 739
f 739 740 741
f 741 742 739
f 742 743 739
f 739 743 744
f 743 745 744
f 744 745 746
f 747 723 748
f 723 749 748
f 748 749 750
f 746 751 744
f 751 752 744
f 744 752 749
f 752 753 749
f 749 753 750
f 721 723 754
f 755 754 756
f 754 723 756
f 756 723 757
f 723 747 757
f 730 758 731
f 758 734 731
f 731 734 359
f 734 357 359
f 714 715 725
f 715 713 725
f 725 713 759
f 713 712 759
f 712 711 759
f 711 710 759
f 759 710 760
f 710 709 760
f 759 761 725
f 761 762 725
f 725 762 726
f 762 763 726
f 726 763 764
f 765 766 729
f 766 767 729
f 729 767 728
f 767 768 728
f 764 769 726
f 769 770 726
f 726 770 727
f 770 771 727
f 727 771 729
f 771 772 729
f 729 772 765
f 773 280 279
f 277 724 278
f 724 720 278
f 278 720 279
f 720 719 279
f 279 719 773
f 372 370 732
f 370 369 732
f 732 369 728
f 369 367 728
f 728 367 366
f 722 718 723
f 718 720 723
f 723 720 749
f 720 724 749
f 749 724 744
f 724 733 744
f 744 733 739
f 733 734 739
f 739 734 737
f 734 758 737
f 737 758 735
f 758 774 735
f 768 775 728
f 775 776 728
f 728 776 732
f 776 777 732
f 732 777 730
f 777 778 730
f 730 778 758
f 778 779 758
f 758 779 774
f 721 754 780
f 781 782 783
f 456 455 784
f 785 786 787
f 280 773 450
f 773 788 450
f 450 788 451
f 458 457 789
f 457 790 789
f 789 790 791
f 790 792 791
f 785 793 790
f 793 794 790
f 790 794 792
f 795 796 797
f 798 799 782
f 799 800 782
f 782 800 783
f 780 783 787
f 783 797 787
f 787 797 785
f 797 796 785
f 785 796 793
f 781 783 801
f 783 780 801
f 801 780 802
f 780 754 802
f 802 754 755
f 455 454 784
f 454 453 784
f 784 453 803
f 453 452 803
f 803 452 451
f 800 804 783
f 804 805 783
f 783 805 797
f 805 806 797
f 797 806 795
f 773 719 788
f 719 718 788
f 788 718 722
f 457 456 790
f 456 784 790
f 790 784 785
f 784 803 785
f 785 803 786
f 803 451 786
f 786 451 787
f 451 788 787
f 787 788 780
f 788 722 780
f 780 722 721
f 807 808 809
f 459 458 789
f 810 811 812
f 811 810 813
f 812 814 815
f 814 816 815
f 815 816 817
f 818 819 820
f 459 789 821
f 789 791 821
f 821 791 792
f 812 815 810
f 815 822 810
f 810 822 818
f 822 821 818
f 818 821 819
f 821 792 819
f 819 792 794
f 443 442 821
f 442 460 821
f 821 460 459
f 823 824 825
f 824 826 825
f 827 828 829
f 828 830 829
f 831 823 832
f 823 825 832
f 832 825 833
f 833 834 832
f 834 829 832
f 832 829 831
f 829 830 831
f 798 827 799
f 827 829 799
f 799 829 800
f 829 834 800
f 800 834 804
f 834 805 804
f 835 836 837
f 836 838 837
f 807 809 839
f 809 840 839
f 839 840 841
f 826 842 825
f 842 843 825
f 825 843 840
f 843 844 840
f 840 844 841
f 845 846 838
f 846 847 838
f 838 847 837
f 820 848 818
f 848 849 818
f 818 849 810
f 849 850 810
f 810 850 813
f 850 838 813
f 813 838 851
f 838 836 851
f 809 852 840
f 852 853 840
f 840 853 825
f 853 854 825
f 825 854 833
f 443 821 444
f 821 822 444
f 444 822 445
f 822 815 445
f 445 815 446
f 815 817 446
f 446 817 447
f 794 793 819
f 793 796 819
f 819 796 820
f 796 855 820
f 820 855 806
f 808 845 809
f 845 838 809
f 809 838 852
f 838 850 852
f 852 850 853
f 850 849 853
f 853 849 854
f 849 848 854
f 854 848 833
f 848 820 833
f 833 820 834
f 820 806 834
f 834 806 805
f 856 641 643
f 622 857 676
f 857 858 676
f 676 858 677
f 817 816 859
f 860 812 861
f 438 436 862
f 436 863 862
f 862 863 864
f 865 866 867
f 868 869 866
f 869 870 866
f 866 870 867
f 870 871 867
f 871 872 867
f 867 872 873
f 643 874 875
f 874 645 875
f 875 645 678
f 436 435 863
f 435 449 863
f 863 449 448
f 622 621 857
f 621 864 857
f 857 864 859
f 864 863 859
f 859 863 817
f 863 448 817
f 817 448 447
f 621 620 864
f 620 614 864
f 864 614 862
f 614 613 862
f 862 613 671
f 671 432 440
f 671 440 862
f 440 439 862
f 862 439 438
f 812 811 861
f 811 876 861
f 861 876 877
f 876 865 877
f 877 865 875
f 865 867 875
f 875 867 643
f 867 873 643
f 643 873 856
f 876 851 865
f 851 836 865
f 865 836 866
f 836 835 866
f 866 835 868
f 678 677 875
f 677 858 875
f 875 858 877
f 858 857 877
f 877 857 861
f 857 859 861
f 861 859 860
f 859 816 860
f 878 879 880
f 880 881 878
f 881 882 878
f 878 882 647
f 883 884 880
f 884 885 880
f 880 885 881
f 885 886 881
f 881 886 887
f 888 889 890
f 891 892 893
f 892 888 893
f 893 888 894
f 888 890 894
f 895 896 897
f 896 898 897
f 895 897 899
f 897 900 899
f 899 900 901
f 901 900 902
f 900 903 902
f 902 903 904
f 905 906 907
f 906 908 907
f 907 908 903
f 908 909 903
f 903 909 904
f 905 907 910
f 907 911 910
f 910 911 912
f 641 913 914
f 913 915 914
f 914 915 633
f 916 635 637
f 916 637 917
f 637 918 917
f 917 918 915
f 918 634 915
f 915 634 633
f 919 662 888
f 662 920 888
f 888 920 889
f 920 921 889
f 879 649 880
f 649 892 880
f 880 892 883
f 892 891 883
f 649 657 892
f 657 656 892
f 892 656 888
f 656 660 888
f 888 660 919
f 922 923 907
f 923 924 907
f 924 925 907
f 907 925 911
f 926 597 596
f 927 635 623
f 635 916 623
f 623 916 596
f 916 920 596
f 596 920 926
f 920 662 926
f 898 921 897
f 921 920 897
f 897 920 900
f 920 916 900
f 900 916 903
f 916 917 903
f 903 917 907
f 917 915 907
f 907 915 922
f 915 913 922
f 928 929 930
f 931 932 933
f 932 709 933
f 933 709 934
f 692 935 936
f 709 708 934
f 708 707 934
f 934 707 937
f 707 692 937
f 937 692 930
f 692 936 930
f 930 936 928
f 760 709 938
f 709 932 938
f 938 932 939
f 932 940 939
f 941 777 776
f 942 943 941
f 942 941 944
f 941 776 944
f 944 776 945
f 776 775 945
f 775 768 945
f 945 768 946
f 768 947 946
f 946 947 948
f 947 766 948
f 948 766 949
f 766 765 949
f 949 765 950
f 765 772 950
f 950 772 951
f 772 771 951
f 951 771 952
f 771 953 952
f 771 770 953
f 770 769 953
f 953 769 954
f 769 764 954
f 954 764 955
f 764 763 955
f 955 763 956
f 763 762 956
f 956 762 957
f 762 761 957
f 957 761 938
f 761 759 938
f 938 759 760
f 958 755 756
f 959 960 958
f 958 756 959
f 756 757 959
f 959 757 961
f 757 747 961
f 961 747 962
f 747 748 962
f 962 748 963
f 748 750 963
f 963 750 964
f 750 753 964
f 964 753 965
f 753 752 965
f 965 752 966
f 752 751 966
f 966 751 967
f 751 746 967
f 746 745 967
f 967 745 968
f 745 743 968
f 968 743 969
f 969 743 970
f 743 742 970
f 970 742 971
f 742 741 971
f 741 740 971
f 971 740 972
f 740 738 972
f 972 738 973
f 738 736 973
f 973 736 974
f 736 735 974
f 735 774 974
f 974 774 975
f 778 777 941
f 778 941 779
f 941 943 976
f 774 779 975
f 779 941 975
f 975 941 977
f 941 976 977
f 978 782 979
f 782 781 979
f 979 781 980
f 981 982 782
f 982 983 782
f 782 983 798
f 802 755 958
f 781 801 980
f 801 802 980
f 980 802 984
f 802 958 984
f 984 958 960
f 985 986 987
f 988 989 985
f 978 990 982
f 990 991 982
f 982 991 992
f 991 993 992
f 992 993 988
f 993 994 988
f 988 994 989
f 995 996 842
f 996 997 842
f 842 997 843
f 831 830 992
f 830 828 992
f 992 828 982
f 828 827 982
f 982 827 983
f 827 798 983
f 842 826 995
f 826 998 995
f 995 998 823
f 999 1000 995
f 1000 1001 995
f 995 1001 996
f 987 1002 985
f 1002 999 985
f 985 999 988
f 999 995 988
f 988 995 992
f 995 823 992
f 992 823 831
f 872 871 1003
f 1004 1005 1006
f 1007 1004 1008
f 1004 1006 1008
f 1008 1006 1009
f 1010 1011 1012
f 1011 1013 1012
f 1012 1013 1006
f 1013 1014 1006
f 1006 1014 1009
f 1015 1016 1012
f 1016 1017 1012
f 1012 1017 1010
f 1018 1019 1015
f 1019 1020 1015
f 1015 1020 1016
f 1021 1022 1018
f 1022 1023 1018
f 1018 1023 1019
f 1024 1025 1026
f 1025 1027 1026
f 1026 1027 1021
f 1027 1028 1021
f 1021 1028 1022
f 1029 1030 1024
f 1029 1031 987
f 1030 1029 1032
f 1029 987 1032
f 1032 987 986
f 1033 1034 1003
f 1034 1035 1003
f 1003 1035 872
f 1035 1036 872
f 872 1036 873
f 1037 1038 835
f 1039 845 808
f 1039 808 1040
f 835 837 1037
f 837 847 1037
f 1037 847 1039
f 847 1041 1039
f 1039 1041 845
f 808 807 1040
f 807 839 1040
f 1040 839 841
f 843 1042 844
f 1042 1043 844
f 844 1043 1044
f 871 870 1003
f 870 869 1003
f 1003 869 1038
f 869 1045 1038
f 1038 1045 835
f 1046 1040 1044
f 1040 841 1044
f 1044 841 844
f 1024 1026 1029
f 1026 1047 1029
f 1029 1047 1031
f 1005 1033 1006
f 1033 1003 1006
f 1006 1003 1012
f 1003 1038 1012
f 1012 1038 1015
f 1038 1037 1015
f 1015 1037 1018
f 1037 1039 1018
f 1018 1039 1021
f 1039 1040 1021
f 1021 1040 1026
f 1040 1046 1026
f 1026 1046 1047
f 913 641 856
f 856 873 1036
f 922 913 1034
f 913 856 1034
f 1034 856 1035
f 856 1036 1035
f 911 925 1033
f 925 924 1033
f 1033 924 1034
f 924 923 1034
f 1034 923 922
f 1033 1005 911
f 1005 1004 911
f 911 1004 1048
f 1048 1049 911
f 1049 1050 911
f 911 1050 1051
f 1052 1053 1054
f 1055 1056 1057
f 1058 1059 1060
f 1059 1055 1060
f 1060 1055 1061
f 1055 1057 1061
f 1062 1063 1064
f 1065 1066 1067
f 1066 1068 1067
f 1067 1068 1069
f 1068 1070 1069
f 1069 1070 1062
f 1071 1072 1073
f 1072 1074 1073
f 1073 1074 1065
f 1074 1075 1065
f 1065 1075 1066
f 1076 1077 1071
f 1077 1078 1071
f 1071 1078 1072
f 1079 1080 1081
f 1082 1083 1084
f 1083 1085 1084
f 1084 1085 1086
f 1085 1087 1086
f 1086 1087 1079
f 1088 1089 1054
f 1089 1090 1054
f 1054 1090 1082
f 1090 1091 1082
f 1082 1091 1083
f 1054 1053 1088
f 1053 1092 1088
f 1088 1092 1093
f 1054 1094 1095
f 1052 1054 1096
f 1054 1095 1096
f 1096 1095 1097
f 1082 1098 1099
f 1082 1099 1054
f 1099 1100 1054
f 1054 1100 1094
f 1098 1082 1101
f 1082 1084 1101
f 1101 1084 1102
f 1084 1086 1102
f 1102 1086 1103
f 1079 1081 1086
f 1081 1104 1086
f 1086 1104 1103
f 1105 1106 1107
f 1106 1108 1107
f 1107 1108 1081
f 1108 1109 1081
f 1081 1109 1104
f 1105 1107 1110
f 1107 1111 1110
f 1110 1111 1112
f 1112 1111 1113
f 1111 1114 1113
f 1113 1114 1115
f 1115 1114 1116
f 1114 1117 1116
f 1116 1117 1118
f 1119 1120 1117
f 1120 1121 1117
f 1117 1121 1118
f 1062 1064 1069
f 1064 1122 1069
f 1069 1122 1123
f 1124 1064 1055
f 1064 1063 1055
f 1055 1063 1056
f 1125 1126 1124
f 1126 1127 1124
f 1124 1127 1064
f 1127 1128 1064
f 1064 1128 1122
f 1059 1129 1055
f 1129 1130 1055
f 1055 1130 1124
f 1130 1131 1124
f 1124 1131 1125
f 1131 1132 1125
f 1125 1132 1133
f 1080 1076 1081
f 1076 1071 1081
f 1081 1071 1107
f 1071 1073 1107
f 1107 1073 1111
f 1073 1065 1111
f 1111 1065 1114
f 1065 1067 1114
f 1114 1067 1117
f 1067 1069 1117
f 1117 1069 1119
f 1069 1123 1119
f 1119 1123 1120
f 1134 1135 1136
f 1135 1137 1136
f 1138 1137 1139
f 1134 1136 1140
f 1136 1141 1140
f 1140 1141 1142
f 1143 1144 1145
f 1144 1146 1145
f 1147 1148 1149
f 1148 1150 1149
f 1151 1152 1136
f 1152 1153 1136
f 1136 1153 1141
f 1137 1138 1136
f 1138 1145 1136
f 1136 1145 1151
f 1145 1146 1151
f 1151 1146 1154
f 1155 1138 1156
f 1138 1139 1156
f 1156 1139 1157
f 1155 1158 1138
f 1158 1150 1138
f 1138 1150 1145
f 1150 1148 1145
f 1145 1148 1143
f 1159 1160 1161
f 1162 1163 1164
f 1163 1165 1164
f 1164 1165 1166
f 1161 1160 1165
f 1160 1167 1165
f 1165 1167 1166
f 1159 1161 1168
f 1161 1169 1168
f 1168 1169 1170
f 1171 1172 1173
f 1172 1174 1173
f 1173 1174 1169
f 1174 1175 1169
f 1169 1175 1170
f 1176 1177 1178
f 1177 1179 1178
f 1178 1179 1171
f 1179 1180 1171
f 1171 1180 1172
f 1181 1182 1183
f 1181 1183 1184
f 1176 1178 1183
f 1178 1185 1183
f 1183 1185 1184
f 1186 1187 1188
f 1187 1185 1188
f 1188 1185 1189
f 1185 1178 1189
f 1189 1178 1190
f 1178 1171 1190
f 1191 1192 1193
f 1192 1194 1193
f 1195 1196 1192
f 1196 1197 1192
f 1192 1197 1194
f 1163 1198 1165
f 1198 1199 1165
f 1165 1199 1200
f 1201 1202 1203
f 1202 1204 1203
f 1203 1204 1195
f 1204 1205 1195
f 1195 1205 1196
f 1200 1206 1203
f 1206 1207 1203
f 1203 1207 1201
f 1200 1203 1165
f 1203 1195 1165
f 1165 1195 1161
f 1195 1192 1161
f 1161 1192 1169
f 1192 1191 1169
f 1169 1191 1173
f 1191 1208 1173
f 1173 1208 1171
f 1208 1209 1171
f 1171 1209 1190
f 176 174 1210
f 176 1210 1211
f 1210 1212 1211
f 1212 1213 1211
f 1211 1213 1214
f 1215 1216 1217
f 1216 1218 1217
f 190 189 1215
f 189 182 1215
f 1214 1216 1211
f 1216 1215 1211
f 1211 1215 179
f 1215 182 179
f 1219 1220 1221
f 1222 1223 1224
f 1225 1226 1227
f 1228 1229 1230
f 1229 1231 1230
f 1230 1231 1232
f 1224 1223 1225
f 1223 1233 1225
f 1225 1233 1226
f 1234 1235 1236
f 1237 1238 1239
f 1238 1240 1239
f 1239 1240 1234
f 1240 1241 1234
f 1234 1241 1235
f 1242 1243 1237
f 1243 1244 1237
f 1237 1244 1238
f 1245 1246 1242
f 1246 1247 1242
f 1242 1247 1243
f 1220 1248 1245
f 1248 1249 1245
f 1245 1249 1246
f 1221 1250 1251
f 1252 1253 1251
f 1253 1254 1251
f 1251 1254 1221
f 1254 1255 1221
f 1221 1255 1219
f 1255 1256 1219
f 1219 1256 1257
f 1220 1245 1221
f 1245 1258 1221
f 1221 1258 1250
f 1259 1260 1261
f 1260 1262 1261
f 1263 1264 1265
f 1264 1266 1265
f 1265 1266 1260
f 1266 1267 1260
f 1260 1267 1262
f 1268 1269 1270
f 1269 1271 1270
f 1222 1224 1236
f 1224 1270 1236
f 1236 1270 1234
f 1270 1271 1234
f 1234 1271 1272
f 1268 1270 1273
f 1270 1224 1273
f 1273 1224 1274
f 1224 1225 1274
f 1274 1225 1275
f 1276 1225 1232
f 1225 1227 1232
f 1232 1227 1230
f 1276 1277 1278
f 1276 1278 1225
f 1278 1279 1225
f 1225 1279 1275
f 1272 1263 1234
f 1263 1265 1234
f 1234 1265 1239
f 1265 1260 1239
f 1239 1260 1237
f 1260 1259 1237
f 1237 1259 1242
f 1259 1280 1242
f 1242 1280 1245
f 1280 1281 1245
f 1245 1281 1258
f 115 1282 116
f 1282 1283 116
f 116 1283 119
f 1283 1284 119
f 119 1284 120
f 1284 1285 120
f 120 1285 125
f 125 1285 127
f 1285 1286 127
f 127 1286 129
f 1286 1287 129
f 129 1287 1288
f 1287 1289 1288
f 1288 1289 132
f 1289 1290 132
f 132 1290 136
f 1290 1291 136
f 136 1291 138
f 1291 1292 138
f 138 1292 140
f 1292 1293 140
f 140 1293 142
f 1293 1294 142
f 142 1294 144
f 1294 1295 144
f 144 1295 146
f 146 1295 148
f 1295 1296 148
f 148 1296 150
f 1296 1297 150
f 150 1297 152
f 1298 1299 1300
f 1300 1301 1298
f 1301 158 1298
f 1298 158 156
f 1297 1302 152
f 1302 1298 152
f 152 1298 154
f 1298 156 154
f 1303 1304 1305
f 1303 1305 1306
f 1307 1308 1309
f 1310 1311 1312
f 1307 1309 1313
f 1312 1314 1310
f 1314 1315 1310
f 1310 1315 1309
f 1315 1316 1309
f 1309 1316 1313
f 1317 1318 1310
f 1318 1319 1310
f 1320 1311 1321
f 1311 1310 1321
f 1321 1310 1322
f 1310 1319 1322
f 1323 1317 1324
f 1317 1310 1324
f 1324 1310 1325
f 1310 1309 1325
f 1325 1309 1326
f 1327 1328 1329
f 1328 1330 1329
f 1329 1330 1331
f 1308 1306 1309
f 1306 1305 1309
f 1309 1305 1326
f 1305 1328 1326
f 1326 1328 1332
f 1328 1327 1332
f 1333 1334 1335
f 73 71 1335
f 71 1336 1335
f 1335 1336 1333
f 73 1335 75
f 1335 1337 75
f 75 1337 77
f 1337 1338 77
f 77 1338 1339
f 1338 1340 1339
f 1340 1341 1339
f 1339 1341 81
f 1341 1342 81
f 81 1342 83
f 1342 1343 83
f 83 1343 85
f 1343 1344 85
f 85 1344 87
f 1344 1345 87
f 87 1345 89
f 1345 1346 89
f 89 1346 91
f 1346 1347 91
f 91 1347 93
f 1347 95 93
f 1348 112 1349
f 112 97 1349
f 1349 97 1350
f 97 99 1350
f 1350 99 1351
f 99 101 1351
f 1351 101 1352
f 101 103 1352
f 1352 103 1353
f 103 69 1353
f 1353 69 1354
f 69 68 1354
f 1354 68 1355
f 68 95 1355
f 1355 95 1356
f 95 1347 1356
f 1357 1358 1359
f 1358 108 1359
f 1359 108 1348
f 108 110 1348
f 1348 110 112
f 1360 1361 1362
f 1363 1364 1365
f 1366 1367 1368
f 1367 1363 1368
f 1369 1370 1366
f 1370 1369 1371
f 1369 1372 1371
f 1371 1372 1373
f 1373 1372 1374
f 1372 1375 1374
f 1374 1375 1376
f 1376 1375 1377
f 1375 1378 1377
f 1377 1378 1379
f 1379 1378 1380
f 1378 1381 1380
f 1380 1381 1382
f 1383 1384 1381
f 1384 1385 1381
f 1381 1385 1382
f 1386 1387 1388
f 1387 1389 1388
f 1388 1389 1383
f 1389 1390 1383
f 1383 1390 1384
f 1391 1392 1362
f 1392 1393 1362
f 1362 1393 1388
f 1393 1394 1388
f 1388 1394 1386
f 1395 1396 1397
f 1396 1398 1397
f 1391 1362 1396
f 1362 1361 1396
f 1396 1361 1398
f 1399 1400 1401
f 1399 1401 1402
f 1403 1404 1401
f 1404 1405 1401
f 1401 1405 1402
f 1406 1407 1408
f 1407 1409 1408
f 1406 1408 1410
f 1408 1411 1410
f 1410 1411 1412
f 1413 1414 1415
f 1413 1415 1411
f 1415 1416 1411
f 1411 1416 1412
f 1417 1418 1419
f 1418 1420 1419
f 1419 1420 1421
f 1420 1422 1421
f 1421 1422 1413
f 1422 1423 1413
f 1413 1423 1414
f 1424 1425 1417
f 1425 1426 1417
f 1417 1426 1418
f 1368 1427 1428
f 1366 1368 1369
f 1368 1428 1369
f 1369 1428 1429
f 1363 1365 1368
f 1365 1430 1368
f 1368 1430 1431
f 1427 1368 1432
f 1368 1431 1432
f 1432 1431 1433
f 1429 1424 1369
f 1424 1417 1369
f 1369 1417 1372
f 1417 1419 1372
f 1372 1419 1375
f 1419 1421 1375
f 1375 1421 1378
f 1421 1413 1378
f 1378 1413 1381
f 1413 1411 1381
f 1381 1411 1383
f 1411 1408 1383
f 1383 1408 1388
f 1408 1409 1388
f 1388 1409 1362
f 1409 1403 1362
f 1362 1403 1360
f 1403 1401 1360
f 202 1434 1435
f 1436 1437 1438
f 1437 206 1438
f 1438 206 1439
f 206 1440 1439
f 1439 1440 1441
f 1440 211 1441
f 1441 211 1442
f 211 204 1442
f 1442 204 1443
f 204 198 1443
f 1443 198 1435
f 198 1444 1435
f 1435 1444 202
f 227 233 1445
f 233 232 1445
f 1445 232 1446
f 232 218 1446
f 1446 218 1447
f 218 1448 1447
f 1447 1448 1449
f 1448 223 1449
f 1449 223 1436
f 223 215 1436
f 1436 215 1437
f 1445 1450 227
f 1450 1451 227
f 227 1451 229
f 1451 1452 229
f 229 1452 1453
f 1452 1454 1453
f 1453 1454 237
f 1454 1455 237
f 1455 1456 237
f 237 1456 239
f 1456 1457 239
f 239 1457 241
f 1457 1458 241
f 241 1458 1459
f 1458 1460 1459
f 1459 1460 245
f 1460 1461 245
f 245 1461 247
f 1461 1462 247
f 247 1462 249
f 1462 1463 249
f 249 1463 1464
f 1463 1465 1464
f 1464 1465 253
f 257 254 1466
f 254 1467 1466
f 1466 1467 1468
f 253 1465 254
f 1465 1469 254
f 254 1469 1467
f 66 65 1470
f 65 265 1470
f 1470 265 1471
f 265 261 1471
f 1471 261 1472
f 261 260 1472
f 1157 1473 1474
f 1157 1474 1475
f 1474 1476 1475
f 1476 1477 1475
f 1475 1477 1478
f 1477 1479 1478
f 1478 1479 1480
f 1479 1481 1480
f 1480 1481 1482
f 1481 1483 1482
f 1482 1483 1484
f 1483 1485 1484
f 1484 1485 1486
f 887 886 1487
f 886 1486 1487
f 1487 1486 1488
f 1486 1485 1488
f 1479 1477 1489
f 1490 1139 1137
f 1491 1492 1493
f 1142 1491 1140
f 1491 1493 1140
f 1140 1493 1134
f 1493 1494 1134
f 1134 1494 1135
f 1494 1489 1135
f 1135 1489 1137
f 1489 1477 1137
f 1477 1476 1137
f 1137 1476 1490
f 1495 1496 1497
f 1496 1498 1497
f 1499 1500 1501
f 930 929 1500
f 1502 931 933
f 1502 933 1503
f 1504 1505 1506
f 1505 1507 1506
f 1492 1508 1509
f 1508 1510 1509
f 1509 1510 1504
f 1500 1499 930
f 1499 1511 930
f 930 1511 937
f 1492 1509 1493
f 1509 1512 1493
f 1493 1512 1494
f 1512 1497 1494
f 1494 1497 1489
f 1497 1498 1489
f 1489 1498 1479
f 1504 1506 1509
f 1506 1511 1509
f 1509 1511 1512
f 1511 1499 1512
f 1512 1499 1497
f 1499 1501 1497
f 1497 1501 1495
f 1507 1503 1506
f 1503 933 1506
f 1506 933 1511
f 933 934 1511
f 1511 934 937
f 1513 1514 1515
f 1516 1517 1518
f 1517 1516 1514
f 910 912 1513
f 1513 1515 910
f 1515 1519 910
f 910 1519 905
f 1062 1520 1063
f 1520 1521 1063
f 1063 1521 1522
f 1521 1523 1522
f 1522 1523 1057
f 1523 1524 1057
f 1057 1524 1061
f 1524 1525 1061
f 1061 1525 1060
f 1062 1070 1520
f 1070 1068 1520
f 1520 1068 1526
f 1068 1066 1526
f 1526 1066 1527
f 905 1519 1528
f 1519 1529 1528
f 1528 1529 908
f 1529 1530 908
f 908 1530 909
f 1530 1531 909
f 909 1531 904
f 1531 1532 904
f 904 1532 902
f 1066 1075 1527
f 1075 1074 1527
f 1527 1074 1533
f 1074 1072 1533
f 1533 1072 1534
f 902 1532 1535
f 1532 1536 1535
f 1535 1536 899
f 1536 1537 899
f 899 1537 895
f 895 1537 896
f 1537 1538 896
f 896 1538 898
f 1538 1539 898
f 898 1539 921
f 1540 1541 1542
f 1072 1078 1534
f 1078 1077 1534
f 1534 1077 1543
f 1077 1544 1543
f 1543 1544 1542
f 1544 1080 1542
f 1542 1080 1540
f 921 1539 1545
f 1539 1546 1545
f 1545 1546 890
f 1546 1547 890
f 890 1547 894
f 1547 1548 894
f 894 1548 893
f 893 1548 1549
f 1548 1550 1549
f 1549 1550 883
f 1088 1551 1552
f 1551 1553 1552
f 1540 1087 1541
f 1087 1085 1541
f 1541 1085 1554
f 1085 1083 1554
f 1554 1083 1555
f 1083 1556 1555
f 1555 1556 1553
f 1556 1090 1553
f 1553 1090 1552
f 1514 1516 1515
f 1516 1557 1515
f 1515 1557 1519
f 1557 1558 1519
f 1519 1558 1529
f 1558 1559 1529
f 1529 1559 1530
f 1559 1560 1530
f 1530 1560 1531
f 1560 1561 1531
f 1531 1561 1532
f 1561 1562 1532
f 1532 1562 1536
f 1562 1563 1536
f 1536 1563 1537
f 1563 1564 1537
f 1537 1564 1538
f 1564 1565 1538
f 1538 1565 1539
f 1565 1566 1539
f 1539 1566 1546
f 1566 1567 1546
f 1546 1567 1547
f 1567 1568 1547
f 1547 1568 1548
f 1568 1569 1548
f 1548 1569 1550
f 1569 1570 1550
f 1550 1570 1571
f 883 1550 1572
f 1550 1571 1572
f 1572 1571 885
f 1088 1093 1475
f 1088 1475 1551
f 1475 1478 1551
f 1551 1478 1573
f 1573 1570 1551
f 1570 1569 1551
f 1551 1569 1553
f 1569 1568 1553
f 1553 1568 1555
f 1568 1567 1555
f 1555 1567 1554
f 1567 1566 1554
f 1554 1566 1541
f 1566 1565 1541
f 1541 1565 1542
f 1565 1564 1542
f 1542 1564 1543
f 1564 1563 1543
f 1543 1563 1534
f 1563 1562 1534
f 1534 1562 1533
f 1562 1561 1533
f 1533 1561 1527
f 1561 1560 1527
f 1527 1560 1526
f 1560 1559 1526
f 1526 1559 1520
f 1559 1558 1520
f 1520 1558 1521
f 1558 1557 1521
f 1521 1557 1523
f 1557 1516 1523
f 1523 1516 1524
f 1516 1518 1524
f 1524 1518 1525
f 886 885 1486
f 885 1571 1486
f 1486 1571 1574
f 1571 1570 1574
f 1574 1570 1575
f 1570 1573 1575
f 1576 946 1577
f 1578 1176 1579
f 1580 949 1581
f 1582 1179 1583
f 950 951 1584
f 1585 954 1586
f 1587 1175 1588
f 1589 957 1590
f 1591 1159 1592
f 1593 939 1594
f 1595 1167 1596
f 1597 1598 1599
f 1600 1162 1164
f 943 942 1601
f 942 1602 1601
f 1603 1604 1602
f 1604 1605 1602
f 1602 1605 1601
f 1606 1607 1603
f 1607 1608 1603
f 1603 1608 1604
f 1183 1182 1609
f 1182 1610 1609
f 1610 1611 1609
f 1611 1612 1609
f 1609 1612 1603
f 1612 1613 1603
f 1603 1613 1606
f 1599 1598 1164
f 1598 1614 1164
f 1164 1614 1600
f 939 940 1594
f 940 1615 1594
f 1594 1615 1616
f 1615 1617 1616
f 1617 1618 1616
f 1618 1619 1616
f 1616 1619 1599
f 1619 1504 1599
f 1599 1504 1597
f 1164 1595 1599
f 1595 1596 1599
f 1599 1596 1616
f 1596 1620 1616
f 1616 1620 1594
f 1620 1590 1594
f 1594 1590 1593
f 1590 957 1593
f 955 1589 1621
f 1589 1590 1621
f 1621 1590 1622
f 1590 1620 1622
f 1622 1620 1592
f 1620 1596 1592
f 1592 1596 1591
f 1596 1167 1591
f 954 955 1586
f 955 1621 1586
f 1586 1621 1623
f 1621 1622 1623
f 1623 1622 1624
f 1622 1592 1624
f 1624 1592 1168
f 1592 1159 1168
f 952 1585 1625
f 1585 1586 1625
f 1625 1586 1626
f 1586 1623 1626
f 1626 1623 1588
f 1623 1624 1588
f 1588 1624 1587
f 1624 1168 1587
f 951 1627 1584
f 1627 1625 1584
f 1584 1625 1628
f 1625 1626 1628
f 1628 1626 1629
f 1626 1588 1629
f 1629 1588 1174
f 1588 1175 1174
f 949 950 1581
f 950 1584 1581
f 1581 1584 1630
f 1584 1628 1630
f 1630 1628 1631
f 1628 1629 1631
f 1631 1629 1172
f 1629 1174 1172
f 946 1580 1577
f 1580 1581 1577
f 1577 1581 1632
f 1581 1630 1632
f 1632 1630 1583
f 1630 1631 1583
f 1583 1631 1582
f 1631 1172 1582
f 944 1576 1633
f 1576 1577 1633
f 1633 1577 1634
f 1577 1632 1634
f 1634 1632 1579
f 1632 1583 1579
f 1579 1583 1578
f 1583 1179 1578
f 942 944 1602
f 944 1633 1602
f 1602 1633 1603
f 1633 1634 1603
f 1603 1634 1609
f 1634 1579 1609
f 1609 1579 1183
f 1579 1176 1183
f 1635 1636 1518
f 1637 1058 1060
f 1637 1060 1636
f 1060 1525 1636
f 1636 1525 1518
f 1517 1638 1639
f 1517 1639 1518
f 1639 1640 1518
f 1518 1640 1635
f 1513 1641 1514
f 1641 1642 1514
f 1514 1642 1517
f 1642 1643 1517
f 1517 1643 1638
f 1513 1051 1050
f 1050 1644 1513
f 1644 1645 1513
f 1513 1645 1641
f 1646 1647 1648
f 1649 960 959
f 1650 1651 1649
f 1652 1653 1654
f 1655 1656 1657
f 1656 1658 1657
f 1657 1658 1659
f 1228 1230 1660
f 1230 1661 1660
f 1662 1663 1664
f 1663 1665 1664
f 1664 1665 1646
f 1666 1667 1668
f 1667 1662 1668
f 1649 959 1650
f 959 1669 1650
f 1650 1669 1670
f 1257 1655 1219
f 1655 1657 1219
f 1219 1657 1671
f 1657 1672 1671
f 1671 1672 1248
f 1669 962 1670
f 962 963 1670
f 1670 963 1673
f 963 1674 1673
f 1673 1674 1675
f 1674 965 1675
f 1675 965 966
f 1676 1243 1677
f 1243 1678 1677
f 1677 1678 1679
f 1678 1246 1679
f 1679 1246 1672
f 1246 1680 1672
f 1672 1680 1248
f 1681 1682 966
f 1682 1683 966
f 966 1683 1675
f 1684 1240 1685
f 1240 1686 1685
f 1685 1686 1676
f 1686 1244 1676
f 1676 1244 1243
f 1236 1687 1684
f 1687 1241 1684
f 1684 1241 1240
f 1681 968 1682
f 968 969 1682
f 1682 969 1688
f 969 970 1688
f 1688 970 1689
f 970 971 1689
f 1689 971 1690
f 1684 1691 1236
f 1691 1692 1236
f 1236 1692 1222
f 1692 1693 1222
f 971 972 1690
f 972 1694 1690
f 1690 1694 1695
f 1694 974 1695
f 974 1696 1695
f 1695 1696 1697
f 1696 977 1697
f 977 976 1697
f 1697 976 1668
f 976 943 1668
f 1668 943 1666
f 1662 1664 1668
f 1664 1698 1668
f 1668 1698 1697
f 1698 1699 1697
f 1697 1699 1695
f 1699 1700 1695
f 1695 1700 1690
f 1700 1701 1690
f 1690 1701 1689
f 1701 1702 1689
f 1689 1702 1688
f 1702 1703 1688
f 1688 1703 1682
f 1703 1704 1682
f 1682 1704 1683
f 1704 1705 1683
f 1683 1705 1675
f 1705 1706 1675
f 1675 1706 1673
f 1706 1707 1673
f 1673 1707 1670
f 1707 1652 1670
f 1670 1652 1650
f 1652 1654 1650
f 1650 1654 1651
f 1646 1648 1664
f 1648 1708 1664
f 1664 1708 1698
f 1708 1709 1698
f 1698 1709 1699
f 1709 1692 1699
f 1699 1692 1700
f 1692 1691 1700
f 1700 1691 1701
f 1691 1684 1701
f 1701 1684 1702
f 1684 1685 1702
f 1702 1685 1703
f 1685 1676 1703
f 1703 1676 1704
f 1676 1677 1704
f 1704 1677 1705
f 1677 1679 1705
f 1705 1679 1706
f 1679 1672 1706
f 1706 1672 1707
f 1672 1657 1707
f 1707 1657 1652
f 1657 1659 1652
f 1652 1659 1710
f 1693 1692 1233
f 1692 1709 1233
f 1233 1709 1711
f 1709 1708 1711
f 1711 1708 1227
f 1708 1648 1227
f 1227 1648 1230
f 1648 1647 1230
f 1230 1647 1661
f 1712 1713 1714
f 1644 1050 1049
f 1391 1396 1715
f 1391 1715 1716
f 1715 1717 1716
f 1716 1717 1718
f 1717 1714 1718
f 1718 1714 1719
f 1713 1644 1714
f 1644 1049 1714
f 1714 1049 1719
f 1049 1048 1719
f 1712 1714 1720
f 1714 1717 1720
f 1720 1717 1721
f 1722 1723 1715
f 1723 1724 1715
f 1715 1724 1717
f 1724 1725 1717
f 1717 1725 1721
f 1396 1395 1715
f 1395 1726 1715
f 1715 1726 1722
f 1727 984 1728
f 1729 1308 1730
f 978 979 1731
f 978 1731 1732
f 1731 1733 1732
f 1732 1733 1734
f 1733 1730 1734
f 1734 1730 1735
f 1730 1308 1735
f 1735 1308 1307
f 1736 1737 1738
f 1737 1653 1738
f 1738 1653 1739
f 1739 1740 1738
f 1740 1741 1738
f 1738 1741 1303
f 1741 1742 1303
f 1303 1742 1304
f 984 960 1728
f 960 1649 1728
f 1728 1649 1736
f 1649 1651 1736
f 1736 1651 1737
f 979 1727 1731
f 1727 1728 1731
f 1731 1728 1733
f 1728 1736 1733
f 1733 1736 1730
f 1736 1738 1730
f 1730 1738 1729
f 1738 1303 1729
f 1743 1390 1389
f 1744 1743 1745
f 1746 1744 1747
f 1743 1389 1748
f 1389 1387 1748
f 1748 1387 1749
f 1387 1750 1749
f 1749 1750 1751
f 1017 1746 1010
f 1746 1752 1010
f 1010 1752 1011
f 1752 1753 1011
f 1011 1753 1013
f 1753 1754 1013
f 1013 1754 1014
f 1719 1007 1755
f 1007 1008 1755
f 1755 1008 1754
f 1008 1009 1754
f 1754 1009 1014
f 1391 1716 1756
f 1716 1757 1756
f 1756 1757 1393
f 1757 1751 1393
f 1393 1751 1394
f 1751 1750 1394
f 1744 1745 1747
f 1745 1749 1747
f 1747 1749 1758
f 1749 1751 1758
f 1758 1751 1759
f 1751 1757 1759
f 1759 1757 1760
f 1757 1716 1760
f 1760 1716 1761
f 1746 1747 1752
f 1747 1758 1752
f 1752 1758 1753
f 1758 1759 1753
f 1753 1759 1754
f 1759 1760 1754
f 1754 1760 1755
f 1760 1761 1755
f 1755 1761 1719
f 1762 990 978
f 1307 1313 1735
f 1313 1763 1735
f 1735 1763 1734
f 1763 1764 1734
f 1734 1764 1732
f 1313 1316 1763
f 1316 1765 1763
f 1763 1765 1764
f 1765 1766 1764
f 1766 1767 1764
f 1767 1762 1764
f 1764 1762 1732
f 1762 978 1732
f 991 990 1768
f 990 1762 1768
f 1768 1762 1769
f 1762 1767 1769
f 1770 1366 1771
f 1772 1371 1773
f 1774 1374 1775
f 1776 1377 1777
f 1778 1380 1779
f 1780 1022 1781
f 1782 1385 1783
f 1784 1019 1785
f 1786 1390 1743
f 1787 1788 1789
f 1790 1791 1363
f 1791 1792 1363
f 1363 1792 1364
f 1793 1794 1790
f 1794 1795 1790
f 1790 1795 1791
f 1788 1787 1790
f 1787 1796 1790
f 1790 1796 1793
f 986 1797 1789
f 1797 1798 1789
f 1798 1799 1789
f 1789 1799 1800
f 1800 1801 1789
f 1801 1802 1789
f 1789 1802 1787
f 1017 1016 1746
f 1016 1803 1746
f 1746 1803 1744
f 1803 1804 1744
f 1744 1804 1743
f 1804 1783 1743
f 1743 1783 1786
f 1783 1385 1786
f 1380 1782 1779
f 1782 1783 1779
f 1779 1783 1805
f 1783 1804 1805
f 1805 1804 1785
f 1804 1803 1785
f 1785 1803 1784
f 1803 1016 1784
f 1377 1778 1777
f 1778 1779 1777
f 1777 1779 1806
f 1779 1805 1806
f 1806 1805 1781
f 1805 1785 1781
f 1781 1785 1780
f 1785 1019 1780
f 1374 1776 1775
f 1776 1777 1775
f 1775 1777 1807
f 1777 1806 1807
f 1807 1806 1808
f 1806 1781 1808
f 1808 1781 1028
f 1781 1022 1028
f 1371 1774 1773
f 1774 1775 1773
f 1773 1775 1809
f 1775 1807 1809
f 1809 1807 1810
f 1807 1808 1810
f 1810 1808 1027
f 1808 1028 1027
f 1366 1772 1771
f 1772 1773 1771
f 1771 1773 1811
f 1773 1809 1811
f 1811 1809 1812
f 1809 1810 1812
f 1812 1810 1813
f 1810 1027 1813
f 1024 1814 1789
f 1814 1032 1789
f 1789 1032 986
f 1363 1770 1790
f 1770 1771 1790
f 1790 1771 1788
f 1771 1811 1788
f 1788 1811 1789
f 1811 1812 1789
f 1789 1812 1024
f 1812 1813 1024
f 994 993 1815
f 986 985 1816
f 985 1817 1816
f 1818 1819 1820
f 1819 1821 1820
f 1820 1821 985
f 1821 1822 985
f 985 1822 1817
f 1823 1824 1825
f 1824 1826 1825
f 1825 1826 1827
f 1826 1828 1827
f 1827 1828 1820
f 1828 1829 1820
f 1820 1829 1818
f 1825 1312 1311
f 1823 1825 1830
f 1825 1311 1830
f 1830 1311 1320
f 993 991 1815
f 991 1768 1815
f 1815 1768 1831
f 1768 1769 1831
f 1769 1767 1831
f 1831 1767 1832
f 1767 1766 1832
f 1832 1766 1315
f 1766 1765 1315
f 1315 1765 1316
f 1315 1314 1832
f 1314 1833 1832
f 1832 1833 1831
f 1833 1834 1831
f 1831 1834 1815
f 1834 1835 1815
f 1815 1835 994
f 1835 989 994
f 1314 1312 1833
f 1312 1825 1833
f 1833 1825 1834
f 1825 1827 1834
f 1834 1827 1835
f 1827 1820 1835
f 1835 1820 989
f 1820 985 989
f 1294 1293 1197
f 1836 1186 1188
f 1282 1836 1283
f 1836 1188 1283
f 1283 1188 1284
f 1188 1189 1284
f 1197 1293 1194
f 1293 1292 1194
f 1194 1292 1193
f 1292 1291 1193
f 1193 1291 1837
f 1291 1290 1837
f 1837 1290 1208
f 1290 1289 1208
f 1208 1289 1209
f 1289 1287 1209
f 1209 1287 1190
f 1287 1286 1190
f 1190 1286 1189
f 1286 1285 1189
f 1189 1285 1284
f 1294 1197 1295
f 1197 1838 1295
f 1295 1838 1205
f 1207 1299 1201
f 1299 1298 1201
f 1201 1298 1202
f 1298 1302 1202
f 1202 1302 1204
f 1302 1297 1204
f 1204 1297 1205
f 1297 1296 1205
f 1205 1296 1295
f 1839 1218 1216
f 1210 1840 1146
f 1840 1841 1146
f 1146 1841 1154
f 1148 1147 1839
f 1839 1216 1148
f 1216 1214 1148
f 1148 1214 1143
f 1143 1214 1144
f 1214 1213 1144
f 1144 1213 1146
f 1213 1212 1146
f 1146 1212 1210
f 1842 1274 1351
f 1351 1274 1350
f 1843 1357 1359
f 1277 1843 1278
f 1843 1359 1278
f 1278 1359 1279
f 1359 1348 1279
f 1279 1348 1349
f 1350 1274 1349
f 1274 1275 1349
f 1349 1275 1279
f 1842 1351 1268
f 1351 1352 1268
f 1268 1352 1269
f 1352 1353 1269
f 1269 1353 1271
f 1353 1354 1271
f 1271 1354 1272
f 1354 1355 1272
f 1272 1355 1263
f 1355 1356 1263
f 1263 1356 1264
f 1356 1347 1264
f 1264 1347 1266
f 1347 1346 1266
f 1266 1346 1267
f 1346 1345 1267
f 1345 1344 1267
f 1267 1344 1262
f 1344 1343 1262
f 1262 1343 1261
f 1343 1342 1261
f 1261 1342 1844
f 1342 1280 1844
f 1342 1341 1280
f 1341 1340 1280
f 1280 1340 1281
f 1340 1338 1281
f 1334 1252 1335
f 1252 1251 1335
f 1335 1251 1337
f 1251 1845 1337
f 1337 1845 1338
f 1845 1258 1338
f 1338 1258 1281
f 1103 1104 1846
f 1847 1848 1849
f 1848 1847 1850
f 1434 1850 1435
f 1850 1847 1435
f 1435 1847 1443
f 1847 1851 1443
f 1852 1853 1854
f 1853 1855 1854
f 1854 1855 1468
f 1125 1133 1852
f 1852 1854 1125
f 1854 1856 1125
f 1125 1856 1126
f 1468 1467 1854
f 1467 1469 1854
f 1854 1469 1856
f 1469 1465 1856
f 1856 1465 1857
f 1126 1856 1127
f 1856 1857 1127
f 1127 1857 1128
f 1128 1857 1122
f 1857 1858 1122
f 1122 1858 1123
f 1465 1463 1857
f 1463 1859 1857
f 1857 1859 1858
f 1859 1461 1858
f 1858 1461 1860
f 1461 1460 1860
f 1458 1861 1862
f 1115 1116 1862
f 1116 1860 1862
f 1862 1860 1458
f 1860 1460 1458
f 1116 1118 1860
f 1118 1121 1860
f 1860 1121 1858
f 1121 1120 1858
f 1858 1120 1123
f 1861 1456 1862
f 1456 1455 1862
f 1862 1455 1863
f 1455 1454 1863
f 1863 1454 1864
f 1115 1862 1113
f 1862 1863 1113
f 1113 1863 1112
f 1863 1864 1112
f 1112 1864 1110
f 1864 1865 1110
f 1110 1865 1105
f 1445 1866 1865
f 1454 1452 1864
f 1452 1451 1864
f 1864 1451 1865
f 1451 1450 1865
f 1865 1450 1445
f 1846 1104 1866
f 1104 1867 1866
f 1867 1108 1866
f 1866 1108 1865
f 1108 1106 1865
f 1865 1106 1105
f 1436 1868 1846
f 1445 1446 1866
f 1446 1447 1866
f 1866 1447 1846
f 1447 1449 1846
f 1846 1449 1436
f 1103 1846 1102
f 1846 1868 1102
f 1102 1868 1101
f 1101 1868 1869
f 1868 1870 1869
f 1869 1870 1099
f 1870 1851 1099
f 1099 1851 1100
f 1436 1438 1868
f 1438 1439 1868
f 1868 1439 1870
f 1439 1441 1870
f 1870 1441 1851
f 1441 1442 1851
f 1851 1442 1443
f 1100 1851 1871
f 1851 1847 1871
f 1871 1847 1095
f 1847 1849 1095
f 1095 1849 1097
f 1872 1323 1873
f 1331 1874 16
f 1874 1875 16
f 16 1875 14
f 1872 1873 2
f 1331 16 1329
f 16 17 1329
f 1329 17 1327
f 17 11 1327
f 1327 11 10
f 2 1873 3
f 1873 1325 3
f 3 1325 1876
f 1325 1326 1876
f 1876 1326 10
f 1326 1332 10
f 10 1332 1327
f 1877 1400 1399
f 1877 1399 1878
f 1472 1879 1880
f 1879 1881 1880
f 1880 1881 1878
f 1878 1399 1880
f 1399 1402 1880
f 1880 1402 1882
f 1402 1405 1882
f 1882 1405 1883
f 1472 1880 1471
f 1880 1882 1471
f 1471 1882 1470
f 1882 1883 1470
f 1470 1883 66
f 66 1883 1884
f 1885 19 18
f 1885 18 1886
f 1887 1886 1888
f 1886 18 1888
f 1888 18 1889
f 18 23 1889
f 1433 1887 1432
f 1887 1888 1432
f 1432 1888 1427
f 1888 1889 1427
f 23 25 1889
f 25 27 1889
f 1889 27 1890
f 1426 1425 1891
f 1425 1424 1891
f 1891 1424 1890
f 1424 1429 1890
f 1890 1429 1889
f 1429 1428 1889
f 1889 1428 1427
f 27 30 1890
f 30 32 1890
f 1890 32 1891
f 32 33 1891
f 1891 33 1892
f 33 35 1892
f 35 37 1892
f 37 39 1892
f 1892 39 1893
f 1426 1891 1418
f 1891 1892 1418
f 1418 1892 1420
f 1892 1893 1420
f 1420 1893 1422
f 1893 1894 1422
f 1422 1894 1423
f 39 41 1893
f 41 43 1893
f 1893 43 1894
f 43 45 1894
f 1894 45 1895
f 45 47 1895
f 1895 47 49
f 49 1896 1895
f 1896 1415 1895
f 1895 1415 1894
f 1415 1414 1894
f 1894 1414 1423
f 1410 1412 1896
f 1412 1416 1896
f 1896 1416 1415
f 51 54 1897
f 54 1898 1897
f 1897 1898 1899
f 49 51 1896
f 51 1897 1896
f 1896 1897 1410
f 1897 1899 1410
f 1410 1899 1406
f 1899 1407 1406
f 1898 58 1899
f 58 60 1899
f 1899 60 1900
f 60 62 1900
f 1900 62 1884
f 62 64 1884
f 1884 64 66
f 1407 1899 1409
f 1899 1900 1409
f 1409 1900 1403
f 1900 1884 1403
f 1403 1884 1404
f 1884 1883 1404
f 1404 1883 1405
f 1901 1902 1903
f 1902 1904 1903
f 1903 1904 1905
f 1905 1904 1906
f 1904 1907 1906
f 1906 1907 1908
f 1907 1909 1908
f 1908 1909 1910
f 1909 1911 1910
f 1910 1911 1912
f 1911 1913 1912
f 1912 1913 1914
f 1913 1915 1914
f 1914 1915 1916
f 1915 1917 1916
f 1916 1917 1918
f 1917 1919 1918
f 1918 1919 1920
f 1919 1921 1920
f 1921 1922 1920
f 1920 1922 1923
f 1922 1924 1923
f 1923 1924 1925
f 1924 1926 1925
f 1925 1926 1927
f 1927 1926 1928
f 1926 1929 1928
f 1928 1929 1930
f 1929 1931 1930
f 1930 1931 1932
f 1931 1933 1932
f 1932 1933 1934
f 1933 1935 1934
f 1934 1935 1936
f 1935 1937 1936
f 1937 1938 1936
f 1936 1938 1939
f 1938 1940 1939
f 1939 1940 1941
f 1940 1942 1941
f 1941 1942 1943
f 1942 1944 1943
f 1943 1944 1945
f 1944 1946 1945
f 1945 1946 1947
f 1946 1948 1947
f 1947 1948 1949
f 1950 1951 1952
f 1951 1953 1952
f 1953 1902 1952
f 1952 1902 1954
f 1902 1901 1954
f 1955 1956 1957
f 1956 1958 1957
f 1957 1958 1959
f 1960 1961 1962
f 1961 1963 1962
f 1962 1963 1959
f 1963 1964 1959
f 1959 1964 1957
f 1962 1965 1960
f 1965 1966 1960
f 1960 1966 1967
f 1966 1968 1967
f 1967 1968 1969
f 1968 1970 1969
f 1969 1970 1971
f 1970 1972 1971
f 1971 1972 1973
f 1972 1974 1973
f 1973 1974 1975
f 1974 1976 1975
f 1975 1976 1977
f 1977 1976 1978
f 1976 1979 1978
f 1978 1979 1980
f 1979 1981 1980
f 1981 1982 1980
f 1980 1982 1983
f 1982 1984 1983
f 1983 1984 1985
f 1984 1986 1985
f 1985 1986 1987
f 1986 1988 1987
f 1987 1988 1989
f 1989 1988 1990
f 1988 1991 1990
f 1990 1991 1992
f 1991 1993 1992
f 1992 1993 1994
f 1950 1952 1995
f 1952 1996 1995
f 1995 1996 1997
f 1993 1998 1994
f 1998 1999 1994
f 1994 1999 2000
f 1999 1995 2000
f 2000 1995 2001
f 1995 1997 2001
f 2002 2003 2004
f 2003 2005 2004
f 2004 2005 2006
f 2005 2007 2006
f 2006 2007 2008
f 2009 2010 2011
f 2010 2012 2011
f 2011 2012 2013
f 2007 2014 2008
f 2014 2010 2008
f 2008 2010 2015
f 2010 2009 2015
f 2016 2011 2017
f 2011 2013 2017
f 2017 2013 2018
f 2013 2019 2018
f 2018 2019 2020
f 2021 1953 2022
f 1953 2023 2022
f 2022 2023 2017
f 2023 2024 2017
f 2017 2024 2016
f 2024 2025 2016
f 2016 2025 2026
f 2027 2028 2029
f 2028 2030 2029
f 2029 2030 2031
f 2030 2032 2031
f 2031 2032 2033
f 2032 2034 2033
f 2033 2034 2035
f 2034 2036 2035
f 2035 2036 2021
f 2036 2037 2021
f 2021 2037 1953
f 2037 2038 1953
f 1953 2038 1902
f 2039 2040 2041
f 2029 2042 2027
f 2042 2043 2027
f 2027 2043 2044
f 2043 2039 2044
f 2044 2039 2045
f 2039 2041 2045
f 2046 2041 2047
f 2041 2040 2047
f 2047 2040 2048
f 2040 2049 2048
f 2048 2049 2050
f 2049 2051 2050
f 2052 2053 2046
f 2054 2055 2056
f 2057 2058 2059
f 2058 2060 2059
f 2059 2060 2061
f 2060 2062 2061
f 2061 2062 2063
f 2062 2064 2063
f 2063 2064 2065
f 2064 2066 2065
f 2065 2066 2067
f 2066 2068 2067
f 2067 2068 2047
f 2059 2069 2057
f 2069 2070 2057
f 2057 2070 2071
f 2070 2072 2071
f 2071 2072 2073
f 2072 2074 2073
f 2075 2076 2077
f 2076 2078 2077
f 2077 2078 2079
f 2078 2080 2079
f 2079 2080 2081
f 2080 2082 2081
f 2081 2082 2083
f 2082 2084 2083
f 2083 2084 2085
f 2084 2086 2085
f 2085 2086 2087
f 2086 2088 2087
f 2087 2088 2074
f 2088 2089 2074
f 2074 2089 2090
f 2091 2092 2093
f 2092 2094 2093
f 2093 2094 2095
f 2094 2096 2095
f 2095 2096 2075
f 2096 2097 2075
f 2075 2097 2076
f 2093 2098 2091
f 2098 2099 2091
f 2091 2099 2100
f 2099 2101 2100
f 2100 2101 2102
f 2101 2103 2102
f 2102 2103 2104
f 2103 2105 2104
f 2104 2105 2106
f 2105 2107 2106
f 2106 2107 2108
f 2107 2109 2108
f 2108 2109 2110
f 2111 2054 2112
f 2054 2056 2112
f 2112 2056 2113
f 2056 2114 2113
f 2113 2114 2115
f 2114 2110 2115
f 2115 2110 2116
f 2110 2109 2116
f 2068 2117 2047
f 2117 2118 2047
f 2047 2118 2046
f 2118 2119 2046
f 2046 2119 2052
f 2120 2121 2122
f 2123 2124 2125
f 2124 2126 2125
f 2125 2126 2122
f 2126 2127 2122
f 2122 2127 2120
f 2123 2128 2124
f 2128 2129 2124
f 2124 2129 2130
f 2129 2131 2130
f 2130 2131 2132
f 2131 2133 2132
f 2131 2134 2133
f 2134 2135 2133
f 2133 2135 2136
f 2135 2137 2136
f 2136 2137 2138
f 2137 2139 2138
f 2138 2139 2140
f 2139 2141 2140
f 2139 2142 2141
f 2142 2143 2141
f 2141 2143 2144
f 2143 2145 2144
f 2144 2145 2146
f 2145 2147 2146
f 2146 2147 2148
f 2148 2147 2149
f 2147 2150 2149
f 2149 2150 2151
f 2150 2152 2151
f 2152 2153 2151
f 2151 2153 2154
f 2153 2155 2154
f 2154 2155 2156
f 2155 2157 2156
f 2156 2157 2158
f 2157 2159 2158
f 2158 2159 2160
f 2159 2161 2160
f 2161 2162 2160
f 2160 2162 2163
f 2162 2164 2163
f 2163 2164 2165
f 2164 2166 2165
f 2165 2166 2167
f 2166 2168 2167
f 2167 2168 2169
f 2168 2170 2169
f 2169 2170 2002
f 2170 2171 2002
f 2002 2171 2003
f 2172 2173 2174
f 2173 2175 2174
f 2174 2175 2176
f 2175 2177 2176
f 2178 2179 2180
f 2179 2181 2180
f 2180 2181 2182
f 2181 2183 2182
f 2184 2185 2186
f 2185 2187 2186
f 2186 2187 2188
f 2187 2189 2188
f 2188 2189 2190
f 2189 2191 2190
f 2191 2192 2190
f 2190 2192 2193
f 2192 2194 2193
f 2193 2194 2195
f 2194 2196 2195
f 2195 2196 2197
f 2196 2198 2197
f 2197 2198 2199
f 2198 2200 2199
f 2199 2200 2201
f 2200 2202 2201
f 2201 2202 2203
f 2202 2204 2203
f 2204 2205 2203
f 2203 2205 2206
f 2205 2207 2206
f 2206 2207 2208
f 2207 2209 2208
f 2208 2209 2210
f 2209 2211 2210
f 2210 2211 2212
f 2211 2213 2212
f 2212 2213 2214
f 2213 2215 2214
f 2214 2215 2216
f 2215 2217 2216
f 2217 2218 2216
f 2216 2218 2219
f 2218 2220 2219
f 2219 2220 2221
f 2220 2222 2221
f 2221 2222 2223
f 2222 2224 2223
f 2222 2225 2224
f 2225 2226 2224
f 2224 2226 2227
f 2226 2228 2227
f 2227 2228 2229
f 2228 2230 2229
f 2230 2231 2229
f 2229 2231 2232
f 2233 2234 2235
f 2233 2235 2236
f 2237 2238 2239
f 2238 2240 2239
f 2239 2240 2241
f 2240 2242 2241
f 2241 2242 2243
f 2242 2244 2243
f 2243 2244 2245
f 2244 2246 2245
f 2245 2246 2247
f 2246 2248 2247
f 2247 2248 2249
f 2248 2250 2249
f 2249 2250 2251
f 2250 2252 2251
f 2251 2252 2253
f 2252 2254 2253
f 2253 2254 2235
f 2254 2255 2235
f 2235 2255 2236
f 2256 2257 2258
f 2257 2259 2258
f 2258 2259 2260
f 2259 2261 2260
f 2260 2261 2262
f 2261 2263 2262
f 2262 2263 2264
f 2263 2265 2264
f 2264 2265 2266
f 2265 2267 2266
f 2266 2267 2237
f 2267 2268 2237
f 2237 2268 2238
f 2269 2270 2271
f 2270 2272 2271
f 2271 2272 2273
f 2272 2274 2273
f 2273 2274 2256
f 2274 2275 2256
f 2256 2275 2257
f 2276 2277 2278
f 2277 2279 2278
f 2278 2279 2280
f 2279 2281 2280
f 2280 2281 2282
f 2281 2283 2282
f 2282 2283 2269
f 2283 2284 2269
f 2269 2284 2270
f 2285 2286 2287
f 2286 2288 2287
f 2287 2288 2289
f 2288 2290 2289
f 2291 2292 2293
f 2292 2294 2293
f 2293 2294 2295
f 2294 2290 2295
f 2295 2290 2296
f 2290 2288 2296
f 2297 2298 2299
f 2298 2300 2299
f 2299 2300 2301
f 2300 2302 2301
f 2301 2302 2291
f 2302 2303 2291
f 2291 2303 2292
f 2304 2305 2306
f 2305 2307 2306
f 2306 2307 2308
f 2307 2309 2308
f 2310 2311 2312
f 2312 2313 2310
f 2313 2314 2310
f 2310 2314 2315
f 2314 2316 2315
f 2317 2318 2319
f 2318 2320 2319
f 2321 2322 2323
f 2322 2324 2323
f 2323 2324 2325
f 2324 2326 2325
f 2325 2326 2327
f 2326 2328 2327
f 2327 2328 2329
f 2328 2330 2329
f 2329 2330 2331
f 2330 2332 2331
f 2333 2334 2335
f 2334 2336 2335
f 2333 2335 2337
f 2335 2338 2337
f 2337 2338 2339
f 2338 2340 2339
f 2339 2340 2321
f 2340 2341 2321
f 2321 2341 2322
f 2336 2334 2342
f 2334 2343 2342
f 2342 2343 2344
f 2343 2345 2344
f 2344 2345 2346
f 2345 2347 2346
f 2346 2347 2348
f 2347 2349 2348
f 2348 2349 2350
f 2351 2352 2353
f 2352 2354 2353
f 2353 2354 2355
f 2354 2356 2355
f 2350 2349 2357
f 2349 2358 2357
f 2357 2358 2359
f 2358 2360 2359
f 2359 2360 2361
f 2360 2362 2361
f 2361 2362 2363
f 2362 2364 2363
f 2363 2364 2365
f 2364 2366 2365
f 2365 2366 2356
f 2366 2367 2356
f 2356 2367 2355
f 2368 2369 2370
f 2369 2371 2370
f 2370 2371 2372
f 2371 2373 2372
f 2372 2373 2374
f 2373 2375 2374
f 2374 2375 2376
f 2375 2377 2376
f 2376 2377 2351
f 2377 2378 2351
f 2351 2378 2352
f 2368 2370 2317
f 2370 2379 2317
f 2317 2379 2318
f 2380 2381 2382
f 2381 2383 2382
f 2383 2384 2382
f 2384 2385 2382
f 2382 2385 2386
f 2387 2388 2389
f 2389 2390 2387
f 2390 2391 2387
f 2387 2391 2392
f 2391 2393 2392
f 2394 2395 2396
f 2395 2397 2396
f 2396 2397 2398
f 2397 2399 2398
f 2400 2401 2402
f 2401 2403 2402
f 2402 2403 2404
f 2403 2405 2404
f 2406 2407 2408
f 2407 2409 2408
f 2408 2409 2410
f 2409 2411 2410
f 2410 2411 2412
f 2411 2413 2412
f 2414 2415 2416
f 2415 2417 2416
f 2416 2417 2418
f 2419 2420 2421
f 2420 2422 2421
f 2421 2422 2423
f 2423 2422 2424
f 2422 2425 2424
f 2424 2425 2426
f 2425 2427 2426
f 2426 2427 2428
f 2427 2429 2428
f 2428 2429 2430
f 2429 2431 2430
f 2430 2431 2432
f 2431 2433 2432
f 2432 2433 2434
f 2433 2435 2434
f 2434 2435 2436
f 2435 2437 2436
f 2437 2438 2436
f 2436 2438 2439
f 2438 2440 2439
f 2439 2440 2441
f 2440 2442 2441
f 2441 2442 2443
f 2442 2444 2443
f 2443 2444 2445
f 2444 2446 2445
f 2445 2446 2447
f 2446 2448 2447
f 2447 2448 2449
f 2448 2450 2449
f 2448 2451 2450
f 2451 2452 2450
f 2450 2452 2453
f 2452 2454 2453
f 2453 2454 2455
f 2454 2456 2455
f 2455 2456 2457
f 2456 2458 2457
f 2457 2458 2459
f 2458 2460 2459
f 2459 2460 2461
f 2460 2462 2461
f 2461 2462 2463
f 2462 2464 2463
f 2463 2464 2465
f 2464 2466 2465
f 2417 2467 2418
f 2467 2468 2418
f 2418 2468 2469
f 2468 2470 2469
f 2469 2470 2471
f 2470 2472 2471
f 2471 2472 2473
f 2472 2474 2473
f 2473 2474 2466
f 2474 2475 2466
f 2466 2475 2465
f 2476 2477 2478
f 2477 2479 2478
f 2478 2479 2480
f 2479 2481 2480
f 2482 2483 2484
f 2483 2485 2484
f 2484 2485 2486
f 2485 2487 2486
f 2486 2487 2488
f 2484 2489 2482
f 2489 2490 2482
f 2482 2490 2491
f 2490 2492 2491
f 2491 2492 2493
f 2492 2494 2493
f 2493 2494 2495
f 2494 2496 2495
f 2495 2496 2497
f 2496 2498 2497
f 2497 2498 2499
f 2498 2500 2499
f 2499 2500 2501
f 2500 2502 2501
f 2501 2502 2503
f 2502 2504 2503
f 2503 2504 2505
f 2504 2506 2505
f 2506 2507 2505
f 2505 2507 2508
f 2507 2509 2508
f 2508 2509 2510
f 2509 2511 2510
f 2510 2511 2512
f 2511 2513 2512
f 2513 2514 2512
f 2512 2514 2515
f 2514 2516 2515
f 2515 2516 2517
f 2516 2518 2517
f 2517 2518 2519
f 2518 2520 2519
f 2519 2520 2521
f 2520 2522 2521
f 2521 2522 2523
f 2522 2524 2523
f 2523 2524 2525
f 2524 2526 2525
f 2527 2528 2529
f 2528 2530 2529
f 2529 2530 2531
f 2530 2532 2531
f 2533 2534 2535
f 2536 2533 2537
f 2533 2535 2537
f 2537 2535 2538
f 2535 2539 2538
f 2538 2539 2540
f 2539 2541 2540
f 2542 2543 2544
f 2543 2545 2544
f 2544 2545 2546
f 2547 2548 2549
f 2548 2550 2549
f 2549 2550 2551
f 2550 2552 2551
f 2551 2552 2553
f 2552 2554 2553
f 2553 2554 2555
f 2554 2556 2555
f 2555 2556 2557
f 2556 2558 2557
f 2559 2560 2561
f 2560 2562 2561
f 2561 2562 2563
f 2562 2564 2563
f 2563 2564 2565
f 2564 2566 2565
f 2565 2566 2567
f 2566 2568 2567
f 2567 2568 2569
f 2568 2570 2569
f 2569 2570 2571
f 2570 2572 2571
f 2571 2572 2558
f 2572 2573 2558
f 2558 2573 2557
f 2574 2575 2576
f 2575 2577 2576
f 2576 2577 2559
f 2577 2578 2559
f 2559 2578 2560
f 2545 2579 2546
f 2579 2580 2546
f 2546 2580 2581
f 2580 2582 2581
f 2581 2582 2583
f 2582 2584 2583
f 2583 2584 2574
f 2584 2585 2574
f 2574 2585 2575
f 2586 2587 2588
f 2589 2590 2591
f 2592 2593 2594
f 2593 2595 2594
f 2594 2595 2596
f 2595 2597 2596
f 2596 2597 2598
f 2598 2597 2599
f 2597 2600 2599
f 2599 2600 2601
f 2600 2602 2601
f 2601 2602 2603
f 2602 2604 2603
f 2603 2604 2605
f 2604 2606 2605
f 2605 2606 2607
f 2606 2608 2607
f 2607 2608 2609
f 2608 2610 2609
f 2609 2610 2611
f 2610 2612 2611
f 2611 2612 2613
f 2612 2614 2613
f 2614 2615 2613
f 2613 2615 2616
f 2616 2615 2617
f 2615 2618 2617
f 2617 2618 2619
f 2618 2620 2619
f 2619 2620 2621
f 2621 2620 2622
f 2620 2623 2622
f 2622 2623 2624
f 2623 2625 2624
f 2624 2625 2626
f 2625 2627 2626
f 2627 2628 2626
f 2626 2628 2629
f 2628 2630 2629
f 2631 2632 2633
f 2632 2634 2633
f 2633 2634 2630
f 2634 2635 2630
f 2630 2635 2629
f 2587 2586 2636
f 2586 2637 2636
f 2636 2637 2631
f 2637 2638 2631
f 2631 2638 2632
f 2639 2589 2640
f 2589 2591 2640
f 2640 2591 2641
f 2591 2642 2641
f 2641 2642 2643
f 2642 2644 2643
f 2643 2644 2588
f 2644 2645 2588
f 2588 2645 2586
f 2646 2647 2648
f 2647 2649 2648
f 2648 2649 2650
f 2649 2651 2650
f 2650 2651 2652
f 2651 2653 2652
f 2652 2653 2654
f 2653 2655 2654
f 2654 2655 2656
f 2655 2657 2656
f 2656 2657 2658
f 2657 2659 2658
f 2658 2659 2660
f 2659 2661 2660
f 2660 2661 2662
f 2661 2663 2662
f 2664 2665 2666
f 2665 2667 2666
f 2666 2667 2668
f 2669 2670 2671
f 2672 2673 2674
f 2673 2675 2674
f 2676 2677 2678
f 2677 2679 2678
f 2678 2679 2680
f 2679 2681 2680
f 2680 2681 2682
f 2681 2683 2682
f 2682 2683 2684
f 2683 2685 2684
f 2684 2685 2675
f 2685 2686 2675
f 2675 2686 2674
f 2687 2688 2689
f 2688 2690 2689
f 2689 2690 2691
f 2690 2692 2691
f 2691 2692 2693
f 2692 2694 2693
f 2693 2694 2695
f 2694 2696 2695
f 2695 2696 2697
f 2696 2698 2697
f 2697 2698 2699
f 2698 2700 2699
f 2699 2700 2676
f 2700 2701 2676
f 2676 2701 2677
f 2689 2702 2687
f 2702 2703 2687
f 2687 2703 2704
f 2703 2705 2704
f 2706 2707 2708
f 2707 2709 2708
f 2708 2709 2710
f 2709 2711 2710
f 2710 2711 2712
f 2711 2713 2712
f 2712 2713 2714
f 2713 2715 2714
f 2714 2715 2705
f 2715 2716 2705
f 2705 2716 2704
f 2669 2671 2717
f 2671 2718 2717
f 2717 2718 2719
f 2718 2720 2719
f 2719 2720 2721
f 2720 2722 2721
f 2721 2722 2723
f 2722 2724 2723
f 2723 2724 2725
f 2724 2726 2725
f 2725 2726 2727
f 2726 2728 2727
f 2727 2728 2707
f 2729 2730 2731
f 2730 2732 2731
f 2731 2732 2733
f 2732 2734 2733
f 2735 2736 2737
f 2736 2738 2737
f 2737 2738 2739
f 2738 2740 2739
f 2739 2740 2741
f 2737 2742 2735
f 2742 2743 2735
f 2735 2743 2744
f 2743 2745 2744
f 2744 2745 2746
f 2745 2747 2746
f 2746 2747 2748
f 2749 2750 2751
f 2752 2753 2754
f 2753 2755 2754
f 2756 2757 2758
f 2757 2759 2758
f 2758 2759 2760
f 2759 2761 2760
f 2760 2761 2762
f 2761 2763 2762
f 2762 2763 2755
f 2763 2764 2755
f 2755 2764 2754
f 2765 2766 2752
f 2766 2767 2752
f 2752 2767 2753
f 2768 2769 2770
f 2769 2771 2770
f 2770 2771 2772
f 2771 2773 2772
f 2772 2773 2765
f 2773 2774 2765
f 2765 2774 2766
f 2770 2775 2768
f 2775 2776 2768
f 2768 2776 2777
f 2776 2778 2777
f 2777 2778 2779
f 2779 2778 2780
f 2778 2781 2780
f 2780 2781 2782
f 2783 2784 2785
f 2784 2786 2785
f 2785 2786 2782
f 2786 2787 2782
f 2782 2787 2780
f 2788 2789 2783
f 2789 2790 2783
f 2783 2790 2784
f 2791 2792 2793
f 2792 2794 2793
f 2793 2794 2788
f 2794 2795 2788
f 2788 2795 2789
f 2749 2751 2796
f 2751 2797 2796
f 2797 2798 2796
f 2796 2798 2799
f 2798 2800 2799
f 2799 2800 2791
f 2800 2801 2791
f 2791 2801 2792
f 2802 2803 2804
f 2802 2804 2750
f 2804 2805 2750
f 2750 2805 2751
f 2803 2802 2806
f 2802 2807 2806
f 2806 2807 2808
f 2807 2809 2808
f 2808 2809 2810
f 2810 2809 2811
f 2809 2812 2811
f 2811 2812 2813
f 2814 2815 2816
f 2815 2817 2816
f 2816 2817 2818
f 2817 2819 2818
f 2818 2819 2820
f 2819 2821 2820
f 2822 2815 2823
f 2815 2814 2823
f 2822 2823 2824
f 2823 2825 2824
f 2824 2825 2826
f 2825 2827 2826
f 2826 2827 2828
f 2827 2829 2828
f 2828 2829 2830
f 2831 2832 2833
f 2830 2829 2834
f 2829 2835 2834
f 2834 2835 2832
f 2835 2836 2832
f 2832 2836 2833
f 2831 2833 2837
f 2833 2838 2837
f 2837 2838 2839
f 2838 2840 2839
f 2839 2840 2841
f 2840 2842 2841
f 2841 2842 2843
f 2842 2844 2843
f 2843 2844 2845
f 2844 2846 2845
f 2845 2846 2847
f 2847 2846 2848
f 2846 2849 2848
f 2848 2849 2850
f 2849 2851 2850
f 2850 2851 2852
f 2851 2853 2852
f 2852 2853 2854
f 2854 2853 2855
f 2853 2856 2855
f 2855 2856 2857
f 2856 2858 2857
f 2857 2858 2859
f 2859 2858 2860
f 2858 2861 2860
f 2860 2861 2862
f 2861 2863 2862
f 2862 2863 2864
f 2864 2863 2865
f 2863 2866 2865
f 2865 2866 2867
f 2866 2868 2867
f 2867 2868 2869
f 2868 2870 2869
f 2869 2870 2871
f 2870 2872 2871
f 2871 2872 2873
f 2872 2874 2873
f 2873 2874 2875
f 2876 2877 2878
f 2877 2879 2878
f 2878 2879 2880
f 2879 2881 2880
f 2882 2883 2884
f 2883 2885 2884
f 2884 2885 2886
f 2885 2887 2886
f 2885 2888 2887
f 2888 2889 2887
f 2887 2889 2881
f 2889 2890 2881
f 2881 2890 2880
f 2891 2892 2893
f 2892 2894 2893
f 2893 2894 2895
f 2894 2896 2895
f 2895 2896 2897
f 2896 2898 2897
f 2897 2898 2899
f 2898 2900 2899
f 2899 2900 2882
f 2900 2901 2882
f 2882 2901 2883
f 2902 2903 2904
f 2903 2905 2904
f 2904 2905 2891
f 2905 2906 2891
f 2891 2906 2892
f 2907 2908 2902
f 2908 2909 2902
f 2902 2909 2903
f 2910 2911 2912
f 2911 2913 2912
f 2912 2913 2914
f 2913 2915 2914
f 2914 2915 2907
f 2915 2916 2907
f 2907 2916 2908
f 2912 2917 2910
f 2917 2918 2910
f 2910 2918 2919
f 2920 2921 2922
f 2923 2924 2925
f 2920 2922 2926
f 2925 2924 2922
f 2924 2927 2922
f 2922 2927 2926
f 2925 2928 2923
f 2928 2929 2923
f 2923 2929 2930
f 2929 2931 2930
f 2930 2931 2932
f 2931 2933 2932
f 2934 2935 2936
f 2935 2937 2936
f 2936 2937 2938
f 2937 2933 2938
f 2938 2933 2939
f 2933 2931 2939
f 2940 2941 2942
f 2943 2944 2945
f 2944 2946 2945
f 2945 2946 2947
f 2946 2948 2947
f 2947 2948 2949
f 2948 2950 2949
f 2949 2950 2951
f 2950 2952 2951
f 2951 2952 2953
f 2952 2954 2953
f 2953 2954 2955
f 2955 2954 2956
f 2954 2957 2956
f 2956 2957 2958
f 2957 2959 2958
f 2958 2959 2960
f 2941 2961 2942
f 2961 2962 2942
f 2942 2962 2963
f 2962 2964 2963
f 2963 2964 2965
f 2964 2966 2965
f 2965 2966 2959
f 2966 2967 2959
f 2959 2967 2960
f 2968 2969 2970
f 2969 2971 2970
f 2970 2971 2972
f 2942 2973 2940
f 2973 2974 2940
f 2940 2974 2975
f 2974 2976 2975
f 2975 2976 2977
f 2976 2969 2977
f 2977 2969 2978
f 2969 2968 2978
f 2972 2971 2979
f 2971 2980 2979
f 2979 2980 2981
f 2980 2982 2981
f 2981 2982 2983
f 2984 2985 2986
f 2985 2987 2986
f 2986 2987 2982
f 2987 2988 2982
f 2982 2988 2983
f 2989 2990 2991
f 2990 2992 2991
f 2991 2992 2993
f 2992 2984 2993
f 2993 2984 2994
f 2984 2986 2994
f 2995 2996 2997
f 2998 2999 3000
f 3001 3002 3000
f 3003 3004 3005
f 3004 3006 3005
f 3005 3006 3007
f 3007 3008 3005
f 3008 3009 3005
f 3005 3009 3010
f 3009 3011 3010
f 3012 3013 3014
f 3012 3014 3005
f 3003 3005 3015
f 3005 3014 3015
f 3015 3014 3016
f 3014 3017 3016
f 3016 3017 3018
f 3019 3020 3021
f 3020 3022 3021
f 3023 3024 3025
f 3024 3026 3025
f 3025 3026 3027
f 3028 3026 3029
f 3028 3030 3026
f 3030 3021 3026
f 3026 3021 3027
f 3021 3022 3027
f 3027 3022 3031
f 3009 3032 3011
f 3032 3033 3011
f 3011 3033 3034
f 3033 3035 3034
f 3034 3035 3036
f 3035 3037 3036
f 3036 3037 3029
f 3037 3038 3029
f 3029 3038 3028
f 3030 3039 3021
f 3039 3040 3021
f 3021 3040 3041
f 3040 3042 3041
f 3041 3042 3043
f 3044 3045 3046
f 3045 3047 3046
f 3048 3049 3050
f 3038 3051 3028
f 3051 3052 3028
f 3028 3052 3053
f 3052 3048 3053
f 3053 3048 3054
f 3048 3050 3054
f 2999 3055 3000
f 3055 3056 3000
f 3000 3056 3057
f 3057 3058 3000
f 3058 3059 3000
f 3000 3059 3060
f 3060 3061 3000
f 3061 3062 3000
f 3000 3062 3063
f 3063 3064 3000
f 3064 3065 3000
f 3000 3065 3066
f 3066 3067 3000
f 3067 3068 3000
f 3000 3068 3001
f 3069 3070 3041
f 3070 3071 3041
f 3041 3071 3072
f 3073 3074 3075
f 3074 3041 3075
f 3047 3045 3043
f 3045 3049 3043
f 3043 3049 3041
f 3049 3048 3041
f 3041 3048 3075
f 3074 3076 3041
f 3076 3077 3041
f 3041 3077 3078
f 3078 3079 3041
f 3079 3080 3041
f 3041 3080 3081
f 3081 3082 3041
f 3082 3083 3041
f 3041 3083 3069
f 3084 3085 3015
f 3085 3086 3015
f 3015 3086 3087
f 3087 3088 3015
f 3088 3089 3015
f 3015 3089 3090
f 3090 3091 3015
f 3091 3092 3015
f 3015 3092 3003
f 3093 2997 3094
f 2997 3095 3094
f 3093 3096 2997
f 3096 3097 2997
f 2997 3097 3098
f 3099 3100 3015
f 3100 3101 3015
f 3015 3101 3084
f 2996 3102 2997
f 3102 3103 2997
f 2997 3103 3104
f 3104 3105 2997
f 3105 3106 2997
f 2997 3106 3107
f 3107 3108 2997
f 3108 3109 2997
f 2997 3109 3095
f 3110 3111 3112
f 3111 3113 3112
f 3002 3114 3000
f 3114 3115 3000
f 3000 3115 3112
f 3115 3116 3112
f 3112 3116 3110
f 3113 2995 3112
f 2995 2997 3112
f 3112 2997 3015
f 2997 3098 3015
f 3015 3098 3099
f 3016 3019 3015
f 3019 3021 3015
f 3015 3021 3112
f 3021 3041 3112
f 3112 3041 3000
f 3041 3072 3000
f 3000 3072 2998
f 3117 3118 3119
f 3120 3121 3122
f 3121 3123 3122
f 3122 3123 3124
f 3123 3125 3124
f 3124 3125 3126
f 3125 3127 3126
f 3126 3127 3128
f 3121 3118 3123
f 3118 3117 3123
f 3123 3117 3125
f 3117 3129 3125
f 3125 3129 3127
f 3129 3130 3127
f 3131 3132 3130
f 3131 3130 3133
f 3119 3134 3117
f 3134 3135 3117
f 3117 3135 3129
f 3135 3136 3129
f 3129 3136 3130
f 3136 3137 3130
f 3130 3137 3133
f 3128 3127 3138
f 3127 3130 3138
f 3138 3130 3139
f 3130 3132 3139
f 3139 3132 3140
f 3141 3142 3143
f 3144 3145 3146
f 3147 3148 3149
f 3148 3150 3151
f 3152 3126 3153
f 3126 3128 3153
f 3145 3154 3155
f 3154 3156 3155
f 3155 3156 3147
f 3157 3158 3159
f 3158 3160 3159
f 3159 3160 3146
f 3160 3161 3146
f 3146 3161 3144
f 3148 3151 3149
f 3151 3162 3149
f 3149 3162 3163
f 3162 3164 3163
f 3163 3164 3165
f 3157 3159 3143
f 3159 3166 3143
f 3143 3166 3141
f 3164 3167 3165
f 3167 3168 3165
f 3165 3168 3169
f 3168 3170 3169
f 3169 3170 3171
f 3170 3172 3171
f 3142 3141 3173
f 3141 3174 3173
f 3173 3174 3175
f 3176 3177 3178
f 3177 3179 3178
f 3178 3179 3174
f 3179 3180 3174
f 3174 3180 3175
f 3172 3181 3171
f 3181 3182 3171
f 3171 3182 3183
f 3182 3184 3183
f 3183 3184 3185
f 3184 3186 3185
f 3185 3186 3187
f 3186 3188 3187
f 3189 3190 3176
f 3190 3191 3176
f 3176 3191 3177
f 3188 3192 3187
f 3192 3193 3187
f 3187 3193 3194
f 3193 3195 3194
f 3194 3195 3196
f 3197 3198 3199
f 3198 3200 3199
f 3199 3200 3189
f 3200 3201 3189
f 3189 3201 3190
f 3202 3122 3203
f 3122 3204 3203
f 3203 3204 3205
f 3204 3206 3205
f 3205 3206 3207
f 3206 3196 3207
f 3207 3196 3208
f 3196 3195 3208
f 3153 3209 3152
f 3209 3210 3152
f 3152 3210 3211
f 3210 3212 3211
f 3211 3212 3197
f 3212 3213 3197
f 3197 3213 3198
f 3147 3149 3155
f 3149 3163 3155
f 3155 3163 3214
f 3163 3165 3214
f 3214 3165 3215
f 3165 3169 3215
f 3215 3169 3216
f 3169 3171 3216
f 3216 3171 3217
f 3171 3183 3217
f 3217 3183 3218
f 3183 3185 3218
f 3218 3185 3219
f 3185 3187 3219
f 3219 3187 3220
f 3187 3194 3220
f 3220 3194 3221
f 3194 3196 3221
f 3221 3196 3222
f 3196 3206 3222
f 3222 3206 3223
f 3206 3204 3223
f 3223 3204 3224
f 3204 3122 3224
f 3224 3122 3225
f 3145 3155 3146
f 3155 3214 3146
f 3146 3214 3159
f 3214 3215 3159
f 3159 3215 3166
f 3215 3216 3166
f 3166 3216 3141
f 3216 3217 3141
f 3141 3217 3174
f 3217 3218 3174
f 3174 3218 3178
f 3218 3219 3178
f 3178 3219 3176
f 3219 3220 3176
f 3176 3220 3189
f 3220 3221 3189
f 3189 3221 3199
f 3221 3222 3199
f 3199 3222 3197
f 3222 3223 3197
f 3197 3223 3211
f 3223 3224 3211
f 3211 3224 3152
f 3224 3225 3152
f 3152 3225 3126
f 3226 3150 3227
f 3150 3228 3227
f 3227 3228 3229
f 3228 3147 3229
f 3230 3231 3145
f 3231 3232 3145
f 3145 3232 3154
f 3232 3233 3154
f 3154 3233 3156
f 3233 3234 3156
f 3156 3234 3147
f 3234 3235 3147
f 3147 3235 3229
f 3145 3144 3230
f 3144 3161 3230
f 3230 3161 3236
f 3237 3238 3239
f 3240 3241 3242
f 3243 3244 3245
f 3246 3247 3248
f 3247 3249 3248
f 3248 3249 3250
f 3251 3252 3253
f 3252 3254 3253
f 3253 3254 3246
f 3254 3255 3246
f 3246 3255 3247
f 3251 3253 3256
f 3253 3239 3256
f 3256 3239 3257
f 3239 3238 3257
f 3257 3238 3226
f 3241 3258 3242
f 3258 3259 3242
f 3242 3259 3260
f 3259 3261 3260
f 3260 3261 3262
f 3261 3263 3262
f 3258 3237 3259
f 3237 3239 3259
f 3259 3239 3261
f 3239 3253 3261
f 3261 3253 3263
f 3253 3246 3263
f 3248 3264 3246
f 3264 3265 3246
f 3246 3265 3263
f 3265 3243 3263
f 3263 3243 3262
f 3243 3245 3262
f 3262 3245 3260
f 3245 3266 3260
f 3260 3266 3242
f 3266 3267 3242
f 3242 3267 3240
f 3268 3269 3270
f 3271 3272 3273
f 3274 3275 3276
f 3275 3277 3276
f 3276 3277 3278
f 3279 3280 3281
f 3280 3282 3281
f 3281 3282 3283
f 3282 3278 3283
f 3283 3278 3284
f 3278 3277 3284
f 3269 3274 3270
f 3274 3276 3270
f 3270 3276 3285
f 3276 3278 3285
f 3285 3278 3286
f 3278 3282 3286
f 3286 3282 3287
f 3282 3280 3287
f 3288 3268 3289
f 3268 3270 3289
f 3289 3270 3290
f 3270 3285 3290
f 3290 3285 3273
f 3285 3286 3273
f 3273 3286 3271
f 3286 3287 3271
f 3244 3288 3245
f 3288 3289 3245
f 3245 3289 3266
f 3289 3290 3266
f 3266 3290 3267
f 3290 3273 3267
f 3267 3273 3240
f 3273 3272 3240
f 3291 3292 3293
f 3294 3295 3296
f 3297 3298 3299
f 3300 3301 3302
f 3303 3279 3281
f 3304 3305 3306
f 3307 3308 3309
f 3307 3309 3305
f 3310 3311 3312
f 3311 3304 3312
f 3313 3314 3315
f 3314 3316 3315
f 3315 3316 3310
f 3305 3309 3306
f 3309 3317 3306
f 3306 3317 3318
f 3319 3313 3320
f 3313 3315 3320
f 3320 3315 3321
f 3315 3322 3321
f 3321 3322 3323
f 3317 3324 3318
f 3324 3325 3318
f 3318 3325 3326
f 3323 3322 3327
f 3322 3328 3327
f 3327 3328 3329
f 3329 3328 3330
f 3328 3331 3330
f 3330 3331 3332
f 3325 3333 3326
f 3333 3334 3326
f 3326 3334 3335
f 3334 3336 3335
f 3335 3336 3337
f 3332 3331 3338
f 3331 3339 3338
f 3338 3339 3340
f 3341 3342 3337
f 3342 3343 3337
f 3337 3343 3335
f 3340 3339 3344
f 3339 3345 3344
f 3344 3345 3346
f 3345 3347 3346
f 3346 3347 3348
f 3341 3349 3342
f 3349 3350 3342
f 3342 3350 3351
f 3350 3352 3351
f 3351 3352 3353
f 3304 3306 3312
f 3306 3318 3312
f 3312 3318 3354
f 3318 3326 3354
f 3354 3326 3355
f 3326 3335 3355
f 3355 3335 3356
f 3335 3343 3356
f 3356 3343 3357
f 3343 3342 3357
f 3357 3342 3358
f 3342 3351 3358
f 3358 3351 3359
f 3351 3353 3359
f 3359 3353 3360
f 3310 3312 3315
f 3312 3354 3315
f 3315 3354 3322
f 3354 3355 3322
f 3322 3355 3328
f 3355 3356 3328
f 3328 3356 3331
f 3356 3357 3331
f 3331 3357 3339
f 3357 3358 3339
f 3339 3358 3345
f 3358 3359 3345
f 3345 3359 3347
f 3359 3360 3347
f 3347 3360 3299
f 3299 3298 3347
f 3298 3361 3347
f 3347 3361 3348
f 3295 3297 3296
f 3297 3299 3296
f 3296 3299 3362
f 3299 3360 3362
f 3362 3360 3302
f 3360 3353 3302
f 3302 3353 3300
f 3353 3352 3300
f 3292 3294 3293
f 3294 3296 3293
f 3293 3296 3363
f 3296 3362 3363
f 3363 3362 3364
f 3362 3302 3364
f 3364 3302 3365
f 3302 3301 3365
f 3365 3303 3364
f 3303 3281 3364
f 3364 3281 3363
f 3281 3283 3363
f 3363 3283 3293
f 3283 3366 3293
f 3293 3366 3291
f 3366 3367 3291
f 3291 3367 3368
f 3367 3369 3368
f 3370 3371 3372
f 3373 3374 3375
f 3376 3377 3378
f 3379 3380 3381
f 3380 3382 3383
f 3384 3385 3386
f 3385 3387 3386
f 3386 3387 3379
f 3378 3388 3384
f 3389 3378 3390
f 3378 3377 3390
f 3390 3377 3391
f 3392 3393 3394
f 3393 3395 3394
f 3396 3397 3398
f 3380 3383 3381
f 3383 3399 3381
f 3381 3399 3398
f 3399 3400 3398
f 3398 3400 3396
f 3396 3401 3397
f 3401 3402 3397
f 3397 3402 3403
f 3402 3404 3403
f 3403 3404 3405
f 3376 3378 3406
f 3378 3407 3406
f 3406 3407 3408
f 3407 3409 3408
f 3408 3409 3410
f 3409 3411 3410
f 3410 3411 3412
f 3411 3413 3412
f 3412 3413 3414
f 3414 3413 3415
f 3413 3416 3415
f 3415 3416 3417
f 3418 3419 3420
f 3404 3421 3405
f 3421 3422 3405
f 3405 3422 3420
f 3422 3423 3420
f 3420 3423 3418
f 3417 3416 3424
f 3416 3425 3424
f 3424 3425 3426
f 3418 3427 3419
f 3427 3428 3419
f 3419 3428 3375
f 3428 3429 3375
f 3375 3429 3373
f 3379 3381 3386
f 3381 3398 3386
f 3386 3398 3430
f 3398 3397 3430
f 3430 3397 3431
f 3397 3403 3431
f 3431 3403 3432
f 3403 3405 3432
f 3432 3405 3433
f 3405 3420 3433
f 3433 3420 3434
f 3420 3419 3434
f 3434 3419 3435
f 3419 3375 3435
f 3435 3375 3436
f 3375 3374 3436
f 3436 3374 3372
f 3426 3425 3437
f 3425 3438 3437
f 3437 3438 3439
f 3438 3440 3439
f 3439 3440 3393
f 3440 3441 3393
f 3393 3441 3395
f 3370 3372 3442
f 3373 3308 3374
f 3308 3443 3374
f 3374 3443 3372
f 3443 3444 3372
f 3372 3444 3442
f 3384 3386 3378
f 3386 3430 3378
f 3378 3430 3407
f 3430 3431 3407
f 3407 3431 3409
f 3431 3432 3409
f 3409 3432 3411
f 3432 3433 3411
f 3411 3433 3413
f 3433 3434 3413
f 3413 3434 3416
f 3434 3435 3416
f 3416 3435 3425
f 3435 3436 3425
f 3425 3436 3438
f 3436 3372 3438
f 3438 3372 3440
f 3372 3371 3440
f 3440 3371 3441
f 3445 3446 3447
f 3446 3448 3447
f 3447 3448 3449
f 3450 3449 3451
f 3449 3448 3451
f 3451 3448 3452
f 3448 3453 3452
f 3452 3453 3454
f 3453 3455 3454
f 3456 3457 3453
f 3457 3458 3453
f 3453 3458 3455
f 3459 3460 3456
f 3460 3461 3456
f 3456 3461 3462
f 3462 3463 3456
f 3463 3464 3456
f 3456 3464 3457
f 3465 3466 3467
f 3466 3456 3467
f 3467 3456 3468
f 3456 3453 3468
f 3468 3453 3469
f 3446 3470 3448
f 3470 3471 3448
f 3448 3471 3453
f 3471 3472 3453
f 3453 3472 3469
f 3473 3474 3475
f 3474 3476 3475
f 3475 3476 3477
f 3475 3478 3473
f 3478 3479 3473
f 3473 3479 3480
f 3479 3481 3480
f 3480 3481 3482
f 3476 3483 3477
f 3483 3484 3477
f 3477 3484 3485
f 3484 3486 3485
f 3485 3486 3487
f 3462 3488 3489
f 3486 3490 3487
f 3490 3462 3487
f 3487 3462 3491
f 3462 3489 3491
f 3492 3493 3494
f 3495 3478 3475
f 3496 3481 3495
f 3481 3479 3495
f 3495 3479 3478
f 3493 3497 3498
f 3499 3500 3501
f 3500 3502 3501
f 3501 3502 3503
f 3504 3505 3506
f 3507 3504 3508
f 3504 3506 3508
f 3508 3506 3499
f 3493 3498 3494
f 3498 3509 3494
f 3494 3509 3510
f 3509 3511 3510
f 3510 3511 3512
f 3513 3514 3515
f 3514 3516 3515
f 3515 3516 3507
f 3516 3517 3507
f 3507 3517 3504
f 3511 3518 3512
f 3518 3519 3512
f 3512 3519 3520
f 3519 3521 3520
f 3520 3521 3522
f 3523 3524 3513
f 3524 3525 3513
f 3513 3525 3514
f 3526 3527 3523
f 3527 3528 3523
f 3523 3528 3524
f 3521 3529 3522
f 3529 3530 3522
f 3522 3530 3531
f 3530 3532 3531
f 3531 3532 3533
f 3534 3535 3526
f 3535 3536 3526
f 3526 3536 3527
f 3537 3538 3534
f 3538 3539 3534
f 3534 3539 3535
f 3532 3540 3533
f 3540 3541 3533
f 3533 3541 3542
f 3541 3543 3542
f 3542 3543 3544
f 3545 3546 3537
f 3546 3547 3537
f 3537 3547 3538
f 3548 3549 3550
f 3549 3551 3550
f 3550 3551 3552
f 3551 3553 3552
f 3552 3553 3545
f 3553 3554 3545
f 3545 3554 3546
f 3543 3555 3544
f 3555 3556 3544
f 3544 3556 3557
f 3556 3558 3557
f 3557 3558 3559
f 3558 3560 3559
f 3559 3560 3561
f 3560 3562 3561
f 3561 3562 3563
f 3562 3564 3563
f 3564 3565 3563
f 3565 3566 3563
f 3563 3566 3567
f 3548 3550 3568
f 3550 3569 3568
f 3568 3569 3570
f 3569 3571 3570
f 3570 3571 3572
f 3571 3573 3572
f 3572 3573 3574
f 3567 3566 3495
f 3566 3575 3495
f 3495 3575 3496
f 3475 3576 3495
f 3576 3577 3495
f 3495 3577 3567
f 3577 3578 3567
f 3567 3578 3563
f 3578 3579 3563
f 3563 3579 3561
f 3579 3580 3561
f 3561 3580 3559
f 3580 3581 3559
f 3559 3581 3557
f 3581 3582 3557
f 3557 3582 3544
f 3582 3583 3544
f 3544 3583 3542
f 3583 3584 3542
f 3542 3584 3533
f 3584 3585 3533
f 3533 3585 3531
f 3585 3586 3531
f 3531 3586 3522
f 3586 3587 3522
f 3522 3587 3520
f 3587 3588 3520
f 3520 3588 3512
f 3588 3589 3512
f 3512 3589 3510
f 3589 3501 3510
f 3510 3501 3494
f 3501 3503 3494
f 3494 3503 3492
f 3574 3573 3590
f 3573 3591 3590
f 3590 3591 3592
f 3591 3491 3592
f 3592 3491 3593
f 3475 3594 3576
f 3594 3595 3576
f 3576 3595 3487
f 3499 3501 3508
f 3501 3589 3508
f 3508 3589 3507
f 3589 3588 3507
f 3507 3588 3515
f 3588 3587 3515
f 3515 3587 3513
f 3587 3586 3513
f 3513 3586 3523
f 3586 3585 3523
f 3523 3585 3526
f 3585 3584 3526
f 3526 3584 3534
f 3584 3583 3534
f 3534 3583 3537
f 3583 3582 3537
f 3537 3582 3545
f 3582 3581 3545
f 3545 3581 3552
f 3581 3580 3552
f 3552 3580 3550
f 3580 3579 3550
f 3550 3579 3569
f 3579 3578 3569
f 3569 3578 3571
f 3578 3577 3571
f 3571 3577 3573
f 3577 3576 3573
f 3573 3576 3591
f 3576 3487 3591
f 3591 3487 3491
f 3596 3597 3598
f 3599 3600 3601
f 3602 3603 3604
f 3603 3602 3605
f 3606 3607 3605
f 3608 3609 3610
f 3608 3610 3598
f 3610 3611 3598
f 3598 3611 3612
f 3597 3596 3599
f 3596 3613 3599
f 3599 3613 3600
f 3614 3615 3616
f 3615 3617 3616
f 3616 3617 3618
f 3617 3619 3618
f 3620 3621 3616
f 3621 3622 3616
f 3616 3622 3614
f 3059 3058 3623
f 3058 3624 3623
f 3625 3626 3627
f 3626 3624 3627
f 3627 3624 3057
f 3624 3058 3057
f 3606 3605 3625
f 3628 3629 3624
f 3629 3630 3624
f 3624 3630 3623
f 3615 3631 3617
f 3631 3632 3617
f 3617 3632 3619
f 3632 3633 3619
f 3619 3633 3634
f 3625 3605 3626
f 3605 3602 3626
f 3626 3602 3624
f 3602 3635 3624
f 3624 3635 3628
f 3636 3637 3638
f 3083 3639 3612
f 3639 3640 3612
f 3612 3640 3598
f 3640 3641 3598
f 3598 3641 3596
f 3641 3642 3596
f 3596 3642 3613
f 3637 3620 3638
f 3620 3616 3638
f 3638 3616 3643
f 3616 3618 3643
f 3643 3618 3604
f 3618 3619 3604
f 3604 3619 3602
f 3619 3634 3602
f 3602 3634 3635
f 3607 3609 3605
f 3609 3608 3605
f 3605 3608 3603
f 3608 3598 3603
f 3603 3598 3604
f 3598 3597 3604
f 3604 3597 3643
f 3597 3599 3643
f 3643 3599 3638
f 3599 3601 3638
f 3638 3601 3636
f 3644 3645 3646
f 3647 3648 3649
f 3067 3066 3650
f 3651 3652 3653
f 3629 3628 3654
f 3655 3634 3656
f 3657 3630 3629
f 3629 3654 3657
f 3654 3658 3657
f 3657 3658 3659
f 3060 3059 3657
f 3059 3623 3657
f 3657 3623 3630
f 3660 3064 3651
f 3064 3659 3651
f 3651 3659 3652
f 3659 3658 3652
f 3064 3063 3659
f 3063 3062 3659
f 3659 3062 3657
f 3062 3061 3657
f 3657 3061 3060
f 3661 3662 3663
f 3662 3664 3663
f 3663 3664 3665
f 3666 3001 3068
f 3067 3650 3068
f 3667 3668 3669
f 3668 3670 3669
f 3670 3647 3669
f 3647 3649 3669
f 3669 3649 3671
f 3649 3672 3671
f 3671 3672 3673
f 3672 3674 3673
f 3673 3674 3675
f 3674 3653 3675
f 3675 3653 3676
f 3653 3652 3676
f 3676 3652 3677
f 3652 3658 3677
f 3677 3658 3656
f 3658 3654 3656
f 3656 3654 3655
f 3654 3628 3655
f 3678 3679 3680
f 3679 3681 3680
f 3680 3681 3682
f 3681 3683 3682
f 3682 3683 3684
f 3678 3685 3679
f 3685 3686 3679
f 3679 3686 3687
f 3688 3689 3690
f 3690 3644 3688
f 3644 3646 3688
f 3688 3646 3687
f 3646 3691 3687
f 3687 3691 3679
f 3691 3692 3679
f 3679 3692 3681
f 3692 3693 3681
f 3694 3614 3695
f 3614 3622 3695
f 3695 3622 3621
f 3633 3632 3696
f 3632 3697 3696
f 3621 3698 3695
f 3698 3699 3695
f 3695 3699 3700
f 3699 3701 3700
f 3701 3702 3700
f 3700 3702 3703
f 3702 3704 3703
f 3705 3706 3707
f 3706 3708 3707
f 3707 3708 3709
f 3708 3703 3709
f 3709 3703 3710
f 3703 3704 3710
f 3697 3694 3696
f 3694 3695 3696
f 3696 3695 3711
f 3695 3700 3711
f 3711 3700 3712
f 3700 3703 3712
f 3712 3703 3693
f 3703 3708 3693
f 3693 3708 3681
f 3708 3706 3681
f 3681 3706 3683
f 3650 3713 3068
f 3713 3665 3068
f 3068 3665 3666
f 3665 3664 3666
f 3666 3664 3714
f 3714 3115 3114
f 3714 3114 3666
f 3114 3002 3666
f 3666 3002 3001
f 3648 3661 3649
f 3661 3663 3649
f 3649 3663 3672
f 3663 3665 3672
f 3672 3665 3674
f 3665 3713 3674
f 3674 3713 3653
f 3713 3650 3653
f 3653 3650 3651
f 3650 3066 3651
f 3651 3066 3660
f 3645 3667 3646
f 3667 3669 3646
f 3646 3669 3691
f 3669 3671 3691
f 3691 3671 3692
f 3671 3673 3692
f 3692 3673 3693
f 3673 3675 3693
f 3693 3675 3712
f 3675 3676 3712
f 3712 3676 3711
f 3676 3677 3711
f 3711 3677 3696
f 3677 3656 3696
f 3696 3656 3633
f 3656 3634 3633
f 3715 3716 3717
f 3718 3662 3661
f 3718 3661 3719
f 3719 3720 3721
f 3720 3722 3721
f 3719 3721 3718
f 3721 3723 3718
f 3718 3723 3724
f 3723 3725 3724
f 3724 3725 3113
f 3726 3727 3722
f 3727 3728 3722
f 3722 3728 3721
f 3728 3729 3721
f 3721 3729 3723
f 3715 3717 3730
f 3731 3732 3717
f 3732 3733 3717
f 3717 3733 3730
f 3734 3735 3733
f 3735 3736 3733
f 3733 3736 3730
f 3689 3734 3690
f 3734 3733 3690
f 3690 3733 3737
f 3733 3732 3737
f 3737 3732 3645
f 3732 3667 3645
f 3102 2996 3725
f 2996 2995 3725
f 3725 2995 3113
f 3103 3102 3738
f 3102 3725 3738
f 3738 3725 3739
f 3725 3723 3739
f 3739 3723 3740
f 3723 3729 3740
f 3113 3111 3724
f 3111 3110 3724
f 3724 3110 3116
f 3662 3718 3664
f 3718 3724 3664
f 3664 3724 3714
f 3724 3116 3714
f 3714 3116 3115
f 3716 3741 3717
f 3741 3742 3717
f 3717 3742 3731
f 3742 3743 3731
f 3731 3743 3726
f 3661 3648 3719
f 3648 3647 3719
f 3719 3647 3720
f 3647 3670 3720
f 3720 3670 3668
f 3726 3722 3731
f 3722 3720 3731
f 3731 3720 3732
f 3720 3668 3732
f 3732 3668 3667
f 3726 3743 3744
f 3745 3746 3747
f 3748 3749 3750
f 3749 3729 3750
f 3750 3729 3728
f 3751 3748 3752
f 3748 3750 3752
f 3752 3750 3753
f 3750 3728 3753
f 3753 3728 3754
f 3105 3104 3749
f 3104 3103 3749
f 3749 3103 3738
f 3738 3739 3749
f 3739 3755 3749
f 3749 3755 3729
f 3096 3093 3756
f 3093 3757 3756
f 3756 3757 3758
f 3757 3759 3758
f 3093 3094 3757
f 3094 3095 3757
f 3757 3095 3109
f 3760 3759 3761
f 3759 3757 3761
f 3761 3757 3762
f 3757 3109 3762
f 3763 3764 3761
f 3764 3765 3761
f 3761 3765 3760
f 3766 3767 3768
f 3767 3769 3770
f 3769 3771 3770
f 3771 3772 3773
f 3772 3774 3773
f 3773 3774 3745
f 3747 3775 3776
f 3775 3777 3776
f 3778 3744 3779
f 3744 3743 3779
f 3779 3743 3742
f 3780 3781 3782
f 3781 3783 3782
f 3781 3784 3783
f 3784 3785 3783
f 3783 3785 3768
f 3785 3786 3768
f 3768 3786 3766
f 3778 3787 3744
f 3787 3788 3744
f 3744 3788 3782
f 3788 3789 3782
f 3782 3789 3780
f 3767 3770 3768
f 3770 3790 3768
f 3768 3790 3783
f 3790 3791 3783
f 3783 3791 3782
f 3791 3792 3782
f 3782 3792 3744
f 3109 3108 3762
f 3108 3107 3762
f 3762 3107 3106
f 3745 3747 3773
f 3747 3776 3773
f 3773 3776 3793
f 3776 3763 3793
f 3793 3763 3751
f 3763 3761 3751
f 3751 3761 3748
f 3761 3762 3748
f 3748 3762 3749
f 3762 3106 3749
f 3749 3106 3105
f 3777 3794 3776
f 3794 3795 3776
f 3776 3795 3763
f 3795 3796 3763
f 3763 3796 3764
f 3771 3773 3770
f 3773 3793 3770
f 3770 3793 3790
f 3793 3751 3790
f 3790 3751 3791
f 3751 3752 3791
f 3791 3752 3792
f 3752 3753 3792
f 3792 3753 3744
f 3753 3754 3744
f 3744 3754 3726
f 3797 3798 3799
f 3796 3795 3800
f 3801 3802 3803
f 3802 3804 3803
f 3801 3088 3087
f 3099 3098 3805
f 3098 3097 3805
f 3805 3097 3096
f 3096 3756 3805
f 3756 3758 3805
f 3805 3758 3759
f 3759 3760 3805
f 3760 3765 3805
f 3805 3765 3806
f 3806 3765 3800
f 3765 3764 3800
f 3800 3764 3796
f 3794 3777 3797
f 3777 3775 3797
f 3797 3775 3798
f 3775 3747 3798
f 3798 3747 3746
f 3807 3808 3809
f 3808 3810 3809
f 3801 3087 3802
f 3087 3086 3802
f 3802 3086 3811
f 3086 3085 3811
f 3811 3085 3812
f 3085 3813 3812
f 3812 3813 3814
f 3085 3084 3813
f 3084 3101 3813
f 3813 3101 3814
f 3101 3100 3814
f 3814 3100 3099
f 3795 3794 3800
f 3794 3797 3800
f 3800 3797 3810
f 3797 3799 3810
f 3810 3799 3809
f 3808 3815 3810
f 3815 3816 3810
f 3810 3816 3817
f 3099 3805 3814
f 3805 3806 3814
f 3814 3806 3812
f 3806 3800 3812
f 3812 3800 3811
f 3800 3810 3811
f 3811 3810 3802
f 3810 3817 3802
f 3802 3817 3804
f 3818 3819 3820
f 3821 3822 3823
f 3639 3083 3082
f 3640 3639 3824
f 3825 3820 3079
f 3639 3082 3824
f 3082 3081 3824
f 3824 3081 3820
f 3081 3080 3820
f 3820 3080 3079
f 3075 3826 3073
f 3826 3827 3073
f 3073 3827 3074
f 3079 3078 3825
f 3078 3077 3825
f 3825 3077 3827
f 3077 3076 3827
f 3827 3076 3074
f 3828 3829 3008
f 3008 3007 3828
f 3007 3006 3828
f 3828 3006 3830
f 3006 3004 3830
f 3004 3003 3830
f 3003 3092 3830
f 3830 3092 3831
f 3092 3091 3831
f 3831 3091 3090
f 3033 3032 3829
f 3032 3009 3829
f 3829 3009 3008
f 3037 3035 3832
f 3035 3033 3832
f 3833 3834 3835
f 3823 3836 3832
f 3836 3038 3832
f 3832 3038 3037
f 3837 3838 3839
f 3838 3840 3839
f 3840 3838 3841
f 3838 3842 3841
f 3841 3842 3843
f 3844 3845 3846
f 3844 3846 3847
f 3846 3848 3847
f 3847 3848 3849
f 3849 3850 3847
f 3850 3851 3847
f 3847 3851 3842
f 3851 3852 3842
f 3842 3852 3843
f 3817 3816 3844
f 3816 3815 3844
f 3845 3844 3853
f 3844 3815 3853
f 3853 3815 3854
f 3815 3808 3854
f 3854 3808 3807
f 3033 3829 3832
f 3829 3833 3832
f 3832 3833 3823
f 3833 3835 3823
f 3823 3835 3821
f 3601 3600 3855
f 3600 3856 3855
f 3600 3613 3856
f 3613 3642 3856
f 3856 3642 3824
f 3642 3641 3824
f 3824 3641 3640
f 3819 3857 3820
f 3857 3858 3820
f 3820 3858 3824
f 3858 3859 3824
f 3824 3859 3856
f 3860 3861 3826
f 3826 3861 3827
f 3861 3862 3827
f 3827 3862 3863
f 3863 3864 3827
f 3864 3865 3827
f 3827 3865 3825
f 3865 3866 3825
f 3825 3866 3820
f 3866 3867 3820
f 3820 3867 3818
f 3803 3089 3868
f 3089 3088 3868
f 3075 3048 3826
f 3048 3052 3826
f 3826 3052 3836
f 3052 3051 3836
f 3836 3051 3038
f 3804 3831 3803
f 3831 3090 3803
f 3803 3090 3089
f 3804 3817 3831
f 3817 3844 3831
f 3831 3844 3830
f 3844 3847 3830
f 3830 3847 3828
f 3847 3842 3828
f 3828 3842 3829
f 3842 3838 3829
f 3829 3838 3833
f 3838 3837 3833
f 3833 3837 3834
f 3869 3870 3871
f 3870 3872 3871
f 3822 3869 3823
f 3869 3871 3823
f 3823 3871 3836
f 3871 3872 3836
f 3836 3872 3826
f 3872 3873 3826
f 3826 3873 3860
f 3874 3308 3373
f 3383 3382 3875
f 3601 3855 3875
f 3855 3876 3875
f 3875 3876 3383
f 3855 3856 3876
f 3856 3859 3876
f 3876 3859 3400
f 3859 3858 3400
f 3400 3858 3877
f 3858 3857 3877
f 3877 3857 3401
f 3857 3819 3401
f 3401 3819 3402
f 3819 3818 3402
f 3402 3818 3878
f 3818 3867 3878
f 3878 3867 3421
f 3867 3866 3421
f 3421 3866 3879
f 3866 3865 3879
f 3879 3865 3423
f 3865 3864 3423
f 3864 3863 3423
f 3423 3863 3880
f 3863 3881 3880
f 3880 3881 3427
f 3881 3861 3427
f 3872 3874 3873
f 3874 3373 3873
f 3873 3373 3860
f 3373 3429 3860
f 3860 3429 3861
f 3429 3882 3861
f 3861 3882 3427
f 3883 3449 3884
f 3449 3450 3884
f 3883 3885 3449
f 3885 3620 3449
f 3449 3620 3886
f 3620 3637 3886
f 3886 3637 3636
f 3636 3601 3886
f 3601 3875 3886
f 3886 3875 3445
f 3887 3888 3889
f 3558 3556 3890
f 3481 3496 3891
f 3892 3509 3893
f 3509 3498 3893
f 3893 3498 3497
f 3892 3894 3518
f 3894 3895 3518
f 3518 3895 3519
f 3895 3896 3519
f 3540 3897 3898
f 3897 3530 3898
f 3898 3530 3895
f 3530 3529 3895
f 3895 3529 3896
f 3556 3555 3890
f 3555 3899 3890
f 3890 3899 3898
f 3899 3541 3898
f 3898 3541 3540
f 3575 3566 3900
f 3562 3901 3902
f 3901 3900 3902
f 3902 3900 3565
f 3900 3566 3565
f 3889 3888 3903
f 3888 3904 3903
f 3903 3904 3689
f 3680 3905 3684
f 3678 3906 3907
f 3906 3908 3907
f 3907 3908 3686
f 3908 3889 3686
f 3686 3889 3687
f 3889 3903 3687
f 3562 3909 3901
f 3909 3910 3901
f 3901 3910 3911
f 3704 3912 3900
f 3912 3891 3900
f 3900 3891 3575
f 3891 3496 3575
f 3911 3707 3901
f 3707 3913 3901
f 3901 3913 3900
f 3913 3710 3900
f 3900 3710 3704
f 3892 3893 3894
f 3893 3914 3894
f 3894 3914 3915
f 3912 3701 3891
f 3701 3916 3891
f 3891 3916 3917
f 3482 3481 3918
f 3481 3891 3918
f 3918 3891 3919
f 3891 3917 3919
f 3919 3917 3621
f 3678 3680 3906
f 3680 3684 3906
f 3906 3684 3910
f 3684 3683 3910
f 3910 3683 3911
f 3683 3706 3911
f 3909 3558 3910
f 3558 3890 3910
f 3910 3890 3906
f 3890 3898 3906
f 3906 3898 3908
f 3898 3895 3908
f 3908 3895 3889
f 3895 3894 3889
f 3889 3894 3887
f 3894 3915 3887
f 3914 3893 3920
f 3914 3920 3915
f 3920 3921 3915
f 3915 3921 3887
f 3921 3922 3887
f 3887 3922 3923
f 3893 3119 3118
f 3893 3118 3920
f 3118 3121 3920
f 3920 3121 3120
f 3735 3734 3924
f 3734 3887 3924
f 3924 3887 3925
f 3887 3923 3925
f 3689 3904 3734
f 3904 3888 3734
f 3734 3888 3887
f 3151 3150 3926
f 3151 3927 3162
f 3927 3928 3162
f 3929 3930 3167
f 3931 3932 3170
f 3933 3182 3181
f 3934 3186 3933
f 3186 3935 3933
f 3933 3935 3182
f 3936 3193 3937
f 3193 3192 3937
f 3937 3192 3934
f 3192 3938 3934
f 3934 3938 3186
f 3203 3939 3940
f 3939 3207 3940
f 3940 3207 3937
f 3207 3208 3937
f 3937 3208 3936
f 3925 3923 3940
f 3923 3922 3940
f 3922 3921 3940
f 3940 3921 3203
f 3921 3920 3203
f 3203 3920 3202
f 3941 3730 3924
f 3730 3736 3924
f 3924 3736 3735
f 3789 3788 3942
f 3781 3943 3944
f 3943 3789 3944
f 3742 3945 3779
f 3945 3946 3779
f 3779 3946 3778
f 3946 3942 3778
f 3778 3942 3947
f 3942 3788 3947
f 3789 3942 3944
f 3942 3931 3944
f 3944 3931 3929
f 3931 3170 3929
f 3929 3170 3930
f 3948 3949 3944
f 3949 3950 3944
f 3944 3950 3781
f 3950 3951 3781
f 3781 3951 3784
f 3951 3785 3784
f 3742 3952 3945
f 3952 3716 3945
f 3945 3716 3941
f 3716 3715 3941
f 3941 3715 3730
f 3151 3926 3927
f 3926 3953 3927
f 3927 3953 3954
f 3948 3944 3954
f 3944 3929 3954
f 3954 3929 3927
f 3929 3167 3927
f 3927 3167 3928
f 3924 3925 3941
f 3925 3940 3941
f 3941 3940 3945
f 3940 3937 3945
f 3945 3937 3946
f 3937 3934 3946
f 3946 3934 3942
f 3934 3933 3942
f 3942 3933 3931
f 3933 3181 3931
f 3931 3181 3932
f 3955 3237 3258
f 3237 3955 3238
f 3956 3957 3766
f 3958 3786 3959
f 3786 3785 3959
f 3960 3746 3745
f 3774 3961 3745
f 3961 3962 3745
f 3745 3962 3960
f 3774 3772 3961
f 3772 3771 3961
f 3961 3771 3956
f 3771 3769 3956
f 3956 3769 3957
f 3956 3955 3961
f 3955 3258 3961
f 3961 3258 3962
f 3258 3241 3962
f 3962 3241 3240
f 3963 3956 3958
f 3956 3766 3958
f 3958 3766 3786
f 3150 3226 3926
f 3226 3238 3926
f 3926 3238 3964
f 3238 3955 3964
f 3964 3955 3965
f 3955 3956 3965
f 3965 3956 3966
f 3956 3963 3966
f 3967 3807 3809
f 3962 3240 3272
f 3798 3746 3960
f 3960 3962 3798
f 3962 3272 3798
f 3798 3272 3799
f 3272 3271 3799
f 3799 3271 3809
f 3271 3287 3809
f 3809 3287 3967
f 3287 3280 3967
f 3967 3280 3279
f 3309 3308 3874
f 3874 3872 3870
f 3309 3874 3968
f 3874 3870 3968
f 3968 3870 3869
f 3869 3822 3968
f 3822 3821 3968
f 3968 3821 3324
f 3821 3835 3324
f 3324 3835 3969
f 3835 3834 3969
f 3969 3834 3333
f 3834 3837 3333
f 3333 3837 3970
f 3837 3839 3970
f 3839 3840 3970
f 3970 3840 3336
f 3840 3841 3336
f 3336 3841 3337
f 3841 3971 3337
f 3841 3843 3971
f 3843 3852 3971
f 3971 3852 3349
f 3852 3851 3349
f 3349 3851 3350
f 3851 3850 3350
f 3350 3850 3352
f 3850 3972 3352
f 3850 3849 3972
f 3849 3848 3972
f 3972 3848 3301
f 3848 3846 3301
f 3301 3846 3365
f 3846 3845 3365
f 3365 3845 3973
f 3845 3853 3973
f 3973 3853 3854
f 3854 3807 3973
f 3807 3967 3973
f 3973 3967 3279
f 3974 3975 3976
f 3975 3977 3976
f 3976 3977 3978
f 3979 3980 3981
f 3982 3983 3984
f 3983 3985 3984
f 3984 3985 3976
f 3985 3986 3976
f 3976 3986 3974
f 3979 3981 3984
f 3981 3987 3984
f 3984 3987 3982
f 3988 3989 3979
f 3989 3990 3979
f 3979 3990 3980
f 3991 3992 3993
f 3994 3995 3988
f 3995 3996 3988
f 3988 3996 3989
f 3992 3991 3997
f 3991 3998 3997
f 3997 3998 3999
f 4000 4001 3998
f 4001 4002 3998
f 3998 4002 3999
f 3998 4003 3439
f 3439 3393 3998
f 3393 3392 3998
f 3998 3392 4004
f 4005 4000 4006
f 4000 3998 4006
f 4006 3998 4007
f 3998 4004 4007
f 4003 3998 3426
f 3998 3991 3426
f 3426 3991 4008
f 4008 3991 3417
f 3991 4009 3417
f 3417 4009 4010
f 3406 4011 4012
f 4011 3410 4012
f 4012 3410 4013
f 3410 3412 4013
f 4013 3412 4009
f 3412 3414 4009
f 4009 3414 4010
f 4014 3391 3377
f 4015 4016 4017
f 4016 4018 4017
f 3406 4012 4019
f 4012 4017 4019
f 4019 4017 3377
f 4017 4018 3377
f 3377 4018 4014
f 3993 3994 3991
f 3994 3988 3991
f 3991 3988 4009
f 3988 3979 4009
f 4009 3979 4013
f 3979 3984 4013
f 4013 3984 4012
f 3984 3976 4012
f 4012 3976 4017
f 3976 3978 4017
f 4017 3978 4015
f 3978 4020 4015
f 4021 4022 4023
f 4024 4025 4026
f 4025 4027 4026
f 4026 4027 4028
f 4029 4026 4030
f 4026 4023 4030
f 4030 4023 3465
f 4031 4024 4032
f 4024 4026 4032
f 4032 4026 4033
f 4026 4029 4033
f 3489 3461 4022
f 3461 3460 4022
f 4022 3460 4023
f 3460 4034 4023
f 4023 4034 3465
f 4021 4023 4035
f 4023 4026 4035
f 4035 4026 4036
f 4026 4028 4036
f 4036 4028 4037
f 4038 4039 4040
f 4041 4042 4043
f 4044 4045 4046
f 4045 4047 4046
f 4044 4046 4048
f 4046 4049 4048
f 4048 4049 4050
f 4051 4052 4049
f 4052 4053 4049
f 4049 4053 4050
f 4054 4055 4056
f 4055 4057 4056
f 4056 4057 4051
f 4057 4058 4051
f 4051 4058 4052
f 4059 4060 4061
f 4059 4061 4056
f 4061 4062 4056
f 4056 4062 4054
f 4040 4039 4059
f 4039 4063 4059
f 4059 4063 4060
f 4038 4040 4064
f 4040 4065 4064
f 4064 4065 4066
f 4067 4068 4069
f 4070 4071 4067
f 4068 4072 4073
f 4072 4074 4073
f 4073 4074 4065
f 4074 4075 4065
f 4065 4075 4066
f 4071 4070 4076
f 4070 4077 4076
f 4076 4077 4078
f 4077 4079 4078
f 4078 4079 4080
f 4081 4082 4079
f 4082 4083 4079
f 4079 4083 4080
f 4084 4085 4086
f 4085 4087 4086
f 4086 4087 4081
f 4086 4088 4089
f 4086 4089 4084
f 4089 4090 4084
f 4084 4090 4091
f 3574 4092 4086
f 4092 3592 4086
f 4088 4086 4093
f 4086 3592 4093
f 4093 3592 3593
f 4081 4079 4086
f 4079 3572 4086
f 4086 3572 3574
f 3551 3549 4070
f 3549 4094 4070
f 4070 4094 4077
f 4094 3568 4077
f 4077 3568 4079
f 3568 4095 4079
f 4079 4095 3572
f 4067 4069 4070
f 4069 4096 4070
f 4070 4096 3551
f 4097 4098 4099
f 4099 3547 4097
f 3547 4100 4097
f 4097 4100 4069
f 4100 3554 4069
f 4069 3554 4096
f 4101 3536 4102
f 3536 4103 4102
f 4102 4103 4098
f 4103 3539 4098
f 4098 3539 4099
f 4104 3528 4101
f 3528 4105 4101
f 4101 4105 3536
f 4106 4107 3514
f 4106 3514 4108
f 3514 3525 4108
f 4108 3525 4104
f 3525 4109 4104
f 4104 4109 3528
f 4110 3505 3504
f 4107 4106 3517
f 4106 4111 3517
f 3517 4111 3504
f 4111 4112 3504
f 3504 4112 4110
f 4113 4046 4043
f 4046 4047 4043
f 4043 4047 4041
f 4068 4073 4069
f 4073 4065 4069
f 4069 4065 4097
f 4065 4040 4097
f 4097 4040 4098
f 4040 4059 4098
f 4098 4059 4102
f 4059 4056 4102
f 4102 4056 4101
f 4056 4051 4101
f 4101 4051 4104
f 4051 4049 4104
f 4104 4049 4108
f 4049 4046 4108
f 4108 4046 4106
f 4046 4113 4106
f 4106 4113 4111
f 4114 4115 4116
f 4117 4118 4119
f 4117 4119 4120
f 4119 4121 4120
f 4120 4121 4122
f 4123 4124 4125
f 4125 4124 4117
f 4124 4126 4117
f 4117 4126 4118
f 4127 4128 4125
f 4128 4129 4125
f 4125 4129 4123
f 4130 4131 4132
f 4131 4133 4132
f 4132 4133 4127
f 4133 4134 4127
f 4127 4134 4128
f 4130 4132 4135
f 4132 4136 4135
f 4135 4136 4137
f 4138 4139 4140
f 4139 4141 4140
f 4140 4141 4136
f 4141 4142 4136
f 4136 4142 4137
f 4143 4144 4145
f 4143 4145 4140
f 4145 4146 4140
f 4140 4146 4138
f 4147 4148 4149
f 4148 4150 4149
f 4149 4150 4143
f 4150 4151 4143
f 4143 4151 4144
f 4152 4153 4154
f 4153 4155 4154
f 4154 4155 4149
f 4155 4156 4149
f 4149 4156 4147
f 4157 4158 4154
f 4157 4159 4160
f 4159 4161 4160
f 4162 4163 4158
f 4163 4164 4158
f 4158 4164 4154
f 4164 4165 4154
f 4154 4165 4152
f 4166 3128 4159
f 3128 3138 4159
f 4159 3138 4161
f 3138 3139 4161
f 4161 3139 4167
f 3139 3140 4167
f 4168 4169 3210
f 4168 3210 4159
f 3210 3209 4159
f 4159 3209 4166
f 4170 3200 3198
f 4170 3198 4168
f 3198 3213 4168
f 4168 3213 4169
f 3200 4170 3201
f 4170 4171 3201
f 3201 4171 4172
f 4173 4174 4175
f 4175 3179 4173
f 3179 4176 4173
f 4173 4176 4171
f 4176 3191 4171
f 4171 3191 4172
f 3143 3142 4177
f 3142 4178 4177
f 4177 4178 4174
f 4178 3175 4174
f 4174 3175 4175
f 4177 4179 3143
f 4179 4116 3143
f 3143 4116 4180
f 4181 3161 4115
f 3161 3160 4115
f 4115 3160 4116
f 3160 3158 4116
f 4116 3158 4180
f 4157 4154 4159
f 4154 4149 4159
f 4159 4149 4168
f 4149 4143 4168
f 4168 4143 4170
f 4143 4140 4170
f 4170 4140 4171
f 4140 4136 4171
f 4171 4136 4173
f 4136 4132 4173
f 4173 4132 4174
f 4132 4127 4174
f 4174 4127 4177
f 4127 4125 4177
f 4177 4125 4179
f 4125 4117 4179
f 4179 4117 4116
f 4117 4120 4116
f 4116 4120 4114
f 3264 4182 4183
f 4184 4185 4186
f 4185 4187 4186
f 4186 4187 4188
f 4187 4189 4188
f 4190 4191 4183
f 4191 4192 4183
f 4183 4192 4193
f 4192 4194 4193
f 4193 4194 4195
f 4183 4196 4197
f 4190 4183 4198
f 4183 4197 4198
f 4198 4197 4199
f 4182 3250 4183
f 3250 4200 4183
f 4183 4200 4196
f 3269 4201 4193
f 4201 3288 4193
f 3288 3244 4193
f 3244 3243 4193
f 4193 3243 4183
f 3243 3265 4183
f 4183 3265 3264
f 4202 3275 3274
f 3274 3269 4202
f 3269 4193 4202
f 4202 4193 4186
f 4193 4195 4186
f 4186 4195 4184
f 4203 4204 4205
f 4206 4207 4208
f 4207 4203 4208
f 4209 4210 4211
f 4212 4213 4208
f 4213 4214 4208
f 4208 4214 4206
f 4215 4216 4217
f 4216 4218 4217
f 4217 4218 4209
f 4218 4219 4209
f 4209 4219 4210
f 4220 4221 4217
f 4221 4222 4217
f 4217 4222 4215
f 4223 4224 4225
f 4224 4226 4225
f 4225 4226 4220
f 4226 4227 4220
f 4220 4227 4221
f 4228 4229 4230
f 4228 4230 4225
f 4230 4231 4225
f 4225 4231 4223
f 4232 4233 4228
f 4233 4234 4228
f 4228 4234 4229
f 4232 4235 4236
f 4236 4237 4232
f 4237 4238 4232
f 4232 4238 4233
f 4239 4240 4241
f 4240 4242 4241
f 4241 4242 4243
f 4244 4245 4241
f 4245 4246 4241
f 4241 4246 4239
f 4247 4248 4244
f 3369 4247 3368
f 4247 4244 3368
f 3368 4244 4249
f 4244 4241 4249
f 4249 4241 3292
f 4241 4243 3292
f 3292 4243 4250
f 4250 4243 3295
f 4243 4251 3295
f 3295 4251 4252
f 4253 4254 3346
f 3346 3348 4253
f 3348 4255 4253
f 4253 4255 4251
f 4255 3298 4251
f 4251 3298 4252
f 4256 3340 4254
f 3340 4257 4254
f 4254 4257 3346
f 4258 3332 4256
f 3332 4259 4256
f 4256 4259 3340
f 3323 4260 4212
f 4260 3329 4212
f 4212 3329 4258
f 3329 4261 4258
f 4258 4261 3332
f 4203 4205 4208
f 4205 4262 4208
f 4208 4262 4263
f 3323 4212 4264
f 4212 4208 4264
f 4264 4208 3320
f 4208 4263 3320
f 3320 4263 3319
f 4242 4235 4243
f 4235 4232 4243
f 4243 4232 4251
f 4232 4228 4251
f 4251 4228 4253
f 4228 4225 4253
f 4253 4225 4254
f 4225 4220 4254
f 4254 4220 4256
f 4220 4217 4256
f 4256 4217 4258
f 4217 4209 4258
f 4258 4209 4212
f 4209 4211 4212
f 4212 4211 4213
f 4265 4266 4267
f 4268 4269 4270
f 4271 4272 4273
f 4273 4268 4271
f 4268 4270 4271
f 4271 4270 4274
f 4270 4267 4274
f 4275 4265 4276
f 4265 4267 4276
f 4276 4267 4277
f 4267 4270 4277
f 4278 4279 4280
f 4279 4281 4280
f 4280 4281 4282
f 4281 4283 4282
f 4282 4283 4284
f 4283 4285 4284
f 4286 4287 4288
f 4287 4289 4288
f 4288 4289 4290
f 4291 4292 4293
f 4292 4294 4293
f 4293 4294 4295
f 4294 4296 4295
f 4295 4296 4297
f 4296 4298 4297
f 4299 4300 4301
f 4300 4302 4301
f 4301 4302 4303
f 4302 4304 4303
f 4305 4306 4307
f 4306 4308 4307
f 4307 4308 4309
f 4308 4310 4309
f 4311 4312 4313
f 4312 4314 4313
f 4313 4314 4315
f 4314 4316 4315
f 4317 4318 4319
f 4320 4318 4321
f 4322 4323 4324
f 4322 4324 4325
f 4325 4324 4326
f 4324 4327 4326
f 4326 4327 4328
f 4329 4330 4331
f 4330 4332 4331
f 4319 4318 4333
f 4318 4320 4333
f 4333 4320 4334
f 4320 4335 4334
f 4334 4335 4336
f 4321 4318 4337
f 4318 4317 4337
f 4337 4317 4338
f 4317 4339 4338
f 4338 4339 4340
f 4341 4342 4343
f 4342 4344 4343
f 4343 4344 4345
f 4344 4346 4345
f 4340 4339 4347
f 4339 4348 4347
f 4347 4348 4349
f 4342 4349 4344
f 4349 4348 4344
f 4344 4348 4350
f 4348 4351 4350
f 4352 4353 4354
f 4353 4355 4354
f 4354 4355 4328
f 4355 4331 4328
f 4328 4331 4326
f 4331 4332 4326
f 4326 4332 4335
f 4332 4356 4335
f 4335 4356 4336
f 4357 4358 4359
f 4358 4360 4359
f 4359 4360 4361
f 4362 4363 4364
f 4363 4361 4364
f 4364 4361 4365
f 4361 4360 4365
f 4366 4367 4368
f 4367 4369 4368
f 4368 4369 4370
f 4369 4371 4370
f 4370 4371 4372
f 4373 4374 4375
f 4376 4377 4378
f 4377 4373 4378
f 4378 4373 4379
f 4373 4375 4379
f 4380 4381 4382
f 4381 4383 4382
f 4382 4383 4384
f 4383 4385 4384
f 4384 4385 4386
f 4387 4388 4389
f 4388 4390 4389
f 4389 4390 4391
f 4392 4393 4394
f 4392 4394 4395
f 4394 4396 4395
f 4395 4396 4397
f 4398 4399 4400
f 4401 4402 4403
f 4402 4398 4403
f 4403 4398 4404
f 4398 4400 4404
f 4405 4406 4407
f 4406 4408 4407
f 4407 4408 4409
f 4410 4411 4412
f 4413 4414 4415
f 4414 4410 4415
f 4415 4410 4416
f 4410 4412 4416
f 4417 4418 4419
f 4418 4420 4419
f 4419 4420 4421
f 4420 4422 4421
f 4421 4422 4423
f 4424 4425 4426
f 4425 4427 4426
f 4428 4429 4430
f 4429 4425 4430
f 4430 4425 4431
f 4425 4424 4431
f 4432 4433 4434
f 4433 4435 4434
f 4434 4435 4436
f 4437 4438 4439
f 4438 4436 4439
f 4439 4436 4440
f 4436 4435 4440
f 4441 4442 4443
f 4442 4444 4443
f 4445 4442 4441
f 4446 4447 4448
f 4447 4445 4448
f 4448 4445 4449
f 4445 4441 4449
f 4450 4451 4452
f 4451 4453 4452
f 4452 4453 4454
f 4453 4455 4454
f 4454 4455 4456
f 4455 4457 4456
f 4456 4457 4446
f 4457 4458 4446
f 4446 4458 4447
f 4459 4460 4461
f 4460 4462 4461
f 4461 4462 4450
f 4462 4463 4450
f 4450 4463 4451
f 4464 4465 4466
f 4465 4467 4466
f 4466 4467 4468
f 4467 4469 4468
f 4468 4469 4470
f 4469 4471 4470
f 4470 4471 4472
f 4471 4473 4472
f 4472 4473 4459
f 4473 4474 4459
f 4459 4474 4460
f 4475 4476 4477
f 4476 4478 4477
f 4477 4478 4479
f 4478 4480 4479
f 4479 4480 4464
f 4480 4481 4464
f 4464 4481 4465
f 4477 4482 4475
f 4482 4483 4475
f 4475 4483 4484
f 4483 4485 4484
f 4484 4485 4486
f 4487 4488 4485
f 4488 4489 4485
f 4485 4489 4486
f 4490 4491 4492
f 4488 4487 4493
f 4488 4493 4494
f 4493 4495 4494
f 4495 4496 4494
f 4494 4496 4491
f 4496 4497 4491
f 4491 4497 4492
f 4492 4498 4490
f 4498 4499 4490
f 4490 4499 4500
f 4499 4501 4500
f 4500 4501 4502
f 4501 4503 4502
f 4503 4504 4502
f 4502 4504 4505
f 4504 4506 4505
f 4506 4507 4505
f 4507 4508 4505
f 4505 4508 4509
f 4510 4511 4512
f 4511 4513 4512
f 4512 4513 4514
f 4513 4509 4514
f 4514 4509 4508
f 4515 4516 4517
f 4516 4518 4517
f 4517 4518 4519
f 4518 4520 4519
f 4519 4520 4510
f 4520 4521 4510
f 4510 4521 4511
f 4522 4523 4524
f 4523 4525 4524
f 4524 4525 4526
f 4525 4527 4526
f 4526 4527 4528
f 4527 4529 4528
f 4528 4529 4530
f 4529 4531 4530
f 4530 4531 4532
f 4531 4533 4532
f 4532 4533 4534
f 4533 4535 4534
f 4534 4535 4536
f 4535 4537 4536
f 4536 4537 4515
f 4537 4538 4515
f 4515 4538 4516
f 4539 4540 4541
f 4540 4542 4541
f 4541 4542 4522
f 4542 4543 4522
f 4522 4543 4523
f 4544 4545 4546
f 4545 4547 4546
f 4547 4548 4546
f 4548 4549 4546
f 4546 4549 4550
f 4549 4551 4550
f 4550 4551 4552
f 4551 4553 4552
f 4552 4553 4539
f 4553 4554 4539
f 4539 4554 4540
f 4555 4556 4544
f 4556 4545 4544
f 4557 4558 4559
f 4558 4560 4559
f 4559 4560 4561
f 4560 4562 4561
f 4561 4562 4563
f 4562 4556 4563
f 4563 4556 4555
f 4559 4564 4557
f 4564 4565 4557
f 4557 4565 4566
f 4565 4567 4566
f 4566 4567 4568
f 4569 4570 4571
f 4571 4570 4572
f 4570 4573 4572
f 4572 4573 4574
f 4573 4575 4574
f 4574 4575 4567
f 4575 4576 4567
f 4567 4576 4568
f 4577 4578 4579
f 4578 4580 4579
f 4579 4580 4581
f 4580 4582 4581
f 4581 4582 4583
f 4582 4584 4583
f 4583 4584 4585
f 4584 4586 4585
f 4585 4586 4571
f 4586 4587 4571
f 4571 4587 4569
f 4588 4589 4577
f 4589 4590 4577
f 4577 4590 4578
f 4591 4592 4593
f 4593 4592 4594
f 4592 4595 4594
f 4594 4595 4588
f 4595 4596 4588
f 4588 4596 4589
f 4593 4597 4591
f 4597 4598 4591
f 4591 4598 4599
f 4599 4598 4600
f 4598 4601 4600
f 4601 4602 4600
f 4602 4603 4600
f 4600 4603 4604
f 4603 4605 4604
f 4604 4605 4606
f 4605 4607 4606
f 4607 4608 4606
f 4606 4608 4609
f 4608 4610 4609
f 4609 4610 4611
f 4612 4613 4614
f 4613 4611 4614
f 4614 4611 4615
f 4611 4610 4615
f 4616 4617 4618
f 4619 4620 4621
f 4619 4621 4622
f 4621 4623 4622
f 4622 4623 4624
f 4623 4613 4624
f 4624 4613 4612
f 4620 4619 4625
f 4619 4626 4625
f 4625 4626 4627
f 4626 4628 4627
f 4627 4628 4629
f 4616 4618 4630
f 4618 4631 4630
f 4630 4631 4628
f 4631 4632 4628
f 4628 4632 4629
f 4633 4634 4635
f 4634 4636 4635
f 4635 4636 4637
f 4636 4638 4637
f 4637 4638 4617
f 4638 4639 4617
f 4617 4639 4618
f 4640 4641 4642
f 4641 4643 4642
f 4642 4643 4644
f 4643 4645 4644
f 4644 4645 4633
f 4645 4646 4633
f 4633 4646 4634
f 4647 4648 4649
f 4648 4650 4649
f 4649 4650 4651
f 4650 4652 4651
f 4651 4652 4653
f 4652 4654 4653
f 4653 4654 4640
f 4654 4655 4640
f 4640 4655 4641
f 4649 4656 4647
f 4656 4443 4647
f 4647 4443 4444
f 4657 4658 4659
f 4658 4660 4659
f 4659 4660 4661
f 4660 4662 4661
f 4663 4664 4660
f 4664 4665 4660
f 4660 4665 4662
f 4666 4667 4668
f 4667 4669 4668
f 4668 4669 4663
f 4669 4670 4663
f 4663 4670 4664
f 4668 4671 4666
f 4671 4672 4666
f 4666 4672 4673
f 4673 4674 4666
f 4674 4675 4666
f 4666 4675 4676
f 4677 4678 4679
f 4678 4666 4679
f 4679 4666 4680
f 4666 4676 4680
f 4677 4681 4678
f 4681 4682 4678
f 4678 4682 4683
f 4684 4685 4686
f 4682 4687 4683
f 4687 4688 4683
f 4683 4688 4689
f 4688 4684 4689
f 4689 4684 4690
f 4684 4686 4690
f 4691 4692 4684
f 4692 4693 4684
f 4693 4694 4684
f 4684 4694 4685
f 4691 4684 4695
f 4684 4696 4695
f 4695 4696 4697
f 4696 4698 4697
f 4698 4699 4697
f 4697 4699 4700
f 4701 4702 4703
f 4700 4704 4697
f 4704 4705 4697
f 4697 4705 4703
f 4705 4706 4703
f 4703 4706 4701
f 4702 4707 4703
f 4707 4708 4703
f 4703 4708 4709
f 4709 4710 4703
f 4710 4711 4703
f 4703 4711 4712
f 4712 4713 4703
f 4713 4714 4703
f 4703 4714 4715
f 4714 4716 4715
f 4715 4716 4717
f 4718 4719 4720
f 4721 4722 4723
f 4722 4724 4723
f 4720 4725 4718
f 4725 4723 4718
f 4718 4723 4726
f 4723 4724 4726
f 4718 4727 4719
f 4727 4728 4719
f 4719 4728 4729
f 4729 4730 4719
f 4730 4715 4719
f 4719 4715 4731
f 4715 4717 4731
f 4730 4732 4715
f 4732 4733 4715
f 4715 4733 4734
f 4734 4735 4715
f 4735 4736 4715
f 4715 4736 4737
f 4737 4738 4715
f 4738 4739 4715
f 4715 4739 4740
f 4740 4741 4715
f 4741 4742 4715
f 4715 4742 4743
f 4743 4744 4715
f 4744 4745 4715
f 4715 4745 4746
f 4746 4747 4715
f 4747 4748 4715
f 4715 4748 4749
f 4750 4751 4752
f 4751 4753 4752
f 4752 4753 4754
f 4753 4755 4756
f 4757 4758 4721
f 4758 4759 4721
f 4721 4759 4722
f 4760 4761 4762
f 4761 4763 4762
f 4760 4764 4761
f 4764 4765 4761
f 4761 4765 4766
f 4752 4767 4750
f 4767 4768 4750
f 4750 4768 4769
f 4768 4770 4769
f 4769 4770 4771
f 4770 4761 4771
f 4771 4761 4772
f 4761 4766 4772
f 4763 4761 4773
f 4761 4774 4773
f 4773 4774 4721
f 4774 4775 4721
f 4721 4775 4757
f 4749 4776 4715
f 4776 4777 4715
f 4715 4777 4778
f 4779 4780 4781
f 4778 4782 4715
f 4782 4783 4715
f 4715 4783 4781
f 4783 4784 4781
f 4781 4784 4779
f 4780 4785 4781
f 4785 4786 4781
f 4781 4786 4787
f 4788 4789 4781
f 4787 4790 4781
f 4790 4791 4781
f 4781 4791 4788
f 4789 4792 4781
f 4792 4793 4781
f 4781 4793 4794
f 4755 4795 4756
f 4795 4796 4756
f 4756 4796 4657
f 4796 4797 4657
f 4657 4797 4798
f 4798 4799 4657
f 4799 4800 4657
f 4657 4800 4801
f 4801 4802 4657
f 4802 4803 4657
f 4657 4803 4804
f 4804 4805 4657
f 4805 4806 4657
f 4657 4806 4658
f 4807 4808 4809
f 4794 4810 4781
f 4810 4811 4781
f 4781 4811 4809
f 4811 4812 4809
f 4809 4812 4807
f 4808 4813 4809
f 4813 4814 4809
f 4809 4814 4815
f 4815 4816 4809
f 4816 4817 4809
f 4809 4817 4756
f 4817 4818 4756
f 4818 4819 4756
f 4819 4820 4756
f 4756 4820 4753
f 4820 4821 4753
f 4753 4821 4754
f 4822 4823 4824
f 4823 4825 4824
f 4824 4825 4826
f 4826 4827 4824
f 4827 4828 4824
f 4824 4828 4829
f 4829 4830 4824
f 4830 4831 4824
f 4824 4831 4832
f 4831 4833 4832
f 4832 4833 4834
f 4834 4835 4832
f 4835 4836 4832
f 4832 4836 4837
f 4837 4838 4832
f 4838 4839 4832
f 4832 4839 4840
f 4839 4841 4840
f 4840 4841 4842
f 4841 4843 4842
f 4844 4845 4841
f 4845 4846 4841
f 4841 4846 4843
f 4847 4848 4849
f 4849 4850 4847
f 4850 4851 4847
f 4847 4851 4841
f 4851 4852 4841
f 4841 4852 4844
f 4853 4854 4855
f 4853 4855 4856
f 4848 4857 4849
f 4857 4858 4849
f 4849 4858 4855
f 4858 4859 4855
f 4855 4859 4856
f 4854 4860 4855
f 4860 4861 4855
f 4855 4861 4862
f 4862 4863 4855
f 4863 4864 4855
f 4855 4864 4865
f 4864 4866 4865
f 4865 4866 4867
f 4866 4868 4867
f 4869 4870 4871
f 4872 4873 4868
f 4873 4874 4868
f 4868 4874 4867
f 4869 4871 4868
f 4871 4875 4868
f 4868 4875 4872
f 4869 4876 4870
f 4876 4877 4870
f 4870 4877 4878
f 4877 4879 4878
f 4878 4879 4880
f 4879 4881 4880
f 4881 4882 4880
f 4882 4883 4880
f 4880 4883 4884
f 4884 4885 4880
f 4885 4886 4880
f 4880 4886 4887
f 4886 4888 4887
f 4888 4889 4887
f 4887 4889 4890
f 4890 4891 4887
f 4891 4892 4887
f 4887 4892 4893
f 4893 4894 4887
f 4894 4895 4887
f 4887 4895 4896
f 4897 4898 4715
f 4898 4899 4715
f 4899 4900 4715
f 4900 4901 4715
f 4715 4901 4902
f 4902 4903 4715
f 4903 4904 4715
f 4715 4904 4824
f 4904 4905 4824
f 4824 4905 4906
f 4906 4907 4824
f 4907 4908 4824
f 4824 4908 4909
f 4909 4910 4824
f 4910 4911 4824
f 4824 4911 4912
f 4913 4914 4915
f 4912 4916 4824
f 4916 4917 4824
f 4824 4917 4918
f 4913 4915 4918
f 4914 4919 4915
f 4919 4920 4915
f 4915 4920 4921
f 4918 4915 4824
f 4915 4922 4824
f 4824 4922 4822
f 4923 4924 4925
f 4925 4924 4926
f 4896 4927 4887
f 4927 4928 4887
f 4887 4928 4926
f 4926 4924 4887
f 4924 4929 4887
f 4887 4929 4930
f 4930 4931 4887
f 4931 4932 4887
f 4887 4932 4933
f 4933 4934 4887
f 4934 4935 4887
f 4887 4935 4936
f 4937 4938 4939
f 4937 4939 4940
f 4925 4941 4923
f 4941 4942 4923
f 4923 4942 4943
f 4942 4944 4943
f 4943 4944 4945
f 4944 4946 4945
f 4945 4946 4947
f 4946 4948 4947
f 4948 4946 4949
f 4946 4950 4949
f 4949 4950 4939
f 4950 4951 4939
f 4939 4951 4940
f 4938 4952 4939
f 4952 4953 4939
f 4939 4953 4921
f 4953 4954 4921
f 4921 4954 4915
f 4936 4955 4887
f 4955 4956 4887
f 4887 4956 4781
f 4956 4957 4781
f 4781 4957 4958
f 4958 4959 4781
f 4959 4960 4781
f 4781 4960 4961
f 4961 4962 4781
f 4962 4963 4781
f 4781 4963 4964
f 4964 4965 4781
f 4965 4966 4781
f 4781 4966 4967
f 4967 4968 4781
f 4968 4969 4781
f 4781 4969 4970
f 4970 4971 4781
f 4971 4972 4781
f 4781 4972 4973
f 4973 4974 4781
f 4974 4975 4781
f 4781 4975 4715
f 4975 4976 4715
f 4715 4976 4977
f 4977 4978 4715
f 4978 4979 4715
f 4715 4979 4980
f 4980 4981 4715
f 4981 4982 4715
f 4715 4982 4983
f 4983 4984 4715
f 4984 4985 4715
f 4715 4985 4897
f 4986 4987 4988
f 4987 4989 4988
f 4988 4989 4990
f 4989 4991 4990
f 4990 4991 4992
f 4991 4849 4992
f 4992 4849 4855
f 4988 4993 4986
f 4993 4994 4986
f 4986 4994 4995
f 4994 4996 4995
f 4995 4996 4997
f 4996 4998 4997
f 4997 4998 4999
f 4999 4998 5000
f 4998 5001 5000
f 5000 5001 5002
f 5001 5003 5002
f 5002 5003 5004
f 5003 5005 5004
f 5004 5005 5006
f 5005 5007 5006
f 5006 5007 5008
f 5008 5007 5009
f 5007 5010 5009
f 5009 5010 5011
f 5010 5012 5011
f 5012 5013 5011
f 5011 5013 5014
f 5013 5015 5014
f 5014 5015 5016
f 5015 5017 5016
f 5016 5017 5018
f 5017 5019 5018
f 5018 5019 5020
f 5019 5021 5020
f 5020 5021 5022
f 5021 4444 5022
f 5022 4444 4442
f 4453 4451 5023
f 4489 4488 5024
f 4999 5000 5025
f 4447 4458 5026
f 4457 4455 5027
f 5028 5029 5030
f 5031 5032 5033
f 5034 5035 4474
f 5036 5037 5038
f 5039 5040 5041
f 4843 4846 5042
f 5043 4832 5044
f 4832 4840 5044
f 5044 4840 4842
f 5045 5046 5039
f 5047 5048 5049
f 5048 5037 5049
f 5037 5048 5038
f 5048 5050 5038
f 5038 5050 5051
f 5050 5052 5051
f 5051 5052 5053
f 5046 5036 5039
f 5036 5038 5039
f 5039 5038 5040
f 5038 5051 5040
f 5040 5051 5044
f 5051 5053 5044
f 5044 5053 5043
f 4451 4463 5023
f 4463 4462 5023
f 5023 4462 5035
f 4462 4460 5035
f 5035 4460 4474
f 5054 5055 5056
f 5055 5057 5056
f 5056 5057 5058
f 5057 5059 5058
f 5058 5059 5060
f 5029 5028 5061
f 5028 5032 5061
f 5061 5032 5034
f 5032 5031 5034
f 5034 5031 5035
f 5062 5054 5063
f 5054 5056 5063
f 5063 5056 5064
f 5056 5058 5064
f 5064 5058 5065
f 5058 5060 5065
f 5065 5060 5066
f 5030 5067 5068
f 4484 5068 4475
f 5068 5067 4475
f 4475 5067 4476
f 4481 4480 5067
f 4480 4478 5067
f 5067 4478 4476
f 5030 5029 5067
f 5029 5069 5067
f 5067 5069 4481
f 4474 4473 5034
f 4473 4471 5034
f 5034 4471 5061
f 4471 4469 5061
f 5061 4469 5029
f 4469 5070 5029
f 5029 5070 5069
f 5070 4465 5069
f 5069 4465 4481
f 5071 5008 5009
f 5002 5072 5073
f 5072 5074 5073
f 5073 5074 5075
f 5008 5071 5006
f 5009 5076 5071
f 5076 5074 5071
f 5071 5074 5006
f 5074 5072 5006
f 5009 5011 5076
f 5011 5014 5076
f 5076 5014 5016
f 4442 4445 5022
f 4445 5077 5022
f 5022 5077 5020
f 5077 5018 5020
f 5078 5075 5079
f 5075 5074 5079
f 5079 5074 5080
f 5074 5076 5080
f 5080 5076 5077
f 5076 5016 5077
f 5077 5016 5018
f 4458 4457 5026
f 4457 5027 5026
f 5026 5027 5081
f 5027 5082 5081
f 5081 5082 5083
f 5082 5084 5083
f 5083 5084 5085
f 5084 5086 5085
f 4445 4447 5077
f 4447 5026 5077
f 5077 5026 5080
f 5026 5081 5080
f 5080 5081 5079
f 5081 5083 5079
f 5079 5083 5078
f 5083 5085 5078
f 5078 5085 5087
f 5085 5086 5087
f 5087 5086 5088
f 4986 4995 5089
f 4995 4997 5089
f 5090 4989 4987
f 4846 4845 5042
f 4845 4844 5042
f 5042 4844 5091
f 4844 5090 5091
f 4849 4991 4850
f 4991 4989 4850
f 4850 4989 4851
f 4989 5090 4851
f 4851 5090 4852
f 5090 4844 4852
f 5045 5039 5092
f 5039 5041 5092
f 5092 5041 5093
f 5041 5089 5093
f 5093 5089 5025
f 5089 4997 5025
f 5025 4997 4999
f 4842 4843 5044
f 4843 5042 5044
f 5044 5042 5040
f 5042 5091 5040
f 5040 5091 5041
f 5091 5090 5041
f 5041 5090 5089
f 5090 4987 5089
f 5089 4987 4986
f 4484 4486 5068
f 4486 5066 5068
f 5068 5066 5030
f 5066 5060 5030
f 5030 5060 5028
f 5060 5059 5028
f 5028 5059 5032
f 5059 5057 5032
f 5032 5057 5033
f 5057 5055 5033
f 5033 5055 5094
f 5055 5054 5094
f 5094 5054 5095
f 5054 5062 5095
f 5095 5062 5096
f 4486 4489 5066
f 4489 5024 5066
f 5066 5024 5065
f 5024 5097 5065
f 5065 5097 5064
f 5097 5098 5064
f 5064 5098 5063
f 5098 5099 5063
f 5063 5099 5062
f 5099 5100 5062
f 5062 5100 5096
f 5100 5101 5096
f 4455 4453 5027
f 4453 5023 5027
f 5027 5023 5082
f 5023 5035 5082
f 5082 5035 5084
f 5035 5031 5084
f 5084 5031 5086
f 5031 5033 5086
f 5086 5033 5088
f 5033 5094 5088
f 5088 5094 5102
f 5094 5095 5102
f 5102 5095 5103
f 5095 5096 5103
f 5103 5096 5104
f 5096 5101 5104
f 5105 5047 5104
f 5047 5049 5104
f 5104 5049 5103
f 5049 5037 5103
f 5103 5037 5102
f 5037 5036 5102
f 5102 5036 5088
f 5036 5046 5088
f 5088 5046 5087
f 5046 5045 5087
f 5087 5045 5078
f 5045 5092 5078
f 5078 5092 5075
f 5092 5093 5075
f 5075 5093 5073
f 5093 5025 5073
f 5073 5025 5002
f 5025 5000 5002
f 4491 4490 5106
f 5107 4824 4832
f 5107 5108 5109
f 4715 4824 5110
f 4824 5107 5110
f 5110 5107 5111
f 5107 5109 5111
f 5112 5113 5114
f 5113 5099 5114
f 5115 5108 5116
f 5108 5107 5116
f 5116 5107 5043
f 5107 4832 5043
f 4494 4491 5117
f 4491 5106 5117
f 5117 5106 5114
f 5106 5118 5114
f 5114 5118 5112
f 5112 5119 5113
f 5119 5120 5113
f 5113 5120 5121
f 5120 5122 5121
f 5121 5122 5123
f 5122 5124 5123
f 5123 5124 5108
f 5124 5125 5108
f 5108 5125 5109
f 4488 4494 5024
f 4494 5117 5024
f 5024 5117 5126
f 5117 5114 5126
f 5126 5114 5098
f 5114 5099 5098
f 5115 5127 5108
f 5127 5128 5108
f 5108 5128 5123
f 5128 5047 5123
f 5123 5047 5121
f 5047 5129 5121
f 5121 5129 5113
f 5129 5130 5113
f 5113 5130 5099
f 4500 4502 5131
f 4505 4509 5132
f 5133 4703 4715
f 5133 5134 5135
f 4697 4703 5136
f 4703 5133 5136
f 5136 5133 5137
f 5133 5135 5137
f 5138 5139 5140
f 5139 5119 5140
f 4715 5110 5133
f 5110 5111 5133
f 5133 5111 5134
f 4502 4505 5131
f 4505 5132 5131
f 5131 5132 5140
f 5132 5141 5140
f 5140 5141 5138
f 5138 5142 5139
f 5142 5143 5139
f 5139 5143 5144
f 5143 5145 5144
f 5144 5145 5146
f 5145 5147 5146
f 5146 5147 5134
f 5147 5148 5134
f 5134 5148 5135
f 5119 5112 5140
f 5112 5118 5140
f 5140 5118 5131
f 5118 5106 5131
f 5131 5106 4500
f 5106 4490 4500
f 5111 5109 5134
f 5109 5125 5134
f 5134 5125 5146
f 5125 5124 5146
f 5146 5124 5144
f 5124 5149 5144
f 5144 5149 5139
f 5149 5120 5139
f 5139 5120 5119
f 5150 5147 5151
f 4695 4697 5136
f 5152 5153 5154
f 5155 5132 5156
f 5157 5158 5156
f 4542 4540 5159
f 4545 5160 4547
f 5160 4548 4547
f 4554 4553 5161
f 4553 4551 5161
f 5161 4551 4549
f 4542 5159 4543
f 5159 5162 4543
f 4543 5162 4523
f 5163 5164 4531
f 4531 4529 5163
f 4529 4527 5163
f 5163 4527 5162
f 4527 4525 5162
f 5162 4525 4523
f 4518 4516 5165
f 4516 4538 5165
f 5165 4538 4537
f 4520 5157 4521
f 5157 5156 4521
f 4521 5156 4511
f 5166 5167 5168
f 4690 5169 4689
f 5169 5166 4689
f 4689 5166 4683
f 5166 5168 4683
f 4683 5168 4678
f 5170 5171 5172
f 5172 5173 5170
f 5173 5174 5170
f 5170 5174 5175
f 5174 5176 5175
f 5175 5176 5177
f 5178 5170 5179
f 5170 5175 5179
f 5179 5175 5180
f 5175 5177 5180
f 5173 5181 5174
f 5181 5182 5174
f 5174 5182 5183
f 5184 5185 5186
f 4540 4554 5159
f 4554 5161 5159
f 5159 5161 5184
f 5161 5187 5184
f 5184 5187 5185
f 5187 5188 5185
f 5189 5190 5191
f 4548 5160 5192
f 5160 5193 5192
f 5192 5193 5194
f 5193 5195 5194
f 5194 5195 5196
f 5196 5197 5194
f 5197 5198 5194
f 5194 5198 5190
f 5198 5199 5190
f 5190 5199 5191
f 5138 5200 5142
f 5200 5201 5142
f 5142 5201 5202
f 5203 5153 5204
f 5153 5152 5204
f 5204 5152 5205
f 5206 5207 5208
f 5207 5186 5208
f 5208 5186 5180
f 5186 5185 5180
f 5180 5185 5179
f 5185 5188 5179
f 5179 5188 5178
f 5209 5210 5211
f 5210 5204 5211
f 5211 5204 5212
f 5204 5205 5212
f 5212 5205 5206
f 5158 5213 5156
f 5213 5200 5156
f 5156 5200 5155
f 5200 5138 5155
f 5132 4509 5156
f 4509 4513 5156
f 5156 4513 4511
f 4537 4535 5165
f 4535 4533 5165
f 5165 4533 5214
f 4533 5215 5214
f 5214 5215 5216
f 5209 5216 5217
f 5209 5217 5203
f 5217 5218 5203
f 5203 5218 5153
f 5218 5219 5153
f 5153 5219 5154
f 5216 5215 5217
f 5215 5220 5217
f 5217 5220 5218
f 5220 5221 5218
f 5218 5221 5219
f 5206 5205 5207
f 5205 5152 5207
f 5207 5152 5186
f 5152 5154 5186
f 5186 5154 5184
f 5154 5219 5184
f 5184 5219 5159
f 5219 5221 5159
f 5159 5221 5162
f 5221 5220 5162
f 5162 5220 5163
f 5220 5215 5163
f 5163 5215 5164
f 5215 4533 5164
f 5164 4533 4531
f 4693 4692 5222
f 4692 4691 5222
f 5223 5224 5225
f 5224 5222 5225
f 5225 5222 5136
f 5222 4691 5136
f 5136 4691 4695
f 5147 5150 5226
f 5223 5226 5227
f 5226 5150 5227
f 5227 5150 5228
f 5150 5151 5228
f 5228 5151 5202
f 5223 5227 5224
f 5227 5229 5224
f 5224 5229 5222
f 5229 5230 5222
f 5222 5230 4693
f 4690 4686 5169
f 4686 4685 5169
f 5169 4685 5230
f 4685 4694 5230
f 5230 4694 4693
f 5231 5232 5233
f 5232 5234 5233
f 5233 5234 5235
f 5202 5201 5228
f 5201 5236 5228
f 5228 5236 5227
f 5236 5237 5227
f 5227 5237 5229
f 5237 5238 5229
f 5229 5238 5230
f 5238 5239 5230
f 5230 5239 5169
f 5213 5240 5200
f 5240 5241 5200
f 5200 5241 5201
f 5241 5242 5201
f 5201 5242 5236
f 5242 5231 5236
f 5236 5231 5237
f 5231 5233 5237
f 5237 5233 5238
f 5233 5235 5238
f 5238 5235 5239
f 5191 5243 5189
f 5243 5244 5189
f 5189 5244 5245
f 5171 5170 5245
f 5170 5178 5245
f 5245 5178 5189
f 5178 5188 5189
f 5189 5188 5190
f 5188 5187 5190
f 5190 5187 5194
f 5187 5161 5194
f 5194 5161 5192
f 5161 4549 5192
f 5192 4549 4548
f 4520 4518 5157
f 4518 5165 5157
f 5157 5165 5158
f 5165 5214 5158
f 5158 5214 5213
f 5214 5216 5213
f 5213 5216 5240
f 5216 5209 5240
f 5240 5209 5241
f 5209 5211 5241
f 5241 5211 5242
f 5211 5246 5242
f 5242 5246 5231
f 5246 5206 5231
f 5231 5206 5232
f 5206 5208 5232
f 5232 5208 5234
f 5208 5180 5234
f 5234 5180 5235
f 5180 5177 5235
f 5235 5177 5239
f 5177 5176 5239
f 5239 5176 5169
f 5176 5174 5169
f 5169 5174 5166
f 5174 5183 5166
f 5166 5183 5167
f 5247 5248 5244
f 4666 4678 5249
f 4678 5168 5249
f 5249 5168 5250
f 5168 5167 5250
f 5250 5167 5251
f 5167 5183 5251
f 5251 5183 5252
f 5183 5182 5252
f 5252 5182 5253
f 5182 5181 5253
f 5253 5181 5254
f 5181 5173 5254
f 5254 5173 5255
f 5173 5256 5255
f 5255 5256 5257
f 5256 5171 5257
f 5257 5171 5258
f 5171 5245 5258
f 5258 5245 5259
f 5245 5244 5259
f 5259 5244 5260
f 5244 5248 5260
f 5244 5243 5247
f 5243 5191 5247
f 5247 5191 5261
f 5191 5199 5261
f 5261 5199 5262
f 5199 5198 5262
f 5262 5198 5263
f 4545 4556 5160
f 4556 5264 5160
f 5160 5264 5193
f 5264 5265 5193
f 5193 5265 5195
f 5265 5266 5195
f 5195 5266 5196
f 5266 5263 5196
f 5196 5263 5197
f 5263 5198 5197
f 5267 5268 5269
f 4657 4659 5270
f 4665 4664 5271
f 4596 5272 4589
f 5272 5273 4589
f 4589 5273 4590
f 4590 5273 4578
f 5273 5274 4578
f 4578 5274 4580
f 4580 5274 4582
f 5274 5275 4582
f 4582 5275 4584
f 5275 5276 4584
f 4584 5276 4586
f 4586 5276 4587
f 5276 5277 4587
f 4587 5277 4569
f 5278 4573 4570
f 5279 4576 5278
f 4576 4575 5278
f 5278 4575 4573
f 4558 4557 5280
f 4557 4566 5280
f 5280 4566 5279
f 4566 4568 5279
f 5279 4568 4576
f 5264 4556 4562
f 5264 4562 5280
f 4562 4560 5280
f 5280 4560 4558
f 5263 5266 5280
f 5266 5265 5280
f 5280 5265 5264
f 5261 5262 5281
f 5282 5283 5284
f 5283 5285 5284
f 5286 5257 5258
f 5252 5253 5287
f 5253 5254 5287
f 5287 5254 5286
f 5254 5255 5286
f 5286 5255 5257
f 5252 5287 5251
f 5287 5288 5251
f 5251 5288 5250
f 4670 4669 5288
f 4669 4667 5288
f 4667 4666 5288
f 4666 5249 5288
f 5288 5249 5250
f 4665 5271 4662
f 4657 5270 4756
f 5289 5267 5290
f 5267 5269 5290
f 5290 5269 5271
f 5269 5291 5271
f 5271 5291 4662
f 5291 4661 4662
f 4661 5291 5292
f 5291 5269 5292
f 5292 5269 5293
f 5269 5268 5293
f 5293 5268 5294
f 5295 5296 5297
f 5296 5298 5297
f 5297 5298 5299
f 5298 5300 5299
f 5300 5301 5299
f 5299 5301 5270
f 5301 5302 5270
f 5270 5302 4756
f 5303 5304 5305
f 5304 5306 5305
f 5305 5306 5307
f 5306 5308 5307
f 5308 5309 5307
f 5307 5309 5310
f 5309 5311 5310
f 5310 5311 5312
f 5311 5313 5312
f 5314 5315 5316
f 5315 5317 5316
f 5318 5313 5319
f 5313 5311 5319
f 5319 5311 5320
f 5311 5309 5320
f 5320 5309 5321
f 5309 5308 5321
f 5321 5308 5322
f 5308 5306 5322
f 5322 5306 5323
f 5306 5304 5323
f 5323 5304 5324
f 5304 5303 5324
f 5324 5303 5325
f 5303 5326 5325
f 5325 5326 5327
f 5262 5263 5281
f 5263 5280 5281
f 5281 5280 5328
f 5280 5279 5328
f 5328 5279 5329
f 5279 5278 5329
f 5329 5278 5277
f 5278 4570 5277
f 5277 4570 4569
f 5272 5318 5273
f 5318 5319 5273
f 5273 5319 5274
f 5319 5320 5274
f 5274 5320 5275
f 5320 5321 5275
f 5275 5321 5276
f 5321 5322 5276
f 5276 5322 5277
f 5322 5323 5277
f 5277 5323 5329
f 5323 5324 5329
f 5329 5324 5328
f 5324 5325 5328
f 5328 5325 5281
f 5325 5327 5281
f 5281 5327 5261
f 5327 5330 5261
f 4596 4595 5331
f 4595 4592 5331
f 5331 4592 4591
f 5314 5316 5332
f 5316 5331 5332
f 5332 5331 5333
f 5331 4591 5333
f 5333 4591 4599
f 5315 5334 5317
f 5334 5335 5317
f 5317 5335 5336
f 5335 5295 5336
f 5336 5295 5337
f 5295 5297 5337
f 5337 5297 5294
f 5297 5299 5294
f 5294 5299 5293
f 5299 5270 5293
f 5293 5270 5292
f 5270 4659 5292
f 5292 4659 4661
f 4664 4670 5271
f 4670 5288 5271
f 5271 5288 5290
f 5288 5287 5290
f 5290 5287 5289
f 5287 5286 5289
f 5289 5286 5284
f 5286 5258 5284
f 5284 5258 5282
f 4596 5331 5272
f 5331 5316 5272
f 5272 5316 5318
f 5316 5317 5318
f 5318 5317 5313
f 5317 5336 5313
f 5313 5336 5312
f 5336 5337 5312
f 5312 5337 5310
f 5337 5294 5310
f 5310 5294 5307
f 5294 5268 5307
f 5307 5268 5305
f 5268 5267 5305
f 5305 5267 5303
f 5267 5289 5303
f 5303 5289 5326
f 5289 5284 5326
f 5326 5284 5327
f 5284 5285 5327
f 5327 5285 5330
f 5338 4809 4756
f 5339 5340 5341
f 5314 5342 5315
f 5342 5343 5315
f 5344 5345 5341
f 5345 5342 5341
f 5341 5342 5339
f 5342 5314 5339
f 5300 5346 5347
f 5346 5338 5347
f 5347 5338 5302
f 5338 4756 5302
f 5300 5298 5346
f 5298 5348 5346
f 5346 5348 5349
f 4781 4809 5350
f 4809 5338 5350
f 5350 5338 5351
f 5338 5346 5351
f 5351 5346 5352
f 5346 5349 5352
f 5298 5296 5348
f 5296 5295 5348
f 5348 5295 5353
f 5295 5354 5353
f 5353 5354 5343
f 5354 5334 5343
f 5343 5334 5315
f 4606 5344 4604
f 5344 5341 4604
f 4604 5341 4600
f 5341 5340 4600
f 4600 5340 4599
f 5345 5355 5342
f 5355 5356 5342
f 5342 5356 5343
f 5356 5357 5343
f 5343 5357 5353
f 5357 5358 5353
f 5353 5358 5348
f 5358 5359 5348
f 5348 5359 5349
f 5360 4611 4613
f 5361 4887 4781
f 4611 5360 4609
f 5362 5363 5356
f 5363 5364 5365
f 5363 5365 5366
f 5364 5363 5367
f 5363 5362 5367
f 5367 5362 5368
f 4606 4609 5344
f 4609 5360 5344
f 5344 5360 5345
f 5360 5362 5345
f 5345 5362 5355
f 5362 5356 5355
f 4781 5350 5361
f 5350 5351 5361
f 5361 5351 5369
f 5369 5370 5371
f 4880 4887 5372
f 4887 5361 5372
f 5372 5361 5373
f 5361 5369 5373
f 5373 5369 5374
f 5369 5371 5374
f 5351 5352 5369
f 5352 5349 5369
f 5369 5349 5370
f 5349 5359 5370
f 5370 5359 5366
f 5359 5358 5366
f 5366 5358 5363
f 5358 5357 5363
f 5363 5357 5356
f 4613 5375 5360
f 5375 5376 5360
f 5360 5376 5362
f 5376 5377 5362
f 5362 5377 5368
f 5365 5378 5366
f 5378 5379 5366
f 5366 5379 5370
f 5379 5380 5370
f 5370 5380 5371
f 4873 4872 5381
f 4878 4880 5372
f 4625 4627 5382
f 4618 4639 5383
f 5015 5013 5384
f 5010 5007 5385
f 5005 5003 5386
f 4998 4996 5387
f 4992 4855 4865
f 5388 4990 4992
f 4994 5389 5388
f 5389 4988 5388
f 5388 4988 4990
f 5390 5001 4998
f 5010 5385 5012
f 5015 5384 5017
f 5391 5019 5017
f 5392 4444 5021
f 4648 5392 5391
f 5392 5021 5391
f 5391 5021 5019
f 4655 4654 5393
f 4654 4652 5393
f 5393 4652 5391
f 4652 4650 5391
f 5391 4650 4648
f 5394 4643 5393
f 4643 4641 5393
f 5393 4641 4655
f 5394 5395 5396
f 5396 4646 5394
f 4646 4645 5394
f 5394 4645 4643
f 4638 4636 5396
f 4636 4634 5396
f 5396 4634 4646
f 5397 4632 4631
f 4632 5397 4629
f 4623 4621 5398
f 4621 4620 5398
f 4992 4865 5388
f 4865 4867 5388
f 5388 4867 5399
f 4998 5387 5390
f 5387 5400 5390
f 5390 5400 5401
f 5003 5001 5386
f 5001 5390 5386
f 5386 5390 5402
f 5390 5401 5402
f 5402 5401 5403
f 5007 5005 5385
f 5005 5386 5385
f 5385 5386 5404
f 5386 5402 5404
f 5404 5402 5405
f 5402 5403 5405
f 5405 5403 5406
f 5407 5365 5408
f 5364 5367 5409
f 5367 5410 5409
f 5410 5411 5412
f 5411 5413 5412
f 5412 5413 5414
f 5413 5398 5414
f 5414 5398 5382
f 5398 4620 5382
f 5382 4620 4625
f 5415 5409 5416
f 5409 5410 5416
f 5416 5410 5417
f 5410 5412 5417
f 5417 5412 5418
f 5412 5414 5418
f 5418 5414 5419
f 5414 5382 5419
f 5419 5382 5397
f 5382 4627 5397
f 5397 4627 4629
f 5367 5368 5410
f 5368 5377 5410
f 5410 5377 5411
f 5377 5420 5411
f 5411 5420 5413
f 5420 5421 5413
f 5413 5421 5398
f 5421 4613 5398
f 5398 4613 4623
f 5422 5423 5424
f 5423 5425 5424
f 5017 5384 5391
f 5384 5426 5391
f 5391 5426 5393
f 5426 5424 5393
f 5393 5424 5394
f 5424 5425 5394
f 5394 5425 5395
f 5406 5422 5405
f 5422 5424 5405
f 5405 5424 5404
f 5424 5426 5404
f 5404 5426 5385
f 5426 5384 5385
f 5385 5384 5012
f 5384 5013 5012
f 4871 4870 5427
f 4870 4878 5427
f 4878 5372 5427
f 5372 5428 5427
f 5427 5428 5429
f 5407 5430 5379
f 5430 5431 5379
f 5379 5431 5380
f 5431 5432 5380
f 5380 5432 5371
f 5432 5429 5371
f 5371 5429 5374
f 5429 5428 5374
f 5407 5408 5430
f 5408 5433 5430
f 5430 5433 5431
f 5433 5434 5431
f 5431 5434 5432
f 5434 5435 5432
f 5432 5435 5429
f 5435 5436 5429
f 5429 5436 5427
f 5436 4875 5427
f 5427 4875 4871
f 4873 5381 4874
f 4631 4618 5397
f 4618 5383 5397
f 5397 5383 5419
f 5383 5437 5419
f 5419 5437 5418
f 5437 5438 5418
f 5418 5438 5417
f 5438 5439 5417
f 5417 5439 5416
f 5439 5440 5416
f 5416 5440 5415
f 5440 5441 5415
f 5415 5441 5442
f 5441 5443 5442
f 5442 5443 5444
f 5443 5445 5444
f 5444 5445 5446
f 5445 5447 5446
f 5446 5447 5381
f 5447 5399 5381
f 5381 5399 4874
f 5399 4867 4874
f 4872 4875 5381
f 4875 5436 5381
f 5381 5436 5446
f 5436 5435 5446
f 5446 5435 5444
f 5435 5434 5444
f 5444 5434 5442
f 5434 5433 5442
f 5442 5433 5415
f 5433 5408 5415
f 5415 5408 5409
f 5408 5365 5409
f 5409 5365 5364
f 4639 4638 5383
f 4638 5396 5383
f 5383 5396 5437
f 5396 5395 5437
f 5437 5395 5438
f 5395 5425 5438
f 5438 5425 5439
f 5425 5423 5439
f 5439 5423 5440
f 5423 5422 5440
f 5440 5422 5441
f 5422 5406 5441
f 5441 5406 5443
f 5406 5403 5443
f 5443 5403 5445
f 5403 5401 5445
f 5445 5401 5447
f 5401 5400 5447
f 5447 5400 5399
f 5400 5387 5399
f 5399 5387 5388
f 5387 4996 5388
f 5388 4996 4994
f 5448 5449 5450
f 5451 5452 5453
f 5454 5455 5456
f 5455 5457 5456
f 5456 5457 5458
f 5458 5457 5459
f 5457 5460 5459
f 5459 5460 5461
f 5460 5462 5461
f 5462 5463 5461
f 5461 5463 5464
f 5463 5465 5464
f 5466 5467 5468
f 5467 5469 5468
f 5468 5469 5470
f 5469 5471 5470
f 5470 5471 5472
f 5471 5473 5472
f 5472 5473 5474
f 5473 5475 5474
f 5474 5475 5476
f 5475 5477 5476
f 5476 5477 5478
f 5477 5479 5478
f 5478 5479 5480
f 5479 5481 5480
f 5480 5481 5482
f 5481 5483 5482
f 5482 5483 5484
f 5483 5485 5484
f 5484 5485 5486
f 5485 5487 5486
f 5486 5487 5465
f 5487 5488 5465
f 5465 5488 5464
f 5468 5489 5466
f 5489 5490 5466
f 5466 5490 5491
f 5490 5492 5491
f 5491 5492 5493
f 5492 5494 5493
f 5493 5494 5495
f 5494 5496 5495
f 5495 5496 5497
f 5496 5498 5497
f 5497 5498 5499
f 5498 5500 5499
f 5499 5500 5501
f 5500 5502 5501
f 5501 5502 5503
f 5502 5504 5503
f 5503 5504 5505
f 5504 5506 5505
f 5505 5506 5507
f 5506 5508 5507
f 5507 5508 5509
f 5508 5510 5509
f 5509 5510 5511
f 5510 5512 5511
f 5511 5512 5513
f 5512 5514 5513
f 5514 5515 5513
f 5513 5515 5516
f 5515 5517 5516
f 5516 5517 5518
f 5518 5517 5519
f 5517 5520 5519
f 5519 5520 5521
f 5520 5522 5521
f 5521 5522 5523
f 5522 5524 5523
f 5523 5524 5525
f 5524 5526 5525
f 5525 5526 5527
f 5526 5528 5527
f 5527 5528 5529
f 5528 5530 5529
f 5529 5530 5531
f 5530 5532 5531
f 5531 5532 5533
f 5532 5534 5533
f 5533 5534 5452
f 5534 5535 5452
f 5452 5535 5453
f 5451 5453 5536
f 5453 5537 5536
f 5536 5537 5538
f 5537 5539 5538
f 5538 5539 5540
f 5539 5541 5540
f 5541 5542 5540
f 5540 5542 5543
f 5542 5544 5543
f 5543 5544 5545
f 5545 5544 5546
f 5544 5547 5546
f 5546 5547 5548
f 5547 5549 5548
f 5548 5549 5550
f 5549 5551 5550
f 5550 5551 5552
f 5551 5553 5552
f 5552 5553 5449
f 5553 5554 5449
f 5449 5554 5450
f 5448 5450 5555
f 5450 5556 5555
f 5555 5556 5557
f 5556 5558 5557
f 5557 5558 5559
f 5558 5560 5559
f 5560 5561 5559
f 5559 5561 5562
f 5561 5563 5562
f 5562 5563 5564
f 5564 5563 5565
f 5563 5566 5565
f 5565 5566 5567
f 5566 5568 5567
f 5567 5568 5569
f 5568 5570 5569
f 5569 5570 5571
f 5570 5572 5571
f 5571 5572 5573
f 5572 5574 5573
f 5573 5574 5575
f 5574 5576 5575
f 5575 5576 5577
f 5576 5578 5577
f 5577 5578 5579
f 5578 5580 5579
f 5579 5580 5581
f 5580 5582 5581
f 5581 5582 5583
f 5582 5584 5583
f 5583 5584 5454
f 5584 5585 5454
f 5454 5585 5455
f 5586 5587 5588
f 5589 5590 5591
f 5590 5592 5591
f 5591 5592 5593
f 5593 5592 5594
f 5592 5595 5594
f 5594 5595 5596
f 5595 5597 5596
f 5597 5598 5596
f 5596 5598 5599
f 5598 5600 5599
f 5601 5602 5603
f 5602 5604 5603
f 5603 5604 5605
f 5604 5606 5605
f 5605 5606 5607
f 5606 5608 5607
f 5607 5608 5609
f 5608 5610 5609
f 5609 5610 5611
f 5610 5612 5611
f 5611 5612 5613
f 5612 5614 5613
f 5613 5614 5615
f 5614 5616 5615
f 5615 5616 5617
f 5616 5618 5617
f 5617 5618 5619
f 5618 5620 5619
f 5619 5620 5621
f 5620 5622 5621
f 5621 5622 5600
f 5622 5623 5600
f 5600 5623 5599
f 5603 5624 5601
f 5624 5625 5601
f 5601 5625 5626
f 5625 5627 5626
f 5626 5627 5628
f 5627 5629 5628
f 5628 5629 5630
f 5629 5631 5630
f 5630 5631 5632
f 5631 5633 5632
f 5632 5633 5634
f 5633 5635 5634
f 5634 5635 5636
f 5635 5637 5636
f 5636 5637 5638
f 5637 5639 5638
f 5638 5639 5640
f 5639 5641 5640
f 5641 5642 5640
f 5640 5642 5643
f 5642 5644 5643
f 5643 5644 5645
f 5645 5644 5646
f 5644 5647 5646
f 5646 5647 5648
f 5647 5649 5648
f 5649 5650 5648
f 5648 5650 5651
f 5650 5652 5651
f 5651 5652 5653
f 5653 5652 5654
f 5652 5655 5654
f 5654 5655 5656
f 5655 5657 5656
f 5656 5657 5658
f 5657 5659 5658
f 5658 5659 5660
f 5659 5661 5660
f 5660 5661 5662
f 5661 5663 5662
f 5662 5663 5664
f 5663 5665 5664
f 5664 5665 5666
f 5665 5667 5666
f 5666 5667 5668
f 5667 5669 5668
f 5668 5669 5587
f 5669 5670 5587
f 5587 5670 5588
f 5586 5588 5671
f 5588 5672 5671
f 5671 5672 5673
f 5672 5674 5673
f 5673 5674 5675
f 5674 5676 5675
f 5676 5677 5675
f 5675 5677 5678
f 5677 5679 5678
f 5678 5679 5680
f 5680 5679 5681
f 5679 5682 5681
f 5681 5682 5683
f 5682 5684 5683
f 5683 5684 5685
f 5684 5686 5685
f 5685 5686 5687
f 5686 5688 5687
f 5687 5688 5689
f 5688 5690 5689
f 5690 5691 5689
f 5689 5691 5692
f 5691 5693 5692
f 5692 5693 5694
f 5694 5693 5695
f 5693 5696 5695
f 5695 5696 5697
f 5696 5698 5697
f 5698 5699 5697
f 5697 5699 5700
f 5699 5701 5700
f 5700 5701 5702
f 5702 5701 5703
f 5701 5704 5703
f 5703 5704 5705
f 5704 5706 5705
f 5705 5706 5707
f 5706 5708 5707
f 5707 5708 5709
f 5708 5710 5709
f 5709 5710 5711
f 5710 5712 5711
f 5711 5712 5713
f 5712 5714 5713
f 5713 5714 5715
f 5714 5716 5715
f 5715 5716 5717
f 5716 5718 5717
f 5717 5718 5719
f 5718 5720 5719
f 5719 5720 5721
f 5720 5722 5721
f 5721 5722 5589
f 5722 5723 5589
f 5589 5723 5590
f 5724 5725 5726
f 5727 5728 5729
f 5729 5728 5730
f 5731 5732 5733
f 5732 5734 5733
f 5733 5734 5735
f 5735 5734 5736
f 5734 5737 5736
f 5736 5737 5738
f 5737 5739 5738
f 5739 5740 5738
f 5738 5740 5741
f 5740 5742 5741
f 5743 5744 5745
f 5744 5746 5745
f 5745 5746 5747
f 5746 5748 5747
f 5747 5748 5749
f 5748 5750 5749
f 5749 5750 5742
f 5750 5751 5742
f 5742 5751 5741
f 5745 5752 5743
f 5752 5753 5743
f 5743 5753 5754
f 5753 5755 5754
f 5755 5756 5754
f 5754 5756 5757
f 5756 5758 5757
f 5757 5758 5759
f 5759 5758 5760
f 5758 5761 5760
f 5760 5761 5762
f 5761 5763 5762
f 5762 5763 5764
f 5763 5765 5764
f 5764 5765 5766
f 5765 5767 5766
f 5766 5767 5768
f 5767 5769 5768
f 5768 5769 5770
f 5769 5771 5770
f 5770 5771 5772
f 5771 5773 5772
f 5772 5773 5774
f 5773 5775 5774
f 5774 5775 5776
f 5775 5777 5776
f 5777 5778 5776
f 5776 5778 5779
f 5778 5780 5779
f 5779 5780 5781
f 5781 5780 5782
f 5780 5783 5782
f 5782 5783 5784
f 5783 5785 5784
f 5785 5786 5784
f 5784 5786 5787
f 5786 5788 5787
f 5730 5728 5789
f 5728 5790 5789
f 5789 5790 5788
f 5790 5791 5788
f 5788 5791 5787
f 5727 5729 5792
f 5729 5793 5792
f 5792 5793 5794
f 5793 5795 5794
f 5794 5795 5796
f 5795 5797 5796
f 5796 5797 5798
f 5797 5799 5798
f 5798 5799 5800
f 5799 5801 5800
f 5800 5801 5802
f 5801 5803 5802
f 5802 5803 5804
f 5803 5805 5804
f 5804 5805 5806
f 5805 5807 5806
f 5806 5807 5808
f 5807 5809 5808
f 5808 5809 5810
f 5809 5811 5810
f 5810 5811 5812
f 5811 5813 5812
f 5812 5813 5814
f 5813 5815 5814
f 5814 5815 5816
f 5815 5817 5816
f 5816 5817 5818
f 5817 5819 5818
f 5819 5820 5818
f 5818 5820 5821
f 5820 5822 5821
f 5821 5822 5823
f 5823 5822 5824
f 5822 5825 5824
f 5824 5825 5725
f 5825 5826 5725
f 5725 5826 5726
f 5724 5726 5827
f 5726 5828 5827
f 5827 5828 5829
f 5828 5830 5829
f 5829 5830 5831
f 5830 5832 5831
f 5832 5833 5831
f 5831 5833 5834
f 5833 5835 5834
f 5834 5835 5836
f 5836 5835 5837
f 5835 5838 5837
f 5837 5838 5839
f 5838 5840 5839
f 5839 5840 5841
f 5840 5842 5841
f 5841 5842 5843
f 5842 5844 5843
f 5843 5844 5845
f 5844 5846 5845
f 5845 5846 5847
f 5846 5848 5847
f 5847 5848 5849
f 5848 5850 5849
f 5849 5850 5851
f 5850 5852 5851
f 5851 5852 5853
f 5852 5854 5853
f 5853 5854 5855
f 5854 5856 5855
f 5855 5856 5857
f 5856 5858 5857
f 5857 5858 5859
f 5858 5860 5859
f 5859 5860 5861
f 5860 5862 5861
f 5861 5862 5863
f 5862 5864 5863
f 5863 5864 5731
f 5864 5865 5731
f 5731 5865 5732
f 5866 5867 5868
f 5869 5870 5871
f 5872 5873 5874
f 5873 5875 5874
f 5874 5875 5876
f 5876 5875 5877
f 5875 5878 5877
f 5877 5878 5879
f 5878 5880 5879
f 5880 5881 5879
f 5879 5881 5882
f 5881 5883 5882
f 5884 5885 5886
f 5885 5887 5886
f 5886 5887 5888
f 5887 5889 5888
f 5888 5889 5890
f 5889 5891 5890
f 5890 5891 5892
f 5891 5893 5892
f 5892 5893 5894
f 5893 5895 5894
f 5894 5895 5896
f 5895 5897 5896
f 5896 5897 5898
f 5897 5899 5898
f 5898 5899 5900
f 5899 5901 5900
f 5900 5901 5902
f 5901 5903 5902
f 5902 5903 5904
f 5903 5905 5904
f 5904 5905 5883
f 5905 5906 5883
f 5883 5906 5882
f 5886 5907 5884
f 5907 5908 5884
f 5884 5908 5909
f 5908 5910 5909
f 5909 5910 5911
f 5910 5912 5911
f 5911 5912 5913
f 5912 5914 5913
f 5913 5914 5915
f 5914 5916 5915
f 5915 5916 5917
f 5916 5918 5917
f 5917 5918 5919
f 5918 5920 5919
f 5919 5920 5921
f 5920 5922 5921
f 5921 5922 5923
f 5922 5924 5923
f 5924 5925 5923
f 5923 5925 5926
f 5925 5927 5926
f 5926 5927 5928
f 5928 5927 5929
f 5927 5930 5929
f 5929 5930 5931
f 5930 5932 5931
f 5932 5933 5931
f 5931 5933 5934
f 5933 5935 5934
f 5934 5935 5936
f 5936 5935 5937
f 5935 5938 5937
f 5937 5938 5939
f 5938 5940 5939
f 5939 5940 5941
f 5940 5942 5941
f 5941 5942 5943
f 5942 5944 5943
f 5943 5944 5945
f 5944 5946 5945
f 5946 5947 5945
f 5945 5947 5948
f 5947 5949 5948
f 5948 5949 5950
f 5950 5949 5951
f 5949 5952 5951
f 5951 5952 5870
f 5952 5953 5870
f 5870 5953 5871
f 5869 5871 5954
f 5871 5955 5954
f 5954 5955 5956
f 5955 5957 5956
f 5956 5957 5958
f 5957 5959 5958
f 5959 5960 5958
f 5958 5960 5961
f 5961 5960 5962
f 5960 5963 5962
f 5962 5963 5964
f 5963 5965 5964
f 5964 5965 5966
f 5965 5967 5966
f 5966 5967 5968
f 5967 5969 5968
f 5968 5969 5970
f 5969 5971 5970
f 5970 5971 5867
f 5971 5972 5867
f 5867 5972 5868
f 5866 5868 5973
f 5868 5974 5973
f 5973 5974 5975
f 5974 5976 5975
f 5975 5976 5977
f 5976 5978 5977
f 5978 5979 5977
f 5977 5979 5980
f 5979 5981 5980
f 5980 5981 5982
f 5982 5981 5983
f 5981 5984 5983
f 5983 5984 5985
f 5984 5986 5985
f 5985 5986 5987
f 5986 5988 5987
f 5987 5988 5989
f 5988 5990 5989
f 5989 5990 5991
f 5990 5992 5991
f 5991 5992 5993
f 5992 5994 5993
f 5993 5994 5995
f 5994 5996 5995
f 5995 5996 5997
f 5996 5998 5997
f 5997 5998 5999
f 5998 6000 5999
f 5999 6000 6001
f 6000 6002 6001
f 6001 6002 5872
f 6002 6003 5872
f 5872 6003 5873
f 6004 6005 6006
f 6006 6007 6004
f 6007 6008 6004
f 6004 6008 6009
f 6009 6010 6004
f 6010 6011 6004
f 6004 6011 6012
f 6012 6013 6004
f 6013 6014 6004
f 6004 6014 6015
f 6015 6016 6004
f 6016 6017 6004
f 6004 6017 6018
f 6018 6019 6004
f 6019 6020 6004
f 6004 6020 6021
f 6021 6022 6004
f 6022 6023 6004
f 6004 6023 6024
f 6024 6025 6004
f 6025 6026 6004
f 6004 6026 6027
f 6027 6028 6004
f 6028 6029 6004
f 6004 6029 6030
f 6030 6031 6004
f 6031 6032 6004
f 6004 6032 6033
f 6033 6034 6004
f 6034 6035 6004
f 6004 6035 6036
f 6036 6037 6004
f 6037 6038 6004
f 6004 6038 6039
f 6040 6041 6004
f 6041 6042 6004
f 6042 6043 6004
f 6043 6044 6004
f 6004 6044 6045
f 6045 6046 6004
f 6046 6047 6004
f 6004 6047 6048
f 6048 6049 6004
f 6049 6050 6004
f 6004 6050 6051
f 6051 6052 6004
f 6052 6053 6004
f 6004 6053 6054
f 6054 6055 6004
f 6055 6056 6004
f 6004 6056 6005
f 6039 6057 6004
f 6057 6058 6004
f 6004 6058 6059
f 6059 6060 6004
f 6060 6061 6004
f 6004 6061 6062
f 6062 6063 6004
f 6063 6064 6004
f 6004 6064 6065
f 6065 6066 6004
f 6066 6067 6004
f 6004 6067 6068
f 6068 6069 6004
f 6069 6070 6004
f 6004 6070 6071
f 6071 6072 6004
f 6072 6073 6004
f 6004 6073 6040
f 6074 6075 6076
f 6075 6077 6076
f 6077 6078 6076
f 6078 6079 6076
f 6076 6079 6080
f 6080 6081 6076
f 6081 6082 6076
f 6076 6082 6083
f 6083 6084 6076
f 6084 6085 6076
f 6076 6085 6086
f 6086 6087 6076
f 6087 6088 6076
f 6076 6088 6089
f 6090 6091 6076
f 6089 6092 6076
f 6092 6093 6076
f 6076 6093 6094
f 6094 6095 6076
f 6095 6096 6076
f 6076 6096 6097
f 6097 6098 6076
f 6098 6099 6076
f 6076 6099 6100
f 6100 6101 6076
f 6101 6102 6076
f 6076 6102 6103
f 6103 6104 6076
f 6104 6105 6076
f 6076 6105 6090
f 6091 6106 6076
f 6106 6107 6076
f 6076 6107 6108
f 6109 6110 6076
f 6110 6111 6076
f 6111 6112 6076
f 6112 6113 6076
f 6076 6113 6114
f 6114 6115 6076
f 6115 6116 6076
f 6076 6116 6117
f 6117 6118 6076
f 6118 6119 6076
f 6076 6119 6120
f 6120 6121 6076
f 6121 6122 6076
f 6076 6122 6123
f 6123 6124 6076
f 6124 6125 6076
f 6076 6125 6074
f 6108 6126 6076
f 6126 6127 6076
f 6076 6127 6128
f 6128 6129 6076
f 6129 6130 6076
f 6076 6130 6131
f 6131 6132 6076
f 6132 6133 6076
f 6076 6133 6134
f 6134 6135 6076
f 6135 6136 6076
f 6076 6136 6137
f 6137 6138 6076
f 6138 6139 6076
f 6076 6139 6140
f 6140 6141 6076
f 6141 6142 6076
f 6076 6142 6143
f 6143 6144 6076
f 6144 6145 6076
f 6076 6145 6109
f 6146 6147 6148
f 6148 6149 6146
f 6149 6150 6146
f 6146 6150 6151
f 6151 6152 6146
f 6152 6153 6146
f 6146 6153 6154
f 6154 6155 6146
f 6155 6156 6146
f 6146 6156 6157
f 6157 6158 6146
f 6158 6159 6146
f 6146 6159 6160
f 6160 6161 6146
f 6161 6162 6146
f 6146 6162 6163
f 6164 6146 6165
f 6146 6166 6165
f 6164 6167 6146
f 6167 6168 6146
f 6146 6168 6169
f 6169 6170 6146
f 6170 6171 6146
f 6146 6171 6172
f 6172 6173 6146
f 6173 6174 6146
f 6146 6174 6175
f 6175 6176 6146
f 6176 6177 6146
f 6146 6177 6178
f 6178 6179 6146
f 6179 6180 6146
f 6146 6180 6147
f 6163 6181 6146
f 6181 6182 6146
f 6146 6182 6183
f 6183 6184 6146
f 6184 6185 6146
f 6146 6185 6186
f 6186 6187 6146
f 6187 6188 6146
f 6146 6188 6189
f 6189 6190 6146
f 6190 6191 6146
f 6146 6191 6192
f 6192 6193 6146
f 6193 6194 6146
f 6146 6194 6195
f 6195 6196 6146
f 6196 6197 6146
f 6146 6197 6198
f 6198 6199 6146
f 6199 6200 6146
f 6146 6200 6201
f 6201 6202 6146
f 6202 6203 6146
f 6146 6203 6204
f 6204 6205 6146
f 6205 6206 6146
f 6146 6206 6207
f 6207 6208 6146
f 6208 6209 6146
f 6146 6209 6210
f 6210 6211 6146
f 6211 6212 6146
f 6146 6212 6213
f 6213 6214 6146
f 6214 6215 6146
f 6146 6215 6166
f 6216 6217 6218
f 6218 6219 6216
f 6219 6220 6216
f 6216 6220 6221
f 6221 6222 6216
f 6222 6223 6216
f 6216 6223 6224
f 6224 6225 6216
f 6225 6226 6216
f 6216 6226 6227
f 6227 6228 6216
f 6228 6229 6216
f 6216 6229 6230
f 6230 6231 6216
f 6231 6232 6216
f 6216 6232 6233
f 6216 6234 6235
f 6235 6236 6216
f 6236 6237 6216
f 6216 6237 6238
f 6239 6240 6216
f 6238 6241 6216
f 6241 6242 6216
f 6216 6242 6243
f 6243 6244 6216
f 6244 6245 6216
f 6216 6245 6246
f 6246 6247 6216
f 6247 6248 6216
f 6216 6248 6239
f 6240 6249 6216
f 6249 6250 6216
f 6216 6250 6217
f 6233 6251 6216
f 6251 6252 6216
f 6216 6252 6253
f 6253 6254 6216
f 6254 6255 6216
f 6216 6255 6256
f 6256 6257 6216
f 6257 6258 6216
f 6216 6258 6259
f 6259 6260 6216
f 6260 6261 6216
f 6216 6261 6262
f 6262 6263 6216
f 6263 6264 6216
f 6216 6264 6265
f 6265 6266 6216
f 6266 6267 6216
f 6216 6267 6268
f 6268 6269 6216
f 6269 6270 6216
f 6216 6270 6271
f 6271 6272 6216
f 6272 6273 6216
f 6216 6273 6274
f 6274 6275 6216
f 6275 6276 6216
f 6216 6276 6277
f 6277 6278 6216
f 6278 6279 6216
f 6216 6279 6280
f 6280 6281 6216
f 6281 6282 6216
f 6216 6282 6283
f 6283 6284 6216
f 6284 6285 6216
f 6216 6285 6234

