# https://github.com/mikedh/trimesh
v -0.04996183 -0.01503746 0.06179054
v -0.05055180 -0.01540053 0.06187101
v -0.05000566 -0.01496922 0.06177949
v -0.05117465 -0.01445796 0.06176117
v -0.05056697 -0.01409538 0.06163788
v -0.04912345 -0.01634264 0.06200203
v -0.04911284 -0.01635857 0.06200366
v -0.04627945 -0.02186609 0.06262454
v -0.04540362 -0.02192609 0.06256922
v -0.04579837 -0.02259413 0.06270939
v -0.04534357 -0.02201120 0.06257118
v -0.04520871 -0.02220242 0.06257564
v -0.04334011 -0.02485173 0.06263722
v -0.04014123 -0.03060356 0.06288075
v -0.04127322 -0.02778220 0.06270535
v -0.03958427 -0.03017677 0.06276103
v -0.06194109 0.01162679 0.05441684
v -0.06119046 0.01176095 0.05426637
v -0.06191884 0.01153038 0.05444098
v -0.06111589 0.01144668 0.05435047
v -0.06175950 0.01094633 0.05461484
v -0.06092755 0.01068091 0.05456479
v -0.06158711 0.01031447 0.05480292
v -0.06088515 0.01050851 0.05461303
v -0.06008830 0.00482081 0.05643815
v -0.05943553 0.00556770 0.05616364
v -0.05927787 0.00503033 0.05633228
v -0.05977512 0.00367292 0.05677984
v -0.05848346 0.00025271 0.05784664
v -0.05817281 0.00126392 0.05751431
v -0.05779163 0.00030186 0.05781302
v -0.05770799 -0.00180066 0.05848710
v -0.05705240 -0.00156391 0.05839232
v -0.05670895 -0.00444602 0.05931220
v -0.05255574 -0.01076804 0.06092579
v -0.05473903 -0.00822851 0.06030573
v -0.05648371 -0.00299925 0.05883798
v -0.05602754 -0.00415059 0.05919544
v -0.05573851 -0.00648173 0.05989763
v -0.05549744 -0.00519882 0.05948243
v -0.05507028 -0.00764958 0.06017048
v -0.05411909 -0.00792444 0.06022867
v -0.05337012 -0.00940553 0.06063418
v -0.06182532 0.01488150 0.05354505
v -0.06239419 0.01381586 0.05392428
v -0.06249821 0.01452683 0.05380768
v -0.06195088 0.01577200 0.05339300
v -0.06272129 0.01605159 0.05355763
v -0.06199705 0.01609949 0.05333708
v -0.06214477 0.01808331 0.05309966
v -0.06276897 0.01757031 0.05343340
v -0.06213222 0.01856991 0.05306972
v -0.06282351 0.01930760 0.05329131
v -0.06211433 0.01926384 0.05302702
v -0.06208873 0.02025605 0.05296597
v -0.06265734 0.02063895 0.05326930
v -0.06190770 0.02166924 0.05293237
v -0.06241719 0.02256297 0.05323750
v -0.06180866 0.02244235 0.05291398
v -0.06168664 0.02308981 0.05290622
v -0.06230733 0.02309074 0.05323702
v -0.06160566 0.02347689 0.05290233
v -0.06218682 0.02361618 0.05323720
v -0.06155107 0.02372390 0.05289974
v -0.06160566 0.02347689 0.05290233
v -0.03295211 0.04794884 0.05293588
v -0.03326421 0.04823697 0.05323302
v -0.03276453 0.04798909 0.05293601
v -0.03246692 0.04841975 0.05323309
v -0.03257685 0.04802890 0.05293615
v -0.03238908 0.04806831 0.05293631
v -0.03313961 0.04790818 0.05293575
v -0.03318585 0.04789788 0.05293571
v -0.03378026 0.04811864 0.05323298
v -0.03388858 0.04774120 0.05293533
v -0.03901062 0.04633957 0.05293474
v -0.04046962 0.04608769 0.05323217
v -0.03833388 0.04657361 0.05293494
v -0.03721688 0.04707526 0.05323257
v -0.03538084 0.04738508 0.05293493
v -0.03534418 0.04739383 0.05293494
v -0.04038623 0.04586379 0.05293435
v -0.04039673 0.04586016 0.05293435
v -0.04178014 0.04568982 0.05323203
v -0.04216273 0.04524937 0.05293385
v -0.04215272 0.04551086 0.05323200
v -0.04558968 0.04369111 0.05292909
v -0.04567817 0.04381776 0.05323179
v -0.04560644 0.04368349 0.05292905
v -0.04585265 0.04357153 0.05292872
v -0.04682429 0.04326733 0.05323174
v -0.04628097 0.04334444 0.05292772
v -0.04670511 0.04308604 0.05292635
v -0.04762329 0.04288360 0.05323169
v -0.04933075 0.04148641 0.05291797
v -0.05034295 0.04090270 0.05323200
v -0.05181025 0.03954911 0.05290595
v -0.05283375 0.03908849 0.05323230
v -0.05102211 0.04018082 0.05290991
v -0.05109302 0.04035637 0.05323211
v -0.05025967 0.04079194 0.05291372
v -0.04982495 0.04114037 0.05291589
v -0.05252013 0.03898013 0.05290241
v -0.05300243 0.03853758 0.05289969
v -0.05446322 0.03731197 0.05323280
v -0.05431240 0.03716251 0.05289190
v -0.05487790 0.03685988 0.05323293
v -0.05535003 0.03607331 0.05288572
v -0.05546373 0.03593631 0.05288503
v -0.05579246 0.03554021 0.05288305
v -0.05705642 0.03448476 0.05323359
v -0.05633720 0.03478362 0.05288009
v -0.05785960 0.03315210 0.05323399
v -0.05762857 0.03299001 0.05287309
v -0.05806574 0.03281007 0.05323411
v -0.05775911 0.03280869 0.05287238
v -0.05808926 0.03227531 0.05287101
v -0.05813759 0.03219724 0.05287082
v -0.06016920 0.02931997 0.05323515
v -0.05969260 0.02924136 0.05286915
v -0.05996255 0.02862644 0.05287023
v -0.06042909 0.02858524 0.05323541
v -0.05998929 0.02856552 0.05287034
v -0.06004482 0.02841012 0.05287105
v -0.06053879 0.02827512 0.05323552
v -0.06110674 0.02543794 0.05288473
v -0.06121091 0.02505727 0.05288780
v -0.06137387 0.02446180 0.05289264
v -0.06143516 0.02421637 0.05289490
v -0.06149423 0.02397040 0.05289728
v -0.01561018 0.05046086 0.05478268
v -0.01552536 0.04984125 0.05458212
v -0.01671734 0.05039686 0.05452195
v -0.01739771 0.04975712 0.05417453
v -0.01907778 0.05021258 0.05417432
v -0.01898668 0.04968571 0.05382863
v -0.01932470 0.04967052 0.05375505
v -0.01976181 0.05015918 0.05407359
v -0.02140296 0.04953445 0.05347573
v -0.02402936 0.04982600 0.05344510
v -0.02314701 0.04942027 0.05324133
v -0.02403120 0.04982570 0.05344506
v -0.02539546 0.04959832 0.05341077
v -0.02716114 0.04897887 0.05299665
v -0.02829977 0.04911427 0.05333780
v -0.02574195 0.04913492 0.05308316
v -0.02533044 0.04918017 0.05310824
v -0.02801041 0.04883096 0.05298685
v -0.03045934 0.04840442 0.05295858
v -0.00320896 0.05035258 0.05861814
v -0.00611522 0.05028548 0.05759449
v -0.00325442 0.05105762 0.05873067
v -0.00628429 0.05094370 0.05768823
v -0.00621376 0.05028320 0.05755978
v -0.00640861 0.05027870 0.05749114
v -0.00935401 0.05082830 0.05663208
v -0.00929293 0.05014030 0.05657080
v -0.00939163 0.05082689 0.05661914
v -0.00942633 0.05082484 0.05660889
v -0.00980778 0.05011560 0.05640652
v -0.01304451 0.04996030 0.05537372
v -0.01356859 0.04993515 0.05520650
v 0.02652675 0.04294176 0.06289447
v 0.02615731 0.04234362 0.06277473
v 0.02652493 0.04294272 0.06289447
v 0.02355987 0.04384476 0.06276837
v 0.02111808 0.04584683 0.06288023
v 0.02299404 0.04412707 0.06276674
v 0.02082453 0.04520953 0.06276053
v 0.03110234 0.03885581 0.06278615
v 0.02951489 0.04007564 0.06278283
v 0.03154083 0.03940362 0.06290591
v 0.02849889 0.04076311 0.06278038
v 0.02619666 0.04232087 0.06277482
v 0.04876450 -0.00995755 0.06278612
v 0.04890883 -0.00906983 0.06278612
v 0.04962668 -0.00920229 0.06290591
v 0.04940804 0.00599805 0.06278612
v 0.04937480 0.00620257 0.06278612
v 0.05007898 0.00629133 0.06290591
v 0.03289678 0.03827886 0.06290591
v 0.03721726 0.03409321 0.06290591
v 0.03589649 0.03447565 0.06278615
v 0.03355556 0.03675686 0.06278616
v 0.03357604 0.03673933 0.06278616
v 0.03978959 0.02989845 0.06278615
v 0.03959635 0.03129861 0.06290591
v 0.04139934 0.02756620 0.06278614
v 0.04201098 0.02797416 0.06290591
v 0.04185407 0.02690739 0.06278614
v 0.03855440 0.03147521 0.06278615
v 0.03801080 0.03208885 0.06278615
v 0.03667481 0.03359704 0.06278615
v 0.04580826 0.02119159 0.06290591
v 0.04513696 0.02088063 0.06278614
v 0.04495975 0.02125414 0.06278614
v 0.04484094 0.02316825 0.06290591
v 0.04407060 0.02312814 0.06278614
v 0.04206653 0.02659956 0.06278614
v 0.04843784 0.01418656 0.06290591
v 0.04851901 0.01390639 0.06290591
v 0.04780577 0.01370184 0.06278614
v 0.04735307 0.01526501 0.06278614
v 0.04721008 0.01575874 0.06278614
v 0.04578885 0.01950670 0.06278614
v 0.04891908 0.00900713 0.06278614
v 0.04876512 0.00995453 0.06278614
v 0.04832509 0.01190857 0.06278614
v 0.04968221 0.00260048 0.06278613
v 0.05025485 0.00468358 0.06290591
v 0.04973047 0.00200264 0.06278614
v 0.05045113 -0.00147295 0.06290591
v 0.04973037 -0.00145247 0.06278612
v 0.05022521 -0.00499153 0.06290591
v 0.04940764 -0.00600109 0.06278613
v 0.04958156 -0.00384810 0.06278612
v 0.04973034 -0.00200572 0.06278612
v 0.04693964 -0.01647215 0.06278611
v 0.04694881 -0.01644798 0.06278611
v 0.04762515 -0.01671338 0.06290591
v 0.04720910 -0.01576166 0.06278611
v 0.04835006 -0.01448320 0.06290591
v 0.04832436 -0.01191156 0.06278613
v 0.04870112 -0.01023895 0.06278612
v 0.04578763 -0.01950954 0.06278612
v 0.04469823 -0.02344270 0.06290591
v 0.04442310 -0.02238503 0.06278611
v 0.04030753 -0.03037755 0.06290591
v 0.03974594 -0.02995427 0.06278611
v 0.03978777 -0.02990091 0.06278611
v 0.04114314 -0.02793744 0.06278612
v 0.04206490 -0.02660216 0.06278612
v 0.04449400 -0.02382803 0.06290591
v 0.04386229 -0.02348920 0.06278611
v 0.04406919 -0.02313086 0.06278611
v 0.03855245 -0.03147759 0.06278612
v 0.03940394 -0.03154079 0.06290591
v 0.03718079 -0.03302583 0.06278612
v 0.03516502 -0.03620653 0.06290591
v 0.03589437 -0.03447787 0.06278612
v 0.02918845 -0.04117676 0.06290591
v 0.02876183 -0.04057411 0.06278612
v 0.02989852 -0.03978955 0.06278611
v 0.03266175 -0.03847989 0.06290591
v 0.03260976 -0.03757597 0.06278612
v 0.03300348 -0.03725454 0.06278612
v 0.03464856 -0.03567445 0.06278612
v 0.02187827 -0.04469481 0.06278612
v 0.02220192 -0.04453317 0.06278612
v 0.02251959 -0.04517033 0.06290591
v 0.02312821 -0.04407058 0.06278612
v 0.02471939 -0.04400502 0.06290591
v 0.02659963 -0.04206650 0.06278612
v 0.02746488 -0.04146928 0.06278612
v 0.01384653 -0.04780589 0.06278612
v 0.01509232 -0.04739000 0.06278612
v 0.01531658 -0.04809251 0.06290591
v 0.01590084 -0.04712009 0.06278613
v 0.01586870 -0.04791318 0.06290591
v 0.01764864 -0.04653660 0.06278613
v 0.02133627 -0.04496547 0.06278612
v 0.00995461 -0.04876511 0.06278613
v 0.00775029 -0.04987404 0.06290591
v 0.00967573 -0.04881042 0.06278613
v 0.00000018 -0.04977078 0.06278613
v 0.00200274 -0.04973047 0.06278613
v 0.00000018 -0.05047261 0.06290591
v 0.00327576 -0.04962773 0.06278613
v 0.00643491 -0.05006074 0.06290591
v 0.00599813 -0.04940802 0.06278613
v 0.00763623 -0.04914184 0.06278613
v 0.00967573 -0.04881042 0.06278613
v -0.00322456 -0.05022725 0.06290591
v -0.00763605 -0.04989160 0.06290591
v -0.00752987 -0.04919789 0.06278613
v -0.00317464 -0.04964973 0.06278613
v -0.00378987 -0.04962628 0.06278613
v -0.01671305 -0.04762512 0.06290591
v -0.01648068 -0.04696294 0.06278614
v -0.01580756 -0.04716450 0.06278614
v -0.01273484 -0.04861845 0.06290591
v -0.01204255 -0.04829190 0.06278614
v -0.00956560 -0.04878918 0.06278614
v -0.02077886 -0.04522575 0.06278614
v -0.02178087 -0.04529893 0.06290591
v -0.02177120 -0.04471304 0.06278614
v -0.02521580 -0.04372226 0.06290591
v -0.02486522 -0.04311439 0.06278614
v -0.03154046 -0.03940391 0.06290591
v -0.03110197 -0.03885612 0.06278616
v -0.03008801 -0.04039563 0.06290591
v -0.02805483 -0.04111030 0.06278616
v -0.02738376 -0.04153195 0.06278616
v -0.03554437 -0.03466844 0.06277430
v -0.03420713 -0.03615423 0.06277869
v -0.03368144 -0.03759238 0.06290139
v -0.03607712 -0.03523059 0.06289504
v -0.03610299 -0.03520511 0.06289496
v -0.03702450 -0.03302385 0.06276946
v -0.03712049 -0.03420199 0.06289227
v -0.03956961 -0.03019600 0.06276109
v -0.03254099 -0.03765523 0.06278320
v -0.03268377 -0.03753607 0.06278291
v 0.00000018 0.05098625 0.05981669
v 0.00000018 0.05028140 0.05970245
v -0.00162901 0.05104666 0.05928114
v -0.00191497 0.05034752 0.05906311
v -0.00163965 0.05104673 0.05927754
v -0.00194902 0.05034769 0.05905141
v -0.00305927 0.05035354 0.05867010
v 0.00672972 0.05023504 0.06165169
v 0.00663640 0.04953873 0.06153440
v 0.00397297 0.05063833 0.06099011
v 0.00454848 0.04982404 0.06100585
v 0.00335488 0.05069246 0.06080754
v 0.00279132 0.05006415 0.06056104
v 0.00330733 0.04999364 0.06069166
v 0.00454848 0.04982404 0.06100585
v 0.01523752 0.04740349 0.06265932
v 0.01382515 0.04781701 0.06254083
v 0.01402008 0.04849869 0.06266962
v 0.01375394 0.04858513 0.06265483
v 0.01319960 0.04876517 0.06262402
v 0.01143257 0.04851750 0.06234011
v 0.00992692 0.04957480 0.06220649
v 0.01098048 0.04863147 0.06228428
v 0.01092067 0.04864426 0.06227432
v 0.00899628 0.04980504 0.06208776
v 0.00721790 0.04943662 0.06165751
v 0.01752431 0.04732521 0.06284561
v 0.01899102 0.04601093 0.06275449
v 0.01708519 0.04671800 0.06270617
v 0.01711615 0.04749312 0.06284168
v 0.02064893 -0.04833075 0.06433394
v 0.02080756 -0.04827255 0.06433394
v 0.02093691 -0.04856869 0.06452678
v 0.04741765 0.02353066 0.06447588
v 0.04745403 0.02354265 0.06453598
v 0.04892711 0.02028152 0.06453625
v 0.03633061 0.03857823 0.06479228
v 0.03716091 0.03781834 0.06479254
v 0.03716562 0.03783751 0.06466327
v 0.03410024 0.04061947 0.06479160
v 0.03465659 0.04011030 0.06479177
v 0.03467448 0.04013438 0.06466284
v -0.02086094 -0.04865446 0.06447374
v -0.02084946 -0.04860458 0.06442299
v -0.01411943 -0.05094054 0.06442308
v -0.00975202 -0.05175131 0.06433419
v -0.00708987 -0.05208487 0.06433419
v -0.00712042 -0.05235350 0.06442276
v -0.01752984 -0.05002081 0.06459604
v -0.01411781 -0.05108192 0.06459610
v -0.01410635 -0.05111243 0.06466117
v -0.01752025 -0.05004915 0.06466121
v -0.02085405 -0.04875821 0.06466117
v -0.02086182 -0.04873224 0.06459595
v -0.01410635 -0.05111243 0.06466117
v -0.01062113 -0.05194462 0.06466095
v 0.03465309 0.04010519 0.06453923
v 0.03313162 0.04138125 0.06453763
v 0.03466839 0.04012726 0.06459857
v 0.03313957 0.04139573 0.06458421
v 0.03314012 0.04139680 0.06459366
v 0.03314388 0.04140415 0.06465856
v 0.03743820 0.03756457 0.06479262
v 0.03950199 0.03535964 0.06465557
v 0.03715643 0.03783207 0.06459841
v 0.03949285 0.03538187 0.06459850
v 0.03714280 0.03781933 0.06453505
v 0.03947574 0.03537054 0.06453472
v 0.03951599 0.03533653 0.06472022
v 0.04390019 0.02972257 0.06472705
v 0.04180087 0.03263826 0.06466408
v 0.04390582 0.02974133 0.06466435
v 0.04178525 0.03263598 0.06459872
v 0.04176444 0.03262617 0.06453479
v 0.04749785 0.02352145 0.06472259
v 0.04751053 0.02354517 0.06466437
v 0.04581299 0.02670454 0.06466445
v 0.04579103 0.02670535 0.06459920
v 0.04388696 0.02974059 0.06459898
v 0.04386247 0.02973232 0.06453511
v 0.04900786 0.02026921 0.06472982
v 0.04896684 0.02023121 0.06479561
v 0.05005403 0.01752247 0.06479586
v 0.04898966 0.02028050 0.06466407
v 0.05021520 0.01692885 0.06459879
v 0.04748560 0.02354755 0.06459929
v 0.05129157 0.01347514 0.06472893
v 0.05025398 0.01689545 0.06472263
v 0.05026169 0.01687919 0.06475849
v 0.05202814 0.01000353 0.06459718
v 0.05127094 0.01348944 0.06466275
v 0.05024537 0.01692305 0.06466352
v 0.05206246 0.00999393 0.06466175
v 0.05261635 0.00645306 0.06466056
v 0.05289223 0.00289601 0.06459465
v 0.05295212 0.00286419 0.06472656
v 0.05283254 -0.00430835 0.06475109
v 0.05285352 -0.00430185 0.06472451
v 0.05177540 -0.01139177 0.06475507
v 0.05179006 -0.01138689 0.06472233
v 0.05262940 0.00644525 0.06469374
v 0.05294306 0.00287385 0.06469255
v 0.05284458 -0.00429163 0.06468987
v 0.05178124 -0.01137656 0.06468704
v 0.03326874 -0.04129034 0.06471869
v 0.03852492 -0.03641621 0.06468132
v 0.03853524 -0.03642397 0.06471794
v 0.04308248 -0.03089085 0.06468130
v 0.04309199 -0.03089937 0.06471792
v 0.04685492 -0.02480025 0.06468237
v 0.04686387 -0.02480957 0.06471873
v 0.02739796 -0.04538400 0.06475338
v 0.03325892 -0.04127249 0.06474781
v 0.03852602 -0.03641240 0.06475144
v 0.04307585 -0.03088939 0.06474835
v 0.04685069 -0.02480669 0.06475305
v 0.02739855 -0.04539889 0.06472000
v 0.02738655 -0.04539169 0.06468409
v 0.03325751 -0.04128305 0.06468235
v 0.02102614 -0.04867958 0.06472159
v 0.02101368 -0.04867215 0.06468628
v 0.01424999 -0.05106569 0.06468856
v 0.01426249 -0.05107352 0.06472326
v 0.01426951 -0.05105981 0.06475593
v 0.00724369 -0.05253194 0.06472478
v 0.00009256 -0.05303070 0.06472605
v 0.00723162 -0.05252377 0.06469065
v 0.00008135 -0.05302241 0.06469239
v 0.00010313 -0.05301604 0.06475540
v -0.00705785 -0.05254089 0.06475082
v -0.00349598 -0.05291676 0.06472654
v -0.00350664 -0.05290855 0.06469308
v 0.00724998 -0.05251210 0.06475193
v 0.05292967 0.00288236 0.06465921
v 0.05283074 -0.00428189 0.06465615
v 0.05279117 -0.00426411 0.06459151
v 0.05176721 -0.01136584 0.06465293
v 0.05172646 -0.01134405 0.06458811
v 0.04975901 -0.01824187 0.06464992
v 0.04971784 -0.01821628 0.06458491
v 0.04684074 -0.02478850 0.06464759
v 0.04679987 -0.02475946 0.06458242
v 0.04306820 -0.03087892 0.06464636
v 0.04302826 -0.03084688 0.06458110
v 0.03851053 -0.03640413 0.06464639
v 0.03847209 -0.03636958 0.06458113
v 0.03324308 -0.04127077 0.06464756
v 0.03320673 -0.04123418 0.06458238
v 0.02737227 -0.04537912 0.06464960
v 0.02733856 -0.04534102 0.06458455
v 0.02099984 -0.04865930 0.06465213
v 0.02096925 -0.04862031 0.06458722
v 0.01423690 -0.05105263 0.06465476
v 0.01420983 -0.05101350 0.06458998
v 0.00721961 -0.05251065 0.06465718
v 0.00719637 -0.05247226 0.06459249
v 0.00007071 -0.05300961 0.06465918
v 0.00005142 -0.05297284 0.06459446
v -0.00351649 -0.05289607 0.06465995
v -0.00710264 -0.05250593 0.06459571
v -0.01059323 -0.05196704 0.06476036
v -0.01060365 -0.05196374 0.06472718
v -0.00706828 -0.05256013 0.06472692
v -0.01409049 -0.05113035 0.06472728
v -0.00708733 -0.05254008 0.06466056
v -0.01063450 -0.05191215 0.06459601
v -0.01412431 -0.05104150 0.06453339
v -0.02086430 -0.04869694 0.06453296
v -0.02084167 -0.04877293 0.06472716
v -0.01751379 -0.05005911 0.06469423
v -0.01750605 -0.05006557 0.06472725
v -0.01409903 -0.05112323 0.06469419
v -0.01061295 -0.05195611 0.06469398
v -0.00707829 -0.05255215 0.06469361
v -0.03025970 -0.04346962 0.06447681
v -0.02724365 -0.04543436 0.06453695
v -0.02724335 -0.04545938 0.06459826
v -0.03314713 -0.04136140 0.06453409
v -0.03314977 -0.04137070 0.06455358
v -0.03315000 -0.04138086 0.06459172
v -0.03315002 -0.04138206 0.06459626
v -0.02722767 -0.04548108 0.06471828
v -0.03314680 -0.04140321 0.06472549
v -0.03314696 -0.04140315 0.06472317
v -0.02409744 -0.04725029 0.06472712
v -0.02410777 -0.04723732 0.06466114
v -0.02723863 -0.04547688 0.06465948
v -0.03315047 -0.04140179 0.06467023
v 0.03308312 0.04129114 0.06437717
v 0.03460216 0.04002350 0.06437331
v 0.03308259 0.04129015 0.06437613
v 0.03450096 0.03989927 0.06433264
v 0.03306101 0.04124926 0.06433359
v 0.03462417 0.04006033 0.06442173
v 0.03309749 0.04131836 0.06440549
v 0.03311868 0.04135757 0.06447474
v 0.04032014 0.03394552 0.06432987
v 0.03932607 0.03521732 0.06432979
v 0.03939697 0.03528705 0.06437090
v 0.03886305 0.03580971 0.06432975
v 0.03682583 0.03771963 0.06433110
v 0.04350091 0.02987605 0.06433012
v 0.04379753 0.02968939 0.06441971
v 0.03942552 0.03532075 0.06441932
v 0.04609889 0.02542246 0.06433145
v 0.04393374 0.02932227 0.06433015
v 0.04370743 0.02961183 0.06433013
v 0.04884363 0.02025398 0.06442237
v 0.04793247 0.02211984 0.06433254
v 0.04737633 0.02350949 0.06442147
v 0.04721425 0.02341352 0.06433212
v 0.05008829 0.01690633 0.06442302
v 0.05188585 0.00999845 0.06442347
v 0.05076294 0.01437527 0.06433459
v 0.05143379 0.01096339 0.06433497
v 0.05018316 0.01596158 0.06433417
v 0.04986920 0.01682067 0.06433394
v 0.04840838 0.02081773 0.06433288
v 0.05241248 0.00574666 0.06433551
v 0.05239710 0.00588465 0.06433550
v 0.05273744 0.00291012 0.06442300
v 0.05235103 0.00629858 0.06433548
v 0.05163437 0.00994336 0.06433508
v 0.00570775 -0.05236987 0.06433414
v 0.00714264 -0.05230516 0.06442137
v 0.00560514 -0.05238158 0.06433414
v 0.00001617 -0.05281167 0.06442216
v 0.00053620 -0.05254187 0.06433419
v -0.00461716 -0.05239470 0.06433420
v -0.00264068 -0.05264233 0.06433420
v 0.00000961 -0.05255853 0.06433419
v -0.01082836 -0.05161645 0.06433419
v -0.01064401 -0.05176497 0.06442295
v -0.01405373 -0.05068587 0.06433410
v -0.01475307 -0.05048410 0.06433409
v -0.01875093 -0.04933064 0.06433398
v -0.01966376 -0.04890390 0.06433397
v -0.02623197 -0.04583330 0.06433385
v -0.02434874 -0.04671370 0.06433388
v -0.02076217 -0.04839041 0.06433394
v -0.02721235 -0.04532362 0.06437565
v -0.03309963 -0.04125790 0.06437478
v -0.02878972 -0.04410661 0.06433322
v -0.03309896 -0.04125688 0.06437375
v -0.03307227 -0.04121554 0.06433214
v -0.02724640 -0.04541229 0.06447416
v -0.03026194 -0.04347206 0.06447467
v -0.03024657 -0.04343248 0.06442242
v -0.03313922 -0.04133346 0.06447551
v -0.03313793 -0.04133081 0.06447162
v -0.03312174 -0.04129698 0.06442245
v -0.03311281 -0.04127832 0.06439534
v 0.03314414 0.04140465 0.06466293
v 0.03314610 0.04140849 0.06469682
v 0.03314245 0.04140486 0.06479129
v 0.03947775 0.03533938 0.06479321
v 0.03998311 0.03478801 0.06479335
v 0.04066571 0.03404330 0.06479354
v 0.04324843 0.03065880 0.06479423
v 0.03951599 0.03533653 0.06472022
v 0.04356233 0.03024746 0.06479431
v 0.04390206 0.02970779 0.06479440
v 0.04609281 0.02622760 0.06479495
v 0.04610570 0.02620714 0.06479495
v 0.04748886 0.02349535 0.06479528
v 0.04827654 0.02195107 0.06479546
v 0.04844992 0.02151911 0.06479550
v 0.05024611 0.01688242 0.06479589
v 0.05033024 0.01660210 0.06479592
v 0.05171779 0.01152502 0.06479622
v 0.05204033 0.00994612 0.06479629
v 0.05206523 0.00996604 0.06475290
v 0.05238268 0.00827032 0.06479637
v 0.05259905 0.00633674 0.06479643
v 0.05291406 0.00352186 0.06479652
v 0.05293905 0.00285379 0.06475733
v 0.05208391 0.00997822 0.06472826
v 0.05263843 0.00643606 0.06472747
v 0.05292862 0.00284089 0.06479653
v 0.05296610 0.00108731 0.06479656
v 0.05301603 -0.00124918 0.06479661
v 0.05281495 -0.00417273 0.06479664
v 0.05193318 -0.01072981 0.06479668
v 0.05176309 -0.01139932 0.06479668
v 0.05280483 -0.00432015 0.06479664
v 0.05268821 -0.00601547 0.06479666
v 0.05214731 -0.00939270 0.06479667
v 0.04973369 -0.01826172 0.06479667
v 0.04976096 -0.01826160 0.06474878
v 0.05075753 -0.01535753 0.06479668
v 0.05096967 -0.01452246 0.06479668
v 0.04977313 -0.01825324 0.06468441
v 0.04978188 -0.01826323 0.06472031
v 0.04929279 -0.01951239 0.06479667
v 0.04916940 -0.01986238 0.06479667
v 0.04718342 -0.02420448 0.06479666
v 0.04712336 -0.02430959 0.06479666
v 0.04683974 -0.02480608 0.06479666
v 0.04481501 -0.02835039 0.06479664
v 0.04446478 -0.02885390 0.06479664
v 0.04307585 -0.03088939 0.06474835
v 0.04305676 -0.03087819 0.06479664
v 0.04217155 -0.03215083 0.06479663
v 0.04136914 -0.03311075 0.06479663
v 0.03911754 -0.03580420 0.06479662
v 0.03851865 -0.03640155 0.06479661
v 0.03787383 -0.03704469 0.06479660
v 0.03570112 -0.03921175 0.06479654
v 0.03400976 -0.04061638 0.06479647
v 0.03324779 -0.04124919 0.06479644
v 0.03198750 -0.04229584 0.06479640
v 0.02532353 -0.04653505 0.06479605
v 0.02102438 -0.04865794 0.06474888
v 0.02981289 -0.04379018 0.06479629
v 0.02801138 -0.04502814 0.06479621
v 0.02740060 -0.04537056 0.06479618
v 0.02379699 -0.04739090 0.06479598
v 0.02102474 -0.04862852 0.06479581
v 0.02058530 -0.04882471 0.06479578
v 0.01938950 -0.04935855 0.06479570
v 0.01564387 -0.05063667 0.06479547
v 0.01481594 -0.05091917 0.06479541
v 0.01427963 -0.05104915 0.06479537
v 0.01424999 -0.05106569 0.06468856
v 0.01054710 -0.05195370 0.06479512
v 0.01013410 -0.05205380 0.06479509
v 0.00726097 -0.05248819 0.06479489
v 0.00569405 -0.05272510 0.06479478
v 0.00534303 -0.05274690 0.06479475
v 0.00086789 -0.05302482 0.06479442
v 0.00011715 -0.05300297 0.06479438
v 0.00008466 -0.05300203 0.06479438
v -0.00396461 -0.05288420 0.06479406
v -0.00517227 -0.05273805 0.06479396
v -0.00703979 -0.05251205 0.06479380
v -0.00876977 -0.05230269 0.06479367
v -0.01037716 -0.05195820 0.06479354
v -0.01057168 -0.05191652 0.06479351
v -0.01344817 -0.05130002 0.06479327
v -0.02043744 -0.04890124 0.06479245
v -0.01791175 -0.04991757 0.06479280
v -0.01548003 -0.05067071 0.06479306
v -0.01406327 -0.05110951 0.06479322
v -0.02081501 -0.04874930 0.06479239
v -0.02166363 -0.04840782 0.06479227
v -0.02519970 -0.04665579 0.06479262
v -0.02540034 -0.04655640 0.06479264
v -0.02720317 -0.04546489 0.06479280
v -0.02948693 -0.04408224 0.06479297
v -0.03314680 -0.04140321 0.06472549
v -0.02970182 -0.04392486 0.06479287
v -0.03314243 -0.04140489 0.06479129
v 0.04576294 0.02669870 0.06453556
v 0.04383328 0.02971640 0.06447437
v 0.04173898 0.03260853 0.06447396
v 0.03945408 0.03535135 0.06447404
v 0.03463957 0.04008499 0.06447921
v 0.03312367 0.04136679 0.06449103
v 0.05017724 0.01692790 0.06453623
v 0.05198477 0.01000730 0.06453528
v 0.05284456 0.00290514 0.06453334
v 0.05238765 -0.00443605 0.06433535
v 0.05241692 -0.00421002 0.06433535
v 0.05274040 -0.00424910 0.06453070
v 0.05263893 -0.00249586 0.06433547
v 0.05255071 0.00071573 0.06433548
v 0.05249077 0.00289621 0.06433549
v 0.05172289 -0.00956885 0.06433500
v 0.05167383 -0.01132285 0.06452773
v 0.05157942 -0.01067662 0.06433493
v 0.04926021 -0.01859227 0.06433419
v 0.04940777 -0.01808868 0.06433423
v 0.04966469 -0.01818880 0.06452487
v 0.05043929 -0.01456804 0.06433456
v 0.05141039 -0.01125356 0.06433486
v 0.04884187 -0.01947810 0.06433412
v 0.04674757 -0.02472588 0.06452263
v 0.04663068 -0.02416019 0.06433376
v 0.04266003 -0.03057559 0.06433352
v 0.04400456 -0.02859950 0.06433357
v 0.04297808 -0.03080769 0.06452146
v 0.04573575 -0.02605515 0.06433362
v 0.04644157 -0.02456061 0.06433374
v 0.04109224 -0.03287983 0.06433347
v 0.03842521 -0.03632558 0.06452148
v 0.03813277 -0.03604286 0.06433353
v 0.03291125 -0.04086449 0.06433365
v 0.03378410 -0.04018150 0.06433364
v 0.03316411 -0.04118644 0.06452259
v 0.03556248 -0.03878995 0.06433358
v 0.03755476 -0.03666061 0.06433354
v 0.02730086 -0.04529071 0.06452448
v 0.02906129 -0.04387704 0.06433376
v 0.02970519 -0.04337318 0.06433374
v 0.02184950 -0.04789030 0.06433393
v 0.02525342 -0.04599608 0.06433384
v 0.02710796 -0.04496403 0.06433380
v 0.01578700 -0.05011438 0.06433403
v 0.01418302 -0.05096185 0.06452913
v 0.01410722 -0.05073062 0.06433406
v 0.00601558 -0.05233475 0.06433414
v 0.00711243 -0.05211752 0.06433412
v 0.01078860 -0.05138949 0.06433409
v -0.00711367 -0.05246118 0.06453347
v 0.00003541 -0.05292471 0.06453270
v 0.00717505 -0.05242180 0.06453118
v 0.01409737 -0.05073422 0.06433406
v -0.01412543 -0.05099403 0.06447441
v -0.01064321 -0.05186946 0.06453351
v 0.00719637 -0.05247226 0.06459249
v -0.02714702 -0.04521554 0.06433362
v -0.02723165 -0.04536856 0.06442289
v -0.02410929 -0.04714198 0.06447374
v -0.02411446 -0.04718152 0.06453296
v -0.03311281 -0.04127832 0.06439534
v -0.03309963 -0.04125790 0.06437478
v -0.02084167 -0.04877293 0.06472716
v -0.01751379 -0.05005911 0.06469423
v 0.01423690 -0.05105263 0.06465476
v 0.04306820 -0.03087892 0.06464636
v 0.05142748 0.01294603 0.06479615
v 0.05113951 0.00476955 0.06347298
v 0.05110859 0.00566466 0.06347298
v 0.05239710 0.00588465 0.06433550
v 0.05137755 -0.00212322 0.06347293
v 0.05241692 -0.00421002 0.06433535
v 0.05110188 -0.00439923 0.06347291
v 0.05238765 -0.00443605 0.06433535
v 0.05102097 -0.00506737 0.06347291
v 0.05172289 -0.00956885 0.06433500
v 0.05049518 -0.00940834 0.06347289
v 0.05039903 -0.01020213 0.06347288
v 0.05157942 -0.01067662 0.06433493
v 0.05141039 -0.01125356 0.06433486
v 0.04923100 -0.01428055 0.06347287
v 0.05043929 -0.01456804 0.06433456
v 0.04910741 -0.01471207 0.06347287
v 0.04940777 -0.01808868 0.06433423
v 0.04815897 -0.01802373 0.06347285
v 0.04926021 -0.01859227 0.06433419
v 0.04767292 -0.01906337 0.06347285
v 0.04884187 -0.01947810 0.06433412
v 0.04553576 -0.02363454 0.06347284
v 0.04663068 -0.02416019 0.06433376
v 0.04544078 -0.02383771 0.06347284
v 0.04471175 -0.02539700 0.06347283
v 0.04573575 -0.02605515 0.06433362
v 0.04297507 -0.02795865 0.06347283
v 0.05076294 0.01437527 0.06433459
v 0.05143379 0.01096339 0.06433497
v 0.05015796 0.01061823 0.06347301
v 0.05163437 0.00994336 0.06433508
v 0.05235103 0.00629858 0.06433548
v 0.04718999 0.02023004 0.06347309
v 0.04986920 0.01682067 0.06433394
v 0.04891109 0.01548653 0.06347306
v 0.05018316 0.01596158 0.06433417
v 0.04929326 0.01443323 0.06347304
v 0.04957466 0.01365768 0.06347303
v 0.03783103 0.03482835 0.06347325
v 0.03932607 0.03521732 0.06432979
v 0.03924562 0.03302385 0.06347323
v 0.04032014 0.03394552 0.06432987
v 0.04021444 0.03178800 0.06347321
v 0.04235858 0.02905286 0.06347318
v 0.04350091 0.02987605 0.06433012
v 0.04370743 0.02961183 0.06433013
v 0.04285192 0.02842355 0.06347317
v 0.04393374 0.02932227 0.06433015
v 0.04490980 0.02471377 0.06347314
v 0.04609889 0.02542246 0.06433145
v 0.04556281 0.02353661 0.06347312
v 0.04721425 0.02341352 0.06433212
v 0.04679852 0.02130896 0.06347310
v 0.04793247 0.02211984 0.06433254
v 0.04840838 0.02081773 0.06433288
v 0.05241248 0.00574666 0.06433551
v 0.05249077 0.00289621 0.06433549
v 0.05128272 0.00062322 0.06347294
v 0.05255071 0.00071573 0.06433548
v 0.05263893 -0.00249586 0.06433547
v -0.03260614 -0.04069411 0.06388215
v -0.02878972 -0.04410661 0.06433322
v -0.03213370 -0.04014506 0.06347331
v -0.01906352 -0.04767345 0.06347316
v -0.02221230 -0.04620105 0.06347321
v -0.02434874 -0.04671370 0.06433388
v -0.02363456 -0.04553599 0.06347321
v -0.02540078 -0.04471011 0.06347323
v -0.03065094 -0.04115040 0.06347329
v -0.02795889 -0.04297566 0.06347326
v -0.02623197 -0.04583330 0.06433385
v 0.00062321 -0.05128253 0.06347299
v 0.00000961 -0.05255853 0.06433419
v -0.00212722 -0.05137746 0.06347301
v -0.00328661 -0.05123695 0.06347303
v -0.00439926 -0.05110213 0.06347303
v -0.00940833 -0.05049507 0.06347307
v -0.00708987 -0.05208487 0.06433419
v -0.00975202 -0.05175131 0.06433419
v -0.01020625 -0.05039839 0.06347308
v -0.01082836 -0.05161645 0.06433419
v -0.01298640 -0.04960200 0.06347311
v -0.01405373 -0.05068587 0.06433410
v -0.01428058 -0.04923128 0.06347313
v -0.01475307 -0.05048410 0.06433409
v -0.01802708 -0.04815808 0.06347315
v -0.01875093 -0.04933064 0.06433398
v -0.01966376 -0.04890390 0.06433397
v 0.00566465 -0.05110853 0.06347296
v 0.00654397 -0.05093977 0.06347295
v 0.02130889 -0.04679822 0.06347287
v 0.02080756 -0.04827255 0.06433394
v 0.02022997 -0.04718970 0.06347288
v 0.02064893 -0.04833075 0.06433394
v 0.01611894 -0.04868138 0.06347290
v 0.01578700 -0.05011438 0.06433403
v 0.01548647 -0.04891086 0.06347290
v 0.01365761 -0.04957445 0.06347291
v 0.01061820 -0.05015781 0.06347293
v 0.00711243 -0.05211752 0.06433412
v 0.00053620 -0.05254187 0.06433419
v 0.03260573 0.04070656 0.06388246
v 0.03306101 0.04124926 0.06433359
v 0.03450096 0.03989927 0.06433264
v 0.03213413 0.04014484 0.06347332
v 0.03344411 0.03892232 0.06347330
v 0.03582208 0.03670315 0.06347327
v 0.03682583 0.03771963 0.06433110
v 0.03886305 0.03580971 0.06432975
v 0.04400456 -0.02859950 0.06433357
v 0.04266003 -0.03057559 0.06433352
v 0.04014460 -0.03213359 0.06347282
v 0.04109224 -0.03287983 0.06433347
v 0.04014457 -0.03213364 0.06347282
v 0.03813277 -0.03604286 0.06433353
v 0.03670291 -0.03582156 0.06347282
v 0.03755476 -0.03666061 0.06433354
v 0.03482801 -0.03783063 0.06347282
v 0.03556248 -0.03878995 0.06433358
v 0.03320012 -0.03910681 0.06347283
v 0.03378410 -0.04018150 0.06433364
v 0.03302366 -0.03924513 0.06347283
v 0.03291125 -0.04086449 0.06433365
v 0.02905271 -0.04235814 0.06347284
v 0.02970519 -0.04337318 0.06433374
v 0.02842348 -0.04285142 0.06347284
v 0.02906129 -0.04387704 0.06433376
v 0.02510611 -0.04469173 0.06347285
v 0.02710796 -0.04496403 0.06433380
v 0.02471366 -0.04490944 0.06347285
v 0.02525342 -0.04599608 0.06433384
v 0.02184950 -0.04789030 0.06433393
v 0.02805552 0.04481090 0.06430840
v 0.02807828 0.04485481 0.06434948
v 0.02809801 0.04489269 0.06439751
v 0.02270347 0.04782746 0.06428485
v 0.02272736 0.04787420 0.06432637
v 0.03308312 0.04129114 0.06437717
v 0.02814064 0.04497389 0.06463919
v 0.02814167 0.04497651 0.06470646
v 0.02812687 0.04494757 0.06451061
v 0.02813568 0.04496429 0.06457351
v 0.02280083 0.04801872 0.06476597
v 0.02706933 0.04563766 0.06477201
v 0.02280123 0.04801935 0.06469912
v 0.02280124 0.04801937 0.06469684
v 0.03068943 0.04325699 0.06478193
v 0.02812133 0.04494585 0.06477489
v 0.02712163 0.04560327 0.06477214
v 0.02279253 0.04800207 0.06456259
v 0.02280153 0.04801984 0.06464746
v 0.02811428 0.04492370 0.06445157
v 0.02272736 0.04787420 0.06432637
v 0.02272736 0.04787421 0.06432640
v 0.02272804 0.04787554 0.06432809
v 0.02276258 0.04794323 0.06441500
v 0.02276733 0.04795254 0.06443518
v 0.02278863 0.04799437 0.06452576
v 0.02279236 0.04800174 0.06456097
v 0.02279253 0.04800207 0.06456259
v 0.02981515 0.04189596 0.06344947
v 0.02709912 0.04364947 0.06342127
v 0.02805552 0.04481090 0.06430840
v 0.02172635 0.04660676 0.06335070
v 0.02591098 0.04441657 0.06340894
v 0.02709603 0.04365148 0.06342124
v 0.02709912 0.04364947 0.06342127
v -0.03786776 -0.03688592 0.06430801
v -0.04216030 -0.03205653 0.06428509
v -0.04170801 -0.03173097 0.06392695
v -0.04154458 -0.03161333 0.06379756
v -0.03679692 -0.03591928 0.06342460
v -0.03680493 -0.03591000 0.06342445
v -0.04090889 -0.03115573 0.06335071
v -0.03797929 -0.03702835 0.06457290
v -0.03796913 -0.03701012 0.06450988
v -0.03790192 -0.03692335 0.06434896
v -0.03793058 -0.03695692 0.06439689
v -0.04222977 -0.03211288 0.06436290
v -0.04220102 -0.03208957 0.06433069
v -0.04219969 -0.03208850 0.06432921
v -0.03795301 -0.03698605 0.06445089
v -0.04232862 -0.03219270 0.06476821
v -0.04233102 -0.03219469 0.06470102
v -0.03853060 -0.03642834 0.06477375
v -0.03798382 -0.03704515 0.06470642
v -0.03797958 -0.03704283 0.06477456
v -0.04233111 -0.03219476 0.06469870
v -0.04233163 -0.03219520 0.06468419
v -0.03798398 -0.03704019 0.06463881
v -0.04233163 -0.03219520 0.06468419
v -0.04232485 -0.03218977 0.06462993
v -0.04231650 -0.03218310 0.06456299
v -0.04231600 -0.03218269 0.06456141
v -0.04228567 -0.03215820 0.06446512
v -0.04226998 -0.03214548 0.06443644
v -0.04226924 -0.03214488 0.06443509
v -0.04438581 0.02927167 0.08762150
v -0.04556475 0.02745474 0.08763737
v -0.04212650 0.02579524 0.09133452
v -0.04739009 -0.00959312 0.08919890
v -0.04602902 -0.01282277 0.08942013
v -0.04115970 -0.01094556 0.09546673
v -0.02585346 -0.02700142 0.10096241
v -0.02881635 -0.03063576 0.09607392
v -0.02336590 -0.02919106 0.10096331
v -0.02629968 -0.03284192 0.09617158
v -0.02924149 -0.03650278 0.09136680
v -0.03168233 -0.03420019 0.09113750
v -0.03279887 -0.03314690 0.09103261
v -0.03143228 -0.02795607 0.09598053
v -0.03444757 -0.03159157 0.09087774
v -0.03486212 -0.03120050 0.09083880
v -0.03970335 -0.02503987 0.09031492
v -0.03943546 -0.02538077 0.09034392
v -0.03604926 -0.02183502 0.09578840
v -0.03915308 -0.02574011 0.09037448
v -0.03385094 -0.02501964 0.09588749
v -0.03612969 -0.02958748 0.09070164
v -0.03486212 -0.03120050 0.09083880
v -0.04412836 -0.01733278 0.08972906
v -0.03971789 -0.01478136 0.09557628
v -0.04392943 -0.01780481 0.08976140
v -0.04379272 -0.01803886 0.08977930
v -0.03800985 -0.01841679 0.09568409
v -0.04172073 -0.02158611 0.09005069
v -0.04739899 -0.00956125 0.08919693
v -0.04232398 -0.00692689 0.09535696
v -0.04776298 -0.00825757 0.08911642
v -0.04319683 -0.00274322 0.09524705
v -0.04871501 -0.00484789 0.08890590
v -0.04907958 -0.00354217 0.08882528
v -0.04991094 -0.00056468 0.08864145
v -0.04372843 0.00157829 0.09513946
v -0.04998769 0.00004924 0.08860907
v -0.05013420 0.00122109 0.08854728
v -0.04384253 0.00600309 0.09504030
v -0.05063461 0.00522367 0.08833620
v -0.05061056 0.01097002 0.08808291
v -0.05062562 0.01057587 0.08809939
v -0.04346450 0.01049674 0.09495608
v -0.05078432 0.00642109 0.08827305
v -0.05074163 0.00607966 0.08829107
v -0.05052725 0.01315129 0.08799173
v -0.04252083 0.01502499 0.09489328
v -0.04993283 0.01579559 0.08790803
v -0.04093972 0.01955386 0.09485770
v -0.04895952 0.02012531 0.08777096
v -0.04987125 0.01606949 0.08789936
v -0.04624084 0.02641276 0.08764648
v -0.04683227 0.02504497 0.08767357
v -0.04464190 0.02068105 0.09138112
v -0.04827479 0.02170887 0.08773961
v -0.04877756 0.02054614 0.08776263
v -0.03560078 0.02849653 0.09480001
v -0.03855709 0.03086253 0.09126842
v -0.03862606 0.03091773 0.09118605
v -0.04235132 0.03240713 0.08759408
v -0.04163373 0.03332484 0.08759312
v -0.03241645 0.02594764 0.09797935
v -0.03555674 0.02846129 0.09485261
v -0.03864455 0.02404572 0.09484685
v -0.02924040 0.02340538 0.10102910
v -0.03004970 0.02405319 0.10033591
v -0.03125636 0.02034105 0.10102531
v -0.03239321 0.02592905 0.09800249
v -0.03500516 0.02236107 0.09809584
v -0.03323169 0.01716673 0.10102131
v -0.03320085 0.01724036 0.10102141
v -0.03710185 0.01847525 0.09809005
v -0.03303350 0.01763974 0.10102190
v -0.03126932 0.02032136 0.10102531
v -0.03461899 0.01385575 0.10101671
v -0.03869631 0.01445705 0.09809591
v -0.03467265 0.01372768 0.10101651
v -0.03570521 0.01126331 0.10101311
v -0.03977507 0.01040065 0.09811767
v -0.03588396 0.01042788 0.10101111
v -0.03715666 0.00447958 0.10099740
v -0.03669736 0.00662624 0.10100230
v -0.04037372 0.00633608 0.09815207
v -0.03665198 0.00683831 0.10100281
v -0.03592214 0.01024947 0.10101070
v -0.03718758 0.00322756 0.10099411
v -0.04053498 0.00228903 0.09819519
v -0.03719363 0.00298288 0.10099341
v -0.03727825 -0.00044253 0.10098440
v -0.04030318 -0.00171452 0.09824311
v -0.03728495 -0.00071390 0.10098371
v -0.03628946 -0.00902779 0.10096751
v -0.03644713 -0.00802744 0.10096931
v -0.03649668 -0.00771312 0.10096981
v -0.03702216 -0.00437920 0.10097581
v -0.03972412 -0.00564644 0.09829217
v -0.03706834 -0.00408625 0.10097631
v -0.03732762 -0.00244123 0.10097921
v -0.03551582 -0.01122969 0.10096561
v -0.03398070 -0.01559886 0.10096181
v -0.03418365 -0.01502124 0.10096231
v -0.03429898 -0.01469299 0.10096261
v -0.03540447 -0.01154658 0.10096531
v -0.03262823 -0.01794122 0.10096131
v -0.03050487 -0.02161871 0.10096061
v -0.03061300 -0.02143146 0.10096061
v -0.03079305 -0.02111960 0.10096071
v -0.03244971 -0.01825041 0.10096131
v -0.02849238 -0.02396300 0.10096141
v -0.02597846 -0.02689139 0.10096241
v -0.02610266 -0.02674669 0.10096231
v -0.02825673 -0.02423750 0.10096151
v -0.03239321 0.02592905 0.09800249
v -0.02950229 0.02928276 0.09807286
v -0.02595858 0.04561355 0.08791037
v -0.02665809 0.04526667 0.08788846
v -0.02537464 0.04180418 0.09138663
v -0.03582629 0.03939874 0.08764622
v -0.03679395 0.03847194 0.08763527
v -0.03445016 0.03552316 0.09125228
v -0.03923957 0.03606464 0.08760917
v -0.03659170 0.03336713 0.09124238
v -0.03889146 0.03646302 0.08761152
v -0.03809907 0.03722193 0.08762050
v -0.03415688 0.04070016 0.08768213
v -0.02999809 0.03910566 0.09129989
v -0.03266590 0.04186248 0.08771419
v -0.03179952 0.04240865 0.08773754
v -0.02747430 0.04486192 0.08786291
v -0.02950667 0.04385406 0.08779928
v -0.02981321 0.04366082 0.08779101
v -0.01546413 0.04151485 0.09499250
v -0.01618462 0.04828744 0.08833619
v -0.01824917 0.04798012 0.08823601
v -0.01977292 0.04016363 0.09490739
v -0.02007135 0.04752593 0.08815362
v -0.02143321 0.04718647 0.08809205
v -0.02064217 0.04372383 0.09151069
v -0.02210427 0.04701921 0.08806171
v -0.02507752 0.04593487 0.08794497
v -0.01006341 0.04883517 0.08865416
v -0.01099632 0.04878034 0.08860405
v -0.01111540 0.04236974 0.09509262
v -0.01409836 0.04859799 0.08843744
v -0.01490564 0.04847782 0.08839827
v -0.00101172 0.04844922 0.08902250
v -0.00440216 0.04882436 0.08881765
v -0.00440619 0.04876122 0.08888631
v -0.00249896 0.04285517 0.09531215
v -0.00441251 0.04866216 0.08899405
v -0.00677683 0.04279407 0.09520121
v -0.00593019 0.04870863 0.08890275
v -0.00966532 0.04882298 0.08867811
v 0.00404204 0.04756702 0.08952069
v 0.00407246 0.04772478 0.08933744
v 0.00130243 0.04819317 0.08916231
v 0.00168075 0.04259601 0.09542295
v 0.00801202 0.04668042 0.08978447
v 0.00574202 0.04202638 0.09553354
v 0.00841491 0.04659044 0.08981122
v 0.00966536 0.04115351 0.09564235
v 0.01343146 0.03998707 0.09574765
v 0.01318448 0.04516695 0.09013179
v 0.01077122 0.04588720 0.08996959
v 0.01731056 0.04357572 0.09042815
v 0.01730854 0.04357649 0.09042800
v 0.01612995 0.04403103 0.09034334
v 0.01731056 0.04357572 0.09042815
v 0.01702121 0.03853801 0.09584766
v 0.02164843 0.04148601 0.09075370
v 0.02041664 0.03682008 0.09594156
v 0.02512371 0.03945573 0.09101625
v 0.02347970 0.04041617 0.09089203
v 0.02328512 0.04052985 0.09087735
v 0.02360448 0.03485390 0.09603586
v 0.02630873 0.03288091 0.09613469
v 0.02648397 0.03848096 0.09113288
v 0.02921456 0.03652415 0.09136703
v 0.02336578 0.02919113 0.10096331
v 0.02157707 0.03053673 0.10096260
v 0.02066995 0.03111442 0.10096220
v 0.02037127 0.03130463 0.10096210
v 0.01856138 0.03245724 0.10096151
v 0.01420285 0.03455221 0.10096030
v 0.01487386 0.03430318 0.10096030
v 0.01555312 0.03396314 0.10096051
v 0.01751713 0.03297998 0.10096110
v 0.01110272 0.03570284 0.10096030
v 0.00717470 0.03667641 0.10096170
v 0.00758419 0.03661329 0.10096141
v 0.01039939 0.03588483 0.10096051
v 0.01074554 0.03579526 0.10096041
v 0.00501237 0.03700979 0.10096331
v 0.00374711 0.03720485 0.10096421
v -0.00015304 0.03739286 0.10096891
v -0.00005009 0.03739655 0.10096870
v 0.00005193 0.03739641 0.10096860
v 0.00353129 0.03721604 0.10096451
v -0.00047278 0.03738142 0.10096940
v -0.00748850 0.03661558 0.10098330
v -0.00654440 0.03683256 0.10098080
v -0.00714992 0.03972325 0.09822159
v -0.00595508 0.03690498 0.10097950
v -0.00318431 0.04001747 0.09827105
v -0.00383698 0.03716526 0.10097520
v -0.00273789 0.03730033 0.10097291
v -0.01039129 0.03594839 0.10099131
v -0.01110988 0.03907443 0.09817328
v -0.01107345 0.03571977 0.10099321
v -0.01130675 0.03564158 0.10099390
v -0.01502663 0.03803229 0.09812981
v -0.01354935 0.03488998 0.10100020
v -0.01788588 0.03285451 0.10101060
v -0.01728166 0.03320970 0.10100950
v -0.01886499 0.03655903 0.09809511
v -0.01641486 0.03359993 0.10100731
v -0.01454213 0.03444304 0.10100271
v -0.02071545 0.03119115 0.10101571
v -0.02259042 0.03461838 0.09807313
v -0.02106535 0.03093544 0.10101630
v -0.02117760 0.03085342 0.10101651
v -0.02616577 0.03218194 0.09806713
v -0.02348324 0.02916846 0.10102051
v -0.02677233 0.02615521 0.10102540
v -0.02644350 0.02652158 0.10102491
v -0.02546023 0.02740076 0.10102341
v -0.02403150 0.02867823 0.10102131
v -0.02399209 0.03825134 0.09484383
v -0.02807263 0.03571481 0.09480768
v -0.03196113 0.03248665 0.09479642
v -0.03560078 0.02849653 0.09480001
v 0.03211192 0.01918317 0.10097780
v 0.03248306 0.01849260 0.10097840
v 0.04030422 0.02325183 0.09253588
v 0.03107117 0.03494627 0.09153908
v 0.02477184 0.02800116 0.10096590
v 0.02498307 0.02782239 0.10096630
v 0.03197220 0.03405944 0.09162345
v 0.02561397 0.02720104 0.10096720
v 0.03255263 0.03348814 0.09167779
v 0.02750568 0.02533795 0.10097010
v 0.03183307 0.01959920 0.10097731
v 0.03901416 0.02552625 0.09236766
v 0.03829780 0.02655180 0.09228475
v 0.03048121 0.02161617 0.10097500
v 0.03789440 0.02712930 0.09223809
v 0.02998811 0.02235186 0.10097410
v 0.03649930 0.02912654 0.09207662
v 0.02858593 0.02403854 0.10097181
v 0.03561394 0.03017693 0.09198273
v 0.02818119 0.02452538 0.10097120
v 0.03512434 0.03075781 0.09193082
v 0.03413926 0.03192651 0.09182635
v 0.04385403 0.01484715 0.09309745
v 0.04271018 0.01820380 0.09288771
v 0.03434628 0.01470924 0.10098170
v 0.04253294 0.01859738 0.09286075
v 0.03415021 0.01517830 0.10098130
v 0.04228916 0.01913877 0.09282369
v 0.03375107 0.01613317 0.10098050
v 0.04094864 0.02211569 0.09261991
v 0.04062454 0.02268711 0.09257765
v 0.03521590 0.01262880 0.10098330
v 0.03548895 0.01171822 0.10098400
v 0.04402771 0.01433744 0.09312929
v 0.04407401 0.01420160 0.09313777
v 0.03615006 0.00951344 0.10098561
v 0.04497213 0.01041668 0.09335042
v 0.03636754 0.00878808 0.10098610
v 0.03648752 0.00814367 0.10098651
v 0.04508386 0.00994578 0.09337688
v 0.04510729 0.00984711 0.09338243
v 0.03710085 0.00484912 0.10098860
v 0.04564581 0.00589596 0.09358262
v 0.03712982 0.00448608 0.10098870
v 0.03715990 0.00410931 0.10098880
v 0.04570801 0.00543957 0.09360575
v 0.03726946 0.00273656 0.10098920
v 0.03737900 0.00136410 0.10098960
v 0.04586304 0.00132899 0.09379463
v 0.03740394 0.00105172 0.10098970
v 0.03739779 0.00078097 0.10098980
v 0.04587717 0.00095434 0.09381183
v 0.04587746 0.00094691 0.09381217
v 0.03734858 -0.00138774 0.10099090
v 0.04562861 -0.00323831 0.09398297
v 0.03731726 -0.00276801 0.10099160
v 0.03729645 -0.00293373 0.10099160
v 0.04560863 -0.00357443 0.09399669
v 0.03684216 -0.00655147 0.10099321
v 0.04495831 -0.00776294 0.09414406
v 0.03682596 -0.00662099 0.10099321
v 0.04493530 -0.00791117 0.09414928
v 0.04490648 -0.00802433 0.09415265
v 0.03677120 -0.00685599 0.10099330
v 0.04384287 -0.01220041 0.09427724
v 0.03598229 -0.01024220 0.10099380
v 0.04379265 -0.01239755 0.09428313
v 0.03593833 -0.01043091 0.10099380
v 0.03535150 -0.01217122 0.10099420
v 0.04230844 -0.01651117 0.09438462
v 0.04036820 -0.02065553 0.09446257
v 0.04225387 -0.01666095 0.09438829
v 0.03478372 -0.01376001 0.10099450
v 0.03491499 -0.01346570 0.10099450
v 0.04225611 -0.01665620 0.09438819
v 0.03334089 -0.01699458 0.10099491
v 0.03325258 -0.01714844 0.10099491
v 0.04031082 -0.02077710 0.09446483
v 0.03320313 -0.01723457 0.10099480
v 0.03804688 -0.02459921 0.09450795
v 0.03148135 -0.02023395 0.10099460
v 0.03138666 -0.02036513 0.10099460
v 0.03232990 -0.03173268 0.09450405
v 0.03236704 -0.03169714 0.09450453
v 0.02676820 -0.02612572 0.10099501
v 0.03256036 -0.03151212 0.09450706
v 0.02911767 -0.02350787 0.10099520
v 0.03529775 -0.02839053 0.09452146
v 0.02920927 -0.02338100 0.10099520
v 0.03536039 -0.02830441 0.09452117
v 0.03028220 -0.02189488 0.10099491
v 0.03800696 -0.02466663 0.09450870
v 0.03801922 -0.02464591 0.09450847
v 0.02673773 -0.02615968 0.10099501
v 0.02650990 -0.02641353 0.10099501
v 0.02947344 -0.03446640 0.09446666
v 0.02400549 -0.02868100 0.10099480
v 0.01450688 -0.03444256 0.10099300
v 0.01865989 -0.04159820 0.09418992
v 0.01706425 -0.03330398 0.10099360
v 0.02149158 -0.04008230 0.09427607
v 0.01785745 -0.03284102 0.10099370
v 0.02167788 -0.03998257 0.09428173
v 0.01802084 -0.03274565 0.10099370
v 0.02245585 -0.03956610 0.09430539
v 0.02062378 -0.03122638 0.10099401
v 0.02536433 -0.03764978 0.09438022
v 0.02103912 -0.03092098 0.10099411
v 0.02549603 -0.03756300 0.09438362
v 0.02263256 -0.02974930 0.10099450
v 0.02605238 -0.03719643 0.09439793
v 0.02365997 -0.02899382 0.10099480
v 0.02898606 -0.03485533 0.09445685
v 0.02906767 -0.03479019 0.09445849
v 0.00742097 -0.03662953 0.10099051
v 0.00910167 -0.04492723 0.09381282
v 0.00774136 -0.03656021 0.10099061
v 0.01051909 -0.04461352 0.09387804
v 0.00976389 -0.03612262 0.10099151
v 0.01314281 -0.04378488 0.09398626
v 0.01101898 -0.03571490 0.10099190
v 0.01344557 -0.04368925 0.09399875
v 0.01303355 -0.03506047 0.10099260
v 0.01437862 -0.04339458 0.09403722
v 0.01334949 -0.03495784 0.10099270
v 0.01740226 -0.04212588 0.09414508
v 0.01764616 -0.04202356 0.09415377
v -0.00273112 -0.04618548 0.09321647
v -0.00031745 -0.04613400 0.09334565
v 0.00004434 -0.03736952 0.10098640
v 0.00016426 -0.04612372 0.09337143
v 0.00229659 -0.03733209 0.10098781
v 0.00182099 -0.04608839 0.09346009
v 0.00257422 -0.03732747 0.10098800
v 0.00423753 -0.04579240 0.09358069
v 0.00375159 -0.03719089 0.10098861
v 0.00466091 -0.04574057 0.09360183
v 0.00606892 -0.03692207 0.10098990
v 0.00637579 -0.04553052 0.09368741
v 0.00873869 -0.04500757 0.09379613
v -0.00366209 -0.03719540 0.10098430
v -0.00434808 -0.04606343 0.09312349
v -0.00320360 -0.03723340 0.10098450
v -0.00129311 -0.03739174 0.10098550
v -0.01092310 -0.03572067 0.10097821
v -0.01323772 -0.04458372 0.09257645
v -0.00871731 -0.03637837 0.10098041
v -0.01084762 -0.04521191 0.09273359
v -0.00864010 -0.03639265 0.10098050
v -0.00941495 -0.04545190 0.09282187
v -0.00732953 -0.03663508 0.10098160
v -0.00883105 -0.04554971 0.09285785
v -0.00481898 -0.03709952 0.10098360
v -0.00692570 -0.04586888 0.09297523
v -0.00488339 -0.04602302 0.09309269
v -0.01626177 -0.03368077 0.10097261
v -0.01857047 -0.04281259 0.09221068
v -0.01440871 -0.03445819 0.10097461
v -0.01818825 -0.04295138 0.09223739
v -0.01386789 -0.03468507 0.10097520
v -0.01752808 -0.04319107 0.09228351
v -0.01256986 -0.03522964 0.10097661
v -0.01488467 -0.04415085 0.09246817
v -0.01386362 -0.04441922 0.09253531
v -0.02091908 -0.03093184 0.10096731
v -0.02595882 -0.03889355 0.09164396
v -0.01947857 -0.03192300 0.10096901
v -0.02556867 -0.03912443 0.09167502
v -0.01881655 -0.03228476 0.10096981
v -0.02233556 -0.04103779 0.09193230
v -0.01775588 -0.03286433 0.10097091
v -0.02230657 -0.04105495 0.09193461
v -0.02165205 -0.04136287 0.09198298
v -0.02276907 -0.02965891 0.10096521
v -0.02624865 -0.03868246 0.09161950
v 0.03804163 -0.02524713 0.09403103
v 0.03829780 -0.02482578 0.09402680
v 0.03820419 -0.02476485 0.09430300
v 0.03547556 -0.02839832 0.09439941
v 0.04492013 -0.00959915 0.09370196
v 0.04521224 -0.00807897 0.09365097
v 0.04512927 -0.00806586 0.09393917
v 0.04205580 -0.01800365 0.09392898
v 0.04254196 -0.01677425 0.09389852
v 0.04245820 -0.01674197 0.09417982
v 0.01754745 -0.04247787 0.09365403
v 0.01789814 -0.04233867 0.09366693
v 0.01775075 -0.04226337 0.09394538
v 0.00914210 -0.04511252 0.09368732
v 0.02563581 -0.03776457 0.09417447
v 0.02922306 -0.03497343 0.09425114
v 0.02917381 -0.03491667 0.09433683
v 0.04505483 -0.00805323 0.09402706
v 0.04392893 -0.01244800 0.09415847
v 0.04400163 -0.01246768 0.09407125
v 0.04602445 0.00095513 0.09368260
v 0.04575578 -0.00357173 0.09386904
v 0.04583135 -0.00357707 0.09378044
v 0.04077682 0.02277095 0.09243585
v 0.04268697 0.01866319 0.09272280
v 0.04417519 0.01438358 0.09299459
v 0.04424806 0.01440713 0.09290126
v 0.04275718 0.01869353 0.09262718
v 0.04084390 0.02280748 0.09233797
v 0.02930165 0.03663349 0.09120674
v 0.03269395 0.03363370 0.09152478
v 0.03274873 0.03368708 0.09142356
v 0.02929402 0.03662391 0.09122077
v 0.03845698 0.02666158 0.09214086
v 0.03575484 0.03029597 0.09183525
v 0.03852051 0.02670427 0.09204199
v 0.03581389 0.03034454 0.09173490
v 0.03197220 0.03405944 0.09162345
v 0.04523344 0.00997671 0.09324404
v 0.04530796 0.00999300 0.09315158
v 0.04045085 -0.02081894 0.09434302
v 0.03814026 -0.02472479 0.09438707
v 0.04238764 -0.01671526 0.09426530
v 0.04585222 0.00548596 0.09347269
v 0.00915183 -0.04515536 0.09364159
v 0.01352380 -0.04392976 0.09378917
v 0.01349955 -0.04385744 0.09387580
v 0.02917381 -0.03491667 0.09433683
v 0.02559229 -0.03770329 0.09426113
v 0.03247776 -0.03180554 0.09438280
v 0.02176341 -0.04013760 0.09415876
v 0.00468458 -0.04594113 0.09347249
v 0.01771959 -0.04219424 0.09403186
v -0.00886534 -0.04573976 0.09272007
v -0.00436387 -0.04625813 0.09298864
v 0.00016787 -0.04632516 0.09323899
v -0.01759577 -0.04336279 0.09213879
v -0.01329131 -0.04477302 0.09243547
v -0.02173312 -0.04152019 0.09183503
v -0.02565977 -0.03926439 0.09152466
v -0.01857047 -0.04281259 0.09221068
v 0.03254609 -0.03203129 0.09401911
v 0.03553500 -0.02844438 0.09431456
v 0.03253232 -0.03185721 0.09429756
v 0.02557021 -0.03795489 0.09388906
v 0.02579982 -0.03780815 0.09389524
v 0.02922109 -0.03513739 0.09397045
v 0.02930508 -0.03507181 0.09397229
v 0.02934853 -0.03503790 0.09397325
v 0.02180091 -0.04020296 0.09407164
v 0.00881030 -0.04537172 0.09329084
v 0.00918135 -0.04530134 0.09330951
v 0.00915905 -0.04518678 0.09359851
v 0.00941169 -0.04525764 0.09332109
v 0.00469026 -0.04598474 0.09342521
v 0.01324866 -0.04413783 0.09349228
v 0.01355894 -0.04404726 0.09350612
v 0.01369032 -0.04400891 0.09351198
v 0.02166745 -0.04041017 0.09378257
v 0.02185931 -0.04031201 0.09378844
v 0.02197303 -0.04025383 0.09379193
v 0.00017092 -0.04640106 0.09314508
v 0.00017024 -0.04651236 0.09284292
v 0.00048375 -0.04651460 0.09286036
v 0.00469457 -0.04601640 0.09338060
v -0.00492080 -0.04639102 0.09255598
v -0.00436797 -0.04633423 0.09289361
v -0.00772957 -0.04611659 0.09238861
v -0.00887668 -0.04581532 0.09262368
v -0.00889458 -0.04589902 0.09231428
v -0.00437964 -0.04644388 0.09258823
v -0.00398367 -0.04648259 0.09261184
v -0.00031813 -0.04650885 0.09281575
v -0.01396781 -0.04476132 0.09198253
v -0.01330968 -0.04484727 0.09233752
v -0.01765513 -0.04355484 0.09172574
v -0.01762099 -0.04343498 0.09203946
v -0.01766887 -0.04354878 0.09172474
v -0.02248393 -0.04131212 0.09136577
v -0.02176493 -0.04158987 0.09173469
v -0.02514726 -0.03982696 0.09115822
v -0.02569843 -0.03933050 0.09142344
v -0.02181603 -0.04168455 0.09141781
v -0.02146827 -0.04187848 0.09144491
v -0.01831847 -0.04326320 0.09167689
v -0.01332314 -0.04497224 0.09202742
v -0.01182050 -0.04535261 0.09212767
v -0.00887668 -0.04581532 0.09262368
v -0.00948369 -0.04578900 0.09227672
v 0.00427463 -0.04617428 0.09306115
v 0.00470577 -0.04613556 0.09308400
v 0.00485246 -0.04612240 0.09309176
v 0.03287290 0.03374103 0.09110892
v 0.03283270 0.03377676 0.09110522
v 0.03221888 0.03432218 0.09104866
v 0.03221888 0.03432218 0.09104866
v 0.02943273 0.03679788 0.09079193
v 0.02941415 0.03677476 0.09087097
v 0.02938915 0.03674354 0.09098009
v 0.02935381 0.03669897 0.09111074
v 0.02935368 0.03669881 0.09111100
v 0.03588294 0.03045667 0.09141537
v 0.03539153 0.03099286 0.09136534
v 0.03860730 0.02676797 0.09172789
v 0.03842282 0.02707196 0.09170455
v 0.03820934 0.02735645 0.09168025
v 0.03590640 0.03042540 0.09141806
v 0.04538460 0.01001353 0.09285111
v 0.04529807 0.01049715 0.09282537
v 0.04508801 0.01167113 0.09276290
v 0.04433526 0.01443899 0.09259857
v 0.04419201 0.01496571 0.09256729
v 0.04406040 0.01544960 0.09253856
v 0.04079410 0.02316453 0.09200447
v 0.04062693 0.02343999 0.09198332
v 0.04284484 0.01873534 0.09231984
v 0.04259573 0.01940871 0.09227502
v 0.04093858 0.02286334 0.09202616
v 0.04617175 -0.00088669 0.09338191
v 0.04617304 0.00096107 0.09329751
v 0.04610025 0.00095717 0.09359235
v 0.04617330 0.00134239 0.09328009
v 0.04617496 0.00372596 0.09317123
v 0.04592760 0.00549506 0.09338080
v 0.04526359 -0.00781177 0.09364202
v 0.04573595 -0.00535355 0.09355955
v 0.04590888 -0.00358107 0.09348906
v 0.04594058 -0.00325612 0.09347615
v 0.03832658 -0.02477841 0.09402633
v 0.04051859 -0.02085251 0.09425904
v 0.04238764 -0.01671526 0.09426530
v 0.04030787 -0.02151944 0.09399362
v 0.04061492 -0.02090186 0.09398226
v 0.04066345 -0.02080422 0.09398046
v 0.04260192 -0.01662259 0.09389477
v 0.04363452 -0.01401137 0.09383008
v 0.04407831 -0.01248822 0.09378585
v 0.04413923 -0.01227917 0.09377978
v 0.04601434 0.00550804 0.09308322
v 0.04597518 0.00594272 0.09306176
v 0.04583528 0.00749489 0.09298513
v -0.02938057 -0.03667787 0.09111011
v -0.02938040 -0.03667764 0.09111081
v -0.02932845 -0.03661224 0.09120655
v -0.02945901 -0.03677701 0.09079171
v -0.02854125 -0.03748614 0.09088553
v -0.02938057 -0.03667787 0.09111011
v -0.02642615 -0.03894491 0.09105546
v -0.02575178 -0.03941003 0.09110965
v 0.03529697 -0.02894725 0.09403726
v 0.03561934 -0.02851267 0.09403654
v 0.03562022 -0.02851148 0.09403654
v 0.03562022 -0.02851148 0.09403654
v 0.02935368 0.03669881 0.09111100
v 0.02935381 0.03669897 0.09111074
v 0.02361589 0.04063721 0.09062385
v 0.01612995 0.04403103 0.09034334
v 0.01740280 0.04377666 0.09014370
v 0.01200569 0.04586850 0.08942308
v 0.01088317 0.04623115 0.08935038
v 0.01085465 0.04614442 0.08968377
v 0.02361589 0.04063721 0.09062385
v 0.02673925 0.03879889 0.09055020
v 0.01469359 0.04500013 0.08959719
v 0.01744039 0.04385169 0.08980553
v 0.01602800 0.04444221 0.08969841
v 0.02512371 0.03945573 0.09101625
v 0.02356737 0.04055384 0.09075354
v 0.00410831 0.04791069 0.08893290
v 0.00408975 0.04781445 0.08918650
v 0.00777061 0.04705704 0.08915631
v 0.00408551 0.04779359 0.08923413
v 0.00408336 0.04778230 0.08925106
v 0.00976771 0.04659152 0.08927813
v 0.02667050 0.03884225 0.09054454
v 0.02367452 0.04073136 0.09029712
v 0.02338058 0.04091670 0.09027285
v 0.02327132 0.04098560 0.09026384
v 0.01982450 0.04277771 0.08998925
v 0.01906652 0.04317180 0.08992887
v 0.00408336 0.04778230 0.08925106
v 0.00408174 0.04777374 0.08926393
v 0.00407246 0.04772478 0.08933744
v 0.01730854 0.04357649 0.09042800
v -0.03889146 0.03646302 0.08761152
v -0.03825785 0.03739177 0.08743703
v -0.03923957 0.03606464 0.08760917
v -0.04176745 0.03343285 0.08743609
v -0.04175994 0.03342435 0.08744688
v -0.04173317 0.03339603 0.08748463
v -0.04172841 0.03338868 0.08749218
v -0.04170342 0.03337182 0.08751881
v -0.04177920 0.03344456 0.08741308
v -0.04179405 0.03345935 0.08738398
v -0.03837284 0.03750124 0.08720495
v -0.04182801 0.03349318 0.08731743
v -0.03862916 0.03724105 0.08720389
v -0.04190653 0.03354426 0.08718174
v -0.03437291 0.04097768 0.08726780
v -0.03554710 0.04009545 0.08724112
v -0.03430154 0.04089639 0.08749697
v -0.03705766 0.03870892 0.08722175
v -0.03836789 0.03750628 0.08720497
v -0.02515905 0.04612769 0.08777903
v -0.02268018 0.04704284 0.08783906
v -0.02516688 0.04615245 0.08774649
v -0.02352964 0.04692650 0.08757258
v -0.02164480 0.04746849 0.08764814
v -0.02013767 0.04775851 0.08794378
v -0.02018221 0.04788905 0.08770675
v -0.01496997 0.04881718 0.08792312
v -0.01494252 0.04869857 0.08817106
v -0.01140368 0.04914461 0.08807740
v -0.00967424 0.04903886 0.08843599
v -0.01126040 0.04914480 0.08808564
v -0.00968562 0.04914689 0.08817604
v -0.01591269 0.04873061 0.08788234
v -0.01641649 0.04863647 0.08786155
v -0.01974801 0.04801391 0.08772416
v -0.02011363 0.04765735 0.08805931
v -0.02513330 0.04605390 0.08785457
v -0.01492866 0.04859508 0.08829687
v -0.00967095 0.04893137 0.08857043
v -0.00440216 0.04882436 0.08881765
v -0.00967287 0.04898416 0.08851025
v -0.02991683 0.04384349 0.08760599
v -0.00711090 0.04915027 0.08832383
v -0.00439910 0.04887368 0.08874831
v -0.00619174 0.04910338 0.08836876
v -0.00439634 0.04891556 0.08867736
v -0.00439022 0.04901146 0.08845681
v -0.02891523 0.04457811 0.08740353
v -0.02997990 0.04393751 0.08737562
v -0.03205101 0.04269133 0.08732129
v -0.03225750 0.04256708 0.08731589
v -0.02758280 0.04508314 0.08767048
v -0.02687611 0.04553960 0.08746286
v -0.02523209 0.04628523 0.08751259
v -0.02554365 0.04616788 0.08750161
v -0.00440051 0.04885238 0.08878438
v -0.00439915 0.04887299 0.08874946
v -0.00967386 0.04902662 0.08845713
v -0.02267345 0.04701784 0.08787268
v -0.02013208 0.04773336 0.08797857
v -0.02013487 0.04774681 0.08796219
v -0.01493933 0.04867306 0.08820878
v -0.01494091 0.04868690 0.08819110
v -0.00967354 0.04901241 0.08847606
v -0.00440080 0.04884753 0.08879014
v -0.02747430 0.04486192 0.08786291
v -0.00440619 0.04876122 0.08888631
v -0.01493607 0.04864590 0.08824083
v -0.02012632 0.04770676 0.08800799
v -0.02515097 0.04610166 0.08780645
v -0.04170342 0.03337182 0.08751881
v -0.04170389 0.03337128 0.08751880
v -0.04163373 0.03332484 0.08759312
v -0.04170389 0.03337128 0.08751880
v -0.04170342 0.03337182 0.08751881
v -0.04172906 0.03338794 0.08749212
v -0.04176051 0.03342366 0.08744690
v -0.04176791 0.03343208 0.08743625
v -0.04177972 0.03344390 0.08741305
v -0.04179454 0.03345874 0.08738396
v -0.04179405 0.03345935 0.08738398
v -0.04182813 0.03349238 0.08731804
v -0.04182801 0.03349318 0.08731743
v -0.04190653 0.03354426 0.08718174
v -0.04467073 0.02945540 0.08720987
v -0.04425231 -0.01738374 0.08941365
v -0.03279887 -0.03314690 0.09103261
v -0.03294192 -0.03330142 0.09069571
v -0.04556475 0.02745474 0.08763737
v -0.04466165 0.02945382 0.08743143
v -0.04235132 0.03240713 0.08759408
v -0.04170389 0.03337128 0.08751880
v -0.03150828 -0.03503551 0.09060015
v -0.03202431 -0.03449707 0.09054696
v -0.03670723 -0.02961084 0.09006434
v -0.03629958 -0.02973030 0.09036919
v -0.03736696 -0.02869063 0.08998743
v -0.03926155 -0.02581918 0.09004378
v -0.03937010 -0.02589656 0.08975394
v -0.03646215 -0.02986655 0.09008960
v -0.03471637 -0.03168813 0.09026953
v -0.03305452 -0.03342213 0.09044079
v -0.04209862 -0.02174930 0.08942553
v -0.04191241 -0.02169861 0.08970192
v -0.04416158 -0.01785402 0.08915422
v -0.04438225 -0.01743735 0.08912520
v -0.04541720 -0.01548317 0.08898909
v -0.04633931 -0.01294725 0.08915597
v -0.04608082 -0.01373669 0.08888409
v -0.04207522 -0.02179349 0.08942862
v -0.04140660 -0.02305595 0.08951655
v -0.03978009 -0.02532468 0.08970614
v -0.04941888 -0.00361497 0.08858543
v -0.05038996 0.00119808 0.08830749
v -0.05040428 0.00015177 0.08810010
v -0.05092322 0.01100464 0.08788817
v -0.05095519 0.01071862 0.08765343
v -0.05116302 0.00723725 0.08778033
v -0.05104298 0.00611615 0.08783092
v -0.05088844 0.00609905 0.08805127
v -0.05096407 0.00537933 0.08786417
v -0.05051776 0.00121144 0.08805228
v -0.04911020 0.02068662 0.08734498
v -0.05022072 0.01622495 0.08747056
v -0.05015659 0.01585942 0.08763987
v -0.04587609 0.02767238 0.08722213
v -0.04709183 0.02517199 0.08748774
v -0.04626707 0.02709404 0.08722610
v -0.04712590 0.02519854 0.08726040
v -0.04862032 0.02190027 0.08732007
v -0.04893289 0.02061327 0.08754661
v -0.04903704 0.02098053 0.08733671
v -0.05030175 0.01589942 0.08747972
v -0.05075450 0.01408045 0.08753091
v -0.05093646 0.01103233 0.08764200
v -0.05034122 0.00118933 0.08843081
v -0.04933290 -0.00361294 0.08869984
v -0.04624084 0.02641276 0.08764648
v -0.04827479 0.02170887 0.08773961
v -0.04993283 0.01579559 0.08790803
v -0.02938057 -0.03667787 0.09111011
v -0.02938040 -0.03667764 0.09111081
v -0.04794744 -0.00831987 0.08898555
v -0.04177972 0.03344390 0.08741305
v -0.04179454 0.03345874 0.08738396
v -0.04803188 -0.00833180 0.08886539
v -0.04775428 -0.00933266 0.08861935
v -0.04638162 -0.01294508 0.08883651
v -0.04945808 -0.00359353 0.08829980
v -0.04918472 -0.00467556 0.08835749
v -0.04851183 -0.00733900 0.08849950
v -0.00325442 0.05105762 0.05873067
v -0.00442942 0.05200043 0.05873145
v -0.00342218 0.05201606 0.05908122
v -0.00163965 0.05104673 0.05927754
v -0.00126021 0.05199514 0.05981669
v 0.00000018 0.05098625 0.05981669
v -0.00145806 0.05199901 0.05975016
v -0.00162901 0.05104666 0.05928114
v -0.00234260 0.05201633 0.05945269
v -0.00285308 0.05201620 0.05927705
v -0.05682086 -0.00642201 0.06027089
v -0.05689728 -0.00625071 0.06021980
v -0.05507028 -0.00764958 0.06017048
v -0.06265642 0.01184666 0.05452725
v -0.06255682 0.01182909 0.05450747
v -0.06253594 0.01174535 0.05452881
v -0.06243296 0.01177615 0.05449285
v -0.06227167 0.01165820 0.05448932
v -0.06219874 0.01158699 0.05449338
v -0.06194109 0.01162679 0.05441684
v -0.06191884 0.01153038 0.05444098
v -0.06175950 0.01094633 0.05461484
v -0.06279990 0.01183267 0.05456870
v -0.06298329 0.01183701 0.05461519
v -0.06292027 0.01182528 0.05460249
v -0.06284166 0.01128642 0.05478052
v -0.06289310 0.01182695 0.05459487
v -0.06008830 0.00482081 0.05643815
v -0.06168816 0.00680218 0.05612700
v -0.06158711 0.01031447 0.05480292
v -0.05848346 0.00025271 0.05784664
v -0.06000267 0.00136048 0.05787174
v -0.05977512 0.00367292 0.05677984
v -0.06035200 0.00232154 0.05756371
v -0.06156450 0.00632146 0.05627136
v -0.05770799 -0.00180066 0.05848710
v -0.05670895 -0.00444602 0.05931220
v -0.05573851 -0.00648173 0.05989763
v -0.05850116 -0.00265494 0.05914739
v -0.05872785 -0.00214673 0.05899581
v -0.05947836 -0.00008197 0.05833405
v -0.05117465 -0.01445796 0.06176117
v -0.05147103 -0.01462036 0.06190196
v -0.05269098 -0.01383473 0.06196628
v -0.05318904 -0.01300343 0.06180652
v -0.05328358 -0.01284561 0.06177620
v -0.05473903 -0.00822851 0.06030573
v -0.05441062 -0.01096446 0.06141472
v -0.05453673 -0.01072891 0.06135620
v -0.05551086 -0.00890942 0.06090413
v -0.05569349 -0.00856833 0.06081939
v -0.05655685 -0.00695573 0.06041874
v 0.00337540 0.04997443 0.08303833
v 0.00659160 0.04936842 0.08305347
v 0.00659818 0.04939734 0.08304905
v 0.00000423 0.05068798 0.08298424
v 0.00000761 0.05071170 0.08296363
v -0.00668622 0.05134978 0.08293721
v -0.00668469 0.05137492 0.08290841
v -0.00668473 0.05137417 0.08290925
v 0.00001048 0.05073172 0.08293985
v -0.00668592 0.05135486 0.08293139
v 0.00662907 0.04953129 0.08295759
v 0.00001278 0.05074753 0.08291388
v 0.00663102 0.04953942 0.08293933
v 0.00662192 0.04950072 0.08299662
v 0.00662295 0.04950513 0.08299099
v 0.00662310 0.04950577 0.08299018
v 0.00662769 0.04952536 0.08296516
v -0.00000765 0.05060358 0.08302042
v -0.00001481 0.05054715 0.08302253
v 0.00086574 0.05044732 0.08302650
v 0.00330807 0.05007029 0.08303376
v 0.00659818 0.04939734 0.08304905
v 0.00659823 0.04939753 0.08304901
v 0.00660485 0.04942656 0.08304184
v 0.00660163 0.04941250 0.08304673
v 0.00660259 0.04941672 0.08304607
v 0.00660485 0.04942656 0.08304184
v -0.00000354 0.05063287 0.08301300
v -0.00009100 0.05055578 0.08302217
v -0.00334322 0.05099697 0.08300615
v -0.00495423 0.05110713 0.08300016
v -0.00669197 0.05124783 0.08298516
v -0.00669351 0.05121949 0.08298923
v 0.00660485 0.04942656 0.08304184
v 0.00660493 0.04942693 0.08304168
v 0.00000047 0.05066137 0.08300088
v -0.00668882 0.05130460 0.08296730
v -0.00669038 0.05127679 0.08297840
v -0.00669095 0.05126664 0.08298244
v -0.00669196 0.05124802 0.08298513
v 0.00663115 0.04953998 0.08293805
v 0.00663392 0.04955156 0.08291207
v 0.00500557 0.04990244 0.08290438
v -0.00076683 0.05086371 0.08288459
v -0.00195607 0.05097216 0.08287944
v 0.00663102 0.04953942 0.08293933
v 0.00284919 0.05026153 0.08289699
v 0.00001036 0.05073428 0.08288724
v -0.00668431 0.05138112 0.08290130
v -0.00668373 0.05138993 0.08288443
v -0.00668369 0.05139052 0.08288331
v -0.00662595 0.05139800 0.08285926
v -0.00668285 0.05140319 0.08285901
v 0.00660493 0.04942693 0.08304168
v 0.00660824 0.04944131 0.08303550
v 0.00661291 0.04946173 0.08302672
v 0.00661742 0.04948123 0.08301166
v 0.00661757 0.04948189 0.08301117
v -0.00668735 0.05133034 0.08295099
v -0.00668847 0.05131090 0.08296477
v -0.00668879 0.05130513 0.08296708
v -0.00668882 0.05130460 0.08296730
v -0.00668473 0.05137417 0.08290925
v -0.00686230 0.05136516 0.08295848
v -0.00672233 0.05127912 0.08298095
v -0.00676372 0.05133232 0.08296133
v -0.00707012 0.05131028 0.08314881
v -0.00708615 0.05126831 0.08325901
v -0.00705281 0.05126032 0.08326800
v -0.00708487 0.05126404 0.08326987
v -0.00700019 0.05118600 0.08344873
v -0.00707348 0.05122634 0.08336568
v -0.00703314 0.05118519 0.08346695
v -0.00696430 0.05137347 0.08297239
v -0.00702926 0.05134485 0.08305450
v -0.00701143 0.05133101 0.08308203
v -0.00671193 0.05140431 0.08285991
v -0.00680449 0.05140230 0.08287722
v -0.00687773 0.05138069 0.08293766
v -0.00689230 0.05139148 0.08291661
v -0.00689239 0.05139146 0.08291668
v -0.00675813 0.05130616 0.08297638
v -0.00679107 0.05130240 0.08298843
v -0.00683360 0.05132220 0.08299290
v -0.00672097 0.05122094 0.08299176
v -0.00672139 0.05125033 0.08298806
v -0.00677783 0.05124566 0.08300386
v -0.00677073 0.05121754 0.08300419
v -0.00675015 0.05124947 0.08299389
v -0.00673332 0.05122159 0.08299292
v -0.00672835 0.05122133 0.08299244
v -0.00675358 0.05127820 0.08298727
v -0.00678360 0.05127444 0.08299823
v -0.00681127 0.05126795 0.08301335
v -0.00689041 0.05130258 0.08304280
v -0.00691252 0.05128984 0.08307297
v -0.00689252 0.05126316 0.08307792
v -0.00682142 0.05129603 0.08300509
v -0.00683639 0.05125888 0.08303238
v -0.00684895 0.05128715 0.08302607
v -0.00685807 0.05124757 0.08305452
v -0.00687269 0.05127613 0.08305050
v -0.00687622 0.05123421 0.08307941
v -0.00686751 0.05116147 0.08309108
v -0.00685461 0.05117377 0.08307339
v -0.00686407 0.05120425 0.08307759
v -0.00684877 0.05117934 0.08306540
v -0.00684696 0.05121806 0.08305494
v -0.00683784 0.05118976 0.08305038
v -0.00682671 0.05122971 0.08303485
v -0.00681899 0.05120003 0.08303441
v -0.00680340 0.05123904 0.08301757
v -0.00680516 0.05120756 0.08302267
v -0.00679338 0.05121097 0.08301635
v -0.00677358 0.05121671 0.08300571
v -0.00692991 0.05127560 0.08310556
v -0.00695024 0.05124375 0.08317535
v -0.00691847 0.05126250 0.08310695
v -0.00693737 0.05123035 0.08317337
v -0.00690803 0.05124863 0.08310753
v -0.00692581 0.05121601 0.08317073
v -0.00690803 0.05124863 0.08310753
v -0.00689867 0.05123413 0.08310728
v -0.00691565 0.05120094 0.08316748
v -0.00669197 0.05124783 0.08298516
v -0.00669196 0.05124802 0.08298513
v -0.00683639 0.05125888 0.08303238
v -0.00689047 0.05121919 0.08310627
v -0.00690072 0.05120285 0.08313447
v -0.00690699 0.05118536 0.08316368
v -0.00690927 0.05116726 0.08319294
v -0.00691590 0.05115563 0.08338866
v -0.00690294 0.05114139 0.08337546
v -0.00692017 0.05115848 0.08334597
v -0.00690231 0.05114069 0.08337482
v -0.00693468 0.05117516 0.08331443
v -0.00692154 0.05116087 0.08330516
v -0.00694514 0.05119220 0.08328125
v -0.00695140 0.05120955 0.08324653
v -0.00694514 0.05119220 0.08328125
v -0.00693797 0.05119573 0.08324093
v -0.00692154 0.05116087 0.08330516
v -0.00692613 0.05118082 0.08323492
v -0.00689682 0.05112791 0.08332399
v -0.00689020 0.05112738 0.08336249
v -0.00688871 0.05112575 0.08336097
v -0.00686976 0.05115707 0.08309700
v -0.00687316 0.05117345 0.08309899
v -0.00688338 0.05115615 0.08312378
v -0.00689366 0.05111824 0.08317586
v -0.00688936 0.05110282 0.08316862
v -0.00689025 0.05113756 0.08314968
v -0.00688725 0.05112280 0.08314280
v -0.00687837 0.05114019 0.08311956
v -0.00687771 0.05118868 0.08310206
v -0.00688348 0.05120398 0.08310451
v -0.00688778 0.05117170 0.08312787
v -0.00689356 0.05118732 0.08313144
v -0.00689430 0.05115346 0.08315470
v -0.00689987 0.05116946 0.08315938
v -0.00689721 0.05113454 0.08318172
v -0.00690240 0.05115095 0.08318744
v -0.00689664 0.05111500 0.08320884
v -0.00690126 0.05113187 0.08321547
v -0.00689266 0.05109520 0.08323552
v -0.00692154 0.05116087 0.08330516
v -0.00691027 0.05114525 0.08329583
v -0.00691030 0.05114670 0.08325834
v -0.00691602 0.05116503 0.08322860
v -0.00690245 0.05112982 0.08325055
v -0.00690772 0.05114863 0.08322210
v -0.00689659 0.05111256 0.08324292
v -0.00688547 0.05107554 0.08326120
v -0.00688861 0.05109343 0.08326922
v -0.00689376 0.05111121 0.08327774
v -0.00690098 0.05112860 0.08328666
v -0.00689430 0.05115346 0.08315470
v -0.00689376 0.05109826 0.08320227
v -0.00689056 0.05107799 0.08322841
v -0.00688421 0.05105781 0.08325377
v -0.00690231 0.05114069 0.08337482
v -0.00689020 0.05112738 0.08336249
v -0.00688821 0.05111078 0.08331350
v -0.00688175 0.05109285 0.08330356
v -0.00687742 0.05107449 0.08329432
v -0.00688861 0.05109343 0.08326922
v -0.00687513 0.05105604 0.08328589
v -0.00687476 0.05103777 0.08327829
v -0.00687531 0.05102016 0.08327140
v -0.00688087 0.05103057 0.08325914
v -0.00688430 0.05104442 0.08324211
v -0.00688848 0.05106122 0.08322145
v -0.00689218 0.05107616 0.08320308
v -0.00688946 0.05110187 0.08316986
v -0.00701110 0.05128503 0.08317640
v -0.00698285 0.05131750 0.08309241
v -0.00698227 0.05123303 0.08325618
v -0.00697628 0.05121575 0.08329499
v -0.00696562 0.05119881 0.08333227
v -0.00696369 0.05117953 0.08342547
v -0.00695039 0.05118220 0.08336799
v -0.00696502 0.05117986 0.08342637
v -0.00700084 0.05121485 0.08334825
v -0.00699030 0.05118624 0.08344324
v -0.00699863 0.05118604 0.08344786
v -0.00698328 0.05125026 0.08321669
v -0.00701680 0.05125008 0.08326340
v -0.00700019 0.05118600 0.08344873
v -0.00668373 0.05138993 0.08288443
v -0.00668431 0.05138112 0.08290130
v -0.00677017 0.05135577 0.08294262
v -0.00686230 0.05136516 0.08295848
v -0.00684740 0.05134550 0.08297715
v -0.00691062 0.05132583 0.08303167
v -0.00695525 0.05129887 0.08310045
v -0.00693247 0.05134504 0.08301761
v -0.00689239 0.05139146 0.08291668
v -0.00697919 0.05126710 0.08317726
v -0.00695316 0.05122685 0.08321099
v -0.00686447 0.05099988 0.08329525
v -0.00687416 0.05101803 0.08327391
v -0.00686358 0.05101801 0.08330224
v -0.00686266 0.05103666 0.08330944
v -0.00686222 0.05104553 0.08331286
v -0.00686772 0.05107410 0.08332779
v -0.00687045 0.05108832 0.08333520
v -0.00688090 0.05110974 0.08334996
v -0.00688122 0.05111040 0.08335041
v -0.00688871 0.05112575 0.08336097
v -0.00686976 0.05115707 0.08309700
v -0.00686917 0.05115822 0.08309543
v -0.00690927 0.05116726 0.08319294
v -0.00695043 0.05117619 0.08341664
v -0.00693167 0.05116501 0.08340143
v -0.00693067 0.05116442 0.08340062
v -0.00691590 0.05115563 0.08338866
v 0.00651986 0.04597206 0.08314074
v 0.00652759 0.04597076 0.08314154
v 0.00662574 0.04935107 0.08305794
v 0.00658142 0.04595856 0.08315924
v 0.00659248 0.04595505 0.08316669
v 0.00668992 0.04930693 0.08308342
v 0.00677136 0.04920637 0.08318187
v 0.00676387 0.04921996 0.08316629
v 0.00667003 0.04592307 0.08324730
v 0.00675955 0.04908993 0.08336190
v 0.00676768 0.04909955 0.08334256
v 0.00666600 0.04587248 0.08344202
v 0.00667390 0.04587642 0.08342284
v 0.00677006 0.04910237 0.08333693
v 0.00668586 0.04588306 0.08339125
v 0.00668568 0.04588277 0.08339244
v 0.00668526 0.04588210 0.08339521
v 0.00667621 0.04587758 0.08341720
v 0.00677920 0.04911319 0.08331517
v 0.00677982 0.04911579 0.08331089
v 0.00669112 0.04589167 0.08335570
v 0.00668978 0.04590165 0.08331842
v 0.00669191 0.04589556 0.08334047
v 0.00678512 0.04913765 0.08327497
v 0.00678366 0.04913162 0.08328489
v 0.00669248 0.04589390 0.08334648
v 0.00678345 0.04916717 0.08323233
v 0.00668293 0.04591202 0.08328251
v 0.00678415 0.04916341 0.08323745
v 0.00668528 0.04591002 0.08328894
v 0.00678728 0.04914661 0.08326023
v 0.00668754 0.04590809 0.08329509
v 0.00677984 0.04918651 0.08320610
v 0.00677907 0.04919058 0.08320057
v 0.00677856 0.04919330 0.08319690
v 0.00665754 0.04593046 0.08322573
v 0.00664884 0.04593426 0.08321592
v 0.00676006 0.04922687 0.08315834
v 0.00666634 0.04592540 0.08324036
v 0.00666928 0.04592372 0.08324525
v 0.00675059 0.04924406 0.08313859
v 0.00674551 0.04924988 0.08313317
v 0.00663418 0.04594064 0.08319938
v 0.00662486 0.04594471 0.08318886
v 0.00669082 0.04930617 0.08308397
v 0.00673025 0.04926735 0.08311682
v 0.00672085 0.04927809 0.08310678
v 0.00662417 0.04594501 0.08318808
v 0.00659347 0.04595474 0.08316735
v 0.00671081 0.04928960 0.08309600
v 0.00656064 0.04596338 0.08315197
v 0.00666691 0.04932602 0.08306958
v 0.00665886 0.04933092 0.08306730
v 0.00664333 0.04934037 0.08306292
v 0.00653221 0.04596998 0.08314203
v 0.00654555 0.04596688 0.08314669
v 0.00661656 0.04935665 0.08305535
v 0.00649298 0.04597658 0.08313794
v 0.00661823 0.04935563 0.08305584
v -0.00671742 0.04587511 0.08340365
v -0.00671753 0.04587520 0.08340326
v -0.00679934 0.04854758 0.08333635
v -0.00673161 0.04588671 0.08335181
v -0.00681461 0.04854545 0.08327003
v -0.00680945 0.04854649 0.08330527
v -0.00673190 0.04589448 0.08332203
v -0.00673212 0.04590056 0.08329873
v -0.00681327 0.04854456 0.08323269
v -0.00655982 0.04597060 0.08312394
v -0.00653312 0.04597525 0.08312066
v -0.00661175 0.04854630 0.08305623
v -0.00656766 0.04596924 0.08312491
v -0.00667441 0.04593935 0.08318158
v -0.00666087 0.04594504 0.08316710
v -0.00674453 0.04854347 0.08310514
v -0.00663394 0.04595351 0.08314920
v -0.00671221 0.04854388 0.08308242
v -0.00663256 0.04595395 0.08314830
v -0.00667983 0.04854451 0.08306772
v -0.00662498 0.04595633 0.08314326
v -0.00658592 0.04596574 0.08312841
v -0.00670892 0.04592216 0.08322866
v -0.00670573 0.04592416 0.08322274
v -0.00679052 0.04854349 0.08316221
v -0.00669605 0.04593024 0.08320473
v -0.00676930 0.04854335 0.08313054
v -0.00668865 0.04593335 0.08319680
v -0.00673212 0.04590057 0.08329867
v -0.00672524 0.04590887 0.08327064
v -0.00680525 0.04854391 0.08319671
v -0.00671998 0.04591522 0.08324926
v -0.00671860 0.04587607 0.08339936
v -0.00672560 0.04588180 0.08337378
v -0.00672626 0.04588234 0.08337137
v -0.00670758 0.04587121 0.08342379
v -0.00678948 0.04854839 0.08335669
v -0.00687416 0.05101803 0.08327391
v -0.00686917 0.05115822 0.08309543
v -0.00685461 0.05117377 0.08307339
v -0.00664655 0.04854531 0.08305909
v -0.00658103 0.04596691 0.08312655
v 0.00485029 0.04506682 0.08664042
v 0.00344427 0.04412924 0.08910830
v 0.00347598 0.04764460 0.08914579
v 0.00511075 0.04844161 0.08626854
v 0.00510096 0.04843684 0.08628579
v 0.00000018 0.04436466 0.08889640
v -0.00010482 0.04436545 0.08889003
v -0.00011857 0.04842658 0.08893200
v -0.00186968 0.04437881 0.08878276
v -0.00373847 0.04431351 0.08866948
v -0.00378723 0.04861795 0.08871000
v -0.00379332 0.04866167 0.08871006
v -0.00379456 0.04867052 0.08871009
v -0.00380987 0.04870829 0.08870955
v -0.00381852 0.04872962 0.08870923
v -0.00378993 0.04886892 0.08871236
v -0.00383583 0.04875541 0.08870845
v -0.00384667 0.04877156 0.08870797
v -0.00387400 0.04879837 0.08870659
v -0.00390171 0.04882556 0.08870520
v -0.00391774 0.04883703 0.08870434
v -0.00392204 0.04884010 0.08870411
v -0.00396790 0.04886331 0.08870160
v -0.00398879 0.04887388 0.08870044
v -0.00401756 0.04888257 0.08869880
v -0.00402250 0.04888406 0.08869851
v -0.00406491 0.04889043 0.08869700
v 0.00376808 0.04787435 0.08916684
v 0.00372130 0.04787715 0.08916363
v 0.00347853 0.04792712 0.08914879
v 0.00371245 0.04787768 0.08916304
v 0.00368776 0.04787490 0.08916146
v 0.00367003 0.04786975 0.08916028
v 0.00364335 0.04786201 0.08915854
v 0.00362900 0.04785784 0.08915758
v 0.00361169 0.04784976 0.08915641
v 0.00359218 0.04783668 0.08915504
v 0.00355998 0.04781508 0.08915281
v 0.00354564 0.04780153 0.08915175
v 0.00354179 0.04779789 0.08915149
v 0.00214756 0.04815355 0.08906758
v 0.00352716 0.04777975 0.08915037
v 0.00351430 0.04776381 0.08914940
v 0.00349863 0.04773344 0.08914811
v 0.00348951 0.04771577 0.08914737
v 0.00348199 0.04769153 0.08914663
v 0.00184524 0.04818998 0.08904950
v 0.00348136 0.04768662 0.08914654
v 0.00347598 0.04764460 0.08914579
v 0.00172455 0.04428084 0.08900213
v 0.00185383 0.04426945 0.08901011
v 0.00344427 0.04412924 0.08910830
v -0.00378723 0.04861795 0.08871000
v -0.00373847 0.04431351 0.08866948
v -0.00552253 0.04539133 0.08553131
v -0.05034295 0.04090270 0.05323200
v -0.05109302 0.04035637 0.05323211
v -0.05213524 0.04099355 0.05369565
v -0.06215350 0.02690794 0.05369558
v -0.06053879 0.02827512 0.05323552
v -0.06266503 0.02532737 0.05369513
v -0.06218682 0.02361618 0.05323720
v -0.06266821 0.02531374 0.05369513
v -0.06342557 0.02206880 0.05369562
v -0.05798236 0.03479479 0.05369560
v -0.05705642 0.03448476 0.05323359
v -0.05785960 0.03315210 0.05323399
v -0.06199254 0.02729302 0.05369560
v -0.06189657 0.02752264 0.05369562
v -0.06042909 0.02858524 0.05323541
v -0.06085357 0.03001788 0.05369576
v -0.06016920 0.02931997 0.05323515
v -0.06080236 0.03014039 0.05369578
v -0.05806574 0.03281007 0.05323411
v -0.05953566 0.03242184 0.05369562
v -0.05911111 0.03318651 0.05369557
v -0.05283375 0.03908849 0.05323230
v -0.05279373 0.04043494 0.05369565
v -0.05238590 0.04080952 0.05369565
v -0.05771483 0.03517600 0.05369560
v -0.05730041 0.03576648 0.05369562
v -0.05487790 0.03685988 0.05323293
v -0.05620358 0.03702377 0.05369563
v -0.05446322 0.03731197 0.05323280
v -0.05497754 0.03842918 0.05369568
v -0.05376379 0.03954397 0.05369565
v -0.04682429 0.04326733 0.05323174
v -0.04762329 0.04288360 0.05323169
v -0.04789318 0.04385286 0.05369576
v -0.04950604 0.04292366 0.05369576
v -0.04739691 0.04413878 0.05369576
v -0.04731689 0.04418488 0.05369576
v -0.04567817 0.04381776 0.05323179
v -0.04611547 0.04487705 0.05369574
v -0.04215272 0.04551086 0.05323200
v -0.04321702 0.04615839 0.05369577
v -0.04235359 0.04654012 0.05369579
v -0.04225562 0.04657298 0.05369579
v -0.04178014 0.04568982 0.05323203
v -0.04046962 0.04608769 0.05323217
v -0.03810803 0.04796452 0.05369580
v -0.03699533 0.04827876 0.05369580
v -0.03721688 0.04707526 0.05323257
v -0.03878374 0.04773781 0.05369581
v -0.03450884 0.04886520 0.05369581
v -0.03155237 0.04956248 0.05369584
v -0.03246692 0.04841975 0.05323309
v -0.03326421 0.04823697 0.05323302
v -0.03378026 0.04811864 0.05323298
v -0.03638131 0.04842358 0.05369580
v -0.03683415 0.04831678 0.05369580
v -0.06829914 0.01280391 0.06515272
v -0.06862995 0.01402882 0.06515777
v -0.06866826 0.01402066 0.06505089
v -0.06790749 0.01156950 0.06514605
v -0.06792420 0.01160670 0.06514638
v -0.06797025 0.01158767 0.06503676
v -0.06706311 0.00969026 0.06512916
v -0.06740853 0.01045901 0.06513608
v -0.06747127 0.01043011 0.06502814
v -0.06889456 0.01779498 0.06487559
v -0.06890233 0.01779556 0.06494015
v -0.06874841 0.01905998 0.06494128
v -0.06867440 0.01401946 0.06499160
v -0.06885614 0.01527567 0.06505619
v -0.06833056 0.01844167 0.06446283
v -0.06841744 0.01654085 0.06446283
v -0.06853994 0.01653996 0.06447397
v -0.06842843 0.01630037 0.06446283
v -0.06808123 0.01413215 0.06446283
v -0.06828168 0.01409638 0.06447381
v -0.06788418 0.01290162 0.06446283
v -0.06741040 0.01180683 0.06446283
v -0.06759926 0.01172987 0.06447355
v -0.06644081 0.00956635 0.06446283
v -0.06649573 0.00953404 0.06446686
v -0.06652801 0.00951504 0.06447613
v -0.06770475 0.01168943 0.06451153
v -0.06659405 0.00947618 0.06449512
v -0.06775614 0.01166974 0.06454194
v -0.06667021 0.00943135 0.06454068
v -0.06730841 0.01050869 0.06457792
v -0.06865544 0.01653814 0.06451374
v -0.06837451 0.01899753 0.06447829
v -0.06835638 0.01899450 0.06447600
v -0.06835633 0.01899449 0.06447600
v -0.06825212 0.01897708 0.06446283
v -0.06867346 0.01401965 0.06492956
v -0.06886301 0.01527494 0.06499663
v -0.06889281 0.01653488 0.06516955
v -0.06893139 0.01653378 0.06506018
v -0.06877162 0.01528412 0.06516363
v -0.06866120 0.01414456 0.06515825
v -0.06862997 0.01402892 0.06515777
v -0.06862995 0.01402882 0.06515777
v -0.06883728 0.01527765 0.06480630
v -0.06864753 0.01402472 0.06480266
v -0.06885425 0.01527586 0.06487027
v -0.06866467 0.01402137 0.06486606
v -0.06886266 0.01527498 0.06493423
v -0.06891407 0.01653406 0.06480906
v -0.06893082 0.01653379 0.06487345
v -0.06893888 0.01653367 0.06493776
v -0.06880657 0.01778829 0.06517054
v -0.06889421 0.01779496 0.06506286
v -0.06889875 0.01659617 0.06516984
v -0.06889546 0.01656226 0.06516968
v -0.06870876 0.01905336 0.06517129
v -0.06872411 0.01905592 0.06511899
v -0.06893878 0.01653367 0.06500045
v -0.06891407 0.01653406 0.06480906
v -0.06874031 0.01905862 0.06506380
v -0.06874393 0.01905924 0.06505144
v -0.06839405 0.01407437 0.06451285
v -0.06871163 0.01653726 0.06454567
v -0.06844875 0.01406366 0.06454419
v -0.06876462 0.01653642 0.06458565
v -0.06850039 0.01405354 0.06458339
v -0.06881272 0.01653566 0.06463315
v -0.06854740 0.01404434 0.06462996
v -0.06885443 0.01653500 0.06468719
v -0.06858832 0.01403632 0.06468296
v -0.06888848 0.01653446 0.06474639
v -0.06862197 0.01402974 0.06474106
v -0.06668408 0.00942319 0.06454898
v -0.06671334 0.00940598 0.06457809
v -0.06735105 0.01048811 0.06462224
v -0.06676097 0.00937795 0.06462549
v -0.06738854 0.01047002 0.06467274
v -0.06678918 0.00936135 0.06467049
v -0.06741984 0.01045493 0.06472822
v -0.06682054 0.00934288 0.06472053
v -0.06744425 0.01044314 0.06478721
v -0.06684270 0.00932984 0.06478206
v -0.06746144 0.01043485 0.06484820
v -0.06685959 0.00931990 0.06482898
v -0.06747139 0.01043005 0.06490961
v -0.06686989 0.00931384 0.06490178
v -0.06747447 0.01042857 0.06497001
v -0.06687601 0.00931025 0.06494495
v -0.06687155 0.00931287 0.06501831
v -0.06686889 0.00931443 0.06506219
v -0.06685528 0.00932245 0.06512405
v -0.06797451 0.01158604 0.06497816
v -0.06797217 0.01158693 0.06491714
v -0.06796257 0.01159061 0.06485495
v -0.06794532 0.01159723 0.06479304
v -0.06792036 0.01160679 0.06473305
v -0.06788806 0.01161917 0.06467659
v -0.06784917 0.01163409 0.06462516
v -0.06780475 0.01165111 0.06457998
v -0.06874901 0.01906007 0.06492650
v -0.06887805 0.01779376 0.06481093
v -0.06834755 0.01279076 0.06479821
v -0.06836479 0.01278579 0.06486091
v -0.06837400 0.01278313 0.06492380
v -0.06837560 0.01278266 0.06498539
v -0.06837035 0.01278418 0.06504436
v -0.06805358 0.01189464 0.06514898
v -0.06872532 0.01905612 0.06481205
v -0.06872368 0.01905586 0.06480414
v -0.06869777 0.01905152 0.06475042
v -0.06869777 0.01905152 0.06475042
v -0.06869776 0.01905152 0.06475039
v -0.06866950 0.01904680 0.06469179
v -0.06862372 0.01903915 0.06463701
v -0.06858979 0.01903349 0.06459639
v -0.06852458 0.01902259 0.06454919
v -0.06848941 0.01901672 0.06452373
v -0.03697925 0.06136577 0.06516584
v -0.03363679 0.06286882 0.06517129
v -0.03364884 0.06289845 0.06506379
v -0.04675238 0.05481680 0.06446283
v -0.05152753 0.05053978 0.06446283
v -0.05167920 0.05070329 0.06447364
v -0.06620691 0.02731356 0.06446283
v -0.06651631 0.02605244 0.06446283
v -0.06669734 0.02610252 0.06447385
v -0.06053219 0.03924281 0.06446283
v -0.06294027 0.03523389 0.06446283
v -0.06254692 0.03622475 0.06447367
v -0.05855630 0.04253222 0.06446283
v -0.05877273 0.04240524 0.06447361
v -0.05639823 0.04514359 0.06446283
v -0.05659794 0.04530652 0.06447361
v -0.05311028 0.04912214 0.06446283
v -0.04000460 0.05924093 0.06446283
v -0.04007558 0.05936194 0.06447385
v -0.03958879 0.05951355 0.06446283
v -0.03350217 0.06253785 0.06447599
v -0.03346237 0.06243997 0.06446283
v -0.06680732 0.02613568 0.06451316
v -0.06424858 0.03299093 0.06451246
v -0.06414448 0.03294428 0.06447371
v -0.06392358 0.03284977 0.06446283
v -0.05668649 0.04537740 0.06451189
v -0.05677039 0.04544457 0.06458092
v -0.05680760 0.04547437 0.06462649
v -0.05186598 0.05089673 0.06462703
v -0.04022953 0.05963474 0.06468442
v -0.04020903 0.05959842 0.06463106
v -0.04631861 0.05561514 0.06462857
v -0.03363259 0.06285849 0.06475039
v -0.03362180 0.06283196 0.06469179
v -0.03360430 0.06278896 0.06463698
v -0.03360430 0.06278894 0.06463698
v -0.04018545 0.05955661 0.06458416
v -0.04606388 0.05526820 0.06446283
v -0.04615714 0.05539885 0.06447371
v -0.04622539 0.05549027 0.06451246
v -0.05175810 0.05078499 0.06451204
v -0.04625861 0.05553478 0.06454352
v -0.05179652 0.05082478 0.06454281
v -0.04629001 0.05557683 0.06458239
v -0.05183284 0.05086240 0.06458130
v -0.03350912 0.06255492 0.06447828
v -0.03350217 0.06253787 0.06447599
v -0.04013203 0.05946198 0.06451316
v -0.04015951 0.05951066 0.06454468
v -0.03350217 0.06253787 0.06447599
v -0.03350217 0.06253785 0.06447599
v -0.03359135 0.06275710 0.06459639
v -0.03356643 0.06269584 0.06454918
v -0.03356643 0.06269582 0.06454916
v -0.03355301 0.06266282 0.06452373
v -0.05452339 0.04834882 0.06492100
v -0.05691137 0.04555742 0.06498198
v -0.05452114 0.04834676 0.06504117
v -0.05690743 0.04555428 0.06504078
v -0.05620135 0.04637589 0.06514728
v -0.04635046 0.05565926 0.06515369
v -0.04639342 0.05571536 0.06504689
v -0.04930489 0.05335473 0.06515079
v -0.04924419 0.05344384 0.06504426
v -0.05184499 0.05099368 0.06514907
v -0.05195431 0.05098821 0.06504236
v -0.05190598 0.05093700 0.06514902
v -0.05291692 0.04999732 0.06514834
v -0.05450266 0.04832993 0.06479602
v -0.05690201 0.04554994 0.06485808
v -0.05690975 0.04555613 0.06492065
v -0.05195662 0.05099061 0.06492205
v -0.05194983 0.05098357 0.06485933
v -0.05193726 0.05097056 0.06479683
v -0.05191888 0.05095152 0.06473619
v -0.04924662 0.05344671 0.06492373
v -0.04639604 0.05571885 0.06492602
v -0.04639045 0.05571137 0.06486290
v -0.05189493 0.05092671 0.06467907
v -0.05684013 0.04550041 0.06467836
v -0.05686708 0.04552197 0.06473530
v -0.05688780 0.04553856 0.06479574
v -0.04022975 0.05963400 0.06516118
v -0.04026879 0.05970432 0.06505418
v -0.04184850 0.05874447 0.06515893
v -0.04340210 0.05780293 0.06505018
v -0.04617462 0.05579643 0.06515387
v -0.04534483 0.05644370 0.06515468
v -0.04336510 0.05774646 0.06515709
v -0.03992129 0.05980351 0.06516162
v -0.03752450 0.06112059 0.06516497
v -0.03700096 0.06141193 0.06505889
v -0.04340488 0.05780723 0.06492892
v -0.04026411 0.05969600 0.06493512
v -0.04026348 0.05969492 0.06486950
v -0.03699795 0.06140571 0.06505127
v -0.03365216 0.06290662 0.06492650
v -0.04024634 0.05966454 0.06474292
v -0.04025906 0.05968708 0.06480491
v -0.03363259 0.06285851 0.06475039
v -0.03364828 0.06289708 0.06487741
v -0.03364312 0.06288438 0.06481203
v -0.03364249 0.06288284 0.06480414
v -0.04637982 0.05569713 0.06479990
v -0.04636412 0.05567609 0.06473875
v -0.04634355 0.05564855 0.06468113
v -0.03365023 0.06290186 0.06505144
v -0.03365193 0.06290606 0.06494127
v -0.06857801 0.01980854 0.06517006
v -0.06710100 0.02585760 0.06516133
v -0.06699636 0.02619217 0.06516092
v -0.06703867 0.02620525 0.06509717
v -0.06755348 0.02441081 0.06516314
v -0.06707373 0.02621603 0.06505418
v -0.06708010 0.02621796 0.06499473
v -0.06607345 0.02914308 0.06515722
v -0.06455487 0.03283819 0.06515355
v -0.06449221 0.03306702 0.06509565
v -0.06445392 0.03308384 0.06515330
v -0.06450493 0.03310579 0.06504684
v -0.06418209 0.03374530 0.06515265
v -0.06189834 0.03816798 0.06514947
v -0.06109337 0.03958415 0.06504233
v -0.06110905 0.03941823 0.06514895
v -0.06102946 0.03954430 0.06514889
v -0.05923497 0.04238677 0.06514767
v -0.05685772 0.04551278 0.06514737
v -0.05685635 0.04551457 0.06514737
v -0.06707955 0.02621779 0.06493246
v -0.06707127 0.02621529 0.06486867
v -0.06705478 0.02621032 0.06480491
v -0.06686085 0.02615183 0.06454468
v -0.06691136 0.02616707 0.06458417
v -0.06695731 0.02618092 0.06463106
v -0.06699723 0.02619296 0.06468442
v -0.06702999 0.02620284 0.06474292
v -0.06869776 0.01905152 0.06475039
v -0.06869777 0.01905152 0.06475042
v -0.06451020 0.03310814 0.06498774
v -0.06109782 0.03958687 0.06498344
v -0.06450891 0.03310758 0.06492599
v -0.06109620 0.03958588 0.06492202
v -0.06450038 0.03310375 0.06486287
v -0.06108786 0.03958080 0.06485930
v -0.06448417 0.03309649 0.06479989
v -0.06107242 0.03957137 0.06479680
v -0.06446021 0.03308574 0.06473874
v -0.06104983 0.03955756 0.06473617
v -0.06442884 0.03307168 0.06468110
v -0.06102040 0.03953959 0.06467907
v -0.06439079 0.03305463 0.06462855
v -0.06098483 0.03951788 0.06462701
v -0.06434716 0.03303510 0.06458239
v -0.06094411 0.03949302 0.06458130
v -0.06429927 0.03301362 0.06454352
v -0.06089949 0.03946576 0.06454281
v -0.06085228 0.03943694 0.06451204
v -0.06075534 0.03937774 0.06447364
v -0.02997547 0.06375081 0.06516295
v -0.02871623 0.06388722 0.06515760
v -0.02871858 0.06393134 0.06505088
v -0.02373057 0.06320865 0.06488887
v -0.02373992 0.06317959 0.06478096
v -0.02496054 0.06352087 0.06478721
v -0.02496668 0.06349447 0.06472821
v -0.02871875 0.06393760 0.06499158
v -0.02744907 0.06391176 0.06504438
v -0.02683651 0.06335972 0.06446283
v -0.02870321 0.06332919 0.06446283
v -0.02870778 0.06353753 0.06447380
v -0.03024832 0.06330391 0.06446283
v -0.03110785 0.06307287 0.06446283
v -0.03115024 0.06325388 0.06447397
v -0.03118523 0.06342199 0.06454565
v -0.03356643 0.06269584 0.06454918
v -0.03119603 0.06347387 0.06458564
v -0.03120583 0.06352099 0.06463314
v -0.03117378 0.06336696 0.06451372
v -0.03356643 0.06269582 0.06454916
v -0.03356643 0.06269584 0.06454918
v -0.02388340 0.06273339 0.06446283
v -0.02627668 0.06324099 0.06446283
v -0.02385228 0.06283019 0.06447486
v -0.02625174 0.06339047 0.06447354
v -0.02384730 0.06284567 0.06447677
v -0.02623542 0.06350226 0.06451152
v -0.02381318 0.06295176 0.06451786
v -0.02871873 0.06393665 0.06492955
v -0.02744874 0.06391723 0.06498539
v -0.02871623 0.06388722 0.06515760
v -0.02871501 0.06388734 0.06515760
v -0.02854929 0.06390529 0.06515689
v -0.02745376 0.06383604 0.06515165
v -0.02619433 0.06378363 0.06503679
v -0.02373617 0.06319122 0.06512405
v -0.02372977 0.06321114 0.06501829
v -0.02497113 0.06347462 0.06513486
v -0.02495373 0.06355008 0.06502816
v -0.02615683 0.06374672 0.06514525
v -0.02620091 0.06375684 0.06514564
v -0.02373041 0.06320911 0.06490130
v -0.02495620 0.06353946 0.06484820
v -0.02495371 0.06355022 0.06490963
v -0.02619551 0.06377549 0.06485495
v -0.02619403 0.06378568 0.06491716
v -0.02744941 0.06390599 0.06486091
v -0.02744883 0.06391555 0.06492382
v -0.02871847 0.06392769 0.06486606
v -0.02619817 0.06375720 0.06479304
v -0.02745048 0.06388808 0.06479821
v -0.02871800 0.06391023 0.06480265
v -0.02380221 0.06298584 0.06454177
v -0.02622746 0.06355672 0.06454194
v -0.02499473 0.06337396 0.06457791
v -0.02621994 0.06360824 0.06457998
v -0.02498399 0.06342007 0.06462223
v -0.02621307 0.06365530 0.06462514
v -0.02497456 0.06346061 0.06467273
v -0.02620705 0.06369653 0.06467659
v -0.02620204 0.06373076 0.06473304
v -0.02619367 0.06378814 0.06497818
v -0.02495293 0.06355354 0.06497001
v -0.02372912 0.06321317 0.06500756
v -0.02871092 0.06365200 0.06451284
v -0.02871245 0.06370771 0.06454417
v -0.02871389 0.06376033 0.06458336
v -0.02871521 0.06380821 0.06462994
v -0.02871635 0.06384990 0.06468293
v -0.02871729 0.06388417 0.06474105
v -0.03335504 0.06297931 0.06517247
v -0.03245145 0.06332478 0.06506286
v -0.03245382 0.06333255 0.06494014
v -0.03242858 0.06324733 0.06517054
v -0.03124456 0.06358989 0.06516807
v -0.03122128 0.06359517 0.06474637
v -0.03364249 0.06288284 0.06480414
v -0.03244674 0.06330927 0.06481092
v -0.03245156 0.06332509 0.06487558
v -0.03364828 0.06289708 0.06487742
v -0.03123002 0.06363718 0.06506018
v -0.03123153 0.06364443 0.06500045
v -0.03123155 0.06364452 0.06493776
v -0.03122990 0.06363664 0.06487343
v -0.03122649 0.06362022 0.06480906
v -0.03360430 0.06278894 0.06463698
v -0.03360430 0.06278896 0.06463698
v -0.03121434 0.06356183 0.06468718
v -0.02998314 0.06382073 0.06480629
v -0.02998512 0.06383769 0.06487027
v -0.02998610 0.06384609 0.06493423
v -0.02998614 0.06384644 0.06499663
v -0.02998534 0.06383957 0.06505619
v -0.03111484 0.06362740 0.06516781
v -0.02374047 0.06317788 0.06477459
v -0.02496668 0.06349447 0.06472821
v -0.02375824 0.06312257 0.06467099
v -0.02375890 0.06312056 0.06466871
v -0.02378294 0.06304580 0.06458381
v -0.02378619 0.06303569 0.06457673
v -0.03122649 0.06362022 0.06480906
v -0.06389494 0.02403468 0.06446283
v -0.06200594 0.02258015 0.07043541
v -0.06447922 0.02116193 0.06446283
v -0.06200661 0.02257789 0.07043541
v -0.06489597 0.01820586 0.06446283
v -0.06300246 0.01676315 0.07043920
v -0.06220463 0.02970176 0.06446283
v -0.06031914 0.02823538 0.07043254
v -0.06351602 0.02555014 0.06446283
v -0.06388641 0.02407663 0.06446283
v -0.05440770 0.04355053 0.06446283
v -0.05254075 0.04205607 0.07042927
v -0.05617152 0.04120947 0.06446283
v -0.05254217 0.04205450 0.07042927
v -0.05782008 0.03872099 0.06446283
v -0.05594486 0.03723600 0.07042972
v -0.05044266 0.04793762 0.06446283
v -0.04858309 0.04643308 0.07042972
v -0.05341348 0.04475504 0.06446283
v -0.05438186 0.04358481 0.06446283
v -0.03744300 0.05708106 0.06446283
v -0.03561023 0.05555642 0.07043541
v -0.04004296 0.05572730 0.06446283
v -0.03561197 0.05555569 0.07043541
v -0.04260247 0.05419077 0.06446283
v -0.04075880 0.05267214 0.07043254
v -0.03197494 0.05933415 0.06446283
v -0.03015260 0.05780253 0.07043920
v -0.03602671 0.05774043 0.06446283
v -0.03561023 0.05555642 0.07043541
v -0.03740480 0.05710096 0.06446283
v -0.06767272 0.01863448 0.06765288
v -0.06518231 0.02499529 0.07008134
v -0.06589086 0.02172441 0.07009037
v -0.06665082 0.01821614 0.07010003
v -0.06512557 0.02525727 0.07008062
v -0.06490203 0.02628923 0.07007777
v -0.06398432 0.02866693 0.07007303
v -0.06275746 0.03184564 0.07006669
v -0.06269276 0.03201325 0.07006636
v -0.06192538 0.03400150 0.07006240
v -0.06120501 0.03525134 0.07006100
v -0.05944419 0.03830636 0.07005761
v -0.05941319 0.03836013 0.07005755
v -0.05780701 0.04114686 0.07005445
v -0.05756132 0.04145396 0.07005445
v -0.05530770 0.04427094 0.07005443
v -0.05530660 0.04427231 0.07005443
v -0.05306687 0.04707192 0.07005443
v -0.05282437 0.04737502 0.07005443
v -0.05047988 0.04953365 0.07005749
v -0.05039362 0.04961308 0.07005761
v -0.04784063 0.05196368 0.07006093
v -0.04676187 0.05295691 0.07006235
v -0.04498311 0.05414660 0.07006633
v -0.04481444 0.05425942 0.07006669
v -0.04197755 0.05615682 0.07007304
v -0.03564585 0.05952485 0.07009031
v -0.03236925 0.06104417 0.07010003
v -0.03300120 0.06194967 0.06765287
v -0.03866204 0.05812629 0.07008134
v -0.03890996 0.05801133 0.07008060
v -0.03987111 0.05756567 0.07007776
v -0.06241976 0.01530894 0.07049679
v -0.06238040 0.01527184 0.07049923
v -0.06425499 0.01661648 0.06446283
v -0.06007593 0.01509223 0.07115677
v -0.06005363 0.01510332 0.07116872
v -0.06215821 0.01655097 0.06419195
v -0.05934735 0.01589205 0.07159735
v -0.05930184 0.01611229 0.07161503
v -0.06146192 0.01793611 0.06384712
v -0.05944055 0.01567345 0.07154119
v -0.05943253 0.01568515 0.07154639
v -0.06153719 0.01758645 0.06385875
v -0.05938442 0.01580199 0.07157516
v -0.05935066 0.01588400 0.07159536
v -0.06166400 0.01724982 0.06392219
v -0.06178145 0.01701945 0.06399119
v -0.05972072 0.01533677 0.07136252
v -0.06182548 0.01693308 0.06401706
v -0.05977216 0.01529121 0.07133044
v -0.06154828 0.01753494 0.06386046
v -0.06160976 0.01735622 0.06389033
v -0.05954257 0.01552469 0.07147496
v -0.05959524 0.01544789 0.07144078
v -0.06182723 0.01693054 0.06401809
v -0.05977216 0.01529121 0.07133044
v -0.06188267 0.01685033 0.06405043
v -0.05988357 0.01519257 0.07126098
v -0.05989560 0.01518192 0.07125348
v -0.06205427 0.01666390 0.06413856
v -0.06216745 0.01654437 0.06419559
v -0.06037051 0.01494727 0.07099942
v -0.06036474 0.01494862 0.07100187
v -0.06069316 0.01487147 0.07086194
v -0.06237162 0.01639870 0.06427595
v -0.06254464 0.01632168 0.06432454
v -0.06072270 0.01486453 0.07084935
v -0.06231240 0.01644095 0.06425265
v -0.06047560 0.01492258 0.07095465
v -0.06261465 0.01629051 0.06434421
v -0.06267610 0.01626315 0.06436146
v -0.06081021 0.01484398 0.07081206
v -0.06108297 0.01483820 0.07072577
v -0.06144163 0.01485926 0.07062616
v -0.06131119 0.01483337 0.07065356
v -0.06294411 0.01621516 0.06440629
v -0.06281422 0.01622713 0.06438914
v -0.06114279 0.01483693 0.07070685
v -0.06329826 0.01620321 0.06444585
v -0.06178843 0.01493578 0.07055613
v -0.06328776 0.01620255 0.06444504
v -0.06175638 0.01492175 0.07055999
v -0.06316438 0.01619487 0.06443539
v -0.06159900 0.01489051 0.07059308
v -0.06332223 0.01620863 0.06444677
v -0.06363175 0.01627857 0.06445859
v -0.06182266 0.01495077 0.07055199
v -0.06203802 0.01504510 0.07052600
v -0.06368975 0.01629168 0.06446081
v -0.06210605 0.01507490 0.07051778
v -0.06378457 0.01632799 0.06446199
v -0.06395795 0.01641819 0.06446251
v -0.06421757 0.01658361 0.06446283
v -0.06226684 0.01517120 0.07050568
v -0.06224514 0.01515623 0.07050686
v -0.06213702 0.01508845 0.07051404
v -0.06405913 0.01647083 0.06446283
v -0.06229471 0.01519110 0.07050452
v -0.06228827 0.01518645 0.07050452
v -0.06288223 0.01593879 0.07046371
v -0.06284859 0.01586220 0.07046685
v -0.06470081 0.01717136 0.06446283
v -0.06284373 0.01585451 0.07046721
v -0.06280424 0.01579205 0.07047024
v -0.06462573 0.01703836 0.06446283
v -0.06271957 0.01565812 0.07047674
v -0.06449658 0.01687926 0.06446283
v -0.06262370 0.01550646 0.07048407
v -0.06435367 0.01670318 0.06446283
v -0.06261528 0.01549314 0.07048472
v -0.06258828 0.01546770 0.07048639
v -0.06482595 0.01750493 0.06446283
v -0.06485999 0.01759914 0.06446283
v -0.06299369 0.01634592 0.07044966
v -0.06299543 0.01642886 0.07044758
v -0.06295003 0.01618646 0.07045517
v -0.06292706 0.01610255 0.07045807
v -0.06471372 0.01719423 0.06446283
v -0.06291918 0.01607376 0.07045906
v -0.06288842 0.01596139 0.07046294
v -0.06489260 0.01785141 0.06446283
v -0.06300000 0.01664576 0.07044214
v -0.06489189 0.01777708 0.06446283
v -0.06299753 0.01652877 0.07044507
v -0.06127125 0.01898261 0.06392870
v -0.05835014 0.02152029 0.07168918
v -0.05677950 0.02677770 0.07169130
v -0.05879774 0.02844511 0.06445920
v -0.05920189 0.02723142 0.06442900
v -0.05971018 0.02570496 0.06439100
v -0.05985232 0.02527811 0.06438038
v -0.06002973 0.02461276 0.06433660
v -0.06020872 0.02394147 0.06429242
v -0.05835165 0.02151173 0.07168908
v -0.06039687 0.02323585 0.06424596
v -0.06070405 0.02208378 0.06417013
v -0.06071084 0.02205833 0.06416846
v -0.06075572 0.02181204 0.06414927
v -0.06119615 0.01939475 0.06396082
v -0.05674728 0.02688330 0.07168438
v -0.05672500 0.02702176 0.07165899
v -0.05871809 0.02878897 0.06446142
v -0.05671138 0.02710642 0.07164345
v -0.05671073 0.02711044 0.07164273
v -0.05671073 0.02711044 0.07164273
v -0.05671403 0.02726595 0.07159260
v -0.05671672 0.02739256 0.07155182
v -0.05869679 0.02888091 0.06446203
v -0.05673195 0.02746212 0.07152083
v -0.05870088 0.02914015 0.06446251
v -0.05682699 0.02782559 0.07135328
v -0.05875090 0.02948896 0.06446283
v -0.05870349 0.02930532 0.06446283
v -0.05679903 0.02776854 0.07138431
v -0.05674103 0.02750360 0.07150233
v -0.05688741 0.02794886 0.07128624
v -0.05699056 0.02815933 0.07117177
v -0.05881100 0.02972176 0.06446283
v -0.05699995 0.02817848 0.07116137
v -0.05885843 0.02982758 0.06446283
v -0.05709043 0.02836311 0.07106096
v -0.05888562 0.02988823 0.06446283
v -0.05709387 0.02836704 0.07105864
v -0.05721495 0.02850572 0.07097706
v -0.05925015 0.03037812 0.06446283
v -0.05912647 0.03024747 0.06446283
v -0.05904767 0.03012994 0.06446283
v -0.05724955 0.02854535 0.07095376
v -0.05740607 0.02872463 0.07084833
v -0.05927926 0.03039998 0.06446283
v -0.05747588 0.02880460 0.07080130
v -0.05956571 0.03061510 0.06446283
v -0.05750040 0.02883267 0.07078477
v -0.05750710 0.02883859 0.07078145
v -0.05757673 0.02888923 0.07075122
v -0.05777321 0.02903214 0.07066587
v -0.05778072 0.02903760 0.07066260
v -0.05784028 0.02908092 0.07063673
v -0.05798824 0.02914946 0.07059466
v -0.05959609 0.03063792 0.06446283
v -0.05810980 0.02920577 0.07056010
v -0.05975891 0.03072186 0.06446283
v -0.05988901 0.03076309 0.06446283
v -0.05820185 0.02924841 0.07053393
v -0.06016969 0.03085203 0.06446283
v -0.05845024 0.02930481 0.07049299
v -0.06023184 0.03086064 0.06446283
v -0.05856650 0.02933122 0.07047381
v -0.05870193 0.02933044 0.07046445
v -0.06035297 0.03087743 0.06446283
v -0.05879092 0.02932993 0.07045830
v -0.06058665 0.03087005 0.06446283
v -0.05895151 0.02932900 0.07044720
v -0.05906490 0.02930490 0.07044436
v -0.06078126 0.03086392 0.06446283
v -0.05912383 0.02929237 0.07044288
v -0.06093836 0.03083185 0.06446283
v -0.05922451 0.02927098 0.07044034
v -0.05938991 0.02919817 0.07043719
v -0.06096242 0.03082694 0.06446283
v -0.05943562 0.02917805 0.07043632
v -0.06126942 0.03070770 0.06446283
v -0.05949511 0.02915186 0.07043518
v -0.05960159 0.02910500 0.07043315
v -0.06135992 0.03067255 0.06446283
v -0.05972405 0.02901606 0.07043168
v -0.06151727 0.03057813 0.06446283
v -0.06157213 0.03053103 0.06446283
v -0.06204116 0.03001360 0.06446283
v -0.06195589 0.03016128 0.06446283
v -0.05996688 0.02879238 0.07042988
v -0.05984835 0.02892578 0.07043020
v -0.05995043 0.02881089 0.07042991
v -0.06183971 0.03030137 0.06446283
v -0.06184008 0.03030105 0.06446283
v -0.06012440 0.02861512 0.07042943
v -0.06016753 0.02853101 0.07043011
v -0.06216807 0.02979379 0.06446283
v -0.06021426 0.02843989 0.07043087
v -0.01760953 0.05131364 0.05464619
v -0.01877360 0.05122531 0.05447647
v -0.01912710 0.05108767 0.05467699
v -0.06374695 0.01702065 0.05381519
v -0.06373477 0.01690949 0.05382823
v -0.06300133 0.01709249 0.05598868
v -0.06284166 0.01128642 0.05478052
v -0.06168816 0.00680218 0.05612700
v -0.06154906 0.00677535 0.05703769
v -0.05872785 -0.00214673 0.05899581
v -0.05850116 -0.00265494 0.05914739
v -0.05932395 -0.00013344 0.05951286
v -0.06081277 0.00644796 0.06041876
v -0.06086936 0.00671697 0.06041874
v -0.06104359 0.00671669 0.05978346
v -0.00421859 0.05174087 0.06041884
v -0.00382051 0.05187842 0.05975023
v -0.00680089 0.05148110 0.06041858
v -0.00932999 0.05171841 0.05740476
v -0.00699461 0.05146161 0.06041856
v -0.01356731 0.05036990 0.06041581
v -0.01217326 0.05066907 0.06041583
v -0.01277490 0.05070576 0.05972134
v -0.01214855 0.05067285 0.06041584
v -0.00932999 0.05171841 0.05740476
v -0.00774378 0.05134696 0.06041817
v -0.01936116 0.04908116 0.06041611
v -0.01870396 0.04925920 0.06041579
v -0.01474226 0.05080099 0.05778831
v -0.01855519 0.04929950 0.06041573
v -0.01379131 0.05032184 0.06041580
v -0.02511778 0.04752171 0.06041890
v -0.02347542 0.04796661 0.06041809
v -0.02318324 0.04815815 0.06021656
v -0.02293651 0.04811260 0.06041784
v -0.01685779 0.05092201 0.05609955
v -0.02546427 0.04742783 0.06041905
v -0.02532935 0.04819149 0.05858693
v -0.03081261 0.04566429 0.06042185
v -0.02760005 0.04824911 0.05716191
v -0.03175674 0.04535297 0.06042234
v -0.03280707 0.04493277 0.06042184
v -0.03252077 0.04838926 0.05490397
v -0.03335488 0.04471362 0.06042157
v -0.03760771 0.04465616 0.05779183
v -0.03732993 0.04312333 0.06041966
v -0.03641482 0.04348943 0.06042011
v -0.04645747 0.04029931 0.05774083
v -0.04241631 0.04058983 0.06042000
v -0.04245839 0.04450369 0.05550819
v -0.04189031 0.04090157 0.06042006
v -0.03998989 0.04459418 0.05659020
v -0.04186710 0.04091287 0.06042006
v -0.04182040 0.04093563 0.06042006
v -0.04942524 0.03597561 0.06042204
v -0.04700748 0.03772940 0.06042030
v -0.04595704 0.03849137 0.06041955
v -0.05384767 0.03539481 0.05682556
v -0.05173342 0.03393575 0.06042127
v -0.04992388 0.03591509 0.06000179
v -0.05051513 0.03501946 0.06042172
v -0.04950656 0.03591661 0.06042211
v -0.05582764 0.02945879 0.06041726
v -0.05527856 0.03021986 0.06041742
v -0.05622245 0.03084013 0.05856188
v -0.05444353 0.03113893 0.06041853
v -0.05261467 0.03315184 0.06042093
v -0.05906823 0.02431178 0.06041850
v -0.05820206 0.02587155 0.06041754
v -0.05807342 0.02635322 0.06026936
v -0.05792689 0.02636705 0.06041723
v -0.05748792 0.02715754 0.06041673
v -0.06058746 0.02169962 0.05963469
v -0.06098849 0.01888904 0.06041924
v -0.06045455 0.02097150 0.06041902
v -0.06024184 0.02149975 0.06041895
v -0.06011529 0.02181399 0.06041892
v -0.05951179 0.02601061 0.05825269
v -0.05921822 0.02404168 0.06041868
v -0.06210286 0.01735404 0.05840561
v -0.06126912 0.01760061 0.06041934
v -0.06122596 0.01796288 0.06041934
v -0.06107089 0.01856765 0.06041928
v -0.06175930 0.02136498 0.05742307
v -0.06202119 0.01362914 0.05911041
v -0.06158212 0.01497355 0.06041929
v -0.06151324 0.01555167 0.06041931
v -0.06138637 0.01015033 0.06041841
v -0.06156698 0.01174191 0.06041818
v -0.06157054 0.01250146 0.06041845
v -0.06157631 0.01373248 0.06041887
v -0.06013066 0.00320585 0.06041884
v -0.06000608 0.00272763 0.06041908
v -0.05689728 -0.00625071 0.06021980
v -0.05681103 -0.00632582 0.06041873
v -0.05682086 -0.00642201 0.06027089
v -0.05655685 -0.00695573 0.06041874
v -0.05849240 -0.00215912 0.06041866
v -0.05874950 -0.00132908 0.06041873
v -0.05911042 -0.00016391 0.06041882
v -0.06156450 0.00632146 0.05627136
v -0.06035200 0.00232154 0.05756371
v -0.06000267 0.00136048 0.05787174
v -0.05947836 -0.00008197 0.05833405
v -0.06273347 0.01347079 0.05655338
v -0.06322848 0.01311551 0.05436212
v -0.06298329 0.01183701 0.05461519
v -0.06364520 0.01609200 0.05392410
v -0.06343986 0.01421780 0.05414391
v -0.06328071 0.01338792 0.05430819
v -0.06288990 0.02105745 0.05517484
v -0.06360055 0.02088361 0.05369732
v -0.06371511 0.01976377 0.05370611
v -0.06372259 0.01911879 0.05373176
v -0.06233466 0.02537965 0.05418521
v -0.06342557 0.02206880 0.05369562
v -0.06359304 0.02095699 0.05369674
v -0.06199254 0.02729302 0.05369560
v -0.06215350 0.02690794 0.05369558
v -0.06266503 0.02532737 0.05369513
v -0.06266821 0.02531374 0.05369513
v -0.06189657 0.02752264 0.05369562
v -0.06093034 0.02568105 0.05622654
v -0.05962984 0.03022630 0.05497207
v -0.05788706 0.03482718 0.05379044
v -0.05798236 0.03479479 0.05369560
v -0.05911111 0.03318651 0.05369557
v -0.05953566 0.03242184 0.05369562
v -0.06080236 0.03014039 0.05369578
v -0.06085357 0.03001788 0.05369576
v -0.05376379 0.03954397 0.05369565
v -0.05497754 0.03842918 0.05369568
v -0.05585054 0.03511625 0.05529493
v -0.05620358 0.03702377 0.05369563
v -0.05730041 0.03576648 0.05369562
v -0.05771483 0.03517600 0.05369560
v -0.05279373 0.04043494 0.05369565
v -0.05332650 0.03962047 0.05394114
v -0.05238590 0.04080952 0.05369565
v -0.05098225 0.03988102 0.05515754
v -0.05213524 0.04099355 0.05369565
v -0.04950604 0.04292366 0.05369576
v -0.04321702 0.04615839 0.05369577
v -0.04611547 0.04487705 0.05369574
v -0.04501170 0.04437014 0.05452313
v -0.04731689 0.04418488 0.05369576
v -0.04869331 0.04010544 0.05641876
v -0.04739691 0.04413878 0.05369576
v -0.04789318 0.04385286 0.05369576
v -0.04225562 0.04657298 0.05369579
v -0.04235359 0.04654012 0.05369579
v -0.03638131 0.04842358 0.05369580
v -0.03683415 0.04831678 0.05369580
v -0.03699533 0.04827876 0.05369580
v -0.03810803 0.04796452 0.05369580
v -0.03878374 0.04773781 0.05369581
v -0.03450884 0.04886520 0.05369581
v -0.03517041 0.04843169 0.05403838
v -0.03155237 0.04956248 0.05369584
v -0.02760005 0.04824911 0.05716191
v -0.02339617 0.05083767 0.05389624
v -0.02340514 0.05083678 0.05389546
v -0.02753582 0.05028413 0.05372758
v -0.02783806 0.05024369 0.05371531
v -0.03028542 0.04979485 0.05370248
v -0.01926364 0.05118813 0.05440503
v -0.01987275 0.05114191 0.05431622
v -0.02180411 0.05099534 0.05403461
v -0.02233398 0.05094286 0.05398855
v -0.01538077 0.05145084 0.05514962
v -0.01572993 0.05143120 0.05504391
v -0.00342218 0.05201606 0.05908122
v -0.00442942 0.05200043 0.05873145
v -0.00891720 0.05179825 0.05717162
v -0.00993366 0.05175245 0.05681833
v -0.01037095 0.05173275 0.05666634
v -0.01054938 0.05172272 0.05661232
v -0.01216364 0.05163187 0.05612361
v -0.05792272 0.03052906 0.05676167
v -0.05376379 0.03954397 0.05369565
v -0.06114594 0.00803160 0.06041871
v -0.06163776 0.01012100 0.05956265
v -0.06284382 0.00263597 0.06466997
v -0.06284490 0.00263532 0.06467234
v -0.06401781 0.00464403 0.06467515
v -0.06394245 0.00468847 0.06458204
v -0.06277215 0.00267874 0.06457853
v -0.06280863 0.00265696 0.06462507
v -0.06382213 0.00475939 0.06449637
v -0.06381922 0.00476111 0.06449553
v -0.06259084 0.00278604 0.06447043
v -0.06375775 0.00479735 0.06447777
v -0.06259081 0.00278606 0.06447042
v -0.06372097 0.00481903 0.06446715
v -0.06250001 0.00283953 0.06445646
v -0.06371885 0.00482028 0.06446654
v -0.06366614 0.00485135 0.06446283
v -0.06259084 0.00278604 0.06447043
v -0.06259138 0.00278572 0.06447065
v -0.06268351 0.00273130 0.06450976
v -0.06385274 0.00474136 0.06451526
v -0.06268437 0.00273079 0.06451043
v -0.06390888 0.00470825 0.06454989
v -0.06268481 0.00273053 0.06451076
v -0.06391583 0.00470417 0.06455417
v -0.06272830 0.00270474 0.06454429
v -0.06277131 0.00267923 0.06457744
v -0.06277215 0.00267874 0.06457853
v -0.06280895 0.00265678 0.06462549
v -0.06399545 0.00465722 0.06463756
v -0.06398515 0.00466329 0.06462678
v -0.06398344 0.00466430 0.06462500
v -0.06406898 0.00461382 0.06478798
v -0.06404926 0.00462548 0.06472805
v -0.06287072 0.00261973 0.06472876
v -0.06404508 0.00462794 0.06472103
v -0.06290810 0.00259690 0.06484463
v -0.06291964 0.00258970 0.06489892
v -0.06409537 0.00459821 0.06490742
v -0.06289451 0.00260536 0.06478074
v -0.06289522 0.00260492 0.06478412
v -0.06408276 0.00460568 0.06482985
v -0.06408962 0.00460163 0.06485070
v -0.06409707 0.00459716 0.06502369
v -0.06410154 0.00459452 0.06496831
v -0.06292001 0.00258898 0.06496216
v -0.06409920 0.00459592 0.06494522
v -0.06291967 0.00258965 0.06490343
v -0.06291967 0.00258966 0.06490304
v -0.06291964 0.00258970 0.06489892
v -0.06341122 0.00346889 0.06512243
v -0.06408035 0.00460700 0.06512405
v -0.06409397 0.00459898 0.06506219
v -0.06292031 0.00258839 0.06501385
v -0.06291948 0.00258884 0.06501832
v -0.06291942 0.00258887 0.06501864
v -0.06290105 0.00259883 0.06511751
v -0.06080614 -0.00037825 0.06435988
v -0.06043619 -0.00108101 0.06433880
v -0.06045518 -0.00109294 0.06435387
v -0.06141450 0.00077742 0.06439458
v -0.06113834 0.00025283 0.06437883
v -0.06115401 0.00024234 0.06439840
v -0.06019764 -0.00153418 0.06432519
v -0.05973078 -0.00242106 0.06429857
v -0.05976195 -0.00243986 0.06431878
v -0.05689341 -0.00777084 0.06431608
v -0.05689357 -0.00777095 0.06431640
v -0.05762536 -0.00644795 0.06432233
v -0.05693958 -0.00780485 0.06466784
v -0.05692976 -0.00780028 0.06472271
v -0.05757052 -0.00669508 0.06474833
v -0.05855138 -0.00499504 0.06480044
v -0.05992034 -0.00260248 0.06490426
v -0.05995637 -0.00257696 0.06482734
v -0.05993845 -0.00257086 0.06490555
v -0.06183411 0.00157453 0.06441851
v -0.06259081 0.00278606 0.06447042
v -0.06184347 0.00154427 0.06443525
v -0.06197448 0.00148881 0.06450557
v -0.06192949 0.00151543 0.06448092
v -0.06188392 0.00154227 0.06446290
v -0.06259138 0.00278572 0.06447065
v -0.06259084 0.00278604 0.06447043
v -0.06259081 0.00278606 0.06447042
v -0.06129864 0.00015344 0.06450982
v -0.06133434 0.00013110 0.06454845
v -0.06280895 0.00265678 0.06462549
v -0.06136630 0.00011062 0.06459218
v -0.06139374 0.00009249 0.06464026
v -0.06141611 0.00007706 0.06469179
v -0.06143300 0.00006462 0.06474569
v -0.06144425 0.00005532 0.06480085
v -0.06144993 0.00004919 0.06485618
v -0.06291967 0.00258966 0.06490304
v -0.05996155 -0.00257762 0.06478345
v -0.06291967 0.00258965 0.06490343
v -0.06291967 0.00258966 0.06490304
v -0.06291942 0.00258887 0.06501864
v -0.06291948 0.00258884 0.06501832
v -0.05768678 -0.00648556 0.06442965
v -0.05693339 -0.00779634 0.06442723
v -0.05694734 -0.00780562 0.06448485
v -0.05689341 -0.00777084 0.06431608
v -0.05762536 -0.00644795 0.06432233
v -0.05686867 -0.00775543 0.06426526
v -0.05691942 -0.00778703 0.06436947
v -0.05766444 -0.00647119 0.06436789
v -0.05840230 -0.00515078 0.06437134
v -0.05915104 -0.00383839 0.06441540
v -0.05843137 -0.00516945 0.06443734
v -0.05916867 -0.00384994 0.06445135
v -0.05845175 -0.00518350 0.06450841
v -0.05919599 -0.00386882 0.06452848
v -0.05866877 -0.00442998 0.06429278
v -0.05847671 -0.00475872 0.06428354
v -0.05835176 -0.00512124 0.06432715
v -0.05836604 -0.00496496 0.06428229
v -0.05949170 -0.00316084 0.06439025
v -0.05984972 -0.00249412 0.06440175
v -0.05982207 -0.00247676 0.06437047
v -0.05913106 -0.00382562 0.06438161
v -0.05944051 -0.00312889 0.06433046
v -0.05979265 -0.00245858 0.06434279
v -0.05937288 -0.00308864 0.06429374
v -0.05901482 -0.00375592 0.06428966
v -0.05907616 -0.00379262 0.06433607
v -0.05897655 -0.00382725 0.06428924
v -0.05865685 -0.00442302 0.06428560
v -0.05987516 -0.00251040 0.06443638
v -0.05989797 -0.00252533 0.06447410
v -0.05991776 -0.00253870 0.06451452
v -0.05993421 -0.00255028 0.06455713
v -0.05829899 -0.00508993 0.06428154
v -0.05775757 -0.00609889 0.06427537
v -0.05758359 -0.00642312 0.06427340
v -0.06117770 0.00022651 0.06442814
v -0.06121942 0.00020166 0.06444951
v -0.06126003 0.00017713 0.06447676
v -0.05695085 -0.00781012 0.06460486
v -0.05846374 -0.00519600 0.06465651
v -0.05846260 -0.00519241 0.06458229
v -0.05695085 -0.00781012 0.06460486
v -0.05694918 -0.00780797 0.06454786
v -0.05845839 -0.00518863 0.06454516
v -0.05694738 -0.00780568 0.06448639
v -0.05994709 -0.00255992 0.06460142
v -0.05995627 -0.00256750 0.06464680
v -0.05996168 -0.00257297 0.06469265
v -0.05996340 -0.00257632 0.06473839
v -0.05695085 -0.00781012 0.06460486
v -0.05695055 -0.00780996 0.06460653
v -0.05695015 -0.00780978 0.06460878
v -0.06066617 -0.00122729 0.06459617
v -0.06064448 -0.00121229 0.06455046
v -0.06061884 -0.00119524 0.06450795
v -0.06058974 -0.00117646 0.06446923
v -0.06055777 -0.00115630 0.06443477
v -0.06052357 -0.00113517 0.06440488
v -0.06048781 -0.00111342 0.06437971
v -0.05689357 -0.00777095 0.06431640
v -0.05971394 -0.00245303 0.06429761
v -0.05958966 -0.00268464 0.06429622
v -0.05694734 -0.00780562 0.06448485
v -0.06616002 0.00917370 0.06674145
v -0.06577108 0.01103445 0.07004233
v -0.06580637 0.00909835 0.06756462
v -0.06476072 0.00888109 0.07000719
v -0.06578843 0.01107144 0.07004293
v -0.06590050 0.01131028 0.07004683
v -0.06638963 0.01340165 0.07006924
v -0.06862997 0.01402892 0.06515777
v -0.06862995 0.01402882 0.06515777
v -0.06639149 0.01340960 0.07006933
v -0.06670152 0.01473520 0.07008353
v -0.06668610 0.01579406 0.07008855
v -0.06668586 0.01581013 0.07008864
v -0.03026662 0.06165144 0.07009211
v -0.03005133 0.06166711 0.07009027
v -0.03003113 0.06166858 0.07009009
v -0.02760700 0.06184498 0.07006917
v -0.02761411 0.06184448 0.07006923
v -0.02517811 0.06167421 0.07004055
v -0.02284687 0.06124414 0.07000718
v -0.02328783 0.06221684 0.06756462
v -0.02652899 0.06192344 0.07005989
v -0.02522444 0.06168276 0.07004120
v -0.02615683 0.06374672 0.06514525
v -0.04327210 0.05339280 0.06446283
v -0.04338657 0.05306603 0.06446283
v -0.06058665 0.03087005 0.06446283
v -0.06078126 0.03086392 0.06446283
v -0.04310111 0.05369816 0.06446283
v -0.04315689 0.05362862 0.06446283
v -0.05544811 0.03614668 0.06446283
v -0.05528844 0.03623824 0.06446283
v -0.05400487 0.03459411 0.06446283
v -0.05521758 0.03629681 0.06446283
v -0.05737175 0.03106467 0.06446283
v -0.05801726 0.03021188 0.06446283
v -0.05584945 0.03599953 0.06446283
v -0.05870349 0.02930532 0.06446283
v -0.05585274 0.03599892 0.06446283
v -0.06096242 0.03082694 0.06446283
v -0.06126942 0.03070770 0.06446283
v -0.06135992 0.03067255 0.06446283
v -0.05552033 0.03612019 0.06446283
v -0.04766987 0.04561641 0.06446283
v -0.04765863 0.04563154 0.06446283
v -0.04454997 0.04180100 0.06446283
v -0.04750743 0.04592912 0.06446283
v -0.03930099 0.04470237 0.06446283
v -0.04324554 0.05346861 0.06446283
v -0.06093836 0.03083185 0.06446283
v -0.06151727 0.03057813 0.06446283
v -0.06157213 0.03053103 0.06446283
v -0.06183971 0.03030137 0.06446283
v -0.02236635 0.05109346 0.06446283
v -0.03010980 0.05631945 0.06446283
v -0.02998627 0.05645242 0.06446283
v -0.05800005 0.03833436 0.06446283
v -0.05804758 0.03816108 0.06446283
v -0.05496033 0.03650950 0.06446283
v -0.05494804 0.03652378 0.06446283
v -0.05265530 0.03600884 0.06446283
v -0.04746578 0.04601109 0.06446283
v -0.04741142 0.04618694 0.06446283
v -0.03876425 0.04499905 0.06446283
v -0.04740140 0.04626320 0.06446283
v -0.04735573 0.04661075 0.06446283
v -0.02959241 0.05785207 0.06446283
v -0.02960712 0.05800093 0.06446283
v -0.00531772 0.05676307 0.06446283
v -0.02981608 0.05852182 0.06446283
v -0.02983782 0.05856834 0.06446283
v -0.05796893 0.03840122 0.06446283
v -0.06485999 0.01759914 0.06446283
v -0.06482595 0.01750493 0.06446283
v -0.06471372 0.01719423 0.06446283
v -0.06470081 0.01717136 0.06446283
v -0.06462573 0.01703836 0.06446283
v -0.06449658 0.01687926 0.06446283
v -0.06386706 0.00600784 0.06446283
v -0.06412265 0.00785533 0.06446283
v -0.05484108 0.03664800 0.06446283
v -0.05473315 0.03680322 0.06446283
v -0.04945888 0.03841707 0.06446283
v -0.05320519 0.03910965 0.06446283
v -0.05157041 0.04127943 0.06446283
v -0.05154647 0.04131121 0.06446283
v -0.05075020 0.04227679 0.06446283
v -0.04611745 0.04093457 0.06446283
v -0.04789547 0.04534554 0.06446283
v -0.04776765 0.04548486 0.06446283
v -0.04275479 0.05408120 0.06446283
v -0.04287861 0.05397126 0.06446283
v -0.04289060 0.05396063 0.06446283
v -0.04338450 0.05227498 0.06446283
v -0.04936370 0.04844338 0.06446283
v -0.04339827 0.05235431 0.06446283
v -0.04341602 0.05245648 0.06446283
v -0.02966502 0.05819843 0.06446283
v -0.05646030 0.03596111 0.06446283
v -0.05620487 0.03596420 0.06446283
v -0.05603078 0.03596629 0.06446283
v -0.04954019 0.04841639 0.06446283
v -0.04985156 0.04831345 0.06446283
v -0.04994616 0.04828219 0.06446283
v -0.05010484 0.04819787 0.06446283
v -0.05959609 0.03063792 0.06446283
v -0.05975891 0.03072186 0.06446283
v -0.05808962 0.03773557 0.06446283
v -0.06184008 0.03030105 0.06446283
v -0.06195589 0.03016128 0.06446283
v -0.06204116 0.03001360 0.06446283
v -0.06489260 0.01785141 0.06446283
v -0.06489189 0.01777708 0.06446283
v -0.06435367 0.01670318 0.06446283
v -0.06425499 0.01661648 0.06446283
v -0.06421757 0.01658361 0.06446283
v -0.06405913 0.01647083 0.06446283
v -0.06418827 0.01385631 0.06446283
v -0.06434685 0.01064529 0.06446283
v -0.06413049 0.00795288 0.06446283
v -0.04338770 0.05305930 0.06446283
v -0.04341710 0.05288466 0.06446283
v -0.04341666 0.05270773 0.06446283
v -0.04329217 0.05201521 0.06446283
v -0.04324050 0.05186984 0.06446283
v -0.04916070 0.04844003 0.06446283
v -0.03017841 0.05626703 0.06446283
v -0.02993999 0.05652305 0.06446283
v -0.02975275 0.05680883 0.06446283
v -0.01652651 0.05284672 0.06446283
v -0.02965573 0.05817854 0.06446283
v -0.02994183 0.05871883 0.06446283
v -0.03002796 0.05880694 0.06446283
v -0.03024350 0.05902746 0.06446283
v -0.03028378 0.05905679 0.06446283
v -0.03038998 0.05913408 0.06446283
v -0.03059308 0.05923497 0.06446283
v -0.05875090 0.02948896 0.06446283
v -0.05664165 0.03598985 0.06446283
v -0.05655973 0.03597686 0.06446283
v -0.05912647 0.03024747 0.06446283
v -0.05925015 0.03037812 0.06446283
v -0.05805737 0.03806192 0.06446283
v -0.04951428 0.04842035 0.06446283
v -0.04735586 0.04661409 0.06446283
v -0.02810253 0.04937132 0.06446283
v -0.03376502 0.04704919 0.06446283
v -0.02974841 0.05681882 0.06446283
v -0.02967988 0.05697652 0.06446283
v -0.01617647 0.05295180 0.06446283
v -0.00516356 0.05488692 0.06446283
v -0.00686341 0.05469987 0.06446283
v -0.01051228 0.05401498 0.06446283
v -0.03077660 0.05932615 0.06446283
v -0.03092281 0.05937026 0.06446283
v -0.03137506 0.05943190 0.06446283
v -0.03127569 0.05941933 0.06446283
v -0.03094795 0.05937787 0.06446283
v -0.05807730 0.03755747 0.06446283
v -0.05802959 0.03736012 0.06446283
v -0.05888562 0.02988823 0.06446283
v -0.05808781 0.03770942 0.06446283
v -0.03155567 0.05942408 0.06446283
v -0.03162835 0.05940850 0.06446283
v -0.03197494 0.05933415 0.06446283
v -0.03602671 0.05774043 0.06446283
v -0.04875819 0.04840347 0.06446283
v -0.04880656 0.04841250 0.06446283
v -0.04893432 0.04843631 0.06446283
v 0.00049373 0.05512670 0.06446283
v -0.00007100 0.05511095 0.06446283
v -0.00242502 0.05589725 0.06446283
v -0.00356186 0.05501366 0.06446283
v -0.00418801 0.05496411 0.06446283
v -0.02963669 0.05715242 0.06446283
v -0.02957809 0.05739104 0.06446283
v -0.02957040 0.05749879 0.06446283
v -0.02956499 0.05757470 0.06446283
v -0.05755066 0.03648006 0.06446283
v -0.05750756 0.03644642 0.06446283
v -0.05722521 0.03622595 0.06446283
v -0.05721024 0.03621426 0.06446283
v -0.05904767 0.03012994 0.06446283
v -0.05988901 0.03076309 0.06446283
v -0.06016969 0.03085203 0.06446283
v -0.06023184 0.03086064 0.06446283
v -0.06035297 0.03087743 0.06446283
v -0.04315116 0.05171000 0.06446283
v -0.04835342 0.04825494 0.06446283
v -0.04846886 0.04829730 0.06446283
v -0.05797638 0.03714005 0.06446283
v -0.05792517 0.03702060 0.06446283
v -0.05790578 0.03697537 0.06446283
v -0.05773882 0.03671632 0.06446283
v -0.05767221 0.03661297 0.06446283
v -0.05705014 0.03612804 0.06446283
v -0.05690149 0.03607776 0.06446283
v -0.05885843 0.02982758 0.06446283
v -0.05881100 0.02972176 0.06446283
v -0.05927926 0.03039998 0.06446283
v -0.05956571 0.03061510 0.06446283
v -0.06216807 0.02979379 0.06446283
v -0.06220463 0.02970176 0.06446283
v -0.06351602 0.02555014 0.06446283
v -0.03740480 0.05710096 0.06446283
v -0.03744300 0.05708106 0.06446283
v -0.04004296 0.05572730 0.06446283
v -0.04260247 0.05419077 0.06446283
v -0.03060808 0.05597677 0.06446283
v -0.03045994 0.05605467 0.06446283
v -0.03044833 0.05606077 0.06446283
v -0.04787792 0.04790353 0.06446283
v -0.04815486 0.04813075 0.06446283
v -0.04819713 0.04816543 0.06446283
v -0.05044266 0.04793762 0.06446283
v -0.05341348 0.04475504 0.06446283
v -0.06388641 0.02407663 0.06446283
v -0.06389494 0.02403468 0.06446283
v -0.06447922 0.02116193 0.06446283
v -0.06489597 0.01820586 0.06446283
v -0.04736301 0.04679496 0.06446283
v -0.04739908 0.04696528 0.06446283
v -0.04745201 0.04721520 0.06446283
v -0.04748915 0.04730875 0.06446283
v -0.04101366 0.05095429 0.06446283
v -0.04094710 0.05098660 0.06446283
v -0.04751975 0.04738585 0.06446283
v -0.04062924 0.05114095 0.06446283
v -0.05016325 0.04815286 0.06446283
v -0.04199017 0.05090867 0.06446283
v -0.04179093 0.05086401 0.06446283
v -0.04163881 0.05085603 0.06446283
v -0.04161266 0.05085465 0.06446283
v -0.04128576 0.05089236 0.06446283
v -0.04118658 0.05090381 0.06446283
v -0.03078121 0.05590714 0.06446283
v -0.03825746 0.05256479 0.06446283
v -0.03584797 0.05381940 0.06446283
v -0.03581280 0.05383772 0.06446283
v -0.03467868 0.05436634 0.06446283
v -0.05438186 0.04358481 0.06446283
v -0.05440770 0.04355053 0.06446283
v -0.05617152 0.04120947 0.06446283
v -0.05782008 0.03872099 0.06446283
v -0.04313887 0.05169478 0.06446283
v -0.04774406 0.04775415 0.06446283
v -0.04786325 0.04789150 0.06446283
v -0.04291409 0.05141626 0.06446283
v -0.04288019 0.05137426 0.06446283
v -0.04766243 0.04762013 0.06446283
v -0.04274438 0.05125407 0.06446283
v -0.04264022 0.05118938 0.06446283
v -0.04237764 0.05102630 0.06446283
v -0.04233232 0.05100777 0.06446283
v -0.04221120 0.05095820 0.06446283
v -0.04139088 0.05193644 0.07043129
v -0.04139494 0.05192283 0.07043149
v -0.04327210 0.05339280 0.06446283
v -0.04139360 0.05061848 0.07049270
v -0.04139189 0.05061429 0.07049332
v -0.04329217 0.05201521 0.06446283
v -0.04161266 0.05085465 0.06446283
v -0.04163881 0.05085603 0.06446283
v -0.03959496 0.04936134 0.07135077
v -0.03856138 0.04953762 0.07169130
v -0.04062924 0.05114095 0.06446283
v -0.03875349 0.04943930 0.07166944
v -0.03878567 0.04942988 0.07166076
v -0.03887027 0.04940512 0.07163798
v -0.04094710 0.05098660 0.06446283
v -0.03902266 0.04936052 0.07159694
v -0.04101366 0.05095429 0.06446283
v -0.03922063 0.04934612 0.07151722
v -0.03902307 0.04936041 0.07159681
v -0.03902266 0.04936052 0.07159694
v -0.04118658 0.05090381 0.06446283
v -0.04128576 0.05089236 0.06446283
v -0.03926032 0.04934324 0.07150123
v -0.03941336 0.04933217 0.07143959
v -0.03949656 0.04934554 0.07139889
v -0.03997888 0.04942959 0.07116247
v -0.03995399 0.04941903 0.07117521
v -0.03972763 0.04938266 0.07128589
v -0.04179093 0.05086401 0.06446283
v -0.04199017 0.05090867 0.06446283
v -0.04017458 0.04951260 0.07106245
v -0.04034481 0.04958481 0.07097545
v -0.04237764 0.05102630 0.06446283
v -0.04264022 0.05118938 0.06446283
v -0.04069319 0.04977084 0.07080020
v -0.04233232 0.05100777 0.06446283
v -0.04060069 0.04971090 0.07084595
v -0.04052231 0.04966010 0.07088473
v -0.04221120 0.05095820 0.06446283
v -0.04039193 0.04960479 0.07095137
v -0.04079291 0.04985243 0.07075319
v -0.04073212 0.04979664 0.07078138
v -0.04072477 0.04979131 0.07078457
v -0.04288019 0.05137426 0.06446283
v -0.04291409 0.05141626 0.06446283
v -0.04097964 0.05002383 0.07066659
v -0.04274438 0.05125407 0.06446283
v -0.04097297 0.05001772 0.07066968
v -0.04324050 0.05186984 0.06446283
v -0.04315116 0.05171000 0.06446283
v -0.04133391 0.05047202 0.07051423
v -0.04313887 0.05169478 0.06446283
v -0.04121860 0.05030492 0.07056176
v -0.04110236 0.05013649 0.07060968
v -0.04341666 0.05270773 0.06446283
v -0.04152034 0.05127379 0.07044316
v -0.04341602 0.05245648 0.06446283
v -0.04152639 0.05109823 0.07044720
v -0.04339827 0.05235431 0.06446283
v -0.04149689 0.05094067 0.07045653
v -0.04338450 0.05227498 0.06446283
v -0.04148001 0.05085049 0.07046187
v -0.04147311 0.05081364 0.07046406
v -0.04338657 0.05306603 0.06446283
v -0.04143889 0.05177517 0.07043365
v -0.04338770 0.05305930 0.06446283
v -0.04148988 0.05160387 0.07043615
v -0.04341710 0.05288466 0.06446283
v -0.04151147 0.05153137 0.07043722
v -0.04151848 0.05132768 0.07044191
v -0.04136199 0.05199072 0.07043088
v -0.04324554 0.05346861 0.06446283
v -0.04127497 0.05215410 0.07042965
v -0.04124647 0.05218893 0.07042965
v -0.04315689 0.05362862 0.06446283
v -0.04122982 0.05220927 0.07042968
v -0.04310111 0.05369816 0.06446283
v -0.04110054 0.05236725 0.07042975
v -0.04289060 0.05396063 0.06446283
v -0.04101953 0.05246623 0.07042979
v -0.04085008 0.05260067 0.07043155
v -0.04094091 0.05252956 0.07043059
v -0.04101549 0.05247117 0.07042981
v -0.04275479 0.05408120 0.06446283
v -0.04287861 0.05397126 0.06446283
v -0.03078121 0.05590714 0.06446283
v -0.03467868 0.05436634 0.06446283
v -0.02870718 0.05433426 0.07161503
v -0.03376759 0.05222500 0.07168909
v -0.03825746 0.05256479 0.06446283
v -0.03377146 0.05222339 0.07168915
v -0.03584797 0.05381940 0.06446283
v -0.03581280 0.05383772 0.06446283
v -0.03044833 0.05606077 0.06446283
v -0.03045994 0.05605467 0.06446283
v -0.02842233 0.05448241 0.07157553
v -0.02847694 0.05444176 0.07159247
v -0.03060808 0.05597677 0.06446283
v -0.02867243 0.05434675 0.07161461
v -0.02849462 0.05443317 0.07159446
v -0.02830903 0.05456674 0.07154037
v -0.02828980 0.05458106 0.07153441
v -0.03017841 0.05626703 0.06446283
v -0.02818648 0.05469758 0.07147519
v -0.03010980 0.05631945 0.06446283
v -0.02815827 0.05472939 0.07145903
v -0.02811084 0.05478289 0.07143184
v -0.02998627 0.05645242 0.06446283
v -0.02804089 0.05491220 0.07136290
v -0.02993999 0.05652305 0.06446283
v -0.02800832 0.05497244 0.07133078
v -0.02975275 0.05680883 0.06446283
v -0.02792812 0.05512069 0.07125171
v -0.02974841 0.05681882 0.06446283
v -0.02788878 0.05528896 0.07116909
v -0.02967988 0.05697652 0.06446283
v -0.02788304 0.05531355 0.07115703
v -0.02783366 0.05552477 0.07105330
v -0.02780830 0.05563326 0.07100003
v -0.02963669 0.05715242 0.06446283
v -0.02780024 0.05566772 0.07098311
v -0.02779510 0.05573927 0.07095163
v -0.02784814 0.05635222 0.07072264
v -0.02956499 0.05757470 0.06446283
v -0.02782346 0.05626371 0.07074830
v -0.02957040 0.05749879 0.06446283
v -0.02780714 0.05599209 0.07085293
v -0.02957809 0.05739104 0.06446283
v -0.02780544 0.05596389 0.07086378
v -0.02779339 0.05576315 0.07094111
v -0.02965573 0.05817854 0.06446283
v -0.02960712 0.05800093 0.06446283
v -0.02959241 0.05785207 0.06446283
v -0.02786457 0.05641114 0.07070556
v -0.02792659 0.05663355 0.07064106
v -0.02966502 0.05819843 0.06446283
v -0.02794560 0.05670170 0.07062133
v -0.02981608 0.05852182 0.06446283
v -0.02794857 0.05671238 0.07061821
v -0.02801807 0.05684531 0.07059195
v -0.02810735 0.05701608 0.07055817
v -0.02812626 0.05705224 0.07055104
v -0.02814757 0.05709303 0.07054297
v -0.02826854 0.05723681 0.07052688
v -0.02983782 0.05856834 0.06446283
v -0.02831441 0.05729133 0.07052076
v -0.02994183 0.05871883 0.06446283
v -0.02843820 0.05743337 0.07050568
v -0.02845777 0.05745094 0.07050452
v -0.03002796 0.05880694 0.06446283
v -0.02841885 0.05741547 0.07050686
v -0.02846375 0.05745622 0.07050451
v -0.02850966 0.05748951 0.07050194
v -0.03024350 0.05902746 0.06446283
v -0.02855928 0.05752551 0.07049917
v -0.03028378 0.05905679 0.06446283
v -0.02860405 0.05755797 0.07049666
v -0.02869798 0.05762607 0.07049141
v -0.02872699 0.05764710 0.07048978
v -0.03038998 0.05913408 0.06446283
v -0.02884720 0.05769973 0.07048423
v -0.03059308 0.05923497 0.06446283
v -0.02890622 0.05772556 0.07048150
v -0.02901313 0.05777235 0.07047657
v -0.02911648 0.05781759 0.07047181
v -0.03077660 0.05932615 0.06446283
v -0.02911992 0.05781841 0.07047165
v -0.03092281 0.05937026 0.06446283
v -0.02915933 0.05782779 0.07047011
v -0.02923314 0.05784535 0.07046720
v -0.02931074 0.05786382 0.07046415
v -0.02946327 0.05787193 0.07045901
v -0.03094795 0.05937787 0.06446283
v -0.02949161 0.05787343 0.07045807
v -0.03127569 0.05941933 0.06446283
v -0.02973185 0.05788622 0.07044999
v -0.03137506 0.05943190 0.06446283
v -0.02982468 0.05786775 0.07044761
v -0.02992397 0.05784802 0.07044507
v -0.03162835 0.05940850 0.06446283
v -0.03155567 0.05942408 0.06446283
v -0.04588080 0.04375203 0.07157528
v -0.04789547 0.04534554 0.06446283
v -0.04779296 0.04177621 0.07154635
v -0.04957802 0.03968474 0.07153490
v -0.05075020 0.04227679 0.06446283
v -0.04957802 0.03968474 0.07153490
v -0.05154647 0.04131121 0.06446283
v -0.04957810 0.03968464 0.07153490
v -0.05157041 0.04127943 0.06446283
v -0.05122783 0.03748487 0.07154638
v -0.05320519 0.03910965 0.06446283
v -0.05273713 0.03518641 0.07157528
v -0.05473315 0.03680322 0.06446283
v -0.04776765 0.04548486 0.06446283
v -0.04573109 0.04393533 0.07155700
v -0.04570013 0.04397606 0.07155159
v -0.04766987 0.04561641 0.06446283
v -0.04583338 0.04380072 0.07157487
v -0.04568196 0.04401254 0.07154149
v -0.04558938 0.04419849 0.07148996
v -0.04765863 0.04563154 0.06446283
v -0.04555693 0.04432436 0.07144108
v -0.04750743 0.04592912 0.06446283
v -0.04550633 0.04452058 0.07136487
v -0.04550338 0.04467035 0.07129686
v -0.04746578 0.04601109 0.06446283
v -0.04554946 0.04435334 0.07142981
v -0.04735573 0.04661075 0.06446283
v -0.04740140 0.04626320 0.06446283
v -0.04741142 0.04618694 0.06446283
v -0.04550438 0.04503614 0.07113006
v -0.04735586 0.04661409 0.06446283
v -0.04549711 0.04498776 0.07115269
v -0.04550092 0.04479501 0.07124023
v -0.04553036 0.04520910 0.07104921
v -0.04553870 0.04523470 0.07103772
v -0.04736301 0.04679496 0.06446283
v -0.04559279 0.04540093 0.07096323
v -0.04739908 0.04696528 0.06446283
v -0.04560811 0.04544803 0.07094213
v -0.04569776 0.04572352 0.07081868
v -0.04745201 0.04721520 0.06446283
v -0.04571876 0.04575933 0.07080452
v -0.04748915 0.04730875 0.06446283
v -0.04578020 0.04586414 0.07076307
v -0.04589649 0.04606252 0.07068463
v -0.04751975 0.04738585 0.06446283
v -0.04590930 0.04608436 0.07067598
v -0.04766243 0.04762013 0.06446283
v -0.04593727 0.04613210 0.07065712
v -0.04774406 0.04775415 0.06446283
v -0.04619635 0.04641705 0.07056418
v -0.04623569 0.04646034 0.07055008
v -0.04787792 0.04790353 0.06446283
v -0.04786325 0.04789150 0.06446283
v -0.04603927 0.04624429 0.07062053
v -0.04614701 0.04636279 0.07058188
v -0.04624265 0.04646642 0.07054870
v -0.04637461 0.04656886 0.07052188
v -0.04815486 0.04813075 0.06446283
v -0.04641448 0.04659982 0.07051377
v -0.04819713 0.04816543 0.06446283
v -0.04642371 0.04660698 0.07051189
v -0.04835342 0.04825494 0.06446283
v -0.04846886 0.04829730 0.06446283
v -0.04657612 0.04668720 0.07049717
v -0.04671806 0.04676189 0.07048344
v -0.04678408 0.04679664 0.07047706
v -0.04690076 0.04683176 0.07047223
v -0.04702726 0.04686984 0.07046696
v -0.04875819 0.04840347 0.06446283
v -0.04703751 0.04687082 0.07046660
v -0.04880656 0.04841250 0.06446283
v -0.04713656 0.04688049 0.07046316
v -0.04725650 0.04689219 0.07045897
v -0.04893432 0.04843631 0.06446283
v -0.04737239 0.04690349 0.07045492
v -0.04916070 0.04844003 0.06446283
v -0.04744660 0.04691073 0.07045232
v -0.04761604 0.04688548 0.07044773
v -0.04936370 0.04844338 0.06446283
v -0.04770404 0.04687235 0.07044533
v -0.04951428 0.04842035 0.06446283
v -0.04773574 0.04686762 0.07044448
v -0.04785901 0.04684926 0.07044112
v -0.04954019 0.04841639 0.06446283
v -0.04802232 0.04678130 0.07043790
v -0.04985156 0.04831345 0.06446283
v -0.04824235 0.04668977 0.07043357
v -0.04994616 0.04828219 0.06446283
v -0.04831768 0.04663302 0.07043271
v -0.04838971 0.04657875 0.07043190
v -0.05016325 0.04815286 0.06446283
v -0.05010484 0.04819787 0.06446283
v -0.06219177 0.02262077 0.07070672
v -0.06215150 0.02261178 0.07070246
v -0.06219164 0.02262119 0.07070672
v -0.06045790 0.02828608 0.07070172
v -0.06049661 0.02830023 0.07070672
v -0.06315201 0.01677960 0.07070183
v -0.06314539 0.01677887 0.07070105
v -0.06210764 0.02260149 0.07068732
v -0.06310791 0.01677474 0.07068702
v -0.06310775 0.01677474 0.07068696
v -0.06206604 0.02259175 0.07066006
v -0.06310077 0.01677396 0.07068435
v -0.06306130 0.01676962 0.07065755
v -0.06035761 0.02824944 0.07064017
v -0.06204755 0.02258741 0.07064207
v -0.06034114 0.02824342 0.07062036
v -0.06203133 0.02258361 0.07062159
v -0.06035773 0.02824948 0.07064032
v -0.06037059 0.02825418 0.07065580
v -0.06035761 0.02824944 0.07064017
v -0.06035773 0.02824948 0.07064032
v -0.06304761 0.01676811 0.07064245
v -0.06041540 0.02827055 0.07068640
v -0.06045112 0.02828361 0.07070083
v -0.06045766 0.02828600 0.07070169
v -0.06319267 0.01678407 0.07070672
v -0.06315220 0.01677962 0.07070186
v -0.06037482 0.02825572 0.07065890
v -0.06037498 0.02825578 0.07065903
v -0.06040829 0.02826795 0.07068352
v -0.06200101 0.02257657 0.07047857
v -0.06123445 0.02542737 0.07052288
v -0.06123428 0.02542732 0.07052288
v -0.06030806 0.02823133 0.07052324
v -0.06030805 0.02823133 0.07052867
v -0.06031250 0.02823296 0.07054796
v -0.06030919 0.02823174 0.07047526
v -0.06030918 0.02823174 0.07047529
v -0.06030811 0.02823135 0.07047989
v -0.06257957 0.01968280 0.07048112
v -0.06299369 0.01676218 0.07052884
v -0.06299253 0.01676205 0.07048604
v -0.06257939 0.01968277 0.07048112
v -0.06299346 0.01676215 0.07048166
v -0.06299345 0.01676215 0.07048169
v -0.06299346 0.01676215 0.07048166
v -0.06199792 0.02257582 0.07052518
v -0.06200013 0.02257633 0.07055012
v -0.06200737 0.02257801 0.07057518
v -0.06031897 0.02823532 0.07057605
v -0.06201783 0.02258046 0.07059909
v -0.06032920 0.02823906 0.07059684
v -0.06034023 0.02824309 0.07061925
v -0.06304761 0.01676811 0.07064245
v -0.06304751 0.01676810 0.07064235
v -0.06303013 0.01676618 0.07062318
v -0.06302920 0.01676609 0.07062215
v -0.06301735 0.01676478 0.07060042
v -0.06300629 0.01676357 0.07058017
v -0.06299895 0.01676276 0.07055297
v -0.06299383 0.01676219 0.07053393
v -0.05613341 0.03595186 0.07045511
v -0.05615869 0.03607253 0.07045125
v -0.05616636 0.03607068 0.07047111
v -0.05593529 0.03723007 0.07047255
v -0.05593527 0.03723006 0.07047261
v -0.05599499 0.03712410 0.07047316
v -0.05618261 0.03643135 0.07044162
v -0.05617778 0.03659045 0.07043792
v -0.05617311 0.03655148 0.07048112
v -0.05628123 0.03605227 0.07068886
v -0.05630261 0.03630874 0.07068828
v -0.05634688 0.03630797 0.07070272
v -0.05637941 0.03616819 0.07070672
v -0.05629406 0.03577823 0.07070672
v -0.05626487 0.03578799 0.07070296
v -0.05627777 0.03570379 0.07070672
v -0.05636406 0.03663670 0.07070672
v -0.05637487 0.03630689 0.07070672
v -0.05606506 0.03559225 0.07063485
v -0.05607992 0.03558525 0.07065216
v -0.05596023 0.03536527 0.07065499
v -0.05597587 0.03535502 0.07066804
v -0.05609640 0.03557748 0.07066730
v -0.05599009 0.03534570 0.07067991
v -0.05613262 0.03556043 0.07069025
v -0.05599395 0.03534316 0.07068315
v -0.05604032 0.03531276 0.07070190
v -0.05604217 0.03531155 0.07070218
v -0.05607319 0.03529121 0.07070672
v -0.05603236 0.03531799 0.07070074
v -0.05600832 0.03533374 0.07068973
v -0.05600674 0.03533479 0.07068901
v -0.05622403 0.03580064 0.07068953
v -0.05609640 0.03557748 0.07066730
v -0.05618960 0.03667777 0.07062227
v -0.05617692 0.03680159 0.07064200
v -0.05622656 0.03655817 0.07064339
v -0.05624540 0.03656055 0.07066106
v -0.05626596 0.03656313 0.07067593
v -0.05619533 0.03680665 0.07066009
v -0.05621548 0.03681220 0.07067530
v -0.05611121 0.03704269 0.07065941
v -0.05613048 0.03705108 0.07067483
v -0.05609364 0.03703505 0.07064104
v -0.05597826 0.03725670 0.07063952
v -0.05602405 0.03728507 0.07068316
v -0.05599396 0.03726642 0.07065848
v -0.05598978 0.03726382 0.07065504
v -0.05623324 0.03708833 0.07070672
v -0.05628043 0.03683004 0.07070254
v -0.05628765 0.03656586 0.07068780
v -0.05603078 0.03728923 0.07068621
v -0.05606307 0.03730924 0.07070074
v -0.05615085 0.03705994 0.07068715
v -0.05623676 0.03681804 0.07068744
v -0.05610455 0.03733495 0.07070672
v -0.05606952 0.03731323 0.07070167
v -0.05606909 0.03731297 0.07070161
v -0.05628101 0.03630912 0.07067673
v -0.05626051 0.03630948 0.07066231
v -0.05624166 0.03630980 0.07064512
v -0.05622182 0.03643321 0.07062433
v -0.05622499 0.03631009 0.07062555
v -0.05620782 0.03643245 0.07060248
v -0.05621093 0.03631033 0.07060399
v -0.05619682 0.03643187 0.07057918
v -0.05619980 0.03631052 0.07058101
v -0.05618896 0.03643144 0.07055506
v -0.05619176 0.03631067 0.07055719
v -0.05618426 0.03643119 0.07053074
v -0.05618681 0.03631075 0.07053312
v -0.05618484 0.03631078 0.07050934
v -0.05620998 0.03655610 0.07062324
v -0.05617593 0.03667503 0.07059986
v -0.05619612 0.03655434 0.07060109
v -0.05616532 0.03667292 0.07057602
v -0.05618529 0.03655298 0.07057750
v -0.05615791 0.03667144 0.07055140
v -0.05617765 0.03655203 0.07055313
v -0.05615370 0.03667061 0.07052663
v -0.05617319 0.03655148 0.07052855
v -0.05618363 0.03643116 0.07048362
v -0.05618560 0.03631077 0.07048636
v -0.05618877 0.03631072 0.07046454
v -0.05612428 0.03678719 0.07043490
v -0.05609257 0.03690379 0.07043310
v -0.05609102 0.03690252 0.07047542
v -0.05604708 0.03701481 0.07047416
v -0.05599499 0.03712410 0.07047316
v -0.05599346 0.03712330 0.07052160
v -0.05593529 0.03723007 0.07047255
v -0.05600044 0.03712701 0.07043061
v -0.05599499 0.03712410 0.07047316
v -0.05606776 0.03699498 0.07043169
v -0.05608398 0.03693538 0.07043261
v -0.05612367 0.03691402 0.07062070
v -0.05616079 0.03679717 0.07062141
v -0.05611059 0.03690941 0.07059790
v -0.05614739 0.03679350 0.07059878
v -0.05610054 0.03690587 0.07057367
v -0.05613704 0.03679065 0.07057474
v -0.05609364 0.03690344 0.07054867
v -0.05612988 0.03678867 0.07054992
v -0.05608989 0.03690212 0.07052360
v -0.05612591 0.03678758 0.07052498
v -0.05612672 0.03678780 0.07047702
v -0.05615410 0.03667069 0.07047892
v -0.05615601 0.03667049 0.07043669
v -0.05617136 0.03661406 0.07043756
v -0.05595249 0.03724073 0.07059555
v -0.05600313 0.03712836 0.07057212
v -0.05594321 0.03723499 0.07057428
v -0.05594268 0.03723465 0.07057158
v -0.05594268 0.03723465 0.07057158
v -0.05600313 0.03712836 0.07057212
v -0.05594263 0.03723462 0.07057133
v -0.05599680 0.03712504 0.07054690
v -0.05593754 0.03723147 0.07054581
v -0.05607829 0.03702837 0.07062012
v -0.05606560 0.03702285 0.07059717
v -0.05605588 0.03701864 0.07057280
v -0.05604925 0.03701576 0.07054767
v -0.05604571 0.03701421 0.07052247
v -0.05593527 0.03723006 0.07047261
v -0.05593423 0.03722942 0.07047725
v -0.05593374 0.03722911 0.07052085
v -0.05593374 0.03722911 0.07052099
v -0.05593368 0.03722907 0.07052640
v -0.05602274 0.03563747 0.07046692
v -0.05602265 0.03561222 0.07048727
v -0.05601271 0.03561721 0.07046779
v -0.05590543 0.03540120 0.07049646
v -0.05590566 0.03540105 0.07047706
v -0.05618909 0.03621758 0.07044659
v -0.05618716 0.03628112 0.07044511
v -0.05618627 0.03631040 0.07044443
v -0.05594749 0.03537362 0.07063753
v -0.05594671 0.03537413 0.07063646
v -0.05605214 0.03559834 0.07061571
v -0.05593479 0.03538194 0.07062011
v -0.05604141 0.03560339 0.07059517
v -0.05593319 0.03538300 0.07061792
v -0.05603303 0.03560735 0.07057368
v -0.05591691 0.03539367 0.07057992
v -0.05602704 0.03561015 0.07055172
v -0.05591444 0.03539529 0.07057415
v -0.05602341 0.03561186 0.07052974
v -0.05590731 0.03539998 0.07053769
v -0.05602201 0.03561252 0.07050814
v -0.05590507 0.03540143 0.07052626
v -0.05590542 0.03540120 0.07049662
v -0.05590543 0.03540120 0.07049646
v -0.05610039 0.03579426 0.07046017
v -0.05611040 0.03583587 0.07047877
v -0.05610888 0.03583635 0.07050004
v -0.05616395 0.03607106 0.07049269
v -0.05610957 0.03583613 0.07052218
v -0.05616390 0.03607106 0.07051529
v -0.05611271 0.03583516 0.07054484
v -0.05616647 0.03607064 0.07053856
v -0.05611848 0.03583337 0.07056762
v -0.05617187 0.03606978 0.07056203
v -0.05612693 0.03583075 0.07058996
v -0.05618019 0.03606844 0.07058519
v -0.05613802 0.03582731 0.07061142
v -0.05619142 0.03606664 0.07060744
v -0.05615161 0.03582311 0.07063144
v -0.05620539 0.03606439 0.07062829
v -0.05616741 0.03581820 0.07064957
v -0.05622180 0.03606178 0.07064719
v -0.05618504 0.03581273 0.07066546
v -0.05624024 0.03605882 0.07066376
v -0.05602274 0.03563747 0.07046692
v -0.05608398 0.03693538 0.07043261
v -0.05596229 0.03724680 0.07061800
v -0.05597804 0.03725655 0.07063923
v -0.05597826 0.03725670 0.07063952
v -0.05254797 0.04205914 0.07059572
v -0.05253981 0.04205261 0.07057112
v -0.04858173 0.04643169 0.07057428
v -0.05265610 0.04214568 0.07070234
v -0.05268870 0.04217177 0.07070672
v -0.05268900 0.04217144 0.07070672
v -0.05262043 0.04211713 0.07068676
v -0.05260306 0.04210323 0.07067427
v -0.05258666 0.04209010 0.07065863
v -0.04861041 0.04646095 0.07063923
v -0.05257172 0.04207814 0.07064004
v -0.04859812 0.04644843 0.07061912
v -0.05255869 0.04206772 0.07061889
v -0.04861050 0.04646104 0.07063939
v -0.04865370 0.04650512 0.07068612
v -0.04868043 0.04653238 0.07070074
v -0.04868539 0.04653745 0.07070161
v -0.04868558 0.04653763 0.07070164
v -0.04871459 0.04656722 0.07070672
v -0.04862007 0.04647081 0.07065503
v -0.04862341 0.04647421 0.07065835
v -0.04863830 0.04648940 0.07067321
v -0.04864830 0.04649960 0.07068316
v -0.05254075 0.04205607 0.07042927
v -0.04857925 0.04642917 0.07045058
v -0.05061659 0.04429184 0.07051909
v -0.04857393 0.04642374 0.07052085
v -0.04857388 0.04642368 0.07052640
v -0.04858173 0.04643169 0.07057428
v -0.04857708 0.04642695 0.07054593
v -0.05253436 0.04204824 0.07054547
v -0.04857706 0.04642693 0.07054581
v -0.04857434 0.04642415 0.07047725
v -0.05593527 0.03723006 0.07047261
v -0.05593529 0.03723007 0.07047255
v -0.05430417 0.03968744 0.07047362
v -0.05254217 0.04205450 0.07042927
v -0.05253665 0.04205008 0.07047281
v -0.05061672 0.04429197 0.07051909
v -0.05593374 0.03722911 0.07052099
v -0.05430432 0.03968754 0.07047362
v -0.04857706 0.04642693 0.07054581
v -0.05253436 0.04204824 0.07054547
v -0.05253308 0.04204722 0.07052002
v -0.05430432 0.03968754 0.07047362
v -0.05594321 0.03723499 0.07057428
v -0.05594268 0.03723465 0.07057158
v -0.05594268 0.03723465 0.07057158
v -0.05593374 0.03722911 0.07052085
v -0.04858928 0.04643939 0.07059527
v -0.04858933 0.04643945 0.07059542
v -0.04859744 0.04644771 0.07061800
v -0.04676681 0.04684259 0.07063646
v -0.04676652 0.04684338 0.07063743
v -0.04688620 0.04688068 0.07063653
v -0.04676118 0.04685757 0.07065480
v -0.04676113 0.04685774 0.07065499
v -0.04699972 0.04694424 0.07066717
v -0.04843230 0.04663662 0.07065928
v -0.04835488 0.04684314 0.07070672
v -0.04868558 0.04653763 0.07070164
v -0.04827867 0.04687632 0.07070672
v -0.04826274 0.04684792 0.07070248
v -0.04792733 0.04702931 0.07070672
v -0.04776839 0.04702774 0.07070266
v -0.04777450 0.04705460 0.07070672
v -0.04746698 0.04710553 0.07070672
v -0.04724286 0.04706239 0.07070292
v -0.04700004 0.04706722 0.07070672
v -0.04844470 0.04665356 0.07067473
v -0.04845782 0.04667147 0.07068706
v -0.04800656 0.04691332 0.07068772
v -0.04824143 0.04680800 0.07068734
v -0.04799912 0.04689277 0.07067582
v -0.04823104 0.04678853 0.07067518
v -0.04799208 0.04687331 0.07066092
v -0.04822122 0.04677013 0.07065996
v -0.04798562 0.04685548 0.07064325
v -0.04821150 0.04675214 0.07064078
v -0.04841113 0.04660770 0.07061999
v -0.04750023 0.04696010 0.07064706
v -0.04749917 0.04694354 0.07062815
v -0.04737548 0.04694825 0.07062967
v -0.04750403 0.04702009 0.07068876
v -0.04775938 0.04698443 0.07068818
v -0.04775499 0.04696330 0.07067663
v -0.04750140 0.04697871 0.07066363
v -0.04775082 0.04694325 0.07066217
v -0.04750023 0.04696010 0.07064706
v -0.04725085 0.04696075 0.07064943
v -0.04725215 0.04694428 0.07063128
v -0.04712940 0.04693166 0.07063296
v -0.04676652 0.04684338 0.07063743
v -0.04676151 0.04685669 0.07065371
v -0.04688620 0.04688068 0.07063653
v -0.04700367 0.04692648 0.07065203
v -0.04700722 0.04691047 0.07063472
v -0.04724941 0.04697912 0.07066533
v -0.04724621 0.04701978 0.07068944
v -0.04671360 0.04698417 0.07070672
v -0.04672673 0.04694925 0.07070215
v -0.04673078 0.04693847 0.07070073
v -0.04699105 0.04698328 0.07069018
v -0.04674095 0.04691139 0.07068966
v -0.04699972 0.04694424 0.07066717
v -0.04676113 0.04685774 0.07065499
v -0.04674694 0.04689549 0.07068315
v -0.04773561 0.04687005 0.07048626
v -0.04773625 0.04687317 0.07046447
v -0.04773585 0.04687121 0.07053299
v -0.04773545 0.04686929 0.07050924
v -0.04761682 0.04689010 0.07048929
v -0.04761682 0.04689010 0.07048929
v -0.04749656 0.04690178 0.07049260
v -0.04737583 0.04690505 0.07049614
v -0.04737239 0.04690349 0.07045492
v -0.04725564 0.04689980 0.07049991
v -0.04761706 0.04689191 0.07053560
v -0.04761775 0.04689705 0.07055936
v -0.04773685 0.04687605 0.07055704
v -0.04773848 0.04688389 0.07058085
v -0.04749671 0.04690429 0.07053843
v -0.04761884 0.04690519 0.07058287
v -0.04774074 0.04689478 0.07060385
v -0.04774699 0.04692481 0.07064499
v -0.04774360 0.04690851 0.07062539
v -0.04762223 0.04693025 0.07062671
v -0.04762034 0.04691631 0.07060550
v -0.04749829 0.04692946 0.07060731
v -0.04749757 0.04691813 0.07058504
v -0.04737569 0.04692262 0.07058736
v -0.04737580 0.04690828 0.07054149
v -0.04725533 0.04690377 0.07054471
v -0.04713551 0.04689082 0.07054809
v -0.04713622 0.04688614 0.07050390
v -0.04701752 0.04686412 0.07050805
v -0.04690012 0.04683382 0.07051240
v -0.04678418 0.04679639 0.07049646
v -0.04774360 0.04690851 0.07062539
v -0.04725417 0.04691856 0.07058983
v -0.04713324 0.04690600 0.07059238
v -0.04701288 0.04688499 0.07059504
v -0.04701631 0.04686952 0.07055162
v -0.04689832 0.04683989 0.07055527
v -0.04689367 0.04685555 0.07059781
v -0.04677250 0.04682747 0.07061792
v -0.04678039 0.04680647 0.07057415
v -0.04678165 0.04680311 0.07055878
v -0.04678170 0.04680298 0.07055819
v -0.04678428 0.04679611 0.07051667
v -0.04678429 0.04679611 0.07051694
v -0.04678433 0.04679599 0.07052626
v -0.04678170 0.04680298 0.07055819
v -0.04831768 0.04663302 0.07043271
v -0.04818981 0.04671130 0.07045483
v -0.04839384 0.04658408 0.07045190
v -0.04839109 0.04658032 0.07047410
v -0.04838980 0.04657858 0.07049771
v -0.04839020 0.04657911 0.07052237
v -0.04773574 0.04686762 0.07044448
v -0.04770404 0.04687235 0.07044533
v -0.04839247 0.04658221 0.07054757
v -0.04840297 0.04659657 0.07059704
v -0.04858928 0.04643939 0.07059527
v -0.04839672 0.04658802 0.07057267
v -0.04857708 0.04642695 0.07054593
v -0.04857706 0.04642693 0.07054581
v -0.04858933 0.04643945 0.07059542
v -0.04797994 0.04683979 0.07062308
v -0.04820437 0.04673858 0.07062127
v -0.04797520 0.04682668 0.07060094
v -0.04819784 0.04672635 0.07059865
v -0.04797150 0.04681644 0.07057737
v -0.04819280 0.04671690 0.07057461
v -0.04796889 0.04680922 0.07055300
v -0.04818931 0.04671037 0.07054980
v -0.04796736 0.04680500 0.07052846
v -0.04818738 0.04670675 0.07052488
v -0.04796689 0.04680367 0.07050429
v -0.04818691 0.04670588 0.07050042
v -0.04796735 0.04680496 0.07048105
v -0.04818778 0.04670750 0.07047694
v -0.04796865 0.04680853 0.07045906
v -0.04802232 0.04678130 0.07043790
v -0.04677250 0.04682747 0.07061792
v -0.04676681 0.04684259 0.07063646
v -0.04676118 0.04685757 0.07065480
v -0.04773561 0.04687005 0.07048626
v -0.04796865 0.04680853 0.07045906
v -0.04154753 0.05132890 0.07060238
v -0.04156149 0.05132958 0.07062423
v -0.04155821 0.05109554 0.07062555
v -0.04148988 0.05160387 0.07043615
v -0.04144495 0.05177675 0.07045366
v -0.04085344 0.05260489 0.07057255
v -0.04075870 0.05267201 0.07057605
v -0.04076461 0.05268120 0.07059691
v -0.04130883 0.05209261 0.07057168
v -0.04124775 0.05219037 0.07057136
v -0.04125645 0.05219619 0.07059592
v -0.04099612 0.05259449 0.07067451
v -0.04098245 0.05257853 0.07065898
v -0.04079091 0.05272213 0.07065899
v -0.04163922 0.05133341 0.07068792
v -0.04161006 0.05157459 0.07068751
v -0.04165430 0.05158279 0.07070251
v -0.04121818 0.05247147 0.07070238
v -0.04083861 0.05279638 0.07070170
v -0.04086093 0.05283111 0.07070672
v -0.04170327 0.05153896 0.07070672
v -0.04171960 0.05108180 0.07070672
v -0.04169912 0.05108353 0.07070431
v -0.04167969 0.05108518 0.07070205
v -0.04168893 0.05158864 0.07070672
v -0.04157299 0.05199040 0.07070672
v -0.04152807 0.05207174 0.07070672
v -0.04149682 0.05205684 0.07070241
v -0.04139333 0.05231575 0.07070672
v -0.04108644 0.05266102 0.07070672
v -0.04157550 0.05109406 0.07064390
v -0.04157812 0.05133041 0.07064409
v -0.04157654 0.05109398 0.07064499
v -0.04159030 0.05109279 0.07065958
v -0.04159699 0.05133135 0.07066153
v -0.04162934 0.05108949 0.07068529
v -0.04163433 0.05108905 0.07068712
v -0.04167322 0.05108574 0.07070128
v -0.04165628 0.05108719 0.07069510
v -0.04163611 0.05108889 0.07068776
v -0.04154843 0.05181101 0.07068718
v -0.04161006 0.05157459 0.07068751
v -0.04133360 0.05224802 0.07068686
v -0.04145584 0.05203677 0.07068696
v -0.04131511 0.05223560 0.07067438
v -0.04143588 0.05202700 0.07067459
v -0.04129764 0.05222387 0.07065877
v -0.04141702 0.05201777 0.07065908
v -0.04139983 0.05200937 0.07064065
v -0.04095914 0.05255129 0.07061947
v -0.04077144 0.05269182 0.07062031
v -0.04078094 0.05270662 0.07064016
v -0.04118402 0.05244103 0.07068683
v -0.04116737 0.05242619 0.07067437
v -0.04115166 0.05241219 0.07065873
v -0.04113575 0.05239801 0.07063907
v -0.04078099 0.05270667 0.07064026
v -0.04078841 0.05271824 0.07065580
v -0.04081010 0.05275201 0.07068352
v -0.04081416 0.05275831 0.07068638
v -0.04101057 0.05261139 0.07068693
v -0.04083476 0.05279038 0.07070083
v -0.04083852 0.05279623 0.07070169
v -0.04124189 0.05218642 0.07054605
v -0.04130268 0.05208907 0.07054642
v -0.04123885 0.05218438 0.07052070
v -0.04129946 0.05208722 0.07052112
v -0.04130104 0.05208814 0.07047268
v -0.04135263 0.05198628 0.07049708
v -0.04135467 0.05198726 0.07047345
v -0.04116737 0.05242619 0.07067437
v -0.04126786 0.05220387 0.07061909
v -0.04138483 0.05200203 0.07061966
v -0.04137245 0.05199596 0.07059662
v -0.04136299 0.05199133 0.07057219
v -0.04135657 0.05198819 0.07054702
v -0.04135317 0.05198653 0.07052179
v -0.04124047 0.05218546 0.07047220
v -0.04117338 0.05227847 0.07047201
v -0.04117180 0.05227725 0.07052051
v -0.04109880 0.05236509 0.07052057
v -0.04117468 0.05227948 0.07054589
v -0.04110154 0.05236752 0.07054594
v -0.04118024 0.05228380 0.07057120
v -0.04110680 0.05237220 0.07057126
v -0.04111461 0.05237917 0.07059585
v -0.04101953 0.05246623 0.07042979
v -0.04102161 0.05244888 0.07047242
v -0.04093741 0.05252591 0.07047304
v -0.04084777 0.05259729 0.07047396
v -0.04084687 0.05259605 0.07052224
v -0.04094091 0.05252956 0.07043059
v -0.04075307 0.05266324 0.07047526
v -0.04122982 0.05220927 0.07042968
v -0.04110028 0.05236641 0.07047207
v -0.04102027 0.05244753 0.07052089
v -0.04093627 0.05252458 0.07052144
v -0.04102286 0.05245015 0.07054622
v -0.04093871 0.05252744 0.07054670
v -0.04102780 0.05245519 0.07057149
v -0.04094334 0.05253283 0.07057193
v -0.04095018 0.05254083 0.07059640
v -0.04075242 0.05266222 0.07052330
v -0.04084915 0.05259913 0.07054742
v -0.04075242 0.05266222 0.07052867
v -0.04075497 0.05266621 0.07054796
v -0.04075833 0.05267141 0.07057320
v -0.04075834 0.05267143 0.07057329
v -0.04112488 0.05238831 0.07061904
v -0.04075307 0.05266324 0.07047526
v -0.04075307 0.05266322 0.07047529
v -0.04075245 0.05266227 0.07047989
v -0.04075242 0.05266222 0.07052324
v -0.04095914 0.05255129 0.07061947
v -0.04135892 0.05198935 0.07045125
v -0.04152684 0.05132787 0.07046183
v -0.04152034 0.05127379 0.07044316
v -0.04152288 0.05109853 0.07046760
v -0.04139494 0.05192283 0.07043149
v -0.04154618 0.05109654 0.07060473
v -0.04154559 0.05109659 0.07060370
v -0.04153654 0.05132835 0.07057912
v -0.04153478 0.05109752 0.07058501
v -0.04152869 0.05132797 0.07055504
v -0.04152692 0.05109818 0.07055890
v -0.04152399 0.05132773 0.07053075
v -0.04152128 0.05109868 0.07054016
v -0.04152230 0.05132764 0.07050682
v -0.04151956 0.05109881 0.07051191
v -0.04152336 0.05132771 0.07048371
v -0.04151844 0.05109892 0.07049338
v -0.04152285 0.05109853 0.07046775
v -0.04152745 0.05180405 0.07067495
v -0.04158850 0.05157056 0.07067550
v -0.04150761 0.05179749 0.07065963
v -0.04156808 0.05156677 0.07066046
v -0.04148949 0.05179149 0.07064144
v -0.04154940 0.05156331 0.07064261
v -0.04147364 0.05178624 0.07062070
v -0.04153300 0.05156027 0.07062226
v -0.04146051 0.05178190 0.07059797
v -0.04151934 0.05155772 0.07059990
v -0.04145040 0.05177855 0.07057380
v -0.04150872 0.05155576 0.07057612
v -0.04144346 0.05177625 0.07054886
v -0.04150129 0.05155438 0.07055157
v -0.04143966 0.05177499 0.07052385
v -0.04149705 0.05155359 0.07052687
v -0.04143884 0.05177472 0.07049932
v -0.04149583 0.05155335 0.07050258
v -0.04144072 0.05177535 0.07047580
v -0.04149739 0.05155365 0.07047925
v -0.04150135 0.05155438 0.07045721
v -0.04077094 0.05269106 0.07061925
v -0.04077144 0.05269182 0.07062031
v -0.03822258 0.05417930 0.07047793
v -0.03569518 0.05572657 0.07070672
v -0.03567678 0.05568964 0.07070246
v -0.03569476 0.05572675 0.07070672
v -0.03020148 0.05794507 0.07070186
v -0.03021468 0.05798356 0.07070672
v -0.03562297 0.05557854 0.07062157
v -0.03563024 0.05559354 0.07064206
v -0.03563852 0.05561065 0.07066005
v -0.04078099 0.05270667 0.07064026
v -0.04078094 0.05270662 0.07064016
v -0.03565713 0.05564909 0.07068731
v -0.03562297 0.05557854 0.07062157
v -0.03016160 0.05782880 0.07062310
v -0.03016164 0.05782890 0.07062320
v -0.03016164 0.05782890 0.07062320
v -0.03017180 0.05785853 0.07065754
v -0.03018702 0.05790291 0.07068702
v -0.03019925 0.05793855 0.07070105
v -0.03020141 0.05794485 0.07070183
v -0.03017321 0.05786263 0.07066047
v -0.03017325 0.05786277 0.07066057
v -0.03018468 0.05789610 0.07068435
v -0.03015116 0.05779836 0.07045991
v -0.03560903 0.05554971 0.07055012
v -0.03560805 0.05554767 0.07052518
v -0.03291161 0.05674904 0.07052576
v -0.03014935 0.05779308 0.07048604
v -0.03014973 0.05779419 0.07052884
v -0.04075307 0.05266322 0.07047529
v -0.04075307 0.05266324 0.07047526
v -0.03822248 0.05417912 0.07047793
v -0.03560945 0.05555053 0.07047856
v -0.03291167 0.05674921 0.07052576
v -0.03561694 0.05556607 0.07059909
v -0.04075834 0.05267143 0.07057329
v -0.03561227 0.05555640 0.07057518
v -0.04075833 0.05267141 0.07057320
v -0.03014978 0.05779432 0.07053392
v -0.03015145 0.05779920 0.07055297
v -0.03015146 0.05779923 0.07055304
v -0.03015361 0.05780550 0.07057753
v -0.03015385 0.05780618 0.07058017
v -0.03016133 0.05782800 0.07062215
v -0.03016160 0.05782880 0.07062310
v -0.04075834 0.05267143 0.07057329
v -0.02923308 0.05784539 0.07048697
v -0.02949161 0.05787343 0.07045807
v -0.02946290 0.05788026 0.07047870
v -0.02839977 0.05743577 0.07060696
v -0.02839475 0.05744112 0.07061638
v -0.02848657 0.05751807 0.07061433
v -0.02922617 0.05787703 0.07061545
v -0.02922868 0.05786547 0.07059489
v -0.02911429 0.05783778 0.07059755
v -0.02923066 0.05785646 0.07057338
v -0.02923206 0.05785003 0.07055140
v -0.02911883 0.05782214 0.07055491
v -0.02929858 0.05806257 0.07070672
v -0.02970738 0.05807629 0.07070672
v -0.02970487 0.05804337 0.07070276
v -0.02976917 0.05807837 0.07070672
v -0.02887533 0.05794473 0.07070672
v -0.02919267 0.05803309 0.07070672
v -0.02919830 0.05800472 0.07070305
v -0.02871980 0.05783196 0.07070337
v -0.02830405 0.05753761 0.07070221
v -0.02846241 0.05771410 0.07070672
v -0.02828037 0.05756279 0.07070672
v -0.02850525 0.05749530 0.07053901
v -0.02843820 0.05743337 0.07050568
v -0.02841711 0.05741734 0.07052469
v -0.02841711 0.05741734 0.07052469
v -0.02841531 0.05741924 0.07054317
v -0.02841528 0.05741927 0.07054343
v -0.02993258 0.05789188 0.07062558
v -0.02993578 0.05790822 0.07064512
v -0.03017321 0.05786263 0.07066047
v -0.02993938 0.05792669 0.07066227
v -0.03017325 0.05786277 0.07066057
v -0.03017325 0.05786277 0.07066057
v -0.02994743 0.05796791 0.07068821
v -0.02970236 0.05799991 0.07068877
v -0.02875624 0.05776287 0.07067099
v -0.02854725 0.05763750 0.07067299
v -0.02852557 0.05766788 0.07069250
v -0.02922313 0.05789095 0.07063460
v -0.02910699 0.05786295 0.07063633
v -0.02921964 0.05790698 0.07065194
v -0.02898686 0.05784240 0.07065461
v -0.02921576 0.05792476 0.07066711
v -0.02898070 0.05785922 0.07066901
v -0.02896729 0.05789603 0.07069089
v -0.02873838 0.05779671 0.07069169
v -0.02835521 0.05748318 0.07067331
v -0.02834915 0.05748962 0.07068001
v -0.02833059 0.05750937 0.07069115
v -0.02832955 0.05751048 0.07069178
v -0.02831596 0.05752493 0.07069993
v -0.02923314 0.05784535 0.07046720
v -0.02911992 0.05781841 0.07047165
v -0.02923324 0.05784467 0.07050782
v -0.02912057 0.05781615 0.07051198
v -0.02923291 0.05784615 0.07052942
v -0.02890622 0.05772556 0.07048150
v -0.02884720 0.05769973 0.07048423
v -0.02879654 0.05768647 0.07052529
v -0.02869798 0.05762607 0.07049141
v -0.02888044 0.05778372 0.07063996
v -0.02899243 0.05782713 0.07063813
v -0.02900145 0.05780240 0.07060029
v -0.02900962 0.05778008 0.07051630
v -0.02900721 0.05778666 0.07055854
v -0.02889815 0.05774384 0.07056227
v -0.02889115 0.05775958 0.07060306
v -0.02878432 0.05770963 0.07060589
v -0.02877196 0.05773306 0.07064180
v -0.02866734 0.05767531 0.07064364
v -0.02869076 0.05763733 0.07056982
v -0.02869562 0.05762946 0.07052984
v -0.02858194 0.05758885 0.07061152
v -0.02859268 0.05757381 0.07057361
v -0.02859845 0.05756572 0.07053444
v -0.02850525 0.05749530 0.07053901
v -0.02849852 0.05750351 0.07057737
v -0.02890130 0.05773674 0.07052076
v -0.02879256 0.05769402 0.07056604
v -0.02868128 0.05765271 0.07060872
v -0.02856650 0.05761050 0.07064547
v -0.02840761 0.05742743 0.07057998
v -0.02841379 0.05742086 0.07055873
v -0.02841528 0.05741927 0.07054343
v -0.02992561 0.05785621 0.07046496
v -0.02992501 0.05785315 0.07048674
v -0.02992487 0.05785244 0.07050969
v -0.02992526 0.05785441 0.07053339
v -0.02992621 0.05785930 0.07055742
v -0.03015145 0.05779920 0.07055297
v -0.03014978 0.05779432 0.07053392
v -0.03016164 0.05782890 0.07062320
v -0.03016160 0.05782880 0.07062310
v -0.02992989 0.05787811 0.07060408
v -0.02992775 0.05786720 0.07058117
v -0.03015146 0.05779923 0.07055304
v -0.03015145 0.05779920 0.07055297
v -0.02982468 0.05786775 0.07044761
v -0.02969566 0.05788392 0.07047130
v -0.02969552 0.05788152 0.07049286
v -0.02946302 0.05787867 0.07049994
v -0.02969552 0.05788147 0.07051542
v -0.02946296 0.05787938 0.07052208
v -0.02969566 0.05788408 0.07053866
v -0.02946269 0.05788264 0.07054474
v -0.02969598 0.05788953 0.07056209
v -0.02946221 0.05788863 0.07056749
v -0.02969647 0.05789795 0.07058519
v -0.02946151 0.05789743 0.07058983
v -0.02969713 0.05790928 0.07060743
v -0.02946059 0.05790899 0.07061126
v -0.02969794 0.05792337 0.07062823
v -0.02945947 0.05792315 0.07063128
v -0.02969890 0.05793993 0.07064711
v -0.02945817 0.05793959 0.07064943
v -0.02969997 0.05795853 0.07066369
v -0.02945672 0.05795796 0.07066532
v -0.02945351 0.05799860 0.07068943
v -0.02920722 0.05796384 0.07069014
v -0.02969598 0.05788953 0.07056209
v -0.02838643 0.05744997 0.07063201
v -0.02837773 0.05745922 0.07064833
v -0.02837711 0.05745988 0.07064901
v -0.02839475 0.05744112 0.07061638
v -0.02517811 0.06167421 0.07004055
v -0.02522661 0.06165678 0.07017090
v -0.02760700 0.06184498 0.07006917
v -0.02761676 0.06181155 0.07019246
v -0.02998650 0.06144713 0.07044762
v -0.03000565 0.06154979 0.07033861
v -0.03232799 0.06093393 0.07030215
v -0.03134407 0.06041604 0.07070672
v -0.02986058 0.06077448 0.07070672
v -0.02988747 0.06091616 0.07069758
v -0.02971845 0.06080882 0.07070672
v -0.02760383 0.06092513 0.07070672
v -0.02761021 0.06114413 0.07069728
v -0.02657840 0.06098153 0.07070672
v -0.02536694 0.06075137 0.07070672
v -0.02532700 0.06098893 0.07069684
v -0.02314131 0.06032850 0.07070672
v -0.03005133 0.06166711 0.07009027
v -0.03001687 0.06160035 0.07020784
v -0.03234425 0.06097738 0.07022249
v -0.03234425 0.06097738 0.07022249
v -0.02526136 0.06141887 0.07052663
v -0.02295928 0.06089459 0.07051335
v -0.02524271 0.06154103 0.07042566
v -0.02290689 0.06105750 0.07035582
v -0.02522687 0.06164481 0.07030800
v -0.02761931 0.06179647 0.07032625
v -0.02761784 0.06169177 0.07043876
v -0.02761615 0.06156976 0.07053508
v -0.02528218 0.06128254 0.07060689
v -0.02761426 0.06143444 0.07061155
v -0.02530434 0.06113736 0.07066388
v -0.02761226 0.06129081 0.07066584
v -0.03227888 0.06080273 0.07044977
v -0.03227154 0.06078313 0.07047181
v -0.02996434 0.06132829 0.07054081
v -0.03220295 0.06059987 0.07059993
v -0.02993986 0.06119704 0.07061470
v -0.03219055 0.06056675 0.07061275
v -0.02991393 0.06105803 0.07066716
v -0.03212585 0.06039393 0.07067966
v -0.03209135 0.06030171 0.07069112
v -0.03209132 0.06030162 0.07069114
v -0.03204441 0.06017633 0.07070672
v -0.02286496 0.06118789 0.07014811
v -0.02286691 0.06118181 0.07016334
v -0.02289131 0.06110593 0.07028083
v -0.02309699 0.06046637 0.07069455
v -0.02308967 0.06048913 0.07069255
v -0.02305021 0.06061184 0.07065506
v -0.02302129 0.06070174 0.07062761
v -0.02296031 0.06089133 0.07051527
v -0.06637473 0.01817797 0.07047182
v -0.06618088 0.01815118 0.07059994
v -0.06567638 0.02168139 0.07054047
v -0.06586552 0.01810758 0.07069114
v -0.06586544 0.01810756 0.07069114
v -0.06526543 0.02159620 0.07069757
v -0.03209135 0.06030171 0.07069112
v -0.03544344 0.05907499 0.07066710
v -0.03538380 0.05894339 0.07069757
v -0.03526091 0.05867640 0.07070672
v -0.03856252 0.05737298 0.07069742
v -0.03846506 0.05718222 0.07070672
v -0.03950752 0.05669608 0.07070672
v -0.04162855 0.05559269 0.07069731
v -0.04148108 0.05536578 0.07070672
v -0.04458047 0.05359996 0.07069719
v -0.04442660 0.05338030 0.07070672
v -0.04632874 0.05209815 0.07070672
v -0.04738855 0.05141457 0.07069712
v -0.04982449 0.04884765 0.07070672
v -0.05002594 0.04906168 0.07069706
v -0.05232816 0.04651963 0.07070672
v -0.05479442 0.04386226 0.07069700
v -0.05458811 0.04369708 0.07070672
v -0.05692174 0.04101175 0.07069701
v -0.05684103 0.04088332 0.07070672
v -0.05885359 0.03802161 0.07069706
v -0.05859938 0.03787132 0.07070672
v -0.06097961 0.03379408 0.07070672
v -0.06207037 0.03174009 0.07069720
v -0.06182168 0.03163786 0.07070672
v -0.06335738 0.02844976 0.07069731
v -0.06310355 0.02835549 0.07070672
v -0.06397146 0.02613312 0.07070672
v -0.06442633 0.02505805 0.07069742
v -0.06421857 0.02500468 0.07070672
v -0.06497838 0.02153491 0.07070672
v -0.06573292 0.01808923 0.07070672
v -0.03209135 0.06030171 0.07069112
v -0.03544344 0.05907499 0.07066710
v -0.03209132 0.06030162 0.07069114
v -0.03209132 0.06030162 0.07069114
v -0.03863140 0.05750131 0.07066648
v -0.04170644 0.05571689 0.07066591
v -0.04466708 0.05371928 0.07066546
v -0.04748340 0.05152829 0.07066510
v -0.03219055 0.06056675 0.07061275
v -0.03550188 0.05920395 0.07061451
v -0.03555706 0.05932567 0.07054046
v -0.03869888 0.05762698 0.07061300
v -0.03876250 0.05774551 0.07053772
v -0.04178272 0.05583854 0.07061171
v -0.04185458 0.05595313 0.07053534
v -0.04475187 0.05383611 0.07061062
v -0.04483169 0.05394606 0.07053335
v -0.04757625 0.05163961 0.07060975
v -0.04766360 0.05174434 0.07053178
v -0.05022883 0.04927435 0.07060911
v -0.05032320 0.04937327 0.07053065
v -0.05271191 0.04674378 0.07060873
v -0.05281281 0.04683633 0.07052994
v -0.05502446 0.04404640 0.07060860
v -0.05513142 0.04413202 0.07052971
v -0.05716355 0.04117981 0.07060873
v -0.05727599 0.04125795 0.07052996
v -0.05910568 0.03817275 0.07060913
v -0.06614579 0.01814632 0.07061278
v -0.06554552 0.02165426 0.07061454
v -0.06483361 0.02517156 0.07053772
v -0.06470403 0.02513545 0.07061301
v -0.06375858 0.02859142 0.07053534
v -0.06363103 0.02854639 0.07061171
v -0.06246314 0.03190923 0.07053338
v -0.06233834 0.03185550 0.07061062
v -0.06095115 0.03512639 0.07053181
v -0.05922293 0.03824303 0.07053067
v -0.06596306 0.01812106 0.07067966
v -0.06540689 0.02162553 0.07066711
v -0.06456661 0.02509715 0.07066648
v -0.06349563 0.02849857 0.07066591
v -0.06220578 0.03179841 0.07066546
v -0.05898099 0.03809799 0.07066484
v -0.05704395 0.04109670 0.07066466
v -0.05491069 0.04395532 0.07066462
v -0.05260457 0.04664531 0.07066466
v -0.05012848 0.04916916 0.07066484
v -0.05751020 0.04141948 0.07017853
v -0.05530643 0.04427211 0.07018703
v -0.05530770 0.04427094 0.07005443
v -0.05941413 0.03835906 0.07018983
v -0.05944419 0.03830636 0.07005761
v -0.06117708 0.03523945 0.07018306
v -0.06267975 0.03200501 0.07019144
v -0.06508695 0.02524435 0.07019761
v -0.06397533 0.02866587 0.07019951
v -0.06275746 0.03184564 0.07006669
v -0.06658018 0.01820638 0.07022249
v -0.06658017 0.01820638 0.07022249
v -0.06589173 0.02172533 0.07021737
v -0.06658018 0.01820638 0.07022249
v -0.06589173 0.02172533 0.07021737
v -0.06518231 0.02499529 0.07008134
v -0.03564750 0.05952670 0.07021772
v -0.03888903 0.05797643 0.07019768
v -0.03866204 0.05812629 0.07008134
v -0.04197498 0.05614871 0.07019944
v -0.04497222 0.05413558 0.07019169
v -0.04481444 0.05425942 0.07006669
v -0.04782347 0.05193951 0.07018300
v -0.05047835 0.04953402 0.07018960
v -0.05039362 0.04961308 0.07005761
v -0.05302199 0.04702939 0.07017856
v -0.05530660 0.04427231 0.07005443
v -0.06653422 0.01820002 0.07030215
v -0.06639543 0.01818083 0.07044980
v -0.06589714 0.02172714 0.07033787
v -0.06579485 0.02170594 0.07044710
v -0.06505146 0.02523229 0.07033188
v -0.06495069 0.02520420 0.07044282
v -0.06397236 0.02866692 0.07032674
v -0.06387362 0.02863205 0.07043914
v -0.06267179 0.03199910 0.07032249
v -0.06257554 0.03195764 0.07043608
v -0.06115365 0.03523013 0.07031911
v -0.06106034 0.03518231 0.07043365
v -0.05941829 0.03836017 0.07031663
v -0.05932833 0.03830623 0.07043187
v -0.05746316 0.04138804 0.07031511
v -0.05737701 0.04132816 0.07043078
v -0.05530939 0.04427449 0.07031459
v -0.05522748 0.04420892 0.07043040
v -0.05298078 0.04699040 0.07031511
v -0.05290346 0.04691948 0.07043077
v -0.05048043 0.04953808 0.07031660
v -0.05040803 0.04946219 0.07043184
v -0.04780933 0.05191906 0.07031907
v -0.04774217 0.05183854 0.07043361
v -0.04496514 0.05412991 0.07032246
v -0.04490358 0.05404511 0.07043606
v -0.04197503 0.05614521 0.07032676
v -0.04191940 0.05605650 0.07043914
v -0.03886948 0.05794476 0.07033188
v -0.03881998 0.05785260 0.07044282
v -0.03565013 0.05953101 0.07033783
v -0.03560701 0.05943588 0.07044707
v -0.06658017 0.01820638 0.07022249
v -0.04496514 0.05412991 0.07032246
v -0.06557487 0.01115332 0.07042566
v -0.06567267 0.01111513 0.07030800
v -0.06463565 0.00895469 0.07028090
v -0.06412979 0.00971623 0.07070672
v -0.06490753 0.01141499 0.07070672
v -0.06505463 0.01135648 0.07069684
v -0.06501604 0.01165201 0.07070672
v -0.06547737 0.01360152 0.07070672
v -0.06570626 0.01355097 0.07069729
v -0.06577677 0.01486678 0.07070672
v -0.06576369 0.01582796 0.07070672
v -0.06598250 0.01582417 0.07069758
v -0.06575057 0.01108471 0.07017878
v -0.06577108 0.01103445 0.07004233
v -0.06470691 0.00891275 0.07015748
v -0.06471020 0.00891082 0.07014831
v -0.06652228 0.01580460 0.07044764
v -0.06662664 0.01580082 0.07033863
v -0.06671192 0.01579773 0.07021811
v -0.06640146 0.01580898 0.07054081
v -0.06626804 0.01581382 0.07061471
v -0.06612671 0.01581895 0.07066717
v -0.06642768 0.01339962 0.07020219
v -0.06634477 0.01341701 0.07032627
v -0.06624229 0.01343851 0.07043877
v -0.06612285 0.01346357 0.07053509
v -0.06599042 0.01349135 0.07061156
v -0.06584983 0.01352084 0.07066585
v -0.06393178 0.00936890 0.07070672
v -0.06405658 0.00929546 0.07069448
v -0.06407807 0.00928282 0.07069237
v -0.06519449 0.01130187 0.07066389
v -0.06459468 0.00897880 0.07035186
v -0.06444693 0.00906575 0.07051110
v -0.06545975 0.01119828 0.07052665
v -0.06444113 0.00906916 0.07051491
v -0.06533130 0.01124844 0.07060691
v -0.06427160 0.00916893 0.07062667
v -0.06418824 0.00921798 0.07065497
v -0.06668586 0.01581013 0.07008864
v -0.06658018 0.01820638 0.07022249
v -0.06658017 0.01820638 0.07022249
v -0.06668586 0.01581013 0.07008864
v -0.06638963 0.01340165 0.07006924
v -0.06299346 0.01676215 0.07048166
v -0.06299345 0.01676215 0.07048169
v -0.06300150 0.01664518 0.07048407
v -0.06292528 0.01607224 0.07050000
v -0.06303491 0.01640911 0.07062687
v -0.06304138 0.01652761 0.07062558
v -0.06305801 0.01652713 0.07064512
v -0.06298365 0.01605411 0.07064943
v -0.06300124 0.01604866 0.07066532
v -0.06291583 0.01582072 0.07066711
v -0.06283342 0.01558500 0.07069089
v -0.06295207 0.01580380 0.07069012
v -0.06298997 0.01578611 0.07070305
v -0.06278541 0.01561586 0.07065461
v -0.06280047 0.01560617 0.07066901
v -0.06265709 0.01540832 0.07067099
v -0.06251386 0.01520425 0.07069250
v -0.06268618 0.01538347 0.07069169
v -0.06271645 0.01535760 0.07070337
v -0.06230701 0.01506493 0.07068352
v -0.06230222 0.01507200 0.07068001
v -0.06248899 0.01523206 0.07067299
v -0.06238040 0.01527184 0.07049923
v -0.06242891 0.01529922 0.07051522
v -0.06259060 0.01546510 0.07050548
v -0.06271957 0.01565812 0.07047674
v -0.06272948 0.01565186 0.07049595
v -0.06224657 0.01515412 0.07052482
v -0.06224656 0.01515413 0.07052469
v -0.06235855 0.01498885 0.07070672
v -0.06233914 0.01501751 0.07070219
v -0.06270706 0.01529157 0.07070672
v -0.06273919 0.01533741 0.07070672
v -0.06298150 0.01568300 0.07070672
v -0.06312725 0.01604162 0.07070672
v -0.06301794 0.01577265 0.07070672
v -0.06320269 0.01650589 0.07070672
v -0.06246688 0.01525677 0.07064548
v -0.06233815 0.01501897 0.07070196
v -0.06232941 0.01503187 0.07069993
v -0.06231826 0.01504832 0.07069176
v -0.06231743 0.01504955 0.07069115
v -0.06231743 0.01504955 0.07069115
v -0.06302054 0.01629145 0.07062823
v -0.06303689 0.01628874 0.07064712
v -0.06299819 0.01617459 0.07062971
v -0.06303980 0.01664671 0.07062439
v -0.06304751 0.01676810 0.07064235
v -0.06305528 0.01628570 0.07066368
v -0.06307681 0.01652660 0.07066225
v -0.06311880 0.01652540 0.07068821
v -0.06304017 0.01603660 0.07068941
v -0.06309616 0.01627894 0.07068876
v -0.06313908 0.01627183 0.07070276
v -0.06310791 0.01677474 0.07068702
v -0.06310775 0.01677474 0.07068696
v -0.06288699 0.01596221 0.07050387
v -0.06284222 0.01585506 0.07048703
v -0.06280424 0.01579205 0.07047024
v -0.06289141 0.01596050 0.07054805
v -0.06284292 0.01585473 0.07052946
v -0.06284156 0.01585537 0.07050786
v -0.06290570 0.01595496 0.07059234
v -0.06285249 0.01585027 0.07057342
v -0.06284653 0.01585305 0.07055144
v -0.06289935 0.01582840 0.07065194
v -0.06288449 0.01583534 0.07063462
v -0.06292989 0.01594562 0.07063292
v -0.06287157 0.01584136 0.07061547
v -0.06286086 0.01584636 0.07059492
v -0.06292909 0.01607104 0.07054475
v -0.06297325 0.01618049 0.07058745
v -0.06294326 0.01606664 0.07058985
v -0.06296788 0.01605900 0.07063128
v -0.06292989 0.01594562 0.07063292
v -0.06292706 0.01610255 0.07045807
v -0.06295610 0.01618456 0.07049631
v -0.06295928 0.01618379 0.07054162
v -0.06298170 0.01629788 0.07053869
v -0.06299541 0.01629561 0.07058520
v -0.06300972 0.01641155 0.07058313
v -0.06300661 0.01629376 0.07060743
v -0.06300193 0.01652873 0.07048678
v -0.06300150 0.01664518 0.07048407
v -0.06300222 0.01664521 0.07053106
v -0.06299543 0.01642886 0.07044758
v -0.06302090 0.01641046 0.07060570
v -0.06301624 0.01652833 0.07058117
v -0.06302736 0.01652801 0.07060409
v -0.06297917 0.01629829 0.07049289
v -0.06299443 0.01641302 0.07048971
v -0.06299634 0.01641283 0.07053595
v -0.06300323 0.01652869 0.07053341
v -0.06300819 0.01652856 0.07055742
v -0.06300695 0.01664539 0.07055533
v -0.06301482 0.01664571 0.07057937
v -0.06302582 0.01664615 0.07060258
v -0.06228827 0.01518645 0.07050452
v -0.06224657 0.01515412 0.07052482
v -0.06224928 0.01515012 0.07055873
v -0.06243021 0.01529777 0.07053447
v -0.06225012 0.01514889 0.07056225
v -0.06243283 0.01529484 0.07055404
v -0.06229726 0.01507931 0.07067331
v -0.06228805 0.01509290 0.07066083
v -0.06227931 0.01510580 0.07064899
v -0.06245739 0.01526738 0.07062918
v -0.06227882 0.01510654 0.07064833
v -0.06244916 0.01527658 0.07061155
v -0.06227169 0.01511704 0.07063201
v -0.06226487 0.01512711 0.07061638
v -0.06244229 0.01528426 0.07059292
v -0.06226076 0.01513317 0.07060696
v -0.06243684 0.01529035 0.07057364
v -0.06225446 0.01514248 0.07058047
v -0.06243283 0.01529484 0.07055404
v -0.06225434 0.01514265 0.07057999
v -0.06277173 0.01562465 0.07063814
v -0.06263147 0.01543020 0.07064180
v -0.06275972 0.01563238 0.07061991
v -0.06262061 0.01543948 0.07062453
v -0.06274960 0.01563889 0.07060029
v -0.06261133 0.01544740 0.07060592
v -0.06274151 0.01564409 0.07057970
v -0.06260374 0.01545390 0.07058629
v -0.06273551 0.01564796 0.07055858
v -0.06259790 0.01545888 0.07056608
v -0.06273157 0.01565049 0.07053734
v -0.06259381 0.01546236 0.07054564
v -0.06272961 0.01565176 0.07051635
v -0.06259142 0.01546441 0.07052534
v -0.06259060 0.01546510 0.07050548
v -0.06299345 0.01676215 0.07048169
v -0.06303491 0.01640911 0.07062687
v -0.01395587 -0.03162039 0.10125711
v -0.01356632 -0.03393539 0.10125711
v -0.00872568 -0.03344368 0.10125711
v -0.01094369 -0.03503682 0.10125711
v -0.02700793 -0.02156802 0.10125711
v -0.02785968 -0.02387367 0.10125711
v -0.02321590 -0.02560532 0.10125711
v -0.02292859 -0.02864446 0.10125711
v -0.01882765 -0.02898503 0.10125711
v -0.01842280 -0.03162128 0.10125711
v -0.01728231 -0.03237477 0.10125711
v -0.01004866 0.03531747 0.10125711
v -0.00941857 0.03325488 0.10125711
v -0.00582064 0.03609124 0.10125711
v -0.00414800 0.03431315 0.10125711
v -0.03243159 -0.01194965 0.10125711
v -0.03209664 -0.01765724 0.10125711
v -0.03010635 -0.01697682 0.10125711
v -0.03182081 -0.01826248 0.10125711
v -0.02805343 -0.02359921 0.10125711
v -0.01915419 0.02876997 0.10125711
v -0.01446131 0.03139214 0.10125711
v -0.01769164 0.03219862 0.10125711
v -0.01110446 0.03499837 0.10125711
v -0.01138263 0.03491430 0.10125711
v -0.01607603 0.03289406 0.10125711
v 0.00005025 0.03669640 0.10125711
v -0.00005048 0.03669653 0.10125711
v 0.00000018 0.03456299 0.10125711
v -0.00046497 0.03667847 0.10125711
v -0.00328314 0.03655562 0.10125711
v 0.03659060 -0.00135356 0.10125711
v 0.03671900 0.00002815 0.10125711
v 0.03454226 0.00120621 0.10125711
v 0.00491201 0.03622803 0.10125711
v 0.00280426 0.03444905 0.10125711
v 0.00689766 0.03603673 0.10125711
v 0.00640659 0.03396407 0.10125711
v 0.01016630 0.03508505 0.10125711
v 0.03422505 0.00482367 0.10125711
v -0.03671308 -0.00013312 0.10125711
v -0.03641361 -0.00402119 0.10125711
v -0.03437100 -0.00364553 0.10125711
v -0.02072760 0.03019200 0.10125711
v -0.02276890 0.02884281 0.10125711
v -0.02235761 0.02635777 0.10125711
v -0.02393787 0.02788259 0.10125711
v -0.02494607 0.02391026 0.10125711
v -0.02493864 0.02684844 0.10125711
v -0.02616754 0.02255403 0.10125711
v -0.02869391 0.02296794 0.10125711
v -0.02841515 0.01961260 0.10125711
v -0.03379559 -0.00723808 0.10125711
v -0.03631387 -0.00531618 0.10125711
v -0.03334694 -0.00908749 0.10125711
v -0.03490810 -0.01104747 0.10125711
v -0.03467395 -0.01200212 0.10125711
v -0.03077549 0.02002755 0.10125711
v -0.03116858 0.01947227 0.10125711
v -0.03034242 0.01645721 0.10125711
v -0.03247383 0.01686226 0.10125711
v -0.03193291 0.01313448 0.10125711
v -0.03423701 0.01333653 0.10125711
v 0.02292846 0.02864455 0.10125711
v 0.01999906 0.03073470 0.10125711
v 0.01728716 0.02992928 0.10125711
v 0.01963381 0.03099531 0.10125711
v 0.01405157 0.03157784 0.10125711
v 0.02035571 0.02793305 0.10125711
v 0.02094187 0.02749632 0.10125711
v 0.02422625 0.02739248 0.10125711
v 0.02371196 0.02514666 0.10125711
v 0.02786573 0.02388122 0.10125711
v 0.02621948 0.02252004 0.10125711
v 0.02806356 0.02360175 0.10125711
v 0.03118392 0.01919359 0.10125711
v 0.03642121 0.00402896 0.10125711
v 0.03632162 0.00536717 0.10125711
v 0.03352979 0.00838891 0.10125711
v 0.03535371 0.00930722 0.10125711
v 0.03334488 0.00909610 0.10125711
v 0.03468448 0.01203149 0.10125711
v 0.03219577 0.01257182 0.10125711
v 0.03360792 0.01438829 0.10125711
v 0.03069904 0.01588037 0.10125711
v 0.03182951 0.01828157 0.10125711
v 0.02886286 0.01901450 0.10125711
v 0.02845429 0.01962062 0.10125711
v -0.03456536 -0.00000018 0.10125711
v -0.03456069 0.00056879 0.10125711
v -0.03642363 0.00315553 0.10125711
v -0.03452067 0.00175405 0.10125711
v -0.03610873 0.00673341 0.10125711
v -0.03414744 0.00533769 0.10125711
v -0.03512508 0.01020354 0.10125711
v -0.03339837 0.00885126 0.10125711
v -0.03226561 0.01230689 0.10125711
v 0.00996220 0.03309621 0.10125711
v 0.01065988 0.03287813 0.10125711
v 0.01350627 0.03411260 0.10125711
v 0.01521812 0.03324173 0.10125711
v -0.00844784 -0.03556842 0.10125711
v -0.00422544 -0.03646777 0.10125711
v -0.00327141 -0.03440810 0.10125711
v -0.00314515 -0.03649182 0.10125711
v 0.00000018 -0.03456328 0.10125711
v 0.00225454 -0.03661201 0.10125711
v 0.00362930 -0.03437224 0.10125711
v 0.00264701 -0.03662074 0.10125711
v 0.00517432 -0.03417381 0.10125711
v 0.00758519 -0.03579576 0.10125711
v 0.00875971 -0.03343487 0.10125711
v 0.00942810 -0.03548788 0.10125711
v 0.01221931 -0.03233130 0.10125711
v 0.01273858 -0.03426791 0.10125711
v 0.01554496 -0.03087036 0.10125711
v 0.01587656 -0.03311149 0.10125711
v 0.01619431 -0.03053471 0.10125711
v 0.01763613 -0.03205519 0.10125711
v 0.01933300 -0.02865067 0.10125711
v 0.02176991 -0.02957359 0.10125711
v 0.02223229 -0.02646416 0.10125711
v 0.02220067 -0.02918945 0.10125711
v 0.02488689 -0.02398477 0.10125711
v 0.02623190 -0.02559456 0.10125711
v 0.02538855 -0.02345311 0.10125711
v 0.02690089 -0.02499797 0.10125711
v 0.02772667 -0.02063632 0.10125711
v 0.02964338 -0.02142809 0.10125711
v 0.02973877 -0.01761339 0.10125711
v 0.03108667 -0.01954938 0.10125711
v 0.03142305 -0.01439508 0.10125711
v 0.03245091 -0.01684711 0.10125711
v 0.03172045 -0.01372734 0.10125711
v 0.03418504 -0.01341219 0.10125711
v 0.03299439 -0.01029543 0.10125711
v 0.03461313 -0.01192331 0.10125711
v 0.03389245 -0.00677687 0.10125711
v 0.03608367 -0.00680890 0.10125711
v 0.03441651 -0.00318248 0.10125711
v 0.03447611 -0.00245394 0.10125711
v -0.06101477 0.00407790 0.07069008
v -0.06145309 0.00495552 0.07069668
v -0.06211769 0.00628622 0.07070672
v -0.06083777 0.00372351 0.07068741
v -0.05942560 0.00096756 0.07058924
v -0.05943684 0.00098950 0.07059002
v -0.06010628 0.00229596 0.07063656
v -0.05785066 -0.00210605 0.07047974
v -0.05806397 -0.00168976 0.07049457
v -0.05874465 -0.00036136 0.07054190
v -0.05738426 -0.00301625 0.07044732
v -0.05691169 -0.00445679 0.07000719
v -0.05685789 -0.00442512 0.07015748
v -0.05670764 -0.00433672 0.07040027
v -0.05674565 -0.00435907 0.07035186
v -0.05677039 -0.00437364 0.07030900
v -0.05682705 -0.00440698 0.07021088
v -0.05972355 0.01516611 0.07143728
v -0.05967277 0.01522124 0.07146695
v -0.05968592 0.01522858 0.07145687
v -0.06182727 0.01494271 0.07056649
v -0.06108575 0.01463271 0.07087450
v -0.06093973 0.01465474 0.07092067
v -0.06093862 0.01467381 0.07091266
v -0.06188985 0.01480539 0.07072268
v -0.05926124 0.01610634 0.07168925
v -0.05927335 0.01610803 0.07167177
v -0.05941794 0.01564289 0.07159804
v -0.05970210 0.01527717 0.07142679
v -0.05969332 0.01524757 0.07144629
v -0.05940049 0.01562605 0.07162153
v -0.05925336 0.01610530 0.07169664
v -0.05970708 0.01529097 0.07141276
v -0.06006838 0.01501518 0.07122673
v -0.06006424 0.01499548 0.07124060
v -0.06005849 0.01497491 0.07125214
v -0.06047803 0.01477233 0.07107461
v -0.05968592 0.01522858 0.07145687
v -0.05957317 0.01532943 0.07152517
v -0.05951901 0.01538825 0.07155683
v -0.05945515 0.01549319 0.07159517
v -0.05935724 0.01565410 0.07165397
v -0.05926280 0.01592158 0.07170614
v -0.05923028 0.01610227 0.07171828
v -0.06007080 0.01503361 0.07121084
v -0.06048402 0.01486659 0.07101807
v -0.06048455 0.01484463 0.07103647
v -0.06070724 0.01479167 0.07095087
v -0.06048324 0.01482056 0.07105192
v -0.06227882 0.01510653 0.07064833
v -0.06207501 0.01498136 0.07065842
v -0.06227931 0.01510580 0.07064899
v -0.06208242 0.01496768 0.07067138
v -0.06163673 0.01479998 0.07072156
v -0.06186425 0.01486994 0.07069092
v -0.06187056 0.01485473 0.07070144
v -0.06140343 0.01475703 0.07076411
v -0.06140684 0.01474184 0.07077334
v -0.06141003 0.01472600 0.07078113
v -0.06209027 0.01495295 0.07068268
v -0.06093741 0.01474779 0.07088350
v -0.06093842 0.01473371 0.07089168
v -0.06093927 0.01470417 0.07090455
v -0.06048017 0.01479510 0.07106402
v -0.06189611 0.01478851 0.07072623
v -0.06141807 0.01467647 0.07079545
v -0.06188345 0.01482220 0.07071737
v -0.06141298 0.01470968 0.07078740
v -0.06187700 0.01483874 0.07071030
v -0.06069614 0.01485101 0.07088408
v -0.06092074 0.01482170 0.07080189
v -0.06108297 0.01483820 0.07072577
v -0.06114787 0.01481470 0.07073041
v -0.06114279 0.01483693 0.07070685
v -0.06131119 0.01483337 0.07065356
v -0.06137731 0.01483102 0.07066971
v -0.06144163 0.01485926 0.07062616
v -0.06160636 0.01487220 0.07062070
v -0.06159900 0.01489051 0.07059308
v -0.06175638 0.01492175 0.07055999
v -0.06183011 0.01493916 0.07058377
v -0.06224656 0.01515413 0.07052469
v -0.06204272 0.01503546 0.07054027
v -0.06204496 0.01503258 0.07055822
v -0.06204800 0.01502812 0.07057625
v -0.06183350 0.01493401 0.07060103
v -0.06183745 0.01492721 0.07061806
v -0.06161390 0.01485902 0.07065323
v -0.06224656 0.01515413 0.07052469
v -0.06224657 0.01515412 0.07052482
v -0.06225434 0.01514265 0.07057999
v -0.06205652 0.01501421 0.07061155
v -0.06205186 0.01502200 0.07059412
v -0.06205652 0.01501421 0.07061155
v -0.06184193 0.01491877 0.07063460
v -0.06184691 0.01490871 0.07065040
v -0.06162254 0.01483957 0.07068365
v -0.06206198 0.01500478 0.07062826
v -0.06206817 0.01499379 0.07064397
v -0.06185234 0.01489713 0.07066520
v -0.06185815 0.01488415 0.07067876
v -0.06163191 0.01481438 0.07071023
v -0.06225012 0.01514889 0.07056225
v -0.06138474 0.01481676 0.07070029
v -0.06139238 0.01479668 0.07072874
v -0.06115485 0.01479953 0.07075895
v -0.06116131 0.01477915 0.07078538
v -0.06092696 0.01480592 0.07082834
v -0.06093215 0.01478558 0.07085283
v -0.06070132 0.01483493 0.07090848
v -0.06139986 0.01477135 0.07075352
v -0.06116696 0.01475411 0.07080842
v -0.05944002 0.01565912 0.07155394
v -0.05933964 0.01587553 0.07162475
v -0.05938442 0.01580199 0.07157516
v -0.05943368 0.01565633 0.07156939
v -0.05958812 0.01546203 0.07145022
v -0.05971464 0.01531773 0.07138219
v -0.05972072 0.01533677 0.07136252
v -0.06047527 0.01490858 0.07096339
v -0.05988491 0.01519244 0.07126375
v -0.06007065 0.01506598 0.07117409
v -0.06006926 0.01507172 0.07116478
v -0.05971060 0.01530389 0.07139763
v -0.05971180 0.01530997 0.07138974
v -0.06007114 0.01505801 0.07118400
v -0.06047779 0.01490183 0.07097497
v -0.05954257 0.01552469 0.07147496
v -0.05928546 0.01610973 0.07165430
v -0.05928962 0.01611038 0.07164431
v -0.05971180 0.01530997 0.07138974
v -0.05942508 0.01565089 0.07158494
v -0.06093603 0.01476121 0.07087423
v -0.06070508 0.01481498 0.07093103
v -0.06048309 0.01487658 0.07100796
v -0.06048173 0.01488581 0.07099736
v -0.06007135 0.01504221 0.07120224
v -0.06007135 0.01504221 0.07120224
v -0.06047995 0.01489423 0.07098633
v -0.06007146 0.01505036 0.07119327
v -0.05971060 0.01530389 0.07139763
v -0.05942508 0.01565089 0.07158494
v -0.06197468 0.01478094 0.07072262
v -0.06190647 0.01476177 0.07073101
v -0.06169884 0.01470338 0.07075651
v -0.06155010 0.01466156 0.07077481
v -0.06142235 0.01465363 0.07080224
v -0.06059221 0.01470718 0.07103055
v -0.06047441 0.01475282 0.07108037
v -0.06026912 0.01483235 0.07116717
v -0.06012093 0.01488976 0.07122985
v -0.06007080 0.01503361 0.07121084
v -0.05673648 0.02676264 0.07176509
v -0.05674320 0.02676503 0.07175830
v -0.05830597 0.02150929 0.07176584
v -0.05832440 0.02151382 0.07174254
v -0.05833927 0.02151753 0.07171670
v -0.05858497 0.01978848 0.07176440
v -0.05671673 0.02675562 0.07178506
v -0.05753244 0.02402350 0.07178547
v -0.05828463 0.02150409 0.07178586
v -0.05676822 0.02677380 0.07171769
v -0.05676438 0.02677247 0.07172664
v -0.05675379 0.02676875 0.07174247
v -0.05665339 0.02729220 0.07168159
v -0.05810980 0.02920577 0.07056010
v -0.05798710 0.02915844 0.07060897
v -0.05845024 0.02930481 0.07049299
v -0.05821628 0.02925089 0.07055099
v -0.05879092 0.02932993 0.07045830
v -0.05870270 0.02933706 0.07048077
v -0.05685374 0.02799300 0.07135026
v -0.05695975 0.02820831 0.07124228
v -0.05696725 0.02819359 0.07121960
v -0.05716249 0.02869235 0.07112745
v -0.05716655 0.02869751 0.07112500
v -0.05717665 0.02868538 0.07111689
v -0.05819557 0.02941684 0.07076034
v -0.05844959 0.02947723 0.07072764
v -0.05845566 0.02943490 0.07071480
v -0.05778072 0.02903760 0.07066260
v -0.05777286 0.02903881 0.07068107
v -0.05757599 0.02889727 0.07076523
v -0.05747588 0.02880460 0.07080130
v -0.05895819 0.02937783 0.07064390
v -0.05895597 0.02936159 0.07062656
v -0.05870915 0.02939536 0.07065439
v -0.05870868 0.02937869 0.07063582
v -0.05896020 0.02939255 0.07065958
v -0.05870946 0.02941406 0.07067063
v -0.05896078 0.02939681 0.07066240
v -0.05870964 0.02943427 0.07068429
v -0.05896551 0.02943137 0.07068529
v -0.05870967 0.02945550 0.07069520
v -0.05896644 0.02943816 0.07068779
v -0.05870956 0.02947721 0.07070335
v -0.05897147 0.02947501 0.07070128
v -0.05889361 0.02953197 0.07070726
v -0.05897777 0.02952112 0.07070672
v -0.05897236 0.02948151 0.07070206
v -0.05897208 0.02947939 0.07070180
v -0.05870934 0.02949893 0.07070881
v -0.05870887 0.02952996 0.07071573
v -0.05797560 0.02926641 0.07078522
v -0.05798146 0.02924861 0.07077353
v -0.05776149 0.02913007 0.07083455
v -0.05776752 0.02911443 0.07082164
v -0.05755864 0.02898749 0.07090718
v -0.05757109 0.02895973 0.07088158
v -0.05736952 0.02895604 0.07100174
v -0.05751108 0.02906599 0.07094941
v -0.05752290 0.02904688 0.07093892
v -0.05776385 0.02926230 0.07085595
v -0.05795404 0.02932171 0.07080700
v -0.05794309 0.02934834 0.07081498
v -0.05812236 0.02943440 0.07077401
v -0.05829896 0.02947675 0.07075168
v -0.05844465 0.02951169 0.07073327
v -0.05851192 0.02952783 0.07072475
v -0.05720727 0.02864289 0.07108195
v -0.05722127 0.02862080 0.07106006
v -0.05707506 0.02842864 0.07115964
v -0.05674628 0.02778648 0.07148907
v -0.05693482 0.02824024 0.07128171
v -0.05694884 0.02822402 0.07126320
v -0.05691813 0.02825652 0.07129735
v -0.05673502 0.02779936 0.07149904
v -0.05676241 0.02797446 0.07145462
v -0.05695894 0.02843307 0.07125107
v -0.05708658 0.02859565 0.07117356
v -0.05671913 0.02781452 0.07151011
v -0.05709206 0.02839390 0.07111132
v -0.05723640 0.02858238 0.07100669
v -0.05709457 0.02837945 0.07108497
v -0.05723736 0.02857451 0.07099222
v -0.05723725 0.02856744 0.07097761
v -0.05724788 0.02856446 0.07096415
v -0.05721495 0.02850572 0.07097706
v -0.05708555 0.02841046 0.07113653
v -0.05722673 0.02861031 0.07104771
v -0.05723109 0.02860035 0.07103460
v -0.05723431 0.02859102 0.07102087
v -0.05686732 0.02796867 0.07130867
v -0.05678516 0.02774620 0.07141925
v -0.05672817 0.02751383 0.07152293
v -0.05670206 0.02727189 0.07161232
v -0.05669497 0.02727630 0.07162759
v -0.05672124 0.02752108 0.07153994
v -0.05677883 0.02775594 0.07143825
v -0.05671138 0.02710642 0.07164345
v -0.05670784 0.02702449 0.07169114
v -0.05675926 0.02777627 0.07147352
v -0.05667663 0.02728471 0.07165636
v -0.05757599 0.02889727 0.07076523
v -0.05777612 0.02904251 0.07069948
v -0.05757879 0.02890217 0.07078242
v -0.05777844 0.02904787 0.07071824
v -0.05758055 0.02890844 0.07079983
v -0.05777968 0.02905493 0.07073707
v -0.05758117 0.02891611 0.07081724
v -0.05777975 0.02906374 0.07075570
v -0.05895103 0.02932550 0.07046760
v -0.05895053 0.02932179 0.07048929
v -0.05870370 0.02933506 0.07050217
v -0.05895043 0.02932108 0.07049338
v -0.05870468 0.02933541 0.07052455
v -0.05895078 0.02932364 0.07053550
v -0.05870563 0.02933838 0.07054753
v -0.05895082 0.02932392 0.07054016
v -0.05870653 0.02934416 0.07057067
v -0.05895256 0.02933666 0.07058274
v -0.05870736 0.02935285 0.07059344
v -0.05895265 0.02933734 0.07058501
v -0.05870808 0.02936442 0.07061535
v -0.05895421 0.02934869 0.07060477
v -0.05895584 0.02936063 0.07062555
v -0.05895597 0.02936159 0.07062656
v -0.05820658 0.02937679 0.07074791
v -0.05821142 0.02935703 0.07073803
v -0.05845825 0.02941412 0.07070443
v -0.05821565 0.02933798 0.07072570
v -0.05846044 0.02939422 0.07069144
v -0.05821914 0.02932008 0.07071104
v -0.05846214 0.02937568 0.07067596
v -0.05822179 0.02930373 0.07069432
v -0.05846332 0.02935896 0.07065825
v -0.05822356 0.02928927 0.07067582
v -0.05846393 0.02934444 0.07063868
v -0.05822440 0.02927698 0.07065594
v -0.05846398 0.02933241 0.07061767
v -0.05822434 0.02926702 0.07063511
v -0.05846347 0.02932304 0.07059572
v -0.05822341 0.02925951 0.07061378
v -0.05846245 0.02931639 0.07057335
v -0.05822169 0.02925439 0.07059241
v -0.05846097 0.02931240 0.07055102
v -0.05821928 0.02925157 0.07057136
v -0.05845911 0.02931093 0.07052916
v -0.05845692 0.02931174 0.07050815
v -0.05846398 0.02933241 0.07061767
v -0.05799048 0.02916069 0.07062845
v -0.05799305 0.02916486 0.07064844
v -0.05799469 0.02917106 0.07066865
v -0.05799530 0.02917934 0.07068867
v -0.05799480 0.02918968 0.07070817
v -0.05758058 0.02892516 0.07083436
v -0.05777859 0.02907422 0.07077378
v -0.05777614 0.02908628 0.07079098
v -0.05799315 0.02920198 0.07072677
v -0.05777244 0.02909975 0.07080703
v -0.05799034 0.02921607 0.07074408
v -0.05798641 0.02923172 0.07075976
v -0.05757554 0.02894709 0.07086680
v -0.05757870 0.02893552 0.07085097
v -0.05662803 0.02737021 0.07168203
v -0.05670042 0.02781442 0.07152350
v -0.05670447 0.02783926 0.07151462
v -0.05664786 0.02702161 0.07176220
v -0.05718976 0.02866567 0.07109942
v -0.05668647 0.02728059 0.07164233
v -0.05677017 0.02776602 0.07145646
v -0.05686198 0.02798045 0.07132992
v -0.05697130 0.02818021 0.07119588
v -0.05676822 0.02677380 0.07171769
v -0.05796896 0.02928475 0.07079471
v -0.05774657 0.02916307 0.07085476
v -0.05754217 0.02901711 0.07092647
v -0.05737378 0.02882417 0.07099022
v -0.05738723 0.02879919 0.07096651
v -0.05739226 0.02878756 0.07095296
v -0.05739608 0.02877671 0.07093853
v -0.05739867 0.02876675 0.07092338
v -0.05740001 0.02875776 0.07090774
v -0.05740017 0.02874984 0.07089181
v -0.05739918 0.02874300 0.07087578
v -0.05740269 0.02873409 0.07086297
v -0.05747588 0.02880460 0.07080130
v -0.05740607 0.02872463 0.07084833
v -0.05799305 0.02916486 0.07064844
v -0.05799469 0.02917106 0.07066865
v -0.05822179 0.02930373 0.07069432
v -0.05737378 0.02882417 0.07099022
v -0.05740269 0.02873409 0.07086297
v -0.05588996 -0.00596008 0.07030259
v -0.05578644 -0.00616562 0.07029023
v -0.05502171 -0.00785515 0.07018436
v -0.05566096 -0.00641472 0.07027524
v -0.05413961 -0.00984279 0.07005899
v -0.05492298 -0.00807762 0.07017033
v -0.05492177 -0.00807976 0.07008488
v -0.05493639 -0.00804739 0.07017225
v -0.05496674 -0.00807448 0.06997713
v -0.05496060 -0.00808798 0.06997697
v -0.05495651 -0.00809695 0.06997687
v -0.05353571 -0.01121928 0.06994034
v -0.05325389 -0.01183861 0.06993309
v -0.05532625 -0.01061946 0.06427923
v -0.05442554 -0.01229193 0.06428740
v -0.05444596 -0.01230220 0.06433085
v -0.05209687 -0.01690337 0.06437542
v -0.05209758 -0.01690370 0.06437661
v -0.05328339 -0.01460390 0.06437661
v -0.05329933 -0.01461104 0.06442579
v -0.05204112 -0.01687654 0.06428312
v -0.05206873 -0.01688983 0.06432885
v -0.05291765 -0.01519121 0.06428470
v -0.05326320 -0.01459471 0.06432998
v -0.05323482 -0.01458137 0.06428527
v -0.05576587 -0.00993966 0.06469925
v -0.05365098 -0.01394029 0.06468447
v -0.05447397 -0.01231433 0.06467319
v -0.05448291 -0.01231929 0.06462517
v -0.05472042 -0.01186131 0.06467817
v -0.05576587 -0.00993966 0.06469925
v -0.05211566 -0.01691199 0.06442827
v -0.05213434 -0.01692056 0.06448163
v -0.05331069 -0.01461594 0.06447680
v -0.05214207 -0.01692346 0.06453818
v -0.05331722 -0.01461851 0.06452880
v -0.05214957 -0.01692627 0.06459298
v -0.05331887 -0.01461876 0.06458095
v -0.05214948 -0.01692619 0.06459439
v -0.05214596 -0.01692334 0.06465029
v -0.05654428 -0.00835779 0.06426822
v -0.05689357 -0.00777095 0.06431640
v -0.05448406 -0.01232092 0.06447494
v -0.05447555 -0.01231688 0.06442527
v -0.05446276 -0.01231059 0.06437700
v -0.05448770 -0.01232210 0.06457566
v -0.05214252 -0.01692055 0.06470514
v -0.05701110 -0.00644777 0.06662449
v -0.05703898 -0.00598427 0.06727621
v -0.04014123 -0.03060356 0.06288075
v -0.03680493 -0.03591000 0.06342445
v -0.03712049 -0.03420199 0.06289227
v -0.03154046 -0.03940391 0.06290591
v -0.03213370 -0.04014506 0.06347331
v -0.03368144 -0.03759238 0.06290139
v -0.03679692 -0.03591928 0.06342460
v -0.03607712 -0.03523059 0.06289504
v -0.03610299 -0.03520511 0.06289496
v 0.02111808 0.04584683 0.06288023
v 0.02142462 0.04622980 0.06310749
v 0.02652493 0.04294272 0.06289447
v 0.02591098 0.04441657 0.06340894
v 0.02709603 0.04365148 0.06342124
v 0.02652675 0.04294176 0.06289447
v 0.02709912 0.04364947 0.06342127
v 0.03154083 0.03940362 0.06290591
v 0.02981515 0.04189596 0.06344947
v 0.03213413 0.04014484 0.06347332
v -0.00811392 0.05650635 0.07000718
v -0.00676804 0.05693773 0.06746672
v -0.00636928 0.05700841 0.06688196
v -0.00517050 0.05722089 0.06512405
v -0.00081680 0.05597710 0.06510073
v 0.00061300 0.05560205 0.06509220
v 0.00061511 0.05561068 0.06504166
v 0.00057966 0.05546937 0.06461140
v -0.00520662 0.05710856 0.06462139
v -0.00519321 0.05715027 0.06466874
v -0.00528658 0.05685992 0.06447486
v 0.00054385 0.05532658 0.06450917
v 0.00052224 0.05524042 0.06447660
v 0.00051780 0.05522269 0.06447445
v 0.00051792 0.05522317 0.06447451
v 0.00056870 0.05542570 0.06457041
v 0.00054928 0.05534823 0.06451735
v -0.00525273 0.05696516 0.06451155
v -0.00528162 0.05687536 0.06447677
v 0.00054414 0.05532773 0.06450960
v 0.00057331 0.05544406 0.06458300
v -0.00522049 0.05706541 0.06457676
v -0.00521726 0.05707547 0.06458381
v -0.00524750 0.05698144 0.06451786
v 0.00056913 0.05542737 0.06457155
v -0.00519257 0.05715226 0.06467099
v 0.00059820 0.05554330 0.06470793
v 0.00059386 0.05552602 0.06467499
v 0.00059033 0.05551193 0.06465918
v 0.00058986 0.05551005 0.06465705
v -0.00518337 0.05718086 0.06472457
v -0.00517478 0.05720756 0.06477459
v 0.00060531 0.05557170 0.06476211
v -0.00517424 0.05720927 0.06478099
v 0.00060573 0.05557335 0.06476525
v 0.00060827 0.05558349 0.06478459
v 0.00061040 0.05559193 0.06481842
v -0.00516898 0.05722562 0.06484167
v 0.00061400 0.05560631 0.06487594
v -0.00516489 0.05723832 0.06488887
v -0.00516474 0.05723880 0.06490132
v 0.00061425 0.05560731 0.06487995
v 0.00061561 0.05561274 0.06490169
v 0.00061574 0.05561321 0.06493267
v -0.00516401 0.05724107 0.06496106
v 0.00061594 0.05561407 0.06498848
v -0.00516737 0.05723061 0.06507247
v -0.00516409 0.05724082 0.06501831
v 0.00061606 0.05561453 0.06501911
v -0.00516344 0.05724285 0.06500756
v 0.00061596 0.05561413 0.06499301
v 0.00061606 0.05561453 0.06501911
v -0.00276456 0.05650466 0.06511193
v -0.00229436 0.05636468 0.06510955
v 0.00125867 0.05545281 0.06490224
v 0.00125712 0.05544645 0.06487671
v 0.00125653 0.05544308 0.06508792
v 0.00125907 0.05545452 0.06501960
v 0.00093463 0.05552228 0.06509009
v 0.00061300 0.05560205 0.06509220
v 0.00081617 0.05504637 0.06446281
v 0.00113875 0.05496684 0.06446286
v 0.00115080 0.05501557 0.06446886
v 0.00116255 0.05506308 0.06447471
v 0.00116346 0.05506671 0.06447516
v 0.00116690 0.05508065 0.06447687
v 0.00117602 0.05511760 0.06449089
v 0.00118825 0.05516711 0.06450965
v 0.00118886 0.05516961 0.06451059
v 0.00119353 0.05518851 0.06451776
v 0.00120105 0.05521901 0.06453869
v 0.00121271 0.05526626 0.06457112
v 0.00121300 0.05526745 0.06457193
v 0.00057331 0.05544405 0.06458300
v 0.00121718 0.05528436 0.06458352
v 0.00123349 0.05535054 0.06465790
v 0.00123349 0.05535054 0.06465790
v 0.00123350 0.05535058 0.06465796
v 0.00123737 0.05536627 0.06467559
v 0.00125712 0.05544645 0.06487671
v 0.00061400 0.05560631 0.06487594
v 0.00125712 0.05544645 0.06487671
v 0.00125696 0.05544582 0.06487419
v 0.00125151 0.05542365 0.06478519
v 0.00124849 0.05541141 0.06476184
v 0.00124865 0.05541202 0.06476297
v 0.00060573 0.05557335 0.06476525
v 0.00125151 0.05542365 0.06478519
v 0.00125895 0.05545402 0.06498535
v 0.00125896 0.05545408 0.06498903
v 0.00146700 0.05539250 0.06508483
v 0.00438527 0.05470049 0.06492026
v 0.00125895 0.05545402 0.06498535
v 0.00438522 0.05469870 0.06494387
v 0.00438505 0.05469123 0.06504196
v 0.00125696 0.05544582 0.06487419
v 0.00438080 0.05468757 0.06483985
v 0.00437857 0.05468115 0.06479993
v 0.00437857 0.05468115 0.06479993
v 0.00437099 0.05465433 0.06473584
v 0.00124849 0.05541141 0.06476184
v 0.00436535 0.05463433 0.06468799
v 0.00435586 0.05459852 0.06463949
v 0.00123350 0.05535058 0.06465796
v 0.00123349 0.05535054 0.06465790
v 0.00435586 0.05459852 0.06463949
v 0.00434704 0.05456521 0.06459434
v 0.00434638 0.05456274 0.06459098
v 0.00433629 0.05452335 0.06455831
v 0.00433629 0.05452335 0.06455831
v 0.00432550 0.05448122 0.06452337
v 0.00432276 0.05447056 0.06451453
v 0.00431384 0.05443494 0.06449747
v 0.00430206 0.05438787 0.06447493
v 0.00427858 0.05429278 0.06444895
v 0.00426729 0.05424684 0.06443972
v 0.00386728 0.05433890 0.06444268
v 0.00429588 0.05436317 0.06446311
v 0.00429033 0.05434061 0.06445858
v -0.00477889 0.05550603 0.07020530
v -0.00434822 0.05540809 0.07018064
v -0.00814388 0.05641318 0.07021109
v -0.00245501 0.05497755 0.07007231
v -0.00241085 0.05496749 0.07006978
v -0.00408109 0.05536218 0.07008709
v -0.00011029 0.05455379 0.06993309
v -0.00124191 0.05479047 0.06994539
v -0.00239356 0.05496357 0.07006881
v -0.00412129 0.05539268 0.06997674
v -0.00241085 0.05496749 0.07006978
v -0.00413098 0.05535869 0.07016822
v -0.00245501 0.05497755 0.07007231
v -0.00414546 0.05539773 0.06997702
v -0.00813397 0.05644401 0.07016334
v -0.00414457 0.05539755 0.06997699
v -0.00628809 0.05584925 0.07029165
v -0.00816418 0.05635006 0.07030881
v -0.00708725 0.05603099 0.07033738
v -0.00817395 0.05631970 0.07035582
v -0.00818640 0.05628095 0.07040027
v -0.00962075 0.05665808 0.07046939
v -0.01390067 0.05775289 0.07058506
v -0.01250994 0.05740003 0.07055606
v -0.01106286 0.05703288 0.07052588
v -0.01058722 0.05691221 0.07051596
v -0.01052659 0.05689626 0.07051304
v -0.01395769 0.05776736 0.07058625
v -0.01540499 0.05813457 0.07061641
v -0.01685106 0.05850146 0.07064656
v -0.01727930 0.05861011 0.07065549
v -0.01829495 0.05886781 0.07067666
v -0.01973621 0.05923348 0.07070672
v -0.04018512 0.04950153 0.07107638
v -0.04039378 0.04959485 0.07096937
v -0.04040802 0.04959239 0.07097757
v -0.03972763 0.04938266 0.07128589
v -0.03973630 0.04936967 0.07130120
v -0.03950856 0.04933740 0.07140867
v -0.04157964 0.05056590 0.07073062
v -0.04079925 0.04985199 0.07076776
v -0.04097297 0.05001772 0.07066968
v -0.04097973 0.05001572 0.07068467
v -0.03903490 0.04930208 0.07168184
v -0.03853728 0.04949895 0.07176509
v -0.03854107 0.04950497 0.07175830
v -0.03903270 0.04932639 0.07165661
v -0.03953036 0.04929914 0.07147390
v -0.03953748 0.04928424 0.07148945
v -0.03954666 0.04927047 0.07150096
v -0.04049346 0.04952454 0.07109938
v -0.04047507 0.04954662 0.07108191
v -0.04088572 0.04981199 0.07090816
v -0.04144786 0.05061311 0.07065854
v -0.04135607 0.05038355 0.07071148
v -0.04134069 0.05038973 0.07069477
v -0.04121869 0.05017595 0.07076028
v -0.04120429 0.05018321 0.07074463
v -0.04104289 0.04999635 0.07080770
v -0.04086140 0.04983022 0.07088260
v -0.04105612 0.04998834 0.07082229
v -0.04123407 0.05016742 0.07077407
v -0.04139041 0.05036791 0.07073845
v -0.04137276 0.05037621 0.07072612
v -0.04146391 0.05060830 0.07067624
v -0.04152119 0.05084843 0.07063597
v -0.04066539 0.04968686 0.07096715
v -0.04086140 0.04983022 0.07088260
v -0.04087334 0.04982174 0.07089609
v -0.04107004 0.04997900 0.07083519
v -0.04125013 0.05015778 0.07078575
v -0.04126656 0.05014729 0.07079522
v -0.04089833 0.04980116 0.07091865
v -0.04091099 0.04978943 0.07092744
v -0.04093576 0.04976411 0.07093989
v -0.04086540 0.04966945 0.07098218
v -0.04065276 0.04955869 0.07106975
v -0.04050982 0.04950542 0.07111564
v -0.04003173 0.04934826 0.07129860
v -0.04001955 0.04936810 0.07128299
v -0.04152024 0.05058894 0.07071503
v -0.04154025 0.05058143 0.07072275
v -0.04128305 0.05013615 0.07080247
v -0.04159635 0.05083250 0.07069533
v -0.04157564 0.05083714 0.07068442
v -0.04150054 0.05059605 0.07070469
v -0.04155588 0.05084142 0.07067077
v -0.04148161 0.05060255 0.07069169
v -0.04153758 0.05084522 0.07065452
v -0.04156018 0.05057370 0.07072787
v -0.04129932 0.05012460 0.07080752
v -0.04132111 0.05010935 0.07081637
v -0.04147705 0.05031416 0.07076513
v -0.04152882 0.05042818 0.07075111
v -0.04158980 0.05056250 0.07073462
v -0.04120913 0.04996227 0.07085315
v -0.04111733 0.04988406 0.07088762
v -0.04095392 0.04974485 0.07094896
v -0.04060714 0.04971013 0.07086061
v -0.04079925 0.04985199 0.07076776
v -0.04046579 0.04955637 0.07107148
v -0.04045658 0.04956512 0.07106003
v -0.04044755 0.04957274 0.07104767
v -0.04064541 0.04970042 0.07093920
v -0.04062779 0.04970841 0.07090842
v -0.04082978 0.04984707 0.07083543
v -0.04139189 0.05061429 0.07049332
v -0.04140031 0.05061723 0.07050848
v -0.04128790 0.05039597 0.07055150
v -0.04121860 0.05030492 0.07056176
v -0.04114731 0.05019272 0.07060959
v -0.04097964 0.05002383 0.07066659
v -0.04139360 0.05061848 0.07049270
v -0.04147922 0.05085173 0.07048095
v -0.04149689 0.05094067 0.07045653
v -0.04147750 0.05085313 0.07050236
v -0.04061319 0.04971084 0.07087651
v -0.04080695 0.04985040 0.07078354
v -0.04098784 0.05001251 0.07070021
v -0.04115026 0.05019552 0.07062907
v -0.04128924 0.05039874 0.07057187
v -0.04140002 0.05061955 0.07052949
v -0.04083947 0.04984296 0.07085203
v -0.04085006 0.04983735 0.07086783
v -0.04101933 0.05000794 0.07077446
v -0.04103054 0.05000291 0.07079165
v -0.04117950 0.05019338 0.07070875
v -0.04119115 0.05018905 0.07072732
v -0.04131518 0.05039816 0.07065639
v -0.04132698 0.05039462 0.07067627
v -0.04142209 0.05061959 0.07061796
v -0.04143382 0.05061691 0.07063897
v -0.04149570 0.05085281 0.07059362
v -0.04150714 0.05085098 0.07061551
v -0.04082109 0.04984964 0.07081832
v -0.04100076 0.05001325 0.07073778
v -0.04100936 0.05001138 0.07075638
v -0.04116132 0.05019735 0.07066923
v -0.04116954 0.05019613 0.07068925
v -0.04129790 0.05040102 0.07061429
v -0.04130546 0.05040027 0.07063559
v -0.04140611 0.05062161 0.07057367
v -0.04141283 0.05062116 0.07059604
v -0.04148119 0.05085431 0.07054770
v -0.04148703 0.05085392 0.07057084
v -0.04040802 0.04959239 0.07097757
v -0.04062009 0.04971030 0.07089251
v -0.04081346 0.04985072 0.07080093
v -0.04099358 0.05001360 0.07071895
v -0.04115490 0.05019711 0.07064905
v -0.04129253 0.05040047 0.07059292
v -0.04140189 0.05062104 0.07055134
v -0.04147808 0.05085402 0.07052472
v -0.03855511 0.04952746 0.07171769
v -0.03878538 0.04941419 0.07169127
v -0.03902579 0.04935400 0.07161258
v -0.03902307 0.04936041 0.07159681
v -0.03926728 0.04932634 0.07152341
v -0.03950673 0.04933098 0.07141964
v -0.04018512 0.04950153 0.07107638
v -0.04034481 0.04958481 0.07097545
v -0.03996154 0.04941863 0.07118637
v -0.03996907 0.04941682 0.07119726
v -0.04019214 0.04949394 0.07108554
v -0.04019873 0.04949167 0.07109878
v -0.04041493 0.04959097 0.07099218
v -0.04042240 0.04958830 0.07100664
v -0.04043037 0.04958436 0.07102083
v -0.04043878 0.04957917 0.07103457
v -0.03951080 0.04932713 0.07142923
v -0.03951483 0.04932269 0.07143864
v -0.03927284 0.04931799 0.07154040
v -0.03951883 0.04931764 0.07144787
v -0.03952276 0.04931203 0.07145685
v -0.03903085 0.04933690 0.07164260
v -0.03902854 0.04934612 0.07162787
v -0.03854107 0.04950497 0.07175830
v -0.03854702 0.04951449 0.07174247
v -0.03855298 0.04952401 0.07172664
v -0.03999391 0.04939937 0.07124360
v -0.03998751 0.04940511 0.07123246
v -0.03998122 0.04940994 0.07122094
v -0.03997505 0.04941385 0.07120920
v -0.03974108 0.04936211 0.07130947
v -0.04171429 0.05105434 0.07070768
v -0.04164099 0.05067524 0.07072078
v -0.04052077 0.04948991 0.07112410
v -0.04051756 0.04948824 0.07112542
v -0.04032818 0.04938960 0.07120341
v -0.04000037 0.04939277 0.07125432
v -0.04000682 0.04938532 0.07126449
v -0.03955664 0.04925229 0.07151333
v -0.03973930 0.04924760 0.07145089
v -0.03972150 0.04924331 0.07145836
v -0.03955353 0.04924334 0.07152128
v -0.03921730 0.04924341 0.07164719
v -0.03888177 0.04931577 0.07174064
v -0.03861828 0.04942708 0.07178102
v -0.03852610 0.04948121 0.07178506
v -0.03376638 0.05221339 0.07171667
v -0.02868975 0.05428848 0.07169664
v -0.02869248 0.05429596 0.07168924
v -0.03375104 0.05218271 0.07176581
v -0.03375949 0.05219970 0.07174253
v -0.03613100 0.05082362 0.07178546
v -0.02868173 0.05426662 0.07171828
v -0.03220970 0.05279980 0.07176539
v -0.03375104 0.05218271 0.07176581
v -0.03374129 0.05216303 0.07178583
v -0.03854702 0.04951449 0.07174247
v -0.02870264 0.05432275 0.07164431
v -0.02870109 0.05431883 0.07165430
v -0.02869679 0.05430739 0.07167177
v -0.02824704 0.05725777 0.07059401
v -0.02780714 0.05599209 0.07085293
v -0.02779221 0.05596837 0.07087565
v -0.02785533 0.05641668 0.07071856
v -0.02791736 0.05663091 0.07065692
v -0.02840761 0.05742743 0.07057998
v -0.02825217 0.05725267 0.07057615
v -0.02814757 0.05709303 0.07054297
v -0.02812074 0.05705664 0.07056623
v -0.02831441 0.05729133 0.07052076
v -0.02826854 0.05723681 0.07052688
v -0.02825816 0.05724592 0.07054017
v -0.02799452 0.05490954 0.07141275
v -0.02797996 0.05490771 0.07142678
v -0.02780448 0.05532265 0.07122663
v -0.02829509 0.05456924 0.07155311
v -0.02804089 0.05491220 0.07136290
v -0.02802270 0.05491145 0.07138279
v -0.02825380 0.05453745 0.07162134
v -0.02772045 0.05623311 0.07089164
v -0.02774677 0.05622475 0.07087420
v -0.02772925 0.05576632 0.07103628
v -0.02777080 0.05671700 0.07079474
v -0.02798546 0.05715767 0.07072607
v -0.02789570 0.05692680 0.07074595
v -0.02801553 0.05713788 0.07071721
v -0.02804442 0.05711815 0.07070128
v -0.02818813 0.05731039 0.07068261
v -0.02816094 0.05733347 0.07069973
v -0.02832955 0.05751048 0.07069178
v -0.02813265 0.05735704 0.07070938
v -0.02796506 0.05717052 0.07073240
v -0.02812696 0.05740574 0.07071065
v -0.02769182 0.05624040 0.07090452
v -0.02777080 0.05671700 0.07079474
v -0.02780211 0.05670470 0.07078669
v -0.02792553 0.05691043 0.07073105
v -0.02807039 0.05709955 0.07067858
v -0.02779102 0.05645367 0.07080790
v -0.02776400 0.05646444 0.07082647
v -0.02785941 0.05667831 0.07075277
v -0.02783215 0.05669160 0.07077263
v -0.02795245 0.05689449 0.07070981
v -0.02766205 0.05624643 0.07091263
v -0.02764327 0.05625053 0.07092086
v -0.02765065 0.05629457 0.07090883
v -0.02770447 0.05661546 0.07082117
v -0.02774886 0.05672514 0.07080143
v -0.02785312 0.05698285 0.07075506
v -0.02787772 0.05704362 0.07074411
v -0.02778961 0.05574326 0.07096321
v -0.02780024 0.05566772 0.07098311
v -0.02780747 0.05552709 0.07107242
v -0.02778359 0.05574718 0.07097478
v -0.02785368 0.05531367 0.07117438
v -0.02788878 0.05528896 0.07116909
v -0.02792812 0.05512069 0.07125171
v -0.02783949 0.05531796 0.07119317
v -0.02779281 0.05553301 0.07109294
v -0.02815827 0.05472939 0.07145903
v -0.02815885 0.05473058 0.07146077
v -0.02818648 0.05469758 0.07147519
v -0.02829071 0.05456328 0.07156920
v -0.02800790 0.05491015 0.07139763
v -0.02828344 0.05455599 0.07158475
v -0.02848366 0.05442346 0.07162459
v -0.02800324 0.05685688 0.07062024
v -0.02811789 0.05706017 0.07058352
v -0.02801807 0.05684531 0.07059195
v -0.02812074 0.05705664 0.07056623
v -0.02810735 0.05701608 0.07055817
v -0.02841531 0.05741924 0.07054317
v -0.02825586 0.05724872 0.07055809
v -0.02841528 0.05741927 0.07054343
v -0.02780722 0.05620553 0.07079368
v -0.02780242 0.05619659 0.07080185
v -0.02784594 0.05642176 0.07072982
v -0.02791267 0.05664319 0.07066890
v -0.02794560 0.05670170 0.07062133
v -0.02794857 0.05671238 0.07061821
v -0.02799204 0.05686712 0.07065278
v -0.02779600 0.05620133 0.07081525
v -0.02784594 0.05642176 0.07072982
v -0.02783997 0.05642672 0.07074427
v -0.02790724 0.05664817 0.07068436
v -0.02809187 0.05708320 0.07065020
v -0.02810059 0.05707613 0.07063437
v -0.02810784 0.05706992 0.07061783
v -0.02811361 0.05706459 0.07060078
v -0.02824047 0.05726402 0.07061145
v -0.02823247 0.05727142 0.07062816
v -0.02822310 0.05727985 0.07064389
v -0.02837711 0.05745988 0.07064901
v -0.02821249 0.05728926 0.07065835
v -0.02787154 0.05667177 0.07074093
v -0.02796433 0.05688694 0.07069712
v -0.02797496 0.05687981 0.07068323
v -0.02823247 0.05727142 0.07062816
v -0.02808177 0.05709103 0.07066500
v -0.02792388 0.05510663 0.07127900
v -0.02791057 0.05510910 0.07129625
v -0.02782300 0.05532098 0.07121072
v -0.02777528 0.05553779 0.07111200
v -0.02775057 0.05576099 0.07101790
v -0.02774025 0.05576381 0.07102742
v -0.02775871 0.05622027 0.07086393
v -0.02776881 0.05575454 0.07099717
v -0.02776010 0.05575789 0.07100779
v -0.02777961 0.05621090 0.07084086
v -0.02776969 0.05621563 0.07085279
v -0.02782408 0.05643723 0.07077195
v -0.02781422 0.05644267 0.07078483
v -0.02789212 0.05665933 0.07071411
v -0.02788248 0.05666542 0.07072797
v -0.02778179 0.05597147 0.07088385
v -0.02777504 0.05597581 0.07089621
v -0.02778840 0.05620611 0.07082831
v -0.02783268 0.05643188 0.07075837
v -0.02790039 0.05665356 0.07069951
v -0.02777665 0.05575095 0.07098613
v -0.02796059 0.05481912 0.07150190
v -0.02791988 0.05489142 0.07146724
v -0.02792925 0.05490231 0.07145726
v -0.02779789 0.05510806 0.07136332
v -0.02765894 0.05577621 0.07107686
v -0.02800417 0.05476984 0.07152498
v -0.02794915 0.05490452 0.07144793
v -0.02817779 0.05457353 0.07161689
v -0.02819922 0.05454930 0.07162822
v -0.02776302 0.05532183 0.07125204
v -0.02767995 0.05577289 0.07106385
v -0.02842538 0.05438517 0.07169231
v -0.02766003 0.05554487 0.07116854
v -0.02764407 0.05577704 0.07108281
v -0.02762076 0.05611633 0.07095752
v -0.02827406 0.05455079 0.07159784
v -0.02796443 0.05490466 0.07143950
v -0.02778435 0.05532294 0.07124050
v -0.02770546 0.05577031 0.07105175
v -0.02799452 0.05490954 0.07141275
v -0.06097960 0.03379408 0.07070672
v -0.06243144 0.01064846 0.07070672
v -0.06029016 0.02870512 0.07070672
v -0.06025421 0.02874640 0.07070672
v -0.04426870 0.04913355 0.07070672
v -0.04172893 0.05107467 0.07070672
v -0.06242544 0.01100576 0.07070672
v -0.06501603 0.01165202 0.07070672
v -0.05998358 0.02905717 0.07070672
v -0.05990331 0.02911507 0.07070672
v -0.05966288 0.02928853 0.07070672
v -0.05923555 0.02946758 0.07070672
v -0.04541405 0.04812664 0.07070672
v -0.05698426 0.03362507 0.07070672
v -0.05763502 0.03243497 0.07070672
v -0.02406127 0.05858437 0.07070672
v -0.02443622 0.05849358 0.07070672
v -0.06397145 0.02613312 0.07070672
v -0.05413961 -0.00984279 0.07005899
v -0.05456776 -0.00814503 0.07071570
v -0.05648880 -0.00436406 0.07064129
v -0.05519834 -0.00473844 0.07250133
v -0.05521291 -0.00467542 0.07252083
v -0.05551700 -0.00456180 0.07194974
v -0.05448063 -0.00759961 0.07152151
v -0.05450934 -0.00748512 0.07156071
v -0.05442848 -0.00821382 0.07099789
v -0.05430573 -0.00829683 0.07128274
v -0.05430756 -0.00828950 0.07128525
v -0.05582372 -0.00444719 0.07137372
v -0.05604542 -0.00441948 0.07112957
v -0.05547409 -0.00621995 0.07066681
v -0.05626759 -0.00439172 0.07088489
v -0.05493639 -0.00804739 0.07017225
v -0.05472457 -0.00808383 0.07044108
v -0.05492298 -0.00807762 0.07017033
v -0.05578644 -0.00616562 0.07029023
v -0.05520099 -0.00629425 0.07106817
v -0.05879374 0.00668337 0.07197403
v -0.05868830 0.00669598 0.07209356
v -0.05903479 0.01107436 0.07202626
v -0.05605376 0.02816512 0.07186557
v -0.05419860 0.03212183 0.07184211
v -0.05470994 0.03239780 0.07143329
v -0.04882263 0.03907995 0.07243780
v -0.04893129 0.03916695 0.07231225
v -0.05152112 0.03560421 0.07230427
v -0.05754968 0.00945994 0.07389177
v -0.05762629 0.01110661 0.07384887
v -0.05808704 0.01109339 0.07319301
v -0.05829896 0.02947675 0.07075168
v -0.05644681 0.03333517 0.07074708
v -0.05585145 0.03301387 0.07088047
v -0.05507719 0.03451334 0.07086445
v -0.05532511 0.03463356 0.07080719
v -0.05547744 0.03470744 0.07077201
v -0.05573815 0.03491082 0.07073260
v -0.05580711 0.03496462 0.07072220
v -0.05439575 0.03439249 0.07108572
v -0.05459996 0.03439491 0.07100992
v -0.05526653 0.03269820 0.07111004
v -0.05486979 0.03446187 0.07092769
v -0.05501973 0.03449908 0.07088198
v -0.05398790 0.03438765 0.07123710
v -0.05431647 0.03439155 0.07111515
v -0.05211570 0.03600145 0.07166028
v -0.05267545 0.03515004 0.07167073
v -0.05194719 0.03588875 0.07182850
v -0.05270843 0.03509892 0.07167045
v -0.05288452 0.03488601 0.07164516
v -0.05312358 0.03469094 0.07157609
v -0.05345574 0.03451930 0.07145167
v -0.05351112 0.03450560 0.07142933
v -0.05116763 0.03744352 0.07164258
v -0.04933576 0.03949076 0.07184497
v -0.04952058 0.03963873 0.07163145
v -0.06175543 0.01101974 0.07075329
v -0.06197468 0.01478094 0.07072262
v -0.06169884 0.01470338 0.07075651
v -0.06102757 0.01103435 0.07090809
v -0.06031457 0.01104867 0.07117541
v -0.06047441 0.01475282 0.07108037
v -0.05964225 0.01106217 0.07155182
v -0.05957317 0.01532943 0.07152517
v -0.06026912 0.01483235 0.07116717
v -0.05945515 0.01549319 0.07159517
v -0.05896150 0.01545489 0.07198183
v -0.05748701 0.02401029 0.07189836
v -0.05753244 0.02402350 0.07178547
v -0.05676241 0.02797446 0.07145462
v -0.05659375 0.02838961 0.07144838
v -0.05708658 0.02859565 0.07117356
v -0.05716655 0.02869751 0.07112500
v -0.06139786 0.00637223 0.07079460
v -0.06142873 0.00636854 0.07079082
v -0.06091842 0.00642951 0.07085312
v -0.05997183 0.00654261 0.07121403
v -0.06066935 0.00645927 0.07094810
v -0.06069496 0.00645621 0.07093832
v -0.05657683 0.02374097 0.07296245
v -0.05751926 0.01959264 0.07303418
v -0.05675770 0.02167767 0.07359936
v -0.05707938 0.01951587 0.07364814
v -0.05775898 0.01395863 0.07377456
v -0.05768552 0.01535575 0.07374209
v -0.05801514 0.01538132 0.07311320
v -0.05767847 0.01548968 0.07373899
v -0.05728233 0.01815191 0.07367891
v -0.05774387 0.01363387 0.07378303
v -0.05794250 0.01967019 0.07245762
v -0.05844176 0.01541448 0.07251883
v -0.05851196 0.01108486 0.07258079
v -0.05867905 0.00669708 0.07210405
v -0.05817435 0.00675738 0.07267618
v -0.05816828 0.00675811 0.07268307
v -0.05799140 0.00677925 0.07288359
v -0.05776828 0.00680590 0.07330990
v -0.05776620 0.00680615 0.07331386
v -0.05742809 0.00684655 0.07395985
v -0.04860337 0.03890445 0.07284614
v -0.05336497 0.03167193 0.07286030
v -0.05191514 0.03323774 0.07342447
v -0.05116003 0.03536308 0.07283551
v -0.05082342 0.03514266 0.07340671
v -0.05046681 0.03576490 0.07340092
v -0.05465399 0.02805633 0.07348176
v -0.05449927 0.02852543 0.07347311
v -0.05517814 0.02780111 0.07290294
v -0.05407574 0.02946775 0.07345958
v -0.05294466 0.03144134 0.07344120
v -0.05633132 0.02297050 0.07357553
v -0.05612291 0.02360242 0.07356388
v -0.05478945 0.02764560 0.07348933
v -0.05716249 0.02869235 0.07112745
v -0.05374681 0.03187801 0.07232338
v -0.05557819 0.02796742 0.07235624
v -0.05699116 0.02386356 0.07240216
v -0.05845326 0.01976374 0.07193802
v -0.04830907 0.03866884 0.07339425
v -0.05995012 0.00654521 0.07122232
v -0.05978862 0.00656450 0.07128389
v -0.05930662 0.00662210 0.07161825
v -0.05929118 0.00662394 0.07162896
v -0.04781531 -0.02405499 0.06428586
v -0.04744099 -0.02469086 0.06428609
v -0.04748860 -0.02472104 0.06432818
v -0.04494650 -0.02847073 0.06432860
v -0.04480428 -0.02836864 0.06428560
v -0.04505493 -0.02854898 0.06450288
v -0.04502537 -0.02852759 0.06443757
v -0.04220102 -0.03208957 0.06433069
v -0.04498873 -0.02850115 0.06437896
v -0.04226924 -0.03214488 0.06443509
v -0.04226998 -0.03214548 0.06443644
v -0.05099901 -0.01864681 0.06428380
v -0.05089130 -0.01882977 0.06428386
v -0.05097700 -0.01887709 0.06434298
v -0.05039527 -0.01967236 0.06428418
v -0.04974059 -0.02078450 0.06428461
v -0.04985073 -0.02084752 0.06434688
v -0.04990205 -0.02087689 0.06437536
v -0.05102196 -0.01890186 0.06437449
v -0.04753208 -0.02474854 0.06437938
v -0.04756969 -0.02477223 0.06443876
v -0.04993395 -0.02089433 0.06443304
v -0.04759986 -0.02479115 0.06450474
v -0.04995904 -0.02090782 0.06449569
v -0.04995679 -0.02090651 0.06449747
v -0.04762409 -0.02480594 0.06464840
v -0.04995679 -0.02090651 0.06449747
v -0.04761057 -0.02479765 0.06457676
v -0.04498302 -0.02849808 0.06477938
v -0.04763239 -0.02481047 0.06479052
v -0.04763097 -0.02480997 0.06472008
v -0.04824904 -0.02373172 0.06477884
v -0.05213035 -0.01694183 0.06470537
v -0.04370714 -0.03027396 0.06477401
v -0.04505281 -0.02854796 0.06468956
v -0.04233111 -0.03219476 0.06469870
v -0.04508899 -0.02857382 0.06464518
v -0.04507632 -0.02856451 0.06457287
v -0.04231600 -0.03218269 0.06456141
v -0.04231650 -0.03218310 0.06456299
v -0.04232485 -0.03218977 0.06462993
v -0.05169557 -0.01746355 0.06428335
v -0.05097700 -0.01887709 0.06434298
v -0.04993395 -0.02089433 0.06443304
v -0.04985073 -0.02084752 0.06434688
v -0.04480428 -0.02836864 0.06428560
v -0.04762409 -0.02480594 0.06464840
v -0.05503217 -0.00898224 0.06835995
v -0.05326552 -0.01213832 0.06939596
v -0.05325493 -0.01224672 0.06924518
v -0.05488970 -0.01096039 0.06560299
v -0.05316156 -0.01320181 0.06791662
v -0.05309928 -0.01383888 0.06703045
v -0.05272509 -0.01531581 0.06566009
v -0.05365098 -0.01394029 0.06468447
v -0.05281884 -0.01494575 0.06600345
v -0.05488970 -0.01096039 0.06560299
v 0.01999050 0.04932825 0.06479170
v 0.01831668 0.05002042 0.06444516
v 0.01829674 0.04997531 0.06438569
v 0.01372127 0.05173579 0.06441006
v 0.01139807 0.05250952 0.06442750
v 0.01369765 0.05167190 0.06436065
v 0.00909629 0.05334746 0.06458773
v 0.01826845 0.04990999 0.06436042
v 0.02272736 0.04787421 0.06432640
v 0.02272736 0.04787420 0.06432637
v 0.00670438 0.05389970 0.06449755
v 0.00671539 0.05393848 0.06453115
v 0.00908731 0.05331945 0.06454721
v 0.00907734 0.05328787 0.06450996
v 0.00668084 0.05381552 0.06444496
v 0.00661526 0.05357990 0.06441138
v 0.00665663 0.05372762 0.06441222
v 0.00666871 0.05377167 0.06442615
v 0.00905504 0.05321627 0.06444709
v 0.00669280 0.05385846 0.06446878
v 0.01376023 0.05183902 0.06454460
v 0.01375186 0.05181721 0.06450717
v 0.01141993 0.05257335 0.06449020
v 0.01374250 0.05179252 0.06447204
v 0.01226921 0.05197391 0.06434314
v 0.01131540 0.05224484 0.06435466
v 0.01137405 0.05243842 0.06437947
v 0.00903089 0.05313750 0.06440126
v 0.00948175 0.05276568 0.06437680
v 0.00896551 0.05291232 0.06438302
v 0.00668207 0.05356093 0.06441059
v 0.01413254 0.05144463 0.06432067
v 0.01366525 0.05157737 0.06432630
v 0.01499659 0.05113596 0.06431391
v 0.01595714 0.05073079 0.06431491
v 0.01595454 0.05072472 0.06431031
v 0.01826845 0.04990999 0.06436042
v 0.02272736 0.04787421 0.06432640
v 0.02276258 0.04794323 0.06441500
v 0.01833306 0.05005703 0.06451229
v 0.01763026 0.05000535 0.06430398
v 0.01820322 0.04975938 0.06430182
v 0.02272736 0.04787420 0.06432637
v 0.01811252 0.05020332 0.06480891
v 0.01835085 0.05009228 0.06480673
v 0.01835575 0.05010472 0.06473527
v 0.01999050 0.04932825 0.06479170
v 0.01834520 0.05008366 0.06458480
v 0.01377353 0.05187292 0.06462467
v 0.01835278 0.05009956 0.06466003
v 0.01378195 0.05189303 0.06470855
v 0.01378541 0.05189934 0.06479241
v 0.00524611 0.05446954 0.06502608
v 0.00713357 0.05398362 0.06499126
v 0.00911148 0.05337993 0.06495556
v 0.00912373 0.05342503 0.06486405
v 0.01238040 0.05238219 0.06489657
v 0.01263154 0.05228673 0.06489273
v 0.01376957 0.05185415 0.06487532
v 0.00911987 0.05341703 0.06477021
v 0.00910411 0.05337148 0.06463096
v 0.00911069 0.05339119 0.06467625
v 0.00671539 0.05393848 0.06453115
v 0.00909629 0.05334746 0.06458773
v 0.00434704 0.05456521 0.06459434
v -0.00770604 0.05516849 0.07194974
v -0.00767029 0.05511371 0.07206483
v -0.00681570 0.05533139 0.07121175
v -0.00477889 0.05550603 0.07020530
v -0.00628809 0.05584925 0.07029165
v -0.00698948 0.05570767 0.07067109
v -0.00708725 0.05603099 0.07033738
v -0.00413098 0.05535869 0.07016822
v -0.00458299 0.05509171 0.07082495
v -0.00434822 0.05540809 0.07018064
v -0.00471005 0.05529829 0.07045015
v -0.00234566 0.05483502 0.07039056
v -0.00436080 0.05481259 0.07147310
v -0.00444913 0.05492084 0.07121505
v -0.00495426 0.05484872 0.07168812
v -0.00462757 0.05482883 0.07156977
v -0.00462450 0.05482864 0.07156865
v -0.00806661 0.05594772 0.07078724
v -0.00803637 0.05586362 0.07088488
v -0.00788503 0.05544268 0.07137371
v -0.00752859 0.05489667 0.07252083
v -0.01529564 0.05706411 0.07112137
v -0.01673694 0.05730208 0.07108687
v -0.01667527 0.05672556 0.07141108
v -0.01951647 0.05708356 0.07121403
v -0.01951425 0.05706180 0.07122232
v -0.01810190 0.05689220 0.07132936
v -0.01959052 0.05780807 0.07093832
v -0.01958790 0.05778240 0.07094809
v -0.01816769 0.05753837 0.07102192
v -0.01072006 0.05546371 0.07205754
v -0.01063683 0.05523934 0.07243679
v -0.00933957 0.05558514 0.07156199
v -0.01225949 0.05585270 0.07178953
v -0.01371677 0.05597444 0.07183899
v -0.01364398 0.05561381 0.07226175
v -0.01791972 0.05463025 0.07395557
v -0.01635497 0.05472194 0.07390456
v -0.01641482 0.05498450 0.07336349
v -0.01938410 0.05578832 0.07210405
v -0.01803599 0.05629049 0.07173022
v -0.01938505 0.05579759 0.07209356
v -0.01939584 0.05590323 0.07197403
v -0.01929063 0.05487375 0.07331385
v -0.01925601 0.05453500 0.07395985
v -0.01858978 0.05459099 0.07397741
v -0.01929084 0.05487584 0.07330989
v -0.01647862 0.05531236 0.07280246
v -0.01931369 0.05509938 0.07288359
v -0.01079950 0.05572269 0.07169793
v -0.01356807 0.05530459 0.07271878
v -0.01349051 0.05505093 0.07320093
v -0.01245481 0.05698624 0.07082322
v -0.01239618 0.05657957 0.07110508
v -0.01390361 0.05729520 0.07084922
v -0.01100586 0.05667493 0.07077791
v -0.01094318 0.05633222 0.07105465
v -0.00949100 0.05608180 0.07097426
v -0.01233078 0.05619962 0.07142850
v -0.01378507 0.05638029 0.07145858
v -0.01966566 0.05854321 0.07079082
v -0.01966250 0.05851229 0.07079460
v -0.01823143 0.05820784 0.07081289
v -0.01961339 0.05803194 0.07085312
v -0.01829495 0.05886781 0.07067666
v -0.01727930 0.05861011 0.07065549
v -0.01679408 0.05790575 0.07084473
v -0.01535068 0.05760161 0.07085654
v -0.01540499 0.05813457 0.07061641
v -0.01685106 0.05850146 0.07064656
v -0.01949772 0.05689999 0.07128389
v -0.01944836 0.05641709 0.07161824
v -0.01944677 0.05640161 0.07162896
v -0.01384768 0.05682355 0.07112712
v -0.01661055 0.05619251 0.07181205
v -0.01654442 0.05571758 0.07228019
v -0.01933242 0.05528267 0.07267618
v -0.01933180 0.05527659 0.07268306
v -0.01047002 0.05489638 0.07320533
v -0.00934068 0.05489649 0.07294252
v -0.01501556 0.05480042 0.07386091
v -0.01378703 0.05483082 0.07370256
v -0.01341794 0.05483996 0.07365499
v -0.01114132 0.05489631 0.07336155
v -0.00962075 0.05665808 0.07046939
v -0.00806661 0.05594772 0.07078724
v -0.03716138 0.04867902 0.07352211
v -0.03545478 0.04961683 0.07355828
v -0.03564426 0.04995560 0.07296084
v -0.04057210 0.04944693 0.07111805
v -0.04412907 0.04665904 0.07110979
v -0.04371251 0.04618329 0.07143287
v -0.02430303 0.05783793 0.07075328
v -0.02375911 0.05517187 0.07202600
v -0.04687827 0.04037648 0.07339894
v -0.04553826 0.04176307 0.07340893
v -0.04583329 0.04204292 0.07283481
v -0.02787772 0.05704362 0.07074411
v -0.02785312 0.05698285 0.07075506
v -0.04627312 0.04674015 0.07073315
v -0.04615533 0.04666158 0.07074457
v -0.04501235 0.04766779 0.07074704
v -0.04649872 0.04689068 0.07071131
v -0.04171429 0.05105434 0.07070768
v -0.04152882 0.05042818 0.07075111
v -0.04456681 0.04715895 0.07088038
v -0.04590724 0.04640221 0.07080516
v -0.04111733 0.04988406 0.07088762
v -0.04051756 0.04948824 0.07112542
v -0.04065276 0.04955869 0.07106975
v -0.03986399 0.04845058 0.07186471
v -0.04020269 0.04892715 0.07144784
v -0.03973930 0.04924760 0.07145089
v -0.03613100 0.05082362 0.07178546
v -0.03610847 0.05078350 0.07189747
v -0.03215636 0.05267687 0.07193725
v -0.02800417 0.05476984 0.07152498
v -0.02817779 0.05457353 0.07161689
v -0.02804128 0.05413134 0.07198128
v -0.02842538 0.05438517 0.07169231
v -0.02388055 0.05576716 0.07155166
v -0.02791988 0.05489142 0.07146724
v -0.02401497 0.05642600 0.07117531
v -0.02415751 0.05712469 0.07090806
v -0.02765065 0.05629457 0.07090883
v -0.04583181 0.04369981 0.07167071
v -0.04666948 0.04283331 0.07165835
v -0.04652107 0.04269328 0.07182811
v -0.04773945 0.04172651 0.07164258
v -0.04614880 0.04234126 0.07230375
v -0.04539105 0.04460033 0.07145051
v -0.04332980 0.04574621 0.07184146
v -0.04538427 0.04465764 0.07142869
v -0.04536566 0.04481464 0.07136893
v -0.04539953 0.04452884 0.07147773
v -0.04551580 0.04415586 0.07159971
v -0.04565296 0.04391185 0.07165378
v -0.04584584 0.04633801 0.07082016
v -0.04571687 0.04612457 0.07088582
v -0.04558453 0.04590553 0.07095320
v -0.04547047 0.04554408 0.07108645
v -0.04544709 0.04546998 0.07111377
v -0.04539977 0.04532002 0.07116907
v -0.04244375 0.04473298 0.07343850
v -0.04049816 0.04638263 0.07346319
v -0.03931467 0.04767767 0.07290140
v -0.03933812 0.04718097 0.07348366
v -0.03908599 0.04735449 0.07348813
v -0.04388611 0.04347265 0.07342122
v -0.04368612 0.04367959 0.07342271
v -0.04270579 0.04503354 0.07285911
v -0.04299164 0.04536001 0.07232245
v -0.03163916 0.05146717 0.07364406
v -0.03178324 0.05180373 0.07303281
v -0.03378098 0.05053662 0.07359373
v -0.03478204 0.04998652 0.07357252
v -0.02776116 0.05322439 0.07311223
v -0.02788745 0.05363329 0.07251807
v -0.03195235 0.05219942 0.07245656
v -0.03585559 0.05033252 0.07240091
v -0.02694626 0.05311721 0.07375876
v -0.02594628 0.05335101 0.07378141
v -0.02356961 0.05424306 0.07319256
v -0.02365457 0.05465950 0.07258043
v -0.03066752 0.05188932 0.07366691
v -0.03029279 0.05201297 0.07367614
v -0.02765523 0.05288329 0.07374126
v -0.03956567 0.04803083 0.07235505
v -0.02350390 0.05392206 0.07383674
v -0.02333198 0.05396226 0.07384063
v -0.02185321 0.05417006 0.07388389
v -0.06686889 0.00931444 0.06506219
v -0.06682054 0.00934289 0.06472053
v 0.04762515 -0.01671338 0.06290591
v 0.04835006 -0.01448320 0.06290591
v 0.04910741 -0.01471207 0.06347287
v 0.04449400 -0.02382803 0.06290591
v 0.04469823 -0.02344270 0.06290591
v 0.04544078 -0.02383771 0.06347284
v -0.03065094 -0.04115040 0.06347329
v -0.03008801 -0.04039563 0.06290591
v -0.02795889 -0.04297566 0.06347326
v -0.02521580 -0.04372226 0.06290591
v -0.02178087 -0.04529893 0.06290591
v -0.02363456 -0.04553599 0.06347321
v -0.02540078 -0.04471011 0.06347323
v -0.01671305 -0.04762512 0.06290591
v -0.01906352 -0.04767345 0.06347316
v -0.02221230 -0.04620105 0.06347321
v -0.01020625 -0.05039839 0.06347308
v -0.01298640 -0.04960200 0.06347311
v -0.01273484 -0.04861845 0.06290591
v -0.01428058 -0.04923128 0.06347313
v -0.01802708 -0.04815808 0.06347315
v -0.00940833 -0.05049507 0.06347307
v -0.00763605 -0.04989160 0.06290591
v -0.00439926 -0.05110213 0.06347303
v -0.00322456 -0.05022725 0.06290591
v -0.00328661 -0.05123695 0.06347303
v 0.00775029 -0.04987404 0.06290591
v 0.00654397 -0.05093977 0.06347295
v 0.00643491 -0.05006074 0.06290591
v 0.00566465 -0.05110853 0.06347296
v 0.00000018 -0.05047261 0.06290591
v 0.00062321 -0.05128253 0.06347299
v -0.00212722 -0.05137746 0.06347301
v 0.01531658 -0.04809251 0.06290591
v 0.01365761 -0.04957445 0.06347291
v 0.01061820 -0.05015781 0.06347293
v 0.02251959 -0.04517033 0.06290591
v 0.02022997 -0.04718970 0.06347288
v 0.01586870 -0.04791318 0.06290591
v 0.01611894 -0.04868138 0.06347290
v 0.01548647 -0.04891086 0.06347290
v 0.02471939 -0.04400502 0.06290591
v 0.02471366 -0.04490944 0.06347285
v 0.02130889 -0.04679822 0.06347287
v 0.02918845 -0.04117676 0.06290591
v 0.02842348 -0.04285142 0.06347284
v 0.02510611 -0.04469173 0.06347285
v 0.03266175 -0.03847989 0.06290591
v 0.03302366 -0.03924513 0.06347283
v 0.02905271 -0.04235814 0.06347284
v 0.03516502 -0.03620653 0.06290591
v 0.03482801 -0.03783063 0.06347282
v 0.03320012 -0.03910681 0.06347283
v 0.04471175 -0.02539700 0.06347283
v 0.04297507 -0.02795865 0.06347283
v 0.04030753 -0.03037755 0.06290591
v 0.04014460 -0.03213359 0.06347282
v 0.03940394 -0.03154079 0.06290591
v 0.04014457 -0.03213364 0.06347282
v 0.03670291 -0.03582156 0.06347282
v 0.04815897 -0.01802373 0.06347285
v 0.04767292 -0.01906337 0.06347285
v 0.04553576 -0.02363454 0.06347284
v 0.04962668 -0.00920229 0.06290591
v 0.05039903 -0.01020213 0.06347288
v 0.04923100 -0.01428055 0.06347287
v 0.05022521 -0.00499153 0.06290591
v 0.05045113 -0.00147295 0.06290591
v 0.05137755 -0.00212322 0.06347293
v 0.05110188 -0.00439923 0.06347291
v 0.05102097 -0.00506737 0.06347291
v 0.05049518 -0.00940834 0.06347289
v 0.04851901 0.01390639 0.06290591
v 0.05015796 0.01061823 0.06347301
v 0.05007898 0.00629133 0.06290591
v 0.05110859 0.00566466 0.06347298
v 0.05025485 0.00468358 0.06290591
v 0.05113951 0.00476955 0.06347298
v 0.05128272 0.00062322 0.06347294
v 0.04843784 0.01418656 0.06290591
v 0.04580826 0.02119159 0.06290591
v 0.04718999 0.02023004 0.06347309
v 0.04891109 0.01548653 0.06347306
v 0.04929326 0.01443323 0.06347304
v 0.04957466 0.01365768 0.06347303
v 0.04484094 0.02316825 0.06290591
v 0.04201098 0.02797416 0.06290591
v 0.04285192 0.02842355 0.06347317
v 0.04490980 0.02471377 0.06347314
v 0.04556281 0.02353661 0.06347312
v 0.04679852 0.02130896 0.06347310
v 0.03959635 0.03129861 0.06290591
v 0.03721726 0.03409321 0.06290591
v 0.03783103 0.03482835 0.06347325
v 0.03924562 0.03302385 0.06347323
v 0.04021444 0.03178800 0.06347321
v 0.04235858 0.02905286 0.06347318
v 0.03289678 0.03827886 0.06290591
v 0.03344411 0.03892232 0.06347330
v 0.03582208 0.03670315 0.06347327
v -0.05132950 -0.01596512 0.06233331
v -0.05187637 -0.01513016 0.06221330
v -0.05147103 -0.01462036 0.06190196
v -0.05200001 -0.01493353 0.06217581
v -0.05269098 -0.01383473 0.06196628
v -0.04998127 -0.01802368 0.06262921
v -0.05055180 -0.01540053 0.06187101
v -0.04930656 -0.01905385 0.06277728
v -0.04627945 -0.02186609 0.06262454
v -0.04878359 -0.01985234 0.06289206
v -0.04793067 -0.02111212 0.06297614
v -0.05117465 -0.01445796 0.06176117
v -0.05065536 -0.01699443 0.06248126
v -0.04579837 -0.02259413 0.06270939
v -0.04014123 -0.03060356 0.06288075
v -0.04090889 -0.03115573 0.06335071
v -0.04476830 -0.02578304 0.06328790
v -0.04653663 -0.02317116 0.06311358
v -0.04694945 -0.02256142 0.06307287
v -0.02829977 0.04911427 0.05333780
v -0.03028542 0.04979485 0.05370248
v -0.02783806 0.05024369 0.05371531
v -0.02753582 0.05028413 0.05372758
v -0.02539546 0.04959832 0.05341077
v -0.02403120 0.04982570 0.05344506
v -0.02340514 0.05083678 0.05389546
v -0.02403120 0.04982570 0.05344506
v -0.02339617 0.05083767 0.05389624
v -0.02402936 0.04982600 0.05344510
v -0.02233398 0.05094286 0.05398855
v -0.01976181 0.05015918 0.05407359
v -0.02180411 0.05099534 0.05403461
v -0.01572993 0.05143120 0.05504391
v -0.01561018 0.05046086 0.05478268
v -0.01760953 0.05131364 0.05464619
v -0.01671734 0.05039686 0.05452195
v -0.01877360 0.05122531 0.05447647
v -0.01907778 0.05021258 0.05417432
v -0.01926364 0.05118813 0.05440503
v -0.01987275 0.05114191 0.05431622
v 0.00000018 0.05194419 0.06022498
v 0.00000018 0.05192840 0.06032189
v 0.00031056 0.05192737 0.06032250
v 0.00000018 0.05191256 0.06041881
v 0.00062123 0.05190887 0.06041878
v 0.00280106 0.05483579 0.06613060
v 0.00146700 0.05539250 0.06508483
v -0.00341892 0.05562971 0.06858729
v -0.00166699 0.05592966 0.06601316
v 0.00027569 0.05465282 0.06922892
v 0.00028391 0.05465494 0.06921392
v 0.00095592 0.05474918 0.06824086
v 0.00145415 0.05481906 0.06751941
v 0.00254439 0.05483260 0.06639527
v -0.05965895 0.02441444 0.06416375
v -0.05994841 0.02456319 0.06431193
v -0.05690079 0.02940087 0.06430697
v -0.04839837 0.03722607 0.06415616
v -0.04814255 0.03704663 0.06392922
v -0.05255293 0.03334995 0.06392135
v -0.03153637 0.04484864 0.06230227
v -0.03135603 0.04495059 0.06191829
v -0.03679139 0.04272470 0.06185896
v -0.00323326 0.05167016 0.06248593
v -0.00305978 0.05164919 0.06208646
v -0.00872144 0.05103431 0.06206524
v -0.06084331 0.01848314 0.06112769
v -0.05993500 0.00323568 0.06198581
v -0.05990258 0.00324062 0.06224539
v -0.06063071 0.00660697 0.06214968
v -0.05994218 0.00323360 0.06269245
v -0.05996308 0.00322989 0.06292835
v -0.06075603 0.00690695 0.06293456
v -0.06008808 0.00321202 0.06330280
v -0.06010007 0.00321031 0.06333869
v -0.06091301 0.00712599 0.06328275
v -0.06075572 0.02181204 0.06414927
v -0.06053098 0.02169420 0.06395619
v -0.06119615 0.01939475 0.06396082
v -0.04420532 0.04124857 0.06444543
v -0.03351310 0.04646172 0.06444693
v 0.00109646 0.05294662 0.06419527
v -0.00017433 0.05292164 0.06415530
v -0.00014780 0.05309475 0.06423299
v 0.00106859 0.05173707 0.06267047
v 0.00106881 0.05173407 0.06260727
v -0.00048622 0.05186510 0.06288724
v 0.00107226 0.05176849 0.06144380
v 0.00107429 0.05187884 0.06055657
v 0.00084763 0.05189436 0.06048805
v 0.00107126 0.05171391 0.06188256
v 0.00107022 0.05171517 0.06220867
v 0.00107107 0.05170363 0.06196522
v 0.00106989 0.05171956 0.06230113
v -0.00339279 0.05174222 0.06286650
v 0.00107137 0.05187010 0.06312704
v 0.00107077 0.05184128 0.06302812
v 0.00107039 0.05182352 0.06296719
v 0.00106859 0.05173707 0.06267047
v -0.00353710 0.05186870 0.06322177
v -0.00039377 0.05210677 0.06340444
v -0.00042880 0.05201280 0.06324037
v 0.00107537 0.05198942 0.06333050
v 0.00107467 0.05196837 0.06329461
v -0.00035622 0.05221351 0.06355894
v 0.00108066 0.05216448 0.06359360
v 0.00107951 0.05211289 0.06354104
v -0.00035622 0.05221351 0.06355894
v 0.00108088 0.05217438 0.06360368
v -0.00031739 0.05233251 0.06370294
v 0.00108350 0.05229141 0.06372292
v 0.00108616 0.05241011 0.06384386
v -0.00027852 0.05246332 0.06383550
v 0.00108780 0.05248386 0.06391899
v 0.00108927 0.05256219 0.06396575
v -0.00024090 0.05260543 0.06395570
v 0.00109172 0.05269321 0.06404399
v -0.00020574 0.05275837 0.06406261
v 0.00109225 0.05272172 0.06406102
v -0.00010906 0.05346718 0.06434687
v 0.00110680 0.05342223 0.06433538
v 0.00109890 0.05305838 0.06422821
v 0.00112717 0.05440443 0.06442739
v 0.00111650 0.05388640 0.06439471
v 0.00110962 0.05355209 0.06437362
v 0.00110710 0.05343608 0.06433945
v -0.00402158 0.05326157 0.06434471
v -0.01605756 0.05120817 0.06434031
v -0.02215480 0.05042493 0.06444820
v -0.05359146 0.03417325 0.06444461
v -0.05747092 0.02980138 0.06444474
v -0.05920189 0.02723142 0.06442900
v -0.05879774 0.02844511 0.06445920
v -0.05871809 0.02878897 0.06446142
v -0.05870088 0.02914015 0.06446251
v -0.05869679 0.02888091 0.06446203
v -0.05971018 0.02570496 0.06439100
v -0.05718255 0.02959327 0.06439866
v -0.06070405 0.02208378 0.06417013
v -0.06039687 0.02323585 0.06424596
v -0.06020872 0.02394147 0.06429242
v -0.06002973 0.02461276 0.06433660
v -0.05985232 0.02527811 0.06438038
v -0.06178145 0.01701945 0.06399119
v -0.06166400 0.01724982 0.06392219
v -0.06163415 0.01610694 0.06374019
v -0.06160976 0.01735622 0.06389033
v -0.06154828 0.01753494 0.06386046
v -0.06153719 0.01758645 0.06385875
v -0.06146192 0.01793611 0.06384712
v -0.06112694 0.01887482 0.06370226
v -0.06216745 0.01654437 0.06419559
v -0.06215821 0.01655097 0.06419195
v -0.06189097 0.01625945 0.06399998
v -0.06205427 0.01666390 0.06413856
v -0.06188267 0.01685033 0.06405043
v -0.06182723 0.01693054 0.06401809
v -0.06182548 0.01693308 0.06401706
v -0.06240935 0.01359138 0.06421345
v -0.06237162 0.01639870 0.06427595
v -0.06218788 0.01639468 0.06419693
v -0.06231240 0.01644095 0.06425265
v -0.06244131 0.00801922 0.06435177
v -0.06353544 0.01380814 0.06444822
v -0.06275891 0.01369147 0.06433700
v -0.06329826 0.01620321 0.06444585
v -0.06328776 0.01620255 0.06444504
v -0.06316438 0.01619487 0.06443539
v -0.06294411 0.01621516 0.06440629
v -0.06281422 0.01622713 0.06438914
v -0.06267610 0.01626315 0.06436146
v -0.06261465 0.01629051 0.06434421
v -0.06254464 0.01632168 0.06432454
v -0.06378457 0.01632799 0.06446199
v -0.06395795 0.01641819 0.06446251
v -0.06368975 0.01629168 0.06446081
v -0.06363175 0.01627857 0.06445859
v -0.06332223 0.01620863 0.06444677
v -0.06142465 0.00300604 0.06433591
v -0.06147900 0.00299764 0.06435065
v -0.06159193 0.00298018 0.06438128
v -0.06207042 0.00290608 0.06442090
v -0.06105783 0.00306276 0.06423646
v -0.06110132 0.00305603 0.06424826
v -0.06205671 0.00793905 0.06424271
v -0.06123701 0.00303506 0.06428505
v -0.06075735 0.00310920 0.06408662
v -0.06077386 0.00310665 0.06409592
v -0.06170541 0.00779428 0.06407949
v -0.06099123 0.00307305 0.06421840
v -0.06139368 0.00759426 0.06386117
v -0.06049834 0.00314936 0.06389150
v -0.06051015 0.00314752 0.06390289
v -0.06055107 0.00314115 0.06394238
v -0.06061897 0.00313059 0.06400790
v -0.06062085 0.00313030 0.06400972
v -0.06011595 0.00320804 0.06338629
v -0.06022666 0.00319123 0.06356442
v -0.06112756 0.00736330 0.06359361
v -0.06032748 0.00317594 0.06372666
v -0.06040212 0.00316432 0.06379867
v -0.06003996 0.00321890 0.06315866
v -0.06001854 0.00322294 0.06131676
v -0.06070314 0.00647905 0.06128275
v -0.06138566 0.01249947 0.06120745
v -0.06129742 0.01551324 0.06116480
v -0.06001010 0.02136392 0.06109944
v -0.05883381 0.02412123 0.06107863
v -0.06011529 0.02181399 0.06041892
v -0.05736677 0.02673436 0.06106328
v -0.05565377 0.02919074 0.06105285
v -0.05373064 0.03148251 0.06104736
v -0.05162730 0.03360555 0.06104677
v -0.04182040 0.04093563 0.06042006
v -0.04191820 0.04047869 0.06108346
v -0.04698579 0.03735146 0.06105837
v -0.03105906 0.04528394 0.06115015
v -0.03657388 0.04308561 0.06111604
v -0.02544068 0.04716643 0.06118119
v -0.01975572 0.04878737 0.06120631
v -0.02293651 0.04811260 0.06041784
v -0.01448027 0.04995736 0.06204715
v -0.00230003 0.05181895 0.06041883
v -0.00895435 0.05102219 0.06246272
v -0.00917600 0.05105990 0.06284359
v -0.01470757 0.04992078 0.06244292
v -0.02017533 0.04854521 0.06201612
v -0.02580526 0.04687427 0.06197231
v -0.02039262 0.04848472 0.06240905
v -0.01493156 0.04993653 0.06282406
v -0.00938451 0.05115179 0.06320124
v -0.00366586 0.05204817 0.06354370
v -0.04196826 0.04027731 0.06143895
v -0.05573434 0.02884375 0.06289565
v -0.05187216 0.03311869 0.06288569
v -0.05374869 0.03106192 0.06249241
v -0.05161841 0.03319027 0.06210534
v -0.05171732 0.03313062 0.06249136
v -0.04710157 0.03687763 0.06212766
v -0.04723453 0.03680795 0.06251339
v -0.04216446 0.03998598 0.06217552
v -0.04232908 0.03991781 0.06256059
v -0.03713373 0.04255000 0.06262169
v -0.03735847 0.04255270 0.06300247
v -0.03197828 0.04482349 0.06305959
v -0.03222554 0.04490176 0.06341100
v -0.06130236 0.01276799 0.06279233
v -0.06142072 0.01292686 0.06315526
v -0.06115797 0.01567541 0.06271195
v -0.06126227 0.01580186 0.06308323
v -0.06067541 0.01852673 0.06264210
v -0.06077255 0.01862121 0.06302065
v -0.05984436 0.02129048 0.06258925
v -0.05994170 0.02135615 0.06297331
v -0.05869330 0.02394197 0.06255045
v -0.05879693 0.02398323 0.06293857
v -0.05726752 0.02646169 0.06252188
v -0.05560805 0.02883762 0.06250252
v -0.05366623 0.03111143 0.06210640
v -0.05554078 0.02887331 0.06211670
v -0.05721357 0.02647961 0.06213638
v -0.05864998 0.02393797 0.06216540
v -0.05980772 0.02126049 0.06220479
v -0.06063945 0.01846687 0.06225844
v -0.06111510 0.01558358 0.06232929
v -0.06124558 0.01264516 0.06241079
v -0.06066247 0.00673049 0.06255499
v -0.05993506 0.00323486 0.06261205
v -0.06073537 0.01845249 0.06150176
v -0.05990251 0.02130455 0.06146144
v -0.05873214 0.02403501 0.06143178
v -0.05727509 0.02662357 0.06140991
v -0.05557548 0.02905783 0.06139506
v -0.05366891 0.03133013 0.06138725
v -0.05158485 0.03343665 0.06138640
v -0.04698778 0.03715937 0.06140305
v -0.06124847 0.01256484 0.06201782
v -0.04204710 0.04010934 0.06180216
v -0.04702267 0.03699802 0.06175836
v -0.05157790 0.03329517 0.06173797
v -0.05364337 0.03120356 0.06173898
v -0.05553371 0.02894929 0.06174843
v -0.05721990 0.02653602 0.06176650
v -0.05866675 0.02397135 0.06179313
v -0.05983095 0.02126752 0.06182924
v -0.06066330 0.01844447 0.06187840
v -0.06113194 0.01553094 0.06194324
v -0.05333143 0.03392825 0.06439820
v -0.04911970 0.03797964 0.06444487
v -0.04328913 0.04020742 0.06394607
v -0.04353896 0.04040958 0.06416588
v -0.04377305 0.04065648 0.06431299
v -0.05612380 0.02897021 0.06362652
v -0.05230202 0.03323034 0.06362050
v -0.04788522 0.03691314 0.06363249
v -0.04303012 0.04005495 0.06365814
v -0.06071084 0.02205833 0.06416846
v -0.05939202 0.02427744 0.06394237
v -0.05662794 0.02922959 0.06415391
v -0.05307154 0.03370450 0.06430581
v -0.04888537 0.03770094 0.06439914
v -0.05895316 0.02405647 0.06331193
v -0.05590965 0.02888892 0.06327683
v -0.05207108 0.03315260 0.06326869
v -0.04763936 0.03682758 0.06328486
v -0.04277499 0.03995442 0.06331947
v -0.04399406 0.04093919 0.06440116
v -0.04864556 0.03744691 0.06430810
v -0.05281185 0.03350937 0.06415162
v -0.05636660 0.02908475 0.06392529
v -0.05915414 0.02415633 0.06365252
v -0.06029180 0.02156536 0.06367357
v -0.06127125 0.01898261 0.06392870
v -0.06235112 0.01076785 0.06422938
v -0.06201825 0.01062718 0.06405633
v -0.06209514 0.01345414 0.06402868
v -0.06062085 0.00313030 0.06400972
v -0.06172647 0.01044328 0.06382593
v -0.06182221 0.01328661 0.06378386
v -0.06182548 0.01693308 0.06401706
v -0.06009311 0.02145023 0.06334033
v -0.06092504 0.01874055 0.06337908
v -0.06142279 0.01595007 0.06343030
v -0.06159571 0.01310530 0.06348926
v -0.03897169 0.04404713 0.06444617
v -0.03315202 0.04576843 0.06432593
v -0.02185707 0.04965073 0.06433684
v -0.00395626 0.05288881 0.06422872
v -0.00387571 0.05255979 0.06405519
v -0.01590923 0.05086011 0.06421998
v -0.00377882 0.05227904 0.06382421
v -0.03694330 0.04260844 0.06223752
v -0.03174511 0.04480511 0.06268547
v -0.02061648 0.04847922 0.06279067
v -0.02084425 0.04853273 0.06315382
v -0.01515017 0.05000882 0.06318372
v -0.01536032 0.05013753 0.06351257
v -0.00957826 0.05129823 0.06352689
v -0.01555892 0.05032247 0.06380113
v -0.00975562 0.05149953 0.06381175
v -0.01574291 0.05056342 0.06404004
v -0.00991497 0.05175600 0.06404702
v -0.01005474 0.05206785 0.06422401
v -0.01017551 0.05243104 0.06434233
v -0.03283647 0.04534571 0.06409980
v -0.03811693 0.04290532 0.06396785
v -0.03294704 0.04547488 0.06419153
v -0.03835707 0.04312996 0.06417843
v -0.03857710 0.04340141 0.06431933
v -0.03272035 0.04522961 0.06399059
v -0.03247639 0.04503785 0.06372591
v -0.03786234 0.04273265 0.06369130
v -0.03760543 0.04261435 0.06336424
v -0.04253692 0.03990799 0.06294774
v -0.04741809 0.03679185 0.06290545
v -0.02168675 0.04931940 0.06421313
v -0.02159447 0.04917222 0.06412873
v -0.02149718 0.04903871 0.06402813
v -0.02129001 0.04881339 0.06378301
v -0.02107056 0.04864442 0.06348808
v 0.00897703 0.05171648 0.06376031
v 0.01178511 0.05093536 0.06367806
v 0.01169000 0.05069813 0.06345969
v 0.00881344 0.05127845 0.06329089
v 0.00592640 0.05200503 0.06363756
v 0.00597311 0.05212248 0.06374779
v 0.00441788 0.05225259 0.06380688
v 0.00436754 0.05213015 0.06370112
v 0.00283874 0.05234994 0.06389533
v 0.01328150 0.04973161 0.06304124
v 0.01289869 0.04982605 0.06298823
v 0.01297419 0.05003650 0.06323052
v 0.00872635 0.05083359 0.06238545
v 0.00872646 0.05083613 0.06239371
v 0.00876147 0.05082702 0.06239274
v 0.00731315 0.05109766 0.06209762
v 0.00582477 0.05138418 0.06225441
v 0.00579751 0.05145390 0.06262295
v 0.00109267 0.05173708 0.06268075
v 0.00109225 0.05272172 0.06406102
v 0.00149431 0.05292914 0.06419841
v 0.01131540 0.05224484 0.06435466
v 0.01226921 0.05197391 0.06434314
v 0.01202314 0.05147528 0.06405615
v 0.01366525 0.05157737 0.06432630
v 0.01749754 0.04971904 0.06406558
v 0.01719279 0.04847237 0.06329484
v 0.01802385 0.04813038 0.06330508
v 0.02172635 0.04660676 0.06335070
v 0.00909115 0.05197972 0.06395536
v 0.00922710 0.05227287 0.06412363
v 0.00938508 0.05259615 0.06426485
v 0.00668207 0.05356093 0.06441059
v 0.00896551 0.05291232 0.06438302
v 0.00948175 0.05276568 0.06437680
v 0.00661526 0.05357990 0.06441138
v 0.00657957 0.05338077 0.06434397
v 0.00376601 0.05415436 0.06443296
v 0.00353167 0.05372657 0.06438542
v 0.00331887 0.05332826 0.06431145
v 0.00313064 0.05296358 0.06420732
v 0.00167104 0.05327809 0.06431662
v 0.00109890 0.05305838 0.06422821
v 0.00110710 0.05343608 0.06433945
v 0.00135206 0.05262739 0.06403786
v 0.00108927 0.05256219 0.06396575
v 0.00108616 0.05241011 0.06384386
v 0.00124261 0.05237054 0.06383707
v 0.00108350 0.05229141 0.06372292
v 0.00119869 0.05225688 0.06372343
v 0.00110685 0.05197059 0.06333351
v 0.00107951 0.05211289 0.06354104
v 0.00116134 0.05215224 0.06360171
v 0.00107039 0.05182352 0.06296719
v 0.00107077 0.05184128 0.06302812
v 0.00108233 0.05182999 0.06302850
v 0.00107137 0.05187010 0.06312704
v 0.00109054 0.05189474 0.06318598
v 0.00107467 0.05196837 0.06329461
v 0.00133559 0.05174839 0.06137745
v 0.00122501 0.05170409 0.06184822
v 0.00114112 0.05169633 0.06228623
v 0.00106989 0.05171956 0.06230113
v 0.00277513 0.05162053 0.06196293
v 0.00282260 0.05172528 0.06105104
v 0.00257872 0.05174670 0.06098206
v 0.00498429 0.05145684 0.06157387
v 0.00319624 0.05169247 0.06115671
v 0.00298530 0.05171099 0.06109706
v 0.00588838 0.05133771 0.06178480
v 0.00587948 0.05135199 0.06185221
v 0.00636093 0.05127544 0.06189505
v 0.00731346 0.05109750 0.06209253
v 0.00740136 0.05108108 0.06211075
v 0.00908967 0.05076572 0.06246078
v 0.00873498 0.05095695 0.06271701
v 0.01012349 0.05051067 0.06260394
v 0.01013374 0.05055918 0.06268236
v 0.01021602 0.05048785 0.06261675
v 0.01073482 0.05035987 0.06268859
v 0.01161049 0.05048225 0.06322216
v 0.01154643 0.05028751 0.06296569
v 0.01151144 0.05016827 0.06279613
v 0.01415061 0.04945180 0.06309760
v 0.01432351 0.04957104 0.06325654
v 0.01426283 0.04941567 0.06310487
v 0.01453112 0.05006932 0.06367195
v 0.01724273 0.04915618 0.06370806
v 0.01700237 0.04861307 0.06333284
v 0.01426283 0.04941567 0.06310487
v 0.00278502 0.05222288 0.06379371
v 0.00432489 0.05201824 0.06358591
v 0.00273943 0.05210696 0.06368210
v 0.00429022 0.05191727 0.06346092
v 0.00270212 0.05200237 0.06356035
v 0.00426381 0.05182758 0.06332579
v 0.00267330 0.05190938 0.06342817
v 0.00424590 0.05174955 0.06318022
v 0.00265325 0.05182842 0.06328524
v 0.00296979 0.05263637 0.06406961
v 0.00579851 0.05156235 0.06295679
v 0.00582827 0.05171013 0.06325535
v 0.00876359 0.05110318 0.06301697
v 0.00585390 0.05179874 0.06339144
v 0.00588664 0.05189707 0.06351882
v 0.00592640 0.05200503 0.06363756
v 0.00496215 0.05337221 0.06431184
v 0.00477508 0.05300912 0.06420629
v 0.00461224 0.05267918 0.06407103
v 0.00447564 0.05238517 0.06390355
v 0.00290041 0.05248788 0.06398720
v 0.01697202 0.04854345 0.06328052
v 0.00608685 0.05238521 0.06394330
v 0.00622668 0.05268366 0.06410681
v 0.00639133 0.05301607 0.06423986
v 0.00269417 0.05161679 0.06239733
v 0.00188656 0.05166753 0.06254746
v 0.00186596 0.05185345 0.06324289
v 0.00185686 0.05178747 0.06308652
v 0.00185700 0.05173414 0.06291881
v 0.00190971 0.05202041 0.06352428
v 0.00188376 0.05193135 0.06338858
v 0.00264232 0.05175995 0.06313109
v 0.00423664 0.05168334 0.06302405
v 0.00426047 0.05155538 0.06249218
v 0.00423604 0.05162900 0.06285723
v 0.00264897 0.05166199 0.06278786
v 0.00876359 0.05110318 0.06301697
v 0.00337838 0.04630775 0.08312967
v -0.00327458 0.04632059 0.08312484
v 0.00325470 0.04632089 0.08312932
v 0.00000018 0.04643570 0.08312635
v -0.00008282 0.04643278 0.08312630
v -0.00495423 0.05110713 0.08300016
v -0.05245882 -0.01500221 0.06343551
v -0.05258639 -0.01504645 0.06369859
v -0.05499875 -0.01051518 0.06359855
v -0.05852441 -0.00354547 0.06374540
v -0.05844795 -0.00350757 0.06362724
v -0.05734471 -0.00590129 0.06356861
v -0.05869197 -0.00363948 0.06396626
v -0.05860574 -0.00358942 0.06385843
v -0.05747935 -0.00595433 0.06382422
v -0.04975922 -0.01929059 0.06344095
v -0.04943572 -0.01911707 0.06298694
v -0.04808738 -0.02120583 0.06318697
v -0.05011358 -0.01807726 0.06288302
v -0.05187637 -0.01513016 0.06221330
v -0.05132950 -0.01596512 0.06233331
v -0.05146282 -0.01598962 0.06268205
v -0.06043619 -0.00108101 0.06433880
v -0.06080614 -0.00037825 0.06435988
v -0.06064685 -0.00025046 0.06433416
v -0.06006428 0.00184241 0.06377075
v -0.06049834 0.00314936 0.06389150
v -0.06040212 0.00316432 0.06379867
v -0.05998115 0.00188859 0.06365962
v -0.05876438 -0.00105075 0.06133458
v -0.05959014 0.00191717 0.06248145
v -0.05881641 -0.00088653 0.06207507
v -0.05972694 0.00197592 0.06313249
v -0.05968224 0.00197430 0.06298081
v -0.05964471 0.00196376 0.06282155
v -0.05977903 0.00196835 0.06327637
v -0.05983866 0.00195140 0.06341228
v -0.06060903 0.00310505 0.06400616
v -0.06096198 0.00283763 0.06423024
v -0.06109738 0.00272640 0.06428621
v -0.06123701 0.00303506 0.06428505
v -0.06073333 0.00135341 0.06425779
v -0.06087269 0.00123726 0.06430958
v -0.06113834 0.00025283 0.06437883
v -0.06141450 0.00077742 0.06439458
v -0.06117370 0.00097721 0.06438961
v -0.06011001 -0.00146571 0.06428924
v -0.06019764 -0.00153418 0.06432519
v -0.05955067 -0.00265663 0.06426723
v -0.05895866 -0.00381508 0.06426909
v -0.05821302 -0.00486950 0.06405913
v -0.05763025 -0.00602760 0.06406269
v -0.05643592 -0.00830798 0.06410019
v -0.05654428 -0.00835779 0.06426822
v -0.05286723 -0.01516693 0.06419761
v -0.05523683 -0.01058246 0.06414271
v -0.05532625 -0.01061946 0.06427923
v -0.05010443 -0.01949114 0.06387205
v -0.05089130 -0.01882977 0.06428386
v -0.04758861 -0.02389371 0.06408126
v -0.04884714 -0.02169319 0.06397600
v -0.04974059 -0.02078450 0.06428461
v -0.05039527 -0.01967236 0.06428418
v -0.04694945 -0.02256142 0.06307287
v -0.04653663 -0.02317116 0.06311358
v -0.04676021 -0.02332092 0.06336466
v -0.04476830 -0.02578304 0.06328790
v -0.04793067 -0.02111212 0.06297614
v -0.04878359 -0.01985234 0.06289206
v -0.04930656 -0.01905385 0.06277728
v -0.04998127 -0.01802368 0.06262921
v -0.05065536 -0.01699443 0.06248126
v -0.05079048 -0.01703629 0.06278013
v -0.05105875 -0.01714111 0.06329242
v -0.05269098 -0.01383473 0.06196628
v -0.05342415 -0.01278036 0.06244655
v -0.05318904 -0.01300343 0.06180652
v -0.05328683 -0.01284383 0.06179307
v -0.05328358 -0.01284561 0.06177620
v -0.05456999 -0.01066859 0.06166482
v -0.05453673 -0.01072891 0.06135620
v -0.05441062 -0.01096446 0.06141472
v -0.05682953 -0.00617614 0.06093065
v -0.05569234 -0.00856505 0.06083270
v -0.05551086 -0.00890942 0.06090413
v -0.05466591 -0.01055899 0.06235900
v -0.05696496 -0.00588672 0.06237856
v -0.05686748 -0.00599440 0.06168601
v -0.05569349 -0.00856833 0.06081939
v -0.05135470 -0.01728037 0.06377551
v -0.05167832 -0.01745406 0.06422941
v -0.05169557 -0.01746355 0.06428335
v -0.05990599 0.00192486 0.06354008
v -0.05903773 -0.00081846 0.06303462
v -0.05894287 -0.00081491 0.06273702
v -0.05808884 -0.00340422 0.06281310
v -0.05818989 -0.00341546 0.06310417
v -0.05909364 -0.00083077 0.06317447
v -0.05965482 0.00046867 0.06359141
v -0.05915537 -0.00085034 0.06330818
v -0.05922304 -0.00087729 0.06343562
v -0.05929675 -0.00091177 0.06355668
v -0.05973635 0.00042446 0.06370421
v -0.06015549 0.00178616 0.06387333
v -0.06061897 0.00313059 0.06400790
v -0.05830945 -0.00344974 0.06337570
v -0.05937657 -0.00095384 0.06367130
v -0.05982506 0.00037133 0.06380945
v -0.06025484 0.00171978 0.06396734
v -0.06071780 0.00302695 0.06409022
v -0.06077386 0.00310665 0.06409592
v -0.05722615 -0.00586825 0.06329603
v -0.05712348 -0.00585499 0.06300668
v -0.05489773 -0.01050397 0.06330747
v -0.05480863 -0.01050760 0.06300379
v -0.05233982 -0.01496864 0.06316337
v -0.05222938 -0.01494571 0.06288223
v -0.05703648 -0.00586123 0.06270078
v -0.05473139 -0.01052597 0.06268760
v -0.05212749 -0.01493341 0.06259205
v -0.05200001 -0.01493353 0.06217581
v -0.06047802 0.00155659 0.06412952
v -0.06002415 0.00023811 0.06399705
v -0.06013450 0.00015805 0.06407944
v -0.06060171 0.00145993 0.06419784
v -0.06025201 0.00006908 0.06415429
v -0.06037663 -0.00002872 0.06422162
v -0.05986908 -0.00128042 0.06414580
v -0.05975804 -0.00119950 0.06406415
v -0.05965328 -0.00112640 0.06397582
v -0.05955480 -0.00106111 0.06388091
v -0.05914242 -0.00237397 0.06390351
v -0.05923693 -0.00243432 0.06400262
v -0.05933697 -0.00250157 0.06409589
v -0.05878314 -0.00369565 0.06406891
v -0.05755276 -0.00598842 0.06394560
v -0.05837631 -0.00347568 0.06350398
v -0.05946258 -0.00100361 0.06377939
v -0.05992100 0.00030921 0.06390706
v -0.06036236 0.00164324 0.06405272
v -0.06083543 0.00293785 0.06416495
v -0.05800587 -0.00341547 0.06250295
v -0.05886957 -0.00083819 0.06241668
v -0.05789223 -0.00350303 0.06182747
v -0.06194109 0.01162679 0.05441684
v -0.06219874 0.01158699 0.05449338
v -0.06239419 0.01381586 0.05392428
v -0.06227167 0.01165820 0.05448932
v -0.06243296 0.01177615 0.05449285
v -0.06255682 0.01182909 0.05450747
v -0.06265642 0.01184666 0.05452725
v -0.06279990 0.01183267 0.05456870
v -0.06322848 0.01311551 0.05436212
v -0.06249821 0.01452683 0.05380768
v -0.06289310 0.01182695 0.05459487
v -0.06292027 0.01182528 0.05460249
v -0.06298329 0.01183701 0.05461519
v -0.06328071 0.01338792 0.05430819
v -0.06343986 0.01421780 0.05414391
v -0.06272129 0.01605159 0.05355763
v -0.06364520 0.01609200 0.05392410
v -0.06276897 0.01757031 0.05343340
v -0.06373477 0.01690949 0.05382823
v -0.06374695 0.01702065 0.05381519
v -0.06282351 0.01930760 0.05329131
v -0.06372259 0.01911879 0.05373176
v -0.06265734 0.02063895 0.05326930
v -0.06371511 0.01976377 0.05370611
v -0.06230733 0.02309074 0.05323702
v -0.06241719 0.02256297 0.05323750
v -0.06359304 0.02095699 0.05369674
v -0.06360055 0.02088361 0.05369732
v -0.00392204 0.04884010 0.08870411
v -0.00391774 0.04883703 0.08870434
v -0.00379332 0.04866167 0.08871006
v -0.00686447 0.05099988 0.08329525
v -0.00379456 0.04867052 0.08871009
v -0.00380987 0.04870829 0.08870955
v -0.00381852 0.04872962 0.08870923
v -0.00383583 0.04875541 0.08870845
v -0.00384667 0.04877156 0.08870797
v -0.00688090 0.05110974 0.08334996
v -0.00387400 0.04879837 0.08870659
v -0.00688122 0.05111040 0.08335041
v -0.00390171 0.04882556 0.08870520
v -0.00690231 0.05114069 0.08337482
v -0.00396790 0.04886331 0.08870160
v -0.00693067 0.05116442 0.08340062
v -0.00401756 0.04888257 0.08869880
v -0.00398879 0.04887388 0.08870044
v -0.00702819 0.05118136 0.08347567
v -0.00406491 0.04889043 0.08869700
v -0.00402250 0.04888406 0.08869851
v -0.00401756 0.04888257 0.08869880
v 0.00663120 0.04940037 0.08305062
v 0.00659823 0.04939753 0.08304901
v 0.00662672 0.04938537 0.08305352
v 0.00665398 0.04937107 0.08306045
v 0.00665948 0.04938627 0.08305815
v 0.00674117 0.04935142 0.08310125
v 0.00671849 0.04936908 0.08308239
v 0.00671067 0.04935342 0.08308438
v 0.00678366 0.04913162 0.08328489
v 0.00678634 0.04915044 0.08329066
v 0.00678425 0.04920405 0.08321173
v 0.00678947 0.04922239 0.08321740
v 0.00678288 0.04924140 0.08319159
v 0.00678415 0.04916341 0.08323745
v 0.00678895 0.04916710 0.08326429
v 0.00678042 0.04913522 0.08331678
v 0.00676022 0.04911060 0.08336637
v 0.00677742 0.04916456 0.08335431
v 0.00677315 0.04914310 0.08334755
v 0.00676091 0.04913232 0.08337107
v 0.00673041 0.04952575 0.08292461
v 0.00681843 0.04949468 0.08295903
v 0.00695736 0.04942354 0.08308117
v 0.00688563 0.04946483 0.08300412
v 0.00681882 0.04948065 0.08299405
v 0.00683560 0.04948705 0.08297055
v 0.00703006 0.04934321 0.08327764
v 0.00700638 0.04938225 0.08317402
v 0.00694877 0.04940548 0.08313293
v 0.00697674 0.04940723 0.08311786
v 0.00702637 0.04930840 0.08338717
v 0.00702875 0.04933089 0.08331643
v 0.00699420 0.04933439 0.08331788
v 0.00700001 0.04928452 0.08347882
v 0.00698073 0.04930581 0.08341413
v 0.00695067 0.04933082 0.08331694
v 0.00694291 0.04936227 0.08323053
v 0.00692855 0.04932543 0.08331528
v 0.00679278 0.04921943 0.08340639
v 0.00682123 0.04925078 0.08342873
v 0.00683849 0.04925967 0.08340124
v 0.00677234 0.04918067 0.08338713
v 0.00679046 0.04921502 0.08340420
v 0.00680629 0.04922618 0.08338041
v 0.00687112 0.04928252 0.08337958
v 0.00686080 0.04928127 0.08333879
v 0.00685145 0.04926958 0.08337104
v 0.00683369 0.04925419 0.08336233
v 0.00682123 0.04924402 0.08339061
v 0.00679165 0.04921728 0.08340533
v 0.00688582 0.04930714 0.08330952
v 0.00686729 0.04930887 0.08327130
v 0.00686613 0.04929439 0.08330546
v 0.00684814 0.04927953 0.08330070
v 0.00684280 0.04926614 0.08333207
v 0.00682699 0.04924910 0.08332505
v 0.00681821 0.04923674 0.08335367
v 0.00680530 0.04921767 0.08334524
v 0.00679394 0.04920663 0.08337083
v 0.00678431 0.04918591 0.08336209
v 0.00676105 0.04913669 0.08337202
v 0.00677052 0.04917357 0.08338469
v 0.00677115 0.04917603 0.08338554
v 0.00677129 0.04912198 0.08334183
v 0.00676084 0.04912987 0.08337056
v 0.00676091 0.04913232 0.08337107
v 0.00678940 0.04917048 0.08329700
v 0.00678280 0.04915582 0.08332290
v 0.00679488 0.04919078 0.08330371
v 0.00678763 0.04917673 0.08332973
v 0.00680294 0.04921095 0.08331071
v 0.00679510 0.04919750 0.08333722
v 0.00681366 0.04923054 0.08331787
v 0.00682507 0.04931119 0.08320356
v 0.00684690 0.04931011 0.08323594
v 0.00685657 0.04934083 0.08320312
v 0.00686410 0.04932447 0.08323690
v 0.00688267 0.04933703 0.08323681
v 0.00678825 0.04918506 0.08323784
v 0.00679277 0.04920396 0.08324395
v 0.00679274 0.04918657 0.08327063
v 0.00679952 0.04922306 0.08324984
v 0.00679887 0.04920627 0.08327703
v 0.00680860 0.04924202 0.08325537
v 0.00680748 0.04922583 0.08328337
v 0.00682002 0.04926047 0.08326040
v 0.00681861 0.04924484 0.08328952
v 0.00683373 0.04927801 0.08326482
v 0.00683221 0.04926289 0.08329535
v 0.00684958 0.04929426 0.08326848
v 0.00679057 0.04925937 0.08319596
v 0.00679675 0.04924090 0.08322259
v 0.00680019 0.04927719 0.08319948
v 0.00680617 0.04925928 0.08322718
v 0.00681172 0.04929457 0.08320205
v 0.00681774 0.04927718 0.08323099
v 0.00683137 0.04929424 0.08323395
v 0.00677907 0.04919058 0.08320057
v 0.00680860 0.04924202 0.08325537
v 0.00679500 0.04937913 0.08311522
v 0.00682906 0.04934400 0.08317258
v 0.00684460 0.04935792 0.08317012
v 0.00681475 0.04932881 0.08317377
v 0.00678267 0.04936451 0.08311917
v 0.00673617 0.04939931 0.08307421
v 0.00677129 0.04934906 0.08312176
v 0.00672701 0.04938444 0.08307899
v 0.00669111 0.04945768 0.08302672
v 0.00668441 0.04944456 0.08303559
v 0.00674588 0.04941349 0.08306803
v 0.00667784 0.04943070 0.08304322
v 0.00667145 0.04941625 0.08304954
v 0.00666530 0.04940139 0.08305452
v 0.00678834 0.04933087 0.08314679
v 0.00680187 0.04931262 0.08317370
v 0.00677746 0.04931442 0.08314679
v 0.00679056 0.04929573 0.08317242
v 0.00676798 0.04929759 0.08314553
v 0.00678092 0.04927843 0.08317002
v 0.00675997 0.04928064 0.08314312
v 0.00677299 0.04926099 0.08316661
v 0.00675342 0.04926380 0.08313969
v 0.00673736 0.04928369 0.08311901
v 0.00669317 0.04938579 0.08306671
v 0.00668625 0.04937042 0.08306959
v 0.00667413 0.04933958 0.08307141
v 0.00667990 0.04935496 0.08307114
v 0.00670362 0.04933765 0.08308506
v 0.00669736 0.04932198 0.08308445
v 0.00669082 0.04930617 0.08308397
v 0.00664888 0.04935595 0.08306150
v 0.00673261 0.04933542 0.08310223
v 0.00672504 0.04931930 0.08310192
v 0.00671850 0.04930329 0.08310038
v 0.00673617 0.04939931 0.08307421
v 0.00667784 0.04943070 0.08304322
v 0.00660485 0.04942656 0.08304184
v 0.00686497 0.04943300 0.08307689
v 0.00691384 0.04939703 0.08314879
v 0.00671760 0.04950008 0.08298089
v 0.00670455 0.04948111 0.08300561
v 0.00677709 0.04945008 0.08304187
v 0.00675602 0.04942678 0.08306052
v 0.00680814 0.04939269 0.08310988
v 0.00682840 0.04937530 0.08313887
v 0.00684460 0.04935792 0.08317012
v 0.00663115 0.04953998 0.08293805
v 0.00663102 0.04953942 0.08293933
v 0.00662907 0.04953129 0.08295759
v 0.00686113 0.04937034 0.08316642
v 0.00685943 0.04939847 0.08312719
v 0.00683611 0.04941590 0.08309547
v 0.00679835 0.04946819 0.08301928
v 0.00689541 0.04928476 0.08347750
v 0.00693699 0.04928548 0.08350122
v 0.00697848 0.04927508 0.08352269
v 0.00694289 0.04928399 0.08350428
v 0.00694083 0.04928451 0.08350322
v 0.00693668 0.04930469 0.08340245
v 0.00688133 0.04928053 0.08346868
v 0.00691427 0.04930014 0.08339544
v 0.00687913 0.04927988 0.08346731
v 0.00689223 0.04929275 0.08338778
v 0.00685609 0.04927297 0.08345288
v 0.00684119 0.04926349 0.08344255
v 0.00682123 0.04925078 0.08342873
v 0.00682222 0.04925141 0.08342942
v 0.00683914 0.04926218 0.08344114
v 0.00692245 0.04935603 0.08323355
v 0.00690677 0.04931753 0.08331282
v 0.00684814 0.04927953 0.08330070
v 0.00690225 0.04934760 0.08323568
v 0.00687838 0.04938108 0.08316156
v 0.00690677 0.04931753 0.08331282
v 0.00677115 0.04917603 0.08338554
v 0.00674401 0.04930011 0.08312152
v 0.00675190 0.04931662 0.08312288
v 0.00676101 0.04933301 0.08312298
v 0.00659823 0.04939753 0.08304901
v 0.00659818 0.04939734 0.08304905
v 0.00676672 0.04924368 0.08316230
v 0.00674588 0.04941349 0.08306803
v 0.00687838 0.04938108 0.08316156
v 0.00414912 0.04807262 0.08849778
v 0.00531799 0.04856938 0.08644244
v 0.00527045 0.04861700 0.08642701
v 0.00376808 0.04787435 0.08916684
v 0.00372130 0.04787715 0.08916363
v 0.00527045 0.04861700 0.08642701
v 0.00371245 0.04787768 0.08916304
v 0.00525569 0.04863241 0.08642237
v 0.00368776 0.04787490 0.08916146
v 0.00523504 0.04863100 0.08641031
v 0.00367003 0.04786975 0.08916028
v 0.00364335 0.04786201 0.08915854
v 0.00521437 0.04862665 0.08639748
v 0.00362900 0.04785784 0.08915758
v 0.00519418 0.04861925 0.08638417
v 0.00361169 0.04784976 0.08915641
v 0.00517500 0.04860877 0.08637067
v 0.00354179 0.04779789 0.08915149
v 0.00354564 0.04780153 0.08915175
v 0.00514165 0.04857935 0.08634442
v 0.00355998 0.04781508 0.08915281
v 0.00515734 0.04859537 0.08635730
v 0.00359218 0.04783668 0.08915504
v 0.00352716 0.04777975 0.08915037
v 0.00512827 0.04856113 0.08633227
v 0.00351430 0.04776381 0.08914940
v 0.00510929 0.04852019 0.08631131
v 0.00348136 0.04768662 0.08914654
v 0.00348199 0.04769153 0.08914663
v 0.00510070 0.04847694 0.08629564
v 0.00348951 0.04771577 0.08914737
v 0.00349863 0.04773344 0.08914811
v 0.00544925 0.04862517 0.08621165
v 0.00656689 0.04910016 0.08424641
v 0.00676105 0.04913669 0.08337202
v 0.00677115 0.04917603 0.08338554
v 0.00514165 0.04857935 0.08634442
v -0.05721310 0.00556399 0.07390179
v -0.05560546 -0.00286630 0.07289136
v -0.05584032 -0.00178389 0.07311306
v -0.05622791 -0.00171766 0.07243680
v -0.05708697 -0.00301543 0.07071206
v -0.05803057 0.00110432 0.07145859
v -0.05847677 0.00106834 0.07112712
v -0.05736135 -0.00165807 0.07105465
v -0.05718171 -0.00026870 0.07178953
v -0.05761961 0.00112655 0.07183899
v -0.06101477 0.00407790 0.07069008
v -0.06017792 0.00370623 0.07084473
v -0.05947535 0.00520427 0.07132936
v -0.05887380 0.00527172 0.07173022
v -0.06012025 0.00512697 0.07102192
v -0.06078743 0.00504257 0.07081290
v -0.05770948 -0.00167195 0.07077791
v -0.05833051 -0.00032635 0.07082322
v -0.05894923 0.00101963 0.07084923
v -0.05806397 -0.00168976 0.07049457
v -0.05942560 0.00096756 0.07058924
v -0.05943684 0.00098950 0.07059002
v -0.05703515 -0.00165561 0.07136236
v -0.05673514 -0.00166479 0.07169793
v -0.05658739 -0.00029530 0.07260292
v -0.05646064 0.00107502 0.07369858
v -0.05694817 0.00398346 0.07383024
v -0.05652057 0.00143252 0.07371477
v -0.05724452 0.00397589 0.07336349
v -0.05757839 0.00396635 0.07280246
v -0.05798818 0.00394181 0.07228019
v -0.05846607 0.00390234 0.07181205
v -0.05900035 0.00384876 0.07141109
v -0.05957639 0.00378268 0.07108687
v -0.05738426 -0.00301625 0.07044732
v -0.05785066 -0.00210605 0.07047974
v -0.06010628 0.00229596 0.07063656
v -0.05956509 0.00236447 0.07085654
v -0.05902858 0.00242848 0.07112137
v -0.05851874 0.00248036 0.07145331
v -0.05804785 0.00251855 0.07184717
v -0.05725180 0.00113450 0.07226176
v -0.05693346 0.00112815 0.07271879
v -0.05666897 0.00110800 0.07320093
v -0.06009453 0.02863284 0.07049580
v -0.06009650 0.02863426 0.07047210
v -0.05995085 0.02881078 0.07047222
v -0.06016753 0.02853101 0.07043011
v -0.06012440 0.02861512 0.07042943
v -0.05928886 0.02925313 0.07057757
v -0.05917938 0.02928819 0.07057914
v -0.05918233 0.02929878 0.07060242
v -0.05969668 0.02904199 0.07057293
v -0.05960003 0.02910506 0.07057381
v -0.05960552 0.02911419 0.07059798
v -0.05972405 0.02901606 0.07043168
v -0.05969115 0.02903405 0.07047448
v -0.06003240 0.02888793 0.07068689
v -0.05985332 0.02905352 0.07068699
v -0.05988190 0.02908909 0.07070243
v -0.05998358 0.02905716 0.07070672
v -0.06022500 0.02872620 0.07070241
v -0.06024568 0.02845631 0.07061951
v -0.06035761 0.02824944 0.07064017
v -0.06035773 0.02824948 0.07064032
v -0.06037498 0.02825578 0.07065903
v -0.06027739 0.02847308 0.07065902
v -0.06037482 0.02825572 0.07065890
v -0.06029597 0.02848291 0.07067456
v -0.06015250 0.02867433 0.07065879
v -0.06013518 0.02866193 0.07063911
v -0.06016963 0.02868659 0.07067441
v -0.06018777 0.02869956 0.07068687
v -0.06031564 0.02849331 0.07068696
v -0.06001622 0.02887261 0.07067443
v -0.06000092 0.02885814 0.07065882
v -0.05983939 0.02903619 0.07067461
v -0.05982623 0.02901981 0.07065912
v -0.05981424 0.02900489 0.07064068
v -0.05945393 0.02934708 0.07070253
v -0.05920689 0.02938729 0.07068796
v -0.05920109 0.02936637 0.07067623
v -0.05919558 0.02934653 0.07066156
v -0.05919053 0.02932832 0.07064413
v -0.05918607 0.02931227 0.07062426
v -0.05959626 0.02909878 0.07054889
v -0.05969255 0.02903607 0.07054786
v -0.05959420 0.02909535 0.07052385
v -0.05965327 0.02919359 0.07068722
v -0.05964188 0.02917465 0.07067499
v -0.05963109 0.02915672 0.07065967
v -0.05962126 0.02914036 0.07064148
v -0.05961265 0.02912605 0.07062073
v -0.05980377 0.02899186 0.07061969
v -0.05979513 0.02898112 0.07059666
v -0.05978853 0.02897289 0.07057222
v -0.05959478 0.02909631 0.07047577
v -0.05949444 0.02915192 0.07047737
v -0.05949409 0.02915124 0.07052524
v -0.05939083 0.02920004 0.07052687
v -0.05949599 0.02915493 0.07055014
v -0.05939253 0.02920400 0.07055159
v -0.05949937 0.02916155 0.07057490
v -0.05939551 0.02921095 0.07057615
v -0.05939978 0.02922088 0.07059993
v -0.05917585 0.02927546 0.07048369
v -0.05906436 0.02930212 0.07048632
v -0.05906460 0.02930329 0.07053303
v -0.05912383 0.02929237 0.07044288
v -0.05917728 0.02928061 0.07055506
v -0.05928631 0.02924586 0.07055323
v -0.05917602 0.02927608 0.07053075
v -0.05928482 0.02924161 0.07052871
v -0.05928478 0.02924149 0.07048134
v -0.05939097 0.02920036 0.07047924
v -0.05906722 0.02931599 0.07058089
v -0.05895256 0.02933666 0.07058274
v -0.05906560 0.02930813 0.07055709
v -0.05943618 0.02930572 0.07068754
v -0.05942753 0.02928556 0.07067553
v -0.05941934 0.02926646 0.07066050
v -0.05941184 0.02924900 0.07064264
v -0.05940526 0.02923366 0.07062228
v -0.05895082 0.02932392 0.07054016
v -0.05961265 0.02912605 0.07062073
v -0.05959420 0.02909535 0.07052385
v -0.06030919 0.02823174 0.07047526
v -0.06021426 0.02843989 0.07043087
v -0.06030919 0.02823174 0.07047526
v -0.06030918 0.02823174 0.07047529
v -0.06021612 0.02844067 0.07047307
v -0.06021408 0.02843959 0.07049673
v -0.06021458 0.02843986 0.07052147
v -0.06021789 0.02844161 0.07054674
v -0.05996688 0.02879238 0.07042988
v -0.06009490 0.02863310 0.07052060
v -0.05994910 0.02880912 0.07049592
v -0.05978272 0.02896567 0.07047345
v -0.06023350 0.02844987 0.07059646
v -0.06022419 0.02844494 0.07057197
v -0.05969033 0.02903289 0.07052270
v -0.05978168 0.02896437 0.07052180
v -0.05978405 0.02896732 0.07054705
v -0.05995211 0.02881197 0.07054606
v -0.05995724 0.02881681 0.07057139
v -0.06010360 0.02863934 0.07057130
v -0.05996485 0.02882402 0.07059597
v -0.06011212 0.02864543 0.07059589
v -0.05997484 0.02883348 0.07061914
v -0.06012331 0.02865344 0.07061908
v -0.06009787 0.02863524 0.07054597
v -0.05994944 0.02880945 0.07052072
v -0.05978130 0.02896391 0.07049710
v -0.06009787 0.02863524 0.07054597
v -0.05978853 0.02897289 0.07057222
v -0.05939097 0.02920036 0.07047924
v -0.05943562 0.02917805 0.07043632
v -0.05938991 0.02919817 0.07043719
v -0.05608398 0.03693538 0.07043261
v -0.05796893 0.03840122 0.06446283
v -0.05808781 0.03770942 0.06446283
v -0.05721024 0.03621426 0.06446283
v -0.05722521 0.03622595 0.06446283
v -0.05534865 0.03486776 0.07057731
v -0.05286924 0.03501014 0.07156214
v -0.05484108 0.03664800 0.06446283
v -0.05288079 0.03499946 0.07155896
v -0.05494804 0.03652378 0.06446283
v -0.05521758 0.03629681 0.06446283
v -0.05322396 0.03474331 0.07144171
v -0.05496033 0.03650950 0.06446283
v -0.05303397 0.03485798 0.07151677
v -0.05294906 0.03493641 0.07154016
v -0.05528844 0.03623824 0.06446283
v -0.05355192 0.03461931 0.07129568
v -0.05345631 0.03464597 0.07134012
v -0.05334579 0.03467679 0.07139152
v -0.05330086 0.03469688 0.07141131
v -0.05324967 0.03472779 0.07143155
v -0.05544811 0.03614668 0.06446283
v -0.05552033 0.03612019 0.06446283
v -0.05380511 0.03454873 0.07117798
v -0.05390790 0.03454747 0.07113157
v -0.05584945 0.03599953 0.06446283
v -0.05585274 0.03599892 0.06446283
v -0.05410911 0.03454503 0.07104069
v -0.05428506 0.03454289 0.07096123
v -0.05455324 0.03457552 0.07084965
v -0.05440890 0.03454137 0.07090532
v -0.05620487 0.03596420 0.06446283
v -0.05465631 0.03459991 0.07080992
v -0.05603078 0.03596629 0.06446283
v -0.05433176 0.03454231 0.07094015
v -0.05664165 0.03598985 0.06446283
v -0.05690149 0.03607776 0.06446283
v -0.05501679 0.03470528 0.07067755
v -0.05655973 0.03597686 0.06446283
v -0.05499232 0.03469330 0.07068493
v -0.05493751 0.03466646 0.07070150
v -0.05646030 0.03596111 0.06446283
v -0.05477546 0.03462812 0.07076398
v -0.05705014 0.03612804 0.06446283
v -0.05520079 0.03479536 0.07062198
v -0.05546488 0.03494507 0.07054870
v -0.05545777 0.03493987 0.07054999
v -0.05558458 0.03505642 0.07052676
v -0.05750756 0.03644642 0.06446283
v -0.05562218 0.03509139 0.07051987
v -0.05540563 0.03490453 0.07056279
v -0.05535844 0.03487256 0.07057435
v -0.05767221 0.03661297 0.06446283
v -0.05773882 0.03671632 0.06446283
v -0.05586117 0.03534164 0.07048163
v -0.05755066 0.03648006 0.06446283
v -0.05579219 0.03524953 0.07048871
v -0.05575716 0.03521695 0.07049515
v -0.05808781 0.03770942 0.06446283
v -0.05618716 0.03628112 0.07044511
v -0.05807730 0.03755747 0.06446283
v -0.05802959 0.03736012 0.06446283
v -0.05613341 0.03595186 0.07045511
v -0.05797638 0.03714005 0.06446283
v -0.05792517 0.03702060 0.06446283
v -0.05602274 0.03563747 0.07046692
v -0.05790578 0.03697537 0.06446283
v -0.05805737 0.03806192 0.06446283
v -0.05804758 0.03816108 0.06446283
v -0.05800005 0.03833436 0.06446283
v -0.05808962 0.03773557 0.06446283
v -0.05580523 0.03518272 0.07064793
v -0.05351112 0.03450560 0.07142933
v -0.05346767 0.03453552 0.07143873
v -0.05410911 0.03454503 0.07104069
v -0.05411001 0.03454271 0.07104306
v -0.05579396 0.03519161 0.07063073
v -0.05578420 0.03519910 0.07061216
v -0.05576500 0.03521244 0.07055205
v -0.05576968 0.03520953 0.07057244
v -0.05560608 0.03504220 0.07059788
v -0.05570426 0.03494746 0.07072243
v -0.05571739 0.03493304 0.07072677
v -0.05531223 0.03465438 0.07079922
v -0.05584593 0.03514932 0.07068841
v -0.05581781 0.03517257 0.07066346
v -0.05583147 0.03516135 0.07067701
v -0.05566493 0.03498888 0.07069671
v -0.05586117 0.03534164 0.07048163
v -0.05559400 0.03504775 0.07053969
v -0.05558458 0.03505642 0.07052676
v -0.05562218 0.03509139 0.07051987
v -0.05575716 0.03521695 0.07049515
v -0.05575871 0.03521618 0.07051272
v -0.05540880 0.03490434 0.07058030
v -0.05304516 0.03480856 0.07156566
v -0.05346280 0.03458685 0.07140732
v -0.05303583 0.03478669 0.07158906
v -0.05346249 0.03457122 0.07142086
v -0.05346557 0.03455591 0.07142920
v -0.05439206 0.03440775 0.07107915
v -0.05391634 0.03444248 0.07124704
v -0.05391380 0.03446387 0.07123400
v -0.05391007 0.03448364 0.07121853
v -0.05346209 0.03460119 0.07139248
v -0.05269473 0.03516156 0.07165072
v -0.05459843 0.03450887 0.07094874
v -0.05483157 0.03455090 0.07088280
v -0.05483809 0.03453783 0.07089254
v -0.05526567 0.03472802 0.07076082
v -0.05594671 0.03537413 0.07063646
v -0.05565260 0.03500119 0.07068400
v -0.05546736 0.03485288 0.07071641
v -0.05547824 0.03483986 0.07072834
v -0.05527504 0.03471467 0.07077198
v -0.05483809 0.03453783 0.07089254
v -0.05597587 0.03535502 0.07066804
v -0.05567781 0.03497564 0.07070743
v -0.05528451 0.03470039 0.07078142
v -0.05484443 0.03452398 0.07090100
v -0.05569100 0.03496175 0.07071599
v -0.05530323 0.03467001 0.07079506
v -0.05529395 0.03468543 0.07078914
v -0.05486178 0.03447950 0.07091822
v -0.05485053 0.03450953 0.07090809
v -0.05438465 0.03442925 0.07106530
v -0.05501973 0.03449908 0.07088198
v -0.05390521 0.03450129 0.07120096
v -0.05436041 0.03449759 0.07101221
v -0.05436949 0.03447772 0.07103319
v -0.05437765 0.03445466 0.07105107
v -0.05434081 0.03452567 0.07096403
v -0.05432967 0.03453354 0.07095592
v -0.05456486 0.03455668 0.07087291
v -0.05465631 0.03459991 0.07080992
v -0.05478713 0.03460973 0.07078901
v -0.05500394 0.03468475 0.07071470
v -0.05481170 0.03458386 0.07084688
v -0.05502982 0.03466077 0.07077756
v -0.05504503 0.03463997 0.07080469
v -0.05501679 0.03470528 0.07067755
v -0.05520859 0.03478384 0.07063362
v -0.05499232 0.03469330 0.07068493
v -0.05500394 0.03468475 0.07071470
v -0.05521322 0.03478233 0.07065098
v -0.05535844 0.03487256 0.07057435
v -0.05559400 0.03504775 0.07053969
v -0.05559668 0.03504741 0.07055887
v -0.05541257 0.03490350 0.07059865
v -0.05541740 0.03490114 0.07061719
v -0.05521866 0.03477932 0.07066842
v -0.05522488 0.03477470 0.07068570
v -0.05501593 0.03467580 0.07074698
v -0.05590543 0.03540120 0.07049646
v -0.05590542 0.03540120 0.07049662
v -0.05576199 0.03521391 0.07053181
v -0.05576199 0.03521391 0.07053181
v -0.05560069 0.03504560 0.07057837
v -0.05542332 0.03489716 0.07063566
v -0.05523185 0.03476846 0.07070257
v -0.05479893 0.03459954 0.07081878
v -0.05457592 0.03454545 0.07090018
v -0.05545697 0.03486473 0.07070276
v -0.05525654 0.03474024 0.07074813
v -0.05544723 0.03487521 0.07068760
v -0.05524778 0.03475115 0.07073404
v -0.05543831 0.03488418 0.07067118
v -0.05523951 0.03476059 0.07071876
v -0.05543031 0.03489151 0.07065375
v -0.05561287 0.03503719 0.07061709
v -0.05577608 0.03520509 0.07059260
v -0.05562102 0.03503048 0.07063565
v -0.05563045 0.03502218 0.07065319
v -0.05564104 0.03501238 0.07066941
v -0.05590542 0.03540120 0.07049662
v -0.05287575 0.03499452 0.07157419
v -0.05287448 0.03499590 0.07157445
v -0.05285697 0.03501529 0.07157786
v -0.05283744 0.03503791 0.07158124
v -0.05289754 0.03497155 0.07156948
v -0.05288722 0.03498228 0.07157177
v -0.05304675 0.03483990 0.07152894
v -0.05325051 0.03472830 0.07143336
v -0.05291855 0.03495047 0.07156450
v -0.05296184 0.03490994 0.07155305
v -0.05272594 0.03517995 0.07160244
v -0.05279999 0.03508463 0.07158629
v -0.05273156 0.03518319 0.07158879
v -0.05272594 0.03517995 0.07160244
v -0.05272614 0.03518007 0.07160193
v -0.05287955 0.03499043 0.07157341
v -0.05288210 0.03498771 0.07157287
v -0.05286693 0.03500417 0.07157596
v -0.05287195 0.03499863 0.07157496
v -0.05287195 0.03499863 0.07157496
v -0.05287448 0.03499590 0.07157445
v -0.05272594 0.03517995 0.07160244
v -0.05287575 0.03499452 0.07157419
v -0.05287638 0.03499384 0.07157406
v -0.05304912 0.03483152 0.07153908
v -0.05345608 0.03463017 0.07135112
v -0.05355192 0.03461931 0.07129568
v -0.05388277 0.03453284 0.07116253
v -0.05325051 0.03472830 0.07143336
v -0.05345773 0.03462524 0.07135972
v -0.05345608 0.03463017 0.07135112
v -0.05388277 0.03453284 0.07116253
v -0.05389266 0.03452882 0.07116131
v -0.05345917 0.03461987 0.07136821
v -0.05288210 0.03498771 0.07157287
v -0.05287955 0.03499043 0.07157341
v -0.05287828 0.03499179 0.07157367
v -0.05287765 0.03499247 0.07157380
v -0.05287638 0.03499384 0.07157406
v -0.05288213 0.03500076 0.07155870
v -0.05269473 0.03516156 0.07165072
v -0.05269485 0.03516163 0.07165060
v -0.05270129 0.03516547 0.07164392
v -0.05271171 0.03517162 0.07162780
v -0.05271190 0.03517173 0.07162749
v -0.05272212 0.03517777 0.07161168
v -0.05304863 0.03481847 0.07155265
v -0.05346039 0.03461404 0.07137652
v -0.05389609 0.03452298 0.07117164
v -0.05482496 0.03456300 0.07087185
v -0.05458725 0.03452939 0.07092583
v -0.05435563 0.03450613 0.07100078
v -0.05435074 0.03451369 0.07098887
v -0.05390239 0.03450918 0.07119153
v -0.05271190 0.03517173 0.07162749
v -0.05389935 0.03451642 0.07118172
v -0.05434579 0.03452020 0.07097658
v -0.05439575 0.03439249 0.07108572
v -0.05431647 0.03439155 0.07111515
v -0.05351112 0.03450560 0.07142933
v -0.04956752 0.03967633 0.07156176
v -0.05272614 0.03518007 0.07160193
v -0.04956733 0.03967619 0.07156225
v -0.04957802 0.03968474 0.07153490
v -0.04957810 0.03968464 0.07153490
v -0.05122783 0.03748486 0.07154636
v -0.04953585 0.03965099 0.07161573
v -0.04953863 0.03965319 0.07161155
v -0.05118704 0.03745689 0.07162298
v -0.05271171 0.03517162 0.07162780
v -0.05269485 0.03516163 0.07165060
v -0.05269473 0.03516156 0.07165072
v -0.05269485 0.03516163 0.07165060
v -0.05272614 0.03518007 0.07160193
v -0.05272594 0.03517995 0.07160244
v -0.04956733 0.03967619 0.07156225
v -0.04956142 0.03967146 0.07157737
v -0.04955451 0.03966592 0.07158774
v -0.04955433 0.03966578 0.07158802
v -0.04953871 0.03965327 0.07161142
v -0.04953863 0.03965319 0.07161155
v -0.04584727 0.04371610 0.07165072
v -0.04585253 0.04372163 0.07164392
v -0.04586081 0.04373045 0.07162780
v -0.04587645 0.04374730 0.07158879
v -0.04587206 0.04374252 0.07160244
v -0.04953871 0.03965327 0.07161142
v -0.04775663 0.04174245 0.07162311
v -0.04953585 0.03965097 0.07161573
v -0.04773945 0.04172651 0.07164258
v -0.04956143 0.03967146 0.07157737
v -0.04586909 0.04373927 0.07161168
v -0.04955433 0.03966578 0.07158802
v -0.04584727 0.04371610 0.07165072
v -0.04567328 0.04568160 0.07086288
v -0.04559837 0.04546394 0.07095196
v -0.04558759 0.04546248 0.07096360
v -0.04576939 0.04587360 0.07077353
v -0.04547896 0.04480312 0.07126120
v -0.04549254 0.04502633 0.07116003
v -0.04592792 0.04638387 0.07079851
v -0.04676118 0.04685757 0.07065480
v -0.04654361 0.04676201 0.07066327
v -0.04637406 0.04657206 0.07053917
v -0.04619538 0.04642106 0.07058057
v -0.04657144 0.04669708 0.07051178
v -0.04654361 0.04676201 0.07066327
v -0.04655075 0.04674751 0.07064776
v -0.04653567 0.04677781 0.07067685
v -0.04652710 0.04679456 0.07068827
v -0.04651808 0.04681194 0.07069742
v -0.04649938 0.04684724 0.07070897
v -0.04565687 0.04598097 0.07091787
v -0.04571687 0.04612457 0.07088582
v -0.04633225 0.04665416 0.07069632
v -0.04612244 0.04653301 0.07074596
v -0.04631153 0.04668559 0.07071563
v -0.04609773 0.04656147 0.07075629
v -0.04628935 0.04671767 0.07072641
v -0.04545225 0.04505328 0.07121731
v -0.04545460 0.04459224 0.07140699
v -0.04543927 0.04459536 0.07142051
v -0.04557925 0.04413609 0.07156546
v -0.04555584 0.04413178 0.07158884
v -0.04554710 0.04550098 0.07103279
v -0.04543377 0.04506129 0.07123279
v -0.04552639 0.04551400 0.07105066
v -0.04541343 0.04506847 0.07124585
v -0.04550311 0.04552641 0.07106489
v -0.04548416 0.04553762 0.07107953
v -0.04538427 0.04465764 0.07142869
v -0.04540573 0.04460748 0.07143928
v -0.04544709 0.04546998 0.07111377
v -0.04542499 0.04460139 0.07142936
v -0.04552913 0.04524587 0.07106022
v -0.04549096 0.04457887 0.07135937
v -0.04550523 0.04526795 0.07110399
v -0.04555625 0.04549437 0.07102263
v -0.04556451 0.04548776 0.07101179
v -0.04554946 0.04435334 0.07142981
v -0.04553213 0.04435571 0.07144970
v -0.04571813 0.04393778 0.07157274
v -0.04571397 0.04394397 0.07157161
v -0.04573087 0.04391933 0.07157585
v -0.04572658 0.04392546 0.07157483
v -0.04548061 0.04458392 0.07137616
v -0.04546828 0.04481039 0.07127970
v -0.04548192 0.04503558 0.07118046
v -0.04559782 0.04414375 0.07153802
v -0.04558967 0.04413728 0.07155243
v -0.04546844 0.04458839 0.07139213
v -0.04573955 0.04390714 0.07157776
v -0.04575738 0.04388306 0.07158115
v -0.04572181 0.04393238 0.07157367
v -0.04573254 0.04393634 0.07155727
v -0.04572287 0.04393084 0.07157393
v -0.04572340 0.04393007 0.07157406
v -0.04572446 0.04392854 0.07157432
v -0.04572023 0.04393470 0.07157326
v -0.04572129 0.04393316 0.07157354
v -0.04559782 0.04414375 0.07153802
v -0.04560032 0.04414858 0.07152781
v -0.04565976 0.04403272 0.07155285
v -0.04568979 0.04398158 0.07156431
v -0.04570575 0.04395642 0.07156932
v -0.04579487 0.04383612 0.07158626
v -0.04671806 0.04676189 0.07048344
v -0.04603144 0.04625427 0.07063274
v -0.04614701 0.04636279 0.07058188
v -0.04590930 0.04608436 0.07067598
v -0.04589011 0.04606986 0.07069781
v -0.04571876 0.04575933 0.07080452
v -0.04566725 0.04567481 0.07087227
v -0.04558335 0.04546853 0.07097615
v -0.04656617 0.04671417 0.07059240
v -0.04678165 0.04680311 0.07055878
v -0.04656910 0.04670696 0.07057222
v -0.04657091 0.04670174 0.07055183
v -0.04657167 0.04669849 0.07053158
v -0.04678429 0.04679611 0.07051694
v -0.04678428 0.04679611 0.07051667
v -0.04655695 0.04673455 0.07063054
v -0.04656212 0.04672339 0.07061196
v -0.04637432 0.04657475 0.07055835
v -0.04619306 0.04642670 0.07059800
v -0.04637344 0.04657903 0.07057786
v -0.04619182 0.04643192 0.07061657
v -0.04637132 0.04658501 0.07059739
v -0.04618924 0.04643856 0.07063505
v -0.04636790 0.04659274 0.07061661
v -0.04618526 0.04644661 0.07065316
v -0.04636317 0.04660217 0.07063518
v -0.04617986 0.04645602 0.07067060
v -0.04635714 0.04661318 0.07065275
v -0.04617308 0.04646671 0.07068705
v -0.04634990 0.04662568 0.07066899
v -0.04616499 0.04647852 0.07070222
v -0.04634155 0.04663940 0.07068358
v -0.04615571 0.04649125 0.07071589
v -0.04614540 0.04650475 0.07072782
v -0.04603100 0.04625909 0.07065011
v -0.04588665 0.04608180 0.07073035
v -0.04602925 0.04626505 0.07066758
v -0.04588292 0.04608904 0.07074640
v -0.04602611 0.04627213 0.07068487
v -0.04587780 0.04609710 0.07076202
v -0.04602156 0.04628030 0.07070176
v -0.04587130 0.04610589 0.07077701
v -0.04601556 0.04628951 0.07071798
v -0.04586346 0.04611532 0.07079110
v -0.04600817 0.04629964 0.07073327
v -0.04585435 0.04612531 0.07080417
v -0.04599946 0.04631059 0.07074737
v -0.04583279 0.04614634 0.07082640
v -0.04597857 0.04633428 0.07077125
v -0.04580783 0.04616792 0.07084273
v -0.04595419 0.04635920 0.07078841
v -0.04588665 0.04608180 0.07073035
v -0.04576024 0.04589327 0.07081842
v -0.04575462 0.04590099 0.07083275
v -0.04574773 0.04590918 0.07084650
v -0.04573960 0.04591779 0.07085946
v -0.04573029 0.04592669 0.07087150
v -0.04570859 0.04594503 0.07089219
v -0.04568370 0.04596338 0.07090777
v -0.04615571 0.04649125 0.07071589
v -0.04588903 0.04607539 0.07071409
v -0.04576759 0.04587954 0.07078862
v -0.04576455 0.04588611 0.07080363
v -0.04566357 0.04568124 0.07088605
v -0.04565872 0.04568805 0.07089956
v -0.04557809 0.04547479 0.07098845
v -0.04557180 0.04548122 0.07100036
v -0.04551892 0.04525683 0.07108278
v -0.04546842 0.04504464 0.07119973
v -0.04584727 0.04371610 0.07165072
v -0.04572023 0.04393470 0.07157326
v -0.04572129 0.04393316 0.07157354
v -0.04572446 0.04392854 0.07157432
v -0.04572658 0.04392546 0.07157483
v -0.04573960 0.04591779 0.07085946
v -0.04588903 0.04607539 0.07071409
v -0.04678428 0.04679611 0.07051667
v -0.00285308 0.05201620 0.05927705
v -0.00063056 0.05197319 0.06002297
v -0.00126021 0.05199514 0.05981669
v -0.00145806 0.05199901 0.05975016
v -0.00234260 0.05201633 0.05945269
v -0.00628429 0.05094370 0.05768823
v -0.00891720 0.05179825 0.05717162
v -0.00935401 0.05082830 0.05663208
v -0.00993366 0.05175245 0.05681833
v -0.00939163 0.05082689 0.05661914
v -0.01037095 0.05173275 0.05666634
v -0.00942633 0.05082484 0.05660889
v -0.01054938 0.05172272 0.05661232
v -0.01561018 0.05046086 0.05478268
v -0.01572993 0.05143120 0.05504391
v -0.01538077 0.05145084 0.05514962
v -0.01216364 0.05163187 0.05612361
v 0.00673143 0.05025481 0.06165873
v 0.00672972 0.05023504 0.06165169
v 0.00397297 0.05063833 0.06099011
v 0.00298530 0.05171099 0.06109706
v 0.00319624 0.05169247 0.06115671
v 0.00498429 0.05145684 0.06157387
v 0.00588838 0.05133771 0.06178480
v 0.00636093 0.05127544 0.06189505
v 0.00658011 0.05103802 0.06187548
v 0.00678174 0.05078638 0.06184686
v 0.00031056 0.05192737 0.06032250
v 0.00062123 0.05190887 0.06041878
v -0.00063056 0.05197319 0.06002297
v 0.00000018 0.05194419 0.06022498
v 0.00084763 0.05189436 0.06048805
v 0.00107429 0.05187884 0.06055657
v 0.00335488 0.05069246 0.06080754
v 0.00257872 0.05174670 0.06098206
v 0.00282260 0.05172528 0.06105104
v 0.01752431 0.04732521 0.06284561
v 0.01021602 0.05048785 0.06261675
v 0.00992692 0.04957480 0.06220649
v 0.01012349 0.05051067 0.06260394
v 0.00899628 0.04980504 0.06208776
v 0.00872635 0.05083359 0.06238545
v 0.00876147 0.05082702 0.06239274
v 0.00908967 0.05076572 0.06246078
v 0.00672972 0.05023504 0.06165169
v 0.00673143 0.05025481 0.06165873
v 0.00678174 0.05078638 0.06184686
v 0.00740136 0.05108108 0.06211075
v 0.00731346 0.05109750 0.06209253
v 0.00658011 0.05103802 0.06187549
v 0.00636093 0.05127544 0.06189505
v 0.01073482 0.05035987 0.06268859
v 0.01151144 0.05016827 0.06279613
v 0.01319960 0.04876517 0.06262402
v 0.01289869 0.04982605 0.06298823
v 0.01328150 0.04973161 0.06304124
v 0.01375394 0.04858513 0.06265483
v 0.01415061 0.04945180 0.06309760
v 0.01402008 0.04849869 0.06266962
v 0.01802385 0.04813038 0.06330508
v 0.01719279 0.04847237 0.06329484
v 0.01711615 0.04749312 0.06284168
v 0.01697202 0.04854345 0.06328052
v 0.01426283 0.04941567 0.06310487
v -0.04416158 -0.01785402 0.08915422
v -0.04778371 -0.01447548 0.08400126
v -0.04558973 -0.01902446 0.08426674
v -0.04450138 0.03562106 0.08188479
v -0.04453176 0.03564537 0.08182277
v -0.04843249 0.03000370 0.08192224
v -0.03244973 -0.04053264 0.07222712
v -0.03244617 -0.04052815 0.07226542
v -0.03714866 -0.03626674 0.07215471
v -0.03158780 -0.03944916 0.07918767
v -0.03157776 -0.03943654 0.07926809
v -0.03558613 -0.03583559 0.07908288
v -0.03150828 -0.03503551 0.09060015
v -0.03386250 -0.03522650 0.08531302
v -0.03155045 -0.03940222 0.07948688
v -0.03058094 -0.03818475 0.08542898
v -0.03056849 -0.03816913 0.08550525
v -0.03056098 -0.03815970 0.08554104
v -0.03242987 -0.04050763 0.07244030
v -0.04174790 -0.03096764 0.07202604
v -0.04577425 -0.02524495 0.07189647
v -0.04924372 -0.01929526 0.07176778
v -0.05214252 -0.01692055 0.06470514
v -0.05430756 -0.00828950 0.07128525
v -0.05216566 -0.01330643 0.07163987
v -0.05311681 -0.00593049 0.07779606
v -0.05124758 -0.01100262 0.07801082
v -0.05456651 -0.00111747 0.07758075
v -0.05584032 -0.00178389 0.07311306
v -0.05560546 -0.00286630 0.07289136
v -0.05559708 0.00331630 0.07736523
v -0.05721310 0.00556399 0.07390179
v -0.05621635 0.00751935 0.07715243
v -0.05644177 0.01193668 0.07694681
v -0.05617290 0.01667127 0.07675277
v -0.05525759 0.02166979 0.07657473
v -0.05354373 0.02687847 0.07641724
v -0.05088158 0.03224532 0.07628654
v -0.04190653 0.03354426 0.08718174
v -0.04467073 0.02945540 0.08720987
v -0.04843249 0.03000370 0.08192224
v -0.04587609 0.02767238 0.08722213
v -0.04626707 0.02709404 0.08722610
v -0.04712590 0.02519854 0.08726040
v -0.05114858 0.02443607 0.08205957
v -0.04862032 0.02190027 0.08732007
v -0.05284708 0.01899773 0.08223841
v -0.04911020 0.02068662 0.08734498
v -0.04903704 0.02098053 0.08733671
v -0.05367800 0.01373035 0.08244868
v -0.05095519 0.01071862 0.08765343
v -0.05093646 0.01103233 0.08764200
v -0.05075450 0.01408045 0.08753091
v -0.05030175 0.01589942 0.08747972
v -0.05022072 0.01622495 0.08747056
v -0.05116302 0.00723725 0.08778033
v -0.05379526 0.00867875 0.08268342
v -0.05104298 0.00611615 0.08783092
v -0.05335303 0.00388768 0.08293587
v -0.05051776 0.00121144 0.08805228
v -0.05096407 0.00537933 0.08786417
v -0.05247848 -0.00067968 0.08319935
v -0.04945808 -0.00359353 0.08829980
v -0.05040428 0.00015177 0.08810010
v -0.05123643 -0.00523890 0.08346708
v -0.04851183 -0.00733900 0.08849950
v -0.04918472 -0.00467556 0.08835749
v -0.04966833 -0.00985844 0.08373465
v -0.04638162 -0.01294508 0.08883651
v -0.04775428 -0.00933266 0.08861935
v -0.04438225 -0.01743735 0.08912520
v -0.04541720 -0.01548317 0.08898909
v -0.04608082 -0.01373669 0.08888409
v -0.04140660 -0.02305595 0.08951655
v -0.04309364 -0.02343987 0.08453093
v -0.04207522 -0.02179349 0.08942862
v -0.04209862 -0.02174930 0.08942553
v -0.03937010 -0.02589656 0.08975394
v -0.04030270 -0.02765619 0.08479368
v -0.03670723 -0.02961084 0.09006434
v -0.03722383 -0.03160756 0.08505471
v -0.03646215 -0.02986655 0.09008960
v -0.03202431 -0.03449707 0.09054696
v -0.03305452 -0.03342213 0.09044079
v -0.03471637 -0.03168813 0.09026953
v -0.04522117 0.03619714 0.08041546
v -0.04706627 0.03767405 0.07622010
v -0.04708999 0.03769304 0.07616617
v -0.04895833 -0.01620793 0.07822526
v -0.04624876 -0.02142070 0.07843967
v -0.04311855 -0.02651518 0.07865442
v -0.03956653 -0.03136461 0.07886947
v 0.01817810 0.04535165 0.08485903
v 0.02725142 0.04417710 0.07221028
v -0.03321542 0.04915501 0.07662948
v -0.04257987 0.04256810 0.07634064
v -0.02687611 0.04553960 0.08746286
v -0.03007327 0.04738358 0.08230044
v 0.00861848 0.04861813 0.08433142
v 0.00512548 0.05129522 0.07828486
v -0.00195607 0.05097216 0.08287944
v -0.00044857 0.05238941 0.07806980
v 0.00284919 0.05026153 0.08289699
v -0.01077644 0.05132826 0.08326247
v -0.01536818 0.05350178 0.07742225
v -0.01081486 0.05346553 0.07763842
v -0.00689239 0.05139146 0.08291668
v -0.00689230 0.05139148 0.08291661
v -0.00689230 0.05139148 0.08291661
v -0.00619174 0.04910338 0.08836876
v -0.00711090 0.04915027 0.08832383
v -0.01542908 0.05118338 0.08299862
v -0.01126040 0.04914480 0.08808564
v -0.00968562 0.04914689 0.08817604
v -0.02020537 0.05056723 0.08274582
v -0.01641649 0.04863647 0.08786155
v -0.01591269 0.04873061 0.08788234
v -0.01496997 0.04881718 0.08792312
v -0.01140368 0.04914461 0.08807740
v -0.02511253 0.04934751 0.08251085
v -0.02018221 0.04788905 0.08770675
v -0.01974801 0.04801391 0.08772416
v -0.02523209 0.04628523 0.08751259
v -0.02352964 0.04692650 0.08757258
v -0.02164480 0.04746849 0.08764814
v -0.02554365 0.04616788 0.08750161
v -0.03501023 0.04453503 0.08212162
v -0.03205101 0.04269133 0.08732129
v -0.03705766 0.03870892 0.08722175
v -0.03554710 0.04009545 0.08724112
v -0.03984997 0.04066460 0.08198445
v -0.03437291 0.04097768 0.08726780
v -0.03225750 0.04256708 0.08731589
v -0.03862916 0.03724105 0.08720389
v -0.03837284 0.03750124 0.08720495
v -0.03836789 0.03750628 0.08720497
v -0.03792453 0.04634179 0.07647159
v -0.02853602 0.05114252 0.07680800
v -0.03163916 0.05146717 0.07364406
v -0.02397201 0.05244096 0.07700261
v -0.01960866 0.05318716 0.07720882
v -0.01791972 0.05463025 0.07395557
v -0.01925601 0.05453500 0.07395985
v -0.00580277 0.05310358 0.07785438
v -0.00934068 0.05489649 0.07294252
v 0.00158706 0.05379496 0.07169236
v 0.00806418 0.05225571 0.07182106
v 0.01462240 0.05017437 0.07195051
v 0.02108097 0.04750085 0.07208082
v 0.03235307 0.04042790 0.07306731
v 0.03242436 0.04051613 0.07231983
v 0.03243342 0.04052734 0.07222490
v 0.03068943 0.04325699 0.06478193
v 0.03153073 0.03940768 0.07952180
v 0.03155505 0.03943785 0.07933094
v 0.02717022 0.04255445 0.07914500
v 0.03157331 0.03946051 0.07918753
v 0.02695244 0.04073349 0.08537897
v 0.02953093 0.03692040 0.09037593
v 0.03051712 0.03814814 0.08566759
v 0.03052710 0.03816053 0.08560715
v 0.03055673 0.03819736 0.08542745
v 0.02269646 0.04321588 0.08512036
v 0.01346373 0.04714993 0.08459595
v 0.01602800 0.04444221 0.08969841
v 0.02194512 0.04545508 0.07893099
v 0.01644483 0.04785622 0.07871530
v 0.01079732 0.04979336 0.07849993
v 0.04798766 -0.00354485 0.08807972
v 0.03063093 -0.03673923 0.08853572
v 0.02275355 -0.04220347 0.08836300
v -0.00498412 -0.04827740 0.08721339
v -0.02832288 -0.04183046 0.07942123
v 0.03557585 0.03779412 0.07236888
v 0.03912187 0.03406560 0.07253717
v 0.04227905 0.03000430 0.07269794
v 0.04730694 0.02104869 0.07299360
v 0.04501650 0.02565091 0.07285036
v 0.04912917 0.01624390 0.07312692
v 0.05046510 0.01128403 0.07324958
v 0.05130333 0.00621825 0.07336097
v 0.05163593 0.00109633 0.07346054
v 0.05146135 -0.00403157 0.07354779
v 0.05078135 -0.00911544 0.07362227
v 0.04794180 -0.01895586 0.07373175
v 0.04960433 -0.01410629 0.07368369
v 0.04581072 -0.02361754 0.07376624
v 0.04323169 -0.02804642 0.07378697
v 0.04022993 -0.03220004 0.07379389
v 0.03683466 -0.03603868 0.07378697
v 0.03307823 -0.03952517 0.07376625
v 0.02899654 -0.04262558 0.07373178
v 0.02462890 -0.04530998 0.07368373
v 0.02001703 -0.04755159 0.07362231
v 0.01520556 -0.04932861 0.07354783
v 0.01024042 -0.05062218 0.07346059
v 0.00517003 -0.05141951 0.07336103
v -0.00508837 -0.05149414 0.07312699
v 0.00004366 -0.05171124 0.07324964
v -0.01017562 -0.05076858 0.07299369
v -0.01516778 -0.04954181 0.07285045
v -0.01791175 -0.04991757 0.06479280
v -0.02001505 -0.04782439 0.07269803
v -0.02043744 -0.04890124 0.06479245
v -0.02540034 -0.04655640 0.06479264
v -0.02466927 -0.04563344 0.07253727
v -0.02166363 -0.04840782 0.06479227
v -0.02081501 -0.04874930 0.06479239
v -0.02908395 -0.04299023 0.07236899
v -0.02970182 -0.04392486 0.06479287
v -0.02948693 -0.04408224 0.06479297
v -0.02720317 -0.04546489 0.06479280
v -0.02743651 -0.04047844 0.08570254
v -0.02330966 -0.04293707 0.08603155
v -0.02642615 -0.03894491 0.09105546
v -0.01441716 -0.04653779 0.08665400
v -0.01895467 -0.04496338 0.08634952
v -0.00974422 -0.04764522 0.08694268
v -0.00018532 -0.04842956 0.08746415
v 0.00427463 -0.04617428 0.09306115
v 0.00460446 -0.04810377 0.08769317
v 0.00933801 -0.04730551 0.08789885
v 0.01324866 -0.04413783 0.09349228
v 0.01396979 -0.04604585 0.08807982
v 0.01845539 -0.04433873 0.08823484
v 0.01754745 -0.04247787 0.09365403
v 0.02682449 -0.03966186 0.08846350
v 0.03731284 -0.02986519 0.08859368
v 0.03413749 -0.03346316 0.08857918
v 0.04012795 -0.02597885 0.08857917
v 0.04255639 -0.02183987 0.08853569
v 0.04457432 -0.01748572 0.08846345
v 0.04616253 -0.01295692 0.08836293
v 0.04730449 -0.00829544 0.08823476
v 0.04526359 -0.00781177 0.09364202
v 0.04820221 0.00125037 0.08789874
v 0.04597518 0.00594272 0.09306176
v 0.04794425 0.00604383 0.08769305
v 0.04721301 0.01078865 0.08746401
v 0.04601341 0.01543760 0.08721324
v 0.04435394 0.01994363 0.08694252
v 0.04224986 0.02426053 0.08665383
v 0.03971981 0.02834300 0.08634934
v 0.03678880 0.03214840 0.08603137
v 0.03221888 0.03432218 0.09104866
v 0.03348593 0.03563650 0.08570234
v 0.03461096 0.03679748 0.07942107
v -0.02403721 -0.04438350 0.07969883
v -0.01951840 -0.04649368 0.07996515
v -0.01481252 -0.04814062 0.08021856
v -0.00996719 -0.04930817 0.08045749
v -0.00503142 -0.04998694 0.08068045
v -0.00005463 -0.05017091 0.08088614
v 0.00491413 -0.04986095 0.08107331
v 0.00982607 -0.04906138 0.08124092
v 0.01463379 -0.04778244 0.08138800
v 0.01929090 -0.04603750 0.08151374
v 0.02375378 -0.04384564 0.08161753
v 0.02798025 -0.04122865 0.08169878
v 0.03193079 -0.03821260 0.08175711
v 0.03556807 -0.03482625 0.08179222
v 0.03885844 -0.03110231 0.08180391
v 0.04177126 -0.02707613 0.08179219
v 0.04427870 -0.02278546 0.08175708
v 0.04635621 -0.01827022 0.08169873
v 0.04798390 -0.01357318 0.08161746
v 0.04914499 -0.00873857 0.08151367
v 0.04982750 -0.00381235 0.08138792
v 0.05002229 0.00115876 0.08124082
v 0.04972656 0.00612656 0.08107321
v 0.04894068 0.01104254 0.08088602
v 0.04767107 0.01585820 0.08068035
v 0.04592767 0.02052543 0.08045734
v 0.04372716 0.02499736 0.08021842
v 0.04108946 0.02922823 0.07996500
v 0.03804073 0.03317510 0.07969867
v 0.00347853 0.04792712 0.08914879
v 0.00408336 0.04778230 0.08925106
v 0.00408551 0.04779359 0.08923413
v 0.00214756 0.04815355 0.08906758
v 0.00184524 0.04818998 0.08904950
v -0.00011857 0.04842658 0.08893200
v -0.00439915 0.04887299 0.08874946
v -0.00378993 0.04886892 0.08871236
v -0.00439915 0.04887299 0.08874946
v -0.00439910 0.04887368 0.08874831
v -0.00440080 0.04884753 0.08879014
v -0.02232214 0.02631595 0.10125210
v -0.02462734 0.02360477 0.10105421
v -0.02216715 0.02613323 0.10101430
v -0.02217712 0.02614497 0.10106730
v -0.03428640 -0.00000016 0.10106750
v -0.03426821 -0.00000016 0.10099840
v -0.03424149 0.00056284 0.10099950
v -0.03432042 -0.00000016 0.10113031
v -0.03428172 0.00056419 0.10106740
v -0.03436835 -0.00000017 0.10118341
v -0.03431573 0.00056475 0.10113031
v -0.03442745 -0.00000017 0.10122361
v -0.03436365 0.00056554 0.10118330
v -0.03449439 -0.00000018 0.10124860
v -0.03442276 0.00056651 0.10122351
v -0.03448971 0.00056762 0.10124860
v -0.03418577 0.00173707 0.10100181
v -0.03424243 0.00173982 0.10106840
v -0.03331195 0.00738130 0.10104741
v -0.03313549 0.00878243 0.10112890
v -0.03385460 0.00529004 0.10110781
v -0.03411409 0.00324747 0.10100471
v -0.03402287 0.00371757 0.10100960
v -0.03372248 0.00526559 0.10102550
v -0.03237035 0.01094349 0.10108230
v -0.03204803 0.01222263 0.10114570
v -0.03285056 0.00975900 0.10107191
v -0.03304405 0.00876189 0.10106161
v -0.03187927 0.01215478 0.10109291
v -0.03154663 0.01297524 0.10110010
v -0.03172205 0.01304660 0.10115161
v -0.02807802 0.01938586 0.10110210
v -0.02822851 0.01948504 0.10115430
v -0.02923122 0.01762138 0.10111391
v -0.03015152 0.01635354 0.10116401
v -0.03098280 0.01436597 0.10111230
v -0.03036844 0.01588135 0.10112561
v -0.03008592 0.01631361 0.10112271
v -0.02720078 0.02072810 0.10109311
v -0.02673931 0.02143419 0.10108841
v -0.02596822 0.02238159 0.10114081
v -0.02588892 0.02230818 0.10107461
v -0.02474330 0.02371677 0.10113111
v -0.02475683 0.02347170 0.10105630
v -0.03427650 0.00174157 0.10113100
v -0.03432436 0.00174401 0.10118371
v -0.03391372 0.00530075 0.10114161
v -0.03396076 0.00530818 0.10119011
v -0.03318741 0.00879438 0.10116270
v -0.03323199 0.00880640 0.10120270
v -0.03208266 0.01223603 0.10118410
v -0.03212305 0.01225169 0.10121531
v -0.03175612 0.01306080 0.10118801
v -0.03179548 0.01307720 0.10121760
v -0.03018334 0.01637082 0.10119630
v -0.03021932 0.01639036 0.10122240
v -0.02825888 0.01950579 0.10118991
v -0.02829379 0.01952966 0.10121860
v -0.02600676 0.02241688 0.10117000
v -0.02604127 0.02244631 0.10120701
v -0.02478447 0.02375658 0.10115780
v -0.02481825 0.02378870 0.10119980
v -0.03438330 0.00174703 0.10122371
v -0.03401739 0.00531713 0.10122671
v -0.03328346 0.00882028 0.10123250
v -0.03216800 0.01226909 0.10123830
v -0.03183894 0.01309531 0.10123931
v -0.03025852 0.01641164 0.10124151
v -0.02833222 0.01955593 0.10123981
v -0.02608059 0.02247987 0.10123450
v -0.02485762 0.02382614 0.10123121
v -0.03444999 0.00175043 0.10124871
v -0.03408070 0.00532714 0.10124940
v -0.03333970 0.00883544 0.10125091
v -0.03221602 0.01228769 0.10125241
v -0.03188521 0.01311460 0.10125261
v -0.03029992 0.01643412 0.10125320
v -0.02837307 0.01958386 0.10125281
v -0.02612322 0.02251623 0.10125141
v -0.02490086 0.02386726 0.10125061
v -0.02231370 0.02630599 0.10124791
v -0.02218135 0.02614997 0.10107921
v -0.02220067 0.02617275 0.10113360
v -0.02223417 0.02621224 0.10118860
v -0.02223420 0.02621227 0.10118860
v -0.02227556 0.02626103 0.10122900
v -0.03366706 -0.00721063 0.10122681
v -0.03372964 -0.00722400 0.10124940
v -0.03328144 -0.00906964 0.10124791
v -0.03396573 -0.00454526 0.10101430
v -0.03402792 -0.00361085 0.10101101
v -0.03409723 -0.00361628 0.10107631
v -0.03343652 -0.00716220 0.10101440
v -0.03352980 -0.00718130 0.10108411
v -0.03306283 -0.00901007 0.10101440
v -0.03307773 -0.00901413 0.10106731
v -0.03329404 -0.00907309 0.10125210
v -0.03322457 -0.00905414 0.10122900
v -0.03316286 -0.00903734 0.10118860
v -0.03361108 -0.00719867 0.10119041
v -0.03316285 -0.00903734 0.10118860
v -0.03356452 -0.00718872 0.10114200
v -0.03311286 -0.00902370 0.10113360
v -0.03308407 -0.00901587 0.10107931
v -0.03430228 -0.00363818 0.10124901
v -0.03423725 -0.00363124 0.10122531
v -0.03417942 -0.00362505 0.10118711
v -0.03413189 -0.00361997 0.10113650
v -0.03402792 -0.00361085 0.10101101
v -0.00414142 0.03425872 0.10125210
v 0.00000018 0.03450830 0.10125081
v -0.00413278 0.03418723 0.10122900
v -0.00412510 0.03412374 0.10118860
v 0.00000018 0.03437220 0.10118860
v 0.00000018 0.03442993 0.10122600
v 0.00000018 0.03443638 0.10122831
v 0.00000018 0.03449466 0.10124920
v -0.00411888 0.03407229 0.10113360
v -0.00411472 0.03403814 0.10106470
v 0.00000018 0.03428516 0.10106691
v 0.00000018 0.03428931 0.10108001
v 0.00000018 0.03432098 0.10113321
v 0.00000018 0.03432448 0.10113910
v 0.00000018 0.03426852 0.10101451
v -0.00411266 0.03402081 0.10101451
v -0.00599505 0.03374000 0.10101451
v -0.00603010 0.03373196 0.10101451
v -0.01180440 0.03217116 0.10101451
v -0.00933834 0.03297156 0.10101451
v -0.00934294 0.03298781 0.10106470
v -0.01434517 0.03114002 0.10106470
v -0.01433810 0.03112468 0.10101451
v -0.01187192 0.03214327 0.10101451
v -0.01459545 0.03100483 0.10101451
v -0.01899101 0.02852486 0.10101451
v -0.01734404 0.02955167 0.10101451
v -0.01900074 0.02853940 0.10106470
v -0.01725239 0.02960880 0.10101451
v -0.02216715 0.02613323 0.10101430
v -0.01901975 0.02856802 0.10113360
v -0.01912381 0.02872434 0.10125210
v -0.01908391 0.02866440 0.10122900
v -0.01904846 0.02861116 0.10118860
v -0.02223420 0.02621227 0.10118860
v -0.02223417 0.02621224 0.10118860
v -0.01435980 0.03117178 0.10113360
v -0.01438148 0.03121885 0.10118860
v -0.01440824 0.03127694 0.10122900
v -0.01443836 0.03134234 0.10125210
v -0.01187192 0.03214327 0.10101451
v -0.00935246 0.03302145 0.10113360
v -0.00936659 0.03307131 0.10118860
v -0.00938401 0.03313284 0.10122900
v -0.00940364 0.03320212 0.10125210
v -0.03225257 -0.01188368 0.10118860
v -0.03238014 -0.01193069 0.10125210
v 0.00000018 -0.03450860 0.10125081
v -0.00326622 -0.03435351 0.10125210
v -0.03215528 -0.01184784 0.10101451
v -0.03216976 -0.01185318 0.10106731
v -0.03115326 -0.01401421 0.10101451
v -0.02986330 -0.01683977 0.10106730
v -0.02984985 -0.01683220 0.10101451
v -0.02843095 -0.01893468 0.10101451
v -0.02678989 -0.02139391 0.10106730
v -0.02677783 -0.02138426 0.10101451
v -0.02496906 -0.02331001 0.10101451
v -0.02302847 -0.02539861 0.10106730
v -0.02301810 -0.02538716 0.10101451
v -0.02081353 -0.02708507 0.10101451
v -0.01867564 -0.02875104 0.10106730
v -0.01866724 -0.02873808 0.10101451
v -0.01612536 -0.03011311 0.10101451
v -0.01384321 -0.03136510 0.10106730
v -0.01383697 -0.03135100 0.10101451
v -0.01097768 -0.03234776 0.10101451
v -0.00865524 -0.03317369 0.10106730
v -0.00865134 -0.03315874 0.10101451
v -0.00557107 -0.03370340 0.10101451
v -0.00324500 -0.03413032 0.10106730
v -0.00324353 -0.03411494 0.10101451
v 0.00000018 -0.03428546 0.10106691
v 0.00000018 -0.03426881 0.10101451
v -0.00324844 -0.03416656 0.10113360
v 0.00000018 -0.03432129 0.10113321
v 0.00000018 -0.03428960 0.10108001
v -0.00325335 -0.03421817 0.10118860
v 0.00000018 -0.03437250 0.10118860
v 0.00000018 -0.03432478 0.10113910
v 0.00000018 -0.03443024 0.10122600
v 0.00000018 -0.03449496 0.10124920
v 0.00000018 -0.03443669 0.10122831
v -0.00325940 -0.03428183 0.10122900
v -0.00871184 -0.03339062 0.10125210
v -0.01393373 -0.03157022 0.10125210
v -0.01879778 -0.02893904 0.10125210
v -0.02317907 -0.02556470 0.10125210
v -0.02696508 -0.02153380 0.10125210
v -0.03005859 -0.01694989 0.10125210
v -0.03231258 -0.01190579 0.10122900
v -0.03316286 -0.00903734 0.10118860
v -0.03220394 -0.01186577 0.10113360
v -0.03316285 -0.00903734 0.10118860
v -0.02989502 -0.01685767 0.10113360
v -0.02681834 -0.02141661 0.10113360
v -0.02305293 -0.02542557 0.10113360
v -0.01869548 -0.02878157 0.10113360
v -0.01385790 -0.03139842 0.10113360
v -0.00866443 -0.03320892 0.10113360
v -0.00324844 -0.03416656 0.10113360
v -0.03225257 -0.01188368 0.10118860
v -0.02994016 -0.01688312 0.10118860
v -0.02685884 -0.02144896 0.10118860
v -0.02308775 -0.02546397 0.10118860
v -0.01872372 -0.02882504 0.10118860
v -0.01387884 -0.03144583 0.10118860
v -0.00867751 -0.03325906 0.10118860
v 0.00000018 -0.03432478 0.10113910
v -0.02999587 -0.01691452 0.10122900
v -0.02690881 -0.02148886 0.10122900
v -0.02313070 -0.02551134 0.10122900
v -0.01875856 -0.02887866 0.10122900
v -0.01390466 -0.03150433 0.10122900
v -0.00869366 -0.03332095 0.10122900
v 0.02465469 -0.02376248 0.10101451
v 0.02468984 -0.02379485 0.10108001
v 0.02518752 -0.02326740 0.10108001
v 0.00279346 0.03431644 0.10122600
v 0.00277799 0.03411304 0.10101451
v 0.00278206 0.03417628 0.10108001
v 0.00278491 0.03421134 0.10113910
v 0.00279871 0.03438095 0.10124920
v 0.00634405 0.03362768 0.10101451
v 0.00635587 0.03369514 0.10108001
v 0.00382437 0.03405447 0.10101451
v 0.00667905 0.03357093 0.10101451
v 0.00760410 0.03341424 0.10101451
v 0.00988332 0.03283414 0.10108001
v 0.01309395 0.03161096 0.10101451
v 0.01394031 0.03132780 0.10108001
v 0.01132399 0.03234351 0.10101451
v 0.01057547 0.03261780 0.10108001
v 0.01055918 0.03256366 0.10101451
v 0.00986288 0.03276408 0.10101451
v 0.01711720 0.02963319 0.10101451
v 0.01715027 0.02969229 0.10108001
v 0.01484601 0.03088582 0.10101451
v 0.01391609 0.03127069 0.10101451
v 0.01820233 0.02903471 0.10101451
v 0.01901466 0.02845909 0.10101451
v 0.02019453 0.02771185 0.10108001
v 0.02348319 0.02490243 0.10101451
v 0.02352421 0.02494754 0.10108001
v 0.02136060 0.02679675 0.10101451
v 0.02077606 0.02727860 0.10108001
v 0.02074356 0.02723399 0.10101451
v 0.02015240 0.02765289 0.10101451
v 0.02420477 0.02425845 0.10101451
v 0.02423022 0.02423004 0.10101451
v 0.02601187 0.02234172 0.10108001
v 0.02596174 0.02229740 0.10101451
v 0.02676213 0.02140405 0.10101451
v 0.02822898 0.01946526 0.10108001
v 0.02817019 0.01942382 0.10101451
v 0.02863432 0.01886393 0.10108001
v 0.02846076 0.01901519 0.10101451
v 0.02859005 0.01883337 0.10101451
v 0.02900528 0.01824939 0.10101451
v 0.03045596 0.01575462 0.10108001
v 0.03161086 0.01309332 0.10101451
v 0.03194084 0.01247227 0.10108001
v 0.03085298 0.01491448 0.10101451
v 0.03040329 0.01572612 0.10101451
v 0.03187970 0.01244732 0.10101451
v 0.03232525 0.01137664 0.10101451
v 0.03308085 0.00902408 0.10108001
v 0.03357004 0.00667842 0.10101451
v 0.03395404 0.00478548 0.10108001
v 0.03326428 0.00832249 0.10108001
v 0.03301225 0.00900455 0.10101451
v 0.03321378 0.00830865 0.10101451
v 0.03326428 0.00832249 0.10108001
v 0.03340208 0.00765851 0.10101451
v 0.03420370 0.00119334 0.10101451
v 0.03426875 0.00119665 0.10108001
v 0.03404616 0.00390030 0.10101451
v 0.03389605 0.00477617 0.10101451
v 0.03426876 0.00007531 0.10101451
v 0.03426467 0.00000007 0.10101451
v 0.03420313 -0.00243451 0.10108001
v 0.03357311 -0.00667938 0.10101451
v 0.03362409 -0.00672322 0.10108001
v 0.03405865 -0.00378994 0.10101451
v 0.03414398 -0.00315728 0.10108001
v 0.03409323 -0.00315373 0.10101451
v 0.03413256 -0.00243033 0.10101451
v 0.03356743 -0.00671304 0.10101451
v 0.03342668 -0.00755068 0.10101451
v 0.03273314 -0.01021390 0.10108001
v 0.03160980 -0.01309340 0.10101451
v 0.03146928 -0.01361864 0.10108001
v 0.03237504 -0.01123447 0.10101451
v 0.03267156 -0.01019580 0.10101451
v 0.02945426 -0.01744621 0.10101451
v 0.02950330 -0.01747392 0.10108001
v 0.03090149 -0.01481401 0.10101451
v 0.03117424 -0.01428110 0.10108001
v 0.03112892 -0.01426157 0.10101451
v 0.03140469 -0.01359166 0.10101451
v 0.02906395 -0.01815611 0.10101451
v 0.02845870 -0.01901424 0.10101451
v 0.02750712 -0.02047293 0.10108001
v 0.02745580 -0.02043608 0.10101451
v 0.02685611 -0.02128630 0.10101451
v 0.02513601 -0.02322109 0.10101451
v 0.02428414 -0.02417929 0.10101451
v 0.02422908 -0.02422875 0.10101451
v 0.02205625 -0.02625459 0.10108001
v 0.01914426 -0.02837293 0.10101451
v 0.01917992 -0.02842381 0.10108001
v 0.02144651 -0.02672835 0.10101451
v 0.02201998 -0.02621320 0.10101451
v 0.01901742 -0.02846353 0.10101451
v 0.01832999 -0.02895459 0.10101451
v 0.01606609 -0.03029295 0.10108001
v 0.01309381 -0.03161139 0.10101451
v 0.01212255 -0.03207529 0.10108001
v 0.01542187 -0.03062593 0.10108001
v 0.01603315 -0.03023291 0.10101451
v 0.01540018 -0.03058519 0.10101451
v 0.01494759 -0.03083708 0.10101451
v 0.00867379 -0.03311137 0.10101451
v 0.00869035 -0.03317013 0.10108001
v 0.01142738 -0.03230743 0.10101451
v 0.01210250 -0.03202545 0.10101451
v 0.00359735 -0.03406155 0.10101451
v 0.00360056 -0.03410007 0.10108001
v 0.00393611 -0.03404204 0.10101451
v 0.00513335 -0.03390321 0.10108001
v 0.00775137 -0.03338069 0.10101451
v 0.00667810 -0.03356673 0.10101451
v 0.00512222 -0.03383642 0.10101451
v 0.00638193 0.03383333 0.10122600
v 0.00639394 0.03389693 0.10124920
v 0.00992385 0.03296879 0.10122600
v 0.00994250 0.03303078 0.10124920
v 0.01061885 0.03275156 0.10122600
v 0.01063881 0.03281314 0.10124920
v 0.01399748 0.03145627 0.10122600
v 0.01402379 0.03151541 0.10124920
v 0.01722061 0.02981407 0.10122600
v 0.01725298 0.02987013 0.10124920
v 0.02027735 0.02782551 0.10122600
v 0.02031547 0.02787782 0.10124920
v 0.02086126 0.02739047 0.10122600
v 0.02090048 0.02744197 0.10124920
v 0.02362068 0.02504985 0.10122600
v 0.02366510 0.02509695 0.10124920
v 0.02611855 0.02243335 0.10122600
v 0.02616765 0.02247553 0.10124920
v 0.02834475 0.01954509 0.10122600
v 0.02839804 0.01958183 0.10124920
v 0.02875174 0.01894130 0.10122600
v 0.02880580 0.01897691 0.10124920
v 0.03058086 0.01581924 0.10122600
v 0.03063836 0.01584898 0.10124920
v 0.03207183 0.01252342 0.10122600
v 0.03213212 0.01254697 0.10124920
v 0.03321652 0.00906110 0.10122600
v 0.03327896 0.00907812 0.10124920
v 0.03340071 0.00835662 0.10122600
v 0.03346350 0.00837233 0.10124920
v 0.03409329 0.00480511 0.10122600
v 0.03415740 0.00481413 0.10124920
v 0.03440928 0.00120155 0.10122600
v 0.03447397 0.00120382 0.10124920
v 0.03434337 -0.00244450 0.10122600
v 0.03440796 -0.00244909 0.10124920
v 0.03428402 -0.00317023 0.10122600
v 0.03434847 -0.00317619 0.10124920
v 0.03376198 -0.00675078 0.10122600
v 0.03382546 -0.00676347 0.10124920
v 0.03286738 -0.01025578 0.10122600
v 0.03292917 -0.01027507 0.10124920
v 0.03159833 -0.01367450 0.10122600
v 0.03165774 -0.01370021 0.10124920
v 0.03130209 -0.01433966 0.10122600
v 0.03136093 -0.01436662 0.10124920
v 0.02962430 -0.01754559 0.10122600
v 0.02968000 -0.01757858 0.10124920
v 0.02761994 -0.02055689 0.10122600
v 0.02767186 -0.02059554 0.10124920
v 0.02529081 -0.02336282 0.10122600
v 0.02533836 -0.02340675 0.10124920
v 0.02479109 -0.02389244 0.10122600
v 0.02483771 -0.02393735 0.10124920
v 0.02214671 -0.02636227 0.10122600
v 0.02218836 -0.02641184 0.10124920
v 0.01925858 -0.02854038 0.10122600
v 0.01929479 -0.02859404 0.10124920
v 0.01613198 -0.03041718 0.10122600
v 0.01616230 -0.03047437 0.10124920
v 0.01548512 -0.03075153 0.10122600
v 0.01551424 -0.03080933 0.10124920
v 0.01217227 -0.03220683 0.10122600
v 0.01219515 -0.03226739 0.10124920
v 0.00872599 -0.03330617 0.10122600
v 0.00874239 -0.03336879 0.10124920
v 0.00515440 -0.03404225 0.10122600
v 0.00516410 -0.03410626 0.10124920
v 0.00361533 -0.03423991 0.10122600
v 0.00362212 -0.03430427 0.10124920
v 0.00636239 0.03372970 0.10113910
v 0.00989345 0.03286782 0.10113910
v 0.01058633 0.03265125 0.10113910
v 0.01395461 0.03135993 0.10113910
v 0.01716787 0.02972276 0.10113910
v 0.02021525 0.02774029 0.10113910
v 0.02079737 0.02730659 0.10113910
v 0.02354834 0.02497314 0.10113910
v 0.02603855 0.02236464 0.10113910
v 0.02825795 0.01948523 0.10113910
v 0.02866368 0.01888329 0.10113910
v 0.03048720 0.01577079 0.10113910
v 0.03197361 0.01248507 0.10113910
v 0.03311478 0.00903334 0.10113910
v 0.03329841 0.00833102 0.10113910
v 0.03398889 0.00479039 0.10113910
v 0.03430391 0.00119787 0.10113910
v 0.03423821 -0.00243701 0.10113910
v 0.03417901 -0.00316052 0.10113910
v 0.03365859 -0.00673012 0.10113910
v 0.03276671 -0.01022438 0.10113910
v 0.03150156 -0.01363261 0.10113910
v 0.03120621 -0.01429575 0.10113910
v 0.02953356 -0.01749185 0.10113910
v 0.02753536 -0.02049393 0.10113910
v 0.02521336 -0.02329126 0.10113910
v 0.02471516 -0.02381926 0.10113910
v 0.02207888 -0.02628154 0.10113910
v 0.01919960 -0.02845297 0.10113910
v 0.01608257 -0.03032402 0.10113910
v 0.01543770 -0.03065735 0.10113910
v 0.01213499 -0.03210820 0.10113910
v 0.00869927 -0.03320416 0.10113910
v 0.00513861 -0.03393800 0.10113910
v 0.00360425 -0.03413505 0.10113910
v 0.00278878 0.03425889 0.10118860
v 0.00637123 0.03377658 0.10118860
v 0.00990721 0.03291350 0.10118860
v 0.01060104 0.03269664 0.10118860
v 0.01397401 0.03140352 0.10118860
v 0.01719173 0.02976408 0.10118860
v 0.02024334 0.02777885 0.10118860
v 0.02082628 0.02734454 0.10118860
v 0.02358108 0.02500784 0.10118860
v 0.02607474 0.02239573 0.10118860
v 0.02829722 0.01951231 0.10118860
v 0.02870353 0.01890954 0.10118860
v 0.03052958 0.01579271 0.10118860
v 0.03201805 0.01250243 0.10118860
v 0.03316081 0.00904589 0.10118860
v 0.03334469 0.00834260 0.10118860
v 0.03403613 0.00479704 0.10118860
v 0.03435159 0.00119955 0.10118860
v 0.03428581 -0.00244040 0.10118860
v 0.03422653 -0.00316491 0.10118860
v 0.03370538 -0.00673946 0.10118860
v 0.03281225 -0.01023859 0.10118860
v 0.03154534 -0.01365157 0.10118860
v 0.03124960 -0.01431561 0.10118860
v 0.02957462 -0.01751618 0.10118860
v 0.02757362 -0.02052242 0.10118860
v 0.02524841 -0.02332364 0.10118860
v 0.02474952 -0.02385237 0.10118860
v 0.02210957 -0.02631809 0.10118860
v 0.01922629 -0.02849252 0.10118860
v 0.01610493 -0.03036618 0.10118860
v 0.01545915 -0.03069997 0.10118860
v 0.01215186 -0.03215283 0.10118860
v 0.00871136 -0.03325032 0.10118860
v 0.00514576 -0.03398515 0.10118860
v 0.00360926 -0.03418249 0.10118860
v 0.00000018 -0.03432478 0.10113910
v -0.02304889 -0.02879492 0.10123430
v -0.02304636 -0.02879175 0.10123481
v -0.02575861 -0.02639206 0.10123581
v -0.03419982 -0.01464822 0.10105091
v -0.03256747 -0.01790936 0.10104310
v -0.03247933 -0.01786308 0.10117531
v -0.03646992 0.00680815 0.10118641
v -0.03563301 0.01034972 0.10118841
v -0.03577354 0.01039345 0.10108420
v -0.02897675 0.02319435 0.10118310
v -0.02911414 0.02330431 0.10111851
v -0.03125535 0.02034132 0.10111941
v -0.02912905 0.02331626 0.10111151
v -0.03125636 0.02034105 0.10102531
v -0.02917739 0.02335495 0.10107570
v -0.03455830 0.01383240 0.10107611
v -0.03307658 0.01717420 0.10109830
v -0.03323169 0.01716673 0.10102131
v -0.03126932 0.02032136 0.10102531
v -0.03445165 0.01379141 0.10118970
v -0.03293870 0.01710075 0.10119081
v -0.03110880 0.02024590 0.10119240
v -0.03709060 0.00321664 0.10106801
v -0.03695483 0.00320139 0.10118381
v -0.03658325 0.00682690 0.10106811
v -0.03588396 0.01042788 0.10101111
v -0.03592214 0.01024947 0.10101070
v -0.03669736 0.00662624 0.10100230
v -0.03719363 0.00298288 0.10099341
v -0.03685452 -0.00406793 0.10117921
v -0.03708275 -0.00043556 0.10118140
v -0.03720114 -0.00043983 0.10105741
v -0.03467265 0.01372768 0.10101651
v -0.03698048 -0.00407873 0.10105430
v -0.03702216 -0.00437920 0.10097581
v -0.03648016 -0.00770938 0.10097641
v -0.03544794 -0.01121014 0.10104401
v -0.03540447 -0.01154658 0.10096531
v -0.03644713 -0.00802744 0.10096931
v -0.03068803 -0.02104562 0.10105520
v -0.03244971 -0.01825041 0.10096131
v -0.03061300 -0.02143146 0.10096061
v -0.02844127 -0.02392096 0.10104361
v -0.03418365 -0.01502124 0.10096231
v -0.03057037 -0.02096240 0.10117521
v -0.02836732 -0.02386003 0.10117541
v -0.02589068 -0.02652745 0.10117570
v -0.02599566 -0.02663622 0.10106280
v -0.02327163 -0.02907346 0.10107760
v -0.03516448 -0.01112329 0.10123601
v -0.03666825 -0.00404728 0.10123671
v -0.03231350 -0.01777178 0.10123571
v -0.02822251 -0.02373814 0.10123571
v -0.03407562 -0.01459183 0.10117570
v -0.03095600 0.02014648 0.10124010
v -0.03277670 0.01701666 0.10123961
v -0.02883587 0.02308157 0.10123540
v -0.02883825 0.02308349 0.10123501
v -0.02887983 0.02311677 0.10122870
v -0.02897568 0.02319349 0.10118361
v -0.03677029 0.00318547 0.10123791
v -0.03628881 0.00677442 0.10123851
v -0.03545679 0.01029860 0.10123900
v -0.03428183 0.01372348 0.10123931
v -0.02585346 -0.02700142 0.10096241
v -0.02825673 -0.02423750 0.10096151
v -0.02332496 -0.02914011 0.10102311
v -0.03728495 -0.00071390 0.10098371
v -0.03534442 -0.01118031 0.10117641
v -0.02327163 -0.02907346 0.10107760
v -0.02326941 -0.02907068 0.10107981
v -0.02320244 -0.02898698 0.10114821
v -0.02305271 -0.02879970 0.10123360
v -0.01867058 -0.03202737 0.10117490
v -0.01857645 -0.03187064 0.10123411
v -0.00588003 0.03641928 0.10122841
v -0.01116381 0.03517665 0.10123140
v -0.01113395 0.03509106 0.10124930
v -0.02106535 0.03093544 0.10101630
v -0.02114810 0.03080061 0.10106681
v 0.00497873 0.03687807 0.10107531
v 0.01033975 0.03574078 0.10107421
v 0.01037016 0.03582818 0.10102491
v 0.01785745 -0.03284102 0.10099370
v 0.01793797 -0.03263974 0.10110411
v 0.03721562 0.00272963 0.10105170
v 0.03711929 0.00272086 0.10109851
v 0.03719521 0.00135216 0.10109890
v 0.02673773 -0.02615968 0.10099501
v 0.02663393 -0.02602371 0.10110501
v -0.00366209 -0.03719540 0.10098430
v -0.00320774 -0.03711026 0.10109360
v 0.00742097 -0.03662953 0.10099051
v 0.00769637 -0.03644461 0.10110061
v -0.01440871 -0.03445819 0.10097461
v -0.01383562 -0.03458003 0.10108610
v -0.00047926 0.03735258 0.10100300
v 0.00500675 0.03701255 0.10099830
v 0.00353129 0.03721604 0.10096451
v -0.00015304 0.03739286 0.10096891
v -0.02091908 -0.03093184 0.10096731
v -0.01875631 -0.03217395 0.10108510
v -0.02326941 -0.02907068 0.10107981
v -0.00861477 -0.03623668 0.10108990
v -0.01092310 -0.03572067 0.10097821
v -0.01775588 -0.03286433 0.10097091
v 0.00226879 -0.03718027 0.10109730
v 0.00004434 -0.03736952 0.10098640
v 0.01295730 -0.03492006 0.10110290
v 0.01101898 -0.03571490 0.10099190
v 0.00375159 -0.03719089 0.10098861
v -0.00732953 -0.03663508 0.10098160
v 0.02252986 -0.02965262 0.10110480
v 0.02103912 -0.03092098 0.10099411
v 0.02920927 -0.02338100 0.10099520
v 0.03016144 -0.02183191 0.10110470
v 0.02400549 -0.02868100 0.10099480
v 0.03303576 -0.01716785 0.10110400
v 0.03325258 -0.01714844 0.10099491
v 0.03478372 -0.01376001 0.10099450
v 0.03519441 -0.01213216 0.10110321
v 0.03724724 0.00275565 0.10101320
v 0.03712839 0.00410427 0.10101461
v 0.03729170 0.00135764 0.10105210
v 0.03682596 -0.00662099 0.10099321
v 0.03659078 -0.00683437 0.10110190
v 0.03729645 -0.00293373 0.10099160
v 0.03719531 -0.00138905 0.10109990
v 0.03739779 0.00078097 0.10098980
v 0.03598229 -0.01024220 0.10099380
v 0.03138666 -0.02036513 0.10099460
v 0.03682784 0.00406724 0.10118050
v 0.03702921 -0.00138275 0.10118190
v 0.01450688 -0.03444256 0.10099300
v 0.03613283 0.00950996 0.10102190
v 0.03648752 0.00814367 0.10098651
v 0.03434335 0.01470901 0.10101770
v 0.03415021 0.01517830 0.10098130
v 0.03248306 0.01849260 0.10097840
v 0.03180835 0.01958816 0.10101410
v 0.03548895 0.01171822 0.10098400
v 0.02858506 0.02404258 0.10100880
v 0.02818119 0.02452538 0.10097120
v 0.02561397 0.02720104 0.10096720
v 0.02474084 0.02797393 0.10100431
v 0.02204351 0.03018926 0.10097251
v 0.02498307 0.02782239 0.10096630
v 0.02066995 0.03111442 0.10096220
v 0.02036376 0.03130453 0.10099900
v 0.03708905 0.00409788 0.10105140
v 0.03608286 0.00949672 0.10104880
v 0.03429557 0.01468956 0.10104490
v 0.03176372 0.01956291 0.10104140
v 0.02854441 0.02401201 0.10103640
v 0.02470504 0.02793877 0.10103221
v 0.02033346 0.03126550 0.10102720
v 0.01551988 0.03391405 0.10102540
v 0.01554409 0.03395603 0.10099730
v 0.03048121 0.02161617 0.10097500
v 0.01547669 0.03383079 0.10107460
v 0.02027830 0.03118831 0.10107611
v 0.02470504 0.02793877 0.10103221
v 0.02463906 0.02786945 0.10108040
v 0.02846893 0.02395209 0.10108420
v 0.03168045 0.01951377 0.10108880
v 0.03420617 0.01465215 0.10109201
v 0.03598915 0.00947176 0.10109560
v 0.03699301 0.00408584 0.10109810
v -0.02543843 0.02737476 0.10107231
v -0.02538275 0.02731310 0.10111610
v -0.02110247 0.03073024 0.10111101
v -0.01640134 0.03355933 0.10105951
v -0.01636692 0.03348173 0.10110470
v -0.01129932 0.03558768 0.10104901
v -0.01127697 0.03550428 0.10109540
v -0.00595459 0.03684461 0.10103801
v -0.00594505 0.03675730 0.10108581
v -0.00048329 0.03730752 0.10103030
v -0.00048702 0.03721802 0.10107901
v 0.00499584 0.03696751 0.10102610
v 0.01038786 0.03587218 0.10099681
v 0.00717470 0.03667641 0.10096170
v 0.00500675 0.03701255 0.10099830
v -0.00595747 0.03688864 0.10101150
v -0.01788588 0.03285451 0.10101060
v -0.01107345 0.03571977 0.10099321
v -0.01130890 0.03562977 0.10102360
v -0.01454213 0.03444304 0.10100271
v -0.00748850 0.03661558 0.10098330
v -0.00383698 0.03716526 0.10097520
v 0.01420285 0.03455221 0.10096030
v 0.01751713 0.03297998 0.10096110
v 0.01074554 0.03579526 0.10096041
v -0.02526536 0.02718753 0.10118880
v 0.03658611 0.00404323 0.10125110
v 0.03559366 0.00936664 0.10125071
v 0.03480670 0.01195925 0.10125040
v 0.03383106 0.01448692 0.10125010
v 0.03133418 0.01929205 0.10124950
v 0.02815905 0.02367831 0.10124881
v 0.02437326 0.02755036 0.10124820
v 0.02006215 0.03082999 0.10124750
v 0.01531524 0.03344132 0.10124710
v 0.01023683 0.03532851 0.10124701
v 0.00493690 0.03645194 0.10124701
v -0.00046697 0.03678708 0.10124740
v -0.00317319 0.03665809 0.10124771
v -0.00586281 0.03633108 0.10124820
v -0.02514175 0.02705756 0.10123791
v -0.02090040 0.03044473 0.10123630
v -0.01620774 0.03317210 0.10123440
v -0.00047137 0.03687618 0.10122631
v 0.00494534 0.03653998 0.10122531
v 0.01025791 0.03541362 0.10122520
v 0.01534842 0.03352164 0.10122551
v 0.02010665 0.03090382 0.10122631
v 0.02442802 0.02761601 0.10122800
v 0.02822293 0.02373453 0.10122960
v 0.03140557 0.01933743 0.10123140
v 0.03390840 0.01452055 0.10123270
v -0.01370088 -0.03425661 0.10123401
v -0.00852717 -0.03589908 0.10123501
v -0.00316866 -0.03676512 0.10123620
v 0.00225891 -0.03683459 0.10123740
v 0.01285162 -0.03459529 0.10123900
v 0.00763787 -0.03610562 0.10123841
v 0.01778745 -0.03233598 0.10123931
v 0.02233792 -0.02937648 0.10123931
v 0.02990049 -0.02162796 0.10123880
v 0.02640491 -0.02578108 0.10123920
v 0.03274875 -0.01700690 0.10123830
v 0.03488780 -0.01201758 0.10123780
v 0.03567521 0.00938776 0.10123420
v 0.03666998 0.00405133 0.10123530
v 0.03687047 -0.00137328 0.10123610
v 0.03627144 -0.00676854 0.10123710
v -0.02677233 0.02615521 0.10102540
v -0.02403150 0.02867823 0.10102131
v 0.03582855 0.00942863 0.10117860
v 0.03405370 0.01458544 0.10117591
v 0.03153945 0.01942493 0.10117350
v 0.02834240 0.02384285 0.10117020
v 0.02453004 0.02774250 0.10116740
v 0.02018901 0.03104606 0.10116430
v 0.01540913 0.03367644 0.10116301
v 0.01029545 0.03557767 0.10116250
v 0.00495870 0.03670971 0.10116301
v -0.00048249 0.03704803 0.10116510
v -0.00591578 0.03658946 0.10116941
v -0.01122358 0.03534188 0.10117550
v -0.01629047 0.03332857 0.10118140
v -0.02100456 0.03058940 0.10118551
v -0.01377248 -0.03442319 0.10117511
v -0.00857516 -0.03607251 0.10117730
v -0.00319233 -0.03694203 0.10117981
v 0.00225979 -0.03701146 0.10118220
v 0.00226879 -0.03718027 0.10109730
v 0.00766314 -0.03627885 0.10118431
v 0.01290054 -0.03476114 0.10118570
v 0.01785883 -0.03249104 0.10118641
v 0.02243005 -0.02951749 0.10118670
v 0.02651561 -0.02590509 0.10118660
v 0.03002718 -0.02173239 0.10118610
v 0.03288849 -0.01708962 0.10118541
v 0.03503737 -0.01207689 0.10118460
v 0.03642740 -0.00680326 0.10118351
v 0.03712982 0.00448608 0.10098870
v -0.02305271 -0.02879970 0.10123360
v 0.00485029 0.04506682 0.08664042
v 0.00666600 0.04587248 0.08344202
v 0.00656869 0.04520283 0.08326371
v 0.00339653 0.04351750 0.08881232
v 0.00344427 0.04412924 0.08910830
v 0.00462761 0.04433803 0.08666328
v 0.00504937 0.04452593 0.08592461
v 0.00000018 0.04374814 0.08860466
v 0.00000018 0.04436466 0.08889640
v 0.00140675 0.04368519 0.08869030
v 0.00172455 0.04428084 0.08900213
v 0.00212003 0.04362508 0.08873404
v 0.00185383 0.04426945 0.08901011
v 0.00339653 0.04351750 0.08881232
v 0.00344427 0.04412924 0.08910830
v -0.00368637 0.04369610 0.08838228
v -0.00373847 0.04431351 0.08866948
v -0.00216506 0.04375259 0.08847393
v -0.00186968 0.04437881 0.08878276
v -0.00199681 0.04375883 0.08848407
v -0.00010482 0.04436545 0.08889003
v -0.00552253 0.04539133 0.08553131
v -0.00373847 0.04431351 0.08866948
v -0.00368637 0.04369610 0.08838228
v -0.00660965 0.04520155 0.08324588
v -0.00670758 0.04587121 0.08342379
v -0.00561627 0.04481886 0.08500365
v -0.00509257 0.04451419 0.08592051
v -0.00655982 0.04597060 0.08312394
v -0.00646404 0.04529844 0.08295121
v -0.00653312 0.04597525 0.08312066
v -0.00646273 0.04529871 0.08295086
v -0.00643755 0.04530270 0.08294926
v -0.00656766 0.04596924 0.08312491
v -0.00658103 0.04596691 0.08312655
v -0.00648942 0.04529319 0.08295759
v -0.00658592 0.04596574 0.08312841
v -0.00650725 0.04528951 0.08296209
v -0.00652601 0.04528472 0.08297033
v -0.00658592 0.04596574 0.08312841
v -0.00662498 0.04595633 0.08314326
v -0.00663256 0.04595395 0.08314830
v -0.00653674 0.04528136 0.08297747
v -0.00663394 0.04595351 0.08314920
v -0.00656636 0.04527210 0.08299714
v -0.00666087 0.04594504 0.08316710
v -0.00657781 0.04526767 0.08300802
v -0.00667441 0.04593935 0.08318158
v -0.00658173 0.04526616 0.08301175
v -0.00668865 0.04593335 0.08319680
v -0.00669605 0.04593024 0.08320473
v -0.00660884 0.04525281 0.08304858
v -0.00670573 0.04592416 0.08322274
v -0.00661019 0.04525215 0.08305040
v -0.00670892 0.04592216 0.08322866
v -0.00661936 0.04524601 0.08306916
v -0.00662705 0.04523796 0.08309607
v -0.00672524 0.04590887 0.08327064
v -0.00663270 0.04523204 0.08311587
v -0.00673212 0.04590057 0.08329867
v -0.00663468 0.04522728 0.08313318
v -0.00673212 0.04590056 0.08329873
v -0.00663403 0.04522397 0.08314624
v -0.00673190 0.04589448 0.08332203
v -0.00663222 0.04521488 0.08318232
v -0.00672560 0.04588180 0.08337378
v -0.00671860 0.04587607 0.08339936
v -0.00661972 0.04520643 0.08322162
v -0.00673161 0.04588671 0.08335181
v -0.00672626 0.04588234 0.08337137
v -0.00662883 0.04521147 0.08319729
v -0.00662764 0.04521028 0.08320253
v -0.00660965 0.04520155 0.08324588
v -0.00671742 0.04587511 0.08340365
v -0.00671753 0.04587520 0.08340326
v -0.00327458 0.04632059 0.08312484
v -0.00245223 0.04569088 0.08295392
v -0.00226129 0.04569598 0.08295399
v -0.00008282 0.04643278 0.08312630
v 0.00000018 0.04575642 0.08295483
v 0.00000018 0.04643570 0.08312635
v 0.00639800 0.04530404 0.08296617
v 0.00649298 0.04597658 0.08313794
v 0.00420249 0.04556178 0.08295974
v 0.00337838 0.04630775 0.08312967
v 0.00221911 0.04565364 0.08295743
v 0.00325470 0.04632089 0.08312932
v 0.00667390 0.04587642 0.08342284
v 0.00659286 0.04521795 0.08319263
v 0.00669112 0.04589167 0.08335570
v 0.00659465 0.04522295 0.08317237
v 0.00669248 0.04589390 0.08334648
v 0.00659399 0.04522513 0.08316434
v 0.00658008 0.04520743 0.08323990
v 0.00667621 0.04587758 0.08341720
v 0.00658089 0.04520776 0.08323822
v 0.00668526 0.04588210 0.08339521
v 0.00658700 0.04521297 0.08321492
v 0.00668568 0.04588277 0.08339244
v 0.00668586 0.04588306 0.08339125
v 0.00669191 0.04589556 0.08334047
v 0.00659399 0.04522513 0.08316434
v 0.00668978 0.04590165 0.08331842
v 0.00659060 0.04523620 0.08312355
v 0.00668754 0.04590809 0.08329509
v 0.00658803 0.04523911 0.08311373
v 0.00668528 0.04591002 0.08328894
v 0.00658543 0.04524206 0.08310376
v 0.00668293 0.04591202 0.08328251
v 0.00656839 0.04525408 0.08306660
v 0.00667003 0.04592307 0.08324730
v 0.00666928 0.04592372 0.08324525
v 0.00666634 0.04592540 0.08324036
v 0.00656527 0.04525628 0.08305981
v 0.00665754 0.04593046 0.08322573
v 0.00655418 0.04526198 0.08304378
v 0.00664884 0.04593426 0.08321592
v 0.00653710 0.04526887 0.08302646
v 0.00659347 0.04595474 0.08316735
v 0.00650628 0.04528024 0.08299923
v 0.00662417 0.04594501 0.08318808
v 0.00652019 0.04527568 0.08300930
v 0.00662486 0.04594471 0.08318886
v 0.00663418 0.04594064 0.08319938
v 0.00659248 0.04595505 0.08316669
v 0.00646320 0.04529188 0.08297763
v 0.00659347 0.04595474 0.08316735
v 0.00649735 0.04528265 0.08299473
v 0.00650628 0.04528024 0.08299923
v 0.00652759 0.04597076 0.08314154
v 0.00642440 0.04529948 0.08296939
v 0.00644371 0.04529614 0.08297177
v 0.00659248 0.04595505 0.08316669
v 0.00658142 0.04595856 0.08315924
v 0.00656064 0.04596338 0.08315197
v 0.00645023 0.04529471 0.08297372
v 0.00654555 0.04596688 0.08314669
v 0.00653221 0.04596998 0.08314203
v 0.00651986 0.04597206 0.08314074
v 0.00413948 -0.03365782 0.10051761
v 0.00053110 -0.03390732 0.10051761
v 0.00000018 -0.03426881 0.10101451
v 0.00039843 -0.03390835 0.10051761
v 0.00000018 -0.03391148 0.10051761
v 0.00359735 -0.03406155 0.10101451
v 0.00393611 -0.03404204 0.10101451
v 0.00460636 -0.03359714 0.10051761
v 0.00512222 -0.03383642 0.10101451
v 0.00600782 -0.03332820 0.10051761
v 0.00667810 -0.03356673 0.10101451
v 0.00660700 -0.03321321 0.10051761
v 0.00815767 -0.03291565 0.10051761
v 0.01883187 -0.02818228 0.10051751
v 0.01657777 -0.02952951 0.10051761
v 0.01603315 -0.03023291 0.10101451
v 0.01564674 -0.03008597 0.10051761
v 0.01540018 -0.03058519 0.10101451
v 0.00775137 -0.03338069 0.10101451
v 0.00867379 -0.03311137 0.10101451
v 0.01145959 -0.03188667 0.10051761
v 0.01142738 -0.03230743 0.10101451
v 0.01198602 -0.03172263 0.10051761
v 0.01210250 -0.03202545 0.10101451
v 0.01295856 -0.03128781 0.10051761
v 0.01309381 -0.03161139 0.10101451
v 0.01494759 -0.03083708 0.10101451
v 0.01832999 -0.02895459 0.10101451
v 0.01901742 -0.02846353 0.10101451
v 0.01908876 -0.02802875 0.10051751
v 0.01914426 -0.02837293 0.10101451
v 0.02124425 -0.02636598 0.10051760
v 0.02144651 -0.02672835 0.10101451
v 0.02226378 -0.02557951 0.10051760
v 0.02201998 -0.02621320 0.10101451
v 0.02393873 -0.02393787 0.10051760
v 0.02422908 -0.02422875 0.10101451
v 0.02764000 -0.01964743 0.10051751
v 0.02534595 -0.02250101 0.10051760
v 0.02513601 -0.02322109 0.10101451
v 0.02512756 -0.02277268 0.10051760
v 0.02465469 -0.02376248 0.10101451
v 0.02428414 -0.02417929 0.10101451
v 0.02685611 -0.02128630 0.10101451
v 0.02745580 -0.02043608 0.10101451
v 0.02815922 -0.01881702 0.10051760
v 0.02845870 -0.01901424 0.10101451
v 0.02869274 -0.01796373 0.10051760
v 0.02906395 -0.01815611 0.10101451
v 0.02976590 -0.01624739 0.10051760
v 0.02945426 -0.01744621 0.10101451
v 0.03131070 -0.01297032 0.10051751
v 0.03090149 -0.01481401 0.10101451
v 0.03112892 -0.01426157 0.10101451
v 0.03140469 -0.01359166 0.10101451
v 0.03131148 -0.01296864 0.10051751
v 0.03160980 -0.01309340 0.10101451
v 0.03147572 -0.01262025 0.10051751
v 0.03237504 -0.01123447 0.10101451
v 0.03274529 -0.00881662 0.10051760
v 0.03380374 -0.00201347 0.10051760
v 0.03413256 -0.00243033 0.10101451
v 0.03389969 -0.00089444 0.10051760
v 0.03426467 0.00000007 0.10101451
v 0.03387039 -0.00000150 0.10051760
v 0.03267156 -0.01019580 0.10101451
v 0.03342668 -0.00755068 0.10101451
v 0.03299817 -0.00759333 0.10051760
v 0.03356743 -0.00671304 0.10101451
v 0.03320268 -0.00660410 0.10051760
v 0.03357311 -0.00667938 0.10101451
v 0.03355709 -0.00488970 0.10051760
v 0.03405865 -0.00378994 0.10101451
v 0.03409323 -0.00315373 0.10101451
v 0.03259232 0.00915028 0.10051760
v 0.03301225 0.00900455 0.10101451
v 0.03209731 0.01094286 0.10051760
v 0.03232525 0.01137664 0.10101451
v 0.03127560 0.01295486 0.10051760
v 0.03426876 0.00007531 0.10101451
v 0.03420370 0.00119334 0.10101451
v 0.03376819 0.00311333 0.10051760
v 0.03404616 0.00390030 0.10101451
v 0.03369100 0.00362041 0.10051760
v 0.03389605 0.00477617 0.10101451
v 0.03323557 0.00661191 0.10051760
v 0.03357004 0.00667842 0.10101451
v 0.03316467 0.00707760 0.10051760
v 0.03340208 0.00765851 0.10101451
v 0.03321378 0.00830865 0.10101451
v 0.03187970 0.01244732 0.10101451
v 0.03161086 0.01309332 0.10101451
v 0.03066539 0.01444898 0.10051760
v 0.03085298 0.01491448 0.10101451
v 0.03058120 0.01465514 0.10051760
v 0.03040329 0.01572612 0.10101451
v 0.02863752 0.01816251 0.10051760
v 0.02900528 0.01824939 0.10101451
v 0.02859005 0.01883337 0.10101451
v 0.02816546 0.01881766 0.10051760
v 0.02846076 0.01901519 0.10101451
v 0.02781111 0.01930943 0.10051760
v 0.02817019 0.01942382 0.10101451
v 0.02629333 0.02141587 0.10051770
v 0.02054006 0.02698302 0.10051770
v 0.02074356 0.02723399 0.10101451
v 0.01997785 0.02736066 0.10051770
v 0.02015240 0.02765289 0.10101451
v 0.01880729 0.02814693 0.10051770
v 0.02676213 0.02140405 0.10101451
v 0.02596174 0.02229740 0.10101451
v 0.02422993 0.02366362 0.10051770
v 0.02423022 0.02423004 0.10101451
v 0.02395822 0.02395960 0.10051770
v 0.02420477 0.02425845 0.10101451
v 0.02358159 0.02436987 0.10051760
v 0.02348319 0.02490243 0.10101451
v 0.02136060 0.02679675 0.10101451
v 0.01901466 0.02845909 0.10101451
v 0.01820233 0.02903471 0.10101451
v 0.01721134 0.02921893 0.10051770
v 0.01711720 0.02963319 0.10101451
v 0.01515097 0.03027378 0.10051770
v 0.01484601 0.03088582 0.10101451
v 0.01364200 0.03104632 0.10051770
v 0.01391609 0.03127069 0.10101451
v 0.01296534 0.03129703 0.10051770
v 0.01309395 0.03161096 0.10101451
v 0.00993672 0.03241917 0.10051770
v 0.01132399 0.03234351 0.10101451
v 0.01055918 0.03256366 0.10101451
v 0.00988187 0.03243949 0.10051770
v 0.00986288 0.03276408 0.10101451
v 0.00660848 0.03322858 0.10051770
v 0.00760410 0.03341424 0.10101451
v 0.00667905 0.03357093 0.10101451
v 0.00598359 0.03337923 0.10051770
v 0.00634405 0.03362768 0.10101451
v 0.00441659 0.03356531 0.10051770
v 0.00382437 0.03405447 0.10101451
v 0.00200165 0.03385210 0.10051770
v 0.00277799 0.03411304 0.10101451
v 0.00000018 0.03391128 0.10051770
v 0.00000018 0.03426852 0.10101451
v -0.03074091 -0.01431694 0.10051771
v -0.03090977 -0.01390652 0.10051771
v -0.03115326 -0.01401421 0.10101451
v -0.03099367 -0.01370261 0.10051771
v -0.03215528 -0.01184784 0.10101451
v -0.03191609 -0.01146075 0.10051761
v -0.03306283 -0.00901007 0.10101440
v -0.03267744 -0.00906429 0.10051771
v -0.03271836 -0.00891606 0.10051771
v -0.02829348 -0.01865213 0.10051771
v -0.02858440 -0.01824587 0.10051771
v -0.02843095 -0.01893468 0.10101451
v -0.02881525 -0.01787904 0.10051771
v -0.02984985 -0.01683220 0.10101451
v -0.03055575 -0.01470798 0.10051771
v -0.02677783 -0.02138426 0.10101451
v -0.02496906 -0.02331001 0.10101451
v -0.02478992 -0.02307073 0.10051761
v -0.02620596 -0.02152292 0.10051761
v -0.02647884 -0.02118631 0.10051761
v -0.02820105 -0.01878120 0.10051771
v -0.02064919 -0.02689919 0.10051761
v -0.02066284 -0.02688879 0.10051761
v -0.02081353 -0.02708507 0.10101451
v -0.02071180 -0.02685153 0.10051761
v -0.02301810 -0.02538716 0.10101451
v -0.02345417 -0.02449252 0.10051771
v -0.02376470 -0.02419135 0.10051771
v -0.02475383 -0.02311017 0.10051761
v -0.01612536 -0.03011311 0.10101451
v -0.01699104 -0.02934778 0.10051761
v -0.01866724 -0.02873808 0.10101451
v -0.01736360 -0.02912894 0.10051761
v -0.02036569 -0.02711496 0.10051761
v -0.01337189 -0.03116373 0.10051761
v -0.01383697 -0.03135100 0.10101451
v -0.01088568 -0.03207681 0.10051761
v -0.01097768 -0.03234776 0.10101451
v -0.01070372 -0.03214365 0.10051761
v -0.01376778 -0.03099086 0.10051761
v -0.01588262 -0.02991281 0.10051761
v -0.01599020 -0.02985797 0.10051761
v -0.00553111 -0.03345299 0.10051761
v -0.00561320 -0.03344368 0.10051761
v -0.00557107 -0.03370340 0.10101451
v -0.00604134 -0.03336900 0.10051761
v -0.00865134 -0.03315874 0.10101451
v -0.00955947 -0.03253624 0.10051761
v -0.00997570 -0.03241101 0.10051761
v -0.00324353 -0.03411494 0.10101451
v -0.00202086 -0.03385132 0.10051751
v -0.00522860 -0.03348730 0.10051761
v -0.03271836 -0.00891606 0.10051771
v -0.03294107 -0.00806320 0.10051900
v -0.03347209 -0.00547963 0.10051961
v -0.03396573 -0.00454526 0.10101430
v -0.03343652 -0.00716220 0.10101440
v -0.03351596 -0.00508725 0.10051781
v -0.03358193 -0.00449722 0.10051510
v -0.03402792 -0.00361085 0.10101101
v -0.03385876 -0.00202119 0.10050361
v -0.03426821 -0.00000016 0.10099840
v -0.03389460 -0.00083967 0.10050071
v -0.03392006 -0.00000054 0.10049860
v -0.03402287 0.00371757 0.10100960
v -0.03411409 0.00324747 0.10100471
v -0.03382439 0.00257329 0.10050141
v -0.03418577 0.00173707 0.10100181
v -0.03424149 0.00056284 0.10099950
v -0.03371643 0.00352808 0.10050701
v -0.03369828 0.00368853 0.10050801
v -0.03372248 0.00526559 0.10102550
v -0.03353664 0.00511793 0.10051641
v -0.03346914 0.00554514 0.10052021
v -0.03331195 0.00738130 0.10104741
v -0.03307651 0.00733146 0.10054091
v -0.03304405 0.00876189 0.10106161
v -0.03269284 0.00907702 0.10056110
v -0.03213676 0.01087695 0.10058340
v -0.03237035 0.01094349 0.10108230
v -0.03292226 0.00803324 0.10054901
v -0.03285056 0.00975900 0.10107191
v -0.03209621 0.01100823 0.10058501
v -0.03195011 0.01142650 0.10058980
v -0.03187927 0.01215478 0.10109291
v -0.03144685 0.01263021 0.10059971
v -0.03154663 0.01297524 0.10110010
v -0.03098280 0.01436597 0.10111230
v -0.03036067 0.01515795 0.10061901
v -0.02917432 0.01724769 0.10061721
v -0.02923122 0.01762138 0.10111391
v -0.03076448 0.01426233 0.10061320
v -0.03055919 0.01475332 0.10061731
v -0.03036844 0.01588135 0.10112561
v -0.03008592 0.01631361 0.10112271
v -0.02902858 0.01750441 0.10061690
v -0.02858416 0.01828726 0.10061621
v -0.02807802 0.01938586 0.10110210
v -0.02744318 0.01995584 0.10060171
v -0.02720078 0.02072810 0.10109311
v -0.02698320 0.02054880 0.10059370
v -0.02673931 0.02143419 0.10108841
v -0.02620423 0.02155295 0.10058011
v -0.02588892 0.02230818 0.10107461
v -0.02598910 0.02180995 0.10057600
v -0.02193615 0.02586070 0.10051771
v -0.02216715 0.02613323 0.10101430
v -0.02344371 0.02451408 0.10053131
v -0.02462734 0.02360477 0.10105421
v -0.02458737 0.02330458 0.10055141
v -0.02475683 0.02347170 0.10105630
v -0.02565886 0.02217142 0.10057020
v -0.02590007 0.02191631 0.10057441
v -0.00626592 0.03332735 0.10051771
v -0.00596752 0.03338147 0.10051771
v -0.00603010 0.03373196 0.10101451
v -0.02193615 0.02586070 0.10051771
v -0.02184535 0.02593745 0.10051771
v -0.02054822 0.02697685 0.10051771
v -0.01899101 0.02852486 0.10101451
v -0.01756036 0.02901046 0.10051771
v -0.01734404 0.02955167 0.10101451
v -0.01730779 0.02916113 0.10051771
v -0.00599505 0.03374000 0.10101451
v -0.00583697 0.03340514 0.10051771
v -0.00411266 0.03402081 0.10101451
v -0.00294032 0.03378374 0.10051761
v -0.00121256 0.03385868 0.10051771
v -0.01180440 0.03217116 0.10101451
v -0.01187192 0.03214327 0.10101451
v -0.01173243 0.03176601 0.10051771
v -0.00933834 0.03297156 0.10101451
v -0.01019027 0.03234407 0.10051771
v -0.00977748 0.03247127 0.10051761
v -0.00681145 0.03319436 0.10051771
v -0.01718585 0.02923386 0.10051771
v -0.01716426 0.02924505 0.10051771
v -0.01725239 0.02960880 0.10101451
v -0.01459545 0.03100483 0.10101451
v -0.01397389 0.03089828 0.10051771
v -0.01433810 0.03112468 0.10101451
v -0.01357845 0.03107408 0.10051771
v -0.01221586 0.03158482 0.10051771
f 1 2 3
f 2 4 3
f 3 4 5
f 1 6 2
f 6 7 2
f 2 7 8
f 7 9 8
f 8 9 10
f 9 11 10
f 11 12 10
f 12 13 10
f 10 13 14
f 13 15 14
f 14 15 16
f 17 18 19
f 18 20 19
f 19 20 21
f 20 22 21
f 21 22 23
f 22 24 23
f 23 24 25
f 24 26 25
f 26 27 25
f 25 27 28
f 27 29 28
f 27 30 29
f 30 31 29
f 29 31 32
f 31 33 32
f 32 33 34
f 5 4 35
f 4 36 35
f 33 37 34
f 37 38 34
f 34 38 39
f 38 40 39
f 39 40 41
f 40 42 41
f 41 42 36
f 42 43 36
f 36 43 35
f 44 18 17
f 17 45 44
f 45 46 44
f 44 46 47
f 46 48 47
f 47 48 49
f 49 48 50
f 48 51 50
f 50 51 52
f 51 53 52
f 52 53 54
f 54 53 55
f 53 56 55
f 55 56 57
f 56 58 57
f 57 58 59
f 59 58 60
f 58 61 60
f 60 61 62
f 61 63 62
f 64 65 63
f 66 67 68
f 67 69 68
f 68 69 70
f 69 71 70
f 66 72 67
f 72 73 67
f 67 73 74
f 73 75 74
f 76 77 78
f 77 79 78
f 78 79 80
f 79 74 80
f 80 74 81
f 74 75 81
f 76 82 77
f 82 83 77
f 77 83 84
f 83 85 84
f 84 85 86
f 85 87 86
f 86 87 88
f 87 89 88
f 89 90 88
f 88 90 91
f 90 92 91
f 92 93 91
f 91 93 94
f 93 95 94
f 94 95 96
f 97 98 99
f 98 100 99
f 99 100 101
f 100 96 101
f 101 96 102
f 96 95 102
f 97 103 98
f 103 104 98
f 98 104 105
f 104 106 105
f 105 106 107
f 106 108 107
f 108 109 107
f 109 110 107
f 107 110 111
f 110 112 111
f 111 112 113
f 112 114 113
f 113 114 115
f 114 116 115
f 116 117 115
f 117 118 115
f 115 118 119
f 118 120 119
f 120 121 119
f 119 121 122
f 121 123 122
f 123 124 122
f 122 124 125
f 124 126 125
f 125 126 63
f 126 127 63
f 63 127 128
f 128 129 63
f 129 130 63
f 63 130 64
f 131 132 133
f 132 134 133
f 133 134 135
f 134 136 135
f 136 137 135
f 135 137 138
f 137 139 138
f 138 139 140
f 139 141 140
f 140 141 142
f 141 143 142
f 144 145 146
f 145 143 146
f 146 143 147
f 143 141 147
f 144 148 145
f 148 149 145
f 145 149 69
f 149 71 69
f 150 151 152
f 151 153 152
f 151 154 153
f 154 155 153
f 153 155 156
f 155 157 156
f 156 157 158
f 157 159 158
f 157 160 159
f 160 161 159
f 159 161 131
f 161 162 131
f 131 162 132
f 163 164 165
f 164 166 165
f 165 166 167
f 166 168 167
f 167 168 169
f 170 171 172
f 171 173 172
f 172 173 163
f 173 174 163
f 163 174 164
f 175 176 177
f 178 179 180
f 181 182 183
f 170 172 184
f 172 181 184
f 184 181 185
f 181 183 185
f 186 187 188
f 187 189 188
f 188 189 190
f 186 191 187
f 191 192 187
f 187 192 182
f 192 193 182
f 182 193 183
f 194 195 196
f 194 196 197
f 196 198 197
f 197 198 189
f 198 199 189
f 189 199 190
f 200 201 202
f 202 203 200
f 203 204 200
f 200 204 194
f 204 205 194
f 194 205 195
f 179 206 180
f 206 207 180
f 180 207 201
f 207 208 201
f 201 208 202
f 178 180 209
f 180 210 209
f 209 210 211
f 210 212 211
f 211 212 213
f 177 176 214
f 176 215 214
f 215 216 214
f 214 216 212
f 216 217 212
f 212 217 213
f 218 219 220
f 219 221 220
f 220 221 222
f 221 223 222
f 222 223 177
f 223 224 177
f 177 224 175
f 218 220 225
f 220 226 225
f 225 226 227
f 228 229 230
f 230 231 228
f 231 232 228
f 228 232 233
f 232 234 233
f 233 234 226
f 234 235 226
f 226 235 227
f 229 228 236
f 228 237 236
f 236 237 238
f 237 239 238
f 238 239 240
f 241 242 243
f 241 243 244
f 243 245 244
f 245 246 244
f 244 246 239
f 246 247 239
f 239 247 240
f 248 249 250
f 249 251 250
f 250 251 252
f 251 253 252
f 252 253 241
f 253 254 241
f 241 254 242
f 255 256 257
f 256 258 257
f 257 258 259
f 258 260 259
f 259 260 250
f 260 261 250
f 250 261 248
f 255 257 262
f 257 263 262
f 262 263 264
f 265 266 267
f 266 268 267
f 267 268 269
f 268 270 269
f 269 270 263
f 270 271 263
f 263 271 272
f 273 274 275
f 265 267 276
f 267 273 276
f 276 273 277
f 273 275 277
f 278 279 280
f 278 280 281
f 280 282 281
f 281 282 274
f 282 283 274
f 274 283 275
f 279 278 284
f 278 285 284
f 284 285 286
f 285 287 286
f 286 287 288
f 289 290 291
f 290 292 291
f 291 292 287
f 292 293 287
f 287 293 288
f 294 295 296
f 296 297 294
f 297 298 294
f 294 298 299
f 298 300 299
f 299 300 301
f 300 14 301
f 301 14 16
f 290 289 302
f 289 296 302
f 302 296 303
f 296 295 303
f 304 305 306
f 305 307 306
f 306 307 308
f 307 309 308
f 308 309 152
f 309 310 152
f 152 310 150
f 311 312 313
f 312 314 313
f 313 314 315
f 305 304 316
f 304 315 316
f 316 315 317
f 315 318 317
f 319 320 321
f 321 320 322
f 322 320 323
f 320 324 323
f 323 324 325
f 324 326 325
f 326 327 325
f 325 327 328
f 327 329 328
f 328 329 311
f 329 312 311
f 167 169 330
f 169 331 330
f 330 331 332
f 319 321 332
f 321 333 332
f 332 333 330
f 334 335 336
f 337 338 339
f 340 341 342
f 343 344 345
f 346 347 348
f 349 350 351
f 352 353 354
f 355 356 357
f 358 353 359
f 360 361 362
f 361 363 362
f 362 363 345
f 363 364 345
f 345 364 365
f 341 366 342
f 366 367 342
f 342 367 368
f 367 369 368
f 368 369 370
f 369 371 370
f 372 373 374
f 373 375 374
f 374 375 376
f 366 372 367
f 372 374 367
f 367 374 369
f 374 376 369
f 369 376 371
f 376 377 371
f 378 379 380
f 379 381 380
f 380 381 382
f 381 383 382
f 382 383 377
f 384 385 386
f 387 388 389
f 390 391 392
f 393 388 394
f 388 395 394
f 394 395 391
f 391 390 394
f 390 396 394
f 394 396 393
f 396 397 393
f 393 397 398
f 399 400 401
f 400 402 401
f 401 402 403
f 404 399 405
f 399 401 405
f 405 401 406
f 401 403 406
f 406 403 407
f 408 409 410
f 409 411 410
f 410 411 412
f 411 413 412
f 412 413 414
f 415 408 416
f 408 410 416
f 416 410 417
f 410 412 417
f 417 412 418
f 412 414 418
f 418 414 419
f 420 421 422
f 423 424 421
f 425 424 426
f 424 423 426
f 426 423 427
f 428 429 430
f 429 431 430
f 432 433 434
f 435 431 434
f 431 429 434
f 434 429 432
f 429 428 432
f 432 428 436
f 397 437 398
f 437 438 398
f 398 438 439
f 438 440 439
f 439 440 441
f 440 442 441
f 441 442 443
f 442 444 443
f 443 444 445
f 444 446 445
f 445 446 447
f 446 448 447
f 447 448 449
f 448 450 449
f 449 450 451
f 450 452 451
f 451 452 453
f 452 454 453
f 453 454 455
f 454 456 455
f 455 456 457
f 456 458 457
f 457 458 459
f 458 460 459
f 459 460 461
f 460 462 461
f 461 462 463
f 464 465 466
f 465 464 467
f 468 359 469
f 359 353 469
f 469 353 470
f 353 352 470
f 470 352 471
f 472 473 474
f 473 475 474
f 474 475 467
f 475 476 467
f 467 476 465
f 476 477 465
f 465 477 466
f 477 435 466
f 478 479 480
f 481 478 482
f 478 480 482
f 482 480 483
f 480 484 483
f 485 486 487
f 472 488 489
f 488 490 489
f 489 490 480
f 490 491 480
f 480 491 484
f 492 493 494
f 493 495 494
f 494 495 496
f 497 498 499
f 500 501 502
f 501 503 502
f 502 503 493
f 503 504 493
f 493 504 495
f 505 500 506
f 500 502 506
f 506 502 507
f 502 493 507
f 507 493 497
f 493 492 497
f 497 492 498
f 508 509 506
f 509 510 506
f 506 510 505
f 511 512 513
f 512 514 513
f 513 514 508
f 515 516 517
f 516 518 517
f 517 519 515
f 519 520 515
f 515 520 511
f 520 521 511
f 511 521 512
f 522 523 524
f 523 525 524
f 524 525 516
f 525 526 516
f 516 526 518
f 527 528 529
f 528 530 529
f 529 530 531
f 350 532 351
f 532 533 351
f 351 533 530
f 533 534 530
f 530 534 531
f 535 536 537
f 536 348 537
f 537 348 538
f 538 348 539
f 348 347 539
f 539 347 540
f 541 542 347
f 542 543 347
f 347 543 540
f 544 545 546
f 545 547 546
f 546 547 548
f 549 550 551
f 481 552 550
f 552 553 550
f 550 553 551
f 553 554 551
f 551 554 555
f 365 556 345
f 556 557 345
f 345 557 343
f 557 558 343
f 370 360 368
f 360 362 368
f 368 362 342
f 362 345 342
f 342 345 340
f 345 344 340
f 366 559 372
f 559 560 372
f 372 560 561
f 561 562 563
f 562 564 563
f 563 564 373
f 564 565 373
f 373 565 566
f 377 376 382
f 376 375 382
f 382 375 380
f 375 373 380
f 380 373 378
f 373 566 378
f 378 566 567
f 567 568 378
f 568 569 378
f 378 569 570
f 385 384 570
f 388 387 395
f 387 384 395
f 395 384 391
f 384 386 391
f 391 386 392
f 386 571 392
f 392 571 572
f 573 574 575
f 574 576 575
f 575 576 577
f 577 578 575
f 578 579 575
f 575 579 580
f 579 581 580
f 580 581 404
f 578 582 579
f 582 583 579
f 579 583 584
f 404 581 399
f 581 579 399
f 399 579 400
f 579 584 400
f 400 584 585
f 586 587 402
f 585 588 400
f 588 589 400
f 400 589 402
f 589 590 402
f 402 590 586
f 591 592 593
f 592 594 593
f 595 407 596
f 407 403 596
f 596 403 592
f 403 402 592
f 592 402 594
f 402 587 594
f 591 597 592
f 597 598 592
f 592 598 599
f 600 601 419
f 413 595 414
f 595 596 414
f 414 596 419
f 596 592 419
f 419 592 600
f 592 599 600
f 601 602 419
f 602 603 419
f 419 603 604
f 603 605 604
f 604 605 606
f 606 607 418
f 607 608 418
f 418 608 417
f 608 609 417
f 417 609 610
f 610 611 417
f 611 612 417
f 417 612 416
f 612 613 416
f 416 613 614
f 615 616 415
f 616 420 415
f 415 420 408
f 420 422 408
f 408 422 409
f 614 617 416
f 617 618 416
f 416 618 415
f 618 619 415
f 415 619 615
f 615 620 616
f 620 621 616
f 616 621 622
f 622 623 616
f 623 624 616
f 616 624 625
f 421 420 423
f 420 616 423
f 423 616 427
f 616 625 427
f 427 625 626
f 430 627 428
f 627 426 428
f 428 426 436
f 426 427 436
f 436 427 628
f 427 626 628
f 628 629 436
f 629 630 436
f 436 630 631
f 631 632 436
f 632 633 436
f 436 633 432
f 633 634 432
f 432 634 635
f 635 636 432
f 636 637 432
f 432 637 433
f 637 638 433
f 433 638 639
f 640 641 464
f 641 642 464
f 464 642 467
f 435 434 466
f 434 433 466
f 466 433 464
f 433 639 464
f 464 639 640
f 643 472 644
f 472 474 644
f 644 474 645
f 474 467 645
f 645 467 646
f 467 642 646
f 643 647 472
f 647 648 472
f 472 648 488
f 648 649 488
f 649 650 488
f 650 485 488
f 488 485 490
f 485 487 490
f 490 487 491
f 650 651 485
f 651 652 485
f 485 652 653
f 652 654 653
f 653 654 655
f 570 384 378
f 384 387 378
f 378 387 379
f 387 389 379
f 379 389 381
f 389 656 381
f 381 656 383
f 656 657 383
f 383 657 377
f 657 658 377
f 377 658 371
f 658 659 371
f 371 659 370
f 659 660 370
f 370 660 360
f 660 661 360
f 360 661 361
f 508 506 513
f 506 337 513
f 513 337 511
f 337 339 511
f 511 339 515
f 339 662 515
f 662 663 515
f 515 663 516
f 663 664 516
f 516 664 524
f 665 666 667
f 666 668 667
f 667 668 664
f 668 669 664
f 664 669 524
f 669 670 524
f 524 670 522
f 665 667 671
f 667 672 671
f 671 672 673
f 674 675 676
f 675 677 676
f 676 677 672
f 677 678 672
f 672 678 673
f 674 676 679
f 676 680 679
f 679 680 681
f 682 683 684
f 683 685 684
f 684 685 680
f 685 686 680
f 680 686 681
f 682 684 687
f 684 688 687
f 687 688 689
f 690 691 692
f 691 693 692
f 692 693 688
f 693 694 688
f 688 694 689
f 695 696 692
f 696 697 692
f 692 697 690
f 335 698 336
f 698 699 336
f 336 699 695
f 699 700 695
f 695 700 696
f 334 336 701
f 336 702 701
f 701 702 703
f 527 704 528
f 704 705 528
f 528 705 706
f 535 349 536
f 349 351 536
f 536 351 707
f 351 530 707
f 707 530 708
f 530 528 708
f 708 528 709
f 528 706 709
f 709 706 702
f 706 710 702
f 702 710 703
f 346 348 711
f 348 536 711
f 711 536 712
f 536 707 712
f 712 707 463
f 707 708 463
f 463 708 461
f 708 709 461
f 461 709 713
f 709 702 713
f 713 702 457
f 702 336 457
f 457 336 455
f 336 695 455
f 455 695 453
f 695 692 453
f 453 692 451
f 692 688 451
f 451 688 449
f 688 684 449
f 449 684 447
f 684 680 447
f 447 680 445
f 680 676 445
f 445 676 443
f 676 672 443
f 443 672 441
f 672 667 441
f 441 667 439
f 667 664 439
f 439 664 398
f 664 663 398
f 398 663 393
f 663 662 393
f 393 662 388
f 662 339 388
f 388 339 389
f 339 338 389
f 389 338 656
f 338 337 656
f 656 337 657
f 337 506 657
f 657 506 658
f 506 507 658
f 658 507 659
f 507 497 659
f 659 497 660
f 497 499 660
f 660 499 661
f 546 714 544
f 714 541 544
f 544 541 715
f 541 347 715
f 715 347 716
f 347 346 716
f 716 346 471
f 346 711 471
f 471 711 470
f 711 712 470
f 470 712 469
f 712 463 469
f 469 463 468
f 463 462 468
f 354 355 352
f 355 357 352
f 352 357 471
f 357 717 471
f 471 717 716
f 717 549 716
f 716 549 715
f 549 551 715
f 715 551 544
f 551 718 544
f 544 718 719
f 481 550 478
f 550 549 478
f 478 549 479
f 549 717 479
f 479 717 480
f 717 357 480
f 480 357 489
f 357 356 489
f 489 356 720
f 356 355 720
f 720 355 721
f 355 354 721
f 721 354 475
f 354 359 475
f 475 359 476
f 359 468 476
f 476 468 477
f 468 462 477
f 477 462 435
f 462 460 435
f 435 460 431
f 460 458 431
f 431 458 430
f 458 722 430
f 430 722 425
f 722 454 425
f 425 454 424
f 454 452 424
f 424 452 421
f 452 450 421
f 421 450 422
f 450 448 422
f 422 448 409
f 448 723 409
f 409 723 411
f 723 444 411
f 411 444 413
f 444 442 413
f 413 442 595
f 442 440 595
f 595 440 407
f 440 438 407
f 407 438 406
f 438 437 406
f 406 437 405
f 437 397 405
f 405 397 404
f 397 396 404
f 404 396 580
f 396 390 580
f 580 390 575
f 390 392 575
f 575 392 573
f 392 572 573
f 573 572 724
f 725 726 727
f 728 729 730
f 729 731 730
f 730 731 732
f 731 733 732
f 732 733 734
f 733 735 734
f 733 736 735
f 736 737 735
f 735 737 738
f 737 739 738
f 738 739 740
f 739 741 740
f 740 741 742
f 741 743 742
f 742 743 744
f 743 745 744
f 744 745 746
f 745 747 746
f 746 747 748
f 747 686 748
f 748 686 749
f 686 750 749
f 749 750 751
f 752 753 754
f 753 755 754
f 754 755 726
f 755 756 726
f 726 756 727
f 757 758 759
f 758 760 759
f 759 760 761
f 760 752 761
f 761 752 762
f 752 754 762
f 763 764 765
f 764 766 765
f 765 766 767
f 766 768 767
f 766 769 768
f 769 770 768
f 768 770 771
f 770 772 771
f 771 772 773
f 772 774 773
f 773 774 775
f 774 776 775
f 775 776 777
f 776 778 777
f 777 778 757
f 778 779 757
f 757 779 758
f 727 780 725
f 780 781 725
f 725 781 782
f 781 783 782
f 782 783 728
f 783 784 728
f 728 784 729
f 548 785 786
f 785 787 786
f 788 543 789
f 543 790 789
f 789 790 791
f 790 792 791
f 787 793 786
f 793 794 786
f 786 794 714
f 794 792 714
f 714 792 795
f 792 790 795
f 796 797 798
f 797 533 798
f 798 533 799
f 533 532 799
f 799 532 800
f 532 801 800
f 532 802 801
f 802 803 801
f 801 803 804
f 803 805 804
f 804 805 806
f 805 807 806
f 806 807 808
f 807 809 808
f 808 809 810
f 809 811 810
f 810 811 788
f 811 812 788
f 788 812 543
f 704 813 814
f 815 816 817
f 816 818 817
f 817 818 819
f 818 820 819
f 819 820 821
f 820 703 821
f 821 703 822
f 703 710 822
f 822 710 823
f 710 706 823
f 823 706 814
f 706 824 814
f 814 824 704
f 704 527 813
f 527 529 813
f 813 529 796
f 529 825 796
f 796 825 797
f 826 827 828
f 829 826 830
f 826 828 830
f 830 828 831
f 828 832 831
f 831 832 763
f 832 833 763
f 763 833 764
f 750 834 751
f 834 835 751
f 751 835 836
f 835 837 836
f 836 837 838
f 837 839 838
f 838 839 840
f 839 841 840
f 840 841 842
f 841 843 842
f 842 843 844
f 843 845 844
f 844 845 846
f 845 847 846
f 846 847 848
f 847 849 848
f 848 849 850
f 849 851 850
f 850 851 852
f 851 853 852
f 852 853 854
f 853 855 854
f 854 855 815
f 855 856 815
f 815 856 816
f 494 496 857
f 492 858 859
f 860 861 857
f 861 858 857
f 857 858 494
f 858 862 494
f 557 863 864
f 363 865 364
f 865 866 364
f 364 866 365
f 866 863 365
f 365 863 556
f 863 557 556
f 867 868 869
f 868 870 869
f 558 557 871
f 557 864 871
f 871 864 872
f 864 873 872
f 866 874 863
f 874 875 863
f 863 875 864
f 875 870 864
f 864 870 873
f 870 868 873
f 363 361 865
f 361 661 865
f 865 661 876
f 661 499 876
f 876 499 859
f 499 498 859
f 859 498 492
f 877 878 858
f 878 879 858
f 858 879 859
f 879 880 859
f 859 880 876
f 880 881 876
f 876 881 865
f 881 882 865
f 865 882 866
f 882 883 866
f 866 883 884
f 885 886 887
f 829 885 826
f 885 887 826
f 826 887 827
f 888 860 889
f 860 887 889
f 889 887 890
f 887 891 890
f 785 548 892
f 893 894 892
f 894 895 892
f 787 785 896
f 785 892 896
f 896 892 897
f 892 895 897
f 897 895 898
f 899 900 482
f 901 892 548
f 482 900 481
f 902 903 901
f 903 904 901
f 901 904 892
f 904 905 892
f 892 905 893
f 902 554 906
f 554 553 906
f 906 553 900
f 553 552 900
f 900 552 481
f 907 908 909
f 908 910 909
f 909 910 911
f 910 653 911
f 911 653 655
f 908 912 910
f 912 913 910
f 910 913 914
f 548 547 901
f 547 719 901
f 901 719 902
f 719 718 902
f 902 718 554
f 482 483 899
f 483 484 899
f 899 484 914
f 484 491 914
f 914 491 910
f 491 487 910
f 910 487 653
f 915 916 914
f 916 917 914
f 914 917 899
f 917 918 899
f 899 918 900
f 918 919 900
f 900 919 906
f 919 920 906
f 906 920 902
f 920 921 902
f 902 921 903
f 922 923 924
f 925 926 927
f 928 929 930
f 929 931 930
f 932 931 933
f 931 929 933
f 933 929 934
f 929 935 934
f 934 935 936
f 935 937 936
f 938 939 940
f 939 941 940
f 940 941 942
f 941 943 942
f 942 943 944
f 926 945 946
f 945 947 946
f 947 948 946
f 946 948 949
f 948 950 949
f 949 950 938
f 951 952 953
f 952 954 953
f 953 954 955
f 954 956 955
f 956 954 957
f 954 958 957
f 957 958 959
f 959 958 960
f 958 961 960
f 960 961 962
f 963 964 965
f 964 966 965
f 965 966 961
f 966 967 961
f 961 967 962
f 963 965 968
f 965 969 968
f 968 969 970
f 971 972 969
f 972 973 969
f 969 973 970
f 923 974 924
f 974 975 924
f 924 975 976
f 975 977 976
f 976 977 978
f 979 980 924
f 980 981 924
f 922 924 982
f 924 981 982
f 982 981 983
f 984 985 986
f 985 979 986
f 987 988 989
f 988 990 989
f 989 990 991
f 992 993 994
f 993 995 994
f 994 995 991
f 995 996 991
f 991 996 989
f 992 994 997
f 994 998 997
f 997 998 999
f 999 998 1000
f 998 1001 1000
f 1000 1001 1002
f 1003 1004 1005
f 1004 1006 1005
f 1005 1006 1001
f 1006 1007 1001
f 1001 1007 1002
f 1003 1005 1008
f 1005 1009 1008
f 1008 1009 1010
f 1010 1009 1011
f 1009 1012 1011
f 1011 1012 1013
f 1014 1015 927
f 1015 952 927
f 927 952 925
f 952 951 925
f 1016 1017 1018
f 1017 1019 1018
f 1018 1019 1012
f 1019 1020 1012
f 1012 1020 1013
f 926 946 927
f 946 1021 927
f 927 1021 1014
f 1022 1023 949
f 1023 1024 949
f 949 1024 946
f 1024 1025 946
f 946 1025 1021
f 938 940 949
f 940 1026 949
f 949 1026 1022
f 1027 1028 942
f 1028 1029 942
f 942 1029 940
f 1029 1030 940
f 940 1030 1026
f 937 935 942
f 935 1031 942
f 942 1031 1027
f 928 1032 929
f 1032 1033 929
f 929 1033 935
f 1033 1034 935
f 935 1034 1031
f 979 924 986
f 924 976 986
f 986 976 971
f 976 978 971
f 971 978 972
f 1035 984 991
f 984 986 991
f 991 986 994
f 986 971 994
f 994 971 998
f 971 969 998
f 998 969 1001
f 969 965 1001
f 1001 965 1005
f 965 961 1005
f 1005 961 1009
f 961 958 1009
f 1009 958 1012
f 958 954 1012
f 1012 954 1018
f 954 952 1018
f 1018 952 1016
f 952 1015 1016
f 985 984 1036
f 1037 1038 1039
f 1040 1041 1042
f 1043 1044 1045
f 1044 1042 1045
f 1045 1042 1046
f 1042 1041 1046
f 1047 1048 1049
f 1048 1050 1049
f 1038 1051 1039
f 1051 1052 1039
f 1039 1052 1048
f 1052 1053 1048
f 1048 1053 1050
f 1054 1055 1056
f 1054 1056 1057
f 1058 1059 1060
f 1059 1061 1060
f 1060 1061 1039
f 1061 1062 1039
f 1039 1062 1037
f 1063 1064 1065
f 1064 1066 1065
f 1065 1066 1054
f 1066 1067 1054
f 1054 1067 1055
f 1068 1069 1070
f 1071 1072 1073
f 1072 1074 1073
f 1073 1074 1065
f 1074 1075 1065
f 1065 1075 1063
f 1071 1076 1077
f 1070 1072 1068
f 1072 1071 1068
f 1068 1071 1078
f 1071 1077 1078
f 1076 1079 1080
f 1079 1081 1080
f 1080 1081 1082
f 1081 1083 1082
f 1084 1085 1083
f 1085 1086 1083
f 1083 1086 1082
f 1087 1088 1084
f 1088 1089 1084
f 1084 1089 1085
f 1090 1091 1092
f 1091 1093 1092
f 1094 1095 1093
f 1095 1096 1093
f 1093 1096 1092
f 1097 1098 1099
f 1098 1100 1099
f 1101 1098 1102
f 1098 1097 1102
f 1102 1097 1103
f 1097 1104 1103
f 1105 1104 1093
f 1104 1097 1093
f 1093 1097 1094
f 1097 1099 1094
f 1106 1107 1091
f 1107 1108 1091
f 1091 1108 1093
f 1108 1109 1093
f 1093 1109 1105
f 1090 1084 1091
f 1084 1110 1091
f 1091 1110 1106
f 1111 1112 1083
f 1112 1113 1083
f 1083 1113 1084
f 1113 1114 1084
f 1084 1114 1110
f 1111 1083 1115
f 1083 1081 1115
f 1115 1081 1116
f 1117 1118 1079
f 1118 1119 1079
f 1079 1119 1081
f 1119 1120 1081
f 1081 1120 1116
f 1076 1071 1079
f 1071 1121 1079
f 1079 1121 1117
f 1122 1123 1124
f 1123 1125 1124
f 1124 1125 1126
f 1125 1127 1126
f 1126 1127 1128
f 1122 1124 1129
f 1124 1130 1129
f 1129 1130 1131
f 1131 1130 1132
f 1130 1133 1132
f 1132 1133 1134
f 1135 1136 1137
f 1136 1138 1137
f 1137 1138 1133
f 1138 1139 1133
f 1133 1139 1134
f 1135 1137 1140
f 1137 1141 1140
f 1140 1141 1142
f 1142 1141 1143
f 1141 1144 1143
f 1143 1144 1145
f 1146 1147 1036
f 1147 1148 1036
f 1036 1148 1144
f 1148 1149 1144
f 1144 1149 1145
f 987 1146 988
f 1146 1036 988
f 988 1036 990
f 1036 984 990
f 1056 1058 1057
f 1058 1060 1057
f 1057 1060 1150
f 1060 1039 1150
f 1150 1039 1151
f 1039 1048 1151
f 1151 1048 1152
f 1043 983 1044
f 983 981 1044
f 1044 981 980
f 980 979 1044
f 979 1152 1044
f 1044 1152 1042
f 1152 1048 1042
f 1042 1048 1040
f 1048 1047 1040
f 1153 985 1152
f 985 1036 1152
f 1152 1036 1151
f 1036 1144 1151
f 1151 1144 1150
f 1144 1141 1150
f 1150 1141 1057
f 1141 1137 1057
f 1057 1137 1054
f 1137 1133 1054
f 1054 1133 1065
f 1133 1130 1065
f 1065 1130 1073
f 1130 1124 1073
f 1073 1124 1071
f 1124 1126 1071
f 1071 1126 1121
f 1126 1128 1121
f 1154 1155 1156
f 1100 1098 1157
f 1098 1101 1157
f 1101 1158 1157
f 1158 1159 1157
f 1157 1159 1160
f 1159 1161 1160
f 1160 1161 1162
f 1161 1163 1162
f 1154 1156 1164
f 1156 1165 1164
f 1165 1166 1164
f 1164 1166 1167
f 1166 1168 1167
f 1167 1168 1169
f 1168 1170 1169
f 1169 1170 1171
f 1170 1172 1171
f 1171 1172 1173
f 1172 1174 1173
f 1173 1174 1163
f 1174 1175 1163
f 1163 1175 1162
f 1176 1177 1178
f 1177 1179 1178
f 1178 1179 1180
f 1179 1181 1180
f 1180 1181 1182
f 1181 1183 1182
f 1182 1183 1155
f 1183 1184 1155
f 1155 1184 1156
f 1178 1185 1176
f 1185 1186 1176
f 1176 1186 1187
f 1187 1186 1188
f 1186 1189 1188
f 1188 1189 1190
f 1189 1191 1190
f 1191 1192 1190
f 1190 1192 1193
f 1193 1192 1194
f 1192 1195 1194
f 1194 1195 1196
f 1195 1197 1196
f 1197 1198 1196
f 1196 1198 1199
f 1198 1200 1199
f 1200 1201 1199
f 1199 1201 1202
f 1201 1203 1202
f 1203 1204 1202
f 1202 1204 1205
f 1205 1204 1206
f 1204 1207 1206
f 1206 1207 1208
f 1207 1209 1208
f 1209 1210 1208
f 1208 1210 1211
f 1210 1212 1211
f 1211 1212 1213
f 1212 1214 1213
f 1213 1214 1215
f 1215 1214 1216
f 1214 1217 1216
f 1216 1217 1218
f 1217 1219 1218
f 1218 1219 1220
f 1219 1221 1220
f 1221 1222 1220
f 1220 1222 1223
f 1224 1225 1226
f 1222 1227 1223
f 1227 1226 1223
f 1223 1226 1228
f 1226 1225 1228
f 1226 1229 1224
f 1229 1230 1224
f 1224 1230 1231
f 1230 1232 1231
f 1231 1232 1233
f 1232 1234 1233
f 1233 1234 1235
f 1236 1237 1238
f 1237 1239 1238
f 1238 1239 1240
f 1239 1241 1240
f 1240 1241 1242
f 1241 1243 1242
f 1242 1243 1244
f 1243 1245 1244
f 1244 1245 1235
f 1245 1246 1235
f 1235 1246 1233
f 1238 1247 1236
f 1247 1248 1236
f 1236 1248 1249
f 1248 1250 1249
f 1251 1252 1253
f 1252 1254 1253
f 1253 1254 1255
f 1254 1256 1255
f 1255 1256 1257
f 1256 1258 1257
f 1257 1258 1259
f 1258 1260 1259
f 1259 1260 1261
f 1260 1262 1261
f 1261 1262 1263
f 1262 1264 1263
f 1263 1264 1265
f 1264 1266 1265
f 1265 1266 1250
f 1266 1267 1250
f 1250 1267 1249
f 1268 1269 1270
f 1269 1271 1270
f 1270 1271 1272
f 1271 1273 1272
f 1272 1273 1274
f 1273 1275 1274
f 1274 1275 1276
f 1275 1277 1276
f 1276 1277 1278
f 1277 1279 1278
f 1278 1279 1251
f 1279 1280 1251
f 1251 1280 1252
f 1281 1282 1283
f 1282 1284 1283
f 1283 1284 1285
f 1284 1286 1285
f 1285 1286 1287
f 1286 1288 1287
f 1287 1288 1289
f 1288 1290 1289
f 1289 1290 1291
f 1290 1292 1291
f 1291 1292 1268
f 1292 1293 1268
f 1268 1293 1269
f 1294 1295 1296
f 1295 1281 1296
f 1296 1281 1297
f 1281 1283 1297
f 1298 1299 1300
f 1299 1301 1300
f 1300 1301 1302
f 1301 1303 1302
f 1302 1303 1304
f 1303 1305 1304
f 1304 1305 1306
f 1305 1307 1306
f 1306 1307 1294
f 1307 1308 1294
f 1294 1308 1295
f 1309 1310 1311
f 1310 1312 1311
f 1311 1312 1313
f 1312 1314 1313
f 1313 1314 1315
f 1314 1316 1315
f 1315 1316 1298
f 1316 1317 1298
f 1298 1317 1299
f 1318 1319 1320
f 1319 1321 1320
f 1320 1321 1322
f 1321 1323 1322
f 1322 1323 1324
f 1323 1325 1324
f 1324 1325 1309
f 1325 1326 1309
f 1309 1326 1310
f 930 931 1327
f 931 932 1327
f 1327 932 1318
f 932 1328 1318
f 1318 1328 1319
f 1329 1330 1331
f 1243 1241 1332
f 1333 1334 1335
f 1336 1337 1338
f 1339 1340 1341
f 1271 1269 1342
f 1343 1344 1345
f 1346 1347 1348
f 1348 1347 1338
f 1349 1350 1351
f 1351 1350 1335
f 1156 1184 1352
f 1353 1354 1355
f 1356 1357 1352
f 1358 1359 1360
f 1359 1358 1157
f 1358 1361 1157
f 1157 1361 1100
f 1170 1362 1363
f 1362 1364 1363
f 1363 1364 1365
f 1157 1366 1359
f 1366 1162 1359
f 1359 1162 1175
f 1175 1174 1363
f 1174 1172 1363
f 1363 1172 1170
f 1183 1181 1353
f 1354 1187 1188
f 1188 1367 1354
f 1367 1368 1354
f 1354 1368 1355
f 1181 1179 1353
f 1179 1177 1353
f 1353 1177 1354
f 1177 1176 1354
f 1354 1176 1187
f 1170 1168 1362
f 1168 1166 1362
f 1362 1166 1165
f 1156 1352 1165
f 1369 1370 1331
f 1199 1202 1349
f 1211 1213 1346
f 1202 1205 1349
f 1205 1206 1349
f 1349 1206 1350
f 1206 1208 1350
f 1223 1228 1371
f 1223 1371 1220
f 1370 1369 1233
f 1225 1224 1369
f 1224 1231 1369
f 1369 1231 1233
f 1213 1215 1346
f 1215 1216 1346
f 1346 1216 1347
f 1216 1218 1347
f 1188 1190 1367
f 1190 1193 1367
f 1367 1193 1194
f 1194 1196 1372
f 1373 1374 1375
f 1249 1267 1376
f 1267 1266 1376
f 1266 1264 1376
f 1264 1377 1376
f 1376 1377 1343
f 1239 1237 1378
f 1237 1236 1378
f 1378 1236 1249
f 1258 1256 1379
f 1256 1254 1379
f 1379 1254 1252
f 1277 1275 1375
f 1275 1273 1375
f 1380 1373 1342
f 1373 1375 1342
f 1342 1375 1271
f 1375 1273 1271
f 1280 1279 1381
f 1279 1277 1381
f 1264 1262 1377
f 1262 1260 1377
f 1377 1260 1258
f 1380 1288 1286
f 1305 1382 1307
f 1382 1383 1307
f 1307 1383 1308
f 1284 1282 1384
f 1282 1281 1384
f 1384 1281 1383
f 1281 1295 1383
f 1383 1295 1308
f 1314 1385 1316
f 1385 1386 1316
f 1316 1386 1317
f 1387 1325 1323
f 1387 1323 1388
f 1314 1312 1385
f 1312 1389 1385
f 1385 1389 1387
f 1389 1326 1387
f 1387 1326 1325
f 1305 1303 1382
f 1303 1301 1382
f 1382 1301 1386
f 1301 1299 1386
f 1386 1299 1317
f 1269 1293 1342
f 1293 1292 1342
f 1342 1292 1380
f 1292 1290 1380
f 1380 1290 1288
f 1390 1391 1392
f 1391 1332 1392
f 1392 1332 1378
f 1332 1241 1378
f 1378 1241 1239
f 1393 1394 1343
f 1394 1395 1343
f 1343 1395 1344
f 1395 1396 1344
f 1344 1396 1397
f 1249 1376 1378
f 1376 1344 1378
f 1378 1344 1392
f 1344 1397 1392
f 1392 1397 1390
f 1340 1398 1341
f 1398 1379 1341
f 1341 1379 1381
f 1379 1252 1381
f 1381 1252 1280
f 1399 1400 1401
f 1400 1402 1401
f 1402 1374 1401
f 1374 1373 1401
f 1401 1373 1403
f 1373 1380 1403
f 1403 1380 1384
f 1380 1286 1384
f 1384 1286 1284
f 1402 1404 1374
f 1404 1405 1374
f 1374 1405 1406
f 1277 1375 1381
f 1375 1374 1381
f 1381 1374 1341
f 1374 1406 1341
f 1341 1406 1339
f 1340 1407 1398
f 1407 1408 1398
f 1398 1408 1409
f 1258 1379 1377
f 1379 1398 1377
f 1377 1398 1343
f 1398 1409 1343
f 1343 1409 1393
f 1410 1411 1412
f 1410 1412 1413
f 1414 1415 1416
f 1415 1417 1416
f 1416 1417 1418
f 1414 1419 1415
f 1419 1420 1415
f 1415 1420 1410
f 1420 1421 1410
f 1410 1421 1411
f 1422 1423 1424
f 1423 1425 1424
f 1424 1425 1426
f 1427 1428 1429
f 1428 1430 1429
f 1427 1431 1428
f 1431 1432 1428
f 1428 1432 1425
f 1432 1433 1425
f 1425 1433 1426
f 1422 1434 1423
f 1434 1435 1423
f 1423 1435 1436
f 1435 1437 1436
f 1436 1437 1418
f 1412 1438 1413
f 1438 1439 1413
f 1413 1439 1440
f 1388 1430 1387
f 1430 1428 1387
f 1387 1428 1385
f 1428 1425 1385
f 1385 1425 1386
f 1425 1423 1386
f 1386 1423 1382
f 1423 1436 1382
f 1382 1436 1383
f 1436 1415 1383
f 1383 1415 1384
f 1415 1410 1384
f 1384 1410 1403
f 1410 1413 1403
f 1403 1413 1401
f 1413 1440 1401
f 1401 1440 1399
f 1441 1442 1360
f 1442 1443 1360
f 1444 1445 1446
f 1446 1447 1444
f 1447 1448 1444
f 1444 1448 1360
f 1448 1449 1360
f 1360 1449 1358
f 1450 1451 1365
f 1452 1453 1364
f 1453 1454 1364
f 1364 1454 1365
f 1454 1455 1365
f 1365 1455 1450
f 1175 1363 1359
f 1363 1365 1359
f 1359 1365 1360
f 1365 1451 1360
f 1360 1451 1441
f 1456 1457 1368
f 1457 1458 1368
f 1368 1458 1355
f 1458 1459 1355
f 1355 1459 1460
f 1460 1461 1355
f 1461 1356 1355
f 1355 1356 1353
f 1356 1352 1353
f 1353 1352 1183
f 1352 1184 1183
f 1462 1463 1357
f 1461 1464 1356
f 1464 1465 1356
f 1356 1465 1357
f 1465 1466 1357
f 1357 1466 1462
f 1165 1352 1362
f 1352 1357 1362
f 1362 1357 1364
f 1357 1463 1364
f 1364 1463 1452
f 1467 1468 1469
f 1468 1470 1469
f 1470 1471 1469
f 1471 1472 1469
f 1469 1472 1372
f 1334 1473 1335
f 1473 1474 1335
f 1335 1474 1351
f 1474 1475 1351
f 1351 1475 1476
f 1196 1199 1372
f 1199 1349 1372
f 1372 1349 1469
f 1349 1351 1469
f 1469 1351 1467
f 1351 1476 1467
f 1330 1477 1331
f 1477 1478 1331
f 1331 1478 1369
f 1478 1479 1369
f 1369 1479 1225
f 1479 1228 1225
f 1477 1480 1478
f 1480 1481 1478
f 1478 1481 1482
f 1218 1220 1347
f 1220 1371 1347
f 1347 1371 1338
f 1371 1478 1338
f 1338 1478 1336
f 1478 1482 1336
f 1337 1483 1338
f 1483 1484 1338
f 1338 1484 1348
f 1484 1485 1348
f 1348 1485 1486
f 1208 1211 1350
f 1211 1346 1350
f 1350 1346 1335
f 1346 1348 1335
f 1335 1348 1333
f 1348 1486 1333
f 1471 1487 1472
f 1487 1488 1472
f 1472 1488 1489
f 1194 1372 1367
f 1372 1472 1367
f 1367 1472 1368
f 1472 1489 1368
f 1368 1489 1456
f 1323 1321 1388
f 1321 1319 1388
f 1388 1319 1328
f 1233 1246 1370
f 1246 1245 1370
f 1370 1245 1243
f 1490 1430 1491
f 1430 1388 1491
f 1491 1388 1492
f 1388 1328 1492
f 1492 1328 932
f 1493 1494 1495
f 1494 1496 1495
f 1495 1496 1430
f 1496 1497 1430
f 1430 1497 1429
f 1390 1498 1391
f 1498 1499 1391
f 1391 1499 1500
f 1243 1332 1370
f 1332 1391 1370
f 1370 1391 1331
f 1391 1501 1331
f 1331 1501 1329
f 1502 1503 1504
f 1099 1100 1361
f 1505 1088 1506
f 1507 1508 1509
f 1448 1447 1510
f 1447 1446 1510
f 1510 1446 1511
f 1446 1445 1511
f 1507 1509 1512
f 1513 1514 1506
f 1514 1512 1506
f 1512 1509 1506
f 1509 1085 1506
f 1506 1085 1505
f 1515 1099 1516
f 1099 1361 1516
f 1516 1361 1510
f 1361 1358 1510
f 1510 1358 1449
f 1517 1518 1519
f 1518 1520 1519
f 1520 1521 1519
f 1521 1509 1519
f 1519 1509 1522
f 1509 1508 1522
f 1511 1523 1510
f 1523 1524 1510
f 1510 1524 1525
f 1525 1526 1510
f 1526 1527 1510
f 1510 1527 1506
f 1527 1528 1506
f 1506 1528 1513
f 1080 1082 1509
f 1082 1086 1509
f 1509 1086 1085
f 1529 1530 1509
f 1530 1531 1509
f 1509 1531 1080
f 1531 1076 1080
f 1532 1090 1506
f 1090 1092 1506
f 1506 1092 1510
f 1092 1096 1510
f 1510 1096 1516
f 1096 1095 1516
f 1516 1095 1515
f 1533 1046 1534
f 1533 1534 1535
f 1536 1537 1535
f 1537 1538 1535
f 1537 1539 1538
f 1539 1540 1538
f 1538 1540 1535
f 1540 983 1535
f 1536 1535 1541
f 1535 1534 1541
f 1541 1534 1542
f 1534 1543 1542
f 1542 1543 1544
f 1543 1545 1544
f 1544 1545 1546
f 1547 1548 1549
f 1548 1550 1549
f 1549 1550 1534
f 1550 1551 1534
f 1534 1551 1543
f 1552 1553 1554
f 1553 1555 1554
f 1555 1553 1556
f 1553 1557 1556
f 1556 1557 1558
f 1559 1560 1561
f 1560 1562 1561
f 1561 1562 1563
f 1562 1564 1563
f 1559 1565 1560
f 1565 1566 1560
f 1560 1566 1557
f 1566 1567 1557
f 1557 1567 1558
f 1059 1568 1061
f 1568 1569 1061
f 1061 1569 1062
f 1059 1058 1568
f 1058 1056 1568
f 1568 1056 1570
f 1056 1055 1570
f 1570 1055 1067
f 1067 1066 1570
f 1066 1064 1570
f 1570 1064 1571
f 1064 1063 1571
f 1070 1572 1573
f 1063 1075 1571
f 1075 1074 1571
f 1571 1074 1070
f 1074 1072 1070
f 1549 1049 1574
f 1049 1050 1574
f 1574 1050 1053
f 1046 1041 1534
f 1041 1040 1534
f 1534 1040 1549
f 1040 1047 1549
f 1549 1047 1049
f 1564 1562 1575
f 1562 1576 1575
f 1575 1576 1577
f 1576 1578 1577
f 1577 1578 1579
f 1580 1581 1574
f 1581 1582 1574
f 1574 1582 1549
f 1582 1583 1549
f 1549 1583 1547
f 1053 1052 1574
f 1052 1584 1574
f 1574 1584 1580
f 1584 1585 1580
f 1555 1586 1554
f 1586 1587 1554
f 1554 1587 1585
f 1588 1589 1590
f 1591 1592 1593
f 1592 1594 1593
f 1593 1594 1595
f 1594 1596 1595
f 1595 1596 1590
f 1596 1597 1590
f 1590 1597 1588
f 1552 1591 1553
f 1591 1593 1553
f 1553 1593 1557
f 1593 1595 1557
f 1557 1595 1560
f 1595 1590 1560
f 1560 1590 1562
f 1590 1589 1562
f 1562 1589 1576
f 1052 1598 1584
f 1598 1038 1584
f 1584 1038 1037
f 1599 1573 1571
f 1573 1600 1571
f 1571 1600 1570
f 1600 1601 1570
f 1570 1601 1568
f 1601 1602 1568
f 1568 1602 1569
f 1602 1037 1569
f 1569 1037 1062
f 1585 1584 1554
f 1584 1037 1554
f 1554 1037 1552
f 1037 1602 1552
f 1552 1602 1591
f 1602 1601 1591
f 1591 1601 1592
f 1601 1600 1592
f 1592 1600 1594
f 1600 1573 1594
f 1594 1573 1596
f 1573 1572 1596
f 1596 1572 1597
f 1603 1604 1605
f 1606 1607 1608
f 1607 1539 1608
f 1608 1539 1609
f 1539 1537 1609
f 1609 1537 1610
f 1537 1536 1610
f 1610 1536 1611
f 1536 1541 1611
f 1611 1541 1612
f 1541 1613 1612
f 1612 1613 1614
f 1613 1615 1614
f 1614 1615 1616
f 1614 1546 1617
f 947 945 1618
f 933 1619 1620
f 1621 922 1622
f 922 1623 1622
f 983 1624 1623
f 1624 1608 1623
f 1623 1608 1622
f 1608 1609 1622
f 1493 1495 1625
f 1495 1620 1625
f 1625 1620 1626
f 1627 1628 1629
f 1628 1630 1629
f 1629 1630 1631
f 1627 1632 1628
f 1632 1633 1628
f 1628 1633 1620
f 1633 1634 1620
f 1620 1634 1626
f 1635 1636 1637
f 1636 1618 1637
f 1637 1618 1638
f 1618 1639 1638
f 1640 1641 1639
f 1635 1642 1636
f 1642 1643 1636
f 1636 1643 1630
f 1643 1644 1630
f 1630 1644 1631
f 1645 1646 1647
f 1648 1649 1650
f 1650 1651 1652
f 1651 1653 1652
f 1652 1653 1646
f 1653 1654 1646
f 1646 1654 1647
f 1655 1656 1657
f 1622 1617 1658
f 1659 1658 1660
f 1660 1661 1659
f 1661 1662 1659
f 1659 1662 1663
f 1662 1664 1663
f 1663 1664 1655
f 1656 1665 1657
f 1665 1666 1657
f 1657 1666 1648
f 1666 1667 1648
f 1648 1667 1649
f 957 1668 1669
f 1650 1652 1648
f 1652 966 1648
f 1648 966 964
f 957 959 1668
f 959 960 1668
f 1668 960 962
f 1655 1657 1663
f 1657 973 1663
f 1663 973 972
f 1658 1659 1622
f 1659 1670 1622
f 1622 1670 1621
f 972 978 1663
f 978 1671 1663
f 1663 1671 1659
f 1671 975 1659
f 1659 975 1670
f 964 963 1648
f 963 968 1648
f 1648 968 1657
f 968 1672 1657
f 1657 1672 973
f 1673 1674 1620
f 1674 1492 1620
f 1620 1492 933
f 1492 932 933
f 1619 936 1620
f 936 937 1620
f 1620 937 1628
f 937 943 1628
f 1628 943 1630
f 943 941 1630
f 1675 955 1669
f 955 956 1669
f 1669 956 957
f 925 951 1675
f 951 953 1675
f 1675 953 955
f 1639 1618 1640
f 1618 945 1640
f 1640 945 926
f 941 939 1630
f 939 938 1630
f 1630 938 1636
f 938 950 1636
f 1636 950 1618
f 950 948 1618
f 1618 948 947
f 1609 1610 1622
f 1610 1676 1622
f 1622 1676 1617
f 1676 1677 1617
f 1617 1677 1614
f 1678 1679 1640
f 1679 1680 1640
f 1640 1680 1641
f 1647 1681 1645
f 1681 1682 1645
f 1645 1682 1678
f 1682 1683 1678
f 1678 1683 1679
f 926 925 1640
f 925 1675 1640
f 1640 1675 1678
f 1675 1669 1678
f 1678 1669 1645
f 1669 1668 1645
f 1645 1668 1646
f 1668 962 1646
f 1646 962 1652
f 962 967 1652
f 1652 967 966
f 1684 1685 1686
f 1684 1686 1687
f 1688 1689 1690
f 1689 1691 1690
f 1690 1691 1692
f 1691 1687 1692
f 1692 1687 1693
f 1687 1686 1693
f 1694 1695 1696
f 1697 1698 1699
f 1698 1700 1699
f 1700 1701 1699
f 1699 1701 1702
f 1703 1704 1702
f 1704 1705 1702
f 1702 1705 1699
f 1705 1706 1699
f 1699 1706 1697
f 1707 1708 1709
f 1708 1710 1709
f 1711 1712 1713
f 1712 1709 1713
f 1713 1709 1705
f 1709 1710 1705
f 1705 1710 1706
f 1714 1715 1716
f 1715 1717 1716
f 1716 1717 1711
f 1717 1718 1711
f 1711 1718 1712
f 1719 1720 1695
f 1720 1721 1695
f 1695 1721 1696
f 1695 1722 1719
f 1722 1723 1719
f 1719 1723 1714
f 1723 1724 1714
f 1714 1724 1715
f 1725 1726 1727
f 1727 1728 1725
f 1728 1729 1725
f 1725 1729 1730
f 1729 1731 1730
f 1730 1731 1732
f 1732 1733 1730
f 1733 1734 1730
f 1730 1734 1696
f 1734 1735 1696
f 1696 1735 1694
f 1736 1737 1738
f 1739 1740 1741
f 1742 1743 1744
f 1744 1743 1740
f 1743 1745 1740
f 1740 1745 1741
f 1744 1746 1747
f 1746 1748 1747
f 1749 1750 1740
f 1750 1751 1740
f 1740 1751 1744
f 1751 1752 1744
f 1744 1752 1746
f 1753 1754 1755
f 1756 1755 1736
f 1757 1758 1759
f 1758 1760 1759
f 1759 1760 1761
f 1736 1738 1756
f 1738 1762 1756
f 1756 1762 1763
f 1754 1753 1764
f 1753 1765 1764
f 1764 1765 1766
f 1765 1767 1766
f 1766 1767 1768
f 1769 1770 1763
f 1770 1771 1763
f 1763 1771 1772
f 1772 1773 1763
f 1773 1774 1763
f 1763 1774 1775
f 1755 1756 1753
f 1756 1763 1753
f 1753 1763 1765
f 1763 1775 1765
f 1765 1775 1767
f 1776 1777 1778
f 1779 1780 1747
f 1776 1778 1781
f 1778 1782 1781
f 1781 1782 1747
f 1782 1783 1747
f 1747 1783 1779
f 1742 1744 1784
f 1744 1747 1784
f 1784 1747 1785
f 1747 1780 1785
f 1785 1780 1786
f 1780 1787 1786
f 1786 1787 1788
f 1789 1790 1771
f 1790 1791 1771
f 1771 1791 1739
f 1791 1792 1739
f 1739 1792 1740
f 1792 1793 1740
f 1740 1793 1749
f 1741 1794 1739
f 1794 1795 1739
f 1739 1795 1771
f 1795 1796 1771
f 1771 1796 1797
f 1798 1742 1799
f 1774 1773 1800
f 1794 1741 1801
f 1802 1803 1804
f 1803 1805 1804
f 1804 1805 1806
f 1805 1807 1806
f 1806 1807 1808
f 1809 1810 1811
f 1810 1802 1811
f 1812 1813 1814
f 1813 1815 1814
f 1814 1815 1816
f 1817 1796 1795
f 1795 1794 1817
f 1794 1801 1817
f 1817 1801 1818
f 1801 1819 1818
f 1774 1800 1775
f 1768 1767 1820
f 1767 1821 1820
f 1822 1823 1824
f 1823 1825 1824
f 1824 1825 1821
f 1825 1826 1821
f 1821 1826 1820
f 1773 1797 1800
f 1797 1796 1800
f 1800 1796 1827
f 1796 1817 1827
f 1827 1817 1828
f 1817 1818 1828
f 1828 1818 1829
f 1830 1831 1832
f 1829 1833 1834
f 1833 1835 1834
f 1834 1835 1836
f 1835 1837 1836
f 1836 1837 1838
f 1839 1840 1841
f 1840 1842 1841
f 1841 1842 1843
f 1842 1844 1843
f 1843 1844 1845
f 1844 1846 1845
f 1845 1846 1847
f 1846 1848 1847
f 1848 1849 1847
f 1847 1849 1822
f 1849 1850 1822
f 1822 1850 1823
f 1851 1852 1853
f 1852 1854 1853
f 1831 1851 1832
f 1851 1853 1832
f 1832 1853 1855
f 1853 1854 1855
f 1855 1854 1856
f 1829 1818 1833
f 1818 1819 1833
f 1833 1819 1835
f 1819 1830 1835
f 1835 1830 1837
f 1830 1832 1837
f 1837 1832 1838
f 1832 1857 1838
f 1838 1857 1858
f 1857 1856 1858
f 1858 1856 1859
f 1860 1861 1821
f 1861 1800 1821
f 1821 1800 1824
f 1800 1827 1824
f 1824 1827 1822
f 1827 1828 1822
f 1822 1828 1847
f 1828 1829 1847
f 1847 1829 1845
f 1829 1862 1845
f 1845 1862 1843
f 1862 1836 1843
f 1843 1836 1841
f 1836 1838 1841
f 1841 1838 1863
f 1838 1858 1863
f 1863 1858 1864
f 1858 1859 1864
f 1864 1859 1865
f 1859 1866 1865
f 1867 1868 1869
f 1868 1870 1869
f 1869 1870 1871
f 1870 1872 1871
f 1871 1872 1873
f 1874 1875 1876
f 1875 1877 1876
f 1876 1877 1878
f 1879 1880 1881
f 1882 1883 1884
f 1885 1886 1887
f 1886 1888 1887
f 1887 1888 1884
f 1888 1889 1884
f 1884 1889 1882
f 1890 1891 1892
f 1891 1893 1892
f 1892 1893 1894
f 1893 1895 1894
f 1894 1895 1896
f 1895 1897 1896
f 1896 1897 1898
f 1897 1899 1898
f 1898 1899 1900
f 1901 1902 1878
f 1902 1903 1878
f 1878 1903 1904
f 1903 1905 1904
f 1904 1905 1906
f 1905 1907 1906
f 1908 1907 1909
f 1907 1905 1909
f 1909 1905 1910
f 1905 1903 1910
f 1910 1903 1911
f 1903 1902 1911
f 1883 1890 1884
f 1890 1892 1884
f 1884 1892 1887
f 1892 1912 1887
f 1887 1912 1885
f 1912 1896 1885
f 1885 1896 1913
f 1896 1898 1913
f 1913 1898 1914
f 1898 1900 1914
f 1914 1900 1915
f 1916 1917 1872
f 1917 1879 1872
f 1872 1879 1902
f 1879 1918 1902
f 1902 1918 1911
f 1918 1919 1911
f 1911 1919 1910
f 1919 1920 1910
f 1910 1920 1921
f 1920 1922 1921
f 1921 1922 1908
f 1922 1923 1908
f 1924 1925 1915
f 1925 1926 1915
f 1915 1926 1914
f 1926 1927 1914
f 1914 1927 1913
f 1927 1928 1913
f 1913 1928 1885
f 1928 1929 1885
f 1885 1929 1886
f 1802 1804 1811
f 1804 1930 1811
f 1811 1930 1931
f 1874 1932 1873
f 1932 1933 1873
f 1873 1933 1871
f 1933 1934 1871
f 1871 1934 1869
f 1935 1936 1937
f 1936 1938 1937
f 1937 1938 1939
f 1938 1940 1939
f 1941 1930 1942
f 1930 1804 1942
f 1942 1804 1938
f 1804 1943 1938
f 1938 1943 1940
f 1788 1812 1786
f 1812 1814 1786
f 1786 1814 1944
f 1814 1945 1944
f 1745 1743 1946
f 1743 1947 1946
f 1946 1947 1948
f 1947 1949 1948
f 1950 1949 1951
f 1949 1947 1951
f 1951 1947 1814
f 1947 1742 1814
f 1814 1742 1784
f 1952 1809 1814
f 1809 1811 1814
f 1814 1811 1951
f 1811 1931 1951
f 1951 1931 1950
f 1931 1930 1950
f 1950 1930 1953
f 1930 1941 1953
f 1953 1941 1954
f 1955 1956 1957
f 1956 1923 1957
f 1957 1923 1958
f 1923 1922 1958
f 1958 1922 1959
f 1922 1920 1959
f 1959 1920 1960
f 1920 1919 1960
f 1960 1919 1961
f 1919 1918 1961
f 1961 1918 1962
f 1918 1879 1962
f 1962 1879 1963
f 1879 1964 1963
f 1965 1966 1883
f 1966 1839 1883
f 1883 1839 1890
f 1839 1841 1890
f 1890 1841 1891
f 1841 1863 1891
f 1891 1863 1893
f 1863 1864 1893
f 1893 1864 1895
f 1864 1865 1895
f 1895 1865 1897
f 1865 1967 1897
f 1897 1967 1899
f 1935 1968 1936
f 1968 1969 1936
f 1936 1969 1970
f 1876 1954 1874
f 1954 1941 1874
f 1874 1941 1932
f 1941 1942 1932
f 1932 1942 1933
f 1942 1938 1933
f 1933 1938 1934
f 1938 1936 1934
f 1934 1936 1869
f 1936 1970 1869
f 1869 1970 1971
f 1741 1745 1801
f 1745 1946 1801
f 1801 1946 1819
f 1946 1948 1819
f 1819 1948 1830
f 1948 1949 1830
f 1830 1949 1831
f 1949 1950 1831
f 1831 1950 1851
f 1950 1953 1851
f 1851 1953 1852
f 1953 1954 1852
f 1852 1954 1854
f 1954 1876 1854
f 1854 1876 1856
f 1876 1878 1856
f 1856 1878 1859
f 1878 1904 1859
f 1859 1904 1866
f 1904 1906 1866
f 1866 1906 1899
f 1906 1907 1899
f 1899 1907 1900
f 1907 1908 1900
f 1900 1908 1915
f 1908 1923 1915
f 1915 1923 1924
f 1923 1956 1924
f 1972 1973 1974
f 1975 1976 1977
f 1978 1979 1980
f 1981 1982 1983
f 1982 1984 1983
f 1985 1986 1982
f 1986 1987 1982
f 1987 1988 1982
f 1988 1989 1982
f 1982 1989 1984
f 1985 1990 1986
f 1990 1991 1986
f 1986 1991 1992
f 1993 1994 1995
f 1991 1996 1992
f 1996 1995 1992
f 1992 1995 1997
f 1995 1994 1997
f 1998 1999 2000
f 1999 2001 2000
f 1995 2002 1993
f 2002 2000 1993
f 1993 2000 2003
f 2000 2001 2003
f 1998 2004 1999
f 2004 2005 1999
f 1999 2005 1980
f 2005 2006 1980
f 1980 2006 1978
f 2007 1979 2008
f 1979 2009 2008
f 2007 2010 1979
f 2010 2011 1979
f 1979 2011 1980
f 2009 2012 2008
f 2012 2013 2008
f 2008 2013 2014
f 2013 2015 2014
f 1977 1976 2016
f 2013 2017 2015
f 2017 2018 2015
f 2015 2018 2019
f 2018 2020 2019
f 2020 2018 1976
f 2018 2021 1976
f 1976 2021 2016
f 1975 1977 2022
f 1977 2023 2022
f 2022 2023 2024
f 1974 1973 2025
f 1973 2026 2025
f 2025 2026 2024
f 2026 2027 2024
f 2024 2027 2022
f 2028 1737 2029
f 1972 1974 2029
f 1974 2030 2029
f 2029 2030 2028
f 2031 2032 2033
f 2034 2035 2036
f 2037 2038 2039
f 2040 2041 2042
f 2040 2042 2043
f 2044 2045 2046
f 2045 2047 2046
f 2046 2047 2048
f 2047 2049 2048
f 2048 2049 2050
f 2049 2051 2050
f 2050 2051 2052
f 2053 2054 2055
f 2054 2056 2055
f 2055 2056 2057
f 2056 2058 2057
f 2057 2058 2044
f 2038 2059 2039
f 2059 2060 2039
f 2039 2060 2061
f 2060 2062 2061
f 2061 2062 2053
f 2032 2063 2033
f 2063 2064 2033
f 2033 2064 2036
f 2064 2065 2036
f 2036 2065 2034
f 2066 2031 2067
f 2031 2033 2067
f 2067 2033 1955
f 2033 2068 1955
f 2068 2033 1924
f 2033 2036 1924
f 1924 2036 1925
f 2035 1927 2036
f 1927 1926 2036
f 2036 1926 1925
f 1886 1929 2035
f 1929 1928 2035
f 2035 1928 1927
f 2034 2037 2035
f 2037 2039 2035
f 2035 2039 1886
f 2039 2061 1886
f 1886 2061 1888
f 2053 2055 2061
f 2055 1889 2061
f 2061 1889 1888
f 1839 2069 2055
f 2069 1882 2055
f 2055 1882 1889
f 2044 2046 2057
f 2046 1842 2057
f 2057 1842 2055
f 1842 2070 2055
f 2055 2070 1839
f 1849 1848 2048
f 1848 1846 2048
f 2048 1846 2046
f 1846 1844 2046
f 2046 1844 1842
f 1820 1826 2071
f 1826 1825 2071
f 2071 1825 2050
f 1825 1823 2050
f 2050 1823 2048
f 1823 1850 2048
f 2048 1850 1849
f 1768 1820 2042
f 1820 2071 2042
f 2042 2071 2043
f 2071 2050 2043
f 2043 2050 2072
f 2050 2052 2072
f 2073 2074 2075
f 1981 1983 2076
f 1983 2073 2076
f 2076 2073 2077
f 2073 2075 2077
f 2078 2079 2080
f 2081 2082 2083
f 2081 2083 2079
f 2079 2083 2080
f 2083 2084 2080
f 2080 2084 2085
f 2085 2086 2080
f 2086 2087 2080
f 2080 2087 2088
f 2087 2089 2088
f 2088 2089 2090
f 2090 2091 2088
f 2091 2092 2088
f 2088 2092 2093
f 2093 2094 2088
f 2094 2095 2088
f 2088 2095 2096
f 2096 2097 2088
f 2097 2098 2088
f 2088 2098 2099
f 2100 2101 2102
f 2101 2103 2102
f 2102 2103 2104
f 2104 2105 2102
f 2105 2106 2102
f 2102 2106 2107
f 2107 2108 2102
f 2108 2109 2102
f 2102 2109 2110
f 2110 2111 2102
f 2111 2112 2102
f 2102 2112 2113
f 2112 2114 2113
f 2114 2115 2113
f 2113 2115 2116
f 2116 2117 2113
f 2117 2118 2113
f 2113 2118 2119
f 2118 2120 2119
f 2119 2120 2121
f 2078 2080 2122
f 2080 2119 2122
f 2122 2119 2123
f 2119 2121 2123
f 2123 2121 2124
f 2125 2126 2127
f 2127 2066 2125
f 2066 2067 2125
f 2125 2067 1955
f 2128 2129 2130
f 2131 2132 2133
f 2132 2134 2133
f 2133 2134 2135
f 2134 2136 2135
f 2137 2138 2139
f 2131 2140 2132
f 2140 2141 2132
f 2132 2141 2142
f 2141 2143 2142
f 2142 2143 2144
f 2143 2145 2144
f 2144 2145 2146
f 2145 2147 2146
f 2146 2147 2139
f 2147 2148 2139
f 2139 2148 2137
f 2149 2150 2129
f 2150 2151 2129
f 2129 2151 2130
f 2137 2152 2138
f 2152 2153 2138
f 2138 2153 2154
f 2153 2155 2154
f 2154 2155 2156
f 2155 2157 2156
f 2156 2157 2149
f 2157 2158 2149
f 2149 2158 2150
f 2159 2160 2161
f 2128 2130 2160
f 2130 2162 2160
f 2160 2162 2161
f 2161 2163 2159
f 2163 2164 2159
f 2159 2164 2165
f 2164 2166 2165
f 2165 2166 2167
f 2166 2168 2167
f 2168 2169 2167
f 2169 2170 2167
f 2167 2170 2171
f 2170 2172 2171
f 2173 2174 2175
f 2172 2170 2175
f 2170 2176 2175
f 2175 2176 2173
f 2177 2178 2179
f 2179 2180 2177
f 2180 2181 2177
f 2177 2181 2182
f 2181 2175 2182
f 2182 2175 2183
f 2175 2174 2183
f 2184 2185 2186
f 2187 2188 2189
f 2190 2191 2192
f 2193 2194 2195
f 2196 2186 2197
f 2198 2199 2200
f 2201 2202 2203
f 2204 2205 2206
f 2205 2207 2208
f 2205 2208 2206
f 2208 2209 2206
f 2206 2209 2210
f 2209 2211 2210
f 2210 2211 2212
f 2211 2213 2212
f 2212 2213 2214
f 2215 2216 2200
f 2216 2217 2200
f 2200 2217 2198
f 2217 2218 2198
f 2198 2218 2219
f 2220 2196 2221
f 2222 2223 2224
f 2223 2197 2224
f 2224 2197 2225
f 2197 2186 2225
f 2225 2186 2226
f 2186 2227 2226
f 2228 2229 2230
f 2229 2231 2230
f 2230 2231 2232
f 2231 2220 2232
f 2233 2228 2234
f 2228 2230 2234
f 2234 2230 2235
f 2230 2232 2235
f 2236 2237 2238
f 2237 2223 2238
f 2238 2223 2239
f 2223 2222 2239
f 2236 2240 2241
f 2220 2221 2232
f 2221 2242 2232
f 2232 2242 2235
f 2242 2194 2235
f 2235 2194 2234
f 2194 2193 2234
f 2234 2193 2243
f 2236 2241 2237
f 2241 2244 2237
f 2237 2244 2245
f 2196 2197 2221
f 2197 2223 2221
f 2221 2223 2242
f 2223 2237 2242
f 2242 2237 2194
f 2237 2245 2194
f 2194 2245 2195
f 2199 2201 2200
f 2201 2203 2200
f 2200 2203 2215
f 2203 2246 2215
f 2215 2246 2247
f 2246 2248 2247
f 2247 2248 2249
f 2248 2250 2249
f 2249 2250 2251
f 2250 2252 2251
f 2251 2252 2253
f 2252 2254 2253
f 2253 2254 2255
f 2254 2256 2255
f 2213 2257 2214
f 2257 2258 2214
f 2214 2258 2259
f 2258 2260 2259
f 2259 2260 2261
f 2260 2262 2261
f 2261 2262 2263
f 2262 2264 2263
f 2263 2264 2265
f 2264 2266 2265
f 2265 2266 2267
f 2266 2268 2267
f 2267 2268 2269
f 2268 2270 2269
f 2269 2270 2271
f 2270 2272 2271
f 2271 2272 2192
f 2272 2273 2192
f 2192 2273 2190
f 2273 2274 2190
f 2190 2274 2275
f 2191 2187 2192
f 2187 2189 2192
f 2192 2189 2271
f 2189 2276 2271
f 2271 2276 2269
f 2276 2277 2269
f 2269 2277 2267
f 2277 2278 2267
f 2267 2278 2265
f 2278 2279 2265
f 2265 2279 2263
f 2279 2280 2263
f 2263 2280 2261
f 2280 2281 2261
f 2261 2281 2259
f 2281 2282 2259
f 2259 2282 2214
f 2282 2283 2214
f 2214 2283 2212
f 2195 2284 2193
f 2284 2285 2193
f 2193 2285 2233
f 2285 2255 2233
f 2233 2255 2228
f 2255 2256 2228
f 2228 2256 2229
f 2256 2286 2229
f 2229 2286 2231
f 2286 2287 2231
f 2231 2287 2220
f 2287 2288 2220
f 2220 2288 2196
f 2288 2289 2196
f 2196 2289 2186
f 2289 2290 2186
f 2186 2290 2184
f 2290 2291 2184
f 2284 2292 2285
f 2292 2293 2285
f 2285 2293 2255
f 2293 2294 2255
f 2255 2294 2253
f 2295 2296 2253
f 2296 2297 2253
f 2253 2297 2251
f 2297 2298 2251
f 2251 2298 2249
f 2298 2299 2249
f 2249 2299 2247
f 2299 2300 2247
f 2247 2300 2215
f 2300 2301 2215
f 2215 2301 2216
f 2202 2204 2203
f 2204 2206 2203
f 2203 2206 2246
f 2206 2210 2246
f 2246 2210 2248
f 2210 2212 2248
f 2248 2212 2250
f 2212 2283 2250
f 2250 2283 2252
f 2283 2282 2252
f 2252 2282 2254
f 2282 2281 2254
f 2254 2281 2256
f 2281 2280 2256
f 2256 2280 2286
f 2280 2279 2286
f 2286 2279 2287
f 2279 2278 2287
f 2287 2278 2288
f 2278 2277 2288
f 2288 2277 2289
f 2277 2276 2289
f 2289 2276 2290
f 2276 2189 2290
f 2290 2189 2291
f 2189 2188 2291
f 2302 2303 2304
f 2305 2306 2307
f 2308 2309 2310
f 2311 2312 2313
f 2314 2315 2316
f 2315 2317 2316
f 2316 2317 2318
f 2319 2320 2321
f 2320 2322 2321
f 2321 2322 2323
f 2309 2219 2310
f 2219 2218 2310
f 2310 2218 2324
f 2218 2217 2324
f 2325 2313 2326
f 2313 2312 2326
f 2326 2312 2327
f 2306 2318 2307
f 2318 2317 2307
f 2307 2317 2328
f 2317 2315 2328
f 2329 2330 2331
f 2332 2333 2334
f 2335 2336 2332
f 2336 2337 2332
f 2332 2337 2333
f 2337 2338 2333
f 2333 2338 2339
f 2319 2340 2320
f 2340 2341 2320
f 2320 2341 2342
f 2341 2343 2342
f 2342 2343 2344
f 2343 2345 2344
f 2344 2345 2346
f 2345 2347 2346
f 2346 2347 2334
f 2348 2349 2350
f 2334 2333 2346
f 2333 2339 2346
f 2346 2339 2344
f 2339 2351 2344
f 2344 2351 2342
f 2351 2350 2342
f 2342 2350 2320
f 2350 2352 2320
f 2320 2352 2353
f 2338 2354 2339
f 2354 2355 2339
f 2339 2355 2351
f 2355 2356 2351
f 2351 2356 2350
f 2356 2357 2350
f 2350 2357 2348
f 2358 2359 2360
f 2359 2361 2360
f 2360 2361 2362
f 2363 2364 2365
f 2364 2366 2365
f 2365 2366 2367
f 2366 2368 2367
f 2367 2368 2369
f 2368 2370 2369
f 2371 2372 2358
f 2372 2373 2358
f 2358 2373 2359
f 2360 2374 2358
f 2374 2375 2358
f 2358 2375 2371
f 2375 2376 2371
f 2371 2376 2377
f 2378 2379 2380
f 2331 2330 2381
f 2330 2382 2381
f 2381 2382 2377
f 2382 2383 2377
f 2377 2383 2371
f 2383 2384 2371
f 2371 2384 2372
f 2385 2386 2387
f 2386 2388 2387
f 2363 2389 2364
f 2389 2390 2364
f 2364 2390 2388
f 2390 2391 2388
f 2388 2391 2387
f 2385 2392 2386
f 2392 2393 2386
f 2386 2393 2394
f 2393 2302 2394
f 2395 2396 2397
f 2396 2398 2397
f 2397 2398 2399
f 2400 2401 2402
f 2399 2403 2397
f 2403 2404 2397
f 2397 2404 2401
f 2404 2405 2401
f 2401 2405 2402
f 2379 2395 2380
f 2395 2397 2380
f 2380 2397 2406
f 2397 2401 2406
f 2406 2401 2407
f 2401 2400 2407
f 2407 2400 2408
f 2304 2409 2398
f 2409 2410 2398
f 2398 2410 2399
f 2302 2304 2394
f 2304 2398 2394
f 2394 2398 2386
f 2398 2396 2386
f 2386 2396 2388
f 2396 2395 2388
f 2388 2395 2364
f 2395 2379 2364
f 2364 2379 2366
f 2379 2378 2366
f 2366 2378 2368
f 2362 2370 2360
f 2370 2368 2360
f 2360 2368 2374
f 2368 2378 2374
f 2374 2378 2375
f 2378 2380 2375
f 2375 2380 2376
f 2380 2406 2376
f 2376 2406 2377
f 2406 2407 2377
f 2377 2407 2381
f 2407 2408 2381
f 2381 2408 2331
f 2241 2240 2411
f 2412 2413 2414
f 2412 2414 2415
f 2411 2415 2241
f 2415 2414 2241
f 2241 2414 2244
f 2414 2245 2244
f 2414 2416 2245
f 2416 2417 2245
f 2245 2417 2195
f 2417 2284 2195
f 2418 2419 2420
f 2419 2421 2420
f 2420 2421 2422
f 2423 2424 2425
f 2424 2426 2425
f 2425 2426 2427
f 2428 2429 2361
f 2429 2430 2361
f 2361 2430 2362
f 2417 2431 2284
f 2431 2432 2284
f 2284 2432 2292
f 2432 2433 2292
f 2292 2433 2293
f 2217 2216 2324
f 2216 2301 2324
f 2324 2301 2434
f 2301 2300 2434
f 2434 2300 2435
f 2300 2299 2435
f 2435 2299 2436
f 2299 2298 2436
f 2436 2298 2437
f 2298 2297 2437
f 2437 2297 2438
f 2297 2439 2438
f 2438 2439 2433
f 2439 2440 2433
f 2433 2440 2293
f 2421 2423 2422
f 2423 2425 2422
f 2422 2425 2441
f 2425 2442 2441
f 2441 2442 2443
f 2442 2444 2443
f 2443 2444 2445
f 2444 2446 2445
f 2445 2446 2447
f 2446 2448 2447
f 2447 2448 2449
f 2448 2450 2449
f 2449 2450 2451
f 2450 2452 2451
f 2451 2452 2453
f 2452 2454 2453
f 2453 2454 2455
f 2454 2456 2455
f 2455 2456 2457
f 2456 2458 2457
f 2457 2458 2325
f 2458 2459 2325
f 2325 2459 2313
f 2459 2460 2313
f 2313 2460 2311
f 2327 2308 2326
f 2308 2310 2326
f 2326 2310 2325
f 2310 2324 2325
f 2325 2324 2457
f 2324 2434 2457
f 2457 2434 2455
f 2434 2435 2455
f 2455 2435 2453
f 2435 2436 2453
f 2453 2436 2451
f 2436 2437 2451
f 2451 2437 2449
f 2437 2438 2449
f 2449 2438 2447
f 2438 2433 2447
f 2447 2433 2445
f 2433 2432 2445
f 2445 2432 2443
f 2432 2431 2443
f 2443 2431 2441
f 2431 2417 2441
f 2441 2417 2422
f 2417 2416 2422
f 2422 2416 2420
f 2416 2414 2420
f 2420 2414 2418
f 2414 2413 2418
f 2402 2335 2400
f 2335 2332 2400
f 2400 2332 2408
f 2332 2334 2408
f 2408 2334 2331
f 2334 2347 2331
f 2331 2347 2329
f 2347 2345 2329
f 2329 2345 2328
f 2345 2343 2328
f 2328 2343 2307
f 2343 2341 2307
f 2307 2341 2305
f 2341 2340 2305
f 2427 2428 2425
f 2428 2361 2425
f 2425 2361 2442
f 2361 2359 2442
f 2442 2359 2444
f 2359 2373 2444
f 2444 2373 2446
f 2373 2372 2446
f 2446 2372 2448
f 2372 2384 2448
f 2448 2384 2450
f 2384 2383 2450
f 2450 2383 2452
f 2383 2382 2452
f 2452 2382 2454
f 2382 2330 2454
f 2454 2330 2456
f 2330 2329 2456
f 2456 2329 2458
f 2329 2328 2458
f 2458 2328 2459
f 2328 2315 2459
f 2459 2315 2460
f 2315 2314 2460
f 2460 2314 2311
f 2461 2462 2463
f 2464 2465 2466
f 2466 2465 2467
f 2468 2463 2469
f 2470 2471 2472
f 2473 2474 2475
f 2474 2323 2475
f 2475 2323 2322
f 2476 2477 2478
f 2477 2354 2478
f 2478 2354 2479
f 2322 2349 2475
f 2349 2348 2475
f 2475 2348 2480
f 2348 2357 2480
f 2480 2357 2476
f 2357 2481 2476
f 2476 2481 2482
f 2483 2484 2485
f 2484 2486 2485
f 2485 2486 2487
f 2486 2488 2487
f 2487 2488 2489
f 2490 2468 2491
f 2492 2493 2463
f 2493 2494 2463
f 2463 2494 2469
f 2494 2495 2469
f 2469 2495 2496
f 2497 2498 2499
f 2498 2500 2499
f 2499 2500 2501
f 2500 2496 2501
f 2501 2496 2502
f 2496 2495 2502
f 2503 2504 2505
f 2504 2506 2505
f 2505 2506 2507
f 2506 2508 2507
f 2507 2508 2509
f 2508 2510 2509
f 2509 2510 2490
f 2504 2511 2506
f 2511 2512 2506
f 2506 2512 2508
f 2512 2513 2508
f 2508 2513 2510
f 2489 2488 2514
f 2488 2515 2514
f 2514 2515 2516
f 2515 2517 2516
f 2516 2517 2518
f 2517 2519 2518
f 2518 2519 2520
f 2519 2521 2520
f 2520 2521 2467
f 2521 2522 2467
f 2467 2522 2466
f 2490 2491 2509
f 2491 2523 2509
f 2509 2523 2507
f 2523 2524 2507
f 2507 2524 2505
f 2524 2525 2505
f 2505 2525 2503
f 2468 2469 2491
f 2469 2496 2491
f 2491 2496 2523
f 2496 2500 2523
f 2523 2500 2524
f 2500 2498 2524
f 2524 2498 2525
f 2484 2470 2486
f 2470 2472 2486
f 2486 2472 2488
f 2472 2526 2488
f 2488 2526 2515
f 2526 2527 2515
f 2515 2527 2517
f 2527 2528 2517
f 2517 2528 2519
f 2528 2529 2519
f 2519 2529 2521
f 2529 2530 2521
f 2521 2530 2522
f 2530 2531 2522
f 2304 2303 2532
f 2304 2533 2409
f 2533 2534 2409
f 2409 2534 2410
f 2304 2532 2533
f 2532 2535 2533
f 2533 2535 2536
f 2537 2402 2405
f 2537 2538 2539
f 2538 2404 2539
f 2539 2404 2540
f 2404 2541 2540
f 2540 2541 2534
f 2541 2399 2534
f 2534 2399 2410
f 2536 2542 2533
f 2542 2543 2533
f 2533 2543 2534
f 2543 2544 2534
f 2534 2544 2540
f 2544 2545 2540
f 2540 2545 2539
f 2545 2546 2539
f 2539 2546 2537
f 2354 2547 2479
f 2547 2548 2479
f 2479 2548 2549
f 2548 2336 2549
f 2549 2336 2537
f 2336 2335 2537
f 2537 2335 2402
f 2503 2464 2504
f 2464 2466 2504
f 2504 2466 2511
f 2466 2522 2511
f 2511 2522 2512
f 2522 2531 2512
f 2512 2531 2513
f 2531 2550 2513
f 2513 2550 2510
f 2550 2551 2510
f 2510 2551 2490
f 2551 2552 2490
f 2490 2552 2468
f 2552 2553 2468
f 2468 2553 2463
f 2553 2554 2463
f 2463 2554 2461
f 2554 2555 2461
f 2465 2556 2557
f 2556 2558 2557
f 2557 2558 2520
f 2558 2559 2520
f 2520 2559 2518
f 2559 2560 2518
f 2518 2560 2516
f 2560 2561 2516
f 2516 2561 2514
f 2471 2473 2472
f 2473 2475 2472
f 2472 2475 2526
f 2475 2480 2526
f 2526 2480 2527
f 2480 2476 2527
f 2527 2476 2528
f 2476 2478 2528
f 2528 2478 2529
f 2478 2479 2529
f 2529 2479 2530
f 2479 2549 2530
f 2530 2549 2531
f 2549 2537 2531
f 2531 2537 2550
f 2537 2562 2550
f 2550 2562 2551
f 2562 2545 2551
f 2551 2545 2552
f 2545 2544 2552
f 2552 2544 2553
f 2544 2543 2553
f 2553 2543 2554
f 2543 2542 2554
f 2554 2542 2555
f 2542 2536 2555
f 2563 2564 2565
f 2564 2566 2565
f 2565 2566 2567
f 2566 2568 2567
f 2569 2570 2571
f 2570 2564 2571
f 2571 2564 2572
f 2564 2563 2572
f 2573 2574 2575
f 2574 2576 2575
f 2575 2576 2577
f 2576 2578 2577
f 2579 2580 2581
f 2580 2574 2581
f 2581 2574 2582
f 2574 2573 2582
f 2583 2584 2585
f 2584 2586 2585
f 2585 2586 2587
f 2586 2588 2587
f 2589 2590 2591
f 2590 2592 2591
f 2591 2592 2593
f 2592 2583 2593
f 2411 2240 2594
f 2595 2594 2596
f 2594 2597 2596
f 2411 2594 2415
f 2594 2595 2415
f 2415 2595 2412
f 2595 2598 2412
f 2412 2598 2413
f 2598 2599 2413
f 2413 2599 2418
f 2599 2600 2418
f 2418 2600 2419
f 2600 2601 2419
f 2601 2602 2419
f 2419 2602 2421
f 2602 2603 2421
f 2421 2603 2423
f 2423 2603 2424
f 2603 2604 2424
f 2424 2604 2426
f 2604 2605 2426
f 2605 2606 2426
f 2426 2606 2427
f 2606 2607 2427
f 2427 2607 2428
f 2607 2608 2428
f 2428 2608 2429
f 2608 2609 2429
f 2429 2609 2430
f 2609 2610 2430
f 2430 2610 2362
f 2610 2611 2362
f 2362 2611 2370
f 2611 2612 2370
f 2370 2612 2369
f 2612 2613 2369
f 2369 2613 2367
f 2613 2614 2367
f 2614 2615 2367
f 2367 2615 2365
f 2615 2616 2365
f 2365 2616 2363
f 2616 2617 2363
f 2363 2617 2389
f 2617 2618 2389
f 2389 2618 2390
f 2618 2619 2390
f 2620 2621 2622
f 2620 2622 2623
f 2622 2303 2623
f 2623 2303 2302
f 2302 2393 2623
f 2393 2392 2623
f 2623 2392 2624
f 2392 2385 2624
f 2624 2385 2625
f 2385 2387 2625
f 2625 2387 2619
f 2387 2391 2619
f 2619 2391 2390
f 2626 2627 2628
f 2629 2630 2631
f 2632 2633 2634
f 2635 2636 2637
f 2636 2638 2637
f 2637 2638 2634
f 2638 2639 2634
f 2634 2639 2632
f 2640 2641 2642
f 2641 2643 2642
f 2642 2643 2644
f 2637 2645 2635
f 2645 2646 2635
f 2635 2646 2647
f 2646 2640 2647
f 2647 2640 2648
f 2640 2642 2648
f 2643 2649 2650
f 2649 2651 2650
f 2650 2651 2652
f 2651 2653 2652
f 2653 2651 2630
f 2651 2654 2630
f 2630 2654 2631
f 2655 2656 2631
f 2656 2657 2631
f 2631 2657 2629
f 2658 2659 2660
f 2658 2660 2661
f 2655 2662 2656
f 2662 2659 2656
f 2656 2659 2663
f 2659 2658 2663
f 2660 2664 2661
f 2664 2665 2661
f 2661 2665 2666
f 2665 2667 2666
f 2668 2669 2670
f 2665 2671 2667
f 2671 2670 2667
f 2667 2670 2672
f 2670 2669 2672
f 2673 2674 2675
f 2674 2676 2675
f 2670 2677 2668
f 2677 2675 2668
f 2668 2675 2678
f 2675 2676 2678
f 2673 2679 2674
f 2679 2680 2674
f 2674 2680 2681
f 2681 2680 2682
f 2680 2683 2682
f 2682 2683 2684
f 2683 2685 2684
f 2684 2685 2686
f 2628 2627 2687
f 2688 2689 2686
f 2689 2690 2686
f 2686 2690 2684
f 2687 2627 2691
f 2627 2692 2691
f 2691 2692 2686
f 2692 2693 2686
f 2686 2693 2688
f 2694 2695 2696
f 2695 2697 2696
f 2697 2698 2696
f 2696 2698 2699
f 2698 2700 2699
f 2699 2700 2701
f 2700 2702 2701
f 2701 2702 2703
f 2702 2704 2703
f 2703 2704 2628
f 2704 2705 2628
f 2628 2705 2626
f 2706 2707 2708
f 2707 2709 2708
f 2708 2710 2706
f 2710 2711 2706
f 2706 2711 2712
f 2711 2713 2712
f 2712 2713 2696
f 2713 2714 2696
f 2696 2714 2694
f 2567 2568 2715
f 2568 2716 2715
f 2707 2717 2709
f 2717 2715 2709
f 2709 2715 2718
f 2715 2716 2718
f 2719 2634 2633
f 2720 2721 2722
f 2722 2723 2720
f 2723 2724 2720
f 2720 2724 2725
f 2725 2726 2720
f 2726 2727 2720
f 2720 2727 2728
f 2727 2729 2728
f 2728 2729 2730
f 2730 2731 2728
f 2731 2732 2728
f 2728 2732 2633
f 2732 2733 2633
f 2633 2733 2719
f 2721 2734 2722
f 2734 2735 2722
f 2722 2735 2736
f 2735 2737 2736
f 2736 2737 2738
f 2739 2740 2736
f 2740 2741 2736
f 2736 2741 2742
f 2741 2743 2742
f 2742 2743 2744
f 2745 2746 2747
f 2745 2747 2748
f 2744 2743 2747
f 2743 2749 2747
f 2747 2749 2748
f 2745 2750 2746
f 2750 2751 2746
f 2746 2751 2752
f 2751 2753 2752
f 2752 2753 2754
f 2753 2755 2754
f 2754 2755 2756
f 2755 2757 2756
f 2756 2757 2758
f 2759 2760 2758
f 2760 2761 2758
f 2758 2761 2756
f 2758 2762 2759
f 2762 2763 2759
f 2759 2763 2764
f 2763 2765 2764
f 2764 2765 2766
f 2765 2767 2766
f 2766 2767 2768
f 2768 2769 2766
f 2769 2770 2766
f 2766 2770 2771
f 2771 2772 2766
f 2772 2773 2766
f 2766 2773 2774
f 2773 2775 2774
f 2774 2775 2776
f 2776 2775 2777
f 2775 2778 2777
f 2777 2778 2779
f 2778 2780 2779
f 2779 2780 2781
f 2780 2782 2781
f 2782 2783 2781
f 2781 2783 2784
f 2783 2785 2784
f 2784 2785 2786
f 2785 2787 2786
f 2787 2788 2786
f 2786 2788 2789
f 2788 2790 2789
f 2789 2790 2791
f 2790 2792 2791
f 2792 2793 2791
f 2791 2793 2794
f 2793 2795 2794
f 2794 2795 2796
f 2795 2797 2796
f 2797 2798 2796
f 2796 2798 2799
f 2798 2800 2799
f 2799 2800 2801
f 2800 2802 2801
f 2803 2804 2805
f 2800 2806 2802
f 2806 2807 2802
f 2802 2807 2808
f 2807 2805 2808
f 2808 2805 2809
f 2805 2804 2809
f 2805 2810 2803
f 2810 2811 2803
f 2803 2811 2812
f 2811 2813 2812
f 2812 2813 2569
f 2813 2570 2569
f 2814 2815 2816
f 2817 2818 2819
f 2820 2821 2822
f 2823 2824 2825
f 2826 2827 2828
f 2829 2830 2831
f 2830 2832 2831
f 2831 2832 2833
f 2834 2835 2836
f 2835 2837 2836
f 2836 2837 2838
f 2837 2839 2838
f 2838 2839 2833
f 2840 2841 2842
f 2841 2843 2842
f 2842 2843 2836
f 2843 2844 2836
f 2836 2844 2834
f 2845 2846 2847
f 2846 2848 2847
f 2847 2848 2849
f 2848 2840 2849
f 2850 2851 2852
f 2851 2853 2852
f 2852 2853 2854
f 2854 2853 2855
f 2853 2856 2855
f 2855 2856 2857
f 2858 2859 2860
f 2861 2862 2863
f 2862 2864 2863
f 2863 2864 2865
f 2864 2866 2865
f 2865 2866 2858
f 2866 2867 2858
f 2858 2867 2859
f 2868 2869 2861
f 2869 2870 2861
f 2861 2870 2862
f 2871 2872 2873
f 2872 2874 2873
f 2873 2874 2875
f 2876 2877 2878
f 2877 2879 2878
f 2878 2879 2871
f 2879 2880 2871
f 2871 2880 2872
f 2881 2882 2883
f 2882 2884 2883
f 2883 2884 2878
f 2884 2885 2878
f 2878 2885 2876
f 2886 2887 2888
f 2888 2889 2886
f 2889 2890 2886
f 2886 2890 2891
f 2890 2892 2891
f 2891 2892 2881
f 2893 2894 2895
f 2895 2896 2893
f 2896 2887 2893
f 2893 2887 2897
f 2898 2899 2893
f 2899 2900 2893
f 2893 2900 2894
f 2901 2902 2898
f 2902 2903 2898
f 2903 2904 2898
f 2898 2904 2899
f 2826 2828 2905
f 2828 2825 2905
f 2905 2825 2906
f 2824 2907 2908
f 2907 2909 2908
f 2908 2909 2910
f 2908 2911 2824
f 2911 2912 2824
f 2824 2912 2825
f 2912 2913 2825
f 2825 2913 2906
f 2821 2914 2822
f 2914 2915 2822
f 2822 2915 2828
f 2915 2916 2828
f 2828 2916 2825
f 2916 2917 2825
f 2825 2917 2823
f 2918 2919 2920
f 2818 2921 2819
f 2921 2922 2819
f 2819 2922 2918
f 2922 2923 2918
f 2918 2923 2919
f 2924 2925 2926
f 2924 2926 2819
f 2926 2927 2819
f 2819 2927 2817
f 2928 2929 2924
f 2929 2930 2924
f 2924 2930 2925
f 2928 2931 2932
f 2932 2933 2928
f 2933 2934 2928
f 2928 2934 2929
f 2935 2936 2937
f 2938 2939 2937
f 2939 2940 2937
f 2937 2940 2941
f 2941 2942 2937
f 2942 2943 2937
f 2937 2943 2935
f 2944 2945 2946
f 2945 2947 2946
f 2947 2948 2946
f 2946 2948 2949
f 2950 2951 2952
f 2951 2953 2952
f 2952 2953 2954
f 2953 2955 2954
f 2956 2957 2958
f 2957 2959 2958
f 2958 2959 2960
f 2959 2961 2960
f 2960 2961 2953
f 2961 2962 2953
f 2953 2962 2955
f 2863 2963 2964
f 2965 2966 2865
f 2966 2967 2865
f 2967 2968 2865
f 2865 2968 2863
f 2968 2969 2863
f 2863 2969 2963
f 2970 2971 2972
f 2971 2856 2972
f 2973 2974 2975
f 2975 2976 2853
f 2976 2977 2853
f 2853 2977 2856
f 2977 2978 2856
f 2856 2978 2972
f 2815 2979 2816
f 2979 2980 2816
f 2816 2980 2851
f 2980 2981 2851
f 2851 2981 2853
f 2981 2982 2853
f 2853 2982 2974
f 2840 2842 2849
f 2842 2983 2849
f 2849 2983 2984
f 2985 2986 2830
f 2986 2987 2830
f 2830 2987 2832
f 2987 2988 2832
f 2832 2988 2836
f 2988 2989 2836
f 2989 2990 2836
f 2836 2990 2842
f 2990 2991 2842
f 2842 2991 2983
f 2850 2845 2851
f 2845 2847 2851
f 2851 2847 2816
f 2847 2849 2816
f 2816 2849 2814
f 2849 2984 2814
f 2881 2883 2891
f 2883 2878 2891
f 2891 2878 2992
f 2878 2871 2992
f 2992 2871 2946
f 2887 2886 2897
f 2886 2891 2897
f 2897 2891 2936
f 2891 2992 2936
f 2936 2992 2937
f 2992 2946 2937
f 2937 2946 2938
f 2946 2949 2938
f 2938 2949 2939
f 2950 2993 2951
f 2993 2946 2951
f 2951 2946 2953
f 2946 2871 2953
f 2953 2871 2960
f 2871 2873 2960
f 2860 2857 2858
f 2857 2856 2858
f 2858 2856 2865
f 2856 2971 2865
f 2865 2971 2965
f 2971 2970 2965
f 2875 2868 2873
f 2868 2861 2873
f 2873 2861 2960
f 2861 2863 2960
f 2960 2863 2958
f 2863 2964 2958
f 2958 2964 2956
f 2827 2994 2828
f 2994 2995 2828
f 2828 2995 2822
f 2995 2918 2822
f 2822 2918 2820
f 2918 2920 2820
f 2994 2901 2995
f 2901 2898 2995
f 2995 2898 2918
f 2898 2893 2918
f 2918 2893 2819
f 2893 2897 2819
f 2819 2897 2924
f 2897 2936 2924
f 2924 2936 2928
f 2936 2935 2928
f 2928 2935 2931
f 2996 2997 2998
f 2999 3000 3001
f 3002 3003 3004
f 3003 3005 3004
f 3004 3005 3006
f 3005 3007 3006
f 3006 3007 3008
f 3007 3009 3008
f 3008 3009 3010
f 3011 3012 3002
f 3012 3013 3002
f 3002 3013 3014
f 3013 3015 3014
f 3014 3015 3016
f 3015 3017 3016
f 3016 3017 3018
f 3017 3019 3018
f 3018 3019 2999
f 3019 3020 2999
f 2999 3020 3021
f 2996 2998 3022
f 2998 3023 3022
f 3023 3024 3022
f 3022 3024 3001
f 3024 3025 3001
f 3001 3025 2999
f 3026 3027 3028
f 3028 3027 2997
f 3027 3029 2997
f 2997 3029 2998
f 3030 3031 3032
f 3028 3033 3026
f 3033 3034 3026
f 3026 3034 3035
f 3034 3030 3035
f 3035 3030 3036
f 3030 3032 3036
f 3037 3038 3039
f 3038 3040 3039
f 3039 3040 3041
f 3040 3032 3041
f 3041 3032 3042
f 3032 3043 3042
f 3044 3045 3046
f 3039 3047 3037
f 3047 3048 3037
f 3037 3048 3046
f 3048 3049 3046
f 3046 3049 3044
f 3049 3050 3044
f 3051 3052 3053
f 3054 3055 3056
f 3057 3058 3059
f 3060 3061 3062
f 3063 3064 3065
f 3066 3067 3068
f 3067 3069 3068
f 3068 3069 3050
f 3008 3070 3071
f 3070 3072 3071
f 3019 3017 3073
f 3017 3015 3073
f 3073 3015 3074
f 3015 3013 3074
f 3074 3013 3075
f 3013 3076 3075
f 3075 3076 3072
f 3076 3077 3072
f 3072 3077 3078
f 3073 3079 3019
f 3079 3080 3019
f 3019 3080 3020
f 3081 3001 3080
f 3001 3000 3080
f 3080 3000 3020
f 3080 3082 3022
f 3082 3083 3022
f 3022 3083 2996
f 2996 3083 2997
f 3083 3084 2997
f 2997 3084 3028
f 3084 3085 3028
f 3028 3085 3033
f 3033 3085 3034
f 3085 3086 3034
f 3034 3086 3030
f 3087 3088 3086
f 3088 3043 3086
f 3086 3043 3030
f 3089 3039 3087
f 3039 3090 3087
f 3087 3090 3091
f 3050 3092 3068
f 3092 3093 3068
f 3068 3093 3089
f 3093 3047 3089
f 3089 3047 3039
f 3094 3095 3096
f 3097 3098 3099
f 3100 3095 3101
f 3095 3094 3101
f 3101 3094 3102
f 3103 3104 3105
f 3104 3106 3105
f 3105 3106 3107
f 3108 3109 3110
f 3109 3111 3110
f 3112 3113 3114
f 3096 3106 3094
f 3106 3104 3094
f 3094 3104 3102
f 3104 3103 3102
f 3102 3103 3115
f 3103 3112 3115
f 3115 3112 3116
f 3112 3114 3116
f 3116 3114 3117
f 3118 3119 3120
f 3119 3121 3120
f 3120 3121 3108
f 3121 3122 3108
f 3108 3122 3109
f 3113 3112 3123
f 3112 3103 3123
f 3123 3103 3124
f 3103 3105 3124
f 3124 3105 3125
f 3105 3107 3125
f 3125 3107 3126
f 3111 3127 3110
f 3127 3128 3110
f 3110 3128 3098
f 3128 3129 3098
f 3098 3129 3099
f 3070 3054 3072
f 3054 3056 3072
f 3072 3056 3075
f 3056 3130 3075
f 3075 3130 3074
f 3130 3131 3074
f 3074 3131 3073
f 3131 3132 3073
f 3073 3132 3079
f 3133 3134 3135
f 3136 3135 3137
f 3135 3138 3137
f 3137 3138 3139
f 3140 3138 3141
f 3138 3135 3141
f 3141 3135 3142
f 3135 3134 3142
f 3142 3134 3143
f 3144 3145 3134
f 3145 3146 3134
f 3134 3146 3063
f 3065 3066 3063
f 3066 3068 3063
f 3063 3068 3134
f 3068 3089 3134
f 3134 3089 3143
f 3089 3087 3143
f 3143 3087 3142
f 3087 3086 3142
f 3142 3086 3141
f 3086 3085 3141
f 3141 3085 3140
f 3085 3084 3140
f 3140 3084 3147
f 3084 3083 3147
f 3147 3083 3148
f 3083 3082 3148
f 3148 3082 3149
f 3082 3080 3149
f 3149 3080 3150
f 3080 3079 3150
f 3150 3079 3151
f 3079 3132 3151
f 3151 3132 3152
f 3132 3131 3152
f 3152 3131 3153
f 3131 3130 3153
f 3153 3130 3053
f 3130 3056 3053
f 3053 3056 3051
f 3056 3055 3051
f 3154 3100 3098
f 3100 3101 3098
f 3098 3101 3110
f 3101 3102 3110
f 3110 3102 3108
f 3102 3115 3108
f 3108 3115 3120
f 3115 3116 3120
f 3120 3116 3118
f 3116 3117 3118
f 3118 3117 3059
f 3058 3155 3059
f 3155 3156 3059
f 3059 3156 3118
f 3157 3139 3106
f 3139 3138 3106
f 3106 3138 3107
f 3138 3140 3107
f 3107 3140 3126
f 3140 3147 3126
f 3126 3147 3125
f 3147 3148 3125
f 3125 3148 3124
f 3148 3149 3124
f 3124 3149 3123
f 3149 3150 3123
f 3123 3150 3113
f 3150 3151 3113
f 3113 3151 3114
f 3151 3152 3114
f 3114 3152 3117
f 3152 3153 3117
f 3117 3153 3059
f 3153 3053 3059
f 3059 3053 3057
f 3053 3052 3057
f 2190 2275 3158
f 2187 2191 3159
f 2191 2190 3159
f 2190 3158 3159
f 3158 3160 3159
f 3159 3160 3161
f 3159 3162 2187
f 3162 3163 2187
f 2187 3163 2188
f 3163 3164 2188
f 2188 3164 2291
f 3164 2184 2291
f 2225 3165 3164
f 3165 3166 3164
f 3164 3166 2184
f 3164 3167 2225
f 3167 3168 2225
f 2225 3168 2224
f 3168 3169 2224
f 2224 3169 2222
f 2222 3169 2239
f 3169 3170 2239
f 2239 3170 2238
f 3170 2597 2238
f 2238 2597 2236
f 2597 2594 2236
f 2236 2594 2240
f 2536 2535 2621
f 2621 2535 2622
f 2535 2532 2622
f 2622 2532 2303
f 2621 3171 2536
f 3171 3172 2536
f 2536 3172 2555
f 3172 3173 2555
f 2502 2495 3174
f 2495 2494 3174
f 2494 2493 3174
f 3174 2493 3175
f 2493 2492 3175
f 3175 2492 3173
f 2492 2461 3173
f 3173 2461 2555
f 3176 3177 3178
f 3174 3179 2502
f 3179 3180 2502
f 2502 3180 3181
f 3180 3176 3181
f 3181 3176 2499
f 3176 3178 2499
f 2499 3178 2497
f 3182 3183 2305
f 3184 3185 2311
f 3186 3187 2340
f 3188 3189 3190
f 3189 3191 3190
f 3192 3193 3194
f 3193 3195 3194
f 3194 3195 3196
f 3197 3198 2312
f 3198 3199 2312
f 2312 3199 2327
f 3192 3194 3190
f 3194 3200 3190
f 3190 3200 3188
f 3201 3202 3203
f 3202 3204 3203
f 3203 3204 3205
f 2340 3187 2305
f 3187 3206 2305
f 2305 3206 3182
f 2311 3185 2312
f 3185 3207 2312
f 2312 3207 3197
f 3199 3208 2327
f 3208 3209 2327
f 2327 3209 3210
f 3211 3212 3213
f 3214 3215 2311
f 3191 3216 3190
f 3216 3217 3190
f 3190 3217 3218
f 3204 3219 3205
f 3219 3220 3205
f 3205 3220 3221
f 3220 3222 3221
f 3221 3222 3223
f 3224 3225 3226
f 3227 3228 2483
f 3214 2311 3229
f 3230 3231 2199
f 3231 2201 2199
f 3231 3232 2201
f 3232 3233 2201
f 2201 3233 2202
f 3233 3234 2202
f 3234 3235 2202
f 2202 3235 2204
f 3010 2207 3236
f 2207 3237 3236
f 3217 3238 3218
f 3238 3239 3218
f 3218 3239 3240
f 3239 3241 3240
f 3240 3241 3242
f 3242 3243 3240
f 3243 3244 3240
f 3240 3244 3245
f 3244 3246 3245
f 3245 3246 3203
f 3246 3247 3203
f 3203 3247 3201
f 3248 3249 2340
f 3249 3250 2340
f 2340 3250 3186
f 3251 3252 3253
f 3252 3254 3253
f 3227 2483 3255
f 3256 3257 3195
f 3257 3258 3195
f 3195 3258 3196
f 3259 3260 2306
f 3260 3261 2306
f 2306 3261 3262
f 3263 3264 3265
f 3210 3266 2327
f 3266 3267 2327
f 2327 3267 3268
f 2198 3269 2199
f 3269 3270 2199
f 2199 3270 3230
f 3235 3271 2204
f 3271 3272 2204
f 2204 3272 2205
f 3272 3273 2205
f 2205 3273 3274
f 3274 3275 2205
f 3275 3276 2205
f 2205 3276 2207
f 3276 3277 2207
f 2207 3277 3237
f 3183 3278 2305
f 3278 3279 2305
f 2305 3279 3280
f 3251 3281 3252
f 3281 3282 3252
f 3252 3282 3283
f 3212 3211 3284
f 3213 3285 3211
f 3285 3286 3211
f 3211 3286 3287
f 3226 3225 2483
f 3225 3288 2483
f 2483 3288 3255
f 3228 3289 2483
f 3289 3290 2483
f 2483 3290 2484
f 3290 3291 2484
f 3291 3292 2484
f 2484 3292 2470
f 3292 3293 2470
f 3293 3294 2470
f 2470 3294 2471
f 3295 3296 3195
f 3296 3297 3195
f 3195 3297 3256
f 3298 3299 3265
f 3265 3264 3300
f 3259 2306 3301
f 2306 2305 3301
f 3301 2305 3252
f 2305 3280 3252
f 3252 3280 3254
f 3302 3303 3223
f 3303 3304 3223
f 3223 3304 3221
f 3286 3305 3287
f 3305 3306 3287
f 3287 3306 3307
f 3308 3309 3226
f 3309 3310 3226
f 3294 3311 2471
f 3311 3312 2471
f 2471 3312 2473
f 3313 2474 3314
f 2474 2473 3314
f 3314 2473 3315
f 2473 3312 3315
f 3316 3317 3318
f 3316 3318 3319
f 3313 3320 2474
f 3320 3321 2474
f 2474 3321 2323
f 3321 3322 2323
f 2323 3322 2321
f 3322 3323 2321
f 3324 3325 3282
f 3325 3326 3282
f 3282 3326 3283
f 3327 3328 3329
f 3328 3330 3329
f 3329 3330 3226
f 3330 3331 3226
f 3226 3331 3308
f 3306 3332 3307
f 3332 3333 3307
f 3307 3333 3310
f 3333 3334 3310
f 3310 3334 3226
f 3334 3335 3226
f 3226 3335 3224
f 3336 3337 3318
f 3337 3338 3318
f 3318 3338 3339
f 3319 3318 3265
f 3318 3340 3265
f 3265 3340 3298
f 3264 3341 3300
f 3341 3342 3300
f 3300 3342 3215
f 3342 3343 3215
f 3215 3343 2311
f 3343 3344 2311
f 2311 3344 3184
f 3345 3346 3282
f 3346 3347 3282
f 3282 3347 3324
f 3317 3348 3318
f 3348 3349 3318
f 3318 3349 3350
f 3350 3351 3318
f 3351 3352 3318
f 3318 3352 3336
f 3339 3353 3318
f 3353 3354 3318
f 3318 3354 3355
f 3354 3296 3355
f 3355 3296 3356
f 3296 3295 3356
f 3299 3357 3265
f 3357 3358 3265
f 3265 3358 3263
f 3268 3359 2327
f 3359 3360 2327
f 2327 3360 2308
f 3360 3361 2308
f 2308 3361 2309
f 3323 3362 2321
f 3362 3363 2321
f 2321 3363 2319
f 3363 3364 2319
f 2319 3364 2340
f 3364 3365 2340
f 2340 3365 3248
f 3366 3367 3211
f 3367 3368 3211
f 3211 3368 3284
f 3369 3370 3345
f 3370 3371 3345
f 3345 3371 3346
f 3372 3373 2316
f 3361 3374 2309
f 3374 3375 2309
f 2309 3375 2219
f 3375 3376 2219
f 2219 3376 2198
f 3376 3377 2198
f 2198 3377 3269
f 3302 3378 3303
f 3378 3379 3303
f 3303 3379 3211
f 3379 3380 3211
f 3211 3380 3366
f 3380 3381 3366
f 3382 3383 3384
f 3383 3385 3384
f 3262 3386 2306
f 3386 3372 2306
f 2306 3372 2318
f 3372 2316 2318
f 3387 3388 3384
f 3388 3389 3384
f 3384 3389 3390
f 3390 3391 3384
f 3391 3392 3384
f 3384 3392 3382
f 3381 3384 3366
f 3384 3385 3366
f 3366 3385 3393
f 3385 3394 3393
f 3394 3395 3393
f 3395 3396 3393
f 3393 3396 3397
f 3373 3398 2316
f 3398 3399 2316
f 2316 3399 2314
f 3399 3400 2314
f 2314 3400 2311
f 3400 3401 2311
f 2311 3401 3229
f 3402 3403 3345
f 3403 3404 3345
f 3345 3404 3369
f 3402 3405 3403
f 3405 3406 3403
f 3403 3406 3407
f 3406 3408 3407
f 3407 3408 3384
f 3408 3409 3384
f 3384 3409 3410
f 3410 3411 3384
f 3411 3412 3384
f 3384 3412 3387
f 3413 3414 3415
f 3416 3417 3418
f 3419 3420 3421
f 3422 3423 3424
f 3423 3425 3424
f 3425 3423 3426
f 3423 3427 3426
f 3426 3427 3428
f 3429 3430 3427
f 3430 3431 3427
f 3427 3431 3432
f 3429 3433 3430
f 3433 3434 3430
f 3430 3434 3435
f 3434 3436 3435
f 3419 3421 3434
f 3421 3437 3434
f 3434 3437 3436
f 3438 3439 3420
f 3439 3440 3420
f 3420 3440 3421
f 3420 3441 3438
f 3441 3442 3438
f 3438 3442 3443
f 3442 3444 3443
f 3445 3446 3447
f 3445 3447 3448
f 3447 3449 3448
f 3448 3449 3450
f 3442 3451 3444
f 3451 3448 3444
f 3444 3448 3452
f 3448 3450 3452
f 3453 3454 3446
f 3454 3455 3446
f 3446 3455 3447
f 3456 3457 3458
f 3456 3458 3459
f 3459 3458 3446
f 3458 3460 3446
f 3446 3460 3453
f 3418 3417 3461
f 3461 3417 3462
f 3417 3463 3462
f 3462 3463 3464
f 3463 3465 3464
f 3464 3465 3457
f 3465 3466 3457
f 3457 3466 3458
f 3467 3468 3469
f 3468 3470 3469
f 3469 3470 3471
f 3470 3472 3471
f 3471 3472 3473
f 3472 3474 3473
f 3473 3474 3418
f 3474 3475 3418
f 3418 3475 3416
f 3415 3414 3476
f 3414 3477 3476
f 3476 3477 3478
f 3477 3479 3478
f 3478 3479 3480
f 3479 3481 3480
f 3480 3481 3467
f 3481 3482 3467
f 3467 3482 3468
f 3413 3415 3483
f 3415 3484 3483
f 3483 3484 3485
f 3485 3484 3486
f 3484 3487 3486
f 3486 3487 3488
f 3487 3489 3488
f 3488 3489 3490
f 3489 3491 3490
f 3490 3491 3492
f 2587 2588 3493
f 3493 3494 2587
f 3494 3495 2587
f 2587 3495 3496
f 3495 3492 3496
f 3496 3492 3497
f 3492 3491 3497
f 3498 3499 3500
f 3499 3501 3500
f 3423 3422 3502
f 3422 3503 3502
f 3502 3503 3504
f 3503 3501 3504
f 3504 3501 3505
f 3501 3499 3505
f 3506 3507 3508
f 3508 3507 3509
f 3498 3500 3510
f 3500 3511 3510
f 3510 3511 3507
f 3511 3512 3507
f 3507 3512 3509
f 3508 3513 3506
f 3513 3514 3506
f 3506 3514 3515
f 3514 3516 3515
f 3515 3516 3517
f 3516 3518 3517
f 3518 3519 3517
f 3517 3519 3520
f 3519 3521 3520
f 3520 3521 3522
f 3521 3523 3522
f 3522 3523 3524
f 3523 3525 3524
f 3524 3525 3526
f 3525 3527 3526
f 3526 3527 3528
f 3527 3529 3528
f 3529 3530 3528
f 3530 3531 3528
f 3528 3531 3532
f 3531 3533 3532
f 3532 3533 3534
f 3535 3536 3537
f 3536 3538 3537
f 3537 3538 3539
f 3538 3540 3539
f 3539 3540 3541
f 3540 3532 3541
f 3541 3532 3542
f 3532 3534 3542
f 3543 3544 3535
f 3544 3545 3535
f 3535 3545 3536
f 3535 3546 3543
f 3546 3547 3543
f 3543 3547 3548
f 3547 3549 3548
f 3548 3549 3550
f 3549 3551 3550
f 3551 3552 3550
f 3552 3553 3550
f 3550 3553 3554
f 3554 3555 3550
f 3555 3556 3550
f 3550 3556 3557
f 3556 3558 3557
f 3557 3558 3559
f 3560 3561 3562
f 3559 3558 3562
f 3558 3563 3562
f 3562 3563 3560
f 3561 3564 3562
f 3564 3565 3562
f 3562 3565 3566
f 3565 3567 3566
f 3566 3567 3568
f 3567 3569 3568
f 3569 3570 3568
f 3570 3571 3568
f 3568 3571 3572
f 3571 3573 3572
f 3572 3573 3574
f 3573 3575 3574
f 3575 3576 3574
f 3576 3577 3574
f 3574 3577 3578
f 3577 3579 3578
f 3578 3579 3580
f 3579 3581 3580
f 3580 3581 3582
f 3582 3583 3580
f 3583 3584 3580
f 3580 3584 3585
f 3584 3586 3585
f 3585 3586 3587
f 3586 3588 3587
f 3587 3588 3589
f 3588 3590 3589
f 2590 2589 3591
f 2589 3592 3591
f 3591 3592 3590
f 3592 3593 3590
f 3590 3593 3589
f 3594 3595 3596
f 3595 3597 3596
f 3595 3598 3599
f 3598 3600 3599
f 3599 3600 3601
f 3600 3602 3601
f 3601 3602 3603
f 3602 3604 3603
f 3603 3604 3605
f 3604 3606 3605
f 3607 3608 3609
f 3607 3609 3610
f 3595 3594 3607
f 3594 3611 3607
f 3607 3611 3608
f 3609 3612 3610
f 3612 3613 3610
f 3610 3613 3614
f 3613 3615 3614
f 3614 3615 3616
f 3617 3618 3619
f 3616 3615 3619
f 3615 3620 3619
f 3619 3620 3617
f 3621 3622 3618
f 3622 3623 3618
f 3618 3623 3619
f 3624 3625 3626
f 3625 3621 3626
f 3626 3621 3627
f 3621 3618 3627
f 3624 3628 3625
f 3628 3629 3625
f 3625 3629 3630
f 3629 3631 3630
f 3630 3631 3632
f 3631 3633 3632
f 3633 3634 3632
f 3632 3634 3635
f 3634 3636 3635
f 3635 3636 3637
f 3636 3638 3637
f 3638 3639 3637
f 3637 3639 3640
f 3639 3641 3640
f 3640 3641 3642
f 3641 3643 3642
f 3642 3643 3644
f 3645 3646 3647
f 3644 3643 3648
f 3643 3649 3648
f 3648 3649 3647
f 3649 3650 3647
f 3647 3650 3645
f 3646 3651 3647
f 3651 3652 3647
f 3647 3652 3653
f 3652 3654 3653
f 3653 3654 3655
f 3654 3656 3655
f 3655 3656 3657
f 3656 3658 3657
f 3656 3659 3658
f 3659 3660 3658
f 3658 3660 3661
f 3661 3662 3658
f 3662 3663 3658
f 3658 3663 3664
f 3663 3665 3664
f 3664 3665 3666
f 3665 3667 3666
f 3667 3668 3666
f 3666 3668 3669
f 3668 3670 3669
f 3669 3670 3671
f 3670 3672 3671
f 3672 3673 3671
f 3671 3673 3674
f 3673 3675 3674
f 3674 3675 3676
f 3675 3677 3676
f 3677 3678 3676
f 3676 3678 3679
f 3678 3680 3679
f 3679 3680 3681
f 3680 3682 3681
f 3681 3682 3683
f 3682 3684 3683
f 2580 2579 3685
f 2579 3686 3685
f 3685 3686 3684
f 3686 3687 3684
f 3684 3687 3683
f 3688 3689 3690
f 3689 3691 3690
f 3690 3691 3692
f 3693 3694 3695
f 3694 3696 3695
f 3696 3697 3695
f 3695 3697 3698
f 3697 3699 3698
f 3698 3699 3700
f 3701 3702 3703
f 3702 3704 3703
f 3705 3706 3698
f 3707 3708 3702
f 3708 3698 3702
f 3702 3698 3709
f 3698 3700 3709
f 3710 3711 3689
f 3711 3712 3689
f 3689 3712 3691
f 3713 3714 3688
f 3714 3693 3688
f 3688 3693 3689
f 3693 3695 3689
f 3689 3695 3710
f 3706 3715 3698
f 3715 3716 3698
f 3698 3716 3695
f 3716 3717 3695
f 3695 3717 3710
f 3718 3719 3720
f 2570 3719 2564
f 3719 3718 2564
f 2564 3718 2566
f 3721 3722 3720
f 3722 3723 3720
f 2570 3724 3719
f 3724 3725 3719
f 3719 3725 3720
f 3725 3726 3720
f 3720 3726 3721
f 3727 3728 3729
f 3730 3731 2568
f 3732 3733 3729
f 3733 3730 3729
f 3729 3730 3727
f 3730 3734 3727
f 3727 3734 3735
f 2568 2566 3730
f 2566 3718 3730
f 3730 3718 3734
f 3718 3720 3734
f 3734 3720 3735
f 3720 3723 3735
f 3735 3723 3736
f 3723 3737 3736
f 3736 3737 3738
f 3737 3739 3738
f 3738 3739 3704
f 3739 3740 3704
f 3704 3740 3703
f 3741 3742 3702
f 3742 3743 3702
f 3702 3743 3704
f 3743 3744 3704
f 3704 3744 3738
f 3744 3745 3738
f 3738 3745 3736
f 3745 3746 3736
f 3736 3746 3735
f 3746 3747 3735
f 3735 3747 3727
f 3747 3748 3727
f 3727 3748 3728
f 3749 3750 3751
f 3752 3753 3754
f 3755 3756 3757
f 3758 3759 3760
f 3761 3762 3763
f 3762 3764 3763
f 3765 3766 3760
f 3767 3768 3769
f 3769 3768 3770
f 3768 3771 3770
f 3770 3771 3772
f 3771 3773 3772
f 3772 3773 3774
f 3775 3763 3776
f 3763 3764 3776
f 3776 3764 3777
f 3778 3779 3773
f 3779 3780 3773
f 3773 3780 3774
f 3775 3778 3763
f 3778 3773 3763
f 3763 3773 3781
f 3773 3782 3781
f 3783 3784 3785
f 3785 3784 3786
f 3787 3788 3789
f 3788 3790 3789
f 3789 3790 3791
f 3787 3786 3788
f 3786 3784 3788
f 3788 3784 3790
f 3784 3792 3790
f 3790 3792 3793
f 3794 3791 3795
f 3791 3790 3795
f 3795 3790 3796
f 3790 3793 3796
f 3797 3765 3798
f 3765 3760 3798
f 3798 3760 3799
f 3760 3759 3799
f 3800 3801 3802
f 3801 3798 3802
f 3802 3798 3803
f 3798 3799 3803
f 3804 3797 3805
f 3797 3798 3805
f 3805 3798 3806
f 3798 3801 3806
f 3787 3807 3786
f 3807 3808 3786
f 3786 3808 3785
f 3808 3809 3785
f 3785 3809 3810
f 3809 3811 3810
f 3810 3811 3812
f 3811 3813 3812
f 3812 3813 3814
f 3813 3815 3814
f 3814 3815 3816
f 3815 3817 3816
f 3816 3817 3818
f 3817 3819 3818
f 3818 3819 3820
f 3783 3821 3822
f 3821 3823 3822
f 3822 3823 3824
f 3823 3825 3824
f 3824 3825 3826
f 3825 3827 3826
f 3826 3827 3828
f 3827 3829 3828
f 3828 3829 3757
f 3829 3830 3757
f 3757 3830 3755
f 3830 3831 3755
f 3755 3831 3832
f 3783 3785 3821
f 3785 3810 3821
f 3821 3810 3823
f 3810 3812 3823
f 3823 3812 3825
f 3812 3814 3825
f 3825 3814 3827
f 3814 3816 3827
f 3827 3816 3829
f 3816 3818 3829
f 3829 3818 3830
f 3818 3820 3830
f 3830 3820 3831
f 3833 3834 3835
f 3836 3837 3838
f 2578 3839 3840
f 3839 3841 3840
f 3840 3841 3842
f 3841 3836 3842
f 3842 3836 3843
f 3844 3845 3846
f 3845 3847 3846
f 3846 3847 3848
f 3847 3849 3848
f 3848 3849 3850
f 3849 3851 3850
f 3850 3851 3852
f 3851 3853 3852
f 3852 3853 3854
f 3853 3855 3854
f 3854 3855 3856
f 3855 3857 3856
f 3858 3859 3860
f 3859 3861 3860
f 3862 3863 3864
f 3863 3865 3864
f 3864 3865 3866
f 3867 3844 3868
f 3844 3846 3868
f 3868 3846 3869
f 3846 3848 3869
f 3869 3848 3870
f 3848 3850 3870
f 3870 3850 3871
f 3850 3852 3871
f 3871 3852 3835
f 3852 3854 3835
f 3835 3854 3833
f 3854 3856 3833
f 3872 3873 3841
f 3873 3874 3841
f 3841 3874 3838
f 3874 3875 3838
f 3838 3875 3865
f 3875 3876 3865
f 3865 3876 3866
f 3867 3792 3844
f 3792 3784 3844
f 3844 3784 3845
f 3784 3783 3845
f 3845 3783 3847
f 3783 3822 3847
f 3847 3822 3849
f 3822 3824 3849
f 3849 3824 3851
f 3824 3826 3851
f 3851 3826 3853
f 3826 3828 3853
f 3853 3828 3855
f 3828 3757 3855
f 3855 3757 3857
f 3757 3756 3857
f 3877 3878 3879
f 3878 3880 3879
f 3879 3880 3881
f 3882 3883 3832
f 3883 3884 3832
f 3832 3884 3755
f 3769 3885 3767
f 3885 3886 3767
f 3767 3886 3887
f 3886 3888 3887
f 3887 3888 3889
f 3888 3890 3889
f 3889 3890 3891
f 3890 3892 3891
f 3891 3892 3893
f 3892 3894 3893
f 3893 3894 3895
f 3894 3896 3895
f 3895 3896 3897
f 3896 3898 3897
f 3897 3898 3878
f 3898 3899 3878
f 3878 3899 3900
f 3901 3749 3902
f 3749 3751 3902
f 3902 3751 3903
f 3751 3904 3903
f 3903 3904 3905
f 3904 3906 3905
f 3905 3906 3907
f 3906 3908 3907
f 3907 3908 3909
f 3908 3910 3909
f 3909 3910 3911
f 3910 3912 3911
f 3911 3912 3913
f 3912 3914 3913
f 3913 3914 3915
f 3914 3916 3915
f 3915 3916 3917
f 3916 3918 3917
f 3917 3918 3919
f 3918 3920 3919
f 3919 3920 3758
f 3766 3761 3760
f 3761 3763 3760
f 3760 3763 3758
f 3763 3781 3758
f 3758 3781 3919
f 3781 3782 3919
f 3919 3782 3917
f 3782 3768 3917
f 3917 3768 3915
f 3768 3767 3915
f 3915 3767 3913
f 3767 3887 3913
f 3913 3887 3911
f 3887 3889 3911
f 3911 3889 3909
f 3889 3891 3909
f 3909 3891 3907
f 3891 3893 3907
f 3907 3893 3905
f 3893 3895 3905
f 3905 3895 3903
f 3895 3897 3903
f 3903 3897 3902
f 3897 3878 3902
f 3902 3878 3901
f 3878 3921 3901
f 3834 3922 3835
f 3922 3836 3835
f 3835 3836 3871
f 3836 3838 3871
f 3871 3838 3870
f 3838 3865 3870
f 3870 3865 3869
f 3865 3863 3869
f 3869 3863 3868
f 3863 3858 3868
f 3868 3858 3867
f 3858 3923 3867
f 3867 3923 3792
f 3923 3924 3792
f 3792 3924 3925
f 3750 3882 3751
f 3882 3832 3751
f 3751 3832 3904
f 3832 3831 3904
f 3904 3831 3906
f 3831 3820 3906
f 3906 3820 3908
f 3820 3819 3908
f 3908 3819 3910
f 3819 3817 3910
f 3910 3817 3912
f 3817 3815 3912
f 3912 3815 3914
f 3815 3813 3914
f 3914 3813 3916
f 3813 3811 3916
f 3916 3811 3918
f 3811 3809 3918
f 3918 3809 3920
f 3809 3808 3920
f 3920 3808 3758
f 3808 3807 3758
f 3758 3807 3759
f 3807 3787 3759
f 3759 3787 3799
f 3787 3789 3799
f 3799 3789 3803
f 3789 3791 3803
f 3803 3791 3802
f 3791 3794 3802
f 3802 3794 3800
f 3926 3927 3928
f 3929 3930 3931
f 3806 3801 3932
f 3801 3800 3932
f 3800 3794 3932
f 3932 3794 3933
f 3794 3795 3933
f 3933 3795 3934
f 3935 3936 3937
f 3936 3938 3937
f 3935 3939 3936
f 3939 3934 3936
f 3936 3934 3796
f 3934 3795 3796
f 3940 3941 3929
f 3941 3942 3929
f 3929 3942 3930
f 3942 3943 3930
f 3930 3943 3944
f 3804 3805 3931
f 3805 3806 3931
f 3931 3806 3929
f 3806 3932 3929
f 3929 3932 3940
f 3939 3945 3934
f 3945 3946 3934
f 3934 3946 3933
f 3946 3947 3933
f 3933 3947 3932
f 3947 3948 3932
f 3932 3948 3940
f 3949 2580 3950
f 3951 3952 3953
f 3954 3927 3955
f 3927 3956 3955
f 3955 3956 3957
f 3952 3951 3958
f 3959 3960 3873
f 3960 3961 3873
f 3839 2578 3961
f 2578 3962 3961
f 3961 3962 3963
f 3962 3949 3963
f 3963 3949 3964
f 3949 3950 3964
f 3965 3874 3966
f 3953 3967 3951
f 3967 3968 3951
f 3951 3968 3969
f 3968 3970 3969
f 3926 3971 3972
f 3926 3973 3927
f 3973 3864 3927
f 3927 3864 3968
f 3864 3866 3968
f 3968 3866 3966
f 3866 3876 3966
f 3966 3876 3875
f 3950 3958 3964
f 3958 3951 3964
f 3964 3951 3963
f 3951 3969 3963
f 3963 3969 3961
f 3969 3966 3961
f 3961 3966 3873
f 3966 3974 3873
f 3928 3975 3926
f 3975 3976 3926
f 3926 3976 3938
f 3976 3977 3938
f 3938 3977 3937
f 3796 3793 3936
f 3793 3924 3936
f 3936 3924 3938
f 3924 3923 3938
f 3938 3923 3926
f 3923 3858 3926
f 3926 3858 3971
f 3978 3979 3980
f 3981 3982 3983
f 3984 3945 3939
f 3985 3944 3986
f 3987 3988 3989
f 3988 3990 3989
f 3989 3990 3991
f 3991 3990 3992
f 3990 3993 3992
f 3992 3993 3994
f 3995 3948 3947
f 3995 3947 3984
f 3947 3946 3984
f 3984 3946 3945
f 3948 3995 3940
f 3995 3996 3940
f 3940 3996 3941
f 3987 3985 3988
f 3985 3943 3988
f 3988 3943 3996
f 3943 3942 3996
f 3996 3942 3941
f 3997 3998 3999
f 3998 4000 3999
f 3999 4000 4001
f 4000 4002 4001
f 4001 4002 4003
f 4002 4004 4003
f 3935 4005 3939
f 4005 4004 3939
f 3939 4004 3984
f 4004 4002 3984
f 3984 4002 3995
f 4002 4000 3995
f 3995 4000 3996
f 4000 3998 3996
f 3996 3998 3988
f 3998 3997 3988
f 3988 3997 3990
f 4006 4007 4008
f 4009 4010 4011
f 4009 4011 4012
f 4011 4013 4012
f 4013 4014 4012
f 4012 4014 4015
f 4006 4008 4015
f 4008 4016 4015
f 4015 4016 4017
f 4018 4019 4020
f 4019 4021 4020
f 4020 4021 4022
f 4021 4017 4022
f 4017 4021 4015
f 4021 4023 4015
f 4015 4023 4012
f 4023 4024 4012
f 4012 4024 4009
f 4025 3994 4026
f 3994 3993 4026
f 4026 3993 4027
f 3993 4028 4027
f 4027 4028 4029
f 4030 4031 4028
f 4031 4032 4028
f 4028 4032 4029
f 4033 4034 3673
f 4035 4036 4037
f 4036 4033 4038
f 4033 3673 4038
f 4038 3673 4039
f 3673 3672 4039
f 4039 3672 4040
f 3672 4041 4040
f 4040 4041 4042
f 4043 4044 4045
f 4045 4044 4046
f 4043 4047 4044
f 4047 4048 4044
f 4044 4048 4046
f 4048 4049 4046
f 4050 4051 4052
f 4051 4053 4052
f 4052 4053 4054
f 4053 4055 4054
f 4054 4055 4056
f 4045 4035 4043
f 4035 4038 4043
f 4043 4038 4047
f 4038 4039 4047
f 4047 4039 4057
f 4039 4040 4057
f 4057 4040 4058
f 4040 4042 4058
f 4058 4042 4059
f 3668 3667 4060
f 3667 3665 4060
f 4060 3665 4061
f 3665 3663 4061
f 4061 3663 4062
f 3663 3662 4062
f 3662 3661 4062
f 4062 3661 4063
f 4064 4049 4053
f 4049 4048 4053
f 4053 4048 4055
f 4048 4047 4055
f 4055 4047 4056
f 4047 4057 4056
f 4056 4057 4065
f 4057 4058 4065
f 4065 4058 4066
f 4058 4059 4066
f 4066 4059 4067
f 4068 4069 4070
f 4071 4070 4072
f 4070 4069 4072
f 4072 4069 4073
f 4069 4074 4073
f 4063 4075 4062
f 4075 4076 4062
f 4062 4076 4077
f 4077 4078 4062
f 4078 4069 4062
f 4062 4069 4061
f 4069 4068 4061
f 4061 4068 4060
f 4013 4050 4014
f 4050 4052 4014
f 4014 4052 4007
f 4052 4054 4007
f 4007 4054 4008
f 4054 4056 4008
f 4008 4056 4016
f 4056 4065 4016
f 4016 4065 4017
f 4065 4066 4017
f 4017 4066 4022
f 4066 4067 4022
f 4022 4067 4020
f 4079 3682 4080
f 2580 3685 3950
f 3685 4081 3950
f 3950 4081 3958
f 4081 4082 3958
f 4082 4083 3958
f 3958 4083 3952
f 4083 4084 3952
f 3678 4085 4034
f 4085 4086 4034
f 4034 4086 3673
f 4087 3967 4084
f 3967 3953 4084
f 4084 3953 3952
f 4088 4089 4090
f 4089 3954 4090
f 4090 3954 4087
f 3954 4091 4087
f 4087 4091 4092
f 3935 3937 4005
f 3937 3977 4005
f 4005 3977 4088
f 3977 4093 4088
f 4088 4093 3975
f 4094 4095 4096
f 4095 4097 4096
f 4096 4097 4098
f 4097 4099 4098
f 4098 4099 4100
f 4099 4101 4100
f 4100 4101 4102
f 4101 4103 4102
f 4102 4103 4104
f 4103 4105 4104
f 4104 4105 4106
f 4105 4107 4106
f 4106 4107 4108
f 4107 4080 4108
f 4108 4080 4109
f 4080 3682 4109
f 3685 4079 4081
f 4079 4080 4081
f 4081 4080 4082
f 4080 4107 4082
f 4082 4107 4083
f 4107 4105 4083
f 4083 4105 4084
f 4105 4103 4084
f 4084 4103 4087
f 4103 4101 4087
f 4087 4101 4090
f 4101 4099 4090
f 4090 4099 4088
f 4099 4097 4088
f 4088 4097 4005
f 4097 4095 4005
f 4005 4095 4004
f 4095 4094 4004
f 4004 4094 4003
f 4041 3668 4042
f 3668 4060 4042
f 4042 4060 4059
f 4060 4068 4059
f 4059 4068 4067
f 4068 4070 4067
f 4067 4070 4020
f 4070 4110 4020
f 4020 4110 4111
f 4019 4112 4021
f 4112 4030 4021
f 4021 4030 4023
f 4030 4028 4023
f 4023 4028 4024
f 4028 3993 4024
f 4024 3993 4009
f 3993 3990 4009
f 4009 3990 4010
f 3990 3997 4010
f 4010 3997 4011
f 3997 3999 4011
f 4011 3999 4013
f 3999 4001 4013
f 4013 4001 4050
f 4001 4003 4050
f 4050 4003 4064
f 4003 4094 4064
f 4064 4094 4049
f 4094 4096 4049
f 4049 4096 4046
f 4096 4098 4046
f 4046 4098 4045
f 4098 4100 4045
f 4045 4100 4035
f 4100 4102 4035
f 4035 4102 4036
f 4102 4104 4036
f 4036 4104 4113
f 4104 4106 4113
f 4113 4106 4034
f 4106 4114 4034
f 4034 4114 3678
f 4114 4109 3678
f 4115 4116 4117
f 4118 3477 4119
f 4120 4121 4122
f 4123 4124 4125
f 4126 4127 4128
f 4129 4130 4131
f 4132 4133 4134
f 4135 4136 4137
f 4137 4138 4135
f 4138 4131 4135
f 4135 4131 4139
f 4131 4140 4139
f 4141 4142 4143
f 4142 4132 4143
f 4143 4132 4144
f 4132 4134 4144
f 4117 4116 4145
f 4116 4146 4145
f 4145 4146 4147
f 4147 4146 4148
f 4146 4149 4148
f 4148 4149 4150
f 4149 4129 4150
f 4150 4129 4151
f 4138 4152 4131
f 4152 4153 4131
f 4131 4153 4129
f 4153 4154 4129
f 4129 4154 4151
f 4141 4140 4142
f 4140 4131 4142
f 4142 4131 4155
f 4131 4156 4155
f 4157 4158 4159
f 4158 4160 4159
f 4159 4160 4161
f 4160 4162 4161
f 4161 4162 4163
f 4164 4165 4166
f 4167 4168 4126
f 4126 4168 4127
f 4168 4169 4127
f 4127 4169 4170
f 4170 4171 4127
f 4171 4172 4127
f 4127 4172 4128
f 4173 4174 4175
f 4174 4176 4175
f 4175 4176 4132
f 4176 4177 4132
f 4132 4177 4133
f 4124 4123 4178
f 4123 4179 4178
f 4178 4179 4180
f 4179 4181 4180
f 4180 4181 4182
f 4181 4183 4182
f 4182 4183 4184
f 4167 4157 4185
f 4157 4159 4185
f 4185 4159 4169
f 4159 4161 4169
f 4169 4161 4170
f 4161 4163 4170
f 4170 4163 4186
f 4163 4187 4186
f 4186 4187 4125
f 4187 4188 4125
f 4125 4188 4123
f 4188 4189 4123
f 4123 4189 4179
f 4189 4190 4179
f 4179 4190 4181
f 4190 4191 4181
f 4181 4191 4183
f 3485 3486 4192
f 3486 4193 4192
f 4192 4193 4194
f 4193 4195 4194
f 4194 4195 4196
f 4195 4197 4196
f 4196 4197 4198
f 4197 4199 4198
f 4198 4199 4200
f 3490 4201 4202
f 3495 3494 4203
f 3494 4204 4203
f 4203 4204 4205
f 4206 3493 4204
f 3493 2588 4204
f 4204 2588 4207
f 4208 3490 4209
f 3490 4202 4209
f 4209 4202 4210
f 4202 4211 4210
f 4210 4211 4212
f 4211 4213 4212
f 4212 4213 4214
f 4213 4215 4214
f 4214 4215 4216
f 4205 4217 4218
f 4217 4219 4218
f 4219 4220 4218
f 4220 4221 4218
f 4218 4221 4120
f 4221 4222 4120
f 4120 4222 4121
f 4164 4223 4216
f 4223 4200 4216
f 4216 4200 4214
f 4200 4199 4214
f 4214 4199 4212
f 4199 4197 4212
f 4212 4197 4210
f 4197 4195 4210
f 4210 4195 4209
f 4195 4193 4209
f 4209 4193 4208
f 4193 3486 4208
f 4224 4225 4204
f 4225 4226 4204
f 4204 4226 4205
f 4226 4227 4205
f 4205 4227 4217
f 4166 4171 4228
f 4171 4170 4228
f 4228 4170 4223
f 4170 4186 4223
f 4223 4186 4200
f 4186 4125 4200
f 4200 4125 4198
f 4125 4124 4198
f 4198 4124 4196
f 4124 4178 4196
f 4196 4178 4194
f 4178 4180 4194
f 4194 4180 4192
f 4180 4182 4192
f 4192 4182 3485
f 4182 4184 3485
f 3485 4184 4229
f 3482 4230 4231
f 4230 4232 4231
f 4231 4232 3470
f 4233 3413 4229
f 3413 3483 4229
f 4229 3483 3485
f 4117 4234 4115
f 4234 4235 4115
f 4115 4235 4236
f 4235 4237 4236
f 4236 4237 4238
f 4237 4239 4238
f 4238 4239 4240
f 4239 4241 4240
f 4240 4241 4242
f 4241 4243 4242
f 4242 4243 4244
f 4243 4245 4244
f 4244 4245 4230
f 4245 4246 4230
f 4230 4246 4232
f 4247 4248 4249
f 4248 4250 4249
f 4249 4250 4251
f 4250 4252 4251
f 4251 4252 4253
f 4252 4254 4253
f 4253 4254 4255
f 4254 4256 4255
f 4255 4256 4257
f 4256 4258 4257
f 4257 4258 4259
f 4258 4260 4259
f 4259 4260 4261
f 4260 4262 4261
f 4261 4262 4263
f 4262 4264 4263
f 4263 4264 4265
f 4264 4266 4265
f 4265 4266 4119
f 4266 4267 4119
f 4119 4267 4118
f 4267 3481 4118
f 3482 3481 4230
f 3481 4267 4230
f 4230 4267 4244
f 4267 4266 4244
f 4244 4266 4242
f 4266 4264 4242
f 4242 4264 4240
f 4264 4262 4240
f 4240 4262 4238
f 4262 4260 4238
f 4238 4260 4236
f 4260 4258 4236
f 4236 4258 4115
f 4258 4256 4115
f 4115 4256 4116
f 4256 4254 4116
f 4116 4254 4146
f 4254 4252 4146
f 4146 4252 4149
f 4252 4250 4149
f 4149 4250 4129
f 4250 4248 4129
f 4129 4248 4156
f 4248 4247 4156
f 4156 4247 4155
f 4201 3495 4202
f 3495 4203 4202
f 4202 4203 4211
f 4203 4205 4211
f 4211 4205 4213
f 4205 4218 4213
f 4213 4218 4215
f 4218 4120 4215
f 4215 4120 4216
f 4120 4122 4216
f 4216 4122 4164
f 4122 4268 4164
f 4164 4268 4269
f 4128 4173 4126
f 4173 4175 4126
f 4126 4175 4167
f 4175 4132 4167
f 4167 4132 4157
f 4132 4142 4157
f 4157 4142 4158
f 4142 4155 4158
f 4158 4155 4160
f 4155 4247 4160
f 4160 4247 4162
f 4247 4249 4162
f 4162 4249 4163
f 4249 4251 4163
f 4163 4251 4187
f 4251 4253 4187
f 4187 4253 4188
f 4253 4255 4188
f 4188 4255 4189
f 4255 4257 4189
f 4189 4257 4190
f 4257 4259 4190
f 4190 4259 4191
f 4259 4261 4191
f 4191 4261 4183
f 4261 4263 4183
f 4183 4263 4184
f 4263 4265 4184
f 4184 4265 4229
f 4265 4119 4229
f 4229 4119 4233
f 4119 3477 4233
f 4270 4227 4226
f 4271 4272 4273
f 4272 4274 4273
f 4273 4274 4275
f 4276 4277 4165
f 4278 4279 4277
f 4279 4280 4277
f 4277 4280 4165
f 4177 4176 4281
f 4176 4174 4281
f 4174 4173 4281
f 4173 4128 4281
f 4281 4128 4278
f 4128 4172 4278
f 4278 4172 4171
f 4282 4283 4284
f 4276 4285 4277
f 4285 4286 4277
f 4277 4286 4278
f 4287 4288 4272
f 4288 4289 4272
f 4272 4289 4274
f 4134 4133 4271
f 4133 4177 4271
f 4271 4177 4272
f 4177 4281 4272
f 4272 4281 4287
f 4286 4290 4278
f 4290 4291 4278
f 4278 4291 4281
f 4291 4292 4281
f 4281 4292 4287
f 2592 2590 4293
f 4294 4295 4296
f 4297 4298 4296
f 4299 4300 4301
f 4300 2588 4301
f 2588 2586 4301
f 4301 2586 4302
f 2586 2592 4302
f 4302 2592 4303
f 2592 4293 4303
f 4227 4270 4217
f 4295 4294 4270
f 4304 4305 4306
f 4305 4307 4306
f 4306 4307 4294
f 4307 4220 4294
f 4294 4220 4270
f 4220 4219 4270
f 4270 4219 4217
f 4293 4297 4303
f 4297 4296 4303
f 4303 4296 4302
f 4296 4295 4302
f 4302 4295 4301
f 4295 4270 4301
f 4301 4270 4299
f 4270 4226 4299
f 4298 4308 4296
f 4308 4309 4296
f 4296 4309 4294
f 4309 4310 4294
f 4294 4310 4306
f 4310 4311 4306
f 4306 4311 4304
f 4311 4312 4304
f 4304 4312 4276
f 4312 4313 4276
f 4276 4313 4314
f 4269 4268 4276
f 4268 4122 4276
f 4276 4122 4304
f 4122 4121 4304
f 4304 4121 4315
f 3583 3582 4316
f 4317 3584 4318
f 4319 4320 4321
f 4322 4323 4324
f 4325 4326 4327
f 4328 4329 4330
f 4329 4331 4330
f 4332 4333 4334
f 4335 4336 4337
f 4336 4338 4337
f 3567 3565 4339
f 3565 3564 4339
f 4340 3563 4341
f 4342 4343 4340
f 4343 4344 4340
f 4340 4344 3561
f 4285 4345 4286
f 4345 4346 4286
f 4286 4346 4347
f 4346 4348 4347
f 4347 4348 4349
f 4350 4348 4292
f 4348 4351 4292
f 4292 4351 4287
f 4274 4289 4351
f 4289 4288 4351
f 4351 4288 4287
f 4348 4352 4351
f 4352 4330 4351
f 4351 4330 4274
f 4330 4331 4274
f 4274 4331 4275
f 4353 4354 4355
f 4356 4357 4358
f 4357 4359 4358
f 4358 4359 4360
f 4359 4361 4360
f 4360 4361 4362
f 4361 4363 4362
f 4362 4363 4335
f 4364 4365 4354
f 4365 4366 4354
f 4354 4366 4355
f 4366 4367 4355
f 4355 4367 4368
f 4369 3581 4316
f 3581 4370 4316
f 4316 4370 4371
f 4370 4372 4371
f 4371 4372 4373
f 4372 4326 4373
f 4374 4375 4376
f 4375 3571 4376
f 4376 3571 4377
f 4322 4324 4356
f 4378 4379 4380
f 4379 4324 4380
f 4380 4324 4327
f 4324 4323 4327
f 4327 4323 4325
f 3579 3577 4372
f 3577 4381 4372
f 4372 4381 4382
f 4381 4383 4382
f 4382 4383 4384
f 4383 4385 4384
f 4384 4385 4386
f 4385 4387 4386
f 4356 4324 4357
f 4324 4379 4357
f 4357 4379 4359
f 4379 4378 4359
f 4359 4378 4361
f 4378 4353 4361
f 4361 4353 4363
f 4353 4355 4363
f 4363 4355 4335
f 4355 4368 4335
f 4335 4368 4336
f 4388 4376 4389
f 4376 4377 4389
f 4389 4377 3569
f 4390 4388 4391
f 4388 4389 4391
f 4391 4389 4392
f 4389 3569 4392
f 4392 3569 3567
f 3567 4393 4392
f 4393 4394 4392
f 4392 4394 4391
f 4394 4321 4391
f 4391 4321 4390
f 3577 3576 4381
f 3576 4395 4381
f 4381 4395 4383
f 4395 4396 4383
f 4383 4396 4385
f 4396 4397 4385
f 4385 4397 4387
f 4397 4398 4387
f 4319 4321 4399
f 4321 4394 4399
f 4399 4394 4400
f 4394 4339 4400
f 4400 4339 4401
f 4339 3564 4401
f 4401 3564 3561
f 4326 4372 4327
f 4372 4382 4327
f 4327 4382 4380
f 4382 4384 4380
f 4380 4384 4378
f 4384 4386 4378
f 4378 4386 4353
f 4386 4387 4353
f 4353 4387 4354
f 4387 4398 4354
f 4354 4398 4364
f 2590 3591 4293
f 3591 4402 4293
f 4293 4402 4297
f 4402 4403 4297
f 4403 4404 4297
f 4297 4404 4298
f 4404 4405 4298
f 4317 4318 3588
f 4406 4407 4405
f 4407 4408 4405
f 4405 4408 4298
f 4409 4410 4345
f 4410 4313 4345
f 4345 4313 4411
f 4313 4312 4411
f 4411 4312 4412
f 4312 4311 4412
f 4412 4311 4406
f 4311 4413 4406
f 4406 4413 4414
f 4415 3588 4416
f 3588 4318 4416
f 4416 4318 4417
f 4318 4418 4417
f 4417 4418 4419
f 4418 4420 4419
f 4419 4420 4421
f 4420 4422 4421
f 4421 4422 4423
f 4422 4424 4423
f 4423 4424 4425
f 4424 4426 4425
f 4425 4426 4427
f 4426 4428 4427
f 4427 4428 4429
f 4428 4430 4429
f 4429 4430 4431
f 4430 4432 4431
f 4431 4432 4433
f 4432 4434 4433
f 4433 4434 4435
f 4434 4436 4435
f 4435 4436 4334
f 4333 4328 4334
f 4328 4330 4334
f 4334 4330 4435
f 4330 4352 4435
f 4435 4352 4433
f 4352 4348 4433
f 4433 4348 4431
f 4348 4346 4431
f 4431 4346 4429
f 4346 4345 4429
f 4429 4345 4427
f 4345 4411 4427
f 4427 4411 4425
f 4411 4412 4425
f 4425 4412 4437
f 4412 4406 4437
f 4437 4406 4421
f 4406 4405 4421
f 4421 4405 4419
f 4405 4404 4419
f 4419 4404 4417
f 4404 4403 4417
f 4417 4403 4416
f 4403 4402 4416
f 4416 4402 4415
f 4402 3591 4415
f 4438 4439 4398
f 4439 4440 4398
f 4398 4440 4364
f 4441 4438 4321
f 4438 4398 4321
f 4321 4398 4390
f 4398 4397 4390
f 4390 4397 4388
f 4397 4396 4388
f 4388 4396 4376
f 4396 4395 4376
f 4376 4395 3575
f 4395 3576 3575
f 4337 4332 4335
f 4332 4334 4335
f 4335 4334 4362
f 4334 4436 4362
f 4362 4436 4360
f 4436 4434 4360
f 4360 4434 4358
f 4434 4432 4358
f 4358 4432 4356
f 4432 4430 4356
f 4356 4430 4322
f 4430 4428 4322
f 4322 4428 4323
f 4428 4426 4323
f 4323 4426 4325
f 4426 4424 4325
f 4325 4424 4326
f 4424 4422 4326
f 4326 4422 4373
f 4422 4420 4373
f 4373 4420 4371
f 4420 4418 4371
f 4371 4418 4316
f 4418 4318 4316
f 4316 4318 3583
f 4318 3584 3583
f 4442 3180 4443
f 4444 3175 4445
f 4446 4447 4448
f 4449 4450 4451
f 4452 4453 4454
f 4455 4456 4457
f 4456 4458 4457
f 3173 4459 4460
f 4459 3171 4460
f 4448 4447 4461
f 4447 4460 4461
f 4461 4460 4462
f 4460 3171 4462
f 4462 3171 2621
f 4444 4445 3179
f 4463 4464 4465
f 4464 4466 4465
f 4465 4466 4467
f 3180 3179 4443
f 3179 4445 4443
f 4443 4445 4467
f 4445 4468 4467
f 4467 4468 4465
f 4468 4469 4465
f 4465 4469 4463
f 4469 4470 4463
f 4463 4470 4471
f 4470 4472 4471
f 4471 4472 4473
f 4472 4474 4473
f 4473 4474 4457
f 4474 4454 4457
f 4457 4454 4455
f 4454 4453 4455
f 4448 4475 4446
f 4475 4476 4446
f 4446 4476 4477
f 4476 4478 4477
f 4477 4478 4479
f 4478 4480 4479
f 4479 4480 4481
f 4480 4482 4481
f 4481 4482 4451
f 4482 4483 4451
f 4451 4483 4449
f 4483 4484 4449
f 4449 4484 4485
f 3177 4442 4486
f 4442 4443 4486
f 4486 4443 4487
f 4443 4467 4487
f 4487 4467 4488
f 4467 4466 4488
f 4458 4489 4457
f 4489 4490 4457
f 4457 4490 4473
f 4490 4491 4473
f 4473 4491 4471
f 4491 4492 4471
f 4471 4492 4463
f 4492 4493 4463
f 4463 4493 4464
f 3175 3173 4445
f 3173 4460 4445
f 4445 4460 4468
f 4460 4447 4468
f 4468 4447 4469
f 4447 4446 4469
f 4469 4446 4470
f 4446 4477 4470
f 4470 4477 4472
f 4477 4479 4472
f 4472 4479 4474
f 4479 4481 4474
f 4474 4481 4454
f 4481 4451 4454
f 4454 4451 4452
f 4451 4450 4452
f 4494 4495 4496
f 4497 4498 4499
f 4500 4482 4501
f 4485 4502 4503
f 4502 4504 4503
f 4503 4504 4505
f 4505 4504 4506
f 4504 4507 4506
f 4506 4507 4508
f 4507 4509 4508
f 4508 4509 4510
f 4510 4509 4511
f 4509 4512 4511
f 4511 4512 4513
f 4512 4514 4513
f 4513 4514 4515
f 4514 4516 4515
f 4515 4516 4517
f 4516 4518 4517
f 4517 4518 4519
f 4518 4520 4519
f 4519 4520 4521
f 4521 4520 4522
f 4520 4523 4522
f 4522 4523 4524
f 4523 4525 4524
f 4524 4525 4526
f 4526 4525 4527
f 4525 4528 4527
f 4527 4528 4529
f 4528 4499 4529
f 4529 4499 4530
f 4499 4498 4530
f 4530 4498 4531
f 4532 4533 4534
f 4485 4535 4502
f 4535 4501 4502
f 4502 4501 4504
f 4501 4536 4504
f 4504 4536 4507
f 4536 4537 4507
f 4507 4537 4509
f 4537 4538 4509
f 4509 4538 4512
f 4538 4539 4512
f 4512 4539 4514
f 4540 4478 4541
f 4478 4542 4541
f 4541 4542 4543
f 4542 4544 4543
f 4543 4544 4545
f 4544 4546 4545
f 4545 4546 4547
f 4546 4548 4547
f 4547 4548 4549
f 4548 4550 4549
f 4549 4550 4551
f 4550 4552 4551
f 4551 4552 4553
f 4552 4554 4553
f 4553 4554 4555
f 4554 4556 4555
f 4555 4556 4557
f 4556 4558 4557
f 4557 4558 4559
f 4495 4560 4496
f 4560 4561 4496
f 4496 4561 4562
f 4561 4563 4562
f 4562 4563 4564
f 4563 4565 4564
f 4564 4565 4566
f 4565 4567 4566
f 4566 4567 4568
f 4567 4559 4568
f 4568 4559 4569
f 4559 4558 4569
f 4570 4497 4571
f 4497 4499 4571
f 4571 4499 4572
f 4499 4528 4572
f 4572 4528 4573
f 4528 4525 4573
f 4573 4525 4574
f 4525 4523 4574
f 4574 4523 4575
f 4523 4520 4575
f 4575 4520 4576
f 4520 4518 4576
f 4576 4518 4577
f 4518 4516 4577
f 4577 4516 4578
f 4516 4514 4578
f 4578 4514 4579
f 4514 4539 4579
f 4560 4570 4561
f 4570 4571 4561
f 4561 4571 4563
f 4571 4572 4563
f 4563 4572 4565
f 4572 4573 4565
f 4565 4573 4567
f 4573 4574 4567
f 4567 4574 4559
f 4574 4575 4559
f 4559 4575 4557
f 4575 4576 4557
f 4557 4576 4555
f 4576 4577 4555
f 4555 4577 4553
f 4577 4578 4553
f 4553 4578 4551
f 4578 4579 4551
f 4551 4579 4549
f 4579 4539 4549
f 4549 4539 4547
f 4539 4538 4547
f 4547 4538 4545
f 4538 4537 4545
f 4545 4537 4543
f 4537 4536 4543
f 4543 4536 4541
f 4536 4501 4541
f 4541 4501 4540
f 4501 4482 4540
f 4580 4581 4582
f 4582 2608 4580
f 2608 2607 4580
f 4580 2607 4583
f 2607 2606 4583
f 2606 4584 4583
f 4583 4584 4585
f 4584 2604 4585
f 2604 2603 4585
f 4585 2603 4586
f 2599 4587 4588
f 2603 2602 4586
f 2602 4589 4586
f 4586 4589 4588
f 4589 2600 4588
f 4588 2600 2599
f 4590 4591 4592
f 2597 4593 2596
f 4593 4594 2596
f 2596 4594 4595
f 4594 4587 4595
f 4595 4587 2598
f 4587 2599 2598
f 4596 2620 4597
f 2620 4598 4597
f 2621 2620 4462
f 2620 4596 4462
f 4462 4596 4461
f 4596 4448 4461
f 4598 2624 4597
f 2624 2625 4597
f 4597 2625 4599
f 2625 2619 4599
f 4599 2619 4600
f 2619 4601 4600
f 4601 2617 4600
f 2617 2616 4600
f 4600 2616 4602
f 2616 2615 4602
f 4602 2615 4603
f 2615 4604 4603
f 4604 2613 4603
f 2613 2612 4603
f 4603 2612 4605
f 2612 2611 4605
f 4605 2611 4581
f 2611 4606 4581
f 4581 4606 4582
f 4607 4608 4609
f 4608 4610 4609
f 4609 4610 4611
f 4610 4612 4611
f 4611 4612 4613
f 4612 4614 4613
f 4613 4614 4615
f 4614 4616 4615
f 4615 4616 4617
f 4616 4618 4617
f 4617 4618 4619
f 4618 4620 4619
f 4619 4620 4621
f 4620 4622 4621
f 4621 4622 4623
f 4622 4624 4623
f 4623 4624 4625
f 4624 4626 4625
f 4625 4626 4627
f 4626 4628 4627
f 4627 4628 4629
f 4628 4630 4629
f 4629 4630 4631
f 4630 4632 4631
f 4631 4632 4633
f 4632 4634 4633
f 4633 4634 4635
f 4634 4636 4635
f 4635 4636 4637
f 4636 4638 4637
f 4637 4638 4475
f 4638 4476 4475
f 4639 4607 4594
f 4607 4609 4594
f 4594 4609 4587
f 4609 4611 4587
f 4587 4611 4588
f 4611 4613 4588
f 4588 4613 4586
f 4613 4615 4586
f 4586 4615 4585
f 4615 4617 4585
f 4585 4617 4583
f 4617 4619 4583
f 4583 4619 4580
f 4619 4621 4580
f 4580 4621 4581
f 4621 4623 4581
f 4581 4623 4605
f 4623 4625 4605
f 4605 4625 4603
f 4625 4627 4603
f 4603 4627 4602
f 4627 4629 4602
f 4602 4629 4600
f 4629 4640 4600
f 4600 4640 4599
f 4640 4633 4599
f 4599 4633 4597
f 4633 4635 4597
f 4597 4635 4596
f 4635 4637 4596
f 4596 4637 4448
f 4637 4475 4448
f 4608 4494 4610
f 4494 4496 4610
f 4610 4496 4612
f 4496 4562 4612
f 4612 4562 4614
f 4562 4564 4614
f 4614 4564 4616
f 4564 4566 4616
f 4616 4566 4618
f 4566 4568 4618
f 4618 4568 4620
f 4568 4569 4620
f 4620 4569 4622
f 4569 4558 4622
f 4622 4558 4624
f 4558 4556 4624
f 4624 4556 4626
f 4556 4554 4626
f 4626 4554 4628
f 4554 4552 4628
f 4628 4552 4630
f 4552 4550 4630
f 4630 4550 4632
f 4550 4548 4632
f 4632 4548 4634
f 4548 4546 4634
f 4634 4546 4636
f 4546 4544 4636
f 4636 4544 4638
f 4544 4542 4638
f 4638 4542 4476
f 4542 4478 4476
f 4641 4642 4643
f 4644 4645 4646
f 4647 4648 4649
f 4650 4651 4652
f 4651 4531 4652
f 3163 3162 4653
f 3162 4654 4653
f 4643 4642 4655
f 4642 4653 4655
f 4655 4653 4656
f 4653 4654 4656
f 4656 4654 3161
f 4495 4494 4657
f 4494 4608 4657
f 4657 4608 4658
f 4608 4607 4658
f 4658 4607 4659
f 4657 4660 4495
f 4660 4661 4495
f 4495 4661 4560
f 4661 4662 4560
f 4531 4498 4652
f 4498 4497 4652
f 4652 4497 4662
f 4497 4570 4662
f 4662 4570 4560
f 4659 4663 4658
f 4663 4664 4658
f 4658 4664 4657
f 4664 4665 4657
f 4657 4665 4660
f 4665 4666 4660
f 4660 4666 4661
f 4666 4667 4661
f 4661 4667 4662
f 4667 4668 4662
f 4662 4668 4652
f 4668 4649 4652
f 4652 4649 4650
f 4649 4648 4650
f 4669 4644 4670
f 4644 4646 4670
f 4670 4646 4671
f 4646 4672 4671
f 4643 4673 4641
f 4673 4674 4641
f 4641 4674 4675
f 4674 4676 4675
f 4675 4676 4677
f 4676 4678 4677
f 4677 4678 4672
f 4678 4679 4672
f 4672 4679 4671
f 2597 4680 4681
f 4680 4659 4681
f 4681 4659 4682
f 4659 4607 4682
f 4683 3169 4659
f 3169 3168 4659
f 4659 3168 4663
f 3168 3167 4663
f 4663 3167 4684
f 4684 3163 4663
f 3163 4653 4663
f 4663 4653 4664
f 4653 4642 4664
f 4664 4642 4665
f 4642 4641 4665
f 4665 4641 4666
f 4641 4675 4666
f 4666 4675 4667
f 4675 4677 4667
f 4667 4677 4668
f 4677 4672 4668
f 4668 4672 4649
f 4672 4646 4649
f 4649 4646 4647
f 4646 4645 4647
f 4685 4686 4687
f 2714 2713 4688
f 4689 4690 4691
f 4692 4693 4694
f 4695 4696 4697
f 4698 4699 4700
f 4701 4702 4703
f 4704 4705 4706
f 4707 2626 4708
f 4709 2705 2704
f 2702 4710 4711
f 2693 4712 2688
f 4712 4713 2688
f 2688 4713 2689
f 4707 4708 2692
f 4714 4715 4716
f 4715 4703 4716
f 4716 4703 4717
f 4703 4718 4717
f 4719 4720 4697
f 3714 3713 4721
f 4700 4706 4722
f 4715 4723 4703
f 4723 4724 4703
f 4703 4724 4701
f 4724 4725 4701
f 4701 4725 4726
f 4720 4718 4697
f 4718 4703 4697
f 4697 4703 4695
f 4703 4702 4695
f 4727 4704 4701
f 4704 4706 4701
f 4701 4706 4702
f 4706 4700 4702
f 4702 4700 4695
f 4700 4699 4695
f 4695 4699 4696
f 4728 4729 4730
f 4729 4692 4730
f 3744 3743 4731
f 3743 4732 4731
f 4731 4732 3709
f 4728 4689 4729
f 4689 4691 4729
f 4729 4691 4733
f 4691 4734 4733
f 4733 4734 4735
f 4694 4693 4736
f 4693 4737 4736
f 4736 4737 4738
f 4692 4729 4693
f 4729 4733 4693
f 4693 4733 4737
f 4733 4735 4737
f 4737 4735 4738
f 3697 4739 4735
f 4739 3694 4735
f 4721 4738 3714
f 4738 4735 3714
f 3714 4735 3693
f 4735 3694 3693
f 4690 4731 4691
f 4731 3709 4691
f 4691 3709 4734
f 3709 3700 4734
f 4734 3700 4735
f 3700 3699 4735
f 4735 3699 4740
f 2694 4741 2695
f 4741 4742 2695
f 2695 4742 2697
f 4742 4743 2697
f 4744 4745 4741
f 4745 4746 4741
f 4741 4746 4742
f 4747 4748 4744
f 4748 4749 4744
f 4744 4749 4745
f 4750 4751 4752
f 4751 4753 4752
f 4752 4753 4747
f 4753 4754 4747
f 4747 4754 4748
f 4755 4756 4757
f 4756 4730 4757
f 4757 4730 4758
f 4730 4692 4758
f 4694 4750 4692
f 4750 4759 4692
f 4692 4759 4758
f 4759 4747 4758
f 4758 4747 4757
f 4747 4744 4757
f 4757 4744 4755
f 4744 4741 4755
f 2713 4760 4688
f 4760 4761 4688
f 4688 4761 4762
f 4761 4763 4762
f 4762 4763 4764
f 4763 4765 4764
f 4764 4765 4766
f 4767 4768 4769
f 2568 3731 2716
f 3731 4768 2716
f 2716 4768 2718
f 4768 4767 2718
f 2718 4767 4770
f 4766 4765 4771
f 4765 4772 4771
f 4771 4772 4773
f 2710 2708 4774
f 2708 4775 4774
f 4774 4775 4776
f 4775 4777 4776
f 4776 4777 4778
f 4760 2710 4761
f 2710 4774 4761
f 4761 4774 4763
f 4774 4776 4763
f 4763 4776 4765
f 4776 4778 4765
f 4765 4778 4772
f 2708 4770 4775
f 4770 4767 4775
f 4775 4767 4777
f 4767 4769 4777
f 4777 4769 4778
f 4769 4779 4778
f 4778 4779 4772
f 4779 4780 4772
f 4772 4780 4773
f 4780 4781 4773
f 4782 2692 4783
f 2692 4708 4783
f 4783 4708 4784
f 4708 4785 4784
f 4784 4785 4786
f 4785 4787 4786
f 4705 4788 4706
f 4788 4789 4706
f 4706 4789 4722
f 4789 4790 4722
f 4722 4790 4791
f 4790 4792 4791
f 4791 4792 4793
f 4792 4794 4793
f 4794 4795 4793
f 4793 4795 4796
f 4795 4797 4796
f 4796 4797 4798
f 4797 4799 4798
f 4798 4799 4800
f 4799 4801 4800
f 4800 4801 4786
f 4802 4803 4804
f 4803 4805 4804
f 4804 4805 4806
f 4805 4807 4806
f 4806 4807 4808
f 4807 4809 4808
f 4808 4809 4810
f 4809 4811 4810
f 4810 4811 4812
f 4811 4813 4812
f 4812 4813 4814
f 4813 4815 4814
f 4814 4815 4711
f 4815 4709 4711
f 4711 4709 2702
f 4709 2704 2702
f 2626 2705 4708
f 2705 4816 4708
f 4708 4816 4785
f 4816 4815 4785
f 4785 4815 4787
f 4815 4813 4787
f 4787 4813 4798
f 4813 4811 4798
f 4798 4811 4796
f 4811 4809 4796
f 4796 4809 4793
f 4809 4807 4793
f 4793 4807 4791
f 4807 4805 4791
f 4791 4805 4722
f 4805 4803 4722
f 4722 4803 4700
f 4803 4802 4700
f 4700 4802 4698
f 4817 3729 4768
f 3729 3728 4768
f 4768 3728 4769
f 3728 3748 4769
f 4769 3748 4779
f 3748 3747 4779
f 4779 3747 4780
f 3747 3746 4780
f 4780 3746 4781
f 3746 3745 4781
f 2694 2714 4741
f 2714 4688 4741
f 4741 4688 4755
f 4688 4762 4755
f 4755 4762 4756
f 4762 4764 4756
f 4756 4764 4730
f 4764 4766 4730
f 4730 4766 4728
f 4766 4771 4728
f 4728 4771 4818
f 4771 4773 4818
f 4818 4773 4690
f 4773 4781 4690
f 4690 4781 4731
f 4781 3745 4731
f 4731 3745 3744
f 4721 4719 4738
f 4719 4697 4738
f 4738 4697 4736
f 4697 4696 4736
f 4736 4696 4694
f 4696 4699 4694
f 4694 4699 4750
f 4699 4698 4750
f 4750 4698 4751
f 4698 4802 4751
f 4751 4802 4753
f 4802 4804 4753
f 4753 4804 4754
f 4804 4806 4754
f 4754 4806 4748
f 4806 4808 4748
f 4748 4808 4749
f 4808 4810 4749
f 4749 4810 4745
f 4810 4812 4745
f 4745 4812 4746
f 4812 4814 4746
f 4746 4814 4742
f 4814 4711 4742
f 4742 4711 4743
f 4711 4710 4743
f 4819 4820 4821
f 4820 4822 4821
f 4823 4824 4825
f 4824 4826 4825
f 4825 4826 4827
f 4826 4828 4827
f 4827 4828 4819
f 4828 4829 4819
f 4819 4829 4820
f 4830 4831 4832
f 4831 4833 4832
f 4834 4835 4836
f 4835 4837 4836
f 4836 4837 4823
f 4837 4838 4823
f 4823 4838 4824
f 4839 4840 4841
f 4830 4842 4831
f 4842 4843 4831
f 4831 4843 4840
f 4843 4844 4840
f 4840 4844 4841
f 4845 4846 4847
f 4846 4848 4847
f 4847 4848 4833
f 4848 4849 4833
f 4833 4849 4832
f 4850 4851 4852
f 4845 4847 4853
f 4847 4854 4853
f 4853 4854 4855
f 4854 4856 4855
f 4855 4856 4857
f 4852 4851 4858
f 4859 4860 4861
f 4841 4862 4839
f 4862 4863 4839
f 4839 4863 4864
f 4863 4865 4864
f 4864 4865 4866
f 4865 4867 4866
f 4866 4867 4868
f 4867 4869 4868
f 4868 4869 4870
f 4861 4860 4871
f 4860 4872 4871
f 4871 4872 4873
f 4872 4874 4873
f 4873 4874 4834
f 4874 4875 4834
f 4834 4875 4835
f 4869 4876 4870
f 4876 4877 4870
f 4870 4877 4878
f 4877 4879 4878
f 4878 4879 4880
f 4879 4881 4880
f 4882 4883 4884
f 4883 4885 4884
f 4884 4885 4886
f 4884 4887 4882
f 4887 4888 4882
f 4882 4888 4889
f 4888 4890 4889
f 4889 4890 4891
f 4890 4892 4891
f 4891 4892 4893
f 4892 4894 4893
f 4851 4895 4858
f 4895 4896 4858
f 4858 4896 4897
f 4896 4898 4897
f 4897 4898 4899
f 4898 4900 4899
f 4899 4900 4901
f 4900 4902 4901
f 4901 4902 4903
f 4902 4904 4903
f 4903 4904 4905
f 4904 4894 4905
f 4905 4894 4906
f 4894 4892 4906
f 4861 4907 4859
f 4907 4908 4859
f 4859 4908 4909
f 4908 4910 4909
f 4909 4910 4911
f 4910 4912 4911
f 4911 4912 4913
f 4912 4914 4913
f 4913 4914 4881
f 4914 4915 4881
f 4881 4915 4880
f 4856 4916 4857
f 4916 4917 4857
f 4857 4917 4918
f 4917 4886 4918
f 4918 4886 4919
f 4886 4885 4919
f 4822 4920 4821
f 4920 4921 4821
f 4821 4921 4922
f 4921 4923 4922
f 4922 4923 4924
f 4923 4925 4924
f 4924 4925 4926
f 4925 4927 4926
f 4926 4927 4928
f 4927 4929 4928
f 4928 4929 4930
f 4929 4931 4930
f 4930 4931 4932
f 4931 4933 4932
f 4932 4933 4934
f 4933 4935 4934
f 4934 4935 4936
f 4935 4937 4936
f 4936 4937 4938
f 4937 4939 4938
f 4938 4939 4940
f 4939 4941 4940
f 4940 4941 4942
f 4941 4943 4942
f 4942 4943 4944
f 4943 4945 4944
f 4944 4945 4946
f 4945 4947 4946
f 4946 4947 4948
f 4947 4949 4948
f 4948 4949 4950
f 4949 4951 4950
f 4950 4951 4952
f 4951 4953 4952
f 4952 4953 4954
f 4953 4955 4954
f 4954 4955 4956
f 4955 4957 4956
f 4956 4957 4958
f 4957 4850 4958
f 4958 4850 4959
f 4850 4852 4959
f 4960 4961 4670
f 4961 4962 4670
f 4670 4962 4669
f 4678 4963 4679
f 4963 4960 4679
f 4679 4960 4671
f 4960 4670 4671
f 4964 4965 4678
f 4965 4966 4678
f 4678 4966 4963
f 4676 4967 4968
f 4676 4968 4678
f 4968 4969 4678
f 4678 4969 4964
f 4676 4674 4967
f 4674 4673 4967
f 4967 4673 4970
f 4656 3161 4971
f 4656 4971 4655
f 4971 4972 4655
f 4655 4972 4643
f 4973 4970 4974
f 4970 4673 4974
f 4974 4673 4975
f 4673 4643 4975
f 4975 4643 4976
f 4643 4972 4976
f 4977 4978 4979
f 4980 2681 2682
f 4981 4982 4983
f 4725 4724 4984
f 4985 4986 4987
f 4988 4989 4987
f 4989 4990 4987
f 4987 4990 4985
f 4990 4991 4985
f 4987 4992 4988
f 4992 4993 4988
f 4988 4993 4989
f 4993 4994 4989
f 4989 4994 4995
f 4995 4996 4997
f 4995 4979 4989
f 4979 4978 4989
f 4989 4978 4998
f 4998 4999 4989
f 4999 5000 4989
f 4989 5000 4990
f 5000 5001 4990
f 4990 5001 4991
f 5001 5002 4991
f 4991 5002 5003
f 5004 5005 5006
f 5005 5007 5006
f 5006 5007 5008
f 4794 5009 5010
f 5009 5011 5010
f 5010 5011 5012
f 5013 5014 5015
f 5016 5013 5017
f 5013 5015 5017
f 5017 5015 5018
f 5011 4789 5012
f 4789 4788 5012
f 5012 4788 5019
f 4788 4705 5019
f 5019 4705 4704
f 5020 5016 5021
f 5016 5017 5021
f 5021 5017 5022
f 5017 5018 5022
f 4983 5023 5022
f 5023 5008 5022
f 5022 5008 5021
f 5008 5007 5021
f 5021 5007 5020
f 4724 5024 4984
f 5024 5025 4984
f 4984 5025 5026
f 5025 5027 5026
f 5026 5027 5028
f 4725 4984 4727
f 4984 5026 4727
f 4727 5026 4704
f 5026 5028 4704
f 4704 5028 5019
f 2658 2661 5029
f 2661 2666 5029
f 5029 2666 5030
f 2666 5031 5030
f 5030 5031 5032
f 5031 5033 5032
f 5033 5034 5032
f 5032 5034 5035
f 5034 5036 5035
f 5035 5036 5037
f 5036 5038 5037
f 5038 5039 5037
f 5037 5039 5040
f 2681 4980 2674
f 2690 2689 5041
f 5039 2674 5040
f 2674 4980 5040
f 5040 4980 5042
f 4980 2682 5042
f 5042 2682 2684
f 5043 5044 5045
f 5044 5046 5045
f 5045 5046 5047
f 5048 5049 5043
f 5049 4784 5043
f 5043 4784 5044
f 5050 4799 5051
f 4786 5050 5052
f 5050 5053 5052
f 5052 5053 5054
f 5053 5055 5054
f 5054 5055 5056
f 4797 4795 5057
f 4795 5058 5057
f 5057 5058 5059
f 5058 5060 5059
f 5059 5060 5061
f 4784 5062 5044
f 5062 5052 5044
f 5044 5052 5046
f 5052 5054 5046
f 5046 5054 5047
f 5054 5056 5047
f 5047 5056 5063
f 5056 5064 5063
f 5063 5064 5065
f 5064 5066 5065
f 5065 5066 5067
f 5066 5068 5067
f 5067 5068 5069
f 4799 4797 5053
f 4797 5057 5053
f 5053 5057 5055
f 5057 5059 5055
f 5055 5059 5056
f 5059 5061 5056
f 5056 5061 5064
f 5061 5070 5064
f 5064 5070 5066
f 5070 5071 5066
f 5066 5071 5068
f 2636 2635 5072
f 2635 2647 5072
f 2632 2639 5073
f 2639 5074 5073
f 5073 5074 5075
f 5076 2648 5077
f 2648 5078 5077
f 5077 5078 2644
f 2663 5079 2656
f 5079 2657 2656
f 2650 2652 5080
f 2652 2653 5080
f 5081 2630 5082
f 2630 2629 5082
f 5083 5084 5085
f 5084 5080 5085
f 5085 5080 5081
f 5080 2653 5081
f 5081 2653 2630
f 2629 2657 5082
f 2657 5079 5082
f 5082 5079 5081
f 5079 5086 5081
f 5081 5086 5085
f 5074 2636 5075
f 2636 5072 5075
f 5075 5072 5076
f 5072 5087 5076
f 5076 5087 2648
f 5088 5089 5073
f 5089 2633 5073
f 5073 2633 2632
f 2644 5080 5077
f 5080 5090 5077
f 5077 5090 5076
f 5090 5083 5076
f 5076 5083 5075
f 5083 5091 5075
f 5075 5091 5073
f 5071 5092 5068
f 5092 5093 5068
f 5068 5093 5069
f 5093 5094 5069
f 5069 5094 5095
f 5094 5096 5095
f 5060 5014 5061
f 5014 5013 5061
f 5061 5013 5070
f 5013 5016 5070
f 5070 5016 5071
f 5016 5020 5071
f 5071 5020 5092
f 5020 5007 5092
f 5092 5007 5093
f 5007 5005 5093
f 5093 5005 5094
f 5005 5004 5094
f 5094 5004 5097
f 2663 2658 5079
f 2658 5029 5079
f 5079 5029 5086
f 5029 5098 5086
f 5086 5098 5085
f 5098 5099 5085
f 5085 5099 5100
f 5099 4992 5100
f 5100 4992 5101
f 4992 4987 5101
f 5101 4987 5073
f 4987 4986 5073
f 5073 4986 5088
f 5102 5103 5024
f 5103 5104 5024
f 5024 5104 5025
f 5104 5105 5025
f 5025 5105 5106
f 4714 5102 4715
f 5102 5024 4715
f 4715 5024 4723
f 5024 4724 4723
f 5107 5108 4996
f 5108 5109 4996
f 4996 5109 4997
f 5109 5110 4997
f 4997 5110 4977
f 4795 4794 5058
f 4794 5010 5058
f 5058 5010 5060
f 5010 5012 5060
f 5060 5012 5014
f 5012 5019 5014
f 5014 5019 5015
f 5019 5028 5015
f 5015 5028 5018
f 5028 5027 5018
f 5018 5027 5022
f 5027 5025 5022
f 5022 5025 4983
f 5025 5106 4983
f 4983 5106 4981
f 4982 5107 4983
f 5107 4996 4983
f 4983 4996 5023
f 4996 4995 5023
f 5023 4995 5008
f 4995 4994 5008
f 5008 4994 5006
f 4994 4993 5006
f 5006 4993 5111
f 4993 4992 5111
f 5111 4992 5096
f 4992 5099 5096
f 5096 5099 5095
f 5099 5098 5095
f 5095 5098 5069
f 5098 5029 5069
f 5069 5029 5067
f 5029 5030 5067
f 5067 5030 5065
f 5030 5032 5065
f 5065 5032 5063
f 5032 5035 5063
f 5063 5035 5047
f 5035 5037 5047
f 5047 5037 5045
f 5037 5040 5045
f 5045 5040 5043
f 5040 5042 5043
f 5043 5042 5041
f 5042 2684 5041
f 5041 2684 2690
f 5112 5113 5114
f 5113 5115 5114
f 5116 2720 2728
f 5003 5117 4991
f 5117 5114 4991
f 4991 5114 4985
f 5114 5115 4985
f 4985 5115 4986
f 5118 5112 5119
f 5112 5114 5119
f 5119 5114 5120
f 5114 5117 5120
f 4986 5115 5088
f 5115 5116 5088
f 5088 5116 5089
f 5116 2728 5089
f 5089 2728 2633
f 2721 2720 5121
f 2720 5116 5121
f 5121 5116 5122
f 5116 5115 5122
f 5122 5115 5123
f 5115 5113 5123
f 5124 5112 5118
f 5125 2773 5126
f 5127 2778 5128
f 5129 2783 5130
f 5131 5132 5133
f 5112 5124 5113
f 5134 5135 5136
f 5137 5138 5139
f 5140 2770 5141
f 2769 2768 5142
f 2768 2767 5142
f 5142 2767 5143
f 5140 5141 2772
f 5144 5145 5146
f 5145 5147 5146
f 5144 5146 5148
f 5146 5149 5148
f 5148 5149 5150
f 5149 5151 5150
f 5150 5151 5152
f 5151 5153 5152
f 5152 5153 5154
f 5153 5155 5154
f 5154 5155 5156
f 5157 5158 5159
f 5156 5155 5160
f 5155 5161 5160
f 5160 5161 5159
f 5161 5162 5159
f 5159 5162 5157
f 5163 5164 5165
f 5164 5166 5165
f 5165 5166 5167
f 5166 5168 5167
f 5169 5170 5171
f 5170 5172 5171
f 5171 5172 5173
f 5174 5175 5137
f 5175 5176 5137
f 5137 5176 5138
f 5176 5177 5138
f 5138 5177 5178
f 5179 5180 5181
f 5182 5183 5184
f 5185 5183 5186
f 5183 5182 5186
f 5186 5182 5124
f 5187 5188 5189
f 5134 5136 5189
f 5136 5190 5189
f 5189 5190 5187
f 5191 5192 5193
f 5192 5194 5193
f 5193 5194 5195
f 5196 2762 5195
f 2762 5197 5195
f 5195 5197 5193
f 5197 2757 5193
f 5193 2757 2755
f 5181 5180 5198
f 5180 5199 5198
f 5199 5200 5198
f 5198 5200 5191
f 5200 5201 5191
f 5191 5201 5192
f 2751 2750 5202
f 2750 2745 5202
f 5202 2745 5203
f 2745 2748 5203
f 5203 2748 5204
f 2748 2749 5204
f 2740 5205 2741
f 5205 5204 2741
f 2741 5204 2743
f 5204 2749 2743
f 5205 5206 5204
f 5206 5207 5204
f 5204 5207 5203
f 5207 5208 5203
f 5203 5208 5202
f 2739 5209 5210
f 5209 2735 5210
f 5210 2735 2734
f 5132 5131 5184
f 5131 5211 5184
f 5184 5211 5182
f 5211 5212 5182
f 5182 5212 5124
f 5212 5123 5124
f 5124 5123 5113
f 2770 2769 5141
f 2769 5213 5141
f 5141 5213 5214
f 5213 5215 5214
f 5214 5215 5216
f 5215 5217 5216
f 5216 5217 5218
f 5217 5219 5218
f 5218 5219 5220
f 2787 5129 5221
f 5129 5130 5221
f 5221 5130 5222
f 5130 5223 5222
f 5222 5223 5224
f 5223 5225 5224
f 5224 5225 5226
f 5225 5227 5226
f 5226 5227 5228
f 5227 5229 5228
f 5228 5229 5230
f 5229 5231 5230
f 5230 5231 5232
f 5231 5233 5232
f 5232 5233 5234
f 5233 5147 5234
f 5234 5147 5235
f 5147 5236 5235
f 5172 5174 5173
f 5174 5137 5173
f 5173 5137 5237
f 5137 5139 5237
f 5237 5139 5238
f 5139 5239 5238
f 5238 5239 5240
f 5239 5241 5240
f 5240 5241 5242
f 5241 5243 5242
f 5242 5243 5244
f 5243 5245 5244
f 5244 5245 5246
f 5245 5247 5246
f 5246 5247 5248
f 5247 5249 5248
f 5248 5249 5250
f 5249 5251 5250
f 5250 5251 5252
f 5251 5253 5252
f 5252 5253 5254
f 5253 5255 5254
f 5254 5255 5256
f 5255 5257 5256
f 5256 5257 5128
f 5257 5258 5128
f 5128 5258 5127
f 5258 2782 5127
f 2783 2782 5130
f 2782 5258 5130
f 5130 5258 5223
f 5258 5257 5223
f 5223 5257 5225
f 5257 5255 5225
f 5225 5255 5227
f 5255 5253 5227
f 5227 5253 5229
f 5253 5251 5229
f 5229 5251 5231
f 5251 5259 5231
f 5231 5259 5233
f 5259 5247 5233
f 5233 5247 5147
f 5247 5245 5147
f 5147 5245 5146
f 5245 5243 5146
f 5146 5243 5149
f 5243 5241 5149
f 5149 5241 5151
f 5241 5239 5151
f 5151 5239 5153
f 5239 5139 5153
f 5153 5139 5155
f 5139 5138 5155
f 5155 5138 5161
f 5138 5178 5161
f 5161 5178 5162
f 2773 2772 5126
f 2772 5141 5126
f 5126 5141 5260
f 5141 5214 5260
f 5260 5214 5261
f 5214 5216 5261
f 5261 5216 5262
f 5216 5218 5262
f 5262 5218 5263
f 5218 5220 5263
f 5263 5220 5264
f 5219 5265 5220
f 5265 5266 5220
f 5220 5266 5264
f 5266 5267 5264
f 5264 5267 5268
f 5267 5269 5268
f 5268 5269 5270
f 5269 5271 5270
f 5164 5271 5166
f 5271 5269 5166
f 5166 5269 5168
f 5269 5267 5168
f 5168 5267 5272
f 5267 5266 5272
f 5272 5266 5273
f 5266 5265 5273
f 5274 5275 5190
f 5275 5276 5190
f 5190 5276 5187
f 5136 5185 5190
f 5185 5186 5190
f 5190 5186 5274
f 5186 5124 5274
f 5274 5124 5277
f 5124 5118 5277
f 5193 5133 5191
f 5133 5132 5191
f 5191 5132 5198
f 5132 5184 5198
f 5198 5184 5181
f 5184 5183 5181
f 5181 5183 5179
f 5183 5185 5179
f 5179 5185 5278
f 5185 5136 5278
f 5278 5136 5171
f 5136 5135 5171
f 5171 5135 5169
f 2740 2739 5205
f 2739 5210 5205
f 5205 5210 5206
f 5210 5279 5206
f 5206 5279 5207
f 5279 5280 5207
f 5207 5280 5208
f 5280 5281 5208
f 5208 5281 5202
f 5281 5282 5202
f 5202 5282 2751
f 5282 2753 2751
f 5122 5210 5283
f 5210 2734 5283
f 5283 2734 2721
f 5122 5123 5210
f 5123 5212 5210
f 5210 5212 5279
f 5212 5211 5279
f 5279 5211 5280
f 5211 5131 5280
f 5280 5131 5281
f 5131 5133 5281
f 5281 5133 5282
f 5133 5193 5282
f 5282 5193 2753
f 5193 2755 2753
f 5284 5163 5285
f 5163 5165 5285
f 5285 5165 5286
f 5165 5167 5286
f 5286 5167 5287
f 5167 5168 5287
f 5287 5168 5288
f 5168 5272 5288
f 5288 5272 5289
f 5272 5273 5289
f 5289 5273 5290
f 5273 5265 5290
f 5290 5265 5291
f 5265 5219 5291
f 5291 5219 5292
f 5219 5217 5292
f 5292 5217 5293
f 5217 5215 5293
f 5293 5215 5294
f 5215 5142 5294
f 5294 5142 5295
f 5142 5296 5295
f 5295 5296 5297
f 2778 5125 5128
f 5125 5126 5128
f 5128 5126 5256
f 5126 5260 5256
f 5256 5260 5254
f 5260 5298 5254
f 5254 5298 5252
f 5298 5299 5252
f 5252 5299 5250
f 5299 5263 5250
f 5250 5263 5248
f 5263 5264 5248
f 5248 5264 5246
f 5264 5268 5246
f 5246 5268 5300
f 5268 5270 5300
f 5300 5270 5242
f 5270 5271 5242
f 5242 5271 5240
f 5271 5164 5240
f 5240 5164 5238
f 5164 5163 5238
f 5238 5163 5237
f 5163 5284 5237
f 5237 5284 5173
f 5284 5285 5173
f 5173 5285 5171
f 5285 5286 5171
f 5171 5286 5278
f 5286 5301 5278
f 5278 5301 5179
f 5301 5288 5179
f 5179 5288 5180
f 5288 5289 5180
f 5180 5289 5199
f 5289 5290 5199
f 5199 5290 5200
f 5290 5291 5200
f 5200 5291 5201
f 5291 5292 5201
f 5201 5292 5192
f 5292 5293 5192
f 5192 5293 5194
f 5293 5294 5194
f 5194 5294 5195
f 5294 5302 5195
f 5195 5302 5196
f 5302 5297 5196
f 5196 5297 2762
f 5303 4973 4974
f 4974 4975 5303
f 4975 4976 5303
f 5303 4976 5304
f 4972 5305 4976
f 5305 5306 4976
f 4976 5306 5304
f 5307 5308 5309
f 5308 5310 5309
f 4972 4971 5305
f 4971 5311 5305
f 5305 5311 5310
f 5311 5312 5310
f 5310 5312 5309
f 5312 5313 5309
f 5309 5313 5307
f 5313 5314 5307
f 5307 5314 5315
f 5316 5317 5318
f 5319 5320 5321
f 5321 5320 5322
f 5323 5324 5325
f 5324 5326 5325
f 5325 5326 5327
f 5328 3064 3063
f 5329 5330 5331
f 5330 5332 5331
f 5331 5332 5333
f 5334 5335 5336
f 5335 5337 5336
f 5336 5337 5338
f 5337 5339 5338
f 5338 5339 5340
f 5339 5341 5340
f 5340 5341 5342
f 3097 3099 5343
f 3100 5344 5318
f 5344 3060 5318
f 5318 3060 5316
f 3060 5343 5316
f 5345 5346 5322
f 5346 5347 5322
f 5322 5347 5321
f 5347 5326 5321
f 5321 5326 5319
f 5326 5324 5319
f 5345 3095 5346
f 3095 3100 5346
f 5346 3100 5347
f 3100 5318 5347
f 5347 5318 5326
f 5318 5317 5326
f 5326 5317 5327
f 3137 3139 5345
f 3139 3096 5345
f 5345 3096 3095
f 5333 3063 5331
f 3063 3146 5331
f 5331 3146 5348
f 3146 3145 5348
f 5348 3145 5345
f 3145 3136 5345
f 5345 3136 3137
f 5349 5329 5342
f 5329 5331 5342
f 5342 5331 5340
f 5331 5348 5340
f 5340 5348 5338
f 5348 5345 5338
f 5338 5345 5336
f 5345 5322 5336
f 5336 5322 5334
f 5322 5320 5334
f 3067 3066 3065
f 3065 3064 3067
f 3064 5350 3067
f 3067 5350 3069
f 5350 5351 3069
f 5351 4971 3069
f 3069 4971 3050
f 4971 3161 3050
f 3050 3161 3044
f 3161 3160 3044
f 3044 3160 3045
f 3160 3158 3045
f 3045 3158 2275
f 898 5352 5353
f 5352 5354 5353
f 5355 5356 5357
f 5356 5358 5357
f 5357 5358 5359
f 5358 5353 5359
f 5359 5353 5360
f 5353 5354 5360
f 5361 5362 5363
f 5362 888 5363
f 888 5364 5363
f 5364 5365 5363
f 5363 5365 5366
f 5365 5367 5366
f 5366 5367 5368
f 5367 5369 5368
f 5368 5369 5370
f 3177 5371 3178
f 5371 5372 3178
f 3178 5372 2497
f 5372 5373 2497
f 2497 5373 5374
f 5375 5376 5377
f 5378 5379 5380
f 3329 3226 5381
f 5382 5383 5381
f 3327 3329 5384
f 3329 5381 5384
f 5384 5381 5385
f 5381 5383 5385
f 5386 5387 5388
f 5381 5389 5382
f 5389 5388 5382
f 5382 5388 5390
f 5388 5387 5390
f 5391 5392 5378
f 5392 5393 5378
f 5378 5393 5379
f 5388 5394 5386
f 5394 5392 5386
f 5386 5392 5395
f 5392 5391 5395
f 5396 5397 5380
f 5397 5398 5380
f 5398 5399 5380
f 5399 5400 5380
f 5380 5400 5378
f 5396 5401 5397
f 5401 5402 5397
f 5397 5402 5403
f 5402 5404 5403
f 5403 5404 5405
f 5404 5406 5405
f 5406 5404 5407
f 5404 5408 5407
f 5407 5408 5409
f 5408 5410 5409
f 5410 5411 5409
f 5409 5411 5412
f 5411 5413 5412
f 5413 5411 5414
f 5411 5415 5414
f 5414 5415 5416
f 5417 5377 5418
f 5377 5419 5418
f 5415 5420 5416
f 5420 5418 5416
f 5416 5418 5421
f 5418 5422 5421
f 5417 5374 5423
f 5417 5423 5377
f 5423 5424 5377
f 5377 5424 5375
f 5425 5426 5412
f 5427 5428 5429
f 5428 5377 5429
f 5429 5377 5430
f 5431 3327 5384
f 5432 5431 5433
f 5431 5384 5433
f 5433 5384 5434
f 5384 5385 5434
f 5434 5385 5435
f 5385 5383 5435
f 5435 5383 5436
f 5436 5383 5437
f 5383 5382 5437
f 5437 5382 5438
f 5382 5390 5438
f 5438 5390 5439
f 5390 5387 5439
f 5439 5387 5440
f 5440 5387 5441
f 5387 5386 5441
f 5441 5386 5442
f 5386 5395 5442
f 5442 5395 5443
f 5395 5444 5443
f 5443 5444 5445
f 5444 5378 5445
f 5445 5378 5446
f 5378 5400 5447
f 5400 5399 5447
f 5447 5399 5448
f 5399 5449 5448
f 5412 5450 5451
f 5409 5452 5407
f 5452 5453 5407
f 5407 5453 5454
f 5399 5398 5449
f 5398 5397 5449
f 5449 5397 5455
f 5397 5403 5455
f 5455 5403 5456
f 5403 5457 5456
f 5456 5457 5458
f 5457 5406 5458
f 5458 5406 5407
f 5412 5413 5425
f 5413 5414 5425
f 5425 5414 5459
f 5414 5416 5459
f 5459 5416 5460
f 5416 5421 5460
f 5460 5421 5428
f 5421 5422 5428
f 5428 5422 5377
f 5459 5460 5461
f 5460 5428 5461
f 5461 5428 5427
f 5426 5425 5462
f 5425 5463 5462
f 5462 5463 5464
f 5463 5461 5464
f 5464 5461 5465
f 5426 5462 5466
f 5462 5467 5466
f 5466 5467 5468
f 5455 5456 5469
f 5456 5454 5469
f 5469 5454 5466
f 5469 5470 5471
f 5470 5472 5471
f 5471 5472 5449
f 5472 5473 5449
f 5449 5473 5474
f 5473 5475 5474
f 5476 5477 5446
f 5477 5478 5446
f 5446 5478 5445
f 5478 5479 5445
f 5445 5479 5443
f 5443 5480 5442
f 5480 5481 5442
f 5442 5481 5441
f 5441 5481 5440
f 5481 5482 5440
f 5440 5482 5439
f 5482 5483 5439
f 5439 5483 5438
f 5483 5484 5438
f 5438 5484 5437
f 5485 5486 5487
f 5437 5484 5436
f 5484 5488 5436
f 5436 5488 5435
f 5488 5489 5435
f 5435 5489 5434
f 5489 5485 5434
f 5434 5485 5433
f 5485 5487 5433
f 5433 5487 5432
f 5490 5491 5492
f 5493 5494 5495
f 5496 5497 5498
f 5497 5499 5498
f 5498 5499 5494
f 5500 5499 5495
f 5499 5501 5495
f 5495 5501 5502
f 5503 5371 5504
f 5499 5505 5501
f 5505 5503 5501
f 5501 5503 5491
f 5503 5504 5491
f 5491 5504 5492
f 5490 5492 5506
f 5492 5507 5506
f 5506 5507 5508
f 5507 5509 5508
f 5508 5509 5510
f 5511 5510 5509
f 5512 5513 4464
f 5513 5514 4464
f 5514 5515 4464
f 5515 5516 4464
f 4464 5516 4466
f 4464 4493 5512
f 4493 4492 5512
f 5512 4492 5517
f 5517 4492 5518
f 4492 4491 5518
f 5518 4491 5519
f 5519 4491 5520
f 4491 4490 5520
f 5520 4490 5521
f 5521 4490 5522
f 4490 4489 5522
f 5522 4489 4458
f 5516 5511 4466
f 5511 5509 4466
f 4466 5509 4488
f 5509 5507 4488
f 5507 5492 4488
f 4488 5492 4487
f 5492 5504 4487
f 4487 5504 4486
f 5504 5371 4486
f 4486 5371 3177
f 5523 5524 5525
f 3438 3443 5523
f 3421 5526 5527
f 3436 3437 5528
f 4138 4137 5529
f 3454 3453 5530
f 3453 5531 5530
f 5530 5531 5532
f 5533 5534 5535
f 5536 5537 5533
f 5537 5538 5533
f 5533 5538 5539
f 5540 5541 5542
f 5543 5544 5545
f 5544 5546 5545
f 5545 5546 5547
f 5546 5548 5547
f 5549 5548 5550
f 5548 5546 5550
f 5550 5546 5551
f 5546 5544 5551
f 5552 5551 5553
f 5551 5544 5553
f 5553 5544 5554
f 5544 5543 5554
f 5554 5543 5555
f 5556 5557 5558
f 5557 5550 5558
f 5558 5550 5559
f 5550 5551 5559
f 5559 5551 5560
f 5551 5552 5560
f 5560 5552 5561
f 5542 5562 5540
f 5562 5563 5540
f 5540 5563 5564
f 5565 5566 5564
f 5566 5567 5564
f 5564 5567 5540
f 5567 5568 5540
f 5540 5568 5541
f 5568 5569 5541
f 5570 5571 5572
f 5573 4154 4153
f 4153 5571 5573
f 5571 5570 5573
f 5573 5570 5574
f 5570 5575 5574
f 5574 5575 5576
f 5575 5577 5576
f 5576 5577 5578
f 4152 4138 5579
f 4138 5529 5579
f 5579 5529 5580
f 5581 5580 5582
f 5580 5529 5582
f 5582 5529 5583
f 5529 5584 5583
f 5581 5585 5580
f 5585 5586 5580
f 5580 5586 5564
f 5586 5587 5564
f 5564 5587 5565
f 4117 4145 5578
f 4145 4147 5578
f 5578 4147 5576
f 4147 4148 5576
f 5576 4148 5574
f 4148 4150 5574
f 5574 4150 5573
f 4150 4151 5573
f 5573 4151 4154
f 3450 3449 5588
f 3449 3447 5588
f 5588 3447 5589
f 3447 3455 5589
f 5589 3455 3454
f 5524 3452 3450
f 5558 5590 5556
f 5590 5591 5556
f 5556 5591 5592
f 5593 5594 5595
f 5596 5597 3463
f 5597 5598 3463
f 3463 5598 5599
f 5598 5600 5599
f 5599 5600 3466
f 5600 5532 3466
f 3466 5532 5601
f 5532 5531 5601
f 5596 5602 5597
f 5602 3475 5597
f 5597 3475 5603
f 3470 4232 5604
f 4232 5603 5604
f 5604 5603 3474
f 5603 3475 3474
f 4246 4245 5605
f 3450 5588 5606
f 5588 5589 5606
f 5606 5589 5607
f 5589 5532 5607
f 5607 5532 5608
f 5532 5600 5608
f 5608 5600 5609
f 5600 5598 5609
f 5609 5598 5610
f 5598 5597 5610
f 5610 5597 5611
f 5597 5603 5611
f 5611 5603 5605
f 5603 4232 5605
f 5605 4232 4246
f 5593 5612 5613
f 5612 5614 5613
f 5613 5614 5615
f 5614 5616 5615
f 5615 5616 5617
f 5616 5618 5617
f 5617 5618 5619
f 5618 5620 5619
f 5619 5620 5621
f 5620 5622 5621
f 5621 5622 5623
f 5622 4237 5623
f 5623 4237 4235
f 5594 5624 5595
f 5624 5625 5595
f 5595 5625 5626
f 5625 5627 5626
f 5626 5627 5628
f 5627 5629 5628
f 5628 5629 5630
f 5629 5631 5630
f 5630 5631 5632
f 5631 5633 5632
f 5632 5633 5634
f 5633 4241 5634
f 5634 4241 4239
f 5593 5595 5612
f 5595 5626 5612
f 5612 5626 5614
f 5626 5628 5614
f 5614 5628 5616
f 5628 5630 5616
f 5616 5630 5618
f 5630 5632 5618
f 5618 5632 5620
f 5632 5634 5620
f 5620 5634 5622
f 5634 4239 5622
f 5622 4239 4237
f 5524 3450 5635
f 3450 5606 5635
f 5635 5606 5636
f 5606 5607 5636
f 5636 5607 5637
f 5607 5608 5637
f 5637 5608 5638
f 5608 5609 5638
f 5638 5609 5639
f 5609 5610 5639
f 5639 5610 5640
f 5610 5611 5640
f 5640 5611 5641
f 5611 5605 5641
f 5641 5605 5642
f 5605 4245 5642
f 5642 4245 4243
f 5643 3422 5644
f 3422 3424 5644
f 5645 5646 5647
f 5646 3430 5647
f 3430 3435 5647
f 3435 3436 5647
f 5647 3436 5648
f 3436 5528 5648
f 3424 3425 5644
f 3425 3426 5644
f 5644 3426 5645
f 3426 3428 5645
f 5645 3428 5646
f 5649 3443 5524
f 3443 5650 5524
f 5524 5650 3452
f 5526 3439 5527
f 3439 5651 5527
f 5527 5651 5652
f 5651 5653 5652
f 5652 5653 5654
f 5653 5655 5654
f 5654 5655 5656
f 5655 5594 5656
f 5656 5594 5657
f 5594 5593 5657
f 5657 5593 5658
f 5593 5592 5658
f 3439 3438 5651
f 3438 5523 5651
f 5651 5523 5653
f 5523 5525 5653
f 5653 5525 5655
f 5525 5636 5655
f 5655 5636 5594
f 5636 5637 5594
f 5594 5637 5624
f 5637 5638 5624
f 5624 5638 5625
f 5638 5639 5625
f 5625 5639 5627
f 5639 5640 5627
f 5627 5640 5629
f 5640 5641 5629
f 5629 5641 5631
f 5641 5642 5631
f 5631 5642 5633
f 5642 4243 5633
f 5633 4243 4241
f 5659 5660 5661
f 5660 5662 5661
f 5662 5663 5661
f 5663 5664 5661
f 5661 5664 5665
f 5533 5666 5536
f 5666 5667 5536
f 5536 5667 5644
f 5667 5668 5644
f 5644 5668 5643
f 5669 5663 5670
f 5663 5662 5670
f 5670 5662 5671
f 5662 5660 5671
f 5671 5660 5672
f 5660 5659 5672
f 5672 5659 5673
f 5528 5673 5648
f 5673 5659 5648
f 5648 5659 5647
f 5659 5661 5647
f 5647 5661 5645
f 5661 5665 5645
f 5645 5665 5644
f 5665 5664 5644
f 5644 5664 5536
f 5664 5663 5536
f 5536 5663 5537
f 5663 5669 5537
f 4137 4136 5674
f 4137 5674 5529
f 5674 5675 5529
f 5529 5675 5584
f 5566 5676 5567
f 5676 5677 5567
f 5567 5677 5678
f 5669 5679 5537
f 5679 5680 5537
f 5537 5680 5538
f 5680 5569 5538
f 5538 5569 5539
f 5569 5568 5539
f 5539 5568 5681
f 5568 5567 5681
f 5681 5567 5682
f 5567 5678 5682
f 5682 5683 5681
f 5683 5684 5681
f 5681 5684 5539
f 5684 5685 5539
f 5539 5685 5533
f 5685 5686 5533
f 5533 5686 5534
f 5686 5687 5534
f 5534 5687 5688
f 5572 5561 5570
f 5561 5552 5570
f 5570 5552 5575
f 5552 5553 5575
f 5575 5553 5577
f 5553 5554 5577
f 5577 5554 5578
f 5554 5555 5578
f 5578 5555 4117
f 5555 4234 4117
f 5592 5593 5556
f 5593 5613 5556
f 5556 5613 5557
f 5613 5615 5557
f 5557 5615 5548
f 5615 5617 5548
f 5548 5617 5547
f 5617 5619 5547
f 5547 5619 5545
f 5619 5621 5545
f 5545 5621 5543
f 5621 5623 5543
f 5543 5623 5555
f 5623 4235 5555
f 5555 4235 4234
f 3437 3421 5528
f 3421 5527 5528
f 5528 5527 5673
f 5527 5652 5673
f 5673 5652 5672
f 5652 5654 5672
f 5672 5654 5671
f 5654 5656 5671
f 5671 5656 5670
f 5656 5657 5670
f 5670 5657 5669
f 5657 5658 5669
f 5669 5658 5679
f 5658 5592 5679
f 5679 5592 5680
f 5592 5591 5680
f 5680 5591 5569
f 5591 5590 5569
f 5569 5590 5541
f 5590 5558 5541
f 5541 5558 5542
f 5558 5559 5542
f 5542 5559 5562
f 5559 5560 5562
f 5562 5560 5563
f 5560 5561 5563
f 5563 5561 5564
f 5561 5572 5564
f 5564 5572 5580
f 5572 5571 5580
f 5580 5571 5579
f 5571 4153 5579
f 5579 4153 4152
f 3501 3503 5689
f 3503 3422 5689
f 5690 5691 5692
f 5691 5693 5692
f 5693 5535 5692
f 5535 5534 5692
f 5692 5534 5694
f 5534 5688 5694
f 5695 5690 5696
f 5690 5697 5696
f 5696 5697 5698
f 5697 5694 5698
f 3422 5643 5689
f 5643 5668 5689
f 5689 5668 5693
f 5668 5699 5693
f 5693 5699 5666
f 3500 3501 5700
f 3501 5689 5700
f 5700 5689 5701
f 5689 5693 5701
f 5701 5693 5702
f 5693 5691 5702
f 4319 4399 5703
f 5704 3541 5705
f 5706 5707 3547
f 3547 5707 3549
f 5703 5708 5709
f 5710 3554 5711
f 5712 5713 5714
f 5715 5716 5717
f 3514 3513 5718
f 3523 5719 5720
f 5691 5690 5721
f 5722 5723 5724
f 5725 5726 5727
f 5726 5728 5727
f 5727 5728 5729
f 4365 5730 4366
f 5730 5731 4366
f 4366 5731 5732
f 5731 5733 5732
f 5732 5733 4368
f 5733 4336 4368
f 5734 5735 5733
f 5735 4338 5733
f 5733 4338 4336
f 5736 5737 5738
f 5737 5727 5738
f 5738 5727 5739
f 5727 5729 5739
f 5739 5729 5740
f 5723 5722 5741
f 5722 5742 5741
f 5741 5742 5743
f 5742 5744 5743
f 5743 5744 5745
f 5746 5747 5748
f 5749 5750 5725
f 5750 5751 5725
f 5725 5751 5726
f 5751 5752 5726
f 5726 5752 5734
f 5691 5721 5702
f 3542 3534 5753
f 3534 5754 5753
f 3530 5755 3531
f 5755 5756 3531
f 3530 3529 5757
f 3529 5758 5757
f 5757 5758 5759
f 3530 5757 5755
f 5757 5760 5755
f 5755 5760 5761
f 3519 5762 5763
f 3514 5718 3516
f 5762 5764 5763
f 5764 5718 5763
f 5763 5718 5765
f 5718 3513 5765
f 5719 3519 5720
f 3519 5763 5720
f 5720 5763 5766
f 5763 5765 5766
f 5766 5765 5715
f 5765 5767 5715
f 5715 5767 5716
f 3508 3509 5768
f 3509 3512 5768
f 5768 3512 5700
f 3512 3511 5700
f 5700 3511 3500
f 5769 5770 5771
f 5770 5772 5771
f 5771 5772 5773
f 5772 3554 5773
f 3563 5712 4342
f 5712 5714 4342
f 4342 5714 5774
f 5714 5775 5774
f 5774 5775 5776
f 5775 5709 5776
f 5776 5709 4400
f 5709 4399 4400
f 3547 3546 5706
f 3546 3535 5706
f 5706 3535 5777
f 5704 5705 3537
f 3541 3542 5705
f 3542 5753 5705
f 5705 5753 5756
f 5753 3533 5756
f 5756 3533 3531
f 5777 5778 5706
f 5778 5779 5706
f 5706 5779 5707
f 5779 5780 5707
f 5707 5780 5781
f 5780 5782 5781
f 5771 5782 5769
f 5782 5780 5769
f 5769 5780 5783
f 5778 5784 5785
f 5784 5786 5785
f 5785 5786 5780
f 5786 5787 5780
f 5780 5787 5783
f 5788 5789 5783
f 5789 5790 5783
f 5783 5790 5769
f 5790 5791 5769
f 5769 5791 5770
f 5703 5792 4319
f 5792 5793 4319
f 4319 5793 4441
f 5793 5794 4441
f 4365 4364 5730
f 4364 5795 5730
f 5730 5795 5796
f 5795 4439 5796
f 5796 4439 5794
f 4439 4438 5794
f 5794 4438 4441
f 5797 5798 5799
f 5713 3555 5714
f 3555 5772 5714
f 5714 5772 5775
f 5772 5770 5775
f 5775 5770 5709
f 5770 5791 5709
f 5709 5791 5703
f 5791 5790 5703
f 5703 5790 5792
f 5790 5789 5792
f 5792 5789 5800
f 5789 5788 5800
f 5800 5788 5794
f 5788 5801 5794
f 5794 5801 5796
f 5759 5802 5757
f 5802 5803 5757
f 5757 5803 5760
f 5803 5804 5760
f 5760 5804 5761
f 5804 5805 5761
f 5761 5805 5806
f 5805 5807 5806
f 5806 5807 5808
f 5809 5810 5811
f 5810 5812 5811
f 5811 5812 5813
f 5812 5814 5813
f 5813 5814 5815
f 5814 5816 5815
f 5777 5817 5778
f 5817 5818 5778
f 5778 5818 5784
f 5818 5819 5784
f 5784 5819 5786
f 5819 5820 5786
f 5786 5820 5787
f 5820 5821 5787
f 5787 5821 5783
f 5821 5799 5783
f 5783 5799 5788
f 5799 5798 5788
f 5788 5798 5801
f 3535 3537 5777
f 3537 5705 5777
f 5777 5705 5817
f 5705 5756 5817
f 5817 5756 5822
f 5756 5755 5822
f 5822 5755 5809
f 5755 5761 5809
f 5809 5761 5810
f 5761 5806 5810
f 5810 5806 5812
f 5806 5808 5812
f 5812 5808 5814
f 5808 5797 5814
f 5814 5797 5816
f 5797 5799 5816
f 5816 5799 5815
f 5799 5821 5815
f 5815 5821 5813
f 5821 5820 5813
f 5813 5820 5811
f 5820 5819 5811
f 5811 5819 5809
f 5819 5818 5809
f 5809 5818 5822
f 5818 5817 5822
f 5823 5824 5825
f 5824 5826 5825
f 5825 5826 5827
f 5828 5829 5830
f 5829 5721 5830
f 5830 5721 5831
f 5828 5823 5829
f 5823 5825 5829
f 5829 5825 5832
f 5825 5827 5832
f 5832 5827 5833
f 5827 5746 5833
f 5690 5695 5721
f 5695 5834 5721
f 5721 5834 5831
f 5826 5835 5827
f 5835 5836 5827
f 5827 5836 5746
f 5836 5837 5746
f 5746 5837 5747
f 3513 3508 5765
f 3508 5768 5765
f 5765 5768 5767
f 5768 5838 5767
f 5767 5838 5716
f 5838 5839 5716
f 5716 5839 5717
f 5839 5840 5717
f 5717 5840 5724
f 5840 5841 5724
f 5724 5841 5722
f 5841 5736 5722
f 5722 5736 5742
f 5736 5738 5742
f 5742 5738 5744
f 5738 5739 5744
f 5744 5739 5745
f 5739 5740 5745
f 5700 5701 5768
f 5701 5702 5768
f 5768 5702 5838
f 5702 5721 5838
f 5838 5721 5839
f 5721 5829 5839
f 5839 5829 5840
f 5829 5832 5840
f 5840 5832 5841
f 5832 5833 5841
f 5841 5833 5736
f 5833 5746 5736
f 5736 5746 5737
f 5746 5748 5737
f 5737 5748 5749
f 5734 5733 5726
f 5733 5731 5726
f 5726 5731 5728
f 5731 5730 5728
f 5728 5730 5729
f 5730 5796 5729
f 5729 5796 5740
f 5796 5801 5740
f 5740 5801 5745
f 5801 5798 5745
f 5745 5798 5743
f 5798 5797 5743
f 5743 5797 5741
f 5797 5808 5741
f 5741 5808 5723
f 5808 5807 5723
f 5723 5807 5724
f 5807 5805 5724
f 5724 5805 5717
f 5805 5804 5717
f 5717 5804 5842
f 5804 5803 5842
f 5842 5803 5766
f 5803 5802 5766
f 5766 5802 5720
f 5802 5759 5720
f 5720 5759 3523
f 3765 4521 3766
f 4521 5843 3766
f 3985 3987 4513
f 3987 3989 4513
f 4513 3989 4511
f 4669 4962 5844
f 3764 3762 5843
f 3762 3761 5843
f 5843 3761 3766
f 3989 3991 4511
f 3991 3992 4511
f 4511 3992 3994
f 4669 5844 4644
f 4524 5845 5846
f 3765 3797 4521
f 3797 3804 4521
f 4521 3804 4519
f 4511 5847 5848
f 4644 5844 4645
f 5844 5849 4645
f 4645 5849 5850
f 5849 4714 5850
f 5850 4714 4648
f 4714 4716 4648
f 4648 4716 4717
f 5846 5851 4524
f 5851 5852 4524
f 4524 5852 5843
f 5852 5853 5843
f 5853 5854 5843
f 5843 5854 5158
f 3994 4025 4511
f 4025 5855 4511
f 4511 5855 5847
f 4140 4510 4139
f 4510 4511 4139
f 4139 4511 4135
f 4511 5848 4135
f 4135 5848 4136
f 4140 4141 4510
f 4141 4143 4510
f 4510 4143 4508
f 4452 4328 4333
f 4452 4333 4453
f 4333 4332 4453
f 4453 4332 4455
f 3777 3764 5856
f 3764 5843 5856
f 5856 5843 5857
f 5843 5158 5857
f 4519 3804 4517
f 3804 3931 4517
f 4517 3931 4515
f 3931 3930 4515
f 4515 3930 4513
f 3930 3944 4513
f 4513 3944 3985
f 4456 5858 4458
f 5858 5522 4458
f 5845 4524 3692
f 4524 4526 3692
f 3692 4526 3690
f 4332 4337 4455
f 4337 4338 4455
f 4455 4338 4456
f 4338 5859 4456
f 4456 5859 5858
f 4717 4718 4648
f 4718 4720 4648
f 4648 4720 4650
f 4720 4719 4650
f 4650 4719 4651
f 4719 4721 4651
f 4651 4721 4531
f 4721 3713 4531
f 4531 3713 4530
f 3713 3688 4530
f 4530 3688 4529
f 3688 3690 4529
f 4529 3690 5860
f 3690 4526 5860
f 4143 4144 4508
f 4144 4134 4508
f 4508 4134 4506
f 4134 4271 4506
f 4506 4271 4505
f 4271 4503 4505
f 4503 4271 4485
f 4271 4273 4485
f 4485 4273 4449
f 4273 4275 4449
f 4449 4275 4450
f 4275 4331 4450
f 4450 4331 4452
f 4331 4329 4452
f 4452 4329 4328
f 5861 5315 5862
f 5863 4973 5303
f 5864 5865 5866
f 5867 5868 5869
f 5315 5870 5869
f 5870 5871 5869
f 5869 5871 5867
f 5862 5315 5869
f 5872 5873 5874
f 5873 5875 5874
f 5874 5875 5863
f 5305 5876 5877
f 5876 5878 5877
f 5863 5303 5874
f 5303 5879 5874
f 5874 5879 5306
f 5866 5872 5880
f 5872 5874 5880
f 5880 5874 5877
f 5874 5306 5877
f 5877 5306 5305
f 5878 5861 5877
f 5861 5862 5877
f 5877 5862 5880
f 5862 5869 5880
f 5880 5869 5866
f 5869 5868 5866
f 5866 5868 5864
f 5881 5882 5883
f 5884 5885 5886
f 5887 5888 5889
f 5890 5891 5892
f 5857 5158 5157
f 5157 5162 5857
f 5162 5178 5857
f 5857 5178 5177
f 5177 5893 5857
f 5893 5894 5857
f 5857 5894 5856
f 5895 5896 5897
f 5895 5897 5894
f 5897 5898 5894
f 5898 5899 5894
f 5894 5899 5856
f 5899 5900 5856
f 5856 5900 3777
f 5901 5902 5903
f 5902 5904 5903
f 5903 5904 5895
f 5904 5905 5895
f 5895 5905 5896
f 5886 5906 5903
f 5906 5907 5903
f 5903 5907 5901
f 5908 5909 5910
f 5909 5911 5910
f 5910 5911 5885
f 5911 5912 5885
f 5912 5913 5885
f 5913 5914 5885
f 5885 5914 5886
f 5914 5915 5886
f 5886 5915 5906
f 5908 5910 5916
f 5910 5917 5916
f 5916 5917 5918
f 5919 5849 5844
f 5919 5103 5849
f 5103 5920 5849
f 5849 5920 4714
f 5106 5105 5919
f 5105 5921 5919
f 5919 5921 5103
f 4981 5922 4982
f 5922 5923 4982
f 4982 5923 5107
f 5923 5924 5107
f 5925 5926 4978
f 4978 4977 5925
f 4977 5110 5925
f 5925 5110 5923
f 5110 5927 5923
f 5923 5927 5924
f 5926 5925 4999
f 5925 5883 4999
f 4999 5883 5928
f 5883 5929 5928
f 5928 5929 5001
f 5117 5003 5929
f 5003 5002 5929
f 5929 5002 5001
f 5274 5884 5275
f 5884 5276 5275
f 5274 5277 5884
f 5277 5118 5884
f 5884 5118 5930
f 5118 5931 5930
f 5930 5931 5120
f 5932 5933 5188
f 5933 5934 5188
f 5895 5170 5903
f 5170 5169 5903
f 5903 5169 5935
f 5893 5175 5894
f 5175 5174 5894
f 5894 5174 5895
f 5174 5172 5895
f 5895 5172 5170
f 5936 5919 5937
f 5919 5844 5937
f 5937 5844 4962
f 5936 5938 5919
f 5938 5922 5919
f 5919 5922 5106
f 5922 4981 5106
f 5939 5923 5940
f 5923 5922 5940
f 5940 5922 5941
f 5922 5938 5941
f 5942 5943 5944
f 5943 5945 5944
f 5946 5947 5948
f 5947 5949 5948
f 5948 5949 5943
f 5949 5950 5943
f 5943 5950 5945
f 5892 5891 5948
f 5891 5951 5948
f 5948 5951 5946
f 5942 5952 5943
f 5952 5953 5943
f 5943 5953 5948
f 5953 5954 5948
f 5948 5954 5892
f 5955 5956 5954
f 5952 5929 5953
f 5929 5883 5953
f 5953 5883 5954
f 5883 5882 5954
f 5954 5882 5955
f 5956 5957 5954
f 5957 5958 5954
f 5954 5958 5892
f 5958 5959 5892
f 5892 5959 5890
f 5959 5960 5890
f 5890 5960 5961
f 5887 5889 5962
f 5963 5964 5965
f 5964 5966 5965
f 5965 5966 5967
f 5968 5969 5970
f 5969 5971 5970
f 5970 5971 5963
f 5971 5972 5963
f 5963 5972 5964
f 5944 5973 5942
f 5973 5974 5942
f 5942 5974 5970
f 5974 5975 5970
f 5970 5975 5968
f 5935 5976 5903
f 5976 5934 5903
f 5903 5934 5886
f 5934 5933 5886
f 5886 5933 5884
f 5933 5932 5884
f 5884 5932 5276
f 5888 5917 5889
f 5917 5910 5889
f 5889 5910 5977
f 5910 5885 5977
f 5977 5885 5978
f 5885 5884 5978
f 5978 5884 5979
f 5884 5930 5979
f 5979 5930 5980
f 5930 5120 5980
f 5980 5120 5117
f 5117 5929 5980
f 5929 5952 5980
f 5980 5952 5979
f 5952 5942 5979
f 5979 5942 5978
f 5942 5970 5978
f 5978 5970 5977
f 5970 5963 5977
f 5977 5963 5889
f 5963 5965 5889
f 5889 5965 5962
f 5965 5967 5962
f 5962 5967 5981
f 5939 5982 5923
f 5982 5983 5923
f 5923 5983 5925
f 5983 5984 5925
f 5925 5984 5883
f 5984 5985 5883
f 5883 5985 5881
f 5986 5987 5988
f 5989 5990 893
f 920 5991 5992
f 893 905 5989
f 905 5993 5989
f 5989 5993 5994
f 5993 903 5994
f 5994 903 5992
f 903 5995 5992
f 5992 5995 5996
f 5997 5998 5999
f 5998 6000 5999
f 6001 5986 6002
f 5986 5988 6002
f 6002 5988 6003
f 5334 5320 6004
f 5988 6005 6003
f 6005 6006 6003
f 6003 6006 6007
f 6006 6008 6007
f 6007 6008 6009
f 6008 6010 6009
f 5341 5339 6011
f 5339 6012 6011
f 6011 6012 6013
f 6012 6008 6013
f 6014 6015 6016
f 6015 6017 6016
f 6016 6017 5342
f 6017 6018 5342
f 5342 6018 5349
f 907 6019 908
f 6019 6020 908
f 908 6020 6021
f 915 6022 916
f 6022 6023 916
f 920 919 5991
f 919 6024 5991
f 5991 6024 6023
f 6024 6025 6023
f 6023 6025 6026
f 6019 6014 6020
f 6014 6016 6020
f 6020 6016 6011
f 6016 5342 6011
f 6011 5342 5341
f 5324 5323 6027
f 5320 5319 6004
f 5319 5324 6004
f 6004 5324 6028
f 5324 6027 6028
f 6028 6027 5997
f 5339 5337 6012
f 5337 5335 6012
f 6012 5335 6009
f 5335 5334 6009
f 6009 5334 6029
f 5334 6004 6029
f 6029 6004 6003
f 6004 5999 6003
f 6003 5999 6030
f 5999 6000 6030
f 6030 6000 6001
f 5987 6031 5988
f 6031 5989 5988
f 5988 5989 6005
f 5989 5994 6005
f 6005 5994 6006
f 5994 5992 6006
f 6006 5992 6008
f 5992 5991 6008
f 6008 5991 6013
f 5991 6023 6013
f 6013 6023 6032
f 6023 6022 6032
f 6032 6022 6020
f 6022 913 6020
f 6020 913 912
f 5350 6033 5351
f 6033 5311 5351
f 5351 5311 4971
f 5314 5313 6033
f 5313 5312 6033
f 6033 5312 5311
f 5315 5314 6034
f 5314 6033 6034
f 6034 6033 6035
f 6033 6036 6035
f 6035 6036 6037
f 6036 6038 6037
f 5349 6039 6040
f 6039 6041 6040
f 6040 6041 5330
f 6041 6038 5330
f 5330 6038 5332
f 6038 6042 5332
f 5332 6042 5333
f 6042 6033 5333
f 5333 6033 3064
f 6033 5350 3064
f 6043 867 869
f 6044 6045 6046
f 6047 6046 6048
f 5477 5473 6049
f 6050 6051 6052
f 6053 5482 5481
f 5480 5478 6054
f 5478 6055 6054
f 6054 6055 6056
f 6057 5488 5484
f 5488 6057 5489
f 6058 5486 6059
f 5486 5485 6059
f 6059 5485 6060
f 5485 5489 6060
f 6061 6062 6053
f 6062 5483 6053
f 6053 5483 5482
f 6063 6064 6055
f 6056 6065 6047
f 6056 6055 6065
f 6055 6064 6065
f 6065 6064 6066
f 6067 6068 6069
f 6068 6070 6069
f 6069 6070 6061
f 6070 6057 6061
f 6061 6057 6062
f 6057 5484 6062
f 6062 5484 5483
f 6068 6071 6070
f 6071 6072 6070
f 6070 6072 6073
f 5489 6057 6060
f 6057 6070 6060
f 6060 6070 6059
f 6070 6073 6059
f 6059 6073 6058
f 6074 6075 6048
f 6074 6048 6076
f 6048 6077 6076
f 6076 6077 6078
f 6048 6046 6077
f 6046 6045 6077
f 6077 6045 6079
f 6080 6079 879
f 6079 6045 879
f 879 6045 6081
f 6045 6044 6081
f 6081 6044 881
f 6044 6082 881
f 881 6082 882
f 6078 6077 6083
f 6077 6079 6083
f 6083 6079 6084
f 6079 6085 6084
f 6084 6085 860
f 6086 6087 6088
f 6087 6089 6088
f 6047 6065 6046
f 6065 6066 6046
f 6046 6066 6044
f 6066 6064 6044
f 6044 6064 6082
f 6064 6063 6082
f 6082 6063 6090
f 6063 6091 6090
f 6090 6091 6092
f 6091 6093 6092
f 6092 6093 6088
f 6093 6094 6088
f 6088 6094 6086
f 5464 5465 6095
f 6096 6097 6098
f 6099 6100 6094
f 6100 6101 6094
f 6094 6101 6086
f 6095 6096 5464
f 6096 6098 5464
f 5464 6098 5462
f 6098 6102 5462
f 5462 6102 5467
f 6049 5473 6103
f 5473 5472 6103
f 6103 5472 6104
f 5472 5470 6104
f 6104 5470 6102
f 5470 5469 6102
f 6102 5469 5467
f 6075 6067 6048
f 6067 6069 6048
f 6048 6069 6047
f 6069 6061 6047
f 6047 6061 6056
f 6061 6053 6056
f 6056 6053 6105
f 6053 5481 6105
f 6105 5481 5480
f 6089 869 6088
f 869 870 6088
f 6088 870 6092
f 870 875 6092
f 6092 875 6090
f 875 874 6090
f 6090 874 6082
f 874 883 6082
f 6082 883 882
f 6097 6099 6098
f 6099 6094 6098
f 6098 6094 6102
f 6094 6093 6102
f 6102 6093 6104
f 6093 6091 6104
f 6104 6091 6103
f 6091 6063 6103
f 6103 6063 6106
f 6063 6055 6106
f 6106 6055 6107
f 6055 5478 6107
f 6108 6109 6110
f 6111 6112 6113
f 6112 6114 6113
f 6113 6114 5510
f 5502 6115 6116
f 6115 6117 6116
f 6116 6117 6118
f 6117 6111 6118
f 5496 5498 6119
f 5498 5500 6119
f 6119 5500 5502
f 6120 5496 6119
f 5502 6116 6119
f 6116 6121 6119
f 6119 6121 6120
f 6122 6123 6121
f 6123 6124 6121
f 6121 6124 6120
f 5510 6125 6113
f 6125 6126 6113
f 6113 6126 6110
f 6126 6127 6110
f 6110 6127 6108
f 6111 6113 6118
f 6113 6110 6118
f 6118 6110 6116
f 6110 6109 6116
f 6116 6109 6121
f 6109 6128 6121
f 6121 6128 6122
f 6129 6130 6131
f 6132 6133 6134
f 6135 6136 6137
f 6138 6139 6140
f 6141 6142 6143
f 6144 6145 6146
f 6147 6148 6149
f 6148 6150 6149
f 6151 6152 6153
f 6153 6144 6151
f 6144 6146 6151
f 6151 6146 6154
f 6146 6155 6154
f 6154 6155 6156
f 6141 6143 6157
f 6139 6158 6159
f 6160 5513 5512
f 6161 6160 6162
f 5514 6163 5515
f 6163 6164 5515
f 5515 6164 5516
f 6158 6139 6143
f 6139 6138 6143
f 6143 6138 6157
f 6138 6140 6157
f 6157 6140 6165
f 5511 5516 6165
f 5516 6164 6165
f 6165 6164 6157
f 6164 6166 6157
f 6157 6166 6141
f 6166 6167 6141
f 6141 6167 6142
f 6168 6169 6170
f 6169 6171 6170
f 5522 6168 6172
f 6168 6170 6172
f 6172 6170 6173
f 6170 6174 6173
f 6160 5512 6162
f 5512 5517 6162
f 6162 5517 6175
f 5517 6176 6175
f 6175 6176 6174
f 6176 6177 6174
f 6174 6177 6173
f 6133 6178 6134
f 6178 6179 6134
f 6134 6179 6148
f 6179 6180 6148
f 6148 6180 6150
f 6136 6132 6137
f 6132 6134 6137
f 6137 6134 6130
f 6129 6131 6181
f 6130 6134 6131
f 6134 6148 6131
f 6131 6148 6182
f 6148 6147 6182
f 6182 6147 6183
f 6147 6184 6183
f 6183 6184 6155
f 6184 6185 6155
f 6155 6185 6156
f 6171 6135 6170
f 6135 6137 6170
f 6170 6137 6174
f 6137 6130 6174
f 6174 6130 6175
f 6130 6129 6175
f 6175 6129 6162
f 6129 6181 6162
f 6162 6181 6161
f 6139 6186 6109
f 6186 6187 6109
f 6109 6187 6128
f 6188 6189 6159
f 6189 6190 6159
f 6159 6190 6139
f 6190 6191 6139
f 6139 6191 6186
f 5510 6192 6193
f 6192 6165 6193
f 6193 6165 6126
f 6165 6140 6126
f 6126 6140 6127
f 6140 6139 6127
f 6127 6139 6108
f 6139 6109 6108
f 6145 6188 6146
f 6188 6159 6146
f 6146 6159 6155
f 6159 6158 6155
f 6155 6158 6183
f 6158 6143 6183
f 6183 6143 6182
f 6143 6142 6182
f 6182 6142 6131
f 6142 6167 6131
f 6131 6167 6181
f 6167 6166 6181
f 6181 6166 6161
f 6166 6164 6161
f 6161 6164 6160
f 6164 6163 6160
f 6160 6163 5513
f 6163 5514 5513
f 6194 6195 6196
f 6197 6198 6199
f 6169 6168 6200
f 6147 6149 6201
f 6202 6203 6204
f 6205 6206 6200
f 6207 6208 6209
f 5855 4025 6210
f 6210 6207 5855
f 6207 6209 5855
f 5855 6209 5847
f 6209 5584 5847
f 5584 5675 5847
f 5847 5675 5848
f 5675 6211 5848
f 5848 6211 4136
f 5581 5582 6209
f 5582 6212 6209
f 6209 6212 5584
f 5585 5581 6213
f 5581 6209 6213
f 6213 6209 6214
f 6209 6208 6214
f 6198 5587 6213
f 5587 6215 6213
f 6213 6215 5585
f 6216 5676 6197
f 5676 6217 6197
f 6197 6217 6198
f 6217 5565 6198
f 6198 5565 5587
f 5688 5687 6218
f 5687 5686 6218
f 6218 5686 5685
f 5685 5684 6218
f 5684 5683 6218
f 6218 5683 6219
f 5683 6220 6219
f 6219 6220 5678
f 6221 6222 5698
f 6222 6223 5698
f 6224 6225 6226
f 6225 5831 6226
f 5831 6227 6226
f 6227 5695 6226
f 6226 5695 6223
f 5695 5696 6223
f 6223 5696 5698
f 6226 6201 6224
f 6201 6228 6224
f 6224 6228 5823
f 6228 6229 5823
f 5837 6230 5747
f 6230 6231 5747
f 5837 5836 6230
f 5836 5835 6230
f 6230 5835 6228
f 5835 5826 6228
f 6228 5826 6229
f 6206 5750 6200
f 5750 5749 6200
f 6200 5749 6231
f 5749 6232 6231
f 6231 6232 5747
f 4338 5735 5859
f 5735 5734 5859
f 5734 6205 5859
f 6205 6200 5859
f 5859 6200 5858
f 6200 6168 5858
f 5858 6168 5522
f 6233 6234 6235
f 6234 6236 6235
f 5981 6202 5962
f 6202 6204 5962
f 5962 6204 5887
f 6204 6237 5887
f 5887 6237 5888
f 6237 6235 5888
f 5888 6235 5917
f 6235 6236 5917
f 5917 6236 5918
f 6238 6239 6240
f 6239 6199 6240
f 6240 6199 6241
f 6238 6242 6239
f 6242 6243 6239
f 6239 6243 6244
f 6214 6245 6213
f 6245 6246 6213
f 6213 6246 6198
f 6246 6247 6198
f 6247 6248 6198
f 6248 6249 6198
f 6198 6249 6199
f 6249 6250 6199
f 6199 6250 6241
f 6251 6252 6253
f 6252 6254 6253
f 6253 6254 6255
f 6256 6257 6258
f 6244 6233 6239
f 6233 6235 6239
f 6239 6235 6259
f 6235 6237 6259
f 6259 6237 6258
f 6237 6204 6258
f 6258 6204 6256
f 6204 6203 6256
f 6260 6261 6262
f 6261 6196 6262
f 6262 6196 6263
f 6196 6195 6263
f 6264 6265 6261
f 6265 6266 6261
f 6261 6266 6196
f 6266 6267 6196
f 6264 6268 6269
f 6269 6270 6264
f 6270 6271 6264
f 6264 6271 6265
f 6184 6271 6185
f 6271 6156 6185
f 6260 6272 6261
f 6272 6273 6261
f 6261 6273 6264
f 6273 6274 6264
f 6264 6274 6268
f 6184 6147 6271
f 6147 6201 6271
f 6271 6201 6265
f 6201 6226 6265
f 6265 6226 6266
f 6226 6223 6266
f 6266 6223 6267
f 6223 6222 6267
f 6133 6132 6230
f 6132 6136 6230
f 6230 6136 6231
f 6136 6135 6231
f 6231 6135 6200
f 6135 6171 6200
f 6200 6171 6169
f 6257 6251 6258
f 6251 6253 6258
f 6258 6253 6259
f 6253 6275 6259
f 6259 6275 6239
f 6275 6218 6239
f 6239 6218 6199
f 6218 6219 6199
f 6199 6219 6197
f 6219 5678 6197
f 6197 5678 6216
f 6269 6276 6270
f 6276 6277 6270
f 6270 6277 6278
f 6156 6271 6154
f 6271 6270 6154
f 6154 6270 6151
f 6270 6278 6151
f 6151 6278 6152
f 6221 5688 6222
f 5688 6218 6222
f 6222 6218 6267
f 6218 6275 6267
f 6267 6275 6196
f 6275 6253 6196
f 6196 6253 6194
f 6253 6255 6194
f 6149 6150 6201
f 6150 6180 6201
f 6201 6180 6228
f 6180 6179 6228
f 6228 6179 6230
f 6179 6178 6230
f 6230 6178 6133
f 3045 2275 3046
f 2275 6279 3046
f 3046 6279 3037
f 6279 2273 3037
f 3037 2273 3038
f 2273 2272 3038
f 3038 2272 3040
f 2272 3032 3040
f 3032 2272 3036
f 2272 2270 3036
f 3036 2270 3035
f 2270 2268 3035
f 3035 2268 3026
f 2268 2266 3026
f 3026 2266 3027
f 3027 2266 3029
f 2266 6280 3029
f 3029 6280 2998
f 6280 2262 2998
f 2998 2262 3023
f 2262 2260 3023
f 3023 2260 3024
f 3024 2260 3025
f 2260 2258 3025
f 3025 2258 2999
f 2999 2258 3018
f 2258 2257 3018
f 3018 2257 3016
f 3016 2257 3014
f 2257 2213 3014
f 3014 2213 3002
f 3002 2213 3003
f 2213 2211 3003
f 3003 2211 3005
f 2211 2209 3005
f 3005 2209 3007
f 2209 2208 3007
f 3007 2208 3009
f 2208 2207 3009
f 3009 2207 3010
f 6281 6282 6283
f 6284 6285 6286
f 5356 5355 6287
f 5355 6288 6287
f 6287 6288 6289
f 6288 6290 6289
f 6291 6292 6290
f 6292 6293 6290
f 6290 6293 6289
f 6294 6295 6291
f 6295 6296 6291
f 6291 6296 6292
f 6297 6298 6299
f 6298 6300 6299
f 6299 6300 6294
f 6300 6301 6294
f 6294 6301 6295
f 6297 6299 6302
f 6299 6303 6302
f 6302 6303 6304
f 6303 6305 6304
f 6304 6305 6306
f 6307 6308 6309
f 6308 6310 6309
f 6309 6310 6311
f 6310 6312 6311
f 6311 6312 6305
f 6312 6313 6305
f 6305 6313 6306
f 6314 6315 6307
f 6315 6316 6307
f 6307 6316 6308
f 6317 6318 6319
f 6318 6320 6319
f 6319 6320 6314
f 6320 6321 6314
f 6314 6321 6315
f 6322 6323 6317
f 6323 6324 6317
f 6317 6324 6318
f 6325 6326 6322
f 6326 6327 6322
f 6322 6327 6323
f 6328 6329 6325
f 6329 6330 6325
f 6325 6330 6326
f 6331 6332 6328
f 6332 6333 6328
f 6328 6333 6329
f 6286 6334 6284
f 6334 6335 6284
f 6284 6335 6336
f 6335 6337 6336
f 6336 6337 6338
f 6337 6339 6338
f 6338 6339 6331
f 6339 6340 6331
f 6331 6340 6332
f 6283 6341 6281
f 6341 6342 6281
f 6281 6342 6285
f 6342 6343 6285
f 6285 6343 6286
f 6344 6345 6282
f 6345 6346 6282
f 6282 6346 6283
f 6347 6348 6349
f 6349 6350 6347
f 6350 6351 6347
f 6347 6351 6344
f 6351 6352 6344
f 6344 6352 6345
f 6353 6354 6355
f 6354 6356 6355
f 6355 6356 6357
f 6356 6358 6357
f 6357 6358 6348
f 6358 6359 6348
f 6348 6359 6349
f 6360 6361 6362
f 6362 6363 6360
f 6363 6364 6360
f 6360 6364 6353
f 6364 6365 6353
f 6353 6365 6354
f 6366 6367 6368
f 6368 6369 6366
f 6369 6370 6366
f 6366 6370 6361
f 6370 6371 6361
f 6361 6371 6362
f 6372 6373 6374
f 6374 6375 6372
f 6375 6376 6372
f 6372 6376 6367
f 6376 6377 6367
f 6367 6377 6368
f 5368 5370 6378
f 5370 6379 6378
f 6378 6379 6373
f 6379 6380 6373
f 6373 6380 6374
f 6381 6382 6383
f 6382 6384 6383
f 6383 6384 6385
f 6386 6387 6388
f 6387 6389 6388
f 6388 6389 6390
f 6389 6391 6390
f 6383 6392 6381
f 6392 6387 6381
f 6381 6387 6393
f 6387 6386 6393
f 6394 6395 6396
f 6396 6397 6394
f 6397 6398 6394
f 6394 6398 6389
f 6398 6399 6389
f 6389 6399 6391
f 2179 2178 6400
f 2178 6401 6400
f 6401 6402 6400
f 6402 6403 6400
f 6400 6403 6404
f 6403 6405 6404
f 6403 6406 6407
f 6406 6408 6407
f 6407 6408 6409
f 6408 6410 6409
f 6409 6410 6411
f 6410 6412 6411
f 6413 6414 6415
f 6414 6416 6415
f 6415 6416 6417
f 6416 6418 6417
f 6417 6418 6419
f 6418 6411 6419
f 6419 6411 6420
f 6411 6412 6420
f 6421 6422 6423
f 6422 6424 6423
f 6423 6424 6425
f 6426 5465 6427
f 5423 5374 5373
f 5505 5499 6428
f 5499 5497 6428
f 6428 5497 5496
f 5505 6428 5503
f 6428 5372 5503
f 5503 5372 5371
f 5375 5424 6429
f 5424 5423 6429
f 6429 5423 6428
f 5423 5373 6428
f 6428 5373 5372
f 5496 6430 6428
f 6430 6431 6428
f 6428 6431 6429
f 6431 6432 6429
f 6429 6432 5375
f 6432 6433 5375
f 5427 5429 6433
f 5429 5376 6433
f 6433 5376 5375
f 5427 6433 6427
f 6433 6434 6427
f 6427 6434 6426
f 6435 6436 6437
f 6438 6439 6440
f 6441 6442 6443
f 6444 6445 6446
f 2833 2839 6446
f 2887 2896 6447
f 6448 6449 6450
f 6451 6452 6453
f 6454 6455 6456
f 6457 6458 6459
f 3245 3203 6460
f 3221 3304 6461
f 6462 6463 6464
f 6465 6466 6467
f 6468 6469 6470
f 6468 6470 6471
f 6425 6472 6470
f 6472 6473 6470
f 6470 6473 6471
f 6425 6424 6472
f 6424 6445 6472
f 6472 6445 6474
f 6445 6444 6474
f 6475 6467 6444
f 6467 6466 6444
f 6444 6466 6474
f 6476 6477 6467
f 6477 6478 6467
f 6467 6478 6479
f 6480 6481 6482
f 6481 6483 6482
f 6482 6483 6484
f 6485 6486 6487
f 6486 6488 6489
f 6488 6490 6489
f 6489 6490 6491
f 6491 6490 6492
f 6490 6493 6492
f 6492 6493 6494
f 6495 6496 6497
f 6496 6498 6497
f 6497 6498 6499
f 6500 6501 6464
f 6501 6502 6464
f 6464 6502 6462
f 3330 3328 6500
f 3328 3327 6500
f 6500 3327 5431
f 5431 5432 6500
f 5432 6503 6500
f 6500 6503 6504
f 6504 6505 6500
f 6505 6506 6500
f 6500 6506 6501
f 6507 3331 3330
f 3310 3309 6507
f 3309 3308 6507
f 6507 3308 3331
f 3307 6508 3287
f 6508 6509 3287
f 3287 6509 3211
f 6509 3303 3211
f 6510 3190 3218
f 6511 3193 3192
f 6512 6513 6511
f 6513 6514 6511
f 3195 3193 6515
f 3193 6511 6515
f 6515 6511 6516
f 6511 6514 6516
f 6517 6512 6518
f 6512 6511 6518
f 6518 6511 6510
f 6511 3192 6510
f 6510 3192 3190
f 6519 6520 6435
f 6520 6521 6435
f 6435 6521 6436
f 6521 6522 6436
f 6436 6522 6437
f 6522 6523 6437
f 6524 6525 6526
f 6525 6527 6526
f 6526 6527 6528
f 6528 6529 6526
f 6529 6530 6526
f 6526 6530 6531
f 6532 6533 6534
f 6533 6535 6534
f 6535 6536 6534
f 6536 6537 6534
f 6534 6537 6538
f 6539 6540 6541
f 6540 6542 6541
f 6543 6544 6545
f 6544 6546 6545
f 6545 6546 6547
f 6547 6548 6545
f 6548 6549 6545
f 6545 6549 6550
f 6550 6551 6545
f 6551 6552 6545
f 6545 6552 6553
f 6554 3275 6555
f 3275 3274 6555
f 6554 6556 3275
f 6556 6557 3275
f 3275 6557 6544
f 6557 6558 6544
f 6544 6558 6546
f 6559 6560 6543
f 6560 6561 6543
f 6543 6561 6562
f 6562 3008 6543
f 3008 3010 6543
f 6543 3010 3236
f 3236 3237 6543
f 3237 3277 6543
f 6543 3277 6544
f 3277 3276 6544
f 6544 3276 3275
f 6563 6564 6565
f 6564 6566 6565
f 6567 6568 6569
f 6568 6570 6569
f 6571 6572 6573
f 6573 6574 6571
f 6574 6575 6571
f 6571 6575 6576
f 6577 6578 6579
f 6578 6580 6579
f 6579 6580 6581
f 6454 6456 6582
f 2905 6583 2826
f 6583 6584 2826
f 2826 6584 2827
f 2903 2902 6585
f 2902 2901 6585
f 6585 2901 6584
f 2901 2994 6584
f 6584 2994 2827
f 6586 2899 6585
f 2899 2904 6585
f 6585 2904 2903
f 2896 2895 6447
f 2895 2894 6447
f 6447 2894 6586
f 2894 2900 6586
f 6586 2900 2899
f 2887 6447 2888
f 6447 6587 2888
f 2888 6587 2889
f 6588 2892 6587
f 2892 6589 6587
f 6587 6589 2889
f 2885 2884 6590
f 2884 2882 6590
f 6590 2882 6588
f 2882 2881 6588
f 6588 2881 2892
f 2885 6590 2876
f 6590 6591 2876
f 2876 6591 2877
f 2877 6591 2879
f 6591 6592 2879
f 2879 6592 2880
f 6592 6593 2880
f 2880 6593 2872
f 2868 2875 6593
f 2875 2874 6593
f 6593 2874 2872
f 6594 2866 6595
f 2866 2864 6595
f 6595 2864 2862
f 2862 2870 6596
f 2870 2869 6596
f 6596 2869 2868
f 2850 2852 6597
f 2852 2854 6597
f 2854 2855 6597
f 2855 2857 6597
f 6597 2857 6598
f 2857 2860 6598
f 6598 2860 2859
f 2846 2845 6599
f 2845 2850 6599
f 6600 2840 6601
f 2840 6600 2841
f 6602 2844 6600
f 2844 2843 6600
f 6600 2843 2841
f 2837 2835 6602
f 2835 2834 6602
f 6602 2834 2844
f 6424 6603 6445
f 6603 2829 6445
f 6445 2829 6446
f 2829 2831 6446
f 6446 2831 2833
f 6475 6444 6604
f 6444 6446 6604
f 6604 6446 6602
f 6446 2839 6602
f 6602 2839 2837
f 6484 6476 6482
f 6476 6467 6482
f 6482 6467 6480
f 6467 6475 6480
f 6480 6475 6605
f 6475 6604 6605
f 6605 6604 6606
f 6604 6602 6606
f 6606 6602 6607
f 6602 6600 6607
f 6607 6600 6599
f 6600 6601 6599
f 6599 6601 2846
f 2850 6597 6599
f 6597 6608 6599
f 6599 6608 6607
f 6608 6609 6607
f 6607 6609 6606
f 6609 6610 6606
f 6606 6610 6605
f 6610 6611 6605
f 6605 6611 6480
f 6611 6612 6480
f 6480 6612 6481
f 2862 6596 6595
f 6596 6613 6595
f 6595 6613 6443
f 6614 6615 6616
f 6617 6618 6619
f 6618 6620 6619
f 6619 6620 6621
f 6620 6622 6621
f 6621 6622 6623
f 6622 6624 6623
f 6623 6624 6625
f 6624 6626 6625
f 6452 6582 6453
f 6582 6456 6453
f 6453 6456 6627
f 6456 6628 6627
f 6627 6628 6629
f 6628 6630 6629
f 6629 6630 6631
f 6630 6632 6631
f 6631 6632 6633
f 6632 6634 6633
f 6633 6634 6635
f 6634 6636 6635
f 6635 6636 6637
f 6636 6614 6637
f 6637 6614 6638
f 6614 6616 6638
f 6616 6639 6638
f 6639 6640 6638
f 6638 6640 6637
f 6640 6641 6637
f 6637 6641 6635
f 6641 6642 6635
f 6635 6642 6633
f 6642 6643 6633
f 6633 6643 6631
f 6643 6644 6631
f 6631 6644 6629
f 6644 6645 6629
f 6629 6645 6627
f 6645 6646 6627
f 6627 6646 6453
f 6646 6647 6453
f 6453 6647 6451
f 6647 6648 6451
f 6586 6649 6447
f 6649 6650 6447
f 6447 6650 6587
f 6650 6651 6587
f 6587 6651 6588
f 6651 6652 6588
f 6588 6652 6590
f 6652 6653 6590
f 6590 6653 6591
f 6653 6654 6591
f 6591 6654 6592
f 6654 6655 6592
f 6592 6655 6593
f 6655 6656 6593
f 6583 6448 6584
f 6448 6450 6584
f 6584 6450 6585
f 6450 6657 6585
f 6585 6657 6586
f 6658 6656 6659
f 6656 6655 6659
f 6659 6655 6660
f 6655 6654 6660
f 6660 6654 6661
f 6654 6653 6661
f 6661 6653 6662
f 6653 6652 6662
f 6662 6652 6663
f 6652 6651 6663
f 6663 6651 6664
f 6651 6650 6664
f 6664 6650 6665
f 6650 6649 6665
f 6665 6649 6666
f 6649 6586 6666
f 6666 6586 6667
f 6586 6657 6667
f 6523 6517 6437
f 6517 6518 6437
f 6437 6518 6668
f 6518 6510 6668
f 6668 6510 6669
f 6510 3218 6669
f 6669 3218 3240
f 6670 6439 6671
f 6439 6438 6671
f 6671 6438 6672
f 6673 6440 6674
f 6440 6439 6674
f 6674 6439 6675
f 6439 6670 6675
f 6675 6670 6676
f 6457 6677 6458
f 6677 6519 6458
f 6458 6519 6678
f 6519 6435 6678
f 6678 6435 6679
f 6435 6437 6679
f 6679 6437 6680
f 6437 6668 6680
f 6680 6668 6681
f 6668 6669 6681
f 6681 6669 6460
f 6669 3240 6460
f 6460 3240 3245
f 6682 6673 6683
f 6673 6674 6683
f 6683 6674 6684
f 6674 6675 6684
f 6684 6675 6685
f 6675 6676 6685
f 6685 6676 6686
f 6460 6687 6681
f 6687 6688 6681
f 6681 6688 6680
f 6688 6689 6680
f 6680 6689 6679
f 6689 6690 6679
f 6679 6690 6678
f 6690 6691 6678
f 6678 6691 6458
f 6691 6692 6458
f 6458 6692 6459
f 6692 6531 6459
f 6459 6531 6693
f 6531 6530 6693
f 6566 6559 6565
f 6559 6543 6565
f 6565 6543 6694
f 6543 6545 6694
f 6694 6545 6539
f 6545 6553 6539
f 6539 6553 6540
f 6570 6563 6569
f 6563 6565 6569
f 6569 6565 6695
f 6565 6694 6695
f 6695 6694 6696
f 6694 6539 6696
f 6696 6539 6534
f 6539 6541 6534
f 6534 6541 6532
f 6541 6542 6532
f 6697 6567 6571
f 6567 6569 6571
f 6571 6569 6698
f 6569 6695 6698
f 6698 6695 6699
f 6695 6696 6699
f 6699 6696 6526
f 6696 6534 6526
f 6526 6534 6524
f 6534 6700 6524
f 6687 6672 6688
f 6672 6438 6688
f 6688 6438 6689
f 6438 6440 6689
f 6689 6440 6690
f 6440 6673 6690
f 6690 6673 6691
f 6673 6682 6691
f 6691 6682 6692
f 6682 6701 6692
f 6692 6701 6531
f 6701 6702 6531
f 6531 6702 6526
f 6702 6703 6526
f 6526 6703 6699
f 6703 6704 6699
f 6699 6704 6698
f 6704 6579 6698
f 6698 6579 6571
f 6579 6581 6571
f 6571 6581 6572
f 3205 3221 6705
f 3221 6461 6705
f 6705 6461 6706
f 6461 6707 6706
f 3330 6500 6507
f 6500 6464 6507
f 6507 6464 6708
f 6464 6463 6708
f 6708 6463 6709
f 3304 3303 6461
f 3303 6509 6461
f 6461 6509 6707
f 6509 6508 6707
f 6707 6508 6710
f 6462 6499 6463
f 6499 6498 6463
f 6463 6498 6709
f 6498 6496 6709
f 6709 6496 6711
f 6495 6494 6496
f 6494 6493 6496
f 6496 6493 6711
f 6493 6490 6711
f 6711 6490 6612
f 6490 6488 6612
f 6612 6488 6481
f 6488 6487 6481
f 6481 6487 6483
f 2868 6593 6596
f 6593 6656 6596
f 6596 6656 6613
f 6656 6658 6613
f 6613 6658 6443
f 6658 6712 6443
f 6443 6712 6441
f 6712 6713 6441
f 6441 6713 6714
f 6713 6715 6714
f 6714 6715 6716
f 6715 6717 6716
f 6716 6717 6718
f 6717 6719 6718
f 6718 6719 6720
f 6719 6721 6720
f 6720 6721 6722
f 6721 6710 6722
f 6722 6710 6723
f 6710 6508 6723
f 6723 6508 6724
f 6508 3307 6724
f 6724 3307 3310
f 3310 6507 6724
f 6507 6708 6724
f 6724 6708 6723
f 6708 6709 6723
f 6723 6709 6722
f 6709 6711 6722
f 6722 6711 6720
f 6711 6612 6720
f 6720 6612 6718
f 6612 6611 6718
f 6718 6611 6716
f 6611 6610 6716
f 6716 6610 6714
f 6610 6609 6714
f 6714 6609 6441
f 6609 6608 6441
f 6441 6608 6442
f 6608 6597 6442
f 6442 6597 6443
f 6597 6598 6443
f 6443 6598 6595
f 6598 2859 6595
f 6595 2859 2867
f 6725 6726 6727
f 6726 6728 6727
f 6727 6728 6729
f 6725 6730 6726
f 6730 6731 6726
f 6726 6731 6732
f 6731 6626 6732
f 6732 6626 6733
f 6626 6624 6733
f 6733 6624 6734
f 6624 6622 6734
f 6734 6622 6735
f 6622 6620 6735
f 6735 6620 6615
f 6620 6618 6615
f 6615 6618 6616
f 6618 6617 6616
f 6616 6617 6639
f 6727 6736 6725
f 6736 6737 6725
f 6725 6737 6730
f 6737 6738 6730
f 6730 6738 6731
f 6738 6739 6731
f 6731 6739 6626
f 6739 6740 6626
f 6626 6740 6625
f 6449 6648 6450
f 6648 6647 6450
f 6450 6647 6657
f 6647 6646 6657
f 6657 6646 6667
f 6646 6645 6667
f 6667 6645 6666
f 6645 6644 6666
f 6666 6644 6665
f 6644 6643 6665
f 6665 6643 6664
f 6643 6642 6664
f 6664 6642 6663
f 6642 6641 6663
f 6663 6641 6662
f 6641 6640 6662
f 6662 6640 6661
f 6640 6639 6661
f 6661 6639 6660
f 6639 6617 6660
f 6660 6617 6659
f 6617 6619 6659
f 6659 6619 6658
f 6619 6621 6658
f 6658 6621 6712
f 6621 6623 6712
f 6712 6623 6713
f 6623 6625 6713
f 6713 6625 6715
f 6625 6740 6715
f 6715 6740 6717
f 6740 6739 6717
f 6717 6739 6719
f 6739 6738 6719
f 6719 6738 6721
f 6738 6737 6721
f 6721 6737 6710
f 6737 6736 6710
f 6710 6736 6707
f 6736 6727 6707
f 6707 6727 6706
f 6727 6729 6706
f 6706 6729 6705
f 3203 3205 6460
f 3205 6705 6460
f 6460 6705 6687
f 6705 6729 6687
f 6687 6729 6672
f 6729 6728 6672
f 6672 6728 6671
f 6728 6726 6671
f 6671 6726 6670
f 6726 6732 6670
f 6670 6732 6676
f 6732 6733 6676
f 6676 6733 6686
f 6733 6734 6686
f 6686 6734 6685
f 6734 6735 6685
f 6685 6735 6684
f 6735 6615 6684
f 6684 6615 6683
f 6615 6614 6683
f 6683 6614 6682
f 6614 6636 6682
f 6682 6636 6701
f 6636 6634 6701
f 6701 6634 6702
f 6634 6632 6702
f 6702 6632 6703
f 6632 6630 6703
f 6703 6630 6704
f 6630 6628 6704
f 6704 6628 6579
f 6628 6456 6579
f 6579 6456 6577
f 6456 6455 6577
f 6741 6742 6743
f 6744 6745 6746
f 6747 6748 6749
f 6750 6751 6752
f 6753 6754 6755
f 6756 6757 6758
f 6466 6479 6759
f 6760 6462 6761
f 6762 6763 6764
f 6763 6765 6764
f 6764 6765 6074
f 6074 6076 6764
f 6076 6078 6764
f 6764 6078 6766
f 6078 6083 6766
f 6766 6083 6767
f 6083 6084 6767
f 6767 6084 6768
f 6084 860 6768
f 6768 860 6769
f 6770 6771 6764
f 6771 6772 6764
f 6764 6772 6762
f 6773 6774 6772
f 6774 6775 6772
f 6772 6775 6762
f 5486 6776 6777
f 6503 5432 6778
f 5432 5487 6778
f 6778 5487 5486
f 6778 6779 6503
f 6779 6780 6503
f 6503 6780 6504
f 6780 6781 6782
f 6783 6501 6782
f 6501 6784 6782
f 6782 6784 6780
f 6784 6505 6780
f 6780 6505 6504
f 6497 6785 6786
f 6785 6494 6786
f 6494 6785 6787
f 6785 6788 6787
f 6787 6788 6789
f 6788 6790 6789
f 6789 6790 6489
f 6791 6792 6793
f 6792 6486 6793
f 6793 6486 6489
f 6794 6795 6796
f 6795 6797 6796
f 6796 6797 6798
f 6797 6799 6798
f 6798 6799 6791
f 6799 6483 6791
f 6791 6483 6792
f 6469 6468 6800
f 6468 6471 6800
f 6800 6471 6801
f 6471 6473 6801
f 6801 6473 6802
f 6473 6472 6802
f 6802 6472 6803
f 6802 6804 6801
f 6804 6805 6801
f 6801 6805 6800
f 6805 6806 6800
f 6800 6806 6469
f 6807 6808 6804
f 6808 6809 6804
f 6804 6809 6805
f 6810 6811 6812
f 6811 6757 6812
f 6812 6757 6813
f 6757 6756 6813
f 6813 6756 6814
f 6756 6758 6814
f 6815 6816 6817
f 6816 6818 6817
f 6817 6818 6819
f 6818 6820 6819
f 6821 6752 6822
f 6752 6751 6822
f 6822 6751 6823
f 6750 6752 6824
f 6752 6825 6824
f 6824 6825 6826
f 6827 6825 6742
f 6825 6752 6742
f 6742 6752 6743
f 6752 6821 6743
f 6827 6828 6825
f 6828 6829 6825
f 6825 6829 6830
f 6749 6748 6831
f 6748 6832 6831
f 6831 6832 6833
f 6832 6834 6833
f 6833 6834 6835
f 6834 6836 6835
f 6835 6836 6837
f 6836 6838 6837
f 6837 6838 6839
f 6781 6840 6782
f 6840 6761 6782
f 6782 6761 6783
f 6761 6462 6783
f 6841 6842 6843
f 6842 6844 6843
f 6843 6844 6744
f 6844 6845 6744
f 6744 6845 6846
f 6778 6847 6779
f 6847 6848 6779
f 6779 6848 6780
f 6848 6849 6780
f 6780 6849 6781
f 6849 6850 6781
f 6781 6850 6840
f 6850 6851 6840
f 6840 6851 6761
f 6851 6785 6761
f 6761 6785 6760
f 6785 6497 6760
f 6741 6770 6742
f 6770 6764 6742
f 6742 6764 6827
f 6764 6766 6827
f 6827 6766 6828
f 6766 6767 6828
f 6828 6767 6829
f 6767 6852 6829
f 6829 6852 6826
f 6822 6843 6821
f 6843 6744 6821
f 6821 6744 6743
f 6744 6746 6743
f 6743 6746 6741
f 6746 6853 6741
f 6741 6853 6770
f 6853 6854 6770
f 6770 6854 6771
f 6854 6855 6771
f 6771 6855 6772
f 6855 6777 6772
f 6772 6777 6773
f 6777 6776 6773
f 6810 6807 6856
f 6807 6804 6856
f 6856 6804 6857
f 6804 6802 6857
f 6857 6802 6759
f 6802 6803 6759
f 6759 6803 6466
f 6791 6858 6798
f 6858 6859 6798
f 6798 6859 6796
f 6859 6860 6796
f 6489 6790 6793
f 6790 6861 6793
f 6793 6861 6791
f 6861 6862 6791
f 6791 6862 6858
f 6863 6839 6864
f 6839 6838 6864
f 6864 6838 6841
f 6838 6836 6841
f 6841 6836 6842
f 6836 6834 6842
f 6842 6834 6844
f 6834 6832 6844
f 6844 6832 6845
f 6832 6748 6845
f 6845 6748 6745
f 6748 6747 6745
f 6745 6747 6746
f 6810 6856 6811
f 6856 6865 6811
f 6811 6865 6757
f 6865 6866 6757
f 6757 6866 6758
f 5486 6777 6778
f 6777 6855 6778
f 6778 6855 6847
f 6855 6854 6847
f 6847 6854 6848
f 6854 6853 6848
f 6848 6853 6849
f 6853 6746 6849
f 6849 6746 6850
f 6746 6747 6850
f 6850 6747 6851
f 6747 6749 6851
f 6851 6749 6785
f 6749 6831 6785
f 6785 6831 6788
f 6831 6833 6788
f 6788 6833 6790
f 6833 6835 6790
f 6790 6835 6861
f 6835 6837 6861
f 6861 6837 6862
f 6837 6839 6862
f 6862 6839 6858
f 6839 6863 6858
f 6858 6863 6859
f 6863 6867 6859
f 6859 6867 6860
f 6815 6755 6816
f 6755 6754 6816
f 6816 6754 6758
f 6754 6753 6758
f 6758 6753 6814
f 6479 6794 6759
f 6794 6796 6759
f 6759 6796 6857
f 6796 6860 6857
f 6857 6860 6856
f 6860 6867 6856
f 6856 6867 6865
f 6867 6863 6865
f 6865 6863 6866
f 6863 6864 6866
f 6866 6864 6758
f 6864 6841 6758
f 6758 6841 6816
f 6841 6868 6816
f 6816 6868 6818
f 6868 6822 6818
f 6818 6822 6820
f 6822 6823 6820
f 1737 1736 2029
f 1736 6869 2029
f 2042 2041 6870
f 2042 6870 1768
f 6869 1736 6871
f 1736 1755 6871
f 6871 1755 6872
f 1755 1754 6872
f 6872 1754 6873
f 1754 1764 6873
f 6873 1764 6870
f 1764 6874 6870
f 6870 6874 1768
f 6875 6876 6877
f 6878 6879 6880
f 6881 6882 6883
f 6884 6885 6886
f 6885 6884 6887
f 6888 6889 6890
f 6891 6892 6893
f 6574 6573 6894
f 6895 6896 6897
f 2905 2906 6583
f 2906 6898 6583
f 6583 6898 6448
f 6648 6449 6899
f 6448 6898 6449
f 6898 6900 6449
f 6449 6900 6899
f 6455 6454 6901
f 6454 6582 6901
f 6901 6582 6902
f 6582 6452 6902
f 6902 6452 6903
f 6452 6451 6903
f 6904 6905 6577
f 6905 6578 6577
f 6567 6697 6906
f 6563 6907 6564
f 6907 6908 6564
f 6564 6908 6909
f 6908 6559 6909
f 6910 6911 6560
f 6912 6913 6914
f 6913 3070 6914
f 6560 6911 6561
f 6911 6914 6561
f 6561 6914 6562
f 6914 3070 6562
f 6562 3070 3008
f 6915 6916 6891
f 3156 3155 6917
f 3155 3058 6917
f 3121 3119 6918
f 3119 3118 6918
f 3127 3111 6919
f 3111 3109 6919
f 3129 3128 6920
f 3128 3127 6920
f 3129 6920 3099
f 6920 6921 3099
f 3099 6921 6922
f 5325 5327 6923
f 5327 5317 6923
f 6923 5317 6924
f 5317 6925 6924
f 6924 6925 6922
f 6926 6927 5997
f 894 893 5990
f 5990 5987 6928
f 5987 5986 6928
f 6928 5986 6929
f 5986 6930 6929
f 6929 6930 6926
f 6930 6931 6926
f 6926 6931 6927
f 6932 6933 6934
f 6933 6935 6934
f 6396 895 6935
f 895 894 6935
f 6935 894 6934
f 6932 6934 6936
f 6934 6886 6936
f 6936 6886 6937
f 6886 6885 6937
f 6937 6885 6938
f 6885 6887 6938
f 6938 6887 6939
f 6889 6940 6890
f 6940 6941 6890
f 6890 6941 6942
f 6943 6944 6945
f 6944 6946 6945
f 6945 6946 6947
f 6948 6949 6950
f 6951 6952 6953
f 6954 6955 6956
f 6954 6956 6948
f 2911 2908 6951
f 2908 2910 6951
f 6951 2910 6952
f 2910 6957 6952
f 6952 6957 6953
f 2906 2913 6898
f 2913 2912 6898
f 6898 2912 2911
f 6940 6939 6941
f 6939 6887 6941
f 6941 6887 6942
f 6887 6884 6942
f 6942 6884 6958
f 6958 6959 6923
f 6959 5323 6923
f 6923 5323 5325
f 894 5990 6934
f 5990 6928 6934
f 6934 6928 6886
f 6928 6929 6886
f 6886 6929 6884
f 6929 6926 6884
f 6884 6926 6958
f 6926 5997 6958
f 6958 5997 6959
f 5997 6960 6959
f 6959 6960 5323
f 6580 6578 6961
f 6578 6905 6961
f 6961 6905 6962
f 6905 6904 6962
f 6962 6904 6963
f 6964 6965 6966
f 6573 6895 6894
f 6895 6897 6894
f 6894 6897 6967
f 6897 6968 6967
f 6967 6968 6969
f 6969 6970 6967
f 6970 6971 6967
f 6967 6971 6894
f 6971 6972 6894
f 6894 6972 6574
f 6972 6906 6574
f 6574 6906 6973
f 6906 6576 6973
f 6897 6966 6968
f 6966 6965 6968
f 6968 6965 6969
f 6965 6974 6969
f 6969 6974 6970
f 6974 6975 6970
f 6970 6975 6971
f 6975 6976 6971
f 6971 6976 6972
f 6976 6977 6972
f 6972 6977 6906
f 6977 6978 6906
f 6906 6978 6567
f 6978 6979 6567
f 6980 6981 6982
f 6981 6983 6982
f 6982 6983 6984
f 6983 6985 6984
f 6981 6986 6983
f 6986 6987 6983
f 6983 6987 6985
f 6987 6944 6985
f 6985 6944 6988
f 6944 6943 6988
f 6988 6943 6989
f 6990 6991 6992
f 6560 6559 6910
f 6559 6908 6910
f 6910 6908 6993
f 6908 6907 6993
f 6993 6907 6990
f 6990 6992 6993
f 6992 6994 6993
f 6993 6994 6910
f 6994 6995 6910
f 6910 6995 6911
f 6995 6893 6911
f 6911 6893 6914
f 6893 6892 6914
f 6914 6892 6912
f 6891 6893 6915
f 6893 6995 6915
f 6915 6995 6996
f 6995 6994 6996
f 6996 6994 6997
f 6994 6992 6997
f 6997 6992 6998
f 6992 6991 6998
f 6998 6991 6999
f 6879 6878 6999
f 6878 7000 6999
f 6999 7000 6998
f 7000 7001 6998
f 6998 7001 6997
f 7001 7002 6997
f 6997 7002 6996
f 7002 6917 6996
f 6996 6917 6915
f 6917 3058 6915
f 6915 3058 6916
f 6880 6883 6878
f 6883 6882 6878
f 6878 6882 7000
f 6882 6881 7000
f 7000 6881 7001
f 6881 7003 7001
f 7001 7003 7002
f 7003 6918 7002
f 7002 6918 6917
f 6918 3118 6917
f 6917 3118 3156
f 6921 6880 6877
f 6922 6921 6924
f 6921 6877 6924
f 6924 6877 6923
f 6877 6876 6923
f 6923 6876 6958
f 6876 6875 6958
f 6958 6875 6942
f 3127 6919 6920
f 6919 7004 6920
f 6920 7004 6921
f 6880 6921 6883
f 6921 7004 6883
f 6883 7004 6881
f 7004 6919 6881
f 6881 6919 7003
f 6919 3109 7003
f 7003 3109 6918
f 3109 3122 6918
f 6918 3122 3121
f 6989 6888 6988
f 6888 6890 6988
f 6988 6890 6985
f 6890 6942 6985
f 6985 6942 6984
f 6942 6875 6984
f 6984 6875 6982
f 6875 6877 6982
f 6982 6877 6980
f 6877 6880 6980
f 6980 6880 7005
f 6880 6879 7005
f 7005 6879 7006
f 6879 6999 7006
f 7006 6999 7007
f 6999 6991 7007
f 7007 6991 7008
f 6991 6990 7008
f 7008 6990 7009
f 6990 6907 7009
f 7009 6907 6570
f 6907 6563 6570
f 6896 6580 6897
f 6580 6961 6897
f 6897 6961 6966
f 6961 6962 6966
f 6966 6962 6964
f 6962 6963 6964
f 6964 6963 7010
f 6963 7011 7010
f 7010 7011 7012
f 2911 6951 6898
f 6951 7012 6898
f 6898 7012 6900
f 7012 7011 6900
f 6900 7011 6899
f 6577 6455 6904
f 6455 6901 6904
f 6904 6901 6963
f 6901 6902 6963
f 6963 6902 7011
f 6902 6903 7011
f 7011 6903 6899
f 6903 6451 6899
f 6899 6451 6648
f 6986 6955 6987
f 6955 6954 6987
f 6987 6954 6944
f 6954 6948 6944
f 6944 6948 6946
f 6948 6950 6946
f 6946 6950 6947
f 6570 6979 7009
f 6979 6978 7009
f 7009 6978 7008
f 6978 6977 7008
f 7008 6977 7007
f 6977 6976 7007
f 7007 6976 7006
f 6976 6975 7006
f 7006 6975 7005
f 6975 6974 7005
f 7005 6974 6980
f 6974 6965 6980
f 6980 6965 6981
f 6965 6964 6981
f 6981 6964 6986
f 6964 7010 6986
f 6986 7010 6955
f 7010 7012 6955
f 6955 7012 6956
f 7012 6951 6956
f 6956 6951 6948
f 6951 6953 6948
f 6948 6953 6949
f 7013 7014 7015
f 7014 7016 7015
f 7016 7017 7015
f 7017 7018 7015
f 7015 7018 7019
f 7020 7021 7019
f 7021 7022 7019
f 7019 7022 7015
f 7020 7023 7021
f 7023 7024 7021
f 7021 7024 7025
f 7021 7026 7022
f 7026 7027 7022
f 7022 7027 7028
f 7027 7029 7028
f 7028 7029 7030
f 7029 7031 7030
f 7031 7032 7030
f 7030 7032 7033
f 7032 7034 7033
f 7033 7034 7035
f 7034 7036 7035
f 2134 7037 2136
f 7037 7038 2136
f 2136 7038 7039
f 7038 7035 7039
f 7039 7035 7040
f 7035 7036 7040
f 7041 7042 1970
f 1970 7042 1971
f 7043 2125 1955
f 7044 1957 7043
f 1957 1958 7043
f 7043 1958 7045
f 1958 7046 7045
f 1958 1959 7046
f 1959 1960 7046
f 7046 1960 7047
f 1960 7048 7047
f 1960 1961 7048
f 1961 1962 7048
f 7048 1962 7049
f 7049 7050 7051
f 7050 7052 7051
f 7051 7052 1964
f 1964 1917 7051
f 1917 1916 7051
f 7051 1916 7053
f 7053 7054 7042
f 7054 1868 7042
f 7042 1868 1971
f 1968 1935 7055
f 7041 7056 7055
f 7056 1969 7055
f 7055 1969 1968
f 1937 7057 1935
f 7057 7058 1935
f 1935 7058 7055
f 1806 1808 7059
f 7059 7060 1943
f 7060 7061 1943
f 1943 7061 1940
f 7061 7062 1940
f 1940 7062 1939
f 7062 1937 1939
f 7063 1760 7064
f 7065 7066 7067
f 7068 7069 7070
f 1995 7071 7072
f 7073 7074 7075
f 7076 2002 7077
f 1991 1990 7078
f 1982 1981 7079
f 7080 7081 7082
f 7083 1777 1776
f 7083 1776 7084
f 7085 7086 7087
f 7086 7088 7087
f 7087 7088 7084
f 7089 7090 7091
f 7090 7092 7091
f 7091 7092 7085
f 7093 7094 7095
f 7096 7093 7097
f 7093 7095 7097
f 7097 7095 7098
f 7095 7099 7098
f 7098 7099 7100
f 7101 7102 7103
f 7104 7105 7106
f 7107 7108 7109
f 7108 7110 7109
f 7109 7110 7111
f 7110 7106 7111
f 7111 7106 7112
f 7106 7105 7112
f 7113 7114 7115
f 7114 7116 7115
f 7115 7116 7117
f 7116 7118 7117
f 7117 7118 7119
f 7118 7120 7119
f 7119 7120 7121
f 7120 7122 7121
f 7123 7124 7122
f 7124 7125 7122
f 7122 7125 7121
f 1985 1982 7126
f 1982 7079 7126
f 7126 7079 7081
f 7079 7127 7081
f 7081 7127 7128
f 7071 1991 7072
f 1991 7078 7072
f 7072 7078 7129
f 7078 7130 7129
f 7129 7130 7131
f 7130 7132 7131
f 7131 7132 7133
f 7132 7134 7133
f 7133 7134 7135
f 1990 1985 7078
f 1985 7126 7078
f 7078 7126 7130
f 7126 7081 7130
f 7130 7081 7132
f 7081 7080 7132
f 7132 7080 7134
f 7136 7137 7138
f 7137 7139 7138
f 7138 7139 7140
f 1998 2000 7141
f 2000 7077 7141
f 7141 7077 7142
f 7077 7143 7142
f 7142 7143 7144
f 7143 7145 7144
f 7144 7145 7146
f 7145 7147 7146
f 7146 7147 7148
f 7147 7149 7148
f 7148 7149 7150
f 7149 7151 7150
f 7150 7151 7152
f 7075 7074 7153
f 7074 7154 7153
f 7153 7154 7155
f 7154 7156 7155
f 7155 7156 7157
f 7156 7158 7157
f 7157 7158 7136
f 7158 7159 7136
f 7136 7159 7137
f 7160 2004 7073
f 2004 1998 7073
f 1998 7141 7073
f 7073 7141 7074
f 7141 7142 7074
f 7074 7142 7154
f 7142 7144 7154
f 7154 7144 7156
f 7144 7161 7156
f 7156 7161 7158
f 7161 7148 7158
f 7158 7148 7159
f 7148 7150 7159
f 7159 7150 7137
f 7150 7152 7137
f 7137 7152 7139
f 2002 1995 7077
f 1995 7072 7077
f 7077 7072 7143
f 7072 7129 7143
f 7143 7129 7145
f 7129 7131 7145
f 7145 7131 7147
f 7131 7133 7147
f 7147 7133 7149
f 7133 7135 7149
f 7149 7135 7151
f 7162 7163 7164
f 7163 7162 7165
f 7166 7167 7168
f 7167 7169 7168
f 7170 7171 7172
f 1791 7171 1792
f 7171 7170 1792
f 1792 7170 1793
f 7170 1749 1793
f 7167 7173 7169
f 7173 7174 7169
f 7169 7174 7175
f 7165 7176 7177
f 7176 7178 7177
f 7177 7178 7179
f 7178 7180 7179
f 7179 7180 7181
f 7180 7182 7181
f 7181 7182 7183
f 7182 7184 7183
f 2021 2018 7185
f 2018 2017 7185
f 7185 2017 2013
f 7069 7186 7187
f 1760 7063 1761
f 7063 7175 1761
f 1761 7175 1762
f 2024 2023 7188
f 2023 1977 7188
f 7069 7187 7070
f 7187 7189 7070
f 7070 7189 7190
f 7189 7188 7190
f 7190 7188 7191
f 7188 1977 7191
f 7191 1977 7192
f 7186 7067 7187
f 7067 7066 7187
f 7187 7066 7189
f 7066 7193 7189
f 7189 7193 7188
f 7068 7070 7194
f 7070 7190 7194
f 7194 7190 7195
f 7190 7191 7195
f 7195 7191 7196
f 7191 2016 7196
f 7196 2016 2021
f 7166 7172 7197
f 7172 7171 7197
f 7197 7171 7198
f 7171 1791 7198
f 7198 1791 7174
f 1791 1790 7174
f 7174 1790 7175
f 1790 1770 7175
f 7175 1770 7199
f 7085 7087 7091
f 7087 7200 7091
f 7091 7200 7201
f 7202 7203 7204
f 7203 7205 7204
f 7204 7205 7206
f 7205 7162 7206
f 7206 7162 7207
f 7162 7208 7207
f 7084 7209 7087
f 7209 7210 7087
f 7087 7210 7211
f 7208 7212 7207
f 7212 7213 7207
f 7207 7213 7206
f 7213 7214 7206
f 7206 7214 7204
f 7214 7215 7204
f 7204 7215 7202
f 7216 7217 7097
f 7218 7096 7219
f 7096 7097 7219
f 7219 7097 7220
f 7097 7217 7220
f 7216 7221 7222
f 7221 7223 7222
f 7222 7223 7224
f 7223 7225 7224
f 7224 7225 7226
f 7225 7227 7226
f 7228 7229 7103
f 7229 7230 7103
f 7103 7230 7227
f 7216 7097 7221
f 7097 7098 7221
f 7221 7098 7223
f 7098 7100 7223
f 7223 7100 7225
f 7099 7231 7100
f 7231 7232 7100
f 7100 7232 7225
f 7232 7107 7225
f 7225 7107 7227
f 7107 7109 7227
f 7227 7109 7103
f 7109 7111 7103
f 7103 7111 7101
f 7111 7112 7101
f 7082 7123 7080
f 7123 7122 7080
f 7080 7122 7134
f 7122 7120 7134
f 7134 7120 7135
f 7120 7118 7135
f 7135 7118 7151
f 7118 7233 7151
f 7151 7233 7152
f 7233 7114 7152
f 7152 7114 7139
f 7114 7113 7139
f 7139 7113 7140
f 7113 7234 7140
f 7140 7234 7235
f 7234 7201 7235
f 7094 7089 7095
f 7089 7091 7095
f 7095 7091 7099
f 7091 7201 7099
f 7099 7201 7231
f 7201 7234 7231
f 7231 7234 7236
f 7234 7113 7236
f 7236 7113 7107
f 7113 7115 7107
f 7107 7115 7108
f 7115 7117 7108
f 7108 7117 7110
f 7117 7119 7110
f 7110 7119 7106
f 7119 7121 7106
f 7106 7121 7104
f 7121 7237 7104
f 2021 7185 7196
f 7185 7238 7196
f 7196 7238 7195
f 7238 7239 7195
f 7195 7239 7194
f 7239 7240 7194
f 7194 7240 7068
f 7240 7168 7068
f 7068 7168 7069
f 7168 7169 7069
f 7069 7169 7186
f 7169 7175 7186
f 7186 7175 7067
f 7175 7063 7067
f 7067 7063 7065
f 7063 7241 7065
f 7065 7241 7242
f 2024 7188 2025
f 7188 7193 2025
f 2025 7193 1974
f 7193 7066 1974
f 1974 7066 2030
f 7066 7065 2030
f 2030 7065 2028
f 7065 1738 2028
f 2028 1738 1737
f 2012 2009 7243
f 2009 1979 7243
f 7243 1979 7075
f 1979 1978 7075
f 7075 1978 7073
f 1978 2006 7073
f 7073 2006 7160
f 7202 1752 7203
f 1752 1751 7203
f 7203 1751 1750
f 1750 1749 7203
f 1749 7170 7203
f 7203 7170 7205
f 7170 7244 7205
f 7205 7244 7162
f 7244 7166 7162
f 7162 7166 7165
f 7166 7168 7165
f 7165 7168 7176
f 7168 7240 7176
f 7176 7240 7178
f 7240 7239 7178
f 7178 7239 7180
f 7239 7238 7180
f 7180 7238 7182
f 7238 7185 7182
f 7182 7185 7184
f 7185 2013 7184
f 2013 2012 7184
f 2012 7243 7184
f 7184 7243 7183
f 7243 7075 7183
f 7183 7075 7181
f 7075 7153 7181
f 7181 7153 7179
f 7153 7155 7179
f 7179 7155 7177
f 7155 7157 7177
f 7177 7157 7165
f 7157 7136 7165
f 7165 7136 7163
f 7136 7138 7163
f 7163 7138 7208
f 7138 7140 7208
f 7208 7140 7212
f 7140 7245 7212
f 7212 7245 7213
f 7245 7201 7213
f 7213 7201 7214
f 7201 7200 7214
f 7214 7200 7215
f 7200 7087 7215
f 7215 7087 7202
f 7087 1746 7202
f 7202 1746 1752
f 7246 7247 7248
f 7249 7246 7250
f 7246 7251 7250
f 7250 7251 7252
f 7251 7253 7252
f 7252 7253 7254
f 7253 7255 7254
f 7254 7255 7256
f 7257 7258 7259
f 7258 7260 7259
f 7259 7260 7261
f 7260 7262 7261
f 7263 7264 7265
f 7264 7266 7265
f 7265 7266 7267
f 7266 7268 7267
f 7269 7270 7271
f 7270 7272 7271
f 7273 7274 7275
f 7274 7276 7275
f 7275 7276 7272
f 7276 7277 7272
f 7272 7277 7271
f 2075 7273 2077
f 7273 7275 2077
f 2077 7275 2076
f 7275 7079 2076
f 2076 7079 1981
f 7229 7267 7262
f 7267 7268 7262
f 7262 7268 7261
f 7258 7226 7260
f 7226 7227 7260
f 7260 7227 7262
f 7227 7230 7262
f 7262 7230 7229
f 7216 7222 7258
f 7222 7224 7258
f 7258 7224 7226
f 7257 7256 7258
f 7256 7255 7258
f 7258 7255 7216
f 7255 7253 7216
f 7216 7253 7217
f 7253 7248 7217
f 7217 7248 7220
f 7248 7219 7220
f 7247 7278 7248
f 7278 7279 7248
f 7248 7279 7219
f 7279 7218 7219
f 7124 7280 7272
f 7280 7082 7272
f 7272 7082 7275
f 7082 7127 7275
f 7275 7127 7079
f 7124 7272 7281
f 7272 7270 7281
f 7281 7270 7104
f 7101 7112 7270
f 7112 7105 7270
f 7270 7105 7104
f 7269 7263 7270
f 7263 7282 7270
f 7270 7282 7101
f 7282 7267 7101
f 7101 7267 7102
f 7267 7229 7102
f 7283 5961 5960
f 7284 7285 7286
f 7287 5863 5875
f 7288 7289 7290
f 7291 7292 7288
f 7293 4963 7294
f 5983 7295 5984
f 7295 7296 5984
f 5984 7296 5985
f 5983 5982 7295
f 5982 5939 7295
f 7295 5939 7297
f 5938 7298 5941
f 7298 7297 5941
f 5941 7297 5940
f 7297 5939 5940
f 4962 4961 5937
f 4961 7298 5937
f 5937 7298 5936
f 7298 5938 5936
f 7299 7290 7300
f 7290 7289 7300
f 7300 7289 7301
f 7302 7299 4969
f 7299 7300 4969
f 4969 7300 7303
f 7300 7301 7303
f 7303 7301 7304
f 7284 7286 5865
f 7290 7305 7288
f 7305 7306 7288
f 7288 7306 7291
f 7306 7286 7291
f 7291 7286 7307
f 7286 7285 7307
f 7307 7285 7308
f 7283 5960 7309
f 7310 7309 7311
f 7309 5960 7311
f 7311 5960 7312
f 5960 5959 7312
f 7312 5959 5958
f 5958 5957 7312
f 5957 5956 7312
f 7312 5956 7313
f 5955 5882 7296
f 5882 5881 7296
f 7296 5881 5985
f 5956 5955 7313
f 5955 7296 7313
f 7313 7296 7314
f 7296 7295 7314
f 7314 7295 7315
f 7295 7297 7315
f 7315 7297 7316
f 7297 7298 7316
f 7316 7298 7294
f 7298 4961 7294
f 7294 4961 7293
f 4973 5863 7317
f 5863 7287 7317
f 7317 7287 7318
f 7319 7304 7320
f 7304 7301 7320
f 7320 7301 7321
f 7301 7289 7321
f 7321 7289 7322
f 7289 7288 7322
f 7322 7288 7323
f 7288 7292 7323
f 7323 7292 7324
f 7292 7291 7324
f 7324 7291 7325
f 7291 7307 7325
f 7325 7307 7326
f 7307 7308 7326
f 7302 7318 7299
f 7318 7287 7299
f 7299 7287 7290
f 7287 5875 7290
f 7290 5875 7305
f 5875 5873 7305
f 7305 5873 7306
f 5873 5872 7306
f 7306 5872 7286
f 5872 5866 7286
f 7286 5866 5865
f 4963 7319 7294
f 7319 7320 7294
f 7294 7320 7316
f 7320 7321 7316
f 7316 7321 7315
f 7321 7322 7315
f 7315 7322 7314
f 7322 7323 7314
f 7314 7323 7313
f 7323 7324 7313
f 7313 7324 7312
f 7324 7325 7312
f 7312 7325 7311
f 7325 7326 7311
f 7311 7326 7310
f 7326 7308 7310
f 7327 7328 7329
f 7330 7331 7328
f 7332 7333 7334
f 7335 7336 7337
f 7338 2798 7339
f 7340 7341 7342
f 5845 3692 3691
f 7343 5846 7344
f 5846 5845 7344
f 5853 5852 7342
f 3703 7345 7346
f 7345 7347 7346
f 3717 7348 7349
f 7348 7350 7349
f 3710 3717 7351
f 3717 7349 7351
f 7351 7349 7352
f 7349 7353 7352
f 7354 7355 7356
f 7355 7344 7356
f 7356 7344 3711
f 5845 3691 7344
f 3691 3712 7344
f 7344 3712 3711
f 5852 7343 7342
f 7343 7344 7342
f 7342 7344 7340
f 7344 7355 7340
f 7340 7355 7357
f 7355 7354 7357
f 7357 7354 7358
f 7341 7340 7359
f 7340 7357 7359
f 7359 7357 7360
f 7357 7358 7360
f 7360 7358 7361
f 5158 5854 5159
f 5854 7362 5159
f 5159 7362 5160
f 7362 5156 5160
f 5154 7363 5152
f 7363 7364 5152
f 5152 7364 5150
f 7364 7365 5150
f 5150 7365 5148
f 7365 7366 5148
f 5148 7366 5144
f 7366 7367 5144
f 5144 7367 5145
f 7336 7335 7368
f 7335 7369 7368
f 7368 7369 7370
f 5854 5853 7362
f 5853 7342 7362
f 7362 7342 7371
f 7342 7341 7371
f 7371 7341 7372
f 7341 7359 7372
f 7372 7359 7373
f 7359 7360 7373
f 7373 7360 7374
f 7360 7361 7374
f 7374 7361 7375
f 7361 7376 7375
f 7375 7376 7337
f 7376 7377 7337
f 7337 7377 7335
f 7377 7378 7335
f 7335 7378 7369
f 7379 7380 7381
f 7380 7382 7381
f 7381 7382 7383
f 7382 7384 7383
f 7383 7384 7385
f 7384 7386 7385
f 7385 7386 7387
f 7388 7389 7390
f 2787 5221 2788
f 5221 7389 2788
f 2788 7389 7391
f 7389 7388 7391
f 7391 7388 2792
f 7333 7332 7392
f 7332 7393 7392
f 7392 7393 7394
f 7393 7395 7394
f 7394 7395 7396
f 7395 7397 7396
f 7396 7397 2793
f 5234 7398 5232
f 7398 7399 5232
f 5230 7398 5228
f 7398 7400 5228
f 5228 7400 7390
f 7363 7401 7364
f 7401 7402 7364
f 7364 7402 7365
f 7402 7403 7365
f 7365 7403 7366
f 7403 7404 7366
f 7366 7404 7367
f 7404 7405 7367
f 7367 7405 7334
f 7405 7387 7334
f 7334 7387 7332
f 7387 7386 7332
f 7332 7386 7393
f 7386 7384 7393
f 7393 7384 7395
f 7384 7382 7395
f 7395 7382 7397
f 7382 7380 7397
f 5221 5222 7389
f 5222 5224 7389
f 7389 5224 7390
f 5224 5226 7390
f 7390 5226 7406
f 5154 5156 7363
f 5156 7362 7363
f 7363 7362 7401
f 7362 7371 7401
f 7401 7371 7402
f 7371 7372 7402
f 7402 7372 7403
f 7372 7373 7403
f 7403 7373 7404
f 7373 7374 7404
f 7404 7374 7405
f 7374 7407 7405
f 7405 7407 7387
f 7407 7337 7387
f 7387 7337 7385
f 7337 7336 7385
f 7385 7336 7383
f 7336 7368 7383
f 7383 7368 7381
f 7368 7408 7381
f 7381 7408 7379
f 7409 2570 7410
f 7411 7410 7412
f 7410 7413 7412
f 7412 7413 3726
f 7413 7414 3726
f 3726 7414 3721
f 7414 7415 3721
f 3721 7415 3722
f 7415 7416 3722
f 3722 7416 3723
f 7328 7331 7329
f 7331 7417 7329
f 7329 7417 2807
f 7418 7327 7419
f 7327 7329 7419
f 7419 7329 7420
f 7329 2807 7420
f 7420 2807 2806
f 2813 7330 7413
f 7330 7328 7413
f 7413 7328 7414
f 7328 7327 7414
f 7414 7327 7415
f 7327 7418 7415
f 7415 7418 7416
f 3703 3740 7345
f 3740 3739 7345
f 7345 3739 7421
f 3739 3737 7421
f 7421 3737 7422
f 7339 7423 7424
f 7423 7425 7424
f 7424 7425 7426
f 7425 7427 7426
f 7426 7427 7428
f 7427 7429 7428
f 7428 7429 7430
f 7429 7431 7430
f 7430 7431 7432
f 7431 7353 7432
f 3715 3706 7349
f 3706 3705 7349
f 7349 3705 7353
f 3705 7345 7353
f 7353 7345 7432
f 7345 7421 7432
f 7432 7421 7430
f 7421 7422 7430
f 7430 7422 7428
f 7422 7433 7428
f 7428 7433 7426
f 7433 7434 7426
f 7426 7434 7424
f 7434 7435 7424
f 7424 7435 7339
f 3737 3723 7422
f 3723 7416 7422
f 7422 7416 7436
f 7416 7418 7436
f 7436 7418 7434
f 7418 7419 7434
f 7434 7419 7435
f 7419 7420 7435
f 7435 7420 7339
f 7420 2806 7339
f 7339 2806 7338
f 2793 2792 7396
f 2792 7388 7396
f 7396 7388 7394
f 7388 7390 7394
f 7394 7390 7392
f 7390 7400 7392
f 7392 7400 7333
f 7400 7398 7333
f 7333 7398 7334
f 7398 5234 7334
f 7334 5234 7367
f 5234 5235 7367
f 7367 5235 5145
f 3711 3710 7356
f 3710 7351 7356
f 7356 7351 7354
f 7351 7352 7354
f 7354 7352 7358
f 7352 7353 7358
f 7358 7353 7361
f 7353 7431 7361
f 7361 7431 7376
f 7431 7429 7376
f 7376 7429 7377
f 7429 7427 7377
f 7377 7427 7437
f 7427 7425 7437
f 7437 7425 7369
f 7425 7423 7369
f 7369 7423 7408
f 7423 7339 7408
f 7408 7339 7379
f 7339 2798 7379
f 7379 2798 7380
f 2798 2797 7380
f 7380 2797 7438
f 2797 7439 7438
f 7438 7439 7440
f 3842 7441 7442
f 3884 3883 7443
f 7444 7445 7446
f 3605 3606 7447
f 3606 7448 7447
f 7447 7448 7449
f 7448 7450 7449
f 7451 7452 7453
f 7452 7454 7453
f 7453 7454 7450
f 7454 7455 7450
f 7450 7455 7449
f 7456 7457 7451
f 7457 7458 7451
f 7451 7458 7459
f 7459 7460 7451
f 7460 7461 7451
f 7451 7461 7452
f 7456 7462 7457
f 7462 7463 7457
f 7457 7463 7464
f 7463 7465 7464
f 7463 7466 7465
f 7466 7467 7465
f 7465 7467 7468
f 7467 7469 7468
f 7470 7471 7472
f 7470 7472 7473
f 7467 7474 7469
f 7474 7472 7469
f 7469 7472 7475
f 7472 7471 7475
f 7476 7477 7478
f 7476 7478 7479
f 7478 7480 7479
f 7479 7480 7481
f 7472 7482 7473
f 7482 7479 7473
f 7473 7479 7483
f 7479 7481 7483
f 7444 7446 7484
f 7484 7446 7477
f 7446 7485 7477
f 7477 7485 7478
f 7486 7487 7445
f 7486 7445 7488
f 7445 7489 7488
f 7488 7489 7490
f 7487 7491 7445
f 7491 7492 7445
f 7445 7492 7446
f 7493 7494 7495
f 7493 7495 7496
f 7495 7497 7496
f 7496 7497 7489
f 7497 7498 7489
f 7489 7498 7490
f 7499 7500 7501
f 7500 3882 7501
f 7501 3882 7502
f 3882 3750 7502
f 3750 7503 7502
f 7502 7503 7504
f 7503 3901 7504
f 7504 3901 7505
f 3901 7506 7505
f 7505 7506 7507
f 7506 3879 7507
f 7507 3879 7494
f 3879 3881 7494
f 7494 3881 7495
f 3833 7508 3834
f 7508 7509 3834
f 3834 7509 7441
f 7509 7510 7441
f 7441 7510 7442
f 3833 3856 7508
f 3856 3857 7508
f 7508 3857 7511
f 3857 3756 7511
f 7511 3756 7499
f 3756 3755 7499
f 7499 3755 3884
f 3842 7442 3840
f 7442 2577 3840
f 3840 2577 2578
f 3888 3886 7512
f 7513 5914 7514
f 7465 7515 7516
f 7517 7518 3890
f 7519 7520 7521
f 7522 7523 7524
f 3770 3772 7525
f 3885 3769 7526
f 3769 7527 7526
f 7526 7527 7528
f 7529 3881 3880
f 7530 7531 7532
f 7532 7533 7534
f 7533 7497 7534
f 7534 7497 7529
f 7492 7491 7535
f 7491 7487 7535
f 7535 7487 7486
f 7536 7537 7538
f 7537 7539 7538
f 7538 7539 7540
f 7541 7514 7542
f 7514 7540 7542
f 7542 7540 7543
f 7540 7539 7543
f 7543 7539 7544
f 7539 7537 7544
f 7544 7537 7545
f 7537 7536 7545
f 7514 5914 7540
f 5914 5913 7540
f 7540 5913 7538
f 5913 5912 7538
f 7538 5912 7546
f 5912 5911 7546
f 7546 5911 5909
f 7547 7548 7549
f 7548 7550 7549
f 7551 3885 7512
f 3885 7526 7512
f 7512 7526 7552
f 7526 7528 7552
f 7552 7528 7553
f 7528 7554 7553
f 7553 7554 7550
f 7554 7555 7550
f 7550 7555 7556
f 3769 7557 7527
f 7557 7525 7527
f 7527 7525 7528
f 7525 7558 7528
f 7528 7558 7554
f 7558 7559 7554
f 7554 7559 7555
f 7559 7560 7555
f 7555 7560 7549
f 7561 7562 7563
f 7562 7564 7563
f 7563 7564 7565
f 7564 7566 7565
f 5898 5897 7524
f 5897 5896 7524
f 7524 5896 7567
f 7561 7522 7562
f 7522 7524 7562
f 7562 7524 7564
f 7524 7567 7564
f 7564 7567 5904
f 7568 7569 7570
f 7569 7547 7570
f 7570 7547 7571
f 7547 7556 7571
f 7571 7556 7566
f 7556 7560 7566
f 7566 7560 7565
f 7560 7559 7565
f 7565 7559 7563
f 7559 7558 7563
f 7563 7558 7561
f 7558 7525 7561
f 7471 7572 7475
f 7572 7573 7475
f 7475 7573 7469
f 7574 7470 7575
f 7574 7575 7576
f 7575 7483 7576
f 7483 7481 7576
f 7576 7481 7577
f 7578 7579 7580
f 7581 7485 7582
f 7485 7446 7582
f 7481 7583 7584
f 7583 7581 7584
f 7584 7581 7585
f 7581 7582 7585
f 7585 7582 7535
f 7582 7446 7535
f 7535 7446 7586
f 7532 7534 7587
f 7534 7588 7587
f 7587 7588 7589
f 7588 7590 7589
f 7589 7590 7591
f 7590 7592 7591
f 7591 7592 7593
f 7594 7595 7596
f 7529 3880 7534
f 3880 7597 7534
f 7534 7597 7588
f 7597 7598 7588
f 7588 7598 7590
f 7598 7599 7590
f 7590 7599 7592
f 7599 7600 7592
f 7592 7600 7593
f 7600 7579 7593
f 7593 7579 7601
f 7579 7578 7601
f 7601 7578 7602
f 7603 7604 7605
f 7604 7606 7605
f 7605 7606 7607
f 7606 7608 7607
f 7607 7608 7609
f 7521 7520 7610
f 7520 7611 7610
f 7610 7611 7612
f 7611 7518 7612
f 7612 7518 7613
f 7518 7517 7613
f 7613 7517 7614
f 7614 7603 7613
f 7603 7605 7613
f 7613 7605 7612
f 7605 7607 7612
f 7612 7607 7610
f 7607 7609 7610
f 7610 7609 7521
f 3890 7518 3892
f 7518 7611 3892
f 3892 7611 3894
f 7611 7520 3894
f 3894 7520 3896
f 7520 7519 3896
f 3896 7519 3898
f 7604 7580 7606
f 7580 7579 7606
f 7606 7579 7608
f 7579 7600 7608
f 7608 7600 7609
f 7600 7599 7609
f 7609 7599 7521
f 7599 7598 7521
f 7521 7598 7519
f 7598 7597 7519
f 7519 7597 3898
f 7597 7615 3898
f 7447 7616 7617
f 7447 7618 7619
f 7455 7620 7621
f 7455 7454 7622
f 7454 7452 7622
f 7622 7452 7623
f 7624 7625 7626
f 3605 7627 7628
f 7627 7629 7628
f 7628 7629 7630
f 7626 7631 7632
f 7633 7634 7626
f 3605 7447 7627
f 7447 7619 7627
f 7627 7619 7626
f 7619 7618 7626
f 7626 7618 7633
f 7618 7447 7633
f 7633 7447 7635
f 7447 7636 7635
f 7635 7636 7637
f 7636 7638 7637
f 7637 7638 7639
f 7638 7447 7639
f 7639 7447 7449
f 7626 7625 7640
f 7460 7459 7641
f 7459 7458 7641
f 7641 7458 7642
f 7643 7464 7465
f 7452 7461 7644
f 7461 7460 7644
f 7644 7460 7645
f 7460 7646 7645
f 7645 7646 7643
f 7646 7642 7643
f 7643 7642 7464
f 7465 7516 7647
f 7516 7648 7647
f 7647 7648 7645
f 7648 7649 7645
f 7645 7649 7644
f 7649 7640 7644
f 7644 7640 7622
f 7640 7625 7622
f 7622 7625 7455
f 7625 7624 7455
f 7455 7624 7620
f 7624 7626 7620
f 7620 7626 7621
f 7626 7650 7621
f 7621 7650 7455
f 7650 7651 7455
f 7455 7651 7652
f 7651 7629 7652
f 7652 7629 7653
f 7629 7654 7653
f 7653 7654 7655
f 7654 7449 7655
f 7655 7449 7653
f 7449 7455 7653
f 7653 7455 7652
f 7656 7657 7538
f 7657 7658 7538
f 7538 7658 7536
f 7658 7659 7536
f 7536 7659 7660
f 7661 7626 7662
f 7626 7640 7662
f 7662 7640 7663
f 7640 7649 7663
f 7663 7649 7664
f 7649 7648 7664
f 7664 7648 7572
f 7648 7516 7572
f 7572 7516 7573
f 7516 7468 7573
f 7573 7468 7469
f 7580 7665 7578
f 7665 7666 7578
f 7578 7666 7602
f 7666 7667 7602
f 7602 7667 7668
f 7667 7669 7668
f 7670 7661 7536
f 7661 7662 7536
f 7536 7662 7545
f 7662 7663 7545
f 7545 7663 7671
f 7663 7664 7671
f 7671 7664 7672
f 7664 7572 7672
f 7672 7572 7574
f 7572 7471 7574
f 7574 7471 7470
f 3772 3774 7525
f 3774 3780 7525
f 7525 3780 7561
f 3780 3779 7561
f 7561 3779 7522
f 3779 3778 7522
f 7522 3778 7523
f 3778 3775 7523
f 7523 3775 3776
f 5898 7524 5899
f 7524 7523 5899
f 5899 7523 5900
f 7523 3776 5900
f 5900 3776 3777
f 5902 7673 7541
f 7673 7674 7541
f 7541 7674 7514
f 7674 5906 7514
f 7514 5906 7675
f 3890 3888 7517
f 3888 7512 7517
f 7517 7512 7614
f 7512 7552 7614
f 7614 7552 7603
f 7552 7553 7603
f 7603 7553 7604
f 7553 7550 7604
f 7604 7550 7580
f 7550 7548 7580
f 7580 7548 7665
f 7548 7547 7665
f 7665 7547 7666
f 7547 7569 7666
f 7666 7569 7667
f 7569 7568 7667
f 7667 7568 7669
f 5904 5902 7564
f 5902 7541 7564
f 7564 7541 7566
f 7541 7542 7566
f 7566 7542 7571
f 7542 7543 7571
f 7571 7543 7570
f 7543 7544 7570
f 7570 7544 7568
f 7544 7545 7568
f 7568 7545 7669
f 7545 7671 7669
f 7669 7671 7668
f 7671 7672 7668
f 7668 7672 7602
f 7672 7574 7602
f 7602 7574 7601
f 7574 7576 7601
f 7601 7576 7593
f 7576 7584 7593
f 7593 7584 7591
f 7584 7585 7591
f 7591 7585 7589
f 7585 7535 7589
f 7589 7535 7587
f 7535 7486 7587
f 7587 7486 7488
f 3597 7628 7676
f 7628 7677 7676
f 7676 7677 7678
f 7679 7680 7628
f 7680 7681 7628
f 7628 7681 3605
f 7546 5909 5908
f 7682 7683 7684
f 5918 7682 5916
f 7682 7684 5916
f 5916 7684 5908
f 7685 7658 7686
f 7687 5908 7688
f 5908 7684 7688
f 7688 7684 7659
f 7689 7690 7691
f 7690 7661 7691
f 7691 7661 7692
f 7661 7670 7692
f 7692 7670 7693
f 7670 7659 7693
f 7693 7659 7694
f 7659 7684 7694
f 7694 7684 7695
f 7684 7696 7695
f 7697 7698 7699
f 3596 3597 7676
f 3594 3596 7700
f 3596 7676 7700
f 7700 7676 7701
f 7676 7691 7701
f 7694 7702 7703
f 7702 7696 7703
f 7703 7696 7704
f 6234 7703 7705
f 7703 7704 7705
f 7705 7704 5918
f 7691 7706 7701
f 7706 7693 7701
f 7701 7693 7707
f 7693 7708 7707
f 7707 7708 7699
f 7708 7703 7699
f 7699 7703 7709
f 7703 6234 7709
f 7709 6234 6233
f 7710 7711 7712
f 3639 3638 7713
f 7714 7715 3626
f 6245 6214 7716
f 7717 4019 7718
f 3654 3652 7719
f 3652 3651 7719
f 7719 3651 7720
f 3651 3646 7720
f 3654 7719 3656
f 7719 7721 3656
f 3656 7721 3659
f 7722 4019 7723
f 3981 7722 4031
f 7722 7724 4031
f 4031 7724 4032
f 7724 7725 4032
f 4032 7725 7726
f 7727 6210 4025
f 4025 4026 7727
f 4026 4027 7727
f 7727 4027 7726
f 4027 4029 7726
f 7726 4029 4032
f 7728 6247 7729
f 7730 7731 7732
f 7731 7733 7732
f 7732 7733 7734
f 7733 6208 7734
f 7734 6208 6207
f 7735 7736 7737
f 7736 7738 7737
f 7737 7738 7739
f 7740 7741 7742
f 7741 7743 7742
f 7742 7743 7744
f 7743 7745 7744
f 7746 6241 7747
f 6241 6250 7747
f 7747 6250 7748
f 7741 7749 7743
f 7749 7747 7743
f 7743 7747 7745
f 7747 7748 7745
f 7745 7748 6248
f 7750 3629 3628
f 7750 3628 7715
f 3628 3624 7715
f 7715 3624 3626
f 3617 7751 3618
f 7751 7714 3618
f 3618 7714 3627
f 7714 3626 3627
f 7739 7749 7737
f 7749 7741 7737
f 7737 7741 7735
f 7741 7740 7735
f 7735 7740 7752
f 7740 7753 7752
f 7752 7753 7754
f 3617 7755 7756
f 7755 3615 7756
f 7756 3615 3613
f 3609 7757 7758
f 7759 7760 3611
f 3617 7756 7751
f 7756 7761 7751
f 7751 7761 7714
f 7761 7762 7714
f 7714 7762 7715
f 7762 7763 7715
f 7715 7763 7750
f 7764 7765 7766
f 7767 7768 7764
f 3609 3608 7769
f 3608 7770 7769
f 7769 7770 7771
f 7770 3608 7771
f 7771 3608 3611
f 7772 7773 7764
f 7774 7775 7776
f 7777 7778 7764
f 7778 7779 7764
f 7764 7779 7780
f 7701 7781 7700
f 7781 3611 7700
f 7700 3611 3594
f 3659 7721 7782
f 7721 4063 7782
f 7782 4063 3661
f 3649 7783 7784
f 7783 7720 7784
f 7784 7720 3645
f 7720 3646 3645
f 3643 7785 7786
f 3629 7750 3631
f 7750 7712 3631
f 3631 7712 3633
f 7712 7711 3633
f 3633 7711 3634
f 7711 7710 3634
f 3634 7710 3636
f 3638 7787 7713
f 7787 7710 7713
f 7713 7710 7788
f 7710 7712 7788
f 7788 7712 7789
f 7712 7750 7789
f 4071 4072 7790
f 4072 7791 7790
f 7790 7791 7792
f 7791 4078 7792
f 7792 4078 7793
f 4078 4077 7793
f 7793 4077 7794
f 4077 7795 7794
f 7794 7795 7796
f 4019 4018 7723
f 4018 3978 7723
f 7723 3978 7797
f 3978 4071 7797
f 7797 4071 7798
f 4071 7790 7798
f 7799 7800 7801
f 7800 7802 7801
f 7801 7802 7803
f 7802 7804 7803
f 7803 7804 7805
f 7804 7806 7805
f 7805 7806 7807
f 7806 7808 7807
f 7807 7808 7809
f 7808 7810 7809
f 7809 7810 7811
f 7810 7812 7811
f 7811 7812 7813
f 7812 7814 7813
f 7813 7814 7730
f 7814 7815 7730
f 7730 7815 7731
f 7794 7799 7793
f 7799 7801 7793
f 7793 7801 7792
f 7801 7803 7792
f 7792 7803 7790
f 7803 7805 7790
f 7790 7805 7798
f 7805 7807 7798
f 7798 7807 7797
f 7807 7809 7797
f 7797 7809 7723
f 7809 7811 7723
f 7723 7811 7722
f 7811 7813 7722
f 7722 7813 7724
f 7813 7730 7724
f 7724 7730 7725
f 7730 7732 7725
f 7725 7732 7726
f 7732 7734 7726
f 7726 7734 7727
f 7734 6207 7727
f 7727 6207 6210
f 7816 7817 7818
f 7817 7819 7818
f 7818 7819 7820
f 7819 7821 7820
f 7820 7821 7822
f 7821 7823 7822
f 7822 7823 7824
f 7823 7825 7824
f 7824 7825 7826
f 7825 7827 7826
f 7826 7827 7828
f 7827 7829 7828
f 7828 7829 7830
f 7829 7831 7830
f 7830 7831 7832
f 7831 7716 7832
f 7833 7834 7819
f 7834 7835 7819
f 7819 7835 7821
f 7835 7836 7821
f 7821 7836 7823
f 7836 7837 7823
f 7823 7837 7825
f 7837 7838 7825
f 7825 7838 7827
f 7838 7839 7827
f 7827 7839 7829
f 7839 7840 7829
f 7829 7840 7831
f 7840 7728 7831
f 7831 7728 7716
f 7728 7729 7716
f 7716 7729 6245
f 7800 7816 7802
f 7816 7818 7802
f 7802 7818 7804
f 7818 7820 7804
f 7804 7820 7806
f 7820 7822 7806
f 7806 7822 7808
f 7822 7824 7808
f 7808 7824 7810
f 7824 7826 7810
f 7810 7826 7812
f 7826 7828 7812
f 7812 7828 7841
f 7828 7830 7841
f 7841 7830 7815
f 7830 7832 7815
f 7815 7832 7731
f 7832 7716 7731
f 7731 7716 7733
f 7716 6214 7733
f 7733 6214 6208
f 3649 3643 7783
f 3643 7786 7783
f 7783 7786 7842
f 7786 7843 7842
f 7842 7843 7844
f 7843 7845 7844
f 7844 7845 7846
f 7845 7847 7846
f 7846 7847 7848
f 7847 7849 7848
f 7848 7849 7754
f 7739 7709 6233
f 6233 6244 7739
f 6244 6243 7739
f 7739 6243 7749
f 6243 6242 7749
f 7749 6242 7747
f 6242 6238 7747
f 7747 6238 7746
f 7754 7849 7752
f 7849 7850 7752
f 7752 7850 7735
f 7850 7766 7735
f 7735 7766 7736
f 7766 7765 7736
f 7736 7765 7738
f 7765 7699 7738
f 7738 7699 7739
f 7699 7698 7739
f 7739 7698 7851
f 7785 3639 7786
f 3639 7713 7786
f 7786 7713 7843
f 7713 7788 7843
f 7843 7788 7845
f 7788 7789 7845
f 7845 7789 7847
f 7789 7750 7847
f 7847 7750 7849
f 7750 7763 7849
f 7849 7763 7850
f 7763 7762 7850
f 7850 7762 7766
f 7762 7761 7766
f 7766 7761 7764
f 7761 7756 7764
f 7764 7756 7777
f 7756 3613 7777
f 7777 3613 7778
f 3613 3612 7778
f 7778 3612 7779
f 3612 3609 7779
f 7779 3609 7780
f 3609 7758 7780
f 7780 7758 7764
f 7758 7757 7764
f 7764 7757 7852
f 7757 3609 7852
f 7852 3609 7853
f 3609 7769 7853
f 7853 7769 7764
f 7769 7771 7764
f 7764 7771 7772
f 7771 3611 7772
f 7772 3611 7854
f 3611 7855 7854
f 7854 7855 7764
f 7855 7759 7764
f 7764 7759 7767
f 7759 3611 7767
f 7767 3611 7768
f 3611 7781 7768
f 7768 7781 7764
f 7781 7701 7764
f 7764 7701 7765
f 7701 7707 7765
f 7765 7707 7699
f 6248 6247 7745
f 6247 7728 7745
f 7745 7728 7744
f 7728 7840 7744
f 7744 7840 7742
f 7840 7839 7742
f 7742 7839 7740
f 7839 7838 7740
f 7740 7838 7753
f 7838 7856 7753
f 7753 7856 7754
f 7856 7836 7754
f 7754 7836 7848
f 7836 7835 7848
f 7848 7835 7846
f 7835 7834 7846
f 7846 7834 7844
f 7834 7817 7844
f 7844 7817 7857
f 7817 7816 7857
f 7857 7816 7783
f 7816 7800 7783
f 7783 7800 7720
f 7800 7799 7720
f 7720 7799 7719
f 7799 7794 7719
f 7719 7794 7721
f 7794 7858 7721
f 7721 7858 4063
f 3226 2483 5381
f 2483 2485 5381
f 5381 2485 5389
f 2485 2487 5389
f 5389 2487 5388
f 5388 2487 5394
f 2487 2489 5394
f 5394 2489 5392
f 2559 2558 5396
f 2489 2514 5392
f 2514 2561 5392
f 5392 2561 5393
f 2561 2560 5393
f 5393 2560 5379
f 2560 2559 5379
f 5379 2559 5380
f 2559 5396 5380
f 2465 5404 2556
f 5404 5402 2556
f 2556 5402 2558
f 5402 5401 2558
f 2558 5401 5396
f 5420 5415 2464
f 5415 5411 2464
f 5411 5410 2464
f 2464 5410 2465
f 5410 5408 2465
f 2465 5408 5404
f 5417 2525 5374
f 2525 2498 5374
f 5374 2498 2497
f 2464 2503 5420
f 2503 2525 5420
f 5420 2525 5418
f 2525 5417 5418
f 7859 2985 2830
f 6421 7860 6422
f 7860 6603 6422
f 6422 6603 6424
f 7860 7861 6603
f 7861 7862 6603
f 6603 7862 2829
f 2829 7862 2830
f 7862 7863 2830
f 2830 7863 7859
f 1685 1684 7864
f 1685 7864 7865
f 7864 7866 7865
f 7865 7866 7867
f 7866 7868 7867
f 7867 7868 7869
f 7868 7870 7869
f 7869 7870 7871
f 7872 7873 7874
f 7872 7874 7870
f 7874 7875 7870
f 7870 7875 7871
f 7876 7877 7878
f 7879 7880 7878
f 7880 7881 7878
f 7878 7881 7876
f 7881 7882 7876
f 7882 7883 7876
f 7883 7884 7876
f 7876 7884 7885
f 7886 7887 1689
f 1688 7888 1689
f 7888 7889 1689
f 1689 7889 7886
f 7887 7890 1689
f 7890 7891 1689
f 1689 7891 7892
f 7891 7893 7892
f 7892 7893 7878
f 7893 7894 7878
f 7878 7894 7879
f 5362 5361 7895
f 7896 7897 7898
f 7897 7899 7898
f 7900 7901 7899
f 7901 7902 7899
f 7899 7902 7898
f 7899 7903 7904
f 7899 7904 7900
f 7904 7905 7900
f 7900 7905 7906
f 7906 7905 7907
f 7905 7908 7907
f 7907 7908 7909
f 7896 7910 7897
f 7910 7911 7897
f 7897 7911 7912
f 7911 7913 7912
f 7913 7914 7912
f 7912 7914 7915
f 7914 7916 7915
f 7915 7916 7917
f 6769 5362 7918
f 5362 7895 7918
f 7918 7895 7919
f 7895 7920 7919
f 7919 7920 7921
f 7920 7917 7921
f 7921 7917 7922
f 7917 7916 7922
f 7923 7924 7925
f 7926 7927 7928
f 7929 7930 7931
f 7932 7933 7934
f 1493 7935 7936
f 7937 7938 7936
f 7938 7939 7936
f 7939 7940 7936
f 7936 7940 1493
f 7932 7934 7941
f 655 7929 911
f 7929 7931 911
f 911 7931 909
f 909 7931 907
f 7931 7942 907
f 907 7942 6019
f 6019 7942 6014
f 7942 7943 6014
f 6014 7943 6015
f 6038 6041 7944
f 6041 6039 7944
f 6015 7943 6017
f 7943 7944 6017
f 6017 7944 6018
f 7944 6039 6018
f 6018 6039 7945
f 5867 7946 7947
f 7946 5870 7947
f 7947 5870 5315
f 5315 6034 7947
f 6034 6035 7947
f 7947 6035 7944
f 6035 6037 7944
f 7944 6037 6038
f 7948 5865 5864
f 7948 5864 7949
f 7310 7308 7950
f 7308 7951 7950
f 7950 7951 7948
f 7951 7952 7948
f 7948 7952 5865
f 7310 7950 7309
f 7950 7953 7309
f 7309 7953 7954
f 7954 7953 5961
f 7953 7955 5961
f 5961 7955 5890
f 5890 7955 5891
f 7955 7956 5891
f 5891 7956 5951
f 5949 5947 7957
f 7957 5947 7956
f 5947 5946 7956
f 7956 5946 5951
f 5973 5944 7958
f 5944 5945 7958
f 7958 5945 7957
f 5945 5950 7957
f 7957 5950 5949
f 5969 5968 7959
f 5968 5975 7959
f 7959 5975 7958
f 5975 5974 7958
f 7958 5974 5973
f 7960 5964 5972
f 7960 5972 7959
f 5972 5971 7959
f 7959 5971 5969
f 5981 5967 7960
f 5967 5966 7960
f 7960 5966 5964
f 7961 7926 7962
f 7926 7963 7962
f 7962 7963 7964
f 7963 7965 7964
f 7965 7963 7966
f 7963 7967 7966
f 7966 7967 7968
f 7969 7970 7967
f 7970 7971 7967
f 7967 7971 7968
f 7972 7973 7974
f 7974 7975 7972
f 7975 7976 7972
f 7972 7976 7969
f 7976 7977 7969
f 7969 7977 7970
f 7973 7972 7978
f 7972 7979 7978
f 7978 7979 7980
f 7981 7982 7979
f 7982 7983 7979
f 7979 7983 7980
f 7984 7985 7981
f 7985 7986 7981
f 7981 7986 7982
f 7987 7988 7984
f 7988 7989 7984
f 7984 7989 7985
f 7990 7991 7987
f 7991 7992 7987
f 7987 7992 7988
f 7923 7993 7924
f 7993 7994 7924
f 7924 7994 7990
f 7994 7995 7990
f 7990 7995 7991
f 1644 7996 7997
f 7996 7998 7997
f 7997 7998 7925
f 7998 7999 7925
f 7925 7999 7923
f 1644 7997 8000
f 7997 8001 8000
f 8000 8001 1629
f 1629 8001 8002
f 8001 8003 8002
f 8002 8003 8004
f 7935 8005 7936
f 8005 8006 7936
f 7936 8006 8003
f 8006 8007 8003
f 8003 8007 8004
f 8008 8009 7960
f 8009 8010 7960
f 7960 8010 5981
f 7927 8008 7963
f 8008 7960 7963
f 7963 7960 7967
f 7960 7959 7967
f 7967 7959 7969
f 7959 7958 7969
f 7969 7958 7972
f 7958 7957 7972
f 7972 7957 7979
f 7957 7956 7979
f 7979 7956 7981
f 7956 7955 7981
f 7981 7955 7984
f 7955 7953 7984
f 7984 7953 7987
f 7953 7950 7987
f 7987 7950 7990
f 7950 7948 7990
f 7990 7948 7924
f 7948 7949 7924
f 7924 7949 7925
f 7949 8011 7925
f 7925 8011 7997
f 8011 8012 7997
f 7997 8012 8001
f 8012 8013 8001
f 8001 8013 8003
f 8013 8014 8003
f 8003 8014 7936
f 8014 7934 7936
f 7936 7934 7937
f 7934 7933 7937
f 5864 5868 7949
f 5868 5867 7949
f 7949 5867 8011
f 5867 7947 8011
f 8011 7947 8012
f 7947 7944 8012
f 8012 7944 8013
f 7944 7943 8013
f 8013 7943 8014
f 7943 7942 8014
f 8014 7942 7934
f 7942 7931 7934
f 7934 7931 7941
f 7931 7930 7941
f 1528 1527 8015
f 872 873 8016
f 6262 6263 8017
f 8010 8009 8018
f 1580 8019 8020
f 7249 1518 1517
f 1519 7247 1517
f 7247 7246 1517
f 1517 7246 7249
f 1519 1522 8021
f 1777 7083 8022
f 7083 7084 8022
f 7084 7088 8022
f 8022 7088 7086
f 7085 7092 8021
f 7092 7090 8021
f 8021 7090 7089
f 7089 7094 8021
f 7094 7093 8021
f 8021 7093 7096
f 7096 7218 8021
f 7218 7279 8021
f 8021 7279 1519
f 7279 7278 1519
f 1519 7278 7247
f 8023 1779 8024
f 1779 1783 8024
f 1783 8025 8024
f 8024 8025 8022
f 8025 1778 8022
f 8022 1778 1777
f 8026 7059 1808
f 1808 1807 8026
f 1807 1805 8026
f 8026 1805 1803
f 1802 1810 8027
f 1810 1809 8027
f 8027 1809 8028
f 1809 8029 8028
f 8028 8029 8030
f 8031 1813 8028
f 1813 1812 8028
f 8028 1812 1788
f 1578 7060 1579
f 7060 7059 1579
f 1579 7059 8032
f 7059 8026 8032
f 8032 8026 8033
f 8034 8035 8026
f 8035 8036 8026
f 8026 8036 8033
f 8037 8038 8034
f 8038 8039 8034
f 8039 8040 8034
f 8040 8041 8034
f 8034 8041 8035
f 8042 8043 8037
f 8043 8044 8037
f 8037 8044 8038
f 8045 8046 8042
f 8046 8047 8042
f 8042 8047 8043
f 8020 8019 8042
f 8019 8048 8042
f 8042 8048 8045
f 1580 8020 1581
f 8020 8049 1581
f 1581 8049 8050
f 8051 8052 8053
f 8052 8054 8053
f 8053 8054 8049
f 8054 8055 8049
f 8049 8055 8050
f 7961 8056 8053
f 8056 8057 8053
f 8057 8058 8053
f 8053 8058 8051
f 8008 7927 8053
f 7927 7926 8053
f 8053 7926 7961
f 6257 6256 8018
f 6256 6203 8018
f 8018 6203 8010
f 6203 6202 8010
f 8010 6202 5981
f 8059 6254 6252
f 8059 6252 8018
f 6252 6251 8018
f 8018 6251 6257
f 6263 6195 8017
f 6195 6194 8017
f 8017 6194 8059
f 6194 6255 8059
f 8059 6255 6254
f 8060 6273 6272
f 8060 6272 8017
f 6272 8061 8017
f 8017 8061 6262
f 6276 6269 8062
f 6269 6268 8062
f 8062 6268 8060
f 6268 6274 8060
f 8060 6274 6273
f 6153 8063 8064
f 8063 8027 8064
f 8064 8027 6145
f 6153 8065 8063
f 8065 6278 8063
f 8063 6278 8062
f 6278 6277 8062
f 8062 6277 6276
f 6191 8028 6186
f 8028 8066 6186
f 6191 6190 8028
f 6190 6189 8028
f 8028 6189 8027
f 6189 6188 8027
f 8027 6188 6145
f 6122 6128 8066
f 6128 8067 8066
f 8066 8067 6186
f 6123 6122 8024
f 6122 8066 8024
f 8024 8066 8023
f 8066 8028 8023
f 8023 8028 1787
f 8028 1788 1787
f 6124 8068 6120
f 8068 5496 6120
f 6096 6095 8069
f 6095 5465 8069
f 5465 6426 8069
f 6426 6434 8069
f 8069 6434 6433
f 6433 6432 8069
f 6432 6431 8069
f 8069 6431 8068
f 6431 6430 8068
f 8068 6430 5496
f 6101 6100 8070
f 6100 6099 8070
f 8070 6099 8069
f 6099 6097 8069
f 8069 6097 6096
f 6101 8070 6086
f 8070 8071 6086
f 6086 8071 6087
f 873 868 8016
f 868 867 8016
f 8016 867 8071
f 867 6043 8071
f 8071 6043 6087
f 8072 8073 8016
f 8073 8074 8016
f 872 8016 8075
f 8016 8074 8075
f 8075 8074 558
f 8076 8077 8078
f 8077 8079 8078
f 8080 1523 1511
f 1445 8081 1511
f 8081 8082 1511
f 1511 8082 8080
f 8082 8083 8080
f 8080 8083 8084
f 1523 8080 1524
f 8080 8085 1524
f 1524 8085 1525
f 8015 1527 8085
f 1527 1526 8085
f 8085 1526 1525
f 8086 8087 8015
f 8087 1513 8015
f 8015 1513 1528
f 1522 1508 8021
f 1508 1507 8021
f 8021 1507 8086
f 1507 1512 8086
f 8086 1512 8087
f 8084 8076 8080
f 8076 8078 8080
f 8080 8078 8085
f 8078 8088 8085
f 8085 8088 8015
f 8088 8089 8015
f 8015 8089 8086
f 8089 8090 8086
f 8086 8090 8021
f 8090 8022 8021
f 8021 8022 7085
f 8022 7086 7085
f 8009 8008 8018
f 8008 8053 8018
f 8018 8053 8059
f 8053 8049 8059
f 8059 8049 8017
f 8049 8020 8017
f 8017 8020 8060
f 8020 8042 8060
f 8060 8042 8062
f 8042 8037 8062
f 8062 8037 8063
f 8037 8034 8063
f 8063 8034 8027
f 8034 8026 8027
f 8027 8026 1802
f 8026 1803 1802
f 8079 8072 8078
f 8072 8016 8078
f 8078 8016 8088
f 8016 8071 8088
f 8088 8071 8089
f 8071 8070 8089
f 8089 8070 8090
f 8070 8069 8090
f 8090 8069 8022
f 8069 8068 8022
f 8022 8068 8024
f 8068 6124 8024
f 8024 6124 6123
f 1467 1476 8091
f 1396 1395 8092
f 1408 1407 8093
f 1419 1414 8094
f 7933 7932 8095
f 341 340 8096
f 558 8074 343
f 8074 344 343
f 341 8096 366
f 8096 8097 366
f 366 8097 559
f 564 562 8098
f 562 561 8098
f 8098 561 8097
f 561 560 8097
f 8097 560 559
f 8099 570 569
f 569 568 8099
f 568 567 8099
f 8099 567 8100
f 567 566 8100
f 8100 566 8098
f 566 565 8098
f 8098 565 564
f 572 571 8101
f 571 386 8101
f 8101 386 8099
f 386 385 8099
f 8099 385 570
f 572 8101 724
f 8101 8102 724
f 724 8102 573
f 8103 576 8102
f 576 574 8102
f 8102 574 573
f 583 582 8104
f 582 578 8104
f 8104 578 8103
f 578 577 8103
f 8103 577 576
f 583 8104 584
f 8104 8105 584
f 584 8105 585
f 586 590 8106
f 590 589 8106
f 8106 589 8105
f 589 588 8105
f 8105 588 585
f 597 591 8107
f 591 593 8107
f 8107 593 8108
f 593 594 8108
f 8108 594 8106
f 594 587 8106
f 8106 587 586
f 601 600 8109
f 600 599 8109
f 8109 599 8107
f 599 598 8107
f 8107 598 597
f 601 8109 602
f 8109 8110 602
f 602 8110 603
f 8111 606 8110
f 606 605 8110
f 8110 605 603
f 610 609 8112
f 609 608 8112
f 8112 608 8111
f 608 607 8111
f 8111 607 606
f 610 8112 611
f 8112 8113 611
f 611 8113 612
f 8114 614 8113
f 614 613 8113
f 8113 613 612
f 615 619 8115
f 619 618 8115
f 8115 618 8114
f 618 617 8114
f 8114 617 614
f 615 8115 620
f 8115 8116 620
f 620 8116 621
f 8117 623 8116
f 623 622 8116
f 8116 622 621
f 626 625 8117
f 625 624 8117
f 8117 624 623
f 626 8117 628
f 8117 8118 628
f 628 8118 629
f 8118 8119 629
f 629 8119 630
f 633 632 8119
f 632 631 8119
f 8119 631 630
f 638 637 8120
f 637 636 8120
f 8120 636 8121
f 636 635 8121
f 8121 635 8119
f 635 634 8119
f 8119 634 633
f 638 8120 639
f 8120 8122 639
f 639 8122 640
f 645 646 8123
f 646 642 8123
f 8123 642 8122
f 642 641 8122
f 8122 641 640
f 645 8123 8124
f 8123 8125 8124
f 8124 8125 8126
f 8127 649 8128
f 649 8129 8128
f 8128 8129 8125
f 8129 8130 8125
f 8125 8130 8126
f 8131 8132 8133
f 8131 8133 8128
f 8133 8134 8128
f 8128 8134 8127
f 655 8132 7929
f 8132 8131 7929
f 7929 8131 7930
f 8131 7941 7930
f 7933 8095 7937
f 1494 1493 7940
f 1429 8135 1427
f 8135 8136 1427
f 1427 8136 1431
f 7940 7939 1494
f 7939 7938 1494
f 1494 7938 8137
f 7938 8135 8137
f 8137 8135 1497
f 8135 1429 1497
f 8138 1422 8139
f 1422 1424 8139
f 1424 1426 8139
f 1426 1433 8139
f 8139 1433 8136
f 1433 1432 8136
f 8136 1432 1431
f 1418 1437 8140
f 1437 1435 8140
f 8140 1435 8138
f 1435 1434 8138
f 8138 1434 1422
f 8094 1414 8140
f 1414 1416 8140
f 8140 1416 1418
f 1412 8141 8142
f 8141 8143 8142
f 8142 8143 1439
f 1412 1411 8141
f 1411 1421 8141
f 8141 1421 8094
f 1421 1420 8094
f 8094 1420 1419
f 1402 8144 8145
f 8144 8146 8145
f 8145 8146 1405
f 1402 1400 8144
f 1400 1399 8144
f 8144 1399 8143
f 1399 1440 8143
f 8143 1440 1439
f 8093 1407 8147
f 1407 1340 8147
f 1340 8148 8147
f 8147 8148 8146
f 8148 1406 8146
f 8146 1406 1405
f 8092 1395 8149
f 1395 1394 8149
f 1394 1393 8149
f 8149 1393 8093
f 1393 1409 8093
f 8093 1409 1408
f 1501 1499 8150
f 1499 1498 8150
f 8150 1498 8151
f 1498 1390 8151
f 8151 1390 8092
f 1390 1397 8092
f 8092 1397 1396
f 1501 8150 1329
f 8150 8152 1329
f 1329 8152 1330
f 1482 1481 8153
f 1481 1480 8153
f 8153 1480 8152
f 1480 1477 8152
f 8152 1477 1330
f 1482 8153 1336
f 8153 8154 1336
f 1336 8154 1337
f 1486 1485 8155
f 1485 1484 8155
f 8155 1484 8154
f 1484 1483 8154
f 8154 1483 1337
f 1486 8155 1333
f 8155 8156 1333
f 1333 8156 1334
f 1476 1475 8091
f 1475 1474 8091
f 8091 1474 8156
f 1474 8157 8156
f 8156 8157 1334
f 1467 8091 1468
f 8091 8158 1468
f 1468 8158 1470
f 1489 8159 8160
f 8159 1487 8160
f 8160 1487 8158
f 1487 1471 8158
f 8158 1471 1470
f 1489 8160 1456
f 8160 8161 1456
f 1456 8161 1457
f 1461 1460 8162
f 1460 1459 8162
f 8162 1459 8161
f 1459 1458 8161
f 8161 1458 1457
f 1461 8162 1464
f 8162 8163 1464
f 1464 8163 1465
f 1465 8163 1466
f 8163 8164 1466
f 1466 8164 1462
f 1454 1453 8165
f 1453 1452 8165
f 8165 1452 8164
f 1452 1463 8164
f 8164 1463 1462
f 1454 8165 1455
f 8165 8166 1455
f 1455 8166 1450
f 8167 1442 8168
f 1442 1441 8168
f 8168 1441 8166
f 1441 1451 8166
f 8166 1451 1450
f 8076 8084 8168
f 8084 8083 8168
f 1445 8167 8081
f 8167 8168 8081
f 8081 8168 8082
f 8168 8083 8082
f 8072 8079 8169
f 8079 8077 8169
f 8073 8096 8074
f 8096 340 8074
f 8074 340 344
f 7932 7941 8095
f 7941 8131 8095
f 8095 8131 8170
f 8131 8128 8170
f 8170 8128 8171
f 8128 8125 8171
f 8171 8125 8172
f 8125 8123 8172
f 8172 8123 8173
f 8123 8122 8173
f 8173 8122 8174
f 8122 8120 8174
f 8174 8120 8175
f 8120 8121 8175
f 8175 8121 8176
f 8121 8119 8176
f 8176 8119 8177
f 8119 8118 8177
f 8177 8118 8178
f 8118 8117 8178
f 8178 8117 8179
f 8117 8116 8179
f 8179 8116 8180
f 8116 8115 8180
f 8180 8115 8181
f 8115 8114 8181
f 8181 8114 8182
f 8114 8113 8182
f 8182 8113 8183
f 8113 8112 8183
f 8183 8112 8184
f 8112 8111 8184
f 8184 8111 8185
f 8111 8110 8185
f 8185 8110 8186
f 8110 8109 8186
f 8186 8109 8187
f 8109 8107 8187
f 8187 8107 8188
f 8107 8108 8188
f 8188 8108 8189
f 8108 8106 8189
f 8189 8106 8190
f 8106 8105 8190
f 8190 8105 8191
f 8105 8104 8191
f 8191 8104 8192
f 8104 8103 8192
f 8192 8103 8193
f 8103 8102 8193
f 8193 8102 8194
f 8102 8101 8194
f 8194 8101 8195
f 8101 8099 8195
f 8195 8099 8196
f 8099 8100 8196
f 8196 8100 8197
f 8100 8098 8197
f 8197 8098 8198
f 8098 8097 8198
f 8198 8097 8169
f 8097 8096 8169
f 8169 8096 8072
f 8096 8073 8072
f 7938 7937 8135
f 7937 8095 8135
f 8135 8095 8136
f 8095 8170 8136
f 8136 8170 8139
f 8170 8171 8139
f 8139 8171 8138
f 8171 8172 8138
f 8138 8172 8140
f 8172 8173 8140
f 8140 8173 8094
f 8173 8174 8094
f 8094 8174 8141
f 8174 8175 8141
f 8141 8175 8143
f 8175 8176 8143
f 8143 8176 8144
f 8176 8177 8144
f 8144 8177 8146
f 8177 8178 8146
f 8146 8178 8147
f 8178 8179 8147
f 8147 8179 8093
f 8179 8180 8093
f 8093 8180 8149
f 8180 8181 8149
f 8149 8181 8092
f 8181 8182 8092
f 8092 8182 8151
f 8182 8183 8151
f 8151 8183 8150
f 8183 8184 8150
f 8150 8184 8152
f 8184 8185 8152
f 8152 8185 8153
f 8185 8186 8153
f 8153 8186 8154
f 8186 8187 8154
f 8154 8187 8155
f 8187 8188 8155
f 8155 8188 8156
f 8188 8189 8156
f 8156 8189 8091
f 8189 8190 8091
f 8091 8190 8158
f 8190 8191 8158
f 8158 8191 8160
f 8191 8192 8160
f 8160 8192 8161
f 8192 8193 8161
f 8161 8193 8162
f 8193 8194 8162
f 8162 8194 8163
f 8194 8195 8163
f 8163 8195 8164
f 8195 8196 8164
f 8164 8196 8165
f 8196 8197 8165
f 8165 8197 8166
f 8197 8198 8166
f 8166 8198 8168
f 8198 8169 8168
f 8168 8169 8076
f 8169 8077 8076
f 8199 8200 7249
f 8200 8201 7249
f 7249 8201 1518
f 8199 8202 8200
f 8202 8203 8200
f 8200 8203 1530
f 8203 8204 1530
f 1530 8204 8205
f 8204 8206 8207
f 8206 7060 8207
f 8207 7060 8208
f 7060 1578 8208
f 8209 1069 1068
f 1077 1530 1078
f 1530 8205 1078
f 1078 8205 1068
f 8205 1588 1068
f 1068 1588 8209
f 8210 4864 4866
f 8211 8212 8213
f 8214 8215 8216
f 8217 8214 8218
f 8219 8217 8220
f 8221 8219 8222
f 8223 8221 8224
f 4907 8223 8225
f 8214 8216 8218
f 8216 8226 8218
f 8218 8226 8227
f 8228 8229 8230
f 8226 8231 8227
f 8231 8232 8227
f 8227 8232 8230
f 8232 8233 8230
f 8230 8233 8228
f 8234 8235 8236
f 8235 8229 8236
f 8236 8229 8237
f 8229 8228 8237
f 8234 8238 8235
f 8238 8239 8235
f 8235 8239 8240
f 8241 8242 8243
f 8242 8244 8243
f 8239 8245 8240
f 8245 8246 8240
f 8240 8246 8244
f 8246 8247 8244
f 8244 8247 8243
f 8241 8248 8242
f 8248 8249 8242
f 8242 8249 8250
f 8249 8251 8250
f 8250 8251 8252
f 8251 8253 8252
f 8252 8253 8211
f 8219 8220 8222
f 8220 8254 8222
f 8222 8254 8255
f 8254 8256 8255
f 8255 8256 8257
f 8256 8258 8257
f 8257 8258 8259
f 8258 8260 8259
f 8259 8260 8261
f 8260 8262 8261
f 8261 8262 8263
f 8262 8264 8263
f 8263 8264 8265
f 8264 8266 8265
f 8265 8266 8267
f 8266 8268 8267
f 8267 8268 8269
f 8268 8270 8269
f 8269 8270 8271
f 8221 8222 8224
f 8222 8255 8224
f 8224 8255 8272
f 8255 8257 8272
f 8272 8257 8273
f 8257 8259 8273
f 8273 8259 8274
f 8259 8261 8274
f 8274 8261 8275
f 8261 8263 8275
f 8275 8263 8276
f 8263 8265 8276
f 8276 8265 8277
f 8265 8267 8277
f 8277 8267 8278
f 8267 8269 8278
f 8278 8269 8279
f 8269 8271 8279
f 8279 8271 8280
f 4907 8225 4908
f 8225 8281 4908
f 4908 8281 4910
f 8281 8282 4910
f 4910 8282 4912
f 8282 8283 4912
f 4912 8283 4914
f 8283 8284 4914
f 4914 8284 4915
f 8284 8285 4915
f 4915 8285 4880
f 8285 8286 4880
f 4880 8286 4878
f 8286 8287 4878
f 4878 8287 4870
f 8287 8288 4870
f 4870 8288 4868
f 8288 8289 4868
f 4868 8289 4866
f 8289 8290 4866
f 4866 8290 8210
f 8211 8213 8252
f 8213 8291 8252
f 8252 8291 8292
f 8217 8218 8220
f 8218 8227 8220
f 8220 8227 8254
f 8227 8230 8254
f 8254 8230 8256
f 8230 8229 8256
f 8256 8229 8258
f 8229 8235 8258
f 8258 8235 8260
f 8235 8240 8260
f 8260 8240 8262
f 8240 8244 8262
f 8262 8244 8264
f 8244 8242 8264
f 8264 8242 8266
f 8242 8250 8266
f 8266 8250 8268
f 8250 8252 8268
f 8268 8252 8270
f 8252 8292 8270
f 8270 8292 8271
f 8292 8293 8271
f 8271 8293 8280
f 8293 8294 8280
f 8280 8294 8295
f 8223 8224 8225
f 8224 8272 8225
f 8225 8272 8281
f 8272 8273 8281
f 8281 8273 8282
f 8273 8274 8282
f 8282 8274 8283
f 8274 8275 8283
f 8283 8275 8284
f 8275 8276 8284
f 8284 8276 8285
f 8276 8277 8285
f 8285 8277 8286
f 8277 8278 8286
f 8286 8278 8287
f 8278 8279 8287
f 8287 8279 8288
f 8279 8280 8288
f 8288 8280 8289
f 8280 8295 8289
f 8289 8295 8290
f 8296 8297 8298
f 8299 8300 8301
f 8302 8303 8304
f 8303 8305 8304
f 8298 8297 8306
f 8297 4871 8306
f 8306 4871 4873
f 8298 8307 8296
f 8307 8308 8296
f 8296 8308 8309
f 8308 8310 8309
f 8309 8310 8311
f 8310 8312 8311
f 8311 8312 8303
f 8312 8313 8303
f 8303 8313 8305
f 4861 4871 8314
f 4871 8297 8314
f 8314 8297 8315
f 8297 8296 8315
f 8315 8296 8316
f 8296 8309 8316
f 8316 8309 8317
f 8309 8311 8317
f 8317 8311 8301
f 8311 8303 8301
f 8301 8303 8299
f 8303 8302 8299
f 4907 4861 8223
f 4861 8314 8223
f 8223 8314 8221
f 8314 8315 8221
f 8221 8315 8219
f 8315 8316 8219
f 8219 8316 8217
f 8316 8317 8217
f 8217 8317 8214
f 8317 8301 8214
f 8214 8301 8215
f 8301 8318 8215
f 8319 8320 4833
f 8320 4847 4833
f 8321 8322 8323
f 8323 8324 8321
f 8324 8325 8321
f 8321 8325 8319
f 8325 8326 8319
f 8319 8326 8320
f 8327 8328 8329
f 8329 8330 8327
f 8330 8331 8327
f 8327 8331 8322
f 8331 8332 8322
f 8322 8332 8323
f 8333 8329 8334
f 8329 8328 8334
f 8334 8328 8335
f 8328 8336 8335
f 8337 8338 8339
f 8340 8341 8342
f 8341 8340 8343
f 8344 8345 8346
f 8345 8347 8346
f 8348 8344 8213
f 8344 8346 8213
f 8213 8346 8291
f 8346 8349 8291
f 8291 8349 8292
f 4839 4864 8350
f 4864 8210 8350
f 8350 8210 8351
f 8210 8290 8351
f 8290 8295 8351
f 8351 8295 8352
f 8295 8353 8352
f 8352 8353 8349
f 8353 8354 8349
f 8349 8354 8292
f 8347 8343 8346
f 8343 8340 8346
f 8346 8340 8349
f 8340 8355 8349
f 8349 8355 8352
f 8355 8356 8352
f 8352 8356 8351
f 8356 8357 8351
f 8351 8357 8350
f 8357 8358 8350
f 8350 8358 4839
f 8358 4840 4839
f 8359 8337 8340
f 8337 8339 8340
f 8340 8339 8355
f 8339 8360 8355
f 8355 8360 8356
f 8360 8361 8356
f 8356 8361 8357
f 8361 8362 8357
f 8357 8362 8358
f 8362 8363 8358
f 8358 8363 4840
f 8363 4831 4840
f 8338 8336 8339
f 8336 8328 8339
f 8339 8328 8360
f 8328 8327 8360
f 8360 8327 8361
f 8327 8322 8361
f 8361 8322 8362
f 8322 8321 8362
f 8362 8321 8363
f 8321 8319 8363
f 8363 8319 4831
f 8319 4833 4831
f 8310 8308 8364
f 8298 8306 8365
f 4924 8366 8367
f 8368 8369 8370
f 8369 8371 8370
f 8370 8371 8372
f 8372 8371 8373
f 8371 8374 8373
f 8373 8374 8375
f 8375 8374 8376
f 8374 8377 8376
f 8376 8377 8378
f 8378 8377 8379
f 8377 8380 8379
f 8379 8380 8381
f 8381 8380 8382
f 8380 8383 8382
f 8382 8383 8384
f 8384 8383 8385
f 8383 8386 8385
f 8385 8386 8387
f 8387 8386 8388
f 8386 8389 8388
f 8388 8389 8390
f 8389 8391 8390
f 8390 8391 8392
f 8393 8394 8395
f 8396 8397 8398
f 8397 8396 8399
f 8400 8401 8402
f 4924 8367 4922
f 8367 8403 4922
f 4922 8403 4821
f 8403 8404 4821
f 4821 8404 4819
f 8404 8405 4819
f 4819 8405 4827
f 8405 8406 4827
f 4827 8406 4825
f 8406 8407 4825
f 4825 8407 4823
f 8407 8408 4823
f 4823 8408 4836
f 8408 8365 4836
f 4836 8365 4834
f 8365 8306 4834
f 4834 8306 4873
f 8409 8307 8298
f 8307 8409 8410
f 8313 8312 8411
f 8312 8412 8411
f 8368 8304 8369
f 8304 8305 8369
f 8369 8305 8313
f 8313 8411 8369
f 8411 8413 8369
f 8369 8413 8371
f 8413 8414 8371
f 8371 8414 8374
f 8414 8415 8374
f 8374 8415 8377
f 8415 8416 8377
f 8377 8416 8380
f 8416 8417 8380
f 8380 8417 8383
f 8417 8418 8383
f 8383 8418 8386
f 8418 8419 8386
f 8386 8419 8389
f 8419 8395 8389
f 8389 8395 8391
f 8412 8420 8411
f 8420 8421 8411
f 8411 8421 8413
f 8421 8422 8413
f 8413 8422 8414
f 8422 8423 8414
f 8414 8423 8415
f 8423 8424 8415
f 8415 8424 8416
f 8424 8425 8416
f 8416 8425 8417
f 8425 8426 8417
f 8417 8426 8418
f 8426 8396 8418
f 8418 8396 8419
f 8396 8427 8419
f 8419 8427 8394
f 8410 8409 8420
f 8409 8428 8420
f 8420 8428 8421
f 8428 8429 8421
f 8421 8429 8422
f 8429 8430 8422
f 8422 8430 8423
f 8430 8431 8423
f 8423 8431 8424
f 8431 8432 8424
f 8424 8432 8425
f 8432 8433 8425
f 8425 8433 8426
f 8433 8402 8426
f 8426 8402 8396
f 8402 8401 8396
f 8396 8401 8399
f 8298 8365 8409
f 8365 8408 8409
f 8409 8408 8428
f 8408 8407 8428
f 8428 8407 8429
f 8407 8406 8429
f 8429 8406 8430
f 8406 8405 8430
f 8430 8405 8431
f 8405 8404 8431
f 8431 8404 8432
f 8404 8403 8432
f 8432 8403 8433
f 8403 8367 8433
f 8433 8367 8402
f 8367 8366 8402
f 8402 8366 8400
f 8434 8435 8436
f 8325 8324 8437
f 8329 8333 8438
f 8331 8330 8439
f 8331 8439 8332
f 8323 8332 8440
f 8320 8326 8441
f 8326 8325 8441
f 4854 4847 8320
f 8442 8443 8444
f 8443 8439 8444
f 8444 8439 8438
f 8439 8330 8438
f 8438 8330 8329
f 8442 8445 8443
f 8445 8446 8443
f 8443 8446 8447
f 8448 8449 8450
f 8449 8451 8450
f 8450 8451 8452
f 8451 8447 8452
f 8452 8447 8453
f 8447 8446 8453
f 8454 8455 8456
f 8455 8449 8456
f 8456 8449 8457
f 8449 8448 8457
f 8454 8458 8455
f 8458 8459 8455
f 8455 8459 8460
f 8461 8462 8463
f 8462 8464 8463
f 8463 8464 8465
f 8464 8460 8465
f 8465 8460 8466
f 8460 8459 8466
f 8461 8467 8462
f 8467 8468 8462
f 8462 8468 8469
f 8468 8470 8469
f 8470 8471 8469
f 8469 8471 8472
f 8471 8473 8472
f 8472 8473 8474
f 8473 8475 8474
f 8475 8476 8474
f 8476 8477 8474
f 8474 8477 8478
f 8479 8480 8481
f 8480 8478 8481
f 8481 8478 8482
f 8478 8477 8482
f 8479 8483 8480
f 8483 8484 8480
f 8480 8484 8485
f 8486 8487 8488
f 8484 8489 8485
f 8489 8490 8485
f 8485 8490 8491
f 8490 8492 8491
f 8491 8492 8486
f 8493 8494 8495
f 8494 8487 8495
f 8495 8487 8496
f 8487 8486 8496
f 8493 8497 8494
f 8497 8498 8494
f 8494 8498 8499
f 8500 8501 8502
f 8501 8503 8502
f 8502 8503 8504
f 8503 8499 8504
f 8504 8499 8505
f 8499 8498 8505
f 8500 8506 8501
f 8506 8507 8501
f 8501 8507 8508
f 8509 8510 8511
f 8510 8508 8511
f 8511 8508 8512
f 8508 8507 8512
f 8513 8514 8515
f 8514 8516 8515
f 8515 8516 8517
f 8516 8510 8517
f 8517 8510 8518
f 8510 8509 8518
f 8513 8519 8514
f 8519 8520 8514
f 8514 8520 8521
f 8520 8522 8521
f 8522 8523 8521
f 8521 8523 8436
f 8523 8524 8436
f 8436 8524 8434
f 8434 8525 8435
f 8525 8526 8435
f 8435 8526 8527
f 8528 8529 8530
f 8529 8527 8530
f 8530 8527 8531
f 8527 8526 8531
f 8528 8532 8529
f 8532 8533 8529
f 8529 8533 8534
f 8535 8536 8537
f 8533 8538 8534
f 8538 8539 8534
f 8534 8539 8537
f 8539 8540 8537
f 8537 8540 8535
f 8541 8542 8543
f 8542 8536 8543
f 8543 8536 8544
f 8536 8535 8544
f 8545 8546 8547
f 8546 8548 8547
f 8541 8549 8542
f 8549 8550 8542
f 8542 8550 8548
f 8550 8551 8548
f 8548 8551 8547
f 8325 8437 8441
f 8437 8552 8441
f 8441 8552 8553
f 8552 8554 8553
f 8553 8554 8555
f 8554 8556 8555
f 8555 8556 8557
f 8556 8558 8557
f 8557 8558 8559
f 8558 8560 8559
f 8559 8560 8561
f 8560 8562 8561
f 8561 8562 8563
f 8562 8564 8563
f 8563 8564 8565
f 8564 8566 8565
f 8565 8566 8567
f 8566 8568 8567
f 8567 8568 8569
f 8568 8570 8569
f 8569 8570 8571
f 8570 8572 8571
f 8571 8572 8573
f 8572 8574 8573
f 8573 8574 8575
f 8574 8576 8575
f 8575 8576 8577
f 8576 8578 8577
f 8577 8578 8579
f 8578 8580 8579
f 8579 8580 8581
f 8580 8582 8581
f 8581 8582 8583
f 8582 8584 8583
f 8583 8584 8585
f 8584 8586 8585
f 8585 8586 8587
f 8586 8588 8587
f 8587 8588 8589
f 8588 8590 8589
f 8589 8590 8591
f 8590 8592 8591
f 8591 8592 8593
f 8592 8594 8593
f 8593 8594 8595
f 8594 8596 8595
f 8595 8596 8597
f 8596 8598 8597
f 8597 8598 8599
f 8598 8600 8599
f 8599 8600 8601
f 8600 8602 8601
f 8601 8602 8603
f 8602 8604 8603
f 8603 8604 8605
f 8604 8606 8605
f 8605 8606 8607
f 8606 8608 8607
f 8607 8608 8609
f 8608 8610 8609
f 8609 8610 8611
f 8610 8612 8611
f 8611 8612 8613
f 8612 8614 8613
f 8613 8614 8615
f 8614 8616 8615
f 8615 8616 8617
f 8616 8618 8617
f 8617 8618 8619
f 8618 8620 8619
f 8619 8620 8621
f 8545 8392 8391
f 8545 8391 8546
f 8391 8395 8546
f 8546 8395 8394
f 8332 8439 8440
f 8439 8443 8440
f 8440 8443 8622
f 8443 8447 8622
f 8622 8447 8623
f 8447 8451 8623
f 8623 8451 8624
f 8451 8449 8624
f 8624 8449 8625
f 8449 8455 8625
f 8625 8455 8626
f 8455 8460 8626
f 8626 8460 8627
f 8460 8464 8627
f 8627 8464 8628
f 8464 8462 8628
f 8628 8462 8629
f 8462 8469 8629
f 8629 8469 8630
f 8469 8472 8630
f 8630 8472 8631
f 8472 8474 8631
f 8631 8474 8632
f 8474 8478 8632
f 8632 8478 8633
f 8478 8480 8633
f 8633 8480 8634
f 8480 8485 8634
f 8634 8485 8635
f 8485 8491 8635
f 8635 8491 8636
f 8491 8487 8636
f 8636 8487 8637
f 8487 8494 8637
f 8637 8494 8638
f 8494 8499 8638
f 8638 8499 8639
f 8499 8503 8639
f 8639 8503 8640
f 8503 8501 8640
f 8640 8501 8641
f 8501 8508 8641
f 8641 8508 8642
f 8508 8510 8642
f 8642 8510 8643
f 8510 8516 8643
f 8643 8516 8644
f 8516 8514 8644
f 8644 8514 8645
f 8514 8521 8645
f 8645 8521 8646
f 8521 8436 8646
f 8646 8436 8647
f 8436 8435 8647
f 8647 8435 8648
f 8435 8527 8648
f 8648 8527 8649
f 8527 8529 8649
f 8649 8529 8650
f 8529 8534 8650
f 8650 8534 8651
f 8534 8537 8651
f 8651 8537 8652
f 8537 8536 8652
f 8652 8536 8653
f 8536 8542 8653
f 8653 8542 8654
f 8542 8548 8654
f 8654 8548 8655
f 8548 8546 8655
f 8655 8546 8656
f 8546 8394 8656
f 8656 8394 8427
f 8323 8440 8657
f 8440 8622 8657
f 8657 8622 8658
f 8622 8623 8658
f 8658 8623 8659
f 8623 8624 8659
f 8659 8624 8660
f 8624 8625 8660
f 8660 8625 8661
f 8625 8626 8661
f 8661 8626 8662
f 8626 8627 8662
f 8662 8627 8663
f 8627 8628 8663
f 8663 8628 8664
f 8628 8629 8664
f 8664 8629 8665
f 8629 8630 8665
f 8665 8630 8666
f 8630 8631 8666
f 8666 8631 8667
f 8631 8632 8667
f 8667 8632 8668
f 8632 8633 8668
f 8668 8633 8669
f 8633 8634 8669
f 8669 8634 8670
f 8634 8635 8670
f 8670 8635 8671
f 8635 8636 8671
f 8671 8636 8672
f 8636 8637 8672
f 8672 8637 8673
f 8637 8638 8673
f 8673 8638 8674
f 8638 8639 8674
f 8674 8639 8675
f 8639 8640 8675
f 8675 8640 8676
f 8640 8641 8676
f 8676 8641 8677
f 8641 8642 8677
f 8677 8642 8678
f 8642 8643 8678
f 8678 8643 8679
f 8643 8644 8679
f 8679 8644 8680
f 8644 8645 8680
f 8680 8645 8681
f 8645 8646 8681
f 8681 8646 8682
f 8646 8647 8682
f 8682 8647 8683
f 8647 8648 8683
f 8683 8648 8684
f 8648 8649 8684
f 8684 8649 8685
f 8649 8650 8685
f 8685 8650 8686
f 8650 8651 8686
f 8686 8651 8687
f 8651 8652 8687
f 8687 8652 8688
f 8652 8653 8688
f 8688 8653 8689
f 8653 8654 8689
f 8689 8654 8690
f 8654 8655 8690
f 8690 8655 8691
f 8655 8656 8691
f 8691 8656 8692
f 8656 8693 8692
f 8692 8693 8397
f 8397 8620 8692
f 8620 8618 8692
f 8692 8618 8691
f 8618 8616 8691
f 8691 8616 8690
f 8616 8614 8690
f 8690 8614 8689
f 8614 8612 8689
f 8689 8612 8688
f 8612 8610 8688
f 8688 8610 8687
f 8610 8608 8687
f 8687 8608 8686
f 8608 8606 8686
f 8686 8606 8685
f 8606 8604 8685
f 8685 8604 8684
f 8604 8602 8684
f 8684 8602 8683
f 8602 8600 8683
f 8683 8600 8682
f 8600 8598 8682
f 8682 8598 8681
f 8598 8596 8681
f 8681 8596 8680
f 8596 8594 8680
f 8680 8594 8679
f 8594 8592 8679
f 8679 8592 8678
f 8592 8590 8678
f 8678 8590 8677
f 8590 8588 8677
f 8677 8588 8676
f 8588 8586 8676
f 8676 8586 8675
f 8586 8584 8675
f 8675 8584 8674
f 8584 8582 8674
f 8674 8582 8673
f 8582 8580 8673
f 8673 8580 8672
f 8580 8578 8672
f 8672 8578 8671
f 8578 8576 8671
f 8671 8576 8670
f 8576 8574 8670
f 8670 8574 8669
f 8574 8572 8669
f 8669 8572 8668
f 8572 8570 8668
f 8668 8570 8667
f 8570 8568 8667
f 8667 8568 8666
f 8568 8566 8666
f 8666 8566 8665
f 8566 8564 8665
f 8665 8564 8664
f 8564 8562 8664
f 8664 8562 8663
f 8562 8560 8663
f 8663 8560 8662
f 8560 8558 8662
f 8662 8558 8661
f 8558 8556 8661
f 8661 8556 8660
f 8556 8554 8660
f 8660 8554 8659
f 8554 8552 8659
f 8659 8552 8658
f 8552 8437 8658
f 8658 8437 8657
f 8437 8324 8657
f 8657 8324 8323
f 8397 8399 8620
f 8399 8401 8620
f 8620 8401 8621
f 8401 8400 8621
f 8621 8400 8366
f 8320 8441 4854
f 8441 8553 4854
f 4854 8553 4856
f 8553 8555 4856
f 4856 8555 4916
f 8555 8557 4916
f 4916 8557 4917
f 8557 8559 4917
f 4917 8559 4886
f 8559 8561 4886
f 4886 8561 4884
f 8561 8563 4884
f 4884 8563 4887
f 8563 8565 4887
f 4887 8565 4888
f 8565 8567 4888
f 4888 8567 4890
f 8567 8569 4890
f 4890 8569 4892
f 8569 8571 4892
f 4892 8571 4906
f 8571 8573 4906
f 4906 8573 4905
f 8573 8575 4905
f 4905 8575 4903
f 8575 8577 4903
f 4903 8577 4901
f 8577 8579 4901
f 4901 8579 4899
f 8579 8581 4899
f 4899 8581 4897
f 8581 8583 4897
f 4897 8583 4858
f 8583 8585 4858
f 4858 8585 4852
f 8585 8587 4852
f 4852 8587 4959
f 8587 8589 4959
f 4959 8589 4958
f 8589 8591 4958
f 4958 8591 4956
f 8591 8593 4956
f 4956 8593 4954
f 8593 8595 4954
f 4954 8595 4952
f 8595 8597 4952
f 4952 8597 4950
f 8597 8599 4950
f 4950 8599 4948
f 8599 8601 4948
f 4948 8601 4946
f 8601 8603 4946
f 4946 8603 4944
f 8603 8605 4944
f 4944 8605 4942
f 8605 8607 4942
f 4942 8607 4940
f 8607 8609 4940
f 4940 8609 4938
f 8609 8611 4938
f 4938 8611 4936
f 8611 8613 4936
f 4936 8613 4934
f 8613 8615 4934
f 4934 8615 4932
f 8615 8617 4932
f 4932 8617 4930
f 8617 8619 4930
f 4930 8619 4928
f 8619 8621 4928
f 4928 8621 4926
f 8621 8366 4926
f 4926 8366 4924
f 8694 8695 8696
f 8697 8698 8699
f 8700 8701 8702
f 8703 8704 8705
f 8704 8706 8705
f 8705 8706 8707
f 8706 8708 8707
f 8707 8708 987
f 8709 8710 8711
f 8707 8712 8705
f 8712 995 8705
f 8705 995 8710
f 995 993 8710
f 8710 993 8711
f 8702 8701 8709
f 8701 8713 8709
f 8709 8713 8710
f 8713 8714 8710
f 8710 8714 8705
f 8714 8715 8705
f 8705 8715 8703
f 8716 8717 8718
f 8717 8700 8718
f 8702 8719 8720
f 8700 8702 8718
f 8702 8720 8718
f 8718 8720 1006
f 1006 8721 8718
f 8721 1003 8718
f 8718 1003 8716
f 1003 1008 8716
f 8716 1008 8722
f 8723 8724 8725
f 8711 997 8709
f 997 8726 8709
f 8709 8726 8702
f 8726 1000 8702
f 8702 1000 8719
f 1020 1019 8727
f 1019 8728 8727
f 8727 8728 8729
f 8730 1021 8731
f 8728 1016 8729
f 1016 8732 8729
f 8729 8732 8730
f 8732 1014 8730
f 8730 1014 1021
f 1029 8733 8734
f 8733 8698 8734
f 1029 8735 8733
f 8735 1027 8733
f 8733 1027 8736
f 1024 8737 8697
f 8737 1022 8697
f 8697 1022 8698
f 1022 1026 8698
f 8698 1026 8734
f 8699 8698 8738
f 8698 8733 8738
f 8738 8733 8739
f 8733 8736 8739
f 8739 8736 8740
f 8736 8741 8740
f 8740 8741 8742
f 4875 4874 8743
f 4874 4872 8743
f 8743 4872 8744
f 4835 8745 4837
f 8745 8746 4837
f 8695 4826 8696
f 4826 4824 8696
f 8696 4824 8746
f 4824 4838 8746
f 8746 4838 4837
f 4835 4875 8745
f 4875 8743 8745
f 8745 8743 8747
f 4876 8748 4877
f 8748 8749 4877
f 8750 8751 8715
f 8751 8752 8715
f 8752 8753 8715
f 8715 8753 8703
f 4872 4860 8744
f 4860 4859 8744
f 8744 4859 8754
f 4859 4909 8754
f 8754 4909 8755
f 4909 4911 8755
f 8755 4911 8756
f 4911 4913 8756
f 8756 4913 8757
f 4913 4881 8757
f 8757 4881 8749
f 4881 4879 8749
f 8749 4879 4877
f 1032 8758 8741
f 1027 1031 8736
f 1031 8759 8736
f 8736 8759 8741
f 8759 1033 8741
f 8741 1033 1032
f 8742 8741 8760
f 8741 8758 8760
f 8760 8758 930
f 8722 1011 8725
f 1011 8761 8725
f 8730 8762 8729
f 8762 8723 8729
f 8729 8723 8727
f 8723 8725 8727
f 8727 8725 1020
f 8725 8761 1020
f 8763 8764 8740
f 8764 8765 8740
f 8740 8765 8766
f 8766 8694 8740
f 8694 8696 8740
f 8740 8696 8739
f 8696 8746 8739
f 8739 8746 8738
f 8746 8745 8738
f 8738 8745 8699
f 8745 8747 8699
f 8699 8747 8697
f 8754 8724 8744
f 8724 8723 8744
f 8744 8723 8743
f 8723 8762 8743
f 8743 8762 8747
f 8762 8730 8747
f 8747 8730 8697
f 8730 8731 8697
f 8697 8731 1024
f 8722 8725 8716
f 8725 8724 8716
f 8716 8724 8717
f 8724 8754 8717
f 8717 8754 8700
f 8754 8755 8700
f 8700 8755 8701
f 8755 8756 8701
f 8701 8756 8713
f 8756 8757 8713
f 8713 8757 8714
f 8757 8749 8714
f 8714 8749 8715
f 8749 8748 8715
f 8715 8748 8750
f 8748 4876 8750
f 8750 4876 4869
f 8766 8765 8767
f 8695 8694 8768
f 8769 8770 8771
f 8772 1143 8773
f 8774 8775 8776
f 8777 1257 8778
f 8779 8780 8781
f 8782 1238 8783
f 8784 1296 8785
f 8786 1270 8787
f 8788 1313 8789
f 1116 8790 8791
f 8790 1116 1121
f 1116 8792 1121
f 1121 8792 8793
f 8792 1119 8793
f 8793 1119 1118
f 930 1327 8760
f 1327 8794 8760
f 8760 8794 8742
f 1320 8795 8794
f 8795 8796 8794
f 8794 8796 8742
f 1300 8797 8798
f 8797 8789 8798
f 8798 8789 1315
f 8789 1313 1315
f 1320 1322 8795
f 1322 8799 8795
f 8795 8799 8789
f 8799 1309 8789
f 8789 1309 8788
f 1285 8800 8801
f 8800 8785 8801
f 8801 8785 1297
f 8785 1296 1297
f 1276 8802 8803
f 8802 8787 8803
f 8803 8787 1272
f 8787 1270 1272
f 1285 1287 8800
f 1287 8804 8800
f 8800 8804 8787
f 8804 1291 8787
f 8787 1291 8786
f 1300 1302 8797
f 1302 8805 8797
f 8797 8805 8785
f 8805 1306 8785
f 8785 1306 8784
f 1263 8806 8807
f 8806 8778 8807
f 8807 8778 1259
f 8778 1257 1259
f 1238 1240 8783
f 1240 8808 8783
f 8783 8808 8809
f 1263 1265 8806
f 1265 8810 8806
f 8806 8810 8783
f 8810 1248 8783
f 8783 1248 8782
f 8811 1232 8812
f 8812 1229 8811
f 1229 8813 8811
f 8811 8813 8814
f 8813 1227 8814
f 8814 1227 1222
f 8779 8815 8816
f 8817 1201 1200
f 1201 8817 1203
f 8818 1212 8819
f 1212 8820 8819
f 8819 8820 8821
f 8820 1209 8821
f 1209 1207 8821
f 8821 1207 8817
f 1207 8822 8817
f 8817 8822 1203
f 1222 1221 8814
f 1221 8823 8814
f 8814 8823 8819
f 8823 1217 8819
f 8819 1217 8818
f 8808 1244 8809
f 1244 8824 8809
f 8809 8824 8811
f 8824 1234 8811
f 8811 1234 1232
f 8781 8825 8826
f 1276 1278 8802
f 1278 8827 8802
f 8802 8827 8778
f 8827 1253 8778
f 8778 1253 8777
f 1191 8828 8829
f 8828 8816 8829
f 8829 8816 1195
f 8830 1178 8831
f 8831 1182 8832
f 8830 8831 8833
f 8831 8832 8833
f 8833 8832 1154
f 1191 1189 8828
f 1189 8834 8828
f 8828 8834 8830
f 8834 1185 8830
f 8830 1185 1178
f 8835 1171 8836
f 1163 8837 8836
f 8837 8838 8836
f 8836 8838 8835
f 8839 1101 1102
f 8837 8840 8838
f 8840 1158 8838
f 8838 1158 1101
f 1102 8841 8839
f 8841 1104 8839
f 8839 1104 1101
f 1104 8842 1101
f 1101 8842 8838
f 8780 8779 8843
f 8779 8816 8843
f 8843 8816 8844
f 8816 8828 8844
f 8844 8828 8845
f 8828 8830 8845
f 8845 8830 8846
f 8830 8833 8846
f 8846 8833 8847
f 8833 8835 8847
f 8847 8835 8848
f 8835 8838 8848
f 8848 8838 8849
f 8838 8842 8849
f 8849 8842 8850
f 8842 8851 8850
f 8850 8851 8776
f 1154 1164 8833
f 1164 8852 8833
f 8833 8852 8835
f 8852 1169 8835
f 8835 1169 1171
f 8776 8775 8850
f 8775 8853 8850
f 8850 8853 8849
f 8853 8854 8849
f 8849 8854 8855
f 8854 8856 8855
f 8855 8856 8847
f 8856 8857 8847
f 8847 8857 8846
f 8857 8858 8846
f 8846 8858 8845
f 8858 8859 8845
f 8845 8859 8844
f 8859 8860 8844
f 8844 8860 8843
f 8860 8861 8843
f 8843 8861 8780
f 8862 8863 8773
f 8863 8864 8773
f 8773 8864 8865
f 8864 8866 8865
f 8865 8866 8867
f 8866 8868 8867
f 8867 8868 8869
f 8868 8870 8869
f 8869 8870 8871
f 8870 8872 8871
f 8871 8872 8873
f 8874 8791 8873
f 8874 8875 8876
f 8875 1115 8876
f 8876 1115 1116
f 8873 8791 8871
f 8791 8790 8871
f 8871 8790 8869
f 8790 8877 8869
f 8869 8877 8867
f 8772 8773 1140
f 1140 8773 8878
f 8773 8865 8878
f 8878 8865 1136
f 8879 1132 8880
f 1132 1134 8880
f 8880 1134 8881
f 8882 1129 8879
f 1123 8882 8877
f 1121 1128 8790
f 1128 8883 8790
f 8790 8883 8877
f 8883 1125 8877
f 8877 1125 1123
f 8882 8879 8877
f 8879 8880 8877
f 8877 8880 8867
f 8880 8881 8867
f 8867 8881 8865
f 8881 1138 8865
f 8865 1138 1136
f 1107 8884 8851
f 1104 1105 8842
f 1105 8885 8842
f 8842 8885 8851
f 8885 1108 8851
f 8851 1108 1107
f 8886 1113 8874
f 1113 1112 8874
f 8874 1112 8875
f 8872 8774 8873
f 8774 8776 8873
f 8873 8776 8874
f 8776 8851 8874
f 8874 8851 8886
f 8851 8884 8886
f 8886 8884 1110
f 8706 8704 8887
f 8888 8889 4896
f 8889 4898 4896
f 4898 8889 4900
f 8889 8890 4900
f 4900 8890 4902
f 8890 8891 4902
f 4902 8891 4904
f 4894 8892 4893
f 8892 8893 4893
f 4893 8893 4891
f 8893 8894 4891
f 4885 8895 8896
f 4885 4883 8895
f 4883 4882 8895
f 8895 4882 8894
f 4882 4889 8894
f 8894 4889 4891
f 8897 4918 8896
f 4918 4919 8896
f 8896 4919 4885
f 8898 4855 8897
f 4855 4857 8897
f 8897 4857 4918
f 4848 8899 4849
f 8899 8900 4849
f 4849 8900 4832
f 8900 8901 4832
f 4832 8901 4830
f 4848 4846 8899
f 4846 4845 8899
f 8899 4845 8898
f 4845 4853 8898
f 8898 4853 4855
f 4867 4865 8902
f 4865 4863 8902
f 8902 4863 8903
f 4863 4862 8903
f 4862 4841 8903
f 8903 4841 8904
f 4841 4844 8904
f 8904 4844 8770
f 4844 4843 8770
f 8770 4843 8771
f 4843 4842 8771
f 4842 4830 8771
f 4830 8901 8771
f 8771 8901 8769
f 8901 8900 8769
f 8769 8900 8905
f 8900 8899 8905
f 8905 8899 8906
f 8899 8898 8906
f 8906 8898 8907
f 8898 8897 8907
f 8907 8897 8908
f 8897 8896 8908
f 8908 8896 8909
f 8896 8895 8909
f 8909 8895 8910
f 8895 8894 8910
f 8910 8894 8911
f 8894 8893 8911
f 8911 8893 8912
f 8893 8892 8912
f 8912 8892 8913
f 8914 8915 4822
f 4822 4820 8914
f 4820 4829 8914
f 8914 4829 8768
f 4829 4828 8768
f 8768 4828 8695
f 4828 4826 8695
f 8916 8917 4925
f 8918 4931 8919
f 4931 4929 8919
f 8919 4929 8917
f 4929 4927 8917
f 8917 4927 4925
f 4925 4923 8916
f 4923 4921 8916
f 8916 4921 8915
f 4921 4920 8915
f 8915 4920 4822
f 8920 8921 4939
f 8922 4945 8923
f 4945 4943 8923
f 8923 4943 8921
f 4943 4941 8921
f 8921 4941 4939
f 8924 8925 4953
f 4953 4951 8924
f 4951 4949 8924
f 8924 4949 8922
f 4949 4947 8922
f 8922 4947 4945
f 4939 4937 8920
f 4937 4935 8920
f 8920 4935 8918
f 4935 4933 8918
f 8918 4933 4931
f 4894 4904 8892
f 4904 8891 8892
f 8892 8891 8913
f 8891 8890 8913
f 8913 8890 8926
f 8890 8889 8926
f 8926 8889 8927
f 8889 8888 8927
f 8927 8888 8928
f 4896 4895 8888
f 4895 4851 8888
f 8888 4851 8928
f 4851 4850 8928
f 8928 4850 8929
f 4850 4957 8929
f 8929 4957 8925
f 4957 4955 8925
f 8925 4955 4953
f 1147 8930 8862
f 1143 1145 8773
f 1145 8931 8773
f 8773 8931 8862
f 8931 1148 8862
f 8862 1148 1147
f 8781 8780 8825
f 8780 8861 8825
f 8825 8861 8932
f 8861 8860 8932
f 8932 8860 8933
f 8860 8859 8933
f 8933 8859 8934
f 8859 8858 8934
f 8934 8858 8935
f 8858 8857 8935
f 8935 8857 8936
f 8857 8856 8936
f 8936 8856 8937
f 8856 8854 8937
f 8937 8854 8938
f 8854 8853 8938
f 8938 8853 8939
f 8853 8775 8939
f 8939 8775 8940
f 8775 8774 8940
f 8940 8774 8941
f 8774 8872 8941
f 8941 8872 8942
f 8872 8870 8942
f 8942 8870 8943
f 8870 8868 8943
f 8943 8868 8944
f 8868 8866 8944
f 8944 8866 8945
f 8866 8864 8945
f 8945 8864 8887
f 8864 8863 8887
f 8887 8863 8706
f 8863 8862 8706
f 8706 8862 8708
f 8862 8930 8708
f 8708 8930 987
f 8765 8764 8767
f 8764 8795 8767
f 8767 8795 8946
f 8795 8789 8946
f 8946 8789 8947
f 8789 8797 8947
f 8947 8797 8948
f 8797 8785 8948
f 8948 8785 8949
f 8785 8950 8949
f 8949 8950 8951
f 8950 8787 8951
f 8951 8787 8952
f 8787 8802 8952
f 8952 8802 8953
f 8802 8778 8953
f 8953 8778 8954
f 8778 8806 8954
f 8954 8806 8955
f 8806 8783 8955
f 8955 8783 8956
f 8783 8809 8956
f 8956 8809 8957
f 8809 8811 8957
f 8957 8811 8958
f 8811 8814 8958
f 8958 8814 8959
f 8814 8819 8959
f 8959 8819 8826
f 8819 8821 8826
f 8826 8821 8781
f 8821 8817 8781
f 8781 8817 8779
f 8817 1200 8779
f 8779 1200 8815
f 1200 1198 8815
f 8815 1198 8816
f 1198 8960 8816
f 8816 8960 1195
f 8703 8753 8902
f 8753 8752 8902
f 8752 8751 8902
f 8902 8751 4867
f 8751 8750 4867
f 4867 8750 4869
f 8704 8703 8887
f 8703 8902 8887
f 8887 8902 8945
f 8902 8903 8945
f 8945 8903 8944
f 8903 8904 8944
f 8944 8904 8943
f 8904 8770 8943
f 8943 8770 8942
f 8770 8769 8942
f 8942 8769 8941
f 8769 8905 8941
f 8941 8905 8940
f 8905 8906 8940
f 8940 8906 8939
f 8906 8907 8939
f 8939 8907 8938
f 8907 8908 8938
f 8938 8908 8937
f 8908 8909 8937
f 8937 8909 8936
f 8909 8910 8936
f 8936 8910 8935
f 8910 8911 8935
f 8935 8911 8934
f 8911 8912 8934
f 8934 8912 8933
f 8912 8913 8933
f 8933 8913 8932
f 8913 8926 8932
f 8932 8926 8825
f 8926 8927 8825
f 8825 8927 8826
f 8927 8928 8826
f 8826 8928 8959
f 8928 8929 8959
f 8959 8929 8958
f 8929 8925 8958
f 8958 8925 8957
f 8925 8924 8957
f 8957 8924 8956
f 8924 8922 8956
f 8956 8922 8955
f 8922 8923 8955
f 8955 8923 8954
f 8923 8921 8954
f 8954 8921 8953
f 8921 8920 8953
f 8953 8920 8952
f 8920 8918 8952
f 8952 8918 8951
f 8918 8919 8951
f 8951 8919 8949
f 8919 8917 8949
f 8949 8917 8948
f 8917 8916 8948
f 8948 8916 8947
f 8916 8915 8947
f 8947 8915 8946
f 8915 8914 8946
f 8946 8914 8767
f 8914 8768 8767
f 8767 8768 8961
f 8768 8694 8961
f 8962 8963 8964
f 8965 8966 8967
f 8966 8962 8967
f 8967 8962 8968
f 8962 8964 8968
f 8969 8970 8971
f 8970 8972 8971
f 8971 8972 8973
f 8972 8974 8973
f 8973 8974 8975
f 8974 8976 8975
f 8977 8978 8979
f 8978 8980 8979
f 8979 8980 8981
f 8980 8982 8981
f 8981 8982 8969
f 8982 8970 8969
f 8983 8984 8985
f 8986 8987 8988
f 8987 8983 8988
f 8988 8983 8989
f 8983 8985 8989
f 8990 8991 8992
f 8991 8993 8992
f 8992 8993 8994
f 8990 8995 8991
f 8995 8996 8991
f 8991 8996 8997
f 8996 8998 8997
f 8997 8998 8999
f 8998 9000 8999
f 9001 9002 9000
f 9002 9003 9000
f 9000 9003 9004
f 9003 9005 9004
f 9004 9005 9006
f 9005 9007 9006
f 9006 9007 9008
f 9007 9009 9008
f 9008 9009 9010
f 9009 9011 9010
f 9011 9012 9010
f 9010 9012 9013
f 9012 9014 9013
f 9013 9014 9015
f 9014 9016 9015
f 9015 9016 9017
f 9016 2062 9017
f 9017 2062 9018
f 2062 9019 9018
f 9018 9019 9020
f 9019 9021 9020
f 9020 9021 9022
f 9021 9023 9022
f 9022 9023 9024
f 9023 9025 9024
f 9024 9025 9026
f 9027 9028 9029
f 9025 9030 9026
f 9030 9031 9026
f 9026 9031 9032
f 9031 9027 9032
f 9032 9027 9033
f 9027 9029 9033
f 8987 9034 9035
f 9034 9029 9035
f 9035 9029 9036
f 9029 9028 9036
f 9037 8992 8994
f 8994 9038 9037
f 9038 9039 9037
f 9037 9039 9040
f 9039 9041 9040
f 9040 9041 9042
f 9043 9044 9045
f 9044 9046 9045
f 9045 9046 9047
f 9046 9048 9047
f 9047 9048 9041
f 9048 9042 9041
f 8964 8963 9049
f 9050 9051 9052
f 9051 9053 9052
f 9052 9053 9054
f 8964 9049 9055
f 9049 9056 9055
f 9055 9056 9057
f 9056 9058 9057
f 9057 9058 9059
f 9058 9060 9059
f 9059 9060 9050
f 9060 9061 9050
f 9050 9061 9051
f 9053 9062 9063
f 9062 9064 9063
f 9063 9064 9065
f 9064 9066 9065
f 9065 9066 9067
f 9066 9068 9067
f 9067 9068 9069
f 9068 9070 9069
f 9069 9070 9071
f 9070 9072 9071
f 9072 9073 9071
f 9073 9074 9071
f 9071 9074 9075
f 9074 9076 9075
f 9075 9076 9077
f 9076 9078 9077
f 9077 9078 9079
f 9080 9081 9082
f 9081 9083 9082
f 9082 9083 9084
f 9083 9079 9084
f 9084 9079 9085
f 9079 9078 9085
f 9086 9087 9088
f 9087 9089 9088
f 9088 9089 9090
f 9091 9092 9093
f 9094 9095 9087
f 9095 9096 9087
f 9087 9096 9097
f 9096 9098 9097
f 9097 9098 9093
f 9098 9099 9093
f 9093 9099 9091
f 9091 9100 9092
f 9100 9044 9092
f 9092 9044 9043
f 9101 9102 9103
f 9102 9104 9103
f 9103 9104 9105
f 9103 9106 9101
f 9106 9107 9101
f 9101 9107 9108
f 9107 9109 9108
f 9108 9109 9110
f 9109 9111 9110
f 9110 9111 9112
f 9111 9113 9112
f 9114 9115 9116
f 9115 9117 9116
f 9116 9117 9118
f 9111 9119 9113
f 9119 9120 9113
f 9113 9120 9121
f 9120 9122 9121
f 9121 9122 9123
f 9122 9124 9123
f 9123 9124 9125
f 9124 9126 9125
f 9125 9126 9117
f 9126 9127 9117
f 9117 9127 9118
f 9116 9128 9114
f 9128 9129 9114
f 9114 9129 9130
f 9129 9131 9130
f 9130 9131 9132
f 9131 9133 9132
f 9132 9133 9134
f 9133 9135 9134
f 9134 9135 9136
f 9135 9137 9136
f 9138 9139 9140
f 9139 9141 9140
f 9140 9141 9142
f 9141 9136 9142
f 9142 9136 9143
f 9136 9137 9143
f 9140 9144 9138
f 9144 9145 9138
f 9138 9145 9146
f 9145 9147 9146
f 9146 9147 9148
f 9147 9149 9148
f 9148 9149 9150
f 9149 9151 9150
f 9150 9151 9152
f 9151 9153 9152
f 9153 9154 9152
f 9154 9155 9152
f 9152 9155 9156
f 9155 9157 9156
f 9156 9157 9158
f 9157 9159 9158
f 9158 9159 9160
f 9161 9162 9163
f 9162 9164 9163
f 9163 9164 9165
f 9159 9166 9160
f 9166 9167 9160
f 9160 9167 9168
f 9167 9169 9168
f 9168 9169 9170
f 9169 9171 9170
f 9170 9171 9172
f 9171 9173 9172
f 9172 9173 9161
f 9173 9174 9161
f 9161 9174 9162
f 9175 9176 9177
f 9176 9178 9177
f 9177 9178 9179
f 9164 9180 9165
f 9180 9181 9165
f 9165 9181 9182
f 9181 9183 9182
f 9182 9183 9184
f 9183 9185 9184
f 9184 9185 9186
f 9185 9187 9186
f 9186 9187 9188
f 9187 9189 9188
f 9188 9189 9175
f 9189 9190 9175
f 9175 9190 9176
f 9178 9191 9179
f 9191 9192 9179
f 9179 9192 9193
f 9192 9194 9193
f 9193 9194 9195
f 9194 9196 9195
f 9195 9196 9197
f 9196 9198 9197
f 9198 9199 9197
f 9197 9199 9200
f 9199 9201 9200
f 9200 9201 9202
f 9201 9203 9202
f 9202 9203 9204
f 9205 9206 9207
f 9206 9208 9207
f 9207 9208 9209
f 9203 9210 9204
f 9210 9211 9204
f 9204 9211 9212
f 9211 9213 9212
f 9212 9213 9214
f 9213 9215 9214
f 9214 9215 9216
f 9215 9217 9216
f 9216 9217 9205
f 9217 9218 9205
f 9205 9218 9206
f 9208 9219 9209
f 9219 9220 9209
f 9209 9220 9221
f 9220 9222 9221
f 9221 9222 9223
f 9222 9224 9223
f 9223 9224 9225
f 9224 9226 9225
f 9225 9226 9227
f 9226 9228 9227
f 9227 9228 9229
f 9228 9230 9229
f 9230 9231 9229
f 9229 9231 9232
f 9231 9233 9232
f 9232 9233 9234
f 9233 9235 9234
f 9235 9236 9234
f 9234 9236 9237
f 9236 9238 9237
f 9237 9238 9239
f 9238 9240 9239
f 9239 9240 9241
f 9240 9242 9241
f 9241 9242 9243
f 9242 9244 9243
f 9245 9246 9247
f 9246 9248 9247
f 9247 9248 9249
f 9248 9250 9249
f 9249 9250 9251
f 9250 9252 9251
f 9251 9252 9253
f 9254 9255 9256
f 9255 9257 9256
f 9256 9257 9258
f 9258 9257 9247
f 9257 9259 9247
f 9247 9259 9245
f 9260 9261 9262
f 9262 9263 9260
f 9263 9264 9260
f 9260 9264 9256
f 9264 9265 9256
f 9256 9265 9254
f 9266 9267 9268
f 9267 9269 9268
f 9268 9269 9270
f 9269 9271 9270
f 9271 9272 9270
f 9270 9272 9261
f 9272 9273 9261
f 9261 9273 9262
f 9274 9275 9276
f 9275 9277 9276
f 9276 9277 9268
f 9277 9278 9268
f 9268 9278 9266
f 9279 9280 9281
f 9280 9282 9281
f 9281 9282 9283
f 9279 9284 9280
f 9284 9285 9280
f 9280 9285 9274
f 9285 9286 9274
f 9274 9286 9275
f 9287 9288 9289
f 9288 9290 9289
f 9289 9290 9291
f 9290 9292 9291
f 9291 9292 9282
f 9292 9293 9282
f 9282 9293 9283
f 9103 9105 9294
f 9105 9295 9294
f 9294 9295 9289
f 9295 9296 9289
f 9289 9296 9287
f 9251 9297 9298
f 9299 9300 9298
f 9300 9301 9298
f 9298 9301 9251
f 9299 9302 9300
f 9302 9303 9300
f 9300 9303 9304
f 9303 9305 9304
f 9304 9305 9306
f 9305 9307 9306
f 9306 9307 9308
f 9309 9310 9311
f 9310 9312 9311
f 9311 9312 9308
f 9312 9313 9308
f 9308 9313 9306
f 9311 9314 9309
f 9314 9315 9309
f 9309 9315 9316
f 9315 9317 9316
f 9317 9318 9316
f 9316 9318 9319
f 9318 9320 9319
f 9319 9320 9321
f 9322 9323 9324
f 9320 9325 9321
f 9325 9322 9321
f 9321 9322 9326
f 9322 9324 9326
f 9323 9327 9324
f 9327 9328 9324
f 9324 9328 9329
f 9328 9330 9329
f 9329 9330 9331
f 9330 9332 9331
f 9333 9334 9335
f 9330 9336 9332
f 9336 9337 9332
f 9332 9337 9338
f 9337 9333 9338
f 9338 9333 9339
f 9333 9335 9339
f 9334 9340 9335
f 9340 9341 9335
f 9335 9341 9342
f 9341 9343 9342
f 9342 9343 9344
f 9343 9345 9344
f 9344 9345 9346
f 9345 9347 9346
f 9346 9347 9348
f 9347 9349 9348
f 9350 9351 9352
f 9351 9353 9352
f 9352 9353 9354
f 9353 9355 9354
f 9354 9355 9356
f 9355 9348 9356
f 9356 9348 9357
f 9348 9349 9357
f 9358 9359 9360
f 9361 9362 9351
f 9362 9363 9351
f 9351 9363 9364
f 9363 9365 9364
f 9364 9365 9366
f 9365 9367 9366
f 9360 9359 9368
f 9359 9369 9368
f 9368 9369 9370
f 9369 9371 9370
f 9370 9371 9244
f 9371 9372 9244
f 9244 9372 9243
f 9373 9374 9375
f 9373 9375 9376
f 9375 9377 9376
f 9377 9378 9376
f 9376 9378 9360
f 9378 9379 9360
f 9360 9379 9358
f 9367 9380 9366
f 9380 9381 9366
f 9366 9381 9382
f 9382 9381 9383
f 9381 9384 9383
f 9383 9384 9385
f 9384 9386 9385
f 9385 9386 9374
f 9386 9387 9374
f 9374 9387 9375

