# https://github.com/mikedh/trimesh
v -0.02730942 -0.07419844 0.03089063
v -0.02734640 -0.07419244 0.03080019
v -0.02698884 -0.07425035 0.03070313
v -0.02735902 -0.07419039 0.03070313
v -0.02734640 -0.07419244 0.03060607
v -0.02708465 -0.07423484 0.03106535
v -0.02717392 -0.07422037 0.03102789
v -0.02725059 -0.07420796 0.03096830
v -0.02680375 -0.07428032 0.03102789
v -0.02689303 -0.07426587 0.03106535
v -0.02698884 -0.07425035 0.03107813
v -0.02663127 -0.07430826 0.03080019
v -0.02666825 -0.07430227 0.03089063
v -0.02672708 -0.07429274 0.03096830
v -0.02666825 -0.07430227 0.03051563
v -0.02663127 -0.07430826 0.03060607
v -0.02661866 -0.07431031 0.03070313
v -0.02689303 -0.07426587 0.03034091
v -0.02680375 -0.07428032 0.03037837
v -0.02672708 -0.07429274 0.03043797
v -0.02717392 -0.07422037 0.03037837
v -0.02708465 -0.07423484 0.03034091
v -0.02698884 -0.07425035 0.03032813
v -0.02730942 -0.07419844 0.03051563
v -0.02725059 -0.07420796 0.03043797
v -0.02586098 -0.07443302 0.03226250
v -0.02582400 -0.07443901 0.03235294
v -0.02618157 -0.07438111 0.03245000
v -0.02581138 -0.07444107 0.03245000
v -0.02582400 -0.07443901 0.03254706
v -0.02608576 -0.07439662 0.03208777
v -0.02599647 -0.07441107 0.03212524
v -0.02591980 -0.07442350 0.03218484
v -0.02636665 -0.07435112 0.03212524
v -0.02627737 -0.07436558 0.03208777
v -0.02618157 -0.07438111 0.03207500
v -0.02653912 -0.07432318 0.03235294
v -0.02650214 -0.07432918 0.03226250
v -0.02644331 -0.07433871 0.03218484
v -0.02650214 -0.07432918 0.03263750
v -0.02653912 -0.07432318 0.03254706
v -0.02655175 -0.07432115 0.03245000
v -0.02627737 -0.07436558 0.03281222
v -0.02636665 -0.07435112 0.03277476
v -0.02644331 -0.07433871 0.03271516
v -0.02599647 -0.07441107 0.03277476
v -0.02608576 -0.07439662 0.03281222
v -0.02618157 -0.07438111 0.03282500
v -0.02586098 -0.07443302 0.03263750
v -0.02591980 -0.07442350 0.03271516
v -0.02492061 -0.07458533 0.03391250
v -0.02488362 -0.07459132 0.03400294
v -0.02524118 -0.07453340 0.03410000
v -0.02487101 -0.07459336 0.03410000
v -0.02488362 -0.07459132 0.03419706
v -0.02514538 -0.07454892 0.03373778
v -0.02505611 -0.07456340 0.03377524
v -0.02497943 -0.07457580 0.03383483
v -0.02542627 -0.07450344 0.03377524
v -0.02533699 -0.07451789 0.03373778
v -0.02524118 -0.07453340 0.03372500
v -0.02559875 -0.07447549 0.03400294
v -0.02556177 -0.07448149 0.03391250
v -0.02550294 -0.07449102 0.03383483
v -0.02556177 -0.07448149 0.03428750
v -0.02559875 -0.07447549 0.03419706
v -0.02561137 -0.07447345 0.03410000
v -0.02533699 -0.07451789 0.03446222
v -0.02542627 -0.07450344 0.03442476
v -0.02550294 -0.07449102 0.03436516
v -0.02505611 -0.07456340 0.03442476
v -0.02514538 -0.07454892 0.03446222
v -0.02524118 -0.07453340 0.03447500
v -0.02492061 -0.07458533 0.03428750
v -0.02497943 -0.07457580 0.03436516
v -0.02398023 -0.07473764 0.03226250
v -0.02394326 -0.07474362 0.03235294
v -0.02430081 -0.07468572 0.03245000
v -0.02393064 -0.07474567 0.03245000
v -0.02394326 -0.07474362 0.03254706
v -0.02420500 -0.07470124 0.03208777
v -0.02411573 -0.07471569 0.03212524
v -0.02403907 -0.07472811 0.03218484
v -0.02448591 -0.07465573 0.03212524
v -0.02439662 -0.07467020 0.03208777
v -0.02430081 -0.07468572 0.03207500
v -0.02465838 -0.07462780 0.03235294
v -0.02462139 -0.07463379 0.03226250
v -0.02456258 -0.07464331 0.03218484
v -0.02462139 -0.07463379 0.03263750
v -0.02465838 -0.07462780 0.03254706
v -0.02467099 -0.07462577 0.03245000
v -0.02439662 -0.07467020 0.03281222
v -0.02448591 -0.07465573 0.03277476
v -0.02456258 -0.07464331 0.03271516
v -0.02411573 -0.07471569 0.03277476
v -0.02420500 -0.07470124 0.03281222
v -0.02430081 -0.07468572 0.03282500
v -0.02398023 -0.07473764 0.03263750
v -0.02403907 -0.07472811 0.03271516
v -0.02415211 -0.07470980 0.03571153
v -0.02418910 -0.07470381 0.03562108
v -0.02383153 -0.07476172 0.03552403
v -0.02420170 -0.07470177 0.03552403
v -0.02418910 -0.07470381 0.03542697
v -0.02392733 -0.07474620 0.03588625
v -0.02401663 -0.07473175 0.03584879
v -0.02409329 -0.07471932 0.03578919
v -0.02364644 -0.07479170 0.03584879
v -0.02373572 -0.07477724 0.03588625
v -0.02383153 -0.07476172 0.03589903
v -0.02347397 -0.07481964 0.03562108
v -0.02351095 -0.07481365 0.03571153
v -0.02356978 -0.07480413 0.03578919
v -0.02351095 -0.07481365 0.03533653
v -0.02347397 -0.07481964 0.03542697
v -0.02346135 -0.07482167 0.03552403
v -0.02373572 -0.07477724 0.03516181
v -0.02364644 -0.07479170 0.03519927
v -0.02356978 -0.07480413 0.03525886
v -0.02401663 -0.07473175 0.03519927
v -0.02392733 -0.07474620 0.03516181
v -0.02383153 -0.07476172 0.03514903
v -0.02415211 -0.07470980 0.03533653
v -0.02409329 -0.07471932 0.03525886
v -0.02292421 -0.07490869 0.03431479
v -0.02296119 -0.07490269 0.03422435
v -0.02260363 -0.07496060 0.03412730
v -0.02297381 -0.07490065 0.03412730
v -0.02296119 -0.07490269 0.03403023
v -0.02269944 -0.07494509 0.03448952
v -0.02278872 -0.07493062 0.03445205
v -0.02286538 -0.07491822 0.03439245
v -0.02241854 -0.07499057 0.03445205
v -0.02250782 -0.07497612 0.03448952
v -0.02260363 -0.07496060 0.03450229
v -0.02224608 -0.07501851 0.03422435
v -0.02228304 -0.07501252 0.03431479
v -0.02234187 -0.07500299 0.03439245
v -0.02228304 -0.07501252 0.03393979
v -0.02224608 -0.07501851 0.03403023
v -0.02223345 -0.07502056 0.03412730
v -0.02250782 -0.07497612 0.03376507
v -0.02241854 -0.07499057 0.03380253
v -0.02234187 -0.07500299 0.03386213
v -0.02278872 -0.07493062 0.03380253
v -0.02269944 -0.07494509 0.03376507
v -0.02260363 -0.07496060 0.03375229
v -0.02292421 -0.07490869 0.03393979
v -0.02286538 -0.07491822 0.03386213
v -0.02279341 -0.07492987 0.03244916
v -0.02283040 -0.07492387 0.03235871
v -0.02247283 -0.07498178 0.03226165
v -0.02284300 -0.07492182 0.03226165
v -0.02283040 -0.07492387 0.03216460
v -0.02256864 -0.07496627 0.03262387
v -0.02265793 -0.07495182 0.03258641
v -0.02273458 -0.07493939 0.03252682
v -0.02228775 -0.07501176 0.03258641
v -0.02237702 -0.07499730 0.03262387
v -0.02247283 -0.07498178 0.03263665
v -0.02211527 -0.07503971 0.03235871
v -0.02215225 -0.07503370 0.03244916
v -0.02221107 -0.07502417 0.03252682
v -0.02215225 -0.07503370 0.03207415
v -0.02211527 -0.07503971 0.03216460
v -0.02210265 -0.07504174 0.03226165
v -0.02237702 -0.07499730 0.03189943
v -0.02228775 -0.07501176 0.03193690
v -0.02221107 -0.07502417 0.03199649
v -0.02265793 -0.07495182 0.03193690
v -0.02256864 -0.07496627 0.03189943
v -0.02247283 -0.07498178 0.03188666
v -0.02279341 -0.07492987 0.03207415
v -0.02273458 -0.07493939 0.03199649
v -0.02381412 -0.07476454 0.03089063
v -0.02385111 -0.07475856 0.03080019
v -0.02349354 -0.07481647 0.03070313
v -0.02386371 -0.07475650 0.03070313
v -0.02385111 -0.07475856 0.03060607
v -0.02358934 -0.07480095 0.03106535
v -0.02367864 -0.07478649 0.03102789
v -0.02375529 -0.07477407 0.03096830
v -0.02330846 -0.07484645 0.03102789
v -0.02339773 -0.07483198 0.03106535
v -0.02349354 -0.07481647 0.03107813
v -0.02313597 -0.07487438 0.03080019
v -0.02317296 -0.07486840 0.03089063
v -0.02323178 -0.07485886 0.03096830
v -0.02317296 -0.07486840 0.03051563
v -0.02313597 -0.07487438 0.03060607
v -0.02312336 -0.07487642 0.03070313
v -0.02339773 -0.07483198 0.03034091
v -0.02330846 -0.07484645 0.03037837
v -0.02323178 -0.07485886 0.03043797
v -0.02367864 -0.07478649 0.03037837
v -0.02358934 -0.07480095 0.03034091
v -0.02349354 -0.07481647 0.03032813
v -0.02381412 -0.07476454 0.03051563
v -0.02375529 -0.07477407 0.03043797
v -0.02556177 -0.07448149 0.03028750
v -0.02559875 -0.07447549 0.03019706
v -0.02524118 -0.07453340 0.03010000
v -0.02561137 -0.07447345 0.03010000
v -0.02559875 -0.07447549 0.03000294
v -0.02533699 -0.07451789 0.03046222
v -0.02542627 -0.07450344 0.03042476
v -0.02550294 -0.07449102 0.03036517
v -0.02505611 -0.07456340 0.03042476
v -0.02514538 -0.07454892 0.03046222
v -0.02524118 -0.07453340 0.03047500
v -0.02488362 -0.07459132 0.03019706
v -0.02492061 -0.07458533 0.03028750
v -0.02497943 -0.07457580 0.03036517
v -0.02492061 -0.07458533 0.02991250
v -0.02488362 -0.07459132 0.03000294
v -0.02487101 -0.07459336 0.03010000
v -0.02514538 -0.07454892 0.02973778
v -0.02505611 -0.07456340 0.02977524
v -0.02497943 -0.07457580 0.02983484
v -0.02542627 -0.07450344 0.02977524
v -0.02533699 -0.07451789 0.02973778
v -0.02524118 -0.07453340 0.02972500
v -0.02556177 -0.07448149 0.02991250
v -0.02550294 -0.07449102 0.02983484
v -0.02833013 -0.07403311 0.03244916
v -0.02836711 -0.07402712 0.03235871
v -0.02800955 -0.07408503 0.03226165
v -0.02837973 -0.07402507 0.03226165
v -0.02836711 -0.07402712 0.03216460
v -0.02810536 -0.07406951 0.03262387
v -0.02819463 -0.07405506 0.03258641
v -0.02827130 -0.07404264 0.03252682
v -0.02782445 -0.07411502 0.03258641
v -0.02791374 -0.07410055 0.03262387
v -0.02800955 -0.07408503 0.03263665
v -0.02765198 -0.07414294 0.03235871
v -0.02768896 -0.07413695 0.03244916
v -0.02774779 -0.07412742 0.03252682
v -0.02768896 -0.07413695 0.03207415
v -0.02765198 -0.07414294 0.03216460
v -0.02763937 -0.07414498 0.03226165
v -0.02791374 -0.07410055 0.03189943
v -0.02782445 -0.07411502 0.03193690
v -0.02774779 -0.07412742 0.03199649
v -0.02819463 -0.07405506 0.03193690
v -0.02810536 -0.07406951 0.03189943
v -0.02800955 -0.07408503 0.03188666
v -0.02833013 -0.07403311 0.03207415
v -0.02827130 -0.07404264 0.03199649
v -0.02819933 -0.07405429 0.03431479
v -0.02823631 -0.07404830 0.03422435
v -0.02787874 -0.07410622 0.03412730
v -0.02824893 -0.07404627 0.03412730
v -0.02823631 -0.07404830 0.03403023
v -0.02797455 -0.07409070 0.03448952
v -0.02806383 -0.07407624 0.03445205
v -0.02814050 -0.07406381 0.03439245
v -0.02769367 -0.07413619 0.03445205
v -0.02778294 -0.07412173 0.03448952
v -0.02787874 -0.07410622 0.03450229
v -0.02752118 -0.07416413 0.03422435
v -0.02755817 -0.07415814 0.03431479
v -0.02761699 -0.07414862 0.03439245
v -0.02755817 -0.07415814 0.03393979
v -0.02752118 -0.07416413 0.03403023
v -0.02750857 -0.07416617 0.03412730
v -0.02778294 -0.07412173 0.03376507
v -0.02769367 -0.07413619 0.03380253
v -0.02761699 -0.07414862 0.03386213
v -0.02806383 -0.07407624 0.03380253
v -0.02797455 -0.07409070 0.03376507
v -0.02787874 -0.07410622 0.03375229
v -0.02819933 -0.07405429 0.03393979
v -0.02814050 -0.07406381 0.03386213
v -0.02697143 -0.07425317 0.03571153
v -0.02700841 -0.07424718 0.03562108
v -0.02665085 -0.07430509 0.03552403
v -0.02702103 -0.07424514 0.03552403
v -0.02700841 -0.07424718 0.03542697
v -0.02674666 -0.07428958 0.03588625
v -0.02683593 -0.07427513 0.03584879
v -0.02691260 -0.07426271 0.03578919
v -0.02646576 -0.07433507 0.03584879
v -0.02655504 -0.07432061 0.03588625
v -0.02665085 -0.07430509 0.03589903
v -0.02629328 -0.07436300 0.03562108
v -0.02633026 -0.07435701 0.03571153
v -0.02638909 -0.07434749 0.03578919
v -0.02633026 -0.07435701 0.03533653
v -0.02629328 -0.07436300 0.03542697
v -0.02628067 -0.07436505 0.03552403
v -0.02655504 -0.07432061 0.03516181
v -0.02646576 -0.07433507 0.03519927
v -0.02638909 -0.07434749 0.03525886
v -0.02683593 -0.07427513 0.03519927
v -0.02674666 -0.07428958 0.03516181
v -0.02665085 -0.07430509 0.03514903
v -0.02697143 -0.07425317 0.03533653
v -0.02691260 -0.07426271 0.03525886
v -0.02761483 -0.07576982 0.03070313
v -0.02735902 -0.07419039 0.03070313
v -0.02760221 -0.07577185 0.03080019
v -0.02734640 -0.07419244 0.03080019
v -0.02756523 -0.07577785 0.03089063
v -0.02730942 -0.07419844 0.03089063
v -0.02750640 -0.07578738 0.03096830
v -0.02725059 -0.07420796 0.03096830
v -0.02742973 -0.07579978 0.03102789
v -0.02717392 -0.07422037 0.03102789
v -0.02734045 -0.07581425 0.03106535
v -0.02708465 -0.07423484 0.03106535
v -0.02724464 -0.07582978 0.03107813
v -0.02698884 -0.07425035 0.03107813
v -0.02714884 -0.07584529 0.03106535
v -0.02689303 -0.07426587 0.03106535
v -0.02705957 -0.07585974 0.03102789
v -0.02680375 -0.07428032 0.03102789
v -0.02698289 -0.07587216 0.03096830
v -0.02672708 -0.07429274 0.03096830
v -0.02692407 -0.07588169 0.03089063
v -0.02666825 -0.07430227 0.03089063
v -0.02688708 -0.07588768 0.03080019
v -0.02663127 -0.07430826 0.03080019
v -0.02687447 -0.07588973 0.03070313
v -0.02661866 -0.07431031 0.03070313
v -0.02688708 -0.07588768 0.03060607
v -0.02663127 -0.07430826 0.03060607
v -0.02692407 -0.07588169 0.03051563
v -0.02666825 -0.07430227 0.03051563
v -0.02698289 -0.07587216 0.03043797
v -0.02672708 -0.07429274 0.03043797
v -0.02705957 -0.07585974 0.03037837
v -0.02680375 -0.07428032 0.03037837
v -0.02714884 -0.07584529 0.03034091
v -0.02689303 -0.07426587 0.03034091
v -0.02724464 -0.07582978 0.03032813
v -0.02698884 -0.07425035 0.03032813
v -0.02734045 -0.07581425 0.03034091
v -0.02708465 -0.07423484 0.03034091
v -0.02742973 -0.07579978 0.03037837
v -0.02717392 -0.07422037 0.03037837
v -0.02750640 -0.07578738 0.03043797
v -0.02725059 -0.07420796 0.03043797
v -0.02756523 -0.07577785 0.03051563
v -0.02730942 -0.07419844 0.03051563
v -0.02760221 -0.07577185 0.03060607
v -0.02734640 -0.07419244 0.03060607
v -0.02581138 -0.07444107 0.03245000
v -0.02606719 -0.07602047 0.03245000
v -0.02582400 -0.07443901 0.03254706
v -0.02607981 -0.07601844 0.03254706
v -0.02586098 -0.07443302 0.03263750
v -0.02611680 -0.07601245 0.03263750
v -0.02591980 -0.07442350 0.03271516
v -0.02617562 -0.07600292 0.03271516
v -0.02599647 -0.07441107 0.03277476
v -0.02625228 -0.07599050 0.03277476
v -0.02608576 -0.07439662 0.03281222
v -0.02634156 -0.07597605 0.03281222
v -0.02618157 -0.07438111 0.03282500
v -0.02643737 -0.07596052 0.03282500
v -0.02627737 -0.07436558 0.03281222
v -0.02653318 -0.07594500 0.03281222
v -0.02636665 -0.07435112 0.03277476
v -0.02662246 -0.07593054 0.03277476
v -0.02644331 -0.07433871 0.03271516
v -0.02669912 -0.07591812 0.03271516
v -0.02650214 -0.07432918 0.03263750
v -0.02675795 -0.07590859 0.03263750
v -0.02653912 -0.07432318 0.03254706
v -0.02679493 -0.07590261 0.03254706
v -0.02655175 -0.07432115 0.03245000
v -0.02680756 -0.07590056 0.03245000
v -0.02653912 -0.07432318 0.03235294
v -0.02679493 -0.07590261 0.03235294
v -0.02650214 -0.07432918 0.03226250
v -0.02675795 -0.07590859 0.03226250
v -0.02644331 -0.07433871 0.03218484
v -0.02669912 -0.07591812 0.03218484
v -0.02636665 -0.07435112 0.03212524
v -0.02662246 -0.07593054 0.03212524
v -0.02627737 -0.07436558 0.03208777
v -0.02653318 -0.07594500 0.03208777
v -0.02618157 -0.07438111 0.03207500
v -0.02643737 -0.07596052 0.03207500
v -0.02608576 -0.07439662 0.03208777
v -0.02634156 -0.07597605 0.03208777
v -0.02599647 -0.07441107 0.03212524
v -0.02625228 -0.07599050 0.03212524
v -0.02591980 -0.07442350 0.03218484
v -0.02617562 -0.07600292 0.03218484
v -0.02586098 -0.07443302 0.03226250
v -0.02611680 -0.07601245 0.03226250
v -0.02582400 -0.07443901 0.03235294
v -0.02607981 -0.07601844 0.03235294
v -0.02487101 -0.07459336 0.03410000
v -0.02512682 -0.07617279 0.03410000
v -0.02488362 -0.07459132 0.03419706
v -0.02513943 -0.07617074 0.03419706
v -0.02492061 -0.07458533 0.03428750
v -0.02517642 -0.07616474 0.03428750
v -0.02497943 -0.07457580 0.03436516
v -0.02523525 -0.07615522 0.03436516
v -0.02505611 -0.07456340 0.03442476
v -0.02531192 -0.07614280 0.03442476
v -0.02514538 -0.07454892 0.03446222
v -0.02540119 -0.07612834 0.03446222
v -0.02524118 -0.07453340 0.03447500
v -0.02549700 -0.07611283 0.03447500
v -0.02533699 -0.07451789 0.03446222
v -0.02559280 -0.07609732 0.03446222
v -0.02542627 -0.07450344 0.03442476
v -0.02568208 -0.07608285 0.03442476
v -0.02550294 -0.07449102 0.03436516
v -0.02575876 -0.07607043 0.03436516
v -0.02556177 -0.07448149 0.03428750
v -0.02581758 -0.07606090 0.03428750
v -0.02559875 -0.07447549 0.03419706
v -0.02585457 -0.07605491 0.03419706
v -0.02561137 -0.07447345 0.03410000
v -0.02586717 -0.07605287 0.03410000
v -0.02559875 -0.07447549 0.03400294
v -0.02585457 -0.07605491 0.03400294
v -0.02556177 -0.07448149 0.03391250
v -0.02581758 -0.07606090 0.03391250
v -0.02550294 -0.07449102 0.03383483
v -0.02575876 -0.07607043 0.03383483
v -0.02542627 -0.07450344 0.03377524
v -0.02568208 -0.07608285 0.03377524
v -0.02533699 -0.07451789 0.03373778
v -0.02559280 -0.07609732 0.03373778
v -0.02524118 -0.07453340 0.03372500
v -0.02549700 -0.07611283 0.03372500
v -0.02514538 -0.07454892 0.03373778
v -0.02540119 -0.07612834 0.03373778
v -0.02505611 -0.07456340 0.03377524
v -0.02531192 -0.07614280 0.03377524
v -0.02497943 -0.07457580 0.03383483
v -0.02523525 -0.07615522 0.03383483
v -0.02492061 -0.07458533 0.03391250
v -0.02517642 -0.07616474 0.03391250
v -0.02488362 -0.07459132 0.03400294
v -0.02513943 -0.07617074 0.03400294
v -0.02393064 -0.07474567 0.03245000
v -0.02418645 -0.07632509 0.03245000
v -0.02394326 -0.07474362 0.03254706
v -0.02419906 -0.07632304 0.03254706
v -0.02398023 -0.07473764 0.03263750
v -0.02423604 -0.07631705 0.03263750
v -0.02403907 -0.07472811 0.03271516
v -0.02429487 -0.07630754 0.03271516
v -0.02411573 -0.07471569 0.03277476
v -0.02437154 -0.07629512 0.03277476
v -0.02420500 -0.07470124 0.03281222
v -0.02446081 -0.07628065 0.03281222
v -0.02430081 -0.07468572 0.03282500
v -0.02455662 -0.07626513 0.03282500
v -0.02439662 -0.07467020 0.03281222
v -0.02465243 -0.07624961 0.03281222
v -0.02448591 -0.07465573 0.03277476
v -0.02474172 -0.07623516 0.03277476
v -0.02456258 -0.07464331 0.03271516
v -0.02481838 -0.07622274 0.03271516
v -0.02462139 -0.07463379 0.03263750
v -0.02487720 -0.07621321 0.03263750
v -0.02465838 -0.07462780 0.03254706
v -0.02491419 -0.07620722 0.03254706
v -0.02467099 -0.07462577 0.03245000
v -0.02492680 -0.07620517 0.03245000
v -0.02465838 -0.07462780 0.03235294
v -0.02491419 -0.07620722 0.03235294
v -0.02462139 -0.07463379 0.03226250
v -0.02487720 -0.07621321 0.03226250
v -0.02456258 -0.07464331 0.03218484
v -0.02481838 -0.07622274 0.03218484
v -0.02448591 -0.07465573 0.03212524
v -0.02474172 -0.07623516 0.03212524
v -0.02439662 -0.07467020 0.03208777
v -0.02465243 -0.07624961 0.03208777
v -0.02430081 -0.07468572 0.03207500
v -0.02455662 -0.07626513 0.03207500
v -0.02420500 -0.07470124 0.03208777
v -0.02446081 -0.07628065 0.03208777
v -0.02411573 -0.07471569 0.03212524
v -0.02437154 -0.07629512 0.03212524
v -0.02403907 -0.07472811 0.03218484
v -0.02429487 -0.07630754 0.03218484
v -0.02398023 -0.07473764 0.03226250
v -0.02423604 -0.07631705 0.03226250
v -0.02394326 -0.07474362 0.03235294
v -0.02419906 -0.07632304 0.03235294
v -0.02445751 -0.07628118 0.03552403
v -0.02420170 -0.07470177 0.03552403
v -0.02444491 -0.07628324 0.03562108
v -0.02418910 -0.07470381 0.03562108
v -0.02440793 -0.07628923 0.03571153
v -0.02415211 -0.07470980 0.03571153
v -0.02434910 -0.07629875 0.03578919
v -0.02409329 -0.07471932 0.03578919
v -0.02427243 -0.07631118 0.03584879
v -0.02401663 -0.07473175 0.03584879
v -0.02418315 -0.07632563 0.03588625
v -0.02392733 -0.07474620 0.03588625
v -0.02408734 -0.07634114 0.03589903
v -0.02383153 -0.07476172 0.03589903
v -0.02399153 -0.07635666 0.03588625
v -0.02373572 -0.07477724 0.03588625
v -0.02390225 -0.07637112 0.03584879
v -0.02364644 -0.07479170 0.03584879
v -0.02382559 -0.07638353 0.03578919
v -0.02356978 -0.07480413 0.03578919
v -0.02376675 -0.07639306 0.03571153
v -0.02351095 -0.07481365 0.03571153
v -0.02372978 -0.07639905 0.03562108
v -0.02347397 -0.07481964 0.03562108
v -0.02371716 -0.07640110 0.03552403
v -0.02346135 -0.07482167 0.03552403
v -0.02372978 -0.07639905 0.03542697
v -0.02347397 -0.07481964 0.03542697
v -0.02376675 -0.07639306 0.03533653
v -0.02351095 -0.07481365 0.03533653
v -0.02382559 -0.07638353 0.03525886
v -0.02356978 -0.07480413 0.03525886
v -0.02390225 -0.07637112 0.03519927
v -0.02364644 -0.07479170 0.03519927
v -0.02399153 -0.07635666 0.03516181
v -0.02373572 -0.07477724 0.03516181
v -0.02408734 -0.07634114 0.03514903
v -0.02383153 -0.07476172 0.03514903
v -0.02418315 -0.07632563 0.03516181
v -0.02392733 -0.07474620 0.03516181
v -0.02427243 -0.07631118 0.03519927
v -0.02401663 -0.07473175 0.03519927
v -0.02434910 -0.07629875 0.03525886
v -0.02409329 -0.07471932 0.03525886
v -0.02440793 -0.07628923 0.03533653
v -0.02415211 -0.07470980 0.03533653
v -0.02444491 -0.07628324 0.03542697
v -0.02418910 -0.07470381 0.03542697
v -0.02322961 -0.07648007 0.03412730
v -0.02297381 -0.07490065 0.03412730
v -0.02321700 -0.07648210 0.03422435
v -0.02296119 -0.07490269 0.03422435
v -0.02318002 -0.07648809 0.03431479
v -0.02292421 -0.07490869 0.03431479
v -0.02312119 -0.07649762 0.03439245
v -0.02286538 -0.07491822 0.03439245
v -0.02304454 -0.07651004 0.03445205
v -0.02278872 -0.07493062 0.03445205
v -0.02295524 -0.07652450 0.03448952
v -0.02269944 -0.07494509 0.03448952
v -0.02285944 -0.07654003 0.03450229
v -0.02260363 -0.07496060 0.03450229
v -0.02276363 -0.07655554 0.03448952
v -0.02250782 -0.07497612 0.03448952
v -0.02267436 -0.07656999 0.03445205
v -0.02241854 -0.07499057 0.03445205
v -0.02259768 -0.07658242 0.03439245
v -0.02234187 -0.07500299 0.03439245
v -0.02253886 -0.07659194 0.03431479
v -0.02228304 -0.07501252 0.03431479
v -0.02250187 -0.07659793 0.03422435
v -0.02224608 -0.07501851 0.03422435
v -0.02248926 -0.07659997 0.03412730
v -0.02223345 -0.07502056 0.03412730
v -0.02250187 -0.07659793 0.03403023
v -0.02224608 -0.07501851 0.03403023
v -0.02253886 -0.07659194 0.03393979
v -0.02228304 -0.07501252 0.03393979
v -0.02259768 -0.07658242 0.03386213
v -0.02234187 -0.07500299 0.03386213
v -0.02267436 -0.07656999 0.03380253
v -0.02241854 -0.07499057 0.03380253
v -0.02276363 -0.07655554 0.03376507
v -0.02250782 -0.07497612 0.03376507
v -0.02285944 -0.07654003 0.03375229
v -0.02260363 -0.07496060 0.03375229
v -0.02295524 -0.07652450 0.03376507
v -0.02269944 -0.07494509 0.03376507
v -0.02304454 -0.07651004 0.03380253
v -0.02278872 -0.07493062 0.03380253
v -0.02312119 -0.07649762 0.03386213
v -0.02286538 -0.07491822 0.03386213
v -0.02318002 -0.07648809 0.03393979
v -0.02292421 -0.07490869 0.03393979
v -0.02321700 -0.07648210 0.03403023
v -0.02296119 -0.07490269 0.03403023
v -0.02309881 -0.07650125 0.03226165
v -0.02284300 -0.07492182 0.03226165
v -0.02308621 -0.07650328 0.03235871
v -0.02283040 -0.07492387 0.03235871
v -0.02304922 -0.07650928 0.03244916
v -0.02279341 -0.07492987 0.03244916
v -0.02299040 -0.07651881 0.03252682
v -0.02273458 -0.07493939 0.03252682
v -0.02291374 -0.07653123 0.03258641
v -0.02265793 -0.07495182 0.03258641
v -0.02282445 -0.07654568 0.03262387
v -0.02256864 -0.07496627 0.03262387
v -0.02272864 -0.07656121 0.03263665
v -0.02247283 -0.07498178 0.03263665
v -0.02263283 -0.07657672 0.03262387
v -0.02237702 -0.07499730 0.03262387
v -0.02254355 -0.07659118 0.03258641
v -0.02228775 -0.07501176 0.03258641
v -0.02246689 -0.07660359 0.03252682
v -0.02221107 -0.07502417 0.03252682
v -0.02240806 -0.07661312 0.03244916
v -0.02215225 -0.07503370 0.03244916
v -0.02237108 -0.07661911 0.03235871
v -0.02211527 -0.07503971 0.03235871
v -0.02235846 -0.07662117 0.03226165
v -0.02210265 -0.07504174 0.03226165
v -0.02237108 -0.07661911 0.03216460
v -0.02211527 -0.07503971 0.03216460
v -0.02240806 -0.07661312 0.03207415
v -0.02215225 -0.07503370 0.03207415
v -0.02246689 -0.07660359 0.03199649
v -0.02221107 -0.07502417 0.03199649
v -0.02254355 -0.07659118 0.03193690
v -0.02228775 -0.07501176 0.03193690
v -0.02263283 -0.07657672 0.03189943
v -0.02237702 -0.07499730 0.03189943
v -0.02272864 -0.07656121 0.03188666
v -0.02247283 -0.07498178 0.03188666
v -0.02282445 -0.07654568 0.03189943
v -0.02256864 -0.07496627 0.03189943
v -0.02291374 -0.07653123 0.03193690
v -0.02265793 -0.07495182 0.03193690
v -0.02299040 -0.07651881 0.03199649
v -0.02273458 -0.07493939 0.03199649
v -0.02304922 -0.07650928 0.03207415
v -0.02279341 -0.07492987 0.03207415
v -0.02308621 -0.07650328 0.03216460
v -0.02283040 -0.07492387 0.03216460
v -0.02411952 -0.07633592 0.03070313
v -0.02386371 -0.07475650 0.03070313
v -0.02410692 -0.07633798 0.03080019
v -0.02385111 -0.07475856 0.03080019
v -0.02406993 -0.07634397 0.03089063
v -0.02381412 -0.07476454 0.03089063
v -0.02401111 -0.07635350 0.03096830
v -0.02375529 -0.07477407 0.03096830
v -0.02393443 -0.07636592 0.03102789
v -0.02367864 -0.07478649 0.03102789
v -0.02384516 -0.07638037 0.03106535
v -0.02358934 -0.07480095 0.03106535
v -0.02374935 -0.07639588 0.03107813
v -0.02349354 -0.07481647 0.03107813
v -0.02365354 -0.07641140 0.03106535
v -0.02339773 -0.07483198 0.03106535
v -0.02356426 -0.07642586 0.03102789
v -0.02330846 -0.07484645 0.03102789
v -0.02348760 -0.07643828 0.03096830
v -0.02323178 -0.07485886 0.03096830
v -0.02342877 -0.07644780 0.03089063
v -0.02317296 -0.07486840 0.03089063
v -0.02339179 -0.07645379 0.03080019
v -0.02313597 -0.07487438 0.03080019
v -0.02337917 -0.07645584 0.03070313
v -0.02312336 -0.07487642 0.03070313
v -0.02339179 -0.07645379 0.03060607
v -0.02313597 -0.07487438 0.03060607
v -0.02342877 -0.07644780 0.03051563
v -0.02317296 -0.07486840 0.03051563
v -0.02348760 -0.07643828 0.03043797
v -0.02323178 -0.07485886 0.03043797
v -0.02356426 -0.07642586 0.03037837
v -0.02330846 -0.07484645 0.03037837
v -0.02365354 -0.07641140 0.03034091
v -0.02339773 -0.07483198 0.03034091
v -0.02374935 -0.07639588 0.03032813
v -0.02349354 -0.07481647 0.03032813
v -0.02384516 -0.07638037 0.03034091
v -0.02358934 -0.07480095 0.03034091
v -0.02393443 -0.07636592 0.03037837
v -0.02367864 -0.07478649 0.03037837
v -0.02401111 -0.07635350 0.03043797
v -0.02375529 -0.07477407 0.03043797
v -0.02406993 -0.07634397 0.03051563
v -0.02381412 -0.07476454 0.03051563
v -0.02410692 -0.07633798 0.03060607
v -0.02385111 -0.07475856 0.03060607
v -0.02586717 -0.07605287 0.03010000
v -0.02561137 -0.07447345 0.03010000
v -0.02585457 -0.07605491 0.03019706
v -0.02559875 -0.07447549 0.03019706
v -0.02581758 -0.07606090 0.03028750
v -0.02556177 -0.07448149 0.03028750
v -0.02575876 -0.07607043 0.03036517
v -0.02550294 -0.07449102 0.03036517
v -0.02568208 -0.07608285 0.03042476
v -0.02542627 -0.07450344 0.03042476
v -0.02559280 -0.07609732 0.03046222
v -0.02533699 -0.07451789 0.03046222
v -0.02549700 -0.07611283 0.03047500
v -0.02524118 -0.07453340 0.03047500
v -0.02540119 -0.07612834 0.03046222
v -0.02514538 -0.07454892 0.03046222
v -0.02531192 -0.07614280 0.03042476
v -0.02505611 -0.07456340 0.03042476
v -0.02523525 -0.07615522 0.03036517
v -0.02497943 -0.07457580 0.03036517
v -0.02517642 -0.07616474 0.03028750
v -0.02492061 -0.07458533 0.03028750
v -0.02513943 -0.07617074 0.03019706
v -0.02488362 -0.07459132 0.03019706
v -0.02512682 -0.07617279 0.03010000
v -0.02487101 -0.07459336 0.03010000
v -0.02513943 -0.07617074 0.03000294
v -0.02488362 -0.07459132 0.03000294
v -0.02517642 -0.07616474 0.02991250
v -0.02492061 -0.07458533 0.02991250
v -0.02523525 -0.07615522 0.02983484
v -0.02497943 -0.07457580 0.02983484
v -0.02531192 -0.07614280 0.02977524
v -0.02505611 -0.07456340 0.02977524
v -0.02540119 -0.07612834 0.02973778
v -0.02514538 -0.07454892 0.02973778
v -0.02549700 -0.07611283 0.02972500
v -0.02524118 -0.07453340 0.02972500
v -0.02559280 -0.07609732 0.02973778
v -0.02533699 -0.07451789 0.02973778
v -0.02568208 -0.07608285 0.02977524
v -0.02542627 -0.07450344 0.02977524
v -0.02575876 -0.07607043 0.02983484
v -0.02550294 -0.07449102 0.02983484
v -0.02581758 -0.07606090 0.02991250
v -0.02556177 -0.07448149 0.02991250
v -0.02585457 -0.07605491 0.03000294
v -0.02559875 -0.07447549 0.03000294
v -0.02863554 -0.07560449 0.03226165
v -0.02837973 -0.07402507 0.03226165
v -0.02862292 -0.07560653 0.03235871
v -0.02836711 -0.07402712 0.03235871
v -0.02858594 -0.07561254 0.03244916
v -0.02833013 -0.07403311 0.03244916
v -0.02852711 -0.07562207 0.03252682
v -0.02827130 -0.07404264 0.03252682
v -0.02845044 -0.07563449 0.03258641
v -0.02819463 -0.07405506 0.03258641
v -0.02836116 -0.07564894 0.03262387
v -0.02810536 -0.07406951 0.03262387
v -0.02826535 -0.07566445 0.03263665
v -0.02800955 -0.07408503 0.03263665
v -0.02816955 -0.07567996 0.03262387
v -0.02791374 -0.07410055 0.03262387
v -0.02808028 -0.07569443 0.03258641
v -0.02782445 -0.07411502 0.03258641
v -0.02800360 -0.07570684 0.03252682
v -0.02774779 -0.07412742 0.03252682
v -0.02794478 -0.07571637 0.03244916
v -0.02768896 -0.07413695 0.03244916
v -0.02790779 -0.07572236 0.03235871
v -0.02765198 -0.07414294 0.03235871
v -0.02789518 -0.07572441 0.03226165
v -0.02763937 -0.07414498 0.03226165
v -0.02790779 -0.07572236 0.03216460
v -0.02765198 -0.07414294 0.03216460
v -0.02794478 -0.07571637 0.03207415
v -0.02768896 -0.07413695 0.03207415
v -0.02800360 -0.07570684 0.03199649
v -0.02774779 -0.07412742 0.03199649
v -0.02808028 -0.07569443 0.03193690
v -0.02782445 -0.07411502 0.03193690
v -0.02816955 -0.07567996 0.03189943
v -0.02791374 -0.07410055 0.03189943
v -0.02826535 -0.07566445 0.03188666
v -0.02800955 -0.07408503 0.03188666
v -0.02836116 -0.07564894 0.03189943
v -0.02810536 -0.07406951 0.03189943
v -0.02845044 -0.07563449 0.03193690
v -0.02819463 -0.07405506 0.03193690
v -0.02852711 -0.07562207 0.03199649
v -0.02827130 -0.07404264 0.03199649
v -0.02858594 -0.07561254 0.03207415
v -0.02833013 -0.07403311 0.03207415
v -0.02862292 -0.07560653 0.03216460
v -0.02836711 -0.07402712 0.03216460
v -0.02850473 -0.07562567 0.03412730
v -0.02824893 -0.07404627 0.03412730
v -0.02849213 -0.07562773 0.03422435
v -0.02823631 -0.07404830 0.03422435
v -0.02845514 -0.07563372 0.03431479
v -0.02819933 -0.07405429 0.03431479
v -0.02839632 -0.07564324 0.03439245
v -0.02814050 -0.07406381 0.03439245
v -0.02831964 -0.07565566 0.03445205
v -0.02806383 -0.07407624 0.03445205
v -0.02823036 -0.07567012 0.03448952
v -0.02797455 -0.07409070 0.03448952
v -0.02813455 -0.07568564 0.03450229
v -0.02787874 -0.07410622 0.03450229
v -0.02803875 -0.07570115 0.03448952
v -0.02778294 -0.07412173 0.03448952
v -0.02794948 -0.07571561 0.03445205
v -0.02769367 -0.07413619 0.03445205
v -0.02787281 -0.07572803 0.03439245
v -0.02761699 -0.07414862 0.03439245
v -0.02781398 -0.07573755 0.03431479
v -0.02755817 -0.07415814 0.03431479
v -0.02777700 -0.07574354 0.03422435
v -0.02752118 -0.07416413 0.03422435
v -0.02776438 -0.07574559 0.03412730
v -0.02750857 -0.07416617 0.03412730
v -0.02777700 -0.07574354 0.03403023
v -0.02752118 -0.07416413 0.03403023
v -0.02781398 -0.07573755 0.03393979
v -0.02755817 -0.07415814 0.03393979
v -0.02787281 -0.07572803 0.03386213
v -0.02761699 -0.07414862 0.03386213
v -0.02794948 -0.07571561 0.03380253
v -0.02769367 -0.07413619 0.03380253
v -0.02803875 -0.07570115 0.03376507
v -0.02778294 -0.07412173 0.03376507
v -0.02813455 -0.07568564 0.03375229
v -0.02787874 -0.07410622 0.03375229
v -0.02823036 -0.07567012 0.03376507
v -0.02797455 -0.07409070 0.03376507
v -0.02831964 -0.07565566 0.03380253
v -0.02806383 -0.07407624 0.03380253
v -0.02839632 -0.07564324 0.03386213
v -0.02814050 -0.07406381 0.03386213
v -0.02845514 -0.07563372 0.03393979
v -0.02819933 -0.07405429 0.03393979
v -0.02849213 -0.07562773 0.03403023
v -0.02823631 -0.07404830 0.03403023
v -0.02727684 -0.07582456 0.03552403
v -0.02702103 -0.07424514 0.03552403
v -0.02726422 -0.07582659 0.03562108
v -0.02700841 -0.07424718 0.03562108
v -0.02722724 -0.07583258 0.03571153
v -0.02697143 -0.07425317 0.03571153
v -0.02716841 -0.07584211 0.03578919
v -0.02691260 -0.07426271 0.03578919
v -0.02709174 -0.07585453 0.03584879
v -0.02683593 -0.07427513 0.03584879
v -0.02700247 -0.07586901 0.03588625
v -0.02674666 -0.07428958 0.03588625
v -0.02690666 -0.07588451 0.03589903
v -0.02665085 -0.07430509 0.03589903
v -0.02681085 -0.07590003 0.03588625
v -0.02655504 -0.07432061 0.03588625
v -0.02672157 -0.07591449 0.03584879
v -0.02646576 -0.07433507 0.03584879
v -0.02664490 -0.07592691 0.03578919
v -0.02638909 -0.07434749 0.03578919
v -0.02658607 -0.07593643 0.03571153
v -0.02633026 -0.07435701 0.03571153
v -0.02654909 -0.07594242 0.03562108
v -0.02629328 -0.07436300 0.03562108
v -0.02653648 -0.07594446 0.03552403
v -0.02628067 -0.07436505 0.03552403
v -0.02654909 -0.07594242 0.03542697
v -0.02629328 -0.07436300 0.03542697
v -0.02658607 -0.07593643 0.03533653
v -0.02633026 -0.07435701 0.03533653
v -0.02664490 -0.07592691 0.03525886
v -0.02638909 -0.07434749 0.03525886
v -0.02672157 -0.07591449 0.03519927
v -0.02646576 -0.07433507 0.03519927
v -0.02681085 -0.07590003 0.03516181
v -0.02655504 -0.07432061 0.03516181
v -0.02690666 -0.07588451 0.03514903
v -0.02665085 -0.07430509 0.03514903
v -0.02700247 -0.07586901 0.03516181
v -0.02674666 -0.07428958 0.03516181
v -0.02709174 -0.07585453 0.03519927
v -0.02683593 -0.07427513 0.03519927
v -0.02716841 -0.07584211 0.03525886
v -0.02691260 -0.07426271 0.03525886
v -0.02722724 -0.07583258 0.03533653
v -0.02697143 -0.07425317 0.03533653
v -0.02726422 -0.07582659 0.03542697
v -0.02700841 -0.07424718 0.03542697
v -0.02734045 -0.07581425 0.03034091
v -0.02742973 -0.07579978 0.03037837
v -0.02758457 -0.07617993 0.03016868
v -0.02734045 -0.07581425 0.03106535
v -0.02758457 -0.07617993 0.03123759
v -0.02742973 -0.07579978 0.03102789
v -0.02760767 -0.07617618 0.03122789
v -0.02750640 -0.07578738 0.03096830
v -0.02773155 -0.07615612 0.03113160
v -0.02756523 -0.07577785 0.03089063
v -0.02782662 -0.07614073 0.03100610
v -0.02760221 -0.07577185 0.03080019
v -0.02788636 -0.07613105 0.03085996
v -0.02761483 -0.07576982 0.03070313
v -0.02790674 -0.07612775 0.03070313
v -0.02760221 -0.07577185 0.03060607
v -0.02788636 -0.07613105 0.03054631
v -0.02756523 -0.07577785 0.03051563
v -0.02782662 -0.07614073 0.03040016
v -0.02750640 -0.07578738 0.03043797
v -0.02773155 -0.07615612 0.03027467
v -0.02760767 -0.07617618 0.03017837
v -0.02724464 -0.07582978 0.03107813
v -0.02733411 -0.07622049 0.03130567
v -0.02746341 -0.07619955 0.03128843
v -0.02746341 -0.07619955 0.03011784
v -0.02733411 -0.07622049 0.03010060
v -0.02724464 -0.07582978 0.03032813
v -0.02730860 -0.07622462 0.03009719
v -0.02714884 -0.07584529 0.03034091
v -0.02715378 -0.07624970 0.03011784
v -0.02705957 -0.07585974 0.03037837
v -0.02700953 -0.07627307 0.03017837
v -0.02698289 -0.07587216 0.03043797
v -0.02688564 -0.07629313 0.03027467
v -0.02692407 -0.07588169 0.03051563
v -0.02679059 -0.07630852 0.03040016
v -0.02688708 -0.07588768 0.03060607
v -0.02673083 -0.07631820 0.03054631
v -0.02687447 -0.07588973 0.03070313
v -0.02671045 -0.07632151 0.03070313
v -0.02688708 -0.07588768 0.03080019
v -0.02673083 -0.07631820 0.03085996
v -0.02692407 -0.07588169 0.03089063
v -0.02679059 -0.07630852 0.03100610
v -0.02698289 -0.07587216 0.03096830
v -0.02688564 -0.07629313 0.03113160
v -0.02705957 -0.07585974 0.03102789
v -0.02700953 -0.07627307 0.03122789
v -0.02714884 -0.07584529 0.03106535
v -0.02715378 -0.07624970 0.03128843
v -0.02730860 -0.07622462 0.03130907
v -0.02662246 -0.07593054 0.03277476
v -0.02681711 -0.07630423 0.03296176
v -0.02669912 -0.07591812 0.03271516
v -0.02692428 -0.07628688 0.03287847
v -0.02675795 -0.07590859 0.03263750
v -0.02701933 -0.07627148 0.03275297
v -0.02679493 -0.07590261 0.03254706
v -0.02707909 -0.07626181 0.03260683
v -0.02680756 -0.07590056 0.03245000
v -0.02709947 -0.07625849 0.03245000
v -0.02679493 -0.07590261 0.03235294
v -0.02707909 -0.07626181 0.03229317
v -0.02675795 -0.07590859 0.03226250
v -0.02701933 -0.07627148 0.03214703
v -0.02669912 -0.07591812 0.03218484
v -0.02692428 -0.07628688 0.03202154
v -0.02662246 -0.07593054 0.03212524
v -0.02680039 -0.07630693 0.03192524
v -0.02653318 -0.07594500 0.03208777
v -0.02665613 -0.07633030 0.03186471
v -0.02643737 -0.07596052 0.03207500
v -0.02650132 -0.07635537 0.03184406
v -0.02634156 -0.07597605 0.03208777
v -0.02625228 -0.07599050 0.03277476
v -0.02626578 -0.07639353 0.03300141
v -0.02634156 -0.07597605 0.03281222
v -0.02634651 -0.07638045 0.03303529
v -0.02643737 -0.07596052 0.03282500
v -0.02650132 -0.07635537 0.03305594
v -0.02653318 -0.07594500 0.03281222
v -0.02665613 -0.07633030 0.03303529
v -0.02680039 -0.07630693 0.03297476
v -0.02617562 -0.07600292 0.03271516
v -0.02618554 -0.07640652 0.03296176
v -0.02620225 -0.07640381 0.03297476
v -0.02634651 -0.07638045 0.03186471
v -0.02626578 -0.07639353 0.03189859
v -0.02625228 -0.07599050 0.03212524
v -0.02620225 -0.07640381 0.03192524
v -0.02617562 -0.07600292 0.03218484
v -0.02607837 -0.07642388 0.03202154
v -0.02611680 -0.07601245 0.03226250
v -0.02598332 -0.07643927 0.03214703
v -0.02607981 -0.07601844 0.03235294
v -0.02592356 -0.07644895 0.03229317
v -0.02606719 -0.07602047 0.03245000
v -0.02590318 -0.07645225 0.03245000
v -0.02607981 -0.07601844 0.03254706
v -0.02592356 -0.07644895 0.03260683
v -0.02611680 -0.07601245 0.03263750
v -0.02598332 -0.07643927 0.03275297
v -0.02607837 -0.07642388 0.03287847
v -0.02549700 -0.07611283 0.03372500
v -0.02559280 -0.07609732 0.03373778
v -0.02566328 -0.07649111 0.03350771
v -0.02556095 -0.07650769 0.03349406
v -0.02545862 -0.07652426 0.03350771
v -0.02540119 -0.07612834 0.03373778
v -0.02540614 -0.07653276 0.03351471
v -0.02531192 -0.07614280 0.03377524
v -0.02526189 -0.07655612 0.03357524
v -0.02523525 -0.07615522 0.03383483
v -0.02513801 -0.07657618 0.03367153
v -0.02517642 -0.07616474 0.03391250
v -0.02504294 -0.07659159 0.03379703
v -0.02513943 -0.07617074 0.03400294
v -0.02498318 -0.07660125 0.03394317
v -0.02512682 -0.07617279 0.03410000
v -0.02496280 -0.07660456 0.03410000
v -0.02513943 -0.07617074 0.03419706
v -0.02498318 -0.07660125 0.03425683
v -0.02517642 -0.07616474 0.03428750
v -0.02504294 -0.07659159 0.03440297
v -0.02523525 -0.07615522 0.03436516
v -0.02513801 -0.07657618 0.03452846
v -0.02531192 -0.07614280 0.03442476
v -0.02526189 -0.07655612 0.03462476
v -0.02540119 -0.07612834 0.03446222
v -0.02540614 -0.07653276 0.03468529
v -0.02549700 -0.07611283 0.03447500
v -0.02556095 -0.07650769 0.03470594
v -0.02559280 -0.07609732 0.03446222
v -0.02571576 -0.07648262 0.03468529
v -0.02568208 -0.07608285 0.03442476
v -0.02586002 -0.07645925 0.03462476
v -0.02575876 -0.07607043 0.03436516
v -0.02598390 -0.07643917 0.03452846
v -0.02581758 -0.07606090 0.03428750
v -0.02607896 -0.07642378 0.03440297
v -0.02585457 -0.07605491 0.03419706
v -0.02613871 -0.07641410 0.03425683
v -0.02586717 -0.07605287 0.03410000
v -0.02615909 -0.07641080 0.03410000
v -0.02585457 -0.07605491 0.03400294
v -0.02613871 -0.07641410 0.03394317
v -0.02581758 -0.07606090 0.03391250
v -0.02607896 -0.07642378 0.03379703
v -0.02575876 -0.07607043 0.03383483
v -0.02598390 -0.07643917 0.03367153
v -0.02568208 -0.07608285 0.03377524
v -0.02586002 -0.07645925 0.03357524
v -0.02571576 -0.07648262 0.03351471
v -0.02455662 -0.07626513 0.03207500
v -0.02465243 -0.07624961 0.03208777
v -0.02477540 -0.07663491 0.03186471
v -0.02485612 -0.07662184 0.03189859
v -0.02474172 -0.07623516 0.03212524
v -0.02491965 -0.07661155 0.03192524
v -0.02504353 -0.07659149 0.03202154
v -0.02481838 -0.07622274 0.03218484
v -0.02513858 -0.07657608 0.03214703
v -0.02487720 -0.07621321 0.03226250
v -0.02519834 -0.07656641 0.03229317
v -0.02491419 -0.07620722 0.03235294
v -0.02521872 -0.07656311 0.03245000
v -0.02492680 -0.07620517 0.03245000
v -0.02519834 -0.07656641 0.03260683
v -0.02491419 -0.07620722 0.03254706
v -0.02513858 -0.07657608 0.03275297
v -0.02487720 -0.07621321 0.03263750
v -0.02504353 -0.07659149 0.03287847
v -0.02481838 -0.07622274 0.03271516
v -0.02493636 -0.07660884 0.03296176
v -0.02474172 -0.07623516 0.03277476
v -0.02491965 -0.07661155 0.03297476
v -0.02455662 -0.07626513 0.03282500
v -0.02462057 -0.07665999 0.03305594
v -0.02465243 -0.07624961 0.03281222
v -0.02477540 -0.07663491 0.03303529
v -0.02485612 -0.07662184 0.03300141
v -0.02437154 -0.07629512 0.03277476
v -0.02432151 -0.07670842 0.03297476
v -0.02446081 -0.07628065 0.03281222
v -0.02446576 -0.07668506 0.03303529
v -0.02458045 -0.07666648 0.03305059
v -0.02462057 -0.07665999 0.03184406
v -0.02458045 -0.07666648 0.03184942
v -0.02446081 -0.07628065 0.03208777
v -0.02446576 -0.07668506 0.03186471
v -0.02437154 -0.07629512 0.03212524
v -0.02432151 -0.07670842 0.03192524
v -0.02429487 -0.07630754 0.03218484
v -0.02419762 -0.07672850 0.03202154
v -0.02423604 -0.07631705 0.03226250
v -0.02410257 -0.07674389 0.03214703
v -0.02419906 -0.07632304 0.03235294
v -0.02404281 -0.07675357 0.03229317
v -0.02418645 -0.07632509 0.03245000
v -0.02402243 -0.07675687 0.03245000
v -0.02419906 -0.07632304 0.03254706
v -0.02404281 -0.07675357 0.03260683
v -0.02423604 -0.07631705 0.03263750
v -0.02410257 -0.07674389 0.03275297
v -0.02429487 -0.07630754 0.03271516
v -0.02419762 -0.07672850 0.03287847
v -0.02430480 -0.07671115 0.03296176
v -0.02434910 -0.07629875 0.03578919
v -0.02458045 -0.07666648 0.03594431
v -0.02440793 -0.07628923 0.03571153
v -0.02466930 -0.07665209 0.03582700
v -0.02444491 -0.07628324 0.03562108
v -0.02472905 -0.07664242 0.03568086
v -0.02445751 -0.07628118 0.03552403
v -0.02474943 -0.07663912 0.03552403
v -0.02444491 -0.07628324 0.03542697
v -0.02472905 -0.07664242 0.03536720
v -0.02440793 -0.07628923 0.03533653
v -0.02466930 -0.07665209 0.03522106
v -0.02434910 -0.07629875 0.03525886
v -0.02458045 -0.07666648 0.03510375
v -0.02457424 -0.07666749 0.03509557
v -0.02427243 -0.07631118 0.03519927
v -0.02445036 -0.07668756 0.03499927
v -0.02418315 -0.07632563 0.03516181
v -0.02430611 -0.07671092 0.03493873
v -0.02408734 -0.07634114 0.03514903
v -0.02415130 -0.07673600 0.03491809
v -0.02399153 -0.07635666 0.03516181
v -0.02399649 -0.07676107 0.03493873
v -0.02390225 -0.07637112 0.03519927
v -0.02385223 -0.07678443 0.03499927
v -0.02382559 -0.07638353 0.03525886
v -0.02372834 -0.07680450 0.03509557
v -0.02376675 -0.07639306 0.03533653
v -0.02363328 -0.07681990 0.03522106
v -0.02372978 -0.07639905 0.03542697
v -0.02357353 -0.07682957 0.03536720
v -0.02371716 -0.07640110 0.03552403
v -0.02355315 -0.07683287 0.03552403
v -0.02372978 -0.07639905 0.03562108
v -0.02357353 -0.07682957 0.03568086
v -0.02376675 -0.07639306 0.03571153
v -0.02363328 -0.07681990 0.03582700
v -0.02382559 -0.07638353 0.03578919
v -0.02372834 -0.07680450 0.03595249
v -0.02390225 -0.07637112 0.03584879
v -0.02385223 -0.07678443 0.03604879
v -0.02399153 -0.07635666 0.03588625
v -0.02399649 -0.07676107 0.03610932
v -0.02408734 -0.07634114 0.03589903
v -0.02415130 -0.07673600 0.03612997
v -0.02418315 -0.07632563 0.03588625
v -0.02430611 -0.07671092 0.03610932
v -0.02427243 -0.07631118 0.03584879
v -0.02445036 -0.07668756 0.03604879
v -0.02457424 -0.07666749 0.03595249
v -0.02318002 -0.07648809 0.03431479
v -0.02345614 -0.07684858 0.03439422
v -0.02321700 -0.07648210 0.03422435
v -0.02350115 -0.07684130 0.03428412
v -0.02322961 -0.07648007 0.03412730
v -0.02352154 -0.07683799 0.03412730
v -0.02321700 -0.07648210 0.03403023
v -0.02350115 -0.07684130 0.03397046
v -0.02318002 -0.07648809 0.03393979
v -0.02345614 -0.07684858 0.03386037
v -0.02344141 -0.07685099 0.03382432
v -0.02312119 -0.07649762 0.03386213
v -0.02334634 -0.07686637 0.03369883
v -0.02304454 -0.07651004 0.03380253
v -0.02322246 -0.07688643 0.03360253
v -0.02295524 -0.07652450 0.03376507
v -0.02307820 -0.07690980 0.03354200
v -0.02285944 -0.07654003 0.03375229
v -0.02292339 -0.07693487 0.03352135
v -0.02276363 -0.07655554 0.03376507
v -0.02276858 -0.07695996 0.03354200
v -0.02267436 -0.07656999 0.03380253
v -0.02262432 -0.07698331 0.03360253
v -0.02259768 -0.07658242 0.03386213
v -0.02250045 -0.07700337 0.03369883
v -0.02253886 -0.07659194 0.03393979
v -0.02240538 -0.07701877 0.03382432
v -0.02250187 -0.07659793 0.03403023
v -0.02234564 -0.07702845 0.03397046
v -0.02248926 -0.07659997 0.03412730
v -0.02232524 -0.07703176 0.03412730
v -0.02250187 -0.07659793 0.03422435
v -0.02234564 -0.07702845 0.03428412
v -0.02253886 -0.07659194 0.03431479
v -0.02240538 -0.07701877 0.03443027
v -0.02259768 -0.07658242 0.03439245
v -0.02250045 -0.07700337 0.03455576
v -0.02267436 -0.07656999 0.03445205
v -0.02262432 -0.07698331 0.03465205
v -0.02276363 -0.07655554 0.03448952
v -0.02276858 -0.07695996 0.03471258
v -0.02285944 -0.07654003 0.03450229
v -0.02292339 -0.07693487 0.03473323
v -0.02295524 -0.07652450 0.03448952
v -0.02307820 -0.07690980 0.03471258
v -0.02304454 -0.07651004 0.03445205
v -0.02322246 -0.07688643 0.03465205
v -0.02312119 -0.07649762 0.03439245
v -0.02334634 -0.07686637 0.03455576
v -0.02344141 -0.07685099 0.03443027
v -0.02237108 -0.07661911 0.03235871
v -0.02221483 -0.07704963 0.03241848
v -0.02240806 -0.07661312 0.03244916
v -0.02227458 -0.07703995 0.03256462
v -0.02246689 -0.07660359 0.03252682
v -0.02236964 -0.07702456 0.03269012
v -0.02254355 -0.07659118 0.03258641
v -0.02249353 -0.07700450 0.03278641
v -0.02263283 -0.07657672 0.03262387
v -0.02263778 -0.07698114 0.03284695
v -0.02272864 -0.07656121 0.03263665
v -0.02279259 -0.07695606 0.03286759
v -0.02282445 -0.07654568 0.03262387
v -0.02294740 -0.07693098 0.03284695
v -0.02291374 -0.07653123 0.03258641
v -0.02309166 -0.07690763 0.03278641
v -0.02299040 -0.07651881 0.03252682
v -0.02321554 -0.07688755 0.03269012
v -0.02304922 -0.07650928 0.03244916
v -0.02331060 -0.07687216 0.03256462
v -0.02308621 -0.07650328 0.03235871
v -0.02337035 -0.07686248 0.03241848
v -0.02309881 -0.07650125 0.03226165
v -0.02339073 -0.07685918 0.03226165
v -0.02308621 -0.07650328 0.03216460
v -0.02337035 -0.07686248 0.03210482
v -0.02304922 -0.07650928 0.03207415
v -0.02331060 -0.07687216 0.03195869
v -0.02299040 -0.07651881 0.03199649
v -0.02321554 -0.07688755 0.03183319
v -0.02291374 -0.07653123 0.03193690
v -0.02309166 -0.07690763 0.03173690
v -0.02282445 -0.07654568 0.03189943
v -0.02294740 -0.07693098 0.03167636
v -0.02272864 -0.07656121 0.03188666
v -0.02279259 -0.07695606 0.03165571
v -0.02263283 -0.07657672 0.03189943
v -0.02263778 -0.07698114 0.03167636
v -0.02254355 -0.07659118 0.03193690
v -0.02249353 -0.07700450 0.03173690
v -0.02246689 -0.07660359 0.03199649
v -0.02236964 -0.07702456 0.03183319
v -0.02240806 -0.07661312 0.03207415
v -0.02227458 -0.07703995 0.03195869
v -0.02237108 -0.07661911 0.03216460
v -0.02221483 -0.07704963 0.03210482
v -0.02235846 -0.07662117 0.03226165
v -0.02219445 -0.07705294 0.03226165
v -0.02353734 -0.07683544 0.03016868
v -0.02356426 -0.07642586 0.03037837
v -0.02365849 -0.07681581 0.03011784
v -0.02365354 -0.07641140 0.03034091
v -0.02381330 -0.07679074 0.03009719
v -0.02374935 -0.07639588 0.03032813
v -0.02396811 -0.07676567 0.03011784
v -0.02384516 -0.07638037 0.03034091
v -0.02411237 -0.07674230 0.03017837
v -0.02393443 -0.07636592 0.03037837
v -0.02423625 -0.07672224 0.03027467
v -0.02401111 -0.07635350 0.03043797
v -0.02433131 -0.07670684 0.03040016
v -0.02406993 -0.07634397 0.03051563
v -0.02439106 -0.07669716 0.03054631
v -0.02410692 -0.07633798 0.03060607
v -0.02441144 -0.07669387 0.03070313
v -0.02411952 -0.07633592 0.03070313
v -0.02439106 -0.07669716 0.03085996
v -0.02410692 -0.07633798 0.03080019
v -0.02433131 -0.07670684 0.03100610
v -0.02406993 -0.07634397 0.03089063
v -0.02423625 -0.07672224 0.03113160
v -0.02401111 -0.07635350 0.03096830
v -0.02411237 -0.07674230 0.03122789
v -0.02393443 -0.07636592 0.03102789
v -0.02396811 -0.07676567 0.03128843
v -0.02384516 -0.07638037 0.03106535
v -0.02381330 -0.07679074 0.03130907
v -0.02374935 -0.07639588 0.03107813
v -0.02365849 -0.07681581 0.03128843
v -0.02365354 -0.07641140 0.03106535
v -0.02353734 -0.07683544 0.03123759
v -0.02356426 -0.07642586 0.03102789
v -0.02351424 -0.07683917 0.03122789
v -0.02351424 -0.07683917 0.03017837
v -0.02345614 -0.07684858 0.03022353
v -0.02348760 -0.07643828 0.03043797
v -0.02339035 -0.07685924 0.03027467
v -0.02342877 -0.07644780 0.03051563
v -0.02329529 -0.07687464 0.03040016
v -0.02339179 -0.07645379 0.03060607
v -0.02323554 -0.07688433 0.03054631
v -0.02337917 -0.07645584 0.03070313
v -0.02321516 -0.07688761 0.03070313
v -0.02339179 -0.07645379 0.03080019
v -0.02323554 -0.07688433 0.03085996
v -0.02342877 -0.07644780 0.03089063
v -0.02329529 -0.07687464 0.03100610
v -0.02348760 -0.07643828 0.03096830
v -0.02339035 -0.07685924 0.03113160
v -0.02345614 -0.07684858 0.03118274
v -0.02575876 -0.07607043 0.02983484
v -0.02598390 -0.07643917 0.02967154
v -0.02568208 -0.07608285 0.02977524
v -0.02586002 -0.07645925 0.02957524
v -0.02559280 -0.07609732 0.02973778
v -0.02571576 -0.07648262 0.02951471
v -0.02549700 -0.07611283 0.02972500
v -0.02556095 -0.07650769 0.02949406
v -0.02540119 -0.07612834 0.02973778
v -0.02540614 -0.07653276 0.02951471
v -0.02531192 -0.07614280 0.02977524
v -0.02526189 -0.07655612 0.02957524
v -0.02523525 -0.07615522 0.02983484
v -0.02513801 -0.07657618 0.02967154
v -0.02517642 -0.07616474 0.02991250
v -0.02504401 -0.07659140 0.02979563
v -0.02504294 -0.07659159 0.02979703
v -0.02513943 -0.07617074 0.03000294
v -0.02498318 -0.07660125 0.02994317
v -0.02512682 -0.07617279 0.03010000
v -0.02496280 -0.07660456 0.03010000
v -0.02513943 -0.07617074 0.03019706
v -0.02498318 -0.07660125 0.03025683
v -0.02517642 -0.07616474 0.03028750
v -0.02504294 -0.07659159 0.03040297
v -0.02523525 -0.07615522 0.03036517
v -0.02513801 -0.07657618 0.03052847
v -0.02531192 -0.07614280 0.03042476
v -0.02526189 -0.07655612 0.03062476
v -0.02540119 -0.07612834 0.03046222
v -0.02540614 -0.07653276 0.03068529
v -0.02549700 -0.07611283 0.03047500
v -0.02556095 -0.07650769 0.03070594
v -0.02559280 -0.07609732 0.03046222
v -0.02571576 -0.07648262 0.03068529
v -0.02568208 -0.07608285 0.03042476
v -0.02586002 -0.07645925 0.03062476
v -0.02575876 -0.07607043 0.03036517
v -0.02598390 -0.07643917 0.03052847
v -0.02581758 -0.07606090 0.03028750
v -0.02607896 -0.07642378 0.03040297
v -0.02585457 -0.07605491 0.03019706
v -0.02613871 -0.07641410 0.03025683
v -0.02586717 -0.07605287 0.03010000
v -0.02615909 -0.07641080 0.03010000
v -0.02585457 -0.07605491 0.03000294
v -0.02613871 -0.07641410 0.02994317
v -0.02581758 -0.07606090 0.02991250
v -0.02607896 -0.07642378 0.02979703
v -0.02607789 -0.07642395 0.02979563
v -0.02858594 -0.07561254 0.03207415
v -0.02884733 -0.07597541 0.03195869
v -0.02852711 -0.07562207 0.03199649
v -0.02875226 -0.07599080 0.03183319
v -0.02845044 -0.07563449 0.03193690
v -0.02862838 -0.07601087 0.03173690
v -0.02836116 -0.07564894 0.03189943
v -0.02848412 -0.07603424 0.03167636
v -0.02826535 -0.07566445 0.03188666
v -0.02858594 -0.07561254 0.03244916
v -0.02886205 -0.07597302 0.03252858
v -0.02862292 -0.07560653 0.03235871
v -0.02890707 -0.07596572 0.03241848
v -0.02863554 -0.07560449 0.03226165
v -0.02892745 -0.07596244 0.03226165
v -0.02862292 -0.07560653 0.03216460
v -0.02890707 -0.07596572 0.03210482
v -0.02886205 -0.07597302 0.03199473
v -0.02826535 -0.07566445 0.03263665
v -0.02835170 -0.07605568 0.03286461
v -0.02836116 -0.07564894 0.03262387
v -0.02848412 -0.07603424 0.03284695
v -0.02845044 -0.07563449 0.03258641
v -0.02862838 -0.07601087 0.03278641
v -0.02852711 -0.07562207 0.03252682
v -0.02875226 -0.07599080 0.03269012
v -0.02884733 -0.07597541 0.03256462
v -0.02835170 -0.07605568 0.03165870
v -0.02832931 -0.07605931 0.03165571
v -0.02816955 -0.07567996 0.03189943
v -0.02817449 -0.07608438 0.03167636
v -0.02808028 -0.07569443 0.03193690
v -0.02803023 -0.07610774 0.03173690
v -0.02800360 -0.07570684 0.03199649
v -0.02790635 -0.07612781 0.03183319
v -0.02794478 -0.07571637 0.03207415
v -0.02781130 -0.07614321 0.03195869
v -0.02790779 -0.07572236 0.03216460
v -0.02775154 -0.07615288 0.03210482
v -0.02789518 -0.07572441 0.03226165
v -0.02773116 -0.07615618 0.03226165
v -0.02790779 -0.07572236 0.03235871
v -0.02775154 -0.07615288 0.03241848
v -0.02794478 -0.07571637 0.03244916
v -0.02781130 -0.07614321 0.03256462
v -0.02800360 -0.07570684 0.03252682
v -0.02790635 -0.07612781 0.03269012
v -0.02808028 -0.07569443 0.03258641
v -0.02803023 -0.07610774 0.03278641
v -0.02816955 -0.07567996 0.03262387
v -0.02817449 -0.07608438 0.03284695
v -0.02832931 -0.07605931 0.03286759
v -0.02823036 -0.07567012 0.03448952
v -0.02835332 -0.07605541 0.03471258
v -0.02831964 -0.07565566 0.03445205
v -0.02849758 -0.07603205 0.03465205
v -0.02839632 -0.07564324 0.03439245
v -0.02862146 -0.07601200 0.03455576
v -0.02845514 -0.07563372 0.03431479
v -0.02871652 -0.07599658 0.03443027
v -0.02849213 -0.07562773 0.03422435
v -0.02877627 -0.07598691 0.03428412
v -0.02850473 -0.07562567 0.03412730
v -0.02879665 -0.07598361 0.03412730
v -0.02849213 -0.07562773 0.03403023
v -0.02877627 -0.07598691 0.03397046
v -0.02845514 -0.07563372 0.03393979
v -0.02871652 -0.07599658 0.03382432
v -0.02839632 -0.07564324 0.03386213
v -0.02862146 -0.07601200 0.03369883
v -0.02831964 -0.07565566 0.03380253
v -0.02849758 -0.07603205 0.03360253
v -0.02823036 -0.07567012 0.03376507
v -0.02835332 -0.07605541 0.03354200
v -0.02813455 -0.07568564 0.03375229
v -0.02835170 -0.07605568 0.03354178
v -0.02819851 -0.07608049 0.03352135
v -0.02803875 -0.07570115 0.03376507
v -0.02804370 -0.07610556 0.03354200
v -0.02794948 -0.07571561 0.03380253
v -0.02789943 -0.07612892 0.03360253
v -0.02787281 -0.07572803 0.03386213
v -0.02777557 -0.07614899 0.03369883
v -0.02781398 -0.07573755 0.03393979
v -0.02768050 -0.07616439 0.03382432
v -0.02777700 -0.07574354 0.03403023
v -0.02762075 -0.07617407 0.03397046
v -0.02776438 -0.07574559 0.03412730
v -0.02760037 -0.07617737 0.03412730
v -0.02777700 -0.07574354 0.03422435
v -0.02762075 -0.07617407 0.03428412
v -0.02781398 -0.07573755 0.03431479
v -0.02768050 -0.07616439 0.03443027
v -0.02787281 -0.07572803 0.03439245
v -0.02777557 -0.07614899 0.03455576
v -0.02794948 -0.07571561 0.03445205
v -0.02789943 -0.07612892 0.03465205
v -0.02803875 -0.07570115 0.03448952
v -0.02804370 -0.07610556 0.03471258
v -0.02813455 -0.07568564 0.03450229
v -0.02819851 -0.07608049 0.03473323
v -0.02835170 -0.07605568 0.03471280
v -0.02716841 -0.07584211 0.03578919
v -0.02739357 -0.07621086 0.03595249
v -0.02722724 -0.07583258 0.03571153
v -0.02748863 -0.07619548 0.03582700
v -0.02726422 -0.07582659 0.03562108
v -0.02754837 -0.07618579 0.03568086
v -0.02727684 -0.07582456 0.03552403
v -0.02756876 -0.07618249 0.03552403
v -0.02726422 -0.07582659 0.03542697
v -0.02754837 -0.07618579 0.03536720
v -0.02722724 -0.07583258 0.03533653
v -0.02748863 -0.07619548 0.03522106
v -0.02716841 -0.07584211 0.03525886
v -0.02739357 -0.07621086 0.03509557
v -0.02733411 -0.07622049 0.03504936
v -0.02709174 -0.07585453 0.03519927
v -0.02726968 -0.07623092 0.03499927
v -0.02700247 -0.07586901 0.03516181
v -0.02712542 -0.07625429 0.03493873
v -0.02690666 -0.07588451 0.03514903
v -0.02697061 -0.07627938 0.03491809
v -0.02681085 -0.07590003 0.03516181
v -0.02681579 -0.07630445 0.03493873
v -0.02672157 -0.07591449 0.03519927
v -0.02667153 -0.07632781 0.03499927
v -0.02664490 -0.07592691 0.03525886
v -0.02654765 -0.07634786 0.03509557
v -0.02658607 -0.07593643 0.03533653
v -0.02645261 -0.07636326 0.03522106
v -0.02654909 -0.07594242 0.03542697
v -0.02639284 -0.07637294 0.03536720
v -0.02653648 -0.07594446 0.03552403
v -0.02637246 -0.07637625 0.03552403
v -0.02654909 -0.07594242 0.03562108
v -0.02639284 -0.07637294 0.03568086
v -0.02658607 -0.07593643 0.03571153
v -0.02645261 -0.07636326 0.03582700
v -0.02664490 -0.07592691 0.03578919
v -0.02654765 -0.07634786 0.03595249
v -0.02672157 -0.07591449 0.03584879
v -0.02667153 -0.07632781 0.03604879
v -0.02681085 -0.07590003 0.03588625
v -0.02681579 -0.07630445 0.03610932
v -0.02690666 -0.07588451 0.03589903
v -0.02697061 -0.07627938 0.03612997
v -0.02700247 -0.07586901 0.03588625
v -0.02712542 -0.07625429 0.03610932
v -0.02709174 -0.07585453 0.03584879
v -0.02726968 -0.07623092 0.03604879
v -0.02733411 -0.07622049 0.03599871
v -0.02461565 -0.07666078 0.02942607
v -0.02458053 -0.07666648 0.02944081
v -0.02458045 -0.07666648 0.02979563
v -0.02819851 -0.07608049 0.03352135
v -0.02835170 -0.07605568 0.03354178
v -0.02835170 -0.07605568 0.03350771
v -0.02890707 -0.07596572 0.03241848
v -0.02886205 -0.07597302 0.03252858
v -0.02886205 -0.07597302 0.03296176
v -0.02848412 -0.07603424 0.03284695
v -0.02835170 -0.07605568 0.03286461
v -0.02835170 -0.07605568 0.03296176
v -0.02540614 -0.07653276 0.03351471
v -0.02545862 -0.07652426 0.03350771
v -0.02485612 -0.07662184 0.03350771
v -0.02760767 -0.07617618 0.03122789
v -0.02758457 -0.07617993 0.03123759
v -0.02758457 -0.07617993 0.03148240
v -0.02746341 -0.07619955 0.03128843
v -0.02733411 -0.07622049 0.03130567
v -0.02733411 -0.07622049 0.03148240
v -0.02730860 -0.07622462 0.03009719
v -0.02733411 -0.07622049 0.03010060
v -0.02733411 -0.07622049 0.02979563
v -0.02730860 -0.07622462 0.03130907
v -0.02715378 -0.07624970 0.03128843
v -0.02626578 -0.07639353 0.03148240
v -0.02700953 -0.07627307 0.03122789
v -0.02688564 -0.07629313 0.03113160
v -0.02679059 -0.07630852 0.03100610
v -0.02673083 -0.07631820 0.03085996
v -0.02671045 -0.07632151 0.03070313
v -0.02626578 -0.07639353 0.02979563
v -0.02673083 -0.07631820 0.03054631
v -0.02679059 -0.07630852 0.03040016
v -0.02688564 -0.07629313 0.03027467
v -0.02700953 -0.07627307 0.03017837
v -0.02715378 -0.07624970 0.03011784
v -0.02788636 -0.07613105 0.03085996
v -0.02782662 -0.07614073 0.03100610
v -0.02835170 -0.07605568 0.03148240
v -0.02773155 -0.07615612 0.03027467
v -0.02782662 -0.07614073 0.03040016
v -0.02814360 -0.07608940 0.03038371
v -0.02788636 -0.07613105 0.03054631
v -0.02835158 -0.07605569 0.03065830
v -0.02773155 -0.07615612 0.03113160
v -0.02760767 -0.07617618 0.03017837
v -0.02758429 -0.07617997 0.02994895
v -0.02758457 -0.07617993 0.03016868
v -0.02790674 -0.07612775 0.03070313
v -0.02746341 -0.07619955 0.03011784
v -0.02738760 -0.07621183 0.02979606
v -0.02618554 -0.07640652 0.03296176
v -0.02607837 -0.07642388 0.03287847
v -0.02556095 -0.07650769 0.03296176
v -0.02598332 -0.07643927 0.03275297
v -0.02592356 -0.07644895 0.03260683
v -0.02590318 -0.07645225 0.03245000
v -0.02556095 -0.07650769 0.03148240
v -0.02592356 -0.07644895 0.03229317
v -0.02598332 -0.07643927 0.03214703
v -0.02626578 -0.07639353 0.03189859
v -0.02620225 -0.07640381 0.03192524
v -0.02607837 -0.07642388 0.03202154
v -0.02650132 -0.07635537 0.03305594
v -0.02634651 -0.07638045 0.03303529
v -0.02626578 -0.07639353 0.03350771
v -0.02665613 -0.07633030 0.03303529
v -0.02680039 -0.07630693 0.03297476
v -0.02733411 -0.07622049 0.03350771
v -0.02681711 -0.07630423 0.03296176
v -0.02733411 -0.07622049 0.03296176
v -0.02692428 -0.07628688 0.03287847
v -0.02701933 -0.07627148 0.03275297
v -0.02692428 -0.07628688 0.03202154
v -0.02701933 -0.07627148 0.03214703
v -0.02680039 -0.07630693 0.03192524
v -0.02634651 -0.07638045 0.03186471
v -0.02650132 -0.07635537 0.03184406
v -0.02665613 -0.07633030 0.03186471
v -0.02707909 -0.07626181 0.03229317
v -0.02709947 -0.07625849 0.03245000
v -0.02707909 -0.07626181 0.03260683
v -0.02485612 -0.07662184 0.03482566
v -0.02526189 -0.07655612 0.03462476
v -0.02513801 -0.07657618 0.03452846
v -0.02496280 -0.07660456 0.03410000
v -0.02498318 -0.07660125 0.03394317
v -0.02504294 -0.07659159 0.03379703
v -0.02504294 -0.07659159 0.03440297
v -0.02498318 -0.07660125 0.03425683
v -0.02513801 -0.07657618 0.03367153
v -0.02526189 -0.07655612 0.03357524
v -0.02626578 -0.07639353 0.03300141
v -0.02566328 -0.07649111 0.03350771
v -0.02571576 -0.07648262 0.03351471
v -0.02586002 -0.07645925 0.03357524
v -0.02598390 -0.07643917 0.03367153
v -0.02607896 -0.07642378 0.03379703
v -0.02626578 -0.07639353 0.03482566
v -0.02571576 -0.07648262 0.03468529
v -0.02556095 -0.07650769 0.03482566
v -0.02556095 -0.07650769 0.03470594
v -0.02540614 -0.07653276 0.03468529
v -0.02607896 -0.07642378 0.03440297
v -0.02598390 -0.07643917 0.03452846
v -0.02586002 -0.07645925 0.03462476
v -0.02613871 -0.07641410 0.03394317
v -0.02615909 -0.07641080 0.03410000
v -0.02613871 -0.07641410 0.03425683
v -0.02620225 -0.07640381 0.03297476
v -0.02556095 -0.07650769 0.03349406
v -0.02430480 -0.07671115 0.03296176
v -0.02419762 -0.07672850 0.03287847
v -0.02353734 -0.07683544 0.03296176
v -0.02410257 -0.07674389 0.03275297
v -0.02404281 -0.07675357 0.03260683
v -0.02402243 -0.07675687 0.03245000
v -0.02353734 -0.07683544 0.03148240
v -0.02404281 -0.07675357 0.03229317
v -0.02410257 -0.07674389 0.03214703
v -0.02419762 -0.07672850 0.03202154
v -0.02432151 -0.07670842 0.03192524
v -0.02458045 -0.07666648 0.03148240
v -0.02446576 -0.07668506 0.03186471
v -0.02458045 -0.07666648 0.03184942
v -0.02432151 -0.07670842 0.03297476
v -0.02353734 -0.07683544 0.03350771
v -0.02446576 -0.07668506 0.03303529
v -0.02458045 -0.07666648 0.03350771
v -0.02458045 -0.07666648 0.03305059
v -0.02477540 -0.07663491 0.03303529
v -0.02462057 -0.07665999 0.03305594
v -0.02519834 -0.07656641 0.03260683
v -0.02513858 -0.07657608 0.03275297
v -0.02504353 -0.07659149 0.03287847
v -0.02493636 -0.07660884 0.03296176
v -0.02491965 -0.07661155 0.03297476
v -0.02485612 -0.07662184 0.03300141
v -0.02504353 -0.07659149 0.03202154
v -0.02513858 -0.07657608 0.03214703
v -0.02519834 -0.07656641 0.03229317
v -0.02521872 -0.07656311 0.03245000
v -0.02462057 -0.07665999 0.03184406
v -0.02477540 -0.07663491 0.03186471
v -0.02485612 -0.07662184 0.03148240
v -0.02485612 -0.07662184 0.03189859
v -0.02491965 -0.07661155 0.03192524
v -0.02357353 -0.07682957 0.03536720
v -0.02363328 -0.07681990 0.03522106
v -0.02353734 -0.07683544 0.03482566
v -0.02372834 -0.07680450 0.03509557
v -0.02385223 -0.07678443 0.03499927
v -0.02372834 -0.07680450 0.03595249
v -0.02363328 -0.07681990 0.03582700
v -0.02353755 -0.07683541 0.03605101
v -0.02357353 -0.07682957 0.03568086
v -0.02355315 -0.07683287 0.03552403
v -0.02385223 -0.07678443 0.03604879
v -0.02373476 -0.07680346 0.03620429
v -0.02399649 -0.07676107 0.03610932
v -0.02399649 -0.07676107 0.03493873
v -0.02415130 -0.07673600 0.03491809
v -0.02458045 -0.07666648 0.03482566
v -0.02430611 -0.07671092 0.03493873
v -0.02445036 -0.07668756 0.03499927
v -0.02415130 -0.07673600 0.03612997
v -0.02457382 -0.07666757 0.03656230
v -0.02430611 -0.07671092 0.03610932
v -0.02457382 -0.07666757 0.03650000
v -0.02445036 -0.07668756 0.03604879
v -0.02458045 -0.07666648 0.03644283
v -0.02457424 -0.07666749 0.03595249
v -0.02457424 -0.07666749 0.03509557
v -0.02458045 -0.07666648 0.03510375
v -0.02466930 -0.07665209 0.03522106
v -0.02472905 -0.07664242 0.03536720
v -0.02474943 -0.07663912 0.03552403
v -0.02460079 -0.07666320 0.03626736
v -0.02468498 -0.07664955 0.03603867
v -0.02458045 -0.07666648 0.03594431
v -0.02474295 -0.07664017 0.03595317
v -0.02466930 -0.07665209 0.03582700
v -0.02482106 -0.07662752 0.03583798
v -0.02472905 -0.07664242 0.03568086
v -0.02485612 -0.07662184 0.03580664
v -0.02458412 -0.07666590 0.03641111
v -0.02276858 -0.07695996 0.03471258
v -0.02262432 -0.07698331 0.03465205
v -0.02238790 -0.07702160 0.03482561
v -0.02292339 -0.07693487 0.03473323
v -0.02345614 -0.07684858 0.03350771
v -0.02292339 -0.07693487 0.03352135
v -0.02307820 -0.07690980 0.03354200
v -0.02322246 -0.07688643 0.03360253
v -0.02334634 -0.07686637 0.03369883
v -0.02344141 -0.07685099 0.03382432
v -0.02345614 -0.07684858 0.03482566
v -0.02344141 -0.07685099 0.03443027
v -0.02334634 -0.07686637 0.03455576
v -0.02322246 -0.07688643 0.03465205
v -0.02307820 -0.07690980 0.03471258
v -0.02250045 -0.07700337 0.03369883
v -0.02262432 -0.07698331 0.03360253
v -0.02197452 -0.07708855 0.03350767
v -0.02276858 -0.07695996 0.03354200
v -0.02234564 -0.07702845 0.03428412
v -0.02203301 -0.07707908 0.03395763
v -0.02240538 -0.07701877 0.03443027
v -0.02250045 -0.07700337 0.03455576
v -0.02232524 -0.07703176 0.03412730
v -0.02234564 -0.07702845 0.03397046
v -0.02240538 -0.07701877 0.03382432
v -0.02350115 -0.07684130 0.03397046
v -0.02352154 -0.07683799 0.03412730
v -0.02345614 -0.07684858 0.03386037
v -0.02350115 -0.07684130 0.03428412
v -0.02345614 -0.07684858 0.03439422
v -0.02239787 -0.07701998 0.03115000
v -0.02226194 -0.07704200 0.03148246
v -0.02329529 -0.07687464 0.03100610
v -0.02323554 -0.07688433 0.03085996
v -0.02321516 -0.07688761 0.03070313
v -0.02297831 -0.07692597 0.03038371
v -0.02323554 -0.07688433 0.03054631
v -0.02329529 -0.07687464 0.03040016
v -0.02345639 -0.07684854 0.03001208
v -0.02339035 -0.07685924 0.03027467
v -0.02353734 -0.07683544 0.03123759
v -0.02351424 -0.07683917 0.03122789
v -0.02345614 -0.07684858 0.03148240
v -0.02345614 -0.07684858 0.03118274
v -0.02339035 -0.07685924 0.03113160
v -0.02441144 -0.07669387 0.03070313
v -0.02439106 -0.07669716 0.03085996
v -0.02433131 -0.07670684 0.03100610
v -0.02423625 -0.07672224 0.03113160
v -0.02411237 -0.07674230 0.03122789
v -0.02396811 -0.07676567 0.03128843
v -0.02381330 -0.07679074 0.03130907
v -0.02365849 -0.07681581 0.03128843
v -0.02381330 -0.07679074 0.03009719
v -0.02396811 -0.07676567 0.03011784
v -0.02411237 -0.07674230 0.03017837
v -0.02423625 -0.07672224 0.03027467
v -0.02433131 -0.07670684 0.03040016
v -0.02439106 -0.07669716 0.03054631
v -0.02373429 -0.07680353 0.02979606
v -0.02353763 -0.07683539 0.02994894
v -0.02365849 -0.07681581 0.03011784
v -0.02345614 -0.07684858 0.03022353
v -0.02351424 -0.07683917 0.03017837
v -0.02353734 -0.07683544 0.03016868
v -0.02526189 -0.07655612 0.03062476
v -0.02513801 -0.07657618 0.03052847
v -0.02504294 -0.07659159 0.03040297
v -0.02498318 -0.07660125 0.03025683
v -0.02496280 -0.07660456 0.03010000
v -0.02485612 -0.07662184 0.02979563
v -0.02498318 -0.07660125 0.02994317
v -0.02607896 -0.07642378 0.03040297
v -0.02598390 -0.07643917 0.03052847
v -0.02598390 -0.07643917 0.02967154
v -0.02607789 -0.07642395 0.02979563
v -0.02607896 -0.07642378 0.02979703
v -0.02586002 -0.07645925 0.03062476
v -0.02571576 -0.07648262 0.03068529
v -0.02556095 -0.07650769 0.03070594
v -0.02540614 -0.07653276 0.03068529
v -0.02613871 -0.07641410 0.02994317
v -0.02615909 -0.07641080 0.03010000
v -0.02613871 -0.07641410 0.03025683
v -0.02586002 -0.07645925 0.02957524
v -0.02626576 -0.07639353 0.02939400
v -0.02571576 -0.07648262 0.02951471
v -0.02556095 -0.07650769 0.02930000
v -0.02556095 -0.07650769 0.02949406
v -0.02504294 -0.07659159 0.02979703
v -0.02504401 -0.07659140 0.02979563
v -0.02485614 -0.07662184 0.02939400
v -0.02513801 -0.07657618 0.02967154
v -0.02526189 -0.07655612 0.02957524
v -0.02540614 -0.07653276 0.02951471
v -0.02781130 -0.07614321 0.03195869
v -0.02790635 -0.07612781 0.03183319
v -0.02803023 -0.07610774 0.03173690
v -0.02832931 -0.07605931 0.03286759
v -0.02817449 -0.07608438 0.03284695
v -0.02758457 -0.07617993 0.03296176
v -0.02803023 -0.07610774 0.03278641
v -0.02790635 -0.07612781 0.03269012
v -0.02781130 -0.07614321 0.03256462
v -0.02817449 -0.07608438 0.03167636
v -0.02775154 -0.07615288 0.03241848
v -0.02773116 -0.07615618 0.03226165
v -0.02775154 -0.07615288 0.03210482
v -0.02884733 -0.07597541 0.03256462
v -0.02875226 -0.07599080 0.03269012
v -0.02862838 -0.07601087 0.03278641
v -0.02920839 -0.07591693 0.03296181
v -0.02908890 -0.07593627 0.03204237
v -0.02892745 -0.07596244 0.03226165
v -0.02832931 -0.07605931 0.03165571
v -0.02835170 -0.07605568 0.03165870
v -0.02885997 -0.07597335 0.03148247
v -0.02848412 -0.07603424 0.03167636
v -0.02862838 -0.07601087 0.03173690
v -0.02886187 -0.07597304 0.03148713
v -0.02875226 -0.07599080 0.03183319
v -0.02884733 -0.07597541 0.03195869
v -0.02886205 -0.07597302 0.03199473
v -0.02890707 -0.07596572 0.03210482
v -0.02758457 -0.07617993 0.03482566
v -0.02760037 -0.07617737 0.03412730
v -0.02758457 -0.07617993 0.03350771
v -0.02762075 -0.07617407 0.03397046
v -0.02768050 -0.07616439 0.03382432
v -0.02835170 -0.07605568 0.03482566
v -0.02819851 -0.07608049 0.03473323
v -0.02777557 -0.07614899 0.03369883
v -0.02789943 -0.07612892 0.03360253
v -0.02804370 -0.07610556 0.03354200
v -0.02804370 -0.07610556 0.03471258
v -0.02789943 -0.07612892 0.03465205
v -0.02777557 -0.07614899 0.03455576
v -0.02768050 -0.07616439 0.03443027
v -0.02762075 -0.07617407 0.03428412
v -0.02849758 -0.07603205 0.03360253
v -0.02862146 -0.07601200 0.03369883
v -0.02886205 -0.07597302 0.03350771
v -0.02835332 -0.07605541 0.03354200
v -0.02871652 -0.07599658 0.03382432
v -0.02877627 -0.07598691 0.03397046
v -0.02879665 -0.07598361 0.03412730
v -0.02862146 -0.07601200 0.03455576
v -0.02873400 -0.07599375 0.03482560
v -0.02871652 -0.07599658 0.03443027
v -0.02886192 -0.07597304 0.03451274
v -0.02877627 -0.07598691 0.03428412
v -0.02849758 -0.07603205 0.03465205
v -0.02835332 -0.07605541 0.03471258
v -0.02835170 -0.07605568 0.03471280
v -0.02697061 -0.07627938 0.03491809
v -0.02712542 -0.07625429 0.03493873
v -0.02733411 -0.07622049 0.03482566
v -0.02726968 -0.07623092 0.03499927
v -0.02654809 -0.07634780 0.03656230
v -0.02733403 -0.07622051 0.03622696
v -0.02712542 -0.07625429 0.03610932
v -0.02681579 -0.07630445 0.03493873
v -0.02667153 -0.07632781 0.03499927
v -0.02654765 -0.07634786 0.03509557
v -0.02697061 -0.07627938 0.03612997
v -0.02681579 -0.07630445 0.03610932
v -0.02654809 -0.07634780 0.03650000
v -0.02637246 -0.07637625 0.03552403
v -0.02639284 -0.07637294 0.03536720
v -0.02645261 -0.07636326 0.03522106
v -0.02639284 -0.07637294 0.03568086
v -0.02626578 -0.07639353 0.03580615
v -0.02645261 -0.07636326 0.03582700
v -0.02629825 -0.07638826 0.03583496
v -0.02654765 -0.07634786 0.03595249
v -0.02643482 -0.07636614 0.03603467
v -0.02648592 -0.07635787 0.03617230
v -0.02667153 -0.07632781 0.03604879
v -0.02652113 -0.07635218 0.03626719
v -0.02653779 -0.07634946 0.03641111
v -0.02733411 -0.07622049 0.03504936
v -0.02739357 -0.07621086 0.03509557
v -0.02754837 -0.07618579 0.03568086
v -0.02748863 -0.07619548 0.03582700
v -0.02758436 -0.07617996 0.03605099
v -0.02739357 -0.07621086 0.03595249
v -0.02738715 -0.07621190 0.03620429
v -0.02733411 -0.07622049 0.03599871
v -0.02726968 -0.07623092 0.03604879
v -0.02748863 -0.07619548 0.03522106
v -0.02754837 -0.07618579 0.03536720
v -0.02756876 -0.07618249 0.03552403
v -0.02556095 -0.07650769 0.03550748
v -0.02556101 -0.07650767 0.03550748
v -0.02622214 -0.07640059 0.03576743
v -0.02611377 -0.07641814 0.03567127
v -0.02567416 -0.07648934 0.03550646
v -0.02580035 -0.07646891 0.03553777
v -0.02591272 -0.07645071 0.03556565
v -0.02489988 -0.07661476 0.03576754
v -0.02500601 -0.07659756 0.03567272
v -0.02521089 -0.07656437 0.03556498
v -0.02532135 -0.07654650 0.03553665
v -0.02543054 -0.07652880 0.03550865
v -0.02297831 -0.07692597 0.03561629
v -0.02345636 -0.07684854 0.03598790
v -0.02239787 -0.07701998 0.03485000
v -0.02191351 -0.07709844 0.03296182
v -0.02263778 -0.07698114 0.03284695
v -0.02249353 -0.07700450 0.03278641
v -0.02219445 -0.07705294 0.03226165
v -0.02203301 -0.07707908 0.03204237
v -0.02221483 -0.07704963 0.03241848
v -0.02236964 -0.07702456 0.03269012
v -0.02227458 -0.07703995 0.03256462
v -0.02345614 -0.07684858 0.03296176
v -0.02294740 -0.07693098 0.03284695
v -0.02279259 -0.07695606 0.03286759
v -0.02294740 -0.07693098 0.03167636
v -0.02279259 -0.07695606 0.03165571
v -0.02263778 -0.07698114 0.03167636
v -0.02249353 -0.07700450 0.03173690
v -0.02190855 -0.07709925 0.03300000
v -0.02221483 -0.07704963 0.03210482
v -0.02227458 -0.07703995 0.03195869
v -0.02236964 -0.07702456 0.03183319
v -0.02309166 -0.07690763 0.03173690
v -0.02321554 -0.07688755 0.03183319
v -0.02331060 -0.07687216 0.03195869
v -0.02331060 -0.07687216 0.03256462
v -0.02321554 -0.07688755 0.03269012
v -0.02309166 -0.07690763 0.03278641
v -0.02337035 -0.07686248 0.03210482
v -0.02339073 -0.07685918 0.03226165
v -0.02337035 -0.07686248 0.03241848
v -0.02373476 -0.07680346 0.02979571
v -0.02650626 -0.07635457 0.02942607
v -0.02733391 -0.07622052 0.02977337
v -0.02738715 -0.07621190 0.02979571
v -0.02872402 -0.07599537 0.03115000
v -0.02921336 -0.07591613 0.03300000
v -0.02914739 -0.07592681 0.03350767
v -0.02908890 -0.07593627 0.03395763
v -0.02872402 -0.07599537 0.03485000
v -0.02835138 -0.07605574 0.03534196
v -0.02814360 -0.07608940 0.03561629
v -0.02620398 -0.07609962 0.03650000
v -0.02620398 -0.07609962 0.03656230
v -0.02621620 -0.07614855 0.03650000
v -0.02622208 -0.07616432 0.03656230
v -0.02622352 -0.07616361 0.03650000
v -0.02624848 -0.07621498 0.03650000
v -0.02625412 -0.07622336 0.03656230
v -0.02625494 -0.07622267 0.03650000
v -0.02629601 -0.07627153 0.03650000
v -0.02629850 -0.07627381 0.03656230
v -0.02629872 -0.07627349 0.03650000
v -0.02635298 -0.07631311 0.03656230
v -0.02635322 -0.07631278 0.03650000
v -0.02635593 -0.07631473 0.03650000
v -0.02641485 -0.07633928 0.03656230
v -0.02641524 -0.07633829 0.03650000
v -0.02642457 -0.07634199 0.03650000
v -0.02648098 -0.07635105 0.03656230
v -0.02648119 -0.07634945 0.03650000
v -0.02649781 -0.07635164 0.03650000
v -0.02651248 -0.07604965 0.03686199
v -0.02651288 -0.07604959 0.03686202
v -0.02652324 -0.07611553 0.03685451
v -0.02644437 -0.07633451 0.03664533
v -0.02650708 -0.07634682 0.03661550
v -0.02649613 -0.07634859 0.03660488
v -0.02637226 -0.07630998 0.03664553
v -0.02642827 -0.07633711 0.03662022
v -0.02648787 -0.07634993 0.03659201
v -0.02654887 -0.07631758 0.03669235
v -0.02656469 -0.07633749 0.03662657
v -0.02654973 -0.07633991 0.03662899
v -0.02656056 -0.07634006 0.03661053
v -0.02630463 -0.07627281 0.03661590
v -0.02635787 -0.07631230 0.03660504
v -0.02641824 -0.07633873 0.03659205
v -0.02648274 -0.07635076 0.03657756
v -0.02626119 -0.07622222 0.03662407
v -0.02628199 -0.07621884 0.03668257
v -0.02632267 -0.07626988 0.03666666
v -0.02659241 -0.07615896 0.03682573
v -0.02659305 -0.07616847 0.03682254
v -0.02653244 -0.07617829 0.03683234
v -0.02659260 -0.07622616 0.03678812
v -0.02654001 -0.07623468 0.03679663
v -0.02658753 -0.07627510 0.03674239
v -0.02654558 -0.07628190 0.03674917
v -0.02658705 -0.07627700 0.03673966
v -0.02657806 -0.07631285 0.03668762
v -0.02622972 -0.07616308 0.03662914
v -0.02625223 -0.07615943 0.03669244
v -0.02652013 -0.07634471 0.03662331
v -0.02646572 -0.07633104 0.03666604
v -0.02649119 -0.07632691 0.03668126
v -0.02642609 -0.07630126 0.03671137
v -0.02646267 -0.07629533 0.03673324
v -0.02639017 -0.07625895 0.03674923
v -0.02643605 -0.07625152 0.03677666
v -0.02635976 -0.07620626 0.03677771
v -0.02641263 -0.07619770 0.03680932
v -0.02633640 -0.07614580 0.03679539
v -0.02639360 -0.07613655 0.03682960
v -0.02621150 -0.07609841 0.03662799
v -0.02621183 -0.07609835 0.03663086
v -0.02623408 -0.07609475 0.03669346
v -0.02623491 -0.07609461 0.03669578
v -0.02627093 -0.07608879 0.03675192
v -0.02639542 -0.07630622 0.03668161
v -0.02635170 -0.07626518 0.03671191
v -0.02631544 -0.07621343 0.03673470
v -0.02628843 -0.07615357 0.03674885
v -0.02627204 -0.07608860 0.03675365
v -0.02632007 -0.07608082 0.03680025
v -0.02632124 -0.07608063 0.03680139
v -0.02637887 -0.07607129 0.03683584
v -0.02637991 -0.07607113 0.03683647
v -0.02644417 -0.07606072 0.03685680
v -0.02653460 -0.07634236 0.03662789
v -0.02651939 -0.07632235 0.03669018
v -0.02650321 -0.07628876 0.03674607
v -0.02648688 -0.07624328 0.03679274
v -0.02647122 -0.07618820 0.03682786
v -0.02645699 -0.07612627 0.03684966
v -0.02644495 -0.07606060 0.03685705
v -0.02658882 -0.07610492 0.03684389
v -0.02658666 -0.07608839 0.03684570
v -0.02658016 -0.07603869 0.03685114
v -0.02744281 -0.07617707 0.03630908
v -0.02748546 -0.07607888 0.03640922
v -0.02749403 -0.07601325 0.03644203
v -0.02749320 -0.07594172 0.03646043
v -0.02446096 -0.07646059 0.03684130
v -0.02448052 -0.07653073 0.03681244
v -0.02357063 -0.07664870 0.03644203
v -0.02452737 -0.07663436 0.03670672
v -0.02453734 -0.07664533 0.03667788
v -0.02367095 -0.07678798 0.03630908
v -0.02455146 -0.07666082 0.03663706
v -0.02455945 -0.07666323 0.03661038
v -0.02370927 -0.07680329 0.03624781
v -0.02733391 -0.07622052 0.02977337
v -0.02741127 -0.07620370 0.02975219
v -0.02733403 -0.07622051 0.03622696
v -0.02741127 -0.07620370 0.03624781
v -0.02758436 -0.07617996 0.03605099
v -0.02817799 -0.07607952 0.03565183
v -0.02835138 -0.07605574 0.03534196
v -0.02876630 -0.07598423 0.03487512
v -0.02913615 -0.07592433 0.03397063
v -0.02886192 -0.07597304 0.03451274
v -0.02873400 -0.07599375 0.03482560
v -0.02920839 -0.07591693 0.03296181
v -0.02926228 -0.07590390 0.03300000
v -0.02914739 -0.07592681 0.03350767
v -0.02913615 -0.07592433 0.03202936
v -0.02886187 -0.07597304 0.03148713
v -0.02876630 -0.07598423 0.03112487
v -0.02885997 -0.07597335 0.03148247
v -0.02817799 -0.07607952 0.03034817
v -0.02835158 -0.07605569 0.03065830
v -0.02758429 -0.07617997 0.02994895
v -0.02651842 -0.07634831 0.02937754
v -0.02626576 -0.07639353 0.02939400
v -0.02556027 -0.07650350 0.02924975
v -0.02485614 -0.07662184 0.02939400
v -0.02460212 -0.07665869 0.02937754
v -0.02353763 -0.07683539 0.02994894
v -0.02370927 -0.07680329 0.02975219
v -0.02458053 -0.07666648 0.02944081
v -0.02345639 -0.07684854 0.03001208
v -0.02294256 -0.07692747 0.03034817
v -0.02235424 -0.07702276 0.03112487
v -0.02226194 -0.07704200 0.03148246
v -0.02198440 -0.07708266 0.03202936
v -0.02191351 -0.07709844 0.03296182
v -0.02185826 -0.07710309 0.03300000
v -0.02197452 -0.07708855 0.03350767
v -0.02198440 -0.07708266 0.03397063
v -0.02238790 -0.07702160 0.03482561
v -0.02235424 -0.07702276 0.03487512
v -0.02294256 -0.07692747 0.03565183
v -0.02345636 -0.07684854 0.03598790
v -0.02353755 -0.07683541 0.03605101
v -0.02444581 -0.07638439 0.03685114
v -0.02445555 -0.07643341 0.03684481
v -0.02353871 -0.07653131 0.03646410
v -0.02354884 -0.07658057 0.03646043
v -0.02353574 -0.07653179 0.03646179
v -0.02275190 -0.07665873 0.03585250
v -0.02273193 -0.07671289 0.03582543
v -0.02272094 -0.07666375 0.03582843
v -0.02214327 -0.07675731 0.03506578
v -0.02210511 -0.07681440 0.03499788
v -0.02209344 -0.07676538 0.03500000
v -0.02174672 -0.07682154 0.03415201
v -0.02171106 -0.07687822 0.03403417
v -0.02169898 -0.07682927 0.03403528
v -0.02158633 -0.07684752 0.03316839
v -0.02157666 -0.07690000 0.03300000
v -0.02156444 -0.07685106 0.03300000
v -0.02167149 -0.07683374 0.03217626
v -0.02171106 -0.07687822 0.03196582
v -0.02169898 -0.07682927 0.03196472
v -0.02199638 -0.07678112 0.03123737
v -0.02210511 -0.07681440 0.03100212
v -0.02209344 -0.07676538 0.03100000
v -0.02254035 -0.07669300 0.03041000
v -0.02273193 -0.07671289 0.03017457
v -0.02272094 -0.07666375 0.03017157
v -0.02326919 -0.07657495 0.02974540
v -0.02354884 -0.07658057 0.02953957
v -0.02353871 -0.07653131 0.02953590
v -0.02413737 -0.07643434 0.02928470
v -0.02450014 -0.07642649 0.02914039
v -0.02449103 -0.07637706 0.02913630
v -0.02509074 -0.07627993 0.02905632
v -0.02552103 -0.07626114 0.02900424
v -0.02551298 -0.07621154 0.02900000
v -0.02606995 -0.07612133 0.02907428
v -0.02654189 -0.07609580 0.02914039
v -0.02653495 -0.07604602 0.02913630
v -0.02701412 -0.07596841 0.02933737
v -0.02749320 -0.07594172 0.02953957
v -0.02748727 -0.07589177 0.02953590
v -0.02786454 -0.07583068 0.02982917
v -0.02831011 -0.07580941 0.03017457
v -0.02830504 -0.07575933 0.03017157
v -0.02856828 -0.07571669 0.03051912
v -0.02893693 -0.07570790 0.03100212
v -0.02893252 -0.07565769 0.03100000
v -0.02908152 -0.07563356 0.03136439
v -0.02933099 -0.07564406 0.03196582
v -0.02932699 -0.07559381 0.03196472
v -0.02937219 -0.07558648 0.03231250
v -0.02946538 -0.07562230 0.03300000
v -0.02946154 -0.07557202 0.03300000
v -0.02942195 -0.07557843 0.03330452
v -0.02933099 -0.07564406 0.03403417
v -0.02932699 -0.07559381 0.03403528
v -0.02922744 -0.07560993 0.03427877
v -0.02893693 -0.07570790 0.03499788
v -0.02893252 -0.07565769 0.03500000
v -0.02880033 -0.07567910 0.03517452
v -0.02831011 -0.07580941 0.03582543
v -0.02830504 -0.07575933 0.03582843
v -0.02816684 -0.07578170 0.03593584
v -0.02748727 -0.07589177 0.03646410
v -0.02736623 -0.07591138 0.03651575
v -0.02275807 -0.07678031 0.03581040
v -0.02213457 -0.07688129 0.03498726
v -0.02174262 -0.07694478 0.03402868
v -0.02160894 -0.07696643 0.03300000
v -0.02174262 -0.07694478 0.03197132
v -0.02213457 -0.07688129 0.03101274
v -0.02275807 -0.07678031 0.03018959
v -0.02357063 -0.07664870 0.02955797
v -0.02451688 -0.07649544 0.02916091
v -0.02553233 -0.07633098 0.02902548
v -0.02654778 -0.07616651 0.02916091
v -0.02749403 -0.07601325 0.02955797
v -0.02830659 -0.07588166 0.03018959
v -0.02893009 -0.07578067 0.03101274
v -0.02932203 -0.07571717 0.03197132
v -0.02945573 -0.07569552 0.03300000
v -0.02932203 -0.07571717 0.03402868
v -0.02893009 -0.07578067 0.03498726
v -0.02830659 -0.07588166 0.03581040
v -0.02749403 -0.07601325 0.03644203
v -0.02449250 -0.07656205 0.03678818
v -0.02359947 -0.07670827 0.03640922
v -0.02279465 -0.07683863 0.03578362
v -0.02217710 -0.07693864 0.03496831
v -0.02178888 -0.07700151 0.03401887
v -0.02165647 -0.07702297 0.03300000
v -0.02178888 -0.07700151 0.03198113
v -0.02217710 -0.07693864 0.03103168
v -0.02279465 -0.07683863 0.03021638
v -0.02359947 -0.07670827 0.02959078
v -0.02453670 -0.07655648 0.02919750
v -0.02554248 -0.07639357 0.02906337
v -0.02654825 -0.07623067 0.02919750
v -0.02748546 -0.07607888 0.02959078
v -0.02829028 -0.07594853 0.03021638
v -0.02890785 -0.07584851 0.03103168
v -0.02929605 -0.07578562 0.03198113
v -0.02942846 -0.07576419 0.03300000
v -0.02929605 -0.07578562 0.03401887
v -0.02890785 -0.07584851 0.03496831
v -0.02829028 -0.07594853 0.03578362
v -0.02450317 -0.07658999 0.03676654
v -0.02363360 -0.07675566 0.03636399
v -0.02283946 -0.07688427 0.03574669
v -0.02223011 -0.07698297 0.03494220
v -0.02184704 -0.07704502 0.03400536
v -0.02171638 -0.07706617 0.03300000
v -0.02184704 -0.07704502 0.03199464
v -0.02223011 -0.07698297 0.03105780
v -0.02283946 -0.07688427 0.03025331
v -0.02363360 -0.07675566 0.02963601
v -0.02455839 -0.07660588 0.02924796
v -0.02555082 -0.07644512 0.02911560
v -0.02654324 -0.07628440 0.02924796
v -0.02746805 -0.07613462 0.02963601
v -0.02826218 -0.07600598 0.03025331
v -0.02887154 -0.07590729 0.03105780
v -0.02925461 -0.07584526 0.03199464
v -0.02938525 -0.07582408 0.03300000
v -0.02925461 -0.07584526 0.03400536
v -0.02887154 -0.07590729 0.03494220
v -0.02826218 -0.07600598 0.03574669
v -0.02746805 -0.07613462 0.03636399
v -0.02288978 -0.07691450 0.03570185
v -0.02229036 -0.07701158 0.03491049
v -0.02191355 -0.07707262 0.03398894
v -0.02178503 -0.07709343 0.03300000
v -0.02191355 -0.07707262 0.03201105
v -0.02229036 -0.07701158 0.03108950
v -0.02288978 -0.07691450 0.03029815
v -0.02367095 -0.07678798 0.02969092
v -0.02458065 -0.07664064 0.02930920
v -0.02555687 -0.07648252 0.02917901
v -0.02653310 -0.07632441 0.02930920
v -0.02744281 -0.07617707 0.02969092
v -0.02822398 -0.07605055 0.03029815
v -0.02882339 -0.07595346 0.03108950
v -0.02920020 -0.07589244 0.03201105
v -0.02932872 -0.07587162 0.03300000
v -0.02920020 -0.07589244 0.03398894
v -0.02882339 -0.07595346 0.03491049
v -0.02822398 -0.07605055 0.03570185
v -0.02481402 -0.07632476 0.03663125
v -0.02481415 -0.07632472 0.03663086
v -0.02481674 -0.07640296 0.03662852
v -0.02479061 -0.07632854 0.03669648
v -0.02479106 -0.07632846 0.03669578
v -0.02479444 -0.07640658 0.03669124
v -0.02457859 -0.07636288 0.03685722
v -0.02458103 -0.07636248 0.03685705
v -0.02459156 -0.07643943 0.03684700
v -0.02451027 -0.07637394 0.03686157
v -0.02451309 -0.07637349 0.03686202
v -0.02452593 -0.07645008 0.03685181
v -0.02465683 -0.07661341 0.03668185
v -0.02463121 -0.07664791 0.03661183
v -0.02461849 -0.07664997 0.03662418
v -0.02456888 -0.07665801 0.03663988
v -0.02456101 -0.07662892 0.03671216
v -0.02464477 -0.07656706 0.03675617
v -0.02462749 -0.07661815 0.03669939
v -0.02460330 -0.07665243 0.03663326
v -0.02459762 -0.07651175 0.03681756
v -0.02459879 -0.07657450 0.03677072
v -0.02459498 -0.07662342 0.03670967
v -0.02458646 -0.07665516 0.03663859
v -0.02453878 -0.07652128 0.03682187
v -0.02455074 -0.07658229 0.03677424
v -0.02470475 -0.07649440 0.03676935
v -0.02474736 -0.07648751 0.03672801
v -0.02472105 -0.07655471 0.03669761
v -0.02475857 -0.07641238 0.03674713
v -0.02471105 -0.07642008 0.03679324
v -0.02465439 -0.07642926 0.03682713
v -0.02464412 -0.07635227 0.03683709
v -0.02465394 -0.07650263 0.03679974
v -0.02468626 -0.07656034 0.03673136
v -0.02468144 -0.07660942 0.03665798
v -0.02464607 -0.07635195 0.03683647
v -0.02470332 -0.07634268 0.03680223
v -0.02470473 -0.07634246 0.03680139
v -0.02475305 -0.07633462 0.03675451
v -0.02475393 -0.07633448 0.03675365
v -0.02464082 -0.07664635 0.03659685
v -0.02469999 -0.07660641 0.03662904
v -0.02474730 -0.07655046 0.03665669
v -0.02477952 -0.07648229 0.03667790
v -0.02464680 -0.07664538 0.03658004
v -0.02471154 -0.07660454 0.03659658
v -0.02476362 -0.07654780 0.03661078
v -0.02479951 -0.07647905 0.03662167
v -0.02464883 -0.07664506 0.03656230
v -0.02471546 -0.07660391 0.03656230
v -0.02476918 -0.07654692 0.03656230
v -0.02480630 -0.07647795 0.03656230
v -0.02482431 -0.07640174 0.03656230
v -0.02482199 -0.07632345 0.03656230
v -0.02482199 -0.07632345 0.03650000
v -0.02482584 -0.07637374 0.03650000
v -0.02482218 -0.07640146 0.03650000
v -0.02481618 -0.07644697 0.03650000
v -0.02480422 -0.07647712 0.03650000
v -0.02478892 -0.07651562 0.03650000
v -0.02476733 -0.07654557 0.03650000
v -0.02474571 -0.07657553 0.03650000
v -0.02471401 -0.07660218 0.03650000
v -0.02468918 -0.07662306 0.03650000
v -0.02462274 -0.07665534 0.03650000
v -0.02464789 -0.07664313 0.03650000
v -0.02624559 -0.07621546 0.03643497
v -0.02629298 -0.07627201 0.03643157
v -0.02635268 -0.07631526 0.03642689
v -0.02642108 -0.07634255 0.03642121
v -0.02467535 -0.07664682 0.03618632
v -0.02477783 -0.07663022 0.03597679
v -0.02469268 -0.07662249 0.03642121
v -0.02474895 -0.07657500 0.03642689
v -0.02479195 -0.07651512 0.03643157
v -0.02481906 -0.07644651 0.03643497
v -0.02621340 -0.07614900 0.03643687
v -0.02620121 -0.07610008 0.03643725
v -0.02617882 -0.07610369 0.03633255
v -0.02617720 -0.07615487 0.03626740
v -0.02616520 -0.07610591 0.03626880
v -0.02611940 -0.07611332 0.03617515
v -0.02610120 -0.07616719 0.03611204
v -0.02608967 -0.07611814 0.03611437
v -0.02602434 -0.07612873 0.03603688
v -0.02599004 -0.07618518 0.03598019
v -0.02597918 -0.07613603 0.03598332
v -0.02589925 -0.07614898 0.03592586
v -0.02585044 -0.07620779 0.03587985
v -0.02584042 -0.07615850 0.03588358
v -0.02575145 -0.07617292 0.03584859
v -0.02569088 -0.07623365 0.03581710
v -0.02568182 -0.07618419 0.03582122
v -0.02558967 -0.07619911 0.03580963
v -0.02552103 -0.07626114 0.03579576
v -0.02551298 -0.07621154 0.03580000
v -0.02542338 -0.07622605 0.03581126
v -0.02535116 -0.07628866 0.03581710
v -0.02534416 -0.07623889 0.03582122
v -0.02526239 -0.07625213 0.03585337
v -0.02519159 -0.07631449 0.03587985
v -0.02518554 -0.07626457 0.03588358
v -0.02511611 -0.07627582 0.03593349
v -0.02505200 -0.07633711 0.03598019
v -0.02504679 -0.07628705 0.03598332
v -0.02494084 -0.07635511 0.03611204
v -0.02493630 -0.07630494 0.03611437
v -0.02499317 -0.07629573 0.03604691
v -0.02486485 -0.07636742 0.03626740
v -0.02482864 -0.07637329 0.03643687
v -0.02482477 -0.07632302 0.03643725
v -0.02484440 -0.07631983 0.03634545
v -0.02486076 -0.07631718 0.03626880
v -0.02490079 -0.07631069 0.03618698
v -0.02458045 -0.07666648 0.03644283
v -0.02462652 -0.07665473 0.03641486
v -0.02492774 -0.07660594 0.03579897
v -0.02511602 -0.07657545 0.03566366
v -0.02533119 -0.07654061 0.03557904
v -0.02485612 -0.07662184 0.03580664
v -0.02556027 -0.07650350 0.03555025
v -0.02556095 -0.07650769 0.03550748
v -0.02626578 -0.07639353 0.03580615
v -0.02619279 -0.07640105 0.03579897
v -0.02600454 -0.07643154 0.03566366
v -0.02578936 -0.07646640 0.03557904
v -0.02634272 -0.07637677 0.03597679
v -0.02644520 -0.07636017 0.03618632
v -0.02649403 -0.07635227 0.03641486
v -0.02473787 -0.07661518 0.03620968
v -0.02483272 -0.07659983 0.03601576
v -0.02497146 -0.07657734 0.03585119
v -0.02514570 -0.07654912 0.03572595
v -0.02534486 -0.07651686 0.03564764
v -0.02555687 -0.07648252 0.03562099
v -0.02576889 -0.07644819 0.03564764
v -0.02596805 -0.07641593 0.03572595
v -0.02614229 -0.07638771 0.03585119
v -0.02628104 -0.07636524 0.03601576
v -0.02637588 -0.07634988 0.03620968
v -0.02479089 -0.07656821 0.03623062
v -0.02487891 -0.07655397 0.03605069
v -0.02500765 -0.07653311 0.03589799
v -0.02516930 -0.07650692 0.03578179
v -0.02535410 -0.07647698 0.03570912
v -0.02555082 -0.07644512 0.03568440
v -0.02574754 -0.07641327 0.03570912
v -0.02593233 -0.07638334 0.03578179
v -0.02609400 -0.07635715 0.03589799
v -0.02622274 -0.07633631 0.03605069
v -0.02631074 -0.07632205 0.03623062
v -0.02483121 -0.07650878 0.03624787
v -0.02491358 -0.07649542 0.03607946
v -0.02503407 -0.07647592 0.03593655
v -0.02518540 -0.07645141 0.03582778
v -0.02535834 -0.07642340 0.03575977
v -0.02554248 -0.07639357 0.03573663
v -0.02572659 -0.07636375 0.03575977
v -0.02589955 -0.07633574 0.03582778
v -0.02605086 -0.07631124 0.03593655
v -0.02617136 -0.07629171 0.03607946
v -0.02625374 -0.07627838 0.03624787
v -0.02485638 -0.07644046 0.03626039
v -0.02493465 -0.07642778 0.03610033
v -0.02504916 -0.07640924 0.03596451
v -0.02519297 -0.07638594 0.03586114
v -0.02535734 -0.07635932 0.03579651
v -0.02553233 -0.07633098 0.03577452
v -0.02570731 -0.07630265 0.03579651
v -0.02587170 -0.07627601 0.03586114
v -0.02601549 -0.07625273 0.03596451
v -0.02613002 -0.07623417 0.03610033
v -0.02620829 -0.07622150 0.03626039
v -0.02484505 -0.06770938 0.03650000
v -0.02484503 -0.06770923 0.03656230
v -0.02489607 -0.06770112 0.03673062
v -0.02491328 -0.06769828 0.03675075
v -0.02512220 -0.06766320 0.03686170
v -0.02508541 -0.06766934 0.03685483
v -0.02515186 -0.06765837 0.03686210
v -0.02515332 -0.06765814 0.03686187
v -0.02522109 -0.06764755 0.03685114
v -0.02494193 -0.06769356 0.03678425
v -0.02496110 -0.06769034 0.03680022
v -0.02496483 -0.06768972 0.03680332
v -0.02502009 -0.06768035 0.03683536
v -0.02502558 -0.06767941 0.03683854
v -0.02505336 -0.06767470 0.03684885
v -0.02488066 -0.06770359 0.03670492
v -0.02487603 -0.06770433 0.03669309
v -0.02485718 -0.06770727 0.03664487
v -0.02485486 -0.06770764 0.03663893
v -0.02485256 -0.06770800 0.03662796
v -0.02484872 -0.06770859 0.03660953
v -0.02554645 -0.06759500 0.03671469
v -0.02218606 -0.06813973 0.03644298
v -0.02227151 -0.06812593 0.03648675
v -0.02278919 -0.06804229 0.03675191
v -0.02279999 -0.06804055 0.03675745
v -0.02308674 -0.06799327 0.03685114
v -0.02141035 -0.06826513 0.03584004
v -0.02165116 -0.06822621 0.03609379
v -0.02196931 -0.06817475 0.03633195
v -0.02209978 -0.06815367 0.03639878
v -0.02078859 -0.06836576 0.03509095
v -0.02100371 -0.06833087 0.03541156
v -0.02136169 -0.06827301 0.03578877
v -0.02140862 -0.06826542 0.03583822
v -0.02078134 -0.06836695 0.03508015
v -0.02077741 -0.06836758 0.03507143
v -0.02047160 -0.06841722 0.03439291
v -0.02174672 -0.07682154 0.03415201
v -0.02039335 -0.06842991 0.03421928
v -0.02020694 -0.06846005 0.03288954
v -0.02021662 -0.06845849 0.03299710
v -0.02023207 -0.06845600 0.03316870
v -0.02029180 -0.06844639 0.03383198
v -0.02037700 -0.06843257 0.03415690
v -0.02046555 -0.06841830 0.03157225
v -0.02031478 -0.06844275 0.03217949
v -0.02023768 -0.06845526 0.03249001
v -0.02113994 -0.06830882 0.03041593
v -0.02062506 -0.06839231 0.03120555
v -0.02061524 -0.06839392 0.03122811
v -0.02141043 -0.06826506 0.03012330
v -0.02141031 -0.06826509 0.03012339
v -0.02133440 -0.06827736 0.03020553
v -0.02116034 -0.06830551 0.03039386
v -0.02250491 -0.06808789 0.02936555
v -0.02215421 -0.06814467 0.02955094
v -0.02190689 -0.06818470 0.02974126
v -0.02372781 -0.06788984 0.02902590
v -0.02339391 -0.06794391 0.02907481
v -0.02278919 -0.06804184 0.02927258
v -0.02277347 -0.06804439 0.02927772
v -0.02471531 -0.06772990 0.02904111
v -0.02416778 -0.06781858 0.02902718
v -0.02378542 -0.06788050 0.02901746
v -0.02554636 -0.06759529 0.02928698
v -0.02510748 -0.06766637 0.02911838
v -0.02471931 -0.06772925 0.02904121
v -0.02598097 -0.06752487 0.02945394
v -0.02565889 -0.06757705 0.02933021
v -0.02723266 -0.06732201 0.03050115
v -0.02703662 -0.06735379 0.03026645
v -0.02696517 -0.06736537 0.03020551
v -0.02692503 -0.06737187 0.03017127
v -0.02651202 -0.06743883 0.02981897
v -0.02632204 -0.06746962 0.02965692
v -0.02729214 -0.06731237 0.03057236
v -0.02774816 -0.06723870 0.03135430
v -0.02776732 -0.06723559 0.03138715
v -0.02810151 -0.06718138 0.03309027
v -0.02809898 -0.06718181 0.03299718
v -0.02809064 -0.06718328 0.03268969
v -0.02801688 -0.06719525 0.03231378
v -0.02790852 -0.06721287 0.03176150
v -0.02784811 -0.06722259 0.03160133
v -0.02784950 -0.06722225 0.03440887
v -0.02761454 -0.06726023 0.03486769
v -0.02745219 -0.06728649 0.03518474
v -0.02785450 -0.06722145 0.03439303
v -0.02788792 -0.06721605 0.03428733
v -0.02797011 -0.06720277 0.03402721
v -0.02807134 -0.06718628 0.03330543
v -0.02680068 -0.06739212 0.03593097
v -0.02692522 -0.06737189 0.03581220
v -0.02694976 -0.06736791 0.03578878
v -0.02718156 -0.06733028 0.03556772
v -0.02741933 -0.06729179 0.03524893
v -0.02589113 -0.06753929 0.03657015
v -0.02600928 -0.06752021 0.03652061
v -0.02608616 -0.06750778 0.03648837
v -0.02608858 -0.06750739 0.03648678
v -0.02623581 -0.06748361 0.03639035
v -0.02650142 -0.06744069 0.03621637
v -0.02346304 -0.06793306 0.03656230
v -0.02345934 -0.06793362 0.03660953
v -0.02345483 -0.06793439 0.03663120
v -0.02345322 -0.06793466 0.03663893
v -0.02479106 -0.07632846 0.03669578
v -0.02343087 -0.06793840 0.03669617
v -0.02325447 -0.06796607 0.03684885
v -0.02328232 -0.06796177 0.03683854
v -0.02328498 -0.06796136 0.03683700
v -0.02334322 -0.06795236 0.03680332
v -0.02334441 -0.06795218 0.03680233
v -0.02336615 -0.06794879 0.03678425
v -0.02339268 -0.06794457 0.03675326
v -0.02341206 -0.06794149 0.03673062
v -0.02342746 -0.06793897 0.03670492
v -0.02318552 -0.06797689 0.03686170
v -0.02321914 -0.06797162 0.03685543
v -0.02315117 -0.06798246 0.03686136
v -0.02315585 -0.06798167 0.03686210
v -0.02346306 -0.06793320 0.03650000
v -0.02423076 -0.06780804 0.03580926
v -0.02482570 -0.06771236 0.03633557
v -0.02482452 -0.06771254 0.03633155
v -0.02480606 -0.06771537 0.03626831
v -0.02476082 -0.06772251 0.03617492
v -0.02473403 -0.06772672 0.03611961
v -0.02469354 -0.06773320 0.03606273
v -0.02430564 -0.06779592 0.03581708
v -0.02437233 -0.06778511 0.03583588
v -0.02439326 -0.06778173 0.03584587
v -0.02452023 -0.06776116 0.03590644
v -0.02454268 -0.06775753 0.03592230
v -0.02457702 -0.06775199 0.03594655
v -0.02466675 -0.06773751 0.03603602
v -0.02407394 -0.06783343 0.03580470
v -0.02414302 -0.06782225 0.03580009
v -0.02416773 -0.06781824 0.03580267
v -0.02366272 -0.06790010 0.03600768
v -0.02371381 -0.06789179 0.03596036
v -0.02375626 -0.06788492 0.03593268
v -0.02385127 -0.06786951 0.03587072
v -0.02390165 -0.06786135 0.03584894
v -0.02391494 -0.06785919 0.03584320
v -0.02406395 -0.06783506 0.03580712
v -0.02346689 -0.06793260 0.03642642
v -0.02347760 -0.06793075 0.03635713
v -0.02348168 -0.06793006 0.03634478
v -0.02352960 -0.06792195 0.03620014
v -0.02353766 -0.06792061 0.03618493
v -0.02356233 -0.06791652 0.03613836
v -0.02363331 -0.06790492 0.03604596
v -0.06098353 -0.05952582 0.05586011
v -0.06302493 -0.05919519 0.05631625
v -0.06302493 -0.05919519 0.05546240
v -0.06450564 -0.05895537 0.05546240
v -0.06450564 -0.05895537 0.05631625
v -0.07199955 -0.05774162 0.04762462
v -0.06654706 -0.05862473 0.05586011
v -0.06840954 -0.05832307 0.05489838
v -0.07077684 -0.05793965 0.04361011
v -0.06946116 -0.05815275 0.04196440
v -0.06376529 -0.05907527 0.05550000
v -0.06376529 -0.05907527 0.03965000
v -0.06169169 -0.05941113 0.03991855
v -0.05975146 -0.05972537 0.04070692
v -0.05806941 -0.05999781 0.04196440
v -0.05675374 -0.06021090 0.04361011
v -0.05588909 -0.06035094 0.04553819
v -0.05553103 -0.06040893 0.04762462
v -0.05570263 -0.06038114 0.04973519
v -0.05912105 -0.05982748 0.05489838
v -0.05639285 -0.06026935 0.05173416
v -0.05755729 -0.06008075 0.05349293
v -0.07164151 -0.05779961 0.04553819
v -0.06997329 -0.05806980 0.05349293
v -0.07113772 -0.05788120 0.05173416
v -0.07182795 -0.05776941 0.04973519
v -0.06777913 -0.05842518 0.04070692
v -0.06583890 -0.05873942 0.03991855
v -0.02469068 0.06598637 0.03681605
v -0.02474985 0.06597680 0.03696076
v -0.02417775 0.06606945 0.03711606
v -0.02477003 0.06597351 0.03711606
v -0.02474985 0.06597680 0.03727135
v -0.02433104 0.06604462 0.03653650
v -0.02447389 0.06602148 0.03659644
v -0.02459655 0.06600161 0.03669179
v -0.02388161 0.06611741 0.03659644
v -0.02402445 0.06609427 0.03653650
v -0.02417775 0.06606945 0.03651606
v -0.02360565 0.06616211 0.03696076
v -0.02366482 0.06615252 0.03681605
v -0.02375894 0.06613729 0.03669179
v -0.02366482 0.06615252 0.03741606
v -0.02360565 0.06616211 0.03727135
v -0.02358547 0.06616539 0.03711606
v -0.02402445 0.06609427 0.03769561
v -0.02388161 0.06611741 0.03763567
v -0.02375894 0.06613729 0.03754032
v -0.02447389 0.06602148 0.03763567
v -0.02433104 0.06604462 0.03769561
v -0.02417775 0.06606945 0.03771606
v -0.02469068 0.06598637 0.03741606
v -0.02459655 0.06600161 0.03754032
v -0.02290291 0.06627594 0.03860882
v -0.02295714 0.06626716 0.03874147
v -0.02243272 0.06635209 0.03888382
v -0.02297564 0.06626416 0.03888382
v -0.02295714 0.06626716 0.03902618
v -0.02257324 0.06632933 0.03835256
v -0.02270418 0.06630812 0.03840751
v -0.02281663 0.06628991 0.03849491
v -0.02216126 0.06639605 0.03840751
v -0.02229220 0.06637484 0.03835256
v -0.02243272 0.06635209 0.03833382
v -0.02190830 0.06643702 0.03874147
v -0.02196253 0.06642823 0.03860882
v -0.02204882 0.06641426 0.03849491
v -0.02196253 0.06642823 0.03915882
v -0.02190830 0.06643702 0.03902618
v -0.02188980 0.06644001 0.03888382
v -0.02229220 0.06637484 0.03941508
v -0.02216126 0.06639605 0.03936014
v -0.02204882 0.06641426 0.03927273
v -0.02270418 0.06630812 0.03936014
v -0.02257324 0.06632933 0.03941508
v -0.02243272 0.06635209 0.03943383
v -0.02290291 0.06627594 0.03915882
v -0.02281663 0.06628991 0.03927273
v -0.02290291 0.06627594 0.03507329
v -0.02295714 0.06626716 0.03520594
v -0.02243272 0.06635209 0.03534829
v -0.02297564 0.06626416 0.03534829
v -0.02295714 0.06626716 0.03549064
v -0.02257324 0.06632933 0.03481703
v -0.02270418 0.06630812 0.03487197
v -0.02281663 0.06628991 0.03495938
v -0.02216126 0.06639605 0.03487197
v -0.02229220 0.06637484 0.03481703
v -0.02243272 0.06635209 0.03479829
v -0.02190830 0.06643702 0.03520594
v -0.02196253 0.06642823 0.03507329
v -0.02204882 0.06641426 0.03495938
v -0.02196253 0.06642823 0.03562329
v -0.02190830 0.06643702 0.03549064
v -0.02188980 0.06644001 0.03534829
v -0.02229220 0.06637484 0.03587955
v -0.02216126 0.06639605 0.03582460
v -0.02204882 0.06641426 0.03573720
v -0.02270418 0.06630812 0.03582460
v -0.02257324 0.06632933 0.03587955
v -0.02243272 0.06635209 0.03589829
v -0.02290291 0.06627594 0.03562329
v -0.02281663 0.06628991 0.03573720
v -0.02639296 0.06571067 0.03507329
v -0.02644720 0.06570189 0.03520594
v -0.02592277 0.06578682 0.03534829
v -0.02646570 0.06569889 0.03534829
v -0.02644720 0.06570189 0.03549064
v -0.02606329 0.06576407 0.03481703
v -0.02619424 0.06574286 0.03487197
v -0.02630668 0.06572464 0.03495938
v -0.02565131 0.06583078 0.03487197
v -0.02578225 0.06580957 0.03481703
v -0.02592277 0.06578682 0.03479829
v -0.02539835 0.06587175 0.03520594
v -0.02545259 0.06586297 0.03507329
v -0.02553887 0.06584900 0.03495938
v -0.02545259 0.06586297 0.03562329
v -0.02539835 0.06587175 0.03549064
v -0.02537985 0.06587475 0.03534829
v -0.02578225 0.06580957 0.03587955
v -0.02565131 0.06583078 0.03582460
v -0.02553887 0.06584900 0.03573720
v -0.02619424 0.06574286 0.03582460
v -0.02606329 0.06576407 0.03587955
v -0.02592277 0.06578682 0.03589829
v -0.02639296 0.06571067 0.03562329
v -0.02630668 0.06572464 0.03573720
v -0.02639296 0.06571067 0.03860882
v -0.02644720 0.06570189 0.03874147
v -0.02592277 0.06578682 0.03888382
v -0.02646570 0.06569889 0.03888382
v -0.02644720 0.06570189 0.03902618
v -0.02606329 0.06576407 0.03835256
v -0.02619424 0.06574286 0.03840751
v -0.02630668 0.06572464 0.03849491
v -0.02565131 0.06583078 0.03840751
v -0.02578225 0.06580957 0.03835256
v -0.02592277 0.06578682 0.03833382
v -0.02539835 0.06587175 0.03874147
v -0.02545259 0.06586297 0.03860882
v -0.02553887 0.06584900 0.03849491
v -0.02545259 0.06586297 0.03915882
v -0.02539835 0.06587175 0.03902618
v -0.02537985 0.06587475 0.03888382
v -0.02578225 0.06580957 0.03941508
v -0.02565131 0.06583078 0.03936014
v -0.02553887 0.06584900 0.03927273
v -0.02619424 0.06574286 0.03936014
v -0.02606329 0.06576407 0.03941508
v -0.02592277 0.06578682 0.03943383
v -0.02639296 0.06571067 0.03915882
v -0.02630668 0.06572464 0.03927273
v -0.02556871 0.07465754 0.03771606
v -0.02417775 0.06606945 0.03771606
v -0.02572201 0.07463272 0.03769561
v -0.02433104 0.06604462 0.03769561
v -0.02586486 0.07460958 0.03763567
v -0.02447389 0.06602148 0.03763567
v -0.02598752 0.07458970 0.03754032
v -0.02459655 0.06600161 0.03754032
v -0.02608164 0.07457447 0.03741606
v -0.02469068 0.06598637 0.03741606
v -0.02614081 0.07456488 0.03727135
v -0.02474985 0.06597680 0.03727135
v -0.02616100 0.07456160 0.03711606
v -0.02477003 0.06597351 0.03711606
v -0.02614081 0.07456488 0.03696076
v -0.02474985 0.06597680 0.03696076
v -0.02608164 0.07457447 0.03681605
v -0.02469068 0.06598637 0.03681605
v -0.02598752 0.07458970 0.03669179
v -0.02459655 0.06600161 0.03669179
v -0.02586486 0.07460958 0.03659644
v -0.02447389 0.06602148 0.03659644
v -0.02572201 0.07463272 0.03653650
v -0.02433104 0.06604462 0.03653650
v -0.02556871 0.07465754 0.03651606
v -0.02417775 0.06606945 0.03651606
v -0.02541542 0.07468236 0.03653650
v -0.02402445 0.06609427 0.03653650
v -0.02527257 0.07470550 0.03659644
v -0.02388161 0.06611741 0.03659644
v -0.02514991 0.07472536 0.03669179
v -0.02375894 0.06613729 0.03669179
v -0.02505578 0.07474061 0.03681605
v -0.02366482 0.06615252 0.03681605
v -0.02499661 0.07475020 0.03696076
v -0.02360565 0.06616211 0.03696076
v -0.02497643 0.07475347 0.03711606
v -0.02358547 0.06616539 0.03711606
v -0.02499661 0.07475020 0.03727135
v -0.02360565 0.06616211 0.03727135
v -0.02505578 0.07474061 0.03741606
v -0.02366482 0.06615252 0.03741606
v -0.02514991 0.07472536 0.03754032
v -0.02375894 0.06613729 0.03754032
v -0.02527257 0.07470550 0.03763567
v -0.02388161 0.06611741 0.03763567
v -0.02541542 0.07468236 0.03769561
v -0.02402445 0.06609427 0.03769561
v -0.02243272 0.06635209 0.03833382
v -0.02398357 0.07592730 0.03833382
v -0.02257324 0.06632933 0.03835256
v -0.02412409 0.07590455 0.03835256
v -0.02270418 0.06630812 0.03840751
v -0.02425503 0.07588334 0.03840751
v -0.02281663 0.06628991 0.03849491
v -0.02436747 0.07586512 0.03849491
v -0.02290291 0.06627594 0.03860882
v -0.02445376 0.07585116 0.03860882
v -0.02295714 0.06626716 0.03874147
v -0.02450799 0.07584237 0.03874147
v -0.02297564 0.06626416 0.03888382
v -0.02452649 0.07583938 0.03888382
v -0.02295714 0.06626716 0.03902618
v -0.02450799 0.07584237 0.03902618
v -0.02290291 0.06627594 0.03915882
v -0.02445376 0.07585116 0.03915882
v -0.02281663 0.06628991 0.03927273
v -0.02436747 0.07586512 0.03927273
v -0.02270418 0.06630812 0.03936014
v -0.02425503 0.07588334 0.03936014
v -0.02257324 0.06632933 0.03941508
v -0.02412409 0.07590455 0.03941508
v -0.02243272 0.06635209 0.03943383
v -0.02398357 0.07592730 0.03943383
v -0.02229220 0.06637484 0.03941508
v -0.02384305 0.07595006 0.03941508
v -0.02216126 0.06639605 0.03936014
v -0.02371211 0.07597127 0.03936014
v -0.02204882 0.06641426 0.03927273
v -0.02359966 0.07598948 0.03927273
v -0.02196253 0.06642823 0.03915882
v -0.02351338 0.07600347 0.03915882
v -0.02190830 0.06643702 0.03902618
v -0.02345914 0.07601224 0.03902618
v -0.02188980 0.06644001 0.03888382
v -0.02344064 0.07601525 0.03888382
v -0.02190830 0.06643702 0.03874147
v -0.02345914 0.07601224 0.03874147
v -0.02196253 0.06642823 0.03860882
v -0.02351338 0.07600347 0.03860882
v -0.02204882 0.06641426 0.03849491
v -0.02359966 0.07598948 0.03849491
v -0.02216126 0.06639605 0.03840751
v -0.02371211 0.07597127 0.03840751
v -0.02229220 0.06637484 0.03835256
v -0.02384305 0.07595006 0.03835256
v -0.02243272 0.06635209 0.03479829
v -0.02398357 0.07592730 0.03479829
v -0.02257324 0.06632933 0.03481703
v -0.02412409 0.07590455 0.03481703
v -0.02270418 0.06630812 0.03487197
v -0.02425503 0.07588334 0.03487197
v -0.02281663 0.06628991 0.03495938
v -0.02436747 0.07586512 0.03495938
v -0.02290291 0.06627594 0.03507329
v -0.02445376 0.07585116 0.03507329
v -0.02295714 0.06626716 0.03520594
v -0.02450799 0.07584237 0.03520594
v -0.02297564 0.06626416 0.03534829
v -0.02452649 0.07583938 0.03534829
v -0.02295714 0.06626716 0.03549064
v -0.02450799 0.07584237 0.03549064
v -0.02290291 0.06627594 0.03562329
v -0.02445376 0.07585116 0.03562329
v -0.02281663 0.06628991 0.03573720
v -0.02436747 0.07586512 0.03573720
v -0.02270418 0.06630812 0.03582460
v -0.02425503 0.07588334 0.03582460
v -0.02257324 0.06632933 0.03587955
v -0.02412409 0.07590455 0.03587955
v -0.02243272 0.06635209 0.03589829
v -0.02398357 0.07592730 0.03589829
v -0.02229220 0.06637484 0.03587955
v -0.02384305 0.07595006 0.03587955
v -0.02216126 0.06639605 0.03582460
v -0.02371211 0.07597127 0.03582460
v -0.02204882 0.06641426 0.03573720
v -0.02359966 0.07598948 0.03573720
v -0.02196253 0.06642823 0.03562329
v -0.02351338 0.07600347 0.03562329
v -0.02190830 0.06643702 0.03549064
v -0.02345914 0.07601224 0.03549064
v -0.02188980 0.06644001 0.03534829
v -0.02344064 0.07601525 0.03534829
v -0.02190830 0.06643702 0.03520594
v -0.02345914 0.07601224 0.03520594
v -0.02196253 0.06642823 0.03507329
v -0.02351338 0.07600347 0.03507329
v -0.02204882 0.06641426 0.03495938
v -0.02359966 0.07598948 0.03495938
v -0.02216126 0.06639605 0.03487197
v -0.02371211 0.07597127 0.03487197
v -0.02229220 0.06637484 0.03481703
v -0.02384305 0.07595006 0.03481703
v -0.02592277 0.06578682 0.03479829
v -0.02747362 0.07536204 0.03479829
v -0.02606329 0.06576407 0.03481703
v -0.02761414 0.07533928 0.03481703
v -0.02619424 0.06574286 0.03487197
v -0.02774508 0.07531807 0.03487197
v -0.02630668 0.06572464 0.03495938
v -0.02785753 0.07529986 0.03495938
v -0.02639296 0.06571067 0.03507329
v -0.02794381 0.07528589 0.03507329
v -0.02644720 0.06570189 0.03520594
v -0.02799805 0.07527710 0.03520594
v -0.02646570 0.06569889 0.03534829
v -0.02801655 0.07527411 0.03534829
v -0.02644720 0.06570189 0.03549064
v -0.02799805 0.07527710 0.03549064
v -0.02639296 0.06571067 0.03562329
v -0.02794381 0.07528589 0.03562329
v -0.02630668 0.06572464 0.03573720
v -0.02785753 0.07529986 0.03573720
v -0.02619424 0.06574286 0.03582460
v -0.02774508 0.07531807 0.03582460
v -0.02606329 0.06576407 0.03587955
v -0.02761414 0.07533928 0.03587955
v -0.02592277 0.06578682 0.03589829
v -0.02747362 0.07536204 0.03589829
v -0.02578225 0.06580957 0.03587955
v -0.02733310 0.07538479 0.03587955
v -0.02565131 0.06583078 0.03582460
v -0.02720216 0.07540600 0.03582460
v -0.02553887 0.06584900 0.03573720
v -0.02708971 0.07542421 0.03573720
v -0.02545259 0.06586297 0.03562329
v -0.02700343 0.07543819 0.03562329
v -0.02539835 0.06587175 0.03549064
v -0.02694920 0.07544697 0.03549064
v -0.02537985 0.06587475 0.03534829
v -0.02693070 0.07544997 0.03534829
v -0.02539835 0.06587175 0.03520594
v -0.02694920 0.07544697 0.03520594
v -0.02545259 0.06586297 0.03507329
v -0.02700343 0.07543819 0.03507329
v -0.02553887 0.06584900 0.03495938
v -0.02708971 0.07542421 0.03495938
v -0.02565131 0.06583078 0.03487197
v -0.02720216 0.07540600 0.03487197
v -0.02578225 0.06580957 0.03481703
v -0.02733310 0.07538479 0.03481703
v -0.02592277 0.06578682 0.03833382
v -0.02747362 0.07536204 0.03833382
v -0.02606329 0.06576407 0.03835256
v -0.02761414 0.07533928 0.03835256
v -0.02619424 0.06574286 0.03840751
v -0.02774508 0.07531807 0.03840751
v -0.02630668 0.06572464 0.03849491
v -0.02785753 0.07529986 0.03849491
v -0.02639296 0.06571067 0.03860882
v -0.02794381 0.07528589 0.03860882
v -0.02644720 0.06570189 0.03874147
v -0.02799805 0.07527710 0.03874147
v -0.02646570 0.06569889 0.03888382
v -0.02801655 0.07527411 0.03888382
v -0.02644720 0.06570189 0.03902618
v -0.02799805 0.07527710 0.03902618
v -0.02639296 0.06571067 0.03915882
v -0.02794381 0.07528589 0.03915882
v -0.02630668 0.06572464 0.03927273
v -0.02785753 0.07529986 0.03927273
v -0.02619424 0.06574286 0.03936014
v -0.02774508 0.07531807 0.03936014
v -0.02606329 0.06576407 0.03941508
v -0.02761414 0.07533928 0.03941508
v -0.02592277 0.06578682 0.03943383
v -0.02747362 0.07536204 0.03943383
v -0.02578225 0.06580957 0.03941508
v -0.02733310 0.07538479 0.03941508
v -0.02565131 0.06583078 0.03936014
v -0.02720216 0.07540600 0.03936014
v -0.02553887 0.06584900 0.03927273
v -0.02708971 0.07542421 0.03927273
v -0.02545259 0.06586297 0.03915882
v -0.02700343 0.07543819 0.03915882
v -0.02539835 0.06587175 0.03902618
v -0.02694920 0.07544697 0.03902618
v -0.02537985 0.06587475 0.03888382
v -0.02693070 0.07544997 0.03888382
v -0.02539835 0.06587175 0.03874147
v -0.02694920 0.07544697 0.03874147
v -0.02545259 0.06586297 0.03860882
v -0.02700343 0.07543819 0.03860882
v -0.02553887 0.06584900 0.03849491
v -0.02708971 0.07542421 0.03849491
v -0.02565131 0.06583078 0.03840751
v -0.02720216 0.07540600 0.03840751
v -0.02578225 0.06580957 0.03835256
v -0.02733310 0.07538479 0.03835256
v -0.02572201 0.07463272 0.03653650
v -0.02584662 0.07491643 0.03624672
v -0.02586486 0.07460958 0.03659644
v -0.02606089 0.07488173 0.03633663
v -0.02598752 0.07458970 0.03669179
v -0.02624489 0.07485193 0.03647966
v -0.02608164 0.07457447 0.03681605
v -0.02638607 0.07482907 0.03666606
v -0.02614081 0.07456488 0.03696076
v -0.02647483 0.07481469 0.03688312
v -0.02616100 0.07456160 0.03711606
v -0.02650510 0.07480978 0.03711606
v -0.02614081 0.07456488 0.03727135
v -0.02647483 0.07481469 0.03734899
v -0.02608164 0.07457447 0.03741606
v -0.02638607 0.07482907 0.03756606
v -0.02598752 0.07458970 0.03754032
v -0.02624489 0.07485193 0.03775245
v -0.02586486 0.07460958 0.03763567
v -0.02606089 0.07488173 0.03789548
v -0.02572201 0.07463272 0.03769561
v -0.02584662 0.07491643 0.03798539
v -0.02556871 0.07465754 0.03771606
v -0.02561668 0.07495367 0.03801606
v -0.02541542 0.07468236 0.03769561
v -0.02538674 0.07499093 0.03798539
v -0.02527257 0.07470550 0.03763567
v -0.02517247 0.07502562 0.03789548
v -0.02514991 0.07472536 0.03754032
v -0.02498847 0.07505542 0.03775245
v -0.02505578 0.07474061 0.03741606
v -0.02484728 0.07507830 0.03756606
v -0.02499661 0.07475020 0.03727135
v -0.02475853 0.07509266 0.03734899
v -0.02497643 0.07475347 0.03711606
v -0.02472826 0.07509758 0.03711606
v -0.02499661 0.07475020 0.03696076
v -0.02475853 0.07509266 0.03688312
v -0.02505578 0.07474061 0.03681605
v -0.02484728 0.07507830 0.03666606
v -0.02514991 0.07472536 0.03669179
v -0.02498847 0.07505542 0.03647966
v -0.02527257 0.07470550 0.03659644
v -0.02517247 0.07502562 0.03633663
v -0.02541542 0.07468236 0.03653650
v -0.02538674 0.07499093 0.03624672
v -0.02556871 0.07465754 0.03651606
v -0.02561668 0.07495367 0.03621606
v -0.02412409 0.07590455 0.03835256
v -0.02424870 0.07618828 0.03806279
v -0.02425503 0.07588334 0.03840751
v -0.02445106 0.07615551 0.03814770
v -0.02436747 0.07586512 0.03849491
v -0.02462484 0.07612735 0.03828278
v -0.02445376 0.07585116 0.03860882
v -0.02475819 0.07610576 0.03845882
v -0.02450799 0.07584237 0.03874147
v -0.02484201 0.07609218 0.03866382
v -0.02452649 0.07583938 0.03888382
v -0.02487060 0.07608754 0.03888382
v -0.02450799 0.07584237 0.03902618
v -0.02484201 0.07609218 0.03910382
v -0.02445376 0.07585116 0.03915882
v -0.02475819 0.07610576 0.03930882
v -0.02436747 0.07586512 0.03927273
v -0.02462484 0.07612735 0.03948487
v -0.02425503 0.07588334 0.03936014
v -0.02445106 0.07615551 0.03961994
v -0.02412409 0.07590455 0.03941508
v -0.02424870 0.07618828 0.03970486
v -0.02398357 0.07592730 0.03943383
v -0.02403153 0.07622345 0.03973382
v -0.02384305 0.07595006 0.03941508
v -0.02381437 0.07625863 0.03970486
v -0.02371211 0.07597127 0.03936014
v -0.02361200 0.07629139 0.03961994
v -0.02359966 0.07598948 0.03927273
v -0.02343822 0.07631955 0.03948487
v -0.02351338 0.07600347 0.03915882
v -0.02330488 0.07634115 0.03930882
v -0.02345914 0.07601224 0.03902618
v -0.02322106 0.07635472 0.03910382
v -0.02344064 0.07601525 0.03888382
v -0.02319247 0.07635934 0.03888382
v -0.02345914 0.07601224 0.03874147
v -0.02322106 0.07635472 0.03866382
v -0.02351338 0.07600347 0.03860882
v -0.02330488 0.07634115 0.03845882
v -0.02359966 0.07598948 0.03849491
v -0.02343822 0.07631955 0.03828278
v -0.02371211 0.07597127 0.03840751
v -0.02361200 0.07629139 0.03814770
v -0.02384305 0.07595006 0.03835256
v -0.02381437 0.07625863 0.03806279
v -0.02398357 0.07592730 0.03833382
v -0.02403153 0.07622345 0.03803382
v -0.02412409 0.07590455 0.03481703
v -0.02424870 0.07618828 0.03452725
v -0.02425503 0.07588334 0.03487197
v -0.02445106 0.07615551 0.03461217
v -0.02436747 0.07586512 0.03495938
v -0.02462484 0.07612735 0.03474725
v -0.02445376 0.07585116 0.03507329
v -0.02475819 0.07610576 0.03492329
v -0.02450799 0.07584237 0.03520594
v -0.02484201 0.07609218 0.03512829
v -0.02452649 0.07583938 0.03534829
v -0.02487060 0.07608754 0.03534829
v -0.02450799 0.07584237 0.03549064
v -0.02484201 0.07609218 0.03556829
v -0.02445376 0.07585116 0.03562329
v -0.02475819 0.07610576 0.03577329
v -0.02436747 0.07586512 0.03573720
v -0.02462484 0.07612735 0.03594933
v -0.02425503 0.07588334 0.03582460
v -0.02445106 0.07615551 0.03608441
v -0.02412409 0.07590455 0.03587955
v -0.02424870 0.07618828 0.03616933
v -0.02398357 0.07592730 0.03589829
v -0.02403153 0.07622345 0.03619829
v -0.02384305 0.07595006 0.03587955
v -0.02381437 0.07625863 0.03616933
v -0.02371211 0.07597127 0.03582460
v -0.02361200 0.07629139 0.03608441
v -0.02359966 0.07598948 0.03573720
v -0.02343822 0.07631955 0.03594933
v -0.02351338 0.07600347 0.03562329
v -0.02330488 0.07634115 0.03577329
v -0.02345914 0.07601224 0.03549064
v -0.02322106 0.07635472 0.03556829
v -0.02344064 0.07601525 0.03534829
v -0.02319247 0.07635934 0.03534829
v -0.02345914 0.07601224 0.03520594
v -0.02322106 0.07635472 0.03512829
v -0.02351338 0.07600347 0.03507329
v -0.02330488 0.07634115 0.03492329
v -0.02359966 0.07598948 0.03495938
v -0.02343822 0.07631955 0.03474725
v -0.02371211 0.07597127 0.03487197
v -0.02361200 0.07629139 0.03461217
v -0.02384305 0.07595006 0.03481703
v -0.02381437 0.07625863 0.03452725
v -0.02398357 0.07592730 0.03479829
v -0.02403153 0.07622345 0.03449829
v -0.02761414 0.07533928 0.03481703
v -0.02773875 0.07562301 0.03452725
v -0.02774508 0.07531807 0.03487197
v -0.02794112 0.07559024 0.03461217
v -0.02785753 0.07529986 0.03495938
v -0.02811490 0.07556209 0.03474725
v -0.02794381 0.07528589 0.03507329
v -0.02824824 0.07554049 0.03492329
v -0.02799805 0.07527710 0.03520594
v -0.02833206 0.07552691 0.03512829
v -0.02801655 0.07527411 0.03534829
v -0.02836065 0.07552228 0.03534829
v -0.02799805 0.07527710 0.03549064
v -0.02833206 0.07552691 0.03556829
v -0.02794381 0.07528589 0.03562329
v -0.02824824 0.07554049 0.03577329
v -0.02785753 0.07529986 0.03573720
v -0.02811490 0.07556209 0.03594933
v -0.02774508 0.07531807 0.03582460
v -0.02794112 0.07559024 0.03608441
v -0.02761414 0.07533928 0.03587955
v -0.02773875 0.07562301 0.03616933
v -0.02747362 0.07536204 0.03589829
v -0.02752159 0.07565819 0.03619829
v -0.02733310 0.07538479 0.03587955
v -0.02730442 0.07569336 0.03616933
v -0.02720216 0.07540600 0.03582460
v -0.02710205 0.07572612 0.03608441
v -0.02708971 0.07542421 0.03573720
v -0.02692828 0.07575428 0.03594933
v -0.02700343 0.07543819 0.03562329
v -0.02679493 0.07577588 0.03577329
v -0.02694920 0.07544697 0.03549064
v -0.02671111 0.07578946 0.03556829
v -0.02693070 0.07544997 0.03534829
v -0.02668252 0.07579407 0.03534829
v -0.02694920 0.07544697 0.03520594
v -0.02671111 0.07578946 0.03512829
v -0.02700343 0.07543819 0.03507329
v -0.02679493 0.07577588 0.03492329
v -0.02708971 0.07542421 0.03495938
v -0.02692828 0.07575428 0.03474725
v -0.02720216 0.07540600 0.03487197
v -0.02710205 0.07572612 0.03461217
v -0.02733310 0.07538479 0.03481703
v -0.02730442 0.07569336 0.03452725
v -0.02747362 0.07536204 0.03479829
v -0.02752159 0.07565819 0.03449829
v -0.02761414 0.07533928 0.03835256
v -0.02773875 0.07562301 0.03806279
v -0.02774508 0.07531807 0.03840751
v -0.02794112 0.07559024 0.03814770
v -0.02785753 0.07529986 0.03849491
v -0.02811490 0.07556209 0.03828278
v -0.02794381 0.07528589 0.03860882
v -0.02824824 0.07554049 0.03845882
v -0.02799805 0.07527710 0.03874147
v -0.02833206 0.07552691 0.03866382
v -0.02801655 0.07527411 0.03888382
v -0.02836065 0.07552228 0.03888382
v -0.02799805 0.07527710 0.03902618
v -0.02833206 0.07552691 0.03910382
v -0.02794381 0.07528589 0.03915882
v -0.02824824 0.07554049 0.03930882
v -0.02785753 0.07529986 0.03927273
v -0.02811490 0.07556209 0.03948487
v -0.02774508 0.07531807 0.03936014
v -0.02794112 0.07559024 0.03961994
v -0.02761414 0.07533928 0.03941508
v -0.02773875 0.07562301 0.03970486
v -0.02747362 0.07536204 0.03943383
v -0.02752159 0.07565819 0.03973382
v -0.02733310 0.07538479 0.03941508
v -0.02730442 0.07569336 0.03970486
v -0.02720216 0.07540600 0.03936014
v -0.02710205 0.07572612 0.03961994
v -0.02708971 0.07542421 0.03927273
v -0.02692828 0.07575428 0.03948487
v -0.02700343 0.07543819 0.03915882
v -0.02679493 0.07577588 0.03930882
v -0.02694920 0.07544697 0.03902618
v -0.02671111 0.07578946 0.03910382
v -0.02693070 0.07544997 0.03888382
v -0.02668252 0.07579407 0.03888382
v -0.02694920 0.07544697 0.03874147
v -0.02671111 0.07578946 0.03866382
v -0.02700343 0.07543819 0.03860882
v -0.02679493 0.07577588 0.03845882
v -0.02708971 0.07542421 0.03849491
v -0.02692828 0.07575428 0.03828278
v -0.02720216 0.07540600 0.03840751
v -0.02710205 0.07572612 0.03814770
v -0.02733310 0.07538479 0.03835256
v -0.02730442 0.07569336 0.03806279
v -0.02747362 0.07536204 0.03833382
v -0.02752159 0.07565819 0.03803382
v -0.02755340 0.07565303 0.03661606
v -0.02739352 0.07466588 0.03661606
v -0.02706139 0.07471969 0.03657176
v -0.02722127 0.07570682 0.03657176
v -0.02675188 0.07476983 0.03644189
v -0.02691177 0.07575696 0.03644189
v -0.02648611 0.07481286 0.03623529
v -0.02664599 0.07579999 0.03623529
v -0.02628217 0.07484588 0.03596606
v -0.02644205 0.07583304 0.03596606
v -0.02615397 0.07486666 0.03565252
v -0.02631385 0.07585380 0.03565252
v -0.02611025 0.07487375 0.03531606
v -0.02627013 0.07586088 0.03531606
v -0.02923154 0.07538122 0.03661606
v -0.02907165 0.07439409 0.03661606
v -0.02907165 0.07439409 0.03761606
v -0.02907165 0.07439409 0.03661606
v -0.02923154 0.07538122 0.03761606
v -0.02923154 0.07538122 0.03661606
v -0.02739352 0.07466588 0.03761606
v -0.02907165 0.07439409 0.03761606
v -0.02755340 0.07565303 0.03761606
v -0.02923154 0.07538122 0.03761606
v -0.02726785 0.07569928 0.03764865
v -0.02710797 0.07471215 0.03764865
v -0.02699661 0.07574321 0.03774480
v -0.02683673 0.07475608 0.03774480
v -0.02675329 0.07578263 0.03789968
v -0.02659341 0.07479548 0.03789968
v -0.02655010 0.07581553 0.03810552
v -0.02639022 0.07482840 0.03810552
v -0.02639721 0.07584028 0.03835201
v -0.02623733 0.07485315 0.03835201
v -0.02630230 0.07585566 0.03862678
v -0.02614242 0.07486853 0.03862678
v -0.02627013 0.07586088 0.03891606
v -0.02611025 0.07487375 0.03891606
v -0.02627013 0.07586088 0.04061606
v -0.02611025 0.07487375 0.04061606
v -0.02512311 0.07503363 0.04061606
v -0.02611025 0.07487375 0.04061606
v -0.02528299 0.07602076 0.04061606
v -0.02627013 0.07586088 0.04061606
v -0.02512311 0.07503363 0.03891606
v -0.02512311 0.07503363 0.04061606
v -0.02528299 0.07602076 0.03891606
v -0.02528299 0.07602076 0.04061606
v -0.02399971 0.07622860 0.03761606
v -0.02383983 0.07524147 0.03761606
v -0.02417197 0.07518766 0.03766035
v -0.02433185 0.07617480 0.03766035
v -0.02448147 0.07513755 0.03779022
v -0.02464135 0.07612468 0.03779022
v -0.02474725 0.07509449 0.03799682
v -0.02490713 0.07608163 0.03799682
v -0.02495118 0.07506147 0.03826606
v -0.02511107 0.07604860 0.03826606
v -0.02507938 0.07504069 0.03857959
v -0.02523926 0.07602784 0.03857959
v -0.02232158 0.07650040 0.03761606
v -0.02216170 0.07551326 0.03761606
v -0.02216170 0.07551326 0.03661606
v -0.02216170 0.07551326 0.03761606
v -0.02232158 0.07650040 0.03661606
v -0.02232158 0.07650040 0.03761606
v -0.02383983 0.07524147 0.03661606
v -0.02216170 0.07551326 0.03661606
v -0.02399971 0.07622860 0.03661606
v -0.02232158 0.07650040 0.03661606
v -0.02433185 0.07617480 0.03657176
v -0.02417197 0.07518766 0.03657176
v -0.02464135 0.07612468 0.03644189
v -0.02448147 0.07513755 0.03644189
v -0.02490713 0.07608163 0.03623529
v -0.02474725 0.07509449 0.03623529
v -0.02511107 0.07604860 0.03596606
v -0.02495118 0.07506147 0.03596606
v -0.02523926 0.07602784 0.03565252
v -0.02507938 0.07504069 0.03565252
v -0.02528299 0.07602076 0.03531606
v -0.02512311 0.07503363 0.03531606
v -0.02626741 0.07584408 0.03436537
v -0.02626847 0.07585067 0.03440449
v -0.02626629 0.07583716 0.03434353
v -0.02623504 0.07564426 0.03412216
v -0.02624293 0.07569294 0.03414904
v -0.02624423 0.07570098 0.03415348
v -0.02625181 0.07574778 0.03419828
v -0.02625609 0.07577418 0.03422553
v -0.02627004 0.07586036 0.03446214
v -0.02627013 0.07586088 0.03448250
v -0.02611025 0.07487375 0.03410654
v -0.02622216 0.07556473 0.03410654
v -0.02624631 0.07571380 0.03416320
v -0.02624863 0.07572815 0.03417800
v -0.02625920 0.07579342 0.03425307
v -0.02626514 0.07583008 0.03432891
v -0.02623049 0.07561616 0.03411304
v -0.02623282 0.07563055 0.03411771
v -0.02642225 0.07559996 0.03376490
v -0.02640431 0.07553524 0.03376333
v -0.02641959 0.07553277 0.03361706
v -0.02640141 0.07553570 0.03377231
v -0.02634977 0.07554406 0.03391946
v -0.02635916 0.07554255 0.03390312
v -0.02637661 0.07560734 0.03390620
v -0.02628614 0.07555437 0.03403024
v -0.02630280 0.07561930 0.03403469
v -0.02626795 0.07555732 0.03405193
v -0.02623049 0.07561616 0.03411304
v -0.02622216 0.07556473 0.03410654
v -0.02633060 0.07567904 0.03404780
v -0.02623504 0.07564426 0.03412216
v -0.02623282 0.07563055 0.03411771
v -0.02624863 0.07572815 0.03417800
v -0.02624631 0.07571380 0.03416320
v -0.02636815 0.07573057 0.03406893
v -0.02624423 0.07570098 0.03415348
v -0.02624293 0.07569294 0.03414904
v -0.02626629 0.07583716 0.03434353
v -0.02626514 0.07583008 0.03432891
v -0.02634317 0.07581894 0.03426591
v -0.02625920 0.07579342 0.03425307
v -0.02630012 0.07578972 0.03422343
v -0.02625609 0.07577418 0.03422553
v -0.02626134 0.07574788 0.03418795
v -0.02625181 0.07574778 0.03419828
v -0.02627004 0.07586036 0.03446214
v -0.02626847 0.07585067 0.03440449
v -0.02638835 0.07583410 0.03431327
v -0.02626741 0.07584408 0.03436537
v -0.02643337 0.07583443 0.03436312
v -0.02627013 0.07586088 0.03448250
v -0.02643769 0.07559746 0.03361706
v -0.02644301 0.07560727 0.03361706
v -0.02645380 0.07565908 0.03376954
v -0.02646973 0.07565649 0.03361706
v -0.02648451 0.07567328 0.03361706
v -0.02649740 0.07570965 0.03377702
v -0.02651410 0.07570694 0.03361706
v -0.02654135 0.07572658 0.03361706
v -0.02655084 0.07574910 0.03378696
v -0.02641357 0.07577134 0.03409701
v -0.02646458 0.07579928 0.03413064
v -0.02640673 0.07566671 0.03391528
v -0.02644802 0.07571763 0.03392990
v -0.02649840 0.07575760 0.03394934
v -0.02655534 0.07578457 0.03397262
v -0.02661147 0.07577549 0.03379887
v -0.02656859 0.07574624 0.03361706
v -0.02660985 0.07576369 0.03361706
v -0.02663045 0.07577243 0.03361706
v -0.02668560 0.07578222 0.03361706
v -0.02651861 0.07581302 0.03416812
v -0.02661600 0.07579724 0.03399857
v -0.02667622 0.07578747 0.03381213
v -0.02669659 0.07578418 0.03361706
v -0.02657296 0.07581183 0.03420758
v -0.02667733 0.07579493 0.03402589
v -0.02674186 0.07578447 0.03382610
v -0.02676370 0.07578093 0.03361706
v -0.02641959 0.07553277 0.03345000
v -0.02644209 0.07560778 0.03345000
v -0.02648325 0.07567441 0.03345000
v -0.02654024 0.07572812 0.03345000
v -0.02660920 0.07576523 0.03345000
v -0.02668541 0.07578325 0.03345000
v -0.02676370 0.07578093 0.03345000
v -0.02503760 0.07575658 0.03361706
v -0.02503959 0.07582373 0.03361706
v -0.02503760 0.07575658 0.03345000
v -0.02503959 0.07582373 0.03345000
v -0.02503992 0.07583487 0.03345000
v -0.02503992 0.07583487 0.03361706
v -0.02502705 0.07588936 0.03345000
v -0.02502705 0.07588936 0.03361706
v -0.02502191 0.07591108 0.03345000
v -0.02502191 0.07591108 0.03361706
v -0.02500068 0.07595051 0.03345000
v -0.02500068 0.07595051 0.03361706
v -0.02498478 0.07598005 0.03345000
v -0.02498478 0.07598005 0.03361706
v -0.02496177 0.07600447 0.03345000
v -0.02496177 0.07600447 0.03361706
v -0.02493107 0.07603704 0.03345000
v -0.02493107 0.07603704 0.03361706
v -0.02491206 0.07604877 0.03345000
v -0.02491206 0.07604877 0.03361706
v -0.02486444 0.07607820 0.03345000
v -0.02486444 0.07607820 0.03361706
v -0.02485376 0.07608140 0.03345000
v -0.02485376 0.07608140 0.03361706
v -0.02478942 0.07610070 0.03361706
v -0.02478942 0.07610070 0.03345000
v -0.02505288 0.07575412 0.03376333
v -0.02524593 0.07579194 0.03411770
v -0.02524740 0.07580102 0.03412199
v -0.02517533 0.07581295 0.03403628
v -0.02526706 0.07592241 0.03421098
v -0.02526887 0.07593360 0.03422585
v -0.02524496 0.07593790 0.03420470
v -0.02527124 0.07594823 0.03424531
v -0.02527850 0.07599305 0.03433251
v -0.02521179 0.07599157 0.03425110
v -0.02528105 0.07600879 0.03438349
v -0.02516908 0.07602884 0.03430513
v -0.02528121 0.07600976 0.03439153
v -0.02528299 0.07602076 0.03448250
v -0.02526146 0.07588781 0.03417800
v -0.02513501 0.07595572 0.03408218
v -0.02525893 0.07587221 0.03416314
v -0.02525441 0.07584430 0.03414244
v -0.02516304 0.07588823 0.03405400
v -0.02525795 0.07586615 0.03415736
v -0.02524253 0.07577096 0.03411181
v -0.02518924 0.07573204 0.03405193
v -0.02523503 0.07572461 0.03410654
v -0.02505542 0.07583236 0.03376546
v -0.02505578 0.07575364 0.03377231
v -0.02510123 0.07582493 0.03390730
v -0.02509803 0.07574681 0.03390312
v -0.02510742 0.07574528 0.03391946
v -0.02517105 0.07573497 0.03403024
v -0.02518924 0.07573204 0.03405193
v -0.02503806 0.07590847 0.03377174
v -0.02508581 0.07590073 0.03391957
v -0.02500197 0.07597725 0.03378171
v -0.02505280 0.07596902 0.03393908
v -0.02494962 0.07603403 0.03379471
v -0.02509316 0.07601079 0.03411891
v -0.02500446 0.07602515 0.03396450
v -0.02488457 0.07607493 0.03380986
v -0.02504034 0.07604969 0.03416168
v -0.02494408 0.07606528 0.03399412
v -0.02481126 0.07609717 0.03382610
v -0.02511974 0.07604719 0.03436312
v -0.02498015 0.07606981 0.03420758
v -0.02487578 0.07608671 0.03402589
v -0.02528299 0.07602076 0.03448250
v -0.02528105 0.07600879 0.03438349
v -0.02527850 0.07599305 0.03433251
v -0.02512311 0.07503363 0.03410654
v -0.02527124 0.07594823 0.03424531
v -0.02526887 0.07593360 0.03422585
v -0.02526706 0.07592241 0.03421098
v -0.02526146 0.07588781 0.03417800
v -0.02525893 0.07587221 0.03416314
v -0.02528121 0.07600976 0.03439153
v -0.02525795 0.07586615 0.03415736
v -0.02525441 0.07584430 0.03414244
v -0.02524740 0.07580102 0.03412199
v -0.02524593 0.07579194 0.03411770
v -0.02524253 0.07577096 0.03411181
v -0.02523503 0.07572461 0.03410654
v -0.02604788 0.07488385 0.03416355
v -0.02611025 0.07487375 0.03410654
v -0.02611025 0.07487375 0.03531606
v -0.02495118 0.07506147 0.03596606
v -0.02507938 0.07504069 0.03565252
v -0.02561668 0.07495367 0.03621606
v -0.02561767 0.07495353 0.03431606
v -0.02577121 0.07492865 0.03429853
v -0.02615397 0.07486666 0.03565252
v -0.02512311 0.07503363 0.03410654
v -0.02518548 0.07502352 0.03416355
v -0.02512311 0.07503363 0.03531606
v -0.02531631 0.07500232 0.03424684
v -0.02546215 0.07497870 0.03429853
v -0.02591705 0.07490503 0.03424684
v -0.02561569 0.07495385 0.03431606
v -0.02739352 0.07466588 0.03661606
v -0.02650510 0.07480978 0.03711606
v -0.02706139 0.07471969 0.03657176
v -0.02647483 0.07481469 0.03688312
v -0.02675188 0.07476983 0.03644189
v -0.02638607 0.07482907 0.03666606
v -0.02648611 0.07481286 0.03623529
v -0.02624489 0.07485193 0.03647966
v -0.02628217 0.07484588 0.03596606
v -0.02606089 0.07488173 0.03633663
v -0.02584662 0.07491643 0.03624672
v -0.02611025 0.07487375 0.04061606
v -0.02512311 0.07503363 0.04061606
v -0.02512311 0.07503363 0.03891606
v -0.02561668 0.07495367 0.03801606
v -0.02584662 0.07491643 0.03798539
v -0.02611025 0.07487375 0.03891606
v -0.02538674 0.07499093 0.03624672
v -0.02517247 0.07502562 0.03633663
v -0.02474725 0.07509449 0.03623529
v -0.02498847 0.07505542 0.03647966
v -0.02448147 0.07513755 0.03644189
v -0.02484728 0.07507830 0.03666606
v -0.02417197 0.07518766 0.03657176
v -0.02475853 0.07509266 0.03688312
v -0.02472826 0.07509758 0.03711606
v -0.02216170 0.07551326 0.03761606
v -0.02216170 0.07551326 0.03661606
v -0.02383983 0.07524147 0.03761606
v -0.02383983 0.07524147 0.03661606
v -0.02417197 0.07518766 0.03766035
v -0.02448147 0.07513755 0.03779022
v -0.02606089 0.07488173 0.03789548
v -0.02623733 0.07485315 0.03835201
v -0.02614242 0.07486853 0.03862678
v -0.02907165 0.07439409 0.03661606
v -0.02907165 0.07439409 0.03761606
v -0.02739352 0.07466588 0.03761606
v -0.02538674 0.07499093 0.03798539
v -0.02507938 0.07504069 0.03857959
v -0.02517247 0.07502562 0.03789548
v -0.02495118 0.07506147 0.03826606
v -0.02498847 0.07505542 0.03775245
v -0.02474725 0.07509449 0.03799682
v -0.02484728 0.07507830 0.03756606
v -0.02475853 0.07509266 0.03734899
v -0.02647483 0.07481469 0.03734899
v -0.02710797 0.07471215 0.03764865
v -0.02638607 0.07482907 0.03756606
v -0.02683673 0.07475608 0.03774480
v -0.02624489 0.07485193 0.03775245
v -0.02659341 0.07479548 0.03789968
v -0.02639022 0.07482840 0.03810552
v -0.02677984 0.07577070 0.03338559
v -0.02676487 0.07577038 0.03337240
v -0.02674736 0.07577322 0.03337379
v -0.02673062 0.07577594 0.03337918
v -0.02671554 0.07577839 0.03338829
v -0.02670289 0.07578042 0.03340063
v -0.02669336 0.07578197 0.03341558
v -0.02668742 0.07578293 0.03343232
v -0.02676270 0.07574038 0.03330010
v -0.02679276 0.07574612 0.03332442
v -0.02678198 0.07576661 0.03337542
v -0.02661309 0.07576462 0.03341585
v -0.02654574 0.07572722 0.03340171
v -0.02648998 0.07567331 0.03339086
v -0.02644960 0.07560656 0.03338404
v -0.02672658 0.07548304 0.03315020
v -0.02679366 0.07547217 0.03316057
v -0.02680238 0.07553839 0.03316783
v -0.02673863 0.07555974 0.03316041
v -0.02667329 0.07557032 0.03316559
v -0.02665894 0.07549399 0.03315556
v -0.02661082 0.07558044 0.03318571
v -0.02659427 0.07550448 0.03317639
v -0.02655452 0.07558957 0.03321971
v -0.02653598 0.07551391 0.03321158
v -0.02650733 0.07559720 0.03326579
v -0.02648713 0.07552182 0.03325929
v -0.02647174 0.07560297 0.03332154
v -0.02645028 0.07552778 0.03331701
v -0.02642737 0.07553149 0.03338171
v -0.02650982 0.07567009 0.03333482
v -0.02654174 0.07566494 0.03328484
v -0.02658404 0.07565808 0.03324352
v -0.02663452 0.07564991 0.03321305
v -0.02669053 0.07564084 0.03319501
v -0.02674911 0.07563134 0.03319036
v -0.02656194 0.07572459 0.03335596
v -0.02658800 0.07572037 0.03331514
v -0.02662254 0.07571479 0.03328141
v -0.02666376 0.07570810 0.03325653
v -0.02670949 0.07570070 0.03324180
v -0.02675732 0.07569295 0.03323801
v -0.02680311 0.07554895 0.03317139
v -0.02680676 0.07560192 0.03318923
v -0.02680657 0.07565957 0.03322371
v -0.02680419 0.07568402 0.03324663
v -0.02680182 0.07570846 0.03326954
v -0.02662454 0.07576275 0.03338350
v -0.02664297 0.07575976 0.03335464
v -0.02666740 0.07575582 0.03333079
v -0.02669654 0.07575110 0.03331319
v -0.02672887 0.07574585 0.03330278
v -0.02322106 0.07635472 0.03556829
v -0.02330488 0.07634115 0.03577329
v -0.02232158 0.07650040 0.03661606
v -0.02627013 0.07586088 0.04061606
v -0.02674594 0.07578382 0.04078698
v -0.02528299 0.07602076 0.04061606
v -0.02577656 0.07594082 0.04091606
v -0.02480718 0.07609781 0.04078698
v -0.02343822 0.07631955 0.03594933
v -0.02361200 0.07629139 0.03608441
v -0.02399971 0.07622860 0.03661606
v -0.02923154 0.07538122 0.03661606
v -0.02940262 0.07535351 0.03614305
v -0.02923154 0.07538122 0.03761606
v -0.02952766 0.07533326 0.03712537
v -0.02939787 0.07535429 0.03810707
v -0.02215049 0.07652810 0.03614305
v -0.02252188 0.07646795 0.03522682
v -0.02319247 0.07635934 0.03534829
v -0.02343822 0.07631955 0.03948487
v -0.02361200 0.07629139 0.03961994
v -0.02312737 0.07636989 0.03980635
v -0.02462484 0.07612735 0.03948487
v -0.02475819 0.07610576 0.03930882
v -0.02692828 0.07575428 0.03948487
v -0.02710205 0.07572612 0.03961994
v -0.02381437 0.07625863 0.03616933
v -0.02403153 0.07622345 0.03619829
v -0.02433185 0.07617480 0.03657176
v -0.02424870 0.07618828 0.03616933
v -0.02464135 0.07612468 0.03644189
v -0.02445106 0.07615551 0.03608441
v -0.02490713 0.07608163 0.03623529
v -0.02462484 0.07612735 0.03594933
v -0.02511107 0.07604860 0.03596606
v -0.02475819 0.07610576 0.03577329
v -0.02523926 0.07602784 0.03565252
v -0.02484201 0.07609218 0.03556829
v -0.02528299 0.07602076 0.03531606
v -0.02390365 0.07624417 0.04040851
v -0.02528299 0.07602076 0.03891606
v -0.02824824 0.07554049 0.03492329
v -0.02843874 0.07550963 0.03443895
v -0.02833206 0.07552691 0.03512829
v -0.02903124 0.07541368 0.03522682
v -0.02710205 0.07572612 0.03461217
v -0.02794112 0.07559024 0.03608441
v -0.02773875 0.07562301 0.03616933
v -0.02755340 0.07565303 0.03661606
v -0.02752159 0.07565819 0.03619829
v -0.02811490 0.07556209 0.03594933
v -0.02824824 0.07554049 0.03577329
v -0.02833206 0.07552691 0.03556829
v -0.02836065 0.07552228 0.03534829
v -0.02484201 0.07609218 0.03910382
v -0.02487060 0.07608754 0.03888382
v -0.02523926 0.07602784 0.03857959
v -0.02484201 0.07609218 0.03866382
v -0.02511107 0.07604860 0.03826606
v -0.02475819 0.07610576 0.03845882
v -0.02490713 0.07608163 0.03799682
v -0.02462484 0.07612735 0.03828278
v -0.02464135 0.07612468 0.03779022
v -0.02445106 0.07615551 0.03814770
v -0.02433185 0.07617480 0.03766035
v -0.02424870 0.07618828 0.03806279
v -0.02399971 0.07622860 0.03761606
v -0.02232158 0.07650040 0.03761606
v -0.02343822 0.07631955 0.03828278
v -0.02330488 0.07634115 0.03845882
v -0.02253107 0.07646647 0.03902143
v -0.02215525 0.07652733 0.03810707
v -0.02322106 0.07635472 0.03866382
v -0.02381437 0.07625863 0.03970486
v -0.02403153 0.07622345 0.03973382
v -0.02424870 0.07618828 0.03970486
v -0.02445106 0.07615551 0.03961994
v -0.02824824 0.07554049 0.03845882
v -0.02833206 0.07552691 0.03866382
v -0.02836065 0.07552228 0.03888382
v -0.02902205 0.07541516 0.03902143
v -0.02730442 0.07569336 0.03970486
v -0.02764946 0.07563746 0.04040851
v -0.02794112 0.07559024 0.03961994
v -0.02842575 0.07551175 0.03980635
v -0.02773875 0.07562301 0.03970486
v -0.02752159 0.07565819 0.03973382
v -0.02811490 0.07556209 0.03948487
v -0.02824824 0.07554049 0.03930882
v -0.02833206 0.07552691 0.03910382
v -0.02811490 0.07556209 0.03474725
v -0.02794112 0.07559024 0.03461217
v -0.02766538 0.07563488 0.03383295
v -0.02403153 0.07622345 0.03803382
v -0.02381437 0.07625863 0.03806279
v -0.02361200 0.07629139 0.03814770
v -0.02202545 0.07654837 0.03712537
v -0.02811490 0.07556209 0.03828278
v -0.02794112 0.07559024 0.03814770
v -0.02755340 0.07565303 0.03761606
v -0.02627013 0.07586088 0.03891606
v -0.02671111 0.07578946 0.03910382
v -0.02679493 0.07577588 0.03930882
v -0.02730442 0.07569336 0.03452725
v -0.02487060 0.07608754 0.03534829
v -0.02484201 0.07609218 0.03512829
v -0.02475819 0.07610576 0.03492329
v -0.02462484 0.07612735 0.03474725
v -0.02445106 0.07615551 0.03461217
v -0.02388774 0.07624675 0.03383295
v -0.02424870 0.07618828 0.03452725
v -0.02361200 0.07629139 0.03461217
v -0.02311438 0.07637199 0.03443895
v -0.02381437 0.07625863 0.03452725
v -0.02403153 0.07622345 0.03449829
v -0.02343822 0.07631955 0.03474725
v -0.02330488 0.07634115 0.03492329
v -0.02322106 0.07635472 0.03512829
v -0.02319247 0.07635934 0.03888382
v -0.02322106 0.07635472 0.03910382
v -0.02330488 0.07634115 0.03930882
v -0.02773875 0.07562301 0.03452725
v -0.02752159 0.07565819 0.03449829
v -0.02730442 0.07569336 0.03616933
v -0.02722127 0.07570682 0.03657176
v -0.02710205 0.07572612 0.03608441
v -0.02691177 0.07575696 0.03644189
v -0.02692828 0.07575428 0.03594933
v -0.02664599 0.07579999 0.03623529
v -0.02679493 0.07577588 0.03577329
v -0.02644205 0.07583304 0.03596606
v -0.02671111 0.07578946 0.03556829
v -0.02631385 0.07585380 0.03565252
v -0.02668252 0.07579407 0.03534829
v -0.02627013 0.07586088 0.03531606
v -0.02671111 0.07578946 0.03512829
v -0.02679493 0.07577588 0.03492329
v -0.02692828 0.07575428 0.03474725
v -0.02773875 0.07562301 0.03806279
v -0.02752159 0.07565819 0.03803382
v -0.02726785 0.07569928 0.03764865
v -0.02730442 0.07569336 0.03806279
v -0.02699661 0.07574321 0.03774480
v -0.02710205 0.07572612 0.03814770
v -0.02675329 0.07578263 0.03789968
v -0.02692828 0.07575428 0.03828278
v -0.02655010 0.07581553 0.03810552
v -0.02679493 0.07577588 0.03845882
v -0.02639721 0.07584028 0.03835201
v -0.02630230 0.07585566 0.03862678
v -0.02671111 0.07578946 0.03866382
v -0.02668252 0.07579407 0.03888382
v -0.02486242 0.07607853 0.03343232
v -0.02481922 0.07608551 0.03337918
v -0.02483431 0.07608307 0.03338829
v -0.02475086 0.07607685 0.03332442
v -0.02477757 0.07606189 0.03330010
v -0.02478498 0.07609105 0.03337240
v -0.02492121 0.07577543 0.03321158
v -0.02497006 0.07576754 0.03325929
v -0.02492750 0.07585309 0.03321971
v -0.02497469 0.07584543 0.03326579
v -0.02492111 0.07592741 0.03324352
v -0.02502983 0.07575785 0.03338171
v -0.02503241 0.07583609 0.03338404
v -0.02466353 0.07581717 0.03316057
v -0.02473060 0.07580632 0.03315020
v -0.02467615 0.07588276 0.03316783
v -0.02474339 0.07588289 0.03316041
v -0.02467880 0.07589300 0.03317139
v -0.02475604 0.07595414 0.03319036
v -0.02469206 0.07594442 0.03318923
v -0.02486292 0.07578489 0.03317639
v -0.02487120 0.07586219 0.03318571
v -0.02487063 0.07593558 0.03321305
v -0.02486126 0.07600006 0.03325653
v -0.02501517 0.07591218 0.03339086
v -0.02479825 0.07579535 0.03315556
v -0.02480873 0.07587231 0.03316559
v -0.02481463 0.07594465 0.03319501
v -0.02481553 0.07600745 0.03324180
v -0.02481139 0.07605642 0.03330278
v -0.02497928 0.07598093 0.03340171
v -0.02476770 0.07601519 0.03323801
v -0.02473037 0.07604396 0.03326954
v -0.02472040 0.07602150 0.03324663
v -0.02471043 0.07599907 0.03322371
v -0.02493702 0.07598777 0.03331514
v -0.02489730 0.07604251 0.03335464
v -0.02487287 0.07604647 0.03333079
v -0.02492718 0.07603766 0.03341585
v -0.02484696 0.07608102 0.03340063
v -0.02500691 0.07576156 0.03331701
v -0.02501028 0.07583967 0.03332154
v -0.02499533 0.07591539 0.03333482
v -0.02496308 0.07598356 0.03335596
v -0.02491572 0.07603952 0.03338350
v -0.02485649 0.07607947 0.03341558
v -0.02477088 0.07609607 0.03338559
v -0.02476755 0.07609288 0.03337542
v -0.02496342 0.07592057 0.03328484
v -0.02490248 0.07599337 0.03328141
v -0.02484373 0.07605118 0.03331319
v -0.02480249 0.07608822 0.03337379
v -0.02493107 0.07603704 0.03345000
v -0.02561767 0.07495353 0.03431606
v -0.02445853 0.06779679 0.03431606
v -0.02577121 0.07492865 0.03429853
v -0.02461207 0.06777192 0.03429853
v -0.02591705 0.07490503 0.03424684
v -0.02475791 0.06774830 0.03424684
v -0.02604788 0.07488385 0.03416355
v -0.02488874 0.06772710 0.03416355
v -0.02611025 0.07487375 0.03410654
v -0.02499800 0.06770940 0.03405288
v -0.02514853 0.06768502 0.03361706
v -0.02513123 0.06768782 0.03377260
v -0.02508020 0.06769610 0.03392034
v -0.02626795 0.07555732 0.03405193
v -0.02514853 0.06768502 0.03345000
v -0.02376655 0.06790886 0.03345000
v -0.02376655 0.06790886 0.03361706
v -0.02512311 0.07503363 0.03410654
v -0.02445655 0.06779710 0.03431606
v -0.02561569 0.07495385 0.03431606
v -0.02430301 0.06782196 0.03429853
v -0.02546215 0.07497870 0.03429853
v -0.02415717 0.06784559 0.03424684
v -0.02531631 0.07500232 0.03424684
v -0.02402634 0.06786679 0.03416355
v -0.02518548 0.07502352 0.03416355
v -0.02391708 0.06788447 0.03405288
v -0.02391708 0.06788447 0.03405288
v -0.02383488 0.06789779 0.03392034
v -0.02378384 0.06790606 0.03377260
v -0.02515631 0.06768377 0.03338171
v -0.02517922 0.06768006 0.03331701
v -0.02521607 0.06767408 0.03325929
v -0.02526493 0.06766617 0.03321158
v -0.02532321 0.06765673 0.03317639
v -0.02538788 0.06764625 0.03315556
v -0.02545553 0.06763530 0.03315020
v -0.02552261 0.06762443 0.03316057
v -0.02775140 0.07531704 0.03356734
v -0.02776653 0.07531460 0.03357376
v -0.02777346 0.07538111 0.03358026
v -0.02858927 0.07518135 0.03421845
v -0.02860094 0.07517946 0.03422760
v -0.02860635 0.07524621 0.03423290
v -0.02923227 0.07507721 0.03506710
v -0.02924022 0.07507592 0.03507767
v -0.02924445 0.07514286 0.03508141
v -0.02963657 0.07501172 0.03605547
v -0.02964093 0.07501101 0.03606623
v -0.02964442 0.07507808 0.03606816
v -0.02977458 0.07498936 0.03711622
v -0.02977584 0.07498916 0.03712611
v -0.02977909 0.07505626 0.03712609
v -0.02963689 0.07501168 0.03817707
v -0.02963580 0.07501185 0.03818531
v -0.02963930 0.07507891 0.03818334
v -0.02923283 0.07507712 0.03916572
v -0.02923031 0.07507753 0.03917186
v -0.02923456 0.07514445 0.03916809
v -0.02858993 0.07518123 0.04001480
v -0.02858693 0.07518172 0.04001875
v -0.02859236 0.07524847 0.04001342
v -0.02775196 0.07531695 0.04066641
v -0.02774936 0.07531739 0.04066843
v -0.02775633 0.07538389 0.04066192
v -0.02677602 0.07547503 0.04107615
v -0.02677450 0.07547528 0.04107678
v -0.02678326 0.07554149 0.04106952
v -0.02468117 0.07581433 0.04107615
v -0.02370783 0.07597197 0.04066843
v -0.02372221 0.07603727 0.04066192
v -0.02370523 0.07597239 0.04066641
v -0.02287026 0.07610762 0.04001875
v -0.02288618 0.07617267 0.04001342
v -0.02286726 0.07610811 0.04001480
v -0.02222688 0.07621183 0.03917186
v -0.02224398 0.07627668 0.03916809
v -0.02222436 0.07621223 0.03916572
v -0.02182139 0.07627750 0.03818531
v -0.02183923 0.07634224 0.03818334
v -0.02182030 0.07627768 0.03817707
v -0.02168135 0.07630018 0.03712611
v -0.02169945 0.07636489 0.03712609
v -0.02168261 0.07629998 0.03711622
v -0.02181626 0.07627832 0.03606623
v -0.02183411 0.07634308 0.03606816
v -0.02182062 0.07627762 0.03605547
v -0.02221697 0.07621344 0.03507767
v -0.02223408 0.07627829 0.03508141
v -0.02222492 0.07621215 0.03506710
v -0.02285625 0.07610990 0.03422760
v -0.02287219 0.07617493 0.03423290
v -0.02769736 0.07562210 0.03377527
v -0.02385336 0.07624469 0.03377527
v -0.02381829 0.07622789 0.03372049
v -0.02772533 0.07559508 0.03372049
v -0.02774789 0.07555523 0.03367135
v -0.02378430 0.07619719 0.03367135
v -0.02375310 0.07615413 0.03363031
v -0.02776390 0.07550451 0.03363031
v -0.02777257 0.07544549 0.03359943
v -0.02286792 0.07610801 0.03421845
v -0.02369066 0.07597474 0.03357376
v -0.02370507 0.07604004 0.03358026
v -0.02370578 0.07597229 0.03356734
v -0.02372624 0.07610084 0.03359943
v -0.02289787 0.07623501 0.03424853
v -0.02293200 0.07628711 0.03427371
v -0.02297288 0.07632860 0.03430717
v -0.02301844 0.07635743 0.03434725
v -0.02306641 0.07637214 0.03439192
v -0.02226323 0.07633780 0.03509244
v -0.02230293 0.07638900 0.03511022
v -0.02235121 0.07642930 0.03513383
v -0.02240565 0.07645668 0.03516211
v -0.02246350 0.07646979 0.03519364
v -0.02186542 0.07640223 0.03607384
v -0.02190862 0.07645285 0.03608299
v -0.02196155 0.07649241 0.03609515
v -0.02202154 0.07651889 0.03610972
v -0.02208559 0.07653100 0.03612595
v -0.02173149 0.07642392 0.03712603
v -0.02177586 0.07647435 0.03712595
v -0.02183035 0.07651365 0.03712583
v -0.02189221 0.07653985 0.03712569
v -0.02195835 0.07655160 0.03712554
v -0.02187051 0.07640140 0.03817756
v -0.02191367 0.07645205 0.03816823
v -0.02196653 0.07649160 0.03815584
v -0.02202645 0.07651810 0.03814101
v -0.02209043 0.07653022 0.03812448
v -0.02227306 0.07633620 0.03915696
v -0.02231268 0.07638742 0.03913904
v -0.02236085 0.07642773 0.03911522
v -0.02241514 0.07645514 0.03908670
v -0.02247285 0.07646828 0.03905491
v -0.02291178 0.07623275 0.03999771
v -0.02294580 0.07628487 0.03997241
v -0.02298651 0.07632641 0.03993878
v -0.02303188 0.07635525 0.03989850
v -0.02307963 0.07637001 0.03985362
v -0.02374328 0.07609809 0.04064269
v -0.02376999 0.07615137 0.04061172
v -0.02380100 0.07619449 0.04057057
v -0.02383475 0.07622522 0.04052128
v -0.02386955 0.07624205 0.04046635
v -0.02468268 0.07581408 0.04107678
v -0.02469528 0.07587967 0.04106952
v -0.02471108 0.07594133 0.04104809
v -0.02472929 0.07599601 0.04101356
v -0.02474900 0.07604094 0.04096767
v -0.02476922 0.07607386 0.04091272
v -0.02478895 0.07609315 0.04085147
v -0.02577536 0.07593338 0.04098281
v -0.02577181 0.07591149 0.04104622
v -0.02576609 0.07587620 0.04110311
v -0.02575850 0.07582931 0.04115061
v -0.02574941 0.07577317 0.04118635
v -0.02573927 0.07571058 0.04120853
v -0.02572859 0.07564467 0.04121606
v -0.02676177 0.07577363 0.04085147
v -0.02677439 0.07574910 0.04091272
v -0.02678319 0.07571148 0.04096767
v -0.02678771 0.07566263 0.04101356
v -0.02678774 0.07560499 0.04104809
v -0.02775553 0.07544825 0.04064269
v -0.02774701 0.07550725 0.04061172
v -0.02773119 0.07555793 0.04057057
v -0.02770887 0.07559774 0.04052128
v -0.02768116 0.07562471 0.04046635
v -0.02858703 0.07531357 0.03999771
v -0.02857120 0.07537375 0.03997241
v -0.02854568 0.07542601 0.03993878
v -0.02851174 0.07546772 0.03989850
v -0.02847108 0.07549679 0.03985362
v -0.02922575 0.07521012 0.03915696
v -0.02920432 0.07527121 0.03913904
v -0.02917134 0.07532467 0.03911522
v -0.02912847 0.07536783 0.03908670
v -0.02907787 0.07539850 0.03905491
v -0.02962830 0.07514493 0.03817756
v -0.02960333 0.07520659 0.03816823
v -0.02956566 0.07526082 0.03815584
v -0.02951716 0.07530488 0.03814101
v -0.02946028 0.07533657 0.03812448
v -0.02976733 0.07512240 0.03712603
v -0.02974114 0.07518428 0.03712595
v -0.02970184 0.07523875 0.03712583
v -0.02965141 0.07528313 0.03712569
v -0.02959236 0.07531518 0.03712554
v -0.02963339 0.07514409 0.03607384
v -0.02960838 0.07520578 0.03608299
v -0.02957064 0.07526001 0.03609515
v -0.02952208 0.07530407 0.03610972
v -0.02946512 0.07533577 0.03612595
v -0.02923558 0.07520852 0.03509244
v -0.02921407 0.07526964 0.03511022
v -0.02918098 0.07532312 0.03513383
v -0.02913797 0.07536628 0.03516211
v -0.02908721 0.07539699 0.03519364
v -0.02860094 0.07531131 0.03424853
v -0.02858500 0.07537153 0.03427371
v -0.02855931 0.07542379 0.03430717
v -0.02852518 0.07546554 0.03434725
v -0.02848430 0.07549463 0.03439192
v -0.02339247 0.06796944 0.03316057
v -0.02345955 0.06795858 0.03315020
v -0.02352720 0.06794761 0.03315556
v -0.02359186 0.06793715 0.03317639
v -0.02365015 0.06792772 0.03321158
v -0.02369901 0.06791980 0.03325929
v -0.02373586 0.06791384 0.03331701
v -0.02375877 0.06791011 0.03338171
v -0.02644120 0.06722240 0.03356535
v -0.02546508 0.06738050 0.03315576
v -0.02337006 0.06771981 0.04107635
v -0.02441757 0.06755015 0.04121606
v -0.02239394 0.06787791 0.04066676
v -0.02155572 0.06801368 0.04001519
v -0.02091254 0.06811786 0.03916605
v -0.02050822 0.06818333 0.03817721
v -0.02037031 0.06820568 0.03711606
v -0.02050822 0.06818333 0.03605490
v -0.02091254 0.06811786 0.03506605
v -0.02155572 0.06801368 0.03421692
v -0.02550505 0.06762729 0.03315576
v -0.02445754 0.06779693 0.03301605
v -0.02441757 0.06755015 0.03301605
v -0.02341003 0.06796660 0.03315576
v -0.02337006 0.06771981 0.03315576
v -0.02239394 0.06787791 0.03356535
v -0.02727941 0.06708664 0.03421692
v -0.02792260 0.06698246 0.03506605
v -0.02832692 0.06691697 0.03605490
v -0.02846483 0.06689464 0.03711606
v -0.02832692 0.06691697 0.03817721
v -0.02792260 0.06698246 0.03916605
v -0.02727941 0.06708664 0.04001519
v -0.02644120 0.06722240 0.04066676
v -0.02546508 0.06738050 0.04107635
v -0.05799285 0.05803589 0.02926255
v -0.06200457 0.05738614 0.02926255
v -0.05724076 0.05339232 0.03052300
v -0.06125248 0.05274257 0.03052300
v -0.06310779 0.05720746 0.03354560
v -0.06587839 0.05675871 0.03354560
v -0.06233220 0.05241878 0.03354560
v -0.06510279 0.05197004 0.03354560
v -0.06310779 0.05720746 0.03186920
v -0.06310779 0.05720746 0.03354560
v -0.06233220 0.05241878 0.03186920
v -0.06233220 0.05241878 0.03354560
v -0.06200457 0.05738614 0.03186920
v -0.06310779 0.05720746 0.03186920
v -0.06122898 0.05259746 0.03186920
v -0.06233220 0.05241878 0.03186920
v -0.06200457 0.05738614 0.02926255
v -0.06200457 0.05738614 0.03186920
v -0.06125248 0.05274257 0.03052300
v -0.06122898 0.05259746 0.03186920
v -0.06122898 0.05259746 0.03052300
v -0.05721725 0.05324722 0.03052300
v -0.05724076 0.05339232 0.03052300
v -0.06122898 0.05259746 0.03052300
v -0.06125248 0.05274257 0.03052300
v -0.05799285 0.05803589 0.03186920
v -0.05799285 0.05803589 0.02926255
v -0.05721725 0.05324722 0.03186920
v -0.05724076 0.05339232 0.03052300
v -0.05721725 0.05324722 0.03052300
v -0.05688962 0.05821457 0.03186920
v -0.05799285 0.05803589 0.03186920
v -0.05611403 0.05342590 0.03186920
v -0.05721725 0.05324722 0.03186920
v -0.05688962 0.05821457 0.03354560
v -0.05688962 0.05821457 0.03186920
v -0.05611403 0.05342590 0.03354560
v -0.05611403 0.05342590 0.03186920
v -0.05411903 0.05866332 0.03354560
v -0.05688962 0.05821457 0.03354560
v -0.05334344 0.05387463 0.03354560
v -0.05611403 0.05342590 0.03354560
v -0.06587839 0.05675871 0.03875260
v -0.06587839 0.05675871 0.04037820
v -0.06510279 0.05197004 0.03875260
v -0.06510279 0.05197004 0.04037820
v -0.06587839 0.05675871 0.04037820
v -0.06426117 0.05702065 0.04037820
v -0.06510279 0.05197004 0.04037820
v -0.06348557 0.05223198 0.04037820
v -0.06426117 0.05702065 0.04037820
v -0.06426117 0.05702065 0.04063220
v -0.06348557 0.05223198 0.04037820
v -0.06348557 0.05223198 0.04063220
v -0.06426117 0.05702065 0.04063220
v -0.05573626 0.05840138 0.04063220
v -0.06348557 0.05223198 0.04063220
v -0.05496066 0.05361271 0.04063220
v -0.05573626 0.05840138 0.04063220
v -0.05573626 0.05840138 0.04037820
v -0.05496066 0.05361271 0.04063220
v -0.05496066 0.05361271 0.04037820
v -0.05573626 0.05840138 0.04037820
v -0.05411903 0.05866332 0.04037820
v -0.05496066 0.05361271 0.04037820
v -0.05334344 0.05387463 0.04037820
v -0.05411903 0.05866332 0.04037820
v -0.05411903 0.05866332 0.03875260
v -0.05334344 0.05387463 0.04037820
v -0.05334344 0.05387463 0.03875260
v -0.05341698 0.05877702 0.03583160
v -0.05341698 0.05877702 0.03524740
v -0.05385576 0.05870596 0.03583160
v -0.05385576 0.05870596 0.03524740
v -0.05411903 0.05866332 0.03875260
v -0.05385576 0.05870596 0.03875260
v -0.05334344 0.05387463 0.03875260
v -0.05308016 0.05391728 0.03875260
v -0.05411903 0.05866332 0.03519660
v -0.05411903 0.05866332 0.03354560
v -0.05334344 0.05387463 0.03519660
v -0.05334344 0.05387463 0.03354560
v -0.06607898 0.05672622 0.03519660
v -0.06587839 0.05675871 0.03519660
v -0.06607898 0.05672622 0.03334240
v -0.06587839 0.05675871 0.03354560
v -0.06332092 0.05717294 0.03334240
v -0.06310779 0.05720746 0.03354560
v -0.06332092 0.05717294 0.03181840
v -0.06310779 0.05720746 0.03186920
v -0.06219262 0.05735568 0.03181840
v -0.06200457 0.05738614 0.03186920
v -0.06219262 0.05735568 0.02882120
v -0.06200457 0.05738614 0.02926255
v -0.05780480 0.05806635 0.02882120
v -0.05799285 0.05803589 0.02926255
v -0.05780480 0.05806635 0.03181840
v -0.05799285 0.05803589 0.03186920
v -0.05688962 0.05821457 0.03186920
v -0.05411903 0.05866332 0.03519660
v -0.05391844 0.05869581 0.03519660
v -0.05411903 0.05866332 0.03354560
v -0.05391844 0.05869581 0.03334240
v -0.05688962 0.05821457 0.03354560
v -0.05667650 0.05824909 0.03334240
v -0.05667650 0.05824909 0.03181840
v -0.06587839 0.05675871 0.03354560
v -0.06587839 0.05675871 0.03519660
v -0.06510279 0.05197004 0.03354560
v -0.06510279 0.05197004 0.03519660
v -0.06614167 0.05671607 0.03875260
v -0.06587839 0.05675871 0.03875260
v -0.06536607 0.05192740 0.03875260
v -0.06510279 0.05197004 0.03875260
v -0.06348557 0.05223198 0.04037820
v -0.06348557 0.05223198 0.04063220
v -0.05611403 0.05342590 0.03354560
v -0.05496066 0.05361271 0.04063220
v -0.05496066 0.05361271 0.04037820
v -0.05334344 0.05387463 0.04037820
v -0.05334344 0.05387463 0.03875260
v -0.05334344 0.05387463 0.03354560
v -0.05334344 0.05387463 0.03519660
v -0.05308016 0.05391728 0.03519660
v -0.05308016 0.05391728 0.03875260
v -0.06233220 0.05241878 0.03186920
v -0.06233220 0.05241878 0.03354560
v -0.06122898 0.05259746 0.03186920
v -0.05721725 0.05324722 0.03186920
v -0.06122898 0.05259746 0.03052300
v -0.05721725 0.05324722 0.03052300
v -0.06510279 0.05197004 0.03354560
v -0.06510279 0.05197004 0.03519660
v -0.05611403 0.05342590 0.03186920
v -0.06510279 0.05197004 0.04037820
v -0.06510279 0.05197004 0.03875260
v -0.06536607 0.05192740 0.03875260
v -0.06536607 0.05192740 0.03519660
v -0.06614167 0.05671607 0.03524740
v -0.06658045 0.05664501 0.03524740
v -0.06614167 0.05671607 0.03583160
v -0.06658045 0.05664501 0.03583160
v -0.06595420 0.05674386 0.03583160
v -0.06595420 0.05674386 0.03811760
v -0.06447123 0.05492558 0.03583160
v -0.06447123 0.05492558 0.03811760
v -0.06409503 0.05408849 0.03811760
v -0.06409503 0.05408849 0.03583160
v -0.06422803 0.05453180 0.03583160
v -0.06422803 0.05453180 0.03811760
v -0.06391229 0.05296020 0.03583160
v -0.06391229 0.05296020 0.03811760
v -0.06415801 0.05292040 0.03583160
v -0.06415801 0.05292040 0.03811760
v -0.06434075 0.05404870 0.03583160
v -0.06434075 0.05404870 0.03811760
v -0.06466413 0.05476825 0.03811760
v -0.06466413 0.05476825 0.03583160
v -0.06451482 0.05454854 0.03811760
v -0.06451482 0.05454854 0.03583160
v -0.06440592 0.05430623 0.03811760
v -0.06440592 0.05430623 0.03583160
v -0.05472265 0.05560648 0.03811760
v -0.05472265 0.05560648 0.03583160
v -0.05474210 0.05587143 0.03811760
v -0.05474210 0.05587143 0.03583160
v -0.05471525 0.05613572 0.03811760
v -0.05471525 0.05613572 0.03583160
v -0.05464292 0.05639132 0.03811760
v -0.05464292 0.05639132 0.03583160
v -0.05453990 0.05447820 0.03583160
v -0.05453990 0.05447820 0.03811760
v -0.05478562 0.05443839 0.03583160
v -0.05478562 0.05443839 0.03811760
v -0.05496836 0.05556669 0.03583160
v -0.05496836 0.05556669 0.03811760
v -0.05487562 0.05647973 0.03811760
v -0.05487562 0.05647973 0.03583160
v -0.05498210 0.05602931 0.03583160
v -0.05498210 0.05602931 0.03811760
v -0.05404242 0.05867315 0.03583160
v -0.05404242 0.05867315 0.03811760
v -0.05411903 0.05866332 0.04037820
v -0.05391844 0.05869581 0.04070840
v -0.05411903 0.05866332 0.03875260
v -0.05391844 0.05869581 0.03880340
v -0.05385576 0.05870596 0.03875260
v -0.05341698 0.05877702 0.03880340
v -0.05385576 0.05870596 0.03811760
v -0.05341698 0.05877702 0.03811760
v -0.06426117 0.05702065 0.04063220
v -0.06607898 0.05672622 0.04070840
v -0.05573626 0.05840138 0.04063220
v -0.05573626 0.05840138 0.04037820
v -0.06614167 0.05671607 0.03811760
v -0.06658045 0.05664501 0.03811760
v -0.06614167 0.05671607 0.03875260
v -0.06658045 0.05664501 0.03880340
v -0.06607898 0.05672622 0.03880340
v -0.06426117 0.05702065 0.04037820
v -0.06587839 0.05675871 0.04037820
v -0.06587839 0.05675871 0.03875260
v -0.05365268 0.05899101 0.03811760
v -0.05365268 0.05899101 0.03583160
v -0.05377843 0.05895329 0.03583160
v -0.05377843 0.05895329 0.03811760
v -0.05389014 0.05888429 0.03583160
v -0.05389014 0.05888429 0.03811760
v -0.05398017 0.05878874 0.03583160
v -0.05398017 0.05878874 0.03811760
v -0.05365268 0.05899101 0.03583160
v -0.05345678 0.05902274 0.03583160
v -0.05341698 0.05877702 0.03583160
v -0.05377843 0.05895329 0.03583160
v -0.05389014 0.05888429 0.03583160
v -0.05385576 0.05870596 0.03583160
v -0.05398017 0.05878874 0.03583160
v -0.05404242 0.05867315 0.03583160
v -0.05382824 0.05853602 0.03583160
v -0.05487562 0.05647973 0.03583160
v -0.05464292 0.05639132 0.03583160
v -0.05498210 0.05602931 0.03583160
v -0.05453990 0.05447820 0.03583160
v -0.05478562 0.05443839 0.03583160
v -0.05472265 0.05560648 0.03583160
v -0.05496836 0.05556669 0.03583160
v -0.05474210 0.05587143 0.03583160
v -0.05471525 0.05613572 0.03583160
v -0.05341698 0.05877702 0.03583160
v -0.05345678 0.05902274 0.03583160
v -0.05341698 0.05877702 0.03524740
v -0.05345678 0.05902274 0.03524740
v -0.05345678 0.05902274 0.03524740
v -0.05389556 0.05895168 0.03524740
v -0.05341698 0.05877702 0.03524740
v -0.05385576 0.05870596 0.03524740
v -0.05308016 0.05391728 0.03519660
v -0.05308016 0.05391728 0.03875260
v -0.05382824 0.05853602 0.03811760
v -0.05385576 0.05870596 0.03875260
v -0.05385576 0.05870596 0.03811760
v -0.05382824 0.05853602 0.03583160
v -0.05385576 0.05870596 0.03583160
v -0.05385576 0.05870596 0.03524740
v -0.05389556 0.05895168 0.03524740
v -0.05389556 0.05895168 0.03519660
v -0.05389556 0.05895168 0.03519660
v -0.05395824 0.05894153 0.03519660
v -0.05391844 0.05869581 0.03519660
v -0.05411903 0.05866332 0.03519660
v -0.05334344 0.05387463 0.03519660
v -0.05308016 0.05391728 0.03519660
v -0.05395824 0.05894153 0.03519660
v -0.05395824 0.05894153 0.03334240
v -0.05391844 0.05869581 0.03519660
v -0.05391844 0.05869581 0.03334240
v -0.05395824 0.05894153 0.03334240
v -0.05671630 0.05849481 0.03334240
v -0.05391844 0.05869581 0.03334240
v -0.05667650 0.05824909 0.03334240
v -0.05671630 0.05849481 0.03334240
v -0.05671630 0.05849481 0.03181840
v -0.05667650 0.05824909 0.03334240
v -0.05667650 0.05824909 0.03181840
v -0.05671630 0.05849481 0.03181840
v -0.05784460 0.05831207 0.03181840
v -0.05667650 0.05824909 0.03181840
v -0.05780480 0.05806635 0.03181840
v -0.05784460 0.05831207 0.03181840
v -0.05784460 0.05831207 0.02882120
v -0.05780480 0.05806635 0.03181840
v -0.05780480 0.05806635 0.02882120
v -0.05784460 0.05831207 0.02882120
v -0.06223242 0.05760140 0.02882120
v -0.05780480 0.05806635 0.02882120
v -0.06219262 0.05735568 0.02882120
v -0.06223242 0.05760140 0.02882120
v -0.06223242 0.05760140 0.03181840
v -0.06219262 0.05735568 0.02882120
v -0.06219262 0.05735568 0.03181840
v -0.06223242 0.05760140 0.03181840
v -0.06336072 0.05741866 0.03181840
v -0.06219262 0.05735568 0.03181840
v -0.06332092 0.05717294 0.03181840
v -0.06336072 0.05741866 0.03181840
v -0.06336072 0.05741866 0.03334240
v -0.06332092 0.05717294 0.03181840
v -0.06332092 0.05717294 0.03334240
v -0.06336072 0.05741866 0.03334240
v -0.06611878 0.05697194 0.03334240
v -0.06332092 0.05717294 0.03334240
v -0.06607898 0.05672622 0.03334240
v -0.06611878 0.05697194 0.03334240
v -0.06611878 0.05697194 0.03519660
v -0.06607898 0.05672622 0.03334240
v -0.06607898 0.05672622 0.03519660
v -0.06611878 0.05697194 0.03519660
v -0.06618146 0.05696179 0.03519660
v -0.06607898 0.05672622 0.03519660
v -0.06536607 0.05192740 0.03519660
v -0.06587839 0.05675871 0.03519660
v -0.06510279 0.05197004 0.03519660
v -0.06614167 0.05671607 0.03524740
v -0.06614167 0.05671607 0.03583160
v -0.06611414 0.05654614 0.03583160
v -0.06614167 0.05671607 0.03811760
v -0.06614167 0.05671607 0.03875260
v -0.06611414 0.05654614 0.03811760
v -0.06536607 0.05192740 0.03875260
v -0.06536607 0.05192740 0.03519660
v -0.06618146 0.05696179 0.03519660
v -0.06618146 0.05696179 0.03524740
v -0.06618146 0.05696179 0.03524740
v -0.06662024 0.05689073 0.03524740
v -0.06614167 0.05671607 0.03524740
v -0.06658045 0.05664501 0.03524740
v -0.06662024 0.05689073 0.03583160
v -0.06658045 0.05664501 0.03583160
v -0.06662024 0.05689073 0.03524740
v -0.06658045 0.05664501 0.03524740
v -0.06662024 0.05689073 0.03583160
v -0.06642434 0.05692246 0.03583160
v -0.06658045 0.05664501 0.03583160
v -0.06629311 0.05692634 0.03583160
v -0.06614167 0.05671607 0.03583160
v -0.06391229 0.05296020 0.03583160
v -0.06415801 0.05292040 0.03583160
v -0.06409503 0.05408849 0.03583160
v -0.06434075 0.05404870 0.03583160
v -0.06422803 0.05453180 0.03583160
v -0.06440592 0.05430623 0.03583160
v -0.06451482 0.05454854 0.03583160
v -0.06447123 0.05492558 0.03583160
v -0.06466413 0.05476825 0.03583160
v -0.06595420 0.05674386 0.03583160
v -0.06611414 0.05654614 0.03583160
v -0.06604974 0.05683391 0.03583160
v -0.06616535 0.05689615 0.03583160
v -0.06604974 0.05683391 0.03583160
v -0.06604974 0.05683391 0.03811760
v -0.06616535 0.05689615 0.03583160
v -0.06616535 0.05689615 0.03811760
v -0.06629311 0.05692634 0.03583160
v -0.06629311 0.05692634 0.03811760
v -0.06642434 0.05692246 0.03583160
v -0.06642434 0.05692246 0.03811760
v -0.06642434 0.05692246 0.03811760
v -0.06662024 0.05689073 0.03811760
v -0.06658045 0.05664501 0.03811760
v -0.06629311 0.05692634 0.03811760
v -0.06616535 0.05689615 0.03811760
v -0.06614167 0.05671607 0.03811760
v -0.06604974 0.05683391 0.03811760
v -0.06595420 0.05674386 0.03811760
v -0.06611414 0.05654614 0.03811760
v -0.06447123 0.05492558 0.03811760
v -0.06466413 0.05476825 0.03811760
v -0.06422803 0.05453180 0.03811760
v -0.06415801 0.05292040 0.03811760
v -0.06391229 0.05296020 0.03811760
v -0.06434075 0.05404870 0.03811760
v -0.06409503 0.05408849 0.03811760
v -0.06440592 0.05430623 0.03811760
v -0.06451482 0.05454854 0.03811760
v -0.06658045 0.05664501 0.03811760
v -0.06662024 0.05689073 0.03811760
v -0.06658045 0.05664501 0.03880340
v -0.06662024 0.05689073 0.03880340
v -0.06662024 0.05689073 0.03880340
v -0.06611878 0.05697194 0.03880340
v -0.06658045 0.05664501 0.03880340
v -0.06607898 0.05672622 0.03880340
v -0.06611878 0.05697194 0.03880340
v -0.06611878 0.05697194 0.04070840
v -0.06607898 0.05672622 0.03880340
v -0.06607898 0.05672622 0.04070840
v -0.06611878 0.05697194 0.04070840
v -0.05395824 0.05894153 0.04070840
v -0.06607898 0.05672622 0.04070840
v -0.05391844 0.05869581 0.04070840
v -0.05395824 0.05894153 0.04070840
v -0.05395824 0.05894153 0.03880340
v -0.05391844 0.05869581 0.04070840
v -0.05391844 0.05869581 0.03880340
v -0.05395824 0.05894153 0.03880340
v -0.05345678 0.05902274 0.03880340
v -0.05391844 0.05869581 0.03880340
v -0.05341698 0.05877702 0.03880340
v -0.05345678 0.05902274 0.03811760
v -0.05341698 0.05877702 0.03811760
v -0.05345678 0.05902274 0.03880340
v -0.05341698 0.05877702 0.03880340
v -0.05345678 0.05902274 0.03811760
v -0.05365268 0.05899101 0.03811760
v -0.05341698 0.05877702 0.03811760
v -0.05377843 0.05895329 0.03811760
v -0.05385576 0.05870596 0.03811760
v -0.05478562 0.05443839 0.03811760
v -0.05453990 0.05447820 0.03811760
v -0.05496836 0.05556669 0.03811760
v -0.05472265 0.05560648 0.03811760
v -0.05498210 0.05602931 0.03811760
v -0.05474210 0.05587143 0.03811760
v -0.05471525 0.05613572 0.03811760
v -0.05487562 0.05647973 0.03811760
v -0.05464292 0.05639132 0.03811760
v -0.05404242 0.05867315 0.03811760
v -0.05382824 0.05853602 0.03811760
v -0.05398017 0.05878874 0.03811760
v -0.05389014 0.05888429 0.03811760
v -0.06077886 0.05783682 0.04795000
v -0.06067697 0.05785333 0.04795000
v -0.06063238 0.05786054 0.04781774
v -0.06095878 0.05780768 0.04728387
v -0.06054900 0.05787406 0.04768348
v -0.06066582 0.05785513 0.04755645
v -0.06073308 0.05784424 0.04743951
v -0.06082662 0.05782908 0.04724677
v -0.06101609 0.05779841 0.04642742
v -0.06090305 0.05781671 0.04650645
v -0.06092494 0.05781317 0.04630564
v -0.06072256 0.05784595 0.04631169
v -0.06052092 0.05787860 0.04617847
v -0.06079559 0.05783412 0.04617704
v -0.06082662 0.05782908 0.04620484
v -0.06042569 0.05789403 0.04776552
v -0.06043205 0.05789300 0.04792709
v -0.06029342 0.05791544 0.04781475
v -0.06024597 0.05792314 0.04797546
v -0.06014200 0.05793997 0.04783226
v -0.06011812 0.05794385 0.04798387
v -0.06005804 0.05795358 0.04782705
v -0.05990292 0.05797870 0.04778692
v -0.05988953 0.05798087 0.04795698
v -0.05976115 0.05800166 0.04770833
v -0.05966329 0.05801751 0.04787025
v -0.05964465 0.05802052 0.04760000
v -0.05946253 0.05805002 0.04773028
v -0.05953233 0.05803872 0.04742842
v -0.05930427 0.05807565 0.04754878
v -0.05945800 0.05805076 0.04722227
v -0.05919017 0.05809414 0.04732677
v -0.05913175 0.05810359 0.04707600
v -0.05943031 0.05805525 0.04697097
v -0.05912461 0.05810476 0.04694355
v -0.05944400 0.05805303 0.04678857
v -0.05915411 0.05809998 0.04667827
v -0.05950489 0.05804316 0.04656872
v -0.05923372 0.05808708 0.04645727
v -0.05959956 0.05802783 0.04639597
v -0.05936185 0.05806632 0.04626129
v -0.05970677 0.05801047 0.04627410
v -0.05953317 0.05803859 0.04609760
v -0.05985361 0.05798668 0.04617113
v -0.05971567 0.05800903 0.04599216
v -0.06001478 0.05796058 0.04610945
v -0.05993187 0.05797400 0.04592995
v -0.06017703 0.05793430 0.04609032
v -0.06010857 0.05794539 0.04591613
v -0.06033288 0.05790906 0.04610884
v -0.06036082 0.05790452 0.04594470
v -0.06057033 0.05787060 0.04602238
v -0.06092680 0.05761025 0.04728387
v -0.06074689 0.05763939 0.04795000
v -0.06095878 0.05780768 0.04728387
v -0.06077886 0.05783682 0.04795000
v -0.06074689 0.05763939 0.04795000
v -0.06064499 0.05765590 0.04795000
v -0.06077886 0.05783682 0.04795000
v -0.06067697 0.05785333 0.04795000
v -0.06064499 0.05765590 0.04795000
v -0.06060041 0.05766313 0.04781774
v -0.06067697 0.05785333 0.04795000
v -0.06063238 0.05786054 0.04781774
v -0.06008614 0.05774642 0.04798387
v -0.06011812 0.05794385 0.04798387
v -0.06024597 0.05792314 0.04797546
v -0.06021400 0.05772571 0.04797546
v -0.06043205 0.05789300 0.04792709
v -0.06040007 0.05769557 0.04792709
v -0.06063238 0.05786054 0.04781774
v -0.06060041 0.05766313 0.04781774
v -0.05909263 0.05790732 0.04694355
v -0.05912461 0.05810476 0.04694355
v -0.05913175 0.05810359 0.04707600
v -0.05909978 0.05790616 0.04707600
v -0.05919017 0.05809414 0.04732677
v -0.05915819 0.05789671 0.04732677
v -0.05930427 0.05807565 0.04754878
v -0.05927230 0.05787822 0.04754878
v -0.05946253 0.05805002 0.04773028
v -0.05943056 0.05785259 0.04773028
v -0.05966329 0.05801751 0.04787025
v -0.05963131 0.05782007 0.04787025
v -0.05988953 0.05798087 0.04795698
v -0.05985755 0.05778343 0.04795698
v -0.05932987 0.05786891 0.04626129
v -0.05936185 0.05806632 0.04626129
v -0.05923372 0.05808708 0.04645727
v -0.05920174 0.05788965 0.04645727
v -0.05915411 0.05809998 0.04667827
v -0.05912214 0.05790254 0.04667827
v -0.06007659 0.05774796 0.04591613
v -0.06010857 0.05794539 0.04591613
v -0.05993187 0.05797400 0.04592995
v -0.05989989 0.05777657 0.04592995
v -0.05971567 0.05800903 0.04599216
v -0.05968370 0.05781159 0.04599216
v -0.05953317 0.05803859 0.04609760
v -0.05950119 0.05784115 0.04609760
v -0.05936185 0.05806632 0.04626129
v -0.05932987 0.05786891 0.04626129
v -0.06079465 0.05763167 0.04620484
v -0.06082662 0.05782908 0.04620484
v -0.06079559 0.05783412 0.04617704
v -0.06076361 0.05763669 0.04617704
v -0.06057033 0.05787060 0.04602238
v -0.06053836 0.05767317 0.04602238
v -0.06036082 0.05790452 0.04594470
v -0.06032884 0.05770711 0.04594470
v -0.06098411 0.05760098 0.04642742
v -0.06101609 0.05779841 0.04642742
v -0.06092494 0.05781317 0.04630564
v -0.06089297 0.05761574 0.04630564
v -0.06082662 0.05782908 0.04620484
v -0.06079465 0.05763167 0.04620484
v -0.06098411 0.05760098 0.04642742
v -0.06087107 0.05761929 0.04650645
v -0.06101609 0.05779841 0.04642742
v -0.06090305 0.05781671 0.04650645
v -0.06014505 0.05773686 0.04609032
v -0.06017703 0.05793430 0.04609032
v -0.06033288 0.05790906 0.04610884
v -0.06030091 0.05771163 0.04610884
v -0.06052092 0.05787860 0.04617847
v -0.06048894 0.05768118 0.04617847
v -0.06072256 0.05784595 0.04631169
v -0.06069058 0.05764852 0.04631169
v -0.06090305 0.05781671 0.04650645
v -0.06087107 0.05761929 0.04650645
v -0.05939833 0.05785782 0.04697097
v -0.05943031 0.05805525 0.04697097
v -0.05944400 0.05805303 0.04678857
v -0.05941202 0.05785560 0.04678857
v -0.05950489 0.05804316 0.04656872
v -0.05947291 0.05784574 0.04656872
v -0.05959956 0.05802783 0.04639597
v -0.05956759 0.05783040 0.04639597
v -0.05970677 0.05801047 0.04627410
v -0.05967480 0.05781304 0.04627410
v -0.05985361 0.05798668 0.04617113
v -0.05982163 0.05778925 0.04617113
v -0.06001478 0.05796058 0.04610945
v -0.05998281 0.05776315 0.04610945
v -0.06011002 0.05774254 0.04783226
v -0.06014200 0.05793997 0.04783226
v -0.06005804 0.05795358 0.04782705
v -0.06002606 0.05775615 0.04782705
v -0.05990292 0.05797870 0.04778692
v -0.05987095 0.05778127 0.04778692
v -0.05976115 0.05800166 0.04770833
v -0.05972917 0.05780422 0.04770833
v -0.05964465 0.05802052 0.04760000
v -0.05961267 0.05782309 0.04760000
v -0.05953233 0.05803872 0.04742842
v -0.05950035 0.05784129 0.04742842
v -0.05945800 0.05805076 0.04722227
v -0.05942602 0.05785333 0.04722227
v -0.06063384 0.05765770 0.04755645
v -0.06066582 0.05785513 0.04755645
v -0.06054900 0.05787406 0.04768348
v -0.06051702 0.05767663 0.04768348
v -0.06042569 0.05789403 0.04776552
v -0.06039372 0.05769660 0.04776552
v -0.06029342 0.05791544 0.04781475
v -0.06026144 0.05771803 0.04781475
v -0.06079465 0.05763167 0.04724677
v -0.06082662 0.05782908 0.04724677
v -0.06073308 0.05784424 0.04743951
v -0.06070111 0.05764681 0.04743951
v -0.06066582 0.05785513 0.04755645
v -0.06063384 0.05765770 0.04755645
v -0.06079465 0.05763167 0.04724677
v -0.06092680 0.05761025 0.04728387
v -0.06082662 0.05782908 0.04724677
v -0.06095878 0.05780768 0.04728387
v -0.06731170 0.05673475 0.04519083
v -0.06731258 0.05674019 0.04520000
v -0.06731864 0.05677760 0.04520000
v -0.06730577 0.05669813 0.04513569
v -0.06730777 0.05671049 0.04514991
v -0.06729199 0.05661312 0.02896232
v -0.06731258 0.05674019 0.02880000
v -0.06731169 0.05673474 0.02880919
v -0.06731864 0.05677760 0.02880000
v -0.06730835 0.05671438 0.02884345
v -0.06729834 0.05665246 0.02891728
v -0.06730839 0.05671433 0.04515641
v -0.06730745 0.05670886 0.02885275
v -0.06730580 0.05669869 0.02886439
v -0.06730001 0.05666274 0.02890555
v -0.06729117 0.05660798 0.04503199
v -0.06729199 0.05661305 0.04503783
v -0.06728666 0.05658019 0.04500000
v -0.06729118 0.05660814 0.02896802
v -0.06728666 0.05658019 0.02900000
v -0.06729832 0.05665211 0.04508275
v -0.06730001 0.05666261 0.04509484
v -0.05279058 0.05906542 0.04520000
v -0.05278833 0.05906811 0.04520000
v -0.06709153 0.05661382 0.04520000
v -0.06731864 0.05677760 0.04520000
v -0.05275838 0.05913585 0.04520000
v -0.05276043 0.05909160 0.04520000
v -0.05275232 0.05909844 0.04520000
v -0.05280840 0.05904416 0.04520000
v -0.06718154 0.05667600 0.04520000
v -0.06718351 0.05667697 0.04520000
v -0.06719098 0.05668062 0.04520000
v -0.06712920 0.05663984 0.04520000
v -0.06712580 0.05663749 0.04520000
v -0.06731258 0.05674019 0.04520000
v -0.06730248 0.05673525 0.04520000
v -0.06727062 0.05671964 0.04520000
v -0.06724127 0.05670527 0.04520000
v -0.06708924 0.05661215 0.04520000
v -0.05292383 0.05890645 0.04520000
v -0.05289664 0.05893889 0.04520000
v -0.05289129 0.05894528 0.04520000
v -0.05285348 0.05899038 0.04520000
v -0.05284218 0.05900385 0.04520000
v -0.05272672 0.05894040 0.04500200
v -0.05272640 0.05893842 0.04500000
v -0.05272640 0.05893842 0.02900000
v -0.05275838 0.05913585 0.04520000
v -0.05274845 0.05907456 0.02884039
v -0.05275838 0.05913585 0.02880000
v -0.05275145 0.05909305 0.02880910
v -0.05275232 0.05909844 0.02880000
v -0.05273133 0.05896888 0.04503204
v -0.05275232 0.05909844 0.04520000
v -0.05275128 0.05909202 0.04519081
v -0.05274800 0.05907179 0.04516186
v -0.05274498 0.05905316 0.04513520
v -0.05273981 0.05902120 0.04508949
v -0.05273884 0.05901521 0.04508090
v -0.05273083 0.05896575 0.02896798
v -0.05273170 0.05897112 0.02896167
v -0.05273904 0.05901647 0.04508269
v -0.05274808 0.05907229 0.02884305
v -0.05274518 0.05905438 0.02886404
v -0.05273179 0.05897170 0.04503501
v -0.05273785 0.05900911 0.02891714
v -0.05273969 0.05902046 0.02890383
v -0.06331465 0.05722350 0.02880000
v -0.06708924 0.05661215 0.02880000
v -0.06712532 0.05663484 0.02880000
v -0.06731864 0.05677760 0.02880000
v -0.05275838 0.05913585 0.02880000
v -0.06725833 0.05671848 0.02880000
v -0.05611364 0.05342597 0.02880000
v -0.06233259 0.05241871 0.02880000
v -0.05628273 0.05572854 0.02880000
v -0.06289896 0.05465696 0.02880000
v -0.05669842 0.05829511 0.02880000
v -0.06726536 0.05672130 0.02880000
v -0.06730264 0.05673622 0.02880000
v -0.06731258 0.05674019 0.02880000
v -0.05285640 0.05899616 0.02880000
v -0.05289466 0.05894533 0.02880000
v -0.05275232 0.05909844 0.02880000
v -0.05276035 0.05909055 0.02880000
v -0.05280895 0.05904279 0.02880000
v -0.05284889 0.05900355 0.02880000
v -0.05285483 0.05899770 0.02880000
v -0.05292383 0.05890645 0.02880000
v -0.05292218 0.05890875 0.02880000
v -0.05289714 0.05894204 0.02880000
v -0.06718257 0.05667085 0.02880000
v -0.06719621 0.05667943 0.02880000
v -0.06724229 0.05670841 0.02880000
v -0.06713191 0.05663899 0.02880000
v -0.05278565 0.05906569 0.02880000
v -0.06289896 0.05465696 0.02880000
v -0.06233259 0.05241871 0.02880000
v -0.06289896 0.05465696 0.02734888
v -0.06233259 0.05241871 0.02738902
v -0.05628273 0.05572854 0.02734888
v -0.05611364 0.05342597 0.02738902
v -0.05628273 0.05572854 0.02880000
v -0.05611364 0.05342597 0.02880000
v -0.06233259 0.05241871 0.02880000
v -0.05611364 0.05342597 0.02880000
v -0.06233259 0.05241871 0.02738902
v -0.05611364 0.05342597 0.02738902
v -0.06070111 0.05764681 0.04743951
v -0.06063384 0.05765770 0.04755645
v -0.06079465 0.05763167 0.04724677
v -0.06051702 0.05767663 0.04768348
v -0.06040007 0.05769557 0.04792709
v -0.06060041 0.05766313 0.04781774
v -0.06064499 0.05765590 0.04795000
v -0.06098411 0.05760098 0.04642742
v -0.06124045 0.05755945 0.04820000
v -0.06092680 0.05761025 0.04728387
v -0.06030091 0.05771163 0.04610884
v -0.06048894 0.05768118 0.04617847
v -0.06069058 0.05764852 0.04631169
v -0.06087107 0.05761929 0.04650645
v -0.06039372 0.05769660 0.04776552
v -0.06026144 0.05771803 0.04781475
v -0.06011002 0.05774254 0.04783226
v -0.06076361 0.05763669 0.04617704
v -0.06053836 0.05767317 0.04602238
v -0.06124045 0.05755945 0.04570000
v -0.06021400 0.05772571 0.04797546
v -0.05956759 0.05783040 0.04639597
v -0.05967480 0.05781304 0.04627410
v -0.05982163 0.05778925 0.04617113
v -0.06079465 0.05763167 0.04620484
v -0.05943056 0.05785259 0.04773028
v -0.05877261 0.05795915 0.04820000
v -0.05927230 0.05787822 0.04754878
v -0.05915819 0.05789671 0.04732677
v -0.05998281 0.05776315 0.04610945
v -0.06014505 0.05773686 0.04609032
v -0.06002606 0.05775615 0.04782705
v -0.05987095 0.05778127 0.04778692
v -0.05972917 0.05780422 0.04770833
v -0.06089297 0.05761574 0.04630564
v -0.05963131 0.05782007 0.04787025
v -0.05985755 0.05778343 0.04795698
v -0.06008614 0.05774642 0.04798387
v -0.06074689 0.05763939 0.04795000
v -0.06032884 0.05770711 0.04594470
v -0.06007659 0.05774796 0.04591613
v -0.05877261 0.05795915 0.04570000
v -0.05989989 0.05777657 0.04592995
v -0.05968370 0.05781159 0.04599216
v -0.05950119 0.05784115 0.04609760
v -0.05932987 0.05786891 0.04626129
v -0.05920174 0.05788965 0.04645727
v -0.05961267 0.05782309 0.04760000
v -0.05950035 0.05784129 0.04742842
v -0.05942602 0.05785333 0.04722227
v -0.05912214 0.05790254 0.04667827
v -0.05909263 0.05790732 0.04694355
v -0.05909978 0.05790616 0.04707600
v -0.05939833 0.05785782 0.04697097
v -0.05941202 0.05785560 0.04678857
v -0.05947291 0.05784574 0.04656872
v -0.06289896 0.05465696 0.02880000
v -0.06289896 0.05465696 0.02734888
v -0.06331465 0.05722350 0.02880000
v -0.06334663 0.05742093 0.02730000
v -0.06334663 0.05742093 0.02860000
v -0.06334582 0.05741599 0.02864451
v -0.06332176 0.05726743 0.02879499
v -0.06334346 0.05740138 0.02868678
v -0.06333965 0.05737787 0.02872470
v -0.06333458 0.05734659 0.02875637
v -0.06332852 0.05730916 0.02878019
v -0.06332176 0.05726743 0.02879499
v -0.06709630 0.05665577 0.02879385
v -0.06331465 0.05722350 0.02880000
v -0.06709433 0.05664359 0.02879745
v -0.06708924 0.05661215 0.02880000
v -0.06710913 0.05673499 0.02875609
v -0.06710875 0.05673266 0.02875842
v -0.06332852 0.05730916 0.02878019
v -0.06710305 0.05669740 0.02877947
v -0.06710194 0.05669053 0.02878357
v -0.06333458 0.05734659 0.02875637
v -0.06333965 0.05737787 0.02872470
v -0.06711422 0.05676640 0.02872457
v -0.06711438 0.05676740 0.02872356
v -0.06334346 0.05740138 0.02868678
v -0.06711795 0.05678946 0.02868643
v -0.06711847 0.05679262 0.02868112
v -0.06334582 0.05741599 0.02864451
v -0.06712025 0.05680364 0.02864420
v -0.06712075 0.05680676 0.02863370
v -0.06334663 0.05742093 0.02860000
v -0.06712122 0.05680959 0.02860000
v -0.06729834 0.05665246 0.02891728
v -0.06731256 0.05665642 0.02896375
v -0.06729199 0.05661312 0.02896232
v -0.06712532 0.05663484 0.02880000
v -0.06726660 0.05678314 0.02866481
v -0.06736392 0.05677028 0.02868449
v -0.06734302 0.05677077 0.02871107
v -0.06743267 0.05675915 0.02875413
v -0.06740597 0.05676056 0.02877484
v -0.06748253 0.05675107 0.02883868
v -0.06718133 0.05679696 0.02863888
v -0.06718736 0.05679888 0.02860565
v -0.06728047 0.05678380 0.02863398
v -0.06717120 0.05678407 0.02868562
v -0.06716010 0.05676000 0.02872747
v -0.06714870 0.05672619 0.02876184
v -0.06713772 0.05668474 0.02878663
v -0.06713191 0.05663899 0.02880000
v -0.06718257 0.05667085 0.02880000
v -0.06719621 0.05667943 0.02880000
v -0.06731258 0.05674019 0.02880000
v -0.06730264 0.05673622 0.02880000
v -0.06728212 0.05674024 0.02878195
v -0.06726536 0.05672130 0.02880000
v -0.06722444 0.05674957 0.02874704
v -0.06725833 0.05671848 0.02880000
v -0.06720494 0.05671708 0.02877894
v -0.06724229 0.05670841 0.02880000
v -0.06730001 0.05666274 0.02890555
v -0.06732698 0.05669732 0.02890257
v -0.06730580 0.05669869 0.02886439
v -0.06736408 0.05672696 0.02888851
v -0.06730745 0.05670886 0.02885275
v -0.06734386 0.05669459 0.02895954
v -0.06733028 0.05667364 0.02900000
v -0.06731558 0.05665592 0.02900000
v -0.06730301 0.05662956 0.02900000
v -0.06729118 0.05660814 0.02896802
v -0.06729428 0.05661120 0.02900000
v -0.06728666 0.05658019 0.02900000
v -0.06738341 0.05672384 0.02895370
v -0.06736801 0.05670918 0.02900000
v -0.06734722 0.05669404 0.02900000
v -0.06742880 0.05674236 0.02894659
v -0.06741363 0.05673377 0.02900000
v -0.06738726 0.05672321 0.02900000
v -0.06751607 0.05674563 0.02900000
v -0.06748235 0.05674820 0.02900000
v -0.06747724 0.05674903 0.02893864
v -0.06746407 0.05674576 0.02900000
v -0.06743325 0.05674164 0.02900000
v -0.06736676 0.05675241 0.02880399
v -0.06731195 0.05676129 0.02874847
v -0.06724542 0.05677205 0.02870820
v -0.06732962 0.05673255 0.02883008
v -0.06740650 0.05674597 0.02887139
v -0.06745164 0.05675318 0.02885227
v -0.06751049 0.05674653 0.02893300
v -0.06730835 0.05671438 0.02884345
v -0.06731169 0.05673474 0.02880919
v -0.06728666 0.05658019 0.04500000
v -0.06729428 0.05661120 0.04500000
v -0.06730301 0.05662956 0.04500000
v -0.06731558 0.05665592 0.04500000
v -0.06733028 0.05667364 0.04500000
v -0.06734722 0.05669404 0.04500000
v -0.06736801 0.05670918 0.04500000
v -0.06738726 0.05672321 0.04500000
v -0.06741363 0.05673377 0.04500000
v -0.06743325 0.05674164 0.04500000
v -0.06746407 0.05674576 0.04500000
v -0.06748235 0.05674820 0.04500000
v -0.06751607 0.05674563 0.04500000
v -0.06729428 0.05661120 0.04500000
v -0.06729117 0.05660798 0.04503199
v -0.06731256 0.05665642 0.04503625
v -0.06722286 0.05679313 0.04538646
v -0.06718695 0.05679894 0.04539124
v -0.06718133 0.05679696 0.04536112
v -0.06712122 0.05680959 0.04540000
v -0.06738233 0.05676729 0.04529999
v -0.06736267 0.05677048 0.04531367
v -0.06734302 0.05677077 0.04528893
v -0.06730285 0.05678016 0.04535530
v -0.06745164 0.05675318 0.04514773
v -0.06748083 0.05675134 0.04516043
v -0.06744710 0.05675681 0.04522605
v -0.06751293 0.05674615 0.04505121
v -0.06750910 0.05674677 0.04506665
v -0.06747724 0.05674903 0.04506135
v -0.06749061 0.05674975 0.04514139
v -0.06742880 0.05674236 0.04505341
v -0.06738341 0.05672384 0.04504630
v -0.06738726 0.05672321 0.04500000
v -0.06734386 0.05669459 0.04504047
v -0.06729199 0.05661305 0.04503783
v -0.06729832 0.05665211 0.04508275
v -0.06730001 0.05666261 0.04509484
v -0.06731258 0.05674019 0.04520000
v -0.06731170 0.05673475 0.04519083
v -0.06732962 0.05673255 0.04516992
v -0.06730839 0.05671433 0.04515641
v -0.06736408 0.05672696 0.04511149
v -0.06730777 0.05671049 0.04514991
v -0.06732698 0.05669732 0.04509743
v -0.06730577 0.05669813 0.04513569
v -0.06712920 0.05663984 0.04520000
v -0.06718154 0.05667600 0.04520000
v -0.06713772 0.05668474 0.04521337
v -0.06718351 0.05667697 0.04520000
v -0.06714870 0.05672619 0.04523816
v -0.06708924 0.05661215 0.04520000
v -0.06709153 0.05661382 0.04520000
v -0.06709433 0.05664359 0.04520255
v -0.06712580 0.05663749 0.04520000
v -0.06709745 0.05666285 0.04520824
v -0.06710194 0.05669053 0.04521643
v -0.06710511 0.05671010 0.04522811
v -0.06716010 0.05676000 0.04527253
v -0.06711167 0.05675070 0.04525967
v -0.06710875 0.05673266 0.04524158
v -0.06717120 0.05678407 0.04531438
v -0.06711672 0.05678187 0.04530078
v -0.06711438 0.05676740 0.04527643
v -0.06712075 0.05680676 0.04536630
v -0.06711991 0.05680150 0.04534865
v -0.06711847 0.05679262 0.04531888
v -0.06731195 0.05676129 0.04525152
v -0.06740597 0.05676056 0.04522516
v -0.06736676 0.05675241 0.04519601
v -0.06740650 0.05674597 0.04512861
v -0.06726660 0.05678314 0.04533518
v -0.06724542 0.05677205 0.04529180
v -0.06722444 0.05674957 0.04525296
v -0.06728212 0.05674024 0.04521805
v -0.06719098 0.05668062 0.04520000
v -0.06720494 0.05671708 0.04522106
v -0.06724127 0.05670527 0.04520000
v -0.06727062 0.05671964 0.04520000
v -0.06730248 0.05673525 0.04520000
v -0.05292383 0.05890645 0.04520000
v -0.05292892 0.05893789 0.04520255
v -0.05293204 0.05895714 0.04520824
v -0.05293652 0.05898483 0.04521643
v -0.05293969 0.05900440 0.04522811
v -0.05294335 0.05902696 0.04524158
v -0.05294627 0.05904498 0.04525967
v -0.05294897 0.05906170 0.04527643
v -0.05295132 0.05907615 0.04530078
v -0.05295306 0.05908692 0.04531888
v -0.05295450 0.05909580 0.04534865
v -0.05295535 0.05910106 0.04536630
v -0.05295581 0.05910389 0.04540000
v -0.05275232 0.05909844 0.04520000
v -0.05276043 0.05909160 0.04520000
v -0.05278124 0.05908886 0.04521805
v -0.05279058 0.05906542 0.04520000
v -0.05280840 0.05904416 0.04520000
v -0.05284717 0.05904254 0.04522106
v -0.05284218 0.05900385 0.04520000
v -0.05289664 0.05893889 0.04520000
v -0.05290073 0.05899061 0.04521337
v -0.05257432 0.05916567 0.04510298
v -0.05256960 0.05916644 0.04506660
v -0.05259887 0.05915880 0.04506135
v -0.05256095 0.05916784 0.04500000
v -0.05265967 0.05915185 0.04526451
v -0.05264617 0.05915402 0.04524460
v -0.05267014 0.05914726 0.04522516
v -0.05260508 0.05916068 0.04518400
v -0.05280951 0.05912467 0.04533518
v -0.05279744 0.05912953 0.04536429
v -0.05273266 0.05914002 0.04533013
v -0.05290525 0.05911207 0.04539681
v -0.05289001 0.05911455 0.04539294
v -0.05289478 0.05911088 0.04536112
v -0.05281623 0.05912649 0.04537420
v -0.05290033 0.05909546 0.04531438
v -0.05290326 0.05906910 0.04527253
v -0.05290340 0.05903343 0.04523816
v -0.05289129 0.05894528 0.04520000
v -0.05285348 0.05899038 0.04520000
v -0.05283892 0.05907953 0.04525296
v -0.05278833 0.05906811 0.04520000
v -0.05273179 0.05897170 0.04503501
v -0.05273884 0.05901521 0.04508090
v -0.05272589 0.05901893 0.04503625
v -0.05273904 0.05901647 0.04508269
v -0.05270825 0.05906503 0.04504047
v -0.05272640 0.05893842 0.04500000
v -0.05272672 0.05894040 0.04500200
v -0.05272898 0.05897027 0.04500000
v -0.05273133 0.05896888 0.04503204
v -0.05272739 0.05898301 0.04500000
v -0.05272287 0.05901943 0.04500000
v -0.05271994 0.05902696 0.04500000
v -0.05270488 0.05906558 0.04500000
v -0.05270296 0.05906828 0.04500000
v -0.05267995 0.05910528 0.04504630
v -0.05267692 0.05910473 0.04500000
v -0.05264273 0.05913717 0.04505341
v -0.05264301 0.05913389 0.04500000
v -0.05267609 0.05910589 0.04500000
v -0.05259376 0.05915962 0.04500000
v -0.05260362 0.05915482 0.04500000
v -0.05263828 0.05913789 0.04500000
v -0.05270477 0.05912713 0.04519601
v -0.05273309 0.05913706 0.04528893
v -0.05275957 0.05911825 0.04525152
v -0.05282610 0.05910748 0.04529180
v -0.05262447 0.05915465 0.04514773
v -0.05266501 0.05913357 0.04512861
v -0.05269927 0.05910214 0.04511149
v -0.05273373 0.05909657 0.04516992
v -0.05273981 0.05902120 0.04508949
v -0.05272513 0.05906230 0.04509743
v -0.05274498 0.05905316 0.04513520
v -0.05274800 0.05907179 0.04516186
v -0.05275128 0.05909202 0.04519081
v -0.05272640 0.05893842 0.02900000
v -0.05272898 0.05897027 0.02900000
v -0.05272739 0.05898301 0.02900000
v -0.05272287 0.05901943 0.02900000
v -0.05272287 0.05901943 0.04500000
v -0.05271994 0.05902696 0.02900000
v -0.05270488 0.05906558 0.02900000
v -0.05270296 0.05906828 0.02900000
v -0.05256095 0.05916784 0.02900000
v -0.05259376 0.05915962 0.02900000
v -0.05260362 0.05915482 0.02900000
v -0.05263828 0.05913789 0.02900000
v -0.05264301 0.05913389 0.02900000
v -0.05267609 0.05910589 0.02900000
v -0.05267692 0.05910473 0.02900000
v -0.05275232 0.05909844 0.02880000
v -0.05275145 0.05909305 0.02880910
v -0.05273373 0.05909657 0.02883008
v -0.05274808 0.05907229 0.02884305
v -0.05274518 0.05905438 0.02886404
v -0.05272513 0.05906230 0.02890257
v -0.05273969 0.05902046 0.02890383
v -0.05273083 0.05896575 0.02896798
v -0.05280951 0.05912467 0.02866481
v -0.05279656 0.05912967 0.02863398
v -0.05288967 0.05911459 0.02860565
v -0.05262447 0.05915465 0.02885227
v -0.05264435 0.05915432 0.02875413
v -0.05267014 0.05914726 0.02877484
v -0.05271310 0.05914319 0.02868449
v -0.05273309 0.05913706 0.02871107
v -0.05259887 0.05915880 0.02893864
v -0.05256653 0.05916694 0.02893300
v -0.05259449 0.05916240 0.02883868
v -0.05264273 0.05913717 0.02894659
v -0.05267995 0.05910528 0.02895370
v -0.05270825 0.05906503 0.02895954
v -0.05272287 0.05901943 0.02900000
v -0.05272589 0.05901893 0.02896375
v -0.05273170 0.05897112 0.02896167
v -0.05273785 0.05900911 0.02891714
v -0.05269927 0.05910214 0.02888851
v -0.05274845 0.05907456 0.02884039
v -0.05289466 0.05894533 0.02880000
v -0.05285640 0.05899616 0.02880000
v -0.05290073 0.05899061 0.02878663
v -0.05285483 0.05899770 0.02880000
v -0.05290340 0.05903343 0.02876184
v -0.05292383 0.05890645 0.02880000
v -0.05292218 0.05890875 0.02880000
v -0.05292892 0.05893789 0.02879745
v -0.05289714 0.05894204 0.02880000
v -0.05293090 0.05895006 0.02879385
v -0.05293652 0.05898483 0.02878357
v -0.05293764 0.05899170 0.02877947
v -0.05294335 0.05902696 0.02875842
v -0.05290326 0.05906910 0.02872747
v -0.05294881 0.05906069 0.02872457
v -0.05294372 0.05902929 0.02875609
v -0.05290033 0.05909546 0.02868562
v -0.05295254 0.05908376 0.02868643
v -0.05294897 0.05906170 0.02872356
v -0.05295581 0.05910389 0.02860000
v -0.05295535 0.05910106 0.02863370
v -0.05289478 0.05911088 0.02863888
v -0.05295484 0.05909792 0.02864420
v -0.05295306 0.05908692 0.02868112
v -0.05275957 0.05911825 0.02874847
v -0.05270477 0.05912713 0.02880399
v -0.05266501 0.05913357 0.02887139
v -0.05282610 0.05910748 0.02870820
v -0.05283892 0.05907953 0.02874704
v -0.05278124 0.05908886 0.02878195
v -0.05284889 0.05900355 0.02880000
v -0.05284717 0.05904254 0.02877894
v -0.05280895 0.05904279 0.02880000
v -0.05278565 0.05906569 0.02880000
v -0.05276035 0.05909055 0.02880000
v -0.05669842 0.05829511 0.02880000
v -0.05670553 0.05833904 0.02879499
v -0.05671229 0.05838077 0.02878019
v -0.05671836 0.05841820 0.02875637
v -0.05672342 0.05844946 0.02872470
v -0.05672723 0.05847299 0.02868678
v -0.05672959 0.05848758 0.02864451
v -0.05673040 0.05849254 0.02860000
v -0.05673040 0.05849254 0.02730000
v -0.05628273 0.05572854 0.02734888
v -0.05673040 0.05849254 0.02860000
v -0.05628273 0.05572854 0.02880000
v -0.05669842 0.05829511 0.02880000
v -0.05670553 0.05833904 0.02879499
v -0.05671229 0.05838077 0.02878019
v -0.05671836 0.05841820 0.02875637
v -0.05672342 0.05844946 0.02872470
v -0.05672723 0.05847299 0.02868678
v -0.05672959 0.05848758 0.02864451
v -0.06233259 0.05241871 0.02738902
v -0.05611364 0.05342597 0.02738902
v -0.06289896 0.05465696 0.02734888
v -0.05628273 0.05572854 0.02734888
v -0.06334663 0.05742093 0.02730000
v -0.05673040 0.05849254 0.02730000
v -0.06124045 0.05755945 0.04820000
v -0.06127243 0.05775689 0.04820000
v -0.05877261 0.05795915 0.04820000
v -0.05880459 0.05815659 0.04820000
v -0.05877261 0.05795915 0.04820000
v -0.05880459 0.05815659 0.04820000
v -0.05877261 0.05795915 0.04570000
v -0.05880459 0.05815659 0.04570000
v -0.05877261 0.05795915 0.04570000
v -0.05880459 0.05815659 0.04570000
v -0.06124045 0.05755945 0.04570000
v -0.06127243 0.05775689 0.04570000
v -0.06124045 0.05755945 0.04570000
v -0.06127243 0.05775689 0.04570000
v -0.06124045 0.05755945 0.04820000
v -0.06127243 0.05775689 0.04820000
v -0.05880459 0.05815659 0.04570000
v -0.06127243 0.05775689 0.04570000
v -0.05585963 0.05863357 0.02630681
v -0.05711154 0.05843080 0.02592984
v -0.05673040 0.05849254 0.02730000
v -0.05777317 0.05832364 0.02573061
v -0.06003706 0.05795696 0.04847422
v -0.05880459 0.05815659 0.04820000
v -0.06127243 0.05775689 0.04820000
v -0.06803709 0.05666125 0.02889621
v -0.06749197 0.05674954 0.02832493
v -0.06580207 0.05702324 0.02709157
v -0.05973440 0.05800599 0.02550344
v -0.06003699 0.05795698 0.02552322
v -0.06334663 0.05742093 0.02730000
v -0.06179846 0.05767169 0.02563835
v -0.07067465 0.05623406 0.04102126
v -0.06985550 0.05636672 0.04274312
v -0.05204127 0.05925200 0.02889661
v -0.05250025 0.05917767 0.02840046
v -0.05382619 0.05896290 0.04662601
v -0.05216473 0.05923200 0.04528511
v -0.06296378 0.05748295 0.02594244
v -0.06391609 0.05732871 0.02619093
v -0.06804163 0.05666052 0.04510633
v -0.06853816 0.05658010 0.04462422
v -0.06976995 0.05638059 0.04292296
v -0.06719685 0.05679733 0.04592654
v -0.06885023 0.05652955 0.02974838
v -0.05436946 0.05887491 0.02705509
v -0.05416776 0.05890759 0.02715637
v -0.06985301 0.05636714 0.03126140
v -0.06999975 0.05634337 0.03148281
v -0.07081739 0.05621094 0.03338949
v -0.07096681 0.05618674 0.03403237
v -0.07127513 0.05613680 0.03535888
v -0.07139125 0.05611799 0.03700000
v -0.05967236 0.05801603 0.04849473
v -0.05758590 0.05835396 0.04822914
v -0.05710987 0.05843107 0.04807765
v -0.05438158 0.05887296 0.04692251
v -0.05571218 0.05865745 0.04763286
v -0.06548490 0.05707462 0.04709096
v -0.06360273 0.05737946 0.04791928
v -0.06296796 0.05748227 0.04807070
v -0.06165878 0.05769431 0.04838299
v -0.07120088 0.05614882 0.03909722
v -0.07096351 0.05618727 0.03996511
v -0.06570330 0.05703924 0.04694241
v -0.04873598 0.05978734 0.03591860
v -0.04909265 0.05972957 0.03402729
v -0.05107834 0.05940796 0.02993754
v -0.05023788 0.05954410 0.03126981
v -0.05080524 0.05945220 0.04369157
v -0.05202429 0.05925475 0.04512049
v -0.05024762 0.05954252 0.04272611
v -0.04975617 0.05962211 0.04187521
v -0.04906707 0.05973372 0.03995597
v -0.04872648 0.05978888 0.03797406
v -0.04873097 0.05978816 0.03700021
v -0.04913848 0.05972215 0.03378427
v -0.04994817 0.05959102 0.03172903
v -0.06300591 0.05717486 0.02560144
v -0.06301271 0.05722434 0.02560591
v -0.05999895 0.05771248 0.02520397
v -0.07008320 0.05607918 0.03110198
v -0.07007917 0.05602925 0.03109967
v -0.07124290 0.05584076 0.03394577
v -0.06822795 0.05632908 0.02865567
v -0.06823271 0.05637890 0.02865895
v -0.07007594 0.05615148 0.03111280
v -0.05698518 0.05820059 0.02560591
v -0.05697602 0.05815149 0.02560144
v -0.05999096 0.05766318 0.02519934
v -0.05176519 0.05904604 0.02865895
v -0.05175397 0.05899727 0.02865567
v -0.05416653 0.05860653 0.02678033
v -0.04875143 0.05953417 0.03394696
v -0.04873903 0.05948560 0.03394577
v -0.04990275 0.05929712 0.03109967
v -0.04875143 0.05953417 0.04005303
v -0.04873903 0.05948560 0.04005424
v -0.04834210 0.05954989 0.03700000
v -0.05176519 0.05904604 0.04534106
v -0.05175397 0.05899727 0.04534432
v -0.04990275 0.05929712 0.04290033
v -0.05698518 0.05820059 0.04839409
v -0.05697602 0.05815149 0.04839856
v -0.05416653 0.05860653 0.04721967
v -0.06301271 0.05722434 0.04839409
v -0.06300591 0.05717486 0.04839856
v -0.05999096 0.05766318 0.04880066
v -0.06823271 0.05637890 0.04534106
v -0.06822795 0.05632908 0.04534432
v -0.06581540 0.05671982 0.04721967
v -0.07008320 0.05607918 0.04289802
v -0.07007917 0.05602925 0.04290033
v -0.06810032 0.05664676 0.04516754
v -0.06908370 0.05648749 0.04403158
v -0.06991232 0.05635328 0.04277532
v -0.06298891 0.05747463 0.04815707
v -0.06440122 0.05724589 0.04767140
v -0.06573887 0.05702923 0.04700315
v -0.05708677 0.05843057 0.04815707
v -0.05854957 0.05819365 0.04845183
v -0.06003784 0.05795260 0.04855065
v -0.05433681 0.05887597 0.04700315
v -0.05309670 0.05907681 0.04616374
v -0.05197536 0.05925844 0.04516754
v -0.04902429 0.05973641 0.03998953
v -0.04950371 0.05965875 0.04142024
v -0.05016336 0.05955192 0.04277532
v -0.04863578 0.05979933 0.03700000
v -0.04873332 0.05978352 0.03549234
v -0.04902429 0.05973641 0.03401047
v -0.05016336 0.05955192 0.03122468
v -0.05099197 0.05941771 0.02996841
v -0.05197536 0.05925844 0.02883246
v -0.05433681 0.05887597 0.02699685
v -0.05708677 0.05843057 0.02584293
v -0.05567446 0.05865931 0.02632859
v -0.06003784 0.05795260 0.02544935
v -0.06152611 0.05771155 0.02554817
v -0.06298891 0.05747463 0.02584293
v -0.07143991 0.05610587 0.03700000
v -0.07134236 0.05612166 0.03549234
v -0.07105139 0.05616879 0.03401047
v -0.07121086 0.05603132 0.03396240
v -0.07123708 0.05596341 0.03395256
v -0.07124647 0.05589076 0.03394696
v -0.07163983 0.05577648 0.03700000
v -0.07156239 0.05602677 0.03700000
v -0.07160562 0.05596737 0.03700000
v -0.07163312 0.05589927 0.03700000
v -0.07164324 0.05582651 0.03700000
v -0.07124290 0.05584076 0.04005424
v -0.07111515 0.05613717 0.04000774
v -0.07116938 0.05609041 0.04002409
v -0.07121086 0.05603132 0.04003759
v -0.07123708 0.05596341 0.04004744
v -0.07124647 0.05589076 0.04005303
v -0.06581540 0.05671982 0.02678033
v -0.06582110 0.05676949 0.02678434
v -0.06582165 0.05684052 0.02680307
v -0.06822884 0.05645064 0.02867424
v -0.06821234 0.05651697 0.02870113
v -0.07005347 0.05621877 0.03113182
v -0.07001714 0.05627704 0.03115790
v -0.07116938 0.05609041 0.03397591
v -0.07111515 0.05613717 0.03399225
v -0.07150603 0.05607388 0.03700000
v -0.06300353 0.05745098 0.02577495
v -0.06003448 0.05793186 0.02537897
v -0.06002848 0.05789485 0.02531580
v -0.05417680 0.05865545 0.02678434
v -0.05700193 0.05826899 0.02562680
v -0.05419870 0.05872302 0.02680307
v -0.05702170 0.05832945 0.02566354
v -0.05422752 0.05878201 0.02683600
v -0.05704330 0.05837835 0.02571393
v -0.05426153 0.05882890 0.02688118
v -0.05706542 0.05841274 0.02577495
v -0.05429871 0.05886085 0.02693589
v -0.04991469 0.05934577 0.03110198
v -0.05179151 0.05911290 0.02867424
v -0.04994441 0.05941206 0.03111280
v -0.05182810 0.05917064 0.02870113
v -0.04998697 0.05946884 0.03113182
v -0.05187279 0.05921578 0.02873802
v -0.05003984 0.05951265 0.03115790
v -0.05192288 0.05924564 0.02878269
v -0.05009983 0.05954091 0.03118948
v -0.04835466 0.05959844 0.03700000
v -0.04878327 0.05960013 0.03395256
v -0.04838723 0.05966427 0.03700000
v -0.04882958 0.05965629 0.03396240
v -0.04843482 0.05972022 0.03700000
v -0.04888759 0.05969927 0.03397591
v -0.04849458 0.05976294 0.03700000
v -0.04895382 0.05972653 0.03399225
v -0.04856293 0.05978983 0.03700000
v -0.04991469 0.05934577 0.04289802
v -0.04878327 0.05960013 0.04004744
v -0.04994441 0.05941206 0.04288720
v -0.04882958 0.05965629 0.04003759
v -0.04998697 0.05946884 0.04286819
v -0.04888759 0.05969927 0.04002409
v -0.05003984 0.05951265 0.04284210
v -0.04895382 0.05972653 0.04000774
v -0.05009983 0.05954091 0.04281052
v -0.05417680 0.05865545 0.04721566
v -0.05179151 0.05911290 0.04532576
v -0.05419870 0.05872302 0.04719694
v -0.05182810 0.05917064 0.04529887
v -0.05422752 0.05878201 0.04716400
v -0.05187279 0.05921578 0.04526198
v -0.05426153 0.05882890 0.04711882
v -0.05192288 0.05924564 0.04521731
v -0.05429871 0.05886085 0.04706411
v -0.05999895 0.05771248 0.04879603
v -0.05700193 0.05826899 0.04837320
v -0.06001017 0.05778177 0.04877441
v -0.05702170 0.05832945 0.04833646
v -0.06002022 0.05784379 0.04873637
v -0.05704330 0.05837835 0.04828607
v -0.06002848 0.05789485 0.04868420
v -0.05706542 0.05841274 0.04822505
v -0.06003448 0.05793186 0.04862103
v -0.06582110 0.05676949 0.04721566
v -0.06301841 0.05729455 0.04837320
v -0.06582165 0.05684052 0.04719694
v -0.06301874 0.05735814 0.04833646
v -0.06581291 0.05690560 0.04716400
v -0.06301368 0.05741136 0.04828607
v -0.06579544 0.05696081 0.04711882
v -0.06300353 0.05745098 0.04822505
v -0.06577026 0.05700287 0.04706411
v -0.06822884 0.05645064 0.04532576
v -0.07007594 0.05615148 0.04288720
v -0.06821234 0.05651697 0.04529887
v -0.07005347 0.05621877 0.04286819
v -0.06818419 0.05657392 0.04526198
v -0.07001714 0.05627704 0.04284210
v -0.06814609 0.05661807 0.04521731
v -0.06996913 0.05632279 0.04281052
v -0.06991232 0.05635328 0.03122468
v -0.07057198 0.05624644 0.03257976
v -0.06996913 0.05632279 0.03118948
v -0.06301841 0.05729455 0.02562680
v -0.06581291 0.05690560 0.02683600
v -0.06818419 0.05657392 0.02873802
v -0.06908370 0.05648749 0.02996841
v -0.06810032 0.05664676 0.02883246
v -0.06814609 0.05661807 0.02878269
v -0.06579544 0.05696081 0.02688118
v -0.06301874 0.05735814 0.02566354
v -0.06001017 0.05778177 0.02522559
v -0.06697898 0.05682837 0.02783626
v -0.06573887 0.05702923 0.02699685
v -0.06577026 0.05700287 0.02693589
v -0.06301368 0.05741136 0.02571393
v -0.06002022 0.05784379 0.02526363
v -0.06440122 0.05724589 0.02632859
v -0.05854957 0.05819365 0.02554817
v -0.05309670 0.05907681 0.02783626
v -0.04950371 0.05965875 0.03257976
v -0.04873332 0.05978352 0.03850766
v -0.05099197 0.05941771 0.04403158
v -0.05567446 0.05865931 0.04767140
v -0.06152611 0.05771155 0.04845183
v -0.06697898 0.05682837 0.04616374
v -0.07057198 0.05624644 0.04142024
v -0.07105139 0.05616879 0.03998953
v -0.07134236 0.05612166 0.03850766
v -0.02225618 -0.07572600 0.06296724
v -0.02221180 -0.07573318 0.06307577
v -0.02264088 -0.07566369 0.06319224
v -0.02219666 -0.07573563 0.06319224
v -0.02221180 -0.07573318 0.06330871
v -0.02252591 -0.07568231 0.06275757
v -0.02241877 -0.07569966 0.06280253
v -0.02232678 -0.07571456 0.06287404
v -0.02286298 -0.07562773 0.06280253
v -0.02275585 -0.07564508 0.06275757
v -0.02264088 -0.07566369 0.06274224
v -0.02306995 -0.07559420 0.06307577
v -0.02302557 -0.07560138 0.06296724
v -0.02295499 -0.07561283 0.06287404
v -0.02302557 -0.07560138 0.06341724
v -0.02306995 -0.07559420 0.06330871
v -0.02308510 -0.07559175 0.06319224
v -0.02275585 -0.07564508 0.06362691
v -0.02286298 -0.07562773 0.06358195
v -0.02295499 -0.07561283 0.06351044
v -0.02241877 -0.07569966 0.06358195
v -0.02252591 -0.07568231 0.06362691
v -0.02264088 -0.07566369 0.06364224
v -0.02225618 -0.07572600 0.06341724
v -0.02232678 -0.07571456 0.06351044
v -0.02487606 -0.07499775 0.06311647
v -0.02492045 -0.07499057 0.06322500
v -0.02530514 -0.07492826 0.06300000
v -0.02499103 -0.07497914 0.06331820
v -0.02508304 -0.07496424 0.06338971
v -0.02492045 -0.07499057 0.06277500
v -0.02487606 -0.07499775 0.06288353
v -0.02486093 -0.07500022 0.06300000
v -0.02519017 -0.07494689 0.06256533
v -0.02508304 -0.07496424 0.06261029
v -0.02499103 -0.07497914 0.06268180
v -0.02552725 -0.07489228 0.06261029
v -0.02542012 -0.07490964 0.06256533
v -0.02530514 -0.07492826 0.06255000
v -0.02573421 -0.07485877 0.06288353
v -0.02568984 -0.07486595 0.06277500
v -0.02561924 -0.07487739 0.06268180
v -0.02568984 -0.07486595 0.06322500
v -0.02573421 -0.07485877 0.06311647
v -0.02574935 -0.07485631 0.06300000
v -0.02542012 -0.07490964 0.06343467
v -0.02552725 -0.07489228 0.06338971
v -0.02561924 -0.07487739 0.06331820
v -0.02519017 -0.07494689 0.06343467
v -0.02530514 -0.07492826 0.06345000
v -0.02304582 -0.07559810 0.06082750
v -0.02300143 -0.07560530 0.06093603
v -0.02343050 -0.07553580 0.06105250
v -0.02298629 -0.07560774 0.06105250
v -0.02300143 -0.07560530 0.06116897
v -0.02331554 -0.07555442 0.06061783
v -0.02320841 -0.07557177 0.06066279
v -0.02311640 -0.07558667 0.06073431
v -0.02365262 -0.07549982 0.06066279
v -0.02354547 -0.07551718 0.06061783
v -0.02343050 -0.07553580 0.06060250
v -0.02385958 -0.07546630 0.06093603
v -0.02381521 -0.07547349 0.06082750
v -0.02374461 -0.07548492 0.06073431
v -0.02381521 -0.07547349 0.06127750
v -0.02385958 -0.07546630 0.06116897
v -0.02387471 -0.07546385 0.06105250
v -0.02354547 -0.07551718 0.06148717
v -0.02365262 -0.07549982 0.06144221
v -0.02374461 -0.07548492 0.06137070
v -0.02320841 -0.07557177 0.06144221
v -0.02331554 -0.07555442 0.06148717
v -0.02343050 -0.07553580 0.06150250
v -0.02304582 -0.07559810 0.06127750
v -0.02311640 -0.07558667 0.06137070
v -0.02532056 -0.07522969 0.06064213
v -0.02542768 -0.07521232 0.06068708
v -0.02554265 -0.07519371 0.06025241
v -0.02554265 -0.07519371 0.06070241
v -0.02565762 -0.07517508 0.06068708
v -0.02511359 -0.07526319 0.06036888
v -0.02515795 -0.07525601 0.06047741
v -0.02522855 -0.07524459 0.06057061
v -0.02515795 -0.07525601 0.06002741
v -0.02511359 -0.07526319 0.06013594
v -0.02509844 -0.07526565 0.06025241
v -0.02542768 -0.07521232 0.05981774
v -0.02532056 -0.07522969 0.05986270
v -0.02522855 -0.07524459 0.05993422
v -0.02576476 -0.07515773 0.05986270
v -0.02565762 -0.07517508 0.05981774
v -0.02554265 -0.07519371 0.05980241
v -0.02597173 -0.07512421 0.06013594
v -0.02592735 -0.07513140 0.06002741
v -0.02585676 -0.07514282 0.05993422
v -0.02592735 -0.07513140 0.06047741
v -0.02597173 -0.07512421 0.06036888
v -0.02598686 -0.07512175 0.06025241
v -0.02576476 -0.07515773 0.06064213
v -0.02585676 -0.07514282 0.06057061
v -0.02774652 -0.07483676 0.06095263
v -0.02763938 -0.07485411 0.06090767
v -0.02752441 -0.07487273 0.06134234
v -0.02752441 -0.07487273 0.06089234
v -0.02740944 -0.07489134 0.06090767
v -0.02795349 -0.07480323 0.06122587
v -0.02790911 -0.07481042 0.06111734
v -0.02783852 -0.07482186 0.06102414
v -0.02790911 -0.07481042 0.06156734
v -0.02795349 -0.07480323 0.06145881
v -0.02796862 -0.07480078 0.06134234
v -0.02763938 -0.07485411 0.06177701
v -0.02774652 -0.07483676 0.06173205
v -0.02783852 -0.07482186 0.06166054
v -0.02730232 -0.07490870 0.06173205
v -0.02740944 -0.07489134 0.06177701
v -0.02752441 -0.07487273 0.06179234
v -0.02709535 -0.07494222 0.06145881
v -0.02713971 -0.07493505 0.06156734
v -0.02721031 -0.07492360 0.06166054
v -0.02713971 -0.07493505 0.06111734
v -0.02709535 -0.07494222 0.06122587
v -0.02708020 -0.07494467 0.06134234
v -0.02730232 -0.07490870 0.06095263
v -0.02721031 -0.07492360 0.06102414
v -0.02823468 -0.07475769 0.06318283
v -0.02812755 -0.07477504 0.06313787
v -0.02801257 -0.07479367 0.06357254
v -0.02801257 -0.07479367 0.06312254
v -0.02789760 -0.07481228 0.06313787
v -0.02844165 -0.07472417 0.06345607
v -0.02839727 -0.07473136 0.06334754
v -0.02832667 -0.07474279 0.06325434
v -0.02839727 -0.07473136 0.06379754
v -0.02844165 -0.07472417 0.06368901
v -0.02845678 -0.07472172 0.06357254
v -0.02812755 -0.07477504 0.06400721
v -0.02823468 -0.07475769 0.06396225
v -0.02832667 -0.07474279 0.06389074
v -0.02779047 -0.07482963 0.06396225
v -0.02789760 -0.07481228 0.06400721
v -0.02801257 -0.07479367 0.06402254
v -0.02758349 -0.07486316 0.06368901
v -0.02762788 -0.07485597 0.06379754
v -0.02769846 -0.07484453 0.06389074
v -0.02762788 -0.07485597 0.06334754
v -0.02758349 -0.07486316 0.06345607
v -0.02756836 -0.07486561 0.06357254
v -0.02779047 -0.07482963 0.06318283
v -0.02769846 -0.07484453 0.06325434
v -0.02553380 -0.07519514 0.06546908
v -0.02548942 -0.07520233 0.06557762
v -0.02591849 -0.07513283 0.06569408
v -0.02547428 -0.07520478 0.06569408
v -0.02548942 -0.07520233 0.06581055
v -0.02580352 -0.07515145 0.06525943
v -0.02569639 -0.07516880 0.06530437
v -0.02560439 -0.07518371 0.06537588
v -0.02614060 -0.07509687 0.06530437
v -0.02603347 -0.07511421 0.06525943
v -0.02591849 -0.07513283 0.06524408
v -0.02634757 -0.07506333 0.06557762
v -0.02630319 -0.07507054 0.06546908
v -0.02623260 -0.07508197 0.06537588
v -0.02630319 -0.07507054 0.06591909
v -0.02634757 -0.07506333 0.06581055
v -0.02636270 -0.07506089 0.06569408
v -0.02603347 -0.07511421 0.06612876
v -0.02614060 -0.07509687 0.06608380
v -0.02623260 -0.07508197 0.06601229
v -0.02569639 -0.07516880 0.06608380
v -0.02580352 -0.07515145 0.06612876
v -0.02591849 -0.07513283 0.06614408
v -0.02553380 -0.07519514 0.06591909
v -0.02560439 -0.07518371 0.06601229
v -0.02333224 -0.07555171 0.06497474
v -0.02328787 -0.07555889 0.06508329
v -0.02371694 -0.07548941 0.06519974
v -0.02327273 -0.07556135 0.06519974
v -0.02328787 -0.07555889 0.06531621
v -0.02360198 -0.07550802 0.06476509
v -0.02349485 -0.07552539 0.06481003
v -0.02340283 -0.07554029 0.06488154
v -0.02393906 -0.07545343 0.06481003
v -0.02383191 -0.07547078 0.06476509
v -0.02371694 -0.07548941 0.06474974
v -0.02414603 -0.07541991 0.06508329
v -0.02410165 -0.07542710 0.06497474
v -0.02403104 -0.07543853 0.06488154
v -0.02410165 -0.07542710 0.06542475
v -0.02414603 -0.07541991 0.06531621
v -0.02416115 -0.07541745 0.06519974
v -0.02383191 -0.07547078 0.06563441
v -0.02393906 -0.07545343 0.06558945
v -0.02403104 -0.07543853 0.06551794
v -0.02349485 -0.07552539 0.06558945
v -0.02360198 -0.07550802 0.06563441
v -0.02371694 -0.07548941 0.06564975
v -0.02333224 -0.07555171 0.06542475
v -0.02340283 -0.07554029 0.06551794
v -0.02264088 -0.07566369 0.06274224
v -0.02267285 -0.07586112 0.06274224
v -0.02252591 -0.07568231 0.06275757
v -0.02255788 -0.07587973 0.06275757
v -0.02241877 -0.07569966 0.06280253
v -0.02245075 -0.07589708 0.06280253
v -0.02232678 -0.07571456 0.06287404
v -0.02235875 -0.07591199 0.06287404
v -0.02225618 -0.07572600 0.06296724
v -0.02228816 -0.07592343 0.06296724
v -0.02221180 -0.07573318 0.06307577
v -0.02224378 -0.07593061 0.06307577
v -0.02219666 -0.07573563 0.06319224
v -0.02222864 -0.07593306 0.06319224
v -0.02221180 -0.07573318 0.06330871
v -0.02224378 -0.07593061 0.06330871
v -0.02225618 -0.07572600 0.06341724
v -0.02228816 -0.07592343 0.06341724
v -0.02232678 -0.07571456 0.06351044
v -0.02235875 -0.07591199 0.06351044
v -0.02241877 -0.07569966 0.06358195
v -0.02245075 -0.07589708 0.06358195
v -0.02252591 -0.07568231 0.06362691
v -0.02255788 -0.07587973 0.06362691
v -0.02264088 -0.07566369 0.06364224
v -0.02267285 -0.07586112 0.06364224
v -0.02275585 -0.07564508 0.06362691
v -0.02278783 -0.07584249 0.06362691
v -0.02286298 -0.07562773 0.06358195
v -0.02289496 -0.07582514 0.06358195
v -0.02295499 -0.07561283 0.06351044
v -0.02298696 -0.07581024 0.06351044
v -0.02302557 -0.07560138 0.06341724
v -0.02305755 -0.07579882 0.06341724
v -0.02306995 -0.07559420 0.06330871
v -0.02310194 -0.07579162 0.06330871
v -0.02308510 -0.07559175 0.06319224
v -0.02311706 -0.07578917 0.06319224
v -0.02306995 -0.07559420 0.06307577
v -0.02310194 -0.07579162 0.06307577
v -0.02302557 -0.07560138 0.06296724
v -0.02305755 -0.07579882 0.06296724
v -0.02295499 -0.07561283 0.06287404
v -0.02298696 -0.07581024 0.06287404
v -0.02286298 -0.07562773 0.06280253
v -0.02289496 -0.07582514 0.06280253
v -0.02275585 -0.07564508 0.06275757
v -0.02278783 -0.07584249 0.06275757
v -0.02530514 -0.07492826 0.06255000
v -0.02538508 -0.07542182 0.06255000
v -0.02519017 -0.07494689 0.06256533
v -0.02527011 -0.07544046 0.06256533
v -0.02508304 -0.07496424 0.06261029
v -0.02516297 -0.07545780 0.06261029
v -0.02499103 -0.07497914 0.06268180
v -0.02507098 -0.07547270 0.06268180
v -0.02492045 -0.07499057 0.06277500
v -0.02500038 -0.07548413 0.06277500
v -0.02487606 -0.07499775 0.06288353
v -0.02495600 -0.07549134 0.06288353
v -0.02486093 -0.07500022 0.06300000
v -0.02494087 -0.07549378 0.06300000
v -0.02487606 -0.07499775 0.06311647
v -0.02495600 -0.07549134 0.06311647
v -0.02492045 -0.07499057 0.06322500
v -0.02500038 -0.07548413 0.06322500
v -0.02499103 -0.07497914 0.06331820
v -0.02507098 -0.07547270 0.06331820
v -0.02508304 -0.07496424 0.06338971
v -0.02516297 -0.07545780 0.06338971
v -0.02519017 -0.07494689 0.06343467
v -0.02527011 -0.07544046 0.06343467
v -0.02530514 -0.07492826 0.06345000
v -0.02538508 -0.07542182 0.06345000
v -0.02542012 -0.07490964 0.06343467
v -0.02550005 -0.07540322 0.06343467
v -0.02552725 -0.07489228 0.06338971
v -0.02560718 -0.07538586 0.06338971
v -0.02561924 -0.07487739 0.06331820
v -0.02569919 -0.07537095 0.06331820
v -0.02568984 -0.07486595 0.06322500
v -0.02576978 -0.07535952 0.06322500
v -0.02573421 -0.07485877 0.06311647
v -0.02581415 -0.07535234 0.06311647
v -0.02574935 -0.07485631 0.06300000
v -0.02582929 -0.07534989 0.06300000
v -0.02573421 -0.07485877 0.06288353
v -0.02581415 -0.07535234 0.06288353
v -0.02568984 -0.07486595 0.06277500
v -0.02576978 -0.07535952 0.06277500
v -0.02561924 -0.07487739 0.06268180
v -0.02569919 -0.07537095 0.06268180
v -0.02552725 -0.07489228 0.06261029
v -0.02560718 -0.07538586 0.06261029
v -0.02542012 -0.07490964 0.06256533
v -0.02550005 -0.07540322 0.06256533
v -0.02343050 -0.07553580 0.06060250
v -0.02346248 -0.07573323 0.06060250
v -0.02331554 -0.07555442 0.06061783
v -0.02334751 -0.07575184 0.06061783
v -0.02320841 -0.07557177 0.06066279
v -0.02324037 -0.07576921 0.06066279
v -0.02311640 -0.07558667 0.06073431
v -0.02314838 -0.07578411 0.06073431
v -0.02304582 -0.07559810 0.06082750
v -0.02307778 -0.07579553 0.06082750
v -0.02300143 -0.07560530 0.06093603
v -0.02303340 -0.07580271 0.06093603
v -0.02298629 -0.07560774 0.06105250
v -0.02301827 -0.07580517 0.06105250
v -0.02300143 -0.07560530 0.06116897
v -0.02303340 -0.07580271 0.06116897
v -0.02304582 -0.07559810 0.06127750
v -0.02307778 -0.07579553 0.06127750
v -0.02311640 -0.07558667 0.06137070
v -0.02314838 -0.07578411 0.06137070
v -0.02320841 -0.07557177 0.06144221
v -0.02324037 -0.07576921 0.06144221
v -0.02331554 -0.07555442 0.06148717
v -0.02334751 -0.07575184 0.06148717
v -0.02343050 -0.07553580 0.06150250
v -0.02346248 -0.07573323 0.06150250
v -0.02354547 -0.07551718 0.06148717
v -0.02357745 -0.07571460 0.06148717
v -0.02365262 -0.07549982 0.06144221
v -0.02368459 -0.07569725 0.06144221
v -0.02374461 -0.07548492 0.06137070
v -0.02377659 -0.07568235 0.06137070
v -0.02381521 -0.07547349 0.06127750
v -0.02384718 -0.07567092 0.06127750
v -0.02385958 -0.07546630 0.06116897
v -0.02389155 -0.07566373 0.06116897
v -0.02387471 -0.07546385 0.06105250
v -0.02390670 -0.07566127 0.06105250
v -0.02385958 -0.07546630 0.06093603
v -0.02389155 -0.07566373 0.06093603
v -0.02381521 -0.07547349 0.06082750
v -0.02384718 -0.07567092 0.06082750
v -0.02374461 -0.07548492 0.06073431
v -0.02377659 -0.07568235 0.06073431
v -0.02365262 -0.07549982 0.06066279
v -0.02368459 -0.07569725 0.06066279
v -0.02354547 -0.07551718 0.06061783
v -0.02357745 -0.07571460 0.06061783
v -0.02554265 -0.07519371 0.05980241
v -0.02557464 -0.07539113 0.05980241
v -0.02542768 -0.07521232 0.05981774
v -0.02545966 -0.07540975 0.05981774
v -0.02532056 -0.07522969 0.05986270
v -0.02535252 -0.07542710 0.05986270
v -0.02522855 -0.07524459 0.05993422
v -0.02526053 -0.07544200 0.05993422
v -0.02515795 -0.07525601 0.06002741
v -0.02518993 -0.07545344 0.06002741
v -0.02511359 -0.07526319 0.06013594
v -0.02514555 -0.07546062 0.06013594
v -0.02509844 -0.07526565 0.06025241
v -0.02513043 -0.07546308 0.06025241
v -0.02511359 -0.07526319 0.06036888
v -0.02514555 -0.07546062 0.06036888
v -0.02515795 -0.07525601 0.06047741
v -0.02518993 -0.07545344 0.06047741
v -0.02522855 -0.07524459 0.06057061
v -0.02526053 -0.07544200 0.06057061
v -0.02532056 -0.07522969 0.06064213
v -0.02535252 -0.07542710 0.06064213
v -0.02542768 -0.07521232 0.06068708
v -0.02545966 -0.07540975 0.06068708
v -0.02554265 -0.07519371 0.06070241
v -0.02557464 -0.07539113 0.06070241
v -0.02565762 -0.07517508 0.06068708
v -0.02568960 -0.07537252 0.06068708
v -0.02576476 -0.07515773 0.06064213
v -0.02579673 -0.07535517 0.06064213
v -0.02585676 -0.07514282 0.06057061
v -0.02588873 -0.07534027 0.06057061
v -0.02592735 -0.07513140 0.06047741
v -0.02595933 -0.07532882 0.06047741
v -0.02597173 -0.07512421 0.06036888
v -0.02600370 -0.07532164 0.06036888
v -0.02598686 -0.07512175 0.06025241
v -0.02601885 -0.07531919 0.06025241
v -0.02597173 -0.07512421 0.06013594
v -0.02600370 -0.07532164 0.06013594
v -0.02592735 -0.07513140 0.06002741
v -0.02595933 -0.07532882 0.06002741
v -0.02585676 -0.07514282 0.05993422
v -0.02588873 -0.07534027 0.05993422
v -0.02576476 -0.07515773 0.05986270
v -0.02579673 -0.07535517 0.05986270
v -0.02565762 -0.07517508 0.05981774
v -0.02568960 -0.07537252 0.05981774
v -0.02752441 -0.07487273 0.06089234
v -0.02755640 -0.07507015 0.06089234
v -0.02740944 -0.07489134 0.06090767
v -0.02744142 -0.07508879 0.06090767
v -0.02730232 -0.07490870 0.06095263
v -0.02733428 -0.07510613 0.06095263
v -0.02721031 -0.07492360 0.06102414
v -0.02724230 -0.07512104 0.06102414
v -0.02713971 -0.07493505 0.06111734
v -0.02717169 -0.07513246 0.06111734
v -0.02709535 -0.07494222 0.06122587
v -0.02712731 -0.07513965 0.06122587
v -0.02708020 -0.07494467 0.06134234
v -0.02711219 -0.07514210 0.06134234
v -0.02709535 -0.07494222 0.06145881
v -0.02712731 -0.07513965 0.06145881
v -0.02713971 -0.07493505 0.06156734
v -0.02717169 -0.07513246 0.06156734
v -0.02721031 -0.07492360 0.06166054
v -0.02724230 -0.07512104 0.06166054
v -0.02730232 -0.07490870 0.06173205
v -0.02733428 -0.07510613 0.06173205
v -0.02740944 -0.07489134 0.06177701
v -0.02744142 -0.07508879 0.06177701
v -0.02752441 -0.07487273 0.06179234
v -0.02755640 -0.07507015 0.06179234
v -0.02763938 -0.07485411 0.06177701
v -0.02767136 -0.07505153 0.06177701
v -0.02774652 -0.07483676 0.06173205
v -0.02777850 -0.07503418 0.06173205
v -0.02783852 -0.07482186 0.06166054
v -0.02787049 -0.07501928 0.06166054
v -0.02790911 -0.07481042 0.06156734
v -0.02794109 -0.07500785 0.06156734
v -0.02795349 -0.07480323 0.06145881
v -0.02798546 -0.07500067 0.06145881
v -0.02796862 -0.07480078 0.06134234
v -0.02800061 -0.07499821 0.06134234
v -0.02795349 -0.07480323 0.06122587
v -0.02798546 -0.07500067 0.06122587
v -0.02790911 -0.07481042 0.06111734
v -0.02794109 -0.07500785 0.06111734
v -0.02783852 -0.07482186 0.06102414
v -0.02787049 -0.07501928 0.06102414
v -0.02774652 -0.07483676 0.06095263
v -0.02777850 -0.07503418 0.06095263
v -0.02763938 -0.07485411 0.06090767
v -0.02767136 -0.07505153 0.06090767
v -0.02801257 -0.07479367 0.06312254
v -0.02804455 -0.07499108 0.06312254
v -0.02789760 -0.07481228 0.06313787
v -0.02792959 -0.07500971 0.06313787
v -0.02779047 -0.07482963 0.06318283
v -0.02782244 -0.07502706 0.06318283
v -0.02769846 -0.07484453 0.06325434
v -0.02773044 -0.07504196 0.06325434
v -0.02762788 -0.07485597 0.06334754
v -0.02765985 -0.07505339 0.06334754
v -0.02758349 -0.07486316 0.06345607
v -0.02761548 -0.07506060 0.06345607
v -0.02756836 -0.07486561 0.06357254
v -0.02760033 -0.07506304 0.06357254
v -0.02758349 -0.07486316 0.06368901
v -0.02761548 -0.07506060 0.06368901
v -0.02762788 -0.07485597 0.06379754
v -0.02765985 -0.07505339 0.06379754
v -0.02769846 -0.07484453 0.06389074
v -0.02773044 -0.07504196 0.06389074
v -0.02779047 -0.07482963 0.06396225
v -0.02782244 -0.07502706 0.06396225
v -0.02789760 -0.07481228 0.06400721
v -0.02792959 -0.07500971 0.06400721
v -0.02801257 -0.07479367 0.06402254
v -0.02804455 -0.07499108 0.06402254
v -0.02812755 -0.07477504 0.06400721
v -0.02815951 -0.07497248 0.06400721
v -0.02823468 -0.07475769 0.06396225
v -0.02826665 -0.07495512 0.06396225
v -0.02832667 -0.07474279 0.06389074
v -0.02835865 -0.07494021 0.06389074
v -0.02839727 -0.07473136 0.06379754
v -0.02842924 -0.07492878 0.06379754
v -0.02844165 -0.07472417 0.06368901
v -0.02847362 -0.07492160 0.06368901
v -0.02845678 -0.07472172 0.06357254
v -0.02848876 -0.07491915 0.06357254
v -0.02844165 -0.07472417 0.06345607
v -0.02847362 -0.07492160 0.06345607
v -0.02839727 -0.07473136 0.06334754
v -0.02842924 -0.07492878 0.06334754
v -0.02832667 -0.07474279 0.06325434
v -0.02835865 -0.07494021 0.06325434
v -0.02823468 -0.07475769 0.06318283
v -0.02826665 -0.07495512 0.06318283
v -0.02812755 -0.07477504 0.06313787
v -0.02815951 -0.07497248 0.06313787
v -0.02591849 -0.07513283 0.06524408
v -0.02595047 -0.07533026 0.06524408
v -0.02580352 -0.07515145 0.06525943
v -0.02583551 -0.07534888 0.06525943
v -0.02569639 -0.07516880 0.06530437
v -0.02572836 -0.07536623 0.06530437
v -0.02560439 -0.07518371 0.06537588
v -0.02563636 -0.07538113 0.06537588
v -0.02553380 -0.07519514 0.06546908
v -0.02556577 -0.07539257 0.06546908
v -0.02548942 -0.07520233 0.06557762
v -0.02552140 -0.07539975 0.06557762
v -0.02547428 -0.07520478 0.06569408
v -0.02550626 -0.07540220 0.06569408
v -0.02548942 -0.07520233 0.06581055
v -0.02552140 -0.07539975 0.06581055
v -0.02553380 -0.07519514 0.06591909
v -0.02556577 -0.07539257 0.06591909
v -0.02560439 -0.07518371 0.06601229
v -0.02563636 -0.07538113 0.06601229
v -0.02569639 -0.07516880 0.06608380
v -0.02572836 -0.07536623 0.06608380
v -0.02580352 -0.07515145 0.06612876
v -0.02583551 -0.07534888 0.06612876
v -0.02591849 -0.07513283 0.06614408
v -0.02595047 -0.07533026 0.06614408
v -0.02603347 -0.07511421 0.06612876
v -0.02606544 -0.07531163 0.06612876
v -0.02614060 -0.07509687 0.06608380
v -0.02617257 -0.07529428 0.06608380
v -0.02623260 -0.07508197 0.06601229
v -0.02626457 -0.07527938 0.06601229
v -0.02630319 -0.07507054 0.06591909
v -0.02633518 -0.07526795 0.06591909
v -0.02634757 -0.07506333 0.06581055
v -0.02637954 -0.07526076 0.06581055
v -0.02636270 -0.07506089 0.06569408
v -0.02639468 -0.07525831 0.06569408
v -0.02634757 -0.07506333 0.06557762
v -0.02637954 -0.07526076 0.06557762
v -0.02630319 -0.07507054 0.06546908
v -0.02633518 -0.07526795 0.06546908
v -0.02623260 -0.07508197 0.06537588
v -0.02626457 -0.07527938 0.06537588
v -0.02614060 -0.07509687 0.06530437
v -0.02617257 -0.07529428 0.06530437
v -0.02603347 -0.07511421 0.06525943
v -0.02606544 -0.07531163 0.06525943
v -0.02371694 -0.07548941 0.06474974
v -0.02374892 -0.07568683 0.06474974
v -0.02360198 -0.07550802 0.06476509
v -0.02363395 -0.07570545 0.06476509
v -0.02349485 -0.07552539 0.06481003
v -0.02352681 -0.07572280 0.06481003
v -0.02340283 -0.07554029 0.06488154
v -0.02343482 -0.07573770 0.06488154
v -0.02333224 -0.07555171 0.06497474
v -0.02336422 -0.07574914 0.06497474
v -0.02328787 -0.07555889 0.06508329
v -0.02331984 -0.07575633 0.06508329
v -0.02327273 -0.07556135 0.06519974
v -0.02330471 -0.07575878 0.06519974
v -0.02328787 -0.07555889 0.06531621
v -0.02331984 -0.07575633 0.06531621
v -0.02333224 -0.07555171 0.06542475
v -0.02336422 -0.07574914 0.06542475
v -0.02340283 -0.07554029 0.06551794
v -0.02343482 -0.07573770 0.06551794
v -0.02349485 -0.07552539 0.06558945
v -0.02352681 -0.07572280 0.06558945
v -0.02360198 -0.07550802 0.06563441
v -0.02363395 -0.07570545 0.06563441
v -0.02371694 -0.07548941 0.06564975
v -0.02374892 -0.07568683 0.06564975
v -0.02383191 -0.07547078 0.06563441
v -0.02386389 -0.07566822 0.06563441
v -0.02393906 -0.07545343 0.06558945
v -0.02397102 -0.07565087 0.06558945
v -0.02403104 -0.07543853 0.06551794
v -0.02406303 -0.07563597 0.06551794
v -0.02410165 -0.07542710 0.06542475
v -0.02413362 -0.07562452 0.06542475
v -0.02414603 -0.07541991 0.06531621
v -0.02417799 -0.07561734 0.06531621
v -0.02416115 -0.07541745 0.06519974
v -0.02419313 -0.07561489 0.06519974
v -0.02414603 -0.07541991 0.06508329
v -0.02417799 -0.07561734 0.06508329
v -0.02410165 -0.07542710 0.06497474
v -0.02413362 -0.07562452 0.06497474
v -0.02403104 -0.07543853 0.06488154
v -0.02406303 -0.07563597 0.06488154
v -0.02393906 -0.07545343 0.06481003
v -0.02397102 -0.07565087 0.06481003
v -0.02383191 -0.07547078 0.06476509
v -0.02386389 -0.07566822 0.06476509
v -0.02224378 -0.07593061 0.06330871
v -0.02207913 -0.07646379 0.06347491
v -0.02228816 -0.07592343 0.06341724
v -0.02212131 -0.07645697 0.06356157
v -0.02235875 -0.07591199 0.06351044
v -0.02223719 -0.07643819 0.06371456
v -0.02245075 -0.07589708 0.06358195
v -0.02255788 -0.07587973 0.06275757
v -0.02241843 -0.07640884 0.06253984
v -0.02245075 -0.07589708 0.06280253
v -0.02238821 -0.07641373 0.06255253
v -0.02235875 -0.07591199 0.06287404
v -0.02223719 -0.07643819 0.06266992
v -0.02228816 -0.07592343 0.06296724
v -0.02212131 -0.07645697 0.06282290
v -0.02224378 -0.07593061 0.06307577
v -0.02204847 -0.07646876 0.06300106
v -0.02222864 -0.07593306 0.06319224
v -0.02202362 -0.07647278 0.06319224
v -0.02204847 -0.07646876 0.06338342
v -0.02238821 -0.07641373 0.06383195
v -0.02241843 -0.07640884 0.06384463
v -0.02255788 -0.07587973 0.06362691
v -0.02256407 -0.07638525 0.06390575
v -0.02267285 -0.07586112 0.06364224
v -0.02275279 -0.07635469 0.06393091
v -0.02278783 -0.07584249 0.06362691
v -0.02294153 -0.07632411 0.06390575
v -0.02289496 -0.07582514 0.06358195
v -0.02311738 -0.07629563 0.06383195
v -0.02298696 -0.07581024 0.06351044
v -0.02326840 -0.07627117 0.06371456
v -0.02305755 -0.07579882 0.06341724
v -0.02338428 -0.07625241 0.06356157
v -0.02310194 -0.07579162 0.06330871
v -0.02345713 -0.07624061 0.06338342
v -0.02311706 -0.07578917 0.06319224
v -0.02348196 -0.07623658 0.06319224
v -0.02310194 -0.07579162 0.06307577
v -0.02345713 -0.07624061 0.06300106
v -0.02305755 -0.07579882 0.06296724
v -0.02338428 -0.07625241 0.06282290
v -0.02298696 -0.07581024 0.06287404
v -0.02326840 -0.07627117 0.06266992
v -0.02289496 -0.07582514 0.06280253
v -0.02311738 -0.07629563 0.06255253
v -0.02278783 -0.07584249 0.06275757
v -0.02294153 -0.07632411 0.06247873
v -0.02267285 -0.07586112 0.06274224
v -0.02275279 -0.07635469 0.06245356
v -0.02256407 -0.07638525 0.06247873
v -0.02500038 -0.07548413 0.06322500
v -0.02483354 -0.07601767 0.06336934
v -0.02507098 -0.07547270 0.06331820
v -0.02494943 -0.07599890 0.06352232
v -0.02516297 -0.07545780 0.06338971
v -0.02510043 -0.07597444 0.06363971
v -0.02527011 -0.07544046 0.06343467
v -0.02527630 -0.07594596 0.06371350
v -0.02538508 -0.07542182 0.06345000
v -0.02546502 -0.07591540 0.06373867
v -0.02550005 -0.07540322 0.06343467
v -0.02565374 -0.07588483 0.06371350
v -0.02560718 -0.07538586 0.06338971
v -0.02582962 -0.07585636 0.06363971
v -0.02569919 -0.07537095 0.06331820
v -0.02598062 -0.07583189 0.06352232
v -0.02576978 -0.07535952 0.06322500
v -0.02609650 -0.07581312 0.06336934
v -0.02581415 -0.07535234 0.06311647
v -0.02616935 -0.07580133 0.06319118
v -0.02582929 -0.07534989 0.06300000
v -0.02619419 -0.07579730 0.06300000
v -0.02581415 -0.07535234 0.06288353
v -0.02616935 -0.07580133 0.06280882
v -0.02576978 -0.07535952 0.06277500
v -0.02609650 -0.07581312 0.06263066
v -0.02569919 -0.07537095 0.06268180
v -0.02598062 -0.07583189 0.06247768
v -0.02560718 -0.07538586 0.06261029
v -0.02500038 -0.07548413 0.06277500
v -0.02483062 -0.07601815 0.06263779
v -0.02495600 -0.07549134 0.06288353
v -0.02476070 -0.07602947 0.06280882
v -0.02494087 -0.07549378 0.06300000
v -0.02473585 -0.07603350 0.06300000
v -0.02495600 -0.07549134 0.06311647
v -0.02476070 -0.07602947 0.06319118
v -0.02483062 -0.07601815 0.06336220
v -0.02516297 -0.07545780 0.06261029
v -0.02510043 -0.07597444 0.06236029
v -0.02507098 -0.07547270 0.06268180
v -0.02494943 -0.07599890 0.06247768
v -0.02483354 -0.07601767 0.06263066
v -0.02582962 -0.07585636 0.06236029
v -0.02582283 -0.07585745 0.06235744
v -0.02550005 -0.07540322 0.06256533
v -0.02565374 -0.07588483 0.06228649
v -0.02538508 -0.07542182 0.06255000
v -0.02546502 -0.07591540 0.06226132
v -0.02527011 -0.07544046 0.06256533
v -0.02527630 -0.07594596 0.06228649
v -0.02510721 -0.07597335 0.06235744
v -0.02384718 -0.07567092 0.06127750
v -0.02418646 -0.07612248 0.06139113
v -0.02389155 -0.07566373 0.06116897
v -0.02424675 -0.07611271 0.06124369
v -0.02390670 -0.07566127 0.06105250
v -0.02427159 -0.07610869 0.06105250
v -0.02389155 -0.07566373 0.06093603
v -0.02424675 -0.07611271 0.06086132
v -0.02384718 -0.07567092 0.06082750
v -0.02417391 -0.07612451 0.06068317
v -0.02377659 -0.07568235 0.06073431
v -0.02405802 -0.07614328 0.06053018
v -0.02368459 -0.07569725 0.06066279
v -0.02368459 -0.07569725 0.06144221
v -0.02390701 -0.07616774 0.06169221
v -0.02377659 -0.07568235 0.06137070
v -0.02405802 -0.07614328 0.06157482
v -0.02417391 -0.07612451 0.06142184
v -0.02307778 -0.07579553 0.06127750
v -0.02291094 -0.07632907 0.06142184
v -0.02314838 -0.07578411 0.06137070
v -0.02302682 -0.07631031 0.06157482
v -0.02324037 -0.07576921 0.06144221
v -0.02317783 -0.07628585 0.06169221
v -0.02334751 -0.07575184 0.06148717
v -0.02335371 -0.07625736 0.06176601
v -0.02346248 -0.07573323 0.06150250
v -0.02354242 -0.07622679 0.06179118
v -0.02357745 -0.07571460 0.06148717
v -0.02373114 -0.07619622 0.06176601
v -0.02387678 -0.07617264 0.06170489
v -0.02390701 -0.07616774 0.06041279
v -0.02387678 -0.07617264 0.06040010
v -0.02357745 -0.07571460 0.06061783
v -0.02373114 -0.07619622 0.06033900
v -0.02346248 -0.07573323 0.06060250
v -0.02354242 -0.07622679 0.06031383
v -0.02334751 -0.07575184 0.06061783
v -0.02335371 -0.07625736 0.06033900
v -0.02324037 -0.07576921 0.06066279
v -0.02317783 -0.07628585 0.06041279
v -0.02314838 -0.07578411 0.06073431
v -0.02302682 -0.07631031 0.06053018
v -0.02307778 -0.07579553 0.06082750
v -0.02291094 -0.07632907 0.06068317
v -0.02303340 -0.07580271 0.06093603
v -0.02283810 -0.07634086 0.06086132
v -0.02301827 -0.07580517 0.06105250
v -0.02281325 -0.07634490 0.06105250
v -0.02303340 -0.07580271 0.06116897
v -0.02283810 -0.07634086 0.06124369
v -0.02289838 -0.07633110 0.06139113
v -0.02595933 -0.07532882 0.06002741
v -0.02628606 -0.07578242 0.05988307
v -0.02588873 -0.07534027 0.05993422
v -0.02617017 -0.07580120 0.05973009
v -0.02579673 -0.07535517 0.05986270
v -0.02601915 -0.07582566 0.05961270
v -0.02568960 -0.07537252 0.05981774
v -0.02584329 -0.07585414 0.05953891
v -0.02557464 -0.07539113 0.05980241
v -0.02518993 -0.07545344 0.06002741
v -0.02501053 -0.07598902 0.05991378
v -0.02514555 -0.07546062 0.06013594
v -0.02495024 -0.07599877 0.06006123
v -0.02513043 -0.07546308 0.06025241
v -0.02492540 -0.07600280 0.06025241
v -0.02514555 -0.07546062 0.06036888
v -0.02495024 -0.07599877 0.06044360
v -0.02518993 -0.07545344 0.06047741
v -0.02502309 -0.07598698 0.06062175
v -0.02526053 -0.07544200 0.06057061
v -0.02513897 -0.07596821 0.06077473
v -0.02535252 -0.07542710 0.06064213
v -0.02528998 -0.07594375 0.06089212
v -0.02545966 -0.07540975 0.06068708
v -0.02546586 -0.07591526 0.06096592
v -0.02557464 -0.07539113 0.06070241
v -0.02565457 -0.07588469 0.06099109
v -0.02568960 -0.07537252 0.06068708
v -0.02584329 -0.07585414 0.06096592
v -0.02579673 -0.07535517 0.06064213
v -0.02601915 -0.07582566 0.06089212
v -0.02588873 -0.07534027 0.06057061
v -0.02617017 -0.07580120 0.06077473
v -0.02595933 -0.07532882 0.06047741
v -0.02628606 -0.07578242 0.06062175
v -0.02600370 -0.07532164 0.06036888
v -0.02635890 -0.07577062 0.06044360
v -0.02601885 -0.07531919 0.06025241
v -0.02638374 -0.07576660 0.06025241
v -0.02600370 -0.07532164 0.06013594
v -0.02635890 -0.07577062 0.06006123
v -0.02629862 -0.07578039 0.05991378
v -0.02565457 -0.07588469 0.05951374
v -0.02555939 -0.07590011 0.05952006
v -0.02545966 -0.07540975 0.05981774
v -0.02546586 -0.07591526 0.05953891
v -0.02535252 -0.07542710 0.05986270
v -0.02528998 -0.07594375 0.05961270
v -0.02526053 -0.07544200 0.05993422
v -0.02513897 -0.07596821 0.05973009
v -0.02502309 -0.07598698 0.05988307
v -0.02800061 -0.07499821 0.06134234
v -0.02836550 -0.07544564 0.06134234
v -0.02798546 -0.07500067 0.06122587
v -0.02834066 -0.07544966 0.06115116
v -0.02794109 -0.07500785 0.06111734
v -0.02826782 -0.07546144 0.06097300
v -0.02787049 -0.07501928 0.06102414
v -0.02777850 -0.07503418 0.06173205
v -0.02806004 -0.07549510 0.06193610
v -0.02787049 -0.07501928 0.06166054
v -0.02815193 -0.07548021 0.06186466
v -0.02794109 -0.07500785 0.06156734
v -0.02826782 -0.07546144 0.06171168
v -0.02798546 -0.07500067 0.06145881
v -0.02834066 -0.07544966 0.06153352
v -0.02835916 -0.07544665 0.06139113
v -0.02733428 -0.07510613 0.06173205
v -0.02727174 -0.07562277 0.06198205
v -0.02744142 -0.07508879 0.06177701
v -0.02744762 -0.07559429 0.06205584
v -0.02755640 -0.07507015 0.06179234
v -0.02763633 -0.07556372 0.06208102
v -0.02767136 -0.07505153 0.06177701
v -0.02782505 -0.07553315 0.06205584
v -0.02800092 -0.07550467 0.06198205
v -0.02711219 -0.07514210 0.06134234
v -0.02691350 -0.07568080 0.06139113
v -0.02712731 -0.07513965 0.06145881
v -0.02693200 -0.07567781 0.06153352
v -0.02717169 -0.07513246 0.06156734
v -0.02700485 -0.07566600 0.06171168
v -0.02724230 -0.07512104 0.06166054
v -0.02712073 -0.07564723 0.06186466
v -0.02721262 -0.07563235 0.06193610
v -0.02815193 -0.07548021 0.06082002
v -0.02808022 -0.07549182 0.06075631
v -0.02777850 -0.07503418 0.06095263
v -0.02800092 -0.07550467 0.06070263
v -0.02767136 -0.07505153 0.06090767
v -0.02782505 -0.07553315 0.06062883
v -0.02755640 -0.07507015 0.06089234
v -0.02763633 -0.07556372 0.06060366
v -0.02744142 -0.07508879 0.06090767
v -0.02744762 -0.07559429 0.06062883
v -0.02733428 -0.07510613 0.06095263
v -0.02727174 -0.07562277 0.06070263
v -0.02724230 -0.07512104 0.06102414
v -0.02712073 -0.07564723 0.06082002
v -0.02717169 -0.07513246 0.06111734
v -0.02700485 -0.07566600 0.06097300
v -0.02712731 -0.07513965 0.06122587
v -0.02693200 -0.07567781 0.06115116
v -0.02690716 -0.07568183 0.06134234
v -0.02860958 -0.07540609 0.06411859
v -0.02864010 -0.07540116 0.06409487
v -0.02835865 -0.07494021 0.06389074
v -0.02848876 -0.07491915 0.06357254
v -0.02884742 -0.07536756 0.06347612
v -0.02847362 -0.07492160 0.06345607
v -0.02882881 -0.07537059 0.06338136
v -0.02842924 -0.07492878 0.06334754
v -0.02875597 -0.07538240 0.06320320
v -0.02835865 -0.07494021 0.06325434
v -0.02842924 -0.07492878 0.06379754
v -0.02875597 -0.07538240 0.06394188
v -0.02847362 -0.07492160 0.06368901
v -0.02882881 -0.07537059 0.06376372
v -0.02885367 -0.07536656 0.06357254
v -0.02773044 -0.07504196 0.06389074
v -0.02764259 -0.07556272 0.06412107
v -0.02782244 -0.07502706 0.06396225
v -0.02775990 -0.07554371 0.06421226
v -0.02792959 -0.07500971 0.06400721
v -0.02793577 -0.07551523 0.06428605
v -0.02804455 -0.07499108 0.06402254
v -0.02812450 -0.07548466 0.06431121
v -0.02815951 -0.07497248 0.06400721
v -0.02831321 -0.07545409 0.06428605
v -0.02826665 -0.07495512 0.06396225
v -0.02848908 -0.07542562 0.06421226
v -0.02860639 -0.07540660 0.06412107
v -0.02864010 -0.07540116 0.06305022
v -0.02860958 -0.07540609 0.06302650
v -0.02826665 -0.07495512 0.06318283
v -0.02848908 -0.07542562 0.06293283
v -0.02815951 -0.07497248 0.06313787
v -0.02831321 -0.07545409 0.06285903
v -0.02804455 -0.07499108 0.06312254
v -0.02812450 -0.07548466 0.06283386
v -0.02792959 -0.07500971 0.06313787
v -0.02793577 -0.07551523 0.06285903
v -0.02782244 -0.07502706 0.06318283
v -0.02775990 -0.07554371 0.06293283
v -0.02773044 -0.07504196 0.06325434
v -0.02760888 -0.07556816 0.06305022
v -0.02765985 -0.07505339 0.06334754
v -0.02749300 -0.07558694 0.06320320
v -0.02761548 -0.07506060 0.06345607
v -0.02742016 -0.07559873 0.06338136
v -0.02760033 -0.07506304 0.06357254
v -0.02739531 -0.07560276 0.06357254
v -0.02761548 -0.07506060 0.06368901
v -0.02742016 -0.07559873 0.06376372
v -0.02765985 -0.07505339 0.06379754
v -0.02749300 -0.07558694 0.06394188
v -0.02760888 -0.07556816 0.06409487
v -0.02626457 -0.07527938 0.06537588
v -0.02633518 -0.07526795 0.06546908
v -0.02666189 -0.07572155 0.06532474
v -0.02673473 -0.07570975 0.06550290
v -0.02637954 -0.07526076 0.06557762
v -0.02675959 -0.07570572 0.06569408
v -0.02639468 -0.07525831 0.06569408
v -0.02673473 -0.07570975 0.06588526
v -0.02637954 -0.07526076 0.06581055
v -0.02666189 -0.07572155 0.06606341
v -0.02633518 -0.07526795 0.06591909
v -0.02657166 -0.07573616 0.06618254
v -0.02626457 -0.07527938 0.06601229
v -0.02656935 -0.07573653 0.06618560
v -0.02606544 -0.07531163 0.06612876
v -0.02630945 -0.07577864 0.06637654
v -0.02617257 -0.07529428 0.06608380
v -0.02639501 -0.07576478 0.06633380
v -0.02654601 -0.07574032 0.06621640
v -0.02563636 -0.07538113 0.06601229
v -0.02551480 -0.07590734 0.06621640
v -0.02572836 -0.07536623 0.06608380
v -0.02566582 -0.07588288 0.06633380
v -0.02583551 -0.07534888 0.06612876
v -0.02584169 -0.07585440 0.06640760
v -0.02595047 -0.07533026 0.06614408
v -0.02603042 -0.07582382 0.06643277
v -0.02621913 -0.07579326 0.06640760
v -0.02657166 -0.07573616 0.06520562
v -0.02654601 -0.07574032 0.06517176
v -0.02617257 -0.07529428 0.06530437
v -0.02639501 -0.07576478 0.06505437
v -0.02606544 -0.07531163 0.06525943
v -0.02621913 -0.07579326 0.06498059
v -0.02595047 -0.07533026 0.06524408
v -0.02603042 -0.07582382 0.06495540
v -0.02583551 -0.07534888 0.06525943
v -0.02584169 -0.07585440 0.06498059
v -0.02572836 -0.07536623 0.06530437
v -0.02566582 -0.07588288 0.06505437
v -0.02563636 -0.07538113 0.06537588
v -0.02551480 -0.07590734 0.06517176
v -0.02556577 -0.07539257 0.06546908
v -0.02539893 -0.07592610 0.06532474
v -0.02552140 -0.07539975 0.06557762
v -0.02532608 -0.07593790 0.06550290
v -0.02550626 -0.07540220 0.06569408
v -0.02530125 -0.07594192 0.06569408
v -0.02552140 -0.07539975 0.06581055
v -0.02532608 -0.07593790 0.06588526
v -0.02556577 -0.07539257 0.06591909
v -0.02539893 -0.07592610 0.06606341
v -0.02549147 -0.07591111 0.06618560
v -0.02413362 -0.07562452 0.06497474
v -0.02441481 -0.07608551 0.06477030
v -0.02406303 -0.07563597 0.06488154
v -0.02434446 -0.07609690 0.06467742
v -0.02397102 -0.07565087 0.06481003
v -0.02419344 -0.07612136 0.06456003
v -0.02386389 -0.07566822 0.06476509
v -0.02401758 -0.07614984 0.06448624
v -0.02374892 -0.07568683 0.06474974
v -0.02413362 -0.07562452 0.06542475
v -0.02446034 -0.07607812 0.06556908
v -0.02417799 -0.07561734 0.06531621
v -0.02453318 -0.07606632 0.06539093
v -0.02419313 -0.07561489 0.06519974
v -0.02455803 -0.07606230 0.06519974
v -0.02417799 -0.07561734 0.06508329
v -0.02453318 -0.07606632 0.06500856
v -0.02446034 -0.07607812 0.06483040
v -0.02374892 -0.07568683 0.06564975
v -0.02387678 -0.07617264 0.06593203
v -0.02386389 -0.07566822 0.06563441
v -0.02401758 -0.07614984 0.06591326
v -0.02397102 -0.07565087 0.06558945
v -0.02419344 -0.07612136 0.06583945
v -0.02406303 -0.07563597 0.06551794
v -0.02434446 -0.07609690 0.06572206
v -0.02441481 -0.07608551 0.06562918
v -0.02352681 -0.07572280 0.06558945
v -0.02354981 -0.07622560 0.06588219
v -0.02363395 -0.07570545 0.06563441
v -0.02364013 -0.07621096 0.06591326
v -0.02382886 -0.07618040 0.06593843
v -0.02387678 -0.07617264 0.06446746
v -0.02382886 -0.07618040 0.06446106
v -0.02363395 -0.07570545 0.06476509
v -0.02364013 -0.07621096 0.06448624
v -0.02352681 -0.07572280 0.06481003
v -0.02346427 -0.07623944 0.06456003
v -0.02343482 -0.07573770 0.06488154
v -0.02331325 -0.07626390 0.06467742
v -0.02336422 -0.07574914 0.06497474
v -0.02319738 -0.07628267 0.06483040
v -0.02331984 -0.07575633 0.06508329
v -0.02312454 -0.07629447 0.06500856
v -0.02330471 -0.07575878 0.06519974
v -0.02309968 -0.07629850 0.06519974
v -0.02331984 -0.07575633 0.06531621
v -0.02312454 -0.07629447 0.06539093
v -0.02336422 -0.07574914 0.06542475
v -0.02319738 -0.07628267 0.06556908
v -0.02343482 -0.07573770 0.06551794
v -0.02331325 -0.07626390 0.06572206
v -0.02346427 -0.07623944 0.06583945
v -0.02871430 -0.07538912 0.06412101
v -0.02860958 -0.07540609 0.06412107
v -0.02860951 -0.07540610 0.06437731
v -0.02860948 -0.07540612 0.06162259
v -0.02860958 -0.07540609 0.06193610
v -0.02873769 -0.07538534 0.06193616
v -0.02241518 -0.07640937 0.06139123
v -0.02241843 -0.07640884 0.06139113
v -0.02241868 -0.07640880 0.06138269
v -0.02212777 -0.07645591 0.06209413
v -0.02209354 -0.07646146 0.06235750
v -0.02241843 -0.07640884 0.06235744
v -0.02241872 -0.07640879 0.06461742
v -0.02241843 -0.07640884 0.06438614
v -0.02232411 -0.07642412 0.06438607
v -0.02656935 -0.07573653 0.06618560
v -0.02657166 -0.07573616 0.06618560
v -0.02657166 -0.07573616 0.06618254
v -0.02860639 -0.07540660 0.06412107
v -0.02860958 -0.07540609 0.06411859
v -0.02848908 -0.07542562 0.06293283
v -0.02860958 -0.07540609 0.06302650
v -0.02860958 -0.07540609 0.06235744
v -0.02495024 -0.07599877 0.06006123
v -0.02501053 -0.07598902 0.05991378
v -0.02483062 -0.07601815 0.05991378
v -0.02628606 -0.07578242 0.05988307
v -0.02629862 -0.07578039 0.05991378
v -0.02657166 -0.07573616 0.05991378
v -0.02291094 -0.07632907 0.06142184
v -0.02289838 -0.07633110 0.06139113
v -0.02373114 -0.07619622 0.06033900
v -0.02387678 -0.07617264 0.06040010
v -0.02387678 -0.07617264 0.05991378
v -0.02256407 -0.07638525 0.06390575
v -0.02241843 -0.07640884 0.06384463
v -0.02241843 -0.07640884 0.06412107
v -0.02241843 -0.07640884 0.06253984
v -0.02238821 -0.07641373 0.06255253
v -0.02223719 -0.07643819 0.06266992
v -0.02212131 -0.07645697 0.06282290
v -0.02221574 -0.07644168 0.06412101
v -0.02238821 -0.07641373 0.06383195
v -0.02212777 -0.07645591 0.06390586
v -0.02204847 -0.07646876 0.06300106
v -0.02201004 -0.07647499 0.06300000
v -0.02202362 -0.07647278 0.06319224
v -0.02203960 -0.07647019 0.06345684
v -0.02204847 -0.07646876 0.06338342
v -0.02223719 -0.07643819 0.06371456
v -0.02212131 -0.07645697 0.06356157
v -0.02207913 -0.07646379 0.06347491
v -0.02256407 -0.07638525 0.06247873
v -0.02275279 -0.07635469 0.06245356
v -0.02387678 -0.07617264 0.06235744
v -0.02294153 -0.07632411 0.06247873
v -0.02311738 -0.07629563 0.06255253
v -0.02326840 -0.07627117 0.06266992
v -0.02338428 -0.07625241 0.06282290
v -0.02345713 -0.07624061 0.06300106
v -0.02326840 -0.07627117 0.06371456
v -0.02311738 -0.07629563 0.06383195
v -0.02387678 -0.07617264 0.06412107
v -0.02294153 -0.07632411 0.06390575
v -0.02275279 -0.07635469 0.06393091
v -0.02348196 -0.07623658 0.06319224
v -0.02345713 -0.07624061 0.06338342
v -0.02338428 -0.07625241 0.06356157
v -0.02483354 -0.07601767 0.06263066
v -0.02494943 -0.07599890 0.06247768
v -0.02483062 -0.07601815 0.06235744
v -0.02510043 -0.07597444 0.06236029
v -0.02441481 -0.07608551 0.06412107
v -0.02483062 -0.07601815 0.06412107
v -0.02483062 -0.07601815 0.06336220
v -0.02476070 -0.07602947 0.06319118
v -0.02473585 -0.07603350 0.06300000
v -0.02441481 -0.07608551 0.06235744
v -0.02476070 -0.07602947 0.06280882
v -0.02483062 -0.07601815 0.06263779
v -0.02527630 -0.07594596 0.06371350
v -0.02510043 -0.07597444 0.06363971
v -0.02657166 -0.07573616 0.06412107
v -0.02609650 -0.07581312 0.06336934
v -0.02598062 -0.07583189 0.06352232
v -0.02582962 -0.07585636 0.06363971
v -0.02565374 -0.07588483 0.06371350
v -0.02546502 -0.07591540 0.06373867
v -0.02494943 -0.07599890 0.06352232
v -0.02483354 -0.07601767 0.06336934
v -0.02598062 -0.07583189 0.06247768
v -0.02609650 -0.07581312 0.06263066
v -0.02657166 -0.07573616 0.06235744
v -0.02582962 -0.07585636 0.06236029
v -0.02616935 -0.07580133 0.06280882
v -0.02619419 -0.07579730 0.06300000
v -0.02616935 -0.07580133 0.06319118
v -0.02510721 -0.07597335 0.06235744
v -0.02527630 -0.07594596 0.06228649
v -0.02483062 -0.07601815 0.06193610
v -0.02546502 -0.07591540 0.06226132
v -0.02657166 -0.07573616 0.06193610
v -0.02565374 -0.07588483 0.06228649
v -0.02582283 -0.07585745 0.06235744
v -0.02317783 -0.07628585 0.06041279
v -0.02373753 -0.07619519 0.05996891
v -0.02302198 -0.07631108 0.06052513
v -0.02283810 -0.07634086 0.06086132
v -0.02291094 -0.07632907 0.06068317
v -0.02247292 -0.07640001 0.06125000
v -0.02302682 -0.07631031 0.06053018
v -0.02335371 -0.07625736 0.06033900
v -0.02354242 -0.07622679 0.06031383
v -0.02386828 -0.07617401 0.05991404
v -0.02283810 -0.07634086 0.06124369
v -0.02281325 -0.07634490 0.06105250
v -0.02387678 -0.07617264 0.06193610
v -0.02373114 -0.07619622 0.06176601
v -0.02354242 -0.07622679 0.06179118
v -0.02241843 -0.07640884 0.06193610
v -0.02335371 -0.07625736 0.06176601
v -0.02317783 -0.07628585 0.06169221
v -0.02302682 -0.07631031 0.06157482
v -0.02418646 -0.07612248 0.06139113
v -0.02417391 -0.07612451 0.06142184
v -0.02441481 -0.07608551 0.06193610
v -0.02405802 -0.07614328 0.06157482
v -0.02390701 -0.07616774 0.06169221
v -0.02387678 -0.07617264 0.06170489
v -0.02405802 -0.07614328 0.06053018
v -0.02417391 -0.07612451 0.06068317
v -0.02441481 -0.07608551 0.05991378
v -0.02424675 -0.07611271 0.06086132
v -0.02390701 -0.07616774 0.06041279
v -0.02427159 -0.07610869 0.06105250
v -0.02424675 -0.07611271 0.06124369
v -0.02441481 -0.07608551 0.06139113
v -0.02657159 -0.07573619 0.05970837
v -0.02635923 -0.07577056 0.05961926
v -0.02617017 -0.07580120 0.05973009
v -0.02502309 -0.07598698 0.05988307
v -0.02513897 -0.07596821 0.05973009
v -0.02483067 -0.07601815 0.05958460
v -0.02528998 -0.07594375 0.05961270
v -0.02546502 -0.07591540 0.05950000
v -0.02546586 -0.07591526 0.05953891
v -0.02555939 -0.07590011 0.05952006
v -0.02565457 -0.07588469 0.05951374
v -0.02591598 -0.07584236 0.05952994
v -0.02584329 -0.07585414 0.05953891
v -0.02601915 -0.07582566 0.05961270
v -0.02492540 -0.07600280 0.06025241
v -0.02657166 -0.07573616 0.06139113
v -0.02628606 -0.07578242 0.06062175
v -0.02617017 -0.07580120 0.06077473
v -0.02546586 -0.07591526 0.06096592
v -0.02528998 -0.07594375 0.06089212
v -0.02483062 -0.07601815 0.06139113
v -0.02635890 -0.07577062 0.06006123
v -0.02638374 -0.07576660 0.06025241
v -0.02635890 -0.07577062 0.06044360
v -0.02513897 -0.07596821 0.06077473
v -0.02502309 -0.07598698 0.06062175
v -0.02495024 -0.07599877 0.06044360
v -0.02601915 -0.07582566 0.06089212
v -0.02584329 -0.07585414 0.06096592
v -0.02565457 -0.07588469 0.06099109
v -0.02719252 -0.07563561 0.05996891
v -0.02744762 -0.07559429 0.06062883
v -0.02763633 -0.07556372 0.06060366
v -0.02700485 -0.07566600 0.06097300
v -0.02712073 -0.07564723 0.06082002
v -0.02683337 -0.07569377 0.05991378
v -0.02727174 -0.07562277 0.06070263
v -0.02790806 -0.07551972 0.06052513
v -0.02782505 -0.07553315 0.06062883
v -0.02800092 -0.07550467 0.06070263
v -0.02693200 -0.07567781 0.06115116
v -0.02683337 -0.07569377 0.06139113
v -0.02690716 -0.07568183 0.06134234
v -0.02808022 -0.07549182 0.06075631
v -0.02815193 -0.07548021 0.06082002
v -0.02820604 -0.07547145 0.06086933
v -0.02826782 -0.07546144 0.06097300
v -0.02845713 -0.07543078 0.06125000
v -0.02834066 -0.07544966 0.06115116
v -0.02851484 -0.07542144 0.06139117
v -0.02712073 -0.07564723 0.06186466
v -0.02700485 -0.07566600 0.06171168
v -0.02683337 -0.07569377 0.06193610
v -0.02693200 -0.07567781 0.06153352
v -0.02691350 -0.07568080 0.06139113
v -0.02683337 -0.07569377 0.06235744
v -0.02727174 -0.07562277 0.06198205
v -0.02721262 -0.07563235 0.06193610
v -0.02800092 -0.07550467 0.06198205
v -0.02806004 -0.07549510 0.06193610
v -0.02815193 -0.07548021 0.06186466
v -0.02782505 -0.07553315 0.06205584
v -0.02763633 -0.07556372 0.06208102
v -0.02744762 -0.07559429 0.06205584
v -0.02836550 -0.07544564 0.06134234
v -0.02835916 -0.07544665 0.06139113
v -0.02834066 -0.07544966 0.06153352
v -0.02826782 -0.07546144 0.06171168
v -0.02831321 -0.07545409 0.06285903
v -0.02749300 -0.07558694 0.06320320
v -0.02760888 -0.07556816 0.06305022
v -0.02683337 -0.07569377 0.06412107
v -0.02760888 -0.07556816 0.06409487
v -0.02749300 -0.07558694 0.06394188
v -0.02742016 -0.07559873 0.06376372
v -0.02739531 -0.07560276 0.06357254
v -0.02742016 -0.07559873 0.06338136
v -0.02775990 -0.07554371 0.06293283
v -0.02793577 -0.07551523 0.06285903
v -0.02812450 -0.07548466 0.06283386
v -0.02848908 -0.07542562 0.06421226
v -0.02860591 -0.07540669 0.06438611
v -0.02683337 -0.07569377 0.06438614
v -0.02775990 -0.07554371 0.06421226
v -0.02764259 -0.07556272 0.06412107
v -0.02831321 -0.07545409 0.06428605
v -0.02812450 -0.07548466 0.06431121
v -0.02793577 -0.07551523 0.06428605
v -0.02892000 -0.07535581 0.06300000
v -0.02883650 -0.07536934 0.06235748
v -0.02864010 -0.07540116 0.06305022
v -0.02864010 -0.07540116 0.06409487
v -0.02875597 -0.07538240 0.06394188
v -0.02880228 -0.07537488 0.06390586
v -0.02882881 -0.07537059 0.06376372
v -0.02889044 -0.07536061 0.06345684
v -0.02885367 -0.07536656 0.06357254
v -0.02875597 -0.07538240 0.06320320
v -0.02882881 -0.07537059 0.06338136
v -0.02884742 -0.07536756 0.06347612
v -0.02621913 -0.07579326 0.06498059
v -0.02639501 -0.07576478 0.06505437
v -0.02657166 -0.07573616 0.06438614
v -0.02654601 -0.07574032 0.06517176
v -0.02657166 -0.07573616 0.06520562
v -0.02539893 -0.07592610 0.06606341
v -0.02532608 -0.07593790 0.06588526
v -0.02483062 -0.07601815 0.06618560
v -0.02530125 -0.07594192 0.06569408
v -0.02532608 -0.07593790 0.06550290
v -0.02483062 -0.07601815 0.06438614
v -0.02539893 -0.07592610 0.06532474
v -0.02551480 -0.07590734 0.06517176
v -0.02566582 -0.07588288 0.06505437
v -0.02584169 -0.07585440 0.06498059
v -0.02603042 -0.07582382 0.06495540
v -0.02635923 -0.07577056 0.06638074
v -0.02657159 -0.07573619 0.06629164
v -0.02639501 -0.07576478 0.06633380
v -0.02654601 -0.07574032 0.06621640
v -0.02630945 -0.07577864 0.06637654
v -0.02621913 -0.07579326 0.06640760
v -0.02591598 -0.07584236 0.06647007
v -0.02603042 -0.07582382 0.06643277
v -0.02584169 -0.07585440 0.06640760
v -0.02546502 -0.07591540 0.06650000
v -0.02566582 -0.07588288 0.06633380
v -0.02483065 -0.07601815 0.06641540
v -0.02551480 -0.07590734 0.06621640
v -0.02549147 -0.07591111 0.06618560
v -0.02666189 -0.07572155 0.06606341
v -0.02666189 -0.07572155 0.06532474
v -0.02673473 -0.07570975 0.06550290
v -0.02675959 -0.07570572 0.06569408
v -0.02683333 -0.07569378 0.06618180
v -0.02673473 -0.07570975 0.06588526
v -0.02682456 -0.07569520 0.06618548
v -0.02346427 -0.07623944 0.06456003
v -0.02364013 -0.07621096 0.06448624
v -0.02364013 -0.07621096 0.06591326
v -0.02373753 -0.07619519 0.06603109
v -0.02382886 -0.07618040 0.06593843
v -0.02387682 -0.07617263 0.06608954
v -0.02387678 -0.07617264 0.06593203
v -0.02354981 -0.07622560 0.06588219
v -0.02346427 -0.07623944 0.06583945
v -0.02336176 -0.07625605 0.06577674
v -0.02331325 -0.07626390 0.06572206
v -0.02302198 -0.07631108 0.06547488
v -0.02319738 -0.07628267 0.06556908
v -0.02312454 -0.07629447 0.06539093
v -0.02247292 -0.07640001 0.06475000
v -0.02387678 -0.07617264 0.06438614
v -0.02309968 -0.07629850 0.06519974
v -0.02312454 -0.07629447 0.06500856
v -0.02319738 -0.07628267 0.06483040
v -0.02331325 -0.07626390 0.06467742
v -0.02441481 -0.07608551 0.06618560
v -0.02434446 -0.07609690 0.06572206
v -0.02419344 -0.07612136 0.06583945
v -0.02401758 -0.07614984 0.06591326
v -0.02410544 -0.07613560 0.06618547
v -0.02453318 -0.07606632 0.06500856
v -0.02455803 -0.07606230 0.06519974
v -0.02453318 -0.07606632 0.06539093
v -0.02446034 -0.07607812 0.06556908
v -0.02441481 -0.07608551 0.06562918
v -0.02419344 -0.07612136 0.06456003
v -0.02434446 -0.07609690 0.06467742
v -0.02441481 -0.07608551 0.06438614
v -0.02441481 -0.07608551 0.06477030
v -0.02446034 -0.07607812 0.06483040
v -0.02382886 -0.07618040 0.06446106
v -0.02387678 -0.07617264 0.06446746
v -0.02401758 -0.07614984 0.06448624
v -0.02719252 -0.07563561 0.06603109
v -0.02719569 -0.07563510 0.06602923
v -0.02714992 -0.07564250 0.06595151
v -0.02708784 -0.07565256 0.06584610
v -0.02702149 -0.07566330 0.06562229
v -0.02714338 -0.07564356 0.06499716
v -0.02727287 -0.07562259 0.06483142
v -0.02807090 -0.07549333 0.06457985
v -0.02818153 -0.07547542 0.06461479
v -0.02709346 -0.07565164 0.06510669
v -0.02735902 -0.07560864 0.06476342
v -0.02744783 -0.07559426 0.06469332
v -0.02754488 -0.07557853 0.06465068
v -0.02827628 -0.07546007 0.06464473
v -0.02837862 -0.07544350 0.06470674
v -0.02845713 -0.07543078 0.06475000
v -0.02845528 -0.07543109 0.06475322
v -0.02765991 -0.07555992 0.06460015
v -0.02784955 -0.07552919 0.06456681
v -0.02796850 -0.07550992 0.06457383
v -0.02701741 -0.07566397 0.06553624
v -0.02701167 -0.07566490 0.06541561
v -0.02705323 -0.07565816 0.06519493
v -0.02441487 -0.07608549 0.06631531
v -0.02457081 -0.07606023 0.06638074
v -0.02219231 -0.07644546 0.06193627
v -0.02387689 -0.07617263 0.05991043
v -0.02441499 -0.07608547 0.05968464
v -0.02457081 -0.07606023 0.05961926
v -0.02706184 -0.07565676 0.05991408
v -0.02683327 -0.07569379 0.05981817
v -0.02880228 -0.07537488 0.06209413
v -0.02841613 -0.07529004 0.06498992
v -0.02840560 -0.07527735 0.06498976
v -0.02843573 -0.07524896 0.06502500
v -0.02842621 -0.07510875 0.06506211
v -0.02843116 -0.07508916 0.06507013
v -0.02846361 -0.07510922 0.06509289
v -0.02868112 -0.07510163 0.06511095
v -0.02870172 -0.07510093 0.06509841
v -0.02868416 -0.07516645 0.06507437
v -0.02868260 -0.07528487 0.06494429
v -0.02864996 -0.07531949 0.06491346
v -0.02862407 -0.07532834 0.06494427
v -0.02857296 -0.07536861 0.06490921
v -0.02853384 -0.07536307 0.06493991
v -0.02856925 -0.07534783 0.06495170
v -0.02851046 -0.07535411 0.06495401
v -0.02860825 -0.07536374 0.06487410
v -0.02857973 -0.07536767 0.06490246
v -0.02860890 -0.07536305 0.06487471
v -0.02860278 -0.07534948 0.06492392
v -0.02862911 -0.07534162 0.06489379
v -0.02863080 -0.07519419 0.06508342
v -0.02867260 -0.07519729 0.06506025
v -0.02861801 -0.07522244 0.06506814
v -0.02865931 -0.07522670 0.06504487
v -0.02860364 -0.07524913 0.06505170
v -0.02864435 -0.07525455 0.06502829
v -0.02858775 -0.07527416 0.06503416
v -0.02862779 -0.07528070 0.06501060
v -0.02857041 -0.07529740 0.06501564
v -0.02860969 -0.07530506 0.06499189
v -0.02855171 -0.07531874 0.06499618
v -0.02870751 -0.07519475 0.06503119
v -0.02869412 -0.07522476 0.06501606
v -0.02867901 -0.07525326 0.06499971
v -0.02866224 -0.07528010 0.06498225
v -0.02868910 -0.07527284 0.06495112
v -0.02864391 -0.07530517 0.06496376
v -0.02859016 -0.07532746 0.06497222
v -0.02853172 -0.07533806 0.06497589
v -0.02849312 -0.07534745 0.06496447
v -0.02859502 -0.07496885 0.06516444
v -0.02862042 -0.07496737 0.06516279
v -0.02861936 -0.07503392 0.06515198
v -0.02864423 -0.07503427 0.06514704
v -0.02863519 -0.07509992 0.06512938
v -0.02865882 -0.07510131 0.06512139
v -0.02864190 -0.07516448 0.06509745
v -0.02866380 -0.07516614 0.06508687
v -0.02870265 -0.07516546 0.06506029
v -0.02872032 -0.07509933 0.06508419
v -0.02871912 -0.07516336 0.06504505
v -0.02873674 -0.07509691 0.06506868
v -0.02876552 -0.07507856 0.06503887
v -0.02874646 -0.07502654 0.06508628
v -0.02873009 -0.07502913 0.06510202
v -0.02871146 -0.07503128 0.06511639
v -0.02869071 -0.07503290 0.06512894
v -0.02866818 -0.07503392 0.06513929
v -0.02874777 -0.07495333 0.06509726
v -0.02873143 -0.07495600 0.06511316
v -0.02871279 -0.07495861 0.06512762
v -0.02869203 -0.07496112 0.06514020
v -0.02866942 -0.07496344 0.06515047
v -0.02864539 -0.07496556 0.06515808
v -0.02877392 -0.07496089 0.06506160
v -0.02876977 -0.07501982 0.06505027
v -0.02876569 -0.07507789 0.06503911
v -0.02844274 -0.07504332 0.06508889
v -0.02844439 -0.07501099 0.06509571
v -0.02847971 -0.07501919 0.06512302
v -0.02844639 -0.07497187 0.06510392
v -0.02856978 -0.07497000 0.06516304
v -0.02859409 -0.07503289 0.06515394
v -0.02861072 -0.07509748 0.06513468
v -0.02861883 -0.07516144 0.06510576
v -0.02847554 -0.07492128 0.06513290
v -0.02848420 -0.07491989 0.06513964
v -0.02852130 -0.07502604 0.06514258
v -0.02852186 -0.07497113 0.06515171
v -0.02856898 -0.07503118 0.06515294
v -0.02858592 -0.07509403 0.06513716
v -0.02859502 -0.07515702 0.06511158
v -0.02838420 -0.07525151 0.06498941
v -0.02837940 -0.07524340 0.06498757
v -0.02842910 -0.07518581 0.06504682
v -0.02835919 -0.07520922 0.06497990
v -0.02839827 -0.07516468 0.06502559
v -0.02843737 -0.07530876 0.06498506
v -0.02847156 -0.07527799 0.06502359
v -0.02845312 -0.07532264 0.06498146
v -0.02849259 -0.07532002 0.06499427
v -0.02847312 -0.07533505 0.06497296
v -0.02850186 -0.07523941 0.06505796
v -0.02857283 -0.07521154 0.06508329
v -0.02855946 -0.07523664 0.06506739
v -0.02852725 -0.07519464 0.06508869
v -0.02846253 -0.07521387 0.06505638
v -0.02854468 -0.07526012 0.06505047
v -0.02852857 -0.07528192 0.06503258
v -0.02851119 -0.07530191 0.06501382
v -0.02848489 -0.07517328 0.06508435
v -0.02850243 -0.07512794 0.06510839
v -0.02854724 -0.07514443 0.06511516
v -0.02876583 -0.07487427 0.06506657
v -0.02877272 -0.07494810 0.06506234
v -0.02877363 -0.07495783 0.06506176
v -0.02874415 -0.07515539 0.06501124
v -0.02871967 -0.07521628 0.06498331
v -0.02873361 -0.07519052 0.06499797
v -0.02873523 -0.07518749 0.06499971
v -0.02851659 -0.07491464 0.06515339
v -0.02853359 -0.07491188 0.06516061
v -0.02856353 -0.07490705 0.06516482
v -0.02858662 -0.07490329 0.06516806
v -0.02861320 -0.07489899 0.06516478
v -0.02863978 -0.07489469 0.06516151
v -0.02866144 -0.07489118 0.06515274
v -0.02868951 -0.07488663 0.06514138
v -0.02870430 -0.07488423 0.06513024
v -0.02873248 -0.07487967 0.06510900
v -0.02873929 -0.07487857 0.06510034
v -0.02858470 -0.07518497 0.06509803
v -0.02857100 -0.07515130 0.06511473
v -0.02856131 -0.07508964 0.06513678
v -0.02851470 -0.07507859 0.06512797
v -0.02844176 -0.07492676 0.06510656
v -0.02874415 -0.07515539 0.06501124
v -0.02876552 -0.07507856 0.06503887
v -0.02880056 -0.07507293 0.06497876
v -0.02880463 -0.07486799 0.06500000
v -0.02915552 -0.07481115 0.06414183
v -0.02919908 -0.07480410 0.06403527
v -0.02920574 -0.07488787 0.06403345
v -0.02739690 -0.07543133 0.06632595
v -0.02735540 -0.07551699 0.06625923
v -0.02732732 -0.07550679 0.06629726
v -0.02728088 -0.07559426 0.06615214
v -0.02725009 -0.07561666 0.06610852
v -0.02723272 -0.07562194 0.06610363
v -0.02734234 -0.07553289 0.06624031
v -0.02730880 -0.07557365 0.06619178
v -0.02728525 -0.07557756 0.06620575
v -0.02730827 -0.07557429 0.06619101
v -0.02742582 -0.07532459 0.06638121
v -0.02741436 -0.07536999 0.06635873
v -0.02735636 -0.07541389 0.06637265
v -0.02740555 -0.07540487 0.06634146
v -0.02740102 -0.07542285 0.06633255
v -0.02743126 -0.07516472 0.06641819
v -0.02743211 -0.07517481 0.06641729
v -0.02736927 -0.07518531 0.06645800
v -0.02743479 -0.07520652 0.06641442
v -0.02743256 -0.07523593 0.06640615
v -0.02742729 -0.07530532 0.06638665
v -0.02737063 -0.07530452 0.06642733
v -0.02742506 -0.07509143 0.06642482
v -0.02735935 -0.07510208 0.06646411
v -0.02651222 -0.07523928 0.06681958
v -0.02641862 -0.07533927 0.06685688
v -0.02640704 -0.07525630 0.06686370
v -0.02553574 -0.07539743 0.06697991
v -0.02539847 -0.07550450 0.06699295
v -0.02538508 -0.07542182 0.06700000
v -0.02455162 -0.07555683 0.06688885
v -0.02437833 -0.07566974 0.06685688
v -0.02436312 -0.07558735 0.06686370
v -0.02362175 -0.07570743 0.06655262
v -0.02342769 -0.07582370 0.06645800
v -0.02341081 -0.07574160 0.06646411
v -0.02280450 -0.07583979 0.06599282
v -0.02261136 -0.07595592 0.06582344
v -0.02259304 -0.07587404 0.06582843
v -0.02215108 -0.07594564 0.06524496
v -0.02198497 -0.07605738 0.06499647
v -0.02196554 -0.07597567 0.06500000
v -0.02170236 -0.07601831 0.06435634
v -0.02159120 -0.07612115 0.06403345
v -0.02157108 -0.07603956 0.06403527
v -0.02148631 -0.07605329 0.06338300
v -0.02145690 -0.07614290 0.06300000
v -0.02143653 -0.07606137 0.06300000
v -0.02151630 -0.07604843 0.06238618
v -0.02159120 -0.07612115 0.06196655
v -0.02157108 -0.07603956 0.06196472
v -0.02179030 -0.07600406 0.06142858
v -0.02198497 -0.07605738 0.06100353
v -0.02196554 -0.07597567 0.06100000
v -0.02229096 -0.07592298 0.06057039
v -0.02261136 -0.07595592 0.06017657
v -0.02259304 -0.07587404 0.06017157
v -0.02298673 -0.07581027 0.05986555
v -0.02342769 -0.07582370 0.05954201
v -0.02341081 -0.07574160 0.05953590
v -0.02383387 -0.07567308 0.05935837
v -0.02437833 -0.07566974 0.05914312
v -0.02436312 -0.07558735 0.05913630
v -0.02477915 -0.07551998 0.05908081
v -0.02539847 -0.07550450 0.05900706
v -0.02538508 -0.07542182 0.05900000
v -0.02576315 -0.07536061 0.05905042
v -0.02641862 -0.07533927 0.05914312
v -0.02640704 -0.07525630 0.05913630
v -0.02672398 -0.07520498 0.05926929
v -0.02736927 -0.07518531 0.05954201
v -0.02735935 -0.07510208 0.05953590
v -0.02760116 -0.07506291 0.05972386
v -0.02818558 -0.07505310 0.06017657
v -0.02817712 -0.07496961 0.06017157
v -0.02833938 -0.07494334 0.06038579
v -0.02881197 -0.07495164 0.06100353
v -0.02880463 -0.07486799 0.06100000
v -0.02920574 -0.07488787 0.06196655
v -0.02919908 -0.07480410 0.06196472
v -0.02889200 -0.07485383 0.06121369
v -0.02934004 -0.07486611 0.06300000
v -0.02931379 -0.07478552 0.06315262
v -0.02933362 -0.07478231 0.06300000
v -0.02922390 -0.07480007 0.06215568
v -0.02881197 -0.07495164 0.06499647
v -0.02876347 -0.07518599 0.06494720
v -0.02873523 -0.07518749 0.06499971
v -0.02864996 -0.07531949 0.06491346
v -0.02870298 -0.07528398 0.06490367
v -0.02868260 -0.07528487 0.06494429
v -0.02868910 -0.07527284 0.06495112
v -0.02855139 -0.07540007 0.06482534
v -0.02857275 -0.07538643 0.06484365
v -0.02862273 -0.07536094 0.06485083
v -0.02852759 -0.07541222 0.06479187
v -0.02849557 -0.07541809 0.06478345
v -0.02852064 -0.07540999 0.06480226
v -0.02871430 -0.07538912 0.06412101
v -0.02888101 -0.07535498 0.06392755
v -0.02860951 -0.07540610 0.06437731
v -0.02860591 -0.07540669 0.06438611
v -0.02900154 -0.07533545 0.06300000
v -0.02883650 -0.07536934 0.06235748
v -0.02888101 -0.07535498 0.06207246
v -0.02851484 -0.07542144 0.06139117
v -0.02852759 -0.07541222 0.06120812
v -0.02860948 -0.07540612 0.06162259
v -0.02873769 -0.07538534 0.06193616
v -0.02796539 -0.07550328 0.06046590
v -0.02723272 -0.07562194 0.05989638
v -0.02657159 -0.07573619 0.05970837
v -0.02637950 -0.07576013 0.05953836
v -0.02683327 -0.07569379 0.05981817
v -0.02706184 -0.07565676 0.05991408
v -0.02546389 -0.07590843 0.05941624
v -0.02483067 -0.07601815 0.05958460
v -0.02454829 -0.07605672 0.05953836
v -0.02369507 -0.07619493 0.05989638
v -0.02387689 -0.07617263 0.05991043
v -0.02441499 -0.07608547 0.05968464
v -0.02241868 -0.07640880 0.06138269
v -0.02240019 -0.07640464 0.06120812
v -0.02296240 -0.07631359 0.06046590
v -0.02386828 -0.07617401 0.05991404
v -0.02204678 -0.07646189 0.06207246
v -0.02219231 -0.07644546 0.06193627
v -0.02241518 -0.07640937 0.06139123
v -0.02192625 -0.07648139 0.06300000
v -0.02209354 -0.07646146 0.06235750
v -0.02221574 -0.07644168 0.06412101
v -0.02204678 -0.07646189 0.06392755
v -0.02232411 -0.07642412 0.06438607
v -0.02240019 -0.07640464 0.06479187
v -0.02241872 -0.07640879 0.06461742
v -0.02296240 -0.07631359 0.06553411
v -0.02369507 -0.07619493 0.06610363
v -0.02441487 -0.07608549 0.06631531
v -0.02454829 -0.07605672 0.06646164
v -0.02410544 -0.07613560 0.06618547
v -0.02387682 -0.07617263 0.06608954
v -0.02483065 -0.07601815 0.06641540
v -0.02546389 -0.07590843 0.06658377
v -0.02637950 -0.07576013 0.06646164
v -0.02683333 -0.07569378 0.06618180
v -0.02682456 -0.07569520 0.06618548
v -0.02657159 -0.07573619 0.06629164
v -0.02722484 -0.07562522 0.06607170
v -0.02724260 -0.07561920 0.06609759
v -0.02642844 -0.07545713 0.06682268
v -0.02541732 -0.07562089 0.06695755
v -0.02440621 -0.07578466 0.06682268
v -0.02346401 -0.07593727 0.06642733
v -0.02265492 -0.07606832 0.06579840
v -0.02203409 -0.07616886 0.06497876
v -0.02164381 -0.07623207 0.06402430
v -0.02151070 -0.07625363 0.06300000
v -0.02164381 -0.07623207 0.06197571
v -0.02203409 -0.07616886 0.06102124
v -0.02265492 -0.07606832 0.06020160
v -0.02346401 -0.07593727 0.05957268
v -0.02440621 -0.07578466 0.05917732
v -0.02541732 -0.07562089 0.05904247
v -0.02642844 -0.07545713 0.05917732
v -0.02737063 -0.07530452 0.05957268
v -0.02817972 -0.07517349 0.06020160
v -0.02880056 -0.07507293 0.06102124
v -0.02919083 -0.07500972 0.06197571
v -0.02932394 -0.07498816 0.06300000
v -0.02919083 -0.07500972 0.06402430
v -0.02642919 -0.07556407 0.06676169
v -0.02543422 -0.07572521 0.06689439
v -0.02443924 -0.07588636 0.06676169
v -0.02351207 -0.07603654 0.06637265
v -0.02271590 -0.07616548 0.06575376
v -0.02210496 -0.07626445 0.06494720
v -0.02172092 -0.07632664 0.06400795
v -0.02158992 -0.07634785 0.06300000
v -0.02172092 -0.07632664 0.06199206
v -0.02210496 -0.07626445 0.06105281
v -0.02271590 -0.07616548 0.06024625
v -0.02351207 -0.07603654 0.05962736
v -0.02443924 -0.07588636 0.05923831
v -0.02543422 -0.07572521 0.05910561
v -0.02642919 -0.07556407 0.05923831
v -0.02735636 -0.07541389 0.05962736
v -0.02815254 -0.07528495 0.06024625
v -0.02876347 -0.07518599 0.06105281
v -0.02914752 -0.07512379 0.06199206
v -0.02927851 -0.07510258 0.06300000
v -0.02914752 -0.07512379 0.06400795
v -0.02642087 -0.07565361 0.06667762
v -0.02544813 -0.07581114 0.06680735
v -0.02447541 -0.07596869 0.06667762
v -0.02356896 -0.07611550 0.06629726
v -0.02279057 -0.07624158 0.06569220
v -0.02219330 -0.07633831 0.06490367
v -0.02181783 -0.07639913 0.06398542
v -0.02168977 -0.07641987 0.06300000
v -0.02181783 -0.07639913 0.06201459
v -0.02219330 -0.07633831 0.06109633
v -0.02279057 -0.07624158 0.06030780
v -0.02356896 -0.07611550 0.05970275
v -0.02447541 -0.07596869 0.05932239
v -0.02544813 -0.07581114 0.05919266
v -0.02642087 -0.07565361 0.05932239
v -0.02732732 -0.07550679 0.05970275
v -0.02810570 -0.07538072 0.06030780
v -0.02870298 -0.07528398 0.06109633
v -0.02907843 -0.07522316 0.06201459
v -0.02920650 -0.07520243 0.06300000
v -0.02907843 -0.07522316 0.06398542
v -0.02640396 -0.07572030 0.06657553
v -0.02545823 -0.07587348 0.06670166
v -0.02451249 -0.07602665 0.06657553
v -0.02363121 -0.07616939 0.06620575
v -0.02287443 -0.07629196 0.06561747
v -0.02229374 -0.07638600 0.06485083
v -0.02192870 -0.07644513 0.06395806
v -0.02180419 -0.07646530 0.06300000
v -0.02192870 -0.07644513 0.06204194
v -0.02229374 -0.07638600 0.06114917
v -0.02287443 -0.07629196 0.06038253
v -0.02363121 -0.07616939 0.05979427
v -0.02451249 -0.07602665 0.05942447
v -0.02545823 -0.07587348 0.05929834
v -0.02640396 -0.07572030 0.05942447
v -0.02728525 -0.07557756 0.05979427
v -0.02804203 -0.07545499 0.06038253
v -0.02862273 -0.07536094 0.06114917
v -0.02898777 -0.07530181 0.06204194
v -0.02911228 -0.07528165 0.06300000
v -0.02898777 -0.07530181 0.06395806
v -0.02751756 -0.07530316 0.06622448
v -0.02752365 -0.07527297 0.06623620
v -0.02752491 -0.07526531 0.06621225
v -0.02752809 -0.07524177 0.06624633
v -0.02753083 -0.07520970 0.06625479
v -0.02753197 -0.07520440 0.06623001
v -0.02752832 -0.07510962 0.06626940
v -0.02752202 -0.07507572 0.06627019
v -0.02752507 -0.07507524 0.06624491
v -0.02743211 -0.07517481 0.06641729
v -0.02743126 -0.07516472 0.06641819
v -0.02746735 -0.07516035 0.06639437
v -0.02745582 -0.07533625 0.06634761
v -0.02746160 -0.07530281 0.06636071
v -0.02749071 -0.07529644 0.06632550
v -0.02752044 -0.07518469 0.06631018
v -0.02751955 -0.07521940 0.06630300
v -0.02749763 -0.07522731 0.06634613
v -0.02749419 -0.07511824 0.06636232
v -0.02748790 -0.07508126 0.06636248
v -0.02749890 -0.07507946 0.06634749
v -0.02746695 -0.07508464 0.06639102
v -0.02746419 -0.07512329 0.06639769
v -0.02751657 -0.07511354 0.06631861
v -0.02751947 -0.07514936 0.06631543
v -0.02749725 -0.07515512 0.06635900
v -0.02749839 -0.07519152 0.06635358
v -0.02746862 -0.07519699 0.06638893
v -0.02746805 -0.07523302 0.06638147
v -0.02751235 -0.07528636 0.06628308
v -0.02750617 -0.07531833 0.06627053
v -0.02748465 -0.07532949 0.06631247
v -0.02750989 -0.07533222 0.06621126
v -0.02750547 -0.07534119 0.06623407
v -0.02749506 -0.07526232 0.06633675
v -0.02751683 -0.07525334 0.06629393
v -0.02746570 -0.07526834 0.06637204
v -0.02742729 -0.07530532 0.06638665
v -0.02751878 -0.07507625 0.06629711
v -0.02745676 -0.07542098 0.06626366
v -0.02747694 -0.07536136 0.06629776
v -0.02746839 -0.07541455 0.06624415
v -0.02748872 -0.07535588 0.06627772
v -0.02747801 -0.07540660 0.06622357
v -0.02749835 -0.07534912 0.06625637
v -0.02748530 -0.07539718 0.06620227
v -0.02739912 -0.07552021 0.06617916
v -0.02743066 -0.07547426 0.06622388
v -0.02741059 -0.07551197 0.06616114
v -0.02744219 -0.07546691 0.06620504
v -0.02742041 -0.07550180 0.06614260
v -0.02745187 -0.07545780 0.06618541
v -0.02742833 -0.07548983 0.06612384
v -0.02745942 -0.07544702 0.06616529
v -0.02743413 -0.07547621 0.06610527
v -0.02746463 -0.07543476 0.06614511
v -0.02746764 -0.07540663 0.06610612
v -0.02742889 -0.07542918 0.06629832
v -0.02740345 -0.07548364 0.06625799
v -0.02741341 -0.07543109 0.06631311
v -0.02738846 -0.07548581 0.06627291
v -0.02746336 -0.07536557 0.06631618
v -0.02744841 -0.07536856 0.06633277
v -0.02744346 -0.07542584 0.06628179
v -0.02741762 -0.07547982 0.06624160
v -0.02738633 -0.07552648 0.06619635
v -0.02737253 -0.07553087 0.06621250
v -0.02735805 -0.07553345 0.06622741
v -0.02749007 -0.07538646 0.06618067
v -0.02751148 -0.07532238 0.06618844
v -0.02749156 -0.07536197 0.06613837
v -0.02746233 -0.07521963 0.06607281
v -0.02745421 -0.07524710 0.06606041
v -0.02748052 -0.07526805 0.06608911
v -0.02744608 -0.07527459 0.06604798
v -0.02744629 -0.07534476 0.06604280
v -0.02742467 -0.07531438 0.06602050
v -0.02741641 -0.07532975 0.06600988
v -0.02739546 -0.07540274 0.06598433
v -0.02739867 -0.07541114 0.06598778
v -0.02746103 -0.07537581 0.06607135
v -0.02743487 -0.07541094 0.06603920
v -0.02743896 -0.07544509 0.06606996
v -0.02740365 -0.07543962 0.06600477
v -0.02740609 -0.07545363 0.06601313
v -0.02740382 -0.07549259 0.06604444
v -0.02739789 -0.07550920 0.06606219
v -0.02748279 -0.07533522 0.06609993
v -0.02746455 -0.07508503 0.06609651
v -0.02746945 -0.07515460 0.06609024
v -0.02749635 -0.07517808 0.06611927
v -0.02752525 -0.07507521 0.06624327
v -0.02753038 -0.07513803 0.06621601
v -0.02751791 -0.07507640 0.06618954
v -0.02751815 -0.07513343 0.06616851
v -0.02751078 -0.07507754 0.06617231
v -0.02749720 -0.07507975 0.06613951
v -0.02753182 -0.07517689 0.06626152
v -0.02753100 -0.07514348 0.06626641
v -0.02753223 -0.07514067 0.06624111
v -0.02753007 -0.07519897 0.06620550
v -0.02751782 -0.07518815 0.06615924
v -0.02749054 -0.07508082 0.06613073
v -0.02751157 -0.07524058 0.06614440
v -0.02752322 -0.07525724 0.06618866
v -0.02751023 -0.07531188 0.06616610
v -0.02749977 -0.07528987 0.06612445
v -0.02739690 -0.07543133 0.06632595
v -0.02740102 -0.07542285 0.06633255
v -0.02741436 -0.07536999 0.06635873
v -0.02739198 -0.07552581 0.06607994
v -0.02738315 -0.07553668 0.06609600
v -0.02737125 -0.07555137 0.06611764
v -0.02736188 -0.07555680 0.06613008
v -0.02734281 -0.07556784 0.06615538
v -0.02733618 -0.07556908 0.06616222
v -0.02732196 -0.07557174 0.06617691
v -0.02738199 -0.07536750 0.06596985
v -0.02735850 -0.07555664 0.06606383
v -0.02733605 -0.07557810 0.06609542
v -0.02732196 -0.07557174 0.06617691
v -0.02730962 -0.07559143 0.06612575
v -0.02733255 -0.07557115 0.06603035
v -0.02730640 -0.07558121 0.06599549
v -0.02728153 -0.07560462 0.06602135
v -0.02725374 -0.07562001 0.06604741
v -0.02730897 -0.07559372 0.06605912
v -0.02728196 -0.07560817 0.06608737
v -0.02732650 -0.07540116 0.06590130
v -0.02732980 -0.07543627 0.06590313
v -0.02733169 -0.07540013 0.06590810
v -0.02732958 -0.07543928 0.06590365
v -0.02734371 -0.07539485 0.06592330
v -0.02736334 -0.07542761 0.06594570
v -0.02735630 -0.07538935 0.06593920
v -0.02735476 -0.07539002 0.06593727
v -0.02736616 -0.07546681 0.06595955
v -0.02722275 -0.07562770 0.06600780
v -0.02722490 -0.07562646 0.06600602
v -0.02725914 -0.07560675 0.06597763
v -0.02728088 -0.07559426 0.06615214
v -0.02732608 -0.07548703 0.06591217
v -0.02736211 -0.07550556 0.06597890
v -0.02731241 -0.07553421 0.06592832
v -0.02735072 -0.07554117 0.06600299
v -0.02730103 -0.07555458 0.06593946
v -0.02728965 -0.07557495 0.06595060
v -0.02727940 -0.07558561 0.06595967
v -0.02830383 -0.07528148 0.06491671
v -0.02831970 -0.07532611 0.06490561
v -0.02826161 -0.07533551 0.06486490
v -0.02835665 -0.07538362 0.06487008
v -0.02837057 -0.07539987 0.06485559
v -0.02830737 -0.07541011 0.06481131
v -0.02838096 -0.07540721 0.06484378
v -0.02840151 -0.07542173 0.06482039
v -0.02833471 -0.07543254 0.06477359
v -0.02704600 -0.07565633 0.06553412
v -0.02705735 -0.07565451 0.06532172
v -0.02721294 -0.07561423 0.06590998
v -0.02724593 -0.07558203 0.06588658
v -0.02727075 -0.07554096 0.06586731
v -0.02729045 -0.07544264 0.06584549
v -0.02752272 -0.07536939 0.06487841
v -0.02759288 -0.07535802 0.06483564
v -0.02759731 -0.07539294 0.06483293
v -0.02830283 -0.07527867 0.06491741
v -0.02824596 -0.07528788 0.06487754
v -0.02829542 -0.07524423 0.06491976
v -0.02823878 -0.07525341 0.06488006
v -0.02809281 -0.07531269 0.06480575
v -0.02792710 -0.07533953 0.06477352
v -0.02792128 -0.07530483 0.06477648
v -0.02801214 -0.07529013 0.06479415
v -0.02808629 -0.07527811 0.06480857
v -0.02817218 -0.07526419 0.06484883
v -0.02775861 -0.07536682 0.06478276
v -0.02767725 -0.07534436 0.06480941
v -0.02775350 -0.07533201 0.06478569
v -0.02784375 -0.07531739 0.06478073
v -0.02744890 -0.07538134 0.06492340
v -0.02745273 -0.07541636 0.06492105
v -0.02738950 -0.07539097 0.06498357
v -0.02733341 -0.07543569 0.06504193
v -0.02733009 -0.07540058 0.06504375
v -0.02728569 -0.07540779 0.06511853
v -0.02724642 -0.07544979 0.06518840
v -0.02724347 -0.07541461 0.06518960
v -0.02721757 -0.07541881 0.06527507
v -0.02719690 -0.07545779 0.06535180
v -0.02719417 -0.07542260 0.06535232
v -0.02718927 -0.07542340 0.06544375
v -0.02718778 -0.07545928 0.06552249
v -0.02718507 -0.07542407 0.06552230
v -0.02720252 -0.07542124 0.06561432
v -0.02721959 -0.07545412 0.06569036
v -0.02721675 -0.07541896 0.06568946
v -0.02725650 -0.07541252 0.06577645
v -0.02728732 -0.07540751 0.06584392
v -0.02717378 -0.07563565 0.06593608
v -0.02708559 -0.07564992 0.06574303
v -0.02711899 -0.07564451 0.06511837
v -0.02722723 -0.07562699 0.06493608
v -0.02737572 -0.07560293 0.06478566
v -0.02755566 -0.07557378 0.06467601
v -0.02775639 -0.07554127 0.06461357
v -0.02796607 -0.07550731 0.06460206
v -0.02817230 -0.07547391 0.06464216
v -0.02836286 -0.07544305 0.06473150
v -0.02796607 -0.07550731 0.06460206
v -0.02843367 -0.07543158 0.06478112
v -0.02843175 -0.07543099 0.06478344
v -0.02712974 -0.07562770 0.06572785
v -0.02709239 -0.07563375 0.06553077
v -0.02710310 -0.07563201 0.06533039
v -0.02716124 -0.07562260 0.06513855
v -0.02726338 -0.07560606 0.06496659
v -0.02740345 -0.07558337 0.06482467
v -0.02755566 -0.07557378 0.06467601
v -0.02757320 -0.07555588 0.06472122
v -0.02776257 -0.07552520 0.06466233
v -0.02796039 -0.07549317 0.06465147
v -0.02815493 -0.07546166 0.06468930
v -0.02716720 -0.07559477 0.06571425
v -0.02713187 -0.07560049 0.06552777
v -0.02714200 -0.07559886 0.06533815
v -0.02719701 -0.07558995 0.06515663
v -0.02729365 -0.07557429 0.06499391
v -0.02742619 -0.07555282 0.06485965
v -0.02758681 -0.07552680 0.06476175
v -0.02776601 -0.07549779 0.06470602
v -0.02795318 -0.07546747 0.06469575
v -0.02813727 -0.07543766 0.06473156
v -0.02719571 -0.07555311 0.06570304
v -0.02716203 -0.07555857 0.06552529
v -0.02717169 -0.07555700 0.06534455
v -0.02722412 -0.07554851 0.06517153
v -0.02731624 -0.07553359 0.06501644
v -0.02744257 -0.07551313 0.06488845
v -0.02759568 -0.07548834 0.06479515
v -0.02776647 -0.07546067 0.06474202
v -0.02794488 -0.07543177 0.06473223
v -0.02812035 -0.07540336 0.06476635
v -0.02828250 -0.07537709 0.06484237
v -0.02834274 -0.07536734 0.06488459
v -0.02728590 -0.07549356 0.06585332
v -0.02721353 -0.07550527 0.06569493
v -0.02718105 -0.07551052 0.06552349
v -0.02719038 -0.07550901 0.06534919
v -0.02724094 -0.07550083 0.06518233
v -0.02732976 -0.07548644 0.06503277
v -0.02745160 -0.07546670 0.06490934
v -0.02759924 -0.07544280 0.06481935
v -0.02776396 -0.07541611 0.06476812
v -0.02793601 -0.07538825 0.06475869
v -0.02810523 -0.07536084 0.06479159
v -0.02852064 -0.07540999 0.06480226
v -0.02847206 -0.07542272 0.06481272
v -0.02832814 -0.07523334 0.06494765
v -0.02832971 -0.07523217 0.06494925
v -0.02834420 -0.07526882 0.06495173
v -0.02835622 -0.07521232 0.06497650
v -0.02841606 -0.07540150 0.06487094
v -0.02844463 -0.07541628 0.06484265
v -0.02844950 -0.07539031 0.06489830
v -0.02848102 -0.07537491 0.06492630
v -0.02851498 -0.07538726 0.06490069
v -0.02848083 -0.07540400 0.06487140
v -0.02854635 -0.07539122 0.06487247
v -0.02851029 -0.07540932 0.06484243
v -0.02836409 -0.07530525 0.06494823
v -0.02838917 -0.07533927 0.06493799
v -0.02831655 -0.07523720 0.06493777
v -0.02841825 -0.07536834 0.06492105
v -0.02707530 -0.06728221 0.06497990
v -0.02712458 -0.06739483 0.06501054
v -0.02716114 -0.06745986 0.06503624
v -0.02721324 -0.06752536 0.06507720
v -0.02712940 -0.06740586 0.06501355
v -0.02725061 -0.06757231 0.06510656
v -0.02752295 -0.06768201 0.06514103
v -0.02752405 -0.06768212 0.06514057
v -0.02752253 -0.06768197 0.06514122
v -0.02754471 -0.06768274 0.06512744
v -0.02756587 -0.06768215 0.06510808
v -0.02757954 -0.06768178 0.06509559
v -0.02759234 -0.06768056 0.06507920
v -0.02760052 -0.06767942 0.06506657
v -0.02748004 -0.06767809 0.06515900
v -0.02747060 -0.06767655 0.06516107
v -0.02745028 -0.06767327 0.06516555
v -0.02741412 -0.06766427 0.06516703
v -0.02737964 -0.06765380 0.06516529
v -0.02735675 -0.06764342 0.06515924
v -0.02740085 -0.06766097 0.06516759
v -0.02730102 -0.06761370 0.06513942
v -0.02730302 -0.06761534 0.06514072
v -0.02732647 -0.06762950 0.06515102
v -0.02732761 -0.06763021 0.06515152
v -0.02763932 -0.06767314 0.06500000
v -0.02799021 -0.06761631 0.06414183
v -0.02803377 -0.06760926 0.06403527
v -0.02814848 -0.06759067 0.06315262
v -0.02816831 -0.06758747 0.06300000
v -0.02805859 -0.06760523 0.06215568
v -0.02803377 -0.06760926 0.06196472
v -0.02772669 -0.06765898 0.06121369
v -0.02763932 -0.06767314 0.06100000
v -0.02717407 -0.06774849 0.06038579
v -0.02701181 -0.06777478 0.06017157
v -0.02643585 -0.06786806 0.05972386
v -0.02619404 -0.06790722 0.05953590
v -0.02555867 -0.06801013 0.05926929
v -0.02524173 -0.06806147 0.05913630
v -0.02459784 -0.06816575 0.05905042
v -0.02421977 -0.06822698 0.05900000
v -0.02361384 -0.06832512 0.05908081
v -0.02319781 -0.06839250 0.05913630
v -0.02266856 -0.06847822 0.05935837
v -0.02224550 -0.06854676 0.05953590
v -0.02182141 -0.06861544 0.05986555
v -0.02142773 -0.06867919 0.06017157
v -0.02112564 -0.06872812 0.06057039
v -0.02080023 -0.06878083 0.06100000
v -0.02062499 -0.06880921 0.06142858
v -0.02040577 -0.06884471 0.06196472
v -0.02035099 -0.06885359 0.06238618
v -0.02027122 -0.06886651 0.06300000
v -0.02032100 -0.06885845 0.06338300
v -0.02040577 -0.06884471 0.06403527
v -0.02053705 -0.06882345 0.06435634
v -0.02080023 -0.06878083 0.06500000
v -0.02098577 -0.06875078 0.06524496
v -0.02142773 -0.06867919 0.06582843
v -0.02163919 -0.06864495 0.06599282
v -0.02224550 -0.06854676 0.06646411
v -0.02245644 -0.06851258 0.06655262
v -0.02319781 -0.06839250 0.06686370
v -0.02338631 -0.06836198 0.06688885
v -0.02421977 -0.06822698 0.06700000
v -0.02437043 -0.06820259 0.06697991
v -0.02524173 -0.06806147 0.06686370
v -0.02534691 -0.06804444 0.06681958
v -0.02619404 -0.06790722 0.06646411
v -0.02625975 -0.06789659 0.06642482
v -0.02634179 -0.06786790 0.06632526
v -0.02634846 -0.06785791 0.06629677
v -0.02634464 -0.06781542 0.06620069
v -0.02633966 -0.06780838 0.06618991
v -0.02631582 -0.06777600 0.06614222
v -0.02631352 -0.06777355 0.06613974
v -0.02627338 -0.06773059 0.06609651
v -0.02632732 -0.06779092 0.06616318
v -0.02632176 -0.06778306 0.06615116
v -0.02635238 -0.06785202 0.06628004
v -0.02635350 -0.06784523 0.06626293
v -0.02635141 -0.06783618 0.06624331
v -0.02634836 -0.06782283 0.06621440
v -0.02630109 -0.06788739 0.06639086
v -0.02630957 -0.06788481 0.06638154
v -0.02633076 -0.06787508 0.06634841
v -0.02633154 -0.06787474 0.06634719
v -0.02633440 -0.06787342 0.06634272
v -0.02629633 -0.06788883 0.06639611
v -0.02616104 -0.06758023 0.06600966
v -0.02609808 -0.06744049 0.06596985
v -0.02619462 -0.06763430 0.06603416
v -0.02623554 -0.06768431 0.06606655
v -0.02608734 -0.06739723 0.06596608
v -0.02736809 -0.07537880 0.06595383
v -0.02601250 -0.06691205 0.06596985
v -0.02597066 -0.06691883 0.06592350
v -0.02604682 -0.06712397 0.06596985
v -0.02605821 -0.06727983 0.06595578
v -0.02587854 -0.06693375 0.06577859
v -0.02694395 -0.06676119 0.06493753
v -0.02698971 -0.06675378 0.06497990
v -0.02702404 -0.06696570 0.06497990
v -0.02702797 -0.06706511 0.06496817
v -0.02702888 -0.06707212 0.06496796
v -0.02703652 -0.06713079 0.06496622
v -0.02680092 -0.06678436 0.06484420
v -0.02663971 -0.06681046 0.06478910
v -0.02647010 -0.06683793 0.06477558
v -0.02630237 -0.06686511 0.06480445
v -0.02614669 -0.06689031 0.06487397
v -0.02601250 -0.06691205 0.06497990
v -0.02590792 -0.06692900 0.06511586
v -0.02583930 -0.06694010 0.06527356
v -0.02581080 -0.06694472 0.06544348
v -0.02582415 -0.06694255 0.06561529
f 1 2 3
f 2 4 3
f 3 4 5
f 6 7 3
f 7 8 3
f 3 8 1
f 9 10 3
f 10 11 3
f 3 11 6
f 12 13 3
f 13 14 3
f 3 14 9
f 15 16 3
f 16 17 3
f 3 17 12
f 18 19 3
f 19 20 3
f 3 20 15
f 21 22 3
f 22 23 3
f 3 23 18
f 5 24 3
f 24 25 3
f 3 25 21
f 26 27 28
f 27 29 28
f 28 29 30
f 31 32 28
f 32 33 28
f 28 33 26
f 34 35 28
f 35 36 28
f 28 36 31
f 37 38 28
f 38 39 28
f 28 39 34
f 40 41 28
f 41 42 28
f 28 42 37
f 43 44 28
f 44 45 28
f 28 45 40
f 46 47 28
f 47 48 28
f 28 48 43
f 30 49 28
f 49 50 28
f 28 50 46
f 51 52 53
f 52 54 53
f 53 54 55
f 56 57 53
f 57 58 53
f 53 58 51
f 59 60 53
f 60 61 53
f 53 61 56
f 62 63 53
f 63 64 53
f 53 64 59
f 65 66 53
f 66 67 53
f 53 67 62
f 68 69 53
f 69 70 53
f 53 70 65
f 71 72 53
f 72 73 53
f 53 73 68
f 55 74 53
f 74 75 53
f 53 75 71
f 76 77 78
f 77 79 78
f 78 79 80
f 81 82 78
f 82 83 78
f 78 83 76
f 84 85 78
f 85 86 78
f 78 86 81
f 87 88 78
f 88 89 78
f 78 89 84
f 90 91 78
f 91 92 78
f 78 92 87
f 93 94 78
f 94 95 78
f 78 95 90
f 96 97 78
f 97 98 78
f 78 98 93
f 80 99 78
f 99 100 78
f 78 100 96
f 101 102 103
f 102 104 103
f 103 104 105
f 106 107 103
f 107 108 103
f 103 108 101
f 109 110 103
f 110 111 103
f 103 111 106
f 112 113 103
f 113 114 103
f 103 114 109
f 115 116 103
f 116 117 103
f 103 117 112
f 118 119 103
f 119 120 103
f 103 120 115
f 121 122 103
f 122 123 103
f 103 123 118
f 105 124 103
f 124 125 103
f 103 125 121
f 126 127 128
f 127 129 128
f 128 129 130
f 131 132 128
f 132 133 128
f 128 133 126
f 134 135 128
f 135 136 128
f 128 136 131
f 137 138 128
f 138 139 128
f 128 139 134
f 140 141 128
f 141 142 128
f 128 142 137
f 143 144 128
f 144 145 128
f 128 145 140
f 146 147 128
f 147 148 128
f 128 148 143
f 130 149 128
f 149 150 128
f 128 150 146
f 151 152 153
f 152 154 153
f 153 154 155
f 156 157 153
f 157 158 153
f 153 158 151
f 159 160 153
f 160 161 153
f 153 161 156
f 162 163 153
f 163 164 153
f 153 164 159
f 165 166 153
f 166 167 153
f 153 167 162
f 168 169 153
f 169 170 153
f 153 170 165
f 171 172 153
f 172 173 153
f 153 173 168
f 155 174 153
f 174 175 153
f 153 175 171
f 176 177 178
f 177 179 178
f 178 179 180
f 181 182 178
f 182 183 178
f 178 183 176
f 184 185 178
f 185 186 178
f 178 186 181
f 187 188 178
f 188 189 178
f 178 189 184
f 190 191 178
f 191 192 178
f 178 192 187
f 193 194 178
f 194 195 178
f 178 195 190
f 196 197 178
f 197 198 178
f 178 198 193
f 180 199 178
f 199 200 178
f 178 200 196
f 201 202 203
f 202 204 203
f 203 204 205
f 206 207 203
f 207 208 203
f 203 208 201
f 209 210 203
f 210 211 203
f 203 211 206
f 212 213 203
f 213 214 203
f 203 214 209
f 215 216 203
f 216 217 203
f 203 217 212
f 218 219 203
f 219 220 203
f 203 220 215
f 221 222 203
f 222 223 203
f 203 223 218
f 205 224 203
f 224 225 203
f 203 225 221
f 226 227 228
f 227 229 228
f 228 229 230
f 231 232 228
f 232 233 228
f 228 233 226
f 234 235 228
f 235 236 228
f 228 236 231
f 237 238 228
f 238 239 228
f 228 239 234
f 240 241 228
f 241 242 228
f 228 242 237
f 243 244 228
f 244 245 228
f 228 245 240
f 246 247 228
f 247 248 228
f 228 248 243
f 230 249 228
f 249 250 228
f 228 250 246
f 251 252 253
f 252 254 253
f 253 254 255
f 256 257 253
f 257 258 253
f 253 258 251
f 259 260 253
f 260 261 253
f 253 261 256
f 262 263 253
f 263 264 253
f 253 264 259
f 265 266 253
f 266 267 253
f 253 267 262
f 268 269 253
f 269 270 253
f 253 270 265
f 271 272 253
f 272 273 253
f 253 273 268
f 255 274 253
f 274 275 253
f 253 275 271
f 276 277 278
f 277 279 278
f 278 279 280
f 281 282 278
f 282 283 278
f 278 283 276
f 284 285 278
f 285 286 278
f 278 286 281
f 287 288 278
f 288 289 278
f 278 289 284
f 290 291 278
f 291 292 278
f 278 292 287
f 293 294 278
f 294 295 278
f 278 295 290
f 296 297 278
f 297 298 278
f 278 298 293
f 280 299 278
f 299 300 278
f 278 300 296
f 301 302 303
f 302 304 303
f 303 304 305
f 304 306 305
f 305 306 307
f 306 308 307
f 307 308 309
f 308 310 309
f 309 310 311
f 310 312 311
f 311 312 313
f 312 314 313
f 313 314 315
f 314 316 315
f 315 316 317
f 316 318 317
f 317 318 319
f 318 320 319
f 319 320 321
f 320 322 321
f 321 322 323
f 322 324 323
f 323 324 325
f 324 326 325
f 325 326 327
f 326 328 327
f 327 328 329
f 328 330 329
f 329 330 331
f 330 332 331
f 331 332 333
f 332 334 333
f 333 334 335
f 334 336 335
f 335 336 337
f 336 338 337
f 337 338 339
f 338 340 339
f 339 340 341
f 340 342 341
f 341 342 343
f 342 344 343
f 343 344 345
f 344 346 345
f 345 346 347
f 346 348 347
f 347 348 301
f 348 302 301
f 349 350 351
f 350 352 351
f 351 352 353
f 352 354 353
f 353 354 355
f 354 356 355
f 355 356 357
f 356 358 357
f 357 358 359
f 358 360 359
f 359 360 361
f 360 362 361
f 361 362 363
f 362 364 363
f 363 364 365
f 364 366 365
f 365 366 367
f 366 368 367
f 367 368 369
f 368 370 369
f 369 370 371
f 370 372 371
f 371 372 373
f 372 374 373
f 373 374 375
f 374 376 375
f 375 376 377
f 376 378 377
f 377 378 379
f 378 380 379
f 379 380 381
f 380 382 381
f 381 382 383
f 382 384 383
f 383 384 385
f 384 386 385
f 385 386 387
f 386 388 387
f 387 388 389
f 388 390 389
f 389 390 391
f 390 392 391
f 391 392 393
f 392 394 393
f 393 394 395
f 394 396 395
f 395 396 349
f 396 350 349
f 397 398 399
f 398 400 399
f 399 400 401
f 400 402 401
f 401 402 403
f 402 404 403
f 403 404 405
f 404 406 405
f 405 406 407
f 406 408 407
f 407 408 409
f 408 410 409
f 409 410 411
f 410 412 411
f 411 412 413
f 412 414 413
f 413 414 415
f 414 416 415
f 415 416 417
f 416 418 417
f 417 418 419
f 418 420 419
f 419 420 421
f 420 422 421
f 421 422 423
f 422 424 423
f 423 424 425
f 424 426 425
f 425 426 427
f 426 428 427
f 427 428 429
f 428 430 429
f 429 430 431
f 430 432 431
f 431 432 433
f 432 434 433
f 433 434 435
f 434 436 435
f 435 436 437
f 436 438 437
f 437 438 439
f 438 440 439
f 439 440 441
f 440 442 441
f 441 442 443
f 442 444 443
f 443 444 397
f 444 398 397
f 445 446 447
f 446 448 447
f 447 448 449
f 448 450 449
f 449 450 451
f 450 452 451
f 451 452 453
f 452 454 453
f 453 454 455
f 454 456 455
f 455 456 457
f 456 458 457
f 457 458 459
f 458 460 459
f 459 460 461
f 460 462 461
f 461 462 463
f 462 464 463
f 463 464 465
f 464 466 465
f 465 466 467
f 466 468 467
f 467 468 469
f 468 470 469
f 469 470 471
f 470 472 471
f 471 472 473
f 472 474 473
f 473 474 475
f 474 476 475
f 475 476 477
f 476 478 477
f 477 478 479
f 478 480 479
f 479 480 481
f 480 482 481
f 481 482 483
f 482 484 483
f 483 484 485
f 484 486 485
f 485 486 487
f 486 488 487
f 487 488 489
f 488 490 489
f 489 490 491
f 490 492 491
f 491 492 445
f 492 446 445
f 493 494 495
f 494 496 495
f 495 496 497
f 496 498 497
f 497 498 499
f 498 500 499
f 499 500 501
f 500 502 501
f 501 502 503
f 502 504 503
f 503 504 505
f 504 506 505
f 505 506 507
f 506 508 507
f 507 508 509
f 508 510 509
f 509 510 511
f 510 512 511
f 511 512 513
f 512 514 513
f 513 514 515
f 514 516 515
f 515 516 517
f 516 518 517
f 517 518 519
f 518 520 519
f 519 520 521
f 520 522 521
f 521 522 523
f 522 524 523
f 523 524 525
f 524 526 525
f 525 526 527
f 526 528 527
f 527 528 529
f 528 530 529
f 529 530 531
f 530 532 531
f 531 532 533
f 532 534 533
f 533 534 535
f 534 536 535
f 535 536 537
f 536 538 537
f 537 538 539
f 538 540 539
f 539 540 493
f 540 494 493
f 541 542 543
f 542 544 543
f 543 544 545
f 544 546 545
f 545 546 547
f 546 548 547
f 547 548 549
f 548 550 549
f 549 550 551
f 550 552 551
f 551 552 553
f 552 554 553
f 553 554 555
f 554 556 555
f 555 556 557
f 556 558 557
f 557 558 559
f 558 560 559
f 559 560 561
f 560 562 561
f 561 562 563
f 562 564 563
f 563 564 565
f 564 566 565
f 565 566 567
f 566 568 567
f 567 568 569
f 568 570 569
f 569 570 571
f 570 572 571
f 571 572 573
f 572 574 573
f 573 574 575
f 574 576 575
f 575 576 577
f 576 578 577
f 577 578 579
f 578 580 579
f 579 580 581
f 580 582 581
f 581 582 583
f 582 584 583
f 583 584 585
f 584 586 585
f 585 586 587
f 586 588 587
f 587 588 541
f 588 542 541
f 589 590 591
f 590 592 591
f 591 592 593
f 592 594 593
f 593 594 595
f 594 596 595
f 595 596 597
f 596 598 597
f 597 598 599
f 598 600 599
f 599 600 601
f 600 602 601
f 601 602 603
f 602 604 603
f 603 604 605
f 604 606 605
f 605 606 607
f 606 608 607
f 607 608 609
f 608 610 609
f 609 610 611
f 610 612 611
f 611 612 613
f 612 614 613
f 613 614 615
f 614 616 615
f 615 616 617
f 616 618 617
f 617 618 619
f 618 620 619
f 619 620 621
f 620 622 621
f 621 622 623
f 622 624 623
f 623 624 625
f 624 626 625
f 625 626 627
f 626 628 627
f 627 628 629
f 628 630 629
f 629 630 631
f 630 632 631
f 631 632 633
f 632 634 633
f 633 634 635
f 634 636 635
f 635 636 589
f 636 590 589
f 637 638 639
f 638 640 639
f 639 640 641
f 640 642 641
f 641 642 643
f 642 644 643
f 643 644 645
f 644 646 645
f 645 646 647
f 646 648 647
f 647 648 649
f 648 650 649
f 649 650 651
f 650 652 651
f 651 652 653
f 652 654 653
f 653 654 655
f 654 656 655
f 655 656 657
f 656 658 657
f 657 658 659
f 658 660 659
f 659 660 661
f 660 662 661
f 661 662 663
f 662 664 663
f 663 664 665
f 664 666 665
f 665 666 667
f 666 668 667
f 667 668 669
f 668 670 669
f 669 670 671
f 670 672 671
f 671 672 673
f 672 674 673
f 673 674 675
f 674 676 675
f 675 676 677
f 676 678 677
f 677 678 679
f 678 680 679
f 679 680 681
f 680 682 681
f 681 682 683
f 682 684 683
f 683 684 637
f 684 638 637
f 685 686 687
f 686 688 687
f 687 688 689
f 688 690 689
f 689 690 691
f 690 692 691
f 691 692 693
f 692 694 693
f 693 694 695
f 694 696 695
f 695 696 697
f 696 698 697
f 697 698 699
f 698 700 699
f 699 700 701
f 700 702 701
f 701 702 703
f 702 704 703
f 703 704 705
f 704 706 705
f 705 706 707
f 706 708 707
f 707 708 709
f 708 710 709
f 709 710 711
f 710 712 711
f 711 712 713
f 712 714 713
f 713 714 715
f 714 716 715
f 715 716 717
f 716 718 717
f 717 718 719
f 718 720 719
f 719 720 721
f 720 722 721
f 721 722 723
f 722 724 723
f 723 724 725
f 724 726 725
f 725 726 727
f 726 728 727
f 727 728 729
f 728 730 729
f 729 730 731
f 730 732 731
f 731 732 685
f 732 686 685
f 733 734 735
f 734 736 735
f 735 736 737
f 736 738 737
f 737 738 739
f 738 740 739
f 739 740 741
f 740 742 741
f 741 742 743
f 742 744 743
f 743 744 745
f 744 746 745
f 745 746 747
f 746 748 747
f 747 748 749
f 748 750 749
f 749 750 751
f 750 752 751
f 751 752 753
f 752 754 753
f 753 754 755
f 754 756 755
f 755 756 757
f 756 758 757
f 757 758 759
f 758 760 759
f 759 760 761
f 760 762 761
f 761 762 763
f 762 764 763
f 763 764 765
f 764 766 765
f 765 766 767
f 766 768 767
f 767 768 769
f 768 770 769
f 769 770 771
f 770 772 771
f 771 772 773
f 772 774 773
f 773 774 775
f 774 776 775
f 775 776 777
f 776 778 777
f 777 778 779
f 778 780 779
f 779 780 733
f 780 734 733
f 781 782 783
f 782 784 783
f 783 784 785
f 784 786 785
f 785 786 787
f 786 788 787
f 787 788 789
f 788 790 789
f 789 790 791
f 790 792 791
f 791 792 793
f 792 794 793
f 793 794 795
f 794 796 795
f 795 796 797
f 796 798 797
f 797 798 799
f 798 800 799
f 799 800 801
f 800 802 801
f 801 802 803
f 802 804 803
f 803 804 805
f 804 806 805
f 805 806 807
f 806 808 807
f 807 808 809
f 808 810 809
f 809 810 811
f 810 812 811
f 811 812 813
f 812 814 813
f 813 814 815
f 814 816 815
f 815 816 817
f 816 818 817
f 817 818 819
f 818 820 819
f 819 820 821
f 820 822 821
f 821 822 823
f 822 824 823
f 823 824 825
f 824 826 825
f 825 826 827
f 826 828 827
f 827 828 781
f 828 782 781
f 829 830 831
f 830 832 831
f 831 832 833
f 832 834 833
f 833 834 835
f 834 836 835
f 835 836 837
f 836 838 837
f 837 838 839
f 838 840 839
f 839 840 841
f 840 842 841
f 841 842 843
f 842 844 843
f 843 844 845
f 844 846 845
f 845 846 847
f 846 848 847
f 847 848 849
f 848 850 849
f 849 850 851
f 850 852 851
f 851 852 853
f 852 854 853
f 853 854 855
f 854 856 855
f 855 856 857
f 856 858 857
f 857 858 859
f 858 860 859
f 859 860 861
f 860 862 861
f 861 862 863
f 862 864 863
f 863 864 865
f 864 866 865
f 865 866 867
f 866 868 867
f 867 868 869
f 868 870 869
f 869 870 871
f 870 872 871
f 871 872 873
f 872 874 873
f 873 874 875
f 874 876 875
f 875 876 829
f 876 830 829
f 877 878 879
f 880 881 882
f 881 883 882
f 882 883 884
f 883 885 884
f 884 885 886
f 885 887 886
f 886 887 888
f 887 889 888
f 888 889 890
f 889 891 890
f 890 891 892
f 891 893 892
f 892 893 894
f 893 895 894
f 894 895 896
f 895 897 896
f 896 897 878
f 897 898 878
f 878 898 879
f 899 900 880
f 900 901 880
f 880 901 881
f 879 902 877
f 902 903 877
f 877 903 904
f 903 905 904
f 904 905 906
f 905 907 906
f 906 907 908
f 907 909 908
f 908 909 910
f 909 911 910
f 910 911 912
f 911 913 912
f 912 913 914
f 913 915 914
f 914 915 916
f 915 917 916
f 916 917 918
f 917 919 918
f 918 919 920
f 919 921 920
f 920 921 922
f 921 923 922
f 922 923 924
f 923 925 924
f 924 925 926
f 925 927 926
f 926 927 899
f 927 928 899
f 899 928 900
f 929 930 931
f 930 932 931
f 931 932 933
f 932 934 933
f 933 934 935
f 934 936 935
f 935 936 937
f 936 938 937
f 937 938 939
f 938 940 939
f 939 940 941
f 940 942 941
f 941 942 943
f 942 944 943
f 943 944 945
f 944 946 945
f 945 946 947
f 946 948 947
f 947 948 949
f 948 950 949
f 949 950 951
f 952 953 954
f 953 955 954
f 954 955 956
f 955 957 956
f 956 957 958
f 957 959 958
f 958 959 929
f 959 960 929
f 929 960 930
f 961 962 952
f 962 963 952
f 952 963 953
f 950 964 951
f 964 965 951
f 951 965 966
f 965 967 966
f 966 967 968
f 967 969 968
f 968 969 970
f 969 971 970
f 970 971 972
f 971 973 972
f 972 973 974
f 973 975 974
f 974 975 976
f 975 977 976
f 976 977 978
f 977 979 978
f 978 979 961
f 979 980 961
f 961 980 962
f 981 982 983
f 983 984 981
f 984 985 981
f 981 985 986
f 985 987 986
f 986 987 988
f 987 989 988
f 988 989 990
f 989 991 990
f 990 991 992
f 991 993 992
f 992 993 994
f 993 995 994
f 994 995 996
f 995 997 996
f 996 997 998
f 997 999 998
f 998 999 1000
f 999 1001 1000
f 1000 1001 1002
f 1001 1003 1002
f 1002 1003 1004
f 1003 1005 1004
f 1004 1005 1006
f 1005 1007 1006
f 1006 1007 1008
f 1007 1009 1008
f 1008 1009 1010
f 1009 1011 1010
f 1010 1011 1012
f 1011 1013 1012
f 1012 1013 1014
f 1013 1015 1014
f 1014 1015 1016
f 1015 1017 1016
f 1016 1017 1018
f 1017 1019 1018
f 1018 1019 1020
f 1019 1021 1020
f 1020 1021 1022
f 1021 1023 1022
f 1022 1023 1024
f 1023 1025 1024
f 1024 1025 1026
f 1025 1027 1026
f 1026 1027 1028
f 1027 1029 1028
f 1028 1029 982
f 1029 1030 982
f 982 1030 983
f 1031 1032 1033
f 1033 1032 1034
f 1032 1035 1034
f 1034 1035 1036
f 1036 1035 1037
f 1035 1038 1037
f 1037 1038 1039
f 1038 1040 1039
f 1039 1040 1041
f 1040 1042 1041
f 1041 1042 1043
f 1042 1044 1043
f 1043 1044 1045
f 1044 1046 1045
f 1045 1046 1047
f 1046 1048 1047
f 1047 1048 1049
f 1048 1050 1049
f 1049 1050 1051
f 1050 1052 1051
f 1051 1052 1053
f 1054 1055 1056
f 1055 1057 1056
f 1056 1057 1052
f 1057 1058 1052
f 1052 1058 1053
f 1059 1060 1061
f 1060 1062 1061
f 1061 1062 1054
f 1062 1063 1054
f 1054 1063 1055
f 1033 1064 1031
f 1064 1065 1031
f 1031 1065 1066
f 1065 1067 1066
f 1066 1067 1068
f 1067 1069 1068
f 1068 1069 1070
f 1069 1071 1070
f 1070 1071 1072
f 1071 1073 1072
f 1072 1073 1074
f 1073 1075 1074
f 1074 1075 1076
f 1075 1077 1076
f 1076 1077 1078
f 1077 1079 1078
f 1078 1079 1080
f 1079 1081 1080
f 1080 1081 1082
f 1081 1083 1082
f 1082 1083 1059
f 1083 1084 1059
f 1059 1084 1060
f 1085 1086 1087
f 1086 1088 1087
f 1087 1088 1089
f 1088 1090 1089
f 1089 1090 1091
f 1090 1092 1091
f 1091 1092 1093
f 1092 1094 1093
f 1093 1094 1095
f 1094 1096 1095
f 1095 1096 1097
f 1096 1098 1097
f 1098 1099 1097
f 1097 1099 1100
f 1099 1101 1100
f 1100 1101 1102
f 1101 1103 1102
f 1102 1103 1104
f 1103 1105 1104
f 1104 1105 1106
f 1105 1107 1106
f 1106 1107 1108
f 1107 1109 1108
f 1108 1109 1110
f 1109 1111 1110
f 1110 1111 1112
f 1111 1113 1112
f 1112 1113 1114
f 1113 1115 1114
f 1114 1115 1116
f 1115 1117 1116
f 1116 1117 1118
f 1117 1119 1118
f 1118 1119 1120
f 1119 1121 1120
f 1120 1121 1122
f 1121 1123 1122
f 1122 1123 1124
f 1123 1125 1124
f 1124 1125 1126
f 1125 1127 1126
f 1126 1127 1128
f 1127 1129 1128
f 1128 1129 1130
f 1129 1131 1130
f 1130 1131 1132
f 1131 1133 1132
f 1132 1133 1085
f 1133 1134 1085
f 1085 1134 1086
f 1135 1136 1137
f 1136 1138 1137
f 1137 1138 1139
f 1138 1140 1139
f 1139 1140 1141
f 1140 1142 1141
f 1141 1142 1143
f 1142 1144 1143
f 1144 1145 1143
f 1143 1145 1146
f 1145 1147 1146
f 1146 1147 1148
f 1147 1149 1148
f 1148 1149 1150
f 1149 1151 1150
f 1150 1151 1152
f 1151 1153 1152
f 1152 1153 1154
f 1153 1155 1154
f 1154 1155 1156
f 1155 1157 1156
f 1156 1157 1158
f 1157 1159 1158
f 1158 1159 1160
f 1159 1161 1160
f 1160 1161 1162
f 1161 1163 1162
f 1162 1163 1164
f 1163 1165 1164
f 1164 1165 1166
f 1165 1167 1166
f 1166 1167 1168
f 1167 1169 1168
f 1168 1169 1170
f 1169 1171 1170
f 1170 1171 1172
f 1171 1173 1172
f 1172 1173 1174
f 1173 1175 1174
f 1174 1175 1176
f 1175 1177 1176
f 1176 1177 1178
f 1177 1179 1178
f 1178 1179 1180
f 1179 1181 1180
f 1180 1181 1182
f 1181 1183 1182
f 1182 1183 1135
f 1183 1184 1135
f 1135 1184 1136
f 1185 1186 1187
f 1186 1188 1187
f 1187 1188 1189
f 1188 1190 1189
f 1189 1190 1191
f 1190 1192 1191
f 1191 1192 1193
f 1192 1194 1193
f 1193 1194 1195
f 1194 1196 1195
f 1195 1196 1197
f 1196 1198 1197
f 1197 1198 1199
f 1198 1200 1199
f 1199 1200 1201
f 1200 1202 1201
f 1201 1202 1203
f 1202 1204 1203
f 1203 1204 1205
f 1204 1206 1205
f 1205 1206 1207
f 1206 1208 1207
f 1207 1208 1209
f 1208 1210 1209
f 1209 1210 1211
f 1210 1212 1211
f 1211 1212 1213
f 1212 1214 1213
f 1213 1214 1215
f 1214 1216 1215
f 1215 1216 1217
f 1216 1218 1217
f 1217 1218 1219
f 1218 1220 1219
f 1219 1220 1221
f 1220 1222 1221
f 1221 1222 1223
f 1222 1224 1223
f 1223 1224 1225
f 1224 1226 1225
f 1225 1226 1227
f 1226 1228 1227
f 1227 1228 1229
f 1228 1230 1229
f 1229 1230 1231
f 1230 1232 1231
f 1231 1232 1185
f 1232 1186 1185
f 1233 1234 1235
f 1234 1236 1235
f 1235 1236 1237
f 1236 1238 1237
f 1237 1238 1239
f 1238 1240 1239
f 1239 1240 1241
f 1240 1242 1241
f 1241 1242 1243
f 1242 1244 1243
f 1243 1244 1245
f 1244 1246 1245
f 1245 1246 1247
f 1246 1248 1247
f 1247 1248 1249
f 1248 1250 1249
f 1249 1250 1251
f 1250 1252 1251
f 1251 1252 1253
f 1252 1254 1253
f 1253 1254 1255
f 1254 1256 1255
f 1255 1256 1257
f 1256 1258 1257
f 1257 1258 1259
f 1258 1260 1259
f 1259 1260 1261
f 1260 1262 1261
f 1261 1262 1263
f 1262 1264 1263
f 1263 1264 1265
f 1264 1266 1265
f 1265 1266 1267
f 1233 1268 1234
f 1268 1269 1234
f 1234 1269 1270
f 1269 1271 1270
f 1270 1271 1272
f 1271 1273 1272
f 1272 1273 1274
f 1273 1275 1274
f 1274 1275 1276
f 1275 1277 1276
f 1276 1277 1278
f 1277 1279 1278
f 1278 1279 1280
f 1279 1281 1280
f 1280 1281 1282
f 1281 1283 1282
f 1282 1283 1266
f 1283 1284 1266
f 1266 1284 1267
f 1285 1286 1287
f 1286 1288 1287
f 1287 1288 1289
f 1288 1290 1289
f 1289 1290 1291
f 1290 1292 1291
f 1291 1292 1293
f 1292 1294 1293
f 1293 1294 1295
f 1294 1296 1295
f 1295 1296 1297
f 1296 1298 1297
f 1297 1298 1299
f 1298 1300 1299
f 1300 1301 1299
f 1299 1301 1302
f 1301 1303 1302
f 1302 1303 1304
f 1303 1305 1304
f 1304 1305 1306
f 1305 1307 1306
f 1306 1307 1308
f 1307 1309 1308
f 1308 1309 1310
f 1309 1311 1310
f 1310 1311 1312
f 1311 1313 1312
f 1312 1313 1314
f 1313 1315 1314
f 1314 1315 1316
f 1315 1317 1316
f 1316 1317 1318
f 1317 1319 1318
f 1318 1319 1320
f 1319 1321 1320
f 1320 1321 1322
f 1321 1323 1322
f 1322 1323 1324
f 1323 1325 1324
f 1324 1325 1326
f 1325 1327 1326
f 1326 1327 1328
f 1327 1329 1328
f 1328 1329 1330
f 1329 1331 1330
f 1330 1331 1332
f 1331 1333 1332
f 1332 1333 1285
f 1333 1334 1285
f 1285 1334 1286
f 1335 1336 1337
f 1336 1338 1337
f 1337 1338 1339
f 1338 1340 1339
f 1339 1340 1341
f 1340 1342 1341
f 1341 1342 1343
f 1344 1345 1346
f 1345 1347 1346
f 1346 1347 1348
f 1347 1349 1348
f 1348 1349 1350
f 1349 1351 1350
f 1350 1351 1335
f 1351 1352 1335
f 1335 1352 1336
f 1353 1354 1355
f 1354 1356 1355
f 1355 1356 1357
f 1356 1358 1357
f 1357 1358 1359
f 1358 1360 1359
f 1359 1360 1344
f 1360 1361 1344
f 1344 1361 1345
f 1342 1362 1343
f 1362 1363 1343
f 1343 1363 1364
f 1363 1365 1364
f 1364 1365 1366
f 1365 1367 1366
f 1366 1367 1368
f 1367 1369 1368
f 1368 1369 1370
f 1369 1371 1370
f 1370 1371 1372
f 1371 1373 1372
f 1372 1373 1374
f 1373 1375 1374
f 1374 1375 1376
f 1375 1377 1376
f 1376 1377 1378
f 1377 1379 1378
f 1378 1379 1380
f 1379 1381 1380
f 1380 1381 1382
f 1381 1383 1382
f 1382 1383 1384
f 1383 1385 1384
f 1384 1385 1353
f 1385 1386 1353
f 1353 1386 1354
f 1387 1388 1389
f 1388 1390 1389
f 1389 1390 1391
f 1390 1392 1391
f 1391 1392 1393
f 1392 1394 1393
f 1393 1394 1395
f 1394 1396 1395
f 1395 1396 1397
f 1396 1398 1397
f 1397 1398 1399
f 1398 1400 1399
f 1399 1400 1401
f 1400 1402 1401
f 1401 1402 1403
f 1402 1404 1403
f 1403 1404 1405
f 1404 1406 1405
f 1405 1406 1407
f 1406 1408 1407
f 1407 1408 1409
f 1408 1410 1409
f 1410 1411 1409
f 1409 1411 1412
f 1411 1413 1412
f 1412 1413 1414
f 1413 1415 1414
f 1414 1415 1416
f 1415 1417 1416
f 1416 1417 1418
f 1417 1419 1418
f 1418 1419 1420
f 1419 1421 1420
f 1420 1421 1422
f 1421 1423 1422
f 1422 1423 1424
f 1423 1425 1424
f 1424 1425 1426
f 1425 1427 1426
f 1426 1427 1428
f 1427 1429 1428
f 1428 1429 1430
f 1429 1431 1430
f 1430 1431 1432
f 1431 1433 1432
f 1432 1433 1434
f 1433 1435 1434
f 1434 1435 1387
f 1435 1436 1387
f 1387 1436 1388
f 1437 1438 1439
f 1438 1440 1439
f 1439 1440 1441
f 1440 1442 1441
f 1441 1442 1443
f 1442 1444 1443
f 1443 1444 1445
f 1444 1446 1445
f 1445 1446 1447
f 1446 1448 1447
f 1447 1448 1449
f 1448 1450 1449
f 1450 1451 1449
f 1449 1451 1452
f 1451 1453 1452
f 1452 1453 1454
f 1453 1455 1454
f 1454 1455 1456
f 1455 1457 1456
f 1456 1457 1458
f 1457 1459 1458
f 1458 1459 1460
f 1459 1461 1460
f 1460 1461 1462
f 1461 1463 1462
f 1462 1463 1464
f 1463 1465 1464
f 1464 1465 1466
f 1465 1467 1466
f 1466 1467 1468
f 1467 1469 1468
f 1468 1469 1470
f 1469 1471 1470
f 1470 1471 1472
f 1471 1473 1472
f 1472 1473 1474
f 1473 1475 1474
f 1474 1475 1476
f 1475 1477 1476
f 1476 1477 1478
f 1477 1479 1478
f 1478 1479 1480
f 1479 1481 1480
f 1480 1481 1482
f 1481 1483 1482
f 1482 1483 1484
f 1483 1485 1484
f 1484 1485 1437
f 1485 1486 1437
f 1437 1486 1438
f 1487 1488 1489
f 1490 1491 1492
f 1493 1494 1495
f 1496 1497 1498
f 1499 1500 1501
f 1502 1503 1504
f 1505 1506 1507
f 1508 1509 1510
f 1506 1511 1507
f 1511 1512 1507
f 1507 1512 1513
f 1512 1514 1513
f 1514 1515 1513
f 1513 1515 1516
f 1516 1517 1513
f 1517 1518 1513
f 1513 1518 1519
f 1518 1520 1519
f 1519 1520 1521
f 1521 1522 1519
f 1522 1523 1519
f 1519 1523 1510
f 1523 1524 1510
f 1510 1524 1508
f 1525 1526 1527
f 1528 1529 1530
f 1529 1531 1530
f 1530 1531 1532
f 1502 1504 1533
f 1528 1530 1534
f 1530 1535 1534
f 1534 1535 1536
f 1525 1527 1537
f 1536 1535 1538
f 1535 1539 1538
f 1538 1539 1509
f 1540 1541 1542
f 1541 1543 1542
f 1543 1544 1542
f 1544 1545 1542
f 1542 1545 1546
f 1545 1547 1546
f 1546 1547 1548
f 1549 1513 1550
f 1513 1546 1550
f 1550 1546 1551
f 1546 1548 1551
f 1552 1553 1554
f 1552 1554 1555
f 1556 1557 1558
f 1557 1559 1558
f 1558 1559 1560
f 1559 1561 1560
f 1562 1563 1507
f 1562 1507 1564
f 1549 1565 1513
f 1565 1566 1513
f 1513 1566 1507
f 1566 1567 1507
f 1507 1567 1564
f 1563 1568 1507
f 1568 1569 1507
f 1507 1569 1559
f 1569 1570 1559
f 1559 1570 1561
f 1571 1572 1573
f 1574 1575 1501
f 1575 1576 1501
f 1573 1577 1571
f 1577 1578 1571
f 1571 1578 1574
f 1576 1579 1501
f 1579 1580 1501
f 1501 1580 1499
f 1553 1581 1554
f 1581 1582 1554
f 1554 1582 1583
f 1583 1584 1554
f 1584 1585 1554
f 1554 1585 1586
f 1587 1588 1589
f 1588 1590 1589
f 1589 1590 1571
f 1590 1591 1571
f 1571 1591 1572
f 1592 1593 1587
f 1593 1594 1587
f 1587 1594 1588
f 1586 1595 1554
f 1595 1596 1554
f 1554 1596 1587
f 1596 1597 1587
f 1587 1597 1592
f 1581 1598 1582
f 1598 1540 1582
f 1582 1540 1599
f 1540 1542 1599
f 1599 1542 1500
f 1600 1601 1602
f 1601 1603 1602
f 1603 1604 1602
f 1604 1605 1602
f 1602 1605 1606
f 1605 1607 1606
f 1606 1607 1608
f 1608 1609 1606
f 1609 1610 1606
f 1606 1610 1611
f 1610 1612 1611
f 1611 1612 1613
f 1600 1602 1614
f 1602 1615 1614
f 1614 1615 1616
f 1615 1617 1616
f 1616 1617 1618
f 1501 1619 1617
f 1619 1620 1617
f 1617 1620 1618
f 1621 1622 1542
f 1622 1623 1542
f 1623 1624 1542
f 1542 1624 1500
f 1624 1625 1500
f 1500 1625 1501
f 1625 1626 1501
f 1501 1626 1619
f 1627 1628 1546
f 1628 1629 1546
f 1546 1629 1542
f 1629 1630 1542
f 1542 1630 1621
f 1631 1632 1633
f 1632 1634 1633
f 1633 1634 1546
f 1634 1635 1546
f 1546 1635 1627
f 1636 1637 1638
f 1637 1639 1638
f 1638 1639 1640
f 1641 1642 1643
f 1642 1644 1643
f 1643 1644 1645
f 1641 1643 1646
f 1643 1647 1646
f 1646 1647 1648
f 1640 1649 1638
f 1649 1650 1638
f 1638 1650 1651
f 1650 1652 1651
f 1651 1652 1653
f 1648 1647 1654
f 1647 1655 1654
f 1654 1655 1656
f 1655 1657 1656
f 1656 1657 1658
f 1657 1659 1658
f 1658 1659 1660
f 1653 1661 1651
f 1661 1662 1651
f 1651 1662 1571
f 1662 1663 1571
f 1663 1664 1571
f 1571 1664 1665
f 1666 1667 1668
f 1667 1669 1668
f 1668 1669 1670
f 1669 1671 1670
f 1670 1671 1672
f 1671 1673 1672
f 1672 1673 1665
f 1660 1659 1668
f 1659 1674 1668
f 1668 1674 1666
f 1675 1676 1677
f 1675 1677 1678
f 1679 1680 1681
f 1681 1682 1679
f 1682 1683 1679
f 1679 1683 1684
f 1685 1686 1687
f 1687 1688 1685
f 1688 1689 1685
f 1685 1689 1678
f 1690 1691 1692
f 1691 1693 1692
f 1694 1695 1696
f 1695 1677 1696
f 1696 1677 1697
f 1677 1676 1697
f 1694 1698 1695
f 1698 1699 1695
f 1695 1699 1692
f 1699 1700 1692
f 1692 1700 1690
f 1701 1702 1615
f 1701 1615 1703
f 1638 1704 1685
f 1704 1705 1685
f 1685 1705 1686
f 1706 1707 1708
f 1708 1709 1706
f 1709 1710 1706
f 1706 1710 1711
f 1710 1712 1711
f 1712 1713 1711
f 1711 1713 1714
f 1713 1715 1714
f 1716 1717 1718
f 1717 1719 1718
f 1718 1719 1707
f 1719 1720 1707
f 1707 1720 1708
f 1721 1611 1489
f 1721 1722 1611
f 1722 1723 1611
f 1611 1723 1724
f 1724 1725 1611
f 1725 1726 1611
f 1611 1726 1606
f 1726 1727 1606
f 1606 1727 1728
f 1729 1730 1489
f 1730 1731 1489
f 1489 1731 1732
f 1732 1733 1489
f 1733 1734 1489
f 1489 1734 1721
f 1735 1736 1737
f 1715 1738 1714
f 1738 1739 1714
f 1714 1739 1736
f 1739 1740 1736
f 1736 1740 1737
f 1741 1742 1633
f 1742 1743 1633
f 1743 1744 1633
f 1744 1745 1633
f 1633 1745 1746
f 1745 1747 1746
f 1748 1749 1513
f 1750 1751 1519
f 1751 1752 1519
f 1749 1753 1513
f 1753 1754 1513
f 1513 1754 1546
f 1754 1755 1546
f 1546 1755 1633
f 1755 1756 1633
f 1633 1756 1741
f 1752 1757 1519
f 1757 1758 1519
f 1519 1758 1513
f 1758 1759 1513
f 1513 1759 1748
f 1760 1761 1762
f 1761 1763 1762
f 1762 1763 1764
f 1747 1765 1746
f 1765 1766 1746
f 1746 1766 1767
f 1766 1768 1767
f 1768 1769 1767
f 1767 1769 1763
f 1769 1770 1763
f 1763 1770 1764
f 1771 1772 1504
f 1772 1773 1504
f 1774 1775 1776
f 1775 1777 1776
f 1777 1778 1776
f 1776 1778 1779
f 1773 1780 1504
f 1780 1527 1504
f 1504 1527 1533
f 1527 1526 1533
f 1779 1781 1776
f 1781 1782 1776
f 1776 1782 1504
f 1782 1783 1504
f 1504 1783 1771
f 1494 1784 1495
f 1784 1785 1495
f 1495 1785 1786
f 1787 1788 1789
f 1780 1790 1527
f 1790 1791 1527
f 1527 1791 1792
f 1791 1793 1792
f 1793 1794 1792
f 1792 1794 1795
f 1794 1796 1795
f 1796 1797 1795
f 1797 1798 1795
f 1795 1798 1788
f 1798 1799 1788
f 1788 1799 1789
f 1800 1801 1802
f 1801 1803 1802
f 1802 1803 1804
f 1800 1805 1806
f 1804 1807 1802
f 1807 1808 1802
f 1802 1808 1809
f 1806 1810 1800
f 1810 1811 1800
f 1800 1811 1812
f 1812 1813 1800
f 1813 1814 1800
f 1800 1814 1801
f 1815 1816 1817
f 1815 1817 1818
f 1816 1819 1817
f 1819 1820 1817
f 1817 1820 1821
f 1822 1823 1824
f 1823 1825 1824
f 1824 1825 1826
f 1825 1821 1826
f 1827 1828 1805
f 1828 1829 1805
f 1805 1829 1806
f 1830 1831 1832
f 1831 1833 1832
f 1834 1835 1836
f 1837 1587 1838
f 1587 1839 1838
f 1836 1840 1834
f 1840 1841 1834
f 1834 1841 1842
f 1843 1844 1587
f 1844 1845 1587
f 1587 1845 1839
f 1846 1847 1848
f 1847 1849 1848
f 1848 1849 1850
f 1849 1851 1850
f 1851 1852 1850
f 1850 1852 1853
f 1852 1854 1853
f 1853 1854 1841
f 1854 1855 1841
f 1841 1855 1842
f 1856 1857 1800
f 1858 1859 1860
f 1859 1861 1860
f 1860 1861 1862
f 1861 1863 1862
f 1862 1863 1835
f 1863 1864 1835
f 1835 1864 1836
f 1857 1865 1800
f 1865 1866 1800
f 1800 1866 1867
f 1589 1868 1869
f 1846 1843 1847
f 1843 1587 1847
f 1847 1587 1870
f 1587 1871 1870
f 1869 1872 1589
f 1872 1873 1589
f 1589 1873 1587
f 1873 1874 1587
f 1587 1874 1871
f 1665 1673 1571
f 1673 1875 1571
f 1571 1875 1876
f 1876 1877 1571
f 1877 1878 1571
f 1571 1878 1589
f 1878 1879 1589
f 1589 1879 1868
f 1880 1881 1685
f 1881 1643 1685
f 1685 1643 1638
f 1643 1645 1638
f 1638 1645 1636
f 1678 1677 1685
f 1677 1882 1685
f 1685 1882 1880
f 1883 1884 1885
f 1886 1887 1888
f 1887 1883 1888
f 1885 1889 1883
f 1889 1890 1883
f 1883 1890 1888
f 1891 1892 1893
f 1894 1718 1895
f 1718 1707 1895
f 1895 1707 1896
f 1707 1897 1896
f 1693 1680 1692
f 1680 1679 1692
f 1692 1679 1898
f 1679 1891 1898
f 1898 1891 1883
f 1891 1893 1883
f 1883 1893 1884
f 1886 1899 1887
f 1899 1900 1887
f 1887 1900 1707
f 1900 1901 1707
f 1707 1901 1897
f 1894 1902 1718
f 1902 1903 1718
f 1718 1903 1904
f 1905 1906 1891
f 1906 1907 1891
f 1891 1907 1892
f 1904 1908 1718
f 1908 1909 1718
f 1718 1909 1891
f 1909 1910 1891
f 1891 1910 1905
f 1737 1729 1735
f 1729 1489 1735
f 1735 1489 1911
f 1489 1488 1911
f 1760 1750 1761
f 1750 1519 1761
f 1761 1519 1912
f 1519 1510 1912
f 1912 1510 1913
f 1509 1539 1510
f 1539 1914 1510
f 1510 1914 1913
f 1531 1537 1532
f 1537 1527 1532
f 1532 1527 1915
f 1527 1792 1915
f 1789 1493 1787
f 1493 1495 1787
f 1787 1495 1916
f 1495 1817 1916
f 1916 1817 1917
f 1821 1825 1817
f 1825 1918 1817
f 1817 1918 1917
f 1822 1827 1823
f 1827 1805 1823
f 1823 1805 1919
f 1805 1920 1919
f 1920 1805 1921
f 1805 1800 1921
f 1921 1800 1860
f 1800 1867 1860
f 1860 1867 1858
f 1574 1501 1571
f 1501 1617 1571
f 1571 1617 1651
f 1617 1615 1651
f 1651 1615 1638
f 1615 1702 1638
f 1638 1702 1704
f 1837 1830 1587
f 1830 1832 1587
f 1587 1832 1554
f 1832 1557 1554
f 1554 1557 1555
f 1557 1556 1555
f 1809 1490 1802
f 1490 1492 1802
f 1802 1492 1776
f 1492 1498 1776
f 1776 1498 1774
f 1498 1497 1774
f 1491 1818 1492
f 1818 1817 1492
f 1492 1817 1498
f 1817 1495 1498
f 1498 1495 1496
f 1495 1786 1496
f 1684 1703 1679
f 1703 1615 1679
f 1679 1615 1891
f 1615 1602 1891
f 1891 1602 1718
f 1602 1606 1718
f 1718 1606 1716
f 1606 1728 1716
f 1833 1856 1832
f 1856 1800 1832
f 1832 1800 1557
f 1800 1802 1557
f 1557 1802 1559
f 1802 1776 1559
f 1559 1776 1507
f 1776 1504 1507
f 1507 1504 1505
f 1504 1503 1505
f 1613 1631 1611
f 1631 1633 1611
f 1611 1633 1489
f 1633 1746 1489
f 1489 1746 1487
f 1746 1767 1487
f 1922 1923 1924
f 1923 1925 1924
f 1924 1925 1926
f 1926 1925 1927
f 1925 1928 1927
f 1927 1928 1929
f 1929 1928 1930
f 1928 1931 1930
f 1930 1931 1932
f 1931 1933 1932
f 1932 1933 1934
f 1934 1933 1935
f 1933 1936 1935
f 1935 1936 1937
f 1937 1936 1938
f 1936 1939 1938
f 1938 1939 1940
f 1940 1939 1941
f 1939 1834 1941
f 1941 1834 1842
f 1942 1943 1944
f 1945 1946 1947
f 1946 1834 1947
f 1948 1945 1949
f 1945 1947 1949
f 1949 1947 1950
f 1947 1834 1950
f 1951 1952 1953
f 1952 1954 1953
f 1953 1954 1834
f 1955 1948 1956
f 1948 1949 1956
f 1956 1949 1957
f 1949 1950 1957
f 1957 1950 1958
f 1950 1834 1958
f 1834 1939 1958
f 1939 1936 1958
f 1958 1936 1957
f 1936 1933 1957
f 1957 1933 1956
f 1933 1931 1956
f 1956 1931 1955
f 1931 1928 1955
f 1959 1960 1961
f 1962 1963 1964
f 1963 1965 1964
f 1964 1965 1966
f 1965 1967 1966
f 1966 1967 1968
f 1967 1969 1968
f 1968 1969 1951
f 1969 1970 1951
f 1951 1970 1952
f 1928 1925 1959
f 1925 1971 1959
f 1959 1971 1960
f 1971 1972 1960
f 1973 1974 1975
f 1974 1976 1975
f 1975 1976 1977
f 1976 1978 1977
f 1977 1978 1979
f 1978 1980 1979
f 1979 1980 1981
f 1980 1982 1981
f 1981 1982 1983
f 1925 1923 1984
f 1925 1984 1971
f 1984 1985 1971
f 1971 1985 1972
f 1985 1986 1972
f 1986 1987 1972
f 1972 1987 1988
f 1989 1961 1990
f 1961 1960 1990
f 1990 1960 1991
f 1960 1972 1991
f 1991 1972 1992
f 1972 1988 1992
f 1992 1988 1993
f 1974 1989 1976
f 1989 1990 1976
f 1976 1990 1978
f 1990 1991 1978
f 1978 1991 1980
f 1991 1992 1980
f 1980 1992 1982
f 1992 1993 1982
f 1982 1993 1994
f 1994 1995 1982
f 1995 1996 1982
f 1982 1996 1983
f 1996 1997 1983
f 1983 1997 1998
f 1834 1973 1999
f 1973 1975 1999
f 1999 1975 2000
f 1975 1977 2000
f 2000 1977 2001
f 1977 1979 2001
f 2001 1979 2002
f 1979 1981 2002
f 2002 1981 2003
f 1981 1983 2003
f 2003 1983 2004
f 1983 1998 2004
f 2004 1998 2005
f 1834 1999 1953
f 1999 2000 1953
f 1953 2000 1951
f 2000 2001 1951
f 1951 2001 1968
f 2001 2002 1968
f 1968 2002 1966
f 2002 2003 1966
f 1966 2003 1964
f 2003 2004 1964
f 1964 2004 1944
f 2004 2005 1944
f 1944 2005 1942
f 1928 1959 1955
f 1959 1961 1955
f 1955 1961 1948
f 1961 1989 1948
f 1948 1989 1945
f 1989 1974 1945
f 1945 1974 1946
f 1974 1973 1946
f 1946 1973 1834
f 1962 1964 2006
f 1964 1944 2006
f 2006 1944 2007
f 1944 1943 2007
f 2007 1943 2008
f 1952 1970 2009
f 1967 1965 2010
f 1963 1962 2011
f 2006 2007 2012
f 2013 2014 2015
f 2016 2017 2018
f 2019 2020 2021
f 2022 1914 2023
f 1834 1954 2024
f 1954 2025 2024
f 2024 2025 1862
f 1862 2025 2026
f 2025 2027 2026
f 2026 2027 1921
f 1921 2027 2028
f 2027 2029 2028
f 2028 2029 1919
f 2030 2031 2029
f 2031 2032 2029
f 2029 2032 1919
f 2033 1916 2034
f 1916 2035 2034
f 2034 2035 2030
f 2035 1918 2030
f 2030 1918 2031
f 2033 2034 1788
f 2034 2036 1788
f 1788 2036 2037
f 2036 2038 2037
f 2037 2038 2039
f 2040 2041 2038
f 2041 1915 2038
f 2038 1915 2039
f 1914 1539 2023
f 1539 2042 2023
f 2023 2042 2040
f 2042 1530 2040
f 2040 1530 2041
f 2022 2023 1912
f 2023 2043 1912
f 1912 2043 2044
f 2043 2045 2044
f 2044 2045 1763
f 1763 2045 2046
f 2045 2047 2046
f 2046 2047 1487
f 2048 1735 2049
f 1735 1911 2049
f 2049 1911 2047
f 1911 2050 2047
f 2047 2050 1487
f 2048 2049 2051
f 2049 2052 2051
f 2051 2052 1711
f 2052 2053 1711
f 1711 2053 1706
f 1706 2053 2054
f 2053 2055 2054
f 2054 2055 1887
f 1887 2055 2056
f 2055 2057 2056
f 2056 2057 1898
f 1898 2057 2058
f 2057 2059 2058
f 2058 2059 1695
f 1695 2059 2060
f 2059 2061 2060
f 2060 2061 1882
f 2061 2062 1882
f 1882 2062 1880
f 1880 2062 2063
f 2062 2021 2063
f 2063 2021 2064
f 2064 2021 1647
f 2021 2020 1647
f 1647 2020 1655
f 2065 2066 2067
f 2066 2068 2067
f 2067 2068 2069
f 2069 2068 2070
f 2068 2071 2070
f 2070 2071 2072
f 2072 2071 2073
f 2071 2074 2073
f 2073 2074 2075
f 2075 2074 2076
f 2074 2077 2076
f 2076 2077 2078
f 2078 2077 2079
f 2077 2080 2079
f 2079 2080 2081
f 2081 2080 2082
f 2080 2083 2082
f 2082 2083 2084
f 2084 2083 2085
f 2083 2086 2085
f 2085 2086 2087
f 2087 2086 2088
f 2086 2089 2088
f 2088 2089 2090
f 2090 2089 2091
f 2089 2092 2091
f 2091 2092 2093
f 2093 2092 2094
f 2092 2095 2094
f 2094 2095 2096
f 2096 2095 2097
f 2095 2098 2097
f 2097 2098 2099
f 2099 2098 2100
f 2098 2101 2100
f 2100 2101 2102
f 2102 2101 2103
f 2101 2104 2103
f 2103 2104 2105
f 2105 2104 2106
f 2104 2107 2106
f 2106 2107 2108
f 2108 2107 2109
f 2107 2110 2109
f 2109 2110 2111
f 2111 2110 2112
f 2110 2113 2112
f 2112 2113 2114
f 2114 2113 2115
f 2113 2116 2115
f 2115 2116 2117
f 2117 2116 2118
f 2116 2119 2118
f 2118 2119 2120
f 2120 2119 2121
f 2119 2122 2121
f 2121 2122 2123
f 2123 2122 2124
f 2122 2125 2124
f 2124 2125 2126
f 2126 2125 2127
f 2125 2012 2127
f 2127 2012 2128
f 2007 2008 2012
f 2008 2129 2012
f 2012 2129 2128
f 2066 2013 2068
f 2013 2015 2068
f 2068 2015 2071
f 2015 2130 2071
f 2071 2130 2074
f 2130 2131 2074
f 2074 2131 2077
f 2131 2132 2077
f 2077 2132 2080
f 2132 2133 2080
f 2080 2133 2083
f 2133 2134 2083
f 2083 2134 2086
f 2134 2135 2086
f 2086 2135 2089
f 2135 2136 2089
f 2089 2136 2092
f 2136 2137 2092
f 2092 2137 2095
f 2137 2138 2095
f 2095 2138 2098
f 2138 2139 2098
f 2098 2139 2101
f 2139 2140 2101
f 2101 2140 2104
f 2140 2141 2104
f 2104 2141 2107
f 2141 2142 2107
f 2107 2142 2110
f 2142 2143 2110
f 2110 2143 2113
f 2143 2144 2113
f 2113 2144 2116
f 2144 2145 2116
f 2116 2145 2119
f 2145 2146 2119
f 2119 2146 2122
f 2146 2147 2122
f 2122 2147 2125
f 2147 2148 2125
f 2125 2148 2012
f 2148 2149 2012
f 2012 2149 2006
f 2149 1962 2006
f 2014 2150 2015
f 2150 2151 2015
f 2015 2151 2130
f 2151 2152 2130
f 2130 2152 2131
f 2152 2153 2131
f 2131 2153 2132
f 2153 2154 2132
f 2132 2154 2133
f 2154 2155 2133
f 2133 2155 2134
f 2155 2156 2134
f 2134 2156 2135
f 2156 2157 2135
f 2135 2157 2136
f 2157 2158 2136
f 2136 2158 2137
f 2158 2159 2137
f 2137 2159 2138
f 2159 2160 2138
f 2138 2160 2139
f 2160 2161 2139
f 2139 2161 2140
f 2161 2162 2140
f 2140 2162 2141
f 2162 2163 2141
f 2141 2163 2142
f 2163 2164 2142
f 2142 2164 2143
f 2164 2165 2143
f 2143 2165 2144
f 2165 2166 2144
f 2144 2166 2145
f 2166 2167 2145
f 2145 2167 2146
f 2167 2168 2146
f 2146 2168 2147
f 2168 2169 2147
f 2147 2169 2148
f 2169 2170 2148
f 2148 2170 2011
f 2170 2010 2011
f 2011 2010 1963
f 2010 1965 1963
f 2150 2171 2151
f 2171 2172 2151
f 2151 2172 2152
f 2172 2173 2152
f 2152 2173 2153
f 2173 2174 2153
f 2153 2174 2154
f 2174 2175 2154
f 2154 2175 2155
f 2175 2176 2155
f 2155 2176 2156
f 2176 2177 2156
f 2156 2177 2157
f 2177 2178 2157
f 2157 2178 2158
f 2178 2179 2158
f 2158 2179 2159
f 2179 2180 2159
f 2159 2180 2160
f 2180 2181 2160
f 2160 2181 2161
f 2181 2182 2161
f 2161 2182 2162
f 2182 2183 2162
f 2162 2183 2163
f 2183 2184 2163
f 2163 2184 2164
f 2184 2185 2164
f 2164 2185 2165
f 2185 2186 2165
f 2165 2186 2166
f 2186 2187 2166
f 2166 2187 2167
f 2187 2188 2167
f 2167 2188 2168
f 2188 2189 2168
f 2168 2189 2169
f 2189 2190 2169
f 2169 2190 2170
f 2190 2191 2170
f 2170 2191 2010
f 2191 2192 2010
f 2010 2192 1967
f 2192 1969 1967
f 2171 2016 2172
f 2016 2018 2172
f 2172 2018 2173
f 2018 2193 2173
f 2173 2193 2174
f 2193 2194 2174
f 2174 2194 2175
f 2194 2195 2175
f 2175 2195 2176
f 2195 2196 2176
f 2176 2196 2177
f 2196 2197 2177
f 2177 2197 2178
f 2197 2198 2178
f 2178 2198 2179
f 2198 2199 2179
f 2179 2199 2180
f 2199 2200 2180
f 2180 2200 2181
f 2200 2201 2181
f 2181 2201 2182
f 2201 2202 2182
f 2182 2202 2183
f 2202 2203 2183
f 2183 2203 2184
f 2203 2204 2184
f 2184 2204 2185
f 2204 2205 2185
f 2185 2205 2186
f 2205 2206 2186
f 2186 2206 2187
f 2206 2207 2187
f 2187 2207 2188
f 2207 2208 2188
f 2188 2208 2189
f 2208 2209 2189
f 2189 2209 2190
f 2209 2210 2190
f 2190 2210 2191
f 2210 2211 2191
f 2191 2211 2192
f 2211 2009 2192
f 2192 2009 1969
f 2009 1970 1969
f 2017 2019 2018
f 2019 2021 2018
f 2018 2021 2193
f 2021 2062 2193
f 2193 2062 2194
f 2062 2061 2194
f 2194 2061 2195
f 2061 2059 2195
f 2195 2059 2196
f 2059 2057 2196
f 2196 2057 2197
f 2057 2055 2197
f 2197 2055 2198
f 2055 2053 2198
f 2198 2053 2199
f 2053 2052 2199
f 2199 2052 2200
f 2052 2049 2200
f 2200 2049 2201
f 2049 2047 2201
f 2201 2047 2202
f 2047 2045 2202
f 2202 2045 2203
f 2045 2043 2203
f 2203 2043 2204
f 2043 2023 2204
f 2204 2023 2205
f 2023 2040 2205
f 2205 2040 2206
f 2040 2038 2206
f 2206 2038 2207
f 2038 2036 2207
f 2207 2036 2208
f 2036 2034 2208
f 2208 2034 2209
f 2034 2030 2209
f 2209 2030 2210
f 2030 2029 2210
f 2210 2029 2211
f 2029 2027 2211
f 2211 2027 2009
f 2027 2025 2009
f 2009 2025 1952
f 2025 1954 1952
f 2212 2213 2214
f 2215 2216 2217
f 2218 2219 2220
f 2221 2222 2223
f 2224 2225 2226
f 2225 1655 2226
f 1655 2020 2227
f 2020 2019 2227
f 2227 2019 2228
f 2229 2224 2230
f 2224 2226 2230
f 2230 2226 2231
f 2226 1655 2231
f 2019 2017 2228
f 2017 2016 2228
f 2228 2016 2171
f 2232 2229 2233
f 2229 2230 2233
f 2233 2230 2234
f 2230 2231 2234
f 2234 2231 2235
f 2231 1655 2235
f 2150 2236 2171
f 2236 2237 2171
f 2171 2237 2228
f 2223 2232 2236
f 2232 2233 2236
f 2236 2233 2237
f 2233 2234 2237
f 2237 2234 2228
f 2234 2235 2228
f 2228 2235 2227
f 2235 1655 2227
f 2238 2239 2240
f 2241 2239 2242
f 2239 2238 2242
f 2242 2238 2243
f 2065 2221 2066
f 2221 2223 2066
f 2066 2223 2013
f 2223 2236 2013
f 2013 2236 2014
f 2236 2150 2014
f 2219 2244 2220
f 2244 2243 2220
f 2220 2243 2245
f 2243 2238 2245
f 2245 2238 2246
f 2238 2240 2246
f 2246 2240 2247
f 2244 2248 2243
f 2248 2249 2243
f 2243 2249 2242
f 2249 2250 2242
f 2242 2250 2241
f 2250 2251 2241
f 2241 2251 2252
f 2253 2247 2254
f 2247 2240 2254
f 2254 2240 2255
f 2240 2239 2255
f 2255 2239 2256
f 2239 2241 2256
f 2256 2241 2217
f 2241 2252 2217
f 2217 2252 2215
f 1655 2253 2257
f 2253 2254 2257
f 2257 2254 2258
f 2254 2255 2258
f 2258 2255 2259
f 2255 2256 2259
f 2259 2256 2260
f 2256 2217 2260
f 2260 2217 2214
f 2217 2216 2214
f 2214 2216 2212
f 1655 2257 2261
f 2257 2258 2261
f 2261 2258 2262
f 2258 2259 2262
f 2262 2259 2263
f 2259 2260 2263
f 2263 2260 2264
f 2260 2214 2264
f 2264 2214 2265
f 2214 2213 2265
f 2265 2213 2266
f 2222 2218 2223
f 2218 2220 2223
f 2223 2220 2232
f 2220 2245 2232
f 2232 2245 2229
f 2245 2246 2229
f 2229 2246 2224
f 2246 2247 2224
f 2224 2247 2225
f 2247 2253 2225
f 2225 2253 1655
f 2267 2268 2266
f 2268 2265 2266
f 2268 2269 2265
f 2269 2270 2265
f 2265 2270 2264
f 2270 2271 2264
f 2264 2271 2263
f 2271 2272 2263
f 2272 2273 2263
f 2273 2274 2263
f 2263 2274 2262
f 2274 2275 2262
f 2275 2276 2262
f 2262 2276 2261
f 1657 1655 2277
f 1655 2261 2277
f 2277 2261 2278
f 2261 2276 2278
f 1926 1927 2279
f 1929 1930 2280
f 1934 1935 2281
f 1937 1938 2282
f 2283 2284 1667
f 2278 2276 2285
f 2275 2274 2286
f 2273 2272 2287
f 2271 2270 2288
f 1924 2289 1922
f 2289 2290 1922
f 2290 2289 2291
f 2289 2292 2291
f 2291 2292 2293
f 2293 2292 2294
f 2292 2295 2294
f 2294 2295 2296
f 2296 2295 2297
f 2295 2298 2297
f 2297 2298 2299
f 2299 2298 2300
f 2298 2301 2300
f 2300 2301 2302
f 2302 2301 2303
f 2301 2304 2303
f 2303 2304 2305
f 2305 2304 2306
f 2304 2307 2306
f 2306 2307 2308
f 2308 2307 2309
f 2307 2310 2309
f 2309 2310 2311
f 2311 2310 2312
f 2310 2313 2312
f 2312 2313 2314
f 2314 2313 2315
f 2313 2316 2315
f 2315 2316 2317
f 2318 2319 2316
f 2319 2320 2316
f 2316 2320 2317
f 2321 2322 2323
f 2323 2324 2321
f 2324 2325 2321
f 2321 2325 2318
f 2325 2326 2318
f 2318 2326 2319
f 2267 2323 2268
f 2323 2322 2268
f 2268 2322 2269
f 1657 2277 2327
f 2277 2328 2327
f 2327 2328 1674
f 2328 2283 1674
f 1674 2283 1666
f 2283 1667 1666
f 2329 1671 2284
f 1671 1669 2284
f 2284 1669 1667
f 2330 2331 1877
f 2331 1878 1877
f 1877 1876 2330
f 1876 1875 2330
f 2330 1875 2329
f 1875 2332 2329
f 2329 2332 1671
f 2333 1869 2334
f 2333 2334 2331
f 2334 1879 2331
f 2331 1879 1878
f 2335 1870 2336
f 1870 1871 2336
f 2336 1871 2337
f 1871 1874 2337
f 2337 1874 2338
f 1874 1873 2338
f 2338 1873 2333
f 1873 1872 2333
f 2333 1872 1869
f 2335 2336 1849
f 2336 2339 1849
f 1849 2339 1851
f 2339 2340 1851
f 1851 2340 1852
f 2341 1855 2340
f 1855 1854 2340
f 2340 1854 1852
f 1842 1855 1941
f 1855 2341 1941
f 1941 2341 1940
f 1934 2281 1932
f 2277 2278 2328
f 2278 2285 2328
f 2328 2285 2283
f 2285 2342 2283
f 2283 2342 2284
f 2342 2343 2284
f 2284 2343 2329
f 2343 2344 2329
f 2329 2344 2330
f 2344 2345 2330
f 2330 2345 2331
f 2345 2346 2331
f 2331 2346 2333
f 2346 2347 2333
f 2333 2347 2338
f 2347 2348 2338
f 2338 2348 2337
f 2348 2349 2337
f 2337 2349 2336
f 2349 2350 2336
f 2336 2350 2339
f 2350 2351 2339
f 2339 2351 2340
f 2351 2352 2340
f 2340 2352 2341
f 2352 2282 2341
f 2341 2282 1940
f 2282 1938 1940
f 2276 2275 2285
f 2275 2286 2285
f 2285 2286 2342
f 2286 2353 2342
f 2342 2353 2343
f 2353 2354 2343
f 2343 2354 2344
f 2354 2355 2344
f 2344 2355 2345
f 2355 2356 2345
f 2345 2356 2346
f 2356 2357 2346
f 2346 2357 2347
f 2357 2358 2347
f 2347 2358 2348
f 2358 2359 2348
f 2348 2359 2349
f 2359 2360 2349
f 2349 2360 2350
f 2360 2361 2350
f 2350 2361 2351
f 2361 2362 2351
f 2351 2362 2352
f 2362 2363 2352
f 2352 2363 2282
f 2363 2281 2282
f 2282 2281 1937
f 2281 1935 1937
f 2274 2273 2286
f 2273 2287 2286
f 2286 2287 2353
f 2287 2364 2353
f 2353 2364 2354
f 2364 2365 2354
f 2354 2365 2355
f 2365 2366 2355
f 2355 2366 2356
f 2366 2367 2356
f 2356 2367 2357
f 2367 2368 2357
f 2357 2368 2358
f 2368 2369 2358
f 2358 2369 2359
f 2369 2370 2359
f 2359 2370 2360
f 2370 2371 2360
f 2360 2371 2361
f 2371 2372 2361
f 2361 2372 2362
f 2372 2373 2362
f 2362 2373 2363
f 2373 2374 2363
f 2363 2374 2281
f 2374 2280 2281
f 2281 2280 1932
f 2280 1930 1932
f 2272 2271 2287
f 2271 2288 2287
f 2287 2288 2364
f 2288 2375 2364
f 2364 2375 2365
f 2375 2376 2365
f 2365 2376 2366
f 2376 2377 2366
f 2366 2377 2367
f 2377 2378 2367
f 2367 2378 2368
f 2378 2379 2368
f 2368 2379 2369
f 2379 2380 2369
f 2369 2380 2370
f 2380 2381 2370
f 2370 2381 2371
f 2381 2382 2371
f 2371 2382 2372
f 2382 2383 2372
f 2372 2383 2373
f 2383 2384 2373
f 2373 2384 2374
f 2384 2385 2374
f 2374 2385 2280
f 2385 2279 2280
f 2280 2279 1929
f 2279 1927 1929
f 2270 2269 2288
f 2269 2322 2288
f 2288 2322 2375
f 2322 2321 2375
f 2375 2321 2376
f 2321 2318 2376
f 2376 2318 2377
f 2318 2316 2377
f 2377 2316 2378
f 2316 2313 2378
f 2378 2313 2379
f 2313 2310 2379
f 2379 2310 2380
f 2310 2307 2380
f 2380 2307 2381
f 2307 2304 2381
f 2381 2304 2382
f 2304 2301 2382
f 2382 2301 2383
f 2301 2298 2383
f 2383 2298 2384
f 2298 2295 2384
f 2384 2295 2385
f 2295 2292 2385
f 2385 2292 2279
f 2292 2289 2279
f 2279 2289 1926
f 2289 1924 1926
f 2386 2387 1922
f 2387 1923 1922
f 2388 2389 1988
f 2390 1942 2391
f 1942 2005 2391
f 2391 2005 1998
f 2390 2392 1942
f 2392 2393 1942
f 1942 2393 1943
f 2393 2394 1943
f 1943 2394 2008
f 1988 2389 1993
f 2389 2395 1993
f 1993 2395 1994
f 2395 2396 1994
f 1994 2396 1995
f 2396 2397 1995
f 1995 2397 1996
f 2397 2398 1996
f 1996 2398 1997
f 2398 2399 1997
f 1997 2399 1998
f 2399 2400 1998
f 1998 2400 2391
f 2388 1988 2401
f 1988 1987 2401
f 2401 1987 2402
f 1987 1986 2402
f 2402 1986 2403
f 1986 1985 2403
f 2403 1985 2404
f 1985 1984 2404
f 2404 1984 2405
f 2405 1984 2406
f 1984 1923 2406
f 2406 1923 2387
f 2008 2394 2407
f 2008 2407 2129
f 2067 2069 2408
f 2408 2409 2067
f 2409 2410 2067
f 2067 2410 2065
f 2410 2411 2065
f 2065 2411 2412
f 2413 2414 2070
f 2414 2415 2070
f 2070 2415 2069
f 2415 2416 2069
f 2069 2416 2408
f 2417 2418 2072
f 2418 2419 2072
f 2072 2419 2070
f 2419 2420 2070
f 2070 2420 2413
f 2417 2072 2421
f 2072 2073 2421
f 2421 2073 2422
f 2073 2075 2422
f 2422 2075 2423
f 2075 2424 2423
f 2423 2424 2425
f 2082 2426 2081
f 2426 2427 2081
f 2081 2427 2079
f 2427 2428 2079
f 2079 2428 2078
f 2428 2429 2078
f 2078 2429 2424
f 2429 2430 2424
f 2424 2430 2425
f 2085 2431 2084
f 2431 2432 2084
f 2084 2432 2082
f 2432 2433 2082
f 2082 2433 2426
f 2088 2434 2087
f 2434 2435 2087
f 2087 2435 2085
f 2435 2436 2085
f 2085 2436 2431
f 2437 2090 2091
f 2437 2438 2090
f 2438 2439 2090
f 2090 2439 2088
f 2439 2440 2088
f 2088 2440 2434
f 2094 2441 2093
f 2441 2442 2093
f 2093 2442 2091
f 2442 2443 2091
f 2091 2443 2437
f 2096 2097 2444
f 2444 2445 2096
f 2445 2446 2096
f 2096 2446 2094
f 2446 2447 2094
f 2094 2447 2441
f 2100 2448 2099
f 2448 2449 2099
f 2099 2449 2097
f 2449 2450 2097
f 2097 2450 2444
f 2103 2451 2102
f 2451 2452 2102
f 2102 2452 2100
f 2452 2453 2100
f 2100 2453 2448
f 2105 2454 2103
f 2454 2455 2103
f 2103 2455 2451
f 2456 2457 2109
f 2457 2108 2109
f 2457 2458 2108
f 2458 2459 2108
f 2108 2459 2106
f 2459 2460 2106
f 2106 2460 2105
f 2460 2461 2105
f 2105 2461 2454
f 2456 2109 2462
f 2109 2111 2462
f 2462 2111 2463
f 2111 2112 2463
f 2463 2112 2464
f 2465 2117 2118
f 2465 2466 2117
f 2466 2467 2117
f 2117 2467 2115
f 2467 2468 2115
f 2115 2468 2114
f 2468 2469 2114
f 2114 2469 2112
f 2469 2470 2112
f 2112 2470 2464
f 2471 2121 2472
f 2121 2123 2472
f 2472 2123 2473
f 2123 2124 2473
f 2471 2474 2121
f 2474 2475 2121
f 2121 2475 2120
f 2475 2476 2120
f 2120 2476 2118
f 2476 2477 2118
f 2118 2477 2465
f 2478 2479 2127
f 2479 2126 2127
f 2479 2480 2126
f 2480 2481 2126
f 2126 2481 2124
f 2481 2482 2124
f 2124 2482 2473
f 2407 2483 2129
f 2483 2484 2129
f 2129 2484 2128
f 2484 2485 2128
f 2485 2486 2128
f 2486 2487 2128
f 2128 2487 2127
f 2487 2488 2127
f 2127 2488 2478
f 2489 2266 2490
f 2266 2213 2490
f 2490 2213 2491
f 2213 2212 2491
f 2491 2212 2492
f 2212 2493 2492
f 2492 2493 2494
f 2493 2215 2494
f 2218 2495 2219
f 2495 2496 2219
f 2219 2496 2244
f 2496 2497 2244
f 2244 2497 2248
f 2497 2498 2248
f 2248 2498 2249
f 2498 2499 2249
f 2249 2499 2250
f 2499 2500 2250
f 2250 2500 2251
f 2500 2501 2251
f 2251 2501 2252
f 2501 2502 2252
f 2252 2502 2215
f 2502 2503 2215
f 2215 2503 2494
f 2222 2504 2218
f 2504 2505 2218
f 2218 2505 2495
f 2065 2412 2221
f 2412 2506 2221
f 2221 2506 2222
f 2506 2507 2222
f 2222 2507 2504
f 2508 2267 2489
f 2267 2266 2489
f 2305 2306 2509
f 2386 1922 2510
f 1922 2290 2510
f 2510 2290 2511
f 2290 2291 2511
f 2511 2291 2512
f 2291 2293 2512
f 2512 2293 2513
f 2293 2294 2513
f 2513 2294 2514
f 2294 2296 2514
f 2514 2296 2515
f 2296 2297 2515
f 2509 2516 2305
f 2516 2517 2305
f 2305 2517 2303
f 2517 2518 2303
f 2303 2518 2302
f 2518 2519 2302
f 2302 2519 2300
f 2519 2520 2300
f 2300 2520 2299
f 2520 2521 2299
f 2299 2521 2297
f 2521 2522 2297
f 2297 2522 2515
f 2309 2523 2308
f 2523 2524 2308
f 2308 2524 2306
f 2524 2525 2306
f 2306 2525 2509
f 2320 2526 2317
f 2526 2527 2317
f 2317 2527 2315
f 2527 2528 2315
f 2315 2528 2314
f 2528 2529 2314
f 2314 2529 2312
f 2529 2530 2312
f 2312 2530 2311
f 2530 2531 2311
f 2311 2531 2309
f 2531 2532 2309
f 2309 2532 2523
f 2267 2508 2323
f 2508 2533 2323
f 2323 2533 2324
f 2533 2534 2324
f 2534 2535 2324
f 2324 2535 2325
f 2535 2536 2325
f 2325 2536 2326
f 2536 2537 2326
f 2326 2537 2319
f 2537 2538 2319
f 2319 2538 2320
f 2538 2539 2320
f 2320 2539 2526
f 2540 2541 2542
f 2543 2544 2545
f 2544 2546 2545
f 2545 2546 2547
f 2548 2549 2550
f 2551 2552 2550
f 2552 2553 2550
f 2550 2553 2554
f 2554 2555 2550
f 2555 2556 2550
f 2550 2556 2542
f 2556 2557 2542
f 2542 2557 2540
f 2557 2558 2540
f 2540 2558 2559
f 2558 2560 2559
f 2559 2560 2561
f 2543 2545 2550
f 2545 2562 2550
f 2550 2562 2548
f 2547 2563 2545
f 2563 2564 2545
f 2545 2564 2565
f 2549 2566 2550
f 2566 2567 2550
f 2550 2567 2551
f 2568 2569 2570
f 2569 2571 2570
f 2570 2571 2572
f 2573 2574 2570
f 2574 2575 2570
f 2570 2575 2568
f 2576 2577 2570
f 2577 2578 2570
f 2570 2578 2573
f 2579 2580 2570
f 2580 2581 2570
f 2570 2581 2576
f 2582 2583 2570
f 2583 2584 2570
f 2570 2584 2579
f 2585 2586 2570
f 2586 2587 2570
f 2570 2587 2582
f 2588 2589 2570
f 2589 2590 2570
f 2570 2590 2585
f 2572 2591 2570
f 2591 2592 2570
f 2570 2592 2588
f 2593 2594 2595
f 2594 2596 2595
f 2595 2596 2597
f 2598 2599 2595
f 2599 2600 2595
f 2595 2600 2593
f 2601 2602 2595
f 2602 2603 2595
f 2595 2603 2598
f 2604 2605 2595
f 2605 2606 2595
f 2595 2606 2601
f 2607 2608 2595
f 2608 2609 2595
f 2595 2609 2604
f 2610 2611 2595
f 2611 2612 2595
f 2595 2612 2607
f 2613 2614 2595
f 2614 2615 2595
f 2595 2615 2610
f 2597 2616 2595
f 2616 2617 2595
f 2595 2617 2613
f 2618 2619 2620
f 2619 2621 2620
f 2620 2621 2622
f 2623 2624 2620
f 2624 2625 2620
f 2620 2625 2618
f 2626 2627 2620
f 2627 2628 2620
f 2620 2628 2623
f 2629 2630 2620
f 2630 2631 2620
f 2620 2631 2626
f 2632 2633 2620
f 2633 2634 2620
f 2620 2634 2629
f 2635 2636 2620
f 2636 2637 2620
f 2620 2637 2632
f 2638 2639 2620
f 2639 2640 2620
f 2620 2640 2635
f 2622 2641 2620
f 2641 2642 2620
f 2620 2642 2638
f 2643 2644 2645
f 2644 2646 2645
f 2645 2646 2647
f 2648 2649 2645
f 2649 2650 2645
f 2645 2650 2643
f 2651 2652 2645
f 2652 2653 2645
f 2645 2653 2648
f 2654 2655 2645
f 2655 2656 2645
f 2645 2656 2651
f 2657 2658 2645
f 2658 2659 2645
f 2645 2659 2654
f 2660 2661 2645
f 2661 2662 2645
f 2645 2662 2657
f 2663 2664 2645
f 2664 2665 2645
f 2645 2665 2660
f 2647 2666 2645
f 2666 2667 2645
f 2645 2667 2663
f 2668 2669 2670
f 2669 2671 2670
f 2670 2671 2672
f 2673 2674 2670
f 2674 2675 2670
f 2670 2675 2668
f 2676 2677 2670
f 2677 2678 2670
f 2670 2678 2673
f 2679 2680 2670
f 2680 2681 2670
f 2670 2681 2676
f 2682 2683 2670
f 2683 2684 2670
f 2670 2684 2679
f 2685 2686 2670
f 2686 2687 2670
f 2670 2687 2682
f 2688 2689 2670
f 2689 2690 2670
f 2670 2690 2685
f 2672 2691 2670
f 2691 2692 2670
f 2670 2692 2688
f 2693 2694 2695
f 2694 2696 2695
f 2695 2696 2697
f 2696 2698 2697
f 2697 2698 2699
f 2698 2700 2699
f 2699 2700 2701
f 2700 2702 2701
f 2701 2702 2703
f 2702 2704 2703
f 2703 2704 2705
f 2704 2706 2705
f 2705 2706 2707
f 2706 2708 2707
f 2707 2708 2709
f 2708 2710 2709
f 2709 2710 2711
f 2710 2712 2711
f 2711 2712 2713
f 2712 2714 2713
f 2713 2714 2715
f 2714 2716 2715
f 2715 2716 2717
f 2716 2718 2717
f 2717 2718 2719
f 2718 2720 2719
f 2719 2720 2721
f 2720 2722 2721
f 2721 2722 2723
f 2722 2724 2723
f 2723 2724 2725
f 2724 2726 2725
f 2725 2726 2727
f 2726 2728 2727
f 2727 2728 2729
f 2728 2730 2729
f 2729 2730 2731
f 2730 2732 2731
f 2731 2732 2733
f 2732 2734 2733
f 2733 2734 2735
f 2734 2736 2735
f 2735 2736 2737
f 2736 2738 2737
f 2737 2738 2739
f 2738 2740 2739
f 2739 2740 2693
f 2740 2694 2693
f 2741 2742 2743
f 2742 2744 2743
f 2743 2744 2745
f 2744 2746 2745
f 2745 2746 2747
f 2746 2748 2747
f 2747 2748 2749
f 2748 2750 2749
f 2749 2750 2751
f 2750 2752 2751
f 2751 2752 2753
f 2752 2754 2753
f 2753 2754 2755
f 2754 2756 2755
f 2755 2756 2757
f 2756 2758 2757
f 2757 2758 2759
f 2758 2760 2759
f 2759 2760 2761
f 2760 2762 2761
f 2761 2762 2763
f 2762 2764 2763
f 2763 2764 2765
f 2764 2766 2765
f 2765 2766 2767
f 2766 2768 2767
f 2767 2768 2769
f 2768 2770 2769
f 2769 2770 2771
f 2770 2772 2771
f 2771 2772 2773
f 2772 2774 2773
f 2773 2774 2775
f 2774 2776 2775
f 2775 2776 2777
f 2776 2778 2777
f 2777 2778 2779
f 2778 2780 2779
f 2779 2780 2781
f 2780 2782 2781
f 2781 2782 2783
f 2782 2784 2783
f 2783 2784 2785
f 2784 2786 2785
f 2785 2786 2787
f 2786 2788 2787
f 2787 2788 2741
f 2788 2742 2741
f 2789 2790 2791
f 2790 2792 2791
f 2791 2792 2793
f 2792 2794 2793
f 2793 2794 2795
f 2794 2796 2795
f 2795 2796 2797
f 2796 2798 2797
f 2797 2798 2799
f 2798 2800 2799
f 2799 2800 2801
f 2800 2802 2801
f 2801 2802 2803
f 2802 2804 2803
f 2803 2804 2805
f 2804 2806 2805
f 2805 2806 2807
f 2806 2808 2807
f 2807 2808 2809
f 2808 2810 2809
f 2809 2810 2811
f 2810 2812 2811
f 2811 2812 2813
f 2812 2814 2813
f 2813 2814 2815
f 2814 2816 2815
f 2815 2816 2817
f 2816 2818 2817
f 2817 2818 2819
f 2818 2820 2819
f 2819 2820 2821
f 2820 2822 2821
f 2821 2822 2823
f 2822 2824 2823
f 2823 2824 2825
f 2824 2826 2825
f 2825 2826 2827
f 2826 2828 2827
f 2827 2828 2829
f 2828 2830 2829
f 2829 2830 2831
f 2830 2832 2831
f 2831 2832 2833
f 2832 2834 2833
f 2833 2834 2835
f 2834 2836 2835
f 2835 2836 2789
f 2836 2790 2789
f 2837 2838 2839
f 2838 2840 2839
f 2839 2840 2841
f 2840 2842 2841
f 2841 2842 2843
f 2842 2844 2843
f 2843 2844 2845
f 2844 2846 2845
f 2845 2846 2847
f 2846 2848 2847
f 2847 2848 2849
f 2848 2850 2849
f 2849 2850 2851
f 2850 2852 2851
f 2851 2852 2853
f 2852 2854 2853
f 2853 2854 2855
f 2854 2856 2855
f 2855 2856 2857
f 2856 2858 2857
f 2857 2858 2859
f 2858 2860 2859
f 2859 2860 2861
f 2860 2862 2861
f 2861 2862 2863
f 2862 2864 2863
f 2863 2864 2865
f 2864 2866 2865
f 2865 2866 2867
f 2866 2868 2867
f 2867 2868 2869
f 2868 2870 2869
f 2869 2870 2871
f 2870 2872 2871
f 2871 2872 2873
f 2872 2874 2873
f 2873 2874 2875
f 2874 2876 2875
f 2875 2876 2877
f 2876 2878 2877
f 2877 2878 2879
f 2878 2880 2879
f 2879 2880 2881
f 2880 2882 2881
f 2881 2882 2883
f 2882 2884 2883
f 2883 2884 2837
f 2884 2838 2837
f 2885 2886 2887
f 2886 2888 2887
f 2887 2888 2889
f 2888 2890 2889
f 2889 2890 2891
f 2890 2892 2891
f 2891 2892 2893
f 2892 2894 2893
f 2893 2894 2895
f 2894 2896 2895
f 2895 2896 2897
f 2896 2898 2897
f 2897 2898 2899
f 2898 2900 2899
f 2899 2900 2901
f 2900 2902 2901
f 2901 2902 2903
f 2902 2904 2903
f 2903 2904 2905
f 2904 2906 2905
f 2905 2906 2907
f 2906 2908 2907
f 2907 2908 2909
f 2908 2910 2909
f 2909 2910 2911
f 2910 2912 2911
f 2911 2912 2913
f 2912 2914 2913
f 2913 2914 2915
f 2914 2916 2915
f 2915 2916 2917
f 2916 2918 2917
f 2917 2918 2919
f 2918 2920 2919
f 2919 2920 2921
f 2920 2922 2921
f 2921 2922 2923
f 2922 2924 2923
f 2923 2924 2925
f 2924 2926 2925
f 2925 2926 2927
f 2926 2928 2927
f 2927 2928 2929
f 2928 2930 2929
f 2929 2930 2931
f 2930 2932 2931
f 2931 2932 2885
f 2932 2886 2885
f 2933 2934 2935
f 2934 2936 2935
f 2935 2936 2937
f 2936 2938 2937
f 2937 2938 2939
f 2938 2940 2939
f 2939 2940 2941
f 2940 2942 2941
f 2941 2942 2943
f 2942 2944 2943
f 2943 2944 2945
f 2944 2946 2945
f 2945 2946 2947
f 2946 2948 2947
f 2947 2948 2949
f 2948 2950 2949
f 2949 2950 2951
f 2950 2952 2951
f 2951 2952 2953
f 2952 2954 2953
f 2953 2954 2955
f 2954 2956 2955
f 2955 2956 2957
f 2956 2958 2957
f 2957 2958 2959
f 2958 2960 2959
f 2959 2960 2961
f 2960 2962 2961
f 2961 2962 2963
f 2962 2964 2963
f 2963 2964 2965
f 2964 2966 2965
f 2965 2966 2967
f 2966 2968 2967
f 2967 2968 2969
f 2968 2970 2969
f 2969 2970 2971
f 2970 2972 2971
f 2971 2972 2973
f 2972 2974 2973
f 2973 2974 2975
f 2974 2976 2975
f 2975 2976 2977
f 2976 2978 2977
f 2977 2978 2979
f 2978 2980 2979
f 2979 2980 2933
f 2980 2934 2933
f 2981 2982 2983
f 2982 2984 2983
f 2983 2984 2985
f 2984 2986 2985
f 2985 2986 2987
f 2986 2988 2987
f 2987 2988 2989
f 2988 2990 2989
f 2989 2990 2991
f 2990 2992 2991
f 2991 2992 2993
f 2992 2994 2993
f 2993 2994 2995
f 2994 2996 2995
f 2995 2996 2997
f 2996 2998 2997
f 2997 2998 2999
f 2998 3000 2999
f 2999 3000 3001
f 3000 3002 3001
f 3001 3002 3003
f 3002 3004 3003
f 3003 3004 3005
f 3004 3006 3005
f 3005 3006 3007
f 3006 3008 3007
f 3007 3008 3009
f 3008 3010 3009
f 3009 3010 3011
f 3010 3012 3011
f 3011 3012 3013
f 3012 3014 3013
f 3013 3014 3015
f 3014 3016 3015
f 3015 3016 3017
f 3016 3018 3017
f 3017 3018 3019
f 3018 3020 3019
f 3019 3020 3021
f 3020 3022 3021
f 3021 3022 3023
f 3022 3024 3023
f 3023 3024 3025
f 3024 3026 3025
f 3025 3026 3027
f 3026 3028 3027
f 3027 3028 2981
f 3028 2982 2981
f 3029 3030 3031
f 3030 3032 3031
f 3031 3032 3033
f 3032 3034 3033
f 3033 3034 3035
f 3034 3036 3035
f 3035 3036 3037
f 3036 3038 3037
f 3037 3038 3039
f 3038 3040 3039
f 3039 3040 3041
f 3040 3042 3041
f 3041 3042 3043
f 3042 3044 3043
f 3043 3044 3045
f 3044 3046 3045
f 3045 3046 3047
f 3046 3048 3047
f 3047 3048 3049
f 3048 3050 3049
f 3049 3050 3051
f 3050 3052 3051
f 3051 3052 3053
f 3052 3054 3053
f 3053 3054 3055
f 3054 3056 3055
f 3055 3056 3057
f 3056 3058 3057
f 3057 3058 3059
f 3058 3060 3059
f 3059 3060 3061
f 3060 3062 3061
f 3061 3062 3063
f 3062 3064 3063
f 3063 3064 3065
f 3064 3066 3065
f 3065 3066 3067
f 3066 3068 3067
f 3067 3068 3069
f 3068 3070 3069
f 3069 3070 3071
f 3070 3072 3071
f 3071 3072 3073
f 3072 3074 3073
f 3073 3074 3075
f 3074 3076 3075
f 3075 3076 3029
f 3076 3030 3029
f 3077 3078 3079
f 3078 3080 3079
f 3079 3080 3081
f 3080 3082 3081
f 3081 3082 3083
f 3082 3084 3083
f 3083 3084 3085
f 3084 3086 3085
f 3085 3086 3087
f 3086 3088 3087
f 3087 3088 3089
f 3088 3090 3089
f 3089 3090 3091
f 3090 3092 3091
f 3091 3092 3093
f 3092 3094 3093
f 3093 3094 3095
f 3094 3096 3095
f 3095 3096 3097
f 3096 3098 3097
f 3097 3098 3099
f 3098 3100 3099
f 3099 3100 3101
f 3100 3102 3101
f 3101 3102 3103
f 3102 3104 3103
f 3103 3104 3105
f 3104 3106 3105
f 3105 3106 3107
f 3106 3108 3107
f 3107 3108 3109
f 3108 3110 3109
f 3109 3110 3111
f 3110 3112 3111
f 3111 3112 3113
f 3112 3114 3113
f 3113 3114 3115
f 3114 3116 3115
f 3115 3116 3117
f 3116 3118 3117
f 3117 3118 3119
f 3118 3120 3119
f 3119 3120 3121
f 3120 3122 3121
f 3121 3122 3123
f 3122 3124 3123
f 3123 3124 3077
f 3124 3078 3077
f 3125 3126 3127
f 3126 3128 3127
f 3127 3128 3129
f 3128 3130 3129
f 3129 3130 3131
f 3130 3132 3131
f 3131 3132 3133
f 3132 3134 3133
f 3133 3134 3135
f 3134 3136 3135
f 3135 3136 3137
f 3136 3138 3137
f 3137 3138 3139
f 3138 3140 3139
f 3139 3140 3141
f 3140 3142 3141
f 3141 3142 3143
f 3142 3144 3143
f 3143 3144 3145
f 3144 3146 3145
f 3145 3146 3147
f 3146 3148 3147
f 3147 3148 3149
f 3148 3150 3149
f 3149 3150 3151
f 3150 3152 3151
f 3151 3152 3153
f 3152 3154 3153
f 3153 3154 3155
f 3154 3156 3155
f 3155 3156 3157
f 3156 3158 3157
f 3157 3158 3159
f 3158 3160 3159
f 3159 3160 3161
f 3160 3162 3161
f 3161 3162 3163
f 3162 3164 3163
f 3163 3164 3165
f 3164 3166 3165
f 3165 3166 3167
f 3166 3168 3167
f 3167 3168 3169
f 3168 3170 3169
f 3169 3170 3171
f 3170 3172 3171
f 3171 3172 3125
f 3172 3126 3125
f 3173 3174 3175
f 3173 3175 3176
f 3175 3177 3176
f 3176 3177 3178
f 3177 3179 3178
f 3178 3179 3180
f 3179 3181 3180
f 3180 3181 3182
f 3181 3183 3182
f 3182 3183 3184
f 3183 3185 3184
f 3184 3185 3186
f 3173 3187 3174
f 3187 3188 3174
f 3189 3190 3191
f 3190 3192 3191
f 3193 3194 3195
f 3194 3196 3195
f 3193 3195 3197
f 3193 3197 3198
f 3197 3199 3198
f 3198 3199 3200
f 3199 3201 3200
f 3200 3201 3202
f 3201 3203 3202
f 3202 3203 3204
f 3203 3205 3204
f 3204 3205 3206
f 3205 3207 3206
f 3206 3207 3208
f 3207 3209 3208
f 3208 3209 3210
f 3209 3211 3210
f 3211 3212 3210
f 3213 3214 3215
f 3214 3216 3215
f 3217 3218 3219
f 3218 3220 3219
f 3221 3222 3223
f 3221 3223 3224
f 3223 3225 3224
f 3224 3225 3226
f 3225 3227 3226
f 3226 3227 3228
f 3227 3229 3228
f 3228 3229 3230
f 3229 3231 3230
f 3230 3231 3232
f 3231 3217 3232
f 3232 3217 3219
f 3221 3233 3222
f 3233 3234 3222
f 3235 3236 3237
f 3236 3238 3237
f 3239 3240 3241
f 3240 3242 3241
f 3239 3241 3243
f 3239 3243 3244
f 3243 3245 3244
f 3244 3245 3246
f 3245 3247 3246
f 3246 3247 3248
f 3247 3249 3248
f 3248 3249 3250
f 3249 3251 3250
f 3250 3251 3252
f 3251 3253 3252
f 3252 3253 3254
f 3255 3256 3185
f 3255 3185 3257
f 3258 3259 3185
f 3259 3260 3185
f 3185 3261 3262
f 3256 3263 3185
f 3263 3264 3185
f 3185 3264 3186
f 3185 3265 3266
f 3260 3267 3185
f 3267 3268 3185
f 3185 3268 3261
f 3262 3269 3185
f 3269 3270 3185
f 3185 3270 3257
f 3266 3271 3185
f 3271 3272 3185
f 3185 3272 3258
f 3273 3274 3275
f 3274 3273 3276
f 3277 3278 3279
f 3280 3281 3282
f 3281 3283 3282
f 3282 3283 3284
f 3285 3286 3281
f 3286 3287 3281
f 3281 3287 3283
f 3288 3289 3290
f 3289 3291 3290
f 3290 3291 3285
f 3291 3292 3285
f 3285 3292 3286
f 3293 3294 3295
f 3294 3296 3295
f 3295 3296 3297
f 3296 3298 3297
f 3297 3298 3299
f 3298 3300 3299
f 3301 3302 3303
f 3302 3304 3303
f 3303 3304 3293
f 3305 3306 3301
f 3275 3307 3273
f 3307 3308 3273
f 3273 3308 3309
f 3308 3310 3309
f 3310 3311 3309
f 3309 3311 3312
f 3311 3313 3312
f 3313 3314 3312
f 3312 3314 3315
f 3300 3288 3299
f 3288 3290 3299
f 3299 3290 3297
f 3290 3316 3297
f 3297 3316 3295
f 3316 3317 3295
f 3280 3277 3281
f 3277 3279 3281
f 3281 3279 3285
f 3279 3318 3285
f 3285 3318 3290
f 3318 3319 3290
f 3290 3319 3316
f 3319 3320 3316
f 3316 3320 3317
f 3320 3321 3317
f 3278 3276 3279
f 3276 3273 3279
f 3279 3273 3318
f 3273 3309 3318
f 3318 3309 3319
f 3309 3312 3319
f 3319 3312 3320
f 3312 3315 3320
f 3320 3315 3321
f 3315 3322 3321
f 3314 3323 3315
f 3323 3324 3315
f 3315 3324 3322
f 3324 3325 3322
f 3322 3325 3326
f 3293 3295 3303
f 3295 3317 3303
f 3303 3317 3327
f 3317 3321 3327
f 3327 3321 3328
f 3321 3322 3328
f 3328 3322 3329
f 3322 3326 3329
f 3329 3326 3330
f 3301 3303 3305
f 3303 3327 3305
f 3305 3327 3331
f 3327 3328 3331
f 3331 3328 3332
f 3328 3329 3332
f 3332 3329 3333
f 3329 3330 3333
f 3333 3330 3334
f 3275 3335 3307
f 3335 3336 3307
f 3307 3336 3308
f 3308 3336 3310
f 3336 3337 3310
f 3310 3337 3311
f 3311 3337 3313
f 3337 3338 3313
f 3313 3338 3314
f 3314 3338 3323
f 3338 3339 3323
f 3323 3339 3324
f 3324 3339 3325
f 3339 3340 3325
f 3325 3340 3326
f 3326 3340 3330
f 3340 3341 3330
f 3330 3341 3334
f 3342 3343 3344
f 3343 3345 3344
f 3345 3343 3346
f 3343 3347 3346
f 3346 3347 3348
f 3347 3349 3348
f 3348 3349 3350
f 3349 3351 3350
f 3350 3351 3352
f 3351 3353 3352
f 3352 3353 3354
f 3353 3355 3354
f 3354 3355 3356
f 3355 3357 3356
f 3356 3357 3358
f 3357 3359 3358
f 3358 3359 3360
f 3359 3361 3360
f 3360 3361 3362
f 3361 3363 3362
f 3362 3363 3364
f 3363 3365 3364
f 3365 3366 3364
f 3364 3366 3367
f 3343 3342 3368
f 3369 3370 3371
f 3372 3373 3374
f 3375 3376 3377
f 3376 3378 3379
f 3378 3380 3379
f 3379 3380 3381
f 3375 3377 3373
f 3372 3374 3382
f 3374 3383 3382
f 3382 3383 3384
f 3370 3385 3386
f 3385 3387 3386
f 3386 3387 3384
f 3369 3371 3388
f 3371 3389 3388
f 3388 3389 3390
f 3391 3347 3343
f 3343 3368 3391
f 3368 3392 3391
f 3391 3392 3393
f 3392 3394 3393
f 3394 3395 3393
f 3393 3395 3371
f 3395 3396 3371
f 3371 3396 3397
f 3398 3351 3349
f 3370 3386 3371
f 3386 3399 3371
f 3371 3399 3393
f 3399 3398 3393
f 3393 3398 3391
f 3398 3349 3391
f 3391 3349 3347
f 3400 3355 3353
f 3384 3383 3386
f 3383 3401 3386
f 3386 3401 3399
f 3401 3400 3399
f 3399 3400 3398
f 3400 3353 3398
f 3398 3353 3351
f 3402 3359 3357
f 3373 3377 3374
f 3377 3403 3374
f 3374 3403 3383
f 3403 3404 3383
f 3383 3404 3401
f 3404 3402 3401
f 3401 3402 3400
f 3402 3357 3400
f 3400 3357 3355
f 3405 3363 3361
f 3376 3379 3377
f 3379 3406 3377
f 3377 3406 3403
f 3406 3407 3403
f 3403 3407 3404
f 3407 3405 3404
f 3404 3405 3402
f 3405 3361 3402
f 3402 3361 3359
f 3408 3366 3365
f 3381 3409 3379
f 3409 3410 3379
f 3379 3410 3406
f 3410 3411 3406
f 3406 3411 3407
f 3411 3408 3407
f 3407 3408 3405
f 3408 3365 3405
f 3405 3365 3363
f 3254 3253 3412
f 3413 3414 3415
f 3414 3416 3415
f 3415 3416 3417
f 3417 3418 3415
f 3418 3419 3415
f 3415 3419 3420
f 3254 3412 3415
f 3412 3421 3415
f 3415 3421 3413
f 3420 3422 3415
f 3422 3423 3415
f 3415 3423 3424
f 3425 3426 3424
f 3426 3427 3424
f 3424 3427 3415
f 3428 3429 3430
f 3431 3432 3433
f 3434 3435 3436
f 3437 3438 3439
f 3438 3440 3439
f 3439 3440 3441
f 3436 3435 3430
f 3435 3442 3430
f 3430 3442 3428
f 3434 3436 3443
f 3436 3433 3443
f 3443 3433 3441
f 3433 3432 3441
f 3441 3432 3439
f 3444 3445 3446
f 3445 3447 3446
f 3446 3447 3448
f 3447 3449 3448
f 3448 3449 3450
f 3449 3451 3450
f 3450 3451 3452
f 3451 3453 3452
f 3452 3453 3436
f 3453 3454 3436
f 3436 3454 3433
f 3455 3456 3457
f 3458 3459 3460
f 3433 3461 3431
f 3461 3462 3431
f 3431 3462 3463
f 3462 3464 3463
f 3463 3464 3465
f 3464 3466 3465
f 3465 3466 3467
f 3466 3468 3467
f 3467 3468 3469
f 3470 3471 3472
f 3471 3473 3472
f 3472 3473 3474
f 3473 3467 3474
f 3474 3467 3475
f 3467 3469 3475
f 3476 3477 3459
f 3477 3478 3459
f 3459 3478 3460
f 3479 3480 3481
f 3460 3455 3458
f 3455 3457 3458
f 3458 3457 3482
f 3457 3483 3482
f 3482 3483 3484
f 3483 3485 3484
f 3484 3485 3486
f 3485 3487 3486
f 3486 3487 3488
f 3487 3475 3488
f 3488 3475 3489
f 3475 3469 3489
f 3444 3479 3445
f 3479 3481 3445
f 3445 3481 3490
f 3481 3491 3490
f 3490 3491 3492
f 3491 3493 3492
f 3492 3493 3494
f 3493 3495 3494
f 3494 3495 3476
f 3495 3496 3476
f 3476 3496 3477
f 3497 3341 3498
f 3498 3341 3499
f 3500 3499 3341
f 3501 3500 3341
f 3502 3501 3341
f 3503 3502 3341
f 3504 3503 3341
f 3340 3504 3341
f 3505 3506 3507
f 3340 3339 3508
f 3339 3338 3509
f 3338 3337 3510
f 3337 3336 3511
f 3512 3513 3514
f 3514 3515 3512
f 3515 3516 3512
f 3512 3516 3517
f 3516 3518 3517
f 3517 3518 3519
f 3518 3520 3519
f 3519 3520 3521
f 3520 3522 3521
f 3521 3522 3523
f 3522 3524 3523
f 3523 3524 3525
f 3524 3511 3525
f 3525 3511 3526
f 3511 3336 3526
f 3526 3336 3335
f 3337 3511 3510
f 3511 3524 3510
f 3510 3524 3527
f 3524 3522 3527
f 3527 3522 3528
f 3522 3520 3528
f 3528 3520 3529
f 3520 3518 3529
f 3529 3518 3530
f 3518 3516 3530
f 3530 3516 3531
f 3516 3515 3531
f 3531 3515 3532
f 3338 3510 3509
f 3510 3527 3509
f 3509 3527 3533
f 3527 3528 3533
f 3533 3528 3534
f 3528 3529 3534
f 3534 3529 3535
f 3529 3530 3535
f 3535 3530 3536
f 3530 3531 3536
f 3536 3531 3537
f 3531 3532 3537
f 3537 3532 3538
f 3514 3539 3515
f 3539 3540 3515
f 3515 3540 3532
f 3540 3541 3532
f 3532 3541 3538
f 3541 3542 3538
f 3538 3542 3543
f 3339 3509 3508
f 3509 3533 3508
f 3508 3533 3544
f 3533 3534 3544
f 3544 3534 3545
f 3534 3535 3545
f 3545 3535 3546
f 3535 3536 3546
f 3546 3536 3547
f 3536 3537 3547
f 3547 3537 3548
f 3537 3538 3548
f 3548 3538 3505
f 3538 3543 3505
f 3505 3543 3506
f 3340 3508 3504
f 3508 3544 3504
f 3504 3544 3503
f 3544 3545 3503
f 3503 3545 3502
f 3545 3546 3502
f 3502 3546 3501
f 3546 3547 3501
f 3501 3547 3500
f 3547 3548 3500
f 3500 3548 3499
f 3548 3505 3499
f 3499 3505 3498
f 3505 3507 3498
f 3498 3507 3497
f 3549 3550 3551
f 3552 3553 3554
f 3553 3555 3554
f 3554 3555 3556
f 3550 3557 3551
f 3557 3558 3551
f 3551 3558 3559
f 3560 3561 3562
f 3561 3563 3562
f 3562 3563 3564
f 3565 3566 3567
f 3568 3569 3570
f 3554 3571 3572
f 3573 3574 3552
f 3558 3575 3559
f 3575 3576 3559
f 3559 3576 3577
f 3576 3578 3577
f 3577 3578 3579
f 3578 3580 3579
f 3579 3580 3581
f 3580 3582 3581
f 3581 3582 3583
f 3582 3584 3583
f 3583 3584 3585
f 3584 3586 3585
f 3585 3586 3587
f 3570 3569 3588
f 3554 3572 3589
f 3590 3591 3592
f 3591 3593 3592
f 3332 3333 3594
f 3595 3560 3596
f 3560 3597 3596
f 3596 3597 3598
f 3595 3599 3560
f 3599 3600 3560
f 3560 3600 3561
f 3600 3601 3561
f 3561 3601 3593
f 3601 3602 3593
f 3593 3602 3592
f 3572 3603 3589
f 3603 3604 3589
f 3589 3604 3605
f 3604 3606 3605
f 3605 3606 3607
f 3606 3608 3607
f 3607 3608 3609
f 3608 3610 3609
f 3609 3610 3611
f 3610 3612 3611
f 3611 3612 3613
f 3612 3614 3613
f 3613 3614 3615
f 3616 3617 3618
f 3619 3620 3621
f 3569 3622 3588
f 3622 3623 3588
f 3588 3623 3556
f 3623 3624 3556
f 3556 3624 3554
f 3624 3625 3554
f 3554 3625 3571
f 3626 3562 3627
f 3562 3564 3627
f 3627 3564 3628
f 3564 3629 3628
f 3552 3574 3553
f 3574 3630 3553
f 3553 3630 3631
f 3632 3633 3634
f 3633 3631 3634
f 3634 3631 3635
f 3631 3630 3635
f 3632 3636 3633
f 3636 3637 3633
f 3633 3637 3629
f 3637 3638 3629
f 3629 3638 3628
f 3590 3639 3591
f 3639 3640 3591
f 3591 3640 3641
f 3614 3642 3615
f 3642 3643 3615
f 3615 3643 3616
f 3643 3644 3616
f 3616 3644 3617
f 3567 3549 3565
f 3549 3551 3565
f 3565 3551 3645
f 3551 3616 3645
f 3645 3616 3620
f 3616 3618 3620
f 3620 3618 3621
f 3626 3646 3562
f 3646 3647 3562
f 3562 3647 3648
f 3649 3650 3552
f 3650 3651 3552
f 3552 3651 3573
f 3594 3333 3652
f 3586 3653 3587
f 3653 3654 3587
f 3587 3654 3381
f 3654 3655 3381
f 3381 3655 3409
f 3655 3656 3409
f 3409 3656 3410
f 3656 3657 3410
f 3410 3657 3411
f 3658 3367 3659
f 3367 3366 3659
f 3659 3366 3657
f 3366 3408 3657
f 3657 3408 3411
f 3660 3661 3662
f 3661 3658 3662
f 3662 3658 3663
f 3658 3659 3663
f 3660 3664 3661
f 3664 3665 3661
f 3661 3665 3566
f 3665 3666 3566
f 3566 3666 3567
f 3621 3667 3619
f 3667 3668 3619
f 3619 3668 3570
f 3668 3669 3570
f 3570 3669 3568
f 3640 3670 3641
f 3670 3671 3641
f 3641 3671 3341
f 3671 3652 3341
f 3341 3652 3334
f 3652 3333 3334
f 3598 3597 3672
f 3597 3673 3672
f 3672 3673 3674
f 3673 3675 3674
f 3674 3675 3676
f 3675 3677 3676
f 3676 3677 3678
f 3677 3679 3678
f 3678 3679 3680
f 3679 3681 3680
f 3680 3681 3682
f 3681 3683 3682
f 3682 3683 3684
f 3684 3683 3685
f 3683 3306 3685
f 3685 3306 3686
f 3306 3305 3686
f 3686 3305 3594
f 3305 3331 3594
f 3594 3331 3332
f 3647 3687 3648
f 3687 3688 3648
f 3648 3688 3689
f 3688 3690 3689
f 3689 3690 3691
f 3690 3692 3691
f 3691 3692 3693
f 3692 3694 3693
f 3693 3694 3695
f 3694 3696 3695
f 3695 3696 3697
f 3697 3696 3698
f 3696 3699 3698
f 3698 3699 3649
f 3699 3700 3649
f 3649 3700 3650
f 3364 3367 3701
f 3702 3703 3367
f 3704 3705 3706
f 3707 3708 3709
f 3708 3710 3709
f 3709 3710 3711
f 3344 3345 3712
f 3345 3713 3712
f 3714 3715 3716
f 3715 3717 3716
f 3716 3717 3718
f 3717 3719 3718
f 3718 3719 3720
f 3721 3707 3722
f 3707 3709 3722
f 3722 3709 3723
f 3709 3711 3723
f 3723 3711 3724
f 3345 3346 3713
f 3346 3348 3713
f 3713 3348 3725
f 3726 3721 3727
f 3721 3722 3727
f 3727 3722 3728
f 3722 3723 3728
f 3728 3723 3729
f 3723 3724 3729
f 3729 3724 3730
f 3348 3350 3725
f 3350 3352 3725
f 3725 3352 3731
f 3705 3704 3732
f 3704 3733 3732
f 3733 3734 3732
f 3732 3734 3719
f 3734 3735 3719
f 3719 3735 3720
f 3715 3726 3717
f 3726 3727 3717
f 3717 3727 3719
f 3727 3728 3719
f 3719 3728 3732
f 3728 3729 3732
f 3732 3729 3705
f 3729 3730 3705
f 3705 3730 3706
f 3736 3737 3738
f 3352 3354 3731
f 3354 3356 3731
f 3731 3356 3739
f 3703 3702 3738
f 3738 3737 3703
f 3737 3740 3703
f 3703 3740 3367
f 3741 3712 3742
f 3712 3713 3742
f 3742 3713 3743
f 3713 3725 3743
f 3743 3725 3744
f 3725 3731 3744
f 3744 3731 3745
f 3731 3739 3745
f 3745 3739 3746
f 3739 3701 3746
f 3746 3701 3367
f 3367 3747 3706
f 3747 3748 3706
f 3706 3748 3704
f 3710 3749 3711
f 3749 3750 3711
f 3711 3750 3724
f 3750 3751 3724
f 3724 3751 3730
f 3751 3752 3730
f 3730 3752 3706
f 3752 3367 3706
f 3749 3736 3750
f 3736 3738 3750
f 3750 3738 3751
f 3738 3702 3751
f 3751 3702 3752
f 3702 3367 3752
f 3356 3753 3739
f 3753 3360 3739
f 3739 3360 3701
f 3360 3362 3701
f 3701 3362 3364
f 3708 3741 3710
f 3741 3742 3710
f 3710 3742 3749
f 3742 3743 3749
f 3749 3743 3736
f 3743 3744 3736
f 3736 3744 3737
f 3744 3745 3737
f 3737 3745 3740
f 3745 3746 3740
f 3740 3746 3367
f 3754 3755 3756
f 3755 3757 3756
f 3756 3757 3758
f 3757 3759 3758
f 3758 3759 3760
f 3759 3761 3760
f 3760 3761 3762
f 3761 3763 3762
f 3275 3274 3764
f 3274 3765 3764
f 3274 3276 3765
f 3276 3278 3765
f 3765 3278 3766
f 3284 3762 3767
f 3762 3763 3767
f 3767 3763 3280
f 3763 3766 3280
f 3280 3766 3277
f 3766 3278 3277
f 3275 3764 3335
f 3764 3768 3335
f 3344 3769 3342
f 3769 3770 3342
f 3771 3390 3389
f 3772 3773 3774
f 3773 3775 3774
f 3774 3775 3776
f 3775 3777 3776
f 3776 3777 3778
f 3777 3779 3778
f 3778 3779 3780
f 3779 3771 3781
f 3771 3389 3781
f 3781 3389 3782
f 3389 3396 3782
f 3396 3395 3782
f 3782 3395 3783
f 3395 3394 3783
f 3394 3392 3783
f 3783 3392 3770
f 3392 3368 3770
f 3770 3368 3342
f 3335 3768 3784
f 3335 3784 3526
f 3784 3785 3526
f 3526 3785 3525
f 3785 3786 3525
f 3525 3786 3523
f 3786 3787 3523
f 3523 3787 3521
f 3787 3788 3521
f 3521 3788 3519
f 3788 3789 3519
f 3519 3789 3517
f 3789 3790 3517
f 3517 3790 3512
f 3790 3791 3512
f 3512 3791 3513
f 3792 3793 3794
f 3795 3796 3797
f 3798 3799 3800
f 3801 3802 3803
f 3804 3805 3806
f 3807 3808 3809
f 3810 3811 3812
f 3813 3814 3815
f 3816 3817 3818
f 3819 3820 3821
f 3822 3823 3824
f 3825 3826 3827
f 3828 3829 3830
f 3831 3832 3833
f 3834 3835 3836
f 3837 3838 3839
f 3840 3841 3842
f 3843 3844 3845
f 3846 3641 3341
f 3367 3658 3747
f 3658 3847 3747
f 3747 3847 3748
f 3847 3848 3748
f 3748 3848 3704
f 3341 3497 3846
f 3497 3507 3846
f 3846 3507 3849
f 3507 3506 3849
f 3849 3506 3850
f 3704 3848 3733
f 3848 3851 3733
f 3733 3851 3734
f 3851 3852 3734
f 3734 3852 3735
f 3506 3543 3850
f 3543 3542 3850
f 3850 3542 3853
f 3542 3541 3853
f 3853 3541 3854
f 3855 3856 3857
f 3856 3858 3857
f 3735 3852 3720
f 3852 3859 3720
f 3720 3859 3718
f 3859 3857 3718
f 3718 3857 3716
f 3857 3858 3716
f 3716 3858 3714
f 3844 3855 3845
f 3855 3857 3845
f 3845 3857 3860
f 3857 3859 3860
f 3860 3859 3861
f 3859 3852 3861
f 3861 3852 3862
f 3852 3851 3862
f 3862 3851 3863
f 3851 3848 3863
f 3863 3848 3864
f 3848 3847 3864
f 3864 3847 3661
f 3847 3658 3661
f 3841 3843 3842
f 3843 3845 3842
f 3842 3845 3865
f 3845 3860 3865
f 3865 3860 3866
f 3860 3861 3866
f 3866 3861 3867
f 3861 3862 3867
f 3867 3862 3868
f 3862 3863 3868
f 3868 3863 3869
f 3863 3864 3869
f 3869 3864 3566
f 3864 3661 3566
f 3838 3840 3839
f 3840 3842 3839
f 3839 3842 3870
f 3842 3865 3870
f 3870 3865 3871
f 3865 3866 3871
f 3871 3866 3872
f 3866 3867 3872
f 3872 3867 3873
f 3867 3868 3873
f 3873 3868 3874
f 3868 3869 3874
f 3874 3869 3565
f 3869 3566 3565
f 3835 3837 3836
f 3837 3839 3836
f 3836 3839 3875
f 3839 3870 3875
f 3875 3870 3876
f 3870 3871 3876
f 3876 3871 3877
f 3871 3872 3877
f 3877 3872 3878
f 3872 3873 3878
f 3878 3873 3879
f 3873 3874 3879
f 3879 3874 3645
f 3874 3565 3645
f 3832 3834 3833
f 3834 3836 3833
f 3833 3836 3880
f 3836 3875 3880
f 3880 3875 3881
f 3875 3876 3881
f 3881 3876 3882
f 3876 3877 3882
f 3882 3877 3883
f 3877 3878 3883
f 3883 3878 3884
f 3878 3879 3884
f 3884 3879 3620
f 3879 3645 3620
f 3829 3831 3830
f 3831 3833 3830
f 3830 3833 3885
f 3833 3880 3885
f 3885 3880 3886
f 3880 3881 3886
f 3886 3881 3887
f 3881 3882 3887
f 3887 3882 3888
f 3882 3883 3888
f 3888 3883 3889
f 3883 3884 3889
f 3889 3884 3619
f 3884 3620 3619
f 3826 3828 3827
f 3828 3830 3827
f 3827 3830 3890
f 3830 3885 3890
f 3890 3885 3891
f 3885 3886 3891
f 3891 3886 3892
f 3886 3887 3892
f 3892 3887 3893
f 3887 3888 3893
f 3893 3888 3894
f 3888 3889 3894
f 3894 3889 3570
f 3889 3619 3570
f 3823 3825 3824
f 3825 3827 3824
f 3824 3827 3895
f 3827 3890 3895
f 3895 3890 3896
f 3890 3891 3896
f 3896 3891 3897
f 3891 3892 3897
f 3897 3892 3898
f 3892 3893 3898
f 3898 3893 3899
f 3893 3894 3899
f 3899 3894 3588
f 3894 3570 3588
f 3900 3822 3901
f 3822 3824 3901
f 3901 3824 3902
f 3824 3895 3902
f 3902 3895 3903
f 3895 3896 3903
f 3903 3896 3904
f 3896 3897 3904
f 3904 3897 3905
f 3897 3898 3905
f 3905 3898 3906
f 3898 3899 3906
f 3906 3899 3556
f 3899 3588 3556
f 3556 3555 3906
f 3555 3907 3906
f 3906 3907 3905
f 3907 3908 3905
f 3905 3908 3904
f 3908 3909 3904
f 3904 3909 3903
f 3909 3910 3903
f 3903 3910 3902
f 3910 3911 3902
f 3902 3911 3901
f 3911 3912 3901
f 3901 3912 3900
f 3912 3913 3900
f 3555 3553 3907
f 3553 3914 3907
f 3907 3914 3908
f 3914 3915 3908
f 3908 3915 3909
f 3915 3916 3909
f 3909 3916 3910
f 3916 3917 3910
f 3910 3917 3911
f 3917 3918 3911
f 3911 3918 3912
f 3918 3821 3912
f 3912 3821 3913
f 3821 3820 3913
f 3817 3819 3818
f 3819 3821 3818
f 3818 3821 3919
f 3821 3918 3919
f 3919 3918 3920
f 3918 3917 3920
f 3920 3917 3921
f 3917 3916 3921
f 3921 3916 3922
f 3916 3915 3922
f 3922 3915 3923
f 3915 3914 3923
f 3923 3914 3631
f 3914 3553 3631
f 3814 3816 3815
f 3816 3818 3815
f 3815 3818 3924
f 3818 3919 3924
f 3924 3919 3925
f 3919 3920 3925
f 3925 3920 3926
f 3920 3921 3926
f 3926 3921 3927
f 3921 3922 3927
f 3927 3922 3928
f 3922 3923 3928
f 3928 3923 3633
f 3923 3631 3633
f 3811 3813 3812
f 3813 3815 3812
f 3812 3815 3929
f 3815 3924 3929
f 3929 3924 3930
f 3924 3925 3930
f 3930 3925 3931
f 3925 3926 3931
f 3931 3926 3932
f 3926 3927 3932
f 3932 3927 3933
f 3927 3928 3933
f 3933 3928 3629
f 3928 3633 3629
f 3808 3810 3809
f 3810 3812 3809
f 3809 3812 3934
f 3812 3929 3934
f 3934 3929 3935
f 3929 3930 3935
f 3935 3930 3936
f 3930 3931 3936
f 3936 3931 3937
f 3931 3932 3937
f 3937 3932 3938
f 3932 3933 3938
f 3938 3933 3564
f 3933 3629 3564
f 3805 3807 3806
f 3807 3809 3806
f 3806 3809 3939
f 3809 3934 3939
f 3939 3934 3940
f 3934 3935 3940
f 3940 3935 3941
f 3935 3936 3941
f 3941 3936 3942
f 3936 3937 3942
f 3942 3937 3943
f 3937 3938 3943
f 3943 3938 3563
f 3938 3564 3563
f 3802 3804 3803
f 3804 3806 3803
f 3803 3806 3944
f 3806 3939 3944
f 3944 3939 3945
f 3939 3940 3945
f 3945 3940 3946
f 3940 3941 3946
f 3946 3941 3947
f 3941 3942 3947
f 3947 3942 3948
f 3942 3943 3948
f 3948 3943 3561
f 3943 3563 3561
f 3799 3801 3800
f 3801 3803 3800
f 3800 3803 3949
f 3803 3944 3949
f 3949 3944 3950
f 3944 3945 3950
f 3950 3945 3951
f 3945 3946 3951
f 3951 3946 3952
f 3946 3947 3952
f 3952 3947 3953
f 3947 3948 3953
f 3953 3948 3593
f 3948 3561 3593
f 3796 3798 3797
f 3798 3800 3797
f 3797 3800 3954
f 3800 3949 3954
f 3954 3949 3955
f 3949 3950 3955
f 3955 3950 3956
f 3950 3951 3956
f 3956 3951 3957
f 3951 3952 3957
f 3957 3952 3958
f 3952 3953 3958
f 3958 3953 3591
f 3953 3593 3591
f 3793 3795 3794
f 3795 3797 3794
f 3794 3797 3854
f 3797 3954 3854
f 3854 3954 3853
f 3954 3955 3853
f 3853 3955 3850
f 3955 3956 3850
f 3850 3956 3849
f 3956 3957 3849
f 3849 3957 3846
f 3957 3958 3846
f 3846 3958 3641
f 3958 3591 3641
f 3513 3792 3514
f 3792 3794 3514
f 3514 3794 3539
f 3794 3854 3539
f 3539 3854 3540
f 3854 3541 3540
f 3714 3959 3960
f 3714 3960 3715
f 3960 3961 3715
f 3715 3961 3726
f 3961 3962 3726
f 3726 3962 3721
f 3962 3963 3721
f 3721 3963 3707
f 3963 3964 3707
f 3707 3964 3708
f 3964 3965 3708
f 3708 3965 3741
f 3965 3966 3741
f 3741 3966 3712
f 3966 3769 3712
f 3712 3769 3344
f 3959 3714 3858
f 3513 3791 3967
f 3967 3791 3968
f 3969 3822 3970
f 3822 3900 3970
f 3971 3972 3828
f 3828 3826 3971
f 3826 3825 3971
f 3971 3825 3969
f 3825 3823 3969
f 3969 3823 3822
f 3973 3974 3834
f 3834 3832 3973
f 3832 3831 3973
f 3973 3831 3972
f 3831 3829 3972
f 3972 3829 3828
f 3975 3976 3840
f 3840 3838 3975
f 3838 3837 3975
f 3975 3837 3974
f 3837 3835 3974
f 3974 3835 3834
f 3977 3978 3855
f 3855 3844 3977
f 3844 3843 3977
f 3977 3843 3976
f 3843 3841 3976
f 3976 3841 3840
f 3791 3979 3968
f 3979 3980 3968
f 3968 3980 3981
f 3980 3982 3981
f 3981 3982 3983
f 3982 3959 3983
f 3983 3959 3984
f 3959 3858 3984
f 3984 3858 3978
f 3858 3856 3978
f 3978 3856 3855
f 3985 3793 3967
f 3793 3792 3967
f 3967 3792 3513
f 3986 3796 3985
f 3796 3795 3985
f 3985 3795 3793
f 3987 3799 3986
f 3799 3798 3986
f 3986 3798 3796
f 3988 3802 3987
f 3802 3801 3987
f 3987 3801 3799
f 3989 3805 3988
f 3805 3804 3988
f 3988 3804 3802
f 3990 3808 3989
f 3808 3807 3989
f 3989 3807 3805
f 3991 3811 3990
f 3811 3810 3990
f 3990 3810 3808
f 3992 3814 3991
f 3814 3813 3991
f 3991 3813 3811
f 3993 3817 3992
f 3817 3816 3992
f 3992 3816 3814
f 3900 3913 3970
f 3913 3820 3970
f 3970 3820 3993
f 3820 3819 3993
f 3993 3819 3817
f 3994 3995 3996
f 3995 3997 3996
f 3998 3999 4000
f 3999 4001 4000
f 4002 4003 4004
f 4003 4005 4004
f 4006 4007 4008
f 4007 4009 4008
f 4010 4011 4012
f 4011 4013 4012
f 4012 4013 4014
f 4015 4016 4017
f 4016 4018 4017
f 4019 4020 4021
f 4020 4022 4021
f 4021 4022 4023
f 4024 4025 4026
f 4025 4027 4026
f 4028 4029 4030
f 4029 4031 4030
f 4032 4033 4034
f 4033 4035 4034
f 4036 4037 4038
f 4037 4039 4038
f 4040 4041 4042
f 4041 4043 4042
f 4044 4045 4046
f 4045 4047 4046
f 4048 4049 4050
f 4049 4051 4050
f 4052 4053 4054
f 4053 4055 4054
f 4056 4057 4058
f 4057 4059 4058
f 4060 4061 4062
f 4061 4063 4062
f 4064 4065 4066
f 4065 4067 4066
f 4068 4069 4070
f 4069 4071 4070
f 4072 4073 4074
f 4073 4075 4074
f 4076 4077 4078
f 4077 4079 4078
f 4078 4079 4080
f 4079 4081 4080
f 4080 4081 4082
f 4081 4083 4082
f 4082 4083 4084
f 4083 4085 4084
f 4084 4085 4086
f 4085 4087 4086
f 4086 4087 4088
f 4087 4089 4088
f 4088 4089 4090
f 4089 4091 4090
f 4090 4091 4092
f 4093 4094 4095
f 4094 4096 4095
f 4095 4096 4097
f 4096 4098 4097
f 4097 4098 4092
f 4098 4099 4092
f 4092 4099 4090
f 4100 4101 4102
f 4101 4103 4102
f 4104 4105 4106
f 4105 4107 4106
f 4108 4109 4110
f 4109 4111 4112
f 4109 4112 4110
f 4112 4113 4110
f 4110 4113 4114
f 4115 4110 4116
f 4110 4114 4116
f 4116 4114 4117
f 4114 4118 4117
f 4119 4120 4121
f 4120 4122 4121
f 4121 4122 4123
f 4122 4124 4123
f 4120 4125 4126
f 4110 4127 4108
f 4127 4122 4108
f 4108 4122 4128
f 4122 4120 4128
f 4128 4120 4129
f 4120 4126 4129
f 4129 4126 4130
f 4126 4131 4130
f 4132 4133 4134
f 4133 4135 4134
f 4136 4137 4138
f 4137 4139 4138
f 4140 4141 4142
f 4140 4142 4143
f 4142 4138 4143
f 4143 4138 4139
f 4141 4140 4144
f 4140 4145 4144
f 4146 4147 4148
f 4147 4149 4148
f 4150 4151 4152
f 4151 4153 4152
f 4152 4153 4154
f 4153 4155 4154
f 4154 4155 4149
f 4155 4148 4149
f 4156 4157 4158
f 4157 4159 4158
f 4158 4159 4160
f 4159 4161 4160
f 4160 4161 4162
f 4161 4163 4162
f 4157 4156 4164
f 4156 4165 4164
f 4166 4167 4168
f 4167 4169 4168
f 4170 4171 4172
f 4170 4172 4173
f 4172 4168 4173
f 4173 4168 4169
f 4171 4170 4174
f 4170 4175 4174
f 4176 4177 4178
f 4177 4179 4178
f 4178 4179 4180
f 4179 4181 4180
f 4180 4181 4182
f 4181 4183 4182
f 4184 4185 4186
f 4185 4177 4186
f 4186 4177 4187
f 4177 4176 4187
f 4188 4189 4190
f 4189 4191 4190
f 4190 4191 4192
f 4184 4193 4185
f 4193 4194 4185
f 4185 4194 4192
f 4194 4195 4192
f 4192 4195 4190
f 4196 4197 4198
f 4196 4198 4199
f 4198 4200 4199
f 4199 4200 4201
f 4200 4202 4201
f 4201 4202 4203
f 4202 4174 4203
f 4203 4174 4175
f 4204 4205 4206
f 4204 4206 4207
f 4207 4206 4208
f 4206 4209 4208
f 4208 4209 4210
f 4210 4209 4211
f 4209 4212 4211
f 4211 4212 4213
f 4212 4214 4213
f 4213 4214 4215
f 4216 4217 4218
f 4217 4219 4218
f 4218 4219 4220
f 4219 4215 4220
f 4220 4215 4221
f 4215 4214 4221
f 4222 4223 4224
f 4223 4225 4224
f 4226 4227 4228
f 4227 4229 4228
f 4230 4231 4232
f 4231 4233 4232
f 4232 4233 4234
f 4235 4236 4237
f 4238 4239 4237
f 4239 4230 4237
f 4237 4230 4235
f 4230 4232 4235
f 4240 4241 4242
f 4243 4244 4242
f 4244 4245 4242
f 4242 4245 4240
f 4246 4247 4248
f 4247 4249 4248
f 4250 4251 4252
f 4251 4253 4252
f 4254 4255 4256
f 4255 4257 4256
f 4258 4259 4260
f 4259 4261 4260
f 4262 4263 4264
f 4263 4265 4264
f 4266 4267 4268
f 4267 4269 4268
f 4270 4271 4272
f 4271 4273 4272
f 4274 4275 4276
f 4275 4277 4276
f 4278 4279 4280
f 4279 4281 4280
f 4282 4283 4284
f 4283 4285 4284
f 4286 4287 4288
f 4287 4289 4288
f 4290 4291 4292
f 4291 4293 4292
f 4292 4293 4294
f 4293 4295 4294
f 4296 4297 4298
f 4299 4300 4301
f 4300 4302 4301
f 4301 4302 4298
f 4302 4303 4298
f 4298 4303 4296
f 4303 4304 4296
f 4296 4304 4305
f 4306 4307 4308
f 4307 4309 4308
f 4310 4311 4312
f 4311 4313 4312
f 4314 4315 4316
f 4315 4317 4316
f 4316 4317 4318
f 4319 4320 4321
f 4320 4322 4321
f 4321 4322 4323
f 4322 4324 4323
f 4324 4325 4323
f 4323 4325 4326
f 4325 4327 4326
f 4326 4327 4328
f 4327 4329 4328
f 4328 4329 4330
f 4329 4318 4330
f 4330 4318 4331
f 4318 4317 4331
f 4137 4136 4332
f 4137 4332 4333
f 4332 4334 4333
f 4333 4334 4335
f 4334 4336 4335
f 4335 4336 4337
f 4336 4338 4337
f 4337 4338 4339
f 4340 4341 4342
f 4340 4342 4343
f 4343 4342 4344
f 4342 4345 4344
f 4344 4345 4346
f 4346 4345 4347
f 4345 4348 4347
f 4347 4348 4349
f 4348 4350 4349
f 4349 4350 4351
f 4352 4353 4354
f 4353 4355 4354
f 4354 4355 4356
f 4355 4351 4356
f 4356 4351 4357
f 4351 4350 4357
f 4358 4359 4360
f 4359 4361 4360
f 4362 4363 4364
f 4363 4365 4364
f 4366 4367 4368
f 4367 4369 4368
f 4370 4371 4372
f 4371 4373 4372
f 4374 4375 4376
f 4375 4377 4376
f 4378 4379 4380
f 4379 4381 4380
f 4382 4383 4384
f 4383 4385 4384
f 4386 4387 4388
f 4387 4389 4388
f 4388 4389 4390
f 4391 4392 4393
f 4392 4394 4393
f 4393 4394 4395
f 4394 4396 4395
f 4396 4397 4395
f 4395 4397 4398
f 4397 4399 4398
f 4398 4399 4400
f 4399 4401 4400
f 4400 4401 4402
f 4401 4390 4402
f 4402 4390 4403
f 4390 4389 4403
f 4404 4405 4406
f 4404 4406 4407
f 4406 4408 4409
f 4409 4410 4406
f 4410 4411 4406
f 4406 4411 4407
f 4412 4413 4414
f 4413 4415 4414
f 4416 4417 4415
f 4417 4418 4415
f 4415 4418 4414
f 4408 4406 4419
f 4406 4420 4419
f 4419 4420 4421
f 4420 4422 4421
f 4421 4422 4423
f 4422 4424 4423
f 4423 4424 4425
f 4425 4424 4426
f 4424 4427 4426
f 4426 4427 4428
f 4427 4429 4428
f 4428 4429 4430
f 4429 4431 4430
f 4430 4431 4432
f 4431 4433 4432
f 4432 4433 4434
f 4433 4435 4434
f 4435 4436 4434
f 4434 4436 4437
f 4436 4438 4437
f 4437 4438 4439
f 4438 4440 4439
f 4439 4440 4441
f 4440 4442 4441
f 4441 4442 4443
f 4442 4444 4443
f 4443 4444 4445
f 4444 4446 4445
f 4445 4446 4447
f 4446 4448 4447
f 4447 4448 4449
f 4448 4450 4449
f 4449 4450 4451
f 4450 4452 4451
f 4451 4452 4453
f 4452 4454 4453
f 4453 4454 4416
f 4454 4455 4416
f 4416 4455 4417
f 4456 4457 4458
f 4457 4459 4458
f 4460 4461 4462
f 4461 4463 4462
f 4464 4465 4466
f 4465 4467 4466
f 4468 4469 4470
f 4468 4470 4471
f 4470 4472 4471
f 4471 4472 4473
f 4472 4474 4473
f 4473 4474 4475
f 4476 4477 4478
f 4476 4478 4479
f 4478 4480 4479
f 4479 4480 4481
f 4480 4482 4481
f 4481 4482 4483
f 4482 4484 4483
f 4483 4484 4485
f 4484 4486 4485
f 4485 4486 4487
f 4486 4488 4487
f 4487 4488 4489
f 4488 4469 4489
f 4489 4469 4468
f 4490 4491 4492
f 4490 4492 4493
f 4492 4494 4493
f 4493 4494 4495
f 4494 4477 4495
f 4495 4477 4476
f 4496 4497 4498
f 4496 4498 4499
f 4498 4500 4499
f 4499 4500 4501
f 4500 4502 4501
f 4501 4502 4503
f 4502 4504 4503
f 4503 4504 4505
f 4506 4507 4508
f 4506 4508 4509
f 4508 4510 4509
f 4509 4510 4511
f 4510 4512 4511
f 4511 4512 4513
f 4512 4497 4513
f 4513 4497 4496
f 4514 4515 4516
f 4514 4516 4517
f 4516 4518 4517
f 4517 4518 4519
f 4520 4521 4522
f 4521 4523 4522
f 4524 4525 4526
f 4524 4526 4527
f 4526 4528 4527
f 4527 4528 4529
f 4528 4530 4529
f 4529 4530 4531
f 4530 4532 4531
f 4531 4532 4533
f 4534 4535 4536
f 4534 4536 4537
f 4536 4538 4537
f 4537 4538 4539
f 4538 4540 4539
f 4539 4540 4541
f 4540 4542 4541
f 4541 4542 4543
f 4542 4544 4543
f 4543 4544 4545
f 4544 4546 4545
f 4545 4546 4547
f 4546 4525 4547
f 4547 4525 4524
f 4548 4549 4550
f 4548 4550 4551
f 4550 4552 4551
f 4551 4552 4553
f 4552 4554 4553
f 4553 4554 4555
f 4554 4556 4555
f 4555 4556 4557
f 4556 4558 4557
f 4557 4558 4559
f 4558 4560 4559
f 4559 4560 4561
f 4560 4535 4561
f 4561 4535 4534
f 4562 4563 4564
f 4562 4564 4565
f 4564 4566 4565
f 4565 4566 4567
f 4566 4568 4567
f 4567 4568 4569
f 4568 4549 4569
f 4569 4549 4548
f 4570 4571 4572
f 4570 4572 4573
f 4572 4574 4573
f 4573 4574 4575
f 4576 4577 4578
f 4577 4579 4578
f 4580 4581 4582
f 4583 4584 4585
f 4586 4587 4588
f 4587 4589 4588
f 4585 4584 4590
f 4588 4584 4582
f 4584 4591 4582
f 4582 4591 4580
f 4589 4592 4588
f 4592 4593 4588
f 4588 4593 4584
f 4593 4594 4584
f 4584 4594 4590
f 4585 4595 4596
f 4595 4585 4597
f 4585 4598 4597
f 4597 4598 4599
f 4596 4600 4585
f 4600 4601 4585
f 4585 4601 4583
f 4602 4603 4604
f 4605 4603 4606
f 4603 4607 4606
f 4606 4607 4608
f 4602 4604 4609
f 4610 4603 4611
f 4603 4612 4611
f 4610 4613 4603
f 4613 4614 4603
f 4603 4614 4604
f 4615 4616 4605
f 4616 4617 4605
f 4605 4617 4603
f 4617 4618 4603
f 4603 4618 4612
f 4619 4620 4604
f 4620 4621 4604
f 4604 4621 4622
f 4622 4623 4604
f 4623 4624 4604
f 4604 4624 4609
f 4625 4626 4627
f 4628 4629 4630
f 4629 4631 4630
f 4630 4631 4632
f 4625 4627 4633
f 4634 4635 4628
f 4635 4636 4628
f 4628 4636 4629
f 4636 4637 4629
f 4629 4637 4638
f 4639 4640 4641
f 4638 4642 4629
f 4642 4639 4629
f 4629 4639 4643
f 4639 4644 4643
f 4640 4639 4627
f 4639 4645 4627
f 4627 4645 4633
f 4641 4646 4639
f 4646 4647 4639
f 4639 4647 4644
f 4648 4649 4650
f 4651 4652 4653
f 4654 4655 4656
f 4655 4657 4656
f 4656 4657 4658
f 4657 4648 4658
f 4653 4659 4651
f 4659 4660 4651
f 4651 4660 4661
f 4648 4662 4663
f 4652 4664 4665
f 4666 4667 4648
f 4667 4668 4648
f 4648 4668 4662
f 4669 4658 4670
f 4658 4648 4670
f 4670 4648 4671
f 4648 4663 4671
f 4672 4673 4652
f 4673 4674 4652
f 4652 4674 4653
f 4648 4650 4652
f 4650 4675 4652
f 4652 4675 4672
f 4652 4665 4648
f 4665 4676 4648
f 4648 4676 4666
f 4677 4678 4679
f 4678 4680 4679
f 4681 4682 4683
f 4682 4684 4683
f 4685 4686 4687
f 4686 4688 4687
f 4689 4690 4691
f 4690 4692 4691
f 4693 4694 4695
f 4696 4697 4698
f 4699 4700 4698
f 4700 4701 4698
f 4701 4702 4698
f 4698 4702 4696
f 4692 4703 4691
f 4703 4704 4691
f 4691 4704 4705
f 4706 4707 4708
f 4693 4695 4709
f 4710 4711 4698
f 4711 4712 4698
f 4706 4708 4713
f 4714 4715 4716
f 4715 4717 4716
f 4712 4718 4698
f 4718 4719 4698
f 4698 4719 4699
f 4705 4720 4691
f 4720 4721 4691
f 4691 4721 4722
f 4697 4696 4708
f 4696 4723 4708
f 4708 4723 4713
f 4714 4724 4715
f 4724 4725 4715
f 4715 4725 4726
f 4726 4709 4715
f 4709 4695 4715
f 4715 4695 4697
f 4695 4727 4697
f 4697 4727 4698
f 4707 4728 4708
f 4728 4729 4708
f 4708 4729 4730
f 4729 4731 4730
f 4730 4731 4732
f 4732 4733 4730
f 4733 4734 4730
f 4730 4734 4735
f 4722 4736 4691
f 4736 4737 4691
f 4691 4737 4738
f 4735 4739 4730
f 4739 4740 4730
f 4730 4740 4715
f 4740 4741 4715
f 4715 4741 4717
f 4738 4742 4691
f 4742 4743 4691
f 4691 4743 4698
f 4743 4744 4698
f 4698 4744 4710
f 4745 4746 4747
f 4746 4748 4747
f 4748 4749 4747
f 4749 4750 4747
f 4747 4750 4751
f 4750 4752 4751
f 4752 4753 4751
f 4753 4754 4751
f 4751 4754 4755
f 4756 4757 4758
f 4757 4759 4758
f 4758 4759 4760
f 4761 4762 4763
f 4762 4764 4763
f 4763 4764 4756
f 4764 4765 4756
f 4756 4765 4757
f 4763 4766 4761
f 4766 4767 4761
f 4761 4767 4768
f 4768 4767 4769
f 4767 4770 4769
f 4769 4770 4771
f 4771 4770 4772
f 4770 4773 4772
f 4772 4773 4774
f 4774 4773 4775
f 4773 4776 4775
f 4775 4776 4777
f 4778 4779 4780
f 4759 4781 4760
f 4782 4783 4784
f 4783 4785 4784
f 4784 4785 4786
f 4785 4787 4786
f 4788 4789 4790
f 4777 4789 4775
f 4789 4788 4775
f 4775 4788 4774
f 4788 4791 4774
f 4774 4791 4772
f 4772 4791 4771
f 4791 4792 4771
f 4771 4792 4769
f 4769 4792 4768
f 4792 4793 4768
f 4768 4793 4761
f 4757 4765 4794
f 4765 4764 4794
f 4794 4764 4793
f 4764 4762 4793
f 4793 4762 4761
f 4781 4759 4795
f 4759 4757 4795
f 4757 4794 4795
f 4795 4794 4796
f 4794 4793 4796
f 4796 4793 4797
f 4798 4799 4800
f 4799 4801 4800
f 4800 4801 4802
f 4801 4803 4802
f 4802 4803 4804
f 4803 4805 4804
f 4804 4805 4797
f 4778 4806 4807
f 4806 4808 4807
f 4807 4808 4809
f 4808 4810 4809
f 4779 4778 4811
f 4811 4812 4779
f 4812 4813 4779
f 4779 4813 4780
f 4813 4814 4780
f 4780 4814 4815
f 4814 4816 4815
f 4815 4816 4817
f 4818 4819 4811
f 4819 4820 4811
f 4811 4820 4812
f 4821 4822 4818
f 4822 4823 4818
f 4818 4823 4819
f 4824 4825 4826
f 4825 4827 4826
f 4826 4827 4821
f 4827 4828 4821
f 4821 4828 4822
f 4786 4829 4784
f 4829 4830 4784
f 4784 4830 4782
f 4830 4831 4782
f 4810 4832 4809
f 4832 4829 4809
f 4809 4829 4833
f 4829 4786 4833
f 4833 4786 4834
f 4786 4787 4834
f 4834 4787 4835
f 4810 4836 4832
f 4836 4837 4832
f 4832 4837 4829
f 4837 4798 4829
f 4829 4798 4830
f 4798 4800 4830
f 4830 4800 4831
f 4800 4802 4831
f 4778 4807 4811
f 4807 4809 4811
f 4811 4809 4818
f 4809 4833 4818
f 4818 4833 4821
f 4833 4834 4821
f 4821 4834 4826
f 4834 4835 4826
f 4826 4835 4824
f 4797 4793 4804
f 4793 4792 4804
f 4804 4792 4802
f 4792 4791 4802
f 4802 4791 4831
f 4791 4788 4831
f 4831 4788 4782
f 4788 4790 4782
f 4782 4790 4783
f 4838 4817 4839
f 4817 4816 4839
f 4839 4816 4840
f 4816 4814 4840
f 4840 4814 4841
f 4814 4813 4841
f 4841 4813 4842
f 4813 4812 4842
f 4842 4812 4843
f 4812 4820 4843
f 4843 4820 4844
f 4820 4819 4844
f 4844 4819 4845
f 4819 4823 4845
f 4845 4823 4846
f 4823 4822 4846
f 4846 4822 4847
f 4822 4828 4847
f 4847 4828 4848
f 4828 4827 4848
f 4848 4827 4849
f 4827 4825 4849
f 4849 4825 4850
f 4825 4824 4850
f 4851 4852 4838
f 4840 4841 4853
f 4854 4855 4856
f 4855 4857 4856
f 4858 4859 4860
f 4859 4861 4860
f 4862 4863 4864
f 4865 4866 4867
f 4866 4868 4867
f 4850 4865 4849
f 4865 4867 4849
f 4849 4867 4848
f 4867 4869 4848
f 4848 4869 4847
f 4847 4869 4846
f 4869 4870 4846
f 4846 4870 4871
f 4871 4870 4844
f 4870 4872 4844
f 4844 4872 4843
f 4853 4841 4872
f 4841 4842 4872
f 4872 4842 4843
f 4852 4851 4873
f 4839 4840 4873
f 4840 4853 4873
f 4873 4853 4874
f 4853 4872 4874
f 4874 4872 4875
f 4876 4877 4878
f 4877 4879 4878
f 4878 4879 4880
f 4879 4881 4880
f 4880 4881 4882
f 4881 4883 4882
f 4882 4883 4875
f 4884 4885 4886
f 4885 4887 4886
f 4886 4887 4888
f 4889 4890 4891
f 4890 4892 4891
f 4891 4892 4893
f 4892 4884 4893
f 4893 4884 4894
f 4884 4886 4894
f 4894 4886 4895
f 4886 4888 4895
f 4896 4897 4888
f 4897 4898 4888
f 4888 4898 4895
f 4899 4900 4896
f 4900 4901 4896
f 4896 4901 4897
f 4857 4902 4856
f 4902 4903 4856
f 4856 4903 4899
f 4903 4904 4899
f 4899 4904 4900
f 4860 4905 4906
f 4905 4907 4906
f 4858 4860 4864
f 4860 4906 4864
f 4864 4906 4862
f 4906 4907 4862
f 4862 4907 4908
f 4861 4909 4860
f 4909 4910 4860
f 4860 4910 4905
f 4910 4911 4905
f 4905 4911 4912
f 4887 4913 4914
f 4913 4915 4914
f 4914 4915 4911
f 4915 4916 4911
f 4911 4916 4912
f 4916 4917 4912
f 4912 4917 4905
f 4917 4876 4905
f 4905 4876 4907
f 4876 4878 4907
f 4907 4878 4908
f 4878 4880 4908
f 4887 4914 4888
f 4914 4911 4888
f 4888 4911 4896
f 4911 4910 4896
f 4896 4910 4899
f 4910 4909 4899
f 4899 4909 4856
f 4909 4861 4856
f 4856 4861 4854
f 4875 4872 4882
f 4872 4870 4882
f 4882 4870 4880
f 4870 4869 4880
f 4880 4869 4908
f 4869 4867 4908
f 4908 4867 4862
f 4867 4868 4862
f 4862 4868 4863
f 4918 4889 4919
f 4889 4891 4919
f 4919 4891 4920
f 4891 4893 4920
f 4920 4893 4921
f 4893 4894 4921
f 4921 4894 4922
f 4894 4895 4922
f 4922 4895 4923
f 4895 4898 4923
f 4923 4898 4924
f 4898 4897 4924
f 4924 4897 4925
f 4897 4901 4925
f 4925 4901 4926
f 4901 4900 4926
f 4926 4900 4927
f 4900 4904 4927
f 4927 4904 4928
f 4904 4903 4928
f 4928 4903 4929
f 4903 4902 4929
f 4929 4902 4930
f 4902 4857 4930
f 4931 4932 4933
f 4934 4935 4936
f 4936 4935 4937
f 4919 4938 4918
f 4920 4921 4939
f 4940 4941 4942
f 4941 4943 4942
f 4944 4945 4946
f 4945 4947 4946
f 4948 4949 4950
f 4951 4952 4953
f 4952 4954 4953
f 4930 4951 4929
f 4951 4953 4929
f 4929 4953 4928
f 4953 4955 4928
f 4928 4955 4927
f 4927 4955 4926
f 4955 4956 4926
f 4926 4956 4925
f 4925 4956 4924
f 4956 4957 4924
f 4924 4957 4923
f 4939 4921 4957
f 4921 4922 4957
f 4957 4922 4923
f 4938 4919 4958
f 4919 4920 4958
f 4920 4939 4958
f 4958 4939 4959
f 4939 4957 4959
f 4959 4957 4937
f 4936 4960 4934
f 4960 4933 4934
f 4934 4933 4961
f 4933 4932 4961
f 4962 4963 4964
f 4963 4965 4964
f 4964 4965 4966
f 4967 4968 4969
f 4968 4970 4969
f 4969 4970 4971
f 4970 4962 4971
f 4971 4962 4972
f 4962 4964 4972
f 4972 4964 4973
f 4964 4966 4973
f 4973 4966 4974
f 4974 4966 4975
f 4966 4976 4975
f 4975 4976 4977
f 4978 4979 4976
f 4979 4980 4976
f 4976 4980 4977
f 4943 4981 4942
f 4981 4982 4942
f 4942 4982 4978
f 4982 4983 4978
f 4978 4983 4979
f 4946 4984 4985
f 4984 4986 4985
f 4944 4946 4950
f 4946 4985 4950
f 4950 4985 4948
f 4985 4986 4948
f 4948 4986 4987
f 4947 4988 4946
f 4988 4989 4946
f 4946 4989 4984
f 4989 4990 4984
f 4984 4990 4991
f 4965 4992 4993
f 4992 4994 4993
f 4993 4994 4990
f 4994 4995 4990
f 4990 4995 4991
f 4995 4996 4991
f 4991 4996 4984
f 4996 4931 4984
f 4984 4931 4986
f 4931 4933 4986
f 4986 4933 4987
f 4933 4960 4987
f 4965 4993 4966
f 4993 4990 4966
f 4966 4990 4976
f 4990 4989 4976
f 4976 4989 4978
f 4989 4988 4978
f 4978 4988 4942
f 4988 4947 4942
f 4942 4947 4940
f 4937 4957 4936
f 4957 4956 4936
f 4936 4956 4960
f 4956 4955 4960
f 4960 4955 4987
f 4955 4953 4987
f 4987 4953 4948
f 4953 4954 4948
f 4948 4954 4949
f 4997 4967 4998
f 4967 4969 4998
f 4998 4969 4999
f 4969 4971 4999
f 4999 4971 5000
f 4971 5001 5000
f 5000 5001 5002
f 5001 4973 5002
f 5002 4973 5003
f 4973 4974 5003
f 5003 4974 5004
f 4974 4975 5004
f 5004 4975 4977
f 4943 5005 4981
f 5005 5006 4981
f 4981 5006 4982
f 5006 5007 4982
f 4982 5007 4983
f 5007 5008 4983
f 4983 5008 4979
f 5008 5009 4979
f 4979 5009 4980
f 5009 5010 4980
f 4980 5010 4977
f 5010 5011 4977
f 4977 5011 5004
f 5012 5013 5014
f 5015 5016 5017
f 5017 5016 5018
f 4998 5019 4997
f 5020 5021 5022
f 5023 5024 5025
f 5024 5026 5025
f 5025 5026 5027
f 5026 5021 5027
f 5028 5029 5030
f 5005 5029 5006
f 5029 5028 5006
f 5006 5028 5007
f 5028 5031 5007
f 5007 5031 5008
f 5008 5031 5009
f 5031 5032 5009
f 5009 5032 5010
f 5033 5004 5032
f 5004 5011 5032
f 5032 5011 5010
f 4999 5034 5035
f 5034 5002 5035
f 5035 5002 5033
f 5002 5003 5033
f 5033 5003 5004
f 5019 4998 5036
f 4998 4999 5036
f 4999 5035 5036
f 5036 5035 5037
f 5035 5033 5037
f 5037 5033 5018
f 5017 5038 5015
f 5038 5014 5015
f 5015 5014 5039
f 5014 5013 5039
f 5040 5041 5042
f 5041 5043 5042
f 5042 5043 5044
f 5045 5046 5047
f 5046 5048 5047
f 5047 5048 5049
f 5048 5040 5049
f 5049 5040 5050
f 5040 5042 5050
f 5050 5042 5051
f 5042 5044 5051
f 5051 5044 5052
f 5053 5054 5044
f 5054 5055 5044
f 5044 5055 5052
f 5056 5057 5053
f 5057 5058 5053
f 5053 5058 5054
f 5059 5060 5061
f 5060 5062 5061
f 5061 5062 5056
f 5062 5063 5056
f 5056 5063 5057
f 5027 5064 5025
f 5064 5065 5025
f 5025 5065 5023
f 5065 5066 5023
f 5021 5020 5027
f 5020 5067 5027
f 5027 5067 5064
f 5067 5068 5064
f 5064 5068 5069
f 5043 5070 5071
f 5070 5072 5071
f 5071 5072 5068
f 5072 5073 5068
f 5068 5073 5069
f 5073 5074 5069
f 5069 5074 5064
f 5074 5012 5064
f 5064 5012 5065
f 5012 5014 5065
f 5065 5014 5066
f 5014 5038 5066
f 5043 5071 5044
f 5071 5068 5044
f 5044 5068 5053
f 5068 5067 5053
f 5053 5067 5056
f 5067 5020 5056
f 5056 5020 5061
f 5020 5022 5061
f 5061 5022 5059
f 5018 5033 5017
f 5033 5032 5017
f 5017 5032 5038
f 5032 5031 5038
f 5038 5031 5066
f 5031 5028 5066
f 5066 5028 5023
f 5028 5030 5023
f 5023 5030 5024
f 5045 5047 5075
f 5047 5076 5075
f 5047 5049 5076
f 5049 5050 5076
f 5076 5050 5077
f 5050 5051 5077
f 5051 5052 5077
f 5077 5052 5078
f 5052 5055 5078
f 5055 5054 5078
f 5078 5054 5079
f 5054 5080 5079
f 5054 5058 5080
f 5058 5057 5080
f 5080 5057 5081
f 5057 5063 5081
f 5063 5062 5081
f 5081 5062 5082
f 5062 5060 5082
f 5082 5060 5059
f 5083 5084 5085
f 5084 5086 5085
f 5085 5086 5087
f 5087 5088 5085
f 5088 5089 5085
f 5085 5089 5090
f 5090 5091 5085
f 5091 5092 5085
f 5085 5092 5093
f 5094 5095 5096
f 5095 5097 5096
f 5096 5097 5098
f 5097 5099 5098
f 5100 5101 5102
f 5101 5103 5102
f 5104 5105 5106
f 5105 5107 5106
f 5108 5109 5110
f 5109 5111 5110
f 5112 5113 5114
f 5113 5115 5114
f 4930 4857 5116
f 4857 5117 5116
f 5118 5119 5120
f 5119 5121 5120
f 5122 5123 5124
f 5125 4787 5126
f 4787 4785 5126
f 5126 4785 4783
f 4783 4790 5126
f 4790 4789 5126
f 5126 4789 5127
f 5121 5128 5120
f 5128 5129 5120
f 5120 5129 5130
f 5129 5131 5130
f 5132 5133 4824
f 5030 5134 5024
f 5134 5135 5024
f 5024 5135 5026
f 5135 5021 5026
f 5136 5137 4950
f 5131 5138 5130
f 5138 5139 5130
f 5130 5139 4776
f 5139 5127 4776
f 4776 5127 4777
f 5127 4789 4777
f 4950 4949 5136
f 4949 4954 5136
f 5136 4954 4952
f 4863 4868 5140
f 4868 4866 5140
f 4866 4865 5140
f 4865 4850 5140
f 5140 4850 5141
f 4850 4824 5141
f 5141 4824 5142
f 4824 5133 5142
f 4947 4945 5137
f 4945 4944 5137
f 5137 4944 4950
f 4857 4855 5143
f 4855 4854 5143
f 5143 4854 4861
f 4861 4859 5143
f 4859 4858 5143
f 5143 4858 5140
f 4858 4864 5140
f 5140 4864 4863
f 5144 4824 5125
f 4824 4835 5125
f 5125 4835 4787
f 5118 5120 5145
f 5120 5082 5145
f 5145 5082 5146
f 5082 5059 5146
f 5146 5059 5135
f 5059 5022 5135
f 5135 5022 5021
f 5144 5147 4824
f 5147 5148 4824
f 4824 5148 5149
f 5149 5150 4824
f 5150 5151 4824
f 4824 5151 5152
f 5122 5153 5123
f 5153 5154 5123
f 5123 5154 5116
f 5154 5155 5116
f 4952 4951 5136
f 4951 4930 5136
f 5136 4930 5156
f 4930 5116 5156
f 5156 5116 5157
f 5116 5155 5157
f 5158 5159 5117
f 5159 5160 5117
f 5117 5160 5124
f 5160 5161 5124
f 5124 5161 5122
f 5152 5162 4824
f 5162 5163 4824
f 4824 5163 5132
f 4857 5143 5117
f 5143 5164 5117
f 5117 5164 5158
f 5165 5166 4943
f 5030 5029 5134
f 5029 5005 5134
f 5134 5005 5167
f 5005 4943 5167
f 5167 4943 5168
f 5169 4943 5170
f 4943 4941 5170
f 5170 4941 5137
f 4941 4940 5137
f 5137 4940 4947
f 5169 5171 4943
f 5171 5172 4943
f 4943 5172 5173
f 5173 5174 4943
f 5174 5175 4943
f 4943 5175 5165
f 5166 5176 4943
f 5176 5177 4943
f 4943 5177 5168
f 5178 5179 5180
f 5181 5182 5183
f 5184 5182 5185
f 5182 5181 5185
f 5185 5181 5186
f 5187 5188 5189
f 5190 5191 5192
f 5193 5194 5195
f 5196 5197 5198
f 5199 5200 5201
f 5202 5203 5204
f 5205 5206 5207
f 5208 5209 5210
f 5211 5212 5209
f 5143 5140 5213
f 5140 5141 5213
f 5213 5141 5214
f 5141 5142 5214
f 5214 5142 5215
f 5142 5133 5215
f 5161 5160 5216
f 5160 5159 5216
f 5216 5159 5217
f 5159 5158 5217
f 5217 5158 5218
f 5158 5164 5218
f 5157 5155 5219
f 5155 5154 5219
f 5219 5154 5220
f 5154 5153 5220
f 5220 5153 5221
f 5153 5122 5221
f 5156 5222 5136
f 5222 5223 5136
f 5136 5223 5137
f 5223 5224 5137
f 5137 5224 5170
f 5225 5173 5226
f 5173 5172 5226
f 5226 5172 5227
f 5172 5171 5227
f 5227 5171 5169
f 5228 5175 5174
f 5175 5228 5165
f 5228 5229 5165
f 5165 5229 5166
f 5229 5230 5166
f 5166 5230 5176
f 5231 5168 5177
f 5168 5231 5167
f 5231 5232 5167
f 5167 5232 5134
f 5232 5233 5134
f 5134 5233 5135
f 5234 5145 5146
f 5121 5119 5235
f 5119 5118 5235
f 5145 5234 5118
f 5234 5236 5118
f 5118 5236 5235
f 5128 5237 5129
f 5237 5238 5129
f 5129 5238 5131
f 5238 5239 5131
f 5131 5239 5138
f 5239 5139 5138
f 5240 5152 5241
f 5152 5151 5241
f 5241 5151 5242
f 5151 5150 5242
f 5242 5150 5149
f 5243 5186 5244
f 5186 5181 5244
f 5244 5181 5245
f 5181 5183 5245
f 5245 5183 5246
f 5247 5243 5248
f 5243 5244 5248
f 5248 5244 5249
f 5244 5245 5249
f 5249 5245 5250
f 5245 5246 5250
f 5250 5246 5251
f 5252 5247 5253
f 5247 5248 5253
f 5253 5248 5254
f 5248 5249 5254
f 5254 5249 5255
f 5249 5250 5255
f 5255 5250 5256
f 5250 5251 5256
f 5256 5251 5212
f 5178 5257 5179
f 5257 5258 5179
f 5179 5258 5259
f 5258 5260 5259
f 5259 5260 5261
f 5260 5262 5261
f 5261 5262 5263
f 5262 5264 5263
f 5263 5264 5265
f 5264 5266 5265
f 5267 5268 5269
f 5188 5187 5270
f 5187 5271 5270
f 5270 5271 5272
f 5271 5273 5272
f 5272 5273 5274
f 5273 5275 5274
f 5274 5275 5276
f 5275 5277 5276
f 5276 5277 5278
f 5191 5190 5279
f 5190 5280 5279
f 5279 5280 5281
f 5280 5282 5281
f 5281 5282 5283
f 5282 5284 5283
f 5283 5284 5285
f 5284 5286 5285
f 5285 5286 5287
f 5194 5193 5288
f 5193 5289 5288
f 5288 5289 5290
f 5289 5291 5290
f 5290 5291 5292
f 5291 5293 5292
f 5292 5293 5294
f 5293 5295 5294
f 5294 5295 5296
f 5197 5196 5297
f 5196 5298 5297
f 5297 5298 5299
f 5298 5300 5299
f 5299 5300 5301
f 5300 5302 5301
f 5301 5302 5303
f 5302 5304 5303
f 5303 5304 5305
f 5200 5199 5306
f 5199 5307 5306
f 5306 5307 5308
f 5307 5309 5308
f 5308 5309 5310
f 5309 5311 5310
f 5310 5311 5312
f 5311 5313 5312
f 5312 5313 5314
f 5203 5202 5315
f 5202 5316 5315
f 5315 5316 5317
f 5316 5318 5317
f 5317 5318 5319
f 5318 5320 5319
f 5319 5320 5321
f 5320 5322 5321
f 5321 5322 5323
f 5206 5205 5324
f 5205 5325 5324
f 5324 5325 5326
f 5325 5327 5326
f 5326 5327 5328
f 5327 5329 5328
f 5328 5329 5330
f 5329 5331 5330
f 5330 5331 5332
f 5209 5208 5211
f 5208 5333 5211
f 5211 5333 5334
f 5333 5335 5334
f 5334 5335 5336
f 5335 5337 5336
f 5336 5337 5338
f 5337 5339 5338
f 5338 5339 5340
f 5148 5341 5342
f 5341 5343 5342
f 5180 5179 5344
f 5179 5259 5344
f 5344 5259 5345
f 5259 5261 5345
f 5345 5261 5346
f 5261 5263 5346
f 5346 5263 5343
f 5263 5265 5343
f 5343 5265 5342
f 5147 5144 5347
f 5144 5348 5347
f 5347 5348 5349
f 5148 5147 5341
f 5147 5347 5341
f 5341 5347 5343
f 5347 5349 5343
f 5343 5349 5346
f 5349 5350 5346
f 5346 5350 5345
f 5350 5351 5345
f 5345 5351 5344
f 5351 5352 5344
f 5344 5352 5180
f 5353 5354 5355
f 5348 5353 5349
f 5353 5355 5349
f 5349 5355 5350
f 5355 5356 5350
f 5350 5356 5351
f 5356 5357 5351
f 5351 5357 5352
f 5144 5125 5348
f 5125 5126 5348
f 5348 5126 5353
f 5126 5127 5353
f 5353 5127 5354
f 5127 5358 5354
f 5354 5358 5355
f 5358 5267 5355
f 5355 5267 5356
f 5267 5269 5356
f 5356 5269 5357
f 5359 5277 5268
f 5277 5275 5268
f 5268 5275 5269
f 5275 5273 5269
f 5269 5273 5357
f 5273 5271 5357
f 5357 5271 5352
f 5271 5187 5352
f 5352 5187 5180
f 5187 5189 5180
f 5180 5189 5178
f 5128 5359 5237
f 5359 5268 5237
f 5237 5268 5238
f 5268 5267 5238
f 5238 5267 5239
f 5267 5358 5239
f 5239 5358 5139
f 5358 5127 5139
f 5360 5286 5278
f 5286 5284 5278
f 5278 5284 5276
f 5284 5282 5276
f 5276 5282 5274
f 5282 5280 5274
f 5274 5280 5272
f 5280 5190 5272
f 5272 5190 5270
f 5190 5192 5270
f 5270 5192 5188
f 5146 5360 5234
f 5360 5278 5234
f 5234 5278 5236
f 5278 5277 5236
f 5236 5277 5235
f 5277 5359 5235
f 5235 5359 5121
f 5359 5128 5121
f 5361 5295 5287
f 5295 5293 5287
f 5287 5293 5285
f 5293 5291 5285
f 5285 5291 5283
f 5291 5289 5283
f 5283 5289 5281
f 5289 5193 5281
f 5281 5193 5279
f 5193 5195 5279
f 5279 5195 5191
f 5177 5361 5231
f 5361 5287 5231
f 5231 5287 5232
f 5287 5286 5232
f 5232 5286 5233
f 5286 5360 5233
f 5233 5360 5135
f 5360 5146 5135
f 5362 5304 5296
f 5304 5302 5296
f 5296 5302 5294
f 5302 5300 5294
f 5294 5300 5292
f 5300 5298 5292
f 5292 5298 5290
f 5298 5196 5290
f 5290 5196 5288
f 5196 5198 5288
f 5288 5198 5194
f 5174 5362 5228
f 5362 5296 5228
f 5228 5296 5229
f 5296 5295 5229
f 5229 5295 5230
f 5295 5361 5230
f 5230 5361 5176
f 5361 5177 5176
f 5363 5313 5305
f 5313 5311 5305
f 5305 5311 5303
f 5311 5309 5303
f 5303 5309 5301
f 5309 5307 5301
f 5301 5307 5299
f 5307 5199 5299
f 5299 5199 5297
f 5199 5201 5297
f 5297 5201 5197
f 5169 5363 5227
f 5363 5305 5227
f 5227 5305 5226
f 5305 5304 5226
f 5226 5304 5225
f 5304 5362 5225
f 5225 5362 5173
f 5362 5174 5173
f 5364 5322 5314
f 5322 5320 5314
f 5314 5320 5312
f 5320 5318 5312
f 5312 5318 5310
f 5318 5316 5310
f 5310 5316 5308
f 5316 5202 5308
f 5308 5202 5306
f 5202 5204 5306
f 5306 5204 5200
f 5156 5364 5222
f 5364 5314 5222
f 5222 5314 5223
f 5314 5313 5223
f 5223 5313 5224
f 5313 5363 5224
f 5224 5363 5170
f 5363 5169 5170
f 5365 5331 5323
f 5331 5329 5323
f 5323 5329 5321
f 5329 5327 5321
f 5321 5327 5319
f 5327 5325 5319
f 5319 5325 5317
f 5325 5205 5317
f 5317 5205 5315
f 5205 5207 5315
f 5315 5207 5203
f 5122 5365 5221
f 5365 5323 5221
f 5221 5323 5220
f 5323 5322 5220
f 5220 5322 5219
f 5322 5364 5219
f 5219 5364 5157
f 5364 5156 5157
f 5366 5339 5332
f 5339 5337 5332
f 5332 5337 5330
f 5337 5335 5330
f 5330 5335 5328
f 5335 5333 5328
f 5328 5333 5326
f 5333 5208 5326
f 5326 5208 5324
f 5208 5210 5324
f 5324 5210 5206
f 5164 5366 5218
f 5366 5332 5218
f 5218 5332 5217
f 5332 5331 5217
f 5217 5331 5216
f 5331 5365 5216
f 5216 5365 5161
f 5365 5122 5161
f 5164 5143 5366
f 5143 5213 5366
f 5366 5213 5339
f 5213 5214 5339
f 5339 5214 5340
f 5214 5215 5340
f 5340 5215 5367
f 5215 5133 5367
f 5367 5133 5132
f 5212 5211 5256
f 5211 5334 5256
f 5256 5334 5255
f 5334 5336 5255
f 5255 5336 5254
f 5336 5338 5254
f 5254 5338 5253
f 5338 5340 5253
f 5253 5340 5252
f 5340 5367 5252
f 5252 5367 5368
f 5367 5132 5368
f 5368 5132 5163
f 5162 5152 5369
f 5152 5240 5369
f 5369 5240 5266
f 5240 5241 5266
f 5266 5241 5265
f 5241 5242 5265
f 5265 5242 5342
f 5242 5149 5342
f 5342 5149 5148
f 5257 5184 5258
f 5184 5185 5258
f 5258 5185 5260
f 5185 5186 5260
f 5260 5186 5262
f 5186 5243 5262
f 5262 5243 5264
f 5243 5247 5264
f 5264 5247 5266
f 5247 5252 5266
f 5266 5252 5369
f 5252 5368 5369
f 5369 5368 5162
f 5368 5163 5162
f 5370 5371 5372
f 5371 5373 5372
f 5372 5373 5374
f 5375 5376 5372
f 5376 5377 5372
f 5372 5377 5370
f 5378 5379 5372
f 5379 5380 5372
f 5372 5380 5375
f 5381 5382 5372
f 5382 5383 5372
f 5372 5383 5378
f 5384 5385 5372
f 5385 5386 5372
f 5372 5386 5381
f 5387 5388 5372
f 5388 5389 5372
f 5372 5389 5384
f 5390 5391 5372
f 5391 5392 5372
f 5372 5392 5387
f 5374 5393 5372
f 5393 5394 5372
f 5372 5394 5390
f 5395 5396 5397
f 5396 5398 5397
f 5397 5398 5399
f 5400 5401 5397
f 5401 5402 5397
f 5397 5402 5395
f 5403 5404 5397
f 5404 5405 5397
f 5397 5405 5400
f 5406 5407 5397
f 5407 5408 5397
f 5397 5408 5403
f 5409 5410 5397
f 5410 5411 5397
f 5397 5411 5406
f 5412 5413 5397
f 5413 5414 5397
f 5397 5414 5409
f 5415 5416 5397
f 5416 5417 5397
f 5397 5417 5412
f 5399 5418 5397
f 5418 5419 5397
f 5397 5419 5415
f 5420 5421 5422
f 5421 5423 5422
f 5422 5423 5424
f 5425 5426 5422
f 5426 5427 5422
f 5422 5427 5420
f 5428 5429 5422
f 5429 5430 5422
f 5422 5430 5425
f 5431 5432 5422
f 5432 5433 5422
f 5422 5433 5428
f 5434 5435 5422
f 5435 5436 5422
f 5422 5436 5431
f 5437 5438 5422
f 5438 5439 5422
f 5422 5439 5434
f 5440 5441 5422
f 5441 5442 5422
f 5422 5442 5437
f 5424 5443 5422
f 5443 5444 5422
f 5422 5444 5440
f 5445 5446 5447
f 5446 5448 5447
f 5447 5448 5449
f 5450 5451 5447
f 5451 5452 5447
f 5447 5452 5445
f 5453 5454 5447
f 5454 5455 5447
f 5447 5455 5450
f 5456 5457 5447
f 5457 5458 5447
f 5447 5458 5453
f 5459 5460 5447
f 5460 5461 5447
f 5447 5461 5456
f 5462 5463 5447
f 5463 5464 5447
f 5447 5464 5459
f 5465 5466 5447
f 5466 5467 5447
f 5447 5467 5462
f 5449 5468 5447
f 5468 5469 5447
f 5447 5469 5465
f 5470 5471 5472
f 5471 5473 5472
f 5472 5473 5474
f 5475 5476 5472
f 5476 5477 5472
f 5472 5477 5470
f 5478 5479 5472
f 5479 5480 5472
f 5472 5480 5475
f 5481 5482 5472
f 5482 5483 5472
f 5472 5483 5478
f 5484 5485 5472
f 5485 5486 5472
f 5472 5486 5481
f 5487 5488 5472
f 5488 5489 5472
f 5472 5489 5484
f 5490 5491 5472
f 5491 5492 5472
f 5472 5492 5487
f 5474 5493 5472
f 5493 5494 5472
f 5472 5494 5490
f 5495 5496 5497
f 5496 5498 5497
f 5497 5498 5499
f 5500 5501 5497
f 5501 5502 5497
f 5497 5502 5495
f 5503 5504 5497
f 5504 5505 5497
f 5497 5505 5500
f 5506 5507 5497
f 5507 5508 5497
f 5497 5508 5503
f 5509 5510 5497
f 5510 5511 5497
f 5497 5511 5506
f 5512 5513 5497
f 5513 5514 5497
f 5497 5514 5509
f 5515 5516 5497
f 5516 5517 5497
f 5497 5517 5512
f 5499 5518 5497
f 5518 5519 5497
f 5497 5519 5515
f 5520 5521 5522
f 5521 5523 5522
f 5522 5523 5524
f 5525 5526 5522
f 5526 5527 5522
f 5522 5527 5520
f 5528 5529 5522
f 5529 5530 5522
f 5522 5530 5525
f 5531 5532 5522
f 5532 5533 5522
f 5522 5533 5528
f 5534 5535 5522
f 5535 5536 5522
f 5522 5536 5531
f 5537 5538 5522
f 5538 5539 5522
f 5522 5539 5534
f 5540 5541 5522
f 5541 5542 5522
f 5522 5542 5537
f 5524 5543 5522
f 5543 5544 5522
f 5522 5544 5540
f 5545 5546 5547
f 5546 5548 5547
f 5547 5548 5549
f 5550 5551 5547
f 5551 5552 5547
f 5547 5552 5545
f 5553 5554 5547
f 5554 5555 5547
f 5547 5555 5550
f 5556 5557 5547
f 5557 5558 5547
f 5547 5558 5553
f 5559 5560 5547
f 5560 5561 5547
f 5547 5561 5556
f 5562 5563 5547
f 5563 5564 5547
f 5547 5564 5559
f 5565 5566 5547
f 5566 5567 5547
f 5547 5567 5562
f 5549 5568 5547
f 5568 5569 5547
f 5547 5569 5565
f 5570 5571 5572
f 5571 5573 5572
f 5572 5573 5574
f 5573 5575 5574
f 5574 5575 5576
f 5575 5577 5576
f 5576 5577 5578
f 5577 5579 5578
f 5578 5579 5580
f 5579 5581 5580
f 5580 5581 5582
f 5581 5583 5582
f 5582 5583 5584
f 5583 5585 5584
f 5584 5585 5586
f 5585 5587 5586
f 5586 5587 5588
f 5587 5589 5588
f 5588 5589 5590
f 5589 5591 5590
f 5590 5591 5592
f 5591 5593 5592
f 5592 5593 5594
f 5593 5595 5594
f 5594 5595 5596
f 5595 5597 5596
f 5596 5597 5598
f 5597 5599 5598
f 5598 5599 5600
f 5599 5601 5600
f 5600 5601 5602
f 5601 5603 5602
f 5602 5603 5604
f 5603 5605 5604
f 5604 5605 5606
f 5605 5607 5606
f 5606 5607 5608
f 5607 5609 5608
f 5608 5609 5610
f 5609 5611 5610
f 5610 5611 5612
f 5611 5613 5612
f 5612 5613 5614
f 5613 5615 5614
f 5614 5615 5616
f 5615 5617 5616
f 5616 5617 5570
f 5617 5571 5570
f 5618 5619 5620
f 5619 5621 5620
f 5620 5621 5622
f 5621 5623 5622
f 5622 5623 5624
f 5623 5625 5624
f 5624 5625 5626
f 5625 5627 5626
f 5626 5627 5628
f 5627 5629 5628
f 5628 5629 5630
f 5629 5631 5630
f 5630 5631 5632
f 5631 5633 5632
f 5632 5633 5634
f 5633 5635 5634
f 5634 5635 5636
f 5635 5637 5636
f 5636 5637 5638
f 5637 5639 5638
f 5638 5639 5640
f 5639 5641 5640
f 5640 5641 5642
f 5641 5643 5642
f 5642 5643 5644
f 5643 5645 5644
f 5644 5645 5646
f 5645 5647 5646
f 5646 5647 5648
f 5647 5649 5648
f 5648 5649 5650
f 5649 5651 5650
f 5650 5651 5652
f 5651 5653 5652
f 5652 5653 5654
f 5653 5655 5654
f 5654 5655 5656
f 5655 5657 5656
f 5656 5657 5658
f 5657 5659 5658
f 5658 5659 5660
f 5659 5661 5660
f 5660 5661 5662
f 5661 5663 5662
f 5662 5663 5664
f 5663 5665 5664
f 5664 5665 5618
f 5665 5619 5618
f 5666 5667 5668
f 5667 5669 5668
f 5668 5669 5670
f 5669 5671 5670
f 5670 5671 5672
f 5671 5673 5672
f 5672 5673 5674
f 5673 5675 5674
f 5674 5675 5676
f 5675 5677 5676
f 5676 5677 5678
f 5677 5679 5678
f 5678 5679 5680
f 5679 5681 5680
f 5680 5681 5682
f 5681 5683 5682
f 5682 5683 5684
f 5683 5685 5684
f 5684 5685 5686
f 5685 5687 5686
f 5686 5687 5688
f 5687 5689 5688
f 5688 5689 5690
f 5689 5691 5690
f 5690 5691 5692
f 5691 5693 5692
f 5692 5693 5694
f 5693 5695 5694
f 5694 5695 5696
f 5695 5697 5696
f 5696 5697 5698
f 5697 5699 5698
f 5698 5699 5700
f 5699 5701 5700
f 5700 5701 5702
f 5701 5703 5702
f 5702 5703 5704
f 5703 5705 5704
f 5704 5705 5706
f 5705 5707 5706
f 5706 5707 5708
f 5707 5709 5708
f 5708 5709 5710
f 5709 5711 5710
f 5710 5711 5712
f 5711 5713 5712
f 5712 5713 5666
f 5713 5667 5666
f 5714 5715 5716
f 5715 5717 5716
f 5716 5717 5718
f 5717 5719 5718
f 5718 5719 5720
f 5719 5721 5720
f 5720 5721 5722
f 5721 5723 5722
f 5722 5723 5724
f 5723 5725 5724
f 5724 5725 5726
f 5725 5727 5726
f 5726 5727 5728
f 5727 5729 5728
f 5728 5729 5730
f 5729 5731 5730
f 5730 5731 5732
f 5731 5733 5732
f 5732 5733 5734
f 5733 5735 5734
f 5734 5735 5736
f 5735 5737 5736
f 5736 5737 5738
f 5737 5739 5738
f 5738 5739 5740
f 5739 5741 5740
f 5740 5741 5742
f 5741 5743 5742
f 5742 5743 5744
f 5743 5745 5744
f 5744 5745 5746
f 5745 5747 5746
f 5746 5747 5748
f 5747 5749 5748
f 5748 5749 5750
f 5749 5751 5750
f 5750 5751 5752
f 5751 5753 5752
f 5752 5753 5754
f 5753 5755 5754
f 5754 5755 5756
f 5755 5757 5756
f 5756 5757 5758
f 5757 5759 5758
f 5758 5759 5760
f 5759 5761 5760
f 5760 5761 5714
f 5761 5715 5714
f 5762 5763 5764
f 5763 5765 5764
f 5764 5765 5766
f 5765 5767 5766
f 5766 5767 5768
f 5767 5769 5768
f 5768 5769 5770
f 5769 5771 5770
f 5770 5771 5772
f 5771 5773 5772
f 5772 5773 5774
f 5773 5775 5774
f 5774 5775 5776
f 5775 5777 5776
f 5776 5777 5778
f 5777 5779 5778
f 5778 5779 5780
f 5779 5781 5780
f 5780 5781 5782
f 5781 5783 5782
f 5782 5783 5784
f 5783 5785 5784
f 5784 5785 5786
f 5785 5787 5786
f 5786 5787 5788
f 5787 5789 5788
f 5788 5789 5790
f 5789 5791 5790
f 5790 5791 5792
f 5791 5793 5792
f 5792 5793 5794
f 5793 5795 5794
f 5794 5795 5796
f 5795 5797 5796
f 5796 5797 5798
f 5797 5799 5798
f 5798 5799 5800
f 5799 5801 5800
f 5800 5801 5802
f 5801 5803 5802
f 5802 5803 5804
f 5803 5805 5804
f 5804 5805 5806
f 5805 5807 5806
f 5806 5807 5808
f 5807 5809 5808
f 5808 5809 5762
f 5809 5763 5762
f 5810 5811 5812
f 5811 5813 5812
f 5812 5813 5814
f 5813 5815 5814
f 5814 5815 5816
f 5815 5817 5816
f 5816 5817 5818
f 5817 5819 5818
f 5818 5819 5820
f 5819 5821 5820
f 5820 5821 5822
f 5821 5823 5822
f 5822 5823 5824
f 5823 5825 5824
f 5824 5825 5826
f 5825 5827 5826
f 5826 5827 5828
f 5827 5829 5828
f 5828 5829 5830
f 5829 5831 5830
f 5830 5831 5832
f 5831 5833 5832
f 5832 5833 5834
f 5833 5835 5834
f 5834 5835 5836
f 5835 5837 5836
f 5836 5837 5838
f 5837 5839 5838
f 5838 5839 5840
f 5839 5841 5840
f 5840 5841 5842
f 5841 5843 5842
f 5842 5843 5844
f 5843 5845 5844
f 5844 5845 5846
f 5845 5847 5846
f 5846 5847 5848
f 5847 5849 5848
f 5848 5849 5850
f 5849 5851 5850
f 5850 5851 5852
f 5851 5853 5852
f 5852 5853 5854
f 5853 5855 5854
f 5854 5855 5856
f 5855 5857 5856
f 5856 5857 5810
f 5857 5811 5810
f 5858 5859 5860
f 5859 5861 5860
f 5860 5861 5862
f 5861 5863 5862
f 5862 5863 5864
f 5863 5865 5864
f 5864 5865 5866
f 5865 5867 5866
f 5866 5867 5868
f 5867 5869 5868
f 5868 5869 5870
f 5869 5871 5870
f 5870 5871 5872
f 5871 5873 5872
f 5872 5873 5874
f 5873 5875 5874
f 5874 5875 5876
f 5875 5877 5876
f 5876 5877 5878
f 5877 5879 5878
f 5878 5879 5880
f 5879 5881 5880
f 5880 5881 5882
f 5881 5883 5882
f 5882 5883 5884
f 5883 5885 5884
f 5884 5885 5886
f 5885 5887 5886
f 5886 5887 5888
f 5887 5889 5888
f 5888 5889 5890
f 5889 5891 5890
f 5890 5891 5892
f 5891 5893 5892
f 5892 5893 5894
f 5893 5895 5894
f 5894 5895 5896
f 5895 5897 5896
f 5896 5897 5898
f 5897 5899 5898
f 5898 5899 5900
f 5899 5901 5900
f 5900 5901 5902
f 5901 5903 5902
f 5902 5903 5904
f 5903 5905 5904
f 5904 5905 5858
f 5905 5859 5858
f 5906 5907 5908
f 5907 5909 5908
f 5908 5909 5910
f 5909 5911 5910
f 5910 5911 5912
f 5911 5913 5912
f 5912 5913 5914
f 5913 5915 5914
f 5914 5915 5916
f 5915 5917 5916
f 5916 5917 5918
f 5917 5919 5918
f 5918 5919 5920
f 5919 5921 5920
f 5920 5921 5922
f 5921 5923 5922
f 5922 5923 5924
f 5923 5925 5924
f 5924 5925 5926
f 5925 5927 5926
f 5926 5927 5928
f 5927 5929 5928
f 5928 5929 5930
f 5929 5931 5930
f 5930 5931 5932
f 5931 5933 5932
f 5932 5933 5934
f 5933 5935 5934
f 5934 5935 5936
f 5935 5937 5936
f 5936 5937 5938
f 5937 5939 5938
f 5938 5939 5940
f 5939 5941 5940
f 5940 5941 5942
f 5941 5943 5942
f 5942 5943 5944
f 5943 5945 5944
f 5944 5945 5946
f 5945 5947 5946
f 5946 5947 5948
f 5947 5949 5948
f 5948 5949 5950
f 5949 5951 5950
f 5950 5951 5952
f 5951 5953 5952
f 5952 5953 5906
f 5953 5907 5906
f 5954 5955 5956
f 5955 5957 5956
f 5956 5957 5958
f 5957 5959 5958
f 5958 5959 5960
f 5961 5962 5963
f 5962 5964 5963
f 5963 5964 5965
f 5964 5966 5965
f 5965 5966 5967
f 5966 5968 5967
f 5967 5968 5969
f 5968 5970 5969
f 5969 5970 5971
f 5970 5972 5971
f 5971 5972 5954
f 5972 5973 5954
f 5954 5973 5955
f 5959 5974 5960
f 5974 5975 5960
f 5960 5975 5976
f 5975 5977 5976
f 5976 5977 5978
f 5977 5979 5978
f 5978 5979 5980
f 5979 5981 5980
f 5980 5981 5982
f 5981 5983 5982
f 5982 5983 5984
f 5983 5985 5984
f 5984 5985 5986
f 5985 5987 5986
f 5986 5987 5988
f 5987 5989 5988
f 5988 5989 5990
f 5989 5991 5990
f 5990 5991 5992
f 5991 5993 5992
f 5992 5993 5994
f 5993 5995 5994
f 5994 5995 5996
f 5995 5997 5996
f 5996 5997 5998
f 5997 5999 5998
f 5998 5999 6000
f 5999 6001 6000
f 6000 6001 6002
f 6001 6003 6002
f 6002 6003 5961
f 6003 6004 5961
f 5961 6004 5962
f 6005 6006 6007
f 6006 6008 6007
f 6007 6008 6009
f 6008 6010 6009
f 6009 6010 6011
f 6010 6012 6011
f 6011 6012 6013
f 6012 6014 6013
f 6013 6014 6015
f 6014 6016 6015
f 6015 6016 6017
f 6016 6018 6017
f 6017 6018 6019
f 6018 6020 6019
f 6019 6020 6021
f 6020 6022 6021
f 6021 6022 6023
f 6022 6024 6023
f 6023 6024 6025
f 6024 6026 6025
f 6025 6026 6027
f 6026 6028 6027
f 6027 6028 6029
f 6028 6030 6029
f 6029 6030 6031
f 6030 6032 6031
f 6031 6032 6033
f 6034 6035 6036
f 6035 6037 6036
f 6036 6037 6038
f 6037 6039 6038
f 6038 6039 6040
f 6039 6041 6040
f 6040 6041 6005
f 6041 6042 6005
f 6005 6042 6006
f 6043 6044 6045
f 6044 6046 6045
f 6045 6046 6034
f 6046 6047 6034
f 6034 6047 6035
f 6032 6048 6033
f 6048 6049 6033
f 6033 6049 6050
f 6049 6051 6050
f 6050 6051 6052
f 6051 6053 6052
f 6052 6053 6054
f 6053 6055 6054
f 6054 6055 6043
f 6055 6056 6043
f 6043 6056 6044
f 6057 6058 6059
f 6058 6060 6059
f 6059 6060 6061
f 6060 6062 6061
f 6061 6062 6063
f 6062 6064 6063
f 6063 6064 6065
f 6064 6066 6065
f 6065 6066 6067
f 6066 6068 6067
f 6067 6068 6069
f 6070 6071 6072
f 6071 6073 6072
f 6072 6073 6057
f 6073 6074 6057
f 6057 6074 6058
f 6075 6076 6077
f 6076 6078 6077
f 6077 6078 6079
f 6078 6080 6079
f 6079 6080 6081
f 6080 6082 6081
f 6081 6082 6083
f 6082 6084 6083
f 6083 6084 6085
f 6084 6086 6085
f 6085 6086 6070
f 6086 6087 6070
f 6070 6087 6071
f 6068 6088 6069
f 6088 6089 6069
f 6069 6089 6090
f 6089 6091 6090
f 6090 6091 6092
f 6091 6093 6092
f 6092 6093 6094
f 6093 6095 6094
f 6094 6095 6096
f 6095 6097 6096
f 6096 6097 6098
f 6097 6099 6098
f 6098 6099 6100
f 6099 6101 6100
f 6100 6101 6102
f 6101 6103 6102
f 6102 6103 6104
f 6103 6105 6104
f 6104 6105 6106
f 6105 6107 6106
f 6106 6107 6075
f 6107 6108 6075
f 6075 6108 6076
f 6109 6110 6111
f 6110 6112 6111
f 6111 6112 6113
f 6112 6114 6113
f 6113 6114 6115
f 6114 6116 6115
f 6115 6116 6117
f 6118 6119 6120
f 6119 6121 6120
f 6120 6121 6122
f 6121 6123 6122
f 6122 6123 6124
f 6123 6125 6124
f 6124 6125 6126
f 6125 6127 6126
f 6126 6127 6128
f 6127 6129 6128
f 6128 6129 6130
f 6129 6131 6130
f 6130 6131 6132
f 6131 6133 6132
f 6132 6133 6134
f 6133 6135 6134
f 6134 6135 6136
f 6135 6137 6136
f 6136 6137 6138
f 6137 6139 6138
f 6138 6139 6140
f 6139 6141 6140
f 6140 6141 6142
f 6141 6143 6142
f 6142 6143 6144
f 6143 6145 6144
f 6144 6145 6146
f 6145 6147 6146
f 6146 6147 6148
f 6147 6149 6148
f 6148 6149 6109
f 6149 6150 6109
f 6109 6150 6110
f 6116 6151 6117
f 6151 6152 6117
f 6117 6152 6153
f 6152 6154 6153
f 6153 6154 6155
f 6154 6156 6155
f 6155 6156 6157
f 6156 6158 6157
f 6157 6158 6118
f 6158 6159 6118
f 6118 6159 6119
f 6160 6161 6162
f 6161 6163 6162
f 6162 6163 6164
f 6163 6165 6164
f 6164 6165 6166
f 6167 6168 6169
f 6168 6170 6169
f 6169 6170 6171
f 6170 6172 6171
f 6171 6172 6173
f 6172 6174 6173
f 6173 6174 6160
f 6174 6175 6160
f 6160 6175 6161
f 6176 6177 6178
f 6177 6179 6178
f 6178 6179 6180
f 6179 6181 6180
f 6180 6181 6182
f 6181 6183 6182
f 6182 6183 6167
f 6183 6184 6167
f 6167 6184 6168
f 6185 6186 6187
f 6186 6188 6187
f 6187 6188 6189
f 6188 6190 6189
f 6189 6190 6191
f 6190 6192 6191
f 6191 6192 6176
f 6192 6193 6176
f 6176 6193 6177
f 6165 6194 6166
f 6194 6195 6166
f 6166 6195 6196
f 6195 6197 6196
f 6196 6197 6198
f 6197 6199 6198
f 6198 6199 6200
f 6199 6201 6200
f 6200 6201 6202
f 6201 6203 6202
f 6202 6203 6204
f 6203 6205 6204
f 6204 6205 6206
f 6205 6207 6206
f 6206 6207 6208
f 6207 6209 6208
f 6208 6209 6210
f 6209 6211 6210
f 6210 6211 6185
f 6211 6212 6185
f 6185 6212 6186
f 6213 6214 6215
f 6216 6217 6218
f 6217 6219 6218
f 6218 6219 6220
f 6219 6221 6220
f 6220 6221 6222
f 6215 6214 6223
f 6214 6224 6223
f 6223 6224 6225
f 6224 6226 6225
f 6225 6226 6216
f 6226 6227 6216
f 6216 6227 6217
f 6228 6229 6230
f 6229 6231 6230
f 6230 6231 6232
f 6231 6233 6232
f 6232 6233 6234
f 6233 6235 6234
f 6234 6235 6236
f 6235 6237 6236
f 6236 6237 6238
f 6237 6239 6238
f 6238 6239 6215
f 6239 6240 6215
f 6215 6240 6213
f 6221 6241 6222
f 6241 6242 6222
f 6222 6242 6243
f 6242 6244 6243
f 6243 6244 6245
f 6244 6246 6245
f 6245 6246 6247
f 6246 6248 6247
f 6247 6248 6249
f 6248 6250 6249
f 6249 6250 6251
f 6250 6252 6251
f 6251 6252 6253
f 6252 6254 6253
f 6253 6254 6255
f 6254 6256 6255
f 6255 6256 6257
f 6256 6258 6257
f 6257 6258 6259
f 6258 6260 6259
f 6259 6260 6261
f 6260 6262 6261
f 6261 6262 6263
f 6262 6264 6263
f 6263 6264 6228
f 6264 6265 6228
f 6228 6265 6229
f 6266 6267 6268
f 6268 6267 6269
f 6267 6270 6269
f 6269 6270 6271
f 6270 6272 6271
f 6271 6272 6273
f 6272 6274 6273
f 6273 6274 6275
f 6274 6276 6275
f 6275 6276 6277
f 6276 6278 6277
f 6277 6278 6279
f 6280 6281 6282
f 6281 6283 6282
f 6282 6283 6278
f 6283 6284 6278
f 6278 6284 6279
f 6285 6286 6287
f 6286 6288 6287
f 6287 6288 6289
f 6288 6290 6289
f 6289 6290 6291
f 6290 6292 6291
f 6291 6292 6280
f 6292 6293 6280
f 6280 6293 6281
f 6268 6294 6266
f 6294 6295 6266
f 6266 6295 6296
f 6295 6297 6296
f 6296 6297 6298
f 6297 6299 6298
f 6298 6299 6300
f 6299 6301 6300
f 6300 6301 6302
f 6301 6303 6302
f 6302 6303 6304
f 6303 6305 6304
f 6304 6305 6306
f 6305 6307 6306
f 6306 6307 6308
f 6307 6309 6308
f 6308 6309 6310
f 6309 6311 6310
f 6310 6311 6312
f 6311 6313 6312
f 6312 6313 6314
f 6313 6315 6314
f 6314 6315 6316
f 6315 6317 6316
f 6316 6317 6285
f 6317 6318 6285
f 6285 6318 6286
f 6319 6320 6321
f 6320 6322 6321
f 6321 6322 6323
f 6322 6324 6323
f 6323 6324 6325
f 6324 6326 6325
f 6325 6326 6327
f 6328 6329 6330
f 6329 6331 6330
f 6330 6331 6332
f 6331 6333 6332
f 6332 6333 6334
f 6333 6335 6334
f 6334 6335 6319
f 6335 6336 6319
f 6319 6336 6320
f 6337 6338 6339
f 6338 6340 6339
f 6339 6340 6341
f 6340 6342 6341
f 6341 6342 6343
f 6342 6344 6343
f 6343 6344 6328
f 6344 6345 6328
f 6328 6345 6329
f 6346 6347 6348
f 6347 6349 6348
f 6348 6349 6337
f 6349 6350 6337
f 6337 6350 6338
f 6326 6351 6327
f 6351 6352 6327
f 6327 6352 6353
f 6352 6354 6353
f 6353 6354 6355
f 6354 6356 6355
f 6355 6356 6357
f 6356 6358 6357
f 6357 6358 6359
f 6358 6360 6359
f 6359 6360 6361
f 6360 6362 6361
f 6361 6362 6363
f 6362 6364 6363
f 6363 6364 6365
f 6364 6366 6365
f 6365 6366 6367
f 6366 6368 6367
f 6367 6368 6369
f 6368 6370 6369
f 6369 6370 6346
f 6370 6371 6346
f 6346 6371 6347
f 6372 6373 6374
f 6375 6376 6377
f 6378 6379 6380
f 6381 6382 6383
f 6384 6385 6386
f 6387 6388 6389
f 6390 6373 6391
f 6392 6393 6394
f 6395 6396 6397
f 6398 6399 6400
f 6401 6402 6379
f 6403 6404 6405
f 6406 6407 6408
f 6409 6383 6410
f 6383 6382 6410
f 6410 6382 6411
f 6382 6412 6411
f 6408 6407 6413
f 6407 6414 6413
f 6413 6414 6415
f 6412 6382 6416
f 6382 6417 6416
f 6416 6417 6418
f 6417 6419 6418
f 6418 6419 6420
f 6414 6421 6415
f 6421 6422 6415
f 6415 6422 6419
f 6422 6423 6419
f 6419 6423 6420
f 6409 6424 6383
f 6424 6425 6383
f 6383 6425 6426
f 6425 6427 6426
f 6426 6427 6428
f 6428 6429 6426
f 6429 6430 6426
f 6426 6430 6431
f 6432 6433 6434
f 6433 6435 6434
f 6434 6435 6408
f 6435 6436 6408
f 6408 6436 6406
f 6437 6438 6434
f 6438 6439 6434
f 6434 6439 6432
f 6440 6441 6442
f 6441 6443 6442
f 6444 6445 6446
f 6447 6448 6449
f 6448 6450 6449
f 6449 6450 6442
f 6450 6451 6442
f 6442 6451 6440
f 6452 6453 6445
f 6454 6455 6456
f 6456 6457 6454
f 6457 6458 6454
f 6454 6458 6445
f 6458 6459 6445
f 6445 6459 6452
f 6453 6460 6445
f 6460 6461 6445
f 6445 6461 6446
f 6462 6463 6464
f 6462 6464 6465
f 6463 6466 6464
f 6466 6467 6464
f 6464 6467 6454
f 6467 6468 6454
f 6454 6468 6455
f 6469 6470 6471
f 6470 6472 6471
f 6471 6472 6473
f 6472 6474 6473
f 6473 6474 6464
f 6474 6475 6464
f 6464 6475 6465
f 6476 6477 6478
f 6479 6480 6481
f 6481 6480 6478
f 6480 6482 6478
f 6478 6482 6476
f 6476 6483 6477
f 6483 6484 6477
f 6477 6484 6485
f 6379 6402 6380
f 6402 6486 6380
f 6380 6486 6481
f 6486 6487 6481
f 6481 6487 6479
f 6488 6489 6490
f 6488 6490 6491
f 6490 6492 6491
f 6492 6493 6491
f 6491 6493 6494
f 6495 6496 6497
f 6496 6498 6497
f 6498 6499 6497
f 6497 6499 6488
f 6499 6500 6488
f 6488 6500 6489
f 6501 6502 6503
f 6502 6504 6503
f 6405 6404 6503
f 6404 6505 6503
f 6503 6505 6501
f 6506 6507 6508
f 6509 6510 6511
f 6512 6513 6514
f 6513 6515 6514
f 6514 6515 6516
f 6515 6517 6516
f 6517 6518 6516
f 6518 6519 6516
f 6516 6519 6520
f 6519 6521 6520
f 6520 6521 6510
f 6521 6522 6510
f 6510 6522 6511
f 6395 6397 6523
f 6524 6525 6526
f 6527 6528 6529
f 6399 6530 6400
f 6530 6531 6400
f 6400 6531 6524
f 6531 6532 6524
f 6524 6532 6525
f 6528 6533 6529
f 6533 6534 6529
f 6529 6534 6535
f 6526 6536 6524
f 6536 6537 6524
f 6524 6537 6529
f 6537 6538 6529
f 6529 6538 6527
f 6539 6540 6541
f 6542 6543 6544
f 6543 6545 6544
f 6539 6541 6546
f 6541 6547 6546
f 6546 6547 6548
f 6542 6544 6549
f 6544 6550 6549
f 6549 6550 6551
f 6548 6552 6546
f 6552 6553 6546
f 6546 6553 6554
f 6553 6555 6554
f 6554 6555 6556
f 6555 6557 6556
f 6556 6557 6558
f 6559 6560 6561
f 6560 6562 6561
f 6561 6562 6550
f 6562 6563 6550
f 6550 6563 6551
f 6564 6565 6561
f 6565 6566 6561
f 6561 6566 6559
f 6567 6394 6568
f 6394 6376 6568
f 6568 6376 6569
f 6567 6570 6394
f 6570 6571 6394
f 6394 6571 6564
f 6571 6572 6564
f 6564 6572 6565
f 6557 6573 6558
f 6573 6574 6558
f 6558 6574 6375
f 6574 6575 6375
f 6375 6575 6376
f 6575 6576 6376
f 6376 6576 6569
f 6392 6394 6577
f 6578 6579 6564
f 6580 6581 6582
f 6582 6583 6580
f 6583 6584 6580
f 6580 6584 6564
f 6584 6585 6564
f 6564 6585 6578
f 6579 6586 6564
f 6586 6587 6564
f 6564 6587 6394
f 6587 6588 6394
f 6394 6588 6577
f 6373 6390 6374
f 6390 6589 6374
f 6374 6589 6590
f 6591 6592 6580
f 6592 6593 6580
f 6580 6593 6581
f 6589 6594 6590
f 6594 6595 6590
f 6590 6595 6591
f 6595 6596 6591
f 6591 6596 6592
f 6597 6598 6599
f 6391 6373 6600
f 6373 6372 6600
f 6600 6372 6601
f 6372 6602 6601
f 6601 6602 6603
f 6602 6604 6603
f 6603 6604 6605
f 6599 6606 6597
f 6606 6607 6597
f 6597 6607 6604
f 6607 6608 6604
f 6604 6608 6605
f 6609 6610 6611
f 6610 6612 6611
f 6611 6612 6613
f 6614 6615 6616
f 6617 6618 6619
f 6618 6620 6619
f 6619 6620 6621
f 6621 6622 6619
f 6622 6623 6619
f 6619 6623 6611
f 6623 6624 6611
f 6611 6624 6609
f 6625 6626 6627
f 6626 6628 6627
f 6627 6629 6625
f 6629 6630 6625
f 6625 6630 6631
f 6630 6632 6631
f 6632 6633 6631
f 6631 6633 6634
f 6633 6635 6634
f 6634 6635 6636
f 6635 6637 6636
f 6636 6637 6616
f 6637 6638 6616
f 6616 6638 6614
f 6389 6388 6639
f 6640 6641 6591
f 6641 6642 6591
f 6591 6642 6643
f 6642 6644 6643
f 6644 6639 6643
f 6643 6639 6645
f 6639 6388 6645
f 6645 6388 6626
f 6388 6387 6626
f 6626 6387 6628
f 6646 6647 6385
f 6648 6649 6650
f 6649 6651 6650
f 6650 6651 6652
f 6648 6653 6649
f 6653 6654 6649
f 6649 6654 6655
f 6654 6656 6655
f 6655 6656 6657
f 6656 6658 6657
f 6658 6659 6657
f 6657 6659 6660
f 6385 6647 6661
f 6659 6662 6660
f 6662 6663 6660
f 6660 6663 6384
f 6663 6664 6384
f 6384 6664 6385
f 6664 6665 6385
f 6385 6665 6646
f 6666 6667 6668
f 6652 6651 6669
f 6651 6670 6669
f 6669 6670 6668
f 6671 6672 6619
f 6672 6616 6619
f 6619 6616 6617
f 6616 6615 6617
f 6672 6673 6616
f 6673 6674 6616
f 6616 6674 6666
f 6674 6675 6666
f 6666 6675 6667
f 6676 6677 6678
f 6677 6679 6678
f 6678 6679 6619
f 6679 6680 6619
f 6619 6680 6671
f 6647 6681 6661
f 6681 6682 6661
f 6661 6682 6678
f 6682 6683 6678
f 6678 6683 6676
f 6684 6685 6686
f 6684 6686 6643
f 6686 6687 6643
f 6643 6687 6688
f 6689 6690 6591
f 6590 6691 6692
f 6689 6591 6693
f 6690 6694 6591
f 6694 6695 6591
f 6591 6695 6696
f 6692 6697 6590
f 6697 6698 6590
f 6590 6698 6699
f 6698 6700 6699
f 6696 6701 6591
f 6701 6702 6591
f 6591 6702 6590
f 6702 6703 6590
f 6590 6703 6691
f 6688 6704 6643
f 6704 6705 6643
f 6643 6705 6591
f 6705 6706 6591
f 6591 6706 6693
f 6668 6670 6666
f 6670 6707 6666
f 6666 6707 6616
f 6707 6708 6616
f 6616 6708 6636
f 6494 6401 6491
f 6401 6379 6491
f 6491 6379 6709
f 6379 6378 6709
f 6484 6403 6485
f 6403 6405 6485
f 6485 6405 6710
f 6405 6503 6710
f 6710 6503 6711
f 6711 6503 6712
f 6503 6397 6712
f 6712 6397 6514
f 6397 6396 6514
f 6514 6396 6512
f 6540 6539 6545
f 6539 6713 6545
f 6545 6713 6544
f 6713 6714 6544
f 6544 6714 6509
f 6377 6376 6715
f 6376 6394 6715
f 6715 6394 6598
f 6394 6393 6598
f 6598 6393 6599
f 6431 6437 6426
f 6437 6434 6426
f 6426 6434 6449
f 6434 6444 6449
f 6449 6444 6447
f 6444 6446 6447
f 6504 6506 6503
f 6506 6508 6503
f 6503 6508 6397
f 6508 6529 6397
f 6397 6529 6523
f 6529 6535 6523
f 6709 6381 6491
f 6381 6383 6491
f 6491 6383 6488
f 6383 6426 6488
f 6488 6426 6497
f 6426 6449 6497
f 6497 6449 6471
f 6449 6442 6471
f 6471 6442 6469
f 6442 6443 6469
f 6507 6495 6508
f 6495 6497 6508
f 6508 6497 6529
f 6497 6471 6529
f 6529 6471 6524
f 6471 6473 6524
f 6413 6386 6408
f 6386 6385 6408
f 6408 6385 6434
f 6385 6661 6434
f 6434 6661 6444
f 6661 6678 6444
f 6444 6678 6445
f 6678 6619 6445
f 6445 6619 6454
f 6619 6611 6454
f 6511 6398 6509
f 6398 6400 6509
f 6509 6400 6544
f 6400 6524 6544
f 6544 6524 6550
f 6524 6473 6550
f 6550 6473 6561
f 6473 6464 6561
f 6561 6464 6564
f 6464 6454 6564
f 6564 6454 6580
f 6454 6611 6580
f 6580 6611 6591
f 6611 6613 6591
f 6591 6613 6640
f 6716 6717 6718
f 6719 6720 6721
f 6722 6723 6724
f 6725 6726 6727
f 6728 6729 6730
f 6729 6731 6730
f 6732 6733 6734
f 6733 6735 6734
f 6733 6728 6735
f 6728 6730 6735
f 6735 6730 6727
f 6727 6726 6735
f 6726 6736 6735
f 6735 6736 6734
f 6737 6738 6739
f 6738 6740 6739
f 6739 6740 6741
f 6740 6742 6741
f 6741 6742 6743
f 6742 6744 6743
f 6743 6744 6745
f 6744 6746 6745
f 6745 6746 6747
f 6738 6748 6740
f 6748 6749 6740
f 6740 6749 6742
f 6749 6750 6742
f 6742 6750 6744
f 6750 6751 6744
f 6744 6751 6746
f 6752 6725 6753
f 6725 6727 6753
f 6753 6727 6754
f 6727 6730 6754
f 6754 6730 6755
f 6730 6731 6755
f 6755 6731 6756
f 6757 6758 6759
f 6758 6760 6759
f 6759 6760 6761
f 6760 6762 6761
f 6761 6762 6763
f 6762 6764 6763
f 6724 6723 6765
f 6723 6766 6765
f 6765 6766 6767
f 6766 6768 6767
f 6767 6768 6769
f 6770 6768 6771
f 6768 6766 6771
f 6771 6766 6772
f 6766 6723 6772
f 6772 6723 6773
f 6723 6722 6773
f 6773 6722 6774
f 6775 6770 6776
f 6770 6771 6776
f 6776 6771 6777
f 6771 6772 6777
f 6777 6772 6778
f 6772 6773 6778
f 6778 6773 6779
f 6773 6774 6779
f 6779 6774 6780
f 6775 6781 6770
f 6781 6782 6770
f 6770 6782 6768
f 6782 6783 6768
f 6768 6783 6769
f 6784 6785 6786
f 6785 6787 6786
f 6788 6757 6789
f 6757 6759 6789
f 6789 6759 6790
f 6759 6761 6790
f 6790 6761 6791
f 6761 6763 6791
f 6792 6793 6794
f 6793 6795 6794
f 6795 6788 6794
f 6794 6788 6796
f 6788 6789 6796
f 6796 6789 6797
f 6789 6790 6797
f 6797 6790 6798
f 6790 6791 6798
f 6798 6791 6737
f 6791 6763 6737
f 6737 6763 6738
f 6763 6764 6738
f 6799 6800 6801
f 6800 6802 6801
f 6719 6721 6803
f 6804 6805 6806
f 6805 6807 6806
f 6806 6807 6808
f 6804 6716 6805
f 6716 6718 6805
f 6805 6718 6809
f 6810 6811 6812
f 6811 6809 6812
f 6812 6809 6813
f 6809 6718 6813
f 6813 6718 6799
f 6718 6717 6799
f 6811 6814 6809
f 6814 6815 6809
f 6809 6815 6805
f 6815 6816 6805
f 6805 6816 6807
f 6802 6803 6801
f 6803 6721 6801
f 6801 6721 6817
f 6721 6818 6817
f 6817 6818 6819
f 6820 6821 6775
f 6821 6822 6775
f 6775 6822 6781
f 6769 6823 6767
f 6823 6748 6767
f 6767 6748 6765
f 6748 6738 6765
f 6765 6738 6724
f 6738 6764 6724
f 6724 6764 6722
f 6764 6762 6722
f 6722 6762 6774
f 6762 6760 6774
f 6774 6760 6780
f 6760 6758 6780
f 6755 6747 6754
f 6747 6746 6754
f 6754 6746 6753
f 6746 6751 6753
f 6753 6751 6752
f 6751 6750 6752
f 6752 6750 6824
f 6750 6749 6824
f 6824 6749 6825
f 6749 6748 6825
f 6825 6748 6826
f 6748 6823 6826
f 6793 6827 6795
f 6827 6828 6795
f 6795 6828 6788
f 6828 6829 6788
f 6788 6829 6757
f 6829 6830 6757
f 6757 6830 6758
f 6830 6831 6758
f 6758 6831 6780
f 6831 6832 6780
f 6780 6832 6779
f 6832 6833 6779
f 6779 6833 6778
f 6833 6834 6778
f 6778 6834 6777
f 6834 6835 6777
f 6777 6835 6776
f 6835 6836 6776
f 6776 6836 6775
f 6836 6837 6775
f 6775 6837 6820
f 6799 6801 6813
f 6801 6817 6813
f 6813 6817 6812
f 6817 6819 6812
f 6812 6819 6810
f 6838 6810 6839
f 6810 6819 6839
f 6839 6819 6840
f 6819 6818 6840
f 6840 6818 6841
f 6818 6721 6841
f 6841 6721 6786
f 6721 6720 6786
f 6786 6720 6784
f 6756 6808 6755
f 6808 6807 6755
f 6755 6807 6747
f 6807 6816 6747
f 6747 6816 6745
f 6816 6815 6745
f 6745 6815 6743
f 6815 6814 6743
f 6743 6814 6741
f 6814 6811 6741
f 6741 6811 6739
f 6811 6810 6739
f 6739 6810 6737
f 6810 6838 6737
f 6737 6838 6798
f 6838 6839 6798
f 6798 6839 6797
f 6839 6840 6797
f 6797 6840 6796
f 6840 6841 6796
f 6796 6841 6794
f 6841 6786 6794
f 6794 6786 6792
f 6786 6787 6792
f 6792 6787 6842
f 6843 6844 6845
f 6821 6820 6846
f 6847 6848 6849
f 6850 6851 6852
f 6853 6854 6855
f 6856 6857 6858
f 6857 6859 6858
f 6860 6861 6862
f 6861 6863 6862
f 6862 6863 6864
f 6865 6866 6867
f 6866 6868 6867
f 6869 6870 6871
f 6872 6865 6873
f 6865 6867 6873
f 6873 6867 6874
f 6867 6875 6874
f 6874 6875 6876
f 6876 6875 6877
f 6875 6878 6877
f 6877 6878 6879
f 6879 6878 6880
f 6878 6881 6880
f 6880 6881 6882
f 6882 6881 6883
f 6881 6884 6883
f 6883 6884 6885
f 6885 6884 6886
f 6884 6887 6886
f 6886 6887 6888
f 6888 6887 6889
f 6887 6890 6889
f 6889 6890 6891
f 6891 6890 6892
f 6890 6893 6892
f 6892 6893 6894
f 6894 6893 6895
f 6893 6896 6895
f 6895 6896 6897
f 6897 6896 6898
f 6896 6899 6898
f 6898 6899 6900
f 6900 6899 6901
f 6899 6902 6901
f 6901 6902 6903
f 6903 6902 6904
f 6902 6905 6904
f 6904 6905 6906
f 6906 6905 6907
f 6905 6908 6907
f 6907 6908 6909
f 6909 6908 6910
f 6908 6911 6910
f 6910 6911 6912
f 6912 6911 6913
f 6911 6914 6913
f 6913 6914 6915
f 6915 6914 6916
f 6914 6917 6916
f 6916 6917 6918
f 6918 6917 6919
f 6917 6920 6919
f 6919 6920 6921
f 6921 6920 6922
f 6920 6923 6922
f 6922 6923 6924
f 6924 6923 6925
f 6923 6926 6925
f 6925 6926 6927
f 6928 6929 6926
f 6929 6930 6926
f 6926 6930 6927
f 6849 6848 6931
f 6848 6932 6931
f 6932 6933 6931
f 6931 6933 6928
f 6933 6934 6928
f 6928 6934 6929
f 6847 6849 6846
f 6849 6935 6846
f 6846 6935 6821
f 6783 6782 6935
f 6782 6781 6935
f 6781 6822 6935
f 6935 6822 6821
f 6824 6825 6936
f 6825 6937 6936
f 6736 6938 6939
f 6938 6940 6939
f 6939 6940 6941
f 6942 6943 6944
f 6943 6732 6944
f 6944 6732 6734
f 6699 6700 6945
f 6700 6946 6945
f 6945 6946 6947
f 6602 6948 6949
f 6948 6950 6949
f 6949 6950 6945
f 6950 6951 6945
f 6945 6951 6699
f 6602 6949 6604
f 6949 6952 6604
f 6604 6952 6597
f 6597 6952 6953
f 6952 6954 6953
f 6953 6954 6715
f 6556 6955 6956
f 6955 6957 6956
f 6956 6957 6954
f 6957 6958 6954
f 6954 6958 6715
f 6556 6956 6554
f 6956 6959 6554
f 6554 6959 6546
f 6959 6960 6546
f 6546 6960 6539
f 6510 6961 6962
f 6961 6963 6962
f 6962 6963 6960
f 6963 6964 6960
f 6960 6964 6539
f 6510 6962 6520
f 6962 6965 6520
f 6520 6965 6516
f 6516 6965 6966
f 6965 6967 6966
f 6966 6967 6712
f 6968 6969 6967
f 6969 6970 6967
f 6967 6970 6712
f 6971 6481 6972
f 6481 6478 6972
f 6972 6478 6973
f 6478 6477 6973
f 6973 6477 6968
f 6477 6974 6968
f 6968 6974 6969
f 6975 6976 6972
f 6976 6977 6972
f 6972 6977 6971
f 6978 6979 6975
f 6979 6381 6975
f 6975 6381 6976
f 6980 6415 6981
f 6415 6419 6981
f 6981 6419 6978
f 6419 6417 6978
f 6978 6417 6979
f 6980 6981 6982
f 6981 6983 6982
f 6982 6983 6984
f 6984 6983 6660
f 6983 6985 6660
f 6660 6985 6657
f 6657 6985 6655
f 6985 6986 6655
f 6655 6986 6649
f 6708 6987 6988
f 6987 6989 6988
f 6988 6989 6986
f 6989 6990 6986
f 6986 6990 6649
f 6708 6988 6991
f 6988 6992 6991
f 6991 6992 6634
f 6634 6992 6631
f 6992 6993 6631
f 6631 6993 6625
f 6684 6994 6855
f 6994 6995 6855
f 6855 6995 6993
f 6995 6996 6993
f 6993 6996 6625
f 6685 6684 6997
f 6684 6855 6997
f 6997 6855 6998
f 6855 6854 6998
f 6868 6869 6867
f 6869 6871 6867
f 6867 6871 6875
f 6871 6999 6875
f 6875 6999 6878
f 6999 7000 6878
f 6878 7000 6881
f 7000 7001 6881
f 6881 7001 6884
f 7001 7002 6884
f 6884 7002 6887
f 7002 7003 6887
f 6887 7003 6890
f 7003 7004 6890
f 6890 7004 6893
f 7004 7005 6893
f 6893 7005 6896
f 7005 7006 6896
f 6896 7006 6899
f 7006 7007 6899
f 6899 7007 6902
f 7007 7008 6902
f 6902 7008 6905
f 7008 7009 6905
f 6905 7009 6908
f 7009 7010 6908
f 6908 7010 6911
f 7010 7011 6911
f 6911 7011 6914
f 7011 7012 6914
f 6914 7012 6917
f 7012 7013 6917
f 6917 7013 6920
f 7013 7014 6920
f 6920 7014 6923
f 7014 7015 6923
f 6923 7015 6926
f 7015 7016 6926
f 6926 7016 6928
f 7016 7017 6928
f 6928 7017 6931
f 7017 7018 6931
f 6931 7018 6849
f 7018 7019 6849
f 6849 7019 6935
f 7019 6845 6935
f 6935 6845 6783
f 6845 6844 6783
f 6870 6860 6871
f 6860 6862 6871
f 6871 6862 6999
f 6862 7020 6999
f 6999 7020 7000
f 7020 7021 7000
f 7000 7021 7001
f 7021 7022 7001
f 7001 7022 7002
f 7022 7023 7002
f 7002 7023 7003
f 7023 7024 7003
f 7003 7024 7004
f 7024 7025 7004
f 7004 7025 7005
f 7025 7026 7005
f 7005 7026 7006
f 7026 7027 7006
f 7006 7027 7007
f 7027 7028 7007
f 7007 7028 7008
f 7028 7029 7008
f 7008 7029 7009
f 7029 7030 7009
f 7009 7030 7010
f 7030 7031 7010
f 7010 7031 7011
f 7031 7032 7011
f 7011 7032 7012
f 7032 7033 7012
f 7012 7033 7013
f 7033 7034 7013
f 7013 7034 7014
f 7034 7035 7014
f 7014 7035 7015
f 7035 7036 7015
f 7015 7036 7016
f 7036 7037 7016
f 7016 7037 7017
f 7037 7038 7017
f 7017 7038 7018
f 7038 7039 7018
f 7018 7039 7019
f 7039 7040 7019
f 7019 7040 6845
f 7040 6936 6845
f 6845 6936 6843
f 6936 6937 6843
f 6864 6850 6862
f 6850 6852 6862
f 6862 6852 7020
f 6852 7041 7020
f 7020 7041 7021
f 7041 7042 7021
f 7021 7042 7022
f 7042 7043 7022
f 7022 7043 7023
f 7043 7044 7023
f 7023 7044 7024
f 7044 7045 7024
f 7024 7045 7025
f 7045 7046 7025
f 7025 7046 7026
f 7046 7047 7026
f 7026 7047 7027
f 7047 7048 7027
f 7027 7048 7028
f 7048 7049 7028
f 7028 7049 7029
f 7049 7050 7029
f 7029 7050 7030
f 7050 7051 7030
f 7030 7051 7031
f 7051 7052 7031
f 7031 7052 7032
f 7052 7053 7032
f 7032 7053 7033
f 7053 7054 7033
f 7033 7054 7034
f 7054 7055 7034
f 7034 7055 7035
f 7055 7056 7035
f 7035 7056 7036
f 7056 7057 7036
f 7036 7057 7037
f 7057 7058 7037
f 7037 7058 7038
f 7058 7059 7038
f 7038 7059 7039
f 7059 7060 7039
f 7039 7060 7040
f 7060 7061 7040
f 7040 7061 6936
f 7061 6939 6936
f 6936 6939 6824
f 6939 6941 6824
f 6851 6856 6852
f 6856 6858 6852
f 6852 6858 7041
f 6858 7062 7041
f 7041 7062 7042
f 7062 7063 7042
f 7042 7063 7043
f 7063 7064 7043
f 7043 7064 7044
f 7064 7065 7044
f 7044 7065 7045
f 7065 7066 7045
f 7045 7066 7046
f 7066 7067 7046
f 7046 7067 7047
f 7067 7068 7047
f 7047 7068 7048
f 7068 7069 7048
f 7048 7069 7049
f 7069 7070 7049
f 7049 7070 7050
f 7070 7071 7050
f 7050 7071 7051
f 7071 7072 7051
f 7051 7072 7052
f 7072 7073 7052
f 7052 7073 7053
f 7073 7074 7053
f 7053 7074 7054
f 7074 7075 7054
f 7054 7075 7055
f 7075 7076 7055
f 7055 7076 7056
f 7076 7077 7056
f 7056 7077 7057
f 7077 7078 7057
f 7057 7078 7058
f 7078 7079 7058
f 7058 7079 7059
f 7079 7080 7059
f 7059 7080 7060
f 7080 7081 7060
f 7060 7081 7061
f 7081 7082 7061
f 7061 7082 6939
f 7082 6944 6939
f 6939 6944 6736
f 6944 6734 6736
f 6859 6853 6858
f 6853 6855 6858
f 6858 6855 7062
f 6855 6993 7062
f 7062 6993 7063
f 6993 6992 7063
f 7063 6992 7064
f 6992 6988 7064
f 7064 6988 7065
f 6988 6986 7065
f 7065 6986 7066
f 6986 6985 7066
f 7066 6985 7067
f 6985 6983 7067
f 7067 6983 7068
f 6983 6981 7068
f 7068 6981 7069
f 6981 6978 7069
f 7069 6978 7070
f 6978 6975 7070
f 7070 6975 7071
f 6975 6972 7071
f 7071 6972 7072
f 6972 6973 7072
f 7072 6973 7073
f 6973 6968 7073
f 7073 6968 7074
f 6968 6967 7074
f 7074 6967 7075
f 6967 6965 7075
f 7075 6965 7076
f 6965 6962 7076
f 7076 6962 7077
f 6962 6960 7077
f 7077 6960 7078
f 6960 6959 7078
f 7078 6959 7079
f 6959 6956 7079
f 7079 6956 7080
f 6956 6954 7080
f 7080 6954 7081
f 6954 6952 7081
f 7081 6952 7082
f 6952 6949 7082
f 7082 6949 6944
f 6949 6945 6944
f 6944 6945 6942
f 6945 6947 6942
f 7083 7084 7085
f 7086 7087 7088
f 7089 7090 7091
f 7092 7093 7094
f 7095 7096 7097
f 7098 7099 7100
f 7101 7102 7103
f 7104 7102 7105
f 7102 7101 7105
f 7105 7101 7094
f 7106 7107 7108
f 7107 7109 7108
f 7108 7109 7110
f 7109 7111 7110
f 7094 7093 7105
f 7093 6872 7105
f 7105 6872 7104
f 7112 7113 7114
f 7115 7116 7113
f 7100 7099 7117
f 7099 7118 7117
f 7117 7118 7097
f 7097 7096 7117
f 7096 7119 7117
f 7117 7119 7100
f 6868 7110 6869
f 7110 7111 6869
f 6869 7111 7120
f 6868 7092 7110
f 7092 7094 7110
f 7110 7094 7108
f 7094 7101 7108
f 7108 7101 7106
f 7101 7103 7106
f 7106 7103 7121
f 7122 7123 7124
f 7123 7125 7124
f 7124 7125 7126
f 7125 7127 7126
f 7126 7127 7128
f 7129 7130 7131
f 7130 7132 7131
f 7131 7132 7133
f 7132 7134 7133
f 7133 7134 7135
f 7134 7136 7135
f 7135 7136 7137
f 7136 7138 7137
f 7137 7138 7139
f 7130 7122 7132
f 7122 7124 7132
f 7132 7124 7134
f 7124 7126 7134
f 7134 7126 7136
f 7126 7128 7136
f 7136 7128 7138
f 7140 7141 7142
f 7141 7143 7142
f 7118 7112 7097
f 7112 7114 7097
f 7097 7114 7095
f 7114 7144 7095
f 7095 7144 7145
f 7144 7146 7145
f 7145 7146 7140
f 7146 7147 7140
f 7140 7147 7141
f 7147 7148 7141
f 7148 7149 7141
f 7141 7149 7143
f 7149 7150 7143
f 7116 7115 7151
f 7115 7152 7151
f 7151 7152 7153
f 7154 7155 7156
f 7155 7157 7156
f 7156 7157 7158
f 7157 7159 7158
f 7158 7159 7160
f 7161 7162 7163
f 7162 7164 7163
f 7163 7164 7165
f 7162 7166 7164
f 7166 7167 7164
f 7164 7167 7165
f 7167 7168 7165
f 7165 7168 7169
f 7170 7139 7153
f 7139 7138 7153
f 7153 7138 7151
f 7138 7128 7151
f 7151 7128 7116
f 7128 7127 7116
f 7116 7127 7113
f 7127 7125 7113
f 7113 7125 7114
f 7125 7123 7114
f 7114 7123 7144
f 7123 7122 7144
f 7144 7122 7146
f 7122 7130 7146
f 7146 7130 7147
f 7130 7129 7147
f 7147 7129 7148
f 7171 7172 7173
f 7091 7174 7175
f 7174 7176 7175
f 7175 7176 7177
f 7176 7178 7177
f 7177 7178 7179
f 7180 7181 7182
f 7181 7089 7182
f 7089 7091 7182
f 7091 7175 7182
f 7182 7175 7183
f 7175 7177 7183
f 7183 7177 7184
f 7177 7179 7184
f 7184 7179 7173
f 7179 7185 7173
f 7173 7185 7171
f 7086 7088 7084
f 7173 7186 7184
f 7186 7187 7184
f 7184 7187 7183
f 7187 7088 7183
f 7183 7088 7182
f 7088 7087 7182
f 7182 7087 7180
f 7084 7088 7085
f 7088 7187 7085
f 7085 7187 7188
f 7187 7186 7188
f 7188 7186 7189
f 7186 7173 7189
f 7189 7173 7156
f 7173 7172 7156
f 7156 7172 7154
f 6857 6856 7150
f 6856 6851 7150
f 7150 6851 7143
f 6851 7190 7143
f 7143 7190 7142
f 7190 7191 7142
f 7142 7191 7140
f 7191 6863 7140
f 7140 6863 7145
f 6863 7192 7145
f 7145 7192 7095
f 7192 6860 7095
f 7095 6860 7096
f 6860 7120 7096
f 7096 7120 7119
f 7120 7111 7119
f 7119 7111 7100
f 7111 7109 7100
f 7100 7109 7098
f 7109 7107 7098
f 7170 7163 7139
f 7163 7165 7139
f 7139 7165 7137
f 7165 7169 7137
f 7137 7169 7135
f 7169 7193 7135
f 7135 7193 7133
f 7193 7194 7133
f 7133 7194 7131
f 7194 7195 7131
f 7131 7195 7129
f 7195 7196 7129
f 7129 7196 7148
f 7196 7197 7148
f 7148 7197 7149
f 7197 7198 7149
f 7149 7198 7150
f 7198 7199 7150
f 7150 7199 6857
f 7199 6859 6857
f 7121 7090 7106
f 7090 7089 7106
f 7106 7089 7107
f 7089 7181 7107
f 7107 7181 7098
f 7181 7180 7098
f 7098 7180 7099
f 7180 7087 7099
f 7099 7087 7118
f 7087 7086 7118
f 7118 7086 7112
f 7086 7084 7112
f 7112 7084 7113
f 7084 7083 7113
f 7113 7083 7115
f 7083 7085 7115
f 7115 7085 7152
f 7085 7188 7152
f 7152 7188 7153
f 7188 7189 7153
f 7153 7189 7170
f 7189 7156 7170
f 7170 7156 7163
f 7156 7158 7163
f 7163 7158 7161
f 7158 7160 7161
f 7161 7160 7200
f 7193 7201 7194
f 7201 7202 7194
f 7194 7202 7195
f 7203 7198 7204
f 7198 7197 7204
f 7204 7197 7202
f 7197 7196 7202
f 7202 7196 7195
f 7205 7206 7207
f 7208 6997 6998
f 7205 7207 7209
f 7207 7208 7209
f 7209 7208 7210
f 7208 6998 7210
f 7210 6998 6854
f 7211 7212 7213
f 7212 7214 7213
f 7213 7214 7215
f 7161 7200 7216
f 7200 7217 7216
f 7216 7217 7218
f 7219 7166 7216
f 7166 7162 7216
f 7216 7162 7161
f 6685 6997 7220
f 6997 7208 7220
f 7220 7208 7221
f 7208 7207 7221
f 7221 7207 7222
f 7207 7206 7222
f 6859 7203 7223
f 7203 7204 7223
f 7223 7204 6854
f 7218 7215 7216
f 7215 7214 7216
f 7216 7214 7219
f 7214 7224 7219
f 7219 7224 7225
f 7224 7226 7225
f 7225 7226 7227
f 7226 7228 7227
f 7227 7228 7205
f 7228 7229 7205
f 7205 7229 7206
f 7229 7230 7206
f 7206 7230 7222
f 6854 7204 7210
f 7204 7202 7210
f 7210 7202 7209
f 7202 7201 7209
f 7209 7201 7205
f 7201 7193 7205
f 7205 7193 7227
f 7193 7169 7227
f 7227 7169 7225
f 7169 7168 7225
f 7225 7168 7219
f 7168 7167 7219
f 7219 7167 7166
f 7231 7232 7233
f 7234 7235 7236
f 7237 7238 7239
f 6704 7240 7241
f 7221 7222 7242
f 7230 7229 7243
f 7228 7226 7244
f 7214 7212 7245
f 7246 7247 7248
f 7249 7250 7251
f 7250 7252 7251
f 7253 7254 7255
f 7255 7256 7253
f 7256 7257 7253
f 7253 7257 7250
f 7257 7258 7250
f 7250 7258 7252
f 7248 7247 7259
f 7247 7260 7259
f 7260 7261 7259
f 7259 7261 7254
f 7261 7262 7254
f 7254 7262 7255
f 7246 7248 7263
f 7248 7264 7263
f 7263 7264 7265
f 7264 7266 7265
f 7265 7266 7267
f 7267 7266 7268
f 7266 7269 7268
f 7268 7269 7270
f 7270 7269 7271
f 7269 7272 7271
f 7271 7272 7273
f 7273 7272 7274
f 7272 7275 7274
f 7274 7275 7276
f 7276 7275 7277
f 7275 7278 7277
f 7277 7278 7279
f 7279 7278 7280
f 7278 7245 7280
f 7280 7245 7281
f 7245 7212 7281
f 7281 7212 7211
f 6686 6685 7220
f 7220 7282 6686
f 7282 7283 6686
f 6686 7283 6687
f 7240 6704 7283
f 6704 6688 7283
f 7283 6688 6687
f 6693 6706 7241
f 6706 6705 7241
f 7241 6705 6704
f 7241 7284 6693
f 7284 7285 6693
f 6693 7285 6689
f 7285 6690 6689
f 6690 7285 6694
f 7285 7286 6694
f 6694 7286 6695
f 7286 7287 6695
f 6695 7287 6696
f 7287 7288 6696
f 6696 7288 6701
f 7289 6703 7288
f 6703 6702 7288
f 7288 6702 6701
f 7290 7291 6698
f 6698 6697 7290
f 6697 6692 7290
f 7290 6692 7292
f 6692 6691 7292
f 7292 6691 6703
f 6700 6698 7293
f 6698 7291 7293
f 7293 7291 7294
f 7220 7221 7282
f 7221 7242 7282
f 7282 7242 7283
f 7242 7295 7283
f 7283 7295 7240
f 7295 7296 7240
f 7240 7296 7241
f 7296 7297 7241
f 7241 7297 7284
f 7297 7298 7284
f 7284 7298 7285
f 7298 7299 7285
f 7285 7299 7286
f 7299 7300 7286
f 7286 7300 7301
f 7300 7302 7301
f 7301 7302 7288
f 7302 7303 7288
f 7288 7303 7292
f 7303 7304 7292
f 7292 7304 7290
f 7304 7305 7290
f 7290 7305 7291
f 7305 7239 7291
f 7291 7239 7294
f 7239 7238 7294
f 7222 7230 7242
f 7230 7243 7242
f 7242 7243 7295
f 7243 7306 7295
f 7295 7306 7296
f 7306 7307 7296
f 7296 7307 7297
f 7307 7308 7297
f 7297 7308 7298
f 7308 7309 7298
f 7298 7309 7299
f 7309 7310 7299
f 7299 7310 7300
f 7310 7311 7300
f 7300 7311 7302
f 7311 7312 7302
f 7302 7312 7303
f 7312 7313 7303
f 7303 7313 7304
f 7313 7314 7304
f 7304 7314 7305
f 7314 7315 7305
f 7305 7315 7239
f 7315 7236 7239
f 7239 7236 7237
f 7236 7235 7237
f 7229 7228 7243
f 7228 7244 7243
f 7243 7244 7306
f 7244 7316 7306
f 7306 7316 7307
f 7316 7317 7307
f 7307 7317 7308
f 7317 7318 7308
f 7308 7318 7309
f 7318 7319 7309
f 7309 7319 7310
f 7319 7320 7310
f 7310 7320 7311
f 7320 7321 7311
f 7311 7321 7312
f 7321 7322 7312
f 7312 7322 7313
f 7322 7323 7313
f 7313 7323 7314
f 7323 7324 7314
f 7314 7324 7315
f 7324 7325 7315
f 7315 7325 7236
f 7325 7326 7236
f 7236 7326 7234
f 7326 7327 7234
f 7226 7224 7244
f 7224 7328 7244
f 7244 7328 7316
f 7328 7329 7316
f 7316 7329 7317
f 7329 7330 7317
f 7317 7330 7318
f 7330 7331 7318
f 7318 7331 7319
f 7331 7332 7319
f 7319 7332 7320
f 7332 7333 7320
f 7320 7333 7321
f 7333 7334 7321
f 7321 7334 7322
f 7334 7335 7322
f 7322 7335 7323
f 7335 7336 7323
f 7323 7336 7324
f 7336 7337 7324
f 7324 7337 7325
f 7337 7338 7325
f 7325 7338 7326
f 7338 7233 7326
f 7326 7233 7327
f 7233 7232 7327
f 7224 7214 7328
f 7214 7245 7328
f 7328 7245 7329
f 7245 7278 7329
f 7329 7278 7330
f 7278 7275 7330
f 7330 7275 7331
f 7275 7272 7331
f 7331 7272 7332
f 7272 7269 7332
f 7332 7269 7333
f 7269 7266 7333
f 7333 7266 7334
f 7266 7264 7334
f 7334 7264 7335
f 7264 7248 7335
f 7335 7248 7336
f 7248 7259 7336
f 7336 7259 7337
f 7259 7254 7337
f 7337 7254 7338
f 7254 7253 7338
f 7338 7253 7233
f 7253 7250 7233
f 7233 7250 7231
f 7250 7249 7231
f 7339 6946 7340
f 7341 7342 7343
f 7344 6802 6800
f 7235 7345 7237
f 7345 7346 7237
f 7237 7346 7238
f 7346 7340 7238
f 7238 7340 7294
f 7294 7340 7293
f 7340 6946 7293
f 7293 6946 6700
f 7347 7348 7349
f 7347 7349 7350
f 7349 7351 7350
f 7350 7351 7352
f 6733 7351 6728
f 7351 7349 6728
f 6728 7349 6729
f 7349 7348 6729
f 6717 6716 7353
f 6716 7354 7353
f 6717 7353 6799
f 7353 7343 6799
f 6799 7343 6800
f 7343 7342 6800
f 6800 7342 7344
f 7341 7343 7355
f 7343 7249 7355
f 7355 7249 7251
f 6733 6732 7351
f 6732 6943 7351
f 7351 6943 7352
f 6943 6942 7352
f 7352 6942 7339
f 6716 6804 7354
f 6804 6806 7354
f 7354 6806 7356
f 6806 6808 7356
f 7356 6808 7347
f 6808 6756 7347
f 7347 6756 7348
f 6756 6731 7348
f 7348 6731 6729
f 7339 7340 7352
f 7340 7346 7352
f 7352 7346 7350
f 7346 7345 7350
f 7350 7345 7347
f 7345 7235 7347
f 7347 7235 7356
f 7235 7234 7356
f 7356 7234 7354
f 7234 7327 7354
f 7354 7327 7353
f 7327 7232 7353
f 7353 7232 7343
f 7232 7231 7343
f 7343 7231 7249
f 6802 7357 7358
f 6719 7359 6720
f 7359 7360 6720
f 6720 7360 6784
f 6842 6787 6785
f 7358 7361 6802
f 7361 7359 6802
f 6802 7359 6803
f 7359 6719 6803
f 7362 6842 7360
f 6842 6785 7360
f 7360 6785 6784
f 7363 7364 6836
f 7363 6836 7365
f 7364 7366 6836
f 7366 7367 6836
f 6836 7367 6837
f 7367 7368 6837
f 6837 7368 6820
f 7368 7369 6820
f 6820 7369 7370
f 6836 6835 7365
f 6835 6834 7365
f 7365 6834 7371
f 6834 7372 7371
f 6834 6833 7372
f 6833 6832 7372
f 7372 6832 7373
f 6832 7374 7373
f 7375 6830 7376
f 6830 6829 7376
f 7376 6829 6828
f 6832 6831 7374
f 6831 6830 7374
f 7374 6830 7377
f 6830 7375 7377
f 7378 7379 6828
f 7379 7380 6828
f 7380 7381 6828
f 6828 7381 7376
f 6828 6827 7378
f 6827 6793 7378
f 7378 6793 7362
f 6793 6792 7362
f 7362 6792 6842
f 6820 7370 6846
f 7370 7382 6846
f 6846 7382 6847
f 7382 7383 6847
f 6847 7383 6848
f 7383 7384 6848
f 6848 7384 6932
f 7384 7385 6932
f 6932 7385 6933
f 7385 7386 6933
f 6933 7386 6934
f 7386 7387 6934
f 6934 7387 6929
f 7387 7388 6929
f 6929 7388 6930
f 7388 7389 6930
f 6930 7389 6927
f 7389 7390 6927
f 6927 7390 6925
f 7390 7391 6925
f 6925 7391 6924
f 7391 7392 6924
f 6924 7392 6922
f 7392 7393 6922
f 6922 7393 6921
f 7393 7394 6921
f 6921 7394 6919
f 7394 7395 6919
f 6919 7395 6918
f 7395 7396 6918
f 6918 7396 6916
f 7396 7397 6916
f 6916 7397 6915
f 7397 7398 6915
f 6915 7398 6913
f 7398 7399 6913
f 6913 7399 6912
f 7399 7400 6912
f 6912 7400 6910
f 7400 7401 6910
f 6910 7401 6909
f 7401 7402 6909
f 6909 7402 6907
f 7402 7403 6907
f 6907 7403 6906
f 7403 7404 6906
f 6906 7404 6904
f 7404 7405 6904
f 6904 7405 6903
f 7405 7406 6903
f 6903 7406 6901
f 7406 7407 6901
f 6901 7407 6900
f 7407 7408 6900
f 6900 7408 6898
f 7408 7409 6898
f 6898 7409 6897
f 7409 7410 6897
f 6897 7410 6895
f 7410 7411 6895
f 6895 7411 6894
f 7411 7412 6894
f 6894 7412 6892
f 7412 7413 6892
f 6892 7413 6891
f 7413 7414 6891
f 6891 7414 6889
f 7414 7415 6889
f 6889 7415 6888
f 7415 7416 6888
f 6888 7416 6886
f 7416 7417 6886
f 6886 7417 6885
f 7417 7418 6885
f 6885 7418 6883
f 7418 7419 6883
f 6883 7419 6882
f 7419 7420 6882
f 6882 7420 6880
f 7420 7421 6880
f 6880 7421 6879
f 7421 7422 6879
f 6879 7422 6877
f 7422 7423 6877
f 6877 7423 6876
f 7423 7424 6876
f 6876 7424 6874
f 7424 7425 6874
f 6874 7425 6873
f 7425 7426 6873
f 6873 7426 6872
f 7426 7427 6872
f 7428 7429 7121
f 7430 7431 7176
f 7432 7433 7179
f 7434 7171 7433
f 7171 7185 7433
f 7433 7185 7179
f 7176 7431 7178
f 7431 7435 7178
f 7178 7435 7179
f 7435 7436 7179
f 7179 7436 7432
f 7437 7438 7174
f 7438 7439 7174
f 7174 7439 7176
f 7439 7440 7176
f 7176 7440 7430
f 7121 7429 7090
f 7437 7174 7429
f 7174 7091 7429
f 7429 7091 7090
f 7441 7442 7103
f 7442 7443 7103
f 7443 7444 7103
f 7103 7444 7121
f 7444 7445 7121
f 7121 7445 7428
f 7104 6872 7427
f 7103 7102 7441
f 7102 7104 7441
f 7441 7104 7446
f 7104 7427 7446
f 7447 7448 7200
f 7447 7200 7449
f 7200 7160 7449
f 7449 7160 7159
f 7172 7171 7154
f 7171 7155 7154
f 7159 7157 7449
f 7157 7155 7449
f 7449 7155 7450
f 7155 7171 7450
f 7450 7171 7434
f 7448 7451 7452
f 7451 7215 7452
f 7452 7215 7218
f 7218 7217 7452
f 7217 7200 7452
f 7452 7200 7448
f 7453 7454 7455
f 7454 7456 7455
f 7451 7456 7215
f 7456 7454 7215
f 7215 7454 7213
f 7454 7457 7213
f 7213 7457 7211
f 7457 7281 7211
f 7458 7459 7460
f 7460 7461 7458
f 7461 7462 7458
f 7458 7462 7463
f 7342 7463 7344
f 7463 7357 7344
f 7344 7357 6802
f 7252 7464 7251
f 7464 7458 7251
f 7251 7458 7355
f 7458 7463 7355
f 7355 7463 7341
f 7463 7342 7341
f 7252 7258 7464
f 7258 7257 7464
f 7464 7257 7465
f 7257 7256 7465
f 7256 7255 7465
f 7465 7255 7466
f 7255 7262 7466
f 7262 7261 7466
f 7466 7261 7467
f 7261 7260 7467
f 7260 7247 7467
f 7467 7247 7468
f 7247 7246 7468
f 7246 7263 7468
f 7468 7263 7469
f 7263 7265 7469
f 7265 7267 7469
f 7469 7267 7470
f 7267 7268 7470
f 7268 7270 7470
f 7470 7270 7471
f 7270 7271 7471
f 7271 7273 7471
f 7471 7273 7472
f 7273 7274 7472
f 7274 7276 7472
f 7472 7276 7473
f 7276 7277 7473
f 7277 7279 7473
f 7473 7279 7457
f 7279 7280 7457
f 7457 7280 7281

