# https://github.com/mikedh/trimesh
v 0.02989930 0.09418541 -0.07716999
v 0.02970889 0.09412514 -0.07715930
v 0.02988363 0.09020266 -0.10003709
v 0.02968020 0.08679580 -0.11923719
v 0.02986787 0.08621988 -0.12290429
v 0.02967768 0.08615892 -0.12289360
v 0.02970919 0.09419758 -0.07674310
v 0.02989983 0.09430549 -0.07647929
v 0.02971005 0.09435514 -0.07583419
v 0.02990047 0.09441537 -0.07584480
v 0.02971265 0.09462900 -0.07423429
v 0.02992399 0.09523167 -0.07079119
v 0.02977109 0.09520858 -0.06986619
v 0.03004496 0.09608255 -0.06371780
v 0.02985348 0.09602566 -0.06370779
v 0.02999824 0.09588636 -0.06570840
v 0.02981220 0.09561631 -0.06679310
v 0.02997223 0.09577711 -0.06681660
v 0.02992818 0.09537713 -0.06989070
v 0.04506301 0.08656363 -0.01581429
v 0.04487561 0.08656173 -0.01574439
v 0.04419525 0.08721660 -0.01777679
v 0.04352193 0.08759156 -0.01883459
v 0.04369421 0.08759365 -0.01891000
v 0.04244425 0.08841140 -0.02129479
v 0.04220627 0.08871331 -0.02227520
v 0.04213400 0.08864743 -0.02200300
v 0.04196730 0.08889312 -0.02281559
v 0.03994648 0.09014561 -0.02677459
v 0.04014323 0.09014595 -0.02677769
v 0.03828647 0.09142122 -0.03081080
v 0.03812524 0.09139296 -0.03074729
v 0.03806621 0.09157251 -0.03128919
v 0.03743486 0.09186580 -0.03225320
v 0.03699507 0.09230820 -0.03361579
v 0.03640779 0.09256920 -0.03449349
v 0.03606920 0.09294224 -0.03586019
v 0.03599511 0.09284835 -0.03558970
v 0.03576525 0.09315040 -0.03659699
v 0.03512550 0.09343654 -0.03789970
v 0.03520083 0.09353212 -0.03818850
v 0.03503632 0.09349685 -0.03813659
v 0.03434593 0.09411029 -0.04059899
v 0.03360981 0.09446173 -0.04192599
v 0.03329797 0.09481903 -0.04355389
v 0.03306258 0.09480986 -0.04381759
v 0.03316207 0.09490288 -0.04407240
v 0.03299991 0.09484971 -0.04403419
v 0.03280676 0.09512215 -0.04542790
v 0.03216168 0.09538296 -0.04693179
v 0.03217343 0.09551297 -0.04784409
v 0.03193417 0.09552769 -0.04771830
v 0.03192229 0.09553383 -0.04777709
v 0.03161761 0.09585598 -0.04996459
v 0.03143401 0.09578553 -0.05019410
v 0.03154983 0.09588407 -0.05038270
v 0.03081172 0.09610634 -0.05327459
v 0.03107398 0.09608127 -0.05331759
v 0.03075978 0.09613311 -0.05353169
v 0.03072516 0.09622581 -0.05546909
v 0.03072815 0.09614940 -0.05368820
v 0.03035658 0.09620116 -0.05700829
v 0.03004731 0.09624425 -0.05977160
v 0.03025578 0.09618696 -0.06058909
v 0.03018464 0.09622513 -0.05854460
v 0.03039264 0.09625473 -0.05855819
v 0.03051234 0.09631401 -0.05678179
v 0.02992123 0.09615117 -0.06190699
v 0.03000376 0.09621209 -0.06050929
v 0.04504875 0.08640603 -0.01527659
v 0.04532348 0.08632734 -0.01510409
v 0.04537185 0.08610000 -0.01435589
v 0.04556130 0.08610000 -0.01442010
v 0.04537185 0.08610000 -0.01435589
v 0.04589560 0.08569638 -0.01319678
v 0.04684924 0.08418605 -0.00856489
v 0.04661262 0.08458049 -0.00976820
v 0.04682051 0.08457969 -0.00981249
v 0.04636362 0.08499556 -0.01103429
v 0.04589824 0.08554905 -0.01270260
v 0.04707106 0.08427720 -0.00889579
v 0.04713109 0.08414090 -0.00847520
v 0.04716323 0.08366262 -0.00696830
v 0.04734134 0.08366347 -0.00700230
v 0.04746803 0.08315452 -0.00541839
v 0.04774076 0.08275653 -0.00420418
v 0.04754767 0.08275764 -0.00418850
v 0.04782171 0.08257273 -0.00363709
v 0.04796511 0.08224710 -0.00263250
v 0.04775918 0.08170366 -0.00092220
v 0.04808156 0.08116983 0.00072962
v 0.04786631 0.08116980 0.00073222
v 0.04809938 0.08100502 0.00124391
v 0.04789938 0.08100502 0.00124290
v 0.04786676 0.08050996 0.00278401
v 0.04779444 0.07953873 0.00582832
v 0.04761293 0.07940139 0.00623631
v 0.04773780 0.07926639 0.00667970
v 0.04754132 0.07926709 0.00665400
v 0.04752165 0.07923021 0.00676881
v 0.04770790 0.07912263 0.00712922
v 0.04687456 0.07801667 0.01054350
v 0.04708083 0.07808747 0.01036280
v 0.04703937 0.07801902 0.01057661
v 0.04663841 0.07757380 0.01192100
v 0.04654075 0.07719590 0.01314790
v 0.04592678 0.07680870 0.01430210
v 0.04598028 0.07665945 0.01482411
v 0.04562588 0.07648520 0.01530891
v 0.04580068 0.07648754 0.01536131
v 0.04498259 0.07579359 0.01746141
v 0.04451696 0.07525883 0.01920072
v 0.04410688 0.07514866 0.01946842
v 0.04448779 0.07523092 0.01928791
v 0.04434990 0.07514138 0.01956770
v 0.04220670 0.07374955 0.02391752
v 0.04204598 0.07374888 0.02382432
v 0.04248006 0.07392708 0.02336271
v 0.04266154 0.07408423 0.02278080
v 0.04321659 0.07449302 0.02150871
v 0.04160791 0.07336068 0.02513282
v 0.04011391 0.07265084 0.02735102
v 0.03973869 0.07249189 0.02773570
v 0.03981620 0.07250938 0.02779301
v 0.03969895 0.07247023 0.02780311
v 0.03939899 0.07234478 0.02819352
v 0.03800235 0.07164756 0.03048612
v 0.03683436 0.07127219 0.03153172
v 0.03741601 0.07143531 0.03114942
v 0.03697742 0.07127652 0.03164552
v 0.03612712 0.07097641 0.03245222
v 0.03430975 0.07031076 0.03466331
v 0.03448360 0.07044030 0.03412052
v 0.02378157 0.06770398 0.04280961
v 0.02246781 0.06749531 0.04328520
v 0.02650794 0.06828229 0.04083592
v 0.03371836 0.07019068 0.03489720
v 0.03392549 0.07017166 0.03509800
v 0.03198821 0.06962633 0.03665342
v 0.03080508 0.06930368 0.03781062
v 0.03019954 0.06917163 0.03806840
v 0.03032474 0.06917005 0.03822822
v 0.02872771 0.06879745 0.03923280
v 0.02904581 0.06881430 0.03933992
v 0.02733502 0.06844342 0.04033461
v 0.02704106 0.06839145 0.04066130
v 0.02658624 0.06829554 0.04096110
v 0.02223185 0.06744935 0.04342833
v 0.02253703 0.06751114 0.04341221
v 0.01824148 0.06687674 0.04521022
v 0.01871832 0.06691949 0.04526100
v 0.02301746 0.06758558 0.04317961
v 0.02225921 0.06745468 0.04341172
v 0.01834099 0.06686103 0.04544371
v 0.01804661 0.06681541 0.04558622
v 0.01675462 0.06666339 0.04587422
v 0.01420166 0.06641115 0.04684950
v 0.01514625 0.06650687 0.04636192
v 0.01378794 0.06637471 0.04677381
v 0.01384388 0.06637355 0.04696711
v 0.01194885 0.06617430 0.04758970
v 0.01099010 0.06610247 0.04762220
v 0.00955841 0.06603067 0.04803852
v 0.00924155 0.06600685 0.04791951
v 0.00927380 0.06601358 0.04809190
v 0.00766794 0.06592083 0.04818702
v 0.00575976 0.06580246 0.04875172
v 0.00503459 0.06577685 0.04863472
v 0.00481266 0.06578412 0.04880891
v 0.00463344 0.06577000 0.04865580
v 0.00465016 0.06578099 0.04881880
v 0.00000000 0.06569098 0.04910002
v 0.00000000 0.06569098 0.04890001
v -0.00462702 0.06577927 0.04862681
v -0.00371285 0.06573770 0.04875590
v -0.00464787 0.06579019 0.04879170
v -0.00185951 0.06570272 0.04886390
v -0.00481028 0.06579367 0.04878093
v -0.00635126 0.06582656 0.04867872
v -0.00767198 0.06591777 0.04819682
v -0.00927096 0.06601506 0.04808961
v -0.00925173 0.06598961 0.04797361
v -0.00965811 0.06600809 0.04791621
v -0.01834260 0.06686206 0.04544062
v -0.01823595 0.06688256 0.04519242
v -0.01543731 0.06651255 0.04634422
v -0.01420696 0.06640573 0.04686821
v -0.01516396 0.06648868 0.04641862
v -0.01379551 0.06636924 0.04679081
v -0.00955545 0.06603344 0.04803221
v -0.01263462 0.06623223 0.04741102
v -0.01385068 0.06636640 0.04699122
v -0.02243699 0.06751146 0.04323481
v -0.02222660 0.06747322 0.04335380
v -0.02252717 0.06751615 0.04339653
v -0.02095429 0.06724197 0.04407350
v -0.01873717 0.06690815 0.04529640
v -0.01868628 0.06689998 0.04532191
v -0.03681036 0.07127861 0.03151152
v -0.03811427 0.07169390 0.03034132
v -0.03881030 0.07206176 0.02907441
v -0.03981782 0.07250895 0.02779441
v -0.03937671 0.07234848 0.02818220
v -0.02300434 0.06759270 0.04315730
v -0.02433180 0.06780566 0.04249192
v -0.02612158 0.06818116 0.04115062
v -0.02658495 0.06829529 0.04096180
v -0.02651827 0.06827576 0.04085621
v -0.02703533 0.06839316 0.04065602
v -0.02872181 0.06880130 0.03922090
v -0.02959362 0.06894912 0.03891871
v -0.03023016 0.06916104 0.03810151
v -0.03034819 0.06916207 0.03825322
v -0.03086204 0.06931173 0.03763261
v -0.03082526 0.06929670 0.03783241
v -0.03372716 0.07018922 0.03490171
v -0.03392549 0.07017166 0.03509800
v -0.03451570 0.07043072 0.03415022
v -0.03430884 0.07031099 0.03466261
v -0.03510984 0.07061270 0.03358390
v -0.03697047 0.07127823 0.03164021
v -0.03740811 0.07143727 0.03114320
v -0.03968124 0.07250264 0.02770252
v -0.04011407 0.07265068 0.02735151
v -0.04191947 0.07363565 0.02417692
v -0.04167068 0.07339542 0.02502430
v -0.04221109 0.07374887 0.02391972
v -0.04207833 0.07374273 0.02384361
v -0.04248284 0.07392660 0.02336421
v -0.04319676 0.07449672 0.02149702
v -0.04434193 0.07514249 0.01956431
v -0.04415505 0.07514276 0.01948631
v -0.04440324 0.07531006 0.01896562
v -0.04451964 0.07525872 0.01920112
v -0.04454230 0.07527354 0.01915470
v -0.04563311 0.07648540 0.01530842
v -0.04580258 0.07648732 0.01536210
v -0.04596789 0.07680533 0.01431291
v -0.04598118 0.07665934 0.01482459
v -0.04623606 0.07706161 0.01351551
v -0.04654943 0.07720662 0.01311451
v -0.04685357 0.07801879 0.01053752
v -0.04809938 0.08100502 0.00124391
v -0.04789938 0.08100502 0.00124290
v -0.04778393 0.07953894 0.00582740
v -0.04749384 0.07926722 0.00665272
v -0.04772534 0.07926661 0.00667890
v -0.04748514 0.07922998 0.00676872
v -0.04767921 0.07905221 0.00734910
v -0.04740024 0.07886618 0.00790122
v -0.04708841 0.07808709 0.01036402
v -0.04704653 0.07801867 0.01057771
v -0.04788216 0.08150344 -0.00030739
v -0.04785899 0.08170343 -0.00092870
v -0.04784659 0.08181051 -0.00126128
v -0.04781479 0.08253860 -0.00353059
v -0.04758303 0.08253811 -0.00350399
v -0.04780825 0.08257386 -0.00364039
v -0.04772983 0.08299641 -0.00495589
v -0.04706720 0.08396210 -0.00789320
v -0.04707880 0.08414032 -0.00846459
v -0.04688960 0.08418606 -0.00857020
v -0.04677367 0.08433226 -0.00901209
v -0.04591989 0.08569725 -0.01320249
v -0.04559706 0.08581601 -0.01349740
v -0.04667608 0.08484793 -0.01063489
v -0.04696860 0.08433393 -0.00905839
v -0.04581351 0.08581673 -0.01356370
v -0.04556130 0.08610000 -0.01442010
v -0.04537185 0.08610000 -0.01435589
v -0.04537185 0.08610000 -0.01435589
v -0.04520769 0.08625818 -0.01483189
v -0.04532348 0.08632734 -0.01510409
v -0.04487556 0.08656176 -0.01574459
v -0.04506301 0.08656363 -0.01581429
v -0.04419171 0.08713721 -0.01746949
v -0.04420104 0.08721769 -0.01777920
v -0.04243738 0.08838498 -0.02124380
v -0.04256668 0.08845784 -0.02150489
v -0.04235924 0.08844056 -0.02141199
v -0.04226281 0.08868840 -0.02219759
v -0.04222349 0.08871544 -0.02228210
v -0.04017568 0.08999360 -0.02610979
v -0.04013331 0.09015195 -0.02677149
v -0.03991819 0.09016948 -0.02669430
v -0.03972904 0.09029866 -0.02712359
v -0.03992553 0.09029474 -0.02721780
v -0.03803865 0.09159154 -0.03127059
v -0.03750529 0.09181756 -0.03217149
v -0.03764211 0.09186407 -0.03212229
v -0.03719461 0.09202977 -0.03287669
v -0.03732277 0.09208255 -0.03291479
v -0.03603385 0.09282261 -0.03551159
v -0.03612292 0.09290346 -0.03589249
v -0.03550844 0.09318148 -0.03670429
v -0.03298906 0.09500531 -0.04483210
v -0.03309249 0.09479715 -0.04361829
v -0.03431451 0.09413347 -0.04057989
v -0.03478974 0.09366211 -0.03876109
v -0.03514558 0.09342415 -0.03774270
v -0.03494677 0.09370816 -0.03881129
v -0.03458930 0.09395272 -0.03969839
v -0.03029843 0.09631340 -0.05901660
v -0.03027279 0.09623899 -0.05747749
v -0.03049126 0.09626404 -0.05750469
v -0.03032341 0.09626474 -0.05672540
v -0.03075083 0.09619761 -0.05546960
v -0.03070025 0.09612086 -0.05429929
v -0.03089712 0.09616015 -0.05432259
v -0.03085715 0.09606096 -0.05328919
v -0.03114591 0.09609648 -0.05237209
v -0.03121329 0.09592498 -0.05099630
v -0.03143753 0.09593403 -0.05104209
v -0.03124315 0.09591359 -0.05080409
v -0.03157945 0.09585499 -0.05039489
v -0.03145818 0.09578512 -0.04994740
v -0.03210073 0.09556464 -0.04801750
v -0.03194860 0.09549213 -0.04799349
v -0.03234881 0.09542646 -0.04688609
v -0.03226087 0.09530558 -0.04674929
v -0.03280257 0.09512800 -0.04543040
v -0.03275999 0.09500738 -0.04476069
v -0.03293009 0.09490577 -0.04408299
v -0.03021375 0.09623629 -0.06058700
v -0.03004990 0.09612561 -0.06078919
v -0.03008913 0.09614556 -0.06020640
v -0.03020222 0.09622578 -0.06080090
v -0.03004495 0.09608255 -0.06371780
v -0.02985347 0.09602569 -0.06370779
v -0.02982087 0.09591579 -0.06494889
v -0.03000736 0.09585548 -0.06570480
v -0.02977082 0.09521093 -0.06986520
v -0.02992818 0.09537713 -0.06989070
v -0.02992184 0.09523835 -0.07079229
v -0.02974107 0.09479200 -0.07278709
v -0.02990765 0.09492804 -0.07280839
v -0.02990047 0.09441537 -0.07584480
v -0.02971005 0.09435514 -0.07583419
v -0.02970962 0.09428309 -0.07625050
v -0.02989983 0.09430549 -0.07647929
v -0.02970889 0.09412514 -0.07715930
v -0.02989930 0.09418541 -0.07716999
v -0.02986787 0.08621988 -0.12290429
v -0.02967768 0.08615892 -0.12289360
v -0.02988363 0.09020266 -0.10003709
v -0.02970641 0.09348826 -0.08081570
v 0.01524873 0.11009881 -0.06618960
v 0.01529293 0.11029081 -0.06622390
v 0.01522448 0.10992331 -0.06721650
v 0.01521343 0.10942580 -0.07123229
v 0.01516984 0.10923360 -0.07119839
v 0.01513934 0.10868641 -0.07434089
v 0.01504219 0.10637910 -0.08872770
v 0.01500000 0.10618660 -0.08869380
v 0.01500000 0.10618660 -0.08869380
v 0.01504219 0.10637910 -0.08872770
v 0.01500000 0.09973417 -0.12528729
v 0.01504219 0.09992669 -0.12532119
v 0.01067361 0.09121524 -0.17039396
v 0.01048651 0.09130028 -0.17099119
v 0.00958093 0.09077730 -0.17271142
v 0.00968529 0.09099813 -0.17260594
v 0.00960803 0.09096898 -0.17276164
v 0.01459845 0.09913131 -0.12915899
v 0.01464265 0.09980916 -0.12530050
v 0.01467576 0.09986219 -0.12613519
v 0.01468386 0.10000361 -0.12533479
v 0.01453460 0.09844337 -0.13301529
v 0.01445825 0.09783877 -0.13743290
v 0.01437888 0.09763454 -0.13739290
v 0.01443915 0.09766105 -0.13842520
v 0.01429091 0.09717766 -0.13986570
v 0.01436832 0.09735962 -0.14003430
v 0.01404029 0.09587590 -0.14691120
v 0.01404395 0.09597916 -0.14740330
v 0.01401090 0.09583851 -0.14815410
v 0.01384487 0.09537822 -0.14947120
v 0.01390737 0.09557425 -0.14951320
v 0.01358406 0.09471400 -0.15288800
v 0.01350838 0.09455582 -0.15475110
v 0.01334725 0.09411091 -0.15599030
v 0.01215483 0.09237397 -0.16464216
v 0.01220566 0.09242820 -0.16437529
v 0.01220433 0.09256498 -0.16469072
v 0.01252612 0.09277018 -0.16269295
v 0.01265212 0.09309867 -0.16205999
v 0.01268438 0.09301683 -0.16146457
v 0.01343675 0.09437298 -0.15569140
v 0.01339653 0.09430478 -0.15603290
v 0.01328561 0.09395394 -0.15679780
v 0.01276392 0.09323191 -0.16140318
v 0.01274542 0.09320984 -0.16151190
v 0.01208679 0.09242489 -0.16538122
v 0.01201457 0.09236422 -0.16568074
v 0.01178475 0.09197905 -0.16658494
v 0.01159744 0.09201384 -0.16741071
v 0.01155850 0.09182351 -0.16736055
v 0.01107724 0.09149270 -0.16901031
v 0.01130630 0.09176925 -0.16861818
v 0.01109294 0.09164721 -0.16923579
v 0.01071545 0.09124401 -0.17025052
v 0.01072770 0.09143827 -0.17029301
v 0.01049607 0.09130575 -0.17096350
v -0.01310903 0.09376391 -0.15875740
v -0.01307227 0.09357201 -0.15871470
v -0.01292467 0.09349347 -0.16009835
v -0.01256076 0.09284872 -0.16229760
v -0.01261581 0.09304043 -0.16234475
v -0.01256367 0.09296396 -0.16272402
v -0.01236530 0.09257235 -0.16366668
v -0.01223076 0.09242817 -0.16437583
v -0.01195975 0.09231984 -0.16589677
v -0.01199235 0.09217263 -0.16563254
v -0.01194151 0.09212781 -0.16585335
v -0.01037405 0.09107100 -0.17113762
v -0.01075569 0.09145437 -0.17021317
v -0.01098530 0.09139004 -0.16950842
v -0.01106375 0.09161338 -0.16939894
v -0.01103105 0.09142173 -0.16935060
v -0.01108925 0.09162655 -0.16933153
v -0.01154325 0.09177659 -0.16758339
v -0.01182867 0.09218004 -0.16658542
v -0.01189582 0.09225165 -0.16623262
v -0.01034192 0.09105909 -0.17120140
v -0.00958101 0.09077729 -0.17271145
v -0.00960768 0.09096885 -0.17276241
v -0.01028566 0.09121174 -0.17145548
v -0.01036384 0.09125210 -0.17124882
v -0.01037620 0.09125848 -0.17121618
v -0.01278364 0.09400972 -0.15792670
v -0.01274779 0.09381759 -0.15788430
v -0.01280982 0.09399852 -0.15795530
v -0.01289968 0.09375245 -0.15804989
v -0.01294905 0.09372606 -0.15812690
v -0.01293990 0.09394291 -0.15809710
v -0.01290248 0.09375094 -0.15805430
v -0.01293932 0.09394314 -0.15809640
v -0.01292191 0.09395060 -0.15807750
v -0.01310554 0.09381637 -0.15852550
v -0.01307646 0.09384848 -0.15840630
v -0.01304151 0.09366001 -0.15834540
v -0.01305257 0.09387487 -0.15830829
v -0.01300566 0.09368561 -0.15826069
v -0.01304845 0.09387736 -0.15830060
v -0.01301443 0.09389792 -0.15823680
v -0.01310946 0.09380404 -0.15857740
v -0.01306532 0.09362490 -0.15848290
v -0.01307783 0.09358619 -0.15864620
v -0.01306099 0.09363829 -0.15842640
v -0.01310954 0.09381196 -0.15854190
v -0.01278364 0.09400972 -0.15792670
v -0.01128301 0.09434823 -0.15663860
v -0.01032032 0.09488179 -0.15583460
v -0.00936462 0.09493722 -0.15500550
v -0.00939645 0.09515739 -0.15505050
v -0.00709232 0.09563488 -0.15307120
v -0.00598377 0.09617544 -0.15215400
v -0.00661085 0.09578270 -0.15266130
v -0.00596697 0.09598040 -0.15211320
v -0.00443385 0.09678714 -0.14976230
v -0.00430448 0.09667827 -0.14933710
v -0.00467719 0.09663829 -0.15040770
v -0.00463122 0.09645048 -0.15034320
v -0.00464721 0.09644311 -0.15037350
v -0.00418496 0.09710402 -0.14828880
v -0.00417322 0.09690837 -0.14824910
v -0.00424915 0.09699122 -0.14882240
v -0.00427220 0.09670076 -0.14923770
v -0.00431615 0.09687346 -0.14937930
v -0.00432866 0.09685148 -0.14948330
v -0.00523541 0.09620984 -0.15129190
v -0.00524764 0.09640472 -0.15133630
v -0.00490635 0.09632370 -0.15086470
v -0.00478310 0.09657940 -0.15065890
v -0.00475823 0.09658873 -0.15062270
v -0.00561228 0.09607946 -0.15178119
v -0.00544717 0.09632970 -0.15162729
v -0.00532724 0.09637479 -0.15145240
v -0.00419057 0.10138550 -0.12557840
v -0.00417882 0.10118880 -0.12554379
v -0.00418924 0.10006061 -0.13274260
v -0.00417526 0.09846084 -0.14011239
v -0.00418745 0.09827292 -0.14240890
v -0.00417376 0.09731396 -0.14623710
v -0.00419088 0.10286800 -0.11717039
v -0.00419146 0.10561561 -0.10158770
v -0.00418086 0.11091421 -0.07038780
v -0.00419204 0.10836320 -0.08600509
v -0.00419261 0.11111081 -0.07042249
v -0.00420957 0.11100641 -0.06985519
v -0.00424380 0.11123430 -0.06970559
v -0.00433383 0.11109581 -0.06930419
v -0.00430357 0.11126941 -0.06948510
v -0.00434303 0.11129261 -0.06933959
v -0.00446307 0.11118891 -0.06873109
v -0.00455159 0.11141530 -0.06857040
v -0.00465429 0.11125880 -0.06826379
v -0.00456500 0.11142321 -0.06852099
v -0.00468379 0.11145250 -0.06830749
v -0.00500059 0.11153090 -0.06773820
v -0.00522477 0.11138280 -0.06733070
v -0.00466905 0.11126420 -0.06822770
v -0.00599099 0.11166121 -0.06655960
v -0.00597419 0.11146500 -0.06652499
v -0.00557987 0.11161621 -0.06700129
v -0.00527716 0.11139400 -0.06724609
v -0.00523891 0.11157891 -0.06736759
v -0.00515903 0.11157010 -0.06745350
v -0.00610200 0.11166810 -0.06646600
v -0.00608474 0.11147191 -0.06643119
v -0.00602917 0.11146840 -0.06647849
v -0.00004805 0.12598671 0.02786012
v 0.00000055 0.12598661 0.02785911
v -0.00286872 0.12597140 0.02772502
v -0.00991178 0.12580080 0.02621830
v -0.01016498 0.12579171 0.02613822
v -0.00932701 0.12603580 0.02829362
v -0.01239672 0.12591281 0.02720762
v -0.01199812 0.12570840 0.02540220
v -0.01340685 0.12587231 0.02685020
v -0.00005000 0.12619781 0.02972401
v -0.00296899 0.12618171 0.02958241
v -0.00309701 0.12618101 0.02957621
v -0.00329135 0.12596470 0.02766590
v -0.00618091 0.12611870 0.02902561
v -0.00553628 0.12592911 0.02735130
v -0.00568929 0.12592670 0.02732991
v -0.00835521 0.12607471 0.02863740
v -0.00775091 0.12587170 0.02684440
v -0.00845884 0.12585280 0.02667771
v -0.01283242 0.12567051 0.02506721
v -0.01402854 0.12560090 0.02445292
v -0.01532847 0.12575241 0.02579100
v -0.01536888 0.12552291 0.02376451
v -0.01810403 0.12557921 0.02426121
v -0.01600233 0.12547731 0.02336140
v -0.01777170 0.12534981 0.02223542
v -0.01791577 0.12533761 0.02212782
v -0.02068999 0.12534840 0.02222340
v -0.01919033 0.12522980 0.02117622
v -0.01969426 0.12518011 0.02073692
v -0.02230405 0.12520441 0.02095152
v -0.02135872 0.12501591 0.01928642
v -0.02311054 0.12510441 0.02006800
v -0.02138990 0.12501211 0.01925370
v -0.02530587 0.12483201 0.01766310
v -0.02294832 0.12482690 0.01761811
v -0.02718223 0.12453590 0.01504750
v -0.02609337 0.12436130 0.01350602
v -0.02883960 0.12424711 0.01249690
v -0.02689574 0.12420211 0.01209980
v -0.02891772 0.12422680 0.01231831
v -0.02752005 0.12407821 0.01100572
v -0.02792804 0.12397620 0.01010542
v -0.03022308 0.12388881 0.00933290
v -0.03089566 0.12249171 -0.00300449
v -0.03277290 0.12249171 -0.00300449
v -0.03086737 0.12263820 -0.00171148
v -0.03277291 0.12249550 -0.00297088
v -0.03078115 0.12274750 -0.00074608
v -0.03252192 0.12282801 -0.00003518
v -0.03061360 0.12295991 0.00112992
v -0.03231539 0.12310151 0.00238050
v -0.02332880 0.12478171 0.01721882
v -0.02440131 0.12462810 0.01586180
v -0.02591950 0.12475590 0.01699092
v -0.02509625 0.12452851 0.01498261
v -0.02574049 0.12442051 0.01402851
v -0.03211281 0.12319201 0.00317921
v -0.03014229 0.12325020 0.00369401
v -0.03054797 0.12300030 0.00148701
v -0.02869935 0.12378351 0.00840321
v -0.02882989 0.12374080 0.00802601
v -0.03100650 0.12368590 0.00754121
v -0.02957523 0.12349691 0.00587232
v -0.03131948 0.12354610 0.00630711
v -0.02963216 0.12347831 0.00570771
v -0.03009549 0.12327910 0.00394871
v 0.00005000 0.12619781 0.02972401
v 0.00325162 0.12616751 0.02945671
v 0.00004805 0.12598671 0.02786000
v 0.00535571 0.12614760 0.02928102
v 0.00644671 0.12611671 0.02900791
v 0.03277290 0.12249171 -0.00300449
v 0.03089561 0.12249171 -0.00300449
v 0.03277291 0.12249550 -0.00297088
v 0.03075877 0.12281750 -0.00012810
v 0.03262184 0.12282670 -0.00004629
v 0.00957428 0.12602801 0.02822502
v 0.00087325 0.12598511 0.02784580
v 0.00653148 0.12590741 0.02716001
v 0.00621227 0.12591350 0.02721372
v 0.01776618 0.12535020 0.02223921
v 0.01660806 0.12543651 0.02300102
v 0.01826222 0.12555350 0.02403422
v 0.01617334 0.12546891 0.02328700
v 0.01556048 0.12575040 0.02577360
v 0.01466769 0.12556301 0.02411842
v 0.01543253 0.12575981 0.02585591
v 0.01366037 0.12562601 0.02467472
v 0.01259260 0.12589891 0.02708491
v 0.01266044 0.12567541 0.02511131
v 0.01105016 0.12575510 0.02581452
v 0.01048441 0.12600220 0.02799720
v 0.00398732 0.12595591 0.02758821
v 0.00371497 0.12596110 0.02763401
v 0.03260971 0.12285331 0.00018861
v 0.03054345 0.12298961 0.00139250
v 0.03206838 0.12318711 0.00313600
v 0.01845846 0.12528950 0.02170332
v 0.01990995 0.12543330 0.02297340
v 0.02001796 0.12515281 0.02049610
v 0.02083514 0.12533861 0.02213652
v 0.02023997 0.12512941 0.02028892
v 0.02323696 0.12509260 0.01996412
v 0.02210252 0.12493251 0.01855021
v 0.01056972 0.12577311 0.02597361
v 0.00841249 0.12585400 0.02668791
v 0.00835119 0.12585631 0.02670820
v 0.02301152 0.12481681 0.01752870
v 0.02388257 0.12502650 0.01938020
v 0.02401312 0.12468941 0.01640321
v 0.02535214 0.12481740 0.01753352
v 0.02446193 0.12462240 0.01581190
v 0.02721240 0.12455260 0.01519581
v 0.02517581 0.12451591 0.01487141
v 0.02576016 0.12441321 0.01396412
v 0.02732083 0.12453061 0.01500141
v 0.02671810 0.12424480 0.01247672
v 0.02888877 0.12421231 0.01219010
v 0.02694929 0.12419451 0.01203251
v 0.02982665 0.12402190 0.01050852
v 0.02798959 0.12396811 0.01003370
v 0.03035831 0.12313771 0.00270002
v 0.03013669 0.12324351 0.00363401
v 0.03163995 0.12345121 0.00546870
v 0.02969998 0.12345190 0.00547462
v 0.03135806 0.12353991 0.00625221
v 0.02958234 0.12349351 0.00584211
v 0.03027043 0.12388221 0.00927509
v 0.02912123 0.12365661 0.00728242
v 0.02803539 0.12395820 0.00994572
v 0.02061979 0.10357141 -0.10963380
v 0.02063373 0.10388090 -0.10969030
v 0.02062409 0.10356891 -0.10963900
v 0.02063624 0.10387810 -0.10970120
v 0.02063070 0.10356501 -0.10964700
v 0.02063190 0.10388290 -0.10968310
v 0.02063207 0.10388280 -0.10968319
v 0.02063223 0.10388260 -0.10968390
v 0.02061856 0.10357220 -0.10963229
v 0.02061836 0.10357231 -0.10963209
v 0.02063163 0.10388301 -0.10968290
v 0.02061801 0.10357251 -0.10963169
v 0.02063117 0.10388321 -0.10968269
v 0.02061387 0.10357490 -0.10962669
v 0.02062614 0.10388560 -0.10967990
v 0.02061172 0.10357621 -0.10962410
v 0.02062336 0.10388691 -0.10967830
v 0.02061119 0.10357650 -0.10962339
v 0.02062258 0.10388730 -0.10967790
v 0.02060946 0.10357750 -0.10962130
v 0.02061958 0.10388871 -0.10967619
v 0.02060862 0.10375220 -0.10964849
v 0.02060980 0.10389331 -0.10967070
v 0.01504219 0.10637910 -0.08872770
v 0.01486340 0.10319761 -0.10699180
v 0.01504219 0.09992669 -0.12532119
v 0.01468451 0.10001400 -0.12526489
v 0.01468386 0.10000361 -0.12533479
v 0.00723478 0.09065175 -0.17531684
v 0.00721471 0.09065101 -0.17532721
v 0.00720410 0.09058406 -0.17530317
v 0.01349460 0.09461689 -0.15512470
v 0.01343675 0.09437298 -0.15569140
v 0.01350838 0.09455582 -0.15475110
v 0.01401090 0.09583851 -0.14815410
v 0.01404395 0.09597916 -0.14740330
v 0.01405397 0.09611100 -0.14742660
v 0.01405539 0.09611480 -0.14740700
v 0.01468451 0.10001400 -0.12526489
v 0.01468656 0.10012951 -0.12528500
v 0.01468386 0.10000361 -0.12533479
v 0.01468645 0.10012761 -0.12529590
v 0.01467576 0.09986219 -0.12613519
v 0.01447887 0.09801954 -0.13718160
v 0.01445825 0.09783877 -0.13743290
v 0.01443915 0.09766105 -0.13842520
v 0.01436152 0.09748623 -0.14004640
v 0.01436832 0.09735962 -0.14003430
v 0.01436113 0.09748449 -0.14005580
v 0.01406597 0.09614306 -0.14726150
v 0.01339653 0.09430478 -0.15603290
v 0.01290966 0.09356395 -0.16039058
v 0.01276392 0.09323191 -0.16140318
v 0.01264501 0.09322832 -0.16203496
v 0.01274542 0.09320984 -0.16151190
v 0.01390737 0.09557425 -0.14951320
v 0.01352231 0.09469091 -0.15474330
v 0.01352005 0.09468486 -0.15477450
v 0.01265212 0.09309867 -0.16205999
v 0.01263794 0.09321936 -0.16207887
v 0.01220433 0.09256498 -0.16469072
v 0.01216601 0.09262086 -0.16501115
v 0.01208679 0.09242489 -0.16538122
v 0.01201968 0.09248919 -0.16565058
v 0.01201457 0.09236422 -0.16568074
v 0.01200850 0.09247912 -0.16569945
v 0.01159744 0.09201384 -0.16741071
v 0.01146346 0.09198867 -0.16808118
v 0.01130630 0.09176925 -0.16861818
v 0.01111470 0.09175721 -0.16920599
v 0.01109294 0.09164721 -0.16923579
v 0.01109920 0.09174691 -0.16925597
v 0.01072770 0.09143827 -0.17029301
v 0.01083789 0.09157348 -0.17009875
v 0.01048480 0.09140522 -0.17092872
v 0.01049607 0.09130575 -0.17096350
v 0.01046828 0.09139735 -0.17096755
v 0.01048651 0.09130028 -0.17099119
v 0.01000238 0.09117535 -0.17206267
v 0.00968529 0.09099813 -0.17260594
v 0.00968964 0.09107772 -0.17258326
v 0.00967327 0.09107260 -0.17261052
v 0.00960803 0.09096898 -0.17276164
v 0.00917811 0.09091800 -0.17343475
v 0.00876919 0.09079084 -0.17384758
v 0.00862167 0.09081459 -0.17408629
v 0.00858436 0.09075158 -0.17408686
v 0.00860214 0.09081096 -0.17410917
v 0.00830164 0.09069152 -0.17445285
v 0.00828004 0.09075110 -0.17448633
v 0.00796531 0.09072072 -0.17473866
v 0.00794170 0.09065628 -0.17473171
v 0.00794850 0.09071910 -0.17475213
v 0.00781697 0.09064408 -0.17482835
v 0.00726109 0.09065272 -0.17530325
v 0.00517045 0.09051387 -0.17622393
v 0.00541071 0.09051635 -0.17614806
v 0.00553163 0.09060460 -0.17609494
v 0.00553974 0.09051770 -0.17610732
v 0.00554012 0.09060463 -0.17609235
v 0.00554495 0.09051776 -0.17610567
v 0.00601196 0.09060611 -0.17594851
v 0.00667963 0.09055677 -0.17558865
v 0.00705836 0.09056981 -0.17541608
v 0.00443386 0.09060112 -0.17642957
v 0.00372774 0.09060855 -0.17653749
v 0.00370877 0.09052224 -0.17646712
v 0.00371828 0.09060865 -0.17653893
v 0.00271062 0.09052797 -0.17663319
v 0.00253919 0.09062105 -0.17671912
v 0.00206520 0.09053167 -0.17674058
v 0.00187037 0.09062524 -0.17674838
v 0.00187016 0.09053274 -0.17674714
v -0.00000000 0.09063663 -0.17682802
v 0.00000000 0.09054298 -0.17681003
v 0.00005073 0.09063663 -0.17682800
v 0.00186952 0.09062526 -0.17674842
v 0.01504219 0.10637910 -0.08872770
v 0.01492725 0.10441221 -0.10069590
v 0.01486340 0.10319761 -0.10699180
v 0.01521546 0.10954020 -0.07125219
v 0.01519170 0.10911760 -0.07367950
v 0.01521343 0.10942580 -0.07123229
v 0.01516795 0.10869491 -0.07610670
v 0.01504278 0.10646791 -0.08889309
v 0.01529286 0.11038961 -0.06661759
v 0.01529293 0.11029081 -0.06622390
v 0.01530326 0.11050380 -0.06599479
v 0.01530818 0.11037240 -0.06577119
v 0.01531233 0.11054230 -0.06580090
v 0.01536619 0.11068300 -0.06404879
v 0.01549519 0.11131871 -0.06189100
v 0.01548237 0.11097800 -0.06252789
v 0.01552919 0.11146310 -0.06116419
v 0.01579315 0.11176710 -0.05845959
v 0.01580480 0.11206721 -0.05820019
v 0.01581615 0.11182551 -0.05815849
v 0.01589937 0.11227450 -0.05718319
v 0.01589739 0.11203180 -0.05709519
v 0.01591155 0.11230131 -0.05705219
v 0.01639817 0.11264441 -0.05420170
v 0.01649725 0.11308720 -0.05323280
v 0.01674957 0.11307431 -0.05217140
v 0.01822736 0.11426831 -0.04649189
v 0.01778981 0.11418130 -0.04793380
v 0.01715913 0.11347661 -0.05026519
v 0.01734576 0.11386970 -0.04944279
v 0.01695426 0.11332470 -0.05098879
v 0.01672669 0.11329880 -0.05220799
v 0.01665654 0.11323411 -0.05252129
v 0.02021916 0.11547831 -0.04062370
v 0.02019217 0.11568110 -0.04064919
v 0.01957826 0.11511400 -0.04240220
v 0.01921756 0.11511071 -0.04342419
v 0.01867781 0.11460221 -0.04490080
v 0.01859611 0.11474701 -0.04519360
v 0.01820531 0.11447281 -0.04652169
v 0.02794835 0.11963671 -0.01910479
v 0.02734468 0.11956830 -0.02116610
v 0.02657442 0.11888341 -0.02340849
v 0.02621930 0.11894150 -0.02444489
v 0.02538770 0.11826641 -0.02658500
v 0.02539931 0.11850741 -0.02663129
v 0.02526252 0.11820131 -0.02692010
v 0.02410568 0.11782271 -0.03008059
v 0.02237503 0.11669980 -0.03464899
v 0.02332098 0.11740741 -0.03217289
v 0.02229762 0.11665960 -0.03485619
v 0.02078795 0.11602981 -0.03895289
v 0.02078640 0.11602881 -0.03895730
v 0.03055759 0.12184771 -0.00805320
v 0.03010224 0.12138000 -0.01110310
v 0.02997808 0.12100721 -0.01113650
v 0.02989899 0.12122240 -0.01202529
v 0.02960477 0.12070141 -0.01293789
v 0.02968092 0.12105340 -0.01301469
v 0.02914292 0.12032310 -0.01516659
v 0.02926758 0.12073311 -0.01489010
v 0.02902693 0.12022800 -0.01572629
v 0.02876962 0.12041411 -0.01663988
v 0.02813457 0.11973881 -0.01852149
v 0.02821140 0.12005651 -0.01860149
v 0.02814565 0.12001440 -0.01883250
v 0.03046060 0.12140240 -0.00880799
v 0.03052056 0.12151970 -0.00799409
v 0.03062454 0.12191650 -0.00760470
v 0.03064588 0.12195301 -0.00732268
v 0.03058649 0.12164870 -0.00709919
v 0.03086906 0.12233440 -0.00437319
v 0.03089129 0.12224511 -0.00296160
v 0.03089561 0.12249171 -0.00300449
v 0.02001796 0.12515281 0.02049610
v 0.02023997 0.12512941 0.02028892
v 0.02019355 0.12496660 0.02026731
v 0.03084014 0.12247161 -0.00119759
v 0.03075877 0.12281750 -0.00012810
v 0.03069743 0.12259481 -0.00022909
v 0.03054345 0.12298961 0.00139250
v 0.03045565 0.12280360 0.00141181
v 0.03035831 0.12313771 0.00270002
v 0.03021997 0.12300711 0.00301121
v 0.03013669 0.12324351 0.00363401
v 0.03012416 0.12308980 0.00366142
v 0.03005316 0.12315111 0.00414332
v 0.02969998 0.12345190 0.00547462
v 0.02950328 0.12335901 0.00583970
v 0.02958234 0.12349351 0.00584211
v 0.02946253 0.12337440 0.00596540
v 0.02912123 0.12365661 0.00728242
v 0.02854431 0.12372161 0.00879820
v 0.02803539 0.12395820 0.00994572
v 0.02791157 0.12386240 0.01001112
v 0.02798959 0.12396811 0.01003370
v 0.02694929 0.12419451 0.01203251
v 0.02576016 0.12441321 0.01396412
v 0.02537079 0.12437430 0.01448612
v 0.02517581 0.12451591 0.01487141
v 0.02438927 0.12451261 0.01577500
v 0.02446193 0.12462240 0.01581190
v 0.02697789 0.12407020 0.01180091
v 0.02686984 0.12409421 0.01200810
v 0.02671810 0.12424480 0.01247672
v 0.02602602 0.12428210 0.01362562
v 0.02575886 0.12431971 0.01397642
v 0.02401312 0.12468941 0.01640321
v 0.02361324 0.12462191 0.01679411
v 0.02301152 0.12481681 0.01752870
v 0.02302735 0.12470450 0.01756352
v 0.02295388 0.12471480 0.01766001
v 0.02210252 0.12493251 0.01855021
v 0.02181463 0.12481871 0.01873612
v 0.01948630 0.12503110 0.02093540
v 0.01928117 0.12504980 0.02112922
v 0.01845846 0.12528950 0.02170332
v 0.01843449 0.12509881 0.02169691
v 0.01776618 0.12535020 0.02223921
v 0.01715756 0.12517261 0.02255320
v 0.01660806 0.12543651 0.02300102
v 0.01655349 0.12520750 0.02295832
v 0.01617334 0.12546891 0.02328700
v 0.01491247 0.12530231 0.02405870
v 0.01466769 0.12556301 0.02411842
v 0.01467215 0.12531071 0.02416651
v 0.01439967 0.12532020 0.02428880
v 0.01366037 0.12562601 0.02467472
v 0.01262580 0.12538180 0.02508470
v 0.01266044 0.12567541 0.02511131
v 0.01105016 0.12575510 0.02581452
v 0.01183810 0.12540921 0.02543812
v 0.01056020 0.12545360 0.02601142
v 0.01056972 0.12577311 0.02597361
v 0.01016949 0.12546721 0.02618672
v 0.00841249 0.12585400 0.02668791
v 0.00901739 0.12549161 0.02648600
v 0.00838725 0.12550500 0.02664970
v 0.00619658 0.12555141 0.02721870
v 0.00621227 0.12591350 0.02721372
v 0.00653148 0.12590741 0.02716001
v 0.00835119 0.12585631 0.02670820
v 0.00606600 0.12555421 0.02725270
v 0.00523861 0.12557181 0.02746760
v 0.00398732 0.12595591 0.02758821
v 0.00398139 0.12558551 0.02757472
v 0.00371497 0.12596110 0.02763401
v 0.00304896 0.12559571 0.02765422
v 0.00087325 0.12598511 0.02784580
v 0.00000002 0.12562900 0.02791401
v 0.00000055 0.12598661 0.02785911
v -0.02963216 0.12347831 0.00570771
v -0.02957523 0.12349691 0.00587232
v -0.02949077 0.12336320 0.00587370
v -0.00329135 0.12596470 0.02766590
v -0.00286872 0.12597140 0.02772502
v -0.00304756 0.12560061 0.02768663
v -0.00180180 0.12561951 0.02786222
v -0.00328094 0.12559701 0.02765370
v -0.00552520 0.12556290 0.02733750
v -0.00553628 0.12592911 0.02735130
v -0.00568929 0.12592670 0.02732991
v -0.00607409 0.12555461 0.02726011
v -0.00775091 0.12587170 0.02684440
v -0.01187959 0.12541710 0.02552882
v -0.01199812 0.12570840 0.02540220
v -0.01152080 0.12542840 0.02567720
v -0.01016498 0.12579171 0.02613822
v -0.00988485 0.12546831 0.02618910
v -0.00991178 0.12580080 0.02621830
v -0.00900681 0.12548971 0.02646391
v -0.00845884 0.12585280 0.02667771
v -0.00773582 0.12552061 0.02686161
v -0.00678034 0.12554391 0.02716062
v -0.01198455 0.12541381 0.02548542
v -0.01200592 0.12541291 0.02547410
v -0.01283242 0.12567051 0.02506721
v -0.01402854 0.12560090 0.02445292
v -0.01600233 0.12547731 0.02336140
v -0.01718735 0.12517811 0.02260151
v -0.01777170 0.12534981 0.02223542
v -0.01786220 0.12513251 0.02209150
v -0.01791577 0.12533761 0.02212782
v -0.01399245 0.12532931 0.02443070
v -0.01456163 0.12530540 0.02413182
v -0.01536888 0.12552291 0.02376451
v -0.01599318 0.12524521 0.02337980
v -0.01653152 0.12522251 0.02309712
v -0.01919033 0.12522980 0.02117622
v -0.01945548 0.12502481 0.02088752
v -0.01969426 0.12518011 0.02073692
v -0.01966717 0.12501040 0.02072752
v -0.02051364 0.12495321 0.02008781
v -0.02135872 0.12501591 0.01928642
v -0.02133555 0.12486711 0.01922630
v -0.02138990 0.12501211 0.01925370
v -0.02180582 0.12481781 0.01873332
v -0.02294832 0.12482690 0.01761811
v -0.02289673 0.12470360 0.01758970
v -0.02332880 0.12478171 0.01721882
v -0.02379619 0.12460930 0.01664692
v -0.02440131 0.12462810 0.01586180
v -0.02400329 0.12458761 0.01642982
v -0.02438260 0.12452571 0.01586952
v -0.02509625 0.12452851 0.01498261
v -0.02561908 0.12432390 0.01404331
v -0.02574049 0.12442051 0.01402851
v -0.02565606 0.12431791 0.01398872
v -0.02609337 0.12436130 0.01350602
v -0.02691661 0.12411220 0.01212681
v -0.02689574 0.12420211 0.01209980
v -0.02696673 0.12410400 0.01205280
v -0.02717763 0.12404890 0.01158830
v -0.02792804 0.12397620 0.01010542
v -0.02752005 0.12407821 0.01100572
v -0.02785738 0.12387150 0.01009120
v -0.02846132 0.12371390 0.00876100
v -0.02869935 0.12378351 0.00840321
v -0.02879416 0.12362700 0.00802802
v -0.02882989 0.12374080 0.00802601
v -0.02910337 0.12354631 0.00734690
v -0.02946587 0.12337501 0.00596842
v -0.02949077 0.12336320 0.00587370
v -0.03009549 0.12327910 0.00394871
v -0.03006249 0.12309301 0.00369959
v -0.03014229 0.12325020 0.00369401
v -0.03024426 0.12300701 0.00300831
v -0.03054797 0.12300030 0.00148701
v -0.03043860 0.12291521 0.00226930
v -0.03050379 0.12281871 0.00151600
v -0.03061360 0.12295991 0.00112992
v -0.03063104 0.12263031 0.00004560
v -0.03078115 0.12274750 -0.00074608
v -0.03069695 0.12253280 -0.00071590
v -0.03086737 0.12263820 -0.00171148
v -0.03089129 0.12224511 -0.00296148
v -0.03089566 0.12249171 -0.00300449
v -0.03088592 0.12217151 -0.00353528
v -0.03080936 0.12194600 -0.00519540
v -0.03074544 0.12208440 -0.00638109
v -0.03077972 0.12185881 -0.00583810
v -0.03058024 0.12188891 -0.00772810
v -0.03059018 0.12157911 -0.00767570
v -0.03057837 0.12188671 -0.00774329
v -0.03051349 0.12146601 -0.00841920
v -0.03032540 0.12158720 -0.00980610
v -0.03035875 0.12133011 -0.00922230
v -0.02980804 0.12115451 -0.01241239
v -0.02964256 0.12070100 -0.01293909
v -0.02968944 0.12105540 -0.01300989
v -0.02952574 0.12091851 -0.01383459
v -0.02953885 0.12060991 -0.01347739
v -0.02933887 0.12043420 -0.01451519
v -0.02866915 0.12034941 -0.01699470
v -0.02822958 0.11979821 -0.01817820
v -0.02835774 0.12014251 -0.01814349
v -0.02560266 0.11861631 -0.02605119
v -0.02532065 0.11822171 -0.02671940
v -0.02400097 0.11776481 -0.03034219
v -0.02179408 0.11638560 -0.03619819
v -0.02269111 0.11706861 -0.03385139
v -0.02806874 0.11997761 -0.01901389
v -0.02799914 0.11966611 -0.01893899
v -0.02724605 0.11950821 -0.02149180
v -0.02705323 0.11912371 -0.02206249
v -0.02677560 0.11923971 -0.02290879
v -0.02673913 0.11896020 -0.02290668
v -0.02558784 0.11836081 -0.02600120
v -0.02131339 0.11630550 -0.03758810
v -0.02131389 0.11610760 -0.03755349
v -0.02072802 0.11598131 -0.03917570
v -0.02052481 0.11565081 -0.03978059
v -0.01962120 0.11536821 -0.04217759
v -0.01676956 0.11313591 -0.05187179
v -0.01677935 0.11336030 -0.05191189
v -0.01686666 0.11345881 -0.05143420
v -0.01703865 0.11334981 -0.05085789
v -0.01772804 0.11414911 -0.04809159
v -0.01824437 0.11430820 -0.04631500
v -0.01785976 0.11425461 -0.04758050
v -0.01839022 0.11459000 -0.04595339
v -0.02052481 0.11565081 -0.03978059
v -0.01915402 0.11507290 -0.04361059
v -0.01835399 0.11439400 -0.04590759
v -0.01834801 0.11439061 -0.04592449
v -0.01664245 0.11320581 -0.05266110
v -0.01671521 0.11309270 -0.05207650
v -0.01622710 0.11273730 -0.05493380
v -0.01627490 0.11249871 -0.05489909
v -0.01610318 0.11259751 -0.05561189
v -0.01623531 0.11244530 -0.05515289
v -0.01589177 0.11225191 -0.05729589
v -0.01580055 0.11185871 -0.05793989
v -0.01580537 0.11211061 -0.05798429
v -0.01580317 0.11210691 -0.05799969
v -0.01579506 0.11209971 -0.05803300
v -0.01579386 0.11184900 -0.05798939
v -0.01579355 0.11184851 -0.05799169
v -0.01576174 0.11207020 -0.05816960
v -0.01575830 0.11182891 -0.05811599
v -0.01575496 0.11206421 -0.05819740
v -0.01574782 0.11182300 -0.05815299
v -0.01575282 0.11206231 -0.05820620
v -0.01573511 0.11181601 -0.05819779
v -0.01568885 0.11204130 -0.05833250
v -0.01568889 0.11180881 -0.05827949
v -0.01568005 0.11203840 -0.05834979
v -0.01567409 0.11180651 -0.05830569
v -0.01565640 0.11203061 -0.05839649
v -0.01562047 0.11179831 -0.05840049
v -0.01558799 0.11202031 -0.05847759
v -0.01559235 0.11179831 -0.05843060
v -0.01558604 0.11202000 -0.05847990
v -0.01558422 0.11179831 -0.05843929
v -0.01551683 0.11200960 -0.05856190
v -0.01546629 0.11179851 -0.05856579
v -0.01546818 0.11200690 -0.05860539
v -0.01078685 0.11186500 -0.06252130
v -0.01312870 0.11200220 -0.06057870
v -0.01421064 0.11200841 -0.05966679
v -0.01534631 0.11200351 -0.05870829
v -0.01546184 0.11200670 -0.05861079
v -0.00599099 0.11166121 -0.06655960
v -0.00599274 0.11181401 -0.06658830
v -0.00610200 0.11166810 -0.06646600
v -0.00882403 0.11197731 -0.06420699
v -0.01075581 0.11198851 -0.06257870
v -0.00419261 0.11111081 -0.07042249
v -0.00419525 0.11125970 -0.07044839
v -0.00424380 0.11123430 -0.06970559
v -0.00425360 0.11138730 -0.06968359
v -0.00430357 0.11126941 -0.06948510
v -0.00428857 0.11141550 -0.06950590
v -0.00434303 0.11129261 -0.06933959
v -0.00431508 0.11143680 -0.06937130
v -0.00433655 0.11145411 -0.06926229
v -0.00455159 0.11141530 -0.06857040
v -0.00457646 0.11155301 -0.06860409
v -0.00456500 0.11142321 -0.06852099
v -0.00468379 0.11145250 -0.06830749
v -0.00467343 0.11159301 -0.06833810
v -0.00472384 0.11161381 -0.06819979
v -0.00500059 0.11153090 -0.06773820
v -0.00499921 0.11167280 -0.06776400
v -0.00515903 0.11157010 -0.06745350
v -0.00523199 0.11172271 -0.06739549
v -0.00523891 0.11157891 -0.06736759
v -0.00526913 0.11173060 -0.06733680
v -0.00557987 0.11161621 -0.06700129
v -0.00598685 0.11181360 -0.06659330
v -0.00557323 0.11176581 -0.06702169
v -0.00419525 0.11125860 -0.07045460
v -0.00419204 0.10836320 -0.08600509
v -0.00419465 0.10851101 -0.08603080
v -0.00419146 0.10561561 -0.10158770
v -0.00419406 0.10576220 -0.10161329
v -0.00418496 0.09710402 -0.14828880
v -0.00419226 0.09751600 -0.14836060
v -0.00418745 0.09827292 -0.14240890
v -0.00419286 0.10026471 -0.13277810
v -0.00419376 0.10438630 -0.10941340
v -0.00419088 0.10286800 -0.11717039
v -0.00419346 0.10301350 -0.11719569
v -0.00419057 0.10138550 -0.12557840
v -0.00418924 0.10006061 -0.13274260
v -0.00598377 0.09617544 -0.15215400
v -0.00598879 0.09660605 -0.15222320
v -0.00544717 0.09632970 -0.15162729
v -0.00532502 0.09681775 -0.15152800
v -0.00532724 0.09637479 -0.15145240
v -0.00524764 0.09640472 -0.15133630
v -0.00524038 0.09684475 -0.15143930
v -0.00523536 0.09684636 -0.15143410
v -0.00478310 0.09657940 -0.15065890
v -0.00480440 0.09702497 -0.15072460
v -0.00475823 0.09658873 -0.15062270
v -0.00467719 0.09663829 -0.15040770
v -0.00467075 0.09708036 -0.15050460
v -0.00466806 0.09708146 -0.15050010
v -0.00443385 0.09678714 -0.14976230
v -0.00444169 0.09722513 -0.14983700
v -0.00432866 0.09685148 -0.14948330
v -0.00431517 0.09730543 -0.14946650
v -0.00431615 0.09687346 -0.14937930
v -0.00431430 0.09730598 -0.14946390
v -0.00424915 0.09699122 -0.14882240
v -0.00419228 0.09751394 -0.14837250
v -0.00425083 0.09741417 -0.14889610
v -0.00599597 0.09660392 -0.15222930
v -0.00939645 0.09515739 -0.15505050
v -0.00941015 0.09546167 -0.15510640
v -0.00995536 0.09527926 -0.15556580
v -0.01032032 0.09488179 -0.15583460
v -0.01259345 0.09424475 -0.15779090
v -0.01278364 0.09400972 -0.15792670
v -0.01278555 0.09417219 -0.15795290
v -0.01311140 0.09388810 -0.15877930
v -0.01311359 0.09391514 -0.15865980
v -0.01310903 0.09376391 -0.15875740
v -0.01310946 0.09380404 -0.15857740
v -0.01311471 0.09392888 -0.15859900
v -0.01311478 0.09392978 -0.15859500
v -0.01310954 0.09381196 -0.15854190
v -0.01309999 0.09395202 -0.15852130
v -0.01310554 0.09381637 -0.15852550
v -0.01307646 0.09384848 -0.15840630
v -0.01308122 0.09398024 -0.15842780
v -0.01305257 0.09387487 -0.15830829
v -0.01307070 0.09399604 -0.15837540
v -0.01304845 0.09387736 -0.15830060
v -0.01305254 0.09401394 -0.15832540
v -0.01301443 0.09389792 -0.15823680
v -0.01301709 0.09404024 -0.15826030
v -0.01293990 0.09394291 -0.15809710
v -0.01299331 0.09405790 -0.15821670
v -0.01293932 0.09394314 -0.15809640
v -0.01293982 0.09409758 -0.15811860
v -0.01292191 0.09395060 -0.15807750
v -0.01292471 0.09410495 -0.15810220
v -0.01288821 0.09412278 -0.15806260
v -0.01280982 0.09399852 -0.15795530
v -0.01281253 0.09415970 -0.15798060
v -0.01279191 0.09416977 -0.15795830
v -0.01278874 0.09417099 -0.15795560
v -0.01310974 0.09388557 -0.15879160
v -0.01306057 0.09380339 -0.15919988
v -0.01292467 0.09349347 -0.16009835
v -0.01293212 0.09361677 -0.16012082
v -0.00936729 0.09097355 -0.17313445
v -0.00881804 0.09079203 -0.17382405
v -0.00864228 0.09080884 -0.17410367
v -0.00856360 0.09074324 -0.17413057
v -0.00861675 0.09080304 -0.17413779
v -0.01266469 0.09322828 -0.16203813
v -0.01261581 0.09304043 -0.16234475
v -0.01256765 0.09308729 -0.16273384
v -0.01256367 0.09296396 -0.16272402
v -0.01200814 0.09248952 -0.16564945
v -0.01195975 0.09231984 -0.16589677
v -0.01189253 0.09236599 -0.16625194
v -0.01189582 0.09225165 -0.16623262
v -0.01179471 0.09226149 -0.16676167
v -0.01182867 0.09218004 -0.16658542
v -0.01112330 0.09175631 -0.16920889
v -0.01108925 0.09162655 -0.16933153
v -0.01105086 0.09170179 -0.16947292
v -0.01106375 0.09161338 -0.16939894
v -0.01076155 0.09154666 -0.17023137
v -0.01075569 0.09145437 -0.17021317
v -0.01049393 0.09140316 -0.17093293
v -0.01037620 0.09125848 -0.17121618
v -0.01037980 0.09134195 -0.17123212
v -0.01036384 0.09125210 -0.17124882
v -0.01030135 0.09129989 -0.17143779
v -0.01028566 0.09121174 -0.17145548
v -0.00969211 0.09107645 -0.17258595
v -0.00960768 0.09096885 -0.17276241
v -0.00948349 0.09099994 -0.17297911
v -0.00937510 0.09090442 -0.17312861
v -0.00930922 0.09088617 -0.17323234
v -0.00859011 0.09079982 -0.17416200
v -0.00827349 0.09068763 -0.17448008
v -0.00795904 0.09072348 -0.17473535
v -0.00785818 0.09064801 -0.17479691
v -0.00769962 0.09069208 -0.17497104
v -0.00768029 0.09063103 -0.17493263
v -0.00756284 0.09067553 -0.17509531
v -0.00700886 0.09056698 -0.17544487
v -0.00671618 0.09055754 -0.17557468
v -0.00525162 0.09060180 -0.17619571
v -0.00553856 0.09060499 -0.17609242
v -0.00544120 0.09051639 -0.17614020
v -0.00637767 0.09061438 -0.17579037
v -0.00671093 0.09055735 -0.17557701
v -0.00671500 0.09063179 -0.17559253
v -0.00722143 0.09065793 -0.17529553
v -0.00544043 0.09051639 -0.17614036
v -0.00525381 0.09051699 -0.17617774
v -0.00496865 0.09059862 -0.17629757
v -0.00421049 0.09052028 -0.17638676
v -0.00372600 0.09060895 -0.17653340
v -0.00340938 0.09052282 -0.17654725
v -0.00341528 0.09061155 -0.17659237
v -0.00303602 0.09061470 -0.17666435
v -0.00005173 0.09063663 -0.17682800
v -0.00082409 0.09063456 -0.17681775
v -0.00186956 0.09062516 -0.17674524
v -0.00270990 0.09052514 -0.17668212
v -0.00274428 0.09052491 -0.17668049
v -0.03612292 0.09290346 -0.03589249
v -0.03725154 0.09346859 -0.03599360
v -0.03494677 0.09370816 -0.03881129
v -0.03555246 0.09465381 -0.04047419
v -0.03458930 0.09395272 -0.03969839
v -0.03431451 0.09413347 -0.04057989
v -0.03549896 0.09469149 -0.04066419
v -0.03549774 0.09469236 -0.04066850
v -0.03298906 0.09500531 -0.04483210
v -0.03412835 0.09565674 -0.04552990
v -0.03280257 0.09512800 -0.04543040
v -0.03412232 0.09566098 -0.04555140
v -0.03234881 0.09542646 -0.04688609
v -0.03369857 0.09595942 -0.04705569
v -0.03231929 0.09672789 -0.05428649
v -0.03114591 0.09609648 -0.05237209
v -0.03303223 0.09633068 -0.05054899
v -0.03143753 0.09593403 -0.05104209
v -0.03304080 0.09632589 -0.05050399
v -0.03157945 0.09585499 -0.05039489
v -0.03210073 0.09556464 -0.04801750
v -0.04591989 0.08569725 -0.01320249
v -0.04667608 0.08484793 -0.01063489
v -0.04743190 0.08576517 -0.01182069
v -0.04808009 0.08464775 -0.00840600
v -0.04696860 0.08433393 -0.00905839
v -0.04707880 0.08414032 -0.00846459
v -0.04809938 0.08100502 0.00124391
v -0.04900260 0.08148124 0.00139631
v -0.04781479 0.08253860 -0.00353059
v -0.04871019 0.08306076 -0.00351629
v -0.04780825 0.08257386 -0.00364039
v -0.04870973 0.08306321 -0.00352389
v -0.04772983 0.08299641 -0.00495589
v -0.04857403 0.08379628 -0.00580389
v -0.04808404 0.08464096 -0.00838518
v -0.04338285 0.08928637 -0.02243569
v -0.04226281 0.08868840 -0.02219759
v -0.04341379 0.08926381 -0.02236759
v -0.04256668 0.08845784 -0.02150489
v -0.04539817 0.08781785 -0.01799879
v -0.04420104 0.08721769 -0.01777920
v -0.04542457 0.08779121 -0.01791869
v -0.04196821 0.09031717 -0.02555019
v -0.04013331 0.09015195 -0.02677149
v -0.04222349 0.08871544 -0.02228210
v -0.04544523 0.08777035 -0.01785589
v -0.04506301 0.08656363 -0.01581429
v -0.04697364 0.08622770 -0.01321279
v -0.04532348 0.08632734 -0.01510409
v -0.04556130 0.08610000 -0.01442010
v -0.04698646 0.08621477 -0.01317390
v -0.04581351 0.08581673 -0.01356370
v -0.03102857 0.09487507 -0.07612240
v -0.02990047 0.09441537 -0.07584480
v -0.03108812 0.09567775 -0.07101499
v -0.02990765 0.09492804 -0.07280839
v -0.03108849 0.09568274 -0.07098330
v -0.02992184 0.09523835 -0.07079229
v -0.03111766 0.09607598 -0.06848109
v -0.02992818 0.09537713 -0.06989070
v -0.03125990 0.09631579 -0.06589230
v -0.03000736 0.09585548 -0.06570480
v -0.03126298 0.09632097 -0.06583619
v -0.03004495 0.09608255 -0.06371780
v -0.03151002 0.09673748 -0.06133979
v -0.03020222 0.09622578 -0.06080090
v -0.03157722 0.09673668 -0.06075399
v -0.03021375 0.09623629 -0.06058700
v -0.03158480 0.09673659 -0.06068800
v -0.03029843 0.09631340 -0.05901660
v -0.03216644 0.09672972 -0.05561869
v -0.03049126 0.09626404 -0.05750469
v -0.03217349 0.09672963 -0.05555729
v -0.03075083 0.09619761 -0.05546960
v -0.03089712 0.09616015 -0.05432259
v -0.04134789 0.09072821 -0.02687429
v -0.04131834 0.09074778 -0.02693739
v -0.03992553 0.09029474 -0.02721780
v -0.03923622 0.09212741 -0.03138180
v -0.03803865 0.09159154 -0.03127059
v -0.03921348 0.09214248 -0.03143029
v -0.03764211 0.09186407 -0.03212229
v -0.03732277 0.09208255 -0.03291479
v -0.03799839 0.09294761 -0.03402409
v -0.03726250 0.09346093 -0.03596459
v -0.02988363 0.09020266 -0.10003709
v -0.03094897 0.09045045 -0.10152830
v -0.02986787 0.08621988 -0.12290429
v -0.03087291 0.08622291 -0.12580079
v -0.02986836 0.08596271 -0.12438070
v -0.02987220 0.08570536 -0.12585840
v -0.03098810 0.09262565 -0.08903930
v -0.02989930 0.09418541 -0.07716999
v -0.03098547 0.09247967 -0.08987750
v -0.03095074 0.09054908 -0.10096200
v -0.02989983 0.09430549 -0.07647929
v -0.03102680 0.09477655 -0.07668910
v -0.03102502 0.09467800 -0.07725570
v -0.03027417 0.07677005 -0.17716037
v -0.03040879 0.07746561 -0.17316617
v -0.03124832 0.07773986 -0.17450696
v -0.03124461 0.07832357 -0.17115536
v -0.03037885 0.07788643 -0.17075013
v -0.03124461 0.07832357 -0.17115532
v -0.03029940 0.07900344 -0.16433713
v -0.03123744 0.07945208 -0.16467580
v -0.03014048 0.08123745 -0.15151110
v -0.03122781 0.08096869 -0.15596800
v -0.03123744 0.07945209 -0.16467577
v 0.00000000 0.07128485 -0.21156811
v 0.00000000 0.07086854 -0.21104447
v -0.00327666 0.07132730 -0.21132502
v -0.00324305 0.07091143 -0.21079846
v -0.00327669 0.07132730 -0.21132501
v -0.00333575 0.07091265 -0.21079142
v -0.00578633 0.07135979 -0.21113883
v -0.00563781 0.07094310 -0.21061680
v -0.00653304 0.07138975 -0.21096665
v -0.00646156 0.07097741 -0.21041979
v -0.01985057 0.07238761 -0.20523829
v -0.01856749 0.07224353 -0.20606523
v -0.01832672 0.07184292 -0.20544967
v -0.01856743 0.07224353 -0.20606527
v -0.01560700 0.07153680 -0.20720729
v -0.01581792 0.07193481 -0.20783731
v -0.01559834 0.07153582 -0.20721288
v -0.01581785 0.07193480 -0.20783735
v -0.01524963 0.07149657 -0.20743824
v -0.01560157 0.07191053 -0.20797674
v -0.01265496 0.07130580 -0.20853390
v -0.01281152 0.07170958 -0.20913011
v -0.01281146 0.07170956 -0.20913013
v -0.01044518 0.07114331 -0.20946704
v -0.01068431 0.07155636 -0.21000946
v -0.00964758 0.07111010 -0.20965780
v -0.00973417 0.07151823 -0.21022854
v -0.00962326 0.07110908 -0.20966362
v -0.00973412 0.07151822 -0.21022855
v -0.00653309 0.07138975 -0.21096664
v -0.02808542 0.07401574 -0.19297494
v -0.02854775 0.07442759 -0.19352426
v -0.02806491 0.07400265 -0.19305005
v -0.02712238 0.07391944 -0.19644166
v -0.02672618 0.07350914 -0.19588335
v -0.02712236 0.07391944 -0.19644170
v -0.02603754 0.07325528 -0.19734080
v -0.02653649 0.07371057 -0.19764084
v -0.02509361 0.07303013 -0.19863352
v -0.02952768 0.07510180 -0.18673934
v -0.02993806 0.07565578 -0.18355869
v -0.03075728 0.07606984 -0.18409549
v -0.03030092 0.07551110 -0.18730308
v -0.03030092 0.07551110 -0.18730312
v -0.02929469 0.07478730 -0.18854509
v -0.03014982 0.07532611 -0.18836513
v -0.02893020 0.07455474 -0.18988031
v -0.02952932 0.07496470 -0.19044021
v -0.02952931 0.07496469 -0.19044026
v -0.02808542 0.07401574 -0.19297493
v -0.02870080 0.07448214 -0.19321100
v -0.02854777 0.07442759 -0.19352421
v -0.01954344 0.07197988 -0.20466337
v -0.02081445 0.07218787 -0.20346930
v -0.02111676 0.07259446 -0.20405004
v -0.02084134 0.07219227 -0.20344402
v -0.02111686 0.07259449 -0.20404995
v -0.02541573 0.07344054 -0.19919119
v -0.02541567 0.07344052 -0.19919127
v -0.02320137 0.07257882 -0.20122495
v -0.02367183 0.07302038 -0.20160351
v -0.02319404 0.07257737 -0.20123325
v -0.02348907 0.07298416 -0.20181157
v -0.02319160 0.07257688 -0.20123602
v -0.02348904 0.07298414 -0.20181160
v -0.02342812 0.07297206 -0.20188097
v -0.03000584 0.08347140 -0.13868470
v -0.03102535 0.08396602 -0.13875890
v -0.03013422 0.08132553 -0.15100530
v -0.03117780 0.08170906 -0.15171710
v -0.03111857 0.07719565 -0.17763151
v -0.03111857 0.07719564 -0.17763155
v -0.03010111 0.07587590 -0.18229492
v -0.03088844 0.07623040 -0.18317361
v -0.03075729 0.07606984 -0.18409543
v 0.03095037 0.09052868 -0.10107919
v 0.03095074 0.09054908 -0.10096200
v 0.02988363 0.09020266 -0.10003709
v 0.03102857 0.09487507 -0.07612240
v 0.02990047 0.09441537 -0.07584480
v 0.03102680 0.09477665 -0.07668839
v 0.02989983 0.09430549 -0.07647929
v 0.03102502 0.09467800 -0.07725570
v 0.02989930 0.09418541 -0.07716999
v 0.03098810 0.09262565 -0.08903930
v 0.03098713 0.09257177 -0.08934869
v 0.02986836 0.08596271 -0.12438070
v 0.02987220 0.08570536 -0.12585840
v 0.03087291 0.08622291 -0.12580079
v 0.02986787 0.08621988 -0.12290429
v 0.03039275 0.07715870 -0.17492831
v 0.03028615 0.07677008 -0.17715989
v 0.03111867 0.07719564 -0.17763155
v 0.03111867 0.07719565 -0.17763151
v 0.03124800 0.07773680 -0.17452447
v 0.03036342 0.07784507 -0.17098768
v 0.03124440 0.07832357 -0.17115536
v 0.03036165 0.07788643 -0.17075010
v 0.03031553 0.07896566 -0.16455404
v 0.03124440 0.07832357 -0.17115532
v 0.03031392 0.07900351 -0.16433678
v 0.03075766 0.07606982 -0.18409553
v 0.02998019 0.07565467 -0.18356505
v 0.02996632 0.07560406 -0.18385559
v 0.03030044 0.07551113 -0.18730301
v 0.02920541 0.07471115 -0.18898214
v 0.03014751 0.07532425 -0.18837587
v 0.02948007 0.07503347 -0.18713162
v 0.03030044 0.07551113 -0.18730304
v 0.02953830 0.07510179 -0.18673935
v 0.02995104 0.07558615 -0.18395848
v 0.02805879 0.07401706 -0.19296742
v 0.02854820 0.07442755 -0.19352446
v 0.02883289 0.07448565 -0.19027690
v 0.02854821 0.07442755 -0.19352442
v 0.02894602 0.07455413 -0.18988373
v 0.02869802 0.07448092 -0.19321800
v 0.02952953 0.07496469 -0.19044030
v 0.02952954 0.07496470 -0.19044024
v 0.02307264 0.07255358 -0.20136983
v 0.02285802 0.07251870 -0.20157014
v 0.02111690 0.07259447 -0.20404999
v 0.02084584 0.07219155 -0.20344820
v 0.02111681 0.07259446 -0.20405008
v 0.02046611 0.07212980 -0.20380261
v 0.01985091 0.07238766 -0.20523792
v 0.01954611 0.07198024 -0.20466129
v 0.01856745 0.07224354 -0.20606518
v 0.01832965 0.07184204 -0.20545473
v 0.01856739 0.07224353 -0.20606521
v 0.01790400 0.07179370 -0.20573235
v 0.01581795 0.07193481 -0.20783736
v 0.01561776 0.07153396 -0.20722356
v 0.01581788 0.07193480 -0.20783740
v 0.01546481 0.07151658 -0.20732332
v 0.01560184 0.07191054 -0.20797665
v 0.01514354 0.07149222 -0.20746323
v 0.01281152 0.07170958 -0.20913010
v 0.01265871 0.07130381 -0.20854537
v 0.01281146 0.07170958 -0.20913012
v 0.01216091 0.07126606 -0.20876216
v 0.01068441 0.07155638 -0.21000939
v 0.01085504 0.07116703 -0.20933086
v 0.00973416 0.07151823 -0.21022851
v 0.00961683 0.07111299 -0.20964119
v 0.00973412 0.07151823 -0.21022852
v 0.00909254 0.07109011 -0.20977259
v 0.00653309 0.07138975 -0.21096666
v 0.00646392 0.07097539 -0.21043139
v 0.00653304 0.07138975 -0.21096667
v 0.00592608 0.07095192 -0.21056619
v 0.00578642 0.07135979 -0.21113883
v 0.00588185 0.07094999 -0.21057728
v 0.00327669 0.07132730 -0.21132502
v 0.00324281 0.07090911 -0.21081175
v 0.00327666 0.07132730 -0.21132502
v 0.00272987 0.07090116 -0.21085732
v 0.00069166 0.07086962 -0.21103841
v 0.02794524 0.07394831 -0.19336204
v 0.02793078 0.07393956 -0.19341229
v 0.02712208 0.07391946 -0.19644150
v 0.02673401 0.07350867 -0.19588601
v 0.02712206 0.07391946 -0.19644154
v 0.02654944 0.07344223 -0.19626751
v 0.02653261 0.07370945 -0.19764723
v 0.02599887 0.07324399 -0.19740551
v 0.02541615 0.07344049 -0.19919148
v 0.02509866 0.07302951 -0.19863704
v 0.02541609 0.07344049 -0.19919156
v 0.02483256 0.07296611 -0.19900107
v 0.02367363 0.07302072 -0.20160167
v 0.02323430 0.07258532 -0.20118755
v 0.02348919 0.07298414 -0.20181167
v 0.02319388 0.07257740 -0.20123312
v 0.02348916 0.07298413 -0.20181171
v 0.02342770 0.07297195 -0.20188167
v 0.03102537 0.08396602 -0.13875890
v 0.03002614 0.08347143 -0.13868440
v 0.03117783 0.08170906 -0.15171710
v 0.03018009 0.08123748 -0.15151060
v 0.03018193 0.08121077 -0.15166400
v 0.03122825 0.08096267 -0.15600260
v 0.03028108 0.07977201 -0.15992465
v 0.03123750 0.07945209 -0.16467577
v 0.03123750 0.07945208 -0.16467580
v 0.03027477 0.07672860 -0.17739808
v 0.03075766 0.07606984 -0.18409548
v 0.03088754 0.07622853 -0.18318435
v 0.03157641 0.09673796 -0.06075399
v 0.03158400 0.09673784 -0.06068789
v 0.03025578 0.09618696 -0.06058909
v 0.03039264 0.09625473 -0.05855819
v 0.03316207 0.09490288 -0.04407240
v 0.03280676 0.09512215 -0.04542790
v 0.03412834 0.09565667 -0.04552990
v 0.03555412 0.09465258 -0.04046899
v 0.03434593 0.09411029 -0.04059899
v 0.03549910 0.09469131 -0.04066419
v 0.03549789 0.09469217 -0.04066859
v 0.03304063 0.09632605 -0.05050399
v 0.03369869 0.09595926 -0.04705499
v 0.03217343 0.09551297 -0.04784409
v 0.03412231 0.09566092 -0.04555140
v 0.03329797 0.09481903 -0.04355389
v 0.03108944 0.09568145 -0.07098309
v 0.03111990 0.09608498 -0.06841140
v 0.02997223 0.09577711 -0.06681660
v 0.02999824 0.09588636 -0.06570840
v 0.03125915 0.09631694 -0.06589239
v 0.03126225 0.09632213 -0.06583630
v 0.03004496 0.09608255 -0.06371780
v 0.03151242 0.09673887 -0.06131089
v 0.03051234 0.09631401 -0.05678179
v 0.03216650 0.09672960 -0.05561869
v 0.03072516 0.09622581 -0.05546909
v 0.03217355 0.09672950 -0.05555729
v 0.03107398 0.09608127 -0.05331759
v 0.03161761 0.09585598 -0.04996459
v 0.03154983 0.09588407 -0.05038270
v 0.03303207 0.09633082 -0.05054890
v 0.03232054 0.09672741 -0.05427810
v 0.04900260 0.08148124 0.00139631
v 0.04809938 0.08100502 0.00124391
v 0.04808156 0.08116983 0.00072962
v 0.04871016 0.08306076 -0.00351629
v 0.04796511 0.08224710 -0.00263250
v 0.04870971 0.08306324 -0.00352389
v 0.04807977 0.08464776 -0.00840589
v 0.04682051 0.08457969 -0.00981249
v 0.04742945 0.08576818 -0.01182969
v 0.04589560 0.08569638 -0.01319678
v 0.04698682 0.08621480 -0.01317399
v 0.04697400 0.08622774 -0.01321299
v 0.04782171 0.08257273 -0.00363709
v 0.04774076 0.08275653 -0.00420418
v 0.04857398 0.08379634 -0.00580399
v 0.04734134 0.08366347 -0.00700230
v 0.04808372 0.08464097 -0.00838509
v 0.04713109 0.08414090 -0.00847520
v 0.04707106 0.08427720 -0.00889579
v 0.03806621 0.09157251 -0.03128919
v 0.03921427 0.09214219 -0.03143079
v 0.03923700 0.09212713 -0.03138219
v 0.03828647 0.09142122 -0.03081080
v 0.04131796 0.09074810 -0.02693710
v 0.04014323 0.09014595 -0.02677769
v 0.04134749 0.09072853 -0.02687399
v 0.04194783 0.09033068 -0.02559170
v 0.04196730 0.08889312 -0.02281559
v 0.04338193 0.08928614 -0.02243539
v 0.04220627 0.08871331 -0.02227520
v 0.04341289 0.08926358 -0.02236729
v 0.04369421 0.08759365 -0.01891000
v 0.04539907 0.08781692 -0.01799599
v 0.04419525 0.08721660 -0.01777679
v 0.04542454 0.08779123 -0.01791859
v 0.04506301 0.08656363 -0.01581429
v 0.04544520 0.08777037 -0.01785589
v 0.04532348 0.08632734 -0.01510409
v 0.04556130 0.08610000 -0.01442010
v 0.02992818 0.09537713 -0.06989070
v 0.02992399 0.09523167 -0.07079119
v 0.03108907 0.09567649 -0.07101480
v 0.03798032 0.09295993 -0.03406660
v 0.03699507 0.09230820 -0.03361579
v 0.03726129 0.09346157 -0.03596400
v 0.03606920 0.09294224 -0.03586019
v 0.03725033 0.09346920 -0.03599290
v 0.03576525 0.09315040 -0.03659699
v 0.03520083 0.09353212 -0.03818850
v 0.02658624 0.06829554 0.04096110
v 0.02704106 0.06839145 0.04066130
v 0.02764145 0.06856353 0.04176390
v -0.01451884 0.06653387 0.04810661
v -0.01385068 0.06636640 0.04699122
v -0.01268961 0.06633513 0.04872761
v -0.01263462 0.06623223 0.04741102
v -0.00976791 0.06614905 0.04930912
v -0.00955545 0.06603344 0.04803221
v -0.00976787 0.06614904 0.04930912
v -0.00927096 0.06601506 0.04808961
v -0.00640199 0.06593467 0.04997902
v -0.00635126 0.06582656 0.04867872
v -0.00491703 0.06590349 0.05007652
v -0.00491692 0.06590348 0.05007652
v -0.01913759 0.06705466 0.04647911
v -0.02351494 0.06774543 0.04432042
v -0.02300434 0.06759270 0.04315730
v -0.03147371 0.06950185 0.03883171
v -0.03082526 0.06929670 0.03783241
v -0.03034819 0.06916207 0.03825322
v -0.02982742 0.06903981 0.04027552
v -0.02959362 0.06894912 0.03891871
v -0.02762601 0.06856919 0.04174620
v -0.02433180 0.06780566 0.04249192
v -0.02703533 0.06839316 0.04065602
v -0.02658495 0.06829529 0.04096180
v -0.02449920 0.06790075 0.04383512
v -0.02351499 0.06774544 0.04432042
v -0.02252717 0.06751615 0.04339653
v -0.01873717 0.06690815 0.04529640
v -0.01913751 0.06705464 0.04647911
v -0.01868628 0.06689998 0.04532191
v -0.01875094 0.06699366 0.04666981
v -0.01834260 0.06686206 0.04544062
v -0.01420696 0.06640573 0.04686821
v -0.03430884 0.07031099 0.03466261
v -0.03506142 0.07053113 0.03561521
v -0.03697047 0.07127823 0.03164021
v -0.03740811 0.07143727 0.03114320
v -0.04248284 0.07392660 0.02336421
v -0.04221109 0.07374887 0.02391972
v -0.04342283 0.07423104 0.02405311
v -0.04167068 0.07339542 0.02502430
v -0.04098276 0.07292557 0.02813261
v -0.04011407 0.07265068 0.02735151
v -0.03981782 0.07250895 0.02779441
v -0.03627758 0.07093959 0.03433873
v -0.03815945 0.07169783 0.03196931
v -0.03811427 0.07169390 0.03034132
v -0.03815946 0.07169783 0.03196931
v -0.04029973 0.07256015 0.02927452
v -0.04619288 0.07624771 0.01775102
v -0.04688489 0.07703660 0.01528572
v -0.04580258 0.07648732 0.01536210
v -0.04533995 0.07561386 0.01973170
v -0.04454230 0.07527354 0.01915470
v -0.04533994 0.07561386 0.01973182
v -0.04704653 0.07801867 0.01057771
v -0.04654943 0.07720662 0.01311451
v -0.04598118 0.07665934 0.01482459
v -0.04871647 0.07998275 0.00607911
v -0.04767921 0.07905221 0.00734910
v -0.04806010 0.07849360 0.01073271
v -0.04708841 0.07808709 0.01036402
v -0.04806010 0.07849359 0.01073271
v -0.04795624 0.07825795 0.01146900
v -0.04451964 0.07525872 0.01920112
v -0.04434193 0.07514249 0.01956431
v -0.04362388 0.07433860 0.02371690
v -0.04342284 0.07423104 0.02405311
v -0.03392549 0.07017166 0.03509800
v -0.03465609 0.07039499 0.03604060
v -0.03506140 0.07053112 0.03561521
v 0.04868734 0.07998201 0.00608140
v 0.04868734 0.07998201 0.00608140
v 0.04779444 0.07953873 0.00582832
v 0.04334592 0.07424186 0.02401930
v 0.04334592 0.07424184 0.02401930
v 0.04248006 0.07392708 0.02336271
v 0.04506523 0.07532265 0.02064183
v 0.04434990 0.07514138 0.01956770
v 0.04537694 0.07560801 0.01975001
v 0.03741601 0.07143531 0.03114942
v 0.03800235 0.07164756 0.03048612
v 0.03833325 0.07171297 0.03192201
v 0.04096620 0.07293058 0.02811701
v 0.03981620 0.07250938 0.02779301
v 0.04011391 0.07265084 0.02735102
v 0.04207760 0.07344455 0.02651081
v 0.04160791 0.07336068 0.02513282
v 0.04220670 0.07374955 0.02391752
v 0.04448779 0.07523092 0.01928791
v 0.04451696 0.07525883 0.01920072
v 0.04537694 0.07560801 0.01975001
v 0.04580068 0.07648754 0.01536131
v 0.04693426 0.07703360 0.01529511
v 0.04598028 0.07665945 0.01482411
v 0.04724028 0.07731373 0.01441972
v 0.04654075 0.07719590 0.01314790
v 0.04799706 0.07849813 0.01071852
v 0.04703937 0.07801902 0.01057661
v 0.04708083 0.07808747 0.01036280
v 0.04856085 0.07938050 0.00796110
v 0.04770790 0.07912263 0.00712922
v 0.04773780 0.07926639 0.00667970
v 0.02894353 0.06882780 0.04093800
v 0.02904581 0.06881430 0.03933992
v 0.03146541 0.06950568 0.03881971
v 0.01451534 0.06653974 0.04808821
v 0.01420166 0.06641115 0.04684950
v 0.01753487 0.06683857 0.04715440
v 0.01804661 0.06681541 0.04558622
v 0.01911171 0.06707141 0.04642680
v 0.00481266 0.06578412 0.04880891
v 0.00575976 0.06580246 0.04875172
v 0.00499184 0.06588188 0.05014402
v 0.00977569 0.06614135 0.04933320
v 0.00927380 0.06601358 0.04809190
v 0.00977573 0.06614135 0.04933320
v 0.00955841 0.06603067 0.04803852
v 0.01135556 0.06622705 0.04906541
v 0.01194885 0.06617430 0.04758970
v 0.01384388 0.06637355 0.04696711
v 0.01834099 0.06686103 0.04544371
v 0.01871832 0.06691949 0.04526100
v 0.01911179 0.06707141 0.04642680
v 0.02253703 0.06751114 0.04341221
v 0.02378157 0.06770398 0.04280961
v 0.02353877 0.06773085 0.04436601
v 0.02301746 0.06758558 0.04317961
v 0.02353872 0.06773082 0.04436610
v 0.02343518 0.06770981 0.04443180
v 0.03823876 0.07167978 0.03202571
v 0.03823875 0.07167977 0.03202571
v 0.03697742 0.07127652 0.03164552
v 0.03500816 0.07054512 0.03557151
v 0.03430975 0.07031076 0.03466331
v 0.03500814 0.07054512 0.03557151
v 0.03392549 0.07017166 0.03509800
v 0.03395069 0.07017372 0.03673210
v 0.03080508 0.06930368 0.03781062
v 0.03032474 0.06917005 0.03822822
v -0.04887111 0.08033358 0.00498271
v -0.04778393 0.07953894 0.00582740
v -0.04772534 0.07926661 0.00667890
v 0.00492224 0.06588073 0.05014762
v 0.00492217 0.06588073 0.05014762
v 0.00465016 0.06578099 0.04881880
v 0.00000012 0.06580021 0.05039921
v 0.00000000 0.06569098 0.04910002
v 0.00000000 0.06580021 0.05039921
v -0.00464787 0.06579019 0.04879170
v -0.00481028 0.06579367 0.04878093
v 0.02030314 0.10196930 -0.12114979
v 0.02038968 0.10193320 -0.12117650
v 0.02029011 0.10196220 -0.12121570
v 0.02100891 0.10591971 -0.09738510
v 0.02085683 0.10596660 -0.09744970
v 0.02071263 0.10605111 -0.09727949
v 0.02070780 0.10600970 -0.09752319
v 0.02048838 0.10606691 -0.09764729
v 0.01750359 0.11075651 -0.07614019
v 0.01750386 0.11076121 -0.07611320
v 0.02053560 0.10976651 -0.07612309
v 0.01956621 0.10655971 -0.09666140
v 0.01956566 0.10655350 -0.09669769
v 0.01726238 0.10647620 -0.10072009
v 0.01956864 0.10660141 -0.09642170
v 0.01956558 0.10655270 -0.09670239
v 0.01956641 0.10655080 -0.09671180
v 0.01956698 0.10654941 -0.09671830
v 0.01956810 0.10654851 -0.09672110
v 0.01959076 0.10628781 -0.09815310
v 0.01956919 0.10654770 -0.09672380
v 0.02015089 0.10615490 -0.09783830
v 0.01956962 0.10654751 -0.09672450
v 0.01958175 0.10654120 -0.09673739
v 0.01960246 0.10653241 -0.09674929
v 0.01957194 0.10654610 -0.09672779
v 0.01957331 0.10654531 -0.09672979
v 0.01957873 0.10654271 -0.09673469
v 0.02015912 0.10629760 -0.09701640
v 0.02049218 0.10614930 -0.09717469
v 0.01956780 0.10629210 -0.09817089
v 0.01956527 0.10629251 -0.09817289
v 0.01956062 0.10629300 -0.09817880
v 0.01955261 0.10629220 -0.09819790
v 0.01955148 0.10629161 -0.09820329
v 0.01955774 0.10629330 -0.09818249
v 0.01955591 0.10629320 -0.09818620
v 0.01955442 0.10629310 -0.09818930
v 0.01955110 0.10629030 -0.09821110
v 0.01954936 0.10628451 -0.09824729
v 0.01954694 0.10624300 -0.09848609
v 0.01953443 0.10600551 -0.09985099
v 0.02046753 0.10562980 -0.10016340
v 0.02046246 0.10552150 -0.10078810
v 0.02049200 0.10562001 -0.10017160
v 0.02143876 0.10520011 -0.10048109
v 0.02140130 0.10515651 -0.10080839
v 0.02143690 0.10514310 -0.10080670
v 0.02356387 0.10416411 -0.10085479
v 0.02143688 0.10514271 -0.10080920
v 0.02144114 0.10523651 -0.10027049
v 0.02143864 0.10524211 -0.10024490
v 0.02142506 0.10547220 -0.09897850
v 0.02143843 0.10524221 -0.10024429
v 0.02143462 0.10524570 -0.10023370
v 0.02143451 0.10524580 -0.10023339
v 0.02142937 0.10524920 -0.10022560
v 0.02142596 0.10525151 -0.10022039
v 0.02142134 0.10525421 -0.10021620
v 0.02141265 0.10525911 -0.10020820
v 0.02141089 0.10526011 -0.10020649
v 0.02095972 0.10546470 -0.10005859
v 0.02096920 0.10561731 -0.09917750
v 0.02117444 0.10536880 -0.10012699
v 0.02118597 0.10554901 -0.09908529
v 0.02138855 0.10527121 -0.10019500
v 0.02140209 0.10547890 -0.09899299
v 0.02142503 0.10547220 -0.09897860
v 0.02143343 0.10547040 -0.09896969
v 0.02144075 0.10546881 -0.09896189
v 0.02144216 0.10546860 -0.09895950
v 0.02144801 0.10546801 -0.09894970
v 0.02144935 0.10546791 -0.09894740
v 0.02145167 0.10546821 -0.09894009
v 0.02145301 0.10546840 -0.09893589
v 0.02145556 0.10547130 -0.09891369
v 0.02145764 0.10550831 -0.09870050
v 0.02048666 0.10602560 -0.09789039
v 0.02052159 0.10601690 -0.09787019
v 0.02146145 0.10560421 -0.09815109
v 0.02117206 0.10583741 -0.09748989
v 0.02119692 0.10583091 -0.09747140
v 0.02120080 0.10582991 -0.09746850
v 0.02120740 0.10582870 -0.09746080
v 0.02121311 0.10582760 -0.09745419
v 0.02122041 0.10582721 -0.09743980
v 0.02122422 0.10582811 -0.09742649
v 0.02122649 0.10582860 -0.09741859
v 0.02122882 0.10583140 -0.09739740
v 0.02122920 0.10584021 -0.09734710
v 0.01953789 0.10606160 -0.09952800
v 0.02047626 0.10581031 -0.09912649
v 0.02048204 0.10593050 -0.09843589
v 0.02050328 0.10580311 -0.09911489
v 0.02050940 0.10592141 -0.09843449
v 0.02145922 0.10556521 -0.09837609
v 0.02147842 0.10587961 -0.09656010
v 0.02122653 0.10584620 -0.09731930
v 0.02122653 0.10584620 -0.09731919
v 0.02122178 0.10585031 -0.09730690
v 0.02121992 0.10585190 -0.09730209
v 0.02121591 0.10585450 -0.09729620
v 0.02120928 0.10585881 -0.09728649
v 0.02120882 0.10585911 -0.09728599
v 0.02119903 0.10586451 -0.09727740
v 0.02121465 0.10582750 -0.09745129
v 0.02121995 0.10582711 -0.09744140
v 0.02148064 0.10591851 -0.09633520
v 0.02369788 0.10838691 -0.07613169
v 0.02049927 0.10628801 -0.09638259
v 0.02064182 0.10973160 -0.07612350
v 0.02053098 0.10627740 -0.09638130
v 0.02202820 0.10927671 -0.07612800
v 0.02366085 0.10840661 -0.07613160
v 0.02014145 0.10637101 -0.09663699
v 0.02049468 0.10619260 -0.09693209
v 0.02005484 0.10640140 -0.09663459
v 0.01987417 0.10646400 -0.09662829
v 0.02119462 0.10586690 -0.09727349
v 0.02117390 0.10587720 -0.09726170
v 0.02085971 0.10611631 -0.09659899
v 0.02052643 0.10617871 -0.09694760
v 0.02049681 0.10624540 -0.09661990
v 0.02023542 0.10633841 -0.09663499
v 0.02084530 0.10584121 -0.09818159
v 0.02048355 0.10597071 -0.09819790
v 0.02022363 0.10606370 -0.09820970
v 0.02004505 0.10612281 -0.09822689
v 0.01995929 0.10615020 -0.09823790
v 0.01986629 0.10617961 -0.09824980
v 0.02097773 0.10309201 -0.11339959
v 0.02131065 0.10292460 -0.11359950
v 0.02130853 0.10286441 -0.11394310
v 0.02123646 0.10159381 -0.12126069
v 0.02163386 0.10067850 -0.12550740
v 0.02087028 0.10173391 -0.12128380
v 0.02022691 0.10113991 -0.12545230
v 0.02123910 0.10164030 -0.12099270
v 0.02334172 0.09977530 -0.12557420
v 0.02331153 0.09979126 -0.12557300
v 0.02087294 0.10178131 -0.12101080
v 0.02124820 0.10181650 -0.11997960
v 0.02050484 0.10191720 -0.12102820
v 0.02029399 0.10215081 -0.12003370
v 0.02124967 0.10184050 -0.11984129
v 0.02124634 0.10184720 -0.11981129
v 0.02124544 0.10184900 -0.11980330
v 0.02124418 0.10185010 -0.11979950
v 0.02126257 0.10204880 -0.11863969
v 0.02124062 0.10185351 -0.11978880
v 0.02124050 0.10185360 -0.11978840
v 0.02123451 0.10185760 -0.11977960
v 0.02123104 0.10185991 -0.11977450
v 0.02122705 0.10186210 -0.11977070
v 0.02120587 0.10187420 -0.11975070
v 0.02067798 0.10227000 -0.11867599
v 0.02050050 0.10223740 -0.11923269
v 0.02031094 0.10239981 -0.11869709
v 0.02030726 0.10233101 -0.11908990
v 0.02126480 0.10208790 -0.11841439
v 0.02126236 0.10219070 -0.11784120
v 0.02125284 0.10241740 -0.11658670
v 0.02126247 0.10219060 -0.11784150
v 0.02126627 0.10218721 -0.11785209
v 0.02125718 0.10219420 -0.11783340
v 0.02125375 0.10219651 -0.11782820
v 0.02124910 0.10219910 -0.11782389
v 0.02078755 0.10240790 -0.11766600
v 0.02079704 0.10256061 -0.11678520
v 0.02100222 0.10231280 -0.11773460
v 0.02101375 0.10249331 -0.11669329
v 0.02121629 0.10221611 -0.11780259
v 0.02122984 0.10242411 -0.11660119
v 0.02123866 0.10220501 -0.11781430
v 0.02124037 0.10220411 -0.11781579
v 0.02125290 0.10241740 -0.11658659
v 0.02126649 0.10218700 -0.11785270
v 0.02126143 0.10241561 -0.11657760
v 0.02126860 0.10241411 -0.11657000
v 0.02127013 0.10241391 -0.11656739
v 0.02127594 0.10241330 -0.11655760
v 0.02127722 0.10241321 -0.11655540
v 0.02127956 0.10241350 -0.11654800
v 0.02128088 0.10241370 -0.11654390
v 0.02128343 0.10241671 -0.11652169
v 0.02128551 0.10245370 -0.11630819
v 0.02058657 0.10328421 -0.11315469
v 0.02059388 0.10328000 -0.11316290
v 0.02044618 0.10333631 -0.11315240
v 0.02040269 0.10333651 -0.11324040
v 0.02045039 0.10333700 -0.11313969
v 0.02049021 0.10334350 -0.11302079
v 0.02055620 0.10330150 -0.11312050
v 0.02055633 0.10330140 -0.11312069
v 0.02062554 0.10326400 -0.11318640
v 0.02064368 0.10325521 -0.11319810
v 0.02038088 0.10333661 -0.11328450
v 0.02062397 0.10326481 -0.11318539
v 0.02033874 0.10296161 -0.11548390
v 0.02034951 0.10295900 -0.11547770
v 0.02128932 0.10254980 -0.11575889
v 0.02099981 0.10278200 -0.11509790
v 0.02102471 0.10277550 -0.11507940
v 0.02102860 0.10277450 -0.11507650
v 0.02103521 0.10277331 -0.11506880
v 0.02104093 0.10277221 -0.11506210
v 0.02104826 0.10277190 -0.11504770
v 0.02105207 0.10277280 -0.11503439
v 0.02105436 0.10277331 -0.11502639
v 0.02105668 0.10277620 -0.11500529
v 0.02105706 0.10278490 -0.11495489
v 0.02130629 0.10282531 -0.11416839
v 0.02105439 0.10279091 -0.11492720
v 0.02105438 0.10279101 -0.11492700
v 0.02104963 0.10279500 -0.11491470
v 0.02104776 0.10279661 -0.11490980
v 0.02104374 0.10279921 -0.11490390
v 0.02103709 0.10280360 -0.11489419
v 0.02103663 0.10280381 -0.11489380
v 0.02102682 0.10280920 -0.11488510
v 0.02104248 0.10277221 -0.11505920
v 0.02104780 0.10277180 -0.11504930
v 0.02087670 0.10494281 -0.10318249
v 0.02120424 0.10481881 -0.10316220
v 0.02119501 0.10466720 -0.10403779
v 0.02042575 0.10476201 -0.10514790
v 0.02044290 0.10497770 -0.10389770
v 0.02054039 0.10494310 -0.10389199
v 0.02054759 0.10506270 -0.10320190
v 0.02037561 0.10352280 -0.11224560
v 0.02036610 0.10352591 -0.11224600
v 0.02037116 0.10362941 -0.11165289
v 0.02080077 0.10359681 -0.11093800
v 0.02112824 0.10347340 -0.11091789
v 0.02111901 0.10332171 -0.11179339
v 0.02132552 0.10316700 -0.11219999
v 0.02046455 0.10359640 -0.11164750
v 0.02047176 0.10371611 -0.11095739
v 0.02085837 0.10374431 -0.10998230
v 0.02063342 0.10382741 -0.10999279
v 0.02063624 0.10387810 -0.10970120
v 0.02119308 0.10368950 -0.10955490
v 0.02117571 0.10367041 -0.10970150
v 0.02117098 0.10366520 -0.10974139
v 0.02108260 0.10365931 -0.10997140
v 0.02108416 0.10365921 -0.10996800
v 0.02113670 0.10366281 -0.10983090
v 0.02063207 0.10388280 -0.10968319
v 0.02113622 0.10376600 -0.10925039
v 0.02114167 0.10376060 -0.10926899
v 0.02117810 0.10372410 -0.10939329
v 0.02117999 0.10371971 -0.10941369
v 0.02063223 0.10388260 -0.10968390
v 0.02063373 0.10388090 -0.10969030
v 0.02063163 0.10388301 -0.10968290
v 0.02063117 0.10388321 -0.10968269
v 0.02107015 0.10381200 -0.10913749
v 0.02106424 0.10381621 -0.10912739
v 0.02063190 0.10388290 -0.10968310
v 0.02097573 0.10386700 -0.10903550
v 0.02062614 0.10388560 -0.10967990
v 0.02062336 0.10388691 -0.10967830
v 0.02062258 0.10388730 -0.10967790
v 0.02061958 0.10388871 -0.10967619
v 0.02096738 0.10387111 -0.10903010
v 0.02060980 0.10389331 -0.10967070
v 0.02085198 0.10392860 -0.10895649
v 0.02055022 0.10405311 -0.10889149
v 0.02068555 0.10400141 -0.10890139
v 0.02052661 0.10392341 -0.10967460
v 0.02069734 0.10399630 -0.10890530
v 0.02083973 0.10393400 -0.10895239
v 0.02041052 0.10410640 -0.10888119
v 0.02044332 0.10395321 -0.10967849
v 0.02039447 0.10411191 -0.10888310
v 0.02132869 0.10324031 -0.11178000
v 0.02134085 0.10343880 -0.11063380
v 0.02131324 0.10296590 -0.11336079
v 0.02132259 0.10312040 -0.11246910
v 0.02131098 0.10297220 -0.11333050
v 0.02131042 0.10297281 -0.11332850
v 0.02130686 0.10297641 -0.11331630
v 0.02130546 0.10297780 -0.11331149
v 0.02130146 0.10298060 -0.11330459
v 0.02129516 0.10298510 -0.11329390
v 0.02129494 0.10298520 -0.11329359
v 0.02128656 0.10299010 -0.11328529
v 0.02061606 0.10332120 -0.11288420
v 0.02058207 0.10333880 -0.11285620
v 0.02092886 0.10327160 -0.11249389
v 0.02056801 0.10334601 -0.11284460
v 0.02056302 0.10334910 -0.11283790
v 0.02055019 0.10335691 -0.11282049
v 0.02054734 0.10335930 -0.11281320
v 0.02053928 0.10336590 -0.11279260
v 0.02053852 0.10336721 -0.11278709
v 0.02053522 0.10337260 -0.11276320
v 0.02053121 0.10337931 -0.11273399
v 0.02053082 0.10338211 -0.11271899
v 0.02053287 0.10341700 -0.11251759
v 0.02128273 0.10299231 -0.11328149
v 0.02126108 0.10300351 -0.11326739
v 0.02093914 0.10316430 -0.11307650
v 0.02137047 0.10398730 -0.10747470
v 0.02134842 0.10367701 -0.10927369
v 0.02130250 0.10371911 -0.10914090
v 0.02127804 0.10374151 -0.10907010
v 0.02122725 0.10377630 -0.10898809
v 0.02117664 0.10381110 -0.10890640
v 0.02113798 0.10383310 -0.10886799
v 0.02106955 0.10387211 -0.10880000
v 0.02104350 0.10388691 -0.10877409
v 0.02093916 0.10393860 -0.10871080
v 0.02088244 0.10396660 -0.10867640
v 0.02079655 0.10400400 -0.10864909
v 0.02067050 0.10405890 -0.10860890
v 0.02063241 0.10407341 -0.10860640
v 0.02042051 0.10434180 -0.10753280
v 0.02041115 0.10415751 -0.10859179
v 0.02040574 0.10434671 -0.10753360
v 0.02137194 0.10401120 -0.10733650
v 0.02137608 0.10361570 -0.10955619
v 0.02135244 0.10366810 -0.10931469
v 0.02136861 0.10401790 -0.10730659
v 0.02136772 0.10401960 -0.10729860
v 0.02138483 0.10421921 -0.10613479
v 0.02136645 0.10402080 -0.10729480
v 0.02136290 0.10402421 -0.10728410
v 0.02136277 0.10402430 -0.10728379
v 0.02135680 0.10402820 -0.10727499
v 0.02135335 0.10403061 -0.10726989
v 0.02134934 0.10403280 -0.10726609
v 0.02132818 0.10404490 -0.10724609
v 0.02080035 0.10444211 -0.10617149
v 0.02062281 0.10441001 -0.10672839
v 0.02041654 0.10457880 -0.10619360
v 0.02041294 0.10451220 -0.10657330
v 0.02138706 0.10425821 -0.10590969
v 0.02127521 0.10357231 -0.11003000
v 0.02130287 0.10357090 -0.10997529
v 0.02037929 0.10379870 -0.11067990
v 0.02043740 0.10385460 -0.11024710
v 0.02039096 0.10379480 -0.11067939
v 0.02081390 0.10371830 -0.11022490
v 0.02118838 0.10357660 -0.11020150
v 0.02133765 0.10358210 -0.10983340
v 0.02136203 0.10358990 -0.10973390
v 0.02136974 0.10360411 -0.10963630
v 0.02140450 0.10458551 -0.10402430
v 0.02141666 0.10478390 -0.10287820
v 0.02129984 0.10462661 -0.10403109
v 0.02139492 0.10439840 -0.10510130
v 0.02044512 0.10475551 -0.10514709
v 0.02046690 0.10514151 -0.10292410
v 0.02068617 0.10513910 -0.10247900
v 0.02075483 0.10511590 -0.10246650
v 0.02084840 0.10508800 -0.10242239
v 0.02098644 0.10504690 -0.10235740
v 0.02099572 0.10504461 -0.10234970
v 0.02111618 0.10501510 -0.10225070
v 0.02115933 0.10500451 -0.10221519
v 0.02122075 0.10499411 -0.10213670
v 0.02127120 0.10498550 -0.10207209
v 0.02130448 0.10498391 -0.10200549
v 0.02136002 0.10498131 -0.10189430
v 0.02137104 0.10498430 -0.10185240
v 0.02141587 0.10499640 -0.10168190
v 0.02141598 0.10499660 -0.10168049
v 0.02142943 0.10502160 -0.10150900
v 0.02046176 0.10550960 -0.10085369
v 0.01952482 0.10582431 -0.10089289
v 0.01951721 0.10570041 -0.10160710
v 0.01959733 0.10560180 -0.10201750
v 0.01961720 0.10558561 -0.10207249
v 0.01950453 0.10546431 -0.10296440
v 0.01954342 0.10564750 -0.10185789
v 0.01954495 0.10564451 -0.10187249
v 0.01967230 0.10555260 -0.10215660
v 0.01971960 0.10552421 -0.10222880
v 0.01976212 0.10550300 -0.10226849
v 0.01982856 0.10546981 -0.10233070
v 0.01985320 0.10545750 -0.10235369
v 0.01995391 0.10541301 -0.10241130
v 0.02022059 0.10530381 -0.10250619
v 0.02044439 0.10514901 -0.10292500
v 0.02010173 0.10535141 -0.10247110
v 0.02001242 0.10538720 -0.10244479
v 0.02026521 0.10528740 -0.10250840
v 0.02044791 0.10522030 -0.10251759
v 0.02046925 0.10521241 -0.10251870
v 0.01943842 0.10426851 -0.10984219
v 0.01944896 0.10424901 -0.10993310
v 0.01942858 0.10411641 -0.11071949
v 0.01948197 0.10422340 -0.11001730
v 0.01952941 0.10418670 -0.11013830
v 0.01953904 0.10418120 -0.11015159
v 0.01962979 0.10412921 -0.11027769
v 0.01969910 0.10411461 -0.11023060
v 0.01976836 0.10409981 -0.11018359
v 0.01978168 0.10409730 -0.11017250
v 0.01978686 0.10409630 -0.11016830
v 0.01979094 0.10409591 -0.11016290
v 0.01979412 0.10409560 -0.11015870
v 0.01979716 0.10409571 -0.11015210
v 0.01979920 0.10409581 -0.11014770
v 0.01980083 0.10409661 -0.11014000
v 0.01980176 0.10409710 -0.11013560
v 0.01980147 0.10409851 -0.11012790
v 0.01980127 0.10409961 -0.11012260
v 0.01979893 0.10410190 -0.11011390
v 0.01979678 0.10410400 -0.11010589
v 0.02027473 0.10415171 -0.10890100
v 0.01970749 0.10416640 -0.10992219
v 0.01967562 0.10418870 -0.10985600
v 0.01966588 0.10420380 -0.10978920
v 0.01964512 0.10423581 -0.10964700
v 0.01964435 0.10423700 -0.10964169
v 0.01964385 0.10424480 -0.10959869
v 0.01966408 0.10426181 -0.10946470
v 0.01967458 0.10427060 -0.10939520
v 0.02002499 0.10421351 -0.10904849
v 0.01970318 0.10427340 -0.10932620
v 0.01973477 0.10427640 -0.10924989
v 0.02013294 0.10419461 -0.10894110
v 0.02006994 0.10421370 -0.10895889
v 0.01977410 0.10427280 -0.10919580
v 0.01981989 0.10426861 -0.10913279
v 0.01987508 0.10425831 -0.10908470
v 0.01993247 0.10424771 -0.10903469
v 0.01999741 0.10423170 -0.10899879
v 0.01978599 0.10411130 -0.11008529
v 0.01979397 0.10410591 -0.11010060
v 0.02029744 0.10414480 -0.10889460
v 0.01941614 0.10391330 -0.11188910
v 0.01941287 0.10431570 -0.10962179
v 0.01941324 0.10384401 -0.11228560
v 0.01953159 0.10387700 -0.11188330
v 0.01940723 0.10374601 -0.11285000
v 0.01943637 0.10369140 -0.11310510
v 0.01939620 0.10354081 -0.11402859
v 0.01944492 0.10367550 -0.11317990
v 0.01946292 0.10366140 -0.11322659
v 0.01949917 0.10363301 -0.11332060
v 0.01951323 0.10362500 -0.11334019
v 0.01957063 0.10359211 -0.11341999
v 0.01958847 0.10358361 -0.11343499
v 0.01963459 0.10356160 -0.11347360
v 0.01963700 0.10356041 -0.11347569
v 0.01968848 0.10353881 -0.11350100
v 0.01972441 0.10352370 -0.11351870
v 0.01974495 0.10351610 -0.11352279
v 0.01980617 0.10349331 -0.11353489
v 0.01984839 0.10347761 -0.11354330
v 0.02035139 0.10322220 -0.11398890
v 0.01993236 0.10344861 -0.11354559
v 0.02004306 0.10341411 -0.11352400
v 0.02008676 0.10340040 -0.11351550
v 0.02013089 0.10338840 -0.11349530
v 0.02020119 0.10336940 -0.11346319
v 0.02021766 0.10336580 -0.11345019
v 0.02028607 0.10335090 -0.11339660
v 0.02029736 0.10334851 -0.11338769
v 0.02034663 0.10334150 -0.11332679
v 0.02035713 0.10334000 -0.11331379
v 0.02035858 0.10321981 -0.11398860
v 0.02027652 0.10378480 -0.11096870
v 0.02026930 0.10366501 -0.11165870
v 0.01996692 0.10389030 -0.11098570
v 0.01964687 0.10384021 -0.11187750
v 0.01965608 0.10399231 -0.11100200
v 0.01973194 0.10534000 -0.10324670
v 0.02004285 0.10523761 -0.10323030
v 0.01972273 0.10518811 -0.10412230
v 0.02035250 0.10513160 -0.10321319
v 0.02034528 0.10501191 -0.10390330
v 0.01948275 0.10507801 -0.10518730
v 0.01949209 0.10526140 -0.10413389
v 0.01960750 0.10522500 -0.10412809
v 0.01947955 0.10502701 -0.10548140
v 0.01939377 0.10349910 -0.11426840
v 0.01939324 0.10349290 -0.11430459
v 0.01939316 0.10349190 -0.11431030
v 0.01937692 0.10322361 -0.11585420
v 0.01937450 0.10318200 -0.11609309
v 0.01941837 0.10322700 -0.11575990
v 0.01939748 0.10323111 -0.11577450
v 0.01939455 0.10348880 -0.11432539
v 0.01939559 0.10348790 -0.11432809
v 0.01939676 0.10348700 -0.11433110
v 0.01997845 0.10309591 -0.11544540
v 0.01939707 0.10348691 -0.11433160
v 0.01939945 0.10348550 -0.11433509
v 0.01940098 0.10348460 -0.11433729
v 0.02034040 0.10300280 -0.11524080
v 0.01940628 0.10348201 -0.11434219
v 0.01940877 0.10348080 -0.11434449
v 0.01943007 0.10347191 -0.11435640
v 0.01998669 0.10323871 -0.11462379
v 0.01939484 0.10323140 -0.11577720
v 0.01938865 0.10323230 -0.11578370
v 0.01938766 0.10323230 -0.11578529
v 0.01938334 0.10323240 -0.11579249
v 0.01938318 0.10323240 -0.11579300
v 0.01938054 0.10323170 -0.11580160
v 0.01939393 0.10349010 -0.11431869
v 0.01937726 0.10322661 -0.11583659
v 0.01938022 0.10323121 -0.11580499
v 0.01937898 0.10322931 -0.11581829
v 0.01936546 0.10300030 -0.11713479
v 0.02032825 0.10274560 -0.11672329
v 0.02033403 0.10286441 -0.11604220
v 0.02033088 0.10274491 -0.11672220
v 0.02033698 0.10286341 -0.11604200
v 0.02128709 0.10251060 -0.11598430
v 0.01935241 0.10276250 -0.11849960
v 0.01936200 0.10294410 -0.11745779
v 0.02031350 0.10244281 -0.11845979
v 0.02031930 0.10256151 -0.11777890
v 0.02031477 0.10244230 -0.11845970
v 0.02031959 0.10256141 -0.11777900
v 0.02126662 0.10214490 -0.11808929
v 0.02126900 0.10218151 -0.11787829
v 0.01935080 0.10273561 -0.11865449
v 0.01935281 0.10272921 -0.11868690
v 0.01935345 0.10272721 -0.11869700
v 0.01933835 0.10252961 -0.11983929
v 0.01935406 0.10272670 -0.11869889
v 0.01935746 0.10272381 -0.11870910
v 0.01935765 0.10272361 -0.11870970
v 0.01936303 0.10272050 -0.11871750
v 0.01936373 0.10272011 -0.11871850
v 0.01933558 0.10248640 -0.12008799
v 0.01947526 0.10490430 -0.10618290
v 0.01947590 0.10490220 -0.10619310
v 0.01946079 0.10470501 -0.10733540
v 0.01947650 0.10490171 -0.10619490
v 0.01947990 0.10489881 -0.10620509
v 0.01948009 0.10489870 -0.10620570
v 0.01948546 0.10489551 -0.10621350
v 0.01948614 0.10489521 -0.10621449
v 0.01947324 0.10491060 -0.10615049
v 0.01947485 0.10493750 -0.10599569
v 0.02041897 0.10462130 -0.10595620
v 0.02042338 0.10471270 -0.10543100
v 0.02043724 0.10461520 -0.10595550
v 0.02044205 0.10470650 -0.10542999
v 0.02139198 0.10435161 -0.10537179
v 0.02001195 0.10428171 -0.10868679
v 0.01987807 0.10431740 -0.10874609
v 0.01945801 0.10466180 -0.10758410
v 0.02039689 0.10416221 -0.10859410
v 0.02018048 0.10423301 -0.10862989
v 0.02011665 0.10425380 -0.10864039
v 0.01984338 0.10432431 -0.10877299
v 0.01972077 0.10434861 -0.10886810
v 0.01970170 0.10435241 -0.10888290
v 0.01962057 0.10436110 -0.10898429
v 0.01957230 0.10436631 -0.10904460
v 0.01953653 0.10436520 -0.10911659
v 0.01948276 0.10436351 -0.10922479
v 0.01947023 0.10435891 -0.10927349
v 0.01942702 0.10434301 -0.10944169
v 0.01942648 0.10434201 -0.10944870
v 0.02036699 0.10363090 -0.11165310
v 0.02043636 0.10498001 -0.10389799
v 0.01933403 0.10243390 -0.12038720
v 0.01933148 0.10238920 -0.12064439
v 0.01702090 0.10219121 -0.12532679
v 0.02029204 0.10201371 -0.12091209
v 0.01992115 0.10218200 -0.12070970
v 0.01935501 0.10237091 -0.12070489
v 0.01936576 0.10236590 -0.12071409
v 0.01934994 0.10219040 -0.12173390
v 0.01936631 0.10236561 -0.12071440
v 0.01939518 0.10235321 -0.12073219
v 0.01938475 0.10218361 -0.12170889
v 0.02022218 0.10198191 -0.12124260
v 0.02005950 0.10202530 -0.12132280
v 0.01972943 0.10221431 -0.12089540
v 0.01972267 0.10210670 -0.12151590
v 0.01935716 0.10218901 -0.12172870
v 0.01934841 0.10237401 -0.12069929
v 0.01933546 0.10219211 -0.12175020
v 0.01933349 0.10219240 -0.12175239
v 0.01934008 0.10237880 -0.12068750
v 0.01934572 0.10237561 -0.12069549
v 0.01932476 0.10219240 -0.12176820
v 0.01932855 0.10219240 -0.12176130
v 0.01932360 0.10219201 -0.12177270
v 0.01932085 0.10219101 -0.12178320
v 0.01933467 0.10238301 -0.12067349
v 0.01933471 0.10238290 -0.12067390
v 0.01933919 0.10237951 -0.12068519
v 0.02012457 0.10117341 -0.12544830
v 0.02028774 0.10192121 -0.12144270
v 0.02050217 0.10186901 -0.12130589
v 0.01931903 0.10218841 -0.12180119
v 0.01931648 0.10214341 -0.12205980
v 0.01991108 0.10201301 -0.12168310
v 0.02048718 0.10550110 -0.10085260
v 0.02006262 0.10207130 -0.12105720
v 0.02022345 0.10200241 -0.12112429
v 0.02029074 0.10197451 -0.12114579
v 0.01937180 0.10271631 -0.11872560
v 0.01939500 0.10270521 -0.11874609
v 0.01992987 0.10233751 -0.11981559
v 0.02012488 0.10236561 -0.11927400
v 0.02030160 0.10220771 -0.11979919
v 0.02030460 0.10227650 -0.11940289
v 0.02051693 0.10213241 -0.11978979
v 0.02085047 0.10200580 -0.11979449
v 0.01979050 0.10258150 -0.11870799
v 0.01993952 0.10253000 -0.11871150
v 0.02008855 0.10247851 -0.11870979
v 0.02034403 0.10308081 -0.11479379
v 0.02054022 0.10299401 -0.11488720
v 0.02053538 0.10295260 -0.11513060
v 0.02075841 0.10289801 -0.11496760
v 0.02083605 0.10286390 -0.11499290
v 0.02068419 0.10291011 -0.11505729
v 0.02068671 0.10292920 -0.11494420
v 0.01996925 0.10331200 -0.11424440
v 0.02034663 0.10312430 -0.11455119
v 0.01988277 0.10334211 -0.11424189
v 0.01970239 0.10340410 -0.11423559
v 0.02102243 0.10281160 -0.11488119
v 0.02100165 0.10282181 -0.11486940
v 0.02068742 0.10305980 -0.11420680
v 0.02035436 0.10312091 -0.11455499
v 0.02034877 0.10317910 -0.11422610
v 0.02006308 0.10327981 -0.11424240
v 0.02067301 0.10278451 -0.11578900
v 0.02033541 0.10290410 -0.11580409
v 0.02005129 0.10300480 -0.11581680
v 0.01987297 0.10306321 -0.11583389
v 0.01978734 0.10309031 -0.11584480
v 0.01969448 0.10311940 -0.11585670
v 0.01949424 0.10489130 -0.10622169
v 0.01951742 0.10488021 -0.10624209
v 0.02005233 0.10451160 -0.10731149
v 0.02024751 0.10453911 -0.10676989
v 0.02040727 0.10438681 -0.10729580
v 0.02041041 0.10445791 -0.10688659
v 0.02063932 0.10430510 -0.10728550
v 0.02097321 0.10417750 -0.10729010
v 0.01991269 0.10475580 -0.10620379
v 0.02006182 0.10470391 -0.10620730
v 0.02021094 0.10465201 -0.10620550
v 0.02898237 0.09619398 -0.12579510
v 0.02633542 0.09810663 -0.12569140
v 0.02909987 0.10052021 -0.10095939
v 0.02646872 0.10246590 -0.10091389
v 0.02921713 0.10483770 -0.07617359
v 0.02122393 0.10328120 -0.11178680
v 0.02589403 0.09842559 -0.12567419
v 0.02630437 0.09812907 -0.12569020
v 0.02620546 0.10705040 -0.07613720
v 0.02660217 0.10676011 -0.07613540
v 0.02662384 0.10674431 -0.07613529
v 0.02921737 0.10484630 -0.07612379
v -0.01432663 0.09558825 -0.15765460
v -0.01457344 0.09545624 -0.15806660
v -0.01498248 0.09627498 -0.15382250
v -0.01426697 0.09808712 -0.14534250
v -0.01236580 0.09822368 -0.14616890
v -0.01549188 0.09774109 -0.14614270
v -0.00785029 0.09891176 -0.14623510
v -0.00792906 0.09890548 -0.14620310
v -0.00552885 0.09926807 -0.14622130
v -0.01073751 0.09834063 -0.14687680
v -0.01507798 0.09654532 -0.15240780
v -0.01547911 0.09768081 -0.14646560
v -0.00719985 0.09860860 -0.14841680
v -0.00604899 0.09841629 -0.15044900
v -0.00571872 0.09858947 -0.14980060
v -0.00558352 0.09869635 -0.14933790
v -0.00720005 0.09878721 -0.14745460
v -0.00552870 0.09888788 -0.14834160
v -0.00720025 0.09896390 -0.14650000
v -0.01426556 0.09901745 -0.14049120
v -0.01584868 0.09942479 -0.13712370
v -0.00807650 0.10075981 -0.13594719
v -0.00720180 0.10088241 -0.13596630
v -0.00720150 0.10040101 -0.13863880
v -0.00848516 0.09886124 -0.14597660
v -0.00848548 0.09913466 -0.14450599
v -0.00848577 0.09940687 -0.14303480
v -0.00785094 0.09954529 -0.14280400
v -0.00720095 0.09968663 -0.14256750
v -0.00720122 0.10002080 -0.14073480
v -0.00856883 0.10037121 -0.13770189
v -0.00991949 0.10034330 -0.13677680
v -0.00943137 0.10049031 -0.13635620
v -0.00893489 0.10063940 -0.13592840
v -0.00720188 0.10104310 -0.13507010
v -0.00552974 0.10152000 -0.13366250
v -0.00720196 0.10120340 -0.13417370
v -0.01073445 0.10071531 -0.13407990
v -0.01590886 0.10005690 -0.13357920
v -0.01426456 0.09989251 -0.13581160
v -0.01426441 0.10006061 -0.13489910
v -0.01426427 0.10022790 -0.13398620
v -0.01276259 0.10010290 -0.13584450
v -0.01129398 0.10030871 -0.13587670
v -0.01276890 0.09986899 -0.13711039
v -0.01426506 0.09941855 -0.13836110
v -0.01426530 0.09922017 -0.13941780
v -0.00928711 0.09996337 -0.13936139
v -0.00726125 0.10001030 -0.14074370
v -0.01075445 0.09923530 -0.14211840
v -0.01132038 0.09992038 -0.13797460
v -0.01278310 0.09947442 -0.13922490
v -0.01426639 0.09844358 -0.14349790
v -0.01426667 0.09826574 -0.14442040
v -0.01426399 0.10062641 -0.13179509
v -0.01426390 0.10079110 -0.13088229
v -0.01604928 0.10153161 -0.12530929
v -0.01427365 0.10201510 -0.12396910
v -0.01427376 0.10137150 -0.12762600
v -0.01219820 0.10213530 -0.12493820
v -0.01219938 0.10181601 -0.12675590
v -0.01014845 0.10225441 -0.12589529
v -0.01073436 0.10127330 -0.13097500
v -0.01427389 0.10102121 -0.12959250
v -0.01427382 0.10119710 -0.12860760
v -0.01073932 0.10283911 -0.12208400
v -0.01427361 0.10236181 -0.12199220
v -0.01426348 0.10256391 -0.12084790
v -0.01426343 0.10304110 -0.11812719
v -0.01621465 0.10447410 -0.10841479
v -0.01427363 0.10218811 -0.12298240
v -0.01212738 0.10348740 -0.11727749
v -0.01147090 0.10357641 -0.11729139
v -0.01147093 0.10329220 -0.11891369
v -0.00720240 0.10331681 -0.12217579
v -0.01352364 0.10266440 -0.12086360
v -0.01278116 0.10276520 -0.12087939
v -0.01278124 0.10339881 -0.11726370
v -0.01278120 0.10308371 -0.11906190
v -0.01147095 0.10300470 -0.12055529
v -0.01073763 0.10310431 -0.12057090
v -0.01000168 0.10320421 -0.12058650
v -0.01000171 0.10349151 -0.11894490
v -0.00865821 0.10363350 -0.11920300
v -0.00865823 0.10330620 -0.12107440
v -0.01000173 0.10377540 -0.11732249
v -0.00933127 0.10386631 -0.11733680
v -0.00865819 0.10395750 -0.11735099
v -0.01426410 0.10046100 -0.13270780
v -0.01073440 0.10094900 -0.13278399
v -0.00720206 0.10143750 -0.13286039
v -0.00720212 0.10159691 -0.13196410
v -0.00720217 0.10175590 -0.13106770
v -0.01073938 0.10150541 -0.12966810
v -0.00720224 0.10199010 -0.12974389
v -0.00553008 0.10237391 -0.12890030
v -0.00720227 0.10213010 -0.12895010
v -0.00720230 0.10226990 -0.12815629
v -0.00789957 0.10255980 -0.12594850
v -0.00789958 0.10266221 -0.12536300
v -0.00720238 0.10303590 -0.12378329
v -0.00789956 0.10245720 -0.12653399
v -0.00977116 0.10206151 -0.12729359
v -0.00942650 0.10196881 -0.12809350
v -0.01159166 0.10167580 -0.12803230
v -0.00942650 0.10273330 -0.12373599
v -0.00977103 0.10254890 -0.12451489
v -0.01159130 0.10243891 -0.12369000
v -0.00720239 0.10317630 -0.12297960
v -0.01426324 0.10474070 -0.10843559
v -0.01426325 0.10461541 -0.10914999
v -0.00793164 0.10340490 -0.12108979
v -0.00720241 0.10350390 -0.12110530
v -0.00720244 0.10398601 -0.11834710
v -0.00720247 0.10446811 -0.11558900
v -0.01073423 0.10399290 -0.11549769
v -0.01426338 0.10351821 -0.11540640
v -0.01073768 0.10483631 -0.11067759
v -0.00720251 0.10505871 -0.11220950
v -0.00552569 0.10577440 -0.10944369
v -0.00720252 0.10522670 -0.11124800
v -0.00720253 0.10539341 -0.11029440
v -0.00552549 0.10593420 -0.10852850
v -0.00785261 0.10534930 -0.11003109
v -0.01426313 0.10565710 -0.10320990
v -0.01426316 0.10546891 -0.10428259
v -0.01426300 0.10683541 -0.09649020
v -0.01646106 0.10885840 -0.08324220
v -0.01000697 0.10770031 -0.09489079
v -0.01211641 0.10742010 -0.09483689
v -0.01212169 0.10768850 -0.09330050
v -0.01426297 0.10713491 -0.09478210
v -0.01426291 0.10767701 -0.09169030
v -0.01426299 0.10698510 -0.09563620
v -0.01426305 0.10645051 -0.09868519
v -0.01426306 0.10629050 -0.09959779
v -0.00848774 0.10556421 -0.10829890
v -0.00848776 0.10582220 -0.10682389
v -0.00785259 0.10595070 -0.10659140
v -0.00848774 0.10556421 -0.10829890
v -0.00552549 0.10593420 -0.10852850
v -0.00848774 0.10552961 -0.10849699
v -0.00848772 0.10530630 -0.10977389
v -0.00720260 0.10640240 -0.10452119
v -0.00720262 0.10676931 -0.10242179
v -0.00785259 0.10595070 -0.10659140
v -0.00720258 0.10608220 -0.10635339
v -0.00893533 0.10700470 -0.09970939
v -0.00943250 0.10686110 -0.10013870
v -0.00857043 0.10674431 -0.10148559
v -0.00992148 0.10671991 -0.10056089
v -0.00807709 0.10711970 -0.09972729
v -0.00720265 0.10723700 -0.09974560
v -0.00720266 0.10739361 -0.09884939
v -0.00720267 0.10755021 -0.09795320
v -0.00720275 0.10874540 -0.09111399
v -0.00720274 0.10859820 -0.09195649
v -0.00720270 0.10805520 -0.09506370
v -0.00933347 0.10831391 -0.09191200
v -0.00932718 0.10804490 -0.09345489
v -0.01142226 0.10803521 -0.09186850
v -0.00998564 0.10972580 -0.08333219
v -0.01073776 0.10957100 -0.08363049
v -0.01426278 0.10884511 -0.08502859
v -0.01426280 0.10868330 -0.08595100
v -0.01426282 0.10852160 -0.08687350
v -0.00720276 0.10895231 -0.08993069
v -0.00720275 0.10889271 -0.09027160
v -0.01073758 0.10873620 -0.08839999
v -0.01073411 0.10842480 -0.09018170
v -0.01426288 0.10795730 -0.09009179
v -0.01426289 0.10781671 -0.09089349
v -0.01426303 0.10661050 -0.09777250
v -0.01073414 0.10708021 -0.09786279
v -0.01073414 0.10730761 -0.09656399
v -0.00720268 0.10778010 -0.09663780
v -0.00720269 0.10791810 -0.09584829
v -0.01426313 0.10565710 -0.10320990
v -0.01426311 0.10584221 -0.10215429
v -0.01276609 0.10626880 -0.10089810
v -0.01276018 0.10649190 -0.09962919
v -0.01129074 0.10668891 -0.09966000
v -0.00785286 0.10924390 -0.08775300
v -0.00848800 0.10920201 -0.08749600
v -0.00848802 0.10946000 -0.08602090
v -0.00848804 0.10971791 -0.08454570
v -0.00785284 0.10984530 -0.08431300
v -0.00720278 0.10928691 -0.08801600
v -0.00720282 0.10997561 -0.08407479
v -0.00551976 0.11032421 -0.08339379
v -0.00720277 0.10912021 -0.08896940
v -0.00552136 0.10917270 -0.08998669
v -0.00928621 0.10635501 -0.10314689
v -0.00725894 0.10639331 -0.10452890
v -0.01075085 0.10566871 -0.10591270
v -0.01132059 0.10631711 -0.10176019
v -0.01278168 0.10589611 -0.10301269
v -0.01426322 0.10493901 -0.10730459
v -0.01426323 0.10477720 -0.10822729
v -0.00720283 0.11009871 -0.08337040
v -0.00720283 0.11013621 -0.08315559
v -0.00720284 0.11029831 -0.08222839
v -0.01653087 0.11010051 -0.07611079
v -0.01657819 0.11094201 -0.07127659
v -0.01426260 0.11047690 -0.07572120
v -0.01426263 0.11020671 -0.07726240
v -0.01426266 0.10993320 -0.07882220
v -0.01417392 0.10978270 -0.07974940
v -0.01400774 0.10970820 -0.08030349
v -0.01326271 0.10963560 -0.08129660
v -0.01304075 0.10964030 -0.08144219
v -0.01374168 0.10965731 -0.08080059
v -0.01362488 0.10964631 -0.08095390
v -0.01254082 0.10967190 -0.08165060
v -0.01238289 0.10968641 -0.08169059
v -0.01178309 0.10975611 -0.08175970
v -0.01105961 0.10986531 -0.08169909
v -0.01077229 0.10991761 -0.08162379
v -0.01029819 0.11002000 -0.08140789
v -0.01011719 0.11006650 -0.08128300
v -0.00974189 0.11018251 -0.08091200
v -0.00961921 0.11022911 -0.08074110
v -0.00952368 0.11027051 -0.08057919
v -0.00837618 0.11029770 -0.08131709
v -0.01201224 0.11148820 -0.07168940
v -0.01123984 0.11159011 -0.07170530
v -0.01123986 0.11132331 -0.07322999
v -0.01426250 0.11136061 -0.07068400
v -0.01426255 0.11106031 -0.07239219
v -0.01426259 0.11060760 -0.07497529
v -0.01352359 0.11070530 -0.07499049
v -0.01278209 0.11138671 -0.07167359
v -0.01278206 0.11109671 -0.07333009
v -0.01278203 0.11080321 -0.07500579
v -0.01123988 0.11105311 -0.07477400
v -0.00720284 0.11032560 -0.08207179
v -0.00720285 0.11050470 -0.08104710
v -0.00720287 0.11068171 -0.08003410
v -0.00819056 0.11064090 -0.07949850
v -0.00916559 0.11060071 -0.07896980
v -0.00916560 0.11071641 -0.07830850
v -0.00916561 0.11083140 -0.07765089
v -0.00819536 0.11095981 -0.07767100
v -0.00720289 0.11109111 -0.07769149
v -0.01073404 0.11094040 -0.07581030
v -0.01050776 0.11114981 -0.07478909
v -0.00720291 0.11140430 -0.07589950
v -0.00977308 0.11124691 -0.07480419
v -0.00977312 0.11178351 -0.07173559
v -0.00849914 0.11195151 -0.07176179
v -0.00977310 0.11151690 -0.07326019
v -0.00720295 0.11212250 -0.07178849
v -0.00551669 0.11251990 -0.07082150
v -0.00720290 0.11124771 -0.07679550
v -0.00720296 0.11227910 -0.07089250
v -0.00720296 0.11229621 -0.07079490
v -0.00551662 0.11257091 -0.07052969
v -0.00551745 0.11261161 -0.07029659
v -0.00720298 0.11243631 -0.06999670
v -0.00560171 0.11273511 -0.06952870
v -0.01050170 0.11299711 -0.06454229
v -0.00687042 0.11290761 -0.06758680
v -0.01073400 0.11197430 -0.06990789
v -0.00620097 0.11287961 -0.06825190
v -0.00580283 0.11281321 -0.06893150
v -0.01673085 0.11216920 -0.06442089
v -0.01426247 0.11151271 -0.06981910
v -0.01658542 0.11106971 -0.07054310
v -0.01658440 0.11105160 -0.07064720
v -0.01708019 0.11320391 -0.05885629
v -0.01701378 0.11319311 -0.05895249
v -0.01674655 0.11228801 -0.06375990
v -0.01645805 0.11314601 -0.05954589
v -0.01633226 0.11314071 -0.05965409
v -0.00650707 0.09824370 -0.15097660
v -0.00680581 0.09814730 -0.15123120
v -0.00830819 0.09764361 -0.15248980
v -0.01371498 0.09583089 -0.15701930
v -0.01678569 0.11036330 -0.07611149
v -0.01703649 0.11062201 -0.07611219
v -0.01703675 0.11062671 -0.07608520
v -0.01678368 0.11036120 -0.07611149
v -0.01653087 0.11010051 -0.07611079
v -0.01706074 0.11104821 -0.07366639
v -0.01657819 0.11094201 -0.07127659
v -0.01708517 0.11146991 -0.07124749
v -0.01658440 0.11105160 -0.07064720
v -0.01686626 0.11261580 -0.06200239
v -0.01674655 0.11228801 -0.06375990
v -0.01720636 0.11257451 -0.06496859
v -0.01673085 0.11216920 -0.06442089
v -0.01717284 0.11226890 -0.06670530
v -0.01667676 0.11176021 -0.06669810
v -0.01658542 0.11106971 -0.07054310
v -0.01580537 0.11211061 -0.05798429
v -0.01580317 0.11210691 -0.05799969
v -0.01638348 0.11264161 -0.05799659
v -0.01699382 0.11320391 -0.05799339
v -0.01777833 0.11394980 -0.05733489
v -0.01700064 0.11320930 -0.05800010
v -0.01701036 0.11321680 -0.05801510
v -0.01702410 0.11322620 -0.05804919
v -0.01706632 0.11324721 -0.05824070
v -0.01770092 0.11382030 -0.05804820
v -0.01704499 0.11323691 -0.05814109
v -0.01702673 0.11322800 -0.05805569
v -0.01707366 0.11324270 -0.05835929
v -0.01707973 0.11323900 -0.05845719
v -0.01708111 0.11323820 -0.05847939
v -0.01708874 0.11323350 -0.05860249
v -0.01709333 0.11323070 -0.05867669
v -0.01747698 0.11344571 -0.06011180
v -0.01708057 0.11320291 -0.05885609
v -0.01737113 0.11310490 -0.06201150
v -0.01734782 0.11302990 -0.06242979
v -0.01589177 0.11225191 -0.05729589
v -0.01610318 0.11259751 -0.05561189
v -0.01792774 0.11419980 -0.05595809
v -0.01622710 0.11273730 -0.05493380
v -0.01832320 0.11461110 -0.05370550
v -0.01664245 0.11320581 -0.05266110
v -0.01849991 0.11479490 -0.05269889
v -0.01677935 0.11336030 -0.05191189
v -0.01858812 0.11488660 -0.05219639
v -0.01686666 0.11345881 -0.05143420
v -0.01928149 0.11539461 -0.04941679
v -0.01772804 0.11414911 -0.04809159
v -0.01915402 0.11507290 -0.04361059
v -0.01839022 0.11459000 -0.04595339
v -0.01960829 0.11562810 -0.04813859
v -0.01957132 0.11560701 -0.04825489
v -0.01785976 0.11425461 -0.04758050
v -0.02054739 0.11616401 -0.04518469
v -0.02103168 0.11644031 -0.04366140
v -0.01962120 0.11536821 -0.04217759
v -0.02109646 0.11647731 -0.04345770
v -0.02072802 0.11598131 -0.03917570
v -0.02263445 0.11722420 -0.03923730
v -0.02131339 0.11630550 -0.03758810
v -0.02351225 0.11765040 -0.03682850
v -0.02269111 0.11706861 -0.03385139
v -0.02403563 0.11790461 -0.03539230
v -0.02400097 0.11776481 -0.03034219
v -0.02591056 0.11872351 -0.03039770
v -0.02560266 0.11861631 -0.02605119
v -0.02661831 0.11903271 -0.02851229
v -0.02787373 0.11958101 -0.02516799
v -0.02677560 0.11923971 -0.02290879
v -0.02815727 0.11970260 -0.02434840
v -0.02724605 0.11950821 -0.02149180
v -0.02913655 0.12012230 -0.02151759
v -0.02806874 0.11997761 -0.01901389
v -0.02960442 0.12032290 -0.02016520
v -0.02835774 0.12014251 -0.01814349
v -0.02990603 0.12045211 -0.01929339
v -0.02866915 0.12034941 -0.01699470
v -0.03056093 0.12076600 -0.01700449
v -0.02952574 0.12091851 -0.01383459
v -0.03275323 0.12236251 -0.00414559
v -0.03074544 0.12208440 -0.00638109
v -0.03086191 0.12091021 -0.01595249
v -0.03111923 0.12103361 -0.01505320
v -0.02968944 0.12105540 -0.01300989
v -0.03169563 0.12137250 -0.01240589
v -0.02980804 0.12115451 -0.01241239
v -0.03185066 0.12146361 -0.01169389
v -0.03032540 0.12158720 -0.00980610
v -0.03201980 0.12156311 -0.01091709
v -0.03057837 0.12188671 -0.00774329
v -0.03247567 0.12194671 -0.00773299
v -0.03058024 0.12188891 -0.00772810
v -0.03252587 0.12198891 -0.00738229
v -0.03253562 0.12199711 -0.00731419
v -0.01278874 0.09417099 -0.15795560
v -0.01279191 0.09416977 -0.15795830
v -0.01310474 0.09489365 -0.15762050
v -0.01278555 0.09417219 -0.15795290
v -0.01259345 0.09424475 -0.15779090
v -0.01341534 0.09561239 -0.15728520
v -0.00995536 0.09527926 -0.15556580
v -0.00996492 0.09677620 -0.15439160
v -0.00941015 0.09546167 -0.15510640
v -0.00651447 0.09794001 -0.15149800
v -0.00599597 0.09660392 -0.15222930
v -0.00598879 0.09660605 -0.15222320
v -0.00622057 0.09802723 -0.15121110
v -0.00532502 0.09681775 -0.15152800
v -0.00587695 0.09812919 -0.15087560
v -0.00524038 0.09684475 -0.15143930
v -0.00586770 0.09813193 -0.15086660
v -0.00523536 0.09684636 -0.15143410
v -0.00569804 0.09818227 -0.15070090
v -0.00480440 0.09702497 -0.15072460
v -0.00558943 0.09822986 -0.15050540
v -0.00467075 0.09708036 -0.15050460
v -0.00536922 0.09832628 -0.15010880
v -0.00466806 0.09708146 -0.15050010
v -0.00536093 0.09832992 -0.15009390
v -0.00444169 0.09722513 -0.14983700
v -0.00529606 0.09835833 -0.14997709
v -0.00520308 0.09842707 -0.14965160
v -0.00431517 0.09730543 -0.14946650
v -0.00508388 0.09851516 -0.14923430
v -0.00431430 0.09730598 -0.14946390
v -0.00507930 0.09851854 -0.14921830
v -0.00425083 0.09741417 -0.14889610
v -0.00507841 0.09852273 -0.14919680
v -0.00419228 0.09751394 -0.14837250
v -0.00504795 0.09866449 -0.14846640
v -0.00505074 0.09869603 -0.14830600
v -0.00419376 0.10438630 -0.10941340
v -0.00419346 0.10301350 -0.11719569
v -0.00505497 0.10489280 -0.11332449
v -0.00419286 0.10026471 -0.13277810
v -0.00419226 0.09751600 -0.14836060
v -0.00505492 0.10553701 -0.10964070
v -0.00505491 0.10557780 -0.10940759
v -0.00419406 0.10576220 -0.10161329
v -0.00505472 0.10778971 -0.09676040
v -0.00419465 0.10851101 -0.08603080
v -0.00505449 0.11238331 -0.07049690
v -0.00419525 0.11125860 -0.07045460
v -0.00513486 0.11251661 -0.06957870
v -0.00425360 0.11138730 -0.06968359
v -0.00419525 0.11125970 -0.07044839
v -0.00472384 0.11161381 -0.06819979
v -0.00467343 0.11159301 -0.06833810
v -0.00539922 0.11263031 -0.06867880
v -0.00457646 0.11155301 -0.06860409
v -0.00515904 0.11255671 -0.06930250
v -0.00433655 0.11145411 -0.06926229
v -0.00513566 0.11251790 -0.06956959
v -0.00431508 0.11143680 -0.06937130
v -0.00428857 0.11141550 -0.06950590
v -0.00539978 0.11263051 -0.06867730
v -0.00548079 0.11265530 -0.06846699
v -0.00499921 0.11167280 -0.06776400
v -0.00588711 0.11270991 -0.06787789
v -0.00523199 0.11172271 -0.06739549
v -0.00589761 0.11271131 -0.06786259
v -0.00526913 0.11173060 -0.06733680
v -0.00596906 0.11272091 -0.06775909
v -0.00557323 0.11176581 -0.06702169
v -0.00656104 0.11275471 -0.06722000
v -0.00598685 0.11181360 -0.06659330
v -0.01312870 0.11200220 -0.06057870
v -0.01075581 0.11198851 -0.06257870
v -0.01132071 0.11286800 -0.06322509
v -0.00882403 0.11197731 -0.06420699
v -0.00599274 0.11181401 -0.06658830
v -0.01576487 0.11253200 -0.05896620
v -0.01551145 0.11208461 -0.05865930
v -0.01602221 0.11298630 -0.05927780
v -0.01368855 0.11292450 -0.06123770
v -0.01365743 0.11292370 -0.06126379
v -0.01546818 0.11200690 -0.05860539
v -0.01546184 0.11200670 -0.05861079
v -0.01534631 0.11200351 -0.05870829
v -0.01421064 0.11200841 -0.05966679
v -0.01305254 0.09401394 -0.15832540
v -0.01307070 0.09399604 -0.15837540
v -0.01360671 0.09464685 -0.15827100
v -0.01308122 0.09398024 -0.15842780
v -0.01309999 0.09395202 -0.15852130
v -0.01367463 0.09458510 -0.15847200
v -0.01311140 0.09388810 -0.15877930
v -0.01310974 0.09388557 -0.15879160
v -0.01370118 0.09449331 -0.15886130
v -0.01311359 0.09391514 -0.15865980
v -0.01370555 0.09453384 -0.15867410
v -0.01311478 0.09392978 -0.15859500
v -0.01311471 0.09392888 -0.15859900
v -0.01301709 0.09404024 -0.15826030
v -0.01281253 0.09415970 -0.15798060
v -0.01288821 0.09412278 -0.15806260
v -0.01327077 0.09482888 -0.15777590
v -0.01292471 0.09410495 -0.15810220
v -0.01346369 0.09473723 -0.15801300
v -0.01293982 0.09409758 -0.15811860
v -0.01299331 0.09405790 -0.15821670
v -0.01279191 0.09416977 -0.15795830
v -0.01357252 0.09555405 -0.15742440
v -0.01401136 0.09537458 -0.15791760
v -0.01392137 0.09541137 -0.15781650
v -0.01377885 0.09546966 -0.15765630
v -0.01364217 0.09552559 -0.15750270
v -0.01408630 0.09533133 -0.15805780
v -0.01422105 0.09525355 -0.15831000
v -0.01419943 0.09526603 -0.15826950
v -0.01413583 0.09530275 -0.15815050
v -0.01424496 0.09522561 -0.15841010
v -0.01428752 0.09514528 -0.15871210
v -0.01428812 0.09515377 -0.15867740
v -0.01428953 0.09517354 -0.15859670
v -0.01426408 0.09520327 -0.15849010
v -0.01424496 0.09522561 -0.15841010
v -0.01428371 0.09509188 -0.15893000
v 0.00000000 0.08900280 -0.19100691
v 0.00000000 0.08775676 -0.19411407
v -0.00253222 0.08789991 -0.19400370
v -0.02897201 0.09583677 -0.12784550
v -0.02898237 0.09619398 -0.12579510
v -0.02633542 0.09810663 -0.12569140
v -0.00203677 0.09230562 -0.17904849
v -0.00216816 0.09134359 -0.18308349
v -0.00414652 0.09138502 -0.18281732
v 0.00000000 0.09163454 -0.18194121
v 0.00000000 0.09127716 -0.18317229
v 0.00000000 0.09229017 -0.17914433
v -0.00145570 0.09229577 -0.17910936
v -0.00198321 0.09230471 -0.17905410
v -0.00594269 0.09145399 -0.18238482
v -0.00505720 0.09237474 -0.17862371
v -0.00394896 0.09233805 -0.17884816
v -0.00694491 0.09247702 -0.17800740
v -0.00682137 0.09246677 -0.17806834
v -0.00756117 0.09155275 -0.18178348
v -0.00586504 0.09241688 -0.17836940
v -0.00549316 0.09239748 -0.17848647
v -0.00770310 0.09253988 -0.17763336
v -0.00900537 0.09168068 -0.18101343
v -0.00822377 0.09258306 -0.17737649
v -0.00832762 0.09259166 -0.17732526
v -0.01027890 0.09183777 -0.18007998
v -0.00933810 0.09271442 -0.17660372
v -0.00937231 0.09271859 -0.17657930
v -0.01138874 0.09202282 -0.17899323
v -0.00955593 0.09274089 -0.17644819
v -0.01234631 0.09223413 -0.17776526
v -0.01077326 0.09295273 -0.17521739
v -0.01029895 0.09287018 -0.17569695
v -0.01448045 0.09155284 -0.17929058
v -0.01190576 0.09324174 -0.17355984
v -0.01189393 0.09323810 -0.17358058
v -0.01177939 0.09320285 -0.17378138
v -0.01114685 0.09304561 -0.17468418
v -0.01078074 0.09295459 -0.17520672
v -0.01649004 0.09248623 -0.17396073
v -0.01346125 0.09392051 -0.16975354
v -0.01338614 0.09388083 -0.16997430
v -0.01283687 0.09359070 -0.17158848
v -0.01273185 0.09355056 -0.17181510
v -0.01526282 0.09184327 -0.17761745
v -0.01251269 0.09346679 -0.17228798
v -0.01199895 0.09327042 -0.17339647
v -0.01430959 0.09459127 -0.16610436
v -0.01414866 0.09442727 -0.16698297
v -0.01738948 0.09320483 -0.16994216
v -0.01387619 0.09422639 -0.16808114
v -0.01354272 0.09398056 -0.16942518
v -0.01464777 0.09493592 -0.16425798
v -0.01808502 0.09399241 -0.16560753
v -0.01473922 0.09502910 -0.16375871
v -0.01605483 0.09726040 -0.15204850
v -0.01587737 0.09689975 -0.15393520
v -0.01906771 0.09572474 -0.15619300
v -0.01563402 0.09640520 -0.15652240
v -0.01863485 0.09483693 -0.16100757
v -0.01543476 0.09600026 -0.15864080
v -0.01492755 0.09529207 -0.16237291
v -0.01625529 0.09788734 -0.14875080
v -0.01966331 0.09757950 -0.14611280
v -0.01650648 0.09867292 -0.14461860
v -0.01999535 0.09945752 -0.13574420
v -0.01664997 0.09935576 -0.14096070
v -0.01654627 0.09879737 -0.14396410
v -0.01702075 0.10218850 -0.12534219
v -0.01687847 0.10058620 -0.13434250
v -0.01685852 0.10047880 -0.13492050
v -0.02619686 0.09615091 -0.13712830
v -0.02886695 0.09413267 -0.13760510
v -0.02887271 0.09422619 -0.13706960
v -0.02879354 0.09294220 -0.14442330
v -0.02589929 0.09414834 -0.14858340
v -0.02865997 0.09215678 -0.14890960
v -0.02816061 0.09000029 -0.16121843
v -0.02818736 0.09008413 -0.16074038
v -0.02532682 0.09215501 -0.15992520
v -0.02844456 0.09089022 -0.15614430
v -0.02864488 0.09206807 -0.14941640
v -0.02799108 0.08946897 -0.16424794
v -0.02487256 0.09117283 -0.16550767
v -0.02777510 0.08904734 -0.16664734
v -0.02713598 0.08793386 -0.17298234
v -0.02719376 0.08801034 -0.17254746
v -0.02425047 0.09020733 -0.17100236
v -0.02734956 0.08821663 -0.17137466
v -0.02773365 0.08896643 -0.16710779
v -0.02664723 0.08728678 -0.17666140
v -0.02339759 0.08926571 -0.17638101
v -0.02632505 0.08697879 -0.17841413
v -0.02497350 0.08589569 -0.18458606
v -0.02506824 0.08596231 -0.18420597
v -0.02221202 0.08835676 -0.18160108
v -0.02580027 0.08647715 -0.18126899
v -0.02625023 0.08690728 -0.17882115
v -0.02475804 0.08574414 -0.18545051
v -0.02144589 0.08791813 -0.18413152
v -0.02423483 0.08546267 -0.18706164
v -0.02308942 0.08491880 -0.19017750
v -0.02321552 0.08497252 -0.18986946
v -0.02053162 0.08749318 -0.18659084
v -0.02373564 0.08519410 -0.18859881
v -0.02412100 0.08540142 -0.18741218
v -0.02254614 0.08468737 -0.19150474
v -0.01944203 0.08708525 -0.18895962
v -0.02199228 0.08449907 -0.19258461
v -0.02037604 0.08400493 -0.19541777
v -0.02052431 0.08404551 -0.19518515
v -0.01814744 0.08669976 -0.19120624
v -0.02121109 0.08423346 -0.19410774
v -0.02185167 0.08445124 -0.19285876
v -0.01981943 0.08385261 -0.19629097
v -0.01661940 0.08634343 -0.19329233
v -0.01877062 0.08361866 -0.19763109
v -0.01484033 0.08602530 -0.19516568
v -0.01658657 0.08321273 -0.19995450
v -0.01667141 0.08322480 -0.19988553
v -0.01673030 0.08323539 -0.19982488
v -0.01839637 0.08353518 -0.19810927
v -0.01863159 0.08358764 -0.19780872
v -0.01481816 0.08296133 -0.20139217
v -0.01281181 0.08575425 -0.19677497
v -0.01435042 0.08290902 -0.20169125
v -0.01163552 0.08264162 -0.20321946
v -0.01172998 0.08264972 -0.20317330
v -0.01055730 0.08553688 -0.19807897
v -0.01301363 0.08275946 -0.20254606
v -0.01423251 0.08289582 -0.20176666
v -0.01163552 0.08264162 -0.20321946
v -0.01078970 0.08256929 -0.20363276
v -0.00811442 0.08537453 -0.19906173
v -0.00892902 0.08245405 -0.20429136
v -0.00552179 0.08526593 -0.19973445
v -0.00851787 0.08242859 -0.20443688
v -0.00886298 0.08244996 -0.20431473
v -0.00281192 0.08520331 -0.20012515
v -0.00299631 0.08225563 -0.20542507
v -0.00301123 0.08225576 -0.20542441
v -0.00329979 0.08225801 -0.20541158
v -0.00603122 0.08232431 -0.20503272
v 0.00000000 0.08223230 -0.20555828
v 0.00000000 0.08510586 -0.20022815
v 0.00000000 0.08588282 -0.19878697
v -0.01702090 0.10219121 -0.12532679
v -0.02012457 0.10117341 -0.12544830
v -0.02022691 0.10113991 -0.12545230
v -0.02163386 0.10067850 -0.12550740
v 0.00000000 0.09013956 -0.18709102
v -0.01698945 0.08947892 -0.18445437
v -0.01587603 0.08915249 -0.18636783
v -0.01355948 0.09128556 -0.18084385
v -0.01456540 0.08885387 -0.18813305
v -0.01248054 0.09104396 -0.18226158
v -0.01304078 0.08858934 -0.18971362
v -0.01122810 0.09083129 -0.18352318
v -0.01129836 0.08836497 -0.19107373
v -0.00979334 0.09065078 -0.18460843
v -0.00935098 0.08818481 -0.19218482
v -0.00817613 0.09050460 -0.18550088
v -0.00722401 0.08804845 -0.19303615
v -0.00638281 0.09039261 -0.18619342
v -0.00494371 0.08795620 -0.19363630
v -0.00442024 0.09031518 -0.18668881
v -0.00229310 0.09026809 -0.18699520
v -0.02331153 0.09979126 -0.12557300
v -0.02318208 0.09797963 -0.13650080
v -0.02284896 0.09603763 -0.14746920
v -0.02224936 0.09411132 -0.15823530
v -0.02180048 0.09317450 -0.16346138
v -0.02121133 0.09226706 -0.16853661
v -0.02043484 0.09139978 -0.17342135
v -0.01938924 0.09058355 -0.17806873
v -0.01872194 0.09019754 -0.18028642
v -0.01792976 0.08982853 -0.18241973
v -0.02630437 0.09812907 -0.12569020
v -0.02589403 0.09842559 -0.12567419
v -0.02334172 0.09977530 -0.12557420
v -0.01750386 0.11076121 -0.07611320
v -0.01750359 0.11075651 -0.07614019
v -0.02053560 0.10976651 -0.07612309
v -0.02064182 0.10973160 -0.07612350
v -0.02921713 0.10483770 -0.07617359
v -0.02921737 0.10484630 -0.07612379
v -0.02662384 0.10674431 -0.07613529
v -0.02660217 0.10676011 -0.07613540
v -0.02369788 0.10838691 -0.07613169
v -0.02366085 0.10840661 -0.07613160
v -0.02202820 0.10927671 -0.07612800
v -0.02620546 0.10705040 -0.07613720
v -0.03648656 0.11546891 -0.01972709
v -0.03422538 0.11719921 -0.02030599
v -0.03252411 0.11682390 -0.02485889
v -0.04481130 0.11093991 0.00105992
v -0.04460166 0.11117670 0.00098811
v -0.04436438 0.11137540 -0.00402340
v -0.02679893 0.11890471 -0.02939629
v -0.02644277 0.11874550 -0.03035659
v -0.02848889 0.11772600 -0.02988119
v -0.01752739 0.11118290 -0.07369450
v -0.02991970 0.10703541 -0.06089169
v -0.02994272 0.10705080 -0.06071600
v -0.02731064 0.10902231 -0.06100509
v -0.04917870 0.10457261 -0.00735569
v -0.04918383 0.10457010 -0.00733259
v -0.04557857 0.10919150 -0.00839689
v -0.04655344 0.10854291 0.00165641
v -0.04637725 0.10892241 -0.00338180
v -0.04656248 0.10853041 0.00165949
v -0.05020904 0.10368181 0.00082520
v -0.05025340 0.10345211 0.00292320
v -0.04993076 0.10407251 -0.00275139
v -0.04996922 0.10401861 -0.00225719
v -0.04997128 0.10401571 -0.00223070
v -0.04936801 0.10448041 -0.00649959
v -0.04857568 0.10486631 -0.01008298
v -0.04432629 0.10943181 -0.01332459
v -0.04791292 0.10510501 -0.01234100
v -0.04624561 0.10562271 -0.01733230
v -0.04627688 0.10561390 -0.01724639
v -0.04271602 0.10964911 -0.01814759
v -0.04728674 0.10533050 -0.01447430
v -0.04790280 0.10510860 -0.01237539
v -0.04576943 0.10575641 -0.01863940
v -0.04083457 0.10983620 -0.02287069
v -0.04432124 0.10608751 -0.02203999
v -0.04208587 0.10653341 -0.02690919
v -0.04216086 0.10651921 -0.02675019
v -0.03878142 0.10998550 -0.02752048
v -0.04376005 0.10621580 -0.02335780
v -0.04426648 0.10610000 -0.02216859
v -0.03750617 0.10724100 -0.03632899
v -0.03452111 0.11013971 -0.03675100
v -0.03548025 0.10746071 -0.04080589
v -0.03248810 0.11012651 -0.04141380
v -0.03537985 0.10747161 -0.04102779
v -0.03752605 0.10723800 -0.03628829
v -0.03762709 0.10722291 -0.03608140
v -0.04154583 0.10663591 -0.02805479
v -0.02915728 0.10983471 -0.05102329
v -0.03195173 0.10760141 -0.05056049
v -0.03208810 0.10761531 -0.05003050
v -0.03066300 0.11003300 -0.04616369
v -0.03344024 0.10760971 -0.04588900
v -0.03354528 0.10760261 -0.04562229
v -0.03518517 0.10749270 -0.04145799
v -0.03071015 0.10741050 -0.05584139
v -0.03075526 0.10742370 -0.05560560
v -0.02804180 0.10950451 -0.05598269
v -0.03104974 0.10750981 -0.05406640
v -0.03188666 0.10759481 -0.05081339
v -0.03030181 0.10729120 -0.05797579
v -0.02928252 0.10570951 -0.07098210
v -0.02943721 0.10642621 -0.06627459
v -0.02689858 0.10838450 -0.06605059
v -0.02946179 0.10646390 -0.06596049
v -0.02947033 0.10647710 -0.06585130
v -0.02976780 0.10693371 -0.06205079
v -0.02671298 0.10761490 -0.07109330
v -0.02925211 0.10556861 -0.07190750
v -0.02928064 0.10570080 -0.07103939
v -0.01755063 0.11160511 -0.07127589
v -0.02074821 0.11152011 -0.06648300
v -0.01757286 0.11197201 -0.06917640
v -0.01782629 0.11323550 -0.06200970
v -0.01779065 0.11315240 -0.06247569
v -0.02102877 0.11230830 -0.06166200
v -0.01775206 0.11306251 -0.06298029
v -0.01764403 0.11240510 -0.06671549
v -0.01811847 0.11391630 -0.05818949
v -0.02156186 0.11304621 -0.05685929
v -0.01812937 0.11393001 -0.05811309
v -0.01824221 0.11407181 -0.05732299
v -0.01978699 0.11365921 -0.05710279
v -0.01872185 0.11467441 -0.05396470
v -0.02060476 0.11442631 -0.05240580
v -0.01875793 0.11470380 -0.05380110
v -0.01900487 0.11490451 -0.05268119
v -0.02072865 0.11607431 -0.04613470
v -0.02015172 0.11572101 -0.04811559
v -0.02181223 0.11515880 -0.04779130
v -0.01973418 0.11546541 -0.04954919
v -0.01957512 0.11536800 -0.05009530
v -0.02500359 0.11651430 -0.03878999
v -0.02273317 0.11708761 -0.04035899
v -0.02332545 0.11585411 -0.04326339
v -0.02159689 0.11651320 -0.04363299
v -0.02100369 0.11621331 -0.04534219
v -0.02397924 0.11764451 -0.03699920
v -0.02316643 0.11728120 -0.03919079
v -0.03187037 0.11878480 -0.02091070
v -0.02961711 0.12008081 -0.02147700
v -0.02927130 0.11992821 -0.02257899
v -0.02706126 0.11901330 -0.02867289
v -0.03331779 0.11926641 -0.01633359
v -0.03099056 0.12070000 -0.01696209
v -0.03081687 0.12061030 -0.01765369
v -0.02999348 0.12024691 -0.02027760
v -0.03217555 0.12136400 -0.01174200
v -0.03206261 0.12128811 -0.01236129
v -0.03447077 0.11972361 -0.01167089
v -0.03184154 0.12113951 -0.01357339
v -0.03122356 0.12082030 -0.01603419
v -0.03307442 0.12239120 -0.00299340
v -0.03294174 0.12201990 -0.00624189
v -0.03522956 0.12014991 -0.00692789
v -0.03307433 0.12239521 -0.00295849
v -0.03307441 0.12239480 -0.00296209
v -0.03530138 0.12068361 -0.00219610
v -0.03547481 0.12052470 -0.00213668
v -0.03281215 0.12188441 -0.00739849
v -0.03278000 0.12185081 -0.00768539
v -0.03256434 0.12162530 -0.00961019
v -0.02377840 0.10933281 -0.07119869
v -0.04242912 0.11363090 0.00024430
v -0.04224271 0.11375161 -0.00469948
v -0.04144594 0.11373610 -0.00961329
v -0.04021482 0.11368711 -0.01444239
v -0.03865481 0.11361790 -0.01917429
v -0.03685570 0.11352180 -0.02381699
v -0.03491946 0.11339020 -0.02839959
v -0.03094858 0.11299370 -0.03751420
v -0.02904670 0.11271891 -0.04210769
v -0.02733593 0.11238190 -0.04677580
v -0.02593924 0.11196691 -0.05154420
v -0.02493234 0.11145851 -0.05640519
v -0.02429314 0.11084691 -0.06132240
v -0.02393929 0.11013211 -0.06626049
v -0.03071772 0.11641381 -0.02936529
v -0.03571514 0.11754690 -0.01567519
v -0.03801386 0.11567881 -0.01504459
v -0.03689989 0.11787350 -0.01095489
v -0.03922473 0.11586870 -0.01026870
v -0.03767514 0.11816650 -0.00615269
v -0.04001285 0.11602440 -0.00540949
v -0.03999168 0.11638431 -0.00059020
v -0.03787155 0.11832770 -0.00131609
v -0.03307442 0.12239281 -0.00297948
v -0.03548174 0.12051831 -0.00213430
v -0.03786821 0.11833081 -0.00131719
v -0.02244674 0.11373041 -0.05210609
v -0.02372126 0.11435950 -0.04743800
v -0.02530444 0.11493741 -0.04286099
v -0.02706163 0.11547101 -0.03834570
v -0.04242552 0.11363491 0.00024311
v -0.04024712 0.11609581 -0.00050268
v -0.04024683 0.11609611 -0.00050280
v -0.02707214 0.09848826 0.04539131
v -0.02801262 0.09855890 0.04474241
v -0.02762601 0.06856919 0.04174620
v -0.04439161 0.10053801 0.02663581
v -0.04440724 0.10054101 0.02660801
v -0.04342284 0.07423104 0.02405311
v -0.04871647 0.07998275 0.00607911
v -0.05008848 0.10259591 0.00786201
v -0.04887111 0.08033358 0.00498271
v -0.05012618 0.10262751 0.00757411
v -0.04900260 0.08148124 0.00139631
v -0.05032970 0.10302750 0.00392890
v -0.05033927 0.10313560 0.00294401
v -0.04806010 0.07849359 0.01073271
v -0.04934562 0.10206200 0.01272941
v -0.04806010 0.07849360 0.01073271
v -0.04962650 0.10220881 0.01139042
v -0.05008382 0.10259201 0.00789771
v -0.04688489 0.07703660 0.01528572
v -0.04815261 0.10153811 0.01750721
v -0.04795624 0.07825795 0.01146900
v -0.04883539 0.10179520 0.01516181
v -0.04933822 0.10205810 0.01276481
v -0.04640445 0.10099531 0.02246061
v -0.04651516 0.10102750 0.02216630
v -0.04533995 0.07561386 0.01973170
v -0.04651935 0.10102881 0.02215510
v -0.04619288 0.07624771 0.01775102
v -0.04775953 0.10139010 0.01885740
v -0.04814911 0.10153680 0.01751921
v -0.04477722 0.10061300 0.02595072
v -0.04533994 0.07561386 0.01973182
v -0.04362388 0.07433860 0.02371690
v -0.04289141 0.10024621 0.02930110
v -0.04342283 0.07423104 0.02405311
v -0.04186684 0.10007840 0.03083421
v -0.04098276 0.07292557 0.02813261
v -0.04186468 0.10007801 0.03083741
v -0.03815945 0.07169783 0.03196931
v -0.03564777 0.09924170 0.03848390
v -0.03815946 0.07169783 0.03196931
v -0.03566381 0.09924334 0.03846891
v -0.03578022 0.09925521 0.03836012
v -0.03837817 0.09956509 0.03552580
v -0.03894219 0.09964368 0.03480741
v -0.04029973 0.07256015 0.02927452
v -0.03896059 0.09964624 0.03478401
v -0.04075280 0.09989596 0.03250120
v -0.03627758 0.07093959 0.03433873
v -0.03506142 0.07053113 0.03561521
v -0.03289467 0.09896075 0.04105571
v -0.03198503 0.09888116 0.04178550
v -0.02982742 0.06903981 0.04027552
v -0.03506140 0.07053112 0.03561521
v -0.03465609 0.07039499 0.03604060
v -0.03197781 0.09888054 0.04179121
v -0.03147372 0.06950185 0.03883171
v -0.03005856 0.09871261 0.04333091
v -0.02803664 0.09856071 0.04472581
v -0.02394504 0.09828837 0.04723100
v -0.02449920 0.06790075 0.04383512
v -0.02381660 0.09828148 0.04729460
v -0.02378584 0.09827983 0.04730983
v -0.02351499 0.06774544 0.04432042
v -0.02069634 0.09811400 0.04883982
v -0.02351494 0.06774543 0.04432042
v -0.01913759 0.06705466 0.04647911
v -0.01875094 0.06699366 0.04666981
v -0.01735054 0.09796635 0.05020662
v -0.01913751 0.06705464 0.04647911
v -0.01930435 0.09805257 0.04940840
v -0.01931230 0.09805292 0.04940522
v -0.00976787 0.06614904 0.04930912
v -0.00989120 0.09774260 0.05229371
v -0.00976791 0.06614905 0.04930912
v -0.01043586 0.09775271 0.05219822
v -0.01268961 0.06633513 0.04872761
v -0.01392003 0.09784568 0.05132850
v -0.01451885 0.06653387 0.04810661
v -0.01464848 0.09787130 0.05109031
v -0.01467157 0.09787211 0.05108271
v -0.00640199 0.06593467 0.04997902
v -0.00693819 0.09768777 0.05281141
v -0.00984771 0.09774180 0.05230131
v 0.00000000 0.06580021 0.05039921
v 0.00000000 0.09763807 0.05329213
v -0.00491692 0.06590348 0.05007652
v -0.00351812 0.09765052 0.05316880
v -0.00491703 0.06590349 0.05007652
v -0.00494665 0.09766608 0.05301951
v -0.00496870 0.09766633 0.05301722
v -0.02999799 0.08681034 -0.15059040
v -0.03117780 0.08170906 -0.15171710
v -0.03102535 0.08396602 -0.13875879
v -0.01281152 0.07170958 -0.20913011
v -0.01147017 0.08242517 -0.20353388
v -0.01281146 0.07170956 -0.20913013
v -0.00914067 0.08226937 -0.20443276
v -0.01068431 0.07155636 -0.21000946
v -0.00899740 0.08226284 -0.20447051
v -0.00973417 0.07151823 -0.21022854
v -0.00888930 0.08225792 -0.20449899
v -0.00973412 0.07151822 -0.21022855
v -0.00659820 0.08215349 -0.20510267
v -0.00653309 0.07138975 -0.21096664
v -0.00602822 0.08213807 -0.20519220
v -0.00653304 0.07138975 -0.21096665
v -0.00597396 0.08213659 -0.20520073
v -0.00578633 0.07135979 -0.21113883
v -0.00383924 0.08207880 -0.20553608
v -0.00327669 0.07132730 -0.21132501
v -0.00302767 0.08206990 -0.20558829
v -0.00327666 0.07132730 -0.21132502
v -0.00300017 0.08206961 -0.20559005
v 0.00000000 0.07128485 -0.21156811
v -0.00089304 0.08204651 -0.20572561
v 0.00000000 0.08204487 -0.20573561
v -0.01856743 0.07224353 -0.20606527
v -0.01573355 0.08287903 -0.20092571
v -0.01445894 0.08272314 -0.20182028
v -0.01581792 0.07193481 -0.20783731
v -0.01427934 0.08270118 -0.20194633
v -0.01581785 0.07193480 -0.20783735
v -0.01370485 0.08263092 -0.20234952
v -0.01560157 0.07191053 -0.20797674
v -0.01182738 0.08245804 -0.20334456
v -0.01168173 0.08244465 -0.20342175
v -0.01985057 0.07238761 -0.20523829
v -0.01764987 0.08318280 -0.19918655
v -0.01856749 0.07224353 -0.20606523
v -0.01684571 0.08305533 -0.19991637
v -0.01662903 0.08302098 -0.20011302
v -0.02048004 0.08381128 -0.19559759
v -0.01936271 0.08352951 -0.19720527
v -0.02348904 0.07298414 -0.20181160
v -0.01891888 0.08343966 -0.19771866
v -0.02342812 0.07297206 -0.20188097
v -0.01869701 0.08339476 -0.19797529
v -0.02111686 0.07259449 -0.20404995
v -0.02111676 0.07259446 -0.20405004
v -0.02541573 0.07344054 -0.19919119
v -0.02197399 0.08426062 -0.19303286
v -0.02074877 0.08387902 -0.19521092
v -0.02541567 0.07344052 -0.19919127
v -0.02070783 0.08386872 -0.19526984
v -0.02348907 0.07298416 -0.20181157
v -0.02367183 0.07302038 -0.20160351
v -0.02712238 0.07391944 -0.19644166
v -0.02213438 0.08431057 -0.19274775
v -0.02712236 0.07391944 -0.19644170
v -0.02653649 0.07371057 -0.19764084
v -0.02425384 0.08521656 -0.18756257
v -0.02339960 0.08480613 -0.18991424
v -0.02854777 0.07442759 -0.19352421
v -0.02333307 0.08477417 -0.19009739
v -0.02854775 0.07442759 -0.19352426
v -0.02322273 0.08473150 -0.19034136
v -0.02217931 0.08432795 -0.19264840
v -0.02870080 0.07448214 -0.19321100
v -0.02952931 0.07496469 -0.19044026
v -0.02441592 0.08529445 -0.18711637
v -0.02952932 0.07496470 -0.19044021
v -0.02509049 0.08571017 -0.18472211
v -0.03014982 0.07532611 -0.18836513
v -0.03030092 0.07551110 -0.18730312
v -0.02523229 0.08579755 -0.18421885
v -0.03030092 0.07551110 -0.18730308
v -0.02642156 0.08670067 -0.17898062
v -0.02581109 0.08620646 -0.18185264
v -0.02554117 0.08598791 -0.18312253
v -0.02859843 0.08142489 -0.18151138
v -0.02642510 0.08670454 -0.17895801
v -0.02651021 0.08679744 -0.17841494
v -0.02922908 0.08249759 -0.17535243
v -0.02722093 0.08757332 -0.17387948
v -0.03124461 0.07832357 -0.17115532
v -0.02736945 0.08780434 -0.17253232
v -0.02730570 0.08770520 -0.17311051
v -0.03111857 0.07719565 -0.17763151
v -0.03124832 0.07773986 -0.17450696
v -0.03124461 0.07832357 -0.17115536
v -0.02796869 0.08881852 -0.16662317
v -0.02792472 0.08871454 -0.16722746
v -0.02786734 0.08857885 -0.16801599
v -0.02840750 0.08985611 -0.16059298
v -0.02981709 0.08465252 -0.16298062
v -0.02880630 0.09145701 -0.15131849
v -0.02839908 0.08983622 -0.16070859
v -0.02835424 0.08973018 -0.16132484
v -0.02907804 0.09382505 -0.13764969
v -0.02907582 0.09377108 -0.13795990
v -0.02885577 0.09188176 -0.14886660
v -0.02884311 0.09177308 -0.14949389
v -0.03087291 0.08622291 -0.12580079
v -0.03001269 0.09108387 -0.12580079
v -0.02908255 0.09393442 -0.13702080
v -0.02916291 0.09588588 -0.12580079
v -0.03123744 0.07945208 -0.16467580
v -0.03123744 0.07945209 -0.16467577
v -0.03122781 0.08096869 -0.15596800
v -0.03075728 0.07606984 -0.18409549
v -0.03075729 0.07606984 -0.18409543
v -0.03088844 0.07623040 -0.18317361
v -0.03111857 0.07719564 -0.17763155
v -0.03021128 0.09970720 -0.07612240
v -0.03102857 0.09487507 -0.07612240
v -0.03108812 0.09567775 -0.07101499
v -0.03020637 0.09973620 -0.07612240
v -0.02939400 0.10454800 -0.07607269
v -0.02939377 0.10453930 -0.07612240
v -0.03111766 0.09607598 -0.06848109
v -0.02945160 0.10548311 -0.07056370
v -0.02944709 0.10540990 -0.07099490
v -0.02944706 0.10540931 -0.07099809
v -0.03108849 0.09568274 -0.07098330
v -0.02963931 0.10616270 -0.06593020
v -0.03125990 0.09631579 -0.06589230
v -0.02964212 0.10617290 -0.06586079
v -0.03126298 0.09632097 -0.06583619
v -0.02965800 0.10623041 -0.06546890
v -0.03151002 0.09673748 -0.06133979
v -0.03005341 0.10673471 -0.06100329
v -0.03007109 0.10674431 -0.06088139
v -0.03157722 0.09673668 -0.06075399
v -0.03009478 0.10675711 -0.06071809
v -0.03158480 0.09673659 -0.06068800
v -0.03063879 0.10705091 -0.05696729
v -0.03216644 0.09672972 -0.05561869
v -0.03086683 0.10710300 -0.05585479
v -0.03369812 0.10726790 -0.04560389
v -0.03359770 0.10727011 -0.04590539
v -0.03388114 0.10157290 -0.04556699
v -0.03242551 0.10729571 -0.04942460
v -0.03252210 0.10193901 -0.05053649
v -0.03212337 0.10727481 -0.05055270
v -0.03204363 0.10726931 -0.05085049
v -0.03374523 0.10726690 -0.04546249
v -0.03555432 0.10099570 -0.04072120
v -0.03543769 0.10713830 -0.04119279
v -0.03764762 0.10689051 -0.03630250
v -0.03562312 0.10711751 -0.04078249
v -0.03548627 0.10713290 -0.04108529
v -0.03549774 0.09469236 -0.04066850
v -0.03549896 0.09469149 -0.04066419
v -0.03555246 0.09465381 -0.04047419
v -0.03725154 0.09346859 -0.03599360
v -0.03776701 0.10687221 -0.03605700
v -0.03726250 0.09346093 -0.03596459
v -0.04003326 0.10652491 -0.03139559
v -0.03799839 0.09294761 -0.03402409
v -0.03921348 0.09214248 -0.03143029
v -0.03923622 0.09212741 -0.03138180
v -0.04217868 0.10619610 -0.02698269
v -0.04131834 0.09074778 -0.02693739
v -0.04229971 0.10617760 -0.02673370
v -0.04134789 0.09072821 -0.02687429
v -0.04234965 0.10616990 -0.02663099
v -0.04196821 0.09031717 -0.02555019
v -0.04435499 0.10577090 -0.02223829
v -0.04445275 0.10575141 -0.02202419
v -0.04338285 0.08928637 -0.02243569
v -0.04341379 0.08926381 -0.02236759
v -0.04473098 0.10569600 -0.02141470
v -0.04539817 0.08781785 -0.01799879
v -0.04633808 0.10530301 -0.01739869
v -0.04640413 0.10528680 -0.01723359
v -0.04542457 0.08779121 -0.01791869
v -0.04544523 0.08777035 -0.01785589
v -0.04659086 0.10524121 -0.01676699
v -0.04697364 0.08622770 -0.01321279
v -0.04794265 0.10482621 -0.01271850
v -0.04743190 0.08576517 -0.01182069
v -0.04927312 0.10425400 -0.00731429
v -0.04698646 0.08621477 -0.01317390
v -0.04925587 0.10426371 -0.00740530
v -0.04903972 0.10438620 -0.00854589
v -0.04804457 0.10478531 -0.01233089
v -0.04801544 0.10479700 -0.01244169
v -0.04857403 0.08379628 -0.00580389
v -0.05004375 0.10370170 -0.00220879
v -0.04808404 0.08464096 -0.00838518
v -0.05003355 0.10371131 -0.00229668
v -0.04808009 0.08464775 -0.00840600
v -0.04973322 0.10399341 -0.00488630
v -0.05033925 0.10314171 0.00288862
v -0.05018677 0.10356740 -0.00097549
v -0.04871019 0.08306076 -0.00351629
v -0.04870973 0.08306321 -0.00352389
v -0.03091866 0.10711480 -0.05560189
v -0.03217349 0.09672963 -0.05555729
v -0.03140001 0.10722481 -0.05325379
v -0.03231929 0.09672789 -0.05428649
v -0.03303223 0.09633068 -0.05054899
v -0.03304080 0.09632589 -0.05050399
v -0.03369857 0.09595942 -0.04705569
v -0.03412232 0.09566098 -0.04555140
v -0.03412835 0.09565674 -0.04552990
v -0.02916291 0.09588588 -0.12580079
v -0.03010951 0.09541005 -0.10096189
v -0.02927834 0.10021261 -0.10096189
v -0.03015599 0.09748662 -0.08903930
v -0.02933374 0.10228930 -0.08903930
v -0.03098547 0.09247967 -0.08987750
v -0.03098810 0.09262565 -0.08903930
v -0.03102502 0.09467800 -0.07725570
v -0.03102680 0.09477655 -0.07668910
v -0.03095074 0.09054908 -0.10096200
v -0.03094897 0.09045045 -0.10152830
v -0.00000026 0.11976720 0.03704521
v -0.00000025 0.11987140 0.03693071
v -0.00361742 0.11987520 0.03672291
v -0.00626262 0.12601271 0.02946922
v -0.00645742 0.12600831 0.02943080
v -0.00685505 0.12306280 0.03280671
v -0.05010477 0.10302701 0.00680311
v -0.04998680 0.10291411 0.00783262
v -0.04636551 0.10829741 0.00623969
v -0.00987171 0.09803162 0.05223152
v -0.00983676 0.09803077 0.05223921
v -0.00952599 0.10184131 0.05006102
v 0.00000000 0.09791896 0.05323512
v -0.00000004 0.10170871 0.05096632
v -0.00207475 0.09792392 0.05319200
v -0.00482633 0.10178631 0.05080500
v -0.00494482 0.09794958 0.05296501
v -0.00911308 0.09801301 0.05239891
v -0.00581299 0.09795736 0.05289631
v -0.00496105 0.09794973 0.05296373
v -0.01247233 0.09809549 0.05165742
v -0.01411048 0.10193510 0.04885441
v -0.01462947 0.09816594 0.05102232
v -0.01915320 0.09834195 0.04943220
v -0.01583395 0.09820526 0.05066761
v -0.01464302 0.09816636 0.05101832
v -0.02375760 0.09858620 0.04721922
v -0.02374212 0.09858526 0.04722770
v -0.02286081 0.10224401 0.04514003
v -0.02270667 0.09852211 0.04780052
v -0.01857004 0.10206981 0.04720903
v -0.01928863 0.09834881 0.04937001
v -0.01928463 0.09834861 0.04937190
v -0.02587483 0.09871531 0.04604802
v -0.02693855 0.10245540 0.04266691
v -0.02797463 0.09886584 0.04468092
v -0.03193429 0.09918738 0.04175853
v -0.03178167 0.09917264 0.04189250
v -0.02890531 0.09893257 0.04407490
v -0.02798172 0.09886635 0.04467622
v -0.03889086 0.09995659 0.03475990
v -0.03287834 0.10647120 0.03460511
v -0.03889324 0.09995691 0.03475721
v -0.03594761 0.10669011 0.03120600
v -0.03930343 0.10000950 0.03427812
v -0.03698451 0.09971187 0.03698661
v -0.03557973 0.09955549 0.03840962
v -0.02949219 0.10627291 0.03769331
v -0.03557454 0.09955491 0.03841481
v -0.03448463 0.09943358 0.03951890
v -0.04155550 0.10034591 0.03122010
v -0.03866952 0.10692691 0.02752751
v -0.04180040 0.10038891 0.03082942
v -0.04433009 0.10085891 0.02655531
v -0.04429590 0.10085180 0.02662001
v -0.04101952 0.10717940 0.02360441
v -0.04352872 0.10069220 0.02807231
v -0.04182236 0.10039270 0.03079441
v -0.04526646 0.10105381 0.02478282
v -0.04297848 0.10744510 0.01947431
v -0.04641334 0.10134221 0.02215791
v -0.04452976 0.10772181 0.01517622
v -0.04809625 0.10185650 0.01747431
v -0.04808042 0.10185010 0.01753300
v -0.04799917 0.10181701 0.01783451
v -0.04676050 0.10142950 0.02136341
v -0.04643610 0.10134791 0.02210581
v -0.04897305 0.10221351 0.01422111
v -0.04566177 0.10800670 0.01075080
v -0.04924792 0.10237140 0.01278202
v -0.04997661 0.10290441 0.00792152
v -0.04967721 0.10261790 0.01053431
v -0.04926428 0.10238080 0.01269630
v -0.05025341 0.10344900 0.00295121
v -0.05025339 0.10344600 0.00297840
v -0.03270048 0.12294411 0.00199412
v -0.03288446 0.12275300 0.00027030
v -0.03529704 0.12078470 0.00133921
v -0.03291205 0.12272441 0.00001182
v -0.03301041 0.12262221 -0.00090990
v -0.03530138 0.12068361 -0.00219610
v -0.03245139 0.12308451 0.00326051
v -0.03477269 0.12103231 0.00477931
v -0.03241036 0.12310760 0.00346909
v -0.03135300 0.12356180 0.00756519
v -0.03162927 0.12345571 0.00660810
v -0.03391552 0.12127530 0.00815400
v -0.03168211 0.12343541 0.00642500
v -0.03214301 0.12325831 0.00482841
v -0.03059739 0.12377701 0.00950221
v -0.03273516 0.12151140 0.01143150
v -0.03053811 0.12379391 0.00965421
v -0.02893177 0.12417270 0.01305900
v -0.02916758 0.12412011 0.01258662
v -0.03124325 0.12173820 0.01458061
v -0.02921606 0.12410930 0.01248951
v -0.03020507 0.12388871 0.01050801
v -0.02755436 0.12442331 0.01530702
v -0.02945530 0.12195360 0.01757142
v -0.02751448 0.12443061 0.01537211
v -0.02558694 0.12472161 0.01797740
v -0.02562153 0.12471721 0.01793852
v -0.02738873 0.12215541 0.02037501
v -0.02568755 0.12470891 0.01786412
v -0.02742272 0.12444731 0.01552192
v -0.02340676 0.12498961 0.02037120
v -0.02371604 0.12495721 0.02008280
v -0.02506397 0.12234180 0.02296470
v -0.02249935 0.12251111 0.02531571
v -0.02135759 0.12520391 0.02228230
v -0.02340378 0.12498990 0.02037400
v -0.01839689 0.12545141 0.02448820
v -0.01883778 0.12542051 0.02421321
v -0.01971514 0.12266211 0.02740620
v -0.02096973 0.12523720 0.02257951
v -0.02100268 0.12523440 0.02255430
v -0.01834644 0.12545501 0.02451972
v -0.01673311 0.12279361 0.02921601
v -0.01614080 0.12560940 0.02589540
v -0.01267516 0.12579520 0.02754740
v -0.01334479 0.12576610 0.02728923
v -0.01357770 0.12290471 0.03072850
v -0.01553943 0.12564310 0.02619520
v -0.01561252 0.12563901 0.02615870
v -0.01254786 0.12580070 0.02759651
v -0.01027457 0.12299470 0.03192912
v -0.01044196 0.12589220 0.02840870
v -0.00781947 0.12597751 0.02916230
v -0.00944671 0.12592451 0.02869471
v -0.01027457 0.12299470 0.03192912
v -0.00961485 0.12591910 0.02864640
v -0.00000012 0.12303321 0.03345500
v 0.00000000 0.12608651 0.03009861
v -0.00339517 0.12310541 0.03334571
v -0.00226688 0.12607680 0.03002131
v -0.00299994 0.12606730 0.02994071
v -0.00324155 0.12606421 0.02991410
v -0.00497131 0.12604181 0.02972370
v -0.04002278 0.11614231 0.00344181
v -0.03771022 0.11853850 0.00241480
v -0.04223557 0.11362031 0.00442112
v -0.03940785 0.11617601 0.00734422
v -0.04158409 0.11354870 0.00853642
v -0.03842085 0.11620940 0.01117231
v -0.04054236 0.11347880 0.01257331
v -0.03707178 0.11624200 0.01489030
v -0.03911982 0.11341111 0.01649430
v -0.03537291 0.11627331 0.01846321
v -0.03732824 0.11334591 0.02026231
v -0.03334085 0.11630270 0.02185752
v -0.03518400 0.11328370 0.02384211
v -0.03099434 0.11632981 0.02504060
v -0.03270570 0.11322481 0.02719932
v -0.02922183 0.11931041 0.02276850
v -0.03143084 0.11919700 0.01976972
v -0.03334423 0.11907570 0.01657142
v -0.03494351 0.11894790 0.01320442
v -0.03621217 0.11881480 0.00970030
v -0.03713782 0.11867791 0.00609260
v -0.00000017 0.11299721 0.04317082
v -0.00000022 0.11643001 0.04006480
v -0.00415217 0.11301990 0.04291063
v -0.00387881 0.11651320 0.03991001
v -0.00826188 0.11301571 0.04222081
v -0.00778473 0.11649470 0.03926261
v -0.01229007 0.11301211 0.04112742
v -0.01163214 0.11646731 0.03823240
v -0.01619855 0.11302170 0.03965650
v -0.01535536 0.11644230 0.03684281
v -0.01994980 0.11304410 0.03782112
v -0.01891911 0.11641951 0.03510621
v -0.02350857 0.11307741 0.03563722
v -0.02229279 0.11639801 0.03303822
v -0.02684098 0.11311991 0.03312352
v -0.02544711 0.11637661 0.03065641
v -0.02991634 0.11316971 0.03030271
v -0.02835583 0.11635421 0.02798262
v -0.00730849 0.11984411 0.03612641
v -0.01095776 0.11979600 0.03516850
v -0.01448226 0.11973841 0.03386930
v -0.01784876 0.11967161 0.03224052
v -0.02103036 0.11959550 0.03029731
v -0.02400135 0.11950991 0.02805662
v -0.02673892 0.11941491 0.02553950
v -0.00000009 0.10569661 0.04857872
v -0.00464212 0.10564981 0.04835972
v -0.00914500 0.10568241 0.04761891
v -0.01353251 0.10574010 0.04643391
v -0.01780310 0.10582950 0.04483290
v -0.02191493 0.10594961 0.04283000
v -0.02582508 0.10609820 0.04044331
v -0.03194613 0.09918851 0.04174812
v -0.00000013 0.10931110 0.04590132
v -0.00441233 0.10939680 0.04572761
v -0.00871975 0.10940960 0.04500572
v -0.01292475 0.10943451 0.04385960
v -0.01701357 0.10948221 0.04231761
v -0.02094650 0.10955191 0.04039302
v -0.02468389 0.10964151 0.03810292
v -0.02818753 0.10974891 0.03546650
v -0.03142256 0.10987160 0.03250770
v -0.01345734 0.09409041 -0.16795732
v -0.01353726 0.09414956 -0.16763561
v -0.01179471 0.09226149 -0.16676167
v -0.01421254 0.09479975 -0.16416024
v -0.01426799 0.09486000 -0.16384031
v -0.01256765 0.09308729 -0.16273384
v -0.01547911 0.09768081 -0.14646560
v -0.01536213 0.09734968 -0.14819850
v -0.01585286 0.09779644 -0.14848560
v -0.01453048 0.09539474 -0.15828760
v -0.01449999 0.09511209 -0.16250184
v -0.01457341 0.09545607 -0.15806660
v -0.01523967 0.09628116 -0.15639490
v -0.01479163 0.09589290 -0.15580260
v -0.01525654 0.09632197 -0.15618200
v -0.01498248 0.09627498 -0.15382250
v -0.01450854 0.09536342 -0.15840040
v -0.01448224 0.09533131 -0.15846700
v -0.01446672 0.09531235 -0.15850630
v -0.01442368 0.09525982 -0.15861510
v -0.01438357 0.09521086 -0.15871660
v -0.01438166 0.09520852 -0.15872140
v -0.01434368 0.09516217 -0.15881740
v -0.01433946 0.09515722 -0.15882540
v -0.01306057 0.09380339 -0.15919988
v -0.01507798 0.09654532 -0.15240780
v -0.01583293 0.09771653 -0.14890840
v -0.01584273 0.09775586 -0.14870040
v -0.01652247 0.10150741 -0.12843550
v -0.01655586 0.10205350 -0.12531430
v -0.01630409 0.10179410 -0.12531180
v -0.01604928 0.10153161 -0.12530929
v -0.01590886 0.10005690 -0.13357920
v -0.01627343 0.09948282 -0.13956160
v -0.01584868 0.09942479 -0.13712370
v -0.01571203 0.09877997 -0.14057779
v -0.01549188 0.09774109 -0.14614270
v -0.01620943 0.09922619 -0.14091970
v -0.01621638 0.09925406 -0.14077220
v -0.01293212 0.09361677 -0.16012082
v -0.01266469 0.09322828 -0.16203813
v -0.01377837 0.09432798 -0.16666503
v -0.01200814 0.09248952 -0.16564945
v -0.01189253 0.09236599 -0.16625194
v -0.01298433 0.09374036 -0.16986145
v -0.01112330 0.09175631 -0.16920889
v -0.01245209 0.09347116 -0.17134894
v -0.01105086 0.09170179 -0.16947292
v -0.01076155 0.09154666 -0.17023137
v -0.01234880 0.09341893 -0.17163760
v -0.01049393 0.09140316 -0.17093293
v -0.01037980 0.09134195 -0.17123212
v -0.01164106 0.09315381 -0.17310550
v -0.01228065 0.09338444 -0.17182807
v -0.01030135 0.09129989 -0.17143779
v -0.00969211 0.09107645 -0.17258595
v -0.01015799 0.09196489 -0.17366652
v -0.01058117 0.09286094 -0.17472176
v -0.01142052 0.09307426 -0.17354596
v -0.01151993 0.09311011 -0.17334742
v -0.00894936 0.09171390 -0.17512318
v -0.01036420 0.09280578 -0.17502570
v -0.01044646 0.09282670 -0.17491047
v -0.00795904 0.09072348 -0.17473535
v -0.00859011 0.09079982 -0.17416200
v -0.00861675 0.09080304 -0.17413779
v -0.00845042 0.09250545 -0.17668236
v -0.00910247 0.09258806 -0.17622152
v -0.00924559 0.09260620 -0.17612036
v -0.00929563 0.09261252 -0.17608499
v -0.00769962 0.09069208 -0.17497104
v -0.00756284 0.09067553 -0.17509531
v -0.00805719 0.09245565 -0.17696028
v -0.00722143 0.09065793 -0.17529553
v -0.00761246 0.09241980 -0.17717391
v -0.00671500 0.09063179 -0.17559253
v -0.00750594 0.09241121 -0.17722508
v -0.00637767 0.09061438 -0.17579037
v -0.00649005 0.09232930 -0.17771308
v -0.00553856 0.09060499 -0.17609242
v -0.00580738 0.09229914 -0.17791466
v -0.00525162 0.09060180 -0.17619571
v -0.00573840 0.09229609 -0.17793503
v -0.00496865 0.09059862 -0.17629757
v -0.00456650 0.09224430 -0.17828109
v -0.00372600 0.09060895 -0.17653340
v -0.00390703 0.09223095 -0.17838258
v -0.00341528 0.09061155 -0.17659237
v -0.00387519 0.09223030 -0.17838749
v -0.00303602 0.09061470 -0.17666435
v -0.00245998 0.09220164 -0.17860530
v -0.00186956 0.09062516 -0.17674524
v -0.00005173 0.09063663 -0.17682800
v -0.00005076 0.09218863 -0.17871785
v -0.00082409 0.09063456 -0.17681775
v -0.00195548 0.09219892 -0.17862887
v -0.00196168 0.09219894 -0.17862858
v -0.00948349 0.09099994 -0.17297911
v -0.00936729 0.09097355 -0.17313445
v -0.00864228 0.09080884 -0.17410367
v -0.01666047 0.10813530 -0.08890359
v -0.01654489 0.10607870 -0.10071170
v -0.01691152 0.10839421 -0.08890480
v -0.01679617 0.10633770 -0.10071319
v -0.01655601 0.10205620 -0.12529870
v -0.01646106 0.10885840 -0.08324220
v -0.01621465 0.10447410 -0.10841479
v -0.01629007 0.10581611 -0.10071000
v -0.01640565 0.10787260 -0.08890240
v 0.00253222 0.08789991 -0.19400370
v 0.00229310 0.09026809 -0.18699520
v 0.01030428 0.09286943 -0.17570092
v 0.01138874 0.09202282 -0.17899323
v 0.01027890 0.09183777 -0.18007998
v 0.01413720 0.09441732 -0.16703684
v 0.01430306 0.09459195 -0.16610323
v 0.01738948 0.09320483 -0.16994216
v 0.01488191 0.09520144 -0.16284493
v 0.01494174 0.09529084 -0.16237488
v 0.01808502 0.09399241 -0.16560753
v 0.02868412 0.09215693 -0.14891040
v 0.02867443 0.09206833 -0.14941710
v 0.02589929 0.09414834 -0.14858340
v 0.02506909 0.08596238 -0.18420570
v 0.02496859 0.08589605 -0.18458436
v 0.02221202 0.08835676 -0.18160108
v 0.02423803 0.08546255 -0.18706228
v 0.02411913 0.08540165 -0.18741111
v 0.02144589 0.08791813 -0.18413152
v 0.02322379 0.08497200 -0.18987233
v 0.02309223 0.08491867 -0.19017813
v 0.02053162 0.08749318 -0.18659084
v 0.02200406 0.08449804 -0.19259002
v 0.02185787 0.08445073 -0.19286135
v 0.01944203 0.08708525 -0.18895962
v 0.01671841 0.08323746 -0.19981296
v 0.01657997 0.08321373 -0.19994878
v 0.01484033 0.08602530 -0.19516568
v 0.00284844 0.08225123 -0.20545020
v 0.00281192 0.08520331 -0.20012515
v 0.00299612 0.08225442 -0.20543197
v 0.00301092 0.08225474 -0.20543015
v 0.00559136 0.08231048 -0.20511173
v 0.00552179 0.08526593 -0.19973445
v 0.00596110 0.08232483 -0.20502969
v 0.00892584 0.08245584 -0.20428108
v 0.00885936 0.08245196 -0.20430330
v 0.00811442 0.08537453 -0.19906173
v 0.00811789 0.08240860 -0.20455114
v 0.00598928 0.08232593 -0.20502343
v 0.01043969 0.08254441 -0.20377508
v 0.01055730 0.08553688 -0.19807897
v 0.01163999 0.08264035 -0.20322679
v 0.01438389 0.08290828 -0.20169552
v 0.01424182 0.08289344 -0.20178030
v 0.01281181 0.08575425 -0.19677497
v 0.01239949 0.08270105 -0.20287985
v 0.01173565 0.08264799 -0.20318309
v 0.01635685 0.08317546 -0.20016768
v 0.01799147 0.08345576 -0.19856394
v 0.01661940 0.08634343 -0.19329233
v 0.01862170 0.08358912 -0.19780026
v 0.02052991 0.08404499 -0.19518797
v 0.02037643 0.08400499 -0.19541726
v 0.01814744 0.08669976 -0.19120624
v 0.01946665 0.08376793 -0.19677639
v 0.01876537 0.08361953 -0.19762616
v 0.02091134 0.08414438 -0.19461815
v 0.02225478 0.08457917 -0.19212468
v 0.02349527 0.08508204 -0.18924132
v 0.02456732 0.08563124 -0.18609626
v 0.02554686 0.08627766 -0.18240552
v 0.02339759 0.08926571 -0.17638101
v 0.02626320 0.08690687 -0.17882321
v 0.02719921 0.08798933 -0.17266680
v 0.02715322 0.08793346 -0.17298446
v 0.02425047 0.09020733 -0.17100236
v 0.02642539 0.08704934 -0.17801217
v 0.02634435 0.08697815 -0.17841739
v 0.02487256 0.09117283 -0.16550767
v 0.02776596 0.08896621 -0.16711048
v 0.02776153 0.08895478 -0.16717561
v 0.02721120 0.08800991 -0.17254976
v 0.02779727 0.08904712 -0.16664949
v 0.02532682 0.09215501 -0.15992520
v 0.02816613 0.09000036 -0.16121845
v 0.02866777 0.09200747 -0.14976530
v 0.02828981 0.09031998 -0.15939747
v 0.02819857 0.09008420 -0.16074083
v 0.02889093 0.09404699 -0.13809980
v 0.02619686 0.09615091 -0.13712830
v 0.02889460 0.09413324 -0.13760540
v 0.02889858 0.09422667 -0.13707000
v 0.01702075 0.10218850 -0.12534219
v 0.01696995 0.10144440 -0.12958230
v 0.01966331 0.09757950 -0.14611280
v 0.01667273 0.09936255 -0.14095559
v 0.01999535 0.09945752 -0.13574420
v 0.01668058 0.09939097 -0.14080539
v 0.01683238 0.10046821 -0.13491770
v 0.01906771 0.09572474 -0.15619300
v 0.01586626 0.09689959 -0.15393430
v 0.01619343 0.09762548 -0.15013659
v 0.01626624 0.09788936 -0.14874190
v 0.01648161 0.09866986 -0.14461660
v 0.01863485 0.09483693 -0.16100757
v 0.01555253 0.09620353 -0.15757610
v 0.01564461 0.09640783 -0.15650720
v 0.01463472 0.09494117 -0.16423633
v 0.01272371 0.09355414 -0.17179722
v 0.01334918 0.09385412 -0.17012114
v 0.01649004 0.09248623 -0.17396073
v 0.01251650 0.09345479 -0.17235248
v 0.01339247 0.09388504 -0.16995170
v 0.01352815 0.09398201 -0.16942067
v 0.01387626 0.09423082 -0.16805816
v 0.01188110 0.09324126 -0.17356429
v 0.01188801 0.09324360 -0.17355112
v 0.01448045 0.09155284 -0.17929058
v 0.01526282 0.09184327 -0.17761745
v 0.01077175 0.09295730 -0.17519210
v 0.01114359 0.09304615 -0.17468123
v 0.01234631 0.09223413 -0.17776526
v 0.01168665 0.09317592 -0.17393515
v 0.01063178 0.09292383 -0.17538439
v 0.00813732 0.09257283 -0.17743670
v 0.00822338 0.09258278 -0.17737816
v 0.00900537 0.09168068 -0.18101343
v 0.00938638 0.09271711 -0.17658728
v 0.00938911 0.09271743 -0.17658542
v 0.00770897 0.09253979 -0.17763371
v 0.00756117 0.09155275 -0.18178348
v 0.00693660 0.09248024 -0.17798897
v 0.00467891 0.09236075 -0.17870916
v 0.00549153 0.09239891 -0.17847815
v 0.00594269 0.09145399 -0.18238482
v 0.00586997 0.09241668 -0.17837056
v 0.00649048 0.09244584 -0.17819416
v 0.00394656 0.09234259 -0.17882070
v 0.00414652 0.09138502 -0.18281732
v 0.00386393 0.09234054 -0.17883329
v 0.00260254 0.09230928 -0.17902540
v 0.00216816 0.09134359 -0.18308349
v 0.00203846 0.09230513 -0.17905118
v 0.00198552 0.09230475 -0.17905360
v 0.01792976 0.08982853 -0.18241973
v 0.01698945 0.08947892 -0.18445437
v 0.01355948 0.09128556 -0.18084385
v 0.01587603 0.08915249 -0.18636783
v 0.01248054 0.09104396 -0.18226158
v 0.01456540 0.08885387 -0.18813305
v 0.01122810 0.09083129 -0.18352318
v 0.01304078 0.08858934 -0.18971362
v 0.00979334 0.09065078 -0.18460843
v 0.01129836 0.08836497 -0.19107373
v 0.00817613 0.09050460 -0.18550088
v 0.00935098 0.08818481 -0.19218482
v 0.00638281 0.09039261 -0.18619342
v 0.00722401 0.08804845 -0.19303615
v 0.00442024 0.09031518 -0.18668881
v 0.00494371 0.08795620 -0.19363630
v 0.02318208 0.09797963 -0.13650080
v 0.02284896 0.09603763 -0.14746920
v 0.02224936 0.09411132 -0.15823530
v 0.02180048 0.09317450 -0.16346138
v 0.02121133 0.09226706 -0.16853661
v 0.02043484 0.09139978 -0.17342135
v 0.01938924 0.09058355 -0.17806873
v 0.01872194 0.09019754 -0.18028642
v 0.02074821 0.11152011 -0.06648300
v 0.02848889 0.11772600 -0.02988119
v 0.03071772 0.11641381 -0.02936529
v 0.02706163 0.11547101 -0.03834570
v 0.01886602 0.11481100 -0.05320410
v 0.01898875 0.11490530 -0.05267820
v 0.02060476 0.11442631 -0.05240580
v 0.01973215 0.11547620 -0.04949310
v 0.02014585 0.11572150 -0.04811450
v 0.02181223 0.11515880 -0.04779130
v 0.02765878 0.11926250 -0.02708169
v 0.02963529 0.12008330 -0.02148280
v 0.03187037 0.11878480 -0.02091070
v 0.02979714 0.10696220 -0.06177290
v 0.02946569 0.10648021 -0.06585139
v 0.02689858 0.10838450 -0.06605059
v 0.02926894 0.10570951 -0.07104009
v 0.02671298 0.10761490 -0.07109330
v 0.02945048 0.10645810 -0.06603849
v 0.02927129 0.10574891 -0.07080779
v 0.02926951 0.10571921 -0.07098309
v 0.02731064 0.10902231 -0.06100509
v 0.02993990 0.10705250 -0.06071589
v 0.02991622 0.10703750 -0.06089129
v 0.03035035 0.10731221 -0.05767709
v 0.02804180 0.10950451 -0.05598269
v 0.03071263 0.10740951 -0.05584179
v 0.03196034 0.10759771 -0.05056289
v 0.03189349 0.10759191 -0.05081519
v 0.02915728 0.10983471 -0.05102329
v 0.03115371 0.10752791 -0.05360740
v 0.03075907 0.10742200 -0.05560659
v 0.03355930 0.10759691 -0.04562759
v 0.03347187 0.10760180 -0.04585719
v 0.03066300 0.11003300 -0.04616369
v 0.03317572 0.10761860 -0.04663499
v 0.03221690 0.10761991 -0.04959449
v 0.03475750 0.10752891 -0.04248039
v 0.03248810 0.11012651 -0.04141380
v 0.03539201 0.10746650 -0.04103300
v 0.03764365 0.10721081 -0.03608979
v 0.03754352 0.10722430 -0.03629749
v 0.03452111 0.11013971 -0.03675100
v 0.03670755 0.10733720 -0.03803210
v 0.03548973 0.10745691 -0.04081010
v 0.03984965 0.10691301 -0.03151240
v 0.03878142 0.10998550 -0.02752048
v 0.04208458 0.10652930 -0.02690879
v 0.04431859 0.10608590 -0.02203840
v 0.04426155 0.10609800 -0.02216610
v 0.04083457 0.10983620 -0.02287069
v 0.04282126 0.10640291 -0.02539129
v 0.04216145 0.10651610 -0.02675039
v 0.04627304 0.10561330 -0.01724450
v 0.04624010 0.10562191 -0.01732969
v 0.04271602 0.10964911 -0.01814759
v 0.04507041 0.10592681 -0.02035490
v 0.04685153 0.10546251 -0.01574839
v 0.04432629 0.10943181 -0.01332459
v 0.04792501 0.10511010 -0.01238129
v 0.04901840 0.10466601 -0.00821830
v 0.04812427 0.10504471 -0.01175629
v 0.04793592 0.10510650 -0.01234710
v 0.04995516 0.10401841 -0.00225490
v 0.04967560 0.10428290 -0.00467899
v 0.04557857 0.10919150 -0.00839689
v 0.04918278 0.10457020 -0.00733309
v 0.04917847 0.10457271 -0.00735628
v 0.04656248 0.10853041 0.00165949
v 0.05025340 0.10345211 0.00292320
v 0.05009619 0.10388491 -0.00103200
v 0.04995818 0.10401551 -0.00222869
v 0.04637725 0.10892241 -0.00338180
v 0.04655344 0.10854291 0.00165641
v 0.04481130 0.11093991 0.00105992
v 0.03522956 0.12014991 -0.00692789
v 0.03277735 0.12185131 -0.00768580
v 0.03280385 0.12188231 -0.00741939
v 0.03298706 0.12209701 -0.00557780
v 0.03307442 0.12239120 -0.00299340
v 0.03307442 0.12239321 -0.00297588
v 0.03307442 0.12239371 -0.00297188
v 0.03307442 0.12239400 -0.00296880
v 0.03307441 0.12239470 -0.00296258
v 0.03307441 0.12239480 -0.00296169
v 0.03307433 0.12239521 -0.00295849
v 0.03530138 0.12068361 -0.00219610
v 0.03200242 0.12123491 -0.01281269
v 0.03207873 0.12128930 -0.01236480
v 0.03447077 0.11972361 -0.01167089
v 0.03217176 0.12135580 -0.01181860
v 0.03263924 0.12168950 -0.00907419
v 0.03120477 0.12080311 -0.01618420
v 0.03331779 0.11926641 -0.01633359
v 0.03110639 0.12074991 -0.01660000
v 0.02969932 0.12010991 -0.02130149
v 0.02995149 0.12022461 -0.02045888
v 0.03099764 0.12070041 -0.01696339
v 0.02700992 0.11897751 -0.02882890
v 0.02644320 0.11872870 -0.03035490
v 0.02332545 0.11585411 -0.04326339
v 0.02311067 0.11726541 -0.03932829
v 0.02500359 0.11651430 -0.03878999
v 0.02316216 0.11728801 -0.03918960
v 0.02392977 0.11762501 -0.03712269
v 0.02088406 0.11615941 -0.04565460
v 0.02096300 0.11619861 -0.04543029
v 0.02159566 0.11651291 -0.04363279
v 0.01970332 0.11545401 -0.04961669
v 0.02156186 0.11304621 -0.05685929
v 0.02102877 0.11230830 -0.06166200
v 0.01781902 0.11327350 -0.06179130
v 0.01814388 0.11392341 -0.05815209
v 0.01821810 0.11407190 -0.05732049
v 0.01978699 0.11365921 -0.05710279
v 0.01821824 0.11407200 -0.05731970
v 0.01876341 0.11469401 -0.05385600
v 0.01759746 0.11224940 -0.06759269
v 0.01763097 0.11240430 -0.06671510
v 0.01779199 0.11314860 -0.06249909
v 0.01781073 0.11323520 -0.06200829
v 0.01752739 0.11118281 -0.07369459
v 0.01755063 0.11160501 -0.07127609
v 0.02377840 0.10933281 -0.07119869
v 0.03685570 0.11352180 -0.02381699
v 0.03491946 0.11339020 -0.02839959
v 0.03094858 0.11299370 -0.03751420
v 0.02904670 0.11271891 -0.04210769
v 0.02733593 0.11238190 -0.04677580
v 0.02593924 0.11196691 -0.05154420
v 0.02493234 0.11145851 -0.05640519
v 0.02429314 0.11084691 -0.06132240
v 0.02393929 0.11013211 -0.06626049
v 0.04224271 0.11375161 -0.00469948
v 0.04436438 0.11137540 -0.00402340
v 0.04144594 0.11373610 -0.00961329
v 0.04021482 0.11368711 -0.01444239
v 0.03865481 0.11361790 -0.01917429
v 0.04460166 0.11117670 0.00098811
v 0.03252411 0.11682390 -0.02485889
v 0.03767514 0.11816650 -0.00615269
v 0.03689989 0.11787350 -0.01095489
v 0.03571514 0.11754690 -0.01567519
v 0.03422538 0.11719921 -0.02030599
v 0.03547481 0.12052470 -0.00213668
v 0.03548174 0.12051831 -0.00213430
v 0.03786821 0.11833081 -0.00131719
v 0.03787155 0.11832770 -0.00131609
v 0.02244674 0.11373041 -0.05210609
v 0.02372126 0.11435950 -0.04743800
v 0.02530444 0.11493741 -0.04286099
v 0.03999168 0.11638431 -0.00059020
v 0.04024683 0.11609611 -0.00050280
v 0.04001285 0.11602440 -0.00540949
v 0.03922473 0.11586870 -0.01026870
v 0.03801386 0.11567881 -0.01504459
v 0.03648656 0.11546891 -0.01972709
v 0.04024712 0.11609581 -0.00050268
v 0.04242552 0.11363491 0.00024311
v 0.04242912 0.11363090 0.00024430
v 0.00219491 0.09764284 0.05324412
v 0.00499184 0.06588188 0.05014402
v 0.00977569 0.06614135 0.04933320
v 0.00921290 0.09772684 0.05244160
v 0.00000012 0.06580021 0.05039921
v 0.00492217 0.06588073 0.05014762
v 0.00494744 0.09766591 0.05302101
v 0.00492224 0.06588073 0.05014762
v 0.00496953 0.09766610 0.05301921
v 0.00592991 0.09767415 0.05294133
v 0.01451535 0.06653974 0.04808821
v 0.01923530 0.09804573 0.04947132
v 0.01591282 0.09791214 0.05071000
v 0.01467045 0.09787278 0.05107661
v 0.01464712 0.09787204 0.05108351
v 0.01135556 0.06622705 0.04906541
v 0.01256011 0.09780594 0.05169941
v 0.00977573 0.06614135 0.04933320
v 0.00988995 0.09774285 0.05229152
v 0.00984684 0.09774183 0.05230110
v 0.01753487 0.06683857 0.04715440
v 0.01911171 0.06707141 0.04642680
v 0.01931514 0.09804966 0.04943492
v 0.01911179 0.06707141 0.04642680
v 0.01932295 0.09805005 0.04943132
v 0.02343518 0.06770981 0.04443180
v 0.02249995 0.09820685 0.04798262
v 0.02377353 0.09828225 0.04728801
v 0.02353872 0.06773082 0.04436610
v 0.02353877 0.06773085 0.04436601
v 0.02380367 0.09828402 0.04727153
v 0.02764145 0.06856353 0.04176390
v 0.02567207 0.09839463 0.04625251
v 0.02801588 0.09855855 0.04474580
v 0.02804044 0.09856025 0.04473002
v 0.02894353 0.06882780 0.04093800
v 0.02873442 0.09860879 0.04428382
v 0.03166323 0.09884845 0.04208512
v 0.03146541 0.06950568 0.03881971
v 0.03198679 0.09887921 0.04180320
v 0.03395069 0.07017372 0.03673210
v 0.03500814 0.07054512 0.03557151
v 0.03500816 0.07054512 0.03557151
v 0.03442298 0.09911088 0.03968101
v 0.03199374 0.09887986 0.04179722
v 0.03823876 0.07167978 0.03202571
v 0.03692372 0.09938576 0.03716590
v 0.03823875 0.07167977 0.03202571
v 0.03564561 0.09924527 0.03845130
v 0.03563013 0.09924357 0.03846690
v 0.03929265 0.09968644 0.03441670
v 0.03897039 0.09964554 0.03479072
v 0.03895090 0.09964306 0.03481330
v 0.04334592 0.07424186 0.02401930
v 0.04439974 0.10054120 0.02660441
v 0.04334592 0.07424184 0.02401930
v 0.04438459 0.10053811 0.02663240
v 0.04207760 0.07344455 0.02651081
v 0.04096621 0.07293058 0.02811701
v 0.04339605 0.10033800 0.02846131
v 0.04187878 0.10007750 0.03084272
v 0.03833325 0.07171297 0.03192201
v 0.04187670 0.10007711 0.03084602
v 0.04145480 0.10000470 0.03150810
v 0.04506523 0.07532265 0.02064183
v 0.04537694 0.07560801 0.01975001
v 0.04511291 0.10068561 0.02528501
v 0.04799939 0.10146940 0.01811781
v 0.04669810 0.10107241 0.02174671
v 0.04537694 0.07560801 0.01975001
v 0.04651614 0.10102800 0.02215281
v 0.04651128 0.10102681 0.02216371
v 0.04799706 0.07849813 0.01071852
v 0.04934281 0.10206021 0.01272932
v 0.04724028 0.07731373 0.01441972
v 0.04933596 0.10205630 0.01276460
v 0.04693426 0.07703360 0.01529511
v 0.04901843 0.10187630 0.01440461
v 0.04816587 0.10153590 0.01751121
v 0.04816257 0.10153460 0.01752320
v 0.04856085 0.07938050 0.00796110
v 0.04868734 0.07998201 0.00608140
v 0.05006913 0.10259491 0.00785990
v 0.05006502 0.10259101 0.00789561
v 0.04975136 0.10229171 0.01061921
v 0.05019218 0.10271231 0.00679142
v 0.04900260 0.08148124 0.00139631
v 0.05033927 0.10313560 0.00294401
v 0.01797896 0.08324324 -0.19884094
v 0.01869902 0.08339432 -0.19797773
v 0.02111690 0.07259447 -0.20404999
v 0.02384876 0.08500753 -0.18876128
v 0.02423817 0.08521711 -0.18755826
v 0.02854821 0.07442755 -0.19352442
v 0.02495357 0.08560215 -0.18534816
v 0.02510746 0.08570954 -0.18472724
v 0.02952954 0.07496470 -0.19044024
v 0.03001782 0.09105488 -0.12580079
v 0.03087291 0.08622291 -0.12580079
v 0.03102537 0.08396602 -0.13875879
v 0.02900438 0.09290455 -0.14295710
v 0.02905411 0.09382682 -0.13764930
v 0.02906000 0.09393602 -0.13702080
v 0.02916075 0.09580423 -0.12626899
v 0.02916291 0.09588588 -0.12580079
v 0.02884283 0.09188208 -0.14886609
v 0.02999799 0.08681034 -0.15059040
v 0.02882569 0.09177357 -0.14949320
v 0.02820888 0.08931285 -0.16374307
v 0.02833838 0.08972998 -0.16132429
v 0.02981709 0.08465252 -0.16298062
v 0.02837141 0.08983641 -0.16070717
v 0.02867323 0.09080867 -0.15506970
v 0.03123750 0.07945209 -0.16467577
v 0.03123750 0.07945208 -0.16467580
v 0.02795489 0.08881833 -0.16662161
v 0.02790161 0.08871460 -0.16722541
v 0.03124440 0.07832357 -0.17115532
v 0.02756828 0.08806557 -0.17100329
v 0.02922908 0.08249759 -0.17535243
v 0.03124440 0.07832357 -0.17115536
v 0.02736570 0.08780420 -0.17253132
v 0.02728923 0.08770553 -0.17310812
v 0.02859843 0.08142489 -0.18151138
v 0.02649486 0.08679760 -0.17841176
v 0.02681824 0.08709784 -0.17666082
v 0.02581961 0.08620649 -0.18185370
v 0.02597488 0.08631482 -0.18122719
v 0.02639493 0.08670482 -0.17895286
v 0.02439182 0.08529982 -0.18708358
v 0.02869802 0.07448092 -0.19321800
v 0.02952953 0.07496469 -0.19044030
v 0.02337611 0.08480772 -0.18990450
v 0.02854820 0.07442755 -0.19352446
v 0.02319924 0.08473294 -0.19033232
v 0.02712208 0.07391946 -0.19644150
v 0.02258788 0.08447451 -0.19181104
v 0.02712206 0.07391946 -0.19644154
v 0.02195302 0.08426233 -0.19302266
v 0.02215561 0.08433004 -0.19263604
v 0.02653261 0.07370945 -0.19764723
v 0.02541615 0.07344049 -0.19919148
v 0.02116283 0.08399826 -0.19453075
v 0.02068277 0.08387152 -0.19525377
v 0.02348919 0.07298414 -0.20181167
v 0.02348916 0.07298413 -0.20181171
v 0.02046194 0.08381322 -0.19558637
v 0.02367363 0.07302072 -0.20160167
v 0.02541609 0.07344049 -0.19919156
v 0.02342770 0.07297195 -0.20188167
v 0.01891631 0.08343992 -0.19771724
v 0.01955738 0.08357444 -0.19694873
v 0.01856745 0.07224354 -0.20606518
v 0.01856739 0.07224353 -0.20606521
v 0.01663936 0.08301886 -0.20012506
v 0.01685045 0.08305420 -0.19992272
v 0.02111681 0.07259446 -0.20405008
v 0.01985091 0.07238766 -0.20523792
v 0.01429698 0.08269690 -0.20197054
v 0.01431782 0.08269899 -0.20195845
v 0.01447345 0.08271949 -0.20184098
v 0.01624169 0.08295224 -0.20050626
v 0.01581795 0.07193481 -0.20783736
v 0.01581788 0.07193480 -0.20783740
v 0.01221528 0.08248693 -0.20317780
v 0.01560184 0.07191054 -0.20797665
v 0.01182888 0.08245819 -0.20334363
v 0.01281152 0.07170958 -0.20913010
v 0.00973412 0.07151823 -0.21022852
v 0.00653309 0.07138975 -0.21096666
v 0.00597275 0.08213672 -0.20520001
v 0.00653304 0.07138975 -0.21096667
v 0.00516389 0.08210872 -0.20536216
v 0.00602661 0.08213858 -0.20518921
v 0.00758505 0.08219253 -0.20487679
v 0.00973416 0.07151823 -0.21022851
v 0.00888362 0.08226079 -0.20448249
v 0.01068441 0.07155638 -0.21000939
v 0.00899068 0.08226641 -0.20444998
v 0.01281146 0.07170958 -0.20913012
v 0.00988063 0.08231321 -0.20417975
v 0.01167719 0.08244690 -0.20340873
v 0.00302800 0.08206749 -0.20560225
v 0.00578642 0.07135979 -0.21113883
v 0.00300064 0.08206697 -0.20560532
v 0.00327666 0.07132730 -0.21132502
v 0.00327669 0.07132730 -0.21132502
v 0.00268367 0.08206084 -0.20564095
v 0.03117783 0.08170906 -0.15171710
v 0.03122825 0.08096267 -0.15600260
v 0.03088754 0.07622853 -0.18318435
v 0.03075766 0.07606984 -0.18409548
v 0.03075766 0.07606982 -0.18409553
v 0.03030044 0.07551113 -0.18730301
v 0.02523317 0.08579725 -0.18421999
v 0.03030044 0.07551113 -0.18730304
v 0.03014751 0.07532425 -0.18837587
v 0.03124800 0.07773680 -0.17452447
v 0.03111867 0.07719565 -0.17763151
v 0.03111867 0.07719564 -0.17763155
v 0.03412834 0.09565667 -0.04552990
v 0.03412231 0.09566092 -0.04555140
v 0.03388113 0.10157310 -0.04556699
v 0.03551504 0.10712111 -0.04109789
v 0.03564591 0.10710840 -0.04079240
v 0.03555432 0.10099601 -0.04072120
v 0.04632274 0.10530131 -0.01739359
v 0.04638525 0.10528470 -0.01722700
v 0.04539907 0.08781692 -0.01799599
v 0.05003566 0.10371151 -0.00229760
v 0.05004346 0.10370180 -0.00220959
v 0.04857398 0.08379634 -0.00580399
v 0.05033925 0.10314171 0.00288862
v 0.05027505 0.10341610 0.00040241
v 0.04871016 0.08306076 -0.00351629
v 0.04870971 0.08306324 -0.00352389
v 0.04993103 0.10384060 -0.00347759
v 0.04808372 0.08464097 -0.00838509
v 0.04929793 0.10425510 -0.00731888
v 0.04928233 0.10426491 -0.00741000
v 0.04742945 0.08576818 -0.01182969
v 0.04832017 0.10468940 -0.01141070
v 0.04698682 0.08621480 -0.01317399
v 0.04803596 0.10478451 -0.01232769
v 0.04807977 0.08464776 -0.00840589
v 0.04928419 0.10426410 -0.00740229
v 0.04800203 0.10479580 -0.01243719
v 0.04697400 0.08622774 -0.01321299
v 0.04714385 0.10508301 -0.01520599
v 0.04544520 0.08777037 -0.01785589
v 0.04542454 0.08779123 -0.01791859
v 0.04552085 0.10551461 -0.01952990
v 0.04341289 0.08926358 -0.02236729
v 0.04443610 0.10574871 -0.02201739
v 0.04338193 0.08928614 -0.02243539
v 0.04194783 0.09033068 -0.02559170
v 0.04134749 0.09072853 -0.02687399
v 0.04338695 0.10597500 -0.02442329
v 0.04434202 0.10576900 -0.02223319
v 0.03923700 0.09212713 -0.03138219
v 0.04002770 0.10655281 -0.03139079
v 0.04131796 0.09074810 -0.02693710
v 0.04215752 0.10618651 -0.02697329
v 0.04227768 0.10616581 -0.02672410
v 0.03921427 0.09214219 -0.03143079
v 0.03798032 0.09295993 -0.03406660
v 0.03985252 0.10658301 -0.03175419
v 0.03726129 0.09346157 -0.03596400
v 0.03778789 0.10685920 -0.03606770
v 0.03764532 0.10687831 -0.03636559
v 0.03725033 0.09346920 -0.03599290
v 0.03666521 0.10700950 -0.03841329
v 0.03555412 0.09465258 -0.04046899
v 0.03549910 0.09469131 -0.04066419
v 0.03455155 0.10721451 -0.04334679
v 0.03372520 0.10725711 -0.04561410
v 0.03203065 0.10727540 -0.05084750
v 0.03211888 0.10727710 -0.05055230
v 0.03252208 0.10193921 -0.05053649
v 0.03300088 0.10729441 -0.04760159
v 0.03361643 0.10726271 -0.04591259
v 0.03216650 0.09672960 -0.05561869
v 0.03089827 0.10712520 -0.05559800
v 0.03217355 0.09672950 -0.05555729
v 0.03092572 0.10713591 -0.05543459
v 0.03232054 0.09672741 -0.05427810
v 0.03186425 0.10727211 -0.05140420
v 0.03303207 0.09633082 -0.05054890
v 0.03125915 0.09631694 -0.06589239
v 0.02965492 0.10616401 -0.06586079
v 0.03126225 0.09632213 -0.06583630
v 0.02980548 0.10647490 -0.06347379
v 0.03151242 0.09673887 -0.06131089
v 0.03009209 0.10673111 -0.06088200
v 0.03157641 0.09673796 -0.06075399
v 0.03011017 0.10674721 -0.06071839
v 0.03158400 0.09673784 -0.06068789
v 0.03024907 0.10687130 -0.05946249
v 0.03085561 0.10710850 -0.05585189
v 0.02939377 0.10453930 -0.07612240
v 0.02939400 0.10454800 -0.07607269
v 0.03021128 0.09970720 -0.07612240
v 0.03108907 0.09567649 -0.07101480
v 0.03102857 0.09487507 -0.07612240
v 0.02941616 0.10511120 -0.07280999
v 0.02946127 0.10539860 -0.07099679
v 0.03108944 0.09568145 -0.07098309
v 0.02946135 0.10539911 -0.07099349
v 0.03111990 0.09608498 -0.06841140
v 0.02954614 0.10593931 -0.06758549
v 0.02965056 0.10615500 -0.06592999
v 0.03304063 0.09632605 -0.05050399
v 0.03369869 0.09595926 -0.04705499
v 0.03549789 0.09469217 -0.04066859
v 0.03016096 0.09745763 -0.08903930
v 0.03095037 0.09052868 -0.10107919
v 0.03011454 0.09538106 -0.10096189
v 0.03098713 0.09257177 -0.08934869
v 0.03095074 0.09054908 -0.10096200
v 0.03102680 0.09477665 -0.07668839
v 0.03102502 0.09467800 -0.07725570
v 0.03098810 0.09262565 -0.08903930
v 0.02933374 0.10228930 -0.08903930
v 0.02927834 0.10021261 -0.10096189
v 0.01468645 0.10012761 -0.12529590
v 0.01655586 0.10205350 -0.12531430
v 0.01447887 0.09801954 -0.13718160
v 0.01639071 0.10022191 -0.13556749
v 0.01436152 0.09748623 -0.14004640
v 0.01621029 0.09925158 -0.14077170
v 0.01436113 0.09748449 -0.14005580
v 0.01620541 0.09922532 -0.14091250
v 0.01610209 0.09866964 -0.14389270
v 0.01406597 0.09614306 -0.14726150
v 0.01583304 0.09779509 -0.14848410
v 0.01405539 0.09611480 -0.14740700
v 0.01405397 0.09611100 -0.14742660
v 0.01582103 0.09775606 -0.14868900
v 0.01352231 0.09469091 -0.15474330
v 0.01565181 0.09720604 -0.15157670
v 0.01523085 0.09632251 -0.15617980
v 0.01264501 0.09322832 -0.16203496
v 0.01290966 0.09356395 -0.16039058
v 0.01502453 0.09588949 -0.15843590
v 0.01520721 0.09627289 -0.15643830
v 0.01349460 0.09461689 -0.15512470
v 0.01352005 0.09468486 -0.15477450
v 0.01083789 0.09157348 -0.17009875
v 0.01244856 0.09347162 -0.17134781
v 0.01048480 0.09140522 -0.17092872
v 0.01234966 0.09342196 -0.17162230
v 0.01431657 0.09488611 -0.16369774
v 0.01428931 0.09485866 -0.16384420
v 0.01263794 0.09321936 -0.16207887
v 0.01423352 0.09480249 -0.16414402
v 0.01216601 0.09262086 -0.16501115
v 0.01365444 0.09421943 -0.16725562
v 0.01201968 0.09248919 -0.16565058
v 0.01355555 0.09414872 -0.16764039
v 0.01200850 0.09247912 -0.16569945
v 0.01347863 0.09409369 -0.16793970
v 0.01146346 0.09198867 -0.16808118
v 0.01298636 0.09374163 -0.16985512
v 0.01111470 0.09175721 -0.16920599
v 0.01109920 0.09174691 -0.16925597
v 0.01058257 0.09286081 -0.17472275
v 0.01015791 0.09196473 -0.17366632
v 0.01139742 0.09306744 -0.17358505
v 0.01152213 0.09311187 -0.17333896
v 0.01224528 0.09336956 -0.17191202
v 0.01164055 0.09315409 -0.17310529
v 0.01046828 0.09139735 -0.17096755
v 0.01000238 0.09117535 -0.17206267
v 0.00968964 0.09107772 -0.17258326
v 0.00967327 0.09107260 -0.17261052
v 0.00828004 0.09075110 -0.17448633
v 0.00860214 0.09081096 -0.17410917
v 0.00894930 0.09171373 -0.17512299
v 0.00862167 0.09081459 -0.17408629
v 0.00917811 0.09091800 -0.17343475
v 0.00924422 0.09260656 -0.17611852
v 0.00910644 0.09258902 -0.17621636
v 0.00796531 0.09072072 -0.17473866
v 0.00845030 0.09250547 -0.17668229
v 0.00794850 0.09071910 -0.17475213
v 0.00806709 0.09245668 -0.17695441
v 0.00726109 0.09065272 -0.17530325
v 0.00723478 0.09065175 -0.17531684
v 0.00761347 0.09241926 -0.17717637
v 0.00721471 0.09065101 -0.17532721
v 0.00751096 0.09241082 -0.17722653
v 0.00601196 0.09060611 -0.17594851
v 0.00662258 0.09233754 -0.17766121
v 0.00554012 0.09060463 -0.17609235
v 0.00580793 0.09229847 -0.17791861
v 0.00553163 0.09060460 -0.17609494
v 0.00574257 0.09229533 -0.17793926
v 0.00443386 0.09060112 -0.17642957
v 0.00491487 0.09225563 -0.17820078
v 0.00372774 0.09060855 -0.17653749
v 0.00390487 0.09223259 -0.17837282
v 0.00371828 0.09060865 -0.17653893
v 0.00387448 0.09223189 -0.17837800
v 0.00253919 0.09062105 -0.17671912
v 0.00265943 0.09220415 -0.17858497
v 0.00187037 0.09062524 -0.17674838
v 0.00196121 0.09219976 -0.17862253
v 0.00186952 0.09062526 -0.17674842
v 0.00005176 0.09218863 -0.17871785
v 0.00005073 0.09063663 -0.17682800
v 0.00020106 0.09218869 -0.17871723
v 0.00195587 0.09219973 -0.17862282
v 0.01045134 0.09282754 -0.17490596
v 0.01037254 0.09280757 -0.17501598
v 0.00931801 0.09261596 -0.17606612
v 0.01655601 0.10205620 -0.12529870
v 0.01516795 0.10869491 -0.07610670
v 0.01610222 0.10965841 -0.07610940
v 0.01504278 0.10646791 -0.08889309
v 0.01703649 0.11062201 -0.07611219
v 0.01492725 0.10441221 -0.10069590
v 0.01468656 0.10012951 -0.12528500
v 0.00387881 0.11651320 0.03991001
v 0.03771022 0.11853850 0.00241480
v 0.03063731 0.12376910 0.00943321
v 0.03054165 0.12379371 0.00965461
v 0.03273516 0.12151140 0.01143150
v 0.02350619 0.12497600 0.02024922
v 0.02339392 0.12498900 0.02036601
v 0.02506397 0.12234180 0.02296470
v 0.03558424 0.09955381 0.03842482
v 0.03558930 0.09955440 0.03841951
v 0.03287834 0.10647120 0.03460511
v 0.05025341 0.10345100 0.00293351
v 0.05025341 0.10345141 0.00292951
v 0.05025339 0.10344600 0.00297840
v 0.05025341 0.10344910 0.00295081
v 0.05025341 0.10345021 0.00294001
v 0.04996944 0.10290430 0.00792170
v 0.04997717 0.10291411 0.00783250
v 0.04636551 0.10829741 0.00623969
v 0.05019897 0.10319410 0.00527781
v 0.05025341 0.10345170 0.00292701
v 0.05025341 0.10345180 0.00292552
v 0.04984949 0.10275290 0.00930320
v 0.04566177 0.10800670 0.01075080
v 0.04927724 0.10238041 0.01269920
v 0.04808944 0.10185670 0.01747141
v 0.04829957 0.10192730 0.01682810
v 0.04452976 0.10772181 0.01517622
v 0.04917644 0.10231480 0.01329740
v 0.04926276 0.10237101 0.01278520
v 0.04640614 0.10134221 0.02215571
v 0.04642764 0.10134800 0.02210310
v 0.04297848 0.10744510 0.01947431
v 0.04717018 0.10154760 0.02028611
v 0.04807059 0.10185041 0.01752922
v 0.04579716 0.10117850 0.02364582
v 0.04101952 0.10717940 0.02360441
v 0.04434975 0.10085750 0.02656602
v 0.04181566 0.10039321 0.03078901
v 0.04234810 0.10047800 0.03001741
v 0.03866952 0.10692691 0.02752751
v 0.04418572 0.10082120 0.02689692
v 0.04431729 0.10085031 0.02663151
v 0.03594761 0.10669011 0.03120600
v 0.04031041 0.10015330 0.03297032
v 0.04179218 0.10038940 0.03082301
v 0.03780099 0.09981180 0.03607682
v 0.03887465 0.09995791 0.03474772
v 0.03887696 0.09995823 0.03474482
v 0.03521878 0.09951128 0.03881190
v 0.02949219 0.10627291 0.03769331
v 0.03274770 0.09926169 0.04108311
v 0.03006064 0.09902482 0.04323710
v 0.03192306 0.09918898 0.04174412
v 0.03193535 0.09919008 0.04173432
v 0.02407166 0.09860141 0.04708180
v 0.02717821 0.09880465 0.04523732
v 0.02693855 0.10245540 0.04266691
v 0.02797576 0.09886557 0.04468382
v 0.02798270 0.09886610 0.04467912
v 0.01857004 0.10206981 0.04720903
v 0.02080475 0.09842109 0.04871540
v 0.02286081 0.10224401 0.04514003
v 0.02375080 0.09858369 0.04724220
v 0.02376662 0.09858458 0.04723433
v 0.01746194 0.09826855 0.05009501
v 0.01927447 0.09835126 0.04934700
v 0.01927854 0.09835145 0.04934532
v 0.00987276 0.09803139 0.05223231
v 0.01054433 0.09804475 0.05211262
v 0.00952599 0.10184131 0.05006102
v 0.01403207 0.09814281 0.05122981
v 0.01411048 0.10193510 0.04885441
v 0.01463155 0.09816479 0.05103151
v 0.01464494 0.09816529 0.05102711
v 0.00495987 0.09795015 0.05295903
v 0.00703415 0.09797494 0.05273851
v 0.00983750 0.09803070 0.05223860
v 0.00494368 0.09794996 0.05296080
v 0.00482633 0.10178631 0.05080500
v 0.00355103 0.09793332 0.05310890
v 0.00373740 0.12606071 0.02988771
v 0.00339517 0.12310541 0.03334571
v 0.00646125 0.12601011 0.02944740
v 0.00685505 0.12306280 0.03280671
v 0.00653440 0.12600870 0.02943550
v 0.00329557 0.12606441 0.02991801
v 0.00324314 0.12606480 0.02992161
v 0.00080103 0.12608501 0.03008930
v 0.00983500 0.12591421 0.02860401
v 0.01027457 0.12299470 0.03192912
v 0.01268169 0.12579700 0.02756370
v 0.01357770 0.12290471 0.03072850
v 0.01277525 0.12579310 0.02752961
v 0.00969467 0.12591841 0.02864051
v 0.00961914 0.12592061 0.02866020
v 0.00681254 0.12600351 0.02939060
v 0.01840288 0.12545260 0.02449891
v 0.01824060 0.12546590 0.02461732
v 0.01971514 0.12266211 0.02740620
v 0.01573622 0.12563360 0.02611070
v 0.01673311 0.12279361 0.02921601
v 0.01561339 0.12564191 0.02618391
v 0.01285452 0.12578991 0.02750062
v 0.01851094 0.12544381 0.02442012
v 0.02249935 0.12251111 0.02531571
v 0.02071810 0.12526301 0.02280940
v 0.02274715 0.12506441 0.02103892
v 0.02110556 0.12522510 0.02247132
v 0.02100517 0.12523491 0.02255891
v 0.02738873 0.12215541 0.02037501
v 0.02489885 0.12481360 0.01880030
v 0.02749352 0.12442901 0.01535810
v 0.02673542 0.12455671 0.01650202
v 0.02945530 0.12195360 0.01757142
v 0.02568552 0.12470360 0.01781581
v 0.02556803 0.12472001 0.01796290
v 0.02759989 0.12441111 0.01519761
v 0.03124325 0.12173820 0.01458061
v 0.02835664 0.12428361 0.01405580
v 0.02975695 0.12399560 0.01147050
v 0.02925445 0.12409900 0.01239829
v 0.02915612 0.12411921 0.01257981
v 0.03191510 0.12335631 0.00571580
v 0.03391552 0.12127530 0.00815400
v 0.03242449 0.12310770 0.00347141
v 0.03477269 0.12103231 0.00477931
v 0.03248012 0.12308050 0.00322642
v 0.03170226 0.12342891 0.00636982
v 0.03162538 0.12345511 0.00660600
v 0.03091224 0.12369831 0.00879701
v 0.03294121 0.12272251 -0.00000518
v 0.03294077 0.12272361 0.00000450
v 0.03529704 0.12078470 0.00133921
v 0.03290435 0.12275320 0.00027210
v 0.03253538 0.12305350 0.00298292
v 0.03530138 0.12068361 -0.00219610
v 0.04002278 0.11614231 0.00344181
v 0.04223557 0.11362031 0.00442112
v 0.04158409 0.11354870 0.00853642
v 0.03940785 0.11617601 0.00734422
v 0.04054236 0.11347880 0.01257331
v 0.03842085 0.11620940 0.01117231
v 0.03911982 0.11341111 0.01649430
v 0.03707178 0.11624200 0.01489030
v 0.03732824 0.11334591 0.02026231
v 0.03537291 0.11627331 0.01846321
v 0.03518400 0.11328370 0.02384211
v 0.03334085 0.11630270 0.02185752
v 0.03270570 0.11322481 0.02719932
v 0.03099434 0.11632981 0.02504060
v 0.02922183 0.11931041 0.02276850
v 0.03143084 0.11919700 0.01976972
v 0.03334423 0.11907570 0.01657142
v 0.03494351 0.11894790 0.01320442
v 0.03621217 0.11881480 0.00970030
v 0.03713782 0.11867791 0.00609260
v 0.00415217 0.11301990 0.04291063
v 0.00778473 0.11649470 0.03926261
v 0.00826188 0.11301571 0.04222081
v 0.01163214 0.11646731 0.03823240
v 0.01229007 0.11301211 0.04112742
v 0.01535536 0.11644230 0.03684281
v 0.01619855 0.11302170 0.03965650
v 0.01891911 0.11641951 0.03510621
v 0.01994980 0.11304410 0.03782112
v 0.02229279 0.11639801 0.03303822
v 0.02350857 0.11307741 0.03563722
v 0.02544711 0.11637661 0.03065641
v 0.02684098 0.11311991 0.03312352
v 0.02835583 0.11635421 0.02798262
v 0.02991634 0.11316971 0.03030271
v 0.00361742 0.11987520 0.03672291
v 0.00730849 0.11984411 0.03612641
v 0.01027457 0.12299470 0.03192912
v 0.01095776 0.11979600 0.03516850
v 0.01448226 0.11973841 0.03386930
v 0.01784876 0.11967161 0.03224052
v 0.02103036 0.11959550 0.03029731
v 0.02400135 0.11950991 0.02805662
v 0.02673892 0.11941491 0.02553950
v 0.00441233 0.10939680 0.04572761
v 0.00464212 0.10564981 0.04835972
v 0.00871975 0.10940960 0.04500572
v 0.00914500 0.10568241 0.04761891
v 0.01292475 0.10943451 0.04385960
v 0.01353251 0.10574010 0.04643391
v 0.01701357 0.10948221 0.04231761
v 0.01780310 0.10582950 0.04483290
v 0.02094650 0.10955191 0.04039302
v 0.02191493 0.10594961 0.04283000
v 0.02468389 0.10964151 0.03810292
v 0.02582508 0.10609820 0.04044331
v 0.02818753 0.10974891 0.03546650
v 0.03142256 0.10987160 0.03250770
v 0.00826188 0.11301571 0.04222081
v 0.03086906 0.12233440 -0.00437319
v 0.01529286 0.11038961 -0.06661759
v 0.01718673 0.11228020 -0.06664959
v 0.01521546 0.10954020 -0.07125219
v 0.01708517 0.11146981 -0.07124780
v 0.01519170 0.10911760 -0.07367950
v 0.01706075 0.11104821 -0.07366650
v 0.01703675 0.11062671 -0.07608520
v 0.01549519 0.11131871 -0.06189100
v 0.01724658 0.11275770 -0.06393940
v 0.01531233 0.11054230 -0.06580090
v 0.01530326 0.11050380 -0.06599479
v 0.01921756 0.11511071 -0.04342419
v 0.02112949 0.11646950 -0.04348499
v 0.02051430 0.11614670 -0.04527619
v 0.01859611 0.11474701 -0.04519360
v 0.02010532 0.11593220 -0.04646699
v 0.01820531 0.11447281 -0.04652169
v 0.01967893 0.11565561 -0.04798260
v 0.01778981 0.11418130 -0.04793380
v 0.01925568 0.11538100 -0.04948719
v 0.01734576 0.11386970 -0.04944279
v 0.01900174 0.11521621 -0.05038979
v 0.01672669 0.11329880 -0.05220799
v 0.01855166 0.11481901 -0.05256609
v 0.01665654 0.11323411 -0.05252129
v 0.01830515 0.11460141 -0.05375819
v 0.01649725 0.11308720 -0.05323280
v 0.01815295 0.11446711 -0.05449409
v 0.01591155 0.11230131 -0.05705219
v 0.01779771 0.11397011 -0.05722430
v 0.01589937 0.11227450 -0.05718319
v 0.01768572 0.11381350 -0.05808500
v 0.01580480 0.11206721 -0.05820019
v 0.01759350 0.11368451 -0.05879370
v 0.01552919 0.11146310 -0.06116419
v 0.01738220 0.11312001 -0.06192779
v 0.01734674 0.11302530 -0.06245379
v 0.02078640 0.11602881 -0.03895730
v 0.02269503 0.11726430 -0.03901969
v 0.02229366 0.11708030 -0.04009539
v 0.02019217 0.11568110 -0.04064919
v 0.02346676 0.11761811 -0.03695150
v 0.02078795 0.11602981 -0.03895289
v 0.02600970 0.11878411 -0.03013630
v 0.02332098 0.11740741 -0.03217289
v 0.02410568 0.11782271 -0.03008059
v 0.02954119 0.12029731 -0.02033889
v 0.02926573 0.12017401 -0.02120319
v 0.02734468 0.11956830 -0.02116610
v 0.02904165 0.12007371 -0.02190639
v 0.02621930 0.11894150 -0.02444489
v 0.02808213 0.11966851 -0.02451389
v 0.02539931 0.11850741 -0.02663129
v 0.02655366 0.11902311 -0.02866769
v 0.02626642 0.11890181 -0.02944830
v 0.02814565 0.12001440 -0.01883250
v 0.02821140 0.12005651 -0.01860149
v 0.03050474 0.12072841 -0.01731539
v 0.02876962 0.12041411 -0.01663988
v 0.03064588 0.12195301 -0.00732268
v 0.03263214 0.12211951 -0.00626620
v 0.03250867 0.12199611 -0.00730749
v 0.03062454 0.12191650 -0.00760470
v 0.03249768 0.12198511 -0.00740020
v 0.03055759 0.12184771 -0.00805320
v 0.03222975 0.12171721 -0.00965989
v 0.03010224 0.12138000 -0.01110310
v 0.03182818 0.12145380 -0.01176679
v 0.02989899 0.12122240 -0.01202529
v 0.03178035 0.12142241 -0.01201769
v 0.02968092 0.12105340 -0.01301469
v 0.03152264 0.12125341 -0.01336979
v 0.02926758 0.12073311 -0.01489010
v 0.03081931 0.12089061 -0.01609598
v 0.03067547 0.12081640 -0.01665359
v -0.01691253 0.11314560 -0.05824180
v -0.01693176 0.11315941 -0.05818299
v -0.01635462 0.11261780 -0.05813400
v -0.01602221 0.11298630 -0.05927780
v -0.01598150 0.11254361 -0.05876260
v -0.01558799 0.11202031 -0.05847759
v -0.01558604 0.11202000 -0.05847990
v -0.01551683 0.11200960 -0.05856190
v -0.01546818 0.11200690 -0.05860539
v -0.01575282 0.11206231 -0.05820620
v -0.01568885 0.11204130 -0.05833250
v -0.01592164 0.11229150 -0.05843020
v -0.01568005 0.11203840 -0.05834979
v -0.01565640 0.11203061 -0.05839649
v -0.01575496 0.11206421 -0.05819740
v -0.01602186 0.11231850 -0.05821909
v -0.01576174 0.11207020 -0.05816960
v -0.01630768 0.11259550 -0.05827310
v -0.01579506 0.11209971 -0.05803300
v -0.01699382 0.11320391 -0.05799339
v -0.01663988 0.11306260 -0.05866169
v -0.01669985 0.11307001 -0.05860189
v -0.01683760 0.11311890 -0.05836869
v -0.01685668 0.11312571 -0.05833639
v -0.01659862 0.11305751 -0.05870289
v -0.01616747 0.11256301 -0.05853219
v -0.01633980 0.11302550 -0.05896099
v -0.01072274 0.11030321 -0.07945939
v -0.01082846 0.11025421 -0.07965710
v -0.01278147 0.11012021 -0.07890490
v -0.01087658 0.11023681 -0.07971929
v -0.01102400 0.11019301 -0.07985499
v -0.01111269 0.11017121 -0.07991029
v -0.01133469 0.11012591 -0.07999650
v -0.01137997 0.11011780 -0.08000720
v -0.01244090 0.11007280 -0.07944009
v -0.01172296 0.11006611 -0.08003619
v -0.01203508 0.11003100 -0.07999400
v -0.01272840 0.11005720 -0.07930580
v -0.01270076 0.11004541 -0.07939460
v -0.01210054 0.11002540 -0.07997520
v -0.01231212 0.11001291 -0.07988189
v -0.01237605 0.11001140 -0.07984069
v -0.01252118 0.11001461 -0.07970979
v -0.01259058 0.11002121 -0.07961819
v -0.01278197 0.11024231 -0.07820739
v -0.01062933 0.11052681 -0.07825450
v -0.01278196 0.11012871 -0.07885629
v -0.01062934 0.11041281 -0.07890580
v -0.01066436 0.11034520 -0.07926449
v -0.01278198 0.11035290 -0.07757620
v -0.01170693 0.11049521 -0.07759840
v -0.01062932 0.11063771 -0.07762069
v -0.01112803 0.10902740 -0.08643190
v -0.01234461 0.10894710 -0.08594110
v -0.01112797 0.10919101 -0.08549729
v -0.00989891 0.10943731 -0.08504890
v -0.00989892 0.10927291 -0.08598829
v -0.00989894 0.10910850 -0.08692770
v -0.01112765 0.10512700 -0.10870889
v -0.01234352 0.10504461 -0.10821800
v -0.01112759 0.10529050 -0.10777479
v -0.00989921 0.10553891 -0.10732699
v -0.00989922 0.10537461 -0.10826590
v -0.00989923 0.10521030 -0.10920489
v -0.01112463 0.09865474 -0.14490650
v -0.01233492 0.09856234 -0.14441580
v -0.01112462 0.09883020 -0.14397820
v -0.00990137 0.09909935 -0.14353570
v -0.00990157 0.09892472 -0.14446930
v -0.00990177 0.09874949 -0.14540260
v 0.01932210 0.10183340 -0.12199600
v 0.01931648 0.10214341 -0.12205980
v 0.01932456 0.10187661 -0.12174710
v 0.01931903 0.10218841 -0.12180119
v 0.01938475 0.10218361 -0.12170889
v 0.01938743 0.10187170 -0.12165950
v 0.01936397 0.10187661 -0.12167509
v 0.01935716 0.10218901 -0.12172870
v 0.01936036 0.10187720 -0.12167849
v 0.01934304 0.10187990 -0.12169490
v 0.01934994 0.10219040 -0.12173390
v 0.01933992 0.10188010 -0.12169940
v 0.01933546 0.10219211 -0.12175020
v 0.01933349 0.10219240 -0.12175239
v 0.01933297 0.10188060 -0.12170959
v 0.01932855 0.10219240 -0.12176130
v 0.01932476 0.10219240 -0.12176820
v 0.01933267 0.10188060 -0.12171000
v 0.01932360 0.10219201 -0.12177270
v 0.01932868 0.10188010 -0.12172009
v 0.01932785 0.10188000 -0.12172220
v 0.01932085 0.10219101 -0.12178320
v 0.01932456 0.10187661 -0.12174710
v 0.01931903 0.10218841 -0.12180119
v 0.02005950 0.10202530 -0.12132280
v 0.02006202 0.10171071 -0.12127299
v 0.01972267 0.10210670 -0.12151590
v 0.01938743 0.10187170 -0.12165950
v 0.01938475 0.10218361 -0.12170889
v 0.02029011 0.10196220 -0.12121570
v 0.02038968 0.10193320 -0.12117650
v 0.02028643 0.10164860 -0.12116789
v 0.02040643 0.10161290 -0.12112100
v 0.02022218 0.10198191 -0.12124260
v 0.02006202 0.10171071 -0.12127299
v 0.02005950 0.10202530 -0.12132280
v 0.02006262 0.10207130 -0.12105720
v 0.02006528 0.10175831 -0.12099780
v 0.02022345 0.10200241 -0.12112429
v 0.02023315 0.10168590 -0.12106709
v 0.02029074 0.10197451 -0.12114579
v 0.02040643 0.10161290 -0.12112100
v 0.02038968 0.10193320 -0.12117650
v 0.02030314 0.10196930 -0.12114979
v 0.02006528 0.10175831 -0.12099780
v 0.02006262 0.10207130 -0.12105720
v 0.01939799 0.10204290 -0.12067329
v 0.01972943 0.10221431 -0.12089540
v 0.01939518 0.10235321 -0.12073219
v 0.01933467 0.10238301 -0.12067349
v 0.01933148 0.10238920 -0.12064439
v 0.01933700 0.10207750 -0.12059010
v 0.01933874 0.10207300 -0.12061230
v 0.01934027 0.10207151 -0.12061770
v 0.01933471 0.10238290 -0.12067390
v 0.01934228 0.10206961 -0.12062489
v 0.01933919 0.10237951 -0.12068519
v 0.01934428 0.10206830 -0.12062849
v 0.01934008 0.10237880 -0.12068750
v 0.01934890 0.10206530 -0.12063690
v 0.01934572 0.10237561 -0.12069549
v 0.01935001 0.10206480 -0.12063810
v 0.01934841 0.10237401 -0.12069929
v 0.01935857 0.10206041 -0.12064720
v 0.01935501 0.10237091 -0.12070489
v 0.01936576 0.10236590 -0.12071409
v 0.01935936 0.10206000 -0.12064799
v 0.01936631 0.10236561 -0.12071440
v 0.01937033 0.10205510 -0.12065519
v 0.01939799 0.10204290 -0.12067329
v 0.01939518 0.10235321 -0.12073219
v 0.01933700 0.10207750 -0.12059010
v 0.01933148 0.10238920 -0.12064439
v 0.01933946 0.10212050 -0.12034250
v 0.01933403 0.10243390 -0.12038720
v 0.02029204 0.10201371 -0.12091209
v 0.02050484 0.10191720 -0.12102820
v 0.02050325 0.10160210 -0.12097889
v 0.01992115 0.10218200 -0.12070970
v 0.01933946 0.10212050 -0.12034250
v 0.01933403 0.10243390 -0.12038720
v 0.02123910 0.10164030 -0.12099270
v 0.02123344 0.10132351 -0.12094310
v 0.02087294 0.10178131 -0.12101080
v 0.02050325 0.10160210 -0.12097889
v 0.02050484 0.10191720 -0.12102820
v 0.02123344 0.10132351 -0.12094310
v 0.02123910 0.10164030 -0.12099270
v 0.02123092 0.10127890 -0.12120010
v 0.02123646 0.10159381 -0.12126069
v 0.02123092 0.10127890 -0.12120010
v 0.02123646 0.10159381 -0.12126069
v 0.02050070 0.10155571 -0.12124560
v 0.02087028 0.10173391 -0.12128380
v 0.02050217 0.10186901 -0.12130589
v 0.02050070 0.10155571 -0.12124560
v 0.02050217 0.10186901 -0.12130589
v 0.02028774 0.10192121 -0.12144270
v 0.01932210 0.10183340 -0.12199600
v 0.01991108 0.10201301 -0.12168310
v 0.01931648 0.10214341 -0.12205980
v 0.01932456 0.10187661 -0.12174710
v 0.01932785 0.10188000 -0.12172220
v 0.01932868 0.10188010 -0.12172009
v 0.01932210 0.10183340 -0.12199600
v 0.01933267 0.10188060 -0.12171000
v 0.01933297 0.10188060 -0.12170959
v 0.01933992 0.10188010 -0.12169940
v 0.01934304 0.10187990 -0.12169490
v 0.01936036 0.10187720 -0.12167849
v 0.01936397 0.10187661 -0.12167509
v 0.01938743 0.10187170 -0.12165950
v 0.02050070 0.10155571 -0.12124560
v 0.02006202 0.10171071 -0.12127299
v 0.02040643 0.10161290 -0.12112100
v 0.02023315 0.10168590 -0.12106709
v 0.02050325 0.10160210 -0.12097889
v 0.02006528 0.10175831 -0.12099780
v 0.01933946 0.10212050 -0.12034250
v 0.01939799 0.10204290 -0.12067329
v 0.01937033 0.10205510 -0.12065519
v 0.01935936 0.10206000 -0.12064799
v 0.01935857 0.10206041 -0.12064720
v 0.01935001 0.10206480 -0.12063810
v 0.01934890 0.10206530 -0.12063690
v 0.01934428 0.10206830 -0.12062849
v 0.01934228 0.10206961 -0.12062489
v 0.01934027 0.10207151 -0.12061770
v 0.01933700 0.10207750 -0.12059010
v 0.01933874 0.10207300 -0.12061230
v 0.02028643 0.10164860 -0.12116789
v 0.02123092 0.10127890 -0.12120010
v 0.02123344 0.10132351 -0.12094310
v 0.02030160 0.10220771 -0.11979919
v 0.02051693 0.10213241 -0.11978979
v 0.02051683 0.10181671 -0.11974049
v 0.01992987 0.10233751 -0.11981559
v 0.01934382 0.10221691 -0.11979049
v 0.01933835 0.10252961 -0.11983929
v 0.02051683 0.10181671 -0.11974049
v 0.02051693 0.10213241 -0.11978979
v 0.02084769 0.10168970 -0.11974479
v 0.02085047 0.10200580 -0.11979449
v 0.02086877 0.10168140 -0.11974540
v 0.02086877 0.10168140 -0.11974540
v 0.02085047 0.10200580 -0.11979449
v 0.02030460 0.10227650 -0.11940289
v 0.01939846 0.10239470 -0.11868770
v 0.02012488 0.10236561 -0.11927400
v 0.01939500 0.10270521 -0.11874609
v 0.01935281 0.10272921 -0.11868690
v 0.01935080 0.10273561 -0.11865449
v 0.01935633 0.10242390 -0.11860020
v 0.01935648 0.10242000 -0.11862150
v 0.01935776 0.10241771 -0.11863209
v 0.01935345 0.10272721 -0.11869700
v 0.01935904 0.10241550 -0.11864270
v 0.01935406 0.10272670 -0.11869889
v 0.01935927 0.10241520 -0.11864329
v 0.01936248 0.10241260 -0.11865260
v 0.01935746 0.10272381 -0.11870910
v 0.01935765 0.10272361 -0.11870970
v 0.01936269 0.10241240 -0.11865319
v 0.01936303 0.10272050 -0.11871750
v 0.01936734 0.10240960 -0.11866020
v 0.01936373 0.10272011 -0.11871850
v 0.01936871 0.10240880 -0.11866229
v 0.01937180 0.10271631 -0.11872560
v 0.01937540 0.10240571 -0.11866800
v 0.01939846 0.10239470 -0.11868770
v 0.01939500 0.10270521 -0.11874609
v 0.01935633 0.10242390 -0.11860020
v 0.01935080 0.10273561 -0.11865449
v 0.01935788 0.10244980 -0.11845080
v 0.01935241 0.10276250 -0.11849960
v 0.02126480 0.10208790 -0.11841439
v 0.02125915 0.10177101 -0.11836480
v 0.02031477 0.10244230 -0.11845970
v 0.02031475 0.10212751 -0.11841050
v 0.02031350 0.10244281 -0.11845979
v 0.01935788 0.10244980 -0.11845080
v 0.01935241 0.10276250 -0.11849960
v 0.02125915 0.10177101 -0.11836480
v 0.02126480 0.10208790 -0.11841439
v 0.02125702 0.10173381 -0.11857910
v 0.02126257 0.10204880 -0.11863969
v 0.02031094 0.10239981 -0.11869709
v 0.02008855 0.10247851 -0.11870979
v 0.02008864 0.10216650 -0.11864979
v 0.02125702 0.10173381 -0.11857910
v 0.02126257 0.10204880 -0.11863969
v 0.02067798 0.10227000 -0.11867599
v 0.01979050 0.10258150 -0.11870799
v 0.01977315 0.10227681 -0.11864779
v 0.01993952 0.10253000 -0.11871150
v 0.02008864 0.10216650 -0.11864979
v 0.02008855 0.10247851 -0.11870979
v 0.02120587 0.10187420 -0.11975070
v 0.02120226 0.10155690 -0.11969980
v 0.02050050 0.10223740 -0.11923269
v 0.01977315 0.10227681 -0.11864779
v 0.02030726 0.10233101 -0.11908990
v 0.01979050 0.10258150 -0.11870799
v 0.02124967 0.10184050 -0.11984129
v 0.02124407 0.10152460 -0.11978630
v 0.02124106 0.10153100 -0.11975709
v 0.02124634 0.10184720 -0.11981129
v 0.02124051 0.10153221 -0.11975169
v 0.02124544 0.10184900 -0.11980330
v 0.02123871 0.10153390 -0.11974600
v 0.02124418 0.10185010 -0.11979950
v 0.02123552 0.10153701 -0.11973599
v 0.02124062 0.10185351 -0.11978880
v 0.02123543 0.10153711 -0.11973570
v 0.02124050 0.10185360 -0.11978840
v 0.02122988 0.10154081 -0.11972749
v 0.02123451 0.10185760 -0.11977960
v 0.02122738 0.10154251 -0.11972369
v 0.02123104 0.10185991 -0.11977450
v 0.02122270 0.10154520 -0.11971930
v 0.02122705 0.10186210 -0.11977070
v 0.02120226 0.10155690 -0.11969980
v 0.02120587 0.10187420 -0.11975070
v 0.02124407 0.10152460 -0.11978630
v 0.02124967 0.10184050 -0.11984129
v 0.02124266 0.10150161 -0.11991900
v 0.02124820 0.10181650 -0.11997960
v 0.02124266 0.10150161 -0.11991900
v 0.02124820 0.10181650 -0.11997960
v 0.02029812 0.10185560 -0.11997700
v 0.02029399 0.10215081 -0.12003370
v 0.01934116 0.10217560 -0.12002839
v 0.01933558 0.10248640 -0.12008799
v 0.01934116 0.10217560 -0.12002839
v 0.01933558 0.10248640 -0.12008799
v 0.01934382 0.10221691 -0.11979049
v 0.01933835 0.10252961 -0.11983929
v 0.02029812 0.10185560 -0.11997700
v 0.01934116 0.10217560 -0.12002839
v 0.01934382 0.10221691 -0.11979049
v 0.02125915 0.10177101 -0.11836480
v 0.02125702 0.10173381 -0.11857910
v 0.02031474 0.10212751 -0.11841050
v 0.02008864 0.10216650 -0.11864979
v 0.01935788 0.10244980 -0.11845080
v 0.01977315 0.10227681 -0.11864779
v 0.02086877 0.10168140 -0.11974540
v 0.01939846 0.10239470 -0.11868770
v 0.01937540 0.10240571 -0.11866800
v 0.01936871 0.10240880 -0.11866229
v 0.01936734 0.10240960 -0.11866020
v 0.01936269 0.10241240 -0.11865319
v 0.01936248 0.10241260 -0.11865260
v 0.02120226 0.10155690 -0.11969980
v 0.02122270 0.10154520 -0.11971930
v 0.02122738 0.10154251 -0.11972369
v 0.02122988 0.10154081 -0.11972749
v 0.02123543 0.10153711 -0.11973570
v 0.02123552 0.10153701 -0.11973599
v 0.01935927 0.10241520 -0.11864329
v 0.01935904 0.10241550 -0.11864270
v 0.01935776 0.10241771 -0.11863209
v 0.01935648 0.10242000 -0.11862150
v 0.01935633 0.10242390 -0.11860020
v 0.02123871 0.10153390 -0.11974600
v 0.02124051 0.10153221 -0.11975169
v 0.02124106 0.10153100 -0.11975709
v 0.02051683 0.10181671 -0.11974049
v 0.02084769 0.10168970 -0.11974479
v 0.02124266 0.10150161 -0.11991900
v 0.02124407 0.10152460 -0.11978630
v 0.01936756 0.10263301 -0.11739990
v 0.01936200 0.10294410 -0.11745779
v 0.01937095 0.10268790 -0.11708419
v 0.01936546 0.10300030 -0.11713479
v 0.02128551 0.10245370 -0.11630819
v 0.02127983 0.10213630 -0.11626120
v 0.02033088 0.10274491 -0.11672220
v 0.02033085 0.10243001 -0.11667340
v 0.02032825 0.10274560 -0.11672329
v 0.01937095 0.10268790 -0.11708419
v 0.01936546 0.10300030 -0.11713479
v 0.02127983 0.10213630 -0.11626120
v 0.02128551 0.10245370 -0.11630819
v 0.02127783 0.10210071 -0.11646640
v 0.02128343 0.10241671 -0.11652169
v 0.02127013 0.10241391 -0.11656739
v 0.02126558 0.10209810 -0.11650900
v 0.02127116 0.10209740 -0.11650010
v 0.02122984 0.10242411 -0.11660119
v 0.02122770 0.10210781 -0.11654080
v 0.02125284 0.10241740 -0.11658670
v 0.02124944 0.10210141 -0.11652729
v 0.02125290 0.10241740 -0.11658659
v 0.02124956 0.10210141 -0.11652720
v 0.02125749 0.10209971 -0.11651870
v 0.02126351 0.10209830 -0.11651230
v 0.02126860 0.10241411 -0.11657000
v 0.02126143 0.10241561 -0.11657760
v 0.02127783 0.10210071 -0.11646640
v 0.02128343 0.10241671 -0.11652169
v 0.02127515 0.10209781 -0.11648899
v 0.02128088 0.10241370 -0.11654390
v 0.02127428 0.10209771 -0.11649139
v 0.02127956 0.10241350 -0.11654800
v 0.02127128 0.10209740 -0.11649989
v 0.02127722 0.10241321 -0.11655540
v 0.02127594 0.10241330 -0.11655760
v 0.02122770 0.10210781 -0.11654080
v 0.02122984 0.10242411 -0.11660119
v 0.02100993 0.10217860 -0.11663380
v 0.02101375 0.10249331 -0.11669329
v 0.02079152 0.10224740 -0.11672670
v 0.02079704 0.10256061 -0.11678520
v 0.02079152 0.10224740 -0.11672670
v 0.02079704 0.10256061 -0.11678520
v 0.02078195 0.10209340 -0.11761509
v 0.02078755 0.10240790 -0.11766600
v 0.02078195 0.10209340 -0.11761509
v 0.02078755 0.10240790 -0.11766600
v 0.02099828 0.10199660 -0.11768409
v 0.02100222 0.10231280 -0.11773460
v 0.02121397 0.10189811 -0.11775250
v 0.02121629 0.10221611 -0.11780259
v 0.02126649 0.10218700 -0.11785270
v 0.02126900 0.10218151 -0.11787829
v 0.02126340 0.10186551 -0.11782330
v 0.02126325 0.10186651 -0.11781799
v 0.02126117 0.10187070 -0.11779899
v 0.02126627 0.10218721 -0.11785209
v 0.02126096 0.10187091 -0.11779840
v 0.02125741 0.10187410 -0.11778860
v 0.02126247 0.10219060 -0.11784150
v 0.02125711 0.10187430 -0.11778779
v 0.02126236 0.10219070 -0.11784120
v 0.02125283 0.10187730 -0.11778120
v 0.02125718 0.10219420 -0.11783340
v 0.02125075 0.10187871 -0.11777800
v 0.02125375 0.10219651 -0.11782820
v 0.02124497 0.10188201 -0.11777240
v 0.02124910 0.10219910 -0.11782389
v 0.02123786 0.10188611 -0.11776550
v 0.02124037 0.10220411 -0.11781579
v 0.02123687 0.10188660 -0.11776500
v 0.02123866 0.10220501 -0.11781430
v 0.02121397 0.10189811 -0.11775250
v 0.02121629 0.10221611 -0.11780259
v 0.02126340 0.10186551 -0.11782330
v 0.02126900 0.10218151 -0.11787829
v 0.02126111 0.10183040 -0.11802609
v 0.02126662 0.10214490 -0.11808929
v 0.02031968 0.10224860 -0.11771850
v 0.02126111 0.10183040 -0.11802609
v 0.02126662 0.10214490 -0.11808929
v 0.01936200 0.10294410 -0.11745779
v 0.01936756 0.10263301 -0.11739990
v 0.02031930 0.10256151 -0.11777890
v 0.02031959 0.10256141 -0.11777900
v 0.02062381 0.10247911 -0.11761340
v 0.02062935 0.10216041 -0.11756619
v 0.02026468 0.10263090 -0.11749890
v 0.01990196 0.10246550 -0.11733389
v 0.01990397 0.10277791 -0.11738310
v 0.01990397 0.10277791 -0.11738310
v 0.01990196 0.10246550 -0.11733389
v 0.01972149 0.10284900 -0.11733050
v 0.01951588 0.10261441 -0.11723129
v 0.01963271 0.10288250 -0.11730850
v 0.01953639 0.10291841 -0.11728480
v 0.01990744 0.10250531 -0.11709930
v 0.01990932 0.10281591 -0.11715860
v 0.01965343 0.10257600 -0.11718960
v 0.01972459 0.10286631 -0.11722740
v 0.01951588 0.10261441 -0.11723129
v 0.01953639 0.10291841 -0.11728480
v 0.02063724 0.10229441 -0.11679460
v 0.02063154 0.10261030 -0.11685769
v 0.02027317 0.10240240 -0.11694709
v 0.02027122 0.10271560 -0.11700840
v 0.01990744 0.10250531 -0.11709930
v 0.01990932 0.10281591 -0.11715860
v 0.02062935 0.10216041 -0.11756619
v 0.02062381 0.10247911 -0.11761340
v 0.02063724 0.10229441 -0.11679460
v 0.02063154 0.10261030 -0.11685769
v 0.01936756 0.10263301 -0.11739990
v 0.01937095 0.10268790 -0.11708419
v 0.01951588 0.10261441 -0.11723129
v 0.02062935 0.10216041 -0.11756619
v 0.02126111 0.10183040 -0.11802609
v 0.02031968 0.10224860 -0.11771850
v 0.01990196 0.10246550 -0.11733389
v 0.02079152 0.10224740 -0.11672670
v 0.02127983 0.10213630 -0.11626120
v 0.02100993 0.10217860 -0.11663380
v 0.02127783 0.10210071 -0.11646640
v 0.02127515 0.10209781 -0.11648899
v 0.02127428 0.10209771 -0.11649139
v 0.02127128 0.10209740 -0.11649989
v 0.02127116 0.10209740 -0.11650010
v 0.02126558 0.10209810 -0.11650900
v 0.02126351 0.10209830 -0.11651230
v 0.02125749 0.10209971 -0.11651870
v 0.02124956 0.10210141 -0.11652720
v 0.02122770 0.10210781 -0.11654080
v 0.02124944 0.10210141 -0.11652729
v 0.02124485 0.10188190 -0.11777310
v 0.02099828 0.10199660 -0.11768409
v 0.02121397 0.10189811 -0.11775250
v 0.02123687 0.10188660 -0.11776500
v 0.02123786 0.10188611 -0.11776550
v 0.02124497 0.10188201 -0.11777240
v 0.02125075 0.10187871 -0.11777800
v 0.02125283 0.10187730 -0.11778120
v 0.02125711 0.10187430 -0.11778779
v 0.02125741 0.10187410 -0.11778860
v 0.02126096 0.10187091 -0.11779840
v 0.02126117 0.10187070 -0.11779899
v 0.02126325 0.10186651 -0.11781799
v 0.02126340 0.10186551 -0.11782330
v 0.02078195 0.10209340 -0.11761509
v 0.02063724 0.10229441 -0.11679460
v 0.02033085 0.10243001 -0.11667340
v 0.02027317 0.10240240 -0.11694709
v 0.01990744 0.10250531 -0.11709930
v 0.01965343 0.10257600 -0.11718960
v 0.01963271 0.10288250 -0.11730850
v 0.01953639 0.10291841 -0.11728480
v 0.01972459 0.10286631 -0.11722740
v 0.02063154 0.10261030 -0.11685769
v 0.02062381 0.10247911 -0.11761340
v 0.02027122 0.10271560 -0.11700840
v 0.02026468 0.10263090 -0.11749890
v 0.01990932 0.10281591 -0.11715860
v 0.01990397 0.10277791 -0.11738310
v 0.01972149 0.10284900 -0.11733050
v 0.01941971 0.10307100 -0.11573520
v 0.01939484 0.10323140 -0.11577720
v 0.01941907 0.10314590 -0.11574710
v 0.01939748 0.10323111 -0.11577450
v 0.01941837 0.10322700 -0.11575990
v 0.01942104 0.10291510 -0.11571049
v 0.01940292 0.10291881 -0.11572279
v 0.01939837 0.10291951 -0.11572700
v 0.01939493 0.10292010 -0.11573019
v 0.01938865 0.10323230 -0.11578370
v 0.01939219 0.10292020 -0.11573430
v 0.01938766 0.10323230 -0.11578529
v 0.01938937 0.10292041 -0.11573849
v 0.01938334 0.10323240 -0.11579249
v 0.01938860 0.10292031 -0.11574080
v 0.01938318 0.10323240 -0.11579300
v 0.01938576 0.10291971 -0.11574910
v 0.01938054 0.10323170 -0.11580160
v 0.01938540 0.10291941 -0.11575180
v 0.01938022 0.10323121 -0.11580499
v 0.01938370 0.10291771 -0.11576420
v 0.01937898 0.10322931 -0.11581829
v 0.01938337 0.10291740 -0.11576669
v 0.01937726 0.10322661 -0.11583659
v 0.01938245 0.10291180 -0.11580000
v 0.01937692 0.10322361 -0.11585420
v 0.01941907 0.10314590 -0.11574710
v 0.01941837 0.10322700 -0.11575990
v 0.01997845 0.10309591 -0.11544540
v 0.01941907 0.10314590 -0.11574710
v 0.01997845 0.10309591 -0.11544540
v 0.01941971 0.10307100 -0.11573520
v 0.01942104 0.10291510 -0.11571049
v 0.01941971 0.10307100 -0.11573520
v 0.01998110 0.10278180 -0.11539560
v 0.02053794 0.10263611 -0.11508050
v 0.02034040 0.10300280 -0.11524080
v 0.02053538 0.10295260 -0.11513060
v 0.02083605 0.10286390 -0.11499290
v 0.02085187 0.10254181 -0.11493699
v 0.02074123 0.10257621 -0.11498390
v 0.02068419 0.10291011 -0.11505729
v 0.02053794 0.10263611 -0.11508050
v 0.02053538 0.10295260 -0.11513060
v 0.02054287 0.10267910 -0.11482739
v 0.02085187 0.10254181 -0.11493699
v 0.02083605 0.10286390 -0.11499290
v 0.02075841 0.10289801 -0.11496760
v 0.02068671 0.10292930 -0.11494420
v 0.02054022 0.10299401 -0.11488720
v 0.01943007 0.10347191 -0.11435640
v 0.01943274 0.10316170 -0.11429739
v 0.01998669 0.10323871 -0.11462379
v 0.01998939 0.10292630 -0.11456440
v 0.02034403 0.10308081 -0.11479379
v 0.02054287 0.10267910 -0.11482739
v 0.02054022 0.10299401 -0.11488720
v 0.01939945 0.10348550 -0.11433509
v 0.01939707 0.10348691 -0.11433160
v 0.01940212 0.10317560 -0.11427479
v 0.01939676 0.10348700 -0.11433110
v 0.01940098 0.10317650 -0.11427189
v 0.01939559 0.10348790 -0.11432809
v 0.01939978 0.10317740 -0.11426890
v 0.01939455 0.10348880 -0.11432539
v 0.01939913 0.10317850 -0.11426390
v 0.01939393 0.10349010 -0.11431869
v 0.01939867 0.10317930 -0.11426030
v 0.01939316 0.10349190 -0.11431030
v 0.01939879 0.10318100 -0.11425039
v 0.01939324 0.10349290 -0.11430459
v 0.01939914 0.10318641 -0.11421949
v 0.01939377 0.10349910 -0.11426840
v 0.01939929 0.10318731 -0.11421409
v 0.01940227 0.10317550 -0.11427520
v 0.01940409 0.10317450 -0.11427769
v 0.01940098 0.10348460 -0.11433729
v 0.01940657 0.10317311 -0.11428100
v 0.01940628 0.10348201 -0.11434219
v 0.01941001 0.10317151 -0.11428390
v 0.01940877 0.10348080 -0.11434449
v 0.01941437 0.10316941 -0.11428750
v 0.01943007 0.10347191 -0.11435640
v 0.01943274 0.10316170 -0.11429739
v 0.01940167 0.10322800 -0.11397979
v 0.01939620 0.10354081 -0.11402859
v 0.02035856 0.10290490 -0.11393940
v 0.01940167 0.10322800 -0.11397979
v 0.01939620 0.10354081 -0.11402859
v 0.02130853 0.10286441 -0.11394310
v 0.02130287 0.10254741 -0.11389349
v 0.02035858 0.10321981 -0.11398860
v 0.02035139 0.10322220 -0.11398890
v 0.02130287 0.10254741 -0.11389349
v 0.02130853 0.10286441 -0.11394310
v 0.02130075 0.10251021 -0.11410769
v 0.02130629 0.10282531 -0.11416839
v 0.02130075 0.10251021 -0.11410769
v 0.02130629 0.10282531 -0.11416839
v 0.02068474 0.10274640 -0.11414650
v 0.02068742 0.10305980 -0.11420680
v 0.02006319 0.10296811 -0.11418249
v 0.02034877 0.10317910 -0.11422610
v 0.02006308 0.10327981 -0.11424240
v 0.02006319 0.10296811 -0.11418249
v 0.02006308 0.10327981 -0.11424240
v 0.01987009 0.10303560 -0.11418170
v 0.01996925 0.10331200 -0.11424440
v 0.01977739 0.10306791 -0.11417849
v 0.01988277 0.10334211 -0.11424189
v 0.01967684 0.10310260 -0.11417500
v 0.01970239 0.10340410 -0.11423559
v 0.02100165 0.10282181 -0.11486940
v 0.02099892 0.10250521 -0.11481920
v 0.02035436 0.10312091 -0.11455499
v 0.02034035 0.10281221 -0.11449969
v 0.02034663 0.10312430 -0.11455119
v 0.01967684 0.10310260 -0.11417500
v 0.01970239 0.10340410 -0.11423559
v 0.02105706 0.10278490 -0.11495489
v 0.02105148 0.10247001 -0.11490010
v 0.02105014 0.10247371 -0.11488209
v 0.02105439 0.10279091 -0.11492720
v 0.02104809 0.10247600 -0.11487399
v 0.02104558 0.10247870 -0.11486399
v 0.02105438 0.10279101 -0.11492700
v 0.02104451 0.10247950 -0.11486189
v 0.02104963 0.10279500 -0.11491470
v 0.02104776 0.10279661 -0.11490980
v 0.02103922 0.10248340 -0.11485159
v 0.02104374 0.10279921 -0.11490390
v 0.02103709 0.10280360 -0.11489419
v 0.02103817 0.10248420 -0.11484959
v 0.02103663 0.10280381 -0.11489380
v 0.02103189 0.10248790 -0.11484280
v 0.02102650 0.10249110 -0.11483690
v 0.02102682 0.10280920 -0.11488510
v 0.02102287 0.10249290 -0.11483459
v 0.02102243 0.10281160 -0.11488119
v 0.02099892 0.10250521 -0.11481920
v 0.02100165 0.10282181 -0.11486940
v 0.02105148 0.10247001 -0.11490010
v 0.02105706 0.10278490 -0.11495489
v 0.02105109 0.10246120 -0.11495030
v 0.02105668 0.10277620 -0.11500529
v 0.02102860 0.10277450 -0.11507650
v 0.02102471 0.10277550 -0.11507940
v 0.02102100 0.10246071 -0.11502029
v 0.02101605 0.10246180 -0.11502510
v 0.02099981 0.10278200 -0.11509790
v 0.02099719 0.10246701 -0.11503810
v 0.02103521 0.10277331 -0.11506880
v 0.02103139 0.10245840 -0.11501030
v 0.02104093 0.10277221 -0.11506210
v 0.02103251 0.10245810 -0.11500929
v 0.02104248 0.10277221 -0.11505920
v 0.02103766 0.10245750 -0.11500129
v 0.02104780 0.10277180 -0.11504930
v 0.02104061 0.10245710 -0.11499679
v 0.02104826 0.10277190 -0.11504770
v 0.02104708 0.10245781 -0.11497830
v 0.02105109 0.10246120 -0.11495030
v 0.02105668 0.10277620 -0.11500529
v 0.02104288 0.10245730 -0.11499060
v 0.02104687 0.10245761 -0.11497979
v 0.02105207 0.10277280 -0.11503439
v 0.02105436 0.10277331 -0.11502639
v 0.02033544 0.10264981 -0.11542500
v 0.02099719 0.10246701 -0.11503810
v 0.02099981 0.10278200 -0.11509790
v 0.01969448 0.10311940 -0.11585670
v 0.01966870 0.10281530 -0.11581120
v 0.02033874 0.10296161 -0.11548390
v 0.02034951 0.10295900 -0.11547770
v 0.02005129 0.10300480 -0.11581680
v 0.02005127 0.10269111 -0.11576780
v 0.01987297 0.10306321 -0.11583389
v 0.01966870 0.10281530 -0.11581120
v 0.01978734 0.10309031 -0.11584480
v 0.01969448 0.10311940 -0.11585670
v 0.02128932 0.10254980 -0.11575889
v 0.02128367 0.10223281 -0.11570930
v 0.02067301 0.10278451 -0.11578900
v 0.02067021 0.10246921 -0.11573970
v 0.02033541 0.10290410 -0.11580409
v 0.02005127 0.10269111 -0.11576780
v 0.02005129 0.10300480 -0.11581680
v 0.02128367 0.10223281 -0.11570930
v 0.02128932 0.10254980 -0.11575889
v 0.02128154 0.10219561 -0.11592370
v 0.02128709 0.10251060 -0.11598430
v 0.02033707 0.10255040 -0.11598190
v 0.02128154 0.10219561 -0.11592370
v 0.02128709 0.10251060 -0.11598430
v 0.01937450 0.10318200 -0.11609309
v 0.01938008 0.10287121 -0.11603340
v 0.02033403 0.10286441 -0.11604220
v 0.02033698 0.10286341 -0.11604200
v 0.01938008 0.10287121 -0.11603340
v 0.01937450 0.10318200 -0.11609309
v 0.01938245 0.10291180 -0.11580000
v 0.01937692 0.10322361 -0.11585420
v 0.02130287 0.10254741 -0.11389349
v 0.02130075 0.10251021 -0.11410769
v 0.02035856 0.10290490 -0.11393940
v 0.02068474 0.10274640 -0.11414650
v 0.02006319 0.10296811 -0.11418249
v 0.01987009 0.10303560 -0.11418170
v 0.01940167 0.10322800 -0.11397979
v 0.01977739 0.10306791 -0.11417849
v 0.01967684 0.10310260 -0.11417500
v 0.02085187 0.10254181 -0.11493699
v 0.02105109 0.10246120 -0.11495030
v 0.02104708 0.10245781 -0.11497830
v 0.02104687 0.10245761 -0.11497979
v 0.02104288 0.10245730 -0.11499060
v 0.02104061 0.10245710 -0.11499679
v 0.02103766 0.10245750 -0.11500129
v 0.02103251 0.10245810 -0.11500929
v 0.02103139 0.10245840 -0.11501030
v 0.02033544 0.10264981 -0.11542500
v 0.02053794 0.10263611 -0.11508050
v 0.02099719 0.10246701 -0.11503810
v 0.02074123 0.10257621 -0.11498390
v 0.02101605 0.10246180 -0.11502510
v 0.02102100 0.10246071 -0.11502029
v 0.01938337 0.10291740 -0.11576669
v 0.01938370 0.10291771 -0.11576420
v 0.01966870 0.10281530 -0.11581120
v 0.01938540 0.10291941 -0.11575180
v 0.01938576 0.10291971 -0.11574910
v 0.01938860 0.10292031 -0.11574080
v 0.01938937 0.10292041 -0.11573849
v 0.01939219 0.10292020 -0.11573430
v 0.01939493 0.10292010 -0.11573019
v 0.01939837 0.10291951 -0.11572700
v 0.01940292 0.10291881 -0.11572279
v 0.01942104 0.10291510 -0.11571049
v 0.01998110 0.10278180 -0.11539560
v 0.01941437 0.10316941 -0.11428750
v 0.01941001 0.10317151 -0.11428390
v 0.01940657 0.10317311 -0.11428100
v 0.01940409 0.10317450 -0.11427769
v 0.01940227 0.10317550 -0.11427520
v 0.01940212 0.10317560 -0.11427479
v 0.01940098 0.10317650 -0.11427189
v 0.01939978 0.10317740 -0.11426890
v 0.01939913 0.10317850 -0.11426390
v 0.01939867 0.10317930 -0.11426030
v 0.01939879 0.10318100 -0.11425039
v 0.01939914 0.10318641 -0.11421949
v 0.01939929 0.10318731 -0.11421409
v 0.02054287 0.10267910 -0.11482739
v 0.02034035 0.10281221 -0.11449969
v 0.01998939 0.10292630 -0.11456440
v 0.01943274 0.10316170 -0.11429739
v 0.02099892 0.10250521 -0.11481920
v 0.02102287 0.10249290 -0.11483459
v 0.02102650 0.10249110 -0.11483690
v 0.02103189 0.10248790 -0.11484280
v 0.02103817 0.10248420 -0.11484959
v 0.02103922 0.10248340 -0.11485159
v 0.02104451 0.10247950 -0.11486189
v 0.02104558 0.10247870 -0.11486399
v 0.02104809 0.10247600 -0.11487399
v 0.02105014 0.10247371 -0.11488209
v 0.02105148 0.10247001 -0.11490010
v 0.02033707 0.10255040 -0.11598190
v 0.01938008 0.10287121 -0.11603340
v 0.01938245 0.10291180 -0.11580000
v 0.02128367 0.10223281 -0.11570930
v 0.02128154 0.10219561 -0.11592370
v 0.02067021 0.10246921 -0.11573970
v 0.02005127 0.10269111 -0.11576780
v 0.02049021 0.10334350 -0.11302079
v 0.02048873 0.10303180 -0.11295329
v 0.02055620 0.10330150 -0.11312050
v 0.02053717 0.10300071 -0.11302699
v 0.02055633 0.10330140 -0.11312069
v 0.02056259 0.10298510 -0.11306109
v 0.02058657 0.10328421 -0.11315469
v 0.02062554 0.10326400 -0.11318640
v 0.02062397 0.10326481 -0.11318539
v 0.02059024 0.10296850 -0.11309599
v 0.02058656 0.10297040 -0.11309320
v 0.02059388 0.10328000 -0.11316290
v 0.02062993 0.10294831 -0.11312579
v 0.02064689 0.10293960 -0.11313850
v 0.02064368 0.10325521 -0.11319810
v 0.02008676 0.10340040 -0.11351550
v 0.02004306 0.10341411 -0.11352400
v 0.02004149 0.10310280 -0.11346530
v 0.01993236 0.10344861 -0.11354559
v 0.01993242 0.10313740 -0.11348570
v 0.02001160 0.10311161 -0.11347490
v 0.02013089 0.10338840 -0.11349530
v 0.02012950 0.10307670 -0.11343710
v 0.02020119 0.10336940 -0.11346319
v 0.02014783 0.10307120 -0.11343119
v 0.02021766 0.10336580 -0.11345019
v 0.02021390 0.10305491 -0.11338949
v 0.02025713 0.10304420 -0.11336230
v 0.02028607 0.10335090 -0.11339660
v 0.02028127 0.10303981 -0.11333729
v 0.02029736 0.10334851 -0.11338769
v 0.02034481 0.10302840 -0.11327150
v 0.02034663 0.10334150 -0.11332679
v 0.02034506 0.10302840 -0.11327110
v 0.02035713 0.10334000 -0.11331379
v 0.02038088 0.10333661 -0.11328450
v 0.02040269 0.10333651 -0.11324040
v 0.02039871 0.10302430 -0.11318339
v 0.02044618 0.10333631 -0.11315240
v 0.02041710 0.10302280 -0.11315330
v 0.02045039 0.10333700 -0.11313969
v 0.02044240 0.10302601 -0.11308270
v 0.02048873 0.10303180 -0.11295329
v 0.02049021 0.10334350 -0.11302079
v 0.01943637 0.10369140 -0.11310510
v 0.01940723 0.10374601 -0.11285000
v 0.01941275 0.10343420 -0.11279570
v 0.01942214 0.10339801 -0.11298240
v 0.01943707 0.10338121 -0.11305009
v 0.01944492 0.10367550 -0.11317990
v 0.01946402 0.10335080 -0.11317219
v 0.01946292 0.10366140 -0.11322659
v 0.01946446 0.10335031 -0.11317419
v 0.01949917 0.10363301 -0.11332060
v 0.01951789 0.10331341 -0.11328360
v 0.01951323 0.10362500 -0.11334019
v 0.01957063 0.10359211 -0.11341999
v 0.01952657 0.10330741 -0.11330140
v 0.01958847 0.10358361 -0.11343499
v 0.01959145 0.10327231 -0.11337790
v 0.01963459 0.10356160 -0.11347360
v 0.01959368 0.10327111 -0.11338060
v 0.01963937 0.10325010 -0.11341290
v 0.01963700 0.10356041 -0.11347569
v 0.01967096 0.10323561 -0.11343519
v 0.01968848 0.10353881 -0.11350100
v 0.01969049 0.10322780 -0.11344230
v 0.01972441 0.10352370 -0.11351870
v 0.01974724 0.10320491 -0.11346290
v 0.01974495 0.10351610 -0.11352279
v 0.01980617 0.10349331 -0.11353489
v 0.01977346 0.10319440 -0.11347239
v 0.01980680 0.10318241 -0.11347520
v 0.01984839 0.10347761 -0.11354330
v 0.01993242 0.10313740 -0.11348570
v 0.01993236 0.10344861 -0.11354559
v 0.01941275 0.10343420 -0.11279570
v 0.01940723 0.10374601 -0.11285000
v 0.01941871 0.10353120 -0.11223680
v 0.01941324 0.10384401 -0.11228560
v 0.02037559 0.10320781 -0.11219639
v 0.01941871 0.10353120 -0.11223680
v 0.01941324 0.10384401 -0.11228560
v 0.02132552 0.10316700 -0.11219999
v 0.02131986 0.10284990 -0.11215040
v 0.02037561 0.10352280 -0.11224560
v 0.02036610 0.10352591 -0.11224600
v 0.02131986 0.10284990 -0.11215040
v 0.02132552 0.10316700 -0.11219999
v 0.02131705 0.10280530 -0.11240849
v 0.02132259 0.10312040 -0.11246910
v 0.02131705 0.10280530 -0.11240849
v 0.02132259 0.10312040 -0.11246910
v 0.02092338 0.10295820 -0.11243359
v 0.02092886 0.10327160 -0.11249389
v 0.02052739 0.10310531 -0.11245759
v 0.02053287 0.10341700 -0.11251759
v 0.02052739 0.10310531 -0.11245759
v 0.02053287 0.10341700 -0.11251759
v 0.02052528 0.10306940 -0.11266459
v 0.02053082 0.10338211 -0.11271899
v 0.02061606 0.10332120 -0.11288420
v 0.02061287 0.10300651 -0.11283400
v 0.02060508 0.10301040 -0.11282870
v 0.02058207 0.10333880 -0.11285620
v 0.02057835 0.10302450 -0.11280549
v 0.02056068 0.10303390 -0.11279010
v 0.02056801 0.10334601 -0.11284460
v 0.02055837 0.10303541 -0.11278680
v 0.02056302 0.10334910 -0.11283790
v 0.02054348 0.10304480 -0.11276519
v 0.02055019 0.10335691 -0.11282049
v 0.02054206 0.10304600 -0.11276100
v 0.02053522 0.10337260 -0.11276320
v 0.02053852 0.10336721 -0.11278709
v 0.02053267 0.10305430 -0.11273390
v 0.02053928 0.10336590 -0.11279260
v 0.02054734 0.10335930 -0.11281320
v 0.02053218 0.10305481 -0.11273249
v 0.02052984 0.10305970 -0.11270950
v 0.02053121 0.10337931 -0.11273399
v 0.02052528 0.10306940 -0.11266459
v 0.02053082 0.10338211 -0.11271899
v 0.02061287 0.10300651 -0.11283400
v 0.02061606 0.10332120 -0.11288420
v 0.02093600 0.10284820 -0.11302609
v 0.02093914 0.10316430 -0.11307650
v 0.02125796 0.10268580 -0.11321679
v 0.02126108 0.10300351 -0.11326739
v 0.02129657 0.10266391 -0.11325200
v 0.02130146 0.10298060 -0.11330459
v 0.02130546 0.10297780 -0.11331149
v 0.02130029 0.10266121 -0.11325860
v 0.02130686 0.10297641 -0.11331630
v 0.02130154 0.10265990 -0.11326300
v 0.02131042 0.10297281 -0.11332850
v 0.02130479 0.10265651 -0.11327450
v 0.02131098 0.10297220 -0.11333050
v 0.02130558 0.10265571 -0.11327729
v 0.02131324 0.10296590 -0.11336079
v 0.02130764 0.10264981 -0.11330580
v 0.02129516 0.10298510 -0.11329390
v 0.02129149 0.10266751 -0.11324299
v 0.02129494 0.10298520 -0.11329359
v 0.02129028 0.10266820 -0.11324180
v 0.02128276 0.10267270 -0.11323390
v 0.02128656 0.10299010 -0.11328529
v 0.02127989 0.10267441 -0.11323089
v 0.02128273 0.10299231 -0.11328149
v 0.02130764 0.10264981 -0.11330580
v 0.02131324 0.10296590 -0.11336079
v 0.02130516 0.10261030 -0.11353410
v 0.02131065 0.10292460 -0.11359950
v 0.02130516 0.10261030 -0.11353410
v 0.02131065 0.10292460 -0.11359950
v 0.02097659 0.10277701 -0.11333709
v 0.02097773 0.10309201 -0.11339959
v 0.02064689 0.10293960 -0.11313850
v 0.02064368 0.10325521 -0.11319810
v 0.02036153 0.10342950 -0.11280009
v 0.02036713 0.10311361 -0.11274510
v 0.02036067 0.10310090 -0.11283030
v 0.02035018 0.10341751 -0.11289120
v 0.02035909 0.10310031 -0.11283690
v 0.02034253 0.10340931 -0.11295269
v 0.02033804 0.10309240 -0.11292439
v 0.02033338 0.10340821 -0.11297749
v 0.02033010 0.10308951 -0.11295750
v 0.02030605 0.10340490 -0.11305169
v 0.02030950 0.10308970 -0.11299850
v 0.02030305 0.10340451 -0.11305990
v 0.02028670 0.10308990 -0.11304379
v 0.02026708 0.10340761 -0.11311520
v 0.02027083 0.10309231 -0.11306309
v 0.02023574 0.10309740 -0.11310569
v 0.02026136 0.10340810 -0.11312399
v 0.02022865 0.10309900 -0.11311120
v 0.02022404 0.10341481 -0.11316110
v 0.02020364 0.10341851 -0.11318139
v 0.02018138 0.10310940 -0.11314819
v 0.02017826 0.10342460 -0.11319720
v 0.02017177 0.10311151 -0.11315570
v 0.02013479 0.10343521 -0.11322419
v 0.02012653 0.10312401 -0.11317590
v 0.02012551 0.10343790 -0.11322740
v 0.02008120 0.10313650 -0.11319619
v 0.02006181 0.10345630 -0.11324920
v 0.02006317 0.10314231 -0.11319940
v 0.02004855 0.10346010 -0.11325380
v 0.01997871 0.10316930 -0.11321420
v 0.01997866 0.10348260 -0.11326370
v 0.01996343 0.10317421 -0.11321690
v 0.01996349 0.10348751 -0.11326579
v 0.01996349 0.10348751 -0.11326579
v 0.01996343 0.10317421 -0.11321690
v 0.01991786 0.10319021 -0.11321609
v 0.01988763 0.10351451 -0.11325959
v 0.01988686 0.10320190 -0.11321060
v 0.01982383 0.10322551 -0.11319949
v 0.01985767 0.10352520 -0.11325709
v 0.01980550 0.10323330 -0.11319090
v 0.01980764 0.10354510 -0.11324009
v 0.01978941 0.10355240 -0.11323390
v 0.01976713 0.10324961 -0.11317270
v 0.01977078 0.10356080 -0.11322160
v 0.01975819 0.10325341 -0.11316850
v 0.01973613 0.10357650 -0.11319859
v 0.01973352 0.10326551 -0.11314750
v 0.01970263 0.10328061 -0.11312130
v 0.01972982 0.10357940 -0.11319439
v 0.01970170 0.10328110 -0.11311990
v 0.01970748 0.10359131 -0.11316900
v 0.01968133 0.10360531 -0.11313929
v 0.01967797 0.10329520 -0.11308540
v 0.01968062 0.10360580 -0.11313789
v 0.01965754 0.10330741 -0.11305569
v 0.01964463 0.10363051 -0.11306579
v 0.01964260 0.10332000 -0.11301249
v 0.01964406 0.10363090 -0.11306460
v 0.01962133 0.10333800 -0.11295089
v 0.01962630 0.10365001 -0.11298959
v 0.01962013 0.10334090 -0.11293719
v 0.01961935 0.10365751 -0.11296029
v 0.01960697 0.10337181 -0.11278750
v 0.01961245 0.10368091 -0.11284129
v 0.01960983 0.10342031 -0.11250840
v 0.01961525 0.10372841 -0.11256770
v 0.01960697 0.10337181 -0.11278750
v 0.01961245 0.10368091 -0.11284129
v 0.02037005 0.10316180 -0.11246710
v 0.02036439 0.10347680 -0.11252760
v 0.01999090 0.10329381 -0.11248829
v 0.01999073 0.10360521 -0.11254820
v 0.01960983 0.10342031 -0.11250840
v 0.01961525 0.10372841 -0.11256770
v 0.02036713 0.10311361 -0.11274510
v 0.02036153 0.10342950 -0.11280009
v 0.02037005 0.10316180 -0.11246710
v 0.02036439 0.10347680 -0.11252760
v 0.02131986 0.10284990 -0.11215040
v 0.02131705 0.10280530 -0.11240849
v 0.02092338 0.10295820 -0.11243359
v 0.02037559 0.10320781 -0.11219639
v 0.02052984 0.10305970 -0.11270950
v 0.02048873 0.10303180 -0.11295329
v 0.02052528 0.10306940 -0.11266459
v 0.02052739 0.10310531 -0.11245759
v 0.02053218 0.10305481 -0.11273249
v 0.02053267 0.10305430 -0.11273390
v 0.02054206 0.10304600 -0.11276100
v 0.02054348 0.10304480 -0.11276519
v 0.02055837 0.10303541 -0.11278680
v 0.02056068 0.10303390 -0.11279010
v 0.02064689 0.10293960 -0.11313850
v 0.02062993 0.10294831 -0.11312579
v 0.02093600 0.10284820 -0.11302609
v 0.02057835 0.10302450 -0.11280549
v 0.02060508 0.10301040 -0.11282870
v 0.02053717 0.10300071 -0.11302699
v 0.02061287 0.10300651 -0.11283400
v 0.02056259 0.10298510 -0.11306109
v 0.02058656 0.10297040 -0.11309320
v 0.02059024 0.10296850 -0.11309599
v 0.02127989 0.10267441 -0.11323089
v 0.02128276 0.10267270 -0.11323390
v 0.02097659 0.10277701 -0.11333709
v 0.02125796 0.10268580 -0.11321679
v 0.02129028 0.10266820 -0.11324180
v 0.02129149 0.10266751 -0.11324299
v 0.02129657 0.10266391 -0.11325200
v 0.02130029 0.10266121 -0.11325860
v 0.02130154 0.10265990 -0.11326300
v 0.02130479 0.10265651 -0.11327450
v 0.02130558 0.10265571 -0.11327729
v 0.02130764 0.10264981 -0.11330580
v 0.02130516 0.10261030 -0.11353410
v 0.01970263 0.10328061 -0.11312130
v 0.01952657 0.10330741 -0.11330140
v 0.01951789 0.10331341 -0.11328360
v 0.01941275 0.10343420 -0.11279570
v 0.01962013 0.10334090 -0.11293719
v 0.01942214 0.10339801 -0.11298240
v 0.01962133 0.10333800 -0.11295089
v 0.01943707 0.10338121 -0.11305009
v 0.01964260 0.10332000 -0.11301249
v 0.01946402 0.10335080 -0.11317219
v 0.01965754 0.10330741 -0.11305569
v 0.01946446 0.10335031 -0.11317419
v 0.01967797 0.10329520 -0.11308540
v 0.01970170 0.10328110 -0.11311990
v 0.01959145 0.10327231 -0.11337790
v 0.01973352 0.10326551 -0.11314750
v 0.01959368 0.10327111 -0.11338060
v 0.01975819 0.10325341 -0.11316850
v 0.01976713 0.10324961 -0.11317270
v 0.01963937 0.10325010 -0.11341290
v 0.01980550 0.10323330 -0.11319090
v 0.01967096 0.10323561 -0.11343519
v 0.01980680 0.10318241 -0.11347520
v 0.01982383 0.10322551 -0.11319949
v 0.01988686 0.10320190 -0.11321060
v 0.01993242 0.10313740 -0.11348570
v 0.01977346 0.10319440 -0.11347239
v 0.01974724 0.10320491 -0.11346290
v 0.01969049 0.10322780 -0.11344230
v 0.01991786 0.10319021 -0.11321609
v 0.01996343 0.10317421 -0.11321690
v 0.02001160 0.10311161 -0.11347490
v 0.01997871 0.10316930 -0.11321420
v 0.02004149 0.10310280 -0.11346530
v 0.02012950 0.10307670 -0.11343710
v 0.02006317 0.10314231 -0.11319940
v 0.02008120 0.10313650 -0.11319619
v 0.02014783 0.10307120 -0.11343119
v 0.02012653 0.10312401 -0.11317590
v 0.02033010 0.10308951 -0.11295750
v 0.02030950 0.10308970 -0.11299850
v 0.02044240 0.10302601 -0.11308270
v 0.02028670 0.10308990 -0.11304379
v 0.02041710 0.10302280 -0.11315330
v 0.02027083 0.10309231 -0.11306309
v 0.02039871 0.10302430 -0.11318339
v 0.02023574 0.10309740 -0.11310569
v 0.02034506 0.10302840 -0.11327110
v 0.02022865 0.10309900 -0.11311120
v 0.02034481 0.10302840 -0.11327150
v 0.02018138 0.10310940 -0.11314819
v 0.02028127 0.10303981 -0.11333729
v 0.02017177 0.10311151 -0.11315570
v 0.02025713 0.10304420 -0.11336230
v 0.02012653 0.10312401 -0.11317590
v 0.02021390 0.10305491 -0.11338949
v 0.02033804 0.10309240 -0.11292439
v 0.02035909 0.10310031 -0.11283690
v 0.02036067 0.10310090 -0.11283030
v 0.02036713 0.10311361 -0.11274510
v 0.02037005 0.10316180 -0.11246710
v 0.01999090 0.10329381 -0.11248829
v 0.01941871 0.10353120 -0.11223680
v 0.01960983 0.10342031 -0.11250840
v 0.01960697 0.10337181 -0.11278750
v 0.01996349 0.10348751 -0.11326579
v 0.01988763 0.10351451 -0.11325959
v 0.01999073 0.10360521 -0.11254820
v 0.01985767 0.10352520 -0.11325709
v 0.01980764 0.10354510 -0.11324009
v 0.01978941 0.10355240 -0.11323390
v 0.01977078 0.10356080 -0.11322160
v 0.01973613 0.10357650 -0.11319859
v 0.01972982 0.10357940 -0.11319439
v 0.01970748 0.10359131 -0.11316900
v 0.01968133 0.10360531 -0.11313929
v 0.01968062 0.10360580 -0.11313789
v 0.01964463 0.10363051 -0.11306579
v 0.01964406 0.10363090 -0.11306460
v 0.01962630 0.10365001 -0.11298959
v 0.01961935 0.10365751 -0.11296029
v 0.01961245 0.10368091 -0.11284129
v 0.01961525 0.10372841 -0.11256770
v 0.02035018 0.10341751 -0.11289120
v 0.02036153 0.10342950 -0.11280009
v 0.02036439 0.10347680 -0.11252760
v 0.02034253 0.10340931 -0.11295269
v 0.02033338 0.10340821 -0.11297749
v 0.02030605 0.10340490 -0.11305169
v 0.02030305 0.10340451 -0.11305990
v 0.02026708 0.10340761 -0.11311520
v 0.02026136 0.10340810 -0.11312399
v 0.02022404 0.10341481 -0.11316110
v 0.02020364 0.10341851 -0.11318139
v 0.02017826 0.10342460 -0.11319720
v 0.02013479 0.10343521 -0.11322419
v 0.02012551 0.10343790 -0.11322740
v 0.02006181 0.10345630 -0.11324920
v 0.02004855 0.10346010 -0.11325380
v 0.01997866 0.10348260 -0.11326370
v 0.01941614 0.10391330 -0.11188910
v 0.01942172 0.10360241 -0.11182940
v 0.01953159 0.10387700 -0.11188330
v 0.01953166 0.10356740 -0.11182380
v 0.01964687 0.10384021 -0.11187750
v 0.01964145 0.10353200 -0.11181820
v 0.01942172 0.10360241 -0.11182940
v 0.01941614 0.10391330 -0.11188910
v 0.01943405 0.10380350 -0.11067059
v 0.01942858 0.10411641 -0.11071949
v 0.02039094 0.10347990 -0.11063020
v 0.01943405 0.10380350 -0.11067059
v 0.01942858 0.10411641 -0.11071949
v 0.02134085 0.10343880 -0.11063380
v 0.02133518 0.10312160 -0.11058419
v 0.02039096 0.10379480 -0.11067939
v 0.02037929 0.10379870 -0.11067990
v 0.02133518 0.10312160 -0.11058419
v 0.02134085 0.10343880 -0.11063380
v 0.02132314 0.10292511 -0.11171940
v 0.02132869 0.10324031 -0.11178000
v 0.02111901 0.10332171 -0.11179339
v 0.02112473 0.10300310 -0.11173230
v 0.02122393 0.10328120 -0.11178680
v 0.02122401 0.10296431 -0.11172580
v 0.02132869 0.10324031 -0.11178000
v 0.02132314 0.10292511 -0.11171940
v 0.02112473 0.10300310 -0.11173230
v 0.02111901 0.10332171 -0.11179339
v 0.02113396 0.10315471 -0.11085670
v 0.02112824 0.10347340 -0.11091789
v 0.02113396 0.10315471 -0.11085670
v 0.02112824 0.10347340 -0.11091789
v 0.02080094 0.10328180 -0.11087750
v 0.02080077 0.10359681 -0.11093800
v 0.02046628 0.10340471 -0.11089750
v 0.02047176 0.10371611 -0.11095739
v 0.02046628 0.10340471 -0.11089750
v 0.02047176 0.10371611 -0.11095739
v 0.02045908 0.10328501 -0.11158749
v 0.02046455 0.10359640 -0.11164750
v 0.02036707 0.10331791 -0.11159289
v 0.02045908 0.10328501 -0.11158749
v 0.02046455 0.10359640 -0.11164750
v 0.02036699 0.10363090 -0.11165310
v 0.02026930 0.10366501 -0.11165870
v 0.02027495 0.10335051 -0.11159829
v 0.02037116 0.10362941 -0.11165289
v 0.02027495 0.10335051 -0.11159829
v 0.02026930 0.10366501 -0.11165870
v 0.02028217 0.10347020 -0.11090829
v 0.02027652 0.10378480 -0.11096870
v 0.02028217 0.10347020 -0.11090829
v 0.02027652 0.10378480 -0.11096870
v 0.01996707 0.10357901 -0.11092579
v 0.01996692 0.10389030 -0.11098570
v 0.01965066 0.10368400 -0.11094270
v 0.01965608 0.10399231 -0.11100200
v 0.01965066 0.10368400 -0.11094270
v 0.01965608 0.10399231 -0.11100200
v 0.01964145 0.10353200 -0.11181820
v 0.01964687 0.10384021 -0.11187750
v 0.02122401 0.10296431 -0.11172580
v 0.02112473 0.10300310 -0.11173230
v 0.02113396 0.10315471 -0.11085670
v 0.02132314 0.10292511 -0.11171940
v 0.02133518 0.10312160 -0.11058419
v 0.02039094 0.10347990 -0.11063020
v 0.02045908 0.10328501 -0.11158749
v 0.02036707 0.10331791 -0.11159289
v 0.02046628 0.10340471 -0.11089750
v 0.02080094 0.10328180 -0.11087750
v 0.01965066 0.10368400 -0.11094270
v 0.01943405 0.10380350 -0.11067059
v 0.01996707 0.10357901 -0.11092579
v 0.02028217 0.10347020 -0.11090829
v 0.02027495 0.10335051 -0.11159829
v 0.01964145 0.10353200 -0.11181820
v 0.01953166 0.10356740 -0.11182380
v 0.01942172 0.10360241 -0.11182940
v 0.02052661 0.10392341 -0.10967460
v 0.02060980 0.10389331 -0.10967070
v 0.02060862 0.10375220 -0.10964849
v 0.02044332 0.10395321 -0.10967849
v 0.02044887 0.10363601 -0.10962899
v 0.02052921 0.10360691 -0.10962519
v 0.02060946 0.10357750 -0.10962130
v 0.02063070 0.10356501 -0.10964700
v 0.02063624 0.10387810 -0.10970120
v 0.02062782 0.10351340 -0.10994369
v 0.02063342 0.10382741 -0.10999279
v 0.02062782 0.10351340 -0.10994369
v 0.02063342 0.10382741 -0.10999279
v 0.02085738 0.10342760 -0.10993280
v 0.02085837 0.10374431 -0.10998230
v 0.02108617 0.10333970 -0.10992149
v 0.02108260 0.10365931 -0.10997140
v 0.02119874 0.10336960 -0.10949920
v 0.02118048 0.10335080 -0.10964680
v 0.02119308 0.10368950 -0.10955490
v 0.02117571 0.10367041 -0.10970150
v 0.02117098 0.10366520 -0.10974139
v 0.02117449 0.10334460 -0.10969510
v 0.02113670 0.10366281 -0.10983090
v 0.02114243 0.10334280 -0.10977729
v 0.02108416 0.10365921 -0.10996800
v 0.02108617 0.10333970 -0.10992149
v 0.02108260 0.10365931 -0.10997140
v 0.02041058 0.10379330 -0.10882110
v 0.02055216 0.10374041 -0.10882310
v 0.02041052 0.10410640 -0.10888119
v 0.02055022 0.10405311 -0.10889149
v 0.02068555 0.10400141 -0.10890139
v 0.02058298 0.10372890 -0.10882350
v 0.02069734 0.10399630 -0.10890530
v 0.02069795 0.10368071 -0.10884939
v 0.02079623 0.10363940 -0.10887150
v 0.02083973 0.10393400 -0.10895239
v 0.02084098 0.10361800 -0.10889430
v 0.02085198 0.10392860 -0.10895649
v 0.02093444 0.10357331 -0.10894200
v 0.02096738 0.10387111 -0.10903010
v 0.02096892 0.10355430 -0.10897270
v 0.02097573 0.10386700 -0.10903550
v 0.02106424 0.10381621 -0.10912739
v 0.02104856 0.10351040 -0.10904350
v 0.02107015 0.10381200 -0.10913749
v 0.02107283 0.10349421 -0.10908030
v 0.02113622 0.10376600 -0.10925039
v 0.02112978 0.10345620 -0.10916679
v 0.02114167 0.10376060 -0.10926899
v 0.02114558 0.10344191 -0.10921209
v 0.02117810 0.10372410 -0.10939329
v 0.02118028 0.10341031 -0.10931140
v 0.02117999 0.10371971 -0.10941369
v 0.02118479 0.10340040 -0.10935730
v 0.02119874 0.10336960 -0.10949920
v 0.02119308 0.10368950 -0.10955490
v 0.01966408 0.10426181 -0.10946470
v 0.01964385 0.10424480 -0.10959869
v 0.01963837 0.10393561 -0.10954480
v 0.01964749 0.10395070 -0.10944220
v 0.01965582 0.10395360 -0.10941009
v 0.01967458 0.10427060 -0.10939520
v 0.01969031 0.10396560 -0.10927720
v 0.01970318 0.10427340 -0.10932620
v 0.01969450 0.10396560 -0.10926919
v 0.01973477 0.10427640 -0.10924989
v 0.01975926 0.10396560 -0.10914619
v 0.01977410 0.10427280 -0.10919580
v 0.01976713 0.10396451 -0.10913720
v 0.01981989 0.10426861 -0.10913279
v 0.01985946 0.10395170 -0.10903180
v 0.01987508 0.10425831 -0.10908470
v 0.01986960 0.10394951 -0.10902440
v 0.01993247 0.10424771 -0.10903469
v 0.01998657 0.10392401 -0.10893980
v 0.01999741 0.10423170 -0.10899879
v 0.01999334 0.10392221 -0.10893690
v 0.02006994 0.10421370 -0.10895889
v 0.02013068 0.10388440 -0.10887719
v 0.02013294 0.10419461 -0.10894110
v 0.02027473 0.10415171 -0.10890100
v 0.02041058 0.10379330 -0.10882110
v 0.02041052 0.10410640 -0.10888119
v 0.02027408 0.10383821 -0.10884649
v 0.02039447 0.10411191 -0.10888310
v 0.02014689 0.10387990 -0.10887019
v 0.02029744 0.10414480 -0.10889460
v 0.01978599 0.10411130 -0.11008529
v 0.01978121 0.10380091 -0.11003399
v 0.01971730 0.10384201 -0.10992439
v 0.01970749 0.10416640 -0.10992219
v 0.01969886 0.10385730 -0.10987260
v 0.01967562 0.10418870 -0.10985600
v 0.01966041 0.10388930 -0.10976489
v 0.01966588 0.10420380 -0.10978920
v 0.01965764 0.10389511 -0.10973710
v 0.01964319 0.10392550 -0.10959289
v 0.01964512 0.10423581 -0.10964700
v 0.01964435 0.10423700 -0.10964169
v 0.01963837 0.10393561 -0.10954480
v 0.01964385 0.10424480 -0.10959869
v 0.01976836 0.10409981 -0.11018359
v 0.01976538 0.10379020 -0.11012489
v 0.01977653 0.10378791 -0.11011639
v 0.01978168 0.10409730 -0.11017250
v 0.01977833 0.10378760 -0.11011459
v 0.01978686 0.10409630 -0.11016830
v 0.01978597 0.10378640 -0.11010699
v 0.01979094 0.10409591 -0.11016290
v 0.01978672 0.10378631 -0.11010580
v 0.01979412 0.10409560 -0.11015870
v 0.01979192 0.10378611 -0.11009730
v 0.01979716 0.10409571 -0.11015210
v 0.01979232 0.10378611 -0.11009610
v 0.01979920 0.10409581 -0.11014770
v 0.01979541 0.10378670 -0.11008690
v 0.01980083 0.10409661 -0.11014000
v 0.01979556 0.10378701 -0.11008509
v 0.01980176 0.10409710 -0.11013560
v 0.01979635 0.10378830 -0.11007589
v 0.01980147 0.10409851 -0.11012790
v 0.01979608 0.10378870 -0.11007440
v 0.01980127 0.10409961 -0.11012260
v 0.01979366 0.10379191 -0.11006120
v 0.01979893 0.10410190 -0.11011390
v 0.01979355 0.10379200 -0.11006059
v 0.01979678 0.10410400 -0.11010589
v 0.01978826 0.10379580 -0.11004919
v 0.01979397 0.10410591 -0.11010060
v 0.01978121 0.10380091 -0.11003399
v 0.01978599 0.10411130 -0.11008529
v 0.01962979 0.10412921 -0.11027769
v 0.01963099 0.10381920 -0.11021629
v 0.01969910 0.10411461 -0.11023060
v 0.01969821 0.10380481 -0.11017059
v 0.01976836 0.10409981 -0.11018359
v 0.01976538 0.10379020 -0.11012489
v 0.01941839 0.10400390 -0.10956759
v 0.01944081 0.10395771 -0.10978759
v 0.01941287 0.10431570 -0.10962179
v 0.01943842 0.10426851 -0.10984219
v 0.01944896 0.10424901 -0.10993310
v 0.01944679 0.10394540 -0.10984620
v 0.01948197 0.10422340 -0.11001730
v 0.01948712 0.10391180 -0.10996139
v 0.01952941 0.10418670 -0.11013830
v 0.01951664 0.10388720 -0.11004570
v 0.01953904 0.10418120 -0.11015159
v 0.01954769 0.10386870 -0.11009199
v 0.01963099 0.10381920 -0.11021629
v 0.01962979 0.10412921 -0.11027769
v 0.02041115 0.10415751 -0.10859179
v 0.02041109 0.10384250 -0.10854260
v 0.02039689 0.10416221 -0.10859410
v 0.02018094 0.10391971 -0.10857670
v 0.02018048 0.10423301 -0.10862989
v 0.02015545 0.10392820 -0.10858050
v 0.02011665 0.10425380 -0.10864039
v 0.02001273 0.10396860 -0.10863530
v 0.02001195 0.10428171 -0.10868679
v 0.01994017 0.10398920 -0.10866319
v 0.01987807 0.10431740 -0.10874609
v 0.01984644 0.10401050 -0.10872400
v 0.01984338 0.10432431 -0.10877299
v 0.01977445 0.10402691 -0.10877079
v 0.01972077 0.10434861 -0.10886810
v 0.01972635 0.10403460 -0.10881910
v 0.01970170 0.10435241 -0.10888290
v 0.01963558 0.10404890 -0.10891020
v 0.01962057 0.10436110 -0.10898429
v 0.01962239 0.10404960 -0.10893100
v 0.01957230 0.10436631 -0.10904460
v 0.01953831 0.10405401 -0.10906359
v 0.01953653 0.10436520 -0.10911659
v 0.01952788 0.10405450 -0.10908000
v 0.01948276 0.10436351 -0.10922479
v 0.01947629 0.10404631 -0.10922149
v 0.01947023 0.10435891 -0.10927349
v 0.01945266 0.10404261 -0.10928640
v 0.01942702 0.10434301 -0.10944169
v 0.01943934 0.10402750 -0.10939560
v 0.01942648 0.10434201 -0.10944870
v 0.01941839 0.10400390 -0.10956759
v 0.01941287 0.10431570 -0.10962179
v 0.02137608 0.10361570 -0.10955619
v 0.02137047 0.10329941 -0.10950109
v 0.02136505 0.10332541 -0.10936709
v 0.02135244 0.10366810 -0.10931469
v 0.02134501 0.10335231 -0.10926139
v 0.02134842 0.10367701 -0.10927369
v 0.02132306 0.10338190 -0.10914579
v 0.02130250 0.10371911 -0.10914090
v 0.02129717 0.10340261 -0.10908830
v 0.02127804 0.10374151 -0.10907010
v 0.02122780 0.10345810 -0.10893420
v 0.02122725 0.10377630 -0.10898809
v 0.02122684 0.10345871 -0.10893299
v 0.02117664 0.10381110 -0.10890640
v 0.02113275 0.10351710 -0.10881680
v 0.02113798 0.10383310 -0.10886799
v 0.02109678 0.10353940 -0.10877240
v 0.02106955 0.10387211 -0.10880000
v 0.02106562 0.10355561 -0.10874989
v 0.02104350 0.10388691 -0.10877409
v 0.02093775 0.10362240 -0.10865789
v 0.02093916 0.10393860 -0.10871080
v 0.02092471 0.10362921 -0.10864860
v 0.02088244 0.10396660 -0.10867640
v 0.02079347 0.10368821 -0.10860069
v 0.02079655 0.10400400 -0.10864909
v 0.02069511 0.10373240 -0.10856480
v 0.02067050 0.10405890 -0.10860890
v 0.02063058 0.10375750 -0.10855969
v 0.02063241 0.10407341 -0.10860640
v 0.02041109 0.10384250 -0.10854260
v 0.02041115 0.10415751 -0.10859179
v 0.02136974 0.10360411 -0.10963630
v 0.02136203 0.10358990 -0.10973390
v 0.02133278 0.10326571 -0.10977789
v 0.02133765 0.10358210 -0.10983340
v 0.02132534 0.10325911 -0.10983259
v 0.02130287 0.10357090 -0.10997529
v 0.02126887 0.10325711 -0.10997290
v 0.02127521 0.10357231 -0.11003000
v 0.02123591 0.10325600 -0.11005479
v 0.02118838 0.10357660 -0.11020150
v 0.02118540 0.10326111 -0.11014090
v 0.02135967 0.10328971 -0.10958050
v 0.02137047 0.10329941 -0.10950109
v 0.02137608 0.10361570 -0.10955619
v 0.02118540 0.10326111 -0.11014090
v 0.02118838 0.10357660 -0.11020150
v 0.02081524 0.10340281 -0.11016420
v 0.02081390 0.10371830 -0.11022490
v 0.02044306 0.10353930 -0.11018660
v 0.02043740 0.10385460 -0.11024710
v 0.02044306 0.10353930 -0.11018660
v 0.02043740 0.10385460 -0.11024710
v 0.02044887 0.10363601 -0.10962899
v 0.02044332 0.10395321 -0.10967849
v 0.02061387 0.10357490 -0.10962669
v 0.02061801 0.10357251 -0.10963169
v 0.02044306 0.10353930 -0.11018660
v 0.02052921 0.10360691 -0.10962519
v 0.02060946 0.10357750 -0.10962130
v 0.02061119 0.10357650 -0.10962339
v 0.02044887 0.10363601 -0.10962899
v 0.02061172 0.10357621 -0.10962410
v 0.02061836 0.10357231 -0.10963209
v 0.02061856 0.10357220 -0.10963229
v 0.02062782 0.10351340 -0.10994369
v 0.02061979 0.10357141 -0.10963380
v 0.02062409 0.10356891 -0.10963900
v 0.02063070 0.10356501 -0.10964700
v 0.02126887 0.10325711 -0.10997290
v 0.02108617 0.10333970 -0.10992149
v 0.02132534 0.10325911 -0.10983259
v 0.02114243 0.10334280 -0.10977729
v 0.02133278 0.10326571 -0.10977789
v 0.02081524 0.10340281 -0.11016420
v 0.02085738 0.10342760 -0.10993280
v 0.02118540 0.10326111 -0.11014090
v 0.02123591 0.10325600 -0.11005479
v 0.02117449 0.10334460 -0.10969510
v 0.02118048 0.10335080 -0.10964680
v 0.02135967 0.10328971 -0.10958050
v 0.02119874 0.10336960 -0.10949920
v 0.02137047 0.10329941 -0.10950109
v 0.02136505 0.10332541 -0.10936709
v 0.02118479 0.10340040 -0.10935730
v 0.02134501 0.10335231 -0.10926139
v 0.02118028 0.10341031 -0.10931140
v 0.02132306 0.10338190 -0.10914579
v 0.02114558 0.10344191 -0.10921209
v 0.02129717 0.10340261 -0.10908830
v 0.02112978 0.10345620 -0.10916679
v 0.02122780 0.10345810 -0.10893420
v 0.02107283 0.10349421 -0.10908030
v 0.02122684 0.10345871 -0.10893299
v 0.02104856 0.10351040 -0.10904350
v 0.02113275 0.10351710 -0.10881680
v 0.02096892 0.10355430 -0.10897270
v 0.02109678 0.10353940 -0.10877240
v 0.02106562 0.10355561 -0.10874989
v 0.02093444 0.10357331 -0.10894200
v 0.02093775 0.10362240 -0.10865789
v 0.02084098 0.10361800 -0.10889430
v 0.02092471 0.10362921 -0.10864860
v 0.02079623 0.10363940 -0.10887150
v 0.02079347 0.10368821 -0.10860069
v 0.02069795 0.10368071 -0.10884939
v 0.02069511 0.10373240 -0.10856480
v 0.02058298 0.10372890 -0.10882350
v 0.02063058 0.10375750 -0.10855969
v 0.02055216 0.10374041 -0.10882310
v 0.02041109 0.10384250 -0.10854260
v 0.02041058 0.10379330 -0.10882110
v 0.02018094 0.10391971 -0.10857670
v 0.02027408 0.10383821 -0.10884649
v 0.02015545 0.10392820 -0.10858050
v 0.02014689 0.10387990 -0.10887019
v 0.02001273 0.10396860 -0.10863530
v 0.02013068 0.10388440 -0.10887719
v 0.01994017 0.10398920 -0.10866319
v 0.01999334 0.10392221 -0.10893690
v 0.01984644 0.10401050 -0.10872400
v 0.01998657 0.10392401 -0.10893980
v 0.01977445 0.10402691 -0.10877079
v 0.01986960 0.10394951 -0.10902440
v 0.01972635 0.10403460 -0.10881910
v 0.01985946 0.10395170 -0.10903180
v 0.01963558 0.10404890 -0.10891020
v 0.01976713 0.10396451 -0.10913720
v 0.01962239 0.10404960 -0.10893100
v 0.01953831 0.10405401 -0.10906359
v 0.01975926 0.10396560 -0.10914619
v 0.01952788 0.10405450 -0.10908000
v 0.01969450 0.10396560 -0.10926919
v 0.01947629 0.10404631 -0.10922149
v 0.01969031 0.10396560 -0.10927720
v 0.01945266 0.10404261 -0.10928640
v 0.01965582 0.10395360 -0.10941009
v 0.01943934 0.10402750 -0.10939560
v 0.01964749 0.10395070 -0.10944220
v 0.01941839 0.10400390 -0.10956759
v 0.01966041 0.10388930 -0.10976489
v 0.01944679 0.10394540 -0.10984620
v 0.01944081 0.10395771 -0.10978759
v 0.01963837 0.10393561 -0.10954480
v 0.01964319 0.10392550 -0.10959289
v 0.01965764 0.10389511 -0.10973710
v 0.01978121 0.10380091 -0.11003399
v 0.01978826 0.10379580 -0.11004919
v 0.01951664 0.10388720 -0.11004570
v 0.01948712 0.10391180 -0.10996139
v 0.01969886 0.10385730 -0.10987260
v 0.01971730 0.10384201 -0.10992439
v 0.01979355 0.10379200 -0.11006059
v 0.01979366 0.10379191 -0.11006120
v 0.01979608 0.10378870 -0.11007440
v 0.01979635 0.10378830 -0.11007589
v 0.01979556 0.10378701 -0.11008509
v 0.01979541 0.10378670 -0.11008690
v 0.01979232 0.10378611 -0.11009610
v 0.01979192 0.10378611 -0.11009730
v 0.01978672 0.10378631 -0.11010580
v 0.01978597 0.10378640 -0.11010699
v 0.01977833 0.10378760 -0.11011459
v 0.01977653 0.10378791 -0.11011639
v 0.01976538 0.10379020 -0.11012489
v 0.01969821 0.10380481 -0.11017059
v 0.01954769 0.10386870 -0.11009199
v 0.01963099 0.10381920 -0.11021629
v 0.02005505 0.10419720 -0.10726240
v 0.01946625 0.10439210 -0.10728660
v 0.01946079 0.10470501 -0.10733540
v 0.02063932 0.10430510 -0.10728550
v 0.02063922 0.10398910 -0.10723610
v 0.02040727 0.10438681 -0.10729580
v 0.02005233 0.10451160 -0.10731149
v 0.02063922 0.10398910 -0.10723610
v 0.02063932 0.10430510 -0.10728550
v 0.02081574 0.10392180 -0.10723660
v 0.02097321 0.10417750 -0.10729010
v 0.02090017 0.10388881 -0.10723869
v 0.02099153 0.10385261 -0.10724090
v 0.02025851 0.10422161 -0.10671620
v 0.02099153 0.10385261 -0.10724090
v 0.02097321 0.10417750 -0.10729010
v 0.01951742 0.10488021 -0.10624209
v 0.01952089 0.10456951 -0.10618359
v 0.02024751 0.10453911 -0.10676989
v 0.02041041 0.10445791 -0.10688659
v 0.01947526 0.10490430 -0.10618290
v 0.01947324 0.10491060 -0.10615049
v 0.01947877 0.10459871 -0.10609620
v 0.01947892 0.10459491 -0.10611760
v 0.01948020 0.10459260 -0.10612809
v 0.01947590 0.10490220 -0.10619310
v 0.01948148 0.10459031 -0.10613870
v 0.01947650 0.10490171 -0.10619490
v 0.01948171 0.10459011 -0.10613929
v 0.01948493 0.10458741 -0.10614860
v 0.01947990 0.10489881 -0.10620509
v 0.01948009 0.10489870 -0.10620570
v 0.01948513 0.10458720 -0.10614920
v 0.01948546 0.10489551 -0.10621350
v 0.01948977 0.10458451 -0.10615620
v 0.01948614 0.10489521 -0.10621449
v 0.01949115 0.10458371 -0.10615829
v 0.01949424 0.10489130 -0.10622169
v 0.01949783 0.10458050 -0.10616400
v 0.01952089 0.10456951 -0.10618359
v 0.01951742 0.10488021 -0.10624209
v 0.01947877 0.10459871 -0.10609620
v 0.01947324 0.10491060 -0.10615049
v 0.01948032 0.10462461 -0.10594690
v 0.01947485 0.10493750 -0.10599569
v 0.02043722 0.10430011 -0.10590620
v 0.01948032 0.10462461 -0.10594690
v 0.01947485 0.10493750 -0.10599569
v 0.02138706 0.10425821 -0.10590969
v 0.02138140 0.10394091 -0.10586010
v 0.02043724 0.10461520 -0.10595550
v 0.02041897 0.10462130 -0.10595620
v 0.02138140 0.10394091 -0.10586010
v 0.02138706 0.10425821 -0.10590969
v 0.02137928 0.10390381 -0.10607420
v 0.02138483 0.10421921 -0.10613479
v 0.02137928 0.10390381 -0.10607420
v 0.02138483 0.10421921 -0.10613479
v 0.02079766 0.10412831 -0.10611110
v 0.02080035 0.10444211 -0.10617149
v 0.02021104 0.10433980 -0.10614549
v 0.02041654 0.10457880 -0.10619360
v 0.02021094 0.10465201 -0.10620550
v 0.01991269 0.10475580 -0.10620379
v 0.01989534 0.10445090 -0.10614360
v 0.02006182 0.10470391 -0.10620730
v 0.02021104 0.10433980 -0.10614549
v 0.02021094 0.10465201 -0.10620550
v 0.02061242 0.10409910 -0.10667289
v 0.01989534 0.10445090 -0.10614360
v 0.01991269 0.10475580 -0.10620379
v 0.02132818 0.10404490 -0.10724609
v 0.02132457 0.10372731 -0.10719510
v 0.02062281 0.10441001 -0.10672839
v 0.02041294 0.10451220 -0.10657330
v 0.02137194 0.10401120 -0.10733650
v 0.02136633 0.10369491 -0.10728149
v 0.02136333 0.10370131 -0.10725230
v 0.02136861 0.10401790 -0.10730659
v 0.02136277 0.10370250 -0.10724690
v 0.02136772 0.10401960 -0.10729860
v 0.02136098 0.10370430 -0.10724130
v 0.02136645 0.10402080 -0.10729480
v 0.02135779 0.10370730 -0.10723129
v 0.02136290 0.10402421 -0.10728410
v 0.02135770 0.10370740 -0.10723100
v 0.02136277 0.10402430 -0.10728379
v 0.02135217 0.10371120 -0.10722279
v 0.02135680 0.10402820 -0.10727499
v 0.02134965 0.10371290 -0.10721899
v 0.02135335 0.10403061 -0.10726989
v 0.02134499 0.10371550 -0.10721460
v 0.02134934 0.10403280 -0.10726609
v 0.02132457 0.10372731 -0.10719510
v 0.02132818 0.10404490 -0.10724609
v 0.02136633 0.10369491 -0.10728149
v 0.02137194 0.10401120 -0.10733650
v 0.02136492 0.10367200 -0.10741409
v 0.02137047 0.10398730 -0.10747470
v 0.02042060 0.10402861 -0.10747259
v 0.02136492 0.10367200 -0.10741409
v 0.02137047 0.10398730 -0.10747470
v 0.01945801 0.10466180 -0.10758410
v 0.01946360 0.10435090 -0.10752439
v 0.02040574 0.10434671 -0.10753360
v 0.02042051 0.10434180 -0.10753280
v 0.01946360 0.10435090 -0.10752439
v 0.01945801 0.10466180 -0.10758410
v 0.01946625 0.10439210 -0.10728660
v 0.01946079 0.10470501 -0.10733540
v 0.01946360 0.10435090 -0.10752439
v 0.01946625 0.10439210 -0.10728660
v 0.02042060 0.10402861 -0.10747259
v 0.02005505 0.10419720 -0.10726240
v 0.02063922 0.10398910 -0.10723610
v 0.02043722 0.10430011 -0.10590620
v 0.02138140 0.10394091 -0.10586010
v 0.02137928 0.10390381 -0.10607420
v 0.01989534 0.10445090 -0.10614360
v 0.01948032 0.10462461 -0.10594690
v 0.02021104 0.10433980 -0.10614549
v 0.02079766 0.10412831 -0.10611110
v 0.01949115 0.10458371 -0.10615829
v 0.01948977 0.10458451 -0.10615620
v 0.01948902 0.10458651 -0.10614599
v 0.01948513 0.10458720 -0.10614920
v 0.01948493 0.10458741 -0.10614860
v 0.01948171 0.10459011 -0.10613929
v 0.01948148 0.10459031 -0.10613870
v 0.01948020 0.10459260 -0.10612809
v 0.01947892 0.10459491 -0.10611760
v 0.01947877 0.10459871 -0.10609620
v 0.01949783 0.10458050 -0.10616400
v 0.01952089 0.10456951 -0.10618359
v 0.02025851 0.10422161 -0.10671620
v 0.02061242 0.10409910 -0.10667289
v 0.02099153 0.10385261 -0.10724090
v 0.02132457 0.10372731 -0.10719510
v 0.02134499 0.10371550 -0.10721460
v 0.02134965 0.10371290 -0.10721899
v 0.02135217 0.10371120 -0.10722279
v 0.02135770 0.10370740 -0.10723100
v 0.02135779 0.10370730 -0.10723129
v 0.02136098 0.10370430 -0.10724130
v 0.02136277 0.10370250 -0.10724690
v 0.02136333 0.10370131 -0.10725230
v 0.02081574 0.10392180 -0.10723660
v 0.02090017 0.10388881 -0.10723869
v 0.02136492 0.10367200 -0.10741409
v 0.02136633 0.10369491 -0.10728149
v 0.01948514 0.10471601 -0.10542170
v 0.01947955 0.10502701 -0.10548140
v 0.01948822 0.10476510 -0.10513850
v 0.01948275 0.10507801 -0.10518730
v 0.02044510 0.10444040 -0.10509790
v 0.01948822 0.10476510 -0.10513850
v 0.01948275 0.10507801 -0.10518730
v 0.02139492 0.10439840 -0.10510130
v 0.02138925 0.10408111 -0.10505169
v 0.02044512 0.10475551 -0.10514709
v 0.02042575 0.10476201 -0.10514790
v 0.02138925 0.10408111 -0.10505169
v 0.02139492 0.10439840 -0.10510130
v 0.02138644 0.10403621 -0.10531120
v 0.02139198 0.10435161 -0.10537179
v 0.02044214 0.10439331 -0.10536979
v 0.02138644 0.10403621 -0.10531120
v 0.02139198 0.10435161 -0.10537179
v 0.01947955 0.10502701 -0.10548140
v 0.01948514 0.10471601 -0.10542170
v 0.02042338 0.10471270 -0.10543100
v 0.02044205 0.10470650 -0.10542999
v 0.02138925 0.10408111 -0.10505169
v 0.02138644 0.10403621 -0.10531120
v 0.02044509 0.10444040 -0.10509790
v 0.02044214 0.10439331 -0.10536979
v 0.01948822 0.10476510 -0.10513850
v 0.01948514 0.10471601 -0.10542170
v 0.01949209 0.10526140 -0.10413389
v 0.01949768 0.10495041 -0.10407420
v 0.01960750 0.10522500 -0.10412809
v 0.01960757 0.10491530 -0.10406860
v 0.01972273 0.10518811 -0.10412230
v 0.01971731 0.10487970 -0.10406289
v 0.01949768 0.10495041 -0.10407420
v 0.01949209 0.10526140 -0.10413389
v 0.01951000 0.10515140 -0.10291549
v 0.01950453 0.10546431 -0.10296440
v 0.02046687 0.10482631 -0.10287480
v 0.01951000 0.10515140 -0.10291549
v 0.01950453 0.10546431 -0.10296440
v 0.02141666 0.10478390 -0.10287820
v 0.02141099 0.10446660 -0.10282859
v 0.02046690 0.10514151 -0.10292410
v 0.02044439 0.10514901 -0.10292500
v 0.02141099 0.10446660 -0.10282859
v 0.02141666 0.10478390 -0.10287820
v 0.02139895 0.10427021 -0.10396359
v 0.02140450 0.10458551 -0.10402430
v 0.02119501 0.10466720 -0.10403779
v 0.02120074 0.10434840 -0.10397659
v 0.02129984 0.10462661 -0.10403109
v 0.02129992 0.10430951 -0.10397009
v 0.02140450 0.10458551 -0.10402430
v 0.02139895 0.10427021 -0.10396359
v 0.02120074 0.10434840 -0.10397659
v 0.02119501 0.10466720 -0.10403779
v 0.02120997 0.10450000 -0.10310099
v 0.02120424 0.10481881 -0.10316220
v 0.02120997 0.10450000 -0.10310099
v 0.02120424 0.10481881 -0.10316220
v 0.02087686 0.10462771 -0.10312190
v 0.02087670 0.10494281 -0.10318249
v 0.02054211 0.10475110 -0.10314199
v 0.02054759 0.10506270 -0.10320190
v 0.02054211 0.10475110 -0.10314199
v 0.02054759 0.10506270 -0.10320190
v 0.02053491 0.10463151 -0.10383210
v 0.02054039 0.10494310 -0.10389199
v 0.02053491 0.10463151 -0.10383210
v 0.02054039 0.10494310 -0.10389199
v 0.02044298 0.10466450 -0.10383749
v 0.02044290 0.10497770 -0.10389770
v 0.02035093 0.10469720 -0.10384280
v 0.02043636 0.10498001 -0.10389799
v 0.02034528 0.10501191 -0.10390330
v 0.02035093 0.10469720 -0.10384280
v 0.02034528 0.10501191 -0.10390330
v 0.02035815 0.10481691 -0.10315280
v 0.02035250 0.10513160 -0.10321319
v 0.02035815 0.10481691 -0.10315280
v 0.02035250 0.10513160 -0.10321319
v 0.02004300 0.10492611 -0.10317050
v 0.02004285 0.10523761 -0.10323030
v 0.01972651 0.10503161 -0.10318739
v 0.01973194 0.10534000 -0.10324670
v 0.01972651 0.10503161 -0.10318739
v 0.01973194 0.10534000 -0.10324670
v 0.01971731 0.10487970 -0.10406289
v 0.01972273 0.10518811 -0.10412230
v 0.02129992 0.10430951 -0.10397009
v 0.02120074 0.10434840 -0.10397659
v 0.02120997 0.10450000 -0.10310099
v 0.02139895 0.10427021 -0.10396359
v 0.02141099 0.10446660 -0.10282859
v 0.02046687 0.10482631 -0.10287480
v 0.02053491 0.10463151 -0.10383210
v 0.02044298 0.10466450 -0.10383749
v 0.02054211 0.10475110 -0.10314199
v 0.02087686 0.10462771 -0.10312190
v 0.01972651 0.10503161 -0.10318739
v 0.01951000 0.10515140 -0.10291549
v 0.02004300 0.10492611 -0.10317050
v 0.02035815 0.10481691 -0.10315280
v 0.02035093 0.10469720 -0.10384280
v 0.01971731 0.10487970 -0.10406289
v 0.01960757 0.10491530 -0.10406860
v 0.01949768 0.10495041 -0.10407420
v 0.01952273 0.10538840 -0.10155279
v 0.01951721 0.10570041 -0.10160710
v 0.01953029 0.10551130 -0.10084410
v 0.01952482 0.10582431 -0.10089289
v 0.02048715 0.10518590 -0.10080329
v 0.01953029 0.10551130 -0.10084410
v 0.01952482 0.10582431 -0.10089289
v 0.02046176 0.10550960 -0.10085369
v 0.02048718 0.10550110 -0.10085260
v 0.02143124 0.10482570 -0.10075700
v 0.02140130 0.10515651 -0.10080839
v 0.02143690 0.10514310 -0.10080670
v 0.02142943 0.10502160 -0.10150900
v 0.02142383 0.10470521 -0.10145379
v 0.02143688 0.10514271 -0.10080920
v 0.02143124 0.10482570 -0.10075700
v 0.02143690 0.10514310 -0.10080670
v 0.02075483 0.10511590 -0.10246650
v 0.02068617 0.10513910 -0.10247900
v 0.02068563 0.10482441 -0.10242430
v 0.02046925 0.10521241 -0.10251870
v 0.02046930 0.10489921 -0.10245849
v 0.02067140 0.10482901 -0.10242939
v 0.02084840 0.10508800 -0.10242239
v 0.02084832 0.10477260 -0.10236579
v 0.02098644 0.10504690 -0.10235740
v 0.02088768 0.10476011 -0.10235159
v 0.02099572 0.10504461 -0.10234970
v 0.02099004 0.10473170 -0.10228529
v 0.02107921 0.10470701 -0.10222760
v 0.02111618 0.10501510 -0.10225070
v 0.02111298 0.10469970 -0.10219279
v 0.02115933 0.10500451 -0.10221519
v 0.02121253 0.10467820 -0.10209039
v 0.02122075 0.10499411 -0.10213670
v 0.02121894 0.10467740 -0.10208020
v 0.02127120 0.10498550 -0.10207209
v 0.02130448 0.10498391 -0.10200549
v 0.02130177 0.10466730 -0.10194850
v 0.02136002 0.10498131 -0.10189430
v 0.02131631 0.10466550 -0.10192540
v 0.02137104 0.10498430 -0.10185240
v 0.02136373 0.10466930 -0.10179460
v 0.02141587 0.10499640 -0.10168190
v 0.02139324 0.10467170 -0.10171319
v 0.02141598 0.10499660 -0.10168049
v 0.02140373 0.10468320 -0.10162429
v 0.02142383 0.10470521 -0.10145379
v 0.02142943 0.10502160 -0.10150900
v 0.01954342 0.10564750 -0.10185789
v 0.01951721 0.10570041 -0.10160710
v 0.01952273 0.10538840 -0.10155279
v 0.01953319 0.10535460 -0.10172439
v 0.01955243 0.10533471 -0.10180110
v 0.01954495 0.10564451 -0.10187249
v 0.01958484 0.10530121 -0.10193040
v 0.01959733 0.10560180 -0.10201750
v 0.01960050 0.10529050 -0.10196159
v 0.01961720 0.10558561 -0.10207249
v 0.01966756 0.10524470 -0.10209489
v 0.01967230 0.10555260 -0.10215660
v 0.01967328 0.10524161 -0.10210170
v 0.01971960 0.10552421 -0.10222880
v 0.01976618 0.10519101 -0.10221110
v 0.01976212 0.10550300 -0.10226849
v 0.01982856 0.10546981 -0.10233070
v 0.01979340 0.10517621 -0.10224310
v 0.01983291 0.10515780 -0.10227049
v 0.01985320 0.10545750 -0.10235369
v 0.01995505 0.10510110 -0.10235510
v 0.01995391 0.10541301 -0.10241130
v 0.02001242 0.10538720 -0.10244479
v 0.01996478 0.10509650 -0.10236180
v 0.02010173 0.10535141 -0.10247110
v 0.02010445 0.10503891 -0.10241040
v 0.02022059 0.10530381 -0.10250619
v 0.02019066 0.10500331 -0.10244030
v 0.02026521 0.10528740 -0.10250840
v 0.02026677 0.10497490 -0.10244529
v 0.02044791 0.10522030 -0.10251759
v 0.02046930 0.10489921 -0.10245849
v 0.02046925 0.10521241 -0.10251870
v 0.02047245 0.10526281 -0.10222790
v 0.02047240 0.10494761 -0.10217869
v 0.02031152 0.10500741 -0.10217280
v 0.02021158 0.10536020 -0.10220559
v 0.02020484 0.10504980 -0.10214830
v 0.02020511 0.10536281 -0.10220340
v 0.02010768 0.10508841 -0.10212600
v 0.02007271 0.10541710 -0.10215829
v 0.02007111 0.10510450 -0.10210719
v 0.02006243 0.10542131 -0.10215480
v 0.01999040 0.10514010 -0.10206579
v 0.01995414 0.10547071 -0.10208569
v 0.01995285 0.10515880 -0.10203320
v 0.01995095 0.10547220 -0.10208369
v 0.01989014 0.10519011 -0.10197860
v 0.01986673 0.10551630 -0.10199560
v 0.01985821 0.10520920 -0.10193179
v 0.01986043 0.10552041 -0.10198460
v 0.01981031 0.10523800 -0.10186160
v 0.01979770 0.10556070 -0.10187570
v 0.01979148 0.10525361 -0.10180949
v 0.01979405 0.10556421 -0.10186279
v 0.01976474 0.10527571 -0.10173570
v 0.01975772 0.10559890 -0.10173519
v 0.01975757 0.10528901 -0.10167439
v 0.01975724 0.10560031 -0.10172850
v 0.01974230 0.10531720 -0.10154390
v 0.01974778 0.10562661 -0.10159770
v 0.01974677 0.10539151 -0.10111590
v 0.01975219 0.10569990 -0.10117529
v 0.01974230 0.10531720 -0.10154390
v 0.01974778 0.10562661 -0.10159770
v 0.02123026 0.10485920 -0.10102940
v 0.02122454 0.10517811 -0.10109060
v 0.02049241 0.10513591 -0.10107470
v 0.02049211 0.10544921 -0.10113490
v 0.01974677 0.10539151 -0.10111590
v 0.01975219 0.10569990 -0.10117529
v 0.02122569 0.10478351 -0.10146659
v 0.02122002 0.10510341 -0.10152209
v 0.02123026 0.10485920 -0.10102940
v 0.02122454 0.10517811 -0.10109060
v 0.02122002 0.10510341 -0.10152209
v 0.02122569 0.10478351 -0.10146659
v 0.02121889 0.10477051 -0.10155549
v 0.02120088 0.10508751 -0.10165449
v 0.02120867 0.10476680 -0.10159959
v 0.02119047 0.10507891 -0.10172659
v 0.02118026 0.10475651 -0.10172210
v 0.02116381 0.10507760 -0.10179280
v 0.02117156 0.10475680 -0.10174000
v 0.02111695 0.10475860 -0.10185229
v 0.02113274 0.10507621 -0.10187010
v 0.02110168 0.10476130 -0.10187100
v 0.02109564 0.10508140 -0.10192250
v 0.02102524 0.10477491 -0.10196479
v 0.02105187 0.10508761 -0.10198440
v 0.02100137 0.10478100 -0.10198330
v 0.02099662 0.10510031 -0.10203349
v 0.02090549 0.10480530 -0.10205749
v 0.02094109 0.10511300 -0.10208279
v 0.02087922 0.10481331 -0.10206959
v 0.02087586 0.10513160 -0.10211869
v 0.02074557 0.10485370 -0.10213099
v 0.02080362 0.10515210 -0.10215840
v 0.02074540 0.10485380 -0.10213099
v 0.02074274 0.10517190 -0.10217520
v 0.02060233 0.10521760 -0.10221380
v 0.02047240 0.10494761 -0.10217869
v 0.02047245 0.10526281 -0.10222790
v 0.02031152 0.10500741 -0.10217280
v 0.02019066 0.10500331 -0.10244030
v 0.02020484 0.10504980 -0.10214830
v 0.02010445 0.10503891 -0.10241040
v 0.02010768 0.10508841 -0.10212600
v 0.01996478 0.10509650 -0.10236180
v 0.02007111 0.10510450 -0.10210719
v 0.01995505 0.10510110 -0.10235510
v 0.01999040 0.10514010 -0.10206579
v 0.01983291 0.10515780 -0.10227049
v 0.01995285 0.10515880 -0.10203320
v 0.02084832 0.10477260 -0.10236579
v 0.02068563 0.10482441 -0.10242430
v 0.02047240 0.10494761 -0.10217869
v 0.02067140 0.10482901 -0.10242939
v 0.02046930 0.10489921 -0.10245849
v 0.02026677 0.10497490 -0.10244529
v 0.02074540 0.10485380 -0.10213099
v 0.02074557 0.10485370 -0.10213099
v 0.02088768 0.10476011 -0.10235159
v 0.02087922 0.10481331 -0.10206959
v 0.02099004 0.10473170 -0.10228529
v 0.02090549 0.10480530 -0.10205749
v 0.01979340 0.10517621 -0.10224310
v 0.01976618 0.10519101 -0.10221110
v 0.01989014 0.10519011 -0.10197860
v 0.01967328 0.10524161 -0.10210170
v 0.01985821 0.10520920 -0.10193179
v 0.01966756 0.10524470 -0.10209489
v 0.01981031 0.10523800 -0.10186160
v 0.01960050 0.10529050 -0.10196159
v 0.01979148 0.10525361 -0.10180949
v 0.01958484 0.10530121 -0.10193040
v 0.01976474 0.10527571 -0.10173570
v 0.01955243 0.10533471 -0.10180110
v 0.01975757 0.10528901 -0.10167439
v 0.01953319 0.10535460 -0.10172439
v 0.01974230 0.10531720 -0.10154390
v 0.01952273 0.10538840 -0.10155279
v 0.01974677 0.10539151 -0.10111590
v 0.01953029 0.10551130 -0.10084410
v 0.02049241 0.10513591 -0.10107470
v 0.02048715 0.10518590 -0.10080329
v 0.02123026 0.10485920 -0.10102940
v 0.02143124 0.10482570 -0.10075700
v 0.02122569 0.10478351 -0.10146659
v 0.02142383 0.10470521 -0.10145379
v 0.02121889 0.10477051 -0.10155549
v 0.02140373 0.10468320 -0.10162429
v 0.02120867 0.10476680 -0.10159959
v 0.02139324 0.10467170 -0.10171319
v 0.02118026 0.10475651 -0.10172210
v 0.02136373 0.10466930 -0.10179460
v 0.02117156 0.10475680 -0.10174000
v 0.02131631 0.10466550 -0.10192540
v 0.02111695 0.10475860 -0.10185229
v 0.02130177 0.10466730 -0.10194850
v 0.02110168 0.10476130 -0.10187100
v 0.02121894 0.10467740 -0.10208020
v 0.02102524 0.10477491 -0.10196479
v 0.02121253 0.10467820 -0.10209039
v 0.02100137 0.10478100 -0.10198330
v 0.02111298 0.10469970 -0.10219279
v 0.02107921 0.10470701 -0.10222760
v 0.02021158 0.10536020 -0.10220559
v 0.02020511 0.10536281 -0.10220340
v 0.02049211 0.10544921 -0.10113490
v 0.02007271 0.10541710 -0.10215829
v 0.02006243 0.10542131 -0.10215480
v 0.01995414 0.10547071 -0.10208569
v 0.01995095 0.10547220 -0.10208369
v 0.01986673 0.10551630 -0.10199560
v 0.01986043 0.10552041 -0.10198460
v 0.01979770 0.10556070 -0.10187570
v 0.01979405 0.10556421 -0.10186279
v 0.01975772 0.10559890 -0.10173519
v 0.01975724 0.10560031 -0.10172850
v 0.01974778 0.10562661 -0.10159770
v 0.01975219 0.10569990 -0.10117529
v 0.02122454 0.10517811 -0.10109060
v 0.02122002 0.10510341 -0.10152209
v 0.02120088 0.10508751 -0.10165449
v 0.02119047 0.10507891 -0.10172659
v 0.02116381 0.10507760 -0.10179280
v 0.02113274 0.10507621 -0.10187010
v 0.02109564 0.10508140 -0.10192250
v 0.02105187 0.10508761 -0.10198440
v 0.02099662 0.10510031 -0.10203349
v 0.02094109 0.10511300 -0.10208279
v 0.02087586 0.10513160 -0.10211869
v 0.02080362 0.10515210 -0.10215840
v 0.02074274 0.10517190 -0.10217520
v 0.02060233 0.10521760 -0.10221380
v 0.02047245 0.10526281 -0.10222790
v 0.01953999 0.10569420 -0.09979300
v 0.01953443 0.10600551 -0.09985099
v 0.01954338 0.10574891 -0.09947740
v 0.01953789 0.10606160 -0.09952800
v 0.02145764 0.10550831 -0.09870050
v 0.02145195 0.10519040 -0.09865350
v 0.02050328 0.10580311 -0.09911489
v 0.02050325 0.10548781 -0.09906610
v 0.02047626 0.10581031 -0.09912649
v 0.01954338 0.10574891 -0.09947740
v 0.01953789 0.10606160 -0.09952800
v 0.02145195 0.10519040 -0.09865350
v 0.02145764 0.10550831 -0.09870050
v 0.02144995 0.10515490 -0.09885839
v 0.02145556 0.10547130 -0.09891369
v 0.02144216 0.10546860 -0.09895950
v 0.02143761 0.10515240 -0.09890109
v 0.02144322 0.10515171 -0.09889210
v 0.02139995 0.10516231 -0.09893260
v 0.02142165 0.10515571 -0.09891909
v 0.02140209 0.10547890 -0.09899299
v 0.02142503 0.10547220 -0.09897860
v 0.02143568 0.10515261 -0.09890409
v 0.02144075 0.10546881 -0.09896189
v 0.02142949 0.10515400 -0.09891079
v 0.02143343 0.10547040 -0.09896969
v 0.02142506 0.10547220 -0.09897850
v 0.02144995 0.10515490 -0.09885839
v 0.02145556 0.10547130 -0.09891369
v 0.02144728 0.10515201 -0.09888090
v 0.02145301 0.10546840 -0.09893589
v 0.02144637 0.10515191 -0.09888340
v 0.02145167 0.10546821 -0.09894009
v 0.02144344 0.10515161 -0.09889180
v 0.02144935 0.10546791 -0.09894740
v 0.02144801 0.10546801 -0.09894970
v 0.02139995 0.10516231 -0.09893260
v 0.02140209 0.10547890 -0.09899299
v 0.02118215 0.10523391 -0.09902580
v 0.02118597 0.10554901 -0.09908529
v 0.02096368 0.10530371 -0.09911889
v 0.02096920 0.10561731 -0.09917750
v 0.02096368 0.10530371 -0.09911889
v 0.02096920 0.10561731 -0.09917750
v 0.02095411 0.10514981 -0.10000759
v 0.02095972 0.10546470 -0.10005859
v 0.02095411 0.10514981 -0.10000759
v 0.02095972 0.10546470 -0.10005859
v 0.02117049 0.10505221 -0.10007640
v 0.02117444 0.10536880 -0.10012699
v 0.02138623 0.10495280 -0.10014469
v 0.02138855 0.10527121 -0.10019500
v 0.02143864 0.10524211 -0.10024490
v 0.02144114 0.10523651 -0.10027049
v 0.02143553 0.10492010 -0.10021539
v 0.02143538 0.10492110 -0.10020990
v 0.02143330 0.10492531 -0.10019099
v 0.02143843 0.10524221 -0.10024429
v 0.02143311 0.10492550 -0.10019050
v 0.02142955 0.10492871 -0.10018069
v 0.02143462 0.10524570 -0.10023370
v 0.02142924 0.10492901 -0.10017990
v 0.02143451 0.10524580 -0.10023339
v 0.02142500 0.10493191 -0.10017340
v 0.02142937 0.10524920 -0.10022560
v 0.02142290 0.10493330 -0.10017010
v 0.02142596 0.10525151 -0.10022039
v 0.02141720 0.10493660 -0.10016459
v 0.02142134 0.10525421 -0.10021620
v 0.02141006 0.10494081 -0.10015770
v 0.02141265 0.10525911 -0.10020820
v 0.02140914 0.10494121 -0.10015719
v 0.02141089 0.10526011 -0.10020649
v 0.02138623 0.10495280 -0.10014469
v 0.02138855 0.10527121 -0.10019500
v 0.02143553 0.10492010 -0.10021539
v 0.02144114 0.10523651 -0.10027049
v 0.02143325 0.10488511 -0.10041780
v 0.02143876 0.10520011 -0.10048109
v 0.02049210 0.10530681 -0.10011099
v 0.02143325 0.10488511 -0.10041780
v 0.02143876 0.10520011 -0.10048109
v 0.01953443 0.10600551 -0.09985099
v 0.01953999 0.10569420 -0.09979300
v 0.02046753 0.10562980 -0.10016340
v 0.02049200 0.10562001 -0.10017160
v 0.02007426 0.10552501 -0.09972689
v 0.02007627 0.10583770 -0.09977609
v 0.02043890 0.10537371 -0.09984359
v 0.02043709 0.10568950 -0.09989180
v 0.02080186 0.10521731 -0.09995880
v 0.02079631 0.10553631 -0.10000619
v 0.02007627 0.10583770 -0.09977609
v 0.02007426 0.10552501 -0.09972689
v 0.01989363 0.10590951 -0.09972360
v 0.01968784 0.10567521 -0.09962440
v 0.01980477 0.10594320 -0.09970159
v 0.01970836 0.10597941 -0.09967790
v 0.02007974 0.10556470 -0.09949200
v 0.02008162 0.10587561 -0.09955140
v 0.01982538 0.10563630 -0.09958270
v 0.01989673 0.10592670 -0.09962040
v 0.01968784 0.10567521 -0.09962440
v 0.01970836 0.10597941 -0.09967790
v 0.02080975 0.10535110 -0.09918670
v 0.02080404 0.10566751 -0.09925000
v 0.02044560 0.10546051 -0.09933960
v 0.02044364 0.10577411 -0.09940089
v 0.02007974 0.10556470 -0.09949200
v 0.02008162 0.10587561 -0.09955140
v 0.02080186 0.10521731 -0.09995880
v 0.02079631 0.10553631 -0.10000619
v 0.02080975 0.10535110 -0.09918670
v 0.02080404 0.10566751 -0.09925000
v 0.02007426 0.10552501 -0.09972689
v 0.02049210 0.10530671 -0.10011099
v 0.01968784 0.10567521 -0.09962440
v 0.01953999 0.10569420 -0.09979300
v 0.01954338 0.10574891 -0.09947740
v 0.02043890 0.10537371 -0.09984359
v 0.02080186 0.10521731 -0.09995880
v 0.02143325 0.10488511 -0.10041780
v 0.02118215 0.10523391 -0.09902580
v 0.02096368 0.10530371 -0.09911889
v 0.02145195 0.10519040 -0.09865350
v 0.02144995 0.10515490 -0.09885839
v 0.02144728 0.10515201 -0.09888090
v 0.02144637 0.10515191 -0.09888340
v 0.02144344 0.10515161 -0.09889180
v 0.02144322 0.10515171 -0.09889210
v 0.02143761 0.10515240 -0.09890109
v 0.02143568 0.10515261 -0.09890409
v 0.02142949 0.10515400 -0.09891079
v 0.02139995 0.10516231 -0.09893260
v 0.02142165 0.10515571 -0.09891909
v 0.02140914 0.10494121 -0.10015719
v 0.02142113 0.10493341 -0.10017379
v 0.02138623 0.10495280 -0.10014469
v 0.02117049 0.10505221 -0.10007640
v 0.02142290 0.10493330 -0.10017010
v 0.02142500 0.10493191 -0.10017340
v 0.02142924 0.10492901 -0.10017990
v 0.02141006 0.10494081 -0.10015770
v 0.02141720 0.10493660 -0.10016459
v 0.02142955 0.10492871 -0.10018069
v 0.02143311 0.10492550 -0.10019050
v 0.02143330 0.10492531 -0.10019099
v 0.02143538 0.10492110 -0.10020990
v 0.02143553 0.10492010 -0.10021539
v 0.02095411 0.10514981 -0.10000759
v 0.02080975 0.10535110 -0.09918670
v 0.02050325 0.10548781 -0.09906610
v 0.02044559 0.10546051 -0.09933960
v 0.02007974 0.10556470 -0.09949200
v 0.01982538 0.10563630 -0.09958270
v 0.01980477 0.10594320 -0.09970159
v 0.01970836 0.10597941 -0.09967790
v 0.01989673 0.10592670 -0.09962040
v 0.02080404 0.10566751 -0.09925000
v 0.02079631 0.10553631 -0.10000619
v 0.02044364 0.10577411 -0.09940089
v 0.02043709 0.10568950 -0.09989180
v 0.02008162 0.10587561 -0.09955140
v 0.02007627 0.10583770 -0.09977609
v 0.01989363 0.10590951 -0.09972360
v 0.01959076 0.10628781 -0.09815310
v 0.01959145 0.10620660 -0.09814030
v 0.01956780 0.10629210 -0.09817089
v 0.01959209 0.10613170 -0.09812840
v 0.01959343 0.10597561 -0.09810369
v 0.01957524 0.10597941 -0.09811590
v 0.01957089 0.10598011 -0.09811999
v 0.01956734 0.10598070 -0.09812330
v 0.01956527 0.10629251 -0.09817289
v 0.01956467 0.10598091 -0.09812739
v 0.01956062 0.10629300 -0.09817880
v 0.01956181 0.10598101 -0.09813160
v 0.01955774 0.10629330 -0.09818249
v 0.01956108 0.10598091 -0.09813380
v 0.01955591 0.10629320 -0.09818620
v 0.01955819 0.10598041 -0.09814219
v 0.01955442 0.10629310 -0.09818930
v 0.01955786 0.10598001 -0.09814460
v 0.01955489 0.10597240 -0.09819310
v 0.01954936 0.10628451 -0.09824729
v 0.01955581 0.10597811 -0.09815960
v 0.01955110 0.10629030 -0.09821110
v 0.01955615 0.10597841 -0.09815710
v 0.01955148 0.10629161 -0.09820329
v 0.01955261 0.10629220 -0.09819790
v 0.01959145 0.10620660 -0.09814030
v 0.01959076 0.10628781 -0.09815310
v 0.02015089 0.10615490 -0.09783830
v 0.02015354 0.10584050 -0.09778849
v 0.01959343 0.10597561 -0.09810369
v 0.01959209 0.10613170 -0.09812840
v 0.02070780 0.10600970 -0.09752319
v 0.02071035 0.10569281 -0.09747309
v 0.02048838 0.10606691 -0.09764729
v 0.02015354 0.10584050 -0.09778849
v 0.01959209 0.10613170 -0.09812840
v 0.02100891 0.10591971 -0.09738510
v 0.02102475 0.10559720 -0.09732910
v 0.02091378 0.10563211 -0.09737620
v 0.02085683 0.10596660 -0.09744970
v 0.02071035 0.10569281 -0.09747309
v 0.02070780 0.10600970 -0.09752319
v 0.02071529 0.10573581 -0.09721960
v 0.02102475 0.10559720 -0.09732910
v 0.02071263 0.10605111 -0.09727949
v 0.02100891 0.10591971 -0.09738510
v 0.02016183 0.10598481 -0.09695700
v 0.02071529 0.10573581 -0.09721960
v 0.02071263 0.10605111 -0.09727949
v 0.01960246 0.10653241 -0.09674929
v 0.01960513 0.10622191 -0.09669039
v 0.02015912 0.10629760 -0.09701640
v 0.02049218 0.10614930 -0.09717469
v 0.01956621 0.10655971 -0.09666140
v 0.01957174 0.10624760 -0.09660719
v 0.01957130 0.10624141 -0.09664340
v 0.01957194 0.10654610 -0.09672779
v 0.01956962 0.10654751 -0.09672450
v 0.01957463 0.10623601 -0.09666769
v 0.01956919 0.10654770 -0.09672380
v 0.01957349 0.10623681 -0.09666490
v 0.01956810 0.10654851 -0.09672110
v 0.01957225 0.10623781 -0.09666189
v 0.01956698 0.10654941 -0.09671830
v 0.01957157 0.10623890 -0.09665690
v 0.01956641 0.10655080 -0.09671180
v 0.01957118 0.10623951 -0.09665400
v 0.01956558 0.10655270 -0.09670239
v 0.01956566 0.10655350 -0.09669769
v 0.01957472 0.10623591 -0.09666789
v 0.01957656 0.10623491 -0.09667030
v 0.01957331 0.10654531 -0.09672979
v 0.01957920 0.10623340 -0.09667390
v 0.01957873 0.10654271 -0.09673469
v 0.01958234 0.10623191 -0.09667649
v 0.01958175 0.10654120 -0.09673739
v 0.01958697 0.10622970 -0.09668029
v 0.01960246 0.10653241 -0.09674929
v 0.01960513 0.10622191 -0.09669039
v 0.01957411 0.10628830 -0.09637289
v 0.01956864 0.10660141 -0.09642170
v 0.02148064 0.10591851 -0.09633520
v 0.02147498 0.10560110 -0.09628559
v 0.02053098 0.10627740 -0.09638130
v 0.02053097 0.10596210 -0.09633200
v 0.02049927 0.10628801 -0.09638259
v 0.01957411 0.10628830 -0.09637289
v 0.01956864 0.10660141 -0.09642170
v 0.02147498 0.10560110 -0.09628559
v 0.02148064 0.10591851 -0.09633520
v 0.02147286 0.10556401 -0.09649940
v 0.02147842 0.10587961 -0.09656010
v 0.02147286 0.10556401 -0.09649940
v 0.02147842 0.10587961 -0.09656010
v 0.02085703 0.10580250 -0.09653860
v 0.02085971 0.10611631 -0.09659899
v 0.02023553 0.10602630 -0.09657499
v 0.02049681 0.10624540 -0.09661990
v 0.02023542 0.10633841 -0.09663499
v 0.02023553 0.10602630 -0.09657499
v 0.02023542 0.10633841 -0.09663499
v 0.02004215 0.10609460 -0.09657429
v 0.02014145 0.10637101 -0.09663699
v 0.01994931 0.10612730 -0.09657119
v 0.02005484 0.10640140 -0.09663459
v 0.01984861 0.10616231 -0.09656770
v 0.01987417 0.10646400 -0.09662829
v 0.02117390 0.10587720 -0.09726170
v 0.02117115 0.10556010 -0.09721139
v 0.02052643 0.10617871 -0.09694760
v 0.02051241 0.10586960 -0.09689230
v 0.02049468 0.10619260 -0.09693209
v 0.01984861 0.10616231 -0.09656770
v 0.01987417 0.10646400 -0.09662829
v 0.02122920 0.10584021 -0.09734710
v 0.02122362 0.10552481 -0.09729209
v 0.02122225 0.10552861 -0.09727400
v 0.02122653 0.10584620 -0.09731930
v 0.02122023 0.10553080 -0.09726609
v 0.02121771 0.10553360 -0.09725610
v 0.02122653 0.10584620 -0.09731919
v 0.02121667 0.10553441 -0.09725410
v 0.02122178 0.10585031 -0.09730690
v 0.02121992 0.10585190 -0.09730209
v 0.02121138 0.10553830 -0.09724380
v 0.02121591 0.10585450 -0.09729620
v 0.02120928 0.10585881 -0.09728649
v 0.02121032 0.10553911 -0.09724169
v 0.02120882 0.10585911 -0.09728599
v 0.02120408 0.10554281 -0.09723500
v 0.02119870 0.10554600 -0.09722909
v 0.02119903 0.10586451 -0.09727740
v 0.02119507 0.10554780 -0.09722680
v 0.02119462 0.10586690 -0.09727349
v 0.02117115 0.10556010 -0.09721139
v 0.02117390 0.10587720 -0.09726170
v 0.02122362 0.10552481 -0.09729209
v 0.02122920 0.10584021 -0.09734710
v 0.02122323 0.10551610 -0.09734240
v 0.02122882 0.10583140 -0.09739740
v 0.02120080 0.10582991 -0.09746850
v 0.02119692 0.10583091 -0.09747140
v 0.02119321 0.10551571 -0.09741229
v 0.02118828 0.10551680 -0.09741700
v 0.02117206 0.10583741 -0.09748989
v 0.02116943 0.10552201 -0.09742999
v 0.02120740 0.10582870 -0.09746080
v 0.02120358 0.10551330 -0.09740229
v 0.02121311 0.10582760 -0.09745419
v 0.02120470 0.10551301 -0.09740120
v 0.02121465 0.10582750 -0.09745129
v 0.02120983 0.10551240 -0.09739329
v 0.02121995 0.10582711 -0.09744140
v 0.02121277 0.10551201 -0.09738879
v 0.02122041 0.10582721 -0.09743980
v 0.02121922 0.10551271 -0.09737030
v 0.02122323 0.10551610 -0.09734240
v 0.02122882 0.10583140 -0.09739740
v 0.02121504 0.10551220 -0.09738259
v 0.02121901 0.10551250 -0.09737179
v 0.02122422 0.10582811 -0.09742649
v 0.02122649 0.10582860 -0.09741859
v 0.02050752 0.10570750 -0.09781750
v 0.02116943 0.10552201 -0.09742999
v 0.02117206 0.10583741 -0.09748989
v 0.01986629 0.10617961 -0.09824980
v 0.01984049 0.10587530 -0.09820430
v 0.02048666 0.10602560 -0.09789039
v 0.02052159 0.10601690 -0.09787019
v 0.02022363 0.10606370 -0.09820970
v 0.02022360 0.10574971 -0.09816059
v 0.02004505 0.10612281 -0.09822689
v 0.01984049 0.10587530 -0.09820430
v 0.01995929 0.10615020 -0.09823790
v 0.01986629 0.10617961 -0.09824980
v 0.02146145 0.10560421 -0.09815109
v 0.02145579 0.10528680 -0.09810150
v 0.02084530 0.10584121 -0.09818159
v 0.02084250 0.10552550 -0.09813220
v 0.02048355 0.10597071 -0.09819790
v 0.02022360 0.10574971 -0.09816059
v 0.02022363 0.10606370 -0.09820970
v 0.02145579 0.10528680 -0.09810150
v 0.02146145 0.10560421 -0.09815109
v 0.02145367 0.10524971 -0.09831539
v 0.02145922 0.10556521 -0.09837609
v 0.02050949 0.10560811 -0.09837429
v 0.02145367 0.10524971 -0.09831539
v 0.02145922 0.10556521 -0.09837609
v 0.01954694 0.10624300 -0.09848609
v 0.01955252 0.10593191 -0.09842640
v 0.02048204 0.10593050 -0.09843589
v 0.02050940 0.10592141 -0.09843449
v 0.01955252 0.10593191 -0.09842640
v 0.01954694 0.10624300 -0.09848609
v 0.01955489 0.10597240 -0.09819310
v 0.01954936 0.10628451 -0.09824729
v 0.02147498 0.10560110 -0.09628559
v 0.02147286 0.10556401 -0.09649940
v 0.02053096 0.10596210 -0.09633200
v 0.02085702 0.10580250 -0.09653860
v 0.02023553 0.10602630 -0.09657499
v 0.02004215 0.10609460 -0.09657429
v 0.01957411 0.10628830 -0.09637289
v 0.02102475 0.10559720 -0.09732910
v 0.02122323 0.10551610 -0.09734240
v 0.02121922 0.10551271 -0.09737030
v 0.02121901 0.10551250 -0.09737179
v 0.02121504 0.10551220 -0.09738259
v 0.02121277 0.10551201 -0.09738879
v 0.02120983 0.10551240 -0.09739329
v 0.02120470 0.10551301 -0.09740120
v 0.02120358 0.10551330 -0.09740229
v 0.02050752 0.10570750 -0.09781750
v 0.02071035 0.10569281 -0.09747309
v 0.02116943 0.10552201 -0.09742999
v 0.02091378 0.10563211 -0.09737620
v 0.02118828 0.10551680 -0.09741700
v 0.02119321 0.10551571 -0.09741229
v 0.01955615 0.10597841 -0.09815710
v 0.01955786 0.10598001 -0.09814460
v 0.01984049 0.10587530 -0.09820430
v 0.01955581 0.10597811 -0.09815960
v 0.01955819 0.10598041 -0.09814219
v 0.01956108 0.10598091 -0.09813380
v 0.01956181 0.10598101 -0.09813160
v 0.01956467 0.10598091 -0.09812739
v 0.01956734 0.10598070 -0.09812330
v 0.01957089 0.10598011 -0.09811999
v 0.01957524 0.10597941 -0.09811590
v 0.01959343 0.10597561 -0.09810369
v 0.02015354 0.10584050 -0.09778849
v 0.01994931 0.10612730 -0.09657119
v 0.01984861 0.10616231 -0.09656770
v 0.01957174 0.10624760 -0.09660719
v 0.01958697 0.10622970 -0.09668029
v 0.01958234 0.10623191 -0.09667649
v 0.01957920 0.10623340 -0.09667390
v 0.01957656 0.10623491 -0.09667030
v 0.01957472 0.10623591 -0.09666789
v 0.01957463 0.10623601 -0.09666769
v 0.01957349 0.10623681 -0.09666490
v 0.01957225 0.10623781 -0.09666189
v 0.01957157 0.10623890 -0.09665690
v 0.01957118 0.10623951 -0.09665400
v 0.01957130 0.10624141 -0.09664340
v 0.02071529 0.10573581 -0.09721960
v 0.02051241 0.10586960 -0.09689230
v 0.02016183 0.10598481 -0.09695700
v 0.01960513 0.10622191 -0.09669039
v 0.02117115 0.10556010 -0.09721139
v 0.02119507 0.10554780 -0.09722680
v 0.02119870 0.10554600 -0.09722909
v 0.02120408 0.10554281 -0.09723500
v 0.02121032 0.10553911 -0.09724169
v 0.02121138 0.10553830 -0.09724380
v 0.02121667 0.10553441 -0.09725410
v 0.02121771 0.10553360 -0.09725610
v 0.02122023 0.10553080 -0.09726609
v 0.02122225 0.10552861 -0.09727400
v 0.02122362 0.10552481 -0.09729209
v 0.02050949 0.10560811 -0.09837429
v 0.01955252 0.10593191 -0.09842640
v 0.01955489 0.10597240 -0.09819310
v 0.02145579 0.10528680 -0.09810150
v 0.02145367 0.10524971 -0.09831539
v 0.02084249 0.10552550 -0.09813220
v 0.02022360 0.10574971 -0.09816059
v 0.01570387 0.12569031 0.02604380
v 0.03242449 0.12310770 0.00347141
v 0.03242131 0.12312761 0.00321000
v 0.03293156 0.12246621 -0.00296700
v 0.03288952 0.12248191 -0.00296880
v 0.03279627 0.12280080 -0.00002758
v 0.03285307 0.12248620 -0.00296950
v 0.03285140 0.12248640 -0.00296950
v 0.03271383 0.12282091 -0.00003750
v 0.00000042 0.12619781 0.02972401
v 0.00000030 0.12620080 0.02976951
v 0.00000024 0.12619630 0.02982151
v 0.00000024 0.12619630 0.02982170
v 0.00327023 0.12618050 0.02965800
v 0.00648384 0.12612561 0.02917411
v 0.00961870 0.12603570 0.02838020
v 0.01267431 0.12591070 0.02727540
v 0.01561383 0.12575161 0.02587022
v 0.01837195 0.12556261 0.02419972
v 0.02094981 0.12534411 0.02226902
v 0.02334562 0.12509591 0.02007600
v 0.02551094 0.12482261 0.01766041
v 0.02721241 0.12455260 0.01519581
v 0.02741442 0.12452861 0.01506181
v 0.02905868 0.12421421 0.01228221
v 0.03043002 0.12388100 0.00933662
v 0.03149628 0.12353721 0.00629701
v 0.03225830 0.12318390 0.00317210
v 0.03287393 0.12276690 -0.00001659
v 0.03300738 0.12243751 -0.00296380
v 0.03300649 0.12243811 -0.00296380
v 0.03300790 0.12243721 -0.00296371
v 0.03290435 0.12275320 0.00027210
v 0.03165997 0.12347900 0.00635221
v 0.03054165 0.12379371 0.00965461
v 0.03059206 0.12382120 0.00940940
v 0.03162538 0.12345511 0.00660600
v 0.02921665 0.12415310 0.01237251
v 0.02749352 0.12442901 0.01535810
v 0.02756597 0.12446670 0.01516902
v 0.02915612 0.12411921 0.01257981
v 0.02565383 0.12476040 0.01778340
v 0.02339392 0.12498900 0.02036601
v 0.02347770 0.12503370 0.02021382
v 0.02556803 0.12472001 0.01796290
v 0.02106926 0.12528210 0.02242030
v 0.01840288 0.12545260 0.02449891
v 0.01847735 0.12550091 0.02436293
v 0.02100517 0.12523491 0.02255891
v 0.01274769 0.12584971 0.02745771
v 0.00961914 0.12592061 0.02866020
v 0.00967454 0.12597520 0.02856932
v 0.01268169 0.12579700 0.02756370
v 0.00652150 0.12606570 0.02936763
v 0.00328920 0.12612170 0.02985340
v 0.00646125 0.12601011 0.02944740
v 0.00324314 0.12606480 0.02992161
v 0.03234243 0.12316311 0.00319071
v 0.03158096 0.12351600 0.00632450
v 0.03051400 0.12385940 0.00937330
v 0.02914071 0.12419240 0.01232801
v 0.02749323 0.12450680 0.01511640
v 0.02558534 0.12480091 0.01772322
v 0.02341445 0.12507451 0.02014652
v 0.02101211 0.12532290 0.02234672
v 0.01842695 0.12554171 0.02428361
v 0.01566084 0.12573111 0.02595951
v 0.01271263 0.12589041 0.02736930
v 0.00964789 0.12601571 0.02847761
v 0.00650351 0.12610601 0.02927381
v 0.00328013 0.12616131 0.02975871
v 0.00000019 0.12619150 0.02987690
v 0.00000005 0.12613881 0.03001612
v 0.00000005 0.12613891 0.03001612
v 0.00000007 0.12615291 0.02999391
v 0.03300791 0.12243330 -0.00299810
v 0.03307441 0.12239400 -0.00296880
v 0.03300668 0.12243410 -0.00299819
v 0.03300648 0.12243420 -0.00299819
v 0.03293157 0.12246231 -0.00300129
v 0.03288951 0.12247800 -0.00300309
v 0.03285306 0.12248231 -0.00300349
v 0.03285258 0.12248240 -0.00300349
v -0.00298727 0.12616450 0.02978672
v -0.00297824 0.12618371 0.02968602
v -0.03300643 0.12243471 -0.00296310
v -0.00299553 0.12612501 0.02988142
v -0.00324155 0.12606421 0.02991410
v -0.00625457 0.12607181 0.02942021
v -0.00626262 0.12601271 0.02946922
v -0.00961485 0.12591910 0.02864640
v -0.00943287 0.12598340 0.02864231
v -0.00645742 0.12600831 0.02943080
v -0.01253003 0.12585991 0.02754801
v -0.01561252 0.12563901 0.02615870
v -0.01551545 0.12570170 0.02614491
v -0.01267516 0.12579520 0.02754740
v -0.01831716 0.12551301 0.02447041
v -0.01834644 0.12545501 0.02451972
v -0.02100268 0.12523440 0.02255430
v -0.02096973 0.12523720 0.02257951
v -0.02093499 0.12529471 0.02253172
v -0.01839689 0.12545141 0.02448820
v -0.02336662 0.12504631 0.02032560
v -0.02340378 0.12498990 0.02037400
v -0.02558694 0.12472161 0.01797740
v -0.02556810 0.12477221 0.01788880
v -0.02750204 0.12447761 0.01526560
v -0.02751448 0.12443061 0.01537211
v -0.02916758 0.12412011 0.01258662
v -0.02917108 0.12416281 0.01245890
v -0.03056274 0.12382921 0.00948152
v -0.03053811 0.12379391 0.00965421
v -0.03162927 0.12345571 0.00660810
v -0.03164361 0.12348520 0.00640751
v -0.03241402 0.12313180 0.00324790
v -0.03241036 0.12310760 0.00346909
v -0.03291205 0.12272441 0.00001182
v -0.03288446 0.12275300 0.00027030
v -0.03287212 0.12276910 0.00000330
v -0.03300588 0.12243500 -0.00296310
v -0.03285169 0.12248931 -0.00296929
v -0.03285305 0.12248920 -0.00296929
v -0.03279444 0.12280301 -0.00000780
v -0.03285340 0.12248910 -0.00296929
v -0.03293184 0.12246621 -0.00296660
v -0.03297298 0.12245421 -0.00296529
v -0.03271197 0.12282320 -0.00001778
v -0.03225096 0.12318811 0.00320982
v -0.03147989 0.12354351 0.00635191
v -0.02901324 0.12422391 0.01236811
v -0.03040074 0.12388911 0.00940821
v -0.02735074 0.12453950 0.01515782
v -0.02542560 0.12483440 0.01776512
v -0.02323508 0.12510850 0.02018711
v -0.02081624 0.12535660 0.02237971
v -0.01821261 0.12557471 0.02430650
v -0.01542645 0.12576301 0.02597071
v -0.01245787 0.12592081 0.02736500
v -0.00937842 0.12604400 0.02845280
v -0.00621845 0.12613161 0.02922642
v -0.03233512 0.12316740 0.00322862
v -0.03156458 0.12352221 0.00637971
v -0.03048471 0.12386751 0.00944511
v -0.02909520 0.12420211 0.01241410
v -0.02742943 0.12451771 0.01521272
v -0.02549980 0.12481280 0.01782832
v -0.02330363 0.12508710 0.02025801
v -0.02087817 0.12533551 0.02245780
v -0.01826717 0.12555391 0.02439082
v -0.01547292 0.12574251 0.02606031
v -0.01249556 0.12590060 0.02745921
v -0.00940689 0.12602401 0.02855052
v -0.00623731 0.12611191 0.02932630
v 0.01794084 0.11393651 -0.05813340
v 0.01800297 0.11393950 -0.05814050
v 0.01765651 0.11316080 -0.06249420
v 0.02090061 0.11622130 -0.04541399
v 0.02672572 0.11907110 -0.02873879
v 0.02678542 0.11907051 -0.02876069
v 0.02368560 0.11770481 -0.03704659
v 0.03182818 0.12145380 -0.01176679
v 0.03190313 0.12145791 -0.01178129
v 0.03260806 0.12198070 -0.00741129
v 0.02966813 0.12031801 -0.02038200
v 0.02961626 0.12031251 -0.02036480
v 0.03089086 0.12089921 -0.01611559
v 0.03194759 0.12145531 -0.01178919
v 0.03093930 0.12090030 -0.01612829
v 0.03098826 0.12089631 -0.01614039
v 0.02972117 0.12031750 -0.02039869
v 0.02977440 0.12031090 -0.02041459
v 0.02816074 0.11969620 -0.02454639
v 0.02059260 0.11620991 -0.04531229
v 0.02350636 0.11766331 -0.03697369
v 0.02356284 0.11768531 -0.03699819
v 0.02661152 0.11904911 -0.02869309
v 0.01730002 0.11159691 -0.07127209
v 0.01718436 0.11154680 -0.07126220
v 0.01747284 0.11312330 -0.06247770
v 0.01838121 0.11466791 -0.05378320
v 0.01928220 0.11541710 -0.04950019
v 0.01933574 0.11544571 -0.04951930
v 0.02053789 0.11618320 -0.04528979
v 0.02112949 0.11646950 -0.04348499
v 0.02269503 0.11726430 -0.03901969
v 0.01771179 0.11385020 -0.05809379
v 0.01779771 0.11397011 -0.05722430
v 0.01718275 0.11154561 -0.07126199
v 0.01713336 0.11150731 -0.07125480
v 0.01736562 0.11306270 -0.06246110
v 0.01738220 0.11312001 -0.06192779
v 0.01718335 0.11154610 -0.07126209
v 0.01741686 0.11309611 -0.06246980
v 0.01832873 0.11463771 -0.05376829
v 0.01855166 0.11481901 -0.05256609
v 0.01967893 0.11565561 -0.04798260
v 0.01730156 0.11159710 -0.07127220
v 0.01753238 0.11314351 -0.06248449
v 0.01781964 0.11390741 -0.05811540
v 0.01776343 0.11388190 -0.05810499
v 0.02387021 0.11766891 -0.03710819
v 0.01964115 0.11547230 -0.04960389
v 0.01868385 0.11470891 -0.05384489
v 0.01806417 0.11393490 -0.05814610
v 0.01742911 0.11161631 -0.07127679
v 0.01742681 0.11161651 -0.07127690
v 0.01856040 0.11471601 -0.05382400
v 0.01849838 0.11470761 -0.05381139
v 0.01951743 0.11548620 -0.04957409
v 0.01945477 0.11548080 -0.04955670
v 0.02077684 0.11624231 -0.04537780
v 0.02071358 0.11624010 -0.04535690
v 0.03276589 0.12192821 -0.00742100
v 0.03212031 0.12140461 -0.01181480
v 0.03277735 0.12185131 -0.00768580
v 0.02992551 0.12025561 -0.02045469
v 0.02695804 0.11902241 -0.02881689
v 0.03099764 0.12070041 -0.01696339
v 0.03113074 0.12085441 -0.01617170
v 0.03207873 0.12128930 -0.01236480
v 0.02987750 0.12027951 -0.02044289
v 0.03108472 0.12087321 -0.01616228
v 0.03203607 0.12143790 -0.01180340
v 0.03268910 0.12196100 -0.00741709
v 0.03199209 0.12144871 -0.01179659
v 0.03103698 0.12088721 -0.01615179
v 0.02982683 0.12029811 -0.02042939
v 0.02684497 0.11906190 -0.02878139
v 0.02690295 0.11904571 -0.02880019
v 0.02374875 0.11770131 -0.03706910
v 0.02381081 0.11768911 -0.03708979
v 0.02083971 0.11623591 -0.04539689
v 0.01862272 0.11471631 -0.05383529
v 0.01958007 0.11548321 -0.04958990
v 0.01718673 0.11228020 -0.06664959
v 0.01742477 0.11161670 -0.07127690
v 0.01759410 0.11315600 -0.06249000
v 0.01787924 0.11392580 -0.05812499
v 0.01843817 0.11469140 -0.05379769
v 0.01939370 0.11546721 -0.04953829
v 0.02065163 0.11622911 -0.04533489
v 0.02362308 0.11769941 -0.03702270
v 0.02666731 0.11906380 -0.02871609
v -0.03300643 0.12243081 -0.00299779
v -0.03285293 0.12248530 -0.00300390
v -0.03285317 0.12248530 -0.00300379
v -0.03285341 0.12248520 -0.00300379
v -0.03293184 0.12246621 -0.00296660
v -0.03293185 0.12246220 -0.00300129
v -0.03297309 0.12245021 -0.00299999
v -0.03300518 0.12243151 -0.00299789
v 0.01739790 0.11077350 -0.07611430
v 0.01738225 0.11077180 -0.07611390
v 0.01742221 0.11077070 -0.07611410
v 0.01727701 0.11076021 -0.07611079
v 0.01725404 0.11075400 -0.07610949
v 0.01733776 0.11076690 -0.07611259
v 0.01710308 0.11067911 -0.07609500
v 0.01712816 0.11069890 -0.07609869
v 0.01713563 0.11070231 -0.07609939
v 0.01717610 0.11072050 -0.07610290
v 0.01724435 0.11075141 -0.07610899
v 0.01725392 0.11075390 -0.07610949
v -0.01724100 0.11157141 -0.07126679
v -0.01730002 0.11159691 -0.07127189
v -0.01753370 0.11314770 -0.06246079
v -0.03261028 0.12198311 -0.00739019
v -0.01737113 0.11310490 -0.06201150
v -0.01736694 0.11306701 -0.06243739
v -0.02093077 0.11623751 -0.04532259
v -0.01966014 0.11548511 -0.04953280
v -0.01959905 0.11549611 -0.04951879
v -0.01863250 0.11472590 -0.05378219
v -0.01759542 0.11316031 -0.06246629
v -0.01765782 0.11316501 -0.06247059
v -0.01800702 0.11394620 -0.05810299
v -0.03099056 0.12070000 -0.01696209
v -0.03116876 0.12087330 -0.01602619
v -0.02690318 0.11908620 -0.02862600
v -0.02684374 0.11909491 -0.02860538
v -0.02373191 0.11772610 -0.03692219
v -0.03276806 0.12193071 -0.00739979
v -0.03206261 0.12128811 -0.01236129
v -0.03213430 0.12141370 -0.01174049
v -0.03278000 0.12185081 -0.00768539
v -0.02983114 0.12033541 -0.02023890
v -0.02988339 0.12032261 -0.02025349
v -0.02993387 0.12030401 -0.02026679
v -0.02961711 0.12008081 -0.02147700
v -0.02701603 0.11904661 -0.02866140
v -0.02379502 0.11772261 -0.03694479
v -0.02696105 0.11906991 -0.02864480
v -0.02998171 0.12028010 -0.02027850
v -0.03112297 0.12089210 -0.01601679
v -0.02385705 0.11771030 -0.03696549
v -0.02391642 0.11769011 -0.03698379
v -0.02086988 0.11625220 -0.04530540
v -0.01806822 0.11394160 -0.05810870
v -0.01869363 0.11471850 -0.05379189
v -0.01794490 0.11394330 -0.05809599
v -0.01730004 0.11159691 -0.07127189
v -0.01742477 0.11161670 -0.07127659
v -0.01742681 0.11161651 -0.07127659
v -0.02355266 0.11768490 -0.03684930
v -0.02263445 0.11722420 -0.03923730
v -0.02056798 0.11619980 -0.04519799
v -0.01960829 0.11562810 -0.04813859
v -0.01930112 0.11543020 -0.04942869
v -0.01833846 0.11464750 -0.05371490
v -0.01849991 0.11479490 -0.05269889
v -0.01777833 0.11394980 -0.05733489
v -0.01771582 0.11385701 -0.05805619
v -0.01713336 0.11150731 -0.07125459
v -0.01717284 0.11226890 -0.06670530
v -0.01718157 0.11154471 -0.07126159
v -0.01718436 0.11154690 -0.07126199
v -0.01741819 0.11310031 -0.06244610
v -0.01747416 0.11312751 -0.06245399
v -0.01782369 0.11391421 -0.05807789
v -0.01788329 0.11393251 -0.05808749
v -0.01850814 0.11471731 -0.05375819
v -0.01857017 0.11472561 -0.05377090
v -0.01947374 0.11549380 -0.04948550
v -0.01953640 0.11549911 -0.04950289
v -0.02074373 0.11625651 -0.04526519
v -0.02080700 0.11625870 -0.04528619
v -0.01776747 0.11388871 -0.05806739
v -0.01844792 0.11470111 -0.05374439
v -0.01941265 0.11548011 -0.04946699
v -0.02068177 0.11624570 -0.04524319
v -0.03092962 0.12091841 -0.01597109
v -0.03191748 0.12146711 -0.01170739
v -0.03196187 0.12146451 -0.01171519
v -0.02967345 0.12033751 -0.02018960
v -0.02960442 0.12032290 -0.02016520
v -0.02667003 0.11907390 -0.02853799
v -0.02672579 0.11908851 -0.02856089
v -0.02827760 0.11973231 -0.02439529
v -0.02822339 0.11972220 -0.02437460
v -0.03269129 0.12196351 -0.00739599
v -0.02972520 0.12034280 -0.02020660
v -0.03097801 0.12091941 -0.01598339
v -0.03102685 0.12091530 -0.01599519
v -0.03205021 0.12144700 -0.01172919
v -0.02977808 0.12034221 -0.02022320
v -0.02678413 0.11909560 -0.02858349
v -0.02366940 0.11772081 -0.03689829
v -0.02360916 0.11770681 -0.03687379
v -0.02062271 0.11622651 -0.04522059
v -0.03107543 0.12090620 -0.01600639
v -0.01935467 0.11545871 -0.04944790
v -0.01839095 0.11467760 -0.05372990
v -0.01742835 0.11161641 -0.07127659
v 0.01710282 0.11067441 -0.07612199
v 0.01712790 0.11069420 -0.07612570
v 0.01713466 0.11069731 -0.07612629
v 0.01717583 0.11071580 -0.07613000
v 0.01724409 0.11074670 -0.07613600
v 0.01725225 0.11074891 -0.07613639
v 0.01725366 0.11074920 -0.07613650
v 0.01727674 0.11075551 -0.07613780
v 0.01733749 0.11076220 -0.07613960
v 0.01737968 0.11076681 -0.07614079
v 0.01738225 0.11077180 -0.07611390
v 0.01739764 0.11076880 -0.07614129
v 0.01742194 0.11076600 -0.07614109
v -0.01706075 0.11104821 -0.07366639
v -0.01710215 0.11067950 -0.07609509
v -0.01741972 0.11077011 -0.07611390
v -0.01711918 0.11069320 -0.07609759
v -0.01713402 0.11070041 -0.07609899
v -0.01717520 0.11072040 -0.07610290
v -0.01722828 0.11074621 -0.07610789
v -0.01725252 0.11075361 -0.07610940
v -0.01725254 0.11075361 -0.07610940
v -0.01726061 0.11075611 -0.07610989
v -0.01733596 0.11076641 -0.07611250
v -0.01738140 0.11077270 -0.07611399
v -0.01738724 0.11077350 -0.07611419
v 0.01689521 0.10220280 -0.12532760
v 0.01689724 0.10220260 -0.12532760
v 0.01662211 0.10210750 -0.12530830
v 0.01665350 0.10213180 -0.12531289
v 0.01693706 0.10219890 -0.12532730
v 0.01685373 0.10219620 -0.12532600
v 0.01677063 0.10218300 -0.12532290
v 0.01669357 0.10214970 -0.12531630
v 0.01665511 0.10213311 -0.12531309
v -0.01710215 0.11067950 -0.07609509
v -0.01710189 0.11067480 -0.07612210
v -0.01711892 0.11068850 -0.07612460
v -0.01713512 0.11069641 -0.07612620
v -0.01717494 0.11071570 -0.07612989
v -0.01722801 0.11074141 -0.07613490
v -0.01725226 0.11074891 -0.07613639
v -0.01741945 0.11076541 -0.07614089
v -0.01738697 0.11076880 -0.07614120
v -0.01737960 0.11076780 -0.07614100
v -0.01733569 0.11076171 -0.07613949
v -0.01726034 0.11075130 -0.07613699
v 0.01689656 0.10219851 -0.12534280
v 0.01695935 0.10219530 -0.12534280
v 0.01693700 0.10219771 -0.12534300
v 0.01691262 0.10220041 -0.12534330
v 0.01685346 0.10219330 -0.12534150
v 0.01683266 0.10219081 -0.12534080
v 0.01679181 0.10218600 -0.12533960
v 0.01677052 0.10218010 -0.12533839
v 0.01676343 0.10217820 -0.12533799
v 0.01669363 0.10214670 -0.12533180
v 0.01665148 0.10212761 -0.12532809
v 0.01664727 0.10212571 -0.12532769
v 0.01662151 0.10210540 -0.12532390
v -0.01689521 0.10220280 -0.12532760
v -0.01689724 0.10220260 -0.12532760
v -0.01665350 0.10213180 -0.12531289
v -0.01665511 0.10213311 -0.12531309
v -0.01669357 0.10214970 -0.12531630
v -0.01677063 0.10218300 -0.12532290
v -0.01693706 0.10219890 -0.12532730
v -0.01710189 0.11067480 -0.07612210
v -0.01662211 0.10210750 -0.12530830
v -0.01685373 0.10219620 -0.12532600
v 0.00000000 0.09230159 -0.17906016
v 0.00000000 0.09229956 -0.17903277
v 0.00197831 0.09231282 -0.17896534
v 0.01358047 0.09415977 -0.16797619
v 0.01308165 0.09381775 -0.16984550
v 0.01631770 0.09930143 -0.14093090
v 0.01639071 0.10022191 -0.13556749
v 0.01593672 0.09782785 -0.14870970
v 0.01532291 0.09634131 -0.15646260
v 0.01432738 0.09486938 -0.16417230
v 0.01244177 0.09348755 -0.17167061
v 0.01048965 0.09286203 -0.17494246
v 0.00914088 0.09262285 -0.17626665
v 0.00754159 0.09244207 -0.17729287
v 0.00576325 0.09232538 -0.17801071
v 0.00388719 0.09225988 -0.17845776
v 0.00000000 0.09218863 -0.17871790
v 0.00000000 0.09224781 -0.17881025
v 0.00196298 0.09225761 -0.17874114
v 0.00197020 0.09229838 -0.17884998
v 0.00390302 0.09231562 -0.17856070
v 0.00391202 0.09233413 -0.17861712
v 0.00579158 0.09238528 -0.17811274
v 0.00580784 0.09240542 -0.17816895
v 0.00758574 0.09250470 -0.17738973
v 0.00389469 0.09229063 -0.17850725
v 0.00577661 0.09235833 -0.17805963
v 0.00756238 0.09247642 -0.17733930
v 0.00916948 0.09265674 -0.17630792
v 0.00000000 0.09229248 -0.17893705
v 0.00000000 0.09225193 -0.17881667
v 0.01329100 0.09388862 -0.16992140
v 0.01379458 0.09423201 -0.16803978
v 0.01352815 0.09398201 -0.16942067
v 0.01387626 0.09423082 -0.16805816
v 0.01454610 0.09494239 -0.16422221
v 0.01430306 0.09459195 -0.16610323
v 0.01554705 0.09641281 -0.15649840
v 0.01494174 0.09529084 -0.16237488
v 0.01264358 0.09355678 -0.17176451
v 0.01179963 0.09324530 -0.17351824
v 0.01188801 0.09324360 -0.17355112
v 0.01030428 0.09286943 -0.17570092
v 0.01069527 0.09296290 -0.17512890
v 0.01114359 0.09304615 -0.17468123
v 0.00766608 0.09254570 -0.17755369
v 0.00693660 0.09248024 -0.17798897
v 0.00386393 0.09234054 -0.17883329
v 0.00393128 0.09235000 -0.17873394
v 0.00584282 0.09242335 -0.17828563
v 0.00549153 0.09239891 -0.17847815
v 0.00931085 0.09272628 -0.17649518
v 0.00822338 0.09258278 -0.17737816
v 0.01604712 0.09787704 -0.14872590
v 0.01543034 0.09639048 -0.15648260
v 0.01443194 0.09491906 -0.16419893
v 0.01368272 0.09420894 -0.16800925
v 0.01318158 0.09386615 -0.16988437
v 0.01253801 0.09353511 -0.17171798
v 0.01165334 0.09320388 -0.17342836
v 0.01170015 0.09322441 -0.17345840
v 0.01060560 0.09294247 -0.17505169
v 0.01064982 0.09295626 -0.17509040
v 0.00927296 0.09271991 -0.17644710
v 0.01157029 0.09314518 -0.17337115
v 0.01160979 0.09317724 -0.17339909
v 0.01052472 0.09289471 -0.17497694
v 0.01056361 0.09292179 -0.17501359
v 0.00920146 0.09268474 -0.17635238
v 0.00923621 0.09270600 -0.17639912
v 0.00761121 0.09252601 -0.17744310
v 0.00763820 0.09253976 -0.17749819
v 0.00203846 0.09230513 -0.17905118
v 0.01683238 0.10046821 -0.13491770
v 0.01661519 0.09937099 -0.14095510
v 0.01648161 0.09866986 -0.14461660
v 0.01616668 0.09789834 -0.14873730
v 0.01655392 0.09937202 -0.14095300
v 0.01649209 0.09936551 -0.14094940
v 0.01649209 0.09936551 -0.14094940
v 0.01643117 0.09935135 -0.14094450
v 0.01586626 0.09689959 -0.15393430
v -0.01662108 0.10210591 -0.12532400
v -0.01665187 0.10212690 -0.12532789
v -0.01664006 0.10212121 -0.12532690
v -0.01669362 0.10214690 -0.12533180
v -0.01674942 0.10217370 -0.12533700
v -0.01676904 0.10217971 -0.12533830
v -0.01695932 0.10219471 -0.12534269
v -0.01693695 0.10219700 -0.12534289
v -0.01690407 0.10220031 -0.12534320
v -0.01685358 0.10219310 -0.12534140
v -0.01677756 0.10218230 -0.12533880
v -0.01677053 0.10218010 -0.12533839
v -0.00196933 0.09229838 -0.17885001
v -0.00763449 0.09253944 -0.17750009
v -0.00760751 0.09252569 -0.17744498
v -0.00580458 0.09240525 -0.17816997
v -0.01649183 0.09936422 -0.14095630
v -0.01643091 0.09935006 -0.14095140
v -0.01604651 0.09787520 -0.14873560
v -0.01048548 0.09286113 -0.17494747
v -0.00196211 0.09225760 -0.17874116
v -0.00388582 0.09225985 -0.17845800
v -0.00576002 0.09232521 -0.17801172
v -0.00753796 0.09244175 -0.17729474
v -0.00913594 0.09262214 -0.17627058
v -0.00910247 0.09258806 -0.17622152
v -0.01156605 0.09314384 -0.17337860
v -0.01243617 0.09348507 -0.17168435
v -0.01307520 0.09381360 -0.16986857
v -0.01357541 0.09415583 -0.16799759
v -0.01432420 0.09486579 -0.16419135
v -0.01532132 0.09633822 -0.15647860
v -0.01593612 0.09782599 -0.14871940
v -0.01631744 0.09930015 -0.14093780
v -0.01655365 0.09937075 -0.14095980
v -0.01616608 0.09789648 -0.14874700
v -0.01650648 0.09867292 -0.14461860
v -0.01661492 0.09936972 -0.14096190
v -0.01685852 0.10047880 -0.13492050
v -0.01367764 0.09420499 -0.16803072
v -0.01317509 0.09386197 -0.16990756
v -0.01328449 0.09388441 -0.16994465
v -0.01554545 0.09640973 -0.15651440
v -0.01542874 0.09638739 -0.15649859
v -0.01454291 0.09493879 -0.16424131
v -0.01442876 0.09491546 -0.16421801
v -0.01378948 0.09422805 -0.16806131
v -0.00923119 0.09270530 -0.17640313
v -0.01064556 0.09295536 -0.17509553
v -0.01060137 0.09294157 -0.17505678
v -0.01179530 0.09324395 -0.17352585
v -0.01169585 0.09322307 -0.17346593
v -0.01253238 0.09353264 -0.17173181
v -0.00926791 0.09271923 -0.17645113
v -0.00930576 0.09272558 -0.17649925
v -0.01263791 0.09355430 -0.17177842
v -0.01354272 0.09398056 -0.16942518
v -0.01354272 0.09398056 -0.16942518
v -0.01387619 0.09422639 -0.16808114
v -0.01430959 0.09459127 -0.16610436
v -0.01492755 0.09529207 -0.16237291
v -0.01190576 0.09324174 -0.17355984
v -0.01251269 0.09346679 -0.17228798
v -0.01029895 0.09287018 -0.17569695
v -0.01069100 0.09296199 -0.17513405
v -0.01114685 0.09304561 -0.17468418
v -0.00203677 0.09230562 -0.17904849
v -0.00197744 0.09231282 -0.17896537
v -0.00392989 0.09234996 -0.17873417
v -0.00391064 0.09233409 -0.17861735
v -0.00583952 0.09242318 -0.17828664
v -0.00549316 0.09239748 -0.17848647
v -0.00694491 0.09247702 -0.17800740
v -0.00766234 0.09254538 -0.17755559
v -0.00822377 0.09258306 -0.17737649
v -0.00933810 0.09271442 -0.17660372
v -0.00937231 0.09271859 -0.17657930
v -0.01160553 0.09317589 -0.17340657
v -0.01052052 0.09289380 -0.17498197
v -0.00916451 0.09265603 -0.17631187
v -0.00755873 0.09247610 -0.17734116
v -0.00577337 0.09235817 -0.17806064
v -0.00389332 0.09229061 -0.17850749
v -0.01164906 0.09320256 -0.17343586
v -0.01055940 0.09292089 -0.17501864
v -0.00919646 0.09268404 -0.17635636
v -0.00758207 0.09250438 -0.17739160
v -0.00578832 0.09238512 -0.17811374
v -0.00390164 0.09231559 -0.17856094
v -0.01587737 0.09689975 -0.15393520
v -0.02927899 0.10478351 -0.07611320
v -0.02927896 0.10477501 -0.07616299
v -0.02927949 0.10478300 -0.07611309
v -0.02927946 0.10477450 -0.07616290
v -0.02929898 0.10476310 -0.07610969
v -0.02929684 0.10475690 -0.07615989
v -0.02932966 0.10471090 -0.07610079
v -0.02932943 0.10470231 -0.07615049
v -0.02936191 0.10465610 -0.07609139
v -0.02936045 0.10465020 -0.07614160
v -0.02936890 0.10463250 -0.07608729
v -0.02936840 0.10462381 -0.07613699
v -0.02936911 0.10463180 -0.07608720
v -0.02936861 0.10462311 -0.07613690
v -0.05031874 0.10330311 0.00290659
v -0.05030785 0.10334810 0.00291160
v -0.05005089 0.10387260 -0.00228048
v -0.03004598 0.10683150 -0.06088670
v -0.02932982 0.10565011 -0.07103179
v -0.02928252 0.10570951 -0.07098210
v -0.02951762 0.10640710 -0.06595599
v -0.02994272 0.10705080 -0.06071600
v -0.02995828 0.10698651 -0.06089109
v -0.02947033 0.10647710 -0.06585130
v -0.03074093 0.10736101 -0.05584460
v -0.03195173 0.10760141 -0.05056049
v -0.03188666 0.10759481 -0.05081339
v -0.03192398 0.10753621 -0.05082299
v -0.03075526 0.10742370 -0.05560560
v -0.03350840 0.10753760 -0.04587069
v -0.03548025 0.10746071 -0.04080589
v -0.03542063 0.10740171 -0.04104739
v -0.03757147 0.10716281 -0.03631409
v -0.03762709 0.10722291 -0.03608140
v -0.04213872 0.10646261 -0.02694059
v -0.04432783 0.10603010 -0.02220159
v -0.04631093 0.10555350 -0.01736349
v -0.04798083 0.10504101 -0.01240549
v -0.04923919 0.10450351 -0.00737578
v -0.05002346 0.10394890 -0.00226949
v -0.05029068 0.10338090 0.00291532
v -0.04997128 0.10401571 -0.00223070
v -0.05029113 0.10338000 0.00291520
v -0.03354528 0.10760261 -0.04562229
v -0.04926673 0.10442670 -0.00738959
v -0.04800867 0.10496300 -0.01242190
v -0.04633887 0.10547381 -0.01738209
v -0.04435601 0.10594820 -0.02222160
v -0.04216741 0.10637861 -0.02696159
v -0.03760413 0.10707711 -0.03633450
v -0.03545735 0.10731701 -0.04106619
v -0.03354996 0.10745521 -0.04588650
v -0.03196994 0.10745701 -0.05083410
v -0.03078992 0.10728511 -0.05584979
v -0.03000903 0.10691291 -0.06089010
v -0.02956935 0.10633440 -0.06594929
v -0.02938193 0.10557770 -0.07102099
v -0.04437009 0.10586171 -0.02223620
v -0.04218160 0.10628960 -0.02697610
v -0.03762154 0.10698571 -0.03634800
v -0.04635330 0.10538981 -0.01739599
v -0.04802331 0.10488080 -0.01243490
v -0.04928130 0.10434601 -0.00740130
v -0.05006547 0.10379261 -0.00229088
v -0.05033726 0.10322201 0.00289762
v -0.02936911 0.10463180 -0.07608720
v -0.02942010 0.10549730 -0.07100869
v -0.02960727 0.10625380 -0.06594079
v -0.03200115 0.10737060 -0.05084100
v -0.03082476 0.10720160 -0.05585180
v -0.03547870 0.10722610 -0.04107859
v -0.03357629 0.10736600 -0.04589689
v -0.05033723 0.10322300 0.00289771
v -0.05033713 0.10322721 0.00289820
v -0.02936861 0.10462311 -0.07613690
v -0.02913682 0.09597236 -0.12580119
v -0.02912812 0.09600117 -0.12580130
v -0.02909670 0.09605407 -0.12580050
v -0.02906236 0.09611187 -0.12579969
v -0.02904534 0.09612934 -0.12579870
v -0.05033723 0.10321590 0.00295292
v -0.05029072 0.10337491 0.00297050
v -0.05029119 0.10337401 0.00297041
v -0.05029113 0.10338000 0.00291520
v -0.05030767 0.10334260 0.00296690
v -0.05031874 0.10329710 0.00296192
v -0.05033709 0.10322171 0.00295350
v -0.05033721 0.10321691 0.00295301
v -0.02896741 0.09416742 -0.13706030
v -0.02904534 0.09612935 -0.12579870
v -0.02906155 0.09401722 -0.13703500
v -0.02913682 0.09597235 -0.12580119
v -0.02837029 0.08990780 -0.16071960
v -0.02835424 0.08973018 -0.16132484
v -0.02795657 0.08888427 -0.16663362
v -0.02884938 0.09196026 -0.14888009
v -0.02884311 0.09177308 -0.14949389
v -0.02730570 0.08770520 -0.17311051
v -0.02735792 0.08786338 -0.17254123
v -0.02649016 0.08684938 -0.17842038
v -0.02337207 0.08485406 -0.18991145
v -0.02322273 0.08473150 -0.19034136
v -0.02214995 0.08437712 -0.19264213
v -0.02339960 0.08480613 -0.18991424
v -0.02425384 0.08521656 -0.18756257
v -0.02438973 0.08534578 -0.18709105
v -0.02581109 0.08620646 -0.18185264
v -0.02522776 0.08584417 -0.18422647
v -0.02509049 0.08571017 -0.18472211
v -0.01890948 0.08348913 -0.19772084
v -0.02067732 0.08391945 -0.19525969
v -0.02048004 0.08381128 -0.19559759
v -0.01684396 0.08310434 -0.19992382
v -0.01662903 0.08302098 -0.20011302
v -0.01445575 0.08277312 -0.20182342
v -0.01869701 0.08339476 -0.19797529
v -0.00898602 0.08231730 -0.20444535
v -0.01181840 0.08251047 -0.20333299
v -0.01168173 0.08244465 -0.20342175
v -0.00597396 0.08213659 -0.20520073
v -0.00602365 0.08218986 -0.20518044
v -0.00302566 0.08212078 -0.20557968
v -0.00300017 0.08206961 -0.20559005
v -0.00888930 0.08225792 -0.20449899
v -0.01427934 0.08270118 -0.20194633
v -0.02197399 0.08426062 -0.19303286
v -0.00000000 0.08215052 -0.20565896
v -0.00000000 0.08209730 -0.20569757
v -0.00302143 0.08217128 -0.20553801
v -0.00601432 0.08224060 -0.20513939
v -0.00897066 0.08236825 -0.20440576
v -0.01179650 0.08256147 -0.20329616
v -0.01442754 0.08282380 -0.20179084
v -0.01681060 0.08315417 -0.19989669
v -0.01887280 0.08353762 -0.19769950
v -0.02063901 0.08396625 -0.19524376
v -0.02211118 0.08442228 -0.19263072
v -0.02333339 0.08489795 -0.18990371
v -0.02435123 0.08538910 -0.18708627
v -0.02518920 0.08588791 -0.18422410
v -0.02645028 0.08689756 -0.17842193
v -0.02731643 0.08791872 -0.17254609
v -0.02791444 0.08894597 -0.16664107
v -0.02832816 0.08997471 -0.16072903
v -0.02880809 0.09203480 -0.14889210
v -0.02902136 0.09409649 -0.13704850
v -0.02640484 0.08694059 -0.17842159
v -0.02726773 0.08796799 -0.17254902
v -0.02430836 0.08542778 -0.18707927
v -0.02514609 0.08592698 -0.18421971
v -0.02206807 0.08446234 -0.19261629
v -0.02329040 0.08493700 -0.18989341
v -0.02059640 0.08400763 -0.19522416
v -0.01883201 0.08358036 -0.19767379
v -0.01677355 0.08319802 -0.19986451
v -0.01439624 0.08286837 -0.20175264
v -0.01177225 0.08260634 -0.20325335
v -0.00895369 0.08241317 -0.20435998
v -0.00301677 0.08221589 -0.20549011
v -0.00600402 0.08228537 -0.20509208
v -0.00000000 0.08219146 -0.20560857
v -0.02827586 0.09003429 -0.16073658
v -0.02786352 0.08900087 -0.16664661
v -0.02875447 0.09210132 -0.14890240
v -0.02792472 0.08871454 -0.16722746
v -0.01930267 0.09827869 0.04940712
v -0.04184922 0.10031640 0.03085350
v -0.05004726 0.10283261 0.00792100
v -0.04932252 0.10229880 0.01278861
v -0.04813284 0.10177750 0.01754051
v -0.04647631 0.10126870 0.02217640
v -0.04436442 0.10077800 0.02664830
v -0.03893898 0.09988411 0.03479182
v -0.03562734 0.09948153 0.03845912
v -0.03196677 0.09911586 0.04178971
v -0.02802073 0.09879323 0.04472700
v -0.02379159 0.09851336 0.04727372
v -0.01466270 0.09809478 0.05107652
v -0.00988375 0.09796167 0.05228202
v -0.00000000 0.09780957 0.05327803
v -0.00000000 0.09785177 0.05326152
v -0.00496938 0.09780957 0.05303791
v -0.00496667 0.09788022 0.05301811
v -0.00988933 0.09788984 0.05230210
v -0.01467128 0.09802147 0.05109690
v -0.01931444 0.09820405 0.04942732
v -0.02380645 0.09843764 0.04729310
v -0.02803849 0.09871673 0.04474510
v -0.03198716 0.09903879 0.04180592
v -0.03565005 0.09940409 0.03847322
v -0.03896371 0.09980636 0.03480351
v -0.04187565 0.10023841 0.03086250
v -0.04439227 0.10069970 0.02665452
v -0.04650524 0.10119030 0.02217970
v -0.04816244 0.10169890 0.01754081
v -0.04935232 0.10222030 0.01278581
v -0.05007672 0.10275451 0.00791532
v -0.03199953 0.09895862 0.04181211
v -0.03566370 0.09932345 0.03847792
v -0.02804935 0.09863723 0.04475251
v -0.02381560 0.09835907 0.04730162
v -0.01932172 0.09812670 0.04943641
v -0.01467668 0.09794568 0.05110630
v -0.00497107 0.09773674 0.05304710
v -0.00989280 0.09781572 0.05231150
v -0.00000000 0.09768612 0.05329411
v -0.00000000 0.09770997 0.05329100
v -0.05008848 0.10259591 0.00786201
v -0.05009279 0.10267270 0.00790782
v -0.04817911 0.10161670 0.01753681
v -0.04936884 0.10213820 0.01278001
v -0.04440842 0.10061790 0.02665412
v -0.04652178 0.10110820 0.02217750
v -0.03897841 0.09972532 0.03480650
v -0.04189118 0.10015700 0.03086390
v -0.04186468 0.10007801 0.03083741
v -0.04651935 0.10102881 0.02215510
v 0.00302143 0.08217128 -0.20553801
v 0.02912813 0.09600119 -0.12580130
v 0.02913683 0.09597235 -0.12580119
v 0.02906155 0.09401722 -0.13703500
v 0.02916075 0.09580423 -0.12626899
v 0.02906238 0.09611187 -0.12579969
v 0.02909671 0.09605407 -0.12580050
v 0.02902136 0.09409649 -0.13704850
v 0.02904535 0.09612935 -0.12579870
v 0.02827586 0.09003429 -0.16073658
v 0.02786352 0.08900087 -0.16664661
v 0.02875447 0.09210132 -0.14890240
v 0.02896741 0.09416742 -0.13706030
v 0.02333339 0.08489795 -0.18990371
v 0.02329040 0.08493700 -0.18989341
v 0.02435123 0.08538910 -0.18708627
v 0.02430836 0.08542778 -0.18707927
v 0.02518920 0.08588791 -0.18422410
v 0.02514609 0.08592698 -0.18421971
v 0.02645028 0.08689756 -0.17842193
v 0.02640484 0.08694059 -0.17842159
v 0.02731643 0.08791872 -0.17254609
v 0.02726773 0.08796799 -0.17254902
v 0.02791444 0.08894597 -0.16664107
v 0.02832816 0.08997471 -0.16072903
v 0.02880809 0.09203480 -0.14889210
v 0.01681060 0.08315417 -0.19989669
v 0.01677355 0.08319802 -0.19986451
v 0.01887280 0.08353762 -0.19769950
v 0.01883201 0.08358036 -0.19767379
v 0.02063901 0.08396625 -0.19524376
v 0.00601432 0.08224060 -0.20513939
v 0.00301677 0.08221589 -0.20549011
v 0.00600402 0.08228537 -0.20509208
v 0.00897066 0.08236825 -0.20440576
v 0.00895369 0.08241317 -0.20435998
v 0.01179650 0.08256147 -0.20329616
v 0.01177225 0.08260634 -0.20325335
v 0.01442754 0.08282380 -0.20179084
v 0.01439624 0.08286837 -0.20175264
v 0.02059640 0.08400763 -0.19522416
v 0.02211118 0.08442228 -0.19263072
v 0.02206807 0.08446234 -0.19261629
v 0.02735792 0.08786338 -0.17254123
v 0.02728923 0.08770553 -0.17310812
v 0.02522776 0.08584417 -0.18422647
v 0.02510746 0.08570954 -0.18472724
v 0.02438973 0.08534578 -0.18709105
v 0.02214995 0.08437712 -0.19264213
v 0.02319924 0.08473294 -0.19033232
v 0.02337207 0.08485406 -0.18991145
v 0.02423817 0.08521711 -0.18755826
v 0.02649016 0.08684938 -0.17842038
v 0.02639493 0.08670482 -0.17895286
v 0.02581961 0.08620649 -0.18185370
v 0.02195302 0.08426233 -0.19302266
v 0.02067732 0.08391945 -0.19525969
v 0.02046194 0.08381322 -0.19558637
v 0.01890948 0.08348913 -0.19772084
v 0.01445575 0.08277312 -0.20182342
v 0.01684396 0.08310434 -0.19992382
v 0.01663936 0.08301886 -0.20012506
v 0.01869902 0.08339432 -0.19797773
v 0.01181840 0.08251047 -0.20333299
v 0.01167719 0.08244690 -0.20340873
v 0.00898602 0.08231730 -0.20444535
v 0.00302566 0.08212078 -0.20557968
v 0.00602365 0.08218986 -0.20518044
v 0.00597275 0.08213672 -0.20520001
v 0.00888362 0.08226079 -0.20448249
v 0.00300064 0.08206697 -0.20560532
v 0.02795657 0.08888427 -0.16663362
v 0.02837029 0.08990780 -0.16071960
v 0.02833838 0.08972998 -0.16132429
v 0.02837141 0.08983641 -0.16070717
v 0.02884938 0.09196026 -0.14888009
v 0.02882569 0.09177357 -0.14949320
v 0.02905411 0.09382682 -0.13764930
v 0.02790161 0.08871460 -0.16722541
v 0.02379159 0.09851336 0.04727372
v 0.00496939 0.09780957 0.05303791
v 0.05031874 0.10329710 0.00296192
v 0.05030767 0.10334260 0.00296690
v 0.05007672 0.10275451 0.00791532
v 0.05009279 0.10267270 0.00790782
v 0.05033721 0.10321691 0.00295301
v 0.05033709 0.10322171 0.00295350
v 0.05033723 0.10321590 0.00295292
v 0.04936884 0.10213820 0.01278001
v 0.04817911 0.10161670 0.01753681
v 0.04189118 0.10015700 0.03086390
v 0.04145480 0.10000470 0.03150810
v 0.03897841 0.09972532 0.03480650
v 0.04440842 0.10061790 0.02665412
v 0.04652178 0.10110820 0.02217750
v 0.04935232 0.10222030 0.01278581
v 0.04816244 0.10169890 0.01754081
v 0.04650524 0.10119030 0.02217970
v 0.04439227 0.10069970 0.02665452
v 0.04187565 0.10023841 0.03086250
v 0.03896371 0.09980636 0.03480351
v 0.03566370 0.09932345 0.03847792
v 0.03565005 0.09940409 0.03847322
v 0.03199953 0.09895862 0.04181211
v 0.03198717 0.09903879 0.04180592
v 0.02804935 0.09863723 0.04475251
v 0.00988933 0.09788984 0.05230210
v 0.00497108 0.09773674 0.05304710
v 0.00989280 0.09781572 0.05231150
v 0.01467669 0.09794568 0.05110630
v 0.01467129 0.09802147 0.05109690
v 0.01931444 0.09820405 0.04942732
v 0.01932172 0.09812670 0.04943641
v 0.02380645 0.09843764 0.04729310
v 0.02381560 0.09835907 0.04730162
v 0.02803849 0.09871673 0.04474510
v 0.03196678 0.09911586 0.04178971
v 0.03562734 0.09948153 0.03845912
v 0.02802073 0.09879323 0.04472700
v 0.01930267 0.09827869 0.04940712
v 0.01466270 0.09809478 0.05107652
v 0.00496668 0.09788022 0.05301811
v 0.00988375 0.09796167 0.05228202
v 0.01403207 0.09814281 0.05122981
v 0.05029072 0.10337491 0.00297050
v 0.05004726 0.10283261 0.00792100
v 0.05029119 0.10337401 0.00297041
v 0.04932252 0.10229880 0.01278861
v 0.04829957 0.10192730 0.01682810
v 0.04813284 0.10177750 0.01754051
v 0.04647631 0.10126870 0.02217640
v 0.04436442 0.10077800 0.02664830
v 0.03893898 0.09988411 0.03479182
v 0.04184922 0.10031640 0.03085350
v 0.02927896 0.10477501 -0.07616299
v 0.02927896 0.10477501 -0.07616299
v 0.02927946 0.10477450 -0.07616290
v 0.02929684 0.10475690 -0.07615989
v 0.02932943 0.10470231 -0.07615049
v 0.02936045 0.10465020 -0.07614160
v 0.02913683 0.09597236 -0.12580119
v 0.02936861 0.10462311 -0.07613690
v 0.02936840 0.10462381 -0.07613699
v 0.05029072 0.10338090 0.00291520
v 0.05025342 0.10345141 0.00292951
v 0.05029117 0.10338010 0.00291511
v 0.05030766 0.10334861 0.00291160
v 0.05031872 0.10330311 0.00290650
v 0.05033707 0.10322780 0.00289820
v 0.05033719 0.10322300 0.00289762
v 0.05033722 0.10322201 0.00289750
v 0.02927919 0.10478370 -0.07611320
v 0.02927946 0.10477450 -0.07616290
v 0.02927969 0.10478321 -0.07611309
v 0.02929707 0.10476561 -0.07611010
v 0.02932967 0.10471090 -0.07610079
v 0.02936068 0.10465890 -0.07609190
v 0.02936864 0.10463241 -0.07608729
v 0.02936861 0.10462311 -0.07613690
v 0.02936884 0.10463170 -0.07608720
v 0.04218161 0.10628960 -0.02697610
v 0.05006548 0.10379261 -0.00229088
v 0.04928132 0.10434601 -0.00740108
v 0.04926675 0.10442670 -0.00738949
v 0.05002348 0.10394890 -0.00226940
v 0.04967560 0.10428290 -0.00467899
v 0.04923921 0.10450351 -0.00737569
v 0.04798083 0.10504101 -0.01240549
v 0.04685153 0.10546251 -0.01574839
v 0.04631090 0.10555350 -0.01736359
v 0.04432782 0.10603010 -0.02220159
v 0.04213873 0.10646261 -0.02694059
v 0.03764365 0.10721081 -0.03608979
v 0.03757151 0.10716281 -0.03631409
v 0.03542068 0.10740171 -0.04104730
v 0.03548973 0.10745691 -0.04081010
v 0.03355930 0.10759691 -0.04562759
v 0.03350845 0.10753760 -0.04587060
v 0.03196034 0.10759771 -0.05056289
v 0.03192402 0.10753621 -0.05082279
v 0.03074097 0.10736101 -0.05584429
v 0.03075907 0.10742200 -0.05560659
v 0.02993990 0.10705250 -0.06071589
v 0.02995831 0.10698661 -0.06089089
v 0.03071263 0.10740951 -0.05584179
v 0.02951764 0.10640710 -0.06595579
v 0.02946569 0.10648021 -0.06585139
v 0.02926951 0.10571921 -0.07098309
v 0.02932983 0.10565020 -0.07103169
v 0.02938193 0.10557770 -0.07102090
v 0.02936884 0.10463170 -0.07608720
v 0.02942010 0.10549730 -0.07100849
v 0.02960728 0.10625390 -0.06594059
v 0.03004601 0.10683150 -0.06088639
v 0.03200119 0.10737060 -0.05084080
v 0.03082481 0.10720160 -0.05585159
v 0.03357634 0.10736600 -0.04589680
v 0.03547875 0.10722610 -0.04107850
v 0.04800867 0.10496300 -0.01242190
v 0.04802331 0.10488080 -0.01243479
v 0.04633884 0.10547381 -0.01738219
v 0.04635327 0.10538981 -0.01739609
v 0.04435600 0.10594820 -0.02222160
v 0.04437009 0.10586171 -0.02223620
v 0.04216742 0.10637861 -0.02696159
v 0.03760417 0.10707711 -0.03633439
v 0.03762158 0.10698571 -0.03634789
v 0.03545740 0.10731701 -0.04106609
v 0.03355001 0.10745521 -0.04588639
v 0.03196998 0.10745701 -0.05083389
v 0.03078997 0.10728511 -0.05584950
v 0.03000906 0.10691291 -0.06088979
v 0.02956936 0.10633440 -0.06594909
v 0.05005090 0.10387250 -0.00228039
v 0.02927969 0.10478321 -0.07611309
v -0.01708111 0.11323820 -0.05847939
v -0.01707973 0.11323900 -0.05845719
v -0.01704579 0.11323691 -0.05843659
v -0.01690440 0.11316001 -0.05836360
v -0.01668222 0.11309800 -0.05869830
v -0.01639018 0.11305510 -0.05901240
v -0.01700064 0.11320930 -0.05800010
v -0.01704499 0.11323691 -0.05814109
v -0.01702673 0.11322800 -0.05805569
v -0.01702410 0.11322620 -0.05804919
v -0.01701036 0.11321680 -0.05801510
v -0.01707366 0.11324270 -0.05835929
v -0.01706632 0.11324721 -0.05824070
v -0.01699516 0.11321740 -0.05841160
v -0.01694774 0.11319150 -0.05838709
v -0.01691476 0.11320481 -0.05887890
v -0.01708874 0.11323350 -0.05860249
v -0.01701515 0.11319330 -0.05895060
v -0.01708057 0.11320291 -0.05885609
v -0.01709333 0.11323070 -0.05867669
v -0.01605138 0.11303120 -0.05931460
v -0.01605826 0.11304171 -0.05932330
v -0.01642642 0.11309401 -0.05905090
v -0.01608556 0.11306901 -0.05935699
v -0.01612171 0.11310521 -0.05940170
v -0.01612283 0.11310631 -0.05940310
v -0.01681389 0.11318471 -0.05880340
v -0.01676627 0.11316270 -0.05876640
v -0.01672206 0.11313350 -0.05873109
v -0.01686380 0.11319880 -0.05884120
v -0.01616245 0.11312910 -0.05945129
v -0.01617565 0.11313681 -0.05946740
v -0.01620501 0.11314290 -0.05950259
v -0.01624809 0.11315201 -0.05955439
v -0.01625706 0.11315391 -0.05956519
v -0.01629067 0.11314801 -0.05960490
v -0.00659142 0.11279731 -0.06725649
v -0.00682924 0.11291491 -0.06753849
v -0.00680248 0.11291961 -0.06750709
v -0.00678865 0.11291751 -0.06749079
v -0.00678704 0.11291720 -0.06748890
v -0.00670227 0.11289331 -0.06738879
v -0.00673464 0.11290931 -0.06742719
v -0.00674404 0.11291070 -0.06743829
v -0.00666177 0.11287011 -0.06734069
v -0.00666991 0.11287730 -0.06735040
v -0.00662454 0.11283690 -0.06729629
v -0.00659162 0.11279761 -0.06725680
v -0.00661118 0.11282500 -0.06728030
v -0.00596005 0.11280520 -0.06792120
v -0.00605486 0.11286911 -0.06800259
v -0.00610722 0.11288740 -0.06804640
v -0.00621408 0.11289470 -0.06813380
v -0.00627173 0.11288260 -0.06818150
v -0.00558392 0.11270900 -0.06969079
v -0.00539086 0.11257110 -0.07052979
v -0.00545296 0.11257100 -0.07052969
v -0.00616083 0.11289590 -0.06809049
v -0.00513566 0.11251790 -0.06956959
v -0.00514266 0.11257020 -0.06959129
v -0.00509739 0.11242541 -0.07050430
v -0.00509960 0.11242760 -0.07050469
v -0.00519152 0.11261480 -0.06960690
v -0.00514591 0.11247300 -0.07051260
v -0.00524721 0.11265271 -0.06962269
v -0.00539922 0.11263031 -0.06867880
v -0.00541942 0.11268320 -0.06869369
v -0.00546520 0.11272811 -0.06871969
v -0.00551759 0.11276600 -0.06874800
v -0.00557530 0.11279551 -0.06877769
v -0.00530839 0.11268271 -0.06963819
v -0.00563663 0.11281550 -0.06880799
v -0.00537335 0.11270370 -0.06965319
v -0.00569970 0.11282561 -0.06883790
v -0.00544015 0.11271521 -0.06966700
v -0.00576257 0.11282590 -0.06886659
v -0.00550683 0.11271740 -0.06967930
v -0.00592016 0.11276191 -0.06788589
v -0.00588711 0.11270991 -0.06787789
v -0.00600533 0.11284141 -0.06796049
v -0.00666991 0.11287730 -0.06735040
v -0.00514693 0.11247400 -0.07051280
v -0.00526005 0.11253811 -0.07052400
v -0.00526166 0.11253850 -0.07052409
v -0.00538614 0.11257110 -0.07052979
v -0.00509468 0.10558420 -0.10964900
v -0.00509194 0.09874260 -0.14831460
v -0.00509998 0.09875171 -0.14831630
v -0.00514379 0.09878502 -0.14832240
v -0.00514390 0.10562900 -0.10965680
v -0.00546057 0.10573851 -0.10967579
v -0.00552575 0.10573391 -0.10967500
v -0.00546582 0.09889019 -0.14834200
v -0.00546289 0.09889029 -0.14834200
v -0.00519587 0.09882464 -0.14832969
v -0.00519870 0.09882593 -0.14833000
v -0.00519988 0.10566771 -0.10966349
v -0.00528589 0.09886600 -0.14833740
v -0.00526130 0.10569870 -0.10966890
v -0.00532804 0.09887479 -0.14833899
v -0.00532649 0.10572110 -0.10967280
v -0.00541154 0.09889219 -0.14834230
v -0.00539355 0.10573430 -0.10967509
v -0.00514446 0.09878553 -0.14832250
v -0.00509221 0.09874292 -0.14831460
v -0.00522152 0.09847753 -0.14965760
v -0.00538800 0.09837835 -0.15009570
v -0.00543501 0.09842490 -0.15008700
v -0.00536922 0.09832628 -0.15010880
v -0.00560872 0.09827720 -0.15050630
v -0.00586770 0.09813193 -0.15086660
v -0.00590157 0.09816926 -0.15087030
v -0.00634178 0.09818515 -0.15113210
v -0.00665255 0.09808706 -0.15139020
v -0.00669205 0.09810949 -0.15135190
v -0.00557422 0.09872886 -0.14916880
v -0.00549097 0.09873590 -0.14918049
v -0.00623119 0.09834765 -0.15065880
v -0.00612012 0.09833464 -0.15074650
v -0.00673119 0.09813057 -0.15131340
v -0.00673018 0.09813035 -0.15131450
v -0.00607022 0.09831653 -0.15078160
v -0.00672785 0.09812981 -0.15131710
v -0.00665248 0.09808703 -0.15139020
v -0.00622057 0.09802723 -0.15121110
v -0.00622217 0.09807267 -0.15118600
v -0.00656633 0.09800918 -0.15146280
v -0.00626342 0.09811650 -0.15119400
v -0.00657824 0.09802041 -0.15145300
v -0.00630155 0.09815361 -0.15116520
v -0.00657906 0.09802118 -0.15145230
v -0.00664334 0.09808184 -0.15139910
v -0.00569804 0.09818227 -0.15070090
v -0.00520308 0.09842707 -0.14965160
v -0.00511642 0.09857209 -0.14920120
v -0.00542265 0.09873127 -0.14918950
v -0.00565298 0.09832274 -0.15049240
v -0.00592930 0.09821915 -0.15086600
v -0.00597363 0.09825808 -0.15084210
v -0.00602098 0.09829084 -0.15081370
v -0.00548787 0.09846570 -0.15007430
v -0.00554534 0.09849933 -0.15005770
v -0.00560586 0.09852472 -0.15003770
v -0.00566770 0.09854132 -0.15001480
v -0.00572911 0.09854899 -0.14998990
v -0.00579888 0.09854744 -0.14995800
v -0.00535401 0.09871705 -0.14919660
v -0.00528715 0.09869317 -0.14920140
v -0.00522410 0.09866024 -0.14920370
v -0.00516672 0.09861935 -0.14920360
v -0.01450854 0.09536342 -0.15840040
v -0.01453048 0.09539474 -0.15828760
v -0.01439294 0.09539785 -0.15822750
v -0.01413638 0.09537256 -0.15804230
v -0.01431542 0.09524244 -0.15848840
v -0.01424547 0.09530609 -0.15826150
v -0.01413583 0.09530275 -0.15815050
v -0.01417951 0.09540989 -0.15802890
v -0.01386465 0.09555279 -0.15760980
v -0.01382617 0.09551252 -0.15762960
v -0.01355737 0.09576704 -0.15718070
v -0.01348160 0.09569935 -0.15724270
v -0.01348113 0.09569874 -0.15724299
v -0.01348116 0.09569877 -0.15724299
v -0.01390625 0.09558848 -0.15758540
v -0.01395015 0.09561867 -0.15755690
v -0.01355739 0.09576706 -0.15718060
v -0.01364563 0.09581588 -0.15709580
v -0.01363747 0.09581154 -0.15710370
v -0.01363746 0.09581154 -0.15710370
v -0.01446912 0.09551192 -0.15789250
v -0.01437848 0.09550383 -0.15794270
v -0.01356266 0.09577176 -0.15717630
v -0.01448224 0.09533131 -0.15846700
v -0.01434182 0.09518306 -0.15871860
v -0.01438357 0.09521086 -0.15871660
v -0.01436318 0.09527708 -0.15848650
v -0.01442368 0.09525982 -0.15861510
v -0.01441518 0.09530649 -0.15848220
v -0.01446672 0.09531235 -0.15850630
v -0.01446606 0.09532531 -0.15847100
v -0.01433946 0.09515722 -0.15882540
v -0.01434368 0.09516217 -0.15881740
v -0.01438166 0.09520852 -0.15872140
v -0.01427567 0.09546930 -0.15799170
v -0.01422624 0.09544242 -0.15801200
v -0.01429104 0.09534192 -0.15825320
v -0.01457341 0.09545607 -0.15806660
v -0.01355739 0.09576706 -0.15718060
v -0.01355737 0.09576704 -0.15718070
v 0.00004805 0.12598671 0.02786000
v 0.00004630 0.12608561 0.02784461
v 0.00000055 0.12608561 0.02784461
v -0.00004805 0.12598671 0.02786012
v -0.00004630 0.12608561 0.02784461
v 0.00004630 0.12608561 0.02784461
v 0.00004825 0.12629631 0.02970512
v 0.00004805 0.12598671 0.02786000
v 0.00005000 0.12619781 0.02972401
v -0.00004825 0.12629631 0.02970512
v -0.00004630 0.12608561 0.02784461
v -0.00005000 0.12619781 0.02972401
v -0.00004805 0.12598671 0.02786012
v 0.00000042 0.12629631 0.02970512
v -0.00004825 0.12629631 0.02970512
v 0.00000042 0.12619781 0.02972401
v -0.00005000 0.12619781 0.02972401
v 0.00004825 0.12629631 0.02970512
v 0.00005000 0.12619781 0.02972401
v -0.00004630 0.12608561 0.02784461
v -0.00004825 0.12629631 0.02970512
v 0.00000055 0.12608561 0.02784461
v 0.00000042 0.12629631 0.02970512
v 0.00004630 0.12608561 0.02784461
v 0.00004825 0.12629631 0.02970512
v -0.00005076 0.09218863 -0.17871785
v -0.00005000 0.09221126 -0.17858787
v 0.00000000 0.09218863 -0.17871790
v 0.00005000 0.09221126 -0.17858787
v 0.00005176 0.09218863 -0.17871785
v 0.00005000 0.09079032 -0.17685757
v 0.00005000 0.09221126 -0.17858787
v -0.00005000 0.09079032 -0.17685757
v -0.00005000 0.09221126 -0.17858787
v 0.00005000 0.09079032 -0.17685757
v -0.00005000 0.09079032 -0.17685757
v 0.00005073 0.09063663 -0.17682800
v 0.00005176 0.09218863 -0.17871785
v 0.00005000 0.09079032 -0.17685757
v 0.00005000 0.09221126 -0.17858787
v -0.00005076 0.09218863 -0.17871785
v -0.00005173 0.09063663 -0.17682800
v -0.00005000 0.09221126 -0.17858787
v -0.00005000 0.09079032 -0.17685757
v -0.02986836 0.08596271 -0.12438070
v -0.02987220 0.08570536 -0.12585840
v -0.02968208 0.08564409 -0.12584840
v -0.02967843 0.08598375 -0.12389920
v -0.02967916 0.08581488 -0.12486850
v 0.00000000 0.07086854 -0.21104447
v -0.00000006 0.07070750 -0.21092587
v -0.00188011 0.07071573 -0.21088049
v -0.00324305 0.07091143 -0.21079846
v -0.00288868 0.07072699 -0.21081726
v -0.00333575 0.07091265 -0.21079142
v -0.00333273 0.07073767 -0.21075651
v -0.00512236 0.07078075 -0.21051171
v -0.00563781 0.07094310 -0.21061680
v -0.00646156 0.07097741 -0.21041978
v -0.00645431 0.07081282 -0.21032951
v -0.00689233 0.07082335 -0.21026959
v -0.00962326 0.07110908 -0.20966362
v -0.00963071 0.07094527 -0.20958096
v -0.00964758 0.07111010 -0.20965780
v -0.00983000 0.07095415 -0.20953084
v -0.01044518 0.07114331 -0.20946704
v -0.01045068 0.07099565 -0.20929616
v -0.01265496 0.07130580 -0.20853390
v -0.01264195 0.07114215 -0.20846764
v -0.01360237 0.07120636 -0.20810451
v -0.01524963 0.07149657 -0.20743824
v -0.01514392 0.07135411 -0.20726972
v -0.01559834 0.07153582 -0.20721288
v -0.01553157 0.07139126 -0.20705980
v -0.01560700 0.07153680 -0.20720729
v -0.01714417 0.07154583 -0.20618653
v -0.01832673 0.07184292 -0.20544967
v -0.01828782 0.07168965 -0.20537416
v -0.01954344 0.07197988 -0.20466337
v -0.01932268 0.07181980 -0.20463907
v -0.01960317 0.07185508 -0.20443983
v -0.02081445 0.07218787 -0.20346930
v -0.02075706 0.07204314 -0.20337691
v -0.02084134 0.07219227 -0.20344402
v -0.02140785 0.07214920 -0.20277744
v -0.02255396 0.07233600 -0.20172169
v -0.02319160 0.07257688 -0.20123602
v -0.02294002 0.07242121 -0.20123970
v -0.02319404 0.07257737 -0.20123325
v -0.02305741 0.07244712 -0.20109315
v -0.02320137 0.07257882 -0.20122495
v -0.02505718 0.07288849 -0.19859649
v -0.02509361 0.07303013 -0.19863352
v -0.02506070 0.07288958 -0.19859033
v -0.02603754 0.07325528 -0.19734080
v -0.02595742 0.07316716 -0.19701943
v -0.02672618 0.07350914 -0.19588335
v -0.02664572 0.07338022 -0.19581364
v -0.02693907 0.07347103 -0.19529974
v -0.02703626 0.07350111 -0.19512949
v -0.02723938 0.07359639 -0.19458878
v -0.02806491 0.07400265 -0.19305005
v -0.02788148 0.07389753 -0.19287959
v -0.02808542 0.07401574 -0.19297494
v -0.02808542 0.07401574 -0.19297493
v -0.02944174 0.07498313 -0.18670298
v -0.02952768 0.07510180 -0.18673934
v -0.02920607 0.07478955 -0.18780527
v -0.02929469 0.07478730 -0.18854509
v -0.02877397 0.07443460 -0.18982632
v -0.02893020 0.07455474 -0.18988031
v -0.02843777 0.07415844 -0.19139879
v -0.02828208 0.07408542 -0.19181322
v -0.02788148 0.07389753 -0.19287959
v -0.02947852 0.07501333 -0.18653097
v -0.02959914 0.07523410 -0.18527195
v -0.02993806 0.07565578 -0.18355868
v -0.02976657 0.07554050 -0.18352443
v -0.03010111 0.07587590 -0.18229492
v -0.03004804 0.07605564 -0.18058655
v -0.03006168 0.07615365 -0.18002726
v -0.03027417 0.07677005 -0.17716036
v -0.03011137 0.07651052 -0.17799098
v -0.03013217 0.07665998 -0.17713810
v -0.03040879 0.07746561 -0.17316617
v -0.03024225 0.07745063 -0.17262658
v -0.03023555 0.07754706 -0.17207635
v -0.03037885 0.07788642 -0.17075013
v -0.03022087 0.07775863 -0.17086921
v -0.03021920 0.07778260 -0.17073247
v -0.03029940 0.07900344 -0.16433713
v -0.03014313 0.07887852 -0.16447970
v -0.03014121 0.07890609 -0.16432237
v -0.03004785 0.08024831 -0.15666430
v -0.02998850 0.08086062 -0.15317110
v -0.03014048 0.08123745 -0.15151110
v -0.03013819 0.07894963 -0.16407394
v -0.03007009 0.07993064 -0.15847680
v -0.03004850 0.08024163 -0.15670250
v -0.03013422 0.08132553 -0.15100530
v -0.02992625 0.08155234 -0.14922440
v -0.02991360 0.08170157 -0.14837300
v -0.02988949 0.08198597 -0.14675030
v -0.02986263 0.08233484 -0.14475980
v -0.03000584 0.08347140 -0.13868470
v -0.02984975 0.08251770 -0.14371650
v -0.02982080 0.08292833 -0.14137340
v -0.02981346 0.08303254 -0.14077880
v -0.02979405 0.08333873 -0.13903100
v -0.02977133 0.08369719 -0.13698510
v -0.02976925 0.08373003 -0.13679760
v -0.02974880 0.08407856 -0.13480700
v -0.02974880 0.08407856 -0.13480700
v -0.02974304 0.08418861 -0.13417780
v -0.02972394 0.08455300 -0.13209459
v -0.02971231 0.08477499 -0.13082550
v -0.02970128 0.08506958 -0.12913900
v -0.02968628 0.08547046 -0.12684379
v -0.02968537 0.08550821 -0.12662739
v -0.02998086 0.08093940 -0.15272170
v -0.02996107 0.08115364 -0.15149930
v -0.02994864 0.08128823 -0.15073130
v 0.02968208 0.08564409 -0.12584840
v 0.02968641 0.08550946 -0.12661990
v 0.02987220 0.08570536 -0.12585840
v 0.02970051 0.08507109 -0.12913229
v 0.02970429 0.08495363 -0.12980540
v 0.02972791 0.08456871 -0.13200330
v 0.03002614 0.08347143 -0.13868440
v 0.02975348 0.08415203 -0.13438260
v 0.02977929 0.08373160 -0.13678330
v 0.02980597 0.08329676 -0.13926640
v 0.02982696 0.08295488 -0.14121850
v 0.02985485 0.08250039 -0.14381379
v 0.02987517 0.08216932 -0.14570430
v 0.03018009 0.08123748 -0.15151060
v 0.02991350 0.08170185 -0.14837140
v 0.02992586 0.08155114 -0.14923120
v 0.02993238 0.08147165 -0.14968490
v 0.02996337 0.08112675 -0.15165270
v 0.03018193 0.08121077 -0.15166400
v 0.02996372 0.08112282 -0.15167510
v 0.02998896 0.08085878 -0.15318139
v 0.03003042 0.08042511 -0.15565560
v 0.03028108 0.07977201 -0.15992465
v 0.03004781 0.08024994 -0.15665540
v 0.03007779 0.07994799 -0.15837860
v 0.03009966 0.07972766 -0.15963598
v 0.03013330 0.07937896 -0.16162623
v 0.03031392 0.07900351 -0.16433678
v 0.03017707 0.07886831 -0.16453921
v 0.03031553 0.07896566 -0.16455404
v 0.03017255 0.07892112 -0.16423796
v 0.03017191 0.07892852 -0.16419578
v 0.03023880 0.07774125 -0.17096968
v 0.03036342 0.07784507 -0.17098768
v 0.03023744 0.07777781 -0.17076093
v 0.03036165 0.07788643 -0.17075010
v 0.03021694 0.07833214 -0.16759708
v 0.03019311 0.07868116 -0.16560676
v 0.03009624 0.07661859 -0.17737549
v 0.03039275 0.07715870 -0.17492831
v 0.03022978 0.07754480 -0.17209071
v 0.03024274 0.07763465 -0.17157808
v 0.03008031 0.07650814 -0.17800570
v 0.03027477 0.07672860 -0.17739808
v 0.03028615 0.07677008 -0.17715989
v 0.03002942 0.07615519 -0.18001960
v 0.02999133 0.07589100 -0.18152699
v 0.02998019 0.07565467 -0.18356505
v 0.02976764 0.07547127 -0.18392065
v 0.02996632 0.07560406 -0.18385559
v 0.02995104 0.07558615 -0.18395848
v 0.02963978 0.07523137 -0.18528879
v 0.02962087 0.07519588 -0.18549120
v 0.02953830 0.07510179 -0.18673935
v 0.02934704 0.07491555 -0.18708825
v 0.02948007 0.07503347 -0.18713162
v 0.02922452 0.07479011 -0.18780282
v 0.02920541 0.07471115 -0.18898214
v 0.02894784 0.07450685 -0.18941652
v 0.02894602 0.07455413 -0.18988373
v 0.02871080 0.07436451 -0.19022576
v 0.02883289 0.07448565 -0.19027690
v 0.02825297 0.07408956 -0.19178881
v 0.02805879 0.07401706 -0.19296742
v 0.02782754 0.07383409 -0.19324122
v 0.02794524 0.07394831 -0.19336204
v 0.02780683 0.07382582 -0.19328811
v 0.02793078 0.07393956 -0.19341229
v 0.02723519 0.07359745 -0.19458239
v 0.02673401 0.07350867 -0.19588601
v 0.02691713 0.07347039 -0.19530251
v 0.02661825 0.07335099 -0.19597922
v 0.02654944 0.07344223 -0.19626751
v 0.02647940 0.07331154 -0.19620241
v 0.02599887 0.07324399 -0.19740551
v 0.02596621 0.07316576 -0.19702730
v 0.02509866 0.07302951 -0.19863704
v 0.02477567 0.07282756 -0.19894096
v 0.02483256 0.07296611 -0.19900107
v 0.02450770 0.07275145 -0.19937168
v 0.02323430 0.07258532 -0.20118755
v 0.02292266 0.07242649 -0.20120965
v 0.02319388 0.07257740 -0.20123312
v 0.02307264 0.07255358 -0.20136983
v 0.02272888 0.07238675 -0.20143436
v 0.02285802 0.07251870 -0.20157014
v 0.02189154 0.07221509 -0.20240532
v 0.02084584 0.07219155 -0.20344820
v 0.02146625 0.07215049 -0.20277044
v 0.02039531 0.07198777 -0.20368989
v 0.02046611 0.07212980 -0.20380261
v 0.01954611 0.07198024 -0.20466129
v 0.01786340 0.07164157 -0.20564582
v 0.01832965 0.07184204 -0.20545473
v 0.01884518 0.07175228 -0.20502073
v 0.01931222 0.07182322 -0.20461977
v 0.00588185 0.07094999 -0.21057728
v 0.00592608 0.07095192 -0.21056619
v 0.00590071 0.07080271 -0.21038793
v 0.00646392 0.07097539 -0.21043139
v 0.00792814 0.07086335 -0.21004365
v 0.00909254 0.07109011 -0.20977259
v 0.00907441 0.07092540 -0.20969286
v 0.00961683 0.07111299 -0.20964119
v 0.01044227 0.07099942 -0.20927426
v 0.01085504 0.07116703 -0.20933086
v 0.01178772 0.07107225 -0.20886252
v 0.01216091 0.07126606 -0.20876216
v 0.01214846 0.07110152 -0.20869700
v 0.01265871 0.07130381 -0.20854537
v 0.01509468 0.07134063 -0.20734521
v 0.01514354 0.07149222 -0.20746323
v 0.01516243 0.07134613 -0.20731412
v 0.01546481 0.07151658 -0.20732332
v 0.01545121 0.07136956 -0.20718163
v 0.01561776 0.07153396 -0.20722356
v 0.01790400 0.07179370 -0.20573235
v 0.00512537 0.07077952 -0.21051959
v 0.00394530 0.07074424 -0.21071998
v 0.00324281 0.07090911 -0.21081175
v 0.00272915 0.07073291 -0.21078344
v 0.00272987 0.07090116 -0.21085732
v 0.00069166 0.07086962 -0.21103841
v 0.01500000 0.09973417 -0.12528729
v 0.01504219 0.09992669 -0.12532119
v 0.01464265 0.09980916 -0.12530050
v 0.01468386 0.10000361 -0.12533479
v 0.00000000 0.09054298 -0.17681003
v 0.00000176 0.09035041 -0.17675599
v 0.00187016 0.09053274 -0.17674714
v 0.00196110 0.09034008 -0.17669361
v 0.00206520 0.09053167 -0.17674058
v 0.00270846 0.09033326 -0.17660488
v 0.00271062 0.09052797 -0.17663319
v 0.00370877 0.09052224 -0.17646712
v 0.00389238 0.09032244 -0.17646432
v 0.00517045 0.09051387 -0.17622393
v 0.00534135 0.09032873 -0.17607490
v 0.00541071 0.09051635 -0.17614806
v 0.00538715 0.09032894 -0.17606258
v 0.00553974 0.09051770 -0.17610732
v 0.00554495 0.09051776 -0.17610567
v 0.00584341 0.09033092 -0.17593995
v 0.00667963 0.09055677 -0.17558865
v 0.00667328 0.09035914 -0.17556232
v 0.00676451 0.09036225 -0.17552081
v 0.00705836 0.09056981 -0.17541608
v 0.00720410 0.09058406 -0.17530317
v 0.00761545 0.09042228 -0.17497438
v 0.00781697 0.09064408 -0.17482835
v 0.00763843 0.09042502 -0.17495415
v 0.00781304 0.09044600 -0.17480048
v 0.00902602 0.09063318 -0.17354419
v 0.00876919 0.09079084 -0.17384758
v 0.00878535 0.09058899 -0.17382554
v 0.00858436 0.09075158 -0.17408686
v 0.00837267 0.09051320 -0.17430796
v 0.00830164 0.09069152 -0.17445285
v 0.00794170 0.09065628 -0.17473171
v -0.00937510 0.09090442 -0.17312861
v -0.00930922 0.09088617 -0.17323234
v -0.00895162 0.09061702 -0.17364211
v -0.00881804 0.09079203 -0.17382405
v -0.00881749 0.09059404 -0.17379162
v -0.00856360 0.09074324 -0.17413057
v -0.00827349 0.09068763 -0.17448008
v -0.00821366 0.09049051 -0.17446470
v -0.00785818 0.09064801 -0.17479691
v -0.00784975 0.09045137 -0.17476351
v -0.00763470 0.09042824 -0.17494009
v -0.00768029 0.09063103 -0.17493263
v -0.00742555 0.09040577 -0.17511182
v -0.00700886 0.09056698 -0.17544487
v -0.00669917 0.09036164 -0.17554289
v -0.00671618 0.09055754 -0.17557468
v -0.00671093 0.09055735 -0.17557701
v -0.00654702 0.09035238 -0.17563318
v -0.00544120 0.09051639 -0.17614020
v -0.00560439 0.09032656 -0.17602719
v -0.00544043 0.09051639 -0.17614036
v -0.00542163 0.09032637 -0.17607165
v -0.00534268 0.09032628 -0.17609086
v -0.00525381 0.09051699 -0.17617774
v -0.00420424 0.09032511 -0.17636783
v -0.00421049 0.09052028 -0.17638676
v -0.00340938 0.09052282 -0.17654725
v -0.00362226 0.09032451 -0.17650942
v -0.00269850 0.09033110 -0.17657227
v -0.00274428 0.09052491 -0.17668049
v -0.00270990 0.09052514 -0.17668212
v -0.01249158 0.11161151 -0.06101109
v -0.01078685 0.11186500 -0.06252130
v -0.01429981 0.11165091 -0.05948139
v -0.01546629 0.11179851 -0.05856579
v -0.01444326 0.11164551 -0.05935870
v -0.01542042 0.11160860 -0.05852279
v -0.00610200 0.11166810 -0.06646600
v -0.00824282 0.11151890 -0.06460549
v -0.01075648 0.11157371 -0.06247900
v -0.01580055 0.11185871 -0.05793989
v -0.01575236 0.11166961 -0.05789619
v -0.01579386 0.11184900 -0.05798939
v -0.01579355 0.11184851 -0.05799169
v -0.01575830 0.11182891 -0.05811599
v -0.01571549 0.11163810 -0.05807380
v -0.01574782 0.11182300 -0.05815299
v -0.01571408 0.11163691 -0.05808059
v -0.01573511 0.11181601 -0.05819779
v -0.01564396 0.11161851 -0.05823800
v -0.01568889 0.11180881 -0.05827949
v -0.01567409 0.11180651 -0.05830569
v -0.01562647 0.11161390 -0.05827729
v -0.01562047 0.11179831 -0.05840049
v -0.01557266 0.11160871 -0.05835870
v -0.01559235 0.11179831 -0.05843060
v -0.01554580 0.11160871 -0.05838760
v -0.01558422 0.11179831 -0.05843929
v -0.02705323 0.11912371 -0.02206249
v -0.02727068 0.11912430 -0.02108169
v -0.02662849 0.11877861 -0.02283430
v -0.03088592 0.12217151 -0.00353528
v -0.03089129 0.12224511 -0.00296148
v -0.03078129 0.12207940 -0.00294030
v -0.03076133 0.12192580 -0.00412040
v -0.03073943 0.12188170 -0.00442959
v -0.03080936 0.12194600 -0.00519540
v -0.03068738 0.12177691 -0.00516430
v -0.03077972 0.12185881 -0.00583810
v -0.03059018 0.12157911 -0.00767570
v -0.03053682 0.12147381 -0.00728979
v -0.03049127 0.12142940 -0.00755509
v -0.03051349 0.12146601 -0.00841920
v -0.03021369 0.12115890 -0.00917179
v -0.03035875 0.12133011 -0.00922230
v -0.02964256 0.12070100 -0.01293909
v -0.02948329 0.12044720 -0.01342599
v -0.02953885 0.12060991 -0.01347739
v -0.02948087 0.12044581 -0.01343439
v -0.02935815 0.12037240 -0.01385899
v -0.02751739 0.11927190 -0.02022810
v -0.02799914 0.11966611 -0.01893899
v -0.02812667 0.11963611 -0.01811999
v -0.02822958 0.11979821 -0.01817820
v -0.02933887 0.12043420 -0.01451519
v -0.02052481 0.11565081 -0.03978059
v -0.02131389 0.11610760 -0.03755349
v -0.02058774 0.11552581 -0.03931979
v -0.02179408 0.11638560 -0.03619819
v -0.02523082 0.11802601 -0.02664860
v -0.02532065 0.11822171 -0.02671940
v -0.02527632 0.11805050 -0.02652439
v -0.02558784 0.11836081 -0.02600120
v -0.02673913 0.11896020 -0.02290668
v -0.01824437 0.11430820 -0.04631500
v -0.01834801 0.11439061 -0.04592449
v -0.01837932 0.11420771 -0.04584809
v -0.01835399 0.11439400 -0.04590759
v -0.01907009 0.11470861 -0.04346150
v -0.02044445 0.11544871 -0.03971079
v -0.01825502 0.11411751 -0.04627749
v -0.01694684 0.11316881 -0.05079719
v -0.01703865 0.11334981 -0.05085789
v -0.01686850 0.11311200 -0.05106779
v -0.01676956 0.11313591 -0.05187179
v -0.01662982 0.11280350 -0.05252799
v -0.01671521 0.11309270 -0.05207650
v -0.01627490 0.11249871 -0.05489909
v -0.01620778 0.11225811 -0.05510999
v -0.01623531 0.11244530 -0.05515289
v -0.01167798 0.12524290 0.02547752
v -0.01182227 0.12523761 0.02540980
v -0.01187959 0.12541710 0.02552882
v -0.03065325 0.12227891 -0.00138738
v -0.03069695 0.12253280 -0.00071590
v -0.03053411 0.12246451 0.00005750
v -0.03063104 0.12263031 0.00004560
v -0.03038582 0.12269551 0.00185600
v -0.03050379 0.12281871 0.00151600
v -0.03037385 0.12271421 0.00200120
v -0.03043860 0.12291521 0.00226930
v -0.03013972 0.12284070 0.00301032
v -0.03024426 0.12300701 0.00300831
v -0.03006249 0.12309301 0.00369959
v -0.02962526 0.12311880 0.00522770
v -0.02949077 0.12336320 0.00587370
v -0.02947627 0.12319931 0.00586991
v -0.02943681 0.12321210 0.00597550
v -0.02846132 0.12371390 0.00876100
v -0.02839717 0.12354980 0.00875920
v -0.02849371 0.12351841 0.00850071
v -0.02946587 0.12337501 0.00596842
v -0.02910337 0.12354631 0.00734690
v -0.02879416 0.12362700 0.00802802
v -0.02808539 0.12365101 0.00959400
v -0.02785738 0.12387150 0.01009120
v -0.02705600 0.12387691 0.01154041
v -0.02717763 0.12404890 0.01158830
v -0.02700100 0.12388891 0.01164442
v -0.01939367 0.12485200 0.02083360
v -0.02045266 0.12476990 0.01994621
v -0.02051364 0.12495321 0.02008781
v -0.02122174 0.12471030 0.01930180
v -0.02696673 0.12410400 0.01205280
v -0.02691661 0.12411220 0.01212681
v -0.02622466 0.12405931 0.01311231
v -0.02565606 0.12431791 0.01398872
v -0.02557498 0.12415961 0.01403141
v -0.02561908 0.12432390 0.01404331
v -0.02515744 0.12422410 0.01462211
v -0.02438260 0.12452571 0.01586952
v -0.02392444 0.12441460 0.01636662
v -0.02400329 0.12458761 0.01642982
v -0.02371259 0.12443780 0.01659660
v -0.02379619 0.12460930 0.01664692
v -0.02297261 0.12451871 0.01740031
v -0.02289673 0.12470360 0.01758970
v -0.02176657 0.12465071 0.01871012
v -0.02180582 0.12481781 0.01873332
v -0.02133555 0.12486711 0.01922630
v -0.01718735 0.12517811 0.02260151
v -0.01713060 0.12500310 0.02252452
v -0.01786220 0.12513251 0.02209150
v -0.01759540 0.12497800 0.02222770
v -0.01966717 0.12501040 0.02072752
v -0.01945548 0.12502481 0.02088752
v -0.01831265 0.12493580 0.02173951
v -0.01816050 0.12494761 0.02186701
v -0.01653152 0.12522251 0.02309712
v -0.01599318 0.12524521 0.02337980
v -0.01479171 0.12512931 0.02401771
v -0.01456163 0.12530540 0.02413182
v -0.01455293 0.12513801 0.02412962
v -0.01198455 0.12541381 0.02548542
v -0.01438679 0.12514400 0.02420762
v -0.01399245 0.12532931 0.02443070
v -0.01200592 0.12541291 0.02547410
v -0.00607409 0.12555461 0.02726011
v -0.00635814 0.12537260 0.02710600
v -0.00678034 0.12554391 0.02716062
v -0.00735930 0.12535541 0.02692710
v -0.01117108 0.12526140 0.02571510
v -0.01152080 0.12542840 0.02567720
v -0.01075908 0.12527151 0.02584611
v -0.00988485 0.12546831 0.02618910
v -0.00898594 0.12531521 0.02640992
v -0.00900681 0.12548971 0.02646391
v -0.00773582 0.12552061 0.02686161
v -0.00180180 0.12561951 0.02786222
v 0.00000002 0.12562900 0.02791401
v 0.00000002 0.12545241 0.02782020
v -0.00171603 0.12544371 0.02777302
v -0.00241601 0.12543521 0.02771461
v -0.00304756 0.12560061 0.02768663
v -0.00304620 0.12542770 0.02766221
v -0.00328094 0.12559701 0.02765370
v -0.00342133 0.12542321 0.02763090
v -0.00552520 0.12556290 0.02733750
v -0.00577463 0.12538260 0.02721031
v -0.00604923 0.12537791 0.02716130
v 0.00304896 0.12559571 0.02765422
v 0.00243556 0.12543351 0.02770201
v 0.00000035 0.12545241 0.02782020
v 0.00605183 0.12537841 0.02717311
v 0.00575613 0.12538331 0.02722172
v 0.00398139 0.12558551 0.02757472
v 0.00304625 0.12542840 0.02766691
v 0.00299910 0.12542911 0.02767472
v 0.00523861 0.12557181 0.02746760
v 0.00606600 0.12555421 0.02725270
v 0.00643112 0.12537211 0.02711082
v 0.00619658 0.12555141 0.02721870
v 0.00694871 0.12536351 0.02702571
v 0.00838725 0.12550500 0.02664970
v 0.00898614 0.12531531 0.02640852
v 0.00901739 0.12549161 0.02648600
v 0.01077889 0.12527280 0.02586552
v 0.01016949 0.12546721 0.02618672
v 0.01056020 0.12545360 0.02601142
v 0.01442418 0.12514561 0.02421611
v 0.01439967 0.12532020 0.02428880
v 0.01467215 0.12531071 0.02416651
v 0.01491247 0.12530231 0.02405870
v 0.01655349 0.12520750 0.02295832
v 0.01713758 0.12500461 0.02253562
v 0.01715756 0.12517261 0.02255320
v 0.01441186 0.12514601 0.02422172
v 0.01436512 0.12514770 0.02424281
v 0.01262580 0.12538180 0.02508470
v 0.01181614 0.12523661 0.02539622
v 0.01183810 0.12540921 0.02543812
v 0.01173625 0.12523941 0.02543232
v 0.01079957 0.12527211 0.02585612
v 0.01939100 0.12485180 0.02083262
v 0.01835628 0.12492921 0.02167640
v 0.01843449 0.12509881 0.02169691
v 0.01782409 0.12496891 0.02211042
v 0.01761287 0.12497990 0.02224122
v 0.01928117 0.12504980 0.02112922
v 0.01948630 0.12503110 0.02093540
v 0.02046550 0.12477160 0.01995631
v 0.02019355 0.12496660 0.02026731
v 0.02092121 0.12473751 0.01958470
v 0.02181463 0.12481871 0.01873612
v 0.02175694 0.12464921 0.01870121
v 0.02298188 0.12451971 0.01740632
v 0.02295388 0.12471480 0.01766001
v 0.02302735 0.12470450 0.01756352
v 0.02357764 0.12445671 0.01677662
v 0.02361324 0.12462191 0.01679411
v 0.02366497 0.12444741 0.01668421
v 0.02438927 0.12451261 0.01577500
v 0.02516230 0.12422420 0.01462422
v 0.02537079 0.12437430 0.01448612
v 0.02528865 0.12420531 0.01445042
v 0.02600957 0.12409781 0.01345851
v 0.02575886 0.12431971 0.01397642
v 0.02602602 0.12428210 0.01362562
v 0.02692182 0.12390500 0.01178660
v 0.02686984 0.12409421 0.01200810
v 0.02697789 0.12407020 0.01180091
v 0.02848617 0.12351771 0.00849760
v 0.02838626 0.12354880 0.00875480
v 0.02854431 0.12372161 0.00879820
v 0.02791719 0.12369471 0.00996232
v 0.02791157 0.12386240 0.01001112
v 0.02700007 0.12388850 0.01164320
v 0.02935762 0.12324670 0.00625431
v 0.02946253 0.12337440 0.00596540
v 0.02942583 0.12321200 0.00597691
v 0.02950328 0.12335901 0.00583970
v 0.02961083 0.12311790 0.00522440
v 0.03005316 0.12315111 0.00414332
v 0.03012416 0.12308980 0.00366142
v 0.03015443 0.12284141 0.00301341
v 0.03021997 0.12300711 0.00301121
v 0.03030639 0.12276410 0.00239530
v 0.03045565 0.12280360 0.00141181
v 0.03084014 0.12247161 -0.00119759
v 0.03089129 0.12224511 -0.00296160
v 0.03078129 0.12207940 -0.00294030
v 0.03073719 0.12227951 -0.00138448
v 0.03073339 0.12229671 -0.00125039
v 0.03069743 0.12259481 -0.00022909
v 0.03061187 0.12242971 -0.00021279
v 0.03036976 0.12269481 0.00185432
v 0.02986836 0.08596271 -0.12438070
v 0.02967770 0.08598431 -0.12389610
v 0.02967765 0.08598825 -0.12387350
v 0.01530818 0.11037240 -0.06577119
v 0.01529293 0.11029081 -0.06622390
v 0.01524873 0.11009881 -0.06618960
v 0.01548237 0.11097800 -0.06252789
v 0.01569090 0.11140310 -0.05934120
v 0.01579315 0.11176710 -0.05845959
v 0.01576109 0.11158220 -0.05841869
v 0.01581615 0.11182551 -0.05815849
v 0.01536619 0.11068300 -0.06404879
v 0.01530602 0.11042090 -0.06440020
v 0.01545122 0.11079140 -0.06249169
v 0.01589739 0.11203180 -0.05709519
v 0.01589267 0.11191800 -0.05668910
v 0.01639817 0.11264441 -0.05420170
v 0.01636023 0.11245630 -0.05415649
v 0.01674957 0.11307431 -0.05217140
v 0.01665992 0.11280140 -0.05253309
v 0.01695426 0.11332470 -0.05098879
v 0.01708929 0.11329571 -0.05020730
v 0.01715913 0.11347661 -0.05026519
v 0.01714863 0.11336400 -0.04988589
v 0.01822736 0.11426831 -0.04649189
v 0.01834064 0.11421200 -0.04583959
v 0.01867781 0.11460221 -0.04490080
v 0.01882742 0.11455830 -0.04418719
v 0.01957826 0.11511400 -0.04240220
v 0.01950398 0.11492441 -0.04233759
v 0.02021916 0.11547831 -0.04062370
v 0.02060540 0.11552051 -0.03932650
v 0.02229762 0.11665960 -0.03485619
v 0.02233929 0.11645891 -0.03458639
v 0.02237503 0.11669980 -0.03464899
v 0.02517081 0.11799131 -0.02684559
v 0.02526252 0.11820131 -0.02692010
v 0.02517081 0.11799131 -0.02684559
v 0.02538770 0.11826641 -0.02658500
v 0.02528665 0.11805401 -0.02652889
v 0.02657442 0.11888341 -0.02340849
v 0.02714261 0.11905841 -0.02145509
v 0.02794835 0.11963671 -0.01910479
v 0.02750515 0.11927141 -0.02022439
v 0.02785167 0.11947500 -0.01904789
v 0.02813457 0.11973881 -0.01852149
v 0.02901410 0.12015800 -0.01510158
v 0.02902693 0.12022800 -0.01572629
v 0.02914292 0.12032310 -0.01516659
v 0.02939441 0.12038151 -0.01381049
v 0.02960477 0.12070141 -0.01293789
v 0.02988829 0.12084000 -0.01109350
v 0.02997808 0.12100721 -0.01113650
v 0.03068669 0.12186950 -0.00442499
v 0.03058649 0.12164870 -0.00709919
v 0.03046060 0.12140240 -0.00880799
v 0.03046339 0.12137391 -0.00792969
v 0.03052056 0.12151970 -0.00799409
v 0.03048717 0.12142670 -0.00755659
v 0.03051829 0.12149570 -0.00706809
v -0.01237250 0.10895121 -0.08594189
v -0.01237263 0.10895141 -0.08594189
v -0.01113257 0.10919990 -0.08548959
v -0.01237317 0.10895231 -0.08594209
v -0.01113295 0.10920221 -0.08548980
v -0.01237331 0.10895270 -0.08594209
v -0.01237346 0.10895350 -0.08594230
v -0.01237035 0.10894951 -0.08594160
v -0.01237082 0.10894970 -0.08594160
v -0.01113203 0.10919771 -0.08548980
v -0.01237124 0.10895000 -0.08594169
v -0.01236677 0.10894800 -0.08594129
v -0.01236747 0.10894820 -0.08594129
v -0.01237034 0.10894951 -0.08594160
v -0.01234537 0.10894700 -0.08594099
v -0.01112882 0.10919150 -0.08549519
v -0.00989855 0.10943741 -0.08504840
v -0.00989453 0.10944011 -0.08504260
v -0.00989671 0.10943870 -0.08504580
v -0.00989679 0.10943860 -0.08504589
v -0.01112970 0.10919250 -0.08549339
v -0.01113055 0.10919391 -0.08549180
v -0.00989300 0.10944201 -0.08504040
v -0.01113135 0.10919571 -0.08549060
v -0.00989238 0.10944271 -0.08503950
v -0.00989283 0.10944220 -0.08504020
v -0.00989088 0.10944581 -0.08503729
v -0.00989147 0.10944451 -0.08503819
v -0.00989181 0.10944371 -0.08503869
v -0.01235076 0.10894681 -0.08594099
v -0.01235668 0.10894651 -0.08594099
v -0.01236191 0.10894731 -0.08594119
v -0.00989028 0.10944890 -0.08503640
v -0.00989032 0.10944831 -0.08503649
v -0.00989058 0.10944690 -0.08503689
v -0.00989063 0.10944661 -0.08503700
v -0.00989068 0.10944651 -0.08503700
v -0.00989025 0.10944941 -0.08503640
v -0.00989021 0.10945121 -0.08503640
v -0.00989028 0.10944890 -0.08503640
v -0.00989025 0.10944941 -0.08503640
v -0.00989026 0.10928251 -0.08598989
v -0.00989494 0.10910891 -0.08693389
v -0.00989672 0.10910871 -0.08693119
v -0.00989664 0.10927350 -0.08598840
v -0.00989679 0.10910871 -0.08693099
v -0.00989857 0.10910850 -0.08692829
v -0.00989455 0.10927460 -0.08598860
v -0.00989456 0.10910911 -0.08693460
v -0.00989149 0.10911171 -0.08694020
v -0.00989163 0.10911140 -0.08693989
v -0.00989279 0.10927611 -0.08598890
v -0.00989184 0.10911110 -0.08693940
v -0.00989241 0.10911050 -0.08693829
v -0.00989285 0.10911020 -0.08693760
v -0.00989302 0.10911010 -0.08693730
v -0.00989144 0.10927801 -0.08598919
v -0.00989091 0.10911261 -0.08694140
v -0.00989058 0.10928020 -0.08598959
v -0.00989066 0.10911330 -0.08694209
v -0.00989027 0.10911570 -0.08694349
v -0.00989030 0.10911520 -0.08694329
v -0.00989035 0.10911471 -0.08694299
v -0.00989061 0.10911351 -0.08694219
v -0.00989032 0.10944831 -0.08503649
v -0.00989068 0.10944651 -0.08503700
v -0.00989063 0.10944661 -0.08503700
v -0.00989058 0.10944690 -0.08503689
v -0.00989238 0.10944271 -0.08503950
v -0.00989181 0.10944371 -0.08503869
v -0.00989147 0.10944451 -0.08503819
v -0.00989088 0.10944581 -0.08503729
v -0.00989283 0.10944220 -0.08504020
v -0.00989453 0.10944011 -0.08504260
v -0.00989300 0.10944201 -0.08504040
v -0.00989855 0.10943741 -0.08504840
v -0.00989679 0.10943860 -0.08504589
v -0.00989671 0.10943870 -0.08504580
v -0.00989024 0.10911741 -0.08694410
v -0.01113295 0.10903541 -0.08644270
v -0.00989027 0.10911570 -0.08694349
v -0.01113258 0.10903321 -0.08644219
v -0.00989030 0.10911520 -0.08694329
v -0.00989035 0.10911471 -0.08694299
v -0.00989163 0.10911140 -0.08693989
v -0.00989149 0.10911171 -0.08694020
v -0.01113204 0.10903120 -0.08644119
v -0.00989091 0.10911261 -0.08694140
v -0.00989066 0.10911330 -0.08694209
v -0.00989061 0.10911351 -0.08694219
v -0.00989302 0.10911010 -0.08693730
v -0.00989285 0.10911020 -0.08693760
v -0.01113136 0.10902951 -0.08643980
v -0.00989285 0.10911020 -0.08693760
v -0.00989241 0.10911050 -0.08693829
v -0.00989184 0.10911110 -0.08693940
v -0.00989494 0.10910891 -0.08693389
v -0.00989456 0.10910911 -0.08693460
v -0.01112974 0.10902740 -0.08643609
v -0.01113058 0.10902830 -0.08643800
v -0.01112887 0.10902710 -0.08643400
v -0.00989857 0.10910850 -0.08692829
v -0.00989679 0.10910871 -0.08693099
v -0.00989672 0.10910871 -0.08693119
v -0.01234537 0.10894700 -0.08594099
v -0.01235077 0.10894681 -0.08594099
v -0.01235668 0.10894651 -0.08594099
v -0.01236192 0.10894731 -0.08594119
v -0.01236677 0.10894800 -0.08594129
v -0.01236747 0.10894820 -0.08594129
v -0.01237034 0.10894951 -0.08594160
v -0.01237250 0.10895121 -0.08594189
v -0.01237124 0.10895000 -0.08594169
v -0.01237082 0.10894970 -0.08594160
v -0.01237035 0.10894951 -0.08594160
v -0.01237346 0.10895350 -0.08594230
v -0.01237331 0.10895270 -0.08594209
v -0.01237317 0.10895231 -0.08594209
v -0.01237263 0.10895141 -0.08594189
v -0.01062110 0.11064611 -0.07761289
v -0.01062098 0.11064660 -0.07761279
v -0.01062098 0.11053411 -0.07825570
v -0.01062085 0.11064711 -0.07761270
v -0.01062066 0.11053641 -0.07825619
v -0.01062079 0.11064770 -0.07761270
v -0.01062065 0.11064901 -0.07761259
v -0.01062282 0.11064271 -0.07761450
v -0.01062184 0.11053190 -0.07825540
v -0.01062325 0.11064210 -0.07761489
v -0.01062319 0.11053000 -0.07825500
v -0.01062390 0.11064120 -0.07761549
v -0.01062218 0.11064361 -0.07761390
v -0.01062196 0.11064400 -0.07761369
v -0.01062150 0.11064511 -0.07761329
v -0.01062496 0.11052851 -0.07825480
v -0.01062498 0.11064020 -0.07761650
v -0.01062319 0.11053000 -0.07825500
v -0.01062462 0.11064051 -0.07761619
v -0.01062704 0.11052740 -0.07825459
v -0.01062888 0.11063791 -0.07762030
v -0.01062747 0.11063850 -0.07761889
v -0.01062706 0.11063881 -0.07761849
v -0.01062687 0.11063891 -0.07761830
v -0.01062705 0.11041340 -0.07890589
v -0.01062497 0.11041450 -0.07890609
v -0.01062320 0.11041601 -0.07890629
v -0.01062185 0.11041791 -0.07890669
v -0.01062099 0.11042010 -0.07890710
v -0.01062067 0.11042241 -0.07890750
v -0.01065108 0.11036381 -0.07921879
v -0.01065590 0.11035451 -0.07926829
v -0.01065620 0.11035221 -0.07926769
v -0.01071009 0.11031550 -0.07944909
v -0.01071475 0.11031221 -0.07946459
v -0.01071500 0.11030990 -0.07946400
v -0.01078680 0.11027891 -0.07959939
v -0.01082152 0.11026281 -0.07966439
v -0.01082169 0.11026050 -0.07966360
v -0.01099191 0.11020930 -0.07983929
v -0.01101931 0.11020121 -0.07986459
v -0.01101931 0.11019890 -0.07986369
v -0.01172300 0.11006601 -0.08003840
v -0.01137943 0.11011780 -0.08000970
v -0.01172301 0.11006601 -0.08003880
v -0.01146541 0.11011281 -0.08002580
v -0.01172429 0.11007400 -0.08004769
v -0.01172399 0.11007190 -0.08004699
v -0.01133304 0.11013151 -0.08000680
v -0.01137869 0.11012340 -0.08001759
v -0.01137863 0.11012130 -0.08001620
v -0.01172395 0.11007151 -0.08004690
v -0.01172363 0.11006940 -0.08004550
v -0.01137892 0.11012581 -0.08001849
v -0.01133325 0.11013380 -0.08000770
v -0.01127447 0.11014570 -0.07998480
v -0.01110896 0.11017701 -0.07991969
v -0.01110903 0.11017930 -0.07992059
v -0.01111675 0.11017770 -0.07992359
v -0.01133302 0.11012941 -0.08000540
v -0.01137874 0.11011960 -0.08001429
v -0.01172335 0.11006771 -0.08004359
v -0.01110919 0.11017490 -0.07991839
v -0.01133319 0.11012771 -0.08000349
v -0.01137901 0.11011841 -0.08001210
v -0.01172314 0.11006650 -0.08004130
v -0.01087030 0.11024300 -0.07972650
v -0.01087017 0.11024531 -0.07972720
v -0.01087497 0.11024390 -0.07973159
v -0.01101967 0.11019681 -0.07986250
v -0.01110973 0.11017321 -0.07991670
v -0.01133355 0.11012651 -0.08000140
v -0.01087087 0.11024090 -0.07972540
v -0.01102037 0.11019510 -0.07986090
v -0.01111052 0.11017200 -0.07991470
v -0.01133405 0.11012591 -0.07999899
v -0.01111153 0.11017131 -0.07991250
v -0.01102137 0.11019381 -0.07985899
v -0.01087185 0.11023920 -0.07972399
v -0.01082233 0.11025850 -0.07966259
v -0.01072060 0.11030360 -0.07946029
v -0.01066211 0.11034571 -0.07926510
v -0.01066007 0.11034671 -0.07926579
v -0.01082656 0.11025451 -0.07965859
v -0.01071866 0.11030461 -0.07946130
v -0.01065835 0.11034820 -0.07926640
v -0.01087479 0.11023700 -0.07972090
v -0.01082483 0.11025541 -0.07966000
v -0.01071702 0.11030600 -0.07946229
v -0.01065703 0.11035010 -0.07926710
v -0.01102260 0.11019311 -0.07985699
v -0.01087318 0.11023781 -0.07972250
v -0.01082340 0.11025670 -0.07966140
v -0.01071578 0.11030781 -0.07946319
v -0.01278438 0.11035341 -0.07757389
v -0.01278456 0.11035341 -0.07757369
v -0.01170698 0.11049591 -0.07759599
v -0.01279065 0.11035750 -0.07756869
v -0.01279116 0.11035811 -0.07756840
v -0.01170760 0.11050141 -0.07759080
v -0.01170826 0.11050651 -0.07759030
v -0.01062063 0.11065040 -0.07761270
v -0.01062065 0.11064901 -0.07761259
v -0.01279245 0.11036030 -0.07756779
v -0.01279248 0.11036040 -0.07756779
v -0.01170792 0.11050390 -0.07759019
v -0.01279279 0.11036120 -0.07756770
v -0.01279294 0.11036191 -0.07756779
v -0.01279320 0.11036291 -0.07756779
v -0.01279148 0.11035850 -0.07756820
v -0.01170733 0.11049920 -0.07759199
v -0.01278931 0.11035601 -0.07756959
v -0.01278947 0.11035621 -0.07756950
v -0.01278610 0.11035390 -0.07757229
v -0.01278670 0.11035431 -0.07757179
v -0.01170712 0.11049730 -0.07759379
v -0.01278702 0.11035451 -0.07757150
v -0.01278878 0.11035560 -0.07757000
v -0.01278506 0.11035351 -0.07757319
v -0.01278243 0.11035300 -0.07757569
v -0.01062687 0.11063891 -0.07761830
v -0.01062706 0.11063881 -0.07761849
v -0.01062888 0.11063791 -0.07762030
v -0.01062747 0.11063850 -0.07761889
v -0.01062282 0.11064271 -0.07761450
v -0.01062325 0.11064210 -0.07761489
v -0.01062390 0.11064120 -0.07761549
v -0.01062462 0.11064051 -0.07761619
v -0.01062498 0.11064020 -0.07761650
v -0.01062218 0.11064361 -0.07761390
v -0.01062196 0.11064400 -0.07761369
v -0.01062079 0.11064770 -0.07761270
v -0.01062085 0.11064711 -0.07761270
v -0.01062098 0.11064660 -0.07761279
v -0.01062110 0.11064611 -0.07761289
v -0.01062150 0.11064511 -0.07761329
v -0.01278670 0.11012921 -0.07885639
v -0.01278436 0.11012861 -0.07885629
v -0.01278387 0.11012021 -0.07890499
v -0.01273905 0.11006401 -0.07930960
v -0.01275660 0.11008680 -0.07918009
v -0.01279246 0.11012741 -0.07890640
v -0.01279279 0.11012980 -0.07890679
v -0.01279329 0.11013820 -0.07885800
v -0.01271118 0.11005211 -0.07939920
v -0.01271382 0.11005540 -0.07939219
v -0.01273938 0.11006630 -0.07930999
v -0.01259988 0.11002750 -0.07962489
v -0.01263451 0.11003740 -0.07955580
v -0.01271152 0.11005440 -0.07939959
v -0.01252966 0.11002080 -0.07971749
v -0.01254084 0.11002411 -0.07970370
v -0.01260024 0.11002981 -0.07962530
v -0.01238269 0.11001741 -0.07985000
v -0.01243920 0.11002090 -0.07979980
v -0.01253004 0.11002311 -0.07971789
v -0.01231801 0.11001880 -0.07989160
v -0.01232338 0.11002090 -0.07988890
v -0.01238307 0.11001961 -0.07985049
v -0.01203563 0.11003081 -0.07999620
v -0.01203621 0.11003110 -0.07999830
v -0.01210121 0.11002521 -0.07997729
v -0.01210191 0.11002550 -0.07997950
v -0.01231327 0.11001271 -0.07988389
v -0.01231444 0.11001301 -0.07988580
v -0.01237739 0.11001121 -0.07984260
v -0.01237872 0.11001150 -0.07984440
v -0.01252296 0.11001440 -0.07971130
v -0.01252472 0.11001471 -0.07971279
v -0.01259256 0.11002101 -0.07961950
v -0.01259450 0.11002141 -0.07962080
v -0.01270302 0.11004520 -0.07939540
v -0.01270523 0.11004561 -0.07939619
v -0.01273072 0.11005710 -0.07930639
v -0.01273297 0.11005751 -0.07930700
v -0.01278621 0.11012070 -0.07890510
v -0.01278885 0.11013021 -0.07885659
v -0.01203681 0.11003190 -0.08000039
v -0.01210262 0.11002630 -0.07998150
v -0.01231555 0.11001381 -0.07988769
v -0.01237998 0.11001230 -0.07984620
v -0.01252635 0.11001561 -0.07971429
v -0.01259630 0.11002231 -0.07962199
v -0.01270725 0.11004661 -0.07939709
v -0.01273505 0.11005851 -0.07930769
v -0.01278835 0.11012181 -0.07890530
v -0.01279067 0.11013180 -0.07885679
v -0.01203738 0.11003321 -0.08000219
v -0.01210328 0.11002750 -0.07998330
v -0.01231655 0.11001510 -0.07988929
v -0.01238110 0.11001361 -0.07984779
v -0.01252777 0.11001690 -0.07971560
v -0.01259785 0.11002360 -0.07962319
v -0.01270898 0.11004811 -0.07939790
v -0.01273681 0.11006000 -0.07930839
v -0.01279018 0.11012330 -0.07890559
v -0.01279207 0.11013370 -0.07885719
v -0.01203791 0.11003480 -0.08000360
v -0.01203835 0.11003680 -0.08000469
v -0.01210387 0.11002920 -0.07998469
v -0.01210436 0.11003120 -0.07998570
v -0.01231739 0.11001681 -0.07989070
v -0.01238202 0.11001530 -0.07984899
v -0.01252889 0.11001870 -0.07971670
v -0.01259906 0.11002540 -0.07962409
v -0.01271031 0.11004990 -0.07939860
v -0.01273817 0.11006180 -0.07930900
v -0.01279157 0.11012520 -0.07890600
v -0.01279296 0.11013591 -0.07885760
v -0.01210472 0.11003331 -0.07998629
v -0.01217779 0.11002910 -0.07995410
v -0.01231839 0.11002101 -0.07989210
v -0.01179004 0.11006660 -0.08003889
v -0.01200506 0.11004271 -0.08000979
v -0.01203870 0.11003891 -0.08000529
v -0.01279330 0.11025190 -0.07820910
v -0.01279331 0.11036420 -0.07756799
v -0.01279320 0.11036291 -0.07756779
v -0.01279297 0.11024961 -0.07820869
v -0.01278243 0.11035300 -0.07757569
v -0.01278438 0.11024231 -0.07820739
v -0.01278438 0.11035341 -0.07757389
v -0.01278670 0.11035431 -0.07757179
v -0.01278610 0.11035390 -0.07757229
v -0.01278672 0.11024280 -0.07820750
v -0.01278506 0.11035351 -0.07757319
v -0.01278456 0.11035341 -0.07757369
v -0.01278886 0.11024390 -0.07820770
v -0.01278878 0.11035560 -0.07757000
v -0.01278702 0.11035451 -0.07757150
v -0.01279068 0.11024540 -0.07820799
v -0.01278947 0.11035621 -0.07756950
v -0.01278931 0.11035601 -0.07756959
v -0.01279245 0.11036030 -0.07756779
v -0.01279148 0.11035850 -0.07756820
v -0.01279208 0.11024740 -0.07820829
v -0.01279116 0.11035811 -0.07756840
v -0.01279065 0.11035750 -0.07756869
v -0.01279294 0.11036191 -0.07756779
v -0.01279279 0.11036120 -0.07756770
v -0.01279248 0.11036040 -0.07756779
v -0.01235747 0.09856296 -0.14441600
v -0.01236103 0.09856446 -0.14441630
v -0.01112875 0.09883693 -0.14397090
v -0.01236372 0.09856734 -0.14441690
v -0.01236391 0.09856818 -0.14441710
v -0.01112974 0.09884134 -0.14397090
v -0.01236355 0.09856694 -0.14441680
v -0.01236283 0.09856589 -0.14441660
v -0.01236296 0.09856604 -0.14441660
v -0.01112933 0.09883912 -0.14397059
v -0.01236299 0.09856608 -0.14441670
v -0.01112974 0.09884134 -0.14397090
v -0.01236313 0.09856630 -0.14441670
v -0.01236147 0.09856472 -0.14441639
v -0.01112723 0.09883313 -0.14397280
v -0.01235216 0.09856222 -0.14441590
v -0.01112804 0.09883490 -0.14397160
v -0.01235243 0.09856225 -0.14441590
v -0.01235669 0.09856273 -0.14441600
v -0.01112804 0.09883490 -0.14397160
v -0.01235718 0.09856287 -0.14441600
v -0.01235742 0.09856295 -0.14441600
v -0.01234108 0.09856186 -0.14441570
v -0.01234119 0.09856186 -0.14441570
v -0.01112635 0.09883171 -0.14397429
v -0.01234593 0.09856151 -0.14441570
v -0.01234700 0.09856163 -0.14441570
v -0.01234719 0.09856167 -0.14441570
v -0.01233569 0.09856224 -0.14441580
v -0.01112547 0.09883072 -0.14397619
v -0.00990101 0.09909951 -0.14353520
v -0.00989729 0.09910206 -0.14352990
v -0.00989919 0.09910076 -0.14353260
v -0.00989925 0.09910071 -0.14353270
v -0.00989550 0.09910421 -0.14352730
v -0.00989416 0.09910641 -0.14352530
v -0.00989446 0.09910575 -0.14352580
v -0.00989505 0.09910474 -0.14352660
v -0.00989536 0.09910437 -0.14352710
v -0.00989318 0.09910911 -0.14352390
v -0.00989324 0.09910878 -0.14352400
v -0.00989350 0.09910794 -0.14352430
v -0.00989405 0.09910666 -0.14352520
v -0.00989292 0.09911042 -0.14352350
v -0.00989287 0.09911117 -0.14352340
v -0.00989284 0.09911156 -0.14352330
v -0.00989281 0.09911351 -0.14352340
v -0.00989287 0.09911117 -0.14352340
v -0.00989284 0.09911156 -0.14352330
v -0.00989305 0.09893426 -0.14447110
v -0.00989550 0.09875123 -0.14541280
v -0.00989578 0.09875106 -0.14541230
v -0.00989553 0.09892795 -0.14446990
v -0.00989960 0.09874966 -0.14540590
v -0.00989962 0.09874966 -0.14540590
v -0.00990141 0.09874946 -0.14540310
v -0.00989726 0.09892641 -0.14446959
v -0.00989775 0.09874990 -0.14540880
v -0.00989584 0.09875103 -0.14541220
v -0.00989361 0.09875432 -0.14541700
v -0.00989363 0.09875421 -0.14541690
v -0.00989421 0.09892984 -0.14447020
v -0.00989368 0.09875403 -0.14541680
v -0.00989393 0.09875338 -0.14541610
v -0.00989490 0.09875184 -0.14541400
v -0.00989328 0.09875640 -0.14541840
v -0.00989329 0.09875627 -0.14541829
v -0.00989337 0.09893198 -0.14447059
v -0.00989336 0.09875538 -0.14541790
v -0.00989292 0.09911042 -0.14352350
v -0.00989350 0.09910794 -0.14352430
v -0.00989324 0.09910878 -0.14352400
v -0.00989318 0.09910911 -0.14352390
v -0.00989405 0.09910666 -0.14352520
v -0.00989505 0.09910474 -0.14352660
v -0.00989446 0.09910575 -0.14352580
v -0.00989416 0.09910641 -0.14352530
v -0.00989536 0.09910437 -0.14352710
v -0.00989931 0.09892531 -0.14446940
v -0.00989729 0.09910206 -0.14352990
v -0.00989550 0.09910421 -0.14352730
v -0.00990101 0.09909951 -0.14353520
v -0.00989925 0.09910071 -0.14353270
v -0.00989919 0.09910076 -0.14353260
v -0.01236392 0.09856846 -0.14441710
v -0.01236391 0.09856818 -0.14441710
v -0.01112931 0.09866048 -0.14491690
v -0.01236372 0.09856734 -0.14441690
v -0.01112971 0.09866269 -0.14491750
v -0.00989328 0.09875640 -0.14541840
v -0.00989324 0.09875850 -0.14541910
v -0.00989363 0.09875421 -0.14541690
v -0.00989361 0.09875432 -0.14541700
v -0.00989336 0.09875538 -0.14541790
v -0.00989329 0.09875627 -0.14541829
v -0.00989584 0.09875103 -0.14541220
v -0.00989578 0.09875106 -0.14541230
v -0.01112803 0.09865683 -0.14491450
v -0.00989550 0.09875123 -0.14541280
v -0.00989490 0.09875184 -0.14541400
v -0.01112874 0.09865850 -0.14491590
v -0.00989393 0.09875338 -0.14541610
v -0.00989368 0.09875403 -0.14541680
v -0.01112548 0.09865449 -0.14490860
v -0.00989960 0.09874966 -0.14540590
v -0.01112636 0.09865477 -0.14491070
v -0.00989962 0.09874966 -0.14540590
v -0.01112548 0.09865449 -0.14490860
v -0.00990141 0.09874946 -0.14540310
v -0.01233569 0.09856224 -0.14441580
v -0.01234108 0.09856186 -0.14441570
v -0.01234119 0.09856186 -0.14441570
v -0.01234593 0.09856151 -0.14441570
v -0.01234700 0.09856163 -0.14441570
v -0.01235669 0.09856273 -0.14441600
v -0.01235243 0.09856225 -0.14441590
v -0.01112722 0.09865555 -0.14491269
v -0.01235216 0.09856222 -0.14441590
v -0.01234719 0.09856167 -0.14441570
v -0.01235718 0.09856287 -0.14441600
v -0.00989775 0.09874990 -0.14540880
v -0.01236147 0.09856472 -0.14441639
v -0.01236103 0.09856446 -0.14441630
v -0.01235747 0.09856296 -0.14441600
v -0.01235742 0.09856295 -0.14441600
v -0.01236355 0.09856694 -0.14441680
v -0.01236313 0.09856630 -0.14441670
v -0.01236224 0.09856538 -0.14441649
v -0.01236299 0.09856608 -0.14441670
v -0.01236296 0.09856604 -0.14441660
v -0.01236283 0.09856589 -0.14441660
v -0.01234428 0.10504451 -0.10821789
v -0.01234968 0.10504420 -0.10821789
v -0.01112844 0.10529101 -0.10777270
v -0.01237224 0.10505011 -0.10821899
v -0.01237239 0.10505101 -0.10821919
v -0.01113258 0.10530170 -0.10776730
v -0.01237210 0.10504970 -0.10821899
v -0.01237016 0.10504751 -0.10821859
v -0.01237142 0.10504860 -0.10821879
v -0.01113221 0.10529950 -0.10776710
v -0.01237156 0.10504880 -0.10821879
v -0.01113258 0.10530170 -0.10776730
v -0.01236585 0.10504551 -0.10821820
v -0.01236639 0.10504571 -0.10821820
v -0.01113166 0.10529731 -0.10776730
v -0.01236926 0.10504700 -0.10821850
v -0.01236974 0.10504721 -0.10821850
v -0.01236569 0.10504541 -0.10821820
v -0.01113018 0.10529351 -0.10776930
v -0.01236083 0.10504471 -0.10821809
v -0.01112932 0.10529200 -0.10777079
v -0.01235561 0.10504400 -0.10821789
v -0.00989884 0.10553911 -0.10732650
v -0.00989487 0.10554171 -0.10732080
v -0.00989701 0.10554030 -0.10732389
v -0.00989708 0.10554020 -0.10732400
v -0.00989329 0.10554361 -0.10731849
v -0.00989313 0.10554381 -0.10731829
v -0.01113097 0.10529520 -0.10776809
v -0.00989213 0.10554531 -0.10731680
v -0.00989270 0.10554430 -0.10731759
v -0.00989095 0.10554821 -0.10731509
v -0.00989098 0.10554811 -0.10731509
v -0.00989120 0.10554741 -0.10731540
v -0.00989178 0.10554610 -0.10731630
v -0.00989059 0.10555050 -0.10731450
v -0.00989064 0.10554990 -0.10731460
v -0.00989089 0.10554851 -0.10731500
v -0.00989056 0.10555101 -0.10731440
v -0.00989053 0.10555291 -0.10731450
v -0.00989059 0.10555050 -0.10731450
v -0.00989056 0.10555101 -0.10731440
v -0.00989057 0.10538421 -0.10826759
v -0.00989273 0.10521220 -0.10921550
v -0.00989316 0.10521190 -0.10921470
v -0.00989310 0.10537780 -0.10826649
v -0.00989887 0.10521020 -0.10920539
v -0.00989704 0.10521051 -0.10920829
v -0.00989711 0.10521051 -0.10920820
v -0.00989694 0.10537520 -0.10826600
v -0.00989486 0.10537630 -0.10826620
v -0.00989490 0.10521081 -0.10921170
v -0.00989332 0.10521180 -0.10921440
v -0.00989175 0.10537970 -0.10826680
v -0.00989216 0.10521280 -0.10921659
v -0.00989098 0.10521500 -0.10921919
v -0.00989101 0.10521490 -0.10921919
v -0.00989089 0.10538190 -0.10826719
v -0.00989123 0.10521441 -0.10921859
v -0.00989181 0.10521341 -0.10921740
v -0.00989059 0.10521740 -0.10922070
v -0.00989062 0.10521701 -0.10922050
v -0.00989066 0.10521641 -0.10922020
v -0.00989092 0.10521521 -0.10921940
v -0.00989064 0.10554990 -0.10731460
v -0.00989098 0.10554811 -0.10731509
v -0.00989095 0.10554821 -0.10731509
v -0.00989089 0.10554851 -0.10731500
v -0.00989270 0.10554430 -0.10731759
v -0.00989213 0.10554531 -0.10731680
v -0.00989178 0.10554610 -0.10731630
v -0.00989120 0.10554741 -0.10731540
v -0.00989313 0.10554381 -0.10731829
v -0.00989487 0.10554171 -0.10732080
v -0.00989329 0.10554361 -0.10731849
v -0.00989884 0.10553911 -0.10732650
v -0.00989708 0.10554020 -0.10732400
v -0.00989701 0.10554030 -0.10732389
v -0.00989123 0.10521441 -0.10921859
v -0.00989101 0.10521490 -0.10921919
v -0.01113167 0.10513080 -0.10871820
v -0.00989055 0.10521921 -0.10922129
v -0.01113258 0.10513501 -0.10871980
v -0.00989059 0.10521740 -0.10922070
v -0.01113221 0.10513280 -0.10871919
v -0.00989098 0.10521500 -0.10921919
v -0.00989092 0.10521521 -0.10921940
v -0.00989066 0.10521641 -0.10922020
v -0.00989062 0.10521701 -0.10922050
v -0.00989332 0.10521180 -0.10921440
v -0.00989316 0.10521190 -0.10921470
v -0.01113099 0.10512910 -0.10871679
v -0.00989273 0.10521220 -0.10921550
v -0.00989216 0.10521280 -0.10921659
v -0.00989181 0.10521341 -0.10921740
v -0.01113020 0.10512780 -0.10871510
v -0.01112936 0.10512700 -0.10871310
v -0.00989490 0.10521081 -0.10921170
v -0.01112849 0.10512681 -0.10871099
v -0.00989887 0.10521020 -0.10920539
v -0.00989711 0.10521051 -0.10920820
v -0.00989704 0.10521051 -0.10920829
v -0.01235561 0.10504400 -0.10821789
v -0.01234968 0.10504420 -0.10821789
v -0.01234428 0.10504451 -0.10821789
v -0.01112765 0.10512700 -0.10870889
v -0.01236639 0.10504571 -0.10821820
v -0.01236585 0.10504551 -0.10821820
v -0.01236569 0.10504541 -0.10821820
v -0.01236084 0.10504471 -0.10821809
v -0.01237156 0.10504880 -0.10821879
v -0.01237142 0.10504860 -0.10821879
v -0.01237016 0.10504751 -0.10821859
v -0.01236974 0.10504721 -0.10821850
v -0.01236926 0.10504700 -0.10821850
v -0.01237239 0.10505101 -0.10821919
v -0.01237224 0.10505011 -0.10821899
v -0.01237210 0.10504970 -0.10821899
v -0.01132095 0.09992247 -0.13796930
v -0.01132097 0.09992260 -0.13796910
v -0.00928472 0.09996559 -0.13935780
v -0.00928293 0.09997192 -0.13935500
v -0.01132223 0.09992927 -0.13796410
v -0.00928297 0.09997435 -0.13935500
v -0.01132244 0.09993062 -0.13796399
v -0.01132254 0.09993123 -0.13796390
v -0.00928323 0.09996956 -0.13935550
v -0.01132207 0.09992830 -0.13796430
v -0.01132215 0.09992879 -0.13796420
v -0.01132168 0.09992608 -0.13796540
v -0.01132161 0.09992569 -0.13796560
v -0.00928383 0.09996740 -0.13935650
v -0.01132170 0.09992623 -0.13796530
v -0.01132174 0.09992646 -0.13796520
v -0.01132121 0.09992363 -0.13796750
v -0.01132130 0.09992409 -0.13796710
v -0.01132135 0.09992434 -0.13796690
v -0.01132114 0.09992332 -0.13796790
v -0.00928584 0.09996422 -0.13935949
v -0.01132065 0.09992125 -0.13797170
v -0.01132075 0.09992158 -0.13797070
v -0.01132043 0.09992048 -0.13797400
v -0.01132064 0.09992122 -0.13797190
v -0.00726057 0.10001040 -0.14074380
v -0.00725621 0.10001130 -0.14074440
v -0.00725633 0.10001130 -0.14074440
v -0.00725737 0.10001101 -0.14074420
v -0.00724982 0.10001340 -0.14074540
v -0.00724789 0.10001440 -0.14074579
v -0.00724768 0.10001461 -0.14074579
v -0.00724259 0.10001921 -0.14074720
v -0.00724262 0.10001910 -0.14074720
v -0.00724389 0.10001751 -0.14074680
v -0.00724461 0.10001671 -0.14074660
v -0.00724745 0.10001471 -0.14074590
v -0.00724178 0.10002160 -0.14074780
v -0.00724188 0.10002101 -0.14074759
v -0.00724230 0.10001970 -0.14074740
v -0.00724242 0.10001951 -0.14074730
v -0.01132244 0.09993062 -0.13796399
v -0.01279078 0.09948298 -0.13921900
v -0.01132254 0.09993123 -0.13796390
v -0.01279118 0.09948526 -0.13921930
v -0.01132267 0.09993297 -0.13796410
v -0.01425699 0.09903154 -0.14047140
v -0.01425695 0.09903345 -0.14047140
v -0.01279003 0.09948077 -0.13921900
v -0.01425735 0.09902849 -0.14047250
v -0.01425734 0.09902853 -0.14047250
v -0.01425722 0.09902897 -0.14047220
v -0.01425711 0.09902965 -0.14047180
v -0.01425700 0.09903103 -0.14047140
v -0.01279118 0.09948526 -0.13921930
v -0.01425699 0.09903109 -0.14047140
v -0.01426009 0.09902247 -0.14047899
v -0.01425959 0.09902337 -0.14047790
v -0.01278769 0.09947702 -0.13922040
v -0.01425958 0.09902340 -0.14047780
v -0.01278898 0.09947874 -0.13921950
v -0.01425805 0.09902618 -0.14047429
v -0.01425785 0.09902671 -0.14047380
v -0.01426343 0.09901925 -0.14048650
v -0.01278467 0.09947478 -0.13922320
v -0.01426134 0.09902115 -0.14048179
v -0.01278622 0.09947567 -0.13922170
v -0.01426132 0.09902115 -0.14048179
v -0.01278769 0.09947702 -0.13922040
v -0.01426053 0.09902186 -0.14048000
v -0.01426526 0.09901762 -0.14049060
v -0.01132043 0.09992048 -0.13797400
v -0.01132064 0.09992122 -0.13797190
v -0.01132065 0.09992125 -0.13797170
v -0.01132075 0.09992158 -0.13797070
v -0.01132095 0.09992247 -0.13796930
v -0.01132130 0.09992409 -0.13796710
v -0.01132121 0.09992363 -0.13796750
v -0.01132114 0.09992332 -0.13796790
v -0.01132097 0.09992260 -0.13796910
v -0.01132170 0.09992623 -0.13796530
v -0.01132168 0.09992608 -0.13796540
v -0.01132161 0.09992569 -0.13796560
v -0.01132135 0.09992434 -0.13796690
v -0.01132223 0.09992927 -0.13796410
v -0.01132215 0.09992879 -0.13796420
v -0.01132207 0.09992830 -0.13796430
v -0.01132174 0.09992646 -0.13796520
v -0.00724242 0.10001951 -0.14074730
v -0.00724230 0.10001970 -0.14074740
v -0.01075197 0.09924328 -0.14212920
v -0.00724188 0.10002101 -0.14074759
v -0.00724178 0.10002160 -0.14074780
v -0.00724176 0.10002201 -0.14074780
v -0.00724461 0.10001671 -0.14074660
v -0.00724389 0.10001751 -0.14074680
v -0.01075179 0.09924093 -0.14212830
v -0.00724262 0.10001910 -0.14074720
v -0.00724259 0.10001921 -0.14074720
v -0.00724789 0.10001440 -0.14074579
v -0.00724768 0.10001461 -0.14074579
v -0.01075220 0.09923716 -0.14212510
v -0.00724982 0.10001340 -0.14074540
v -0.01075277 0.09923595 -0.14212300
v -0.01075353 0.09923533 -0.14212069
v -0.00725621 0.10001130 -0.14074440
v -0.00726057 0.10001040 -0.14074380
v -0.00725737 0.10001101 -0.14074420
v -0.00725633 0.10001130 -0.14074440
v -0.01426400 0.09844400 -0.14349960
v -0.01426416 0.09844395 -0.14349949
v -0.01426484 0.09844372 -0.14349900
v -0.01426585 0.09844359 -0.14349830
v -0.01426001 0.09844635 -0.14350310
v -0.01426004 0.09844632 -0.14350300
v -0.01426038 0.09844604 -0.14350270
v -0.01426182 0.09844487 -0.14350140
v -0.01426239 0.09844455 -0.14350090
v -0.01075187 0.09923886 -0.14212690
v -0.01425908 0.09844773 -0.14350409
v -0.01425971 0.09844671 -0.14350340
v -0.01425823 0.09844970 -0.14350530
v -0.01425839 0.09844903 -0.14350500
v -0.01425862 0.09844847 -0.14350460
v -0.00724745 0.10001471 -0.14074590
v -0.01425787 0.09845189 -0.14350610
v -0.01425794 0.09845092 -0.14350580
v -0.01425803 0.09845051 -0.14350560
v -0.01425785 0.09845292 -0.14350640
v -0.01425681 0.09942505 -0.13836660
v -0.01425677 0.09942518 -0.13836670
v -0.01425673 0.09922972 -0.13941960
v -0.01425672 0.09942550 -0.13836680
v -0.01425648 0.09942728 -0.13836730
v -0.01425705 0.09942428 -0.13836630
v -0.01425705 0.09922744 -0.13941910
v -0.01425753 0.09942335 -0.13836580
v -0.01425903 0.09942128 -0.13836460
v -0.01425852 0.09942174 -0.13836500
v -0.01425789 0.09922529 -0.13941870
v -0.01425806 0.09942235 -0.13836530
v -0.01425770 0.09942303 -0.13836570
v -0.01426023 0.09942019 -0.13836380
v -0.01425923 0.09922339 -0.13941840
v -0.01426310 0.09941887 -0.13836210
v -0.01426281 0.09941900 -0.13836229
v -0.01426303 0.09922075 -0.13941790
v -0.01426272 0.09941903 -0.13836229
v -0.01426097 0.09922185 -0.13941810
v -0.01426082 0.09941980 -0.13836340
v -0.01426058 0.09941996 -0.13836360
v -0.01426441 0.09941861 -0.13836139
v -0.01426526 0.09901762 -0.14049060
v -0.01426343 0.09901925 -0.14048650
v -0.01426009 0.09902247 -0.14047899
v -0.01426053 0.09902186 -0.14048000
v -0.01426132 0.09902115 -0.14048179
v -0.01426134 0.09902115 -0.14048179
v -0.01425958 0.09902340 -0.14047780
v -0.01425959 0.09902337 -0.14047790
v -0.01425735 0.09902849 -0.14047250
v -0.01425785 0.09902671 -0.14047380
v -0.01425805 0.09902618 -0.14047429
v -0.01425734 0.09902853 -0.14047250
v -0.01425700 0.09903103 -0.14047140
v -0.01425711 0.09902965 -0.14047180
v -0.01425722 0.09902897 -0.14047220
v -0.01425699 0.09903109 -0.14047140
v -0.01426464 0.09808815 -0.14534100
v -0.01426475 0.09808809 -0.14534110
v -0.01426442 0.09826635 -0.14442050
v -0.01426643 0.09808728 -0.14534210
v -0.01425794 0.09845092 -0.14350580
v -0.01425787 0.09845189 -0.14350610
v -0.01425816 0.09827529 -0.14442220
v -0.01425803 0.09845051 -0.14350560
v -0.01425931 0.09827087 -0.14442140
v -0.01425908 0.09844773 -0.14350409
v -0.01425847 0.09827301 -0.14442180
v -0.01425862 0.09844847 -0.14350460
v -0.01425839 0.09844903 -0.14350500
v -0.01425823 0.09844970 -0.14350530
v -0.01426004 0.09844632 -0.14350300
v -0.01426001 0.09844635 -0.14350310
v -0.01425971 0.09844671 -0.14350340
v -0.01426237 0.09826745 -0.14442070
v -0.01426182 0.09844487 -0.14350140
v -0.01426038 0.09844604 -0.14350270
v -0.01426484 0.09844372 -0.14349900
v -0.01426416 0.09844395 -0.14349949
v -0.01426400 0.09844400 -0.14349960
v -0.01426239 0.09844455 -0.14350090
v -0.01426585 0.09844359 -0.14349830
v -0.01426543 0.09808767 -0.14534150
v -0.01426064 0.09826899 -0.14442100
v -0.01426241 0.09808963 -0.14533970
v -0.01426297 0.09808916 -0.14533999
v -0.01426063 0.09809160 -0.14533870
v -0.01426071 0.09809153 -0.14533870
v -0.01426098 0.09809122 -0.14533890
v -0.01425922 0.09809418 -0.14533800
v -0.01425943 0.09809378 -0.14533809
v -0.01425967 0.09809330 -0.14533820
v -0.01426064 0.09826899 -0.14442100
v -0.01426030 0.09809208 -0.14533850
v -0.01425847 0.09809793 -0.14533780
v -0.01425854 0.09809690 -0.14533780
v -0.01425869 0.09809620 -0.14533780
v -0.01425883 0.09809558 -0.14533780
v -0.01425899 0.09809484 -0.14533790
v -0.01426441 0.09941861 -0.13836139
v -0.01126906 0.10032190 -0.13586900
v -0.01126876 0.10032300 -0.13586910
v -0.01276372 0.09987728 -0.13711960
v -0.01276373 0.09987497 -0.13711879
v -0.01425647 0.09942785 -0.13836750
v -0.01126932 0.10032130 -0.13586910
v -0.01127094 0.10031910 -0.13586940
v -0.01127056 0.10031951 -0.13586930
v -0.01276373 0.09987497 -0.13711879
v -0.01126996 0.10032030 -0.13586920
v -0.01126946 0.10032110 -0.13586910
v -0.01127674 0.10031480 -0.13587100
v -0.01127582 0.10031540 -0.13587069
v -0.01276414 0.09987291 -0.13711750
v -0.01127479 0.10031601 -0.13587040
v -0.01127274 0.10031760 -0.13586990
v -0.01127201 0.10031820 -0.13586970
v -0.01128785 0.10031051 -0.13587460
v -0.01128754 0.10031070 -0.13587449
v -0.01276602 0.09986992 -0.13711419
v -0.01128215 0.10031270 -0.13587280
v -0.01276492 0.09987120 -0.13711599
v -0.01128154 0.10031301 -0.13587259
v -0.01276737 0.09986918 -0.13711229
v -0.01129326 0.10030890 -0.13587640
v -0.01129019 0.10030961 -0.13587539
v -0.01426082 0.09941980 -0.13836340
v -0.01426272 0.09941903 -0.13836229
v -0.01426281 0.09941900 -0.13836229
v -0.01426310 0.09941887 -0.13836210
v -0.01426058 0.09941996 -0.13836360
v -0.01426082 0.09941980 -0.13836340
v -0.01425806 0.09942235 -0.13836530
v -0.01425852 0.09942174 -0.13836500
v -0.01425903 0.09942128 -0.13836460
v -0.01426023 0.09942019 -0.13836380
v -0.01425770 0.09942303 -0.13836570
v -0.01425681 0.09942505 -0.13836660
v -0.01425705 0.09942428 -0.13836630
v -0.01425753 0.09942335 -0.13836580
v -0.01425648 0.09942728 -0.13836730
v -0.01425672 0.09942550 -0.13836680
v -0.01425677 0.09942518 -0.13836670
v -0.01425869 0.09809620 -0.14533780
v -0.01425854 0.09809690 -0.14533780
v -0.01073517 0.09835177 -0.14686950
v -0.01425847 0.09809793 -0.14533780
v -0.01425845 0.09809868 -0.14533790
v -0.01073499 0.09834930 -0.14686950
v -0.01425883 0.09809558 -0.14533780
v -0.01425899 0.09809484 -0.14533790
v -0.01426071 0.09809153 -0.14533870
v -0.01426063 0.09809160 -0.14533870
v -0.01073507 0.09834691 -0.14687010
v -0.01426030 0.09809208 -0.14533850
v -0.01425967 0.09809330 -0.14533820
v -0.01425943 0.09809378 -0.14533809
v -0.01425922 0.09809418 -0.14533800
v -0.01073592 0.09834288 -0.14687270
v -0.01426241 0.09808963 -0.14533970
v -0.01426098 0.09809122 -0.14533890
v -0.01073538 0.09834472 -0.14687120
v -0.01426543 0.09808767 -0.14534150
v -0.01073664 0.09834150 -0.14687460
v -0.01426643 0.09808728 -0.14534210
v -0.01236580 0.09822368 -0.14616890
v -0.01426475 0.09808809 -0.14534110
v -0.01426464 0.09808815 -0.14534100
v -0.01426297 0.09808916 -0.14533999
v -0.00720231 0.09860923 -0.14841320
v -0.00720228 0.09860920 -0.14841330
v -0.00720210 0.09860913 -0.14841350
v -0.00720021 0.09860865 -0.14841630
v -0.00720659 0.09861168 -0.14840760
v -0.00720550 0.09861084 -0.14840890
v -0.00721008 0.09861599 -0.14840400
v -0.00720907 0.09861435 -0.14840490
v -0.00720852 0.09861362 -0.14840540
v -0.00720691 0.09861200 -0.14840730
v -0.00720683 0.09861193 -0.14840730
v -0.00721105 0.09861848 -0.14840360
v -0.00721092 0.09861802 -0.14840360
v -0.00721110 0.09861867 -0.14840360
v -0.00721039 0.09861664 -0.14840380
v -0.00721022 0.09861626 -0.14840390
v -0.00721014 0.09861612 -0.14840400
v -0.01276399 0.10011420 -0.13583640
v -0.01126869 0.10032380 -0.13586920
v -0.01126876 0.10032300 -0.13586910
v -0.01276364 0.10011171 -0.13583640
v -0.01425611 0.09990259 -0.13580370
v -0.01425597 0.09990388 -0.13580359
v -0.01425594 0.09990519 -0.13580380
v -0.01425642 0.09990098 -0.13580400
v -0.01425630 0.09990147 -0.13580390
v -0.01425617 0.09990198 -0.13580380
v -0.01425681 0.09989999 -0.13580430
v -0.01276330 0.10010920 -0.13583690
v -0.01425729 0.09989881 -0.13580470
v -0.01425924 0.09989599 -0.13580650
v -0.01276301 0.10010701 -0.13583820
v -0.01425997 0.09989527 -0.13580720
v -0.01276279 0.10010511 -0.13583989
v -0.01276265 0.10010370 -0.13584210
v -0.01425854 0.09989696 -0.13580590
v -0.01425812 0.09989756 -0.13580549
v -0.01425751 0.09989840 -0.13580490
v -0.01426412 0.09989267 -0.13581120
v -0.01426283 0.09989325 -0.13580990
v -0.01426233 0.09989360 -0.13580950
v -0.01426213 0.09989373 -0.13580930
v -0.01128785 0.10031051 -0.13587460
v -0.01129019 0.10030961 -0.13587539
v -0.01129326 0.10030890 -0.13587640
v -0.01128754 0.10031070 -0.13587449
v -0.01128215 0.10031270 -0.13587280
v -0.01128154 0.10031301 -0.13587259
v -0.01127674 0.10031480 -0.13587100
v -0.01127582 0.10031540 -0.13587069
v -0.01127479 0.10031601 -0.13587040
v -0.01127274 0.10031760 -0.13586990
v -0.01126906 0.10032190 -0.13586900
v -0.01126932 0.10032130 -0.13586910
v -0.01126946 0.10032110 -0.13586910
v -0.01126996 0.10032030 -0.13586920
v -0.01127056 0.10031951 -0.13586930
v -0.01127094 0.10031910 -0.13586940
v -0.01127201 0.10031820 -0.13586970
v -0.00721110 0.09861867 -0.14840360
v -0.00721139 0.09862089 -0.14840380
v -0.00721158 0.09879677 -0.14745640
v -0.00721105 0.09861848 -0.14840360
v -0.00721092 0.09861802 -0.14840360
v -0.00721124 0.09879439 -0.14745600
v -0.00721014 0.09861612 -0.14840400
v -0.00721022 0.09861626 -0.14840390
v -0.00721039 0.09861664 -0.14840380
v -0.00720852 0.09861362 -0.14840540
v -0.00720907 0.09861435 -0.14840490
v -0.00721033 0.09879219 -0.14745550
v -0.00721008 0.09861599 -0.14840400
v -0.00720691 0.09861200 -0.14840730
v -0.00720891 0.09879024 -0.14745520
v -0.00720683 0.09861193 -0.14840730
v -0.00720659 0.09861168 -0.14840760
v -0.00720705 0.09878870 -0.14745490
v -0.00720550 0.09861084 -0.14840890
v -0.00720486 0.09878766 -0.14745469
v -0.00720231 0.09860923 -0.14841320
v -0.00720228 0.09860920 -0.14841330
v -0.00720248 0.09878714 -0.14745460
v -0.00720021 0.09860865 -0.14841630
v -0.00720210 0.09860913 -0.14841350
v -0.00720078 0.09896377 -0.14650030
v -0.00720134 0.09896367 -0.14650070
v -0.00720690 0.09896442 -0.14650450
v -0.00720477 0.09896370 -0.14650300
v -0.00720409 0.09896360 -0.14650260
v -0.00720267 0.09896364 -0.14650160
v -0.00720254 0.09896364 -0.14650150
v -0.00720957 0.09896640 -0.14650650
v -0.00720923 0.09896605 -0.14650620
v -0.00720753 0.09896473 -0.14650500
v -0.00720723 0.09896457 -0.14650480
v -0.00720708 0.09896448 -0.14650470
v -0.00721015 0.09896724 -0.14650700
v -0.00721099 0.09896863 -0.14650760
v -0.00721068 0.09896801 -0.14650740
v -0.00721049 0.09896772 -0.14650720
v -0.00721116 0.09896917 -0.14650780
v -0.00721170 0.09897134 -0.14650830
v -0.00721156 0.09897045 -0.14650820
v -0.00721138 0.09896986 -0.14650800
v -0.00721176 0.09897220 -0.14650850
v -0.01425681 0.09989999 -0.13580430
v -0.01425729 0.09989881 -0.13580470
v -0.01425698 0.10006570 -0.13490000
v -0.01426412 0.09989267 -0.13581120
v -0.01425600 0.10023360 -0.13399659
v -0.01425587 0.10023401 -0.13399690
v -0.01425581 0.10007020 -0.13490080
v -0.01425579 0.10023471 -0.13399720
v -0.01425567 0.10023571 -0.13399770
v -0.01425612 0.10023311 -0.13399630
v -0.01425613 0.10006791 -0.13490040
v -0.01425647 0.10023240 -0.13399569
v -0.01425699 0.10023140 -0.13399490
v -0.01425825 0.10023011 -0.13399310
v -0.01425777 0.10023050 -0.13399379
v -0.01425721 0.10023101 -0.13399450
v -0.01426007 0.10006231 -0.13489940
v -0.01425967 0.10022890 -0.13399130
v -0.01425832 0.10006380 -0.13489959
v -0.01425894 0.10022941 -0.13399220
v -0.01426214 0.10006121 -0.13489920
v -0.01426203 0.10022821 -0.13398860
v -0.01426182 0.10022821 -0.13398880
v -0.01426252 0.10022800 -0.13398800
v -0.01426383 0.10022790 -0.13398660
v -0.01425997 0.09989527 -0.13580720
v -0.01426213 0.09989373 -0.13580930
v -0.01426233 0.09989360 -0.13580950
v -0.01426283 0.09989325 -0.13580990
v -0.01425751 0.09989840 -0.13580490
v -0.01425812 0.09989756 -0.13580549
v -0.01425854 0.09989696 -0.13580590
v -0.01425924 0.09989599 -0.13580650
v -0.01425611 0.09990259 -0.13580370
v -0.01425617 0.09990198 -0.13580380
v -0.01425613 0.10006791 -0.13490040
v -0.01425630 0.09990147 -0.13580390
v -0.01425698 0.10006570 -0.13490000
v -0.01425642 0.09990098 -0.13580400
v -0.01425597 0.09990388 -0.13580359
v -0.00849629 0.09886719 -0.14598459
v -0.00849607 0.09886651 -0.14598440
v -0.00785499 0.09891749 -0.14624550
v -0.00849540 0.09886505 -0.14598380
v -0.00849506 0.09886458 -0.14598359
v -0.00785442 0.09891552 -0.14624450
v -0.00785114 0.09891150 -0.14623730
v -0.00848570 0.09886111 -0.14597690
v -0.00848627 0.09886100 -0.14597730
v -0.00848971 0.09886104 -0.14597960
v -0.00848902 0.09886093 -0.14597920
v -0.00785202 0.09891178 -0.14623940
v -0.00848758 0.09886097 -0.14597820
v -0.00848746 0.09886097 -0.14597810
v -0.00849245 0.09886207 -0.14598160
v -0.00849214 0.09886190 -0.14598140
v -0.00785370 0.09891385 -0.14624310
v -0.00849200 0.09886182 -0.14598130
v -0.00785289 0.09891257 -0.14624140
v -0.00849182 0.09886177 -0.14598110
v -0.00849449 0.09886374 -0.14598310
v -0.00849415 0.09886339 -0.14598280
v -0.00849362 0.09886297 -0.14598240
v -0.00849591 0.09886597 -0.14598420
v -0.00849560 0.09886535 -0.14598400
v -0.00785539 0.09891971 -0.14624610
v -0.00849648 0.09886779 -0.14598480
v -0.00849662 0.09886870 -0.14598490
v -0.00721156 0.09897045 -0.14650820
v -0.00721170 0.09897134 -0.14650830
v -0.00721156 0.09897045 -0.14650820
v -0.00721138 0.09896986 -0.14650800
v -0.00721116 0.09896917 -0.14650780
v -0.00721049 0.09896772 -0.14650720
v -0.00721068 0.09896801 -0.14650740
v -0.00721099 0.09896863 -0.14650760
v -0.00721015 0.09896724 -0.14650700
v -0.00720723 0.09896457 -0.14650480
v -0.00720753 0.09896473 -0.14650500
v -0.00720923 0.09896605 -0.14650620
v -0.00720957 0.09896640 -0.14650650
v -0.00720690 0.09896442 -0.14650450
v -0.00720708 0.09896448 -0.14650470
v -0.00720267 0.09896364 -0.14650160
v -0.00720409 0.09896360 -0.14650260
v -0.00720477 0.09896370 -0.14650300
v -0.00720254 0.09896364 -0.14650150
v -0.00720134 0.09896367 -0.14650070
v -0.00720078 0.09896377 -0.14650030
v -0.01425721 0.10023101 -0.13399450
v -0.01425777 0.10023050 -0.13399379
v -0.01073486 0.10071691 -0.13408730
v -0.01073549 0.10072081 -0.13409070
v -0.01073585 0.10072320 -0.13409150
v -0.01425564 0.10023720 -0.13399810
v -0.00721324 0.10120990 -0.13418499
v -0.00721298 0.10120891 -0.13418470
v -0.00721282 0.10120820 -0.13418450
v -0.00721251 0.10120750 -0.13418419
v -0.00721249 0.10120740 -0.13418419
v -0.00720931 0.10120401 -0.13418100
v -0.01073515 0.10071860 -0.13408920
v -0.00720952 0.10120411 -0.13418110
v -0.00721067 0.10120511 -0.13418229
v -0.00721120 0.10120550 -0.13418290
v -0.00721152 0.10120591 -0.13418319
v -0.00720616 0.10120301 -0.13417780
v -0.00720670 0.10120311 -0.13417830
v -0.01073464 0.10071570 -0.13408500
v -0.00720702 0.10120321 -0.13417870
v -0.00720883 0.10120370 -0.13418049
v -0.00720240 0.10120331 -0.13417410
v -0.01073450 0.10071521 -0.13408249
v -0.00720437 0.10120301 -0.13417610
v -0.00720455 0.10120301 -0.13417620
v -0.00720513 0.10120291 -0.13417680
v -0.01426182 0.10022821 -0.13398880
v -0.01426203 0.10022821 -0.13398860
v -0.01426252 0.10022800 -0.13398800
v -0.01426383 0.10022790 -0.13398660
v -0.01425894 0.10022941 -0.13399220
v -0.01425967 0.10022890 -0.13399130
v -0.01425825 0.10023011 -0.13399310
v -0.01425600 0.10023360 -0.13399659
v -0.01425612 0.10023311 -0.13399630
v -0.01425647 0.10023240 -0.13399569
v -0.01425699 0.10023140 -0.13399490
v -0.01425567 0.10023571 -0.13399770
v -0.01425579 0.10023471 -0.13399720
v -0.01425587 0.10023401 -0.13399690
v -0.00849607 0.09886651 -0.14598440
v -0.00849629 0.09886719 -0.14598459
v -0.00849663 0.09914186 -0.14450730
v -0.00849667 0.09886953 -0.14598510
v -0.00849697 0.09914422 -0.14450770
v -0.00849662 0.09886870 -0.14598490
v -0.00849648 0.09886779 -0.14598480
v -0.00849506 0.09886458 -0.14598359
v -0.00849540 0.09886505 -0.14598380
v -0.00849572 0.09913965 -0.14450689
v -0.00849560 0.09886535 -0.14598400
v -0.00849591 0.09886597 -0.14598420
v -0.00849449 0.09886374 -0.14598310
v -0.00849430 0.09913771 -0.14450650
v -0.00849415 0.09886339 -0.14598280
v -0.00849200 0.09886182 -0.14598130
v -0.00849214 0.09886190 -0.14598140
v -0.00849245 0.09913617 -0.14450620
v -0.00849245 0.09886207 -0.14598160
v -0.00849362 0.09886297 -0.14598240
v -0.00848758 0.09886097 -0.14597820
v -0.00848902 0.09886093 -0.14597920
v -0.00849027 0.09913511 -0.14450599
v -0.00848971 0.09886104 -0.14597960
v -0.00849182 0.09886177 -0.14598110
v -0.00848790 0.09913459 -0.14450590
v -0.00848570 0.09886111 -0.14597690
v -0.00848627 0.09886100 -0.14597730
v -0.00848746 0.09886097 -0.14597810
v -0.00848631 0.09940689 -0.14303450
v -0.00848804 0.09940716 -0.14303330
v -0.00848819 0.09940719 -0.14303320
v -0.00848909 0.09940735 -0.14303260
v -0.00849273 0.09940921 -0.14303060
v -0.00849237 0.09940896 -0.14303080
v -0.00849236 0.09940895 -0.14303080
v -0.00849003 0.09940767 -0.14303209
v -0.00849284 0.09940928 -0.14303060
v -0.00849459 0.09941095 -0.14302990
v -0.00849493 0.09941137 -0.14302970
v -0.00849558 0.09941240 -0.14302960
v -0.00849660 0.09941446 -0.14302950
v -0.00849641 0.09941386 -0.14302940
v -0.00849609 0.09941320 -0.14302950
v -0.00849599 0.09941304 -0.14302950
v -0.00849724 0.09941768 -0.14302990
v -0.00849717 0.09941665 -0.14302970
v -0.00849701 0.09941575 -0.14302950
v -0.00849687 0.09941530 -0.14302950
v -0.00721120 0.10120550 -0.13418290
v -0.00721067 0.10120511 -0.13418229
v -0.00721064 0.10104621 -0.13507070
v -0.00721295 0.10105031 -0.13507140
v -0.00721328 0.10105270 -0.13507180
v -0.00721335 0.10121120 -0.13418530
v -0.00721283 0.10089141 -0.13595790
v -0.00721307 0.10089231 -0.13595800
v -0.00721320 0.10089380 -0.13595820
v -0.00721229 0.10088981 -0.13595790
v -0.00721233 0.10088981 -0.13595790
v -0.00721264 0.10089061 -0.13595790
v -0.00721193 0.10088910 -0.13595810
v -0.00721205 0.10104811 -0.13507100
v -0.00721130 0.10088801 -0.13595839
v -0.00720912 0.10088550 -0.13595980
v -0.00720925 0.10088560 -0.13595970
v -0.00721053 0.10088701 -0.13595890
v -0.00721097 0.10088750 -0.13595860
v -0.00720665 0.10104361 -0.13507020
v -0.00720683 0.10088401 -0.13596170
v -0.00720881 0.10104461 -0.13507039
v -0.00720856 0.10088501 -0.13596019
v -0.00720481 0.10088301 -0.13596340
v -0.00720585 0.10088340 -0.13596250
v -0.00720654 0.10088380 -0.13596190
v -0.00720430 0.10104300 -0.13507010
v -0.00720224 0.10088250 -0.13596589
v -0.00720421 0.10088290 -0.13596399
v -0.00720437 0.10088290 -0.13596380
v -0.00720670 0.10120311 -0.13417830
v -0.00720616 0.10120301 -0.13417780
v -0.00720513 0.10120291 -0.13417680
v -0.00720455 0.10120301 -0.13417620
v -0.00720437 0.10120301 -0.13417610
v -0.00720240 0.10120331 -0.13417410
v -0.00720952 0.10120411 -0.13418110
v -0.00720931 0.10120401 -0.13418100
v -0.00720883 0.10120370 -0.13418049
v -0.00720702 0.10120321 -0.13417870
v -0.00721324 0.10120990 -0.13418499
v -0.00721298 0.10120891 -0.13418470
v -0.00721282 0.10120820 -0.13418450
v -0.00721251 0.10120750 -0.13418419
v -0.00721249 0.10120740 -0.13418419
v -0.00721152 0.10120591 -0.13418319
v -0.00720977 0.09969069 -0.14256250
v -0.00720932 0.09969027 -0.14256270
v -0.00785437 0.09954999 -0.14279730
v -0.00720336 0.09968693 -0.14256590
v -0.00720322 0.09968692 -0.14256600
v -0.00785179 0.09954580 -0.14280190
v -0.00849641 0.09941386 -0.14302940
v -0.00849660 0.09941446 -0.14302950
v -0.00785566 0.09955423 -0.14279630
v -0.00849687 0.09941530 -0.14302950
v -0.00785606 0.09955645 -0.14279650
v -0.00849701 0.09941575 -0.14302950
v -0.00849717 0.09941665 -0.14302970
v -0.00849609 0.09941320 -0.14302950
v -0.00849493 0.09941137 -0.14302970
v -0.00785508 0.09955202 -0.14279660
v -0.00849558 0.09941240 -0.14302960
v -0.00849599 0.09941304 -0.14302950
v -0.00849237 0.09940896 -0.14303080
v -0.00849273 0.09940921 -0.14303060
v -0.00849284 0.09940928 -0.14303060
v -0.00849459 0.09941095 -0.14302990
v -0.00848909 0.09940735 -0.14303260
v -0.00849003 0.09940767 -0.14303209
v -0.00785268 0.09954680 -0.14280010
v -0.00849236 0.09940895 -0.14303080
v -0.00848631 0.09940689 -0.14303450
v -0.00848804 0.09940716 -0.14303330
v -0.00848819 0.09940719 -0.14303320
v -0.00720148 0.09968663 -0.14256710
v -0.00849237 0.09940896 -0.14303080
v -0.00785356 0.09954821 -0.14279850
v -0.00720522 0.09968743 -0.14256479
v -0.00720426 0.09968709 -0.14256530
v -0.00720790 0.09968895 -0.14256330
v -0.00720756 0.09968869 -0.14256350
v -0.00720754 0.09968869 -0.14256350
v -0.00720803 0.09968905 -0.14256330
v -0.00721127 0.09969294 -0.14256210
v -0.00721116 0.09969276 -0.14256220
v -0.00721076 0.09969214 -0.14256230
v -0.00721012 0.09969114 -0.14256240
v -0.00721234 0.09969642 -0.14256240
v -0.00721219 0.09969551 -0.14256220
v -0.00721204 0.09969504 -0.14256220
v -0.00721178 0.09969421 -0.14256210
v -0.00721158 0.09969362 -0.14256210
v -0.00720224 0.10088250 -0.13596589
v -0.00893979 0.10064881 -0.13592009
v -0.00894005 0.10065020 -0.13592019
v -0.00807790 0.10077111 -0.13593900
v -0.00893963 0.10064801 -0.13592009
v -0.00893955 0.10064770 -0.13592009
v -0.00807755 0.10076851 -0.13593900
v -0.00893939 0.10064711 -0.13592019
v -0.00807721 0.10076600 -0.13593960
v -0.00893853 0.10064441 -0.13592109
v -0.00893843 0.10064421 -0.13592120
v -0.00807692 0.10076381 -0.13594080
v -0.00893872 0.10064490 -0.13592080
v -0.00893882 0.10064521 -0.13592070
v -0.00893724 0.10064180 -0.13592310
v -0.00893756 0.10064231 -0.13592260
v -0.00893793 0.10064310 -0.13592199
v -0.00893582 0.10064010 -0.13592610
v -0.00893591 0.10064010 -0.13592590
v -0.00807655 0.10076060 -0.13594470
v -0.00893625 0.10064041 -0.13592510
v -0.00807670 0.10076191 -0.13594249
v -0.00893676 0.10064110 -0.13592410
v -0.00893694 0.10064141 -0.13592370
v -0.00807655 0.10076060 -0.13594470
v -0.00893517 0.10063951 -0.13592759
v -0.00720585 0.10088340 -0.13596250
v -0.00720481 0.10088301 -0.13596340
v -0.00720437 0.10088290 -0.13596380
v -0.00720421 0.10088290 -0.13596399
v -0.00720925 0.10088560 -0.13595970
v -0.00720912 0.10088550 -0.13595980
v -0.00720856 0.10088501 -0.13596019
v -0.00720683 0.10088401 -0.13596170
v -0.00720654 0.10088380 -0.13596190
v -0.00721193 0.10088910 -0.13595810
v -0.00721130 0.10088801 -0.13595839
v -0.00721097 0.10088750 -0.13595860
v -0.00721053 0.10088701 -0.13595890
v -0.00721283 0.10089141 -0.13595790
v -0.00721264 0.10089061 -0.13595790
v -0.00721233 0.10088981 -0.13595790
v -0.00721229 0.10088981 -0.13595790
v -0.00721307 0.10089231 -0.13595800
v -0.00721072 0.10040381 -0.13864390
v -0.00721028 0.10040330 -0.13864370
v -0.00721002 0.10002391 -0.14073540
v -0.00720211 0.10040091 -0.13863910
v -0.00721204 0.09969504 -0.14256220
v -0.00721219 0.09969551 -0.14256220
v -0.00721267 0.10003041 -0.14073660
v -0.00721234 0.09969642 -0.14256240
v -0.00721241 0.09969741 -0.14256260
v -0.00721116 0.09969276 -0.14256220
v -0.00721127 0.09969294 -0.14256210
v -0.00721233 0.10002800 -0.14073610
v -0.00721158 0.09969362 -0.14256210
v -0.00721178 0.09969421 -0.14256210
v -0.00720977 0.09969069 -0.14256250
v -0.00721012 0.09969114 -0.14256240
v -0.00721143 0.10002581 -0.14073570
v -0.00721076 0.09969214 -0.14256230
v -0.00720932 0.09969027 -0.14256270
v -0.00720754 0.09968869 -0.14256350
v -0.00720756 0.09968869 -0.14256350
v -0.00720817 0.10002231 -0.14073510
v -0.00720790 0.09968895 -0.14256330
v -0.00720803 0.09968905 -0.14256330
v -0.00720364 0.10002080 -0.14073480
v -0.00720148 0.09968663 -0.14256710
v -0.00720322 0.09968692 -0.14256600
v -0.00720336 0.09968693 -0.14256590
v -0.00720601 0.10002131 -0.14073490
v -0.00720426 0.09968709 -0.14256530
v -0.00720522 0.09968743 -0.14256479
v -0.00720383 0.10040081 -0.13864000
v -0.00720392 0.10040081 -0.13864000
v -0.00720823 0.10040181 -0.13864240
v -0.00720795 0.10040161 -0.13864219
v -0.00720566 0.10040091 -0.13864100
v -0.00720474 0.10040081 -0.13864040
v -0.00720844 0.10040191 -0.13864250
v -0.00720853 0.10040201 -0.13864260
v -0.00721144 0.10040481 -0.13864440
v -0.00721222 0.10040620 -0.13864499
v -0.00721188 0.10040551 -0.13864470
v -0.00721166 0.10040510 -0.13864460
v -0.00721241 0.10040680 -0.13864520
v -0.00721290 0.10040900 -0.13864560
v -0.00721278 0.10040810 -0.13864550
v -0.00721254 0.10040731 -0.13864530
v -0.00721293 0.10040960 -0.13864570
v -0.00993018 0.10034401 -0.13677770
v -0.00993020 0.10034401 -0.13677770
v -0.00943598 0.10049290 -0.13635180
v -0.00993277 0.10034511 -0.13677810
v -0.00993309 0.10034520 -0.13677810
v -0.00943727 0.10049460 -0.13635090
v -0.00894013 0.10065110 -0.13592030
v -0.00894005 0.10065020 -0.13592019
v -0.00943906 0.10049891 -0.13635030
v -0.00993690 0.10034980 -0.13677920
v -0.00993712 0.10035120 -0.13677950
v -0.00943946 0.10050110 -0.13635060
v -0.00993712 0.10035120 -0.13677950
v -0.00943832 0.10049660 -0.13635040
v -0.00993534 0.10034700 -0.13677860
v -0.00993573 0.10034751 -0.13677870
v -0.00993661 0.10034890 -0.13677900
v -0.00993662 0.10034900 -0.13677900
v -0.00993350 0.10034550 -0.13677820
v -0.00993521 0.10034691 -0.13677860
v -0.00992921 0.10034360 -0.13677760
v -0.00943451 0.10049151 -0.13635299
v -0.00992690 0.10034330 -0.13677739
v -0.00992798 0.10034340 -0.13677739
v -0.00943295 0.10049070 -0.13635450
v -0.00992013 0.10034321 -0.13677690
v -0.00992228 0.10034301 -0.13677700
v -0.00992325 0.10034301 -0.13677710
v -0.00992689 0.10034330 -0.13677739
v -0.00893517 0.10063951 -0.13592759
v -0.00893582 0.10064010 -0.13592610
v -0.00893591 0.10064010 -0.13592590
v -0.00893625 0.10064041 -0.13592510
v -0.00893676 0.10064110 -0.13592410
v -0.00893793 0.10064310 -0.13592199
v -0.00893756 0.10064231 -0.13592260
v -0.00893724 0.10064180 -0.13592310
v -0.00893694 0.10064141 -0.13592370
v -0.00893843 0.10064421 -0.13592120
v -0.00893939 0.10064711 -0.13592019
v -0.00893882 0.10064521 -0.13592070
v -0.00893872 0.10064490 -0.13592080
v -0.00893853 0.10064441 -0.13592109
v -0.00893979 0.10064881 -0.13592009
v -0.00893963 0.10064801 -0.13592009
v -0.00893955 0.10064770 -0.13592009
v -0.00857146 0.10037121 -0.13770570
v -0.00992324 0.10034301 -0.13677710
v -0.00857014 0.10037091 -0.13770379
v -0.00992228 0.10034301 -0.13677700
v -0.00992013 0.10034321 -0.13677690
v -0.00857270 0.10037201 -0.13770749
v -0.00993018 0.10034401 -0.13677770
v -0.00992921 0.10034360 -0.13677760
v -0.00992798 0.10034340 -0.13677739
v -0.00992690 0.10034330 -0.13677739
v -0.00992689 0.10034330 -0.13677739
v -0.00857382 0.10037330 -0.13770910
v -0.00993277 0.10034511 -0.13677810
v -0.00993020 0.10034401 -0.13677770
v -0.00993534 0.10034700 -0.13677860
v -0.00993521 0.10034691 -0.13677860
v -0.00857474 0.10037500 -0.13771040
v -0.00993350 0.10034550 -0.13677820
v -0.00993309 0.10034520 -0.13677810
v -0.00857541 0.10037710 -0.13771130
v -0.00993573 0.10034751 -0.13677870
v -0.00993690 0.10034980 -0.13677920
v -0.00993662 0.10034900 -0.13677900
v -0.00993661 0.10034890 -0.13677900
v -0.00857581 0.10037931 -0.13771180
v -0.00993712 0.10035120 -0.13677950
v -0.00721278 0.10040810 -0.13864550
v -0.00721290 0.10040900 -0.13864560
v -0.00721254 0.10040731 -0.13864530
v -0.00721241 0.10040680 -0.13864520
v -0.00721166 0.10040510 -0.13864460
v -0.00721188 0.10040551 -0.13864470
v -0.00721222 0.10040620 -0.13864499
v -0.00721144 0.10040481 -0.13864440
v -0.00720844 0.10040191 -0.13864250
v -0.00720853 0.10040201 -0.13864260
v -0.00721028 0.10040330 -0.13864370
v -0.00721072 0.10040381 -0.13864390
v -0.00720823 0.10040181 -0.13864240
v -0.00720795 0.10040161 -0.13864219
v -0.00720566 0.10040091 -0.13864100
v -0.00720474 0.10040081 -0.13864040
v -0.00720211 0.10040091 -0.13863910
v -0.00720383 0.10040081 -0.13864000
v -0.00720392 0.10040081 -0.13864000
v -0.00721332 0.10144751 -0.13285199
v -0.00721345 0.10144890 -0.13285220
v -0.00721350 0.10160650 -0.13196579
v -0.00721308 0.10144651 -0.13285190
v -0.00721218 0.10144420 -0.13285209
v -0.00721255 0.10144491 -0.13285199
v -0.00721317 0.10160411 -0.13196540
v -0.00721258 0.10144500 -0.13285190
v -0.00721289 0.10144581 -0.13285190
v -0.00721157 0.10144310 -0.13285240
v -0.00721227 0.10160190 -0.13196499
v -0.00720938 0.10144060 -0.13285380
v -0.00720953 0.10144070 -0.13285370
v -0.00721087 0.10160000 -0.13196470
v -0.00721077 0.10144211 -0.13285289
v -0.00721124 0.10144260 -0.13285260
v -0.00720883 0.10144011 -0.13285420
v -0.00720904 0.10159840 -0.13196440
v -0.00720709 0.10143911 -0.13285569
v -0.00720688 0.10159740 -0.13196420
v -0.00720679 0.10143891 -0.13285590
v -0.00720463 0.10143801 -0.13285790
v -0.00720509 0.10143811 -0.13285740
v -0.00720614 0.10143850 -0.13285650
v -0.00720453 0.10159691 -0.13196410
v -0.00720447 0.10143801 -0.13285800
v -0.00720251 0.10143760 -0.13285990
v -0.00720804 0.10175590 -0.13107350
v -0.00720532 0.10175541 -0.13107080
v -0.00720476 0.10175551 -0.13107029
v -0.00720458 0.10175551 -0.13107010
v -0.00720262 0.10175580 -0.13106820
v -0.00721080 0.10175750 -0.13107630
v -0.00720949 0.10175660 -0.13107490
v -0.00720908 0.10175631 -0.13107450
v -0.00720903 0.10175631 -0.13107450
v -0.00721269 0.10176001 -0.13107820
v -0.00721244 0.10175950 -0.13107790
v -0.00721231 0.10175931 -0.13107779
v -0.00721140 0.10175811 -0.13107689
v -0.00721271 0.10176001 -0.13107820
v -0.00721344 0.10176240 -0.13107900
v -0.00721325 0.10176150 -0.13107879
v -0.00721321 0.10176140 -0.13107879
v -0.00721355 0.10176371 -0.13107930
v -0.01426346 0.10079110 -0.13088270
v -0.00721325 0.10176150 -0.13107879
v -0.00721344 0.10176240 -0.13107900
v -0.01073574 0.10128110 -0.13098649
v -0.00721321 0.10176140 -0.13107879
v -0.00721244 0.10175950 -0.13107790
v -0.00721269 0.10176001 -0.13107820
v -0.01073538 0.10127871 -0.13098570
v -0.00721271 0.10176001 -0.13107820
v -0.00720949 0.10175660 -0.13107490
v -0.00721080 0.10175750 -0.13107630
v -0.01073505 0.10127650 -0.13098430
v -0.00721140 0.10175811 -0.13107689
v -0.00721231 0.10175931 -0.13107779
v -0.00720476 0.10175551 -0.13107029
v -0.00720532 0.10175541 -0.13107080
v -0.01073455 0.10127370 -0.13098010
v -0.00720804 0.10175590 -0.13107350
v -0.01073477 0.10127481 -0.13098240
v -0.00720903 0.10175631 -0.13107450
v -0.00720908 0.10175631 -0.13107450
v -0.01073441 0.10127311 -0.13097760
v -0.00720262 0.10175580 -0.13106820
v -0.00720458 0.10175551 -0.13107010
v -0.01425784 0.10079330 -0.13088929
v -0.01425927 0.10079220 -0.13088740
v -0.01426048 0.10079161 -0.13088600
v -0.01426144 0.10079150 -0.13088490
v -0.01073436 0.10127330 -0.13097500
v -0.01426166 0.10079140 -0.13088470
v -0.01425573 0.10079641 -0.13089239
v -0.01425588 0.10079600 -0.13089219
v -0.01425682 0.10079430 -0.13089059
v -0.01425734 0.10079371 -0.13088989
v -0.01425741 0.10079361 -0.13088980
v -0.01425528 0.10079901 -0.13089380
v -0.01425535 0.10079800 -0.13089329
v -0.01425538 0.10079790 -0.13089329
v -0.01425563 0.10079680 -0.13089270
v -0.01425525 0.10080040 -0.13089410
v -0.00720251 0.10143760 -0.13285990
v -0.01425549 0.10047230 -0.13269970
v -0.01425546 0.10047361 -0.13269990
v -0.01073579 0.10096030 -0.13277590
v -0.01425563 0.10047101 -0.13269980
v -0.01425594 0.10046940 -0.13270010
v -0.01425582 0.10046991 -0.13269999
v -0.01073543 0.10095771 -0.13277580
v -0.01425569 0.10047040 -0.13269990
v -0.01425633 0.10046840 -0.13270040
v -0.01073510 0.10095520 -0.13277640
v -0.01425681 0.10046721 -0.13270080
v -0.01425949 0.10046370 -0.13270330
v -0.01425875 0.10046451 -0.13270260
v -0.01073482 0.10095301 -0.13277760
v -0.01425807 0.10046541 -0.13270200
v -0.01425764 0.10046601 -0.13270160
v -0.01425702 0.10046680 -0.13270099
v -0.01073445 0.10094980 -0.13278160
v -0.01426366 0.10046110 -0.13270730
v -0.01426234 0.10046171 -0.13270600
v -0.01426186 0.10046200 -0.13270559
v -0.00720614 0.10143850 -0.13285650
v -0.00720509 0.10143811 -0.13285740
v -0.00720463 0.10143801 -0.13285790
v -0.00720447 0.10143801 -0.13285800
v -0.00720953 0.10144070 -0.13285370
v -0.00720938 0.10144060 -0.13285380
v -0.01073460 0.10095111 -0.13277940
v -0.01426167 0.10046220 -0.13270540
v -0.00720883 0.10144011 -0.13285420
v -0.00720709 0.10143911 -0.13285569
v -0.00720679 0.10143891 -0.13285590
v -0.00721218 0.10144420 -0.13285209
v -0.00721157 0.10144310 -0.13285240
v -0.00721124 0.10144260 -0.13285260
v -0.00721077 0.10144211 -0.13285289
v -0.00721308 0.10144651 -0.13285190
v -0.00721289 0.10144581 -0.13285190
v -0.00721258 0.10144500 -0.13285190
v -0.00721255 0.10144491 -0.13285199
v -0.00721332 0.10144751 -0.13285199
v -0.01425569 0.10047040 -0.13269990
v -0.01425582 0.10046991 -0.13269999
v -0.01425570 0.10063370 -0.13179650
v -0.01426186 0.10046200 -0.13270559
v -0.01426234 0.10046171 -0.13270600
v -0.01426366 0.10046110 -0.13270730
v -0.01425965 0.10062810 -0.13179540
v -0.01425949 0.10046370 -0.13270330
v -0.01426172 0.10062700 -0.13179519
v -0.01426167 0.10046220 -0.13270540
v -0.01425681 0.10046721 -0.13270080
v -0.01425702 0.10046680 -0.13270099
v -0.01425789 0.10062961 -0.13179570
v -0.01425764 0.10046601 -0.13270160
v -0.01425807 0.10046541 -0.13270200
v -0.01425875 0.10046451 -0.13270260
v -0.01425655 0.10063151 -0.13179609
v -0.01425594 0.10046940 -0.13270010
v -0.01425633 0.10046840 -0.13270040
v -0.01425538 0.10063601 -0.13179690
v -0.01425549 0.10047230 -0.13269970
v -0.01425563 0.10047101 -0.13269980
v -0.01425535 0.10079800 -0.13089329
v -0.01425528 0.10079901 -0.13089380
v -0.01425538 0.10079790 -0.13089329
v -0.01425563 0.10079680 -0.13089270
v -0.01425573 0.10079641 -0.13089239
v -0.01425784 0.10079330 -0.13088929
v -0.01425741 0.10079361 -0.13088980
v -0.01425734 0.10079371 -0.13088989
v -0.01425682 0.10079430 -0.13089059
v -0.01425588 0.10079600 -0.13089219
v -0.01425927 0.10079220 -0.13088740
v -0.01426346 0.10079110 -0.13088270
v -0.01426166 0.10079140 -0.13088470
v -0.01426144 0.10079150 -0.13088490
v -0.01426048 0.10079161 -0.13088600
v -0.01426501 0.10202581 -0.12396449
v -0.01426500 0.10202661 -0.12396449
v -0.01219544 0.10214650 -0.12493089
v -0.01426527 0.10202370 -0.12396449
v -0.01426522 0.10202411 -0.12396449
v -0.01219531 0.10214400 -0.12493089
v -0.01426534 0.10202340 -0.12396449
v -0.01426650 0.10202051 -0.12396499
v -0.01426623 0.10202111 -0.12396479
v -0.01219544 0.10214161 -0.12493150
v -0.01426601 0.10202160 -0.12396470
v -0.01426554 0.10202270 -0.12396449
v -0.01426897 0.10201751 -0.12396629
v -0.01426855 0.10201790 -0.12396609
v -0.01219582 0.10213940 -0.12493260
v -0.01426759 0.10201910 -0.12396550
v -0.01426732 0.10201941 -0.12396539
v -0.01426686 0.10201990 -0.12396510
v -0.01219644 0.10213761 -0.12493409
v -0.01219725 0.10213620 -0.12493600
v -0.01427125 0.10201600 -0.12396760
v -0.01219725 0.10213620 -0.12493600
v -0.01427310 0.10201520 -0.12396879
v -0.01427137 0.10201590 -0.12396769
v -0.01427133 0.10201590 -0.12396769
v -0.01014772 0.10225451 -0.12589540
v -0.01014255 0.10225560 -0.12589549
v -0.01014027 0.10225611 -0.12589560
v -0.01013223 0.10225921 -0.12589619
v -0.01013227 0.10225921 -0.12589619
v -0.01013722 0.10225731 -0.12589579
v -0.01012874 0.10226160 -0.12589660
v -0.01012876 0.10226160 -0.12589660
v -0.01013074 0.10226011 -0.12589630
v -0.01012777 0.10226240 -0.12589670
v -0.01012719 0.10226301 -0.12589680
v -0.01012552 0.10226610 -0.12589740
v -0.01012586 0.10226500 -0.12589720
v -0.01012586 0.10226541 -0.12589720
v -0.01012545 0.10226671 -0.12589750
v -0.01012612 0.10226451 -0.12589709
v -0.01012635 0.10226420 -0.12589709
v -0.01012636 0.10226420 -0.12589709
v -0.01426601 0.10202160 -0.12396470
v -0.01426623 0.10202111 -0.12396479
v -0.01426617 0.10219330 -0.12298330
v -0.01426530 0.10236751 -0.12200259
v -0.01426518 0.10236790 -0.12200290
v -0.01426499 0.10219771 -0.12298410
v -0.01426511 0.10236850 -0.12200309
v -0.01426497 0.10236970 -0.12200369
v -0.01426651 0.10236500 -0.12200059
v -0.01426629 0.10236531 -0.12200090
v -0.01426580 0.10236631 -0.12200169
v -0.01426531 0.10219540 -0.12298370
v -0.01426543 0.10236711 -0.12200239
v -0.01426712 0.10236441 -0.12199980
v -0.01426751 0.10219140 -0.12298289
v -0.01426756 0.10236400 -0.12199920
v -0.01427136 0.10236210 -0.12199460
v -0.01427116 0.10236210 -0.12199479
v -0.01426927 0.10218980 -0.12298269
v -0.01426896 0.10236281 -0.12199740
v -0.01426751 0.10219140 -0.12298289
v -0.01426823 0.10236330 -0.12199820
v -0.01427181 0.10236191 -0.12199409
v -0.01427135 0.10218870 -0.12298250
v -0.01427317 0.10236181 -0.12199270
v -0.01427125 0.10201600 -0.12396760
v -0.01427133 0.10201590 -0.12396769
v -0.01427137 0.10201590 -0.12396769
v -0.01427310 0.10201520 -0.12396879
v -0.01426897 0.10201751 -0.12396629
v -0.01426650 0.10202051 -0.12396499
v -0.01426686 0.10201990 -0.12396510
v -0.01426732 0.10201941 -0.12396539
v -0.01426759 0.10201910 -0.12396550
v -0.01426855 0.10201790 -0.12396609
v -0.01426522 0.10202411 -0.12396449
v -0.01426527 0.10202370 -0.12396449
v -0.01426534 0.10202340 -0.12396449
v -0.01426554 0.10202270 -0.12396449
v -0.01426501 0.10202581 -0.12396449
v -0.01012636 0.10226420 -0.12589709
v -0.01012635 0.10226420 -0.12589709
v -0.01219649 0.10182171 -0.12676570
v -0.01012612 0.10226451 -0.12589709
v -0.01012586 0.10226500 -0.12589720
v -0.01219662 0.10182400 -0.12676649
v -0.01012552 0.10226610 -0.12589740
v -0.01012545 0.10226671 -0.12589750
v -0.01012545 0.10226671 -0.12589750
v -0.01012874 0.10226160 -0.12589660
v -0.01012777 0.10226240 -0.12589670
v -0.01012719 0.10226301 -0.12589680
v -0.01013223 0.10225921 -0.12589619
v -0.01013074 0.10226011 -0.12589630
v -0.01219661 0.10181961 -0.12676429
v -0.01012876 0.10226160 -0.12589660
v -0.01219761 0.10181671 -0.12676040
v -0.01013722 0.10225731 -0.12589579
v -0.01219700 0.10181791 -0.12676249
v -0.01013227 0.10225921 -0.12589619
v -0.01014772 0.10225451 -0.12589540
v -0.01219843 0.10181601 -0.12675819
v -0.01014254 0.10225560 -0.12589549
v -0.01014027 0.10225611 -0.12589560
v -0.01427138 0.10137191 -0.12762770
v -0.01427151 0.10137191 -0.12762759
v -0.01427209 0.10137170 -0.12762719
v -0.01427321 0.10137150 -0.12762640
v -0.01426768 0.10137401 -0.12763070
v -0.01426909 0.10137281 -0.12762950
v -0.01426965 0.10137250 -0.12762899
v -0.01426698 0.10137471 -0.12763139
v -0.01426731 0.10137430 -0.12763110
v -0.01426738 0.10137420 -0.12763099
v -0.01426636 0.10137571 -0.12763209
v -0.01426565 0.10137710 -0.12763290
v -0.01426589 0.10137651 -0.12763260
v -0.01426609 0.10137620 -0.12763240
v -0.01426549 0.10137771 -0.12763319
v -0.01426513 0.10137990 -0.12763400
v -0.01426520 0.10137900 -0.12763369
v -0.01426534 0.10137841 -0.12763350
v -0.01426511 0.10138080 -0.12763420
v -0.01426651 0.10236500 -0.12200059
v -0.01426712 0.10236441 -0.12199980
v -0.01073973 0.10284070 -0.12209140
v -0.01074033 0.10284460 -0.12209469
v -0.01074068 0.10284701 -0.12209550
v -0.01426495 0.10237101 -0.12200399
v -0.00721364 0.10332341 -0.12218710
v -0.00721339 0.10332241 -0.12218679
v -0.00721323 0.10332171 -0.12218660
v -0.00721292 0.10332100 -0.12218629
v -0.00721289 0.10332090 -0.12218620
v -0.00720973 0.10331750 -0.12218300
v -0.01074001 0.10284240 -0.12209330
v -0.00720991 0.10331760 -0.12218319
v -0.00721109 0.10331861 -0.12218440
v -0.00721160 0.10331901 -0.12218490
v -0.00721193 0.10331940 -0.12218519
v -0.00720654 0.10331640 -0.12217979
v -0.00720713 0.10331660 -0.12218040
v -0.01073951 0.10283951 -0.12208909
v -0.00720744 0.10331671 -0.12218069
v -0.00720922 0.10331720 -0.12218249
v -0.00720285 0.10331671 -0.12217619
v -0.01073937 0.10283900 -0.12208659
v -0.00720480 0.10331640 -0.12217810
v -0.00720498 0.10331640 -0.12217830
v -0.00720551 0.10331640 -0.12217880
v -0.01427116 0.10236210 -0.12199479
v -0.01427136 0.10236210 -0.12199460
v -0.01427181 0.10236191 -0.12199409
v -0.01427317 0.10236181 -0.12199270
v -0.01426823 0.10236330 -0.12199820
v -0.01426896 0.10236281 -0.12199740
v -0.01426756 0.10236400 -0.12199920
v -0.01426530 0.10236751 -0.12200259
v -0.01426543 0.10236711 -0.12200239
v -0.01426580 0.10236631 -0.12200169
v -0.01426629 0.10236531 -0.12200090
v -0.01426497 0.10236970 -0.12200369
v -0.01426511 0.10236850 -0.12200309
v -0.01426518 0.10236790 -0.12200290
v -0.01426586 0.10102920 -0.12958490
v -0.01426648 0.10102781 -0.12958549
v -0.01426636 0.10120221 -0.12860850
v -0.01427144 0.10102250 -0.12959010
v -0.01427165 0.10102231 -0.12959030
v -0.01427154 0.10119761 -0.12860769
v -0.01426520 0.10137900 -0.12763369
v -0.01426513 0.10137990 -0.12763400
v -0.01426519 0.10120660 -0.12860930
v -0.01426534 0.10137841 -0.12763350
v -0.01426589 0.10137651 -0.12763260
v -0.01426551 0.10120430 -0.12860890
v -0.01426609 0.10137620 -0.12763240
v -0.01426565 0.10137710 -0.12763290
v -0.01426549 0.10137771 -0.12763319
v -0.01426731 0.10137430 -0.12763110
v -0.01426698 0.10137471 -0.12763139
v -0.01426636 0.10137571 -0.12763209
v -0.01426965 0.10137250 -0.12762899
v -0.01426909 0.10137281 -0.12762950
v -0.01426770 0.10120031 -0.12860820
v -0.01426768 0.10137401 -0.12763070
v -0.01426738 0.10137420 -0.12763099
v -0.01427138 0.10137191 -0.12762770
v -0.01426946 0.10119870 -0.12860789
v -0.01427151 0.10137191 -0.12762759
v -0.01427209 0.10137170 -0.12762719
v -0.01427321 0.10137150 -0.12762640
v -0.01427345 0.10102141 -0.12959199
v -0.01426925 0.10102401 -0.12958799
v -0.01427047 0.10102301 -0.12958920
v -0.01426735 0.10102620 -0.12958619
v -0.01426739 0.10102610 -0.12958630
v -0.01426782 0.10102571 -0.12958670
v -0.01426680 0.10102710 -0.12958569
v -0.01426526 0.10103261 -0.12958439
v -0.01426533 0.10103151 -0.12958450
v -0.01426538 0.10103131 -0.12958450
v -0.01426561 0.10103020 -0.12958470
v -0.01426571 0.10102971 -0.12958479
v -0.00721160 0.10331901 -0.12218490
v -0.00721109 0.10331861 -0.12218440
v -0.00721113 0.10317940 -0.12298010
v -0.00721342 0.10318361 -0.12298080
v -0.00721375 0.10318590 -0.12298120
v -0.00721376 0.10332470 -0.12218730
v -0.00721338 0.10304480 -0.12377490
v -0.00721363 0.10304580 -0.12377490
v -0.00721374 0.10304721 -0.12377510
v -0.00721287 0.10304320 -0.12377490
v -0.00721290 0.10304330 -0.12377490
v -0.00721321 0.10304410 -0.12377479
v -0.00721248 0.10304251 -0.12377499
v -0.00721253 0.10318140 -0.12298039
v -0.00721190 0.10304140 -0.12377530
v -0.00720971 0.10303891 -0.12377679
v -0.00720988 0.10303911 -0.12377659
v -0.00721108 0.10304040 -0.12377580
v -0.00721158 0.10304101 -0.12377549
v -0.00720715 0.10317681 -0.12297960
v -0.00720742 0.10303740 -0.12377859
v -0.00720930 0.10317791 -0.12297979
v -0.00720919 0.10303850 -0.12377710
v -0.00720547 0.10303640 -0.12378030
v -0.00720651 0.10303680 -0.12377940
v -0.00720711 0.10303721 -0.12377890
v -0.00720496 0.10303631 -0.12378080
v -0.00720480 0.10317630 -0.12297960
v -0.00720479 0.10303631 -0.12378100
v -0.00720283 0.10303590 -0.12378289
v -0.00720713 0.10331660 -0.12218040
v -0.00720654 0.10331640 -0.12217979
v -0.00720551 0.10331640 -0.12217880
v -0.00720498 0.10331640 -0.12217830
v -0.00720480 0.10331640 -0.12217810
v -0.00720285 0.10331671 -0.12217619
v -0.00720991 0.10331760 -0.12218319
v -0.00720973 0.10331750 -0.12218300
v -0.00720922 0.10331720 -0.12218249
v -0.00720744 0.10331671 -0.12218069
v -0.00721364 0.10332341 -0.12218710
v -0.00721339 0.10332241 -0.12218679
v -0.00721323 0.10332171 -0.12218660
v -0.00721292 0.10332100 -0.12218629
v -0.00721289 0.10332090 -0.12218620
v -0.00721193 0.10331940 -0.12218519
v -0.00720269 0.10199010 -0.12974339
v -0.01426538 0.10103131 -0.12958450
v -0.01426533 0.10103151 -0.12958450
v -0.01074075 0.10151671 -0.12966000
v -0.01426526 0.10103261 -0.12958439
v -0.01426524 0.10103390 -0.12958459
v -0.01074040 0.10151420 -0.12965989
v -0.01426561 0.10103020 -0.12958470
v -0.01426571 0.10102971 -0.12958479
v -0.01074040 0.10151420 -0.12965989
v -0.01426586 0.10102920 -0.12958490
v -0.01074007 0.10151171 -0.12966050
v -0.01426648 0.10102781 -0.12958549
v -0.01426782 0.10102571 -0.12958670
v -0.01426739 0.10102610 -0.12958630
v -0.01073979 0.10150940 -0.12966169
v -0.01426735 0.10102620 -0.12958619
v -0.01426680 0.10102710 -0.12958569
v -0.01073957 0.10150760 -0.12966350
v -0.01426925 0.10102401 -0.12958799
v -0.01427345 0.10102141 -0.12959199
v -0.01073943 0.10150621 -0.12966569
v -0.01427165 0.10102231 -0.12959030
v -0.01427144 0.10102250 -0.12959010
v -0.01427047 0.10102301 -0.12958920
v -0.00720465 0.10199051 -0.12974150
v -0.00720482 0.10199061 -0.12974139
v -0.00720914 0.10199280 -0.12973759
v -0.00720903 0.10199270 -0.12973770
v -0.00720803 0.10199200 -0.12973849
v -0.00720530 0.10199070 -0.12974090
v -0.00720953 0.10199321 -0.12973739
v -0.00721248 0.10199691 -0.12973550
v -0.00721237 0.10199670 -0.12973559
v -0.00721143 0.10199521 -0.12973610
v -0.00721082 0.10199440 -0.12973640
v -0.00721349 0.10200000 -0.12973550
v -0.00721330 0.10199910 -0.12973539
v -0.00721328 0.10199901 -0.12973539
v -0.00721276 0.10199750 -0.12973550
v -0.00721273 0.10199750 -0.12973550
v -0.00720283 0.10303590 -0.12378289
v -0.01163104 0.10243911 -0.12368179
v -0.01163264 0.10243960 -0.12368159
v -0.00942719 0.10273961 -0.12372839
v -0.01163807 0.10244140 -0.12368080
v -0.01163917 0.10244211 -0.12368069
v -0.00942786 0.10274460 -0.12372790
v -0.01163922 0.10244211 -0.12368069
v -0.01163942 0.10244230 -0.12368069
v -0.01163997 0.10244301 -0.12368080
v -0.01164010 0.10244320 -0.12368080
v -0.01164028 0.10244371 -0.12368089
v -0.01163736 0.10244101 -0.12368089
v -0.01163766 0.10244111 -0.12368089
v -0.00942751 0.10274211 -0.12372780
v -0.00942751 0.10274211 -0.12372780
v -0.01163521 0.10244040 -0.12368120
v -0.01161296 0.10243891 -0.12368550
v -0.01162012 0.10243891 -0.12368409
v -0.00942691 0.10273730 -0.12372960
v -0.01162373 0.10243891 -0.12368330
v -0.01162989 0.10243891 -0.12368200
v -0.01161054 0.10243891 -0.12368600
v -0.00942669 0.10273540 -0.12373140
v -0.01160218 0.10243880 -0.12368780
v -0.00942655 0.10273411 -0.12373359
v -0.01160097 0.10243880 -0.12368800
v -0.01159228 0.10243880 -0.12368980
v -0.00720651 0.10303680 -0.12377940
v -0.00720547 0.10303640 -0.12378030
v -0.00720496 0.10303631 -0.12378080
v -0.00720479 0.10303631 -0.12378100
v -0.00720988 0.10303911 -0.12377659
v -0.00720971 0.10303891 -0.12377679
v -0.00720919 0.10303850 -0.12377710
v -0.00720742 0.10303740 -0.12377859
v -0.00720711 0.10303721 -0.12377890
v -0.00721248 0.10304251 -0.12377499
v -0.00721190 0.10304140 -0.12377530
v -0.00721158 0.10304101 -0.12377549
v -0.00721108 0.10304040 -0.12377580
v -0.00721338 0.10304480 -0.12377490
v -0.00721321 0.10304410 -0.12377479
v -0.00721290 0.10304330 -0.12377490
v -0.00721287 0.10304320 -0.12377490
v -0.00721363 0.10304580 -0.12377490
v -0.00721328 0.10199901 -0.12973539
v -0.00721330 0.10199910 -0.12973539
v -0.00721364 0.10213971 -0.12895179
v -0.00721349 0.10200000 -0.12973550
v -0.00721361 0.10200141 -0.12973570
v -0.00721237 0.10199670 -0.12973559
v -0.00721248 0.10199691 -0.12973550
v -0.00721331 0.10213740 -0.12895140
v -0.00721273 0.10199750 -0.12973550
v -0.00721276 0.10199750 -0.12973550
v -0.00721102 0.10213321 -0.12895070
v -0.00721082 0.10199440 -0.12973640
v -0.00721242 0.10213521 -0.12895100
v -0.00721143 0.10199521 -0.12973610
v -0.00720919 0.10213170 -0.12895039
v -0.00720914 0.10199280 -0.12973759
v -0.00720953 0.10199321 -0.12973739
v -0.00720703 0.10213060 -0.12895019
v -0.00720803 0.10199200 -0.12973849
v -0.00720919 0.10213170 -0.12895039
v -0.00720903 0.10199270 -0.12973770
v -0.00720465 0.10199051 -0.12974150
v -0.00720482 0.10199061 -0.12974139
v -0.00720530 0.10199070 -0.12974090
v -0.00720468 0.10213010 -0.12895010
v -0.00720269 0.10199010 -0.12974339
v -0.00720815 0.10226990 -0.12816200
v -0.00720543 0.10226951 -0.12815939
v -0.00720488 0.10226951 -0.12815880
v -0.00720471 0.10226951 -0.12815870
v -0.00720275 0.10226980 -0.12815680
v -0.00721091 0.10227150 -0.12816479
v -0.00720961 0.10227060 -0.12816350
v -0.00720921 0.10227031 -0.12816310
v -0.00720914 0.10227031 -0.12816299
v -0.00721280 0.10227401 -0.12816679
v -0.00721255 0.10227350 -0.12816650
v -0.00721243 0.10227340 -0.12816639
v -0.00721151 0.10227211 -0.12816540
v -0.00721283 0.10227411 -0.12816679
v -0.00721356 0.10227650 -0.12816760
v -0.00721337 0.10227560 -0.12816740
v -0.00721333 0.10227540 -0.12816729
v -0.00721367 0.10227781 -0.12816780
v -0.00977196 0.10254860 -0.12451700
v -0.01164037 0.10244420 -0.12368089
v -0.01164028 0.10244371 -0.12368089
v -0.00977637 0.10255690 -0.12452560
v -0.01164010 0.10244320 -0.12368080
v -0.01163997 0.10244301 -0.12368080
v -0.00791058 0.10266830 -0.12537069
v -0.00791090 0.10266990 -0.12537100
v -0.00790967 0.10266620 -0.12536990
v -0.00791019 0.10266710 -0.12537030
v -0.00977599 0.10255471 -0.12452510
v -0.00791040 0.10266771 -0.12537050
v -0.00791050 0.10266790 -0.12537060
v -0.00790939 0.10266571 -0.12536970
v -0.00977542 0.10255270 -0.12452409
v -0.00790917 0.10266540 -0.12536950
v -0.00790667 0.10266311 -0.12536770
v -0.00790709 0.10266340 -0.12536799
v -0.00977469 0.10255101 -0.12452270
v -0.00790795 0.10266411 -0.12536860
v -0.00790874 0.10266481 -0.12536920
v -0.00790387 0.10266211 -0.12536580
v -0.00790440 0.10266221 -0.12536610
v -0.00977384 0.10254970 -0.12452099
v -0.00790617 0.10266291 -0.12536729
v -0.00790648 0.10266301 -0.12536760
v -0.00790198 0.10266201 -0.12536450
v -0.00977291 0.10254890 -0.12451899
v -0.00790186 0.10266201 -0.12536450
v -0.00790013 0.10266211 -0.12536329
v -0.00790113 0.10266191 -0.12536400
v -0.01160218 0.10243880 -0.12368780
v -0.01160097 0.10243880 -0.12368800
v -0.01159228 0.10243880 -0.12368980
v -0.01161054 0.10243891 -0.12368600
v -0.01161296 0.10243891 -0.12368550
v -0.01163104 0.10243911 -0.12368179
v -0.01162989 0.10243891 -0.12368200
v -0.01162373 0.10243891 -0.12368330
v -0.01162012 0.10243891 -0.12368409
v -0.01163942 0.10244230 -0.12368069
v -0.01163922 0.10244211 -0.12368069
v -0.01163917 0.10244211 -0.12368069
v -0.01163807 0.10244140 -0.12368080
v -0.01163766 0.10244111 -0.12368089
v -0.01163736 0.10244101 -0.12368089
v -0.01163521 0.10244040 -0.12368120
v -0.01163264 0.10243960 -0.12368159
v -0.01160178 0.10167460 -0.12803419
v -0.01159763 0.10167490 -0.12803340
v -0.01159263 0.10167560 -0.12803239
v -0.01162027 0.10167380 -0.12803779
v -0.01161345 0.10167411 -0.12803650
v -0.00942670 0.10196930 -0.12809860
v -0.01161102 0.10167421 -0.12803599
v -0.00942656 0.10196870 -0.12809599
v -0.01160299 0.10167460 -0.12803439
v -0.00942721 0.10197210 -0.12810280
v -0.01163074 0.10167321 -0.12803990
v -0.00942693 0.10197040 -0.12810090
v -0.00942754 0.10197430 -0.12810420
v -0.01163824 0.10167511 -0.12804170
v -0.01163766 0.10167480 -0.12804159
v -0.01163659 0.10167441 -0.12804130
v -0.01163549 0.10167421 -0.12804100
v -0.01163288 0.10167370 -0.12804040
v -0.01164012 0.10167650 -0.12804229
v -0.01163997 0.10167630 -0.12804229
v -0.01163984 0.10167650 -0.12804229
v -0.01164035 0.10167701 -0.12804240
v -0.01163941 0.10167580 -0.12804210
v -0.01163927 0.10167570 -0.12804200
v -0.01163915 0.10167560 -0.12804200
v -0.00942789 0.10197670 -0.12810499
v -0.01164041 0.10167730 -0.12804249
v -0.00721280 0.10227401 -0.12816679
v -0.00721283 0.10227411 -0.12816679
v -0.00721333 0.10227540 -0.12816729
v -0.00721337 0.10227560 -0.12816740
v -0.00721356 0.10227650 -0.12816760
v -0.00721151 0.10227211 -0.12816540
v -0.00721243 0.10227340 -0.12816639
v -0.00721255 0.10227350 -0.12816650
v -0.00720815 0.10226990 -0.12816200
v -0.00720914 0.10227031 -0.12816299
v -0.00720921 0.10227031 -0.12816310
v -0.00720961 0.10227060 -0.12816350
v -0.00721091 0.10227150 -0.12816479
v -0.00720275 0.10226980 -0.12815680
v -0.00720471 0.10226951 -0.12815870
v -0.00720488 0.10226951 -0.12815880
v -0.00720543 0.10226951 -0.12815939
v -0.00790917 0.10266540 -0.12536950
v -0.00790874 0.10266481 -0.12536920
v -0.00790831 0.10256290 -0.12594909
v -0.00791060 0.10256701 -0.12594980
v -0.00791094 0.10256930 -0.12595019
v -0.00791094 0.10267070 -0.12537109
v -0.00791038 0.10246480 -0.12652879
v -0.00791048 0.10246511 -0.12652879
v -0.00791056 0.10246550 -0.12652890
v -0.00791088 0.10246711 -0.12652910
v -0.00791093 0.10246791 -0.12652929
v -0.00790971 0.10256480 -0.12594940
v -0.00790871 0.10246171 -0.12652910
v -0.00790914 0.10246231 -0.12652900
v -0.00790937 0.10246270 -0.12652900
v -0.00790965 0.10246331 -0.12652890
v -0.00791016 0.10246421 -0.12652879
v -0.00790826 0.10246120 -0.12652929
v -0.00790792 0.10246090 -0.12652940
v -0.00790436 0.10245820 -0.12653109
v -0.00790614 0.10245930 -0.12653019
v -0.00790648 0.10256131 -0.12594880
v -0.00790663 0.10245961 -0.12652990
v -0.00790706 0.10245990 -0.12652980
v -0.00790432 0.10245820 -0.12653109
v -0.00790433 0.10256021 -0.12594859
v -0.00790383 0.10245801 -0.12653140
v -0.00790198 0.10255970 -0.12594850
v -0.00790011 0.10245720 -0.12653370
v -0.00790109 0.10245720 -0.12653300
v -0.00790184 0.10245740 -0.12653259
v -0.00790196 0.10245750 -0.12653250
v -0.00790013 0.10266211 -0.12536329
v -0.00790113 0.10266191 -0.12536400
v -0.00790440 0.10266221 -0.12536610
v -0.00790387 0.10266211 -0.12536580
v -0.00790198 0.10266201 -0.12536450
v -0.00790186 0.10266201 -0.12536450
v -0.00790709 0.10266340 -0.12536799
v -0.00790667 0.10266311 -0.12536770
v -0.00790648 0.10266301 -0.12536760
v -0.00790617 0.10266291 -0.12536729
v -0.00790795 0.10266411 -0.12536860
v -0.00791040 0.10266771 -0.12537050
v -0.00791019 0.10266710 -0.12537030
v -0.00790967 0.10266620 -0.12536990
v -0.00790939 0.10266571 -0.12536970
v -0.00791090 0.10266990 -0.12537100
v -0.00791058 0.10266830 -0.12537069
v -0.00791050 0.10266790 -0.12537060
v -0.00790965 0.10246331 -0.12652890
v -0.00790937 0.10246270 -0.12652900
v -0.00977555 0.10206820 -0.12728630
v -0.00790663 0.10245961 -0.12652990
v -0.00790614 0.10245930 -0.12653019
v -0.00977396 0.10206440 -0.12728819
v -0.01163927 0.10167570 -0.12804200
v -0.01163941 0.10167580 -0.12804210
v -0.00977650 0.10207271 -0.12728619
v -0.01163997 0.10167630 -0.12804229
v -0.01164012 0.10167650 -0.12804229
v -0.01164035 0.10167701 -0.12804240
v -0.01164041 0.10167730 -0.12804249
v -0.01164048 0.10167770 -0.12804260
v -0.01163549 0.10167421 -0.12804100
v -0.00977612 0.10207040 -0.12728599
v -0.01163659 0.10167441 -0.12804130
v -0.01163766 0.10167480 -0.12804159
v -0.01163824 0.10167511 -0.12804170
v -0.01163915 0.10167560 -0.12804200
v -0.01161102 0.10167421 -0.12803599
v -0.01161345 0.10167411 -0.12803650
v -0.01162027 0.10167380 -0.12803779
v -0.00977482 0.10206621 -0.12728700
v -0.01163074 0.10167321 -0.12803990
v -0.01163288 0.10167370 -0.12804040
v -0.01159263 0.10167560 -0.12803239
v -0.01159763 0.10167490 -0.12803340
v -0.00977209 0.10206200 -0.12729159
v -0.01160178 0.10167460 -0.12803419
v -0.00977304 0.10206301 -0.12728970
v -0.01160299 0.10167460 -0.12803439
v -0.00790184 0.10245740 -0.12653259
v -0.00790109 0.10245720 -0.12653300
v -0.00790011 0.10245720 -0.12653370
v -0.00790436 0.10245820 -0.12653109
v -0.00790432 0.10245820 -0.12653109
v -0.00790383 0.10245801 -0.12653140
v -0.00977209 0.10206200 -0.12729159
v -0.00790196 0.10245750 -0.12653250
v -0.00790914 0.10246231 -0.12652900
v -0.00790871 0.10246171 -0.12652910
v -0.00790826 0.10246120 -0.12652929
v -0.00790792 0.10246090 -0.12652940
v -0.00790706 0.10245990 -0.12652980
v -0.00791056 0.10246550 -0.12652890
v -0.00791048 0.10246511 -0.12652879
v -0.00791038 0.10246480 -0.12652879
v -0.00791016 0.10246421 -0.12652879
v -0.00791088 0.10246711 -0.12652910
v -0.00865020 0.10331421 -0.12106669
v -0.00865082 0.10331280 -0.12106730
v -0.00865075 0.10363871 -0.11920390
v -0.00865578 0.10330741 -0.12107200
v -0.00865600 0.10330730 -0.12107220
v -0.00865593 0.10363411 -0.11920309
v -0.00865108 0.10396331 -0.11734419
v -0.00865086 0.10396370 -0.11734399
v -0.00864969 0.10396750 -0.11734300
v -0.00864955 0.10396881 -0.11734289
v -0.00864957 0.10364310 -0.11920469
v -0.00864975 0.10396691 -0.11734300
v -0.00865000 0.10396590 -0.11734330
v -0.00864988 0.10396631 -0.11734320
v -0.00864989 0.10364081 -0.11920430
v -0.00865039 0.10396490 -0.11734359
v -0.00865354 0.10396020 -0.11734649
v -0.00865281 0.10396090 -0.11734579
v -0.00865209 0.10363681 -0.11920359
v -0.00865214 0.10396180 -0.11734520
v -0.00865170 0.10396241 -0.11734480
v -0.00865775 0.10395761 -0.11735060
v -0.00865639 0.10395820 -0.11734919
v -0.00865594 0.10395851 -0.11734880
v -0.00865385 0.10363521 -0.11920329
v -0.00865574 0.10395861 -0.11734860
v -0.00865779 0.10330640 -0.12107390
v -0.00865358 0.10330900 -0.12106990
v -0.00865482 0.10330790 -0.12107110
v -0.00865168 0.10331121 -0.12106810
v -0.00865172 0.10331110 -0.12106810
v -0.00865216 0.10331061 -0.12106849
v -0.00865113 0.10331211 -0.12106759
v -0.00864960 0.10331750 -0.12106630
v -0.00864967 0.10331650 -0.12106630
v -0.00864971 0.10331630 -0.12106630
v -0.00864995 0.10331511 -0.12106649
v -0.00865005 0.10331460 -0.12106660
v -0.00720286 0.10350400 -0.12110479
v -0.00864971 0.10331630 -0.12106630
v -0.00864967 0.10331650 -0.12106630
v -0.00793300 0.10341620 -0.12108160
v -0.00864960 0.10331750 -0.12106630
v -0.00864957 0.10331891 -0.12106640
v -0.00793265 0.10341370 -0.12108149
v -0.00864995 0.10331511 -0.12106649
v -0.00865005 0.10331460 -0.12106660
v -0.00865020 0.10331421 -0.12106669
v -0.00793232 0.10341121 -0.12108210
v -0.00865082 0.10331280 -0.12106730
v -0.00865216 0.10331061 -0.12106849
v -0.00865172 0.10331110 -0.12106810
v -0.00793204 0.10340890 -0.12108340
v -0.00865168 0.10331121 -0.12106810
v -0.00865113 0.10331211 -0.12106759
v -0.00793183 0.10340700 -0.12108510
v -0.00865358 0.10330900 -0.12106990
v -0.00865779 0.10330640 -0.12107390
v -0.00793169 0.10340571 -0.12108729
v -0.00865600 0.10330730 -0.12107220
v -0.00865578 0.10330741 -0.12107200
v -0.00865482 0.10330790 -0.12107110
v -0.00720482 0.10350441 -0.12110290
v -0.00720499 0.10350441 -0.12110280
v -0.00720931 0.10350660 -0.12109900
v -0.00720922 0.10350660 -0.12109910
v -0.00720823 0.10350580 -0.12109990
v -0.00720550 0.10350451 -0.12110229
v -0.00720971 0.10350701 -0.12109869
v -0.00721265 0.10351081 -0.12109689
v -0.00721253 0.10351060 -0.12109700
v -0.00721161 0.10350911 -0.12109739
v -0.00721100 0.10350831 -0.12109779
v -0.00721365 0.10351391 -0.12109689
v -0.00721346 0.10351301 -0.12109680
v -0.00721343 0.10351291 -0.12109680
v -0.00721293 0.10351140 -0.12109680
v -0.00721290 0.10351130 -0.12109680
v -0.01000414 0.10377591 -0.11732020
v -0.01000431 0.10377591 -0.11732010
v -0.00933133 0.10386700 -0.11733430
v -0.01001043 0.10378000 -0.11731509
v -0.01001093 0.10378051 -0.11731469
v -0.00933196 0.10387250 -0.11732910
v -0.00933263 0.10387761 -0.11732859
v -0.00864953 0.10397011 -0.11734300
v -0.00864955 0.10396881 -0.11734289
v -0.01001222 0.10378280 -0.11731410
v -0.01001225 0.10378290 -0.11731410
v -0.00933228 0.10387500 -0.11732850
v -0.01001256 0.10378370 -0.11731410
v -0.01001273 0.10378441 -0.11731410
v -0.01001297 0.10378541 -0.11731419
v -0.01001125 0.10378100 -0.11731450
v -0.00933168 0.10387031 -0.11733030
v -0.00933146 0.10386841 -0.11733210
v -0.01000677 0.10377701 -0.11731790
v -0.01000854 0.10377800 -0.11731640
v -0.01000906 0.10377851 -0.11731599
v -0.01000923 0.10377861 -0.11731590
v -0.01000482 0.10377601 -0.11731959
v -0.01000585 0.10377640 -0.11731860
v -0.01000646 0.10377681 -0.11731810
v -0.01000218 0.10377540 -0.11732209
v -0.00865574 0.10395861 -0.11734860
v -0.00865594 0.10395851 -0.11734880
v -0.00865775 0.10395761 -0.11735060
v -0.00865639 0.10395820 -0.11734919
v -0.00865214 0.10396180 -0.11734520
v -0.00865281 0.10396090 -0.11734579
v -0.00865354 0.10396020 -0.11734649
v -0.00865170 0.10396241 -0.11734480
v -0.00865108 0.10396331 -0.11734419
v -0.00865086 0.10396370 -0.11734399
v -0.00933228 0.10387500 -0.11732850
v -0.00864969 0.10396750 -0.11734300
v -0.00864975 0.10396691 -0.11734300
v -0.00864988 0.10396631 -0.11734320
v -0.00865000 0.10396590 -0.11734330
v -0.00865039 0.10396490 -0.11734359
v -0.00721343 0.10351291 -0.12109680
v -0.00721346 0.10351301 -0.12109680
v -0.00721380 0.10399560 -0.11834880
v -0.00721365 0.10351391 -0.12109689
v -0.00721377 0.10351520 -0.12109710
v -0.00721347 0.10399321 -0.11834840
v -0.00721293 0.10351140 -0.12109680
v -0.00721290 0.10351130 -0.12109680
v -0.00721258 0.10399100 -0.11834800
v -0.00721118 0.10398910 -0.11834770
v -0.00721100 0.10350831 -0.12109779
v -0.00721161 0.10350911 -0.12109739
v -0.00721253 0.10351060 -0.12109700
v -0.00721265 0.10351081 -0.12109689
v -0.00720935 0.10398761 -0.11834739
v -0.00720931 0.10350660 -0.12109900
v -0.00720971 0.10350701 -0.12109869
v -0.00720499 0.10350441 -0.12110280
v -0.00720550 0.10350451 -0.12110229
v -0.00720720 0.10398651 -0.11834720
v -0.00720823 0.10350580 -0.12109990
v -0.00720922 0.10350660 -0.12109910
v -0.00720485 0.10398601 -0.11834710
v -0.00720482 0.10350441 -0.12110290
v -0.00720286 0.10350400 -0.12110479
v -0.00720831 0.10446801 -0.11559469
v -0.00720558 0.10446760 -0.11559199
v -0.00720505 0.10446760 -0.11559150
v -0.00720488 0.10446770 -0.11559129
v -0.00720292 0.10446791 -0.11558940
v -0.00721107 0.10446960 -0.11559750
v -0.00720978 0.10446881 -0.11559620
v -0.00720937 0.10446850 -0.11559570
v -0.00720930 0.10446840 -0.11559570
v -0.00721296 0.10447210 -0.11559939
v -0.00721271 0.10447171 -0.11559910
v -0.00721259 0.10447150 -0.11559900
v -0.00721167 0.10447020 -0.11559810
v -0.00721371 0.10447461 -0.11560020
v -0.00721353 0.10447371 -0.11560000
v -0.00721349 0.10447361 -0.11560000
v -0.00721299 0.10447220 -0.11559939
v -0.00721383 0.10447590 -0.11560049
v -0.01001273 0.10378441 -0.11731410
v -0.01001274 0.10349871 -0.11894619
v -0.01001297 0.10378541 -0.11731419
v -0.01001307 0.10350110 -0.11894659
v -0.01001309 0.10378670 -0.11731440
v -0.01001220 0.10321161 -0.12057809
v -0.01001251 0.10321251 -0.12057800
v -0.01001268 0.10321310 -0.12057800
v -0.01001293 0.10321411 -0.12057809
v -0.01001304 0.10321550 -0.12057829
v -0.01001044 0.10349460 -0.11894540
v -0.01001038 0.10320871 -0.12057899
v -0.01001185 0.10349650 -0.11894580
v -0.01001088 0.10320930 -0.12057870
v -0.01001120 0.10320981 -0.12057850
v -0.01001178 0.10321081 -0.12057820
v -0.01001217 0.10321161 -0.12057809
v -0.01000862 0.10349311 -0.11894510
v -0.01000901 0.10320730 -0.12057989
v -0.01000918 0.10320740 -0.12057980
v -0.01000581 0.10320521 -0.12058259
v -0.01000641 0.10320550 -0.12058210
v -0.01000646 0.10349200 -0.11894500
v -0.01000673 0.10320571 -0.12058180
v -0.01000849 0.10320681 -0.12058030
v -0.01000409 0.10320460 -0.12058419
v -0.01000426 0.10320470 -0.12058400
v -0.01000477 0.10320481 -0.12058349
v -0.01000412 0.10349151 -0.11894490
v -0.01000213 0.10320421 -0.12058600
v -0.01000218 0.10377540 -0.11732209
v -0.01000414 0.10377591 -0.11732020
v -0.01000431 0.10377591 -0.11732010
v -0.01000482 0.10377601 -0.11731959
v -0.01000677 0.10377701 -0.11731790
v -0.01000646 0.10377681 -0.11731810
v -0.01000585 0.10377640 -0.11731860
v -0.01000854 0.10377800 -0.11731640
v -0.01000906 0.10377851 -0.11731599
v -0.01000923 0.10377861 -0.11731590
v -0.01001043 0.10378000 -0.11731509
v -0.01001093 0.10378051 -0.11731469
v -0.01001125 0.10378100 -0.11731450
v -0.01001256 0.10378370 -0.11731410
v -0.01001225 0.10378290 -0.11731410
v -0.01001222 0.10378280 -0.11731410
v -0.01426293 0.10351821 -0.11540680
v -0.00721353 0.10447371 -0.11560000
v -0.00721371 0.10447461 -0.11560020
v -0.01073559 0.10400081 -0.11550920
v -0.00721349 0.10447361 -0.11560000
v -0.00721271 0.10447171 -0.11559910
v -0.01073524 0.10399840 -0.11550840
v -0.00721259 0.10447150 -0.11559900
v -0.01073492 0.10399621 -0.11550700
v -0.00721296 0.10447210 -0.11559939
v -0.01073524 0.10399840 -0.11550840
v -0.00721299 0.10447220 -0.11559939
v -0.00720978 0.10446881 -0.11559620
v -0.00721107 0.10446960 -0.11559750
v -0.00721167 0.10447020 -0.11559810
v -0.00720505 0.10446760 -0.11559150
v -0.00720558 0.10446760 -0.11559199
v -0.01073442 0.10399341 -0.11550280
v -0.00720831 0.10446801 -0.11559469
v -0.01073464 0.10399450 -0.11550500
v -0.00720930 0.10446840 -0.11559570
v -0.00720937 0.10446850 -0.11559570
v -0.01073429 0.10399280 -0.11550019
v -0.00720292 0.10446791 -0.11558940
v -0.00720488 0.10446770 -0.11559129
v -0.01425730 0.10352041 -0.11541330
v -0.01425872 0.10351931 -0.11541150
v -0.01425996 0.10351870 -0.11541009
v -0.01426092 0.10351861 -0.11540899
v -0.01073423 0.10399290 -0.11549769
v -0.01426114 0.10351851 -0.11540879
v -0.01425519 0.10352350 -0.11541650
v -0.01425533 0.10352311 -0.11541630
v -0.01425627 0.10352141 -0.11541479
v -0.01425682 0.10352070 -0.11541400
v -0.01425686 0.10352070 -0.11541389
v -0.01425473 0.10352611 -0.11541780
v -0.01425481 0.10352511 -0.11541749
v -0.01425484 0.10352501 -0.11541740
v -0.01425508 0.10352391 -0.11541679
v -0.01425471 0.10352740 -0.11541819
v -0.01000213 0.10320421 -0.12058600
v -0.01146232 0.10301600 -0.12054719
v -0.01146229 0.10301741 -0.12054739
v -0.01073899 0.10311561 -0.12056270
v -0.01146245 0.10301481 -0.12054730
v -0.01146252 0.10301410 -0.12054739
v -0.01073865 0.10311300 -0.12056260
v -0.01146265 0.10301361 -0.12054750
v -0.01146277 0.10301310 -0.12054760
v -0.01073865 0.10311300 -0.12056260
v -0.01146315 0.10301211 -0.12054789
v -0.01073832 0.10311050 -0.12056320
v -0.01146363 0.10301101 -0.12054840
v -0.01146630 0.10300741 -0.12055079
v -0.01146557 0.10300821 -0.12055020
v -0.01073804 0.10310830 -0.12056450
v -0.01146490 0.10300911 -0.12054950
v -0.01146447 0.10300970 -0.12054910
v -0.01146385 0.10301060 -0.12054849
v -0.01073768 0.10310501 -0.12056840
v -0.01147051 0.10300490 -0.12055490
v -0.01146915 0.10300551 -0.12055360
v -0.01146870 0.10300580 -0.12055320
v -0.01000581 0.10320521 -0.12058259
v -0.01000477 0.10320481 -0.12058349
v -0.01000426 0.10320470 -0.12058400
v -0.01000409 0.10320460 -0.12058419
v -0.01000918 0.10320740 -0.12057980
v -0.01000901 0.10320730 -0.12057989
v -0.01073782 0.10310640 -0.12056619
v -0.01146851 0.10300590 -0.12055299
v -0.01000849 0.10320681 -0.12058030
v -0.01000673 0.10320571 -0.12058180
v -0.01000641 0.10320550 -0.12058210
v -0.01001178 0.10321081 -0.12057820
v -0.01001120 0.10320981 -0.12057850
v -0.01001088 0.10320930 -0.12057870
v -0.01001038 0.10320871 -0.12057899
v -0.01001268 0.10321310 -0.12057800
v -0.01001251 0.10321251 -0.12057800
v -0.01001220 0.10321161 -0.12057809
v -0.01001217 0.10321161 -0.12057809
v -0.01001293 0.10321411 -0.12057809
v -0.01425545 0.10257181 -0.12084030
v -0.01425607 0.10257051 -0.12084089
v -0.01425597 0.10304621 -0.11812809
v -0.01426103 0.10256511 -0.12084550
v -0.01426125 0.10256501 -0.12084579
v -0.01426115 0.10304171 -0.11812730
v -0.01425508 0.10352391 -0.11541679
v -0.01425484 0.10352501 -0.11541740
v -0.01425479 0.10305070 -0.11812880
v -0.01425481 0.10352511 -0.11541749
v -0.01425473 0.10352611 -0.11541780
v -0.01425519 0.10352350 -0.11541650
v -0.01425511 0.10304841 -0.11812849
v -0.01425686 0.10352070 -0.11541389
v -0.01425682 0.10352070 -0.11541400
v -0.01425627 0.10352141 -0.11541479
v -0.01425533 0.10352311 -0.11541630
v -0.01425907 0.10304281 -0.11812750
v -0.01425872 0.10351931 -0.11541150
v -0.01425730 0.10352041 -0.11541330
v -0.01425996 0.10351870 -0.11541009
v -0.01426293 0.10351821 -0.11540680
v -0.01426114 0.10351851 -0.11540879
v -0.01426092 0.10351861 -0.11540899
v -0.01426304 0.10256411 -0.12084750
v -0.01425731 0.10304430 -0.11812770
v -0.01425883 0.10256660 -0.12084340
v -0.01426007 0.10256560 -0.12084460
v -0.01425694 0.10256891 -0.12084160
v -0.01425697 0.10256881 -0.12084170
v -0.01425741 0.10256830 -0.12084210
v -0.01425638 0.10256981 -0.12084109
v -0.01425485 0.10257521 -0.12083979
v -0.01425492 0.10257421 -0.12083990
v -0.01425496 0.10257400 -0.12083990
v -0.01425520 0.10257280 -0.12084010
v -0.01425530 0.10257231 -0.12084019
v -0.01146315 0.10301211 -0.12054789
v -0.01146363 0.10301101 -0.12054840
v -0.01146346 0.10329741 -0.11891459
v -0.01147051 0.10300490 -0.12055490
v -0.01146845 0.10357750 -0.11728909
v -0.01146625 0.10357911 -0.11728700
v -0.01146657 0.10329390 -0.11891400
v -0.01146271 0.10358481 -0.11728370
v -0.01146259 0.10358520 -0.11728360
v -0.01146261 0.10329950 -0.11891499
v -0.01146240 0.10358641 -0.11728349
v -0.01146226 0.10358761 -0.11728340
v -0.01146229 0.10330181 -0.11891540
v -0.01146247 0.10358581 -0.11728349
v -0.01146485 0.10358071 -0.11728560
v -0.01146441 0.10358130 -0.11728529
v -0.01146380 0.10358220 -0.11728470
v -0.01146358 0.10358261 -0.11728450
v -0.01146310 0.10358381 -0.11728399
v -0.01146481 0.10329551 -0.11891430
v -0.01146552 0.10357981 -0.11728630
v -0.01146865 0.10329281 -0.11891380
v -0.01147046 0.10357650 -0.11729100
v -0.01146910 0.10357711 -0.11728970
v -0.01146865 0.10357741 -0.11728930
v -0.01146630 0.10300741 -0.12055079
v -0.01146851 0.10300590 -0.12055299
v -0.01146870 0.10300580 -0.12055320
v -0.01146915 0.10300551 -0.12055360
v -0.01146385 0.10301060 -0.12054849
v -0.01146447 0.10300970 -0.12054910
v -0.01146490 0.10300911 -0.12054950
v -0.01146557 0.10300821 -0.12055020
v -0.01146245 0.10301481 -0.12054730
v -0.01146252 0.10301410 -0.12054739
v -0.01146265 0.10301361 -0.12054750
v -0.01146277 0.10301310 -0.12054760
v -0.01146232 0.10301600 -0.12054719
v -0.01278161 0.10276520 -0.12087890
v -0.01425496 0.10257400 -0.12083990
v -0.01425492 0.10257421 -0.12083990
v -0.01352500 0.10267570 -0.12085539
v -0.01425485 0.10257521 -0.12083979
v -0.01425482 0.10257660 -0.12083999
v -0.01352465 0.10267311 -0.12085539
v -0.01425520 0.10257280 -0.12084010
v -0.01425530 0.10257231 -0.12084019
v -0.01425545 0.10257181 -0.12084030
v -0.01352433 0.10267061 -0.12085600
v -0.01425607 0.10257051 -0.12084089
v -0.01425741 0.10256830 -0.12084210
v -0.01425697 0.10256881 -0.12084170
v -0.01352404 0.10266841 -0.12085719
v -0.01425694 0.10256891 -0.12084160
v -0.01425638 0.10256981 -0.12084109
v -0.01352383 0.10266650 -0.12085899
v -0.01425883 0.10256660 -0.12084340
v -0.01426304 0.10256411 -0.12084750
v -0.01352369 0.10266510 -0.12086110
v -0.01426125 0.10256501 -0.12084579
v -0.01426103 0.10256511 -0.12084550
v -0.01426007 0.10256560 -0.12084460
v -0.01278357 0.10276561 -0.12087700
v -0.01278374 0.10276571 -0.12087690
v -0.01278806 0.10276790 -0.12087309
v -0.01278797 0.10276780 -0.12087320
v -0.01278698 0.10276710 -0.12087399
v -0.01278424 0.10276581 -0.12087640
v -0.01278846 0.10276831 -0.12087289
v -0.01279140 0.10277201 -0.12087100
v -0.01279129 0.10277180 -0.12087109
v -0.01279035 0.10277031 -0.12087150
v -0.01352404 0.10266841 -0.12085719
v -0.01278975 0.10276951 -0.12087190
v -0.01279241 0.10277511 -0.12087100
v -0.01279222 0.10277421 -0.12087089
v -0.01279219 0.10277411 -0.12087089
v -0.01279168 0.10277260 -0.12087089
v -0.01279165 0.10277260 -0.12087089
v -0.01278364 0.10339930 -0.11726139
v -0.01278381 0.10339930 -0.11726120
v -0.01212743 0.10348820 -0.11727510
v -0.01278993 0.10340340 -0.11725619
v -0.01279042 0.10340391 -0.11725590
v -0.01212806 0.10349370 -0.11726989
v -0.01212874 0.10349871 -0.11726939
v -0.01146224 0.10358900 -0.11728349
v -0.01146226 0.10358761 -0.11728340
v -0.01279172 0.10340620 -0.11725529
v -0.01279175 0.10340631 -0.11725529
v -0.01212839 0.10349621 -0.11726930
v -0.01279206 0.10340710 -0.11725520
v -0.01279222 0.10340780 -0.11725529
v -0.01279247 0.10340880 -0.11725529
v -0.01212839 0.10349621 -0.11726930
v -0.01279075 0.10340441 -0.11725570
v -0.01212779 0.10349141 -0.11727110
v -0.01212757 0.10348951 -0.11727290
v -0.01278627 0.10340040 -0.11725900
v -0.01278804 0.10340140 -0.11725760
v -0.01278856 0.10340191 -0.11725720
v -0.01278873 0.10340201 -0.11725700
v -0.01278431 0.10339940 -0.11726069
v -0.01278535 0.10339981 -0.11725979
v -0.01278596 0.10340020 -0.11725929
v -0.01278168 0.10339881 -0.11726330
v -0.01147046 0.10357650 -0.11729100
v -0.01146910 0.10357711 -0.11728970
v -0.01146845 0.10357750 -0.11728909
v -0.01146865 0.10357741 -0.11728930
v -0.01146485 0.10358071 -0.11728560
v -0.01146552 0.10357981 -0.11728630
v -0.01146625 0.10357911 -0.11728700
v -0.01146441 0.10358130 -0.11728529
v -0.01146380 0.10358220 -0.11728470
v -0.01146358 0.10358261 -0.11728450
v -0.01146240 0.10358641 -0.11728349
v -0.01146247 0.10358581 -0.11728349
v -0.01146259 0.10358520 -0.11728360
v -0.01146271 0.10358481 -0.11728370
v -0.01146310 0.10358381 -0.11728399
v -0.01279241 0.10277511 -0.12087100
v -0.01279253 0.10277650 -0.12087120
v -0.01279256 0.10309330 -0.11906360
v -0.01279165 0.10277260 -0.12087089
v -0.01279168 0.10277260 -0.12087089
v -0.01279223 0.10309090 -0.11906320
v -0.01279219 0.10277411 -0.12087089
v -0.01279222 0.10277421 -0.12087089
v -0.01278975 0.10276951 -0.12087190
v -0.01279035 0.10277031 -0.12087150
v -0.01279133 0.10308870 -0.11906280
v -0.01279129 0.10277180 -0.12087109
v -0.01279140 0.10277201 -0.12087100
v -0.01278993 0.10308680 -0.11906239
v -0.01278846 0.10276831 -0.12087289
v -0.01278811 0.10308530 -0.11906219
v -0.01278806 0.10276790 -0.12087309
v -0.01278596 0.10308420 -0.11906199
v -0.01278698 0.10276710 -0.12087399
v -0.01278797 0.10276780 -0.12087320
v -0.01278357 0.10276561 -0.12087700
v -0.01278374 0.10276571 -0.12087690
v -0.01278424 0.10276581 -0.12087640
v -0.01278361 0.10308371 -0.11906190
v -0.01278161 0.10276520 -0.12087890
v -0.01278168 0.10339881 -0.11726330
v -0.01278364 0.10339930 -0.11726139
v -0.01278381 0.10339930 -0.11726120
v -0.01278431 0.10339940 -0.11726069
v -0.01278627 0.10340040 -0.11725900
v -0.01278596 0.10340020 -0.11725929
v -0.01278535 0.10339981 -0.11725979
v -0.01278804 0.10340140 -0.11725760
v -0.01278856 0.10340191 -0.11725720
v -0.01278873 0.10340201 -0.11725700
v -0.01278993 0.10340340 -0.11725619
v -0.01279042 0.10340391 -0.11725590
v -0.01279175 0.10340631 -0.11725529
v -0.01279172 0.10340620 -0.11725529
v -0.01279075 0.10340441 -0.11725570
v -0.01279206 0.10340710 -0.11725520
v -0.01279222 0.10340780 -0.11725529
v -0.01279247 0.10340880 -0.11725529
v -0.01279259 0.10341011 -0.11725549
v -0.01132084 0.10631791 -0.10175740
v -0.01132086 0.10631801 -0.10175720
v -0.00928492 0.10635580 -0.10314500
v -0.01132114 0.10631910 -0.10175480
v -0.01132117 0.10631930 -0.10175459
v -0.00928378 0.10635721 -0.10314329
v -0.00928195 0.10636361 -0.10314039
v -0.01132239 0.10632600 -0.10174949
v -0.00928199 0.10636600 -0.10314039
v -0.01132258 0.10632731 -0.10174940
v -0.01132268 0.10632801 -0.10174940
v -0.00928225 0.10636120 -0.10314090
v -0.01132224 0.10632500 -0.10174969
v -0.01132231 0.10632551 -0.10174960
v -0.01132185 0.10632271 -0.10175090
v -0.01132180 0.10632241 -0.10175109
v -0.00928288 0.10635901 -0.10314190
v -0.01132189 0.10632300 -0.10175070
v -0.01132192 0.10632310 -0.10175059
v -0.01132141 0.10632040 -0.10175290
v -0.01132148 0.10632071 -0.10175259
v -0.01132153 0.10632100 -0.10175230
v -0.01132135 0.10632010 -0.10175329
v -0.01132097 0.10631830 -0.10175610
v -0.01132064 0.10631720 -0.10175959
v -0.00725826 0.10639331 -0.10452900
v -0.00725410 0.10639410 -0.10452949
v -0.00725391 0.10639421 -0.10452949
v -0.00725384 0.10639421 -0.10452949
v -0.00724691 0.10639660 -0.10453059
v -0.00724523 0.10639750 -0.10453100
v -0.00724512 0.10639750 -0.10453100
v -0.00724507 0.10639750 -0.10453100
v -0.00724015 0.10640210 -0.10453230
v -0.00724135 0.10640040 -0.10453190
v -0.00724204 0.10639981 -0.10453169
v -0.00724216 0.10639970 -0.10453169
v -0.00723937 0.10640461 -0.10453289
v -0.00723945 0.10640391 -0.10453270
v -0.00723985 0.10640271 -0.10453239
v -0.00724005 0.10640230 -0.10453239
v -0.01132258 0.10632731 -0.10174940
v -0.01278929 0.10590471 -0.10300669
v -0.01132268 0.10632801 -0.10174940
v -0.01278967 0.10590700 -0.10300700
v -0.01132280 0.10632960 -0.10174949
v -0.01425450 0.10548270 -0.10426269
v -0.01425447 0.10548460 -0.10426269
v -0.01425486 0.10547980 -0.10426370
v -0.01425472 0.10548031 -0.10426339
v -0.01425461 0.10548091 -0.10426310
v -0.01425451 0.10548221 -0.10426269
v -0.01425451 0.10548230 -0.10426269
v -0.01425488 0.10547970 -0.10426379
v -0.01278856 0.10590250 -0.10300680
v -0.01425532 0.10547811 -0.10426489
v -0.01425712 0.10547461 -0.10426919
v -0.01425709 0.10547471 -0.10426910
v -0.01278753 0.10590040 -0.10300729
v -0.01425577 0.10547710 -0.10426600
v -0.01425551 0.10547761 -0.10426539
v -0.01425743 0.10547410 -0.10426989
v -0.01278625 0.10589870 -0.10300819
v -0.01278479 0.10589731 -0.10300950
v -0.01425895 0.10547251 -0.10427330
v -0.01425892 0.10547261 -0.10427319
v -0.01425785 0.10547351 -0.10427079
v -0.01426103 0.10547071 -0.10427789
v -0.01278324 0.10589650 -0.10301100
v -0.01426104 0.10547071 -0.10427789
v -0.01426286 0.10546911 -0.10428199
v -0.01132064 0.10631720 -0.10175959
v -0.01132084 0.10631791 -0.10175740
v -0.01132086 0.10631801 -0.10175720
v -0.01132097 0.10631830 -0.10175610
v -0.01132114 0.10631910 -0.10175480
v -0.01132148 0.10632071 -0.10175259
v -0.01132141 0.10632040 -0.10175290
v -0.01132135 0.10632010 -0.10175329
v -0.01132117 0.10631930 -0.10175459
v -0.01132153 0.10632100 -0.10175230
v -0.01132189 0.10632300 -0.10175070
v -0.01132185 0.10632271 -0.10175090
v -0.01132180 0.10632241 -0.10175109
v -0.01132239 0.10632600 -0.10174949
v -0.01132231 0.10632551 -0.10174960
v -0.01132224 0.10632500 -0.10174969
v -0.01132192 0.10632310 -0.10175059
v -0.01425905 0.10494011 -0.10730769
v -0.01426084 0.10493940 -0.10730630
v -0.01074994 0.10566871 -0.10591510
v -0.00724015 0.10640210 -0.10453230
v -0.00724005 0.10640230 -0.10453239
v -0.01074812 0.10567431 -0.10592260
v -0.00723985 0.10640271 -0.10453239
v -0.01074826 0.10567670 -0.10592349
v -0.00723945 0.10640391 -0.10453270
v -0.00723937 0.10640461 -0.10453289
v -0.00723936 0.10640481 -0.10453289
v -0.00724507 0.10639750 -0.10453100
v -0.00724216 0.10639970 -0.10453169
v -0.01074823 0.10567231 -0.10592129
v -0.00724204 0.10639981 -0.10453169
v -0.00724135 0.10640040 -0.10453190
v -0.01074858 0.10567061 -0.10591949
v -0.00724512 0.10639750 -0.10453100
v -0.00724523 0.10639750 -0.10453100
v -0.00725384 0.10639421 -0.10452949
v -0.00724691 0.10639660 -0.10453059
v -0.00725826 0.10639331 -0.10452900
v -0.00725410 0.10639410 -0.10452949
v -0.00725391 0.10639421 -0.10452949
v -0.01426096 0.10493940 -0.10730619
v -0.01426149 0.10493921 -0.10730580
v -0.01426267 0.10493901 -0.10730490
v -0.01074917 0.10566930 -0.10591729
v -0.01425849 0.10494040 -0.10730810
v -0.01425640 0.10494220 -0.10730999
v -0.01425673 0.10494191 -0.10730969
v -0.01425683 0.10494181 -0.10730960
v -0.01425713 0.10494150 -0.10730940
v -0.01425580 0.10494320 -0.10731070
v -0.01425509 0.10494461 -0.10731160
v -0.01425532 0.10494401 -0.10731129
v -0.01425553 0.10494371 -0.10731100
v -0.01425457 0.10494751 -0.10731269
v -0.01425464 0.10494651 -0.10731239
v -0.01425478 0.10494590 -0.10731210
v -0.01425493 0.10494530 -0.10731179
v -0.01425455 0.10494831 -0.10731289
v -0.01426286 0.10546911 -0.10428199
v -0.01425479 0.10584871 -0.10215969
v -0.01425474 0.10584890 -0.10215969
v -0.01425448 0.10566671 -0.10321150
v -0.01425471 0.10584910 -0.10215980
v -0.01425446 0.10585100 -0.10216040
v -0.01425569 0.10584671 -0.10215879
v -0.01425555 0.10584701 -0.10215890
v -0.01425480 0.10566440 -0.10321110
v -0.01425503 0.10584800 -0.10215939
v -0.01425566 0.10566221 -0.10321069
v -0.01425701 0.10566031 -0.10321040
v -0.01425703 0.10584491 -0.10215780
v -0.01425650 0.10584540 -0.10215809
v -0.01425604 0.10584601 -0.10215849
v -0.01425879 0.10584350 -0.10215660
v -0.01425863 0.10584360 -0.10215669
v -0.01425820 0.10584381 -0.10215699
v -0.01426085 0.10565770 -0.10320990
v -0.01426084 0.10584260 -0.10215539
v -0.01426078 0.10584260 -0.10215550
v -0.01426106 0.10584250 -0.10215530
v -0.01426246 0.10584221 -0.10215460
v -0.01425892 0.10547261 -0.10427319
v -0.01425877 0.10565870 -0.10321009
v -0.01425895 0.10547251 -0.10427330
v -0.01426103 0.10547071 -0.10427789
v -0.01426104 0.10547071 -0.10427789
v -0.01425712 0.10547461 -0.10426919
v -0.01425743 0.10547410 -0.10426989
v -0.01425785 0.10547351 -0.10427079
v -0.01425709 0.10547471 -0.10426910
v -0.01425488 0.10547970 -0.10426379
v -0.01425532 0.10547811 -0.10426489
v -0.01425551 0.10547761 -0.10426539
v -0.01425577 0.10547710 -0.10426600
v -0.01425486 0.10547980 -0.10426370
v -0.01425451 0.10548221 -0.10426269
v -0.01425461 0.10548091 -0.10426310
v -0.01425472 0.10548031 -0.10426339
v -0.01425451 0.10548230 -0.10426269
v -0.01426271 0.10461551 -0.10914970
v -0.01425493 0.10494530 -0.10731179
v -0.01425478 0.10494590 -0.10731210
v -0.01425459 0.10478680 -0.10822889
v -0.01425464 0.10494651 -0.10731239
v -0.01425457 0.10494751 -0.10731269
v -0.01425491 0.10478451 -0.10822860
v -0.01425576 0.10478231 -0.10822819
v -0.01425553 0.10494371 -0.10731100
v -0.01425532 0.10494401 -0.10731129
v -0.01425509 0.10494461 -0.10731160
v -0.01425683 0.10494181 -0.10730960
v -0.01425673 0.10494191 -0.10730969
v -0.01425640 0.10494220 -0.10730999
v -0.01425580 0.10494320 -0.10731070
v -0.01425713 0.10494150 -0.10730940
v -0.01425711 0.10478041 -0.10822779
v -0.01425849 0.10494040 -0.10730810
v -0.01425711 0.10478041 -0.10822779
v -0.01425905 0.10494011 -0.10730769
v -0.01425887 0.10477891 -0.10822760
v -0.01426084 0.10493940 -0.10730630
v -0.01426149 0.10493921 -0.10730580
v -0.01426096 0.10493940 -0.10730619
v -0.01426095 0.10477781 -0.10822740
v -0.01426267 0.10493901 -0.10730490
v -0.01425907 0.10461741 -0.10914740
v -0.01426087 0.10461641 -0.10914849
v -0.01426100 0.10461631 -0.10914860
v -0.01426151 0.10461600 -0.10914889
v -0.01425675 0.10461980 -0.10914610
v -0.01425687 0.10461970 -0.10914619
v -0.01425717 0.10461940 -0.10914630
v -0.01425852 0.10461790 -0.10914709
v -0.01425536 0.10462240 -0.10914540
v -0.01425557 0.10462201 -0.10914549
v -0.01425583 0.10462150 -0.10914560
v -0.01425643 0.10462031 -0.10914590
v -0.01425461 0.10462610 -0.10914520
v -0.01425467 0.10462510 -0.10914520
v -0.01425482 0.10462440 -0.10914520
v -0.01425497 0.10462371 -0.10914520
v -0.01425512 0.10462301 -0.10914529
v -0.01425604 0.10584601 -0.10215849
v -0.01425650 0.10584540 -0.10215809
v -0.01276209 0.10627101 -0.10090359
v -0.01425820 0.10584381 -0.10215699
v -0.01425863 0.10584360 -0.10215669
v -0.01276320 0.10626970 -0.10090179
v -0.01426246 0.10584221 -0.10215460
v -0.01425445 0.10585141 -0.10216050
v -0.01276087 0.10627481 -0.10090629
v -0.01276083 0.10627710 -0.10090719
v -0.01126670 0.10670031 -0.09965240
v -0.01126613 0.10670111 -0.09965229
v -0.01126606 0.10670121 -0.09965229
v -0.01126579 0.10670180 -0.09965229
v -0.01126548 0.10670291 -0.09965229
v -0.01276130 0.10627270 -0.10090510
v -0.01126950 0.10669761 -0.09965319
v -0.01126868 0.10669831 -0.09965289
v -0.01126771 0.10669900 -0.09965269
v -0.01126732 0.10669951 -0.09965260
v -0.01127891 0.10669281 -0.09965609
v -0.01127823 0.10669311 -0.09965589
v -0.01127360 0.10669481 -0.09965429
v -0.01127162 0.10669600 -0.09965379
v -0.01276456 0.10626900 -0.10089999
v -0.01129001 0.10668911 -0.09965980
v -0.01128711 0.10668970 -0.09965879
v -0.01128462 0.10669070 -0.09965789
v -0.01128428 0.10669081 -0.09965780
v -0.01426078 0.10584260 -0.10215550
v -0.01426084 0.10584260 -0.10215539
v -0.01276609 0.10626880 -0.10089810
v -0.01426106 0.10584250 -0.10215530
v -0.01425879 0.10584350 -0.10215660
v -0.01276320 0.10626970 -0.10090179
v -0.01425703 0.10584491 -0.10215780
v -0.01425479 0.10584871 -0.10215969
v -0.01425503 0.10584800 -0.10215939
v -0.01425555 0.10584701 -0.10215890
v -0.01425569 0.10584671 -0.10215879
v -0.01425446 0.10585100 -0.10216040
v -0.01425471 0.10584910 -0.10215980
v -0.01425474 0.10584890 -0.10215969
v -0.00720288 0.10505871 -0.11220900
v -0.01425482 0.10462440 -0.10914520
v -0.01425467 0.10462510 -0.10914520
v -0.01073517 0.10484751 -0.11067019
v -0.01425461 0.10462610 -0.10914520
v -0.01425459 0.10462690 -0.10914529
v -0.01073503 0.10484501 -0.11067030
v -0.01425497 0.10462371 -0.10914520
v -0.01425512 0.10462301 -0.10914529
v -0.01425687 0.10461970 -0.10914619
v -0.01425675 0.10461980 -0.10914610
v -0.01073513 0.10484260 -0.11067080
v -0.01425643 0.10462031 -0.10914590
v -0.01425583 0.10462150 -0.10914560
v -0.01425557 0.10462201 -0.10914549
v -0.01425536 0.10462240 -0.10914540
v -0.01425717 0.10461940 -0.10914630
v -0.01073547 0.10484041 -0.11067199
v -0.01425852 0.10461790 -0.10914709
v -0.01073604 0.10483851 -0.11067349
v -0.01425907 0.10461741 -0.10914740
v -0.01426087 0.10461641 -0.10914849
v -0.01073679 0.10483710 -0.11067540
v -0.01426271 0.10461551 -0.10914970
v -0.01426151 0.10461600 -0.10914889
v -0.01426100 0.10461631 -0.10914860
v -0.00720722 0.10506051 -0.11220289
v -0.00720529 0.10505941 -0.11220550
v -0.00720501 0.10505931 -0.11220590
v -0.00720492 0.10505931 -0.11220599
v -0.00720853 0.10506121 -0.11220120
v -0.00721183 0.10506470 -0.11219740
v -0.00721131 0.10506401 -0.11219790
v -0.01073547 0.10484041 -0.11067199
v -0.00721123 0.10506391 -0.11219799
v -0.00720962 0.10506221 -0.11219979
v -0.00720953 0.10506211 -0.11219990
v -0.00721353 0.10506850 -0.11219619
v -0.00721350 0.10506830 -0.11219619
v -0.00721365 0.10506901 -0.11219619
v -0.00721303 0.10506701 -0.11219639
v -0.00721284 0.10506650 -0.11219650
v -0.00721274 0.10506630 -0.11219659
v -0.01276153 0.10650320 -0.09962109
v -0.01126539 0.10670380 -0.09965240
v -0.01126548 0.10670291 -0.09965229
v -0.01276118 0.10650071 -0.09962100
v -0.01425455 0.10630050 -0.09958979
v -0.01425441 0.10630181 -0.09958970
v -0.01425439 0.10630311 -0.09958979
v -0.01425486 0.10629890 -0.09958999
v -0.01425474 0.10629941 -0.09958990
v -0.01425461 0.10629990 -0.09958979
v -0.01425526 0.10629790 -0.09959039
v -0.01276086 0.10649820 -0.09962159
v -0.01425572 0.10629670 -0.09959080
v -0.01425766 0.10629390 -0.09959260
v -0.01276058 0.10649591 -0.09962280
v -0.01425839 0.10629320 -0.09959330
v -0.01276037 0.10649411 -0.09962460
v -0.01276023 0.10649270 -0.09962680
v -0.01425700 0.10629490 -0.09959199
v -0.01425657 0.10629551 -0.09959159
v -0.01425594 0.10629631 -0.09959100
v -0.01426262 0.10629061 -0.09959730
v -0.01426124 0.10629120 -0.09959599
v -0.01426081 0.10629150 -0.09959559
v -0.01426061 0.10629171 -0.09959539
v -0.01128711 0.10668970 -0.09965879
v -0.01129001 0.10668911 -0.09965980
v -0.01127891 0.10669281 -0.09965609
v -0.01128428 0.10669081 -0.09965780
v -0.01128462 0.10669070 -0.09965789
v -0.01127823 0.10669311 -0.09965589
v -0.01127360 0.10669481 -0.09965429
v -0.01127162 0.10669600 -0.09965379
v -0.01126579 0.10670180 -0.09965229
v -0.01126606 0.10670121 -0.09965229
v -0.01126613 0.10670111 -0.09965229
v -0.01126670 0.10670031 -0.09965240
v -0.01126732 0.10669951 -0.09965260
v -0.01126771 0.10669900 -0.09965269
v -0.01126868 0.10669831 -0.09965289
v -0.01276058 0.10649591 -0.09962280
v -0.01126950 0.10669761 -0.09965319
v -0.00720307 0.10539331 -0.11029469
v -0.00721365 0.10506901 -0.11219619
v -0.00721386 0.10507090 -0.11219639
v -0.00721387 0.10523630 -0.11124969
v -0.00721353 0.10506850 -0.11219619
v -0.00721350 0.10506830 -0.11219619
v -0.00721354 0.10523401 -0.11124929
v -0.00721303 0.10506701 -0.11219639
v -0.00721131 0.10506401 -0.11219790
v -0.00721265 0.10523180 -0.11124890
v -0.00721123 0.10506391 -0.11219799
v -0.00721125 0.10522980 -0.11124859
v -0.00720962 0.10506221 -0.11219979
v -0.00721183 0.10506470 -0.11219740
v -0.00721274 0.10506630 -0.11219659
v -0.00721284 0.10506650 -0.11219650
v -0.00720501 0.10505931 -0.11220590
v -0.00720529 0.10505941 -0.11220550
v -0.00720728 0.10522721 -0.11124809
v -0.00720722 0.10506051 -0.11220289
v -0.00720942 0.10522831 -0.11124830
v -0.00720853 0.10506121 -0.11220120
v -0.00720953 0.10506211 -0.11219990
v -0.00720493 0.10522670 -0.11124800
v -0.00720288 0.10505871 -0.11220900
v -0.00720492 0.10505931 -0.11220599
v -0.00720912 0.10539400 -0.11029890
v -0.00720687 0.10539331 -0.11029730
v -0.00720585 0.10539310 -0.11029660
v -0.00720494 0.10539321 -0.11029600
v -0.00720481 0.10539321 -0.11029589
v -0.00721169 0.10539601 -0.11030079
v -0.00721135 0.10539560 -0.11030050
v -0.00720964 0.10539431 -0.11029930
v -0.00720943 0.10539421 -0.11029910
v -0.00720919 0.10539400 -0.11029890
v -0.00721312 0.10539821 -0.11030189
v -0.00721281 0.10539760 -0.11030169
v -0.00721264 0.10539731 -0.11030149
v -0.00721230 0.10539690 -0.11030130
v -0.00721383 0.10540101 -0.11030259
v -0.00721369 0.10540011 -0.11030250
v -0.00721351 0.10539950 -0.11030230
v -0.00721330 0.10539881 -0.11030209
v -0.00721388 0.10540181 -0.11030279
v -0.01425526 0.10629790 -0.09959039
v -0.01425572 0.10629670 -0.09959080
v -0.01425557 0.10645560 -0.09868609
v -0.01426262 0.10629061 -0.09959730
v -0.01425470 0.10661621 -0.09778289
v -0.01425458 0.10661670 -0.09778320
v -0.01425439 0.10646010 -0.09868679
v -0.01425451 0.10661731 -0.09778349
v -0.01425437 0.10661841 -0.09778399
v -0.01425569 0.10661400 -0.09778120
v -0.01425471 0.10645781 -0.09868640
v -0.01425521 0.10661500 -0.09778199
v -0.01425483 0.10661580 -0.09778270
v -0.01425696 0.10661271 -0.09777949
v -0.01425653 0.10661310 -0.09778010
v -0.01425590 0.10661371 -0.09778089
v -0.01425868 0.10645221 -0.09868550
v -0.01425835 0.10661161 -0.09777769
v -0.01425692 0.10645370 -0.09868570
v -0.01425763 0.10661200 -0.09777859
v -0.01426076 0.10645111 -0.09868530
v -0.01426077 0.10661081 -0.09777490
v -0.01426058 0.10661081 -0.09777520
v -0.01426120 0.10661061 -0.09777439
v -0.01426259 0.10661050 -0.09777299
v -0.01425839 0.10629320 -0.09959330
v -0.01426061 0.10629171 -0.09959539
v -0.01426081 0.10629150 -0.09959559
v -0.01426124 0.10629120 -0.09959599
v -0.01425594 0.10629631 -0.09959100
v -0.01425657 0.10629551 -0.09959159
v -0.01425700 0.10629490 -0.09959199
v -0.01425766 0.10629390 -0.09959260
v -0.01425455 0.10630050 -0.09958979
v -0.01425461 0.10629990 -0.09958979
v -0.01425474 0.10629941 -0.09958990
v -0.01425486 0.10629890 -0.09958999
v -0.01425441 0.10630181 -0.09958970
v -0.00849205 0.10530610 -0.10977679
v -0.00785432 0.10534941 -0.11003529
v -0.00785517 0.10535020 -0.11003720
v -0.00848825 0.10530620 -0.10977420
v -0.00849104 0.10530600 -0.10977609
v -0.00785432 0.10534941 -0.11003529
v -0.00849012 0.10530610 -0.10977549
v -0.00785346 0.10534910 -0.11003320
v -0.00849000 0.10530610 -0.10977540
v -0.00849483 0.10530720 -0.10977879
v -0.00849462 0.10530710 -0.10977859
v -0.00849437 0.10530691 -0.10977839
v -0.00849430 0.10530691 -0.10977839
v -0.00785664 0.10535321 -0.11004040
v -0.00849688 0.10530890 -0.10978030
v -0.00849654 0.10530851 -0.10978000
v -0.00849830 0.10531110 -0.10978140
v -0.00849800 0.10531051 -0.10978120
v -0.00785718 0.10535511 -0.11004139
v -0.00849782 0.10531021 -0.10978100
v -0.00849749 0.10530980 -0.10978080
v -0.00849902 0.10531380 -0.10978210
v -0.00849888 0.10531290 -0.10978199
v -0.00785756 0.10535730 -0.11004190
v -0.00849870 0.10531241 -0.10978180
v -0.00849848 0.10531170 -0.10978160
v -0.00721369 0.10540011 -0.11030250
v -0.00721383 0.10540101 -0.11030259
v -0.00721281 0.10539760 -0.11030169
v -0.00721312 0.10539821 -0.11030189
v -0.00721330 0.10539881 -0.11030209
v -0.00721351 0.10539950 -0.11030230
v -0.00721135 0.10539560 -0.11030050
v -0.00785596 0.10535151 -0.11003900
v -0.00849607 0.10530820 -0.10977969
v -0.00721169 0.10539601 -0.11030079
v -0.00721230 0.10539690 -0.11030130
v -0.00721264 0.10539731 -0.11030149
v -0.00720912 0.10539400 -0.11029890
v -0.00720919 0.10539400 -0.11029890
v -0.00720943 0.10539421 -0.11029910
v -0.00720964 0.10539431 -0.11029930
v -0.00720687 0.10539331 -0.11029730
v -0.00720307 0.10539331 -0.11029469
v -0.00720481 0.10539321 -0.11029589
v -0.00720494 0.10539321 -0.11029600
v -0.00720585 0.10539310 -0.11029660
v -0.01425590 0.10661371 -0.09778089
v -0.01425653 0.10661310 -0.09778010
v -0.01073455 0.10708181 -0.09787019
v -0.01073514 0.10708571 -0.09787350
v -0.01073549 0.10708810 -0.09787429
v -0.01425435 0.10661970 -0.09778430
v -0.00721390 0.10755681 -0.09796440
v -0.00721365 0.10755581 -0.09796409
v -0.00721349 0.10755520 -0.09796400
v -0.00721318 0.10755440 -0.09796359
v -0.01073514 0.10708571 -0.09787350
v -0.00721315 0.10755440 -0.09796359
v -0.00721000 0.10755091 -0.09796040
v -0.01073482 0.10708351 -0.09787210
v -0.00721018 0.10755101 -0.09796049
v -0.00721135 0.10755201 -0.09796170
v -0.01073482 0.10708351 -0.09787210
v -0.00721186 0.10755240 -0.09796229
v -0.00721219 0.10755281 -0.09796260
v -0.00720681 0.10754990 -0.09795719
v -0.00720739 0.10755001 -0.09795779
v -0.01073433 0.10708060 -0.09786790
v -0.00720771 0.10755011 -0.09795810
v -0.01073455 0.10708181 -0.09787019
v -0.00720949 0.10755060 -0.09795990
v -0.00720311 0.10755011 -0.09795359
v -0.01073420 0.10708011 -0.09786540
v -0.00720507 0.10754990 -0.09795550
v -0.00720525 0.10754980 -0.09795570
v -0.00720578 0.10754980 -0.09795620
v -0.01426058 0.10661081 -0.09777520
v -0.01426077 0.10661081 -0.09777490
v -0.01426120 0.10661061 -0.09777439
v -0.01426259 0.10661050 -0.09777299
v -0.01425763 0.10661200 -0.09777859
v -0.01425835 0.10661161 -0.09777769
v -0.01425696 0.10661271 -0.09777949
v -0.01425470 0.10661621 -0.09778289
v -0.01425483 0.10661580 -0.09778270
v -0.01425521 0.10661500 -0.09778199
v -0.01425569 0.10661400 -0.09778120
v -0.01425437 0.10661841 -0.09778399
v -0.01425451 0.10661731 -0.09778349
v -0.01425458 0.10661670 -0.09778320
v -0.00849848 0.10531170 -0.10978160
v -0.00849870 0.10531241 -0.10978180
v -0.00849876 0.10557151 -0.10830020
v -0.00849888 0.10531290 -0.10978199
v -0.00849909 0.10557380 -0.10830059
v -0.00849902 0.10531380 -0.10978210
v -0.00849907 0.10531470 -0.10978230
v -0.00849749 0.10530980 -0.10978080
v -0.00849782 0.10531021 -0.10978100
v -0.00849787 0.10556930 -0.10829980
v -0.00849800 0.10531051 -0.10978120
v -0.00849830 0.10531110 -0.10978140
v -0.00849688 0.10530890 -0.10978030
v -0.00849647 0.10556730 -0.10829950
v -0.00849654 0.10530851 -0.10978000
v -0.00849464 0.10556581 -0.10829919
v -0.00849483 0.10530720 -0.10977879
v -0.00849607 0.10530820 -0.10977969
v -0.00849205 0.10530610 -0.10977679
v -0.00849430 0.10530691 -0.10977839
v -0.00849437 0.10530691 -0.10977839
v -0.00849462 0.10530710 -0.10977859
v -0.00848825 0.10530620 -0.10977420
v -0.00849000 0.10530610 -0.10977540
v -0.00849015 0.10556421 -0.10829890
v -0.00849012 0.10530610 -0.10977549
v -0.00849249 0.10556470 -0.10829899
v -0.00849104 0.10530600 -0.10977609
v -0.00849004 0.10582251 -0.10682249
v -0.00848830 0.10582220 -0.10682359
v -0.00848776 0.10582220 -0.10682389
v -0.00849434 0.10582431 -0.10682000
v -0.00849207 0.10582300 -0.10682119
v -0.00849107 0.10582271 -0.10682179
v -0.00849016 0.10582251 -0.10682240
v -0.00849439 0.10582431 -0.10681990
v -0.00849691 0.10582680 -0.10681880
v -0.00849656 0.10582631 -0.10681889
v -0.00849485 0.10582470 -0.10681970
v -0.00849466 0.10582451 -0.10681979
v -0.00849834 0.10582930 -0.10681849
v -0.00849803 0.10582860 -0.10681849
v -0.00849786 0.10582831 -0.10681860
v -0.00849753 0.10582780 -0.10681869
v -0.00849911 0.10583291 -0.10681889
v -0.00849905 0.10583210 -0.10681880
v -0.00849891 0.10583120 -0.10681860
v -0.00849873 0.10583060 -0.10681860
v -0.00849852 0.10582991 -0.10681849
v -0.00721186 0.10755240 -0.09796229
v -0.00721135 0.10755201 -0.09796170
v -0.00721138 0.10739670 -0.09884990
v -0.00721367 0.10740091 -0.09885069
v -0.00721400 0.10740320 -0.09885110
v -0.00721401 0.10755810 -0.09796470
v -0.00721363 0.10724591 -0.09973719
v -0.00721388 0.10724701 -0.09973730
v -0.00721399 0.10724830 -0.09973750
v -0.00721313 0.10724441 -0.09973719
v -0.00721316 0.10724450 -0.09973719
v -0.00721346 0.10724531 -0.09973719
v -0.00721273 0.10724360 -0.09973739
v -0.00721278 0.10739870 -0.09885029
v -0.00721216 0.10724260 -0.09973759
v -0.00720998 0.10724010 -0.09973910
v -0.00721014 0.10724020 -0.09973899
v -0.00721133 0.10724151 -0.09973820
v -0.00721184 0.10724211 -0.09973779
v -0.00720741 0.10739410 -0.09884950
v -0.00720769 0.10723851 -0.09974099
v -0.00720956 0.10739521 -0.09884970
v -0.00720946 0.10723961 -0.09973950
v -0.00720574 0.10723761 -0.09974270
v -0.00720677 0.10723800 -0.09974169
v -0.00720737 0.10723830 -0.09974119
v -0.00720523 0.10723751 -0.09974319
v -0.00720507 0.10739361 -0.09884939
v -0.00720505 0.10723740 -0.09974330
v -0.00720310 0.10723700 -0.09974519
v -0.00720739 0.10755001 -0.09795779
v -0.00720681 0.10754990 -0.09795719
v -0.00720578 0.10754980 -0.09795620
v -0.00720525 0.10754980 -0.09795570
v -0.00720507 0.10754990 -0.09795550
v -0.00720311 0.10755011 -0.09795359
v -0.00721018 0.10755101 -0.09796049
v -0.00721000 0.10755091 -0.09796040
v -0.00720949 0.10755060 -0.09795990
v -0.00720771 0.10755011 -0.09795810
v -0.00721390 0.10755681 -0.09796440
v -0.00721365 0.10755581 -0.09796409
v -0.00721349 0.10755520 -0.09796400
v -0.00721318 0.10755440 -0.09796359
v -0.00721315 0.10755440 -0.09796359
v -0.00721219 0.10755281 -0.09796260
v -0.00721138 0.10608631 -0.10634840
v -0.00721093 0.10608590 -0.10634860
v -0.00785598 0.10595540 -0.10658470
v -0.00720498 0.10608250 -0.10635189
v -0.00720486 0.10608250 -0.10635189
v -0.00785345 0.10595121 -0.10658940
v -0.00849834 0.10582930 -0.10681849
v -0.00849852 0.10582991 -0.10681849
v -0.00785722 0.10595961 -0.10658369
v -0.00849873 0.10583060 -0.10681860
v -0.00785760 0.10596190 -0.10658389
v -0.00849891 0.10583120 -0.10681860
v -0.00849905 0.10583210 -0.10681880
v -0.00849803 0.10582860 -0.10681849
v -0.00849691 0.10582680 -0.10681880
v -0.00785667 0.10595740 -0.10658400
v -0.00849753 0.10582780 -0.10681869
v -0.00849786 0.10582831 -0.10681860
v -0.00849439 0.10582431 -0.10681990
v -0.00849466 0.10582451 -0.10681979
v -0.00849485 0.10582470 -0.10681970
v -0.00849656 0.10582631 -0.10681889
v -0.00849107 0.10582271 -0.10682179
v -0.00849207 0.10582300 -0.10682119
v -0.00785433 0.10595221 -0.10658749
v -0.00849434 0.10582431 -0.10682000
v -0.00848830 0.10582220 -0.10682359
v -0.00849004 0.10582251 -0.10682249
v -0.00849016 0.10582251 -0.10682240
v -0.00720312 0.10608220 -0.10635310
v -0.00720258 0.10608220 -0.10635339
v -0.00785519 0.10595360 -0.10658590
v -0.00720689 0.10608301 -0.10635069
v -0.00720589 0.10608261 -0.10635130
v -0.00720947 0.10608451 -0.10634930
v -0.00720921 0.10608430 -0.10634939
v -0.00720916 0.10608430 -0.10634939
v -0.00785519 0.10595360 -0.10658590
v -0.00720967 0.10608471 -0.10634919
v -0.00721285 0.10608861 -0.10634800
v -0.00721268 0.10608831 -0.10634809
v -0.00721235 0.10608780 -0.10634809
v -0.00785598 0.10595540 -0.10658470
v -0.00721173 0.10608680 -0.10634829
v -0.00721387 0.10609211 -0.10634820
v -0.00721373 0.10609121 -0.10634809
v -0.00721355 0.10609060 -0.10634809
v -0.00721334 0.10608990 -0.10634800
v -0.00721316 0.10608931 -0.10634800
v -0.00720310 0.10723700 -0.09974519
v -0.00894017 0.10701410 -0.09970109
v -0.00894044 0.10701551 -0.09970109
v -0.00807844 0.10713111 -0.09971919
v -0.00894003 0.10701330 -0.09970100
v -0.00893995 0.10701301 -0.09970109
v -0.00807809 0.10712851 -0.09971910
v -0.00893980 0.10701240 -0.09970109
v -0.00807777 0.10712600 -0.09971969
v -0.00893893 0.10700970 -0.09970199
v -0.00893886 0.10700950 -0.09970219
v -0.00807749 0.10712381 -0.09972090
v -0.00893914 0.10701021 -0.09970179
v -0.00893924 0.10701050 -0.09970170
v -0.00893769 0.10700711 -0.09970410
v -0.00893800 0.10700760 -0.09970350
v -0.00893836 0.10700841 -0.09970300
v -0.00893625 0.10700531 -0.09970710
v -0.00893635 0.10700541 -0.09970689
v -0.00807714 0.10712050 -0.09972490
v -0.00893671 0.10700570 -0.09970610
v -0.00807728 0.10712191 -0.09972270
v -0.00893718 0.10700641 -0.09970509
v -0.00893738 0.10700660 -0.09970469
v -0.00893561 0.10700480 -0.09970869
v -0.00720677 0.10723800 -0.09974169
v -0.00720574 0.10723761 -0.09974270
v -0.00720523 0.10723751 -0.09974319
v -0.00720505 0.10723740 -0.09974330
v -0.00721014 0.10724020 -0.09973899
v -0.00720998 0.10724010 -0.09973910
v -0.00720946 0.10723961 -0.09973950
v -0.00720769 0.10723851 -0.09974099
v -0.00720737 0.10723830 -0.09974119
v -0.00721273 0.10724360 -0.09973739
v -0.00721216 0.10724260 -0.09973759
v -0.00721184 0.10724211 -0.09973779
v -0.00721133 0.10724151 -0.09973820
v -0.00721363 0.10724591 -0.09973719
v -0.00721346 0.10724531 -0.09973719
v -0.00721316 0.10724450 -0.09973719
v -0.00807777 0.10712600 -0.09971969
v -0.00721313 0.10724441 -0.09973719
v -0.00721388 0.10724701 -0.09973730
v -0.00721175 0.10677211 -0.10242700
v -0.00721131 0.10677160 -0.10242669
v -0.00721132 0.10640551 -0.10452180
v -0.00720323 0.10676921 -0.10242219
v -0.00720260 0.10640240 -0.10452119
v -0.00721355 0.10609060 -0.10634809
v -0.00721373 0.10609121 -0.10634809
v -0.00721394 0.10641201 -0.10452290
v -0.00721387 0.10609211 -0.10634820
v -0.00721393 0.10609291 -0.10634840
v -0.00721361 0.10640960 -0.10452250
v -0.00721334 0.10608990 -0.10634800
v -0.00721316 0.10608931 -0.10634800
v -0.00721173 0.10608680 -0.10634829
v -0.00721235 0.10608780 -0.10634809
v -0.00721272 0.10640741 -0.10452209
v -0.00721268 0.10608831 -0.10634809
v -0.00721285 0.10608861 -0.10634800
v -0.00721138 0.10608631 -0.10634840
v -0.00721093 0.10608590 -0.10634860
v -0.00720916 0.10608430 -0.10634939
v -0.00720921 0.10608430 -0.10634939
v -0.00720950 0.10640391 -0.10452150
v -0.00720947 0.10608451 -0.10634930
v -0.00721132 0.10640551 -0.10452180
v -0.00720967 0.10608471 -0.10634919
v -0.00720500 0.10640230 -0.10452119
v -0.00720312 0.10608220 -0.10635310
v -0.00720486 0.10608250 -0.10635189
v -0.00720498 0.10608250 -0.10635189
v -0.00720735 0.10640291 -0.10452130
v -0.00720589 0.10608261 -0.10635130
v -0.00720689 0.10608301 -0.10635069
v -0.00720494 0.10676910 -0.10242309
v -0.00720502 0.10676910 -0.10242309
v -0.00720930 0.10677011 -0.10242550
v -0.00720896 0.10676990 -0.10242529
v -0.00720667 0.10676921 -0.10242399
v -0.00720586 0.10676910 -0.10242349
v -0.00720952 0.10677021 -0.10242559
v -0.00720955 0.10677031 -0.10242559
v -0.00721325 0.10677450 -0.10242799
v -0.00721292 0.10677381 -0.10242779
v -0.00721272 0.10677350 -0.10242759
v -0.00721249 0.10677311 -0.10242750
v -0.00721394 0.10677740 -0.10242869
v -0.00721382 0.10677640 -0.10242849
v -0.00721358 0.10677560 -0.10242829
v -0.00721344 0.10677511 -0.10242820
v -0.00721397 0.10677791 -0.10242880
v -0.00993210 0.10672071 -0.10056179
v -0.00993218 0.10672071 -0.10056179
v -0.00943709 0.10686371 -0.10013420
v -0.00894050 0.10701641 -0.09970120
v -0.00894044 0.10701551 -0.09970109
v -0.00944014 0.10686970 -0.10013270
v -0.00993881 0.10672641 -0.10056329
v -0.00993905 0.10672780 -0.10056350
v -0.00944052 0.10687201 -0.10013299
v -0.00993905 0.10672800 -0.10056350
v -0.00993851 0.10672561 -0.10056309
v -0.00993852 0.10672561 -0.10056309
v -0.00993856 0.10672571 -0.10056309
v -0.00993507 0.10672201 -0.10056230
v -0.00993533 0.10672210 -0.10056230
v -0.00943941 0.10686751 -0.10013279
v -0.00993722 0.10672371 -0.10056269
v -0.00993760 0.10672410 -0.10056280
v -0.00993459 0.10672171 -0.10056219
v -0.00943837 0.10686541 -0.10013330
v -0.00993499 0.10672191 -0.10056219
v -0.00993093 0.10672020 -0.10056170
v -0.00943563 0.10686230 -0.10013549
v -0.00943407 0.10686151 -0.10013699
v -0.00992523 0.10671971 -0.10056120
v -0.00992884 0.10671991 -0.10056149
v -0.00992891 0.10671991 -0.10056149
v -0.00992968 0.10672001 -0.10056149
v -0.00992212 0.10671981 -0.10056100
v -0.00992395 0.10671960 -0.10056109
v -0.00992520 0.10671971 -0.10056120
v -0.00943250 0.10686110 -0.10013870
v -0.00893561 0.10700480 -0.09970869
v -0.00893625 0.10700531 -0.09970710
v -0.00893635 0.10700541 -0.09970689
v -0.00893671 0.10700570 -0.09970610
v -0.00893718 0.10700641 -0.09970509
v -0.00893836 0.10700841 -0.09970300
v -0.00893800 0.10700760 -0.09970350
v -0.00893769 0.10700711 -0.09970410
v -0.00893738 0.10700660 -0.09970469
v -0.00893886 0.10700950 -0.09970219
v -0.00893980 0.10701240 -0.09970109
v -0.00893924 0.10701050 -0.09970170
v -0.00893914 0.10701021 -0.09970179
v -0.00893893 0.10700970 -0.09970199
v -0.00894017 0.10701410 -0.09970109
v -0.00894003 0.10701330 -0.09970100
v -0.00893995 0.10701301 -0.09970109
v -0.00992212 0.10671981 -0.10056100
v -0.00857173 0.10674411 -0.10148759
v -0.00992395 0.10671960 -0.10056109
v -0.00992520 0.10671971 -0.10056120
v -0.00992968 0.10672001 -0.10056149
v -0.00992891 0.10671991 -0.10056149
v -0.00857304 0.10674441 -0.10148939
v -0.00992884 0.10671991 -0.10056149
v -0.00992523 0.10671971 -0.10056120
v -0.00993210 0.10672071 -0.10056179
v -0.00993093 0.10672020 -0.10056170
v -0.00857427 0.10674521 -0.10149119
v -0.00993507 0.10672201 -0.10056230
v -0.00993499 0.10672191 -0.10056219
v -0.00857538 0.10674650 -0.10149279
v -0.00993459 0.10672171 -0.10056219
v -0.00993218 0.10672071 -0.10056179
v -0.00857695 0.10675020 -0.10149499
v -0.00993760 0.10672410 -0.10056280
v -0.00857628 0.10674820 -0.10149409
v -0.00993722 0.10672371 -0.10056269
v -0.00993533 0.10672210 -0.10056230
v -0.00993856 0.10672571 -0.10056309
v -0.00993852 0.10672561 -0.10056309
v -0.00993851 0.10672561 -0.10056309
v -0.00993881 0.10672641 -0.10056329
v -0.00857733 0.10675251 -0.10149549
v -0.00993905 0.10672780 -0.10056350
v -0.00721382 0.10677640 -0.10242849
v -0.00721394 0.10677740 -0.10242869
v -0.00721292 0.10677381 -0.10242779
v -0.00721325 0.10677450 -0.10242799
v -0.00721344 0.10677511 -0.10242820
v -0.00721358 0.10677560 -0.10242829
v -0.00721131 0.10677160 -0.10242669
v -0.00721175 0.10677211 -0.10242700
v -0.00721249 0.10677311 -0.10242750
v -0.00721272 0.10677350 -0.10242759
v -0.00720896 0.10676990 -0.10242529
v -0.00720930 0.10677011 -0.10242550
v -0.00720952 0.10677021 -0.10242559
v -0.00720955 0.10677031 -0.10242559
v -0.00720667 0.10676921 -0.10242399
v -0.00720323 0.10676921 -0.10242219
v -0.00720494 0.10676910 -0.10242309
v -0.00720502 0.10676910 -0.10242309
v -0.00720586 0.10676910 -0.10242349
v -0.00720313 0.10778020 -0.09663729
v -0.01425833 0.10683810 -0.09648570
v -0.01073433 0.10730971 -0.09655929
v -0.01073419 0.10730830 -0.09656149
v -0.01425435 0.10684671 -0.09648210
v -0.01425432 0.10684800 -0.09648219
v -0.01073548 0.10731891 -0.09655580
v -0.01425448 0.10684540 -0.09648219
v -0.01425480 0.10684381 -0.09648240
v -0.01425468 0.10684430 -0.09648230
v -0.01073513 0.10731630 -0.09655569
v -0.01425455 0.10684481 -0.09648219
v -0.01425519 0.10684280 -0.09648280
v -0.01073482 0.10731380 -0.09655630
v -0.01425566 0.10684160 -0.09648320
v -0.01425760 0.10683890 -0.09648500
v -0.01073454 0.10731160 -0.09655760
v -0.01425694 0.10683980 -0.09648440
v -0.01425651 0.10684041 -0.09648399
v -0.01425588 0.10684121 -0.09648339
v -0.01426256 0.10683551 -0.09648980
v -0.01426117 0.10683610 -0.09648840
v -0.01426075 0.10683641 -0.09648800
v -0.01426055 0.10683661 -0.09648779
v -0.00720509 0.10778061 -0.09663549
v -0.00720526 0.10778061 -0.09663530
v -0.00720957 0.10778280 -0.09663160
v -0.00720949 0.10778280 -0.09663160
v -0.01073433 0.10730971 -0.09655929
v -0.00720850 0.10778200 -0.09663240
v -0.00720577 0.10778071 -0.09663479
v -0.00720998 0.10778321 -0.09663130
v -0.00721291 0.10778701 -0.09662950
v -0.00721279 0.10778680 -0.09662950
v -0.00721187 0.10778531 -0.09663000
v -0.00721127 0.10778451 -0.09663029
v -0.00721391 0.10779011 -0.09662939
v -0.00721372 0.10778920 -0.09662930
v -0.00721369 0.10778911 -0.09662930
v -0.00721319 0.10778760 -0.09662939
v -0.00721316 0.10778750 -0.09662939
v -0.00720897 0.10805591 -0.09506689
v -0.00720742 0.10805540 -0.09506610
v -0.00720744 0.10791861 -0.09584840
v -0.00720593 0.10805501 -0.09506530
v -0.00720510 0.10805501 -0.09506489
v -0.00720510 0.10791810 -0.09584829
v -0.00720333 0.10805510 -0.09506399
v -0.00720998 0.10778321 -0.09663130
v -0.00721127 0.10778451 -0.09663029
v -0.00721141 0.10792121 -0.09584890
v -0.00721369 0.10778911 -0.09662930
v -0.00721372 0.10778920 -0.09662930
v -0.00721403 0.10792770 -0.09585000
v -0.00721391 0.10779011 -0.09662939
v -0.00721403 0.10779140 -0.09662959
v -0.00721370 0.10792531 -0.09584959
v -0.00721319 0.10778760 -0.09662939
v -0.00721316 0.10778750 -0.09662939
v -0.00721281 0.10792311 -0.09584919
v -0.00721187 0.10778531 -0.09663000
v -0.00721279 0.10778680 -0.09662950
v -0.00721291 0.10778701 -0.09662950
v -0.00720949 0.10778280 -0.09663160
v -0.00720957 0.10778280 -0.09663160
v -0.00720959 0.10791971 -0.09584860
v -0.00720850 0.10778200 -0.09663240
v -0.00720577 0.10778071 -0.09663479
v -0.00720526 0.10778061 -0.09663530
v -0.00720509 0.10778061 -0.09663549
v -0.00720313 0.10778020 -0.09663729
v -0.00720503 0.10805501 -0.09506489
v -0.00720669 0.10805510 -0.09506570
v -0.00721182 0.10805800 -0.09506860
v -0.00721142 0.10805761 -0.09506829
v -0.00721136 0.10805761 -0.09506829
v -0.00720959 0.10805620 -0.09506730
v -0.00720940 0.10805610 -0.09506720
v -0.00721333 0.10806051 -0.09506959
v -0.00721300 0.10805980 -0.09506939
v -0.00721279 0.10805951 -0.09506919
v -0.00721258 0.10805920 -0.09506910
v -0.00721402 0.10806341 -0.09507020
v -0.00721390 0.10806251 -0.09507009
v -0.00721366 0.10806160 -0.09506990
v -0.00721353 0.10806121 -0.09506979
v -0.00721404 0.10806391 -0.09507029
v -0.01425519 0.10684280 -0.09648280
v -0.01425566 0.10684160 -0.09648320
v -0.01425551 0.10699031 -0.09563710
v -0.01426256 0.10683551 -0.09648980
v -0.01425464 0.10714061 -0.09479249
v -0.01425452 0.10714100 -0.09479280
v -0.01425433 0.10699470 -0.09563789
v -0.01425445 0.10714161 -0.09479310
v -0.01425431 0.10714280 -0.09479359
v -0.01425562 0.10713840 -0.09479080
v -0.01425465 0.10699241 -0.09563749
v -0.01425515 0.10713940 -0.09479159
v -0.01425476 0.10714010 -0.09479229
v -0.01425690 0.10713701 -0.09478909
v -0.01425647 0.10713750 -0.09478970
v -0.01425584 0.10713810 -0.09479049
v -0.01425862 0.10698681 -0.09563650
v -0.01425829 0.10713591 -0.09478729
v -0.01425685 0.10698841 -0.09563670
v -0.01425756 0.10713640 -0.09478819
v -0.01426070 0.10698571 -0.09563630
v -0.01426072 0.10713511 -0.09478460
v -0.01426052 0.10713521 -0.09478480
v -0.01426114 0.10713501 -0.09478399
v -0.01426253 0.10713491 -0.09478259
v -0.01425833 0.10683810 -0.09648570
v -0.01426055 0.10683661 -0.09648779
v -0.01426075 0.10683641 -0.09648800
v -0.01426117 0.10683610 -0.09648840
v -0.01425588 0.10684121 -0.09648339
v -0.01425651 0.10684041 -0.09648399
v -0.01425694 0.10683980 -0.09648440
v -0.01425760 0.10683890 -0.09648500
v -0.01425448 0.10684540 -0.09648219
v -0.01425455 0.10684481 -0.09648219
v -0.01425468 0.10684430 -0.09648230
v -0.01425480 0.10684381 -0.09648240
v -0.01425435 0.10684671 -0.09648210
v -0.00721390 0.10806251 -0.09507009
v -0.00721402 0.10806341 -0.09507020
v -0.00933448 0.10805311 -0.09346449
v -0.00721300 0.10805980 -0.09506939
v -0.00721333 0.10806051 -0.09506959
v -0.00933410 0.10805080 -0.09346400
v -0.00721353 0.10806121 -0.09506979
v -0.00721366 0.10806160 -0.09506990
v -0.00721142 0.10805761 -0.09506829
v -0.00721182 0.10805800 -0.09506860
v -0.00933341 0.10804880 -0.09346310
v -0.00721258 0.10805920 -0.09506910
v -0.00721279 0.10805951 -0.09506919
v -0.00721136 0.10805761 -0.09506829
v -0.00933245 0.10804710 -0.09346189
v -0.00720959 0.10805620 -0.09506730
v -0.00933245 0.10804710 -0.09346189
v -0.00720940 0.10805610 -0.09506720
v -0.00933129 0.10804580 -0.09346029
v -0.00720897 0.10805591 -0.09506689
v -0.00720742 0.10805540 -0.09506610
v -0.00932997 0.10804490 -0.09345860
v -0.00720669 0.10805510 -0.09506570
v -0.00720503 0.10805501 -0.09506489
v -0.00720510 0.10805501 -0.09506489
v -0.00720593 0.10805501 -0.09506530
v -0.00720333 0.10805510 -0.09506399
v -0.00932858 0.10804461 -0.09345669
v -0.01142303 0.10803511 -0.09186819
v -0.01144085 0.10803580 -0.09186239
v -0.01142961 0.10803541 -0.09186610
v -0.01142889 0.10803541 -0.09186630
v -0.01144179 0.10803611 -0.09186219
v -0.01144953 0.10803840 -0.09186010
v -0.01144773 0.10803760 -0.09186059
v -0.01144341 0.10803650 -0.09186169
v -0.01145287 0.10804101 -0.09185960
v -0.01145208 0.10804011 -0.09185960
v -0.01145204 0.10804011 -0.09185969
v -0.01145163 0.10803971 -0.09185969
v -0.01145058 0.10803911 -0.09185989
v -0.01145367 0.10804330 -0.09185980
v -0.01145357 0.10804251 -0.09185969
v -0.01145345 0.10804210 -0.09185960
v -0.01145311 0.10804130 -0.09185960
v -0.01145294 0.10804110 -0.09185960
v -0.01425584 0.10713810 -0.09479049
v -0.01425647 0.10713750 -0.09478970
v -0.01211681 0.10742170 -0.09484440
v -0.00997796 0.10771141 -0.09490289
v -0.00997787 0.10771220 -0.09490310
v -0.01211775 0.10742791 -0.09484849
v -0.01211740 0.10742550 -0.09484770
v -0.01425429 0.10714410 -0.09479390
v -0.00997822 0.10771061 -0.09490269
v -0.00997983 0.10770840 -0.09490159
v -0.00997934 0.10770900 -0.09490190
v -0.00997877 0.10770971 -0.09490229
v -0.00997855 0.10770991 -0.09490240
v -0.00998449 0.10770540 -0.09489939
v -0.00998257 0.10770660 -0.09490029
v -0.01211708 0.10742341 -0.09484629
v -0.00998173 0.10770711 -0.09490069
v -0.00998020 0.10770810 -0.09490139
v -0.00999352 0.10770291 -0.09489590
v -0.00999279 0.10770311 -0.09489619
v -0.01211659 0.10742051 -0.09484199
v -0.00998648 0.10770460 -0.09489860
v -0.01211646 0.10741990 -0.09483949
v -0.01000620 0.10770041 -0.09489109
v -0.01000319 0.10770070 -0.09489219
v -0.01000001 0.10770141 -0.09489340
v -0.00999966 0.10770151 -0.09489349
v -0.01426072 0.10713511 -0.09478460
v -0.01426052 0.10713521 -0.09478480
v -0.01426114 0.10713501 -0.09478399
v -0.01426253 0.10713491 -0.09478259
v -0.01425690 0.10713701 -0.09478909
v -0.01425756 0.10713640 -0.09478819
v -0.01425829 0.10713591 -0.09478729
v -0.01425464 0.10714061 -0.09479249
v -0.01425476 0.10714010 -0.09479229
v -0.01425515 0.10713940 -0.09479159
v -0.01425562 0.10713840 -0.09479080
v -0.01425431 0.10714280 -0.09479359
v -0.01425445 0.10714161 -0.09479310
v -0.01425452 0.10714100 -0.09479280
v -0.00720318 0.10859830 -0.09195599
v -0.01145287 0.10804101 -0.09185960
v -0.01145294 0.10804110 -0.09185960
v -0.00933481 0.10832521 -0.09190390
v -0.01145208 0.10804011 -0.09185960
v -0.01145311 0.10804130 -0.09185960
v -0.01145345 0.10804210 -0.09185960
v -0.01145357 0.10804251 -0.09185969
v -0.00933414 0.10832020 -0.09190440
v -0.01144953 0.10803840 -0.09186010
v -0.00933447 0.10832271 -0.09190379
v -0.01145058 0.10803911 -0.09185989
v -0.01145163 0.10803971 -0.09185969
v -0.01145204 0.10804011 -0.09185969
v -0.01144085 0.10803580 -0.09186239
v -0.01144179 0.10803611 -0.09186219
v -0.00933387 0.10831791 -0.09190559
v -0.01144341 0.10803650 -0.09186169
v -0.01144773 0.10803760 -0.09186059
v -0.00933366 0.10831601 -0.09190739
v -0.00933352 0.10831470 -0.09190960
v -0.01142961 0.10803541 -0.09186610
v -0.01142303 0.10803511 -0.09186819
v -0.01142889 0.10803541 -0.09186630
v -0.00720514 0.10859871 -0.09195410
v -0.00720531 0.10859871 -0.09195399
v -0.00720962 0.10860100 -0.09195019
v -0.00720954 0.10860090 -0.09195030
v -0.00933366 0.10831601 -0.09190739
v -0.00720855 0.10860020 -0.09195109
v -0.00720582 0.10859881 -0.09195350
v -0.00721003 0.10860141 -0.09194990
v -0.00721296 0.10860511 -0.09194810
v -0.00721284 0.10860490 -0.09194819
v -0.00721192 0.10860341 -0.09194859
v -0.00721132 0.10860261 -0.09194900
v -0.00721396 0.10860821 -0.09194810
v -0.00721377 0.10860730 -0.09194799
v -0.00721373 0.10860721 -0.09194799
v -0.00721324 0.10860570 -0.09194799
v -0.00721321 0.10860560 -0.09194799
v -0.01425458 0.10768510 -0.09168699
v -0.01425452 0.10768531 -0.09168699
v -0.01211706 0.10769700 -0.09329429
v -0.01425449 0.10768561 -0.09168699
v -0.01211706 0.10769941 -0.09329429
v -0.01425425 0.10768751 -0.09168710
v -0.01425424 0.10768801 -0.09168710
v -0.01425580 0.10768220 -0.09168730
v -0.01425548 0.10768290 -0.09168719
v -0.01211741 0.10769461 -0.09329480
v -0.01425533 0.10768320 -0.09168719
v -0.01425480 0.10768431 -0.09168699
v -0.01425848 0.10767911 -0.09168829
v -0.01425793 0.10767961 -0.09168809
v -0.01211810 0.10769250 -0.09329570
v -0.01425683 0.10768081 -0.09168769
v -0.01425664 0.10768110 -0.09168760
v -0.01425623 0.10768151 -0.09168739
v -0.01426229 0.10767721 -0.09169000
v -0.01212030 0.10768931 -0.09329859
v -0.01426078 0.10767770 -0.09168930
v -0.01426063 0.10767781 -0.09168930
v -0.01000319 0.10770070 -0.09489219
v -0.01000620 0.10770041 -0.09489109
v -0.00999279 0.10770311 -0.09489619
v -0.00999352 0.10770291 -0.09489590
v -0.01211908 0.10769070 -0.09329699
v -0.00999966 0.10770151 -0.09489349
v -0.01000001 0.10770141 -0.09489340
v -0.01426056 0.10767791 -0.09168919
v -0.00998173 0.10770711 -0.09490069
v -0.00998257 0.10770660 -0.09490029
v -0.00998449 0.10770540 -0.09489939
v -0.00998648 0.10770460 -0.09489860
v -0.00998020 0.10770810 -0.09490139
v -0.00997983 0.10770840 -0.09490159
v -0.00997796 0.10771141 -0.09490289
v -0.00997822 0.10771061 -0.09490269
v -0.00997855 0.10770991 -0.09490240
v -0.00997877 0.10770971 -0.09490229
v -0.00997934 0.10770900 -0.09490190
v -0.00721373 0.10860721 -0.09194799
v -0.00721377 0.10860730 -0.09194799
v -0.00721408 0.10875500 -0.09111570
v -0.00721396 0.10860821 -0.09194810
v -0.00721407 0.10860960 -0.09194830
v -0.00721375 0.10875271 -0.09111529
v -0.00721324 0.10860570 -0.09194799
v -0.00721321 0.10860560 -0.09194799
v -0.00721286 0.10875051 -0.09111489
v -0.00721146 0.10874860 -0.09111459
v -0.00721132 0.10860261 -0.09194900
v -0.00721192 0.10860341 -0.09194859
v -0.00721284 0.10860490 -0.09194819
v -0.00721296 0.10860511 -0.09194810
v -0.00720964 0.10874701 -0.09111430
v -0.00720962 0.10860100 -0.09195019
v -0.00721003 0.10860141 -0.09194990
v -0.00720531 0.10859871 -0.09195399
v -0.00720582 0.10859881 -0.09195350
v -0.00720749 0.10874601 -0.09111410
v -0.00720855 0.10860020 -0.09195109
v -0.00720954 0.10860090 -0.09195030
v -0.00720515 0.10874540 -0.09111399
v -0.00720514 0.10859871 -0.09195410
v -0.00720318 0.10859830 -0.09195599
v -0.00720859 0.10889271 -0.09027740
v -0.00720586 0.10889220 -0.09027470
v -0.00720533 0.10889231 -0.09027420
v -0.00720516 0.10889231 -0.09027400
v -0.00720320 0.10889261 -0.09027209
v -0.00721135 0.10889431 -0.09028010
v -0.00721005 0.10889341 -0.09027879
v -0.00720964 0.10889310 -0.09027839
v -0.00720957 0.10889310 -0.09027830
v -0.00721323 0.10889680 -0.09028210
v -0.00721298 0.10889631 -0.09028179
v -0.00721285 0.10889611 -0.09028169
v -0.00721195 0.10889490 -0.09028070
v -0.00721398 0.10889921 -0.09028289
v -0.00721379 0.10889831 -0.09028269
v -0.00721375 0.10889821 -0.09028259
v -0.00721326 0.10889690 -0.09028210
v -0.00721409 0.10890050 -0.09028320
v -0.01425533 0.10768320 -0.09168719
v -0.01425548 0.10768290 -0.09168719
v -0.01425541 0.10782181 -0.09089439
v -0.01425455 0.10796300 -0.09010220
v -0.01425442 0.10796341 -0.09010249
v -0.01425423 0.10782631 -0.09089520
v -0.01425435 0.10796400 -0.09010279
v -0.01425422 0.10796521 -0.09010330
v -0.01425467 0.10796261 -0.09010200
v -0.01425455 0.10782400 -0.09089480
v -0.01425506 0.10796180 -0.09010130
v -0.01425553 0.10796081 -0.09010049
v -0.01425575 0.10796051 -0.09010020
v -0.01425819 0.10795830 -0.09009700
v -0.01425747 0.10795881 -0.09009790
v -0.01425676 0.10781991 -0.09089410
v -0.01425681 0.10795940 -0.09009880
v -0.01425638 0.10795991 -0.09009939
v -0.01425854 0.10795820 -0.09009660
v -0.01425853 0.10781840 -0.09089379
v -0.01426043 0.10795761 -0.09009449
v -0.01426062 0.10795750 -0.09009419
v -0.01426061 0.10781730 -0.09089360
v -0.01426104 0.10795740 -0.09009379
v -0.01426244 0.10795730 -0.09009230
v -0.01426229 0.10767721 -0.09169000
v -0.01426078 0.10767770 -0.09168930
v -0.01426063 0.10767781 -0.09168930
v -0.01426056 0.10767791 -0.09168919
v -0.01425848 0.10767911 -0.09168829
v -0.01425580 0.10768220 -0.09168730
v -0.01425623 0.10768151 -0.09168739
v -0.01425664 0.10768110 -0.09168760
v -0.01425683 0.10768081 -0.09168769
v -0.01425793 0.10767961 -0.09168809
v -0.01425449 0.10768561 -0.09168699
v -0.01425452 0.10768531 -0.09168699
v -0.01425458 0.10768510 -0.09168699
v -0.01425480 0.10768431 -0.09168699
v -0.01425425 0.10768751 -0.09168710
v -0.01425422 0.10796521 -0.09010330
v -0.01425435 0.10796400 -0.09010279
v -0.01073510 0.10843020 -0.09019239
v -0.01425575 0.10796051 -0.09010020
v -0.01425638 0.10795991 -0.09009939
v -0.01073451 0.10842640 -0.09018910
v -0.01426043 0.10795761 -0.09009449
v -0.01426062 0.10795750 -0.09009419
v -0.01426104 0.10795740 -0.09009379
v -0.01426244 0.10795730 -0.09009230
v -0.01073429 0.10842521 -0.09018679
v -0.01425819 0.10795830 -0.09009700
v -0.01073416 0.10842470 -0.09018429
v -0.01425854 0.10795820 -0.09009660
v -0.01425681 0.10795940 -0.09009880
v -0.01425747 0.10795881 -0.09009790
v -0.01073478 0.10842811 -0.09019099
v -0.01425506 0.10796180 -0.09010130
v -0.01425553 0.10796081 -0.09010049
v -0.01425442 0.10796341 -0.09010249
v -0.01425455 0.10796300 -0.09010220
v -0.01425467 0.10796261 -0.09010200
v -0.01425419 0.10796650 -0.09010360
v -0.00721379 0.10889831 -0.09028269
v -0.00721398 0.10889921 -0.09028289
v -0.01073544 0.10843271 -0.09019320
v -0.00721375 0.10889821 -0.09028259
v -0.00721285 0.10889611 -0.09028169
v -0.00721298 0.10889631 -0.09028179
v -0.00721195 0.10889490 -0.09028070
v -0.00721323 0.10889680 -0.09028210
v -0.00721326 0.10889690 -0.09028210
v -0.00720859 0.10889271 -0.09027740
v -0.00720957 0.10889310 -0.09027830
v -0.00720964 0.10889310 -0.09027839
v -0.00721005 0.10889341 -0.09027879
v -0.00721135 0.10889431 -0.09028010
v -0.00720320 0.10889261 -0.09027209
v -0.00720516 0.10889231 -0.09027400
v -0.00720533 0.10889231 -0.09027420
v -0.01073429 0.10842521 -0.09018679
v -0.00720586 0.10889220 -0.09027470
v -0.00977353 0.11124691 -0.07480380
v -0.01123121 0.11106440 -0.07476589
v -0.01123119 0.11106570 -0.07476600
v -0.01050909 0.11116111 -0.07478089
v -0.01123135 0.11106311 -0.07476589
v -0.01123166 0.11106151 -0.07476620
v -0.01123154 0.11106200 -0.07476609
v -0.01050875 0.11115861 -0.07478080
v -0.01123141 0.11106251 -0.07476600
v -0.01123206 0.11106051 -0.07476649
v -0.01050843 0.11115610 -0.07478140
v -0.01123252 0.11105941 -0.07476699
v -0.01123518 0.11105591 -0.07476939
v -0.01123446 0.11105661 -0.07476870
v -0.01050816 0.11115381 -0.07478259
v -0.01123381 0.11105751 -0.07476809
v -0.01123338 0.11105810 -0.07476769
v -0.01123274 0.11105900 -0.07476710
v -0.01123944 0.11105330 -0.07477349
v -0.01123803 0.11105391 -0.07477209
v -0.01050781 0.11115060 -0.07478660
v -0.01123762 0.11105411 -0.07477180
v -0.01123743 0.11105430 -0.07477160
v -0.01050795 0.11115201 -0.07478439
v -0.01123554 0.11105561 -0.07476980
v -0.00977548 0.11124730 -0.07480189
v -0.00977566 0.11124730 -0.07480169
v -0.00977996 0.11124961 -0.07479800
v -0.00977988 0.11124950 -0.07479809
v -0.00977889 0.11124881 -0.07479879
v -0.00977617 0.11124750 -0.07480119
v -0.00978037 0.11125001 -0.07479769
v -0.00978330 0.11125371 -0.07479589
v -0.00978317 0.11125351 -0.07479589
v -0.00978226 0.11125200 -0.07479640
v -0.00978166 0.11125120 -0.07479679
v -0.00978429 0.11125690 -0.07479580
v -0.00978411 0.11125590 -0.07479569
v -0.00978407 0.11125580 -0.07479580
v -0.00978357 0.11125441 -0.07479580
v -0.01050843 0.11115610 -0.07478140
v -0.00978355 0.11125431 -0.07479580
v -0.00978429 0.11125690 -0.07479580
v -0.00978441 0.11125821 -0.07479609
v -0.00978443 0.11152650 -0.07326190
v -0.00978321 0.11152190 -0.07326109
v -0.00978317 0.11125351 -0.07479589
v -0.00978409 0.11152411 -0.07326150
v -0.00978330 0.11125371 -0.07479589
v -0.00978355 0.11125431 -0.07479580
v -0.00978357 0.11125441 -0.07479580
v -0.00978407 0.11125580 -0.07479580
v -0.00978411 0.11125590 -0.07479569
v -0.00977988 0.11124950 -0.07479809
v -0.00977996 0.11124961 -0.07479800
v -0.00977999 0.11151851 -0.07326049
v -0.00978037 0.11125001 -0.07479769
v -0.00978181 0.11152000 -0.07326080
v -0.00978166 0.11125120 -0.07479679
v -0.00978226 0.11125200 -0.07479640
v -0.00977889 0.11124881 -0.07479879
v -0.00977785 0.11151741 -0.07326029
v -0.00977617 0.11124750 -0.07480119
v -0.00977551 0.11151690 -0.07326019
v -0.00977353 0.11124691 -0.07480380
v -0.00977548 0.11124730 -0.07480189
v -0.00977566 0.11124730 -0.07480169
v -0.00977357 0.11178351 -0.07173510
v -0.00977552 0.11178400 -0.07173319
v -0.00977570 0.11178400 -0.07173309
v -0.00977621 0.11178411 -0.07173260
v -0.00977894 0.11178541 -0.07173019
v -0.00977992 0.11178621 -0.07172940
v -0.00978000 0.11178621 -0.07172929
v -0.00978230 0.11178870 -0.07172770
v -0.00978170 0.11178791 -0.07172810
v -0.00978041 0.11178660 -0.07172900
v -0.00978359 0.11179091 -0.07172709
v -0.00978334 0.11179040 -0.07172720
v -0.00978321 0.11179020 -0.07172729
v -0.00978444 0.11179481 -0.07172740
v -0.00978433 0.11179351 -0.07172720
v -0.00978415 0.11179261 -0.07172709
v -0.00978410 0.11179251 -0.07172709
v -0.00978361 0.11179101 -0.07172709
v -0.01123206 0.11106051 -0.07476649
v -0.01123252 0.11105941 -0.07476699
v -0.01123237 0.11132840 -0.07323089
v -0.01123944 0.11105330 -0.07477349
v -0.01123441 0.11159360 -0.07170010
v -0.01123376 0.11159450 -0.07169949
v -0.01123372 0.11132651 -0.07323049
v -0.01123162 0.11159851 -0.07169760
v -0.01123150 0.11159900 -0.07169749
v -0.01123151 0.11133060 -0.07323120
v -0.01123131 0.11160010 -0.07169729
v -0.01123117 0.11160141 -0.07169729
v -0.01123119 0.11133291 -0.07323159
v -0.01123137 0.11159951 -0.07169740
v -0.01123334 0.11159511 -0.07169909
v -0.01123270 0.11159601 -0.07169850
v -0.01123248 0.11159640 -0.07169830
v -0.01123202 0.11159751 -0.07169790
v -0.01123758 0.11159111 -0.07170309
v -0.01123739 0.11159131 -0.07170300
v -0.01123549 0.11132500 -0.07323019
v -0.01123550 0.11159260 -0.07170120
v -0.01123372 0.11132651 -0.07323049
v -0.01123514 0.11159291 -0.07170080
v -0.01123757 0.11132390 -0.07322999
v -0.01123940 0.11159021 -0.07170489
v -0.01123798 0.11159090 -0.07170350
v -0.01123518 0.11105591 -0.07476939
v -0.01123554 0.11105561 -0.07476980
v -0.01123743 0.11105430 -0.07477160
v -0.01123762 0.11105411 -0.07477180
v -0.01123803 0.11105391 -0.07477209
v -0.01123274 0.11105900 -0.07476710
v -0.01123338 0.11105810 -0.07476769
v -0.01123381 0.11105751 -0.07476809
v -0.01123446 0.11105661 -0.07476870
v -0.01123135 0.11106311 -0.07476589
v -0.01123141 0.11106251 -0.07476600
v -0.01123154 0.11106200 -0.07476609
v -0.01123166 0.11106151 -0.07476620
v -0.01123121 0.11106440 -0.07476589
v -0.00720340 0.11212250 -0.07178810
v -0.00978000 0.11178621 -0.07172929
v -0.00978041 0.11178660 -0.07172900
v -0.00849953 0.11195550 -0.07175540
v -0.00978170 0.11178791 -0.07172810
v -0.00978230 0.11178870 -0.07172770
v -0.00849981 0.11195781 -0.07175419
v -0.00978359 0.11179091 -0.07172709
v -0.00978361 0.11179101 -0.07172709
v -0.00850012 0.11196030 -0.07175360
v -0.00978410 0.11179251 -0.07172709
v -0.00850046 0.11196280 -0.07175360
v -0.00978415 0.11179261 -0.07172709
v -0.00978433 0.11179351 -0.07172720
v -0.00978334 0.11179040 -0.07172720
v -0.00978321 0.11179020 -0.07172729
v -0.00977570 0.11178400 -0.07173309
v -0.00977621 0.11178411 -0.07173260
v -0.00849932 0.11195360 -0.07175720
v -0.00977894 0.11178541 -0.07173019
v -0.00977992 0.11178621 -0.07172940
v -0.00849919 0.11195231 -0.07175929
v -0.00977357 0.11178351 -0.07173510
v -0.00977552 0.11178400 -0.07173319
v -0.00720975 0.11212510 -0.07178239
v -0.00720877 0.11212440 -0.07178309
v -0.00720604 0.11212301 -0.07178550
v -0.00720553 0.11212291 -0.07178599
v -0.00720535 0.11212291 -0.07178619
v -0.00721212 0.11212761 -0.07178070
v -0.00721153 0.11212681 -0.07178109
v -0.00721024 0.11212561 -0.07178199
v -0.00720983 0.11212520 -0.07178230
v -0.00721317 0.11212931 -0.07178019
v -0.00721304 0.11212910 -0.07178019
v -0.00721213 0.11212761 -0.07178070
v -0.00721416 0.11213251 -0.07178010
v -0.00721397 0.11213151 -0.07177999
v -0.00721393 0.11213141 -0.07177999
v -0.00721344 0.11213000 -0.07178010
v -0.00721341 0.11212990 -0.07178010
v -0.01278449 0.11138720 -0.07167120
v -0.01278466 0.11138720 -0.07167109
v -0.01201229 0.11148900 -0.07168699
v -0.01279075 0.11139130 -0.07166610
v -0.01279126 0.11139190 -0.07166569
v -0.01201291 0.11149450 -0.07168179
v -0.01201356 0.11149950 -0.07168119
v -0.01123114 0.11160270 -0.07169740
v -0.01123117 0.11160141 -0.07169729
v -0.01279255 0.11139410 -0.07166509
v -0.01279258 0.11139421 -0.07166509
v -0.01201322 0.11149701 -0.07168119
v -0.01279289 0.11139500 -0.07166509
v -0.01279304 0.11139570 -0.07166509
v -0.01279330 0.11139670 -0.07166520
v -0.01279159 0.11139231 -0.07166560
v -0.01201264 0.11149221 -0.07168299
v -0.01201243 0.11149041 -0.07168479
v -0.01278712 0.11138830 -0.07166889
v -0.01278889 0.11138940 -0.07166740
v -0.01278941 0.11138981 -0.07166700
v -0.01278957 0.11139000 -0.07166690
v -0.01278517 0.11138730 -0.07167059
v -0.01278621 0.11138771 -0.07166960
v -0.01278680 0.11138810 -0.07166909
v -0.01278253 0.11138681 -0.07167309
v -0.01123739 0.11159131 -0.07170300
v -0.01123758 0.11159111 -0.07170309
v -0.01123940 0.11159021 -0.07170489
v -0.01123798 0.11159090 -0.07170350
v -0.01123550 0.11159260 -0.07170120
v -0.01123334 0.11159511 -0.07169909
v -0.01123376 0.11159450 -0.07169949
v -0.01123441 0.11159360 -0.07170010
v -0.01123514 0.11159291 -0.07170080
v -0.01123270 0.11159601 -0.07169850
v -0.01123248 0.11159640 -0.07169830
v -0.01123131 0.11160010 -0.07169729
v -0.01123137 0.11159951 -0.07169740
v -0.01123150 0.11159900 -0.07169749
v -0.01123162 0.11159851 -0.07169760
v -0.01201291 0.11149450 -0.07168179
v -0.01123202 0.11159751 -0.07169790
v -0.00721393 0.11213141 -0.07177999
v -0.00721397 0.11213151 -0.07177999
v -0.00721428 0.11228870 -0.07089419
v -0.00721416 0.11213251 -0.07178010
v -0.00721427 0.11213380 -0.07178030
v -0.00721304 0.11212910 -0.07178019
v -0.00721317 0.11212931 -0.07178019
v -0.00721395 0.11228631 -0.07089379
v -0.00721341 0.11212990 -0.07178010
v -0.00721344 0.11213000 -0.07178010
v -0.00721024 0.11212561 -0.07178199
v -0.00721153 0.11212681 -0.07178109
v -0.00721167 0.11228221 -0.07089309
v -0.00721212 0.11212761 -0.07178070
v -0.00721306 0.11228411 -0.07089340
v -0.00721213 0.11212761 -0.07178070
v -0.00720553 0.11212291 -0.07178599
v -0.00720604 0.11212301 -0.07178550
v -0.00720770 0.11227961 -0.07089259
v -0.00720877 0.11212440 -0.07178309
v -0.00720985 0.11228061 -0.07089280
v -0.00720975 0.11212510 -0.07178239
v -0.00720983 0.11212520 -0.07178230
v -0.00720536 0.11227900 -0.07089250
v -0.00720535 0.11212291 -0.07178619
v -0.00720340 0.11212250 -0.07178810
v -0.00720883 0.11243631 -0.07000239
v -0.00720611 0.11243580 -0.06999969
v -0.00720556 0.11243590 -0.06999920
v -0.00720538 0.11243590 -0.06999899
v -0.00720343 0.11243610 -0.06999710
v -0.00721158 0.11243790 -0.07000520
v -0.00721028 0.11243700 -0.07000390
v -0.00720986 0.11243670 -0.07000349
v -0.00720981 0.11243670 -0.07000340
v -0.00721345 0.11244040 -0.07000709
v -0.00721321 0.11243991 -0.07000689
v -0.00721306 0.11243970 -0.07000669
v -0.00721218 0.11243850 -0.07000579
v -0.00721348 0.11244050 -0.07000720
v -0.00721419 0.11244291 -0.07000799
v -0.00721401 0.11244191 -0.07000770
v -0.00721396 0.11244181 -0.07000770
v -0.00721430 0.11244410 -0.07000819
v -0.01279338 0.11110631 -0.07333169
v -0.01279341 0.11139801 -0.07166540
v -0.01279330 0.11139670 -0.07166520
v -0.01279305 0.11110390 -0.07333129
v -0.01279299 0.11081221 -0.07499740
v -0.01279324 0.11081321 -0.07499749
v -0.01279335 0.11081450 -0.07499769
v -0.01279249 0.11081061 -0.07499740
v -0.01279253 0.11081070 -0.07499740
v -0.01279283 0.11081151 -0.07499729
v -0.01279209 0.11080990 -0.07499760
v -0.01279216 0.11110171 -0.07333090
v -0.01279153 0.11080881 -0.07499780
v -0.01278935 0.11080630 -0.07499929
v -0.01278952 0.11080651 -0.07499920
v -0.01279077 0.11109981 -0.07333059
v -0.01279070 0.11080781 -0.07499839
v -0.01279121 0.11080841 -0.07499800
v -0.01278895 0.11109830 -0.07333030
v -0.01278883 0.11080591 -0.07499969
v -0.01278707 0.11080481 -0.07500109
v -0.01278680 0.11109720 -0.07333009
v -0.01278674 0.11080461 -0.07500140
v -0.01278461 0.11080371 -0.07500329
v -0.01278511 0.11080381 -0.07500289
v -0.01278615 0.11080420 -0.07500190
v -0.01278446 0.11109671 -0.07333009
v -0.01278443 0.11080371 -0.07500349
v -0.01278248 0.11080321 -0.07500540
v -0.01278253 0.11138681 -0.07167309
v -0.01278449 0.11138720 -0.07167120
v -0.01278466 0.11138720 -0.07167109
v -0.01278517 0.11138730 -0.07167059
v -0.01278712 0.11138830 -0.07166889
v -0.01278680 0.11138810 -0.07166909
v -0.01278621 0.11138771 -0.07166960
v -0.01278889 0.11138940 -0.07166740
v -0.01278941 0.11138981 -0.07166700
v -0.01278957 0.11139000 -0.07166690
v -0.01279255 0.11139410 -0.07166509
v -0.01279159 0.11139231 -0.07166560
v -0.01279126 0.11139190 -0.07166569
v -0.01279075 0.11139130 -0.07166610
v -0.01279304 0.11139570 -0.07166509
v -0.01279289 0.11139500 -0.07166509
v -0.01279258 0.11139421 -0.07166509
v -0.01426203 0.11151271 -0.06981959
v -0.00721401 0.11244191 -0.07000770
v -0.00721419 0.11244291 -0.07000799
v -0.01073532 0.11198221 -0.06991940
v -0.00721396 0.11244181 -0.07000770
v -0.00721321 0.11243991 -0.07000689
v -0.01073499 0.11197970 -0.06991859
v -0.00721306 0.11243970 -0.07000669
v -0.01073467 0.11197761 -0.06991720
v -0.00721345 0.11244040 -0.07000709
v -0.00721348 0.11244050 -0.07000720
v -0.00721028 0.11243700 -0.07000390
v -0.00721158 0.11243790 -0.07000520
v -0.00721218 0.11243850 -0.07000579
v -0.00720556 0.11243590 -0.06999920
v -0.00720611 0.11243580 -0.06999969
v -0.01073419 0.11197471 -0.06991299
v -0.00720883 0.11243631 -0.07000239
v -0.01073440 0.11197590 -0.06991529
v -0.00720981 0.11243670 -0.07000340
v -0.00720986 0.11243670 -0.07000349
v -0.01073405 0.11197420 -0.06991050
v -0.00720343 0.11243610 -0.06999710
v -0.00720538 0.11243590 -0.06999899
v -0.01425638 0.11151481 -0.06982609
v -0.01425777 0.11151371 -0.06982429
v -0.01425906 0.11151320 -0.06982279
v -0.01426001 0.11151301 -0.06982179
v -0.01426023 0.11151301 -0.06982159
v -0.01425425 0.11151790 -0.06982929
v -0.01425440 0.11151751 -0.06982899
v -0.01425533 0.11151590 -0.06982749
v -0.01425590 0.11151520 -0.06982670
v -0.01425591 0.11151520 -0.06982670
v -0.01425380 0.11152051 -0.06983059
v -0.01425387 0.11151961 -0.06983019
v -0.01425391 0.11151941 -0.06983009
v -0.01425415 0.11151841 -0.06982949
v -0.01425377 0.11152190 -0.06983090
v -0.01278248 0.11080321 -0.07500540
v -0.01425392 0.11061890 -0.07496719
v -0.01425389 0.11062031 -0.07496730
v -0.01352491 0.11071660 -0.07498240
v -0.01425406 0.11061760 -0.07496730
v -0.01425412 0.11061700 -0.07496730
v -0.01352458 0.11071400 -0.07498229
v -0.01425425 0.11061651 -0.07496740
v -0.01425437 0.11061600 -0.07496749
v -0.01425477 0.11061500 -0.07496789
v -0.01352426 0.11071151 -0.07498289
v -0.01425523 0.11061390 -0.07496830
v -0.01425789 0.11061040 -0.07497079
v -0.01425716 0.11061110 -0.07497009
v -0.01352399 0.11070930 -0.07498409
v -0.01425651 0.11061200 -0.07496949
v -0.01425609 0.11061261 -0.07496910
v -0.01425545 0.11061351 -0.07496850
v -0.01352377 0.11070740 -0.07498590
v -0.01352364 0.11070601 -0.07498809
v -0.01425824 0.11061011 -0.07497109
v -0.01426215 0.11060781 -0.07497489
v -0.01426073 0.11060840 -0.07497349
v -0.01426033 0.11060871 -0.07497309
v -0.01426014 0.11060881 -0.07497289
v -0.01278615 0.11080420 -0.07500190
v -0.01278511 0.11080381 -0.07500289
v -0.01278461 0.11080371 -0.07500329
v -0.01278443 0.11080371 -0.07500349
v -0.01278952 0.11080651 -0.07499920
v -0.01278935 0.11080630 -0.07499929
v -0.01352377 0.11070740 -0.07498590
v -0.01278883 0.11080591 -0.07499969
v -0.01278707 0.11080481 -0.07500109
v -0.01278674 0.11080461 -0.07500140
v -0.01279209 0.11080990 -0.07499760
v -0.01279153 0.11080881 -0.07499780
v -0.01279121 0.11080841 -0.07499800
v -0.01279070 0.11080781 -0.07499839
v -0.01279299 0.11081221 -0.07499740
v -0.01279283 0.11081151 -0.07499729
v -0.01279253 0.11081070 -0.07499740
v -0.01352426 0.11071151 -0.07498289
v -0.01279249 0.11081061 -0.07499740
v -0.01279324 0.11081321 -0.07499749
v -0.01425412 0.11061700 -0.07496730
v -0.01425425 0.11061651 -0.07496740
v -0.01425419 0.11106750 -0.07239349
v -0.01425789 0.11061040 -0.07497079
v -0.01425824 0.11061011 -0.07497109
v -0.01425817 0.11106190 -0.07239250
v -0.01426215 0.11060781 -0.07497489
v -0.01426073 0.11060840 -0.07497349
v -0.01426026 0.11106080 -0.07239230
v -0.01426014 0.11060881 -0.07497289
v -0.01426033 0.11060871 -0.07497309
v -0.01425523 0.11061390 -0.07496830
v -0.01425545 0.11061351 -0.07496850
v -0.01425640 0.11106350 -0.07239280
v -0.01425609 0.11061261 -0.07496910
v -0.01425651 0.11061200 -0.07496949
v -0.01425716 0.11061110 -0.07497009
v -0.01425505 0.11106540 -0.07239309
v -0.01425437 0.11061600 -0.07496749
v -0.01425477 0.11061500 -0.07496789
v -0.01425387 0.11106981 -0.07239390
v -0.01425392 0.11061890 -0.07496719
v -0.01425406 0.11061760 -0.07496730
v -0.01425387 0.11151961 -0.06983019
v -0.01425380 0.11152051 -0.06983059
v -0.01425391 0.11151941 -0.06983009
v -0.01425415 0.11151841 -0.06982949
v -0.01425425 0.11151790 -0.06982929
v -0.01425638 0.11151481 -0.06982609
v -0.01425591 0.11151520 -0.06982670
v -0.01425590 0.11151520 -0.06982670
v -0.01425533 0.11151590 -0.06982749
v -0.01425440 0.11151751 -0.06982899
v -0.01425777 0.11151371 -0.06982429
v -0.01426203 0.11151271 -0.06981959
v -0.01426023 0.11151301 -0.06982159
v -0.01426001 0.11151301 -0.06982179
v -0.01425906 0.11151320 -0.06982279
v -0.01426250 0.11136061 -0.07068400
v -0.00720534 0.11029761 -0.08223210
v -0.00720524 0.11029770 -0.08223199
v -0.00720524 0.11013621 -0.08315559
v -0.00720320 0.11029811 -0.08222889
v -0.00721410 0.10998550 -0.08406959
v -0.00721415 0.10998640 -0.08406979
v -0.00721416 0.11014580 -0.08315730
v -0.00721370 0.10998360 -0.08406939
v -0.00721379 0.10998401 -0.08406939
v -0.00721383 0.11014351 -0.08315690
v -0.00721360 0.10998330 -0.08406939
v -0.00721150 0.10997970 -0.08406990
v -0.00721196 0.10998021 -0.08406970
v -0.00721294 0.11014130 -0.08315649
v -0.00721238 0.10998080 -0.08406950
v -0.00721288 0.10998180 -0.08406939
v -0.00721339 0.10998270 -0.08406939
v -0.00721115 0.10997941 -0.08407000
v -0.00721154 0.11013930 -0.08315620
v -0.00720763 0.10997671 -0.08407170
v -0.00720938 0.10997780 -0.08407080
v -0.00720972 0.11013781 -0.08315589
v -0.00720991 0.10997811 -0.08407049
v -0.00721031 0.10997851 -0.08407029
v -0.00720336 0.10997561 -0.08407440
v -0.00720436 0.10997571 -0.08407369
v -0.00720509 0.10997590 -0.08407330
v -0.00720521 0.10997590 -0.08407319
v -0.00720758 0.11013671 -0.08315570
v -0.00720712 0.10997651 -0.08407200
v -0.00720757 0.10997661 -0.08407179
v -0.00720990 0.11029821 -0.08223879
v -0.00720891 0.11029780 -0.08223730
v -0.00720754 0.11029770 -0.08223530
v -0.00720567 0.11029761 -0.08223260
v -0.00721217 0.11029980 -0.08224200
v -0.00721166 0.11029931 -0.08224130
v -0.00721154 0.11029931 -0.08224119
v -0.00720995 0.11029821 -0.08223879
v -0.00721293 0.11030091 -0.08224310
v -0.00721335 0.11030160 -0.08224369
v -0.00721316 0.11030131 -0.08224349
v -0.00721307 0.11030111 -0.08224330
v -0.00721417 0.11030520 -0.08224499
v -0.00721397 0.11030350 -0.08224459
v -0.00721384 0.11030291 -0.08224439
v -0.00721381 0.11030281 -0.08224439
v -0.00721316 0.11030131 -0.08224349
v -0.00721335 0.11030160 -0.08224369
v -0.01073515 0.10957911 -0.08364129
v -0.00721381 0.11030281 -0.08224439
v -0.00721384 0.11030291 -0.08224439
v -0.00721397 0.11030350 -0.08224459
v -0.00721307 0.11030111 -0.08224330
v -0.01073501 0.10957670 -0.08364039
v -0.00721293 0.11030091 -0.08224310
v -0.00720995 0.11029821 -0.08223879
v -0.00721154 0.11029931 -0.08224119
v -0.01073513 0.10957461 -0.08363900
v -0.00721166 0.11029931 -0.08224130
v -0.00721217 0.11029980 -0.08224200
v -0.00720567 0.11029761 -0.08223260
v -0.00720754 0.11029770 -0.08223530
v -0.01073608 0.10957171 -0.08363510
v -0.00720891 0.11029780 -0.08223730
v -0.01073549 0.10957290 -0.08363729
v -0.00720990 0.11029821 -0.08223879
v -0.00720320 0.11029811 -0.08222889
v -0.01073685 0.10957110 -0.08363290
v -0.00720524 0.11029770 -0.08223199
v -0.00720534 0.11029761 -0.08223210
v -0.01426224 0.10884511 -0.08502900
v -0.01426103 0.10884520 -0.08502980
v -0.01425804 0.10884640 -0.08503219
v -0.01425859 0.10884611 -0.08503169
v -0.01426040 0.10884550 -0.08503030
v -0.01426052 0.10884540 -0.08503019
v -0.01425594 0.10884830 -0.08503410
v -0.01425627 0.10884791 -0.08503370
v -0.01425639 0.10884781 -0.08503359
v -0.01425668 0.10884761 -0.08503340
v -0.01425535 0.10884930 -0.08503469
v -0.01425463 0.10885071 -0.08503559
v -0.01425487 0.10885010 -0.08503529
v -0.01425508 0.10884971 -0.08503500
v -0.01425412 0.10885351 -0.08503669
v -0.01425419 0.10885261 -0.08503640
v -0.01425433 0.10885190 -0.08503610
v -0.01425448 0.10885131 -0.08503590
v -0.01425410 0.10885431 -0.08503689
v -0.00721288 0.10998180 -0.08406939
v -0.00721238 0.10998080 -0.08406950
v -0.00785691 0.10985200 -0.08430549
v -0.00720991 0.10997811 -0.08407049
v -0.00720938 0.10997780 -0.08407080
v -0.00785543 0.10984820 -0.08430749
v -0.00849718 0.10972251 -0.08454060
v -0.00849760 0.10972310 -0.08454040
v -0.00849861 0.10972500 -0.08454020
v -0.00849882 0.10972561 -0.08454020
v -0.00785745 0.10985421 -0.08430529
v -0.00849901 0.10972631 -0.08454029
v -0.00849932 0.10972780 -0.08454049
v -0.00785783 0.10985650 -0.08430549
v -0.00849893 0.10972590 -0.08454029
v -0.00849810 0.10972410 -0.08454029
v -0.00849512 0.10972040 -0.08454139
v -0.00849553 0.10972071 -0.08454119
v -0.00785623 0.10985000 -0.08430630
v -0.00849637 0.10972171 -0.08454089
v -0.00849234 0.10971881 -0.08454289
v -0.00849285 0.10971901 -0.08454260
v -0.00849460 0.10972011 -0.08454170
v -0.00849492 0.10972030 -0.08454150
v -0.00848858 0.10971791 -0.08454530
v -0.00848958 0.10971801 -0.08454469
v -0.00785369 0.10984581 -0.08431089
v -0.00849031 0.10971821 -0.08454420
v -0.00785457 0.10984681 -0.08430900
v -0.00849043 0.10971821 -0.08454409
v -0.00720509 0.10997590 -0.08407330
v -0.00720436 0.10997571 -0.08407369
v -0.00720336 0.10997561 -0.08407440
v -0.00720763 0.10997671 -0.08407170
v -0.00720757 0.10997661 -0.08407179
v -0.00720712 0.10997651 -0.08407200
v -0.00720521 0.10997590 -0.08407319
v -0.00721196 0.10998021 -0.08406970
v -0.00721150 0.10997970 -0.08406990
v -0.00721115 0.10997941 -0.08407000
v -0.00721031 0.10997851 -0.08407029
v -0.00721379 0.10998401 -0.08406939
v -0.00721370 0.10998360 -0.08406939
v -0.00721360 0.10998330 -0.08406939
v -0.00721339 0.10998270 -0.08406939
v -0.00721410 0.10998550 -0.08406959
v -0.01426228 0.10852170 -0.08687309
v -0.01425448 0.10885131 -0.08503590
v -0.01425433 0.10885190 -0.08503610
v -0.01425413 0.10869291 -0.08595269
v -0.01425419 0.10885261 -0.08503640
v -0.01425412 0.10885351 -0.08503669
v -0.01425445 0.10869060 -0.08595230
v -0.01425531 0.10868841 -0.08595190
v -0.01425508 0.10884971 -0.08503500
v -0.01425487 0.10885010 -0.08503529
v -0.01425463 0.10885071 -0.08503559
v -0.01425627 0.10884791 -0.08503370
v -0.01425594 0.10884830 -0.08503410
v -0.01425535 0.10884930 -0.08503469
v -0.01425666 0.10868651 -0.08595159
v -0.01425843 0.10868500 -0.08595129
v -0.01425859 0.10884611 -0.08503169
v -0.01425804 0.10884640 -0.08503219
v -0.01425668 0.10884761 -0.08503340
v -0.01425639 0.10884781 -0.08503359
v -0.01426051 0.10868390 -0.08595109
v -0.01426052 0.10884540 -0.08503019
v -0.01426040 0.10884550 -0.08503030
v -0.01426103 0.10884520 -0.08502980
v -0.01426224 0.10884511 -0.08502900
v -0.01425861 0.10852370 -0.08687089
v -0.01426044 0.10852260 -0.08687199
v -0.01426056 0.10852250 -0.08687210
v -0.01426105 0.10852221 -0.08687229
v -0.01425630 0.10852611 -0.08686950
v -0.01425643 0.10852591 -0.08686959
v -0.01425672 0.10852560 -0.08686979
v -0.01425806 0.10852411 -0.08687049
v -0.01425490 0.10852861 -0.08686880
v -0.01425512 0.10852820 -0.08686889
v -0.01425539 0.10852771 -0.08686909
v -0.01425598 0.10852650 -0.08686940
v -0.01425415 0.10853231 -0.08686860
v -0.01425422 0.10853131 -0.08686860
v -0.01425437 0.10853061 -0.08686860
v -0.01425452 0.10852990 -0.08686869
v -0.01425467 0.10852930 -0.08686869
v -0.00849934 0.10921041 -0.08750439
v -0.00849936 0.10946960 -0.08602250
v -0.00849929 0.10920961 -0.08750419
v -0.00849903 0.10946721 -0.08602209
v -0.00849897 0.10920810 -0.08750390
v -0.00849889 0.10920771 -0.08750379
v -0.00849814 0.10946500 -0.08602169
v -0.00849807 0.10920601 -0.08750309
v -0.00849858 0.10920691 -0.08750360
v -0.00849879 0.10920740 -0.08750369
v -0.00849634 0.10920391 -0.08750180
v -0.00849668 0.10920421 -0.08750199
v -0.00849674 0.10946310 -0.08602139
v -0.00849715 0.10920460 -0.08750239
v -0.00849757 0.10920511 -0.08750270
v -0.00849551 0.10920321 -0.08750109
v -0.00849492 0.10946151 -0.08602110
v -0.00849511 0.10920291 -0.08750090
v -0.00849275 0.10920201 -0.08749920
v -0.00849283 0.10920201 -0.08749920
v -0.00849456 0.10920270 -0.08750050
v -0.00849043 0.10945991 -0.08602090
v -0.00849040 0.10920180 -0.08749760
v -0.00849277 0.10946051 -0.08602099
v -0.00849233 0.10920190 -0.08749890
v -0.00848854 0.10920190 -0.08749630
v -0.00848956 0.10920180 -0.08749699
v -0.00849028 0.10920180 -0.08749749
v -0.00849031 0.10971821 -0.08454420
v -0.00848958 0.10971801 -0.08454469
v -0.00848858 0.10971791 -0.08454530
v -0.00849043 0.10971821 -0.08454409
v -0.00849234 0.10971881 -0.08454289
v -0.00849285 0.10971901 -0.08454260
v -0.00849460 0.10972011 -0.08454170
v -0.00849553 0.10972071 -0.08454119
v -0.00849512 0.10972040 -0.08454139
v -0.00849492 0.10972030 -0.08454150
v -0.00849861 0.10972500 -0.08454020
v -0.00849810 0.10972410 -0.08454029
v -0.00849760 0.10972310 -0.08454040
v -0.00849718 0.10972251 -0.08454060
v -0.00849637 0.10972171 -0.08454089
v -0.00849901 0.10972631 -0.08454029
v -0.00849893 0.10972590 -0.08454029
v -0.00849882 0.10972561 -0.08454020
v -0.00849932 0.10972780 -0.08454049
v -0.00849937 0.10972870 -0.08454069
v -0.00720312 0.10895231 -0.08993020
v -0.01425437 0.10853061 -0.08686860
v -0.01425422 0.10853131 -0.08686860
v -0.01073505 0.10874740 -0.08839259
v -0.01425415 0.10853231 -0.08686860
v -0.01425414 0.10853310 -0.08686869
v -0.01073491 0.10874491 -0.08839259
v -0.01425452 0.10852990 -0.08686869
v -0.01425467 0.10852930 -0.08686869
v -0.01425643 0.10852591 -0.08686959
v -0.01425630 0.10852611 -0.08686950
v -0.01073501 0.10874251 -0.08839309
v -0.01425598 0.10852650 -0.08686940
v -0.01425539 0.10852771 -0.08686909
v -0.01425512 0.10852820 -0.08686889
v -0.01425490 0.10852861 -0.08686880
v -0.01425672 0.10852560 -0.08686979
v -0.01073536 0.10874031 -0.08839430
v -0.01425806 0.10852411 -0.08687049
v -0.01073593 0.10873841 -0.08839579
v -0.01425861 0.10852370 -0.08687089
v -0.01426044 0.10852260 -0.08687199
v -0.01073668 0.10873700 -0.08839779
v -0.01426228 0.10852170 -0.08687309
v -0.01426105 0.10852221 -0.08687229
v -0.01426056 0.10852250 -0.08687210
v -0.00720746 0.10895411 -0.08992410
v -0.00720556 0.10895301 -0.08992660
v -0.00720525 0.10895291 -0.08992709
v -0.00720516 0.10895291 -0.08992720
v -0.00720879 0.10895481 -0.08992230
v -0.00721207 0.10895830 -0.08991859
v -0.00721156 0.10895761 -0.08991909
v -0.00721147 0.10895750 -0.08991920
v -0.00720987 0.10895571 -0.08992100
v -0.00720979 0.10895560 -0.08992109
v -0.00721376 0.10896200 -0.08991740
v -0.00721373 0.10896190 -0.08991740
v -0.00721389 0.10896261 -0.08991740
v -0.00721327 0.10896061 -0.08991760
v -0.00721308 0.10896010 -0.08991769
v -0.00721298 0.10895991 -0.08991780
v -0.00721406 0.10929441 -0.08802430
v -0.00785779 0.10925190 -0.08776379
v -0.00721375 0.10929291 -0.08802400
v -0.00721367 0.10929251 -0.08802389
v -0.00721356 0.10929230 -0.08802380
v -0.00785742 0.10924971 -0.08776330
v -0.00721335 0.10929171 -0.08802360
v -0.00721284 0.10929081 -0.08802319
v -0.00785688 0.10924781 -0.08776229
v -0.00721235 0.10929001 -0.08802279
v -0.00785542 0.10924480 -0.08775909
v -0.00720933 0.10928750 -0.08802049
v -0.00785620 0.10924611 -0.08776089
v -0.00720966 0.10928770 -0.08802079
v -0.00720988 0.10928781 -0.08802090
v -0.00721028 0.10928801 -0.08802119
v -0.00721111 0.10928870 -0.08802189
v -0.00721193 0.10928950 -0.08802250
v -0.00720505 0.10928660 -0.08801759
v -0.00720517 0.10928660 -0.08801759
v -0.00785457 0.10924401 -0.08775720
v -0.00720710 0.10928670 -0.08801899
v -0.00720760 0.10928680 -0.08801930
v -0.00720433 0.10928660 -0.08801710
v -0.00785370 0.10924370 -0.08775509
v -0.00720332 0.10928670 -0.08801640
v -0.00848854 0.10920190 -0.08749630
v -0.00848956 0.10920180 -0.08749699
v -0.00849028 0.10920180 -0.08749749
v -0.00849040 0.10920180 -0.08749760
v -0.00849456 0.10920270 -0.08750050
v -0.00849283 0.10920201 -0.08749920
v -0.00849275 0.10920201 -0.08749920
v -0.00849233 0.10920190 -0.08749890
v -0.00849511 0.10920291 -0.08750090
v -0.00849551 0.10920321 -0.08750109
v -0.00849757 0.10920511 -0.08750270
v -0.00849715 0.10920460 -0.08750239
v -0.00849668 0.10920421 -0.08750199
v -0.00849634 0.10920391 -0.08750180
v -0.00849807 0.10920601 -0.08750309
v -0.00849858 0.10920691 -0.08750360
v -0.00849929 0.10920961 -0.08750419
v -0.00849897 0.10920810 -0.08750390
v -0.00849889 0.10920771 -0.08750379
v -0.00849879 0.10920740 -0.08750369
v -0.00721389 0.10896261 -0.08991740
v -0.00721409 0.10896441 -0.08991760
v -0.00721410 0.10912980 -0.08897110
v -0.00721373 0.10896190 -0.08991740
v -0.00721376 0.10896200 -0.08991740
v -0.00721377 0.10912751 -0.08897070
v -0.00721207 0.10895830 -0.08991859
v -0.00721298 0.10895991 -0.08991780
v -0.00721288 0.10912530 -0.08897030
v -0.00721308 0.10896010 -0.08991769
v -0.00721327 0.10896061 -0.08991760
v -0.00720979 0.10895560 -0.08992109
v -0.00720987 0.10895571 -0.08992100
v -0.00721148 0.10912340 -0.08897000
v -0.00721147 0.10895750 -0.08991920
v -0.00721156 0.10895761 -0.08991909
v -0.00720879 0.10895481 -0.08992230
v -0.00720966 0.10912181 -0.08896969
v -0.00720517 0.10912021 -0.08896940
v -0.00720525 0.10895291 -0.08992709
v -0.00720752 0.10912070 -0.08896949
v -0.00720556 0.10895301 -0.08992660
v -0.00720746 0.10895411 -0.08992410
v -0.00720312 0.10895231 -0.08993020
v -0.00720516 0.10895291 -0.08992720
v -0.00720517 0.10928660 -0.08801759
v -0.00720505 0.10928660 -0.08801759
v -0.00720433 0.10928660 -0.08801710
v -0.00720332 0.10928670 -0.08801640
v -0.00720966 0.10928770 -0.08802079
v -0.00720933 0.10928750 -0.08802049
v -0.00720760 0.10928680 -0.08801930
v -0.00720710 0.10928670 -0.08801899
v -0.00721111 0.10928870 -0.08802189
v -0.00721028 0.10928801 -0.08802119
v -0.00720988 0.10928781 -0.08802090
v -0.00721193 0.10928950 -0.08802250
v -0.00721356 0.10929230 -0.08802380
v -0.00721335 0.10929171 -0.08802360
v -0.00721284 0.10929081 -0.08802319
v -0.00721235 0.10929001 -0.08802279
v -0.00721411 0.10929531 -0.08802450
v -0.00721406 0.10929441 -0.08802430
v -0.00721375 0.10929291 -0.08802400
v -0.00721367 0.10929251 -0.08802389
v -0.01425438 0.11048211 -0.07573139
v -0.01425453 0.11048170 -0.07573109
v -0.01073471 0.11094371 -0.07581959
v -0.01425546 0.11048011 -0.07572959
v -0.01425603 0.11047941 -0.07572880
v -0.01073443 0.11094201 -0.07581770
v -0.01426216 0.11047690 -0.07572169
v -0.00721341 0.11140841 -0.07590989
v -0.00721372 0.11140921 -0.07591029
v -0.01073536 0.11094831 -0.07582179
v -0.00721387 0.11140980 -0.07591050
v -0.00721412 0.11141080 -0.07591070
v -0.01073502 0.11094581 -0.07582099
v -0.00721210 0.11140651 -0.07590859
v -0.00721242 0.11140680 -0.07590890
v -0.00721297 0.11140770 -0.07590949
v -0.00721338 0.11140841 -0.07590989
v -0.00720795 0.11140410 -0.07590440
v -0.00720973 0.11140471 -0.07590620
v -0.00720979 0.11140471 -0.07590629
v -0.00721041 0.11140500 -0.07590690
v -0.00721209 0.11140641 -0.07590859
v -0.01073422 0.11094081 -0.07581539
v -0.00720762 0.11140400 -0.07590409
v -0.00720705 0.11140391 -0.07590350
v -0.00720335 0.11140410 -0.07589990
v -0.01073409 0.11094031 -0.07581289
v -0.00720531 0.11140391 -0.07590179
v -0.00720549 0.11140391 -0.07590199
v -0.01073422 0.11094081 -0.07581539
v -0.00720602 0.11140381 -0.07590249
v -0.01426036 0.11047721 -0.07572360
v -0.01426015 0.11047721 -0.07572390
v -0.01425605 0.11047941 -0.07572880
v -0.01425651 0.11047900 -0.07572819
v -0.01425790 0.11047790 -0.07572639
v -0.01425919 0.11047731 -0.07572489
v -0.01073502 0.11094581 -0.07582099
v -0.01425393 0.11048471 -0.07573269
v -0.01425400 0.11048381 -0.07573229
v -0.01425405 0.11048360 -0.07573219
v -0.01073471 0.11094371 -0.07581959
v -0.01425428 0.11048260 -0.07573159
v -0.01425391 0.11048610 -0.07573300
v -0.01425400 0.11048381 -0.07573229
v -0.01425393 0.11048471 -0.07573269
v -0.01425396 0.11021631 -0.07726409
v -0.01425405 0.11048360 -0.07573219
v -0.01425428 0.11048260 -0.07573159
v -0.01425428 0.11021400 -0.07726370
v -0.01425438 0.11048211 -0.07573139
v -0.01425651 0.11047900 -0.07572819
v -0.01425605 0.11047941 -0.07572880
v -0.01425514 0.11021180 -0.07726330
v -0.01425603 0.11047941 -0.07572880
v -0.01425546 0.11048011 -0.07572959
v -0.01425453 0.11048170 -0.07573109
v -0.01425649 0.11020991 -0.07726300
v -0.01425826 0.11020830 -0.07726269
v -0.01425790 0.11047790 -0.07572639
v -0.01425919 0.11047731 -0.07572489
v -0.01426015 0.11047721 -0.07572390
v -0.01426035 0.11020720 -0.07726249
v -0.01426036 0.11047721 -0.07572360
v -0.01426216 0.11047690 -0.07572169
v -0.01426038 0.10993380 -0.07882229
v -0.01425829 0.10993490 -0.07882249
v -0.01425652 0.10993641 -0.07882279
v -0.01425649 0.11020991 -0.07726300
v -0.01425517 0.10993831 -0.07882310
v -0.01425431 0.10994050 -0.07882350
v -0.01425399 0.10994281 -0.07882389
v -0.00720795 0.11140410 -0.07590440
v -0.00720762 0.11140400 -0.07590409
v -0.00720764 0.11124820 -0.07679559
v -0.00721389 0.11125490 -0.07679679
v -0.00721422 0.11125731 -0.07679719
v -0.00721423 0.11141211 -0.07591099
v -0.00721385 0.11110000 -0.07768310
v -0.00721410 0.11110110 -0.07768319
v -0.00721422 0.11110241 -0.07768339
v -0.00721336 0.11109851 -0.07768310
v -0.00721339 0.11109861 -0.07768310
v -0.00721369 0.11109941 -0.07768299
v -0.00721296 0.11109781 -0.07768330
v -0.00721301 0.11125271 -0.07679640
v -0.00721239 0.11109671 -0.07768350
v -0.00721021 0.11109421 -0.07768499
v -0.00721038 0.11109430 -0.07768479
v -0.00721161 0.11125081 -0.07679609
v -0.00721156 0.11109571 -0.07768409
v -0.00721207 0.11109620 -0.07768370
v -0.00720793 0.11109270 -0.07768679
v -0.00720979 0.11124920 -0.07679580
v -0.00720969 0.11109370 -0.07768539
v -0.00720598 0.11109170 -0.07768850
v -0.00720701 0.11109211 -0.07768760
v -0.00720760 0.11109240 -0.07768710
v -0.00720547 0.11109160 -0.07768899
v -0.00720530 0.11124760 -0.07679550
v -0.00720529 0.11109150 -0.07768919
v -0.00720334 0.11109111 -0.07769110
v -0.00720705 0.11140391 -0.07590350
v -0.00720602 0.11140381 -0.07590249
v -0.00720549 0.11140391 -0.07590199
v -0.00720531 0.11140391 -0.07590179
v -0.00720335 0.11140410 -0.07589990
v -0.00721209 0.11140641 -0.07590859
v -0.00721041 0.11140500 -0.07590690
v -0.00720979 0.11140471 -0.07590629
v -0.00720973 0.11140471 -0.07590620
v -0.00721210 0.11140651 -0.07590859
v -0.00721341 0.11140841 -0.07590989
v -0.00721338 0.11140841 -0.07590989
v -0.00721297 0.11140770 -0.07590949
v -0.00721242 0.11140680 -0.07590890
v -0.00721412 0.11141080 -0.07591070
v -0.00721387 0.11140980 -0.07591050
v -0.00721372 0.11140921 -0.07591029
v -0.01417688 0.10981200 -0.07962969
v -0.01416545 0.10979271 -0.07974909
v -0.01416576 0.10979030 -0.07974879
v -0.01403885 0.10973591 -0.08017129
v -0.01399979 0.10971840 -0.08030149
v -0.01400005 0.10971611 -0.08030140
v -0.01384601 0.10968911 -0.08058889
v -0.01373479 0.10966791 -0.08079670
v -0.01373496 0.10966550 -0.08079660
v -0.01334902 0.10964921 -0.08120429
v -0.01325810 0.10964660 -0.08129040
v -0.01325809 0.10964410 -0.08129040
v -0.01303814 0.10965140 -0.08143469
v -0.01303720 0.10965140 -0.08143530
v -0.01303713 0.10964901 -0.08143530
v -0.01238245 0.10968731 -0.08168820
v -0.01178314 0.10975680 -0.08175729
v -0.01178314 0.10975670 -0.08175759
v -0.01178408 0.10976481 -0.08175149
v -0.01178377 0.10976230 -0.08175210
v -0.01238188 0.10969271 -0.08168319
v -0.01178413 0.10976520 -0.08175149
v -0.01238198 0.10969520 -0.08168260
v -0.01253933 0.10968071 -0.08164280
v -0.01178442 0.10976741 -0.08175160
v -0.01229941 0.10970740 -0.08169219
v -0.01238223 0.10969771 -0.08168260
v -0.01253954 0.10968320 -0.08164280
v -0.01267750 0.10967441 -0.08158529
v -0.01253929 0.10967820 -0.08164340
v -0.01238192 0.10969050 -0.08168440
v -0.01178349 0.10976011 -0.08175329
v -0.01303735 0.10964660 -0.08143580
v -0.01253944 0.10967601 -0.08164460
v -0.01238212 0.10968860 -0.08168609
v -0.01178328 0.10975821 -0.08175509
v -0.01361867 0.10965461 -0.08094920
v -0.01361854 0.10965700 -0.08094920
v -0.01361719 0.10965700 -0.08095050
v -0.01325844 0.10964171 -0.08129089
v -0.01303786 0.10964441 -0.08143690
v -0.01253975 0.10967411 -0.08164630
v -0.01361923 0.10965230 -0.08094949
v -0.01325913 0.10963961 -0.08129179
v -0.01303864 0.10964251 -0.08143829
v -0.01254023 0.10967270 -0.08164830
v -0.01303962 0.10964120 -0.08144020
v -0.01326011 0.10963781 -0.08129310
v -0.01362020 0.10965021 -0.08095019
v -0.01373559 0.10966321 -0.08079679
v -0.01400561 0.10970891 -0.08030279
v -0.01417168 0.10978341 -0.07974899
v -0.01416963 0.10978451 -0.07974879
v -0.01373978 0.10965810 -0.08079930
v -0.01400368 0.10971010 -0.08030209
v -0.01416791 0.10978621 -0.07974859
v -0.01362311 0.10964711 -0.08095239
v -0.01373807 0.10965941 -0.08079829
v -0.01400205 0.10971180 -0.08030169
v -0.01416659 0.10978811 -0.07974859
v -0.01326133 0.10963640 -0.08129479
v -0.01362152 0.10964840 -0.08095120
v -0.01373665 0.10966111 -0.08079739
v -0.01400082 0.10971380 -0.08030140
v -0.00720334 0.11109111 -0.07769110
v -0.00916801 0.11083181 -0.07764860
v -0.00916819 0.11083191 -0.07764849
v -0.00819541 0.11096051 -0.07766859
v -0.00917428 0.11083600 -0.07764349
v -0.00917479 0.11083651 -0.07764309
v -0.00819603 0.11096601 -0.07766340
v -0.00917608 0.11083880 -0.07764250
v -0.00917611 0.11083890 -0.07764250
v -0.00819634 0.11096850 -0.07766279
v -0.00917657 0.11084041 -0.07764250
v -0.00917682 0.11084141 -0.07764259
v -0.00819668 0.11097111 -0.07766279
v -0.00917641 0.11083970 -0.07764250
v -0.00917511 0.11083700 -0.07764300
v -0.00917065 0.11083301 -0.07764630
v -0.00917241 0.11083400 -0.07764480
v -0.00819575 0.11096380 -0.07766459
v -0.00917293 0.11083451 -0.07764439
v -0.00917310 0.11083461 -0.07764430
v -0.00916973 0.11083240 -0.07764700
v -0.00917032 0.11083281 -0.07764649
v -0.00819554 0.11096190 -0.07766639
v -0.00819554 0.11096190 -0.07766639
v -0.00916870 0.11083201 -0.07764799
v -0.00916606 0.11083140 -0.07765049
v -0.00720701 0.11109211 -0.07768760
v -0.00720598 0.11109170 -0.07768850
v -0.00720547 0.11109160 -0.07768899
v -0.00720529 0.11109150 -0.07768919
v -0.00721038 0.11109430 -0.07768479
v -0.00721021 0.11109421 -0.07768499
v -0.00720969 0.11109370 -0.07768539
v -0.00720793 0.11109270 -0.07768679
v -0.00720760 0.11109240 -0.07768710
v -0.00721296 0.11109781 -0.07768330
v -0.00721239 0.11109671 -0.07768350
v -0.00721207 0.11109620 -0.07768370
v -0.00721156 0.11109571 -0.07768409
v -0.00721385 0.11110000 -0.07768310
v -0.00721369 0.11109941 -0.07768299
v -0.00721339 0.11109861 -0.07768310
v -0.00721336 0.11109851 -0.07768310
v -0.00721410 0.11110110 -0.07768319
v -0.00952812 0.11027861 -0.08056709
v -0.00952808 0.11027840 -0.08056719
v -0.00962782 0.11023511 -0.08073710
v -0.00952660 0.11027440 -0.08057020
v -0.00952650 0.11027421 -0.08057040
v -0.00962502 0.11023140 -0.08073789
v -0.00952615 0.11027340 -0.08057130
v -0.00952566 0.11027260 -0.08057269
v -0.00962320 0.11023011 -0.08073879
v -0.00952465 0.11027131 -0.08057580
v -0.00952462 0.11027131 -0.08057589
v -0.00962122 0.11022941 -0.08073980
v -0.00952440 0.11027101 -0.08057659
v -0.00952384 0.11027060 -0.08057859
v -0.00952800 0.11027810 -0.08056730
v -0.00952739 0.11027630 -0.08056829
v -0.00962659 0.11023311 -0.08073730
v -0.00952707 0.11027540 -0.08056900
v -0.00952870 0.11028131 -0.08056669
v -0.00952861 0.11028081 -0.08056669
v -0.00962864 0.11023730 -0.08073710
v -0.00952852 0.11028030 -0.08056669
v -0.00952818 0.11027891 -0.08056700
v -0.00952887 0.11028321 -0.08056689
v -0.00962900 0.11023961 -0.08073750
v -0.00973674 0.11019861 -0.08088760
v -0.00975078 0.11019091 -0.08090730
v -0.00975115 0.11019320 -0.08090769
v -0.01001195 0.11011240 -0.08116549
v -0.01012440 0.11007511 -0.08127670
v -0.01012478 0.11007741 -0.08127699
v -0.01030455 0.11002881 -0.08140100
v -0.01030493 0.11003100 -0.08140130
v -0.01106071 0.10986680 -0.08169509
v -0.01106129 0.10986831 -0.08169349
v -0.01077387 0.10991910 -0.08161979
v -0.01077466 0.10992061 -0.08161819
v -0.01030073 0.11002141 -0.08140429
v -0.01030193 0.11002270 -0.08140289
v -0.01012012 0.11006781 -0.08127969
v -0.01012150 0.11006910 -0.08127839
v -0.00974562 0.11018361 -0.08090939
v -0.00974733 0.11018490 -0.08090840
v -0.01106185 0.10987011 -0.08169219
v -0.01077539 0.10992231 -0.08161700
v -0.01030301 0.11002450 -0.08140179
v -0.01012271 0.11007091 -0.08127740
v -0.00974881 0.11018660 -0.08090769
v -0.01115010 0.10986341 -0.08169850
v -0.01106316 0.10987651 -0.08169119
v -0.01106281 0.10987430 -0.08169110
v -0.01077693 0.10992881 -0.08161619
v -0.01077656 0.10992660 -0.08161599
v -0.01071658 0.10994191 -0.08158869
v -0.01033209 0.11002511 -0.08141360
v -0.01106014 0.10986580 -0.08169700
v -0.01077306 0.10991810 -0.08162170
v -0.01029946 0.11002041 -0.08140600
v -0.01011866 0.11006691 -0.08128120
v -0.00974377 0.11018281 -0.08091059
v -0.01106237 0.10987211 -0.08169140
v -0.01077604 0.10992441 -0.08161630
v -0.01030390 0.11002650 -0.08140119
v -0.01012369 0.11007290 -0.08127679
v -0.00974999 0.11018860 -0.08090730
v -0.01178413 0.10976520 -0.08175149
v -0.00917688 0.11060860 -0.07897729
v -0.00917692 0.11060930 -0.07897740
v -0.00917693 0.11072600 -0.07831019
v -0.00917694 0.11084270 -0.07764280
v -0.00917682 0.11084141 -0.07764259
v -0.00917660 0.11072361 -0.07830969
v -0.00917688 0.11060860 -0.07897729
v -0.00917641 0.11060640 -0.07897680
v -0.00917619 0.11060580 -0.07897659
v -0.00917571 0.11072140 -0.07830940
v -0.00917650 0.11060660 -0.07897689
v -0.00917656 0.11060691 -0.07897700
v -0.00917517 0.11060400 -0.07897590
v -0.00917541 0.11060441 -0.07897599
v -0.00917565 0.11060480 -0.07897619
v -0.00917472 0.11060341 -0.07897549
v -0.00917431 0.11071950 -0.07830900
v -0.00917427 0.11060300 -0.07897520
v -0.00917260 0.11060171 -0.07897410
v -0.00917307 0.11060200 -0.07897439
v -0.00917398 0.11060280 -0.07897500
v -0.00917249 0.11071801 -0.07830880
v -0.00917247 0.11060161 -0.07897399
v -0.00916798 0.11060051 -0.07897120
v -0.00916976 0.11060061 -0.07897230
v -0.00917035 0.11071691 -0.07830859
v -0.00917034 0.11060071 -0.07897270
v -0.00917221 0.11060151 -0.07897390
v -0.00916801 0.11071641 -0.07830850
v -0.00916617 0.11060061 -0.07897009
v -0.00916708 0.11060051 -0.07897070
v -0.00916788 0.11060051 -0.07897120
v -0.00916606 0.11083140 -0.07765049
v -0.00916801 0.11083181 -0.07764860
v -0.00916819 0.11083191 -0.07764849
v -0.00916870 0.11083201 -0.07764799
v -0.00917065 0.11083301 -0.07764630
v -0.00917032 0.11083281 -0.07764649
v -0.00916973 0.11083240 -0.07764700
v -0.00917241 0.11083400 -0.07764480
v -0.00917293 0.11083451 -0.07764439
v -0.00917310 0.11083461 -0.07764430
v -0.00917608 0.11083880 -0.07764250
v -0.00917511 0.11083700 -0.07764300
v -0.00917479 0.11083651 -0.07764309
v -0.00917428 0.11083600 -0.07764349
v -0.00917657 0.11084041 -0.07764250
v -0.00917641 0.11083970 -0.07764250
v -0.00917611 0.11083890 -0.07764250
v -0.00720317 0.11032570 -0.08207119
v -0.00952861 0.11028081 -0.08056669
v -0.00952870 0.11028131 -0.08056669
v -0.00837217 0.11030871 -0.08131050
v -0.00952852 0.11028030 -0.08056669
v -0.00952812 0.11027861 -0.08056709
v -0.00952818 0.11027891 -0.08056700
v -0.00837212 0.11030630 -0.08131050
v -0.00837240 0.11030391 -0.08131100
v -0.00952739 0.11027630 -0.08056829
v -0.00952800 0.11027810 -0.08056730
v -0.00952808 0.11027840 -0.08056719
v -0.00837299 0.11030170 -0.08131199
v -0.00952660 0.11027440 -0.08057020
v -0.00952707 0.11027540 -0.08056900
v -0.00952566 0.11027260 -0.08057269
v -0.00952615 0.11027340 -0.08057130
v -0.00952650 0.11027421 -0.08057040
v -0.00952384 0.11027060 -0.08057859
v -0.00837494 0.11029851 -0.08131520
v -0.00952440 0.11027101 -0.08057659
v -0.00952462 0.11027131 -0.08057589
v -0.00720525 0.11032641 -0.08206750
v -0.00720531 0.11032641 -0.08206739
v -0.00952465 0.11027131 -0.08057580
v -0.00837385 0.11029990 -0.08131340
v -0.00720994 0.11032950 -0.08205999
v -0.00720895 0.11032860 -0.08206149
v -0.00720765 0.11032780 -0.08206359
v -0.00720753 0.11032770 -0.08206379
v -0.00721221 0.11033230 -0.08205689
v -0.00721175 0.11033160 -0.08205749
v -0.00721171 0.11033150 -0.08205749
v -0.00721153 0.11033130 -0.08205780
v -0.00721384 0.11033600 -0.08205540
v -0.00721377 0.11033571 -0.08205540
v -0.00721393 0.11033631 -0.08205540
v -0.00721334 0.11033440 -0.08205569
v -0.00721309 0.11033391 -0.08205589
v -0.00721308 0.11033391 -0.08205589
v -0.00917034 0.11060071 -0.07897270
v -0.00819274 0.11064100 -0.07950250
v -0.00819379 0.11064181 -0.07950439
v -0.00721368 0.11068741 -0.08004110
v -0.00721377 0.11068760 -0.08004119
v -0.00819653 0.11064901 -0.07950889
v -0.00721383 0.11068790 -0.08004130
v -0.00721416 0.11068960 -0.08004159
v -0.00721244 0.11068500 -0.08004020
v -0.00721268 0.11068541 -0.08004029
v -0.00819554 0.11064480 -0.07950740
v -0.00721292 0.11068580 -0.08004049
v -0.00819615 0.11064680 -0.07950840
v -0.00721346 0.11068680 -0.08004089
v -0.00720975 0.11068261 -0.08003829
v -0.00720987 0.11068271 -0.08003840
v -0.00819474 0.11064310 -0.07950610
v -0.00819474 0.11064310 -0.07950610
v -0.00720948 0.11068251 -0.08003810
v -0.00721034 0.11068300 -0.08003869
v -0.00721125 0.11068381 -0.08003930
v -0.00721199 0.11068441 -0.08003979
v -0.00720703 0.11068161 -0.08003660
v -0.00720526 0.11068151 -0.08003550
v -0.00819164 0.11064071 -0.07950050
v -0.00720516 0.11068151 -0.08003550
v -0.00720344 0.11068161 -0.08003439
v -0.00720435 0.11068151 -0.08003500
v -0.00916708 0.11060051 -0.07897070
v -0.00916617 0.11060061 -0.07897009
v -0.00916976 0.11060061 -0.07897230
v -0.00916798 0.11060051 -0.07897120
v -0.00916788 0.11060051 -0.07897120
v -0.00917260 0.11060171 -0.07897410
v -0.00917247 0.11060161 -0.07897399
v -0.00917221 0.11060151 -0.07897390
v -0.00917307 0.11060200 -0.07897439
v -0.00720761 0.11068171 -0.08003689
v -0.00917541 0.11060441 -0.07897599
v -0.00917517 0.11060400 -0.07897590
v -0.00917472 0.11060341 -0.07897549
v -0.00917427 0.11060300 -0.07897520
v -0.00917398 0.11060280 -0.07897500
v -0.00917565 0.11060480 -0.07897619
v -0.00917619 0.11060580 -0.07897659
v -0.00917688 0.11060860 -0.07897729
v -0.00917656 0.11060691 -0.07897700
v -0.00917650 0.11060660 -0.07897689
v -0.00917641 0.11060640 -0.07897680
v -0.00721244 0.11068500 -0.08004020
v -0.00721199 0.11068441 -0.08003979
v -0.00721157 0.11050780 -0.08104760
v -0.00721393 0.11033631 -0.08205540
v -0.00721417 0.11033841 -0.08205560
v -0.00721418 0.11051430 -0.08104879
v -0.00721377 0.11033571 -0.08205540
v -0.00721384 0.11033600 -0.08205540
v -0.00721385 0.11051191 -0.08104829
v -0.00721334 0.11033440 -0.08205569
v -0.00721171 0.11033150 -0.08205749
v -0.00721175 0.11033160 -0.08205749
v -0.00721296 0.11050970 -0.08104800
v -0.00721221 0.11033230 -0.08205689
v -0.00721308 0.11033391 -0.08205589
v -0.00721309 0.11033391 -0.08205589
v -0.00720765 0.11032780 -0.08206359
v -0.00720895 0.11032860 -0.08206149
v -0.00720974 0.11050631 -0.08104739
v -0.00720994 0.11032950 -0.08205999
v -0.00721153 0.11033130 -0.08205780
v -0.00720317 0.11032570 -0.08207119
v -0.00720526 0.11050470 -0.08104710
v -0.00720525 0.11032641 -0.08206750
v -0.00720760 0.11050521 -0.08104719
v -0.00720531 0.11032641 -0.08206739
v -0.00720753 0.11032770 -0.08206379
v -0.00720526 0.11068151 -0.08003550
v -0.00720516 0.11068151 -0.08003550
v -0.00720435 0.11068151 -0.08003500
v -0.00720344 0.11068161 -0.08003439
v -0.00720975 0.11068261 -0.08003829
v -0.00720948 0.11068251 -0.08003810
v -0.00720761 0.11068171 -0.08003689
v -0.00720703 0.11068161 -0.08003660
v -0.00721125 0.11068381 -0.08003930
v -0.00721034 0.11068300 -0.08003869
v -0.00720987 0.11068271 -0.08003840
v -0.00721368 0.11068741 -0.08004110
v -0.00721346 0.11068680 -0.08004089
v -0.00721292 0.11068580 -0.08004049
v -0.00721268 0.11068541 -0.08004029
v -0.00721419 0.11069031 -0.08004170
v -0.00721416 0.11068960 -0.08004159
v -0.00721383 0.11068790 -0.08004130
v -0.00721377 0.11068760 -0.08004119
f 1 2 3
f 2 4 3
f 3 4 5
f 4 6 5
f 2 1 7
f 1 8 7
f 7 8 9
f 8 10 9
f 9 10 11
f 10 12 11
f 11 12 13
f 14 15 16
f 15 17 16
f 16 17 18
f 17 13 18
f 18 13 19
f 13 12 19
f 20 21 22
f 21 23 22
f 22 23 24
f 23 25 24
f 24 25 26
f 25 27 26
f 26 27 28
f 27 29 28
f 28 29 30
f 30 29 31
f 29 32 31
f 31 32 33
f 32 34 33
f 33 34 35
f 34 36 35
f 35 36 37
f 36 38 37
f 37 38 39
f 38 40 39
f 39 40 41
f 40 42 41
f 41 42 43
f 42 44 43
f 43 44 45
f 44 46 45
f 45 46 47
f 46 48 47
f 47 48 49
f 48 50 49
f 49 50 51
f 50 52 51
f 52 53 51
f 51 53 54
f 53 55 54
f 54 55 56
f 55 57 56
f 56 57 58
f 57 59 58
f 58 59 60
f 59 61 60
f 60 61 62
f 63 64 65
f 64 66 65
f 65 66 62
f 66 67 62
f 62 67 60
f 15 14 68
f 14 64 68
f 68 64 69
f 64 63 69
f 21 20 70
f 20 71 70
f 70 71 72
f 71 73 72
f 74 73 75
f 76 77 78
f 77 79 78
f 78 79 75
f 79 80 75
f 75 80 74
f 78 81 76
f 81 82 76
f 76 82 83
f 82 84 83
f 83 84 85
f 84 86 85
f 85 86 87
f 86 88 87
f 88 89 87
f 87 89 90
f 89 91 90
f 90 91 92
f 91 93 92
f 92 93 94
f 94 93 95
f 93 96 95
f 95 96 97
f 96 98 97
f 97 98 99
f 99 98 100
f 98 101 100
f 100 101 102
f 101 103 102
f 103 104 102
f 102 104 105
f 104 106 105
f 105 106 107
f 106 108 107
f 107 108 109
f 108 110 109
f 109 110 111
f 110 112 111
f 111 112 113
f 112 114 113
f 113 114 115
f 116 117 118
f 117 119 118
f 118 119 115
f 119 120 115
f 115 120 113
f 116 121 117
f 121 122 117
f 117 122 123
f 122 124 123
f 123 124 125
f 125 124 126
f 124 127 126
f 126 127 128
f 127 129 128
f 129 130 128
f 128 130 131
f 130 132 131
f 131 132 133
f 134 135 136
f 133 132 137
f 132 138 137
f 137 138 139
f 138 140 139
f 139 140 141
f 140 142 141
f 141 142 143
f 142 144 143
f 143 144 145
f 144 146 145
f 145 146 136
f 146 147 136
f 136 147 134
f 148 149 150
f 149 151 150
f 134 152 135
f 152 149 135
f 135 149 153
f 149 148 153
f 151 154 150
f 154 155 150
f 150 155 156
f 155 157 156
f 156 157 158
f 157 159 158
f 157 160 159
f 160 161 159
f 159 161 162
f 161 163 162
f 162 163 164
f 163 165 164
f 164 165 166
f 165 167 166
f 166 167 168
f 167 169 168
f 168 169 170
f 169 171 170
f 171 172 170
f 170 172 173
f 174 175 176
f 175 177 176
f 176 177 172
f 177 173 172
f 176 178 174
f 178 179 174
f 174 179 180
f 179 181 180
f 180 181 182
f 181 183 182
f 184 185 186
f 184 186 187
f 186 188 187
f 187 188 189
f 181 190 183
f 190 191 183
f 183 191 189
f 191 192 189
f 189 192 187
f 193 194 195
f 194 196 195
f 195 196 197
f 196 185 197
f 197 185 198
f 185 184 198
f 199 200 201
f 200 202 201
f 201 202 203
f 195 204 193
f 204 205 193
f 193 205 206
f 205 207 206
f 206 207 208
f 207 209 208
f 208 209 210
f 209 211 210
f 210 211 212
f 211 213 212
f 212 213 214
f 213 215 214
f 214 215 216
f 215 217 216
f 216 217 218
f 217 219 218
f 218 219 220
f 219 221 220
f 220 221 199
f 221 222 199
f 199 222 200
f 203 202 223
f 202 224 223
f 223 224 225
f 224 226 225
f 226 227 225
f 225 227 228
f 227 229 228
f 228 229 230
f 229 231 230
f 230 231 232
f 231 233 232
f 231 234 233
f 234 235 233
f 233 235 236
f 235 237 236
f 236 237 238
f 237 239 238
f 238 239 240
f 239 241 240
f 240 241 242
f 243 244 245
f 244 246 245
f 245 246 247
f 246 248 247
f 247 248 249
f 248 250 249
f 249 250 251
f 250 242 251
f 251 242 252
f 242 241 252
f 253 244 243
f 253 243 254
f 254 243 255
f 243 256 255
f 255 256 257
f 256 258 257
f 258 259 257
f 257 259 260
f 259 261 260
f 260 261 262
f 261 263 262
f 264 265 266
f 265 263 266
f 266 263 267
f 263 261 267
f 264 268 265
f 268 269 265
f 265 269 270
f 271 269 272
f 269 273 272
f 272 273 274
f 273 275 274
f 274 275 276
f 275 277 276
f 276 277 278
f 277 279 278
f 278 279 280
f 279 281 280
f 281 282 280
f 280 282 283
f 282 284 283
f 283 284 285
f 284 286 285
f 284 287 286
f 287 288 286
f 286 288 289
f 288 290 289
f 289 290 291
f 290 292 291
f 291 292 293
f 292 294 293
f 293 294 295
f 296 297 298
f 297 299 298
f 295 294 300
f 294 301 300
f 300 301 299
f 301 302 299
f 299 302 298
f 303 304 305
f 304 306 305
f 305 306 307
f 306 308 307
f 307 308 309
f 308 310 309
f 309 310 311
f 310 312 311
f 311 312 313
f 312 314 313
f 313 314 315
f 314 316 315
f 315 316 317
f 316 318 317
f 317 318 319
f 318 320 319
f 319 320 321
f 320 322 321
f 321 322 296
f 322 323 296
f 296 323 297
f 324 325 303
f 325 326 303
f 303 326 304
f 324 327 325
f 327 328 325
f 325 328 329
f 329 328 330
f 328 331 330
f 330 331 332
f 331 333 332
f 333 334 332
f 332 334 335
f 334 336 335
f 336 337 335
f 335 337 338
f 338 337 339
f 337 340 339
f 339 340 341
f 340 342 341
f 343 344 345
f 344 346 345
f 345 346 342
f 346 341 342
f 347 348 349
f 348 350 349
f 349 350 351
f 351 350 352
f 350 353 352
f 352 353 354
f 355 356 357
f 356 358 357
f 359 360 361
f 360 362 361
f 361 362 363
f 364 365 366
f 365 367 366
f 364 366 368
f 366 369 368
f 368 369 370
f 369 371 370
f 370 371 372
f 371 373 372
f 372 373 374
f 373 375 374
f 375 376 374
f 374 376 377
f 376 378 377
f 377 378 379
f 378 380 379
f 379 380 381
f 382 383 384
f 383 385 384
f 384 385 386
f 385 387 386
f 380 388 381
f 388 389 381
f 381 389 390
f 389 391 390
f 390 391 387
f 391 392 387
f 387 392 386
f 384 393 382
f 393 394 382
f 382 394 395
f 394 396 395
f 395 396 397
f 396 398 397
f 396 399 398
f 399 400 398
f 398 400 401
f 400 402 401
f 401 402 359
f 402 403 359
f 359 403 360
f 404 405 406
f 405 407 406
f 406 407 408
f 407 409 408
f 407 410 409
f 410 411 409
f 409 411 412
f 411 413 412
f 412 413 414
f 415 416 417
f 416 418 417
f 417 418 419
f 418 420 419
f 419 420 421
f 420 422 421
f 421 422 414
f 422 423 414
f 414 423 412
f 424 425 426
f 426 427 424
f 427 428 424
f 424 428 415
f 428 429 415
f 415 429 416
f 430 431 432
f 431 433 432
f 434 435 436
f 435 437 436
f 436 437 433
f 437 438 433
f 433 438 432
f 439 440 441
f 440 442 441
f 441 442 443
f 442 444 443
f 443 444 434
f 444 445 434
f 434 445 435
f 446 447 404
f 447 448 404
f 404 448 405
f 441 449 439
f 449 447 439
f 439 447 450
f 447 446 450
f 431 451 452
f 451 453 452
f 452 453 454
f 453 455 454
f 454 455 456
f 455 457 456
f 456 457 458
f 457 459 458
f 460 461 462
f 461 463 462
f 462 463 464
f 465 466 467
f 466 468 467
f 467 468 469
f 468 461 469
f 469 461 470
f 461 460 470
f 471 472 473
f 472 474 473
f 473 474 464
f 474 475 464
f 464 475 462
f 459 457 476
f 457 477 476
f 476 477 471
f 477 478 471
f 471 478 472
f 479 480 481
f 480 482 481
f 481 482 483
f 482 484 483
f 483 484 465
f 484 466 465
f 479 485 480
f 485 486 480
f 480 486 487
f 486 488 487
f 487 488 489
f 487 489 490
f 489 491 490
f 490 491 492
f 491 493 492
f 493 494 492
f 492 494 495
f 494 496 495
f 495 496 497
f 496 498 497
f 497 498 499
f 500 501 499
f 501 502 499
f 499 502 497
f 503 504 505
f 504 506 505
f 505 506 507
f 506 501 507
f 507 501 508
f 501 500 508
f 509 510 503
f 510 511 503
f 503 511 504
f 512 513 514
f 515 516 517
f 517 516 518
f 516 519 518
f 518 519 520
f 521 512 522
f 512 514 522
f 522 514 523
f 514 524 523
f 523 524 525
f 524 526 525
f 526 527 525
f 525 527 528
f 527 529 528
f 528 529 517
f 529 530 517
f 517 530 515
f 519 531 520
f 531 532 520
f 520 532 533
f 532 534 533
f 533 534 535
f 534 536 535
f 536 537 535
f 537 538 535
f 535 538 539
f 538 540 539
f 540 541 539
f 539 541 542
f 541 543 542
f 542 543 544
f 543 545 544
f 544 545 546
f 545 547 546
f 548 549 550
f 549 551 550
f 550 551 552
f 551 553 552
f 553 554 552
f 552 554 555
f 556 557 558
f 557 559 558
f 558 559 560
f 559 561 560
f 560 561 562
f 561 563 562
f 547 564 546
f 564 565 546
f 546 565 566
f 565 567 566
f 566 567 548
f 567 568 548
f 548 568 549
f 569 570 563
f 570 571 563
f 563 571 562
f 554 572 555
f 572 573 555
f 555 573 574
f 573 575 574
f 574 575 576
f 575 577 576
f 576 577 569
f 577 578 569
f 569 578 570
f 579 580 581
f 580 582 581
f 581 582 583
f 584 585 586
f 585 587 586
f 586 587 588
f 583 589 581
f 589 590 581
f 581 590 513
f 589 591 592
f 593 594 595
f 594 596 595
f 595 596 597
f 596 598 597
f 597 598 599
f 598 600 599
f 599 600 601
f 600 602 601
f 602 603 601
f 601 603 604
f 592 605 589
f 605 606 589
f 589 606 590
f 588 587 607
f 587 608 607
f 607 608 609
f 593 595 610
f 595 611 610
f 610 611 612
f 611 613 612
f 612 613 614
f 613 615 614
f 614 615 616
f 603 617 604
f 617 618 604
f 604 618 589
f 618 619 589
f 589 619 591
f 616 615 620
f 615 621 620
f 620 621 622
f 621 623 622
f 622 623 624
f 623 625 624
f 624 625 626
f 626 625 627
f 625 628 627
f 627 628 629
f 628 630 629
f 629 630 631
f 630 632 631
f 631 632 633
f 608 634 609
f 634 635 609
f 609 635 636
f 635 637 636
f 636 637 638
f 637 639 638
f 638 639 640
f 639 641 640
f 640 641 632
f 641 642 632
f 632 642 633
f 643 644 645
f 644 646 645
f 645 646 647
f 648 649 643
f 649 650 643
f 643 650 644
f 643 651 648
f 651 652 648
f 648 652 653
f 652 654 653
f 653 654 655
f 654 656 655
f 655 656 657
f 656 658 657
f 657 658 659
f 658 660 659
f 659 660 661
f 660 662 661
f 661 662 663
f 662 664 663
f 663 664 665
f 666 667 668
f 667 669 668
f 668 669 670
f 671 672 673
f 674 675 676
f 677 678 679
f 679 678 680
f 681 682 683
f 682 684 683
f 683 684 685
f 684 686 685
f 685 686 687
f 687 686 688
f 686 689 688
f 688 689 690
f 689 691 690
f 690 691 678
f 691 692 678
f 678 692 680
f 675 674 693
f 674 694 693
f 693 694 695
f 694 696 695
f 695 696 697
f 677 679 698
f 679 699 698
f 698 699 676
f 699 700 676
f 676 700 674
f 697 696 701
f 696 702 701
f 701 702 703
f 702 704 703
f 703 704 705
f 704 706 705
f 705 706 707
f 706 708 707
f 707 708 709
f 708 710 709
f 709 710 711
f 710 712 711
f 711 712 713
f 712 714 713
f 713 714 715
f 714 716 715
f 716 717 715
f 715 717 718
f 717 719 718
f 718 719 720
f 719 721 720
f 720 721 722
f 721 723 722
f 723 724 722
f 722 724 725
f 724 726 725
f 725 726 727
f 726 728 727
f 727 728 729
f 728 730 729
f 729 730 731
f 730 732 731
f 732 733 731
f 731 733 734
f 733 735 734
f 734 735 736
f 736 735 673
f 735 737 673
f 673 737 671
f 738 739 740
f 739 741 740
f 740 741 742
f 741 743 742
f 742 743 744
f 743 745 744
f 744 745 672
f 745 746 672
f 672 746 673
f 740 747 738
f 747 748 738
f 738 748 749
f 748 750 749
f 749 750 751
f 750 752 751
f 751 752 753
f 752 754 753
f 753 754 755
f 756 757 758
f 757 755 758
f 758 755 759
f 755 754 759
f 760 761 762
f 761 682 762
f 762 682 681
f 763 764 765
f 764 766 765
f 765 766 760
f 766 767 760
f 760 767 761
f 763 765 768
f 765 769 768
f 768 769 770
f 769 771 770
f 770 771 772
f 771 773 772
f 772 773 774
f 773 775 774
f 774 775 776
f 775 777 776
f 776 777 778
f 777 779 778
f 778 779 780
f 779 781 780
f 780 781 782
f 781 783 782
f 782 783 784
f 783 785 784
f 786 787 788
f 787 789 788
f 788 789 790
f 789 791 790
f 790 791 785
f 791 792 785
f 785 792 784
f 793 794 795
f 794 796 795
f 795 796 797
f 796 798 797
f 797 798 786
f 798 799 786
f 786 799 787
f 800 801 802
f 801 803 802
f 802 803 804
f 803 805 804
f 804 805 806
f 805 807 806
f 806 807 808
f 807 809 808
f 808 809 810
f 809 811 810
f 810 811 793
f 811 812 793
f 793 812 794
f 813 814 815
f 814 816 815
f 815 816 817
f 816 818 817
f 817 818 819
f 818 820 819
f 819 820 821
f 820 822 821
f 821 822 823
f 822 824 823
f 823 824 800
f 824 825 800
f 800 825 801
f 815 826 813
f 826 827 813
f 813 827 828
f 828 827 829
f 827 830 829
f 829 830 831
f 830 832 831
f 831 832 833
f 834 835 836
f 833 832 837
f 833 837 838
f 837 839 838
f 838 839 840
f 839 841 840
f 840 841 842
f 841 843 842
f 842 843 844
f 843 845 844
f 845 846 844
f 844 846 847
f 846 848 847
f 847 848 849
f 848 850 849
f 849 850 851
f 850 852 851
f 851 852 853
f 852 854 853
f 853 854 855
f 854 856 855
f 857 858 859
f 858 860 859
f 859 860 861
f 854 862 856
f 862 863 856
f 856 863 864
f 863 865 864
f 864 865 857
f 865 866 857
f 857 866 858
f 861 860 867
f 860 868 867
f 867 868 869
f 868 870 869
f 870 871 869
f 869 871 872
f 872 871 835
f 871 873 835
f 835 873 836
f 836 874 834
f 874 875 834
f 834 875 876
f 875 877 876
f 876 877 878
f 877 879 878
f 878 879 880
f 879 881 880
f 880 881 882
f 881 883 882
f 882 883 884
f 883 885 884
f 885 886 884
f 884 886 887
f 886 888 887
f 887 888 889
f 888 890 889
f 888 891 890
f 891 892 890
f 890 892 893
f 892 894 893
f 893 894 895
f 894 896 895
f 895 896 897
f 898 899 900
f 898 900 897
f 900 901 897
f 897 901 895
f 898 902 899
f 902 903 899
f 899 903 904
f 903 905 904
f 904 905 906
f 905 907 906
f 906 907 908
f 907 909 908
f 908 909 910
f 911 912 913
f 914 915 916
f 910 909 915
f 909 917 915
f 915 917 916
f 916 918 914
f 918 919 914
f 914 919 920
f 920 919 921
f 919 922 921
f 921 922 923
f 924 925 926
f 925 927 926
f 926 927 928
f 927 929 928
f 928 929 930
f 929 931 930
f 930 931 932
f 931 923 932
f 932 923 933
f 923 922 933
f 924 934 925
f 934 935 925
f 925 935 936
f 935 937 936
f 938 939 940
f 939 941 940
f 940 941 942
f 935 943 937
f 943 944 937
f 937 944 945
f 944 946 945
f 945 946 938
f 946 947 938
f 938 947 939
f 942 941 948
f 941 949 948
f 948 949 950
f 949 951 950
f 951 952 950
f 950 952 953
f 952 954 953
f 953 954 955
f 954 956 955
f 955 956 957
f 956 958 957
f 957 958 959
f 958 960 959
f 959 960 961
f 960 962 961
f 962 963 961
f 961 963 964
f 963 965 964
f 964 965 966
f 965 967 966
f 966 967 968
f 967 969 968
f 968 969 970
f 969 971 970
f 972 973 971
f 973 974 971
f 971 974 970
f 972 975 973
f 975 976 973
f 973 976 977
f 976 978 977
f 977 978 979
f 978 980 979
f 979 980 912
f 980 981 912
f 912 981 913
f 911 982 983
f 982 984 983
f 983 984 985
f 984 986 985
f 985 986 987
f 986 988 987
f 988 989 987
f 987 989 990
f 989 991 990
f 990 991 992
f 991 993 992
f 992 993 994
f 993 995 994
f 994 995 996
f 995 997 996
f 997 998 996
f 996 998 999
f 998 1000 999
f 999 1000 1001
f 1000 1002 1001
f 1001 1002 1003
f 1002 1004 1003
f 1003 1004 1005
f 1004 1006 1005
f 1005 1006 1007
f 1006 1008 1007
f 1007 1008 1009
f 1008 1010 1009
f 1008 1011 1010
f 1011 1012 1010
f 1010 1012 1013
f 1012 1014 1013
f 1013 1014 1015
f 1016 1017 1018
f 1017 1019 1018
f 1018 1019 1020
f 1015 1014 1021
f 1014 1022 1021
f 1021 1022 1023
f 1022 1024 1023
f 1023 1024 1025
f 1024 1026 1025
f 1025 1026 1016
f 1026 1027 1016
f 1016 1027 1017
f 1020 1019 1028
f 1019 1029 1028
f 1028 1029 1030
f 1029 1031 1030
f 1030 1031 1032
f 1033 1034 1035
f 1033 1035 1036
f 1035 1037 1036
f 1036 1037 1038
f 1037 1039 1038
f 1038 1039 1040
f 1032 1041 1042
f 1041 1043 1042
f 1042 1043 1040
f 1043 1044 1040
f 1040 1044 1038
f 1034 1033 1045
f 1033 1046 1045
f 1045 1046 1047
f 1046 1048 1047
f 1047 1048 1049
f 1048 1050 1049
f 1049 1050 1051
f 1050 1052 1051
f 1051 1052 1053
f 1054 1053 1052
f 1054 1052 1055
f 1052 1056 1055
f 1056 1057 1055
f 1055 1057 1058
f 1057 1059 1058
f 1058 1059 1060
f 1059 1061 1060
f 1060 1061 1062
f 1061 1063 1062
f 1062 1063 1064
f 1063 1065 1064
f 1064 1065 1066
f 1065 1067 1066
f 1066 1067 1068
f 1067 1069 1068
f 1068 1069 1070
f 1069 1071 1070
f 1070 1071 1072
f 1071 1073 1072
f 1072 1073 1074
f 1073 1075 1074
f 1074 1075 1076
f 1077 1078 1075
f 1078 1079 1075
f 1079 1080 1075
f 1080 1081 1075
f 1075 1081 1076
f 1082 1083 1084
f 1083 1085 1084
f 1084 1085 1077
f 1085 1086 1077
f 1077 1086 1078
f 1087 1088 1089
f 1088 1090 1089
f 1089 1090 1091
f 1090 1092 1091
f 1091 1092 1093
f 1092 1094 1093
f 1094 1095 1093
f 1093 1095 1096
f 1095 1097 1096
f 1096 1097 1098
f 1097 1099 1098
f 1097 1100 1099
f 1100 1101 1099
f 1099 1101 1102
f 1101 1103 1102
f 1102 1103 1104
f 1103 1105 1104
f 1104 1105 1106
f 1105 1107 1106
f 1106 1107 1108
f 1083 1082 1109
f 1082 1108 1109
f 1109 1108 1110
f 1108 1107 1110
f 1088 1087 1111
f 1087 1112 1111
f 1111 1112 1113
f 1112 1114 1113
f 1113 1114 1115
f 1116 1117 1118
f 1117 1119 1118
f 1115 1114 1120
f 1114 1121 1120
f 1120 1121 1122
f 1121 1123 1122
f 1122 1123 1119
f 1123 1124 1119
f 1119 1124 1118
f 1125 1126 1127
f 1126 1128 1127
f 1127 1128 1129
f 1128 1130 1129
f 1128 1131 1130
f 1131 1132 1130
f 1130 1132 1133
f 1132 1134 1133
f 1133 1134 1135
f 1134 1136 1135
f 1134 1137 1136
f 1137 1138 1136
f 1136 1138 1139
f 1138 1140 1139
f 1139 1140 1141
f 1140 1142 1141
f 1141 1142 1143
f 1142 1144 1143
f 1143 1144 1145
f 1117 1116 1146
f 1116 1145 1146
f 1146 1145 1147
f 1145 1144 1147
f 1126 1125 1148
f 1125 1149 1148
f 1148 1149 1150
f 1150 1149 1151
f 1149 1152 1151
f 1151 1152 1153
f 1152 1154 1153
f 1153 1154 1155
f 1156 1157 1158
f 1157 1159 1158
f 1157 1160 1159
f 1160 1161 1159
f 1159 1161 1162
f 1161 1163 1162
f 1162 1163 1164
f 1164 1163 1165
f 1163 1166 1165
f 1165 1166 1167
f 1166 1168 1167
f 1167 1168 1169
f 1168 1170 1169
f 1169 1170 1171
f 1170 1172 1171
f 1171 1172 1173
f 1172 1174 1173
f 1173 1174 1175
f 1174 1176 1175
f 1175 1176 1177
f 1176 1178 1177
f 1178 1179 1177
f 1177 1179 1180
f 1179 1181 1180
f 1181 1182 1180
f 1180 1182 1154
f 1182 1183 1154
f 1154 1183 1155
f 1184 1156 1158
f 1184 1158 1185
f 1158 1186 1185
f 1185 1186 1187
f 1188 1189 1190
f 1189 1191 1190
f 1190 1191 1192
f 1187 1186 1193
f 1186 1194 1193
f 1193 1194 1195
f 1194 1196 1195
f 1195 1196 1197
f 1196 1198 1197
f 1197 1198 1199
f 1198 1200 1199
f 1199 1200 1201
f 1200 1202 1201
f 1201 1202 1203
f 1202 1204 1203
f 1203 1204 1205
f 1204 1206 1205
f 1205 1206 1207
f 1206 1208 1207
f 1207 1208 1209
f 1208 1210 1209
f 1209 1210 1211
f 1210 1212 1211
f 1211 1212 1213
f 1212 1214 1213
f 1213 1214 1215
f 1214 1216 1215
f 1215 1216 1217
f 1216 1218 1217
f 1217 1218 1188
f 1218 1219 1188
f 1188 1219 1189
f 1192 1191 1220
f 1191 1221 1220
f 1220 1221 1222
f 1221 1223 1222
f 1222 1223 1224
f 1223 1225 1224
f 1224 1225 1226
f 1225 1227 1226
f 1226 1227 1228
f 1229 1230 1231
f 1230 1232 1231
f 1231 1232 1233
f 1232 1234 1233
f 1233 1234 1228
f 1234 1235 1228
f 1228 1235 1226
f 1231 1236 1229
f 1236 1237 1229
f 1229 1237 1238
f 1237 1239 1238
f 1238 1239 1240
f 1239 1241 1240
f 1240 1241 1242
f 1241 1243 1242
f 757 756 1244
f 1244 1245 757
f 1245 1246 757
f 757 1246 1247
f 1246 1243 1247
f 1247 1243 1248
f 1243 1241 1248
f 1249 1250 1251
f 1250 1252 1251
f 1251 1252 1253
f 1252 1254 1253
f 1252 1255 1254
f 1255 1256 1254
f 1254 1256 1257
f 1256 1258 1257
f 1257 1258 1259
f 1258 1260 1259
f 1259 1260 1261
f 1260 1262 1261
f 1263 1264 1265
f 1264 1266 1265
f 1265 1266 1267
f 1266 1268 1267
f 1267 1268 1262
f 1268 1269 1262
f 1262 1269 1261
f 1270 1271 1272
f 1272 1271 1273
f 1271 1274 1273
f 1273 1274 1275
f 1276 1277 1278
f 1277 1279 1278
f 1278 1279 1280
f 1279 1281 1280
f 1280 1281 1282
f 1281 1283 1282
f 1282 1283 1275
f 1283 1284 1275
f 1275 1284 1273
f 1285 1286 1287
f 1286 1288 1287
f 1287 1288 1289
f 1288 1290 1289
f 1289 1290 1291
f 1292 1293 1285
f 1293 1294 1285
f 1285 1294 1286
f 1291 1290 1295
f 1290 1296 1295
f 1295 1296 1297
f 1296 1298 1297
f 1297 1298 1299
f 1272 1300 1270
f 1300 1297 1270
f 1270 1297 1301
f 1297 1299 1301
f 1302 1303 1304
f 1303 1305 1304
f 1304 1305 1306
f 1305 1307 1306
f 1306 1307 1308
f 1307 1309 1308
f 1308 1309 1310
f 1309 1311 1310
f 1310 1311 1312
f 1311 1313 1312
f 1312 1313 1314
f 1313 1315 1314
f 1314 1315 1316
f 1315 1317 1316
f 1316 1317 1318
f 1317 1319 1318
f 1318 1319 1320
f 1319 1321 1320
f 1320 1321 1322
f 1321 1323 1322
f 1322 1323 1263
f 1323 1324 1263
f 1263 1324 1264
f 1292 1325 1293
f 1325 1326 1293
f 1293 1326 1327
f 1326 1328 1327
f 1327 1328 1329
f 1328 1330 1329
f 1329 1330 1331
f 1331 1330 1332
f 1330 1333 1332
f 1332 1333 1249
f 1333 1334 1249
f 1249 1334 1250
f 1335 1336 1337
f 1336 1338 1337
f 1337 1338 1339
f 1338 1340 1339
f 1341 1335 1342
f 1341 1343 1335
f 1343 1344 1335
f 1335 1344 1336
f 1303 1302 1345
f 1302 1346 1345
f 1345 1346 1342
f 1346 1347 1342
f 1342 1347 1341
f 1348 1349 1350
f 1350 1349 1351
f 1349 1352 1351
f 1351 1352 1353
f 1352 1354 1353
f 1353 1354 1355
f 1356 1357 1354
f 1357 1358 1354
f 1354 1358 1355
f 1359 1360 1361
f 1360 1362 1361
f 1361 1362 1363
f 1362 1364 1363
f 1363 1364 1365
f 1364 1366 1365
f 1365 1366 1367
f 1366 1368 1367
f 1369 1370 1371
f 1370 1372 1371
f 1371 1372 1373
f 1372 1374 1373
f 1373 1374 1375
f 1374 1376 1375
f 1375 1376 1377
f 1376 1378 1377
f 1377 1378 1379
f 1378 1380 1379
f 1380 1381 1379
f 1379 1381 1382
f 1381 1383 1382
f 1382 1383 1384
f 1383 1385 1384
f 1384 1385 1386
f 1385 1387 1386
f 1386 1387 1368
f 1387 1388 1368
f 1368 1388 1367
f 1389 1390 1391
f 1390 1392 1391
f 1391 1392 1393
f 1392 1394 1393
f 1393 1394 1395
f 1394 1396 1395
f 1395 1396 1397
f 1398 1399 1400
f 1400 1401 1398
f 1401 1402 1398
f 1398 1402 1403
f 1402 1404 1403
f 1403 1404 1405
f 1404 1406 1405
f 1406 1407 1405
f 1405 1407 1408
f 1407 1409 1408
f 1408 1409 1389
f 1409 1410 1389
f 1389 1410 1390
f 1371 1411 1369
f 1411 1412 1369
f 1369 1412 1413
f 1412 1414 1413
f 1413 1414 1415
f 1396 1416 1397
f 1416 1417 1397
f 1397 1417 1418
f 1417 1419 1418
f 1418 1419 1420
f 1419 1421 1420
f 1420 1421 1422
f 1421 1423 1422
f 1422 1423 1414
f 1423 1424 1414
f 1414 1424 1415
f 1340 1338 1425
f 1338 1426 1425
f 1425 1426 1427
f 1426 1428 1427
f 1427 1428 1356
f 1428 1428 1356
f 1356 1428 1357
f 1350 1429 1348
f 1429 1430 1348
f 1348 1430 1431
f 1430 1432 1431
f 1431 1432 1399
f 1432 1433 1399
f 1399 1433 1400
f 1434 1435 1436
f 1437 1438 1439
f 1438 1440 1439
f 1439 1440 1441
f 1440 1442 1441
f 1441 1442 1443
f 1442 1436 1443
f 1443 1436 1444
f 1436 1435 1444
f 1445 1446 1447
f 1434 1436 1447
f 1436 1448 1447
f 1447 1448 1445
f 1449 1450 1451
f 1451 1452 1449
f 1452 1453 1449
f 1449 1453 1454
f 1453 1455 1454
f 1454 1455 1456
f 1456 1455 1457
f 1455 1458 1457
f 1457 1458 1459
f 1460 1461 1462
f 1460 1462 1463
f 1464 1465 1466
f 1465 1467 1466
f 1466 1467 1468
f 1467 1463 1468
f 1468 1463 1469
f 1463 1462 1469
f 1470 1471 1472
f 1471 1473 1472
f 1472 1473 1474
f 1473 1475 1474
f 1475 1476 1474
f 1474 1476 1464
f 1476 1477 1464
f 1464 1477 1465
f 1478 1479 1480
f 1479 1481 1480
f 1480 1481 1482
f 1481 1483 1482
f 1482 1483 1484
f 1483 1485 1484
f 1484 1485 1486
f 1485 1487 1486
f 1486 1487 1488
f 1487 1489 1488
f 1488 1489 1490
f 1489 1491 1490
f 1490 1491 1492
f 1491 1493 1492
f 1492 1493 1494
f 1493 1495 1494
f 1494 1495 1496
f 1495 1497 1496
f 1496 1497 1498
f 1497 1499 1498
f 1498 1499 1500
f 1499 1501 1500
f 1500 1501 1502
f 1501 1503 1502
f 1502 1503 1504
f 1503 1505 1504
f 1504 1505 1506
f 1505 1507 1506
f 1506 1507 1508
f 1507 1509 1508
f 1508 1509 1510
f 1509 1511 1510
f 1510 1511 1512
f 1511 1513 1512
f 1512 1513 1514
f 1513 1515 1514
f 1514 1515 1359
f 1515 1516 1359
f 1359 1516 1360
f 1470 1517 1471
f 1517 1518 1471
f 1471 1518 1519
f 1518 1520 1519
f 1519 1520 1521
f 1520 1522 1521
f 1521 1522 1523
f 1522 1524 1523
f 1523 1524 1525
f 1524 1526 1525
f 1525 1526 1527
f 1526 1528 1527
f 1527 1528 1529
f 1528 1530 1529
f 1529 1530 1531
f 1530 1532 1531
f 1531 1532 1533
f 1532 1478 1533
f 1533 1478 1534
f 1478 1480 1534
f 1447 1446 1535
f 1446 1536 1535
f 1535 1536 1537
f 1536 1538 1537
f 1537 1538 1537
f 1538 1539 1537
f 1537 1539 1540
f 1539 1541 1540
f 1540 1541 1542
f 1541 1459 1542
f 1542 1459 1543
f 1459 1458 1543
f 1461 1460 1544
f 1460 1545 1544
f 1544 1545 1450
f 1545 1546 1450
f 1450 1546 1451
f 1547 1548 1549
f 1549 1548 1550
f 1551 1552 1553
f 1554 1555 1556
f 1555 1557 1556
f 1558 1559 1560
f 1560 1559 1552
f 1559 1561 1552
f 1552 1561 1553
f 1557 1555 1553
f 1555 1562 1553
f 1553 1562 1551
f 1563 1564 1565
f 1565 1564 1566
f 1564 1567 1566
f 1567 1568 1566
f 1566 1568 1569
f 1569 1568 1549
f 1568 1570 1549
f 1549 1570 1547
f 1550 1548 1571
f 1548 1572 1571
f 1571 1572 1573
f 1572 1574 1573
f 1573 1574 1575
f 1560 1576 1558
f 1576 1577 1558
f 1558 1577 1578
f 1577 1575 1578
f 1578 1575 1579
f 1575 1574 1579
f 1580 1581 1582
f 1580 1582 1583
f 1582 1584 1583
f 1583 1584 1585
f 1586 1587 1588
f 1587 1589 1588
f 1588 1589 1590
f 1589 1591 1590
f 1584 1592 1585
f 1592 1593 1585
f 1585 1593 1594
f 1593 1595 1594
f 1594 1595 1596
f 1595 1597 1596
f 1596 1597 1586
f 1597 1598 1586
f 1586 1598 1587
f 1599 1600 1601
f 1599 1601 1602
f 1601 1603 1602
f 1602 1603 1604
f 1603 1605 1604
f 1605 1606 1604
f 1604 1606 1607
f 1606 1608 1607
f 1607 1608 1609
f 1608 1610 1609
f 1609 1610 1611
f 1610 1612 1611
f 1611 1612 1613
f 1612 1614 1613
f 1613 1614 1615
f 1614 1616 1615
f 1615 1616 1617
f 1616 1591 1617
f 1617 1591 1618
f 1591 1589 1618
f 1565 1619 1563
f 1619 1620 1563
f 1563 1620 1621
f 1620 1438 1621
f 1621 1438 1437
f 1600 1599 1622
f 1599 1623 1622
f 1622 1623 1624
f 1623 1625 1624
f 1624 1625 1626
f 1625 1627 1626
f 1626 1627 1554
f 1627 1628 1554
f 1554 1628 1555
f 1629 1630 1631
f 1632 1633 1634
f 1633 1635 1634
f 1634 1635 1636
f 1635 1637 1636
f 1636 1637 1638
f 1637 1639 1638
f 1638 1639 1640
f 1639 1641 1640
f 1640 1641 1642
f 1641 1643 1642
f 1644 1645 1646
f 1647 1648 1649
f 1647 1649 1650
f 1649 1651 1650
f 1650 1651 1652
f 1646 1645 1653
f 1651 1654 1652
f 1654 1655 1652
f 1652 1655 1656
f 1655 1653 1656
f 1656 1653 1657
f 1653 1645 1657
f 1646 1658 1644
f 1658 1659 1644
f 1644 1659 1660
f 1659 1661 1660
f 1660 1661 1662
f 1661 1663 1662
f 1662 1663 1632
f 1663 1664 1632
f 1632 1664 1633
f 1665 1666 1667
f 1666 1668 1667
f 1669 1670 1671
f 1670 1672 1671
f 1671 1672 1673
f 1672 1674 1673
f 1673 1674 1675
f 1666 1676 1668
f 1676 1677 1668
f 1668 1677 1678
f 1677 1679 1678
f 1678 1679 1675
f 1679 1680 1675
f 1675 1680 1673
f 1681 1682 1683
f 1681 1683 1684
f 1683 1685 1684
f 1684 1685 1686
f 1687 1688 1682
f 1688 1689 1682
f 1682 1689 1683
f 1690 1691 1692
f 1691 1693 1692
f 1692 1693 1694
f 1693 1687 1694
f 1694 1687 1695
f 1687 1682 1695
f 1685 1696 1686
f 1696 1697 1686
f 1686 1697 1698
f 1697 1669 1698
f 1698 1669 1699
f 1669 1671 1699
f 1648 1647 1700
f 1647 1701 1700
f 1700 1701 1665
f 1701 1702 1665
f 1665 1702 1666
f 1703 1704 1580
f 1704 1705 1580
f 1580 1705 1581
f 1706 1707 1708
f 1706 1708 1709
f 1708 1710 1709
f 1709 1710 1711
f 1712 1713 1714
f 1714 1713 1715
f 1713 1716 1715
f 1716 1717 1715
f 1715 1717 1718
f 1717 1719 1718
f 1718 1719 1707
f 1719 1720 1707
f 1707 1720 1708
f 1710 1721 1711
f 1721 1722 1711
f 1711 1722 1723
f 1722 1724 1723
f 1723 1724 1725
f 1724 1726 1725
f 1725 1726 1727
f 1726 1728 1727
f 1727 1728 1729
f 1728 1730 1729
f 1729 1730 1729
f 1730 1731 1729
f 1729 1731 1732
f 1731 1733 1732
f 1732 1733 1704
f 1733 1734 1704
f 1704 1734 1705
f 1631 1630 1735
f 1630 1736 1735
f 1735 1736 1737
f 1738 1739 1740
f 1739 1741 1740
f 1740 1741 1742
f 1743 1744 1745
f 1745 1744 1746
f 1744 1747 1746
f 1746 1747 1748
f 1747 1749 1748
f 1748 1749 1750
f 1749 1751 1750
f 1750 1751 1738
f 1751 1752 1738
f 1738 1752 1739
f 1741 1753 1742
f 1753 1754 1742
f 1742 1754 1755
f 1754 1756 1755
f 1629 1631 1757
f 1631 1758 1757
f 1757 1758 1759
f 1758 1760 1759
f 1759 1760 1756
f 1760 1761 1756
f 1756 1761 1755
f 1714 1762 1712
f 1762 1763 1712
f 1712 1763 1764
f 1763 1765 1764
f 1764 1765 1766
f 1765 1767 1766
f 1766 1767 1768
f 1767 1769 1768
f 1768 1769 1770
f 1769 1737 1770
f 1770 1737 1771
f 1737 1736 1771
f 1277 1276 1772
f 1276 1773 1772
f 1772 1773 1690
f 1773 1774 1690
f 1690 1774 1691
f 1745 1775 1743
f 1775 1776 1743
f 1743 1776 1777
f 1776 1778 1777
f 1777 1778 1779
f 1778 1780 1779
f 1779 1780 1781
f 1780 1643 1781
f 1781 1643 1782
f 1643 1641 1782
f 1783 1784 1785
f 1786 1787 1788
f 1787 1789 1788
f 1788 1789 1790
f 1791 1792 1793
f 1794 1795 1796
f 1794 1796 1797
f 1795 1798 1796
f 1798 1799 1796
f 1796 1799 1800
f 1800 1801 1802
f 1801 1803 1802
f 1802 1803 1804
f 1803 1805 1804
f 1806 1807 1790
f 1805 1808 1804
f 1808 1809 1804
f 1804 1809 1790
f 1809 1810 1790
f 1790 1810 1806
f 1807 1811 1790
f 1811 1812 1790
f 1790 1812 1788
f 1802 1813 1800
f 1813 1814 1800
f 1800 1814 1815
f 1816 1817 1796
f 1815 1818 1800
f 1818 1819 1800
f 1800 1819 1796
f 1819 1820 1796
f 1796 1820 1816
f 1817 1821 1796
f 1821 1822 1796
f 1796 1822 1823
f 1824 1825 1826
f 1825 1827 1826
f 1827 1828 1829
f 1829 1828 1830
f 1828 1831 1830
f 1830 1831 1832
f 1828 1833 1831
f 1833 1834 1831
f 1831 1834 1835
f 1834 1836 1835
f 1835 1836 1837
f 1837 1838 1835
f 1838 1839 1835
f 1835 1839 1840
f 1840 1841 1835
f 1841 1842 1835
f 1835 1842 1843
f 1844 1845 1846
f 1845 1847 1846
f 1846 1847 1848
f 1847 1849 1848
f 1848 1849 1843
f 1849 1850 1843
f 1843 1850 1835
f 1835 1851 1831
f 1851 1852 1831
f 1831 1852 1853
f 1853 1854 1831
f 1854 1855 1831
f 1831 1855 1856
f 1856 1857 1831
f 1857 1858 1831
f 1831 1858 1859
f 1860 1861 1862
f 1861 1863 1862
f 1862 1863 1864
f 1864 1865 1862
f 1865 1866 1862
f 1862 1866 1867
f 1868 1869 1862
f 1869 1870 1862
f 1870 1871 1862
f 1862 1871 1872
f 1824 1796 1873
f 1796 1823 1873
f 1873 1823 1874
f 1823 1875 1874
f 1874 1875 1876
f 1875 1877 1876
f 1876 1877 1859
f 1877 1878 1859
f 1859 1878 1862
f 1879 1880 1881
f 1881 1882 1879
f 1882 1883 1879
f 1879 1883 1884
f 1884 1885 1879
f 1885 1886 1879
f 1879 1886 1887
f 1867 1888 1862
f 1888 1889 1862
f 1862 1889 1868
f 1879 1890 1891
f 1796 1791 1797
f 1791 1793 1797
f 1797 1793 1892
f 1793 1893 1892
f 1892 1893 1894
f 1893 1895 1894
f 1894 1895 1890
f 1895 1896 1890
f 1890 1896 1891
f 1897 1898 1899
f 1898 1900 1899
f 1887 1901 1879
f 1901 1902 1879
f 1879 1902 1903
f 1902 1904 1903
f 1903 1904 1905
f 1904 1898 1905
f 1905 1898 1906
f 1898 1897 1906
f 1862 1907 1860
f 1907 1908 1860
f 1860 1908 1909
f 1909 1910 1860
f 1910 1911 1860
f 1860 1911 1912
f 1913 1914 1915
f 1916 1917 1918
f 1917 1919 1918
f 1920 1921 1916
f 1921 1922 1916
f 1916 1922 1917
f 1920 1923 1924
f 1923 1925 1924
f 1924 1925 1926
f 1920 1924 1921
f 1924 1927 1921
f 1921 1927 1928
f 1929 1930 1931
f 1930 1932 1931
f 1932 1933 1931
f 1933 1934 1931
f 1931 1934 1935
f 1935 1936 1931
f 1936 1937 1931
f 1931 1937 1938
f 1937 1939 1938
f 1938 1939 1940
f 1939 1941 1940
f 1942 1921 1931
f 1921 1928 1931
f 1931 1928 1929
f 1943 1944 1945
f 1944 1946 1945
f 1943 1947 1944
f 1947 1948 1944
f 1944 1948 1949
f 1950 1951 1952
f 1951 1953 1952
f 1952 1953 1954
f 1953 1955 1954
f 1954 1955 1956
f 1955 1944 1956
f 1956 1944 1957
f 1944 1949 1957
f 1958 1921 1944
f 1921 1959 1944
f 1944 1959 1946
f 1958 1960 1921
f 1960 1961 1921
f 1921 1961 1962
f 1962 1963 1921
f 1963 1964 1921
f 1921 1964 1965
f 1965 1966 1921
f 1966 1967 1921
f 1921 1967 1968
f 1969 1970 1971
f 1971 1970 1972
f 1973 1974 1975
f 1973 1975 1971
f 1975 1976 1971
f 1971 1976 1969
f 1977 1978 1979
f 1972 1970 1979
f 1970 1980 1979
f 1979 1980 1977
f 1981 1982 1983
f 1982 1984 1983
f 1983 1984 1985
f 1985 1986 1983
f 1986 1987 1983
f 1983 1987 1988
f 1989 1990 1983
f 1990 1991 1983
f 1991 1992 1983
f 1983 1992 1993
f 1994 1995 1996
f 1996 1997 1994
f 1997 1998 1994
f 1994 1998 1999
f 1999 2000 1994
f 2000 2001 1994
f 1994 2001 2002
f 1988 2003 1983
f 2003 2004 1983
f 1983 2004 1989
f 2005 2006 2007
f 2008 2009 2010
f 2008 2010 2007
f 2010 2011 2007
f 2007 2011 2005
f 2012 2013 2014
f 2015 2016 2017
f 2012 2014 2018
f 2014 2019 2018
f 2018 2019 2017
f 2019 2020 2017
f 2017 2020 2015
f 2021 2022 2023
f 2024 2025 2023
f 2025 2026 2023
f 2027 2021 2028
f 2021 2023 2028
f 2028 2023 2029
f 2023 2026 2029
f 2030 2031 2032
f 2032 2033 2030
f 2033 2034 2030
f 2030 2034 2035
f 2034 2024 2035
f 2035 2024 2036
f 2024 2023 2036
f 2037 2038 2039
f 2039 2038 2040
f 2031 2030 2039
f 2030 2041 2039
f 2039 2041 2037
f 2040 2038 2042
f 2038 2043 2042
f 2042 2043 2044
f 2044 2045 2042
f 2045 2046 2042
f 2042 2046 2047
f 2046 2048 2047
f 2047 2048 2049
f 2050 2051 2052
f 2051 2053 2052
f 2052 2053 2048
f 2053 2054 2048
f 2048 2054 2049
f 2050 2052 2055
f 2052 2056 2055
f 2055 2056 2057
f 2058 2059 1831
f 1993 1995 1983
f 1995 1994 1983
f 1983 1994 1968
f 1994 1915 1968
f 1968 1915 1921
f 1915 1914 1921
f 1921 1914 2060
f 2061 2062 2063
f 2063 2064 2061
f 2064 2065 2061
f 2061 2065 2066
f 2066 2067 2061
f 2067 2068 2061
f 2061 2068 2069
f 2070 2071 2072
f 2071 2073 2072
f 2073 2074 2072
f 2074 2075 2072
f 2072 2075 2076
f 2076 2077 2072
f 2077 2078 2072
f 2072 2078 2079
f 2079 2080 2072
f 2080 2081 2072
f 2072 2081 2082
f 2069 2083 2061
f 2083 2084 2061
f 2061 2084 2072
f 2084 2085 2072
f 2072 2085 2070
f 2018 1921 2061
f 1921 2060 2061
f 2061 2060 2062
f 2086 2087 2088
f 2088 2089 2086
f 2089 2090 2086
f 2086 2090 2091
f 2091 2092 2086
f 2092 2093 2086
f 2086 2093 2094
f 2094 2095 2086
f 2095 2096 2086
f 2086 2096 2097
f 2097 2098 2086
f 2098 2099 2086
f 2086 2099 2100
f 2099 2101 2100
f 2100 2101 2102
f 2103 2104 2086
f 2104 2105 2086
f 2086 2105 2087
f 2106 2107 2108
f 2107 2109 2108
f 2108 2109 2110
f 2110 2111 2108
f 2111 2112 2108
f 2108 2112 2113
f 2113 2114 2108
f 2114 2115 2108
f 2108 2115 2116
f 2115 2117 2116
f 2116 2117 2118
f 2117 2119 2118
f 2108 2120 1831
f 2121 2122 2059
f 2057 2056 2123
f 2056 2124 2123
f 2123 2124 2125
f 2124 2126 2125
f 2125 2126 2059
f 2126 2127 2059
f 2059 2127 2121
f 2122 2128 2059
f 2128 2129 2059
f 2059 2129 1831
f 2129 2130 1831
f 2130 2104 1831
f 1831 2104 2108
f 2104 2103 2108
f 2108 2103 2106
f 2131 2132 1831
f 2133 2134 2007
f 2134 2135 2007
f 2007 2135 2008
f 2132 2136 2137
f 2137 2138 2132
f 2138 2139 2132
f 2132 2139 2140
f 2140 2141 2132
f 2141 2142 2132
f 2132 2142 2143
f 2143 2144 2132
f 2144 2145 2132
f 2132 2145 1831
f 2145 2146 1831
f 2146 2147 1831
f 2147 2148 1831
f 1831 2148 2149
f 2149 2150 1831
f 2150 2151 1831
f 1831 2151 1832
f 1826 2152 2153
f 1824 1826 1796
f 1826 2153 1796
f 1796 2153 2154
f 2155 2156 2157
f 2154 2158 1796
f 2158 2159 1796
f 1796 2159 2155
f 2156 2160 2157
f 2160 2161 2157
f 2157 2161 2162
f 2162 2163 2157
f 2163 2164 2157
f 2157 2164 2165
f 2166 2167 2168
f 2167 2157 2168
f 2168 2157 2169
f 2157 2165 2169
f 2166 2170 2167
f 2170 2171 2167
f 2167 2171 2136
f 2171 2172 2136
f 2136 2172 2137
f 2173 2174 2175
f 2174 2176 2175
f 2175 2176 2177
f 2177 2178 2175
f 2178 2179 2175
f 2175 2179 2123
f 2179 2180 2123
f 2180 2181 2123
f 2181 2182 2123
f 2123 2182 2183
f 2183 2184 2123
f 2184 2185 2123
f 2123 2185 2186
f 2186 2187 2123
f 2187 2188 2123
f 2123 2188 2189
f 2189 2190 2123
f 2190 2191 2123
f 2123 2191 2057
f 2191 2192 2057
f 2057 2192 2193
f 2194 2195 2196
f 2196 2197 2194
f 2197 2198 2194
f 2194 2198 2199
f 2199 2200 2194
f 2200 2201 2194
f 2194 2201 2202
f 2203 2204 2205
f 2202 2204 2194
f 2204 2203 2194
f 2194 2203 2206
f 2203 2207 2206
f 2205 2208 2203
f 2208 2209 2203
f 2203 2209 2210
f 2210 2211 2203
f 2211 2212 2203
f 2203 2212 2207
f 2213 2195 2214
f 2195 2194 2214
f 2214 2194 2193
f 2194 2215 2193
f 2193 2215 2057
f 2216 1796 2175
f 1796 2217 2175
f 2175 2217 2173
f 2218 2216 2219
f 2220 2221 2222
f 2221 2223 2222
f 2222 2223 2224
f 2224 2225 2222
f 2225 2226 2222
f 2222 2226 2227
f 2227 2228 2222
f 2228 2229 2222
f 2222 2229 2230
f 2230 2231 2222
f 2231 2232 2222
f 2222 2232 2233
f 2233 2234 2222
f 2234 2235 2222
f 2222 2235 2236
f 2235 2237 2236
f 2236 2237 2238
f 2238 2239 2236
f 2239 2240 2236
f 2236 2240 2241
f 2241 2242 2236
f 2242 2243 2236
f 2236 2243 2244
f 2244 2245 2236
f 2245 2246 2236
f 2236 2246 2247
f 2246 1979 2247
f 2247 1979 1915
f 1979 1978 1915
f 1915 1978 1913
f 2248 2249 2250
f 2249 2251 2250
f 2250 2251 2252
f 2253 2254 2255
f 2254 2256 2255
f 2255 2256 2257
f 2258 2259 2260
f 2155 2157 1796
f 2157 2259 1796
f 1796 2259 2217
f 2259 2258 2217
f 2217 2258 2261
f 2218 2220 2216
f 2220 2222 2216
f 2216 2222 1796
f 2222 2262 1796
f 1796 2262 2263
f 2263 2264 1796
f 2264 2265 1796
f 1796 2265 2266
f 2267 2268 2269
f 2269 2270 2267
f 2270 2271 2267
f 2267 2271 2272
f 2271 2273 2272
f 2273 2274 2272
f 2274 2275 2272
f 2272 2275 2276
f 2275 2277 2276
f 2277 2278 2276
f 2278 2279 2276
f 2276 2279 2280
f 2268 2281 2269
f 2281 2282 2269
f 2269 2282 2283
f 2283 2284 2269
f 2284 2285 2269
f 2269 2285 2286
f 2264 2287 2265
f 2287 2269 2265
f 2265 2269 2288
f 2286 2289 2269
f 2289 2290 2269
f 2269 2290 2288
f 2291 2266 2292
f 2266 2293 2292
f 2292 2293 2294
f 2293 2295 2294
f 2294 2295 1968
f 2295 2296 1968
f 1968 2296 1983
f 2297 2298 2299
f 2298 2300 2299
f 2299 2300 2301
f 2300 2302 2301
f 2301 2302 1942
f 2302 2303 1942
f 1942 2303 1921
f 2303 2304 1921
f 1921 2304 1959
f 2291 2298 2266
f 2298 2297 2266
f 2266 2297 1796
f 2297 2305 1796
f 2306 2307 2308
f 2307 2309 2308
f 2308 2309 2310
f 2310 2311 2308
f 2311 2312 2308
f 2308 2312 2313
f 2314 1796 2308
f 1796 2305 2308
f 2308 2305 2306
f 2315 2316 2317
f 2316 2318 2317
f 2317 2318 2319
f 2319 2320 2317
f 2320 2321 2317
f 2317 2321 2322
f 2323 2217 2324
f 2217 2261 2324
f 2324 2261 2325
f 2261 2326 2325
f 2325 2326 2327
f 2326 2328 2327
f 2327 2328 2120
f 2328 2329 2120
f 2120 2329 1831
f 2329 2134 1831
f 1831 2134 2131
f 2134 2133 2131
f 2330 2331 2332
f 2101 2333 2102
f 2333 2334 2102
f 2102 2334 2332
f 2334 2335 2332
f 2332 2335 2330
f 2331 2336 2332
f 2336 2337 2332
f 2332 2337 2338
f 2338 2339 2332
f 2339 2340 2332
f 2332 2340 2341
f 2341 2342 2332
f 2342 2343 2332
f 2332 2343 2344
f 2344 2345 2332
f 2345 2217 2332
f 2332 2217 2317
f 2217 2323 2317
f 2317 2323 2315
f 2219 2251 2218
f 2251 2249 2218
f 2218 2249 2013
f 2249 2346 2013
f 2013 2346 2014
f 2260 2255 2258
f 2255 2257 2258
f 2258 2257 2008
f 2257 2347 2008
f 2008 2347 2009
f 2348 2349 2350
f 1925 2351 1926
f 2351 2352 1926
f 1926 2352 2314
f 2352 2348 2314
f 2314 2348 1796
f 2348 2350 1796
f 2353 2354 2355
f 2356 2357 2358
f 2359 2360 2361
f 2361 2360 2357
f 2360 2362 2357
f 2357 2362 2358
f 2356 2358 2354
f 2358 2363 2354
f 2354 2363 2355
f 2353 2355 2364
f 2355 2365 2364
f 2364 2365 2366
f 2367 2368 2369
f 2368 2364 2369
f 2369 2364 2370
f 2364 2366 2370
f 2371 2372 2350
f 2371 2350 2369
f 2349 2373 2350
f 2373 2374 2350
f 2350 2374 2369
f 2374 2375 2369
f 2369 2375 2367
f 2376 2377 1919
f 2377 2378 1919
f 1919 2378 1918
f 2372 2379 2350
f 2379 2380 2350
f 2350 2380 2376
f 2380 2381 2376
f 2376 2381 2377
f 1827 1829 1826
f 1829 2382 1826
f 1826 2382 2152
f 2361 2383 2359
f 2383 2384 2359
f 2359 2384 1785
f 2384 2385 1785
f 1785 2385 1783
f 2313 2386 2308
f 2386 2387 2308
f 2308 2387 2388
f 2387 2389 2388
f 2388 2389 2390
f 2389 2391 2390
f 2390 2391 2392
f 2391 2393 2392
f 2394 2395 1941
f 2395 2396 1941
f 1941 2396 1940
f 2280 2397 2276
f 2397 2398 2276
f 2276 2398 2399
f 2400 2401 2402
f 2399 2398 2402
f 2398 2403 2402
f 2402 2403 2400
f 2404 2405 2406
f 2405 2407 2406
f 2002 2408 1994
f 2408 2409 1994
f 1994 2409 2410
f 2409 2411 2410
f 2410 2411 2412
f 2411 2405 2412
f 2412 2405 2413
f 2405 2404 2413
f 1983 2414 1981
f 2414 2415 1981
f 1981 2415 2416
f 2416 2417 1981
f 2417 2418 1981
f 1981 2418 2419
f 2322 2420 2317
f 2420 2421 2317
f 2317 2421 2422
f 2421 2423 2422
f 2422 2423 2424
f 2423 2425 2424
f 2424 2425 2426
f 2425 2427 2426
f 2428 2429 2119
f 2429 2430 2119
f 2119 2430 2118
f 2431 2432 2433
f 2432 2434 2433
f 2433 2434 2435
f 2017 2436 2018
f 2436 2058 2018
f 2018 2058 1921
f 2058 1831 1921
f 1921 1831 2437
f 1831 2434 2437
f 2437 2434 2438
f 2434 2432 2438
f 1872 1880 1862
f 1880 1879 1862
f 1862 1879 1859
f 1879 1891 1859
f 1859 1891 1831
f 1891 2439 1831
f 1831 2439 2434
f 2439 2440 2434
f 2434 2440 2435
f 2440 2441 2435
f 2435 2441 2442
f 2443 2444 2445
f 2446 2447 2448
f 2449 2450 2451
f 2452 2453 2447
f 2453 2454 2447
f 2447 2454 2448
f 2452 2455 2456
f 2456 2455 2457
f 2457 2455 2458
f 2455 2459 2458
f 2458 2459 2460
f 2460 2459 2451
f 2459 2461 2451
f 2451 2461 2449
f 2462 2448 2463
f 2464 2465 2466
f 2450 2467 2451
f 2467 2468 2451
f 2451 2468 2469
f 2469 2470 2451
f 2470 2471 2451
f 2451 2471 2472
f 2473 2474 2475
f 2473 2475 2466
f 2475 2476 2466
f 2466 2476 2464
f 2477 2478 2465
f 2478 2451 2465
f 2465 2451 2466
f 2451 2472 2466
f 2477 2479 2478
f 2479 2480 2478
f 2478 2480 2481
f 2482 2463 2483
f 2463 2481 2483
f 2483 2481 2484
f 2481 2480 2484
f 2485 2486 2487
f 2485 2487 2482
f 2487 2488 2482
f 2482 2488 2463
f 2488 2489 2463
f 2463 2489 2462
f 2490 2491 2492
f 2493 2490 2494
f 2490 2492 2494
f 2494 2492 2462
f 2492 2495 2462
f 2462 2495 2448
f 2495 2496 2448
f 2448 2496 2446
f 2497 2481 2498
f 2481 2499 2498
f 2499 2500 2501
f 2500 2502 2501
f 2501 2502 2503
f 2502 2504 2503
f 2505 2498 2506
f 2498 2499 2506
f 2506 2499 2507
f 2499 2501 2507
f 2508 2509 2510
f 2511 2510 2512
f 2510 2509 2512
f 2512 2509 2499
f 2509 2513 2499
f 2499 2513 2500
f 2514 2515 2516
f 2508 2510 2517
f 2510 2518 2517
f 2517 2518 2519
f 2520 2514 2521
f 2514 2516 2521
f 2521 2516 2519
f 2516 2522 2519
f 2519 2522 2517
f 2522 2523 2517
f 2517 2523 2524
f 2525 2526 2524
f 2526 2527 2524
f 2524 2527 2517
f 2525 2528 2526
f 2528 2529 2526
f 2526 2529 2530
f 2497 2531 2481
f 2531 2532 2481
f 2481 2532 2478
f 2532 2533 2478
f 2478 2533 2534
f 2505 2506 2535
f 2506 2536 2535
f 2535 2536 2537
f 2534 2535 2478
f 2535 2537 2478
f 2478 2537 2538
f 2537 2539 2538
f 2538 2539 2540
f 2541 2542 2543
f 2544 2540 2545
f 2540 2546 2545
f 2545 2546 2547
f 2543 2542 2548
f 2542 2549 2548
f 2548 2549 2550
f 2544 2541 2540
f 2541 2543 2540
f 2540 2543 2538
f 2543 2551 2538
f 2538 2551 2517
f 2512 2552 2553
f 2527 2554 2517
f 2554 2555 2517
f 2517 2555 2538
f 2555 2556 2538
f 2538 2556 2557
f 2512 2553 2557
f 2557 2558 2512
f 2558 2559 2512
f 2512 2559 2511
f 2553 2560 2557
f 2560 2561 2557
f 2557 2561 2538
f 2561 2562 2538
f 2561 2563 2562
f 2563 2564 2562
f 2562 2564 2565
f 2564 2566 2565
f 2567 2568 2512
f 2569 2512 2570
f 2571 2572 2573
f 2572 2574 2573
f 2573 2574 2575
f 2575 2574 2570
f 2574 2576 2570
f 2570 2576 2569
f 2577 2578 2512
f 2579 2580 2581
f 2582 2583 2584
f 2583 2566 2584
f 2584 2566 2585
f 2586 2587 2583
f 2582 2588 2583
f 2588 2589 2583
f 2583 2589 2586
f 2590 2587 2591
f 2587 2592 2591
f 2591 2592 2593
f 2590 2594 2587
f 2594 2595 2587
f 2587 2595 2583
f 2595 2596 2583
f 2583 2596 2597
f 2598 2583 2599
f 2583 2600 2599
f 2599 2600 2601
f 2600 2602 2601
f 2601 2602 2603
f 2570 2604 2605
f 2605 2606 2570
f 2606 2607 2570
f 2570 2607 2608
f 2609 2610 2611
f 2610 2612 2611
f 2611 2612 2608
f 2612 2613 2608
f 2608 2613 2570
f 2613 2614 2570
f 2570 2614 2575
f 2577 2512 2615
f 2512 2569 2615
f 2615 2569 2616
f 2569 2617 2616
f 2616 2617 2597
f 2617 2618 2597
f 2597 2618 2583
f 2618 2619 2583
f 2583 2619 2600
f 2620 2512 2621
f 2512 2578 2621
f 2621 2578 2622
f 2578 2623 2622
f 2622 2623 2624
f 2625 2626 2627
f 2628 2629 2627
f 2629 2630 2627
f 2627 2630 2625
f 2629 2631 2630
f 2631 2632 2630
f 2630 2632 2633
f 2632 2634 2633
f 2633 2634 2609
f 2634 2583 2609
f 2609 2583 2610
f 2583 2598 2610
f 2635 2636 2637
f 2638 2635 2639
f 2635 2637 2639
f 2639 2637 2568
f 2637 2640 2568
f 2568 2640 2512
f 2640 2641 2512
f 2512 2641 2552
f 2631 2642 2632
f 2642 2643 2632
f 2632 2643 2644
f 2645 2646 2647
f 2647 2648 2645
f 2648 2649 2645
f 2645 2649 2570
f 2649 2650 2570
f 2570 2650 2651
f 2652 2653 2570
f 2651 2654 2570
f 2654 2655 2570
f 2570 2655 2652
f 2653 2656 2570
f 2656 2657 2570
f 2570 2657 2604
f 2657 2658 2604
f 2604 2658 2659
f 2659 2660 2604
f 2660 2661 2604
f 2604 2661 2644
f 2661 2662 2644
f 2662 2663 2644
f 2644 2663 2664
f 2664 2665 2666
f 2667 2668 2669
f 2670 2671 2646
f 2671 2672 2646
f 2646 2672 2647
f 2672 2673 2647
f 2674 2667 2675
f 2667 2669 2675
f 2675 2669 2676
f 2669 2677 2676
f 2664 2666 2644
f 2666 2678 2644
f 2644 2678 2632
f 2678 2679 2632
f 2632 2679 2680
f 2681 2682 2683
f 2684 2685 2683
f 2685 2686 2683
f 2683 2686 2681
f 2673 2676 2647
f 2676 2677 2647
f 2647 2677 2687
f 2677 2688 2687
f 2687 2688 2689
f 2688 2690 2689
f 2691 2692 2693
f 2692 2694 2693
f 2693 2694 2690
f 2690 2694 2689
f 2694 2695 2689
f 2689 2695 2696
f 2695 2632 2696
f 2696 2632 2686
f 2632 2680 2686
f 2686 2680 2681
f 2694 2697 2695
f 2697 2698 2695
f 2695 2698 2699
f 2699 2698 2700
f 2698 2701 2700
f 2700 2701 2702
f 2703 2704 2705
f 2704 2706 2705
f 2705 2706 2701
f 2706 2707 2701
f 2701 2707 2702
f 2708 2709 2710
f 2709 2670 2710
f 2710 2670 2711
f 2670 2646 2711
f 2712 2713 2714
f 2713 2715 2714
f 2715 2716 2714
f 2716 2703 2714
f 2714 2703 2708
f 2703 2705 2708
f 2708 2705 2709
f 2456 2717 2452
f 2717 2718 2452
f 2452 2718 2453
f 2718 2719 2453
f 2453 2719 2445
f 2719 2720 2445
f 2445 2720 2443
f 2721 2722 2723
f 2721 2723 2724
f 2724 2723 2725
f 2723 2726 2725
f 2725 2726 2727
f 2726 2728 2727
f 2727 2728 2729
f 2730 2731 2732
f 2731 2733 2732
f 2732 2733 2734
f 2733 2735 2734
f 2734 2735 2728
f 2735 2736 2728
f 2728 2736 2729
f 2737 2738 2739
f 2739 2740 2741
f 2740 2742 2741
f 2742 2743 2741
f 2741 2743 2744
f 2745 2746 2747
f 2746 2741 2747
f 2747 2741 2748
f 2741 2744 2748
f 2745 2749 2746
f 2749 2750 2746
f 2746 2750 2751
f 2751 2752 2746
f 2752 2753 2746
f 2746 2753 2754
f 2753 2755 2754
f 2754 2755 2756
f 2755 2730 2756
f 2756 2730 2757
f 2730 2732 2757
f 2737 2739 2758
f 2739 2741 2758
f 2758 2741 2759
f 2741 2760 2759
f 2759 2760 2761
f 2760 2762 2761
f 2761 2762 2763
f 2762 2764 2763
f 2763 2764 2765
f 2764 2766 2765
f 2765 2766 2767
f 2766 2768 2767
f 2767 2768 2769
f 2770 2771 2772
f 2768 2773 2769
f 2773 2772 2769
f 2769 2772 2774
f 2772 2771 2774
f 2772 2775 2770
f 2775 2776 2770
f 2770 2776 2777
f 2776 2778 2777
f 2777 2778 2779
f 2778 2780 2779
f 2779 2780 2781
f 2780 2782 2781
f 2781 2782 2783
f 2782 2784 2783
f 2783 2784 2785
f 2784 2786 2785
f 2785 2786 2787
f 2786 2788 2787
f 2788 2789 2787
f 2787 2789 2790
f 2789 2791 2790
f 2790 2791 2792
f 2791 2793 2792
f 2792 2793 2794
f 2793 2795 2794
f 2794 2795 2796
f 2795 2797 2796
f 2796 2797 2798
f 2797 2799 2798
f 2798 2799 2800
f 557 556 2801
f 556 2802 2801
f 2799 2803 2800
f 2803 2804 2800
f 2800 2804 2805
f 2804 2806 2805
f 2805 2806 2807
f 2806 2808 2807
f 2807 2808 2809
f 2808 2810 2809
f 2809 2810 2811
f 2810 2812 2811
f 2811 2812 2813
f 2812 2814 2813
f 2813 2814 2802
f 2814 2815 2802
f 2802 2815 2801
f 2816 2817 2818
f 2816 2818 2819
f 2819 2818 2820
f 2818 2821 2820
f 2820 2821 2822
f 2821 2823 2822
f 2822 2823 2824
f 2823 2825 2824
f 2824 2825 2826
f 2826 2825 2827
f 2825 2828 2827
f 2827 2828 2829
f 2828 2830 2829
f 2829 2830 2831
f 2830 2832 2831
f 2831 2832 2833
f 2832 2834 2833
f 2833 2834 2835
f 2834 2836 2835
f 2835 2836 2837
f 2836 2838 2837
f 2837 2838 2839
f 2838 2840 2839
f 2839 2840 2841
f 2840 2842 2841
f 2842 2843 2841
f 2841 2843 2844
f 2843 2845 2844
f 2844 2845 2846
f 2845 2847 2846
f 2846 2847 2848
f 2847 2849 2848
f 2848 2849 2850
f 2849 2851 2850
f 2850 2851 2852
f 2853 2854 2855
f 2854 2856 2855
f 2855 2856 2852
f 2856 2857 2852
f 2852 2857 2850
f 2855 2858 2853
f 2858 2859 2853
f 2853 2859 2860
f 2859 2861 2860
f 2860 2861 2862
f 2861 2863 2862
f 2862 2863 2864
f 2865 2866 2863
f 2866 2867 2863
f 2863 2867 2864
f 2868 2869 2870
f 2869 2871 2870
f 2870 2871 2872
f 2871 2873 2872
f 2872 2873 2874
f 2873 2875 2874
f 2874 2875 2865
f 2875 2876 2865
f 2865 2876 2866
f 2870 2877 2868
f 2877 2878 2868
f 2868 2878 2879
f 2878 2880 2879
f 2879 2880 2881
f 2880 2882 2881
f 2881 2882 2883
f 2882 2884 2883
f 2883 2884 2885
f 2884 2886 2885
f 2885 2886 2887
f 2888 2889 2890
f 2889 2891 2890
f 2890 2891 2886
f 2891 2892 2886
f 2886 2892 2887
f 2893 2894 2888
f 2895 2893 2896
f 2893 2888 2896
f 2896 2888 2897
f 2888 2890 2897
f 2894 2898 2899
f 2899 2900 2894
f 2900 2901 2894
f 2894 2901 2888
f 2902 2903 2904
f 2905 2906 2907
f 2908 2909 2910
f 2908 2910 2911
f 2907 2906 2912
f 2906 2913 2912
f 2912 2913 2914
f 2902 2904 2915
f 2916 2917 2918
f 2917 2919 2918
f 2918 2919 2920
f 2919 2921 2920
f 2920 2921 2922
f 2818 2923 2916
f 2916 2918 2818
f 2918 2924 2818
f 2818 2924 2821
f 2925 2926 2920
f 2926 2927 2920
f 2920 2927 2918
f 2927 2928 2918
f 2918 2928 2924
f 2929 2925 2904
f 2925 2920 2904
f 2904 2920 2915
f 2920 2922 2915
f 2930 2931 2904
f 2931 2932 2904
f 2904 2932 2929
f 2933 2930 2907
f 2930 2904 2907
f 2907 2904 2905
f 2904 2903 2905
f 2934 2935 2912
f 2935 2936 2912
f 2912 2936 2907
f 2936 2937 2907
f 2907 2937 2938
f 2939 2934 2910
f 2934 2912 2910
f 2910 2912 2911
f 2912 2914 2911
f 2940 2941 2942
f 2943 2944 2945
f 2946 2947 2948
f 2949 2950 2947
f 2951 2949 2952
f 2949 2947 2952
f 2952 2947 2953
f 2947 2946 2953
f 2954 2955 2948
f 2955 2956 2948
f 2948 2956 2946
f 2957 2958 2959
f 2958 2960 2959
f 2959 2960 2954
f 2960 2961 2954
f 2954 2961 2955
f 2957 2959 2962
f 2959 2963 2962
f 2962 2963 2964
f 2964 2963 2965
f 2963 2966 2965
f 2965 2966 2967
f 2967 2966 2968
f 2966 2969 2968
f 2968 2969 2970
f 2971 2972 2969
f 2972 2973 2969
f 2969 2973 2970
f 2974 2975 2976
f 2976 2977 2974
f 2977 2978 2974
f 2974 2978 2971
f 2978 2979 2971
f 2971 2979 2972
f 2980 2981 2982
f 2982 2983 2980
f 2983 2984 2980
f 2980 2984 2985
f 2984 2986 2985
f 2985 2986 2987
f 2988 2989 2990
f 2989 2991 2990
f 2990 2991 2980
f 2991 2992 2980
f 2980 2992 2981
f 2988 2990 2993
f 2990 2994 2993
f 2993 2994 2995
f 2996 2997 2998
f 2997 2999 2998
f 2998 2999 3000
f 2999 3001 3000
f 3000 3001 2994
f 3001 3002 2994
f 2994 3002 2995
f 2996 2998 3003
f 2998 3004 3003
f 3003 3004 3005
f 3006 3007 3004
f 3007 3008 3004
f 3004 3008 3005
f 3009 3010 3006
f 3010 3011 3006
f 3006 3011 3007
f 3012 3013 3014
f 3013 3012 3015
f 3012 3016 3015
f 3015 3016 3017
f 3018 3019 3020
f 3019 3021 3020
f 3020 3021 3016
f 3021 3022 3016
f 3016 3022 3017
f 3018 3020 3023
f 3020 3024 3023
f 3023 3024 3025
f 3026 3027 3028
f 3027 3029 3028
f 3028 3029 3024
f 3029 3030 3024
f 3024 3030 3025
f 3026 3028 3031
f 3028 3032 3031
f 3031 3032 3033
f 3034 3035 3036
f 3035 3037 3036
f 3036 3037 3032
f 3037 3038 3032
f 3032 3038 3033
f 3034 3036 3039
f 3036 3040 3039
f 3039 3040 3041
f 3042 3043 3044
f 3043 3045 3044
f 3044 3045 3040
f 3045 3046 3040
f 3040 3046 3041
f 3042 3044 3047
f 3044 3048 3047
f 3047 3048 3049
f 3050 3051 3052
f 3051 3053 3052
f 3052 3053 3048
f 3053 3054 3048
f 3048 3054 3049
f 3050 3052 3055
f 3052 3056 3055
f 3055 3056 3057
f 3058 3059 3060
f 3060 3061 3058
f 3061 3062 3058
f 3058 3062 3056
f 3062 3063 3056
f 3056 3063 3057
f 3059 3058 3064
f 3058 3065 3064
f 3064 3065 3066
f 3067 3068 3069
f 3068 3070 3069
f 3069 3070 3065
f 3070 3071 3065
f 3065 3071 3066
f 3072 3069 3073
f 3069 3074 3073
f 3073 3074 3075
f 3076 3077 3074
f 3077 3078 3074
f 3074 3078 3075
f 3079 3080 3076
f 3080 3081 3076
f 3081 3082 3076
f 3082 3083 3076
f 3076 3083 3077
f 3084 3080 3085
f 3080 3079 3085
f 3085 3079 3086
f 3087 3009 3088
f 3009 3006 3088
f 3088 3006 3089
f 3006 3090 3089
f 2940 2942 3091
f 3092 2985 2974
f 2985 2987 2974
f 2974 2987 2975
f 3093 3094 3095
f 3094 3096 3095
f 3095 3096 3097
f 3096 3098 3097
f 3097 3098 3099
f 3098 3100 3099
f 3099 3100 3101
f 3100 3102 3101
f 3101 3102 3103
f 3102 3104 3103
f 3103 3104 3105
f 3104 3106 3105
f 3105 3106 2942
f 3106 3107 2942
f 2942 3107 3091
f 2950 3091 2947
f 3091 3107 2947
f 2947 3107 2948
f 3107 3106 2948
f 2948 3106 2954
f 3106 3104 2954
f 2954 3104 2959
f 3104 3102 2959
f 2959 3102 2963
f 3102 3100 2963
f 2963 3100 2966
f 3100 3098 2966
f 2966 3098 2969
f 3098 3096 2969
f 2969 3096 2971
f 3096 3094 2971
f 2971 3094 2974
f 3094 3093 2974
f 2974 3093 3092
f 3108 3090 3109
f 3090 3006 3109
f 3109 3006 3110
f 3006 3004 3110
f 3110 3004 3111
f 3004 2998 3111
f 3111 2998 3112
f 2998 3000 3112
f 3112 3000 3113
f 3000 2994 3113
f 3113 2994 3114
f 2994 2990 3114
f 3114 2990 3115
f 2990 2980 3115
f 3115 2980 3116
f 2980 2985 3116
f 3116 2985 3117
f 2985 3092 3117
f 2945 3118 3109
f 3118 3119 3109
f 3119 3120 3109
f 3109 3120 3108
f 2941 3086 2942
f 3086 3079 2942
f 2942 3079 3105
f 3079 3076 3105
f 3105 3076 3103
f 3076 3074 3103
f 3103 3074 3101
f 3074 3069 3101
f 3101 3069 3099
f 3069 3065 3099
f 3099 3065 3097
f 3065 3058 3097
f 3097 3058 3095
f 3058 3056 3095
f 3095 3056 3093
f 3056 3052 3093
f 3093 3052 3092
f 3052 3048 3092
f 3092 3048 3117
f 3048 3044 3117
f 3117 3044 3116
f 3044 3040 3116
f 3116 3040 3115
f 3040 3036 3115
f 3115 3036 3114
f 3036 3032 3114
f 3114 3032 3113
f 3032 3028 3113
f 3113 3028 3112
f 3028 3024 3112
f 3112 3024 3111
f 3024 3020 3111
f 3111 3020 3110
f 3020 3016 3110
f 3110 3016 3109
f 3016 3012 3109
f 3109 3012 2945
f 3012 3014 2945
f 2945 3014 2943
f 3121 3122 3123
f 3122 3087 3123
f 3123 3087 3124
f 2945 2944 3125
f 3126 3127 3125
f 3127 3128 3125
f 3125 3128 2945
f 3090 3129 3089
f 3129 3130 3089
f 3087 3088 3124
f 3088 3089 3124
f 3124 3089 3131
f 3089 3130 3131
f 3090 3108 3129
f 3108 3120 3129
f 3129 3120 3132
f 3120 3119 3132
f 3132 3119 3128
f 3119 3118 3128
f 3128 3118 2945
f 3133 3134 3135
f 3136 3137 3138
f 3139 3140 3141
f 3142 3121 3123
f 3143 3144 3145
f 3146 3147 3148
f 3149 3150 3151
f 3150 3152 3151
f 3151 3152 3153
f 3154 3155 3150
f 3155 3156 3150
f 3150 3156 3152
f 3148 3147 3150
f 3147 3157 3150
f 3150 3157 3154
f 3146 3148 3158
f 3148 3159 3158
f 3158 3159 3160
f 3161 3162 3163
f 3162 3164 3163
f 3163 3164 3159
f 3164 3165 3159
f 3159 3165 3160
f 3161 3163 3166
f 3163 3167 3166
f 3166 3167 3168
f 3169 3170 3171
f 3170 3172 3171
f 3171 3172 3167
f 3172 3173 3167
f 3167 3173 3168
f 3174 3175 3176
f 3175 3177 3176
f 3176 3177 3178
f 3174 3179 3175
f 3179 3180 3175
f 3175 3180 3171
f 3180 3181 3171
f 3171 3181 3169
f 3182 3183 3184
f 3182 3184 3185
f 3184 3186 3185
f 3186 3187 3185
f 3185 3187 3177
f 3187 3188 3177
f 3177 3188 3178
f 3189 3190 3191
f 3190 3192 3191
f 3191 3192 3182
f 3192 3193 3182
f 3182 3193 3183
f 3145 3144 3191
f 3144 3194 3191
f 3191 3194 3189
f 3195 3196 3197
f 3196 3198 3197
f 3198 3199 3197
f 3197 3199 3145
f 3199 3200 3145
f 3145 3200 3143
f 3128 3127 3201
f 3127 3126 3201
f 3126 3202 3201
f 3202 3203 3201
f 3201 3203 3195
f 3142 3123 3204
f 3123 3205 3204
f 3204 3205 3206
f 3207 3208 3209
f 3208 3210 3209
f 3209 3210 3205
f 3210 3211 3205
f 3205 3211 3206
f 3207 3209 3212
f 3209 3213 3212
f 3212 3213 3214
f 3215 3216 3217
f 3216 3218 3217
f 3217 3218 3219
f 3218 3220 3219
f 3221 3222 3223
f 3222 3224 3223
f 3223 3224 3218
f 3224 3225 3218
f 3218 3225 3220
f 3226 3227 3228
f 3227 3229 3228
f 3228 3229 3223
f 3229 3230 3223
f 3223 3230 3221
f 3140 3231 3226
f 3231 3232 3226
f 3226 3232 3227
f 3233 3234 3235
f 3233 3235 3141
f 3235 3236 3141
f 3141 3236 3139
f 3237 3238 3239
f 3237 3239 3233
f 3239 3240 3233
f 3233 3240 3234
f 3241 3242 3243
f 3242 3244 3243
f 3243 3244 3237
f 3244 3245 3237
f 3237 3245 3238
f 3246 3247 3248
f 3249 3250 3251
f 3250 3252 3251
f 3247 3253 3248
f 3253 3254 3248
f 3248 3254 3243
f 3254 3255 3243
f 3243 3255 3241
f 3256 3130 3129
f 3256 3129 3201
f 3129 3132 3201
f 3201 3132 3128
f 3137 3257 3138
f 3257 3258 3138
f 3138 3258 3259
f 3149 3136 3150
f 3136 3138 3150
f 3150 3138 3148
f 3138 3259 3148
f 3148 3259 3159
f 3259 3260 3159
f 3159 3260 3163
f 3260 3261 3163
f 3163 3261 3167
f 3261 3262 3167
f 3167 3262 3171
f 3262 3263 3171
f 3171 3263 3175
f 3263 3264 3175
f 3175 3264 3177
f 3264 3265 3177
f 3177 3265 3185
f 3265 3266 3185
f 3185 3266 3182
f 3266 3267 3182
f 3182 3267 3191
f 3267 3268 3191
f 3191 3268 3145
f 3268 3269 3145
f 3145 3269 3197
f 3269 3270 3197
f 3140 3226 3141
f 3226 3271 3141
f 3141 3271 3233
f 3134 3133 3272
f 3133 3273 3272
f 3272 3273 3274
f 3273 3275 3274
f 3274 3275 3276
f 3275 3277 3276
f 3276 3277 3278
f 3278 3279 3276
f 3279 3248 3276
f 3276 3248 3274
f 3248 3243 3274
f 3274 3243 3272
f 3243 3237 3272
f 3272 3237 3134
f 3237 3233 3134
f 3134 3233 3135
f 3233 3271 3135
f 3250 3280 3252
f 3280 3246 3252
f 3252 3246 3281
f 3246 3248 3281
f 3281 3248 3282
f 3248 3279 3282
f 3124 3131 3270
f 3195 3197 3201
f 3197 3270 3201
f 3201 3270 3256
f 3270 3131 3256
f 3256 3131 3130
f 3215 3214 3216
f 3214 3213 3216
f 3216 3213 3218
f 3213 3283 3218
f 3218 3283 3223
f 3283 3284 3223
f 3223 3284 3228
f 3284 3285 3228
f 3228 3285 3226
f 3285 3286 3226
f 3226 3286 3271
f 3287 3288 3277
f 3288 3289 3277
f 3277 3289 3278
f 3257 3287 3258
f 3287 3277 3258
f 3258 3277 3259
f 3277 3275 3259
f 3259 3275 3260
f 3275 3273 3260
f 3260 3273 3261
f 3273 3133 3261
f 3261 3133 3262
f 3133 3135 3262
f 3262 3135 3263
f 3135 3271 3263
f 3263 3271 3264
f 3271 3286 3264
f 3264 3286 3265
f 3286 3285 3265
f 3265 3285 3266
f 3285 3284 3266
f 3266 3284 3267
f 3284 3283 3267
f 3267 3283 3268
f 3283 3213 3268
f 3268 3213 3269
f 3213 3209 3269
f 3269 3209 3270
f 3209 3205 3270
f 3270 3205 3124
f 3205 3123 3124
f 3290 3291 3292
f 3293 3294 3295
f 3296 3297 3298
f 3297 3299 3298
f 3298 3299 3300
f 3299 3301 3300
f 3300 3301 3302
f 3303 3304 3305
f 3304 3306 3305
f 3305 3306 3296
f 3306 3307 3296
f 3296 3307 3297
f 3308 3309 3310
f 3309 3311 3310
f 3310 3311 3303
f 3311 3312 3303
f 3303 3312 3304
f 3313 3314 3315
f 3314 3316 3315
f 3315 3316 3317
f 3316 3318 3317
f 3317 3318 3308
f 3318 3319 3308
f 3308 3319 3309
f 3313 3315 3320
f 3315 3321 3320
f 3320 3321 3294
f 3321 3322 3294
f 3294 3322 3295
f 3293 3295 3323
f 3295 3324 3323
f 3323 3324 3325
f 3324 3326 3325
f 3325 3326 3327
f 3328 3329 3330
f 3329 3331 3330
f 3330 3331 3332
f 3332 3333 3330
f 3333 3334 3330
f 3330 3334 3335
f 3334 3336 3335
f 3335 3336 3326
f 3336 3337 3326
f 3326 3337 3327
f 3328 3338 3329
f 3338 3339 3329
f 3329 3339 3340
f 3339 3341 3340
f 3292 3291 3342
f 3339 3343 3341
f 3343 3344 3341
f 3341 3344 3345
f 3344 3346 3345
f 3345 3346 3347
f 3346 3342 3347
f 3347 3342 3348
f 3342 3291 3348
f 3290 3292 3349
f 3292 3350 3349
f 3349 3350 3351
f 3351 3350 3352
f 3350 3353 3352
f 3352 3353 3354
f 3353 3355 3354
f 3354 3355 3356
f 3357 3358 3359
f 3358 3360 3359
f 3359 3360 3356
f 3360 3361 3356
f 3356 3361 3354
f 3362 3363 3364
f 3363 3365 3364
f 3364 3365 3366
f 3365 3367 3366
f 3366 3367 3368
f 3367 3369 3368
f 3368 3369 3357
f 3369 3370 3357
f 3357 3370 3358
f 3371 3372 3362
f 3372 3373 3362
f 3362 3373 3363
f 3374 3375 3376
f 3375 3377 3376
f 3376 3377 3378
f 3377 3379 3378
f 3378 3379 3371
f 3379 3380 3371
f 3371 3380 3372
f 3381 3382 3383
f 3384 3385 3386
f 3385 3387 3386
f 3386 3387 3388
f 3387 3389 3388
f 3388 3389 3390
f 3389 3391 3390
f 3390 3391 3392
f 3391 3393 3392
f 3392 3393 3394
f 3393 3395 3394
f 3394 3395 3396
f 3395 3397 3396
f 3396 3397 3398
f 3397 3399 3398
f 3398 3399 3400
f 3399 3401 3400
f 3400 3401 3402
f 3401 3403 3402
f 3402 3403 3404
f 3403 3405 3404
f 3404 3405 3406
f 3407 3408 3409
f 3407 3409 3410
f 3409 3411 3410
f 3410 3411 3412
f 3411 3413 3412
f 3412 3413 3414
f 3413 3415 3414
f 3414 3415 3384
f 3415 3416 3384
f 3384 3416 3385
f 3417 3418 3419
f 3418 3420 3419
f 3419 3420 3407
f 3420 3421 3407
f 3407 3421 3408
f 3422 3423 3424
f 3423 3425 3424
f 3424 3425 3426
f 3425 3427 3426
f 3426 3427 3428
f 3427 3418 3428
f 3428 3418 3429
f 3418 3417 3429
f 3430 3431 3432
f 3430 3432 3433
f 3422 3424 3434
f 3424 3435 3434
f 3434 3435 3432
f 3435 3436 3432
f 3432 3436 3433
f 3437 3438 3439
f 3438 3431 3439
f 3439 3431 3440
f 3431 3430 3440
f 3441 3442 3443
f 3442 3444 3443
f 3443 3444 3445
f 3444 3446 3445
f 3445 3446 3437
f 3446 3447 3437
f 3437 3447 3438
f 3443 3448 3441
f 3448 3449 3441
f 3441 3449 3450
f 3449 3451 3450
f 3450 3451 3452
f 3451 3453 3452
f 3453 3454 3452
f 3452 3454 3455
f 3454 3456 3455
f 3457 3458 3456
f 3458 3459 3456
f 3456 3459 3455
f 3460 3461 3457
f 3461 3460 3462
f 3460 3463 3462
f 3462 3463 3464
f 3465 3466 3463
f 3466 3467 3463
f 3463 3467 3464
f 3468 3469 3463
f 3469 3470 3463
f 3463 3470 3465
f 3471 3472 3465
f 3472 3473 3465
f 3465 3473 3466
f 3474 3475 3476
f 3475 3381 3476
f 3474 3477 3475
f 3477 3478 3475
f 3475 3478 3471
f 3479 3480 3383
f 3480 3481 3383
f 3383 3481 3381
f 3481 3482 3381
f 3381 3482 3476
f 3383 3483 3484
f 3479 3383 3485
f 3383 3484 3485
f 3485 3484 3486
f 3465 3487 3471
f 3487 3488 3471
f 3471 3488 3475
f 3488 3489 3475
f 3475 3489 3381
f 3489 3382 3381
f 3381 3382 3382
f 3456 3490 3457
f 3490 3491 3457
f 3457 3491 3460
f 3491 3492 3460
f 3460 3492 3463
f 3492 3493 3463
f 3463 3493 3468
f 3494 3495 3496
f 3494 3496 3497
f 3498 3499 3497
f 3500 3501 3502
f 3498 3497 3503
f 3497 3496 3503
f 3503 3496 3502
f 3496 3504 3502
f 3502 3504 3500
f 3501 3500 3505
f 3500 3506 3505
f 3505 3506 3507
f 3506 3508 3507
f 3507 3508 3509
f 3508 3510 3509
f 3509 3510 3511
f 3511 3510 3512
f 3510 3513 3512
f 3512 3513 3514
f 3513 3515 3514
f 3514 3515 3516
f 3515 3517 3516
f 3516 3517 3518
f 3519 3520 3521
f 3520 3522 3521
f 3521 3522 3523
f 3522 3524 3523
f 3523 3524 3525
f 3519 3521 3526
f 3521 3527 3526
f 3526 3527 3528
f 3529 3530 3527
f 3530 3531 3527
f 3527 3531 3528
f 3532 3533 3527
f 3533 3534 3527
f 3527 3534 3529
f 3534 3535 3529
f 3529 3535 3536
f 3535 3537 3536
f 3536 3537 3538
f 3537 3539 3538
f 3539 3540 3538
f 3540 3541 3538
f 3538 3541 3542
f 3541 3543 3542
f 3542 3543 3544
f 3543 3545 3544
f 3544 3545 3546
f 3545 3547 3546
f 3546 3547 3548
f 3547 3549 3548
f 3547 3550 3549
f 3550 3551 3549
f 3549 3551 3552
f 3551 3553 3552
f 3552 3553 3554
f 3553 3555 3554
f 3553 3556 3555
f 3556 3557 3555
f 3555 3557 3558
f 3557 3559 3558
f 3558 3559 3560
f 3561 3562 3563
f 3562 3564 3563
f 3564 3565 3563
f 3565 3566 3563
f 3563 3566 3559
f 3566 3567 3559
f 3559 3567 3560
f 3568 3569 3570
f 3569 3571 3570
f 3561 3572 3562
f 3572 3570 3562
f 3562 3570 3573
f 3570 3571 3573
f 3302 3574 3300
f 3574 3575 3300
f 3300 3575 3576
f 3575 3569 3576
f 3576 3569 3577
f 3569 3568 3577
f 3518 3517 3578
f 3517 3579 3578
f 3578 3579 3580
f 3579 3581 3580
f 3580 3581 3525
f 3581 3582 3525
f 3525 3582 3523
f 3582 3583 3523
f 3523 3583 3521
f 3583 3584 3521
f 3584 3585 3521
f 3521 3585 3527
f 3585 3586 3527
f 3527 3586 3532
f 3587 3484 3588
f 3486 3588 3589
f 3588 3590 3589
f 3589 3590 3591
f 3592 3593 3590
f 3593 3497 3590
f 3590 3497 3591
f 3497 3499 3591
f 3593 3594 3497
f 3594 3595 3497
f 3497 3595 3494
f 3595 3495 3494
f 3592 3590 3596
f 3590 3588 3596
f 3596 3588 3597
f 3588 3484 3597
f 3597 3484 3483
f 3598 3599 3600
f 3601 3602 3603
f 3604 3605 3606
f 3607 3608 3609
f 3610 3611 3612
f 3611 3613 3612
f 3612 3613 3614
f 3608 3615 3609
f 3615 3616 3609
f 3609 3616 3613
f 3616 3617 3613
f 3613 3617 3614
f 3607 3609 3618
f 3609 3619 3618
f 3618 3619 3620
f 3621 3622 3619
f 3622 3623 3619
f 3619 3623 3620
f 3624 3625 3626
f 3625 3627 3626
f 3626 3627 3628
f 3627 3629 3628
f 3628 3629 3619
f 3629 3630 3619
f 3619 3630 3621
f 3624 3626 3631
f 3626 3632 3631
f 3631 3632 3633
f 3632 3634 3635
f 3635 3636 3632
f 3636 3637 3632
f 3632 3637 3633
f 3638 3639 3640
f 3639 3641 3640
f 3640 3641 3642
f 3638 3643 3639
f 3643 3644 3639
f 3639 3644 3645
f 3644 3646 3645
f 3645 3646 3647
f 3642 3641 3648
f 3641 3649 3648
f 3648 3649 3650
f 3651 3652 3653
f 3652 3654 3653
f 3653 3654 3649
f 3654 3655 3649
f 3649 3655 3650
f 3651 3653 3656
f 3653 3657 3656
f 3656 3657 3658
f 3659 3660 3661
f 3661 3662 3659
f 3662 3663 3659
f 3659 3663 3657
f 3663 3664 3657
f 3657 3664 3658
f 3660 3659 3665
f 3659 3666 3665
f 3665 3666 3667
f 3605 3668 3606
f 3668 3669 3606
f 3606 3669 3666
f 3669 3670 3666
f 3666 3670 3667
f 3153 3671 3151
f 3671 3672 3151
f 3673 3674 3675
f 3674 3676 3675
f 3252 3677 3678
f 3677 3249 3678
f 3673 3675 3679
f 3675 3680 3679
f 3679 3680 3681
f 3682 3683 3684
f 3683 3685 3684
f 3684 3685 3680
f 3685 3686 3680
f 3680 3686 3681
f 3682 3684 3687
f 3684 3688 3687
f 3687 3688 3689
f 3690 3691 3692
f 3691 3693 3692
f 3692 3693 3688
f 3693 3694 3688
f 3688 3694 3689
f 3690 3692 3695
f 3692 3696 3695
f 3695 3696 3697
f 3698 3699 3700
f 3699 3701 3700
f 3700 3701 3696
f 3701 3702 3696
f 3696 3702 3697
f 3703 3704 3705
f 3706 3707 3705
f 3707 3708 3705
f 3705 3708 3703
f 3709 3710 3711
f 3710 3712 3711
f 3711 3712 3706
f 3712 3713 3706
f 3706 3713 3707
f 3709 3711 3714
f 3711 3715 3714
f 3714 3715 3716
f 3717 3718 3719
f 3718 3720 3719
f 3719 3720 3715
f 3720 3721 3715
f 3715 3721 3716
f 3717 3719 3722
f 3719 3723 3722
f 3722 3723 3724
f 3602 3725 3603
f 3725 3726 3603
f 3603 3726 3727
f 3726 3728 3727
f 3727 3728 3724
f 3729 3730 3731
f 3730 3732 3731
f 3732 3733 3731
f 3733 3734 3731
f 3731 3734 3603
f 3734 3735 3603
f 3603 3735 3601
f 3282 3279 3736
f 3279 3278 3736
f 3736 3278 3289
f 3252 3281 3737
f 3736 3738 3739
f 3738 3740 3739
f 3739 3740 3741
f 3740 3742 3741
f 3741 3742 3743
f 3742 3744 3743
f 3743 3744 3745
f 3744 3746 3745
f 3745 3746 3747
f 3746 3748 3747
f 3747 3748 3749
f 3748 3750 3749
f 3749 3751 3747
f 3751 3752 3747
f 3747 3752 3745
f 3752 3753 3745
f 3745 3753 3743
f 3753 3754 3743
f 3743 3754 3741
f 3754 3755 3741
f 3741 3755 3739
f 3755 3756 3739
f 3739 3756 3736
f 3756 3737 3736
f 3736 3737 3282
f 3737 3281 3282
f 3751 3700 3752
f 3700 3696 3752
f 3752 3696 3753
f 3696 3692 3753
f 3753 3692 3754
f 3692 3688 3754
f 3754 3688 3755
f 3688 3684 3755
f 3755 3684 3756
f 3684 3680 3756
f 3756 3680 3737
f 3680 3675 3737
f 3737 3675 3252
f 3675 3676 3252
f 3252 3676 3677
f 3757 3758 3759
f 3758 3760 3759
f 3759 3760 3761
f 3760 3762 3761
f 3761 3762 3763
f 3762 3764 3763
f 3763 3764 3765
f 3764 3766 3765
f 3765 3766 3767
f 3766 3768 3767
f 3767 3768 3769
f 3768 3770 3769
f 3769 3770 3771
f 3770 3772 3771
f 3771 3772 3773
f 3772 3774 3773
f 3599 3729 3600
f 3729 3731 3600
f 3600 3731 3775
f 3731 3603 3775
f 3775 3603 3776
f 3603 3723 3776
f 3776 3723 3777
f 3723 3719 3777
f 3777 3719 3778
f 3719 3715 3778
f 3778 3715 3779
f 3715 3711 3779
f 3779 3711 3780
f 3711 3706 3780
f 3780 3706 3781
f 3706 3705 3781
f 3758 3598 3760
f 3598 3600 3760
f 3760 3600 3762
f 3600 3775 3762
f 3762 3775 3764
f 3775 3776 3764
f 3764 3776 3766
f 3776 3777 3766
f 3766 3777 3768
f 3777 3778 3768
f 3768 3778 3770
f 3778 3779 3770
f 3770 3779 3772
f 3779 3780 3772
f 3772 3780 3774
f 3780 3781 3774
f 3611 3782 3613
f 3782 3783 3613
f 3613 3783 3609
f 3783 3784 3609
f 3609 3784 3619
f 3784 3785 3619
f 3619 3785 3628
f 3785 3786 3628
f 3628 3786 3626
f 3786 3787 3626
f 3626 3787 3632
f 3787 3788 3632
f 3632 3788 3634
f 3788 3645 3634
f 3634 3645 3789
f 3645 3647 3789
f 3289 3288 3736
f 3288 3287 3736
f 3736 3287 3738
f 3287 3257 3738
f 3738 3257 3137
f 3672 3604 3151
f 3604 3606 3151
f 3151 3606 3149
f 3606 3136 3149
f 3790 3757 3791
f 3757 3759 3791
f 3791 3759 3792
f 3759 3761 3792
f 3792 3761 3793
f 3761 3763 3793
f 3793 3763 3794
f 3763 3765 3794
f 3794 3765 3795
f 3765 3767 3795
f 3795 3767 3796
f 3767 3769 3796
f 3796 3769 3797
f 3769 3771 3797
f 3797 3771 3798
f 3771 3773 3798
f 3798 3773 3750
f 3773 3774 3750
f 3750 3774 3749
f 3774 3781 3749
f 3749 3781 3751
f 3781 3705 3751
f 3751 3705 3700
f 3705 3704 3700
f 3700 3704 3698
f 3782 3790 3783
f 3790 3791 3783
f 3783 3791 3784
f 3791 3792 3784
f 3784 3792 3785
f 3792 3793 3785
f 3785 3793 3786
f 3793 3794 3786
f 3786 3794 3787
f 3794 3795 3787
f 3787 3795 3788
f 3795 3796 3788
f 3788 3796 3645
f 3796 3797 3645
f 3645 3797 3639
f 3797 3798 3639
f 3639 3798 3641
f 3798 3750 3641
f 3641 3750 3649
f 3750 3748 3649
f 3649 3748 3653
f 3748 3746 3653
f 3653 3746 3657
f 3746 3744 3657
f 3657 3744 3659
f 3744 3742 3659
f 3659 3742 3666
f 3742 3740 3666
f 3666 3740 3606
f 3740 3738 3606
f 3606 3738 3136
f 3738 3137 3136
f 3799 3800 3801
f 3802 3803 3804
f 3805 3806 3807
f 3808 3809 3810
f 3809 3811 3810
f 3810 3811 3812
f 3811 3813 3812
f 3812 3813 3814
f 3808 3815 3809
f 3815 3816 3809
f 3809 3816 3817
f 3817 3818 3809
f 3818 3819 3809
f 3809 3819 3820
f 3820 3821 3809
f 3821 3822 3809
f 3809 3822 2939
f 2909 3823 2910
f 3823 2939 2910
f 3814 3813 3824
f 3813 3825 3824
f 3824 3825 3806
f 3825 3826 3806
f 3806 3826 3807
f 3827 3828 3829
f 3829 3830 3827
f 3830 3831 3827
f 3827 3831 3832
f 3831 3833 3832
f 3832 3833 3834
f 3805 3807 3835
f 3807 3836 3835
f 3835 3836 3834
f 3836 3837 3834
f 3834 3837 3832
f 2939 3823 3809
f 3823 3838 3809
f 3809 3838 3803
f 3838 3839 3803
f 3803 3839 3804
f 3802 3804 3840
f 3804 3841 3840
f 3840 3841 3800
f 3841 3842 3800
f 3800 3842 3801
f 3799 3801 3843
f 3801 3844 3843
f 3843 3844 3845
f 3844 3846 3845
f 3846 3847 3845
f 3845 3847 3848
f 3847 3849 3848
f 3850 3851 3849
f 3851 3852 3849
f 3849 3852 3848
f 3850 3853 3851
f 3853 3854 3851
f 3851 3854 3855
f 3856 3857 3855
f 3857 3858 3855
f 3855 3858 3851
f 3859 3860 3855
f 3860 3861 3855
f 3855 3861 3856
f 3862 3859 3863
f 3859 3864 3863
f 3865 3866 3862
f 3866 3867 3862
f 3862 3867 3859
f 3867 3868 3859
f 3859 3868 3860
f 3862 3869 3865
f 3869 3870 3865
f 3865 3870 3871
f 3870 3872 3871
f 3871 3872 3873
f 3872 3874 3873
f 3873 3874 3875
f 3874 3876 3875
f 3875 3876 3877
f 3876 3878 3877
f 3877 3878 3879
f 3878 3880 3879
f 3879 3880 3881
f 3880 3882 3881
f 3881 3882 3883
f 3882 3884 3883
f 3883 3884 3885
f 3884 3886 3885
f 3885 3886 3887
f 3886 3888 3887
f 3887 3888 3889
f 3888 3890 3889
f 3891 3892 3893
f 3892 3894 3893
f 3893 3894 3890
f 3894 3895 3890
f 3890 3895 3889
f 3854 3896 3855
f 3896 3897 3855
f 3855 3897 3859
f 3897 3898 3859
f 3859 3898 3864
f 3899 3900 3901
f 3900 3902 3901
f 3902 3900 3903
f 3900 3829 3903
f 3903 3829 3828
f 3901 2722 3899
f 2722 2721 3899
f 3899 2721 3904
f 2721 2724 3904
f 3904 2724 2725
f 3830 3829 3905
f 3829 3900 3905
f 3905 3900 3906
f 3900 3899 3906
f 3906 3899 3907
f 3899 3904 3907
f 3086 2941 3908
f 2940 3091 3909
f 3910 3911 3912
f 3913 3914 3915
f 3916 3917 3918
f 3919 3920 3921
f 3922 3923 3924
f 3925 3926 3927
f 3928 3929 3930
f 3931 3932 3933
f 3934 3935 3936
f 3084 3085 3937
f 3085 3938 3937
f 3937 3938 3939
f 3938 3940 3939
f 3940 3938 3941
f 3938 3942 3941
f 3941 3942 3943
f 3944 3945 3946
f 3945 3947 3946
f 3946 3947 3942
f 3947 3948 3942
f 3942 3948 3943
f 3944 3946 3949
f 3946 3950 3949
f 3949 3950 3951
f 3952 3953 3954
f 3953 3955 3954
f 3954 3955 3950
f 3955 3956 3950
f 3950 3956 3951
f 3936 3935 3954
f 3935 3957 3954
f 3954 3957 3952
f 3934 3936 3958
f 3936 3959 3958
f 3958 3959 3960
f 3961 3962 3963
f 3962 3964 3963
f 3963 3964 3959
f 3964 3965 3959
f 3959 3965 3960
f 3933 3932 3963
f 3932 3966 3963
f 3963 3966 3961
f 3930 3929 3933
f 3929 3967 3933
f 3933 3967 3931
f 3927 3926 3930
f 3926 3968 3930
f 3930 3968 3928
f 3924 3923 3927
f 3923 3969 3927
f 3927 3969 3925
f 3922 3924 3970
f 3924 3971 3970
f 3970 3971 3972
f 3973 3974 3975
f 3974 3976 3975
f 3975 3976 3971
f 3976 3977 3971
f 3971 3977 3972
f 3978 3979 3980
f 3978 3980 3975
f 3980 3981 3975
f 3975 3981 3973
f 3979 3978 3982
f 3978 3983 3982
f 3982 3983 3984
f 3920 3985 3921
f 3985 3986 3921
f 3921 3986 3983
f 3986 3987 3983
f 3983 3987 3984
f 3919 3921 3988
f 3921 3989 3988
f 3988 3989 3990
f 3990 3989 3991
f 3989 2432 3991
f 3991 2432 2431
f 2350 2376 3992
f 2376 3993 3992
f 3994 3995 3996
f 3995 3997 3996
f 3996 3997 3998
f 3999 4000 3994
f 4000 4001 3994
f 4001 4002 3994
f 4002 4003 3994
f 3994 4003 3995
f 3918 3917 4004
f 3917 4005 4004
f 4004 4005 3999
f 4005 4006 3999
f 3999 4006 4000
f 3915 3914 3918
f 3914 4007 3918
f 3918 4007 3916
f 4008 4009 4010
f 4008 4010 4011
f 4009 4012 4010
f 4012 4013 4010
f 4010 4013 3915
f 4013 4014 3915
f 3915 4014 3913
f 4015 4016 4017
f 4016 4011 4017
f 4017 4011 4018
f 4011 4010 4018
f 4019 4020 4021
f 4020 4022 4021
f 3911 3910 4021
f 3910 4023 4021
f 4021 4023 4019
f 4024 4025 4026
f 4025 4027 4026
f 4026 4027 3912
f 4027 4028 3912
f 3912 4028 3910
f 4024 4026 4029
f 4026 4030 4029
f 4029 4030 4031
f 4032 4033 4034
f 4033 4035 4034
f 4034 4035 4030
f 4035 4036 4030
f 4030 4036 4031
f 4032 4034 4037
f 4034 4038 4037
f 4037 4038 4039
f 4039 4038 4040
f 4038 4041 4040
f 4040 4041 4042
f 4041 2950 2949
f 4042 4041 4043
f 4041 2949 4043
f 4043 2949 2951
f 1919 3996 2376
f 3996 3998 2376
f 2376 3998 3993
f 4018 4044 4017
f 4044 4045 4017
f 4017 4045 4046
f 4045 4047 4046
f 4046 4047 4048
f 4047 4049 4048
f 4048 4049 4050
f 4049 4051 4050
f 4050 4051 4052
f 4051 4053 4052
f 4052 4053 4054
f 4053 4055 4054
f 4054 4055 4056
f 4055 4057 4056
f 4056 4057 4058
f 4057 4059 4058
f 4058 4059 3909
f 4059 3908 3909
f 3909 3908 2940
f 3908 2941 2940
f 3091 2950 3909
f 2950 4041 3909
f 3909 4041 4058
f 4041 4038 4058
f 4058 4038 4056
f 4038 4034 4056
f 4056 4034 4054
f 4034 4030 4054
f 4054 4030 4052
f 4030 4026 4052
f 4052 4026 4050
f 4026 3912 4050
f 4050 3912 4048
f 3912 3911 4048
f 4048 3911 4046
f 3911 4021 4046
f 4046 4021 4017
f 4021 4022 4017
f 4017 4022 4015
f 1919 1917 3996
f 1917 4060 3996
f 3996 4060 3994
f 4060 4061 3994
f 3994 4061 3999
f 4061 4062 3999
f 3999 4062 4004
f 4062 4063 4004
f 4004 4063 3918
f 4063 4064 3918
f 3918 4064 3915
f 4064 4065 3915
f 3915 4065 4010
f 4065 4066 4010
f 4010 4066 4018
f 4066 4067 4018
f 4018 4067 4044
f 1922 1921 3989
f 1921 2437 3989
f 2437 2438 3989
f 3989 2438 2432
f 1917 1922 4060
f 1922 3989 4060
f 4060 3989 4061
f 3989 3921 4061
f 4061 3921 4062
f 3921 3983 4062
f 4062 3983 4063
f 3983 3978 4063
f 4063 3978 4064
f 3978 3975 4064
f 4064 3975 4065
f 3975 3971 4065
f 4065 3971 4066
f 3971 3924 4066
f 4066 3924 4067
f 3924 3927 4067
f 4067 3927 4044
f 3927 3930 4044
f 4044 3930 4045
f 3930 3933 4045
f 4045 3933 4047
f 3933 3963 4047
f 4047 3963 4049
f 3963 3959 4049
f 4049 3959 4051
f 3959 3936 4051
f 4051 3936 4053
f 3936 3954 4053
f 4053 3954 4055
f 3954 3950 4055
f 4055 3950 4057
f 3950 3946 4057
f 4057 3946 4059
f 3946 3942 4059
f 4059 3942 3908
f 3942 3938 3908
f 3908 3938 3086
f 3938 3085 3086
f 1893 1793 4068
f 4069 4070 4071
f 4072 4073 4074
f 4075 4076 4077
f 4078 4079 4080
f 4081 4082 4083
f 2442 2441 4084
f 2441 4085 4084
f 4086 4087 4085
f 4087 4088 4085
f 4085 4088 4084
f 4089 4090 4091
f 4090 4089 4092
f 4089 4093 4092
f 4092 4093 4094
f 4095 4096 4097
f 4096 4098 4097
f 4097 4098 4093
f 4098 4099 4093
f 4093 4099 4094
f 4100 4101 4102
f 4101 4103 4102
f 4102 4103 4097
f 4103 4104 4097
f 4097 4104 4095
f 4100 4102 4105
f 4102 4106 4105
f 4105 4106 4107
f 4108 4109 4110
f 4109 4111 4110
f 4110 4111 4106
f 4111 4112 4106
f 4106 4112 4107
f 4108 4110 4113
f 4110 4114 4113
f 4113 4114 4115
f 4116 4117 4118
f 4117 4119 4118
f 4118 4119 4114
f 4119 4120 4114
f 4114 4120 4115
f 4121 4122 4123
f 4122 4124 4123
f 4121 4123 4125
f 4123 4126 4125
f 4125 4126 4127
f 4128 4129 4126
f 4129 4130 4126
f 4126 4130 4127
f 4131 4132 4133
f 4132 4134 4133
f 4133 4134 4126
f 4134 4135 4126
f 4126 4135 4128
f 4136 4137 4138
f 4138 4139 4136
f 4139 4140 4136
f 4136 4140 4141
f 4140 4142 4141
f 4143 4144 4145
f 4145 4146 4143
f 4146 4147 4143
f 4143 4147 4148
f 4148 4149 4143
f 4149 4150 4143
f 4143 4150 4151
f 4151 4152 4143
f 4152 4153 4143
f 4143 4153 4154
f 4155 4156 4157
f 4156 4158 4157
f 4157 4158 4143
f 4158 4159 4143
f 4143 4159 4144
f 4155 4157 4160
f 4157 4161 4160
f 4160 4161 4162
f 4079 4163 4080
f 4163 4164 4080
f 4080 4164 4161
f 4164 4165 4161
f 4161 4165 4162
f 4078 4069 4166
f 4069 4167 4166
f 4168 4169 4170
f 4169 4171 4170
f 4170 4171 4172
f 4076 4173 4077
f 4173 4174 4077
f 4077 4174 4168
f 4174 4175 4168
f 4168 4175 4169
f 4074 4073 4077
f 4073 4176 4077
f 4077 4176 4075
f 4177 4178 4179
f 4180 4181 4182
f 4181 4183 4182
f 4182 4183 4074
f 4183 4184 4074
f 4074 4184 4072
f 4185 4186 4068
f 4186 4187 4068
f 4068 4187 4178
f 4187 4188 4178
f 4178 4188 4179
f 1793 1792 4189
f 1793 4189 4068
f 4189 4190 4068
f 4068 4190 4185
f 2441 2440 4085
f 2440 2439 4085
f 4085 2439 1891
f 4082 4086 4083
f 4086 4085 4083
f 4083 4085 4191
f 4085 1891 4191
f 4191 1891 1896
f 4192 4118 4193
f 4118 4114 4193
f 4193 4114 4194
f 4114 4110 4194
f 4194 4110 4195
f 4110 4106 4195
f 4195 4106 4196
f 4106 4102 4196
f 4196 4102 4197
f 4102 4097 4197
f 4197 4097 4198
f 4097 4093 4198
f 4198 4093 4199
f 4093 4089 4199
f 4199 4089 4200
f 4201 4202 4203
f 4202 4133 4203
f 4203 4133 4204
f 4133 4126 4204
f 4204 4126 4205
f 4126 4123 4205
f 4206 4142 4202
f 4142 4140 4202
f 4202 4140 4133
f 4140 4139 4133
f 4133 4139 4131
f 4078 4080 4069
f 4080 4207 4069
f 4069 4207 4070
f 4143 4208 4157
f 4208 4209 4157
f 4157 4209 4161
f 4209 4210 4161
f 4161 4210 4080
f 4210 4211 4080
f 4080 4211 4207
f 4154 4212 4143
f 4212 4213 4143
f 4143 4213 4208
f 4213 4214 4208
f 4208 4214 4215
f 1896 1895 4191
f 1895 4200 4191
f 4191 4200 4083
f 4200 4089 4083
f 4083 4089 4081
f 4089 4091 4081
f 4179 4180 4177
f 4180 4182 4177
f 4177 4182 4216
f 4182 4074 4216
f 4216 4074 4217
f 4074 4077 4217
f 4217 4077 4218
f 4077 4168 4218
f 4218 4168 4071
f 4168 4170 4071
f 4071 4170 4069
f 4170 4172 4069
f 4069 4172 4167
f 4219 4220 4221
f 4220 4201 4221
f 4221 4201 4222
f 4201 4203 4222
f 4222 4203 4223
f 4203 4204 4223
f 4223 4204 4224
f 4204 4205 4224
f 4224 4205 4192
f 4205 4123 4192
f 4192 4123 4118
f 4123 4124 4118
f 4118 4124 4116
f 4220 4225 4201
f 4225 4226 4201
f 4201 4226 4202
f 4226 4227 4202
f 4202 4227 4206
f 4215 4219 4208
f 4219 4221 4208
f 4208 4221 4209
f 4221 4222 4209
f 4209 4222 4210
f 4222 4223 4210
f 4210 4223 4211
f 4223 4224 4211
f 4211 4224 4207
f 4224 4192 4207
f 4207 4192 4070
f 4192 4193 4070
f 4070 4193 4071
f 4193 4194 4071
f 4071 4194 4218
f 4194 4195 4218
f 4218 4195 4217
f 4195 4196 4217
f 4217 4196 4216
f 4196 4197 4216
f 4216 4197 4177
f 4197 4198 4177
f 4177 4198 4178
f 4198 4199 4178
f 4178 4199 4068
f 4199 4200 4068
f 4068 4200 1893
f 4200 1895 1893
f 4228 3375 3374
f 4229 4230 4231
f 3374 4232 4228
f 4232 4233 4228
f 4228 4233 4234
f 4233 4235 4234
f 4234 4235 4236
f 4235 4229 4236
f 4236 4229 4237
f 4229 4231 4237
f 4238 4239 4240
f 4240 4241 4238
f 4241 4242 4238
f 4238 4242 4243
f 4242 4244 4243
f 4243 4244 4245
f 4244 4246 4245
f 4245 4246 4230
f 4246 4247 4230
f 4230 4247 4231
f 4238 4248 4239
f 4248 4249 4239
f 4239 4249 4250
f 4249 4251 4250
f 4250 4251 4252
f 4251 4253 4252
f 4252 4253 4254
f 4253 4255 4254
f 4253 4256 4255
f 4256 4257 4255
f 4255 4257 4258
f 4257 4259 4258
f 4258 4259 4260
f 4259 4261 4260
f 4261 4259 4262
f 4259 4263 4262
f 4262 4263 4264
f 4264 4263 4265
f 4263 4266 4265
f 4265 4266 4267
f 4266 4268 4267
f 4267 4268 4269
f 4270 4271 4269
f 4271 4272 4269
f 4269 4272 4267
f 4273 4274 4275
f 4274 4276 4275
f 4275 4276 4270
f 4276 4277 4270
f 4270 4277 4271
f 4278 4279 4273
f 4279 4280 4273
f 4273 4280 4274
f 4281 4282 4283
f 4282 4284 4283
f 4283 4284 4285
f 4284 4286 4285
f 4284 4287 4286
f 4287 4288 4286
f 4286 4288 4289
f 4288 4290 4289
f 4289 4290 4273
f 4290 4291 4273
f 4273 4291 4278
f 4281 4292 4282
f 4292 4293 4282
f 4282 4293 4294
f 4295 4296 4297
f 4296 4298 4297
f 4297 4298 4293
f 4298 4299 4293
f 4293 4299 4294
f 4300 4301 4302
f 4301 4303 4302
f 4302 4303 4304
f 4303 4305 4304
f 4305 4306 4304
f 4304 4306 4297
f 4306 4307 4297
f 4297 4307 4295
f 4308 4309 4309
f 4310 4300 4300
f 4310 4311 4300
f 4311 4312 4300
f 4300 4312 4301
f 4300 4308 4310
f 4308 4309 4310
f 4310 4309 4313
f 4309 4314 4313
f 4313 4314 4315
f 4316 4317 4318
f 4319 4320 4321
f 4322 4323 4324
f 4325 4326 4327
f 4328 4329 4327
f 4329 4330 4327
f 4327 4330 4325
f 4330 4331 4325
f 4325 4331 4332
f 4328 4327 4333
f 4327 4334 4333
f 4333 4334 4335
f 4336 4337 4338
f 4337 4339 4338
f 4338 4339 4334
f 4339 4340 4334
f 4334 4340 4335
f 4338 4341 4342
f 4336 4338 4343
f 4338 4342 4343
f 4343 4342 4344
f 4342 4345 4344
f 4344 4345 4346
f 4347 4345 4348
f 4346 4345 4349
f 4345 4347 4349
f 4349 4347 4350
f 4351 4352 4347
f 4352 4353 4347
f 4347 4353 4350
f 4354 4355 4351
f 4355 4356 4351
f 4351 4356 4352
f 4322 4324 4357
f 4321 4320 4358
f 4357 4324 4320
f 4324 4359 4320
f 4320 4359 4358
f 4319 4321 4360
f 4321 4361 4360
f 4360 4361 4362
f 4361 4363 4362
f 4362 4363 4364
f 4365 4366 4363
f 4366 4367 4363
f 4363 4367 4364
f 4365 4368 4366
f 4368 4369 4366
f 4366 4369 4370
f 4369 4371 4370
f 4372 4373 4374
f 4372 4374 4375
f 4371 4369 4374
f 4369 4376 4374
f 4374 4376 4375
f 4318 4317 4377
f 4317 4378 4377
f 4377 4378 4373
f 4378 4379 4373
f 4373 4379 4374
f 4380 4381 4382
f 4316 4318 4383
f 4318 4384 4383
f 4383 4384 4382
f 4384 4385 4382
f 4382 4385 4380
f 4386 4387 4381
f 4387 4388 4381
f 4388 4389 4381
f 4381 4389 4382
f 4381 4390 4386
f 4390 4391 4386
f 4386 4391 4392
f 4391 4393 4392
f 4392 4393 4394
f 4393 4395 4394
f 4396 4397 4398
f 4397 4399 4398
f 4398 4399 4400
f 4398 4401 4396
f 4401 4402 4396
f 4396 4402 4403
f 4402 4404 4403
f 4403 4404 4405
f 4404 4406 4405
f 4405 4406 4407
f 4406 4408 4407
f 4407 4408 4395
f 4408 4409 4395
f 4395 4409 4394
f 4400 4399 4410
f 4399 4411 4410
f 4410 4411 4412
f 4413 3404 3406
f 4411 4414 4412
f 4414 4413 4412
f 4412 4413 4415
f 4413 3406 4415
f 4327 4416 4334
f 4416 4416 4334
f 4334 4416 4338
f 4416 4417 4338
f 4338 4417 4341
f 4418 4419 4351
f 4419 4420 4351
f 4351 4420 4354
f 4420 4421 4354
f 4354 4421 4422
f 4421 4423 4422
f 4422 4423 4323
f 4423 4424 4323
f 4323 4424 4324
f 4348 4425 4347
f 4425 4426 4347
f 4347 4426 4351
f 4426 4427 4351
f 4351 4427 4418
f 4428 4429 4430
f 4431 4432 4433
f 4434 4435 4436
f 4437 4438 4439
f 4440 4315 4314
f 4440 4314 4441
f 4314 4442 4441
f 4441 4442 4438
f 4442 4443 4438
f 4438 4443 4439
f 4437 4439 4444
f 4439 4445 4444
f 4444 4445 4446
f 4447 4448 4449
f 4448 4450 4449
f 4449 4450 4451
f 4445 4452 4446
f 4452 4448 4446
f 4446 4448 4453
f 4448 4447 4453
f 4451 4450 4454
f 4450 4455 4454
f 4454 4455 4456
f 4455 4457 4456
f 4456 4457 4435
f 4457 4458 4435
f 4435 4458 4436
f 4434 4436 4459
f 4436 4460 4459
f 4459 4460 4461
f 4460 4462 4461
f 4461 4462 4463
f 4464 4465 4463
f 4465 4466 4463
f 4463 4466 4461
f 4467 4468 4469
f 4468 4470 4469
f 4469 4470 4464
f 4470 4471 4464
f 4464 4471 4465
f 4467 4472 4468
f 4472 4473 4468
f 4468 4473 4474
f 4473 4475 4474
f 4474 4475 4476
f 4476 4475 4477
f 4475 4478 4477
f 4477 4478 4479
f 4478 4480 4479
f 4479 4480 4481
f 4431 4433 4482
f 4433 4430 4482
f 4482 4430 4483
f 4484 4485 4486
f 4485 4487 4486
f 4486 4487 4430
f 4487 4488 4430
f 4430 4488 4483
f 4489 4490 4491
f 4490 4492 4491
f 4491 4492 4493
f 4492 4494 4493
f 4493 4494 4495
f 4496 4497 4498
f 4497 4499 4498
f 4498 4499 4500
f 4499 4501 4500
f 4500 4501 4502
f 4501 4503 4502
f 4502 4503 4504
f 4503 4505 4504
f 4504 4505 4489
f 4505 4506 4489
f 4489 4506 4490
f 4507 4508 4509
f 4508 4510 4509
f 4509 4510 4511
f 4508 4512 4510
f 4512 4513 4510
f 4510 4513 4514
f 4513 4515 4514
f 4514 4515 4516
f 4515 4517 4516
f 4516 4517 4496
f 4517 4518 4496
f 4496 4518 4497
f 4494 4484 4495
f 4484 4486 4495
f 4495 4486 4519
f 4486 4430 4519
f 4519 4430 4520
f 4430 4429 4520
f 4432 4479 4433
f 4479 4481 4433
f 4433 4481 4430
f 4481 4521 4430
f 4430 4521 4428
f 4507 4509 4522
f 4326 4325 4523
f 4325 4524 4523
f 4522 4525 4524
f 4525 4526 4524
f 4524 4526 4523
f 4511 4527 4509
f 4527 4528 4509
f 4509 4528 4522
f 4528 4529 4522
f 4522 4529 4525
f 4507 4522 4530
f 4522 4524 4530
f 4530 4524 4531
f 4524 4325 4531
f 4531 4325 4332
f 4532 4533 4534
f 4533 4535 4534
f 4534 4535 4536
f 4535 4537 4536
f 4536 4537 4538
f 4537 4539 4538
f 4539 4540 4538
f 4538 4540 4541
f 4540 4542 4541
f 4541 4542 4543
f 4543 4542 4544
f 4542 4545 4544
f 4544 4545 4546
f 4545 4547 4546
f 4546 4547 4548
f 4549 4550 4551
f 4551 4550 4552
f 4550 4553 4552
f 4552 4553 4548
f 4553 4554 4548
f 4548 4554 4546
f 4555 4556 4557
f 4556 4558 4557
f 4551 4559 4549
f 4559 4560 4549
f 4549 4560 4561
f 4560 4562 4561
f 4561 4562 4563
f 4562 4564 4563
f 4563 4564 4565
f 4564 4566 4565
f 4565 4566 4567
f 4566 4568 4567
f 4567 4568 4569
f 4568 4570 4569
f 4569 4570 4571
f 4570 4556 4571
f 4571 4556 4572
f 4556 4555 4572
f 4573 4574 4575
f 4574 4576 4575
f 4558 4577 4557
f 4577 4578 4557
f 4557 4578 4579
f 4578 4576 4579
f 4579 4576 4580
f 4576 4574 4580
f 4580 4574 4581
f 4574 4582 4581
f 4583 4584 4585
f 4584 4586 4585
f 4585 4586 4574
f 4586 4587 4574
f 4574 4587 4582
f 4585 4588 4583
f 4588 4589 4583
f 4583 4589 4590
f 4589 4591 4590
f 4590 4591 4592
f 4591 4593 4592
f 4592 4593 4594
f 4594 4593 4595
f 4593 4596 4595
f 4595 4596 4597
f 4596 4598 4597
f 4597 4598 4599
f 4598 4600 4599
f 4599 4600 4601
f 4600 4602 4601
f 4601 4602 4603
f 4602 4604 4603
f 4603 4604 4605
f 4604 4606 4605
f 4605 4606 4607
f 4606 4608 4607
f 4607 4608 4609
f 4608 4610 4609
f 4609 4610 4611
f 4610 4612 4611
f 4611 4612 4613
f 4612 4614 4613
f 4613 4614 4615
f 4616 4617 4618
f 4617 4615 4618
f 4618 4615 4619
f 4615 4614 4619
f 4573 4620 4574
f 4620 4621 4574
f 4574 4621 4585
f 4621 4622 4585
f 4585 4622 4588
f 4623 4533 4532
f 4624 4625 4626
f 4625 4627 4626
f 4626 4627 4628
f 4627 4623 4628
f 4628 4623 4629
f 4623 4532 4629
f 3598 3758 4630
f 4215 4214 4631
f 4632 4633 4634
f 4635 4636 4637
f 4638 4639 4640
f 4641 4642 4136
f 4643 4644 4136
f 4644 4645 4136
f 4136 4645 4641
f 4646 4647 4648
f 4647 4649 4648
f 4642 4650 4136
f 4650 4651 4136
f 4136 4651 4137
f 4646 4648 4652
f 4648 4653 4652
f 4652 4653 4654
f 4655 4656 4657
f 4656 4658 4657
f 4657 4658 4653
f 4658 4659 4653
f 4653 4659 4654
f 4660 4661 4662
f 4661 4663 4662
f 4662 4663 4657
f 4663 4664 4657
f 4657 4664 4655
f 4660 4662 4665
f 4662 4666 4665
f 4665 4666 4667
f 4668 4669 4670
f 4669 4671 4670
f 4670 4671 4666
f 4671 4672 4666
f 4666 4672 4667
f 4673 4674 4670
f 4674 4675 4670
f 4670 4675 4668
f 4676 4677 4673
f 4677 4678 4673
f 4673 4678 4674
f 4638 4640 4679
f 4640 4680 4679
f 4679 4680 4681
f 4682 4683 4680
f 4683 4684 4680
f 4680 4684 4681
f 4685 4686 4687
f 4686 4688 4687
f 4687 4688 4689
f 4690 4691 4692
f 4691 4693 4692
f 4692 4693 4687
f 4693 4694 4687
f 4687 4694 4685
f 4695 4696 4690
f 4696 4697 4690
f 4690 4697 4691
f 4698 4699 4700
f 4699 4701 4700
f 4700 4701 4702
f 4701 4703 4702
f 4702 4703 4690
f 4703 4704 4690
f 4690 4704 4695
f 4705 4706 4700
f 4706 4707 4700
f 4700 4707 4698
f 4705 4700 4708
f 4700 4709 4708
f 4708 4709 4710
f 4709 3611 4710
f 4710 3611 3610
f 4711 4712 4713
f 4712 4714 4713
f 4713 4714 4715
f 4711 4716 4712
f 4716 4717 4712
f 4712 4717 3729
f 4717 4718 3729
f 3729 4718 3730
f 4719 4720 4721
f 4720 4722 4721
f 4721 4722 4723
f 4719 4724 4720
f 4724 4725 4720
f 4720 4725 4714
f 4725 4726 4714
f 4714 4726 4715
f 4727 4728 4729
f 4728 4730 4729
f 4729 4730 4731
f 4730 4732 4731
f 4731 4732 4722
f 4732 4733 4722
f 4722 4733 4723
f 4727 4729 4734
f 4729 4735 4734
f 4734 4735 4736
f 4636 4737 4637
f 4737 4738 4637
f 4637 4738 4735
f 4738 4739 4735
f 4735 4739 4736
f 4740 4741 4635
f 4742 4743 4744
f 4743 4745 4744
f 4744 4745 4740
f 4745 4746 4740
f 4740 4746 4741
f 4742 4744 4747
f 4744 4748 4747
f 4747 4748 4749
f 4633 4750 4634
f 4750 4751 4634
f 4634 4751 4748
f 4751 4752 4748
f 4748 4752 4749
f 4753 4754 4755
f 4754 4756 4755
f 4755 4756 4757
f 4753 4758 4754
f 4758 4759 4754
f 4754 4759 4634
f 4759 4760 4634
f 4634 4760 4632
f 4761 4762 4763
f 4762 4764 4763
f 4763 4764 4756
f 4764 4765 4756
f 4756 4765 4757
f 4153 4761 4766
f 4761 4763 4766
f 4766 4763 4212
f 4763 4213 4212
f 4767 4225 4220
f 4215 4631 4219
f 4768 4767 4769
f 4767 4770 4769
f 4769 4770 4771
f 4770 4772 4771
f 4771 4772 4773
f 4772 4774 4773
f 4773 4774 4775
f 4774 4776 4775
f 4775 4776 4777
f 4776 4778 4777
f 4777 4778 4779
f 4778 4780 4779
f 4781 4780 4782
f 4780 4778 4782
f 4782 4778 4783
f 4778 4776 4783
f 4783 4776 4784
f 4776 4774 4784
f 4784 4774 4785
f 4774 4772 4785
f 4785 4772 4786
f 4772 4770 4786
f 4786 4770 4631
f 4770 4767 4631
f 4631 4767 4219
f 4767 4220 4219
f 4214 4213 4631
f 4213 4763 4631
f 4631 4763 4786
f 4763 4756 4786
f 4786 4756 4785
f 4756 4754 4785
f 4785 4754 4784
f 4754 4634 4784
f 4784 4634 4783
f 4634 4748 4783
f 4783 4748 4782
f 4748 4744 4782
f 4782 4744 4781
f 4744 4740 4781
f 3758 3757 4630
f 3757 4787 4630
f 4630 4787 4788
f 4787 4789 4788
f 4788 4789 4790
f 4789 4791 4790
f 4790 4791 4792
f 4791 4793 4792
f 4792 4793 4794
f 4793 4795 4794
f 4794 4795 4796
f 4795 4797 4796
f 4796 4797 4798
f 4797 4799 4798
f 4798 4799 4800
f 4799 4801 4800
f 3729 3599 4712
f 3599 4802 4712
f 4712 4802 4714
f 4802 4803 4714
f 4714 4803 4804
f 4803 4805 4804
f 4804 4805 4722
f 4805 4806 4722
f 4722 4806 4731
f 4806 4807 4731
f 4731 4807 4729
f 4807 4808 4729
f 4729 4808 4735
f 4808 4809 4735
f 4735 4809 4637
f 4809 4810 4637
f 3599 3598 4802
f 3598 4630 4802
f 4802 4630 4803
f 4630 4788 4803
f 4803 4788 4805
f 4788 4790 4805
f 4805 4790 4806
f 4790 4792 4806
f 4806 4792 4807
f 4792 4794 4807
f 4807 4794 4808
f 4794 4796 4808
f 4808 4796 4809
f 4796 4798 4809
f 4809 4798 4810
f 4798 4800 4810
f 3790 3782 4811
f 3782 4812 4811
f 4811 4812 4813
f 4812 4814 4813
f 4813 4814 4815
f 4814 4816 4815
f 4815 4816 4817
f 4816 4818 4817
f 4817 4818 4819
f 4818 4820 4819
f 4819 4820 4821
f 4820 4822 4821
f 4821 4822 4823
f 4822 4680 4823
f 4823 4680 4824
f 4680 4640 4824
f 3782 3611 4812
f 3611 4709 4812
f 4812 4709 4814
f 4709 4700 4814
f 4814 4700 4816
f 4700 4702 4816
f 4816 4702 4818
f 4702 4690 4818
f 4818 4690 4820
f 4690 4692 4820
f 4820 4692 4822
f 4692 4687 4822
f 4822 4687 4680
f 4687 4689 4680
f 4680 4689 4682
f 4141 4142 4768
f 4141 4768 4136
f 4142 4206 4768
f 4206 4227 4768
f 4768 4227 4767
f 4227 4226 4767
f 4767 4226 4225
f 4635 4637 4740
f 4637 4810 4740
f 4740 4810 4781
f 4810 4800 4781
f 4781 4800 4780
f 4800 4801 4780
f 4780 4801 4779
f 4801 4673 4779
f 4779 4673 4777
f 4673 4670 4777
f 4777 4670 4775
f 4670 4666 4775
f 4775 4666 4773
f 4666 4662 4773
f 4773 4662 4771
f 4662 4657 4771
f 4771 4657 4769
f 4657 4653 4769
f 4769 4653 4768
f 4653 4648 4768
f 4768 4648 4136
f 4648 4649 4136
f 4136 4649 4643
f 4639 4676 4640
f 4676 4673 4640
f 4640 4673 4824
f 4673 4801 4824
f 4824 4801 4823
f 4801 4799 4823
f 4823 4799 4821
f 4799 4797 4821
f 4821 4797 4819
f 4797 4795 4819
f 4819 4795 4817
f 4795 4793 4817
f 4817 4793 4815
f 4793 4791 4815
f 4815 4791 4813
f 4791 4825 4813
f 4813 4825 4811
f 4825 4787 4811
f 4811 4787 3790
f 4787 3757 3790
f 4826 585 584
f 4827 4828 4829
f 4828 4830 4829
f 4829 4830 4831
f 4830 4832 4831
f 4831 4832 4624
f 4832 4833 4624
f 4624 4833 4625
f 4833 4627 4625
f 4834 4835 4836
f 4835 4828 4836
f 4836 4828 4837
f 4828 4827 4837
f 4838 4839 4840
f 4838 4840 4841
f 4840 4842 4841
f 4841 4842 4843
f 4842 4844 4843
f 4843 4844 4845
f 4844 4846 4845
f 4845 4846 4847
f 4846 4848 4847
f 4847 4848 4849
f 4848 4850 4849
f 4849 4850 4851
f 4850 4852 4851
f 4851 4852 4853
f 4852 4854 4853
f 4853 4854 4855
f 4854 4856 4855
f 4855 4856 4857
f 4856 4858 4857
f 4857 4858 4859
f 4858 4860 4859
f 4859 4860 4861
f 4860 4862 4861
f 4861 4862 4834
f 4862 4863 4834
f 4834 4863 4835
f 4864 4865 4866
f 4839 4838 4866
f 4838 4867 4866
f 4866 4867 4864
f 4865 4864 4868
f 4864 4869 4868
f 4868 4869 4870
f 4869 4871 4870
f 4870 4871 4872
f 4873 4874 4875
f 4874 4876 4875
f 4875 4876 4877
f 4876 4878 4877
f 4877 4878 4879
f 4878 4880 4879
f 4879 4880 4872
f 4880 4881 4872
f 4872 4881 4870
f 4875 4882 4873
f 4882 4883 4873
f 4873 4883 4884
f 4883 4885 4884
f 4826 584 4886
f 584 4887 4886
f 4887 4888 4886
f 4886 4888 4889
f 4888 4890 4889
f 4889 4890 4891
f 4890 4892 4891
f 4891 4892 4893
f 4892 4894 4893
f 4893 4894 4895
f 4894 4896 4895
f 4895 4896 4897
f 4896 4898 4897
f 4897 4898 4899
f 4898 4900 4899
f 4899 4900 4885
f 4900 4901 4885
f 4885 4901 4884
f 4902 4903 4904
f 4905 4906 2893
f 4906 4907 2893
f 4907 4908 2893
f 4908 4909 2893
f 2893 4909 2894
f 4909 4910 2894
f 4911 4912 4913
f 4912 4914 4913
f 4913 4914 4906
f 4914 4915 4906
f 4906 4915 4907
f 4911 4913 4916
f 4913 4917 4916
f 4916 4917 4918
f 4919 4904 4920
f 4904 2738 4920
f 2738 4904 2739
f 4904 4903 2739
f 2739 4903 4921
f 4922 4923 4919
f 4923 4924 4919
f 4919 4924 4904
f 4924 4925 4904
f 4904 4925 4902
f 4922 4919 4926
f 4919 4927 4926
f 4926 4927 4928
f 4905 4928 4906
f 4928 4927 4906
f 4906 4927 4913
f 4927 4919 4913
f 4913 4919 4917
f 4919 4920 4917
f 4917 4920 4918
f 4929 4930 4931
f 4930 4932 4931
f 4932 4933 4931
f 4931 4933 4934
f 4935 4936 4937
f 4936 4938 4937
f 4937 4938 4939
f 4934 4935 4931
f 4935 4937 4931
f 4931 4937 4940
f 4937 4941 4940
f 4939 4942 4937
f 4942 4943 4937
f 4937 4943 4944
f 4944 4945 4937
f 4945 4946 4937
f 4937 4946 4941
f 4947 4948 4949
f 4948 4950 4949
f 4949 4950 4931
f 4950 4951 4931
f 4931 4951 4929
f 4947 4952 4948
f 4952 4953 4948
f 4948 4953 4954
f 4955 4956 4957
f 4958 4959 4957
f 4959 4960 4957
f 4957 4960 4955
f 4961 4962 4963
f 4964 4965 4963
f 4965 4966 4963
f 4963 4966 4961
f 4967 4968 4969
f 4970 4971 4969
f 4971 4972 4969
f 4969 4972 4967
f 4973 4974 4975
f 4974 4976 4975
f 4977 4978 4979
f 4977 4979 4980
f 4979 4981 4980
f 4981 4982 4980
f 4980 4982 4983
f 4982 4984 4983
f 4983 4984 4985
f 4985 4984 4986
f 4984 4987 4986
f 4986 4987 4988
f 4988 4987 4989
f 4987 4990 4989
f 4989 4990 4991
f 4990 4992 4991
f 4992 4993 4991
f 4991 4993 4994
f 4993 4995 4994
f 4994 4995 4996
f 4997 4998 4999
f 4998 5000 4999
f 4999 5000 5001
f 5002 5003 5004
f 5003 5005 5004
f 5002 5004 5006
f 5004 5007 5006
f 5006 5007 5008
f 5009 5010 5011
f 5010 5012 5011
f 5011 5012 5013
f 5014 5015 5012
f 5015 5016 5012
f 5012 5016 5013
f 5017 5018 5019
f 5018 5020 5019
f 5019 5020 5021
f 5022 5023 5024
f 5024 5025 5022
f 5025 5026 5022
f 5022 5026 5027
f 5026 5028 5027
f 5027 5028 5029
f 5028 5030 5029
f 5029 5030 5031
f 5030 5032 5031
f 5031 5032 5033
f 5032 5034 5033
f 5033 5034 5035
f 5034 5036 5035
f 5035 5036 5037
f 5037 5036 5038
f 5036 5039 5038
f 5038 5039 5040
f 5039 5041 5040
f 5041 5042 5040
f 5040 5042 5043
f 5044 5045 5046
f 5045 5047 5046
f 5048 5049 5050
f 5048 5050 5051
f 5050 5052 5051
f 5051 5052 5053
f 5054 5055 5056
f 5055 5057 5056
f 5056 5057 5058
f 5059 5060 5061
f 5060 5062 5061
f 5063 5064 5065
f 5064 5066 5065
f 5065 5066 5067
f 5068 5069 5070
f 5068 5070 5071
f 5070 5072 5071
f 5071 5072 5073
f 5074 5075 5076
f 5074 5076 5077
f 5076 5078 5077
f 5077 5078 5079
f 5079 5080 5077
f 5080 5081 5077
f 5077 5081 5082
f 5082 5083 5077
f 5083 5084 5077
f 5077 5084 5085
f 5084 5086 5085
f 5087 5088 5089
f 5088 5090 5089
f 5089 5090 5091
f 5090 5092 5091
f 5092 5093 5091
f 5093 5094 5091
f 5091 5094 5095
f 5095 5096 5091
f 5096 5097 5091
f 5091 5097 5098
f 5098 5099 5091
f 5099 5100 5091
f 5091 5100 5101
f 5100 5102 5101
f 5086 5103 5085
f 5103 5087 5085
f 5085 5087 5104
f 5087 5089 5104
f 5104 5089 5105
f 5106 5107 5108
f 5106 5108 5109
f 5108 5110 5109
f 5109 5110 5111
f 5112 5113 5114
f 5113 5115 5114
f 5114 5115 5116
f 5117 5118 5119
f 5117 5119 5120
f 5119 5121 5120
f 5120 5121 5122
f 5123 5124 5125
f 5125 5126 5123
f 5126 5127 5123
f 5123 5127 5128
f 5127 5129 5128
f 5128 5129 5130
f 5129 5131 5130
f 5131 5132 5130
f 5130 5132 5133
f 5133 5132 5134
f 5132 5135 5134
f 5134 5135 5136
f 5135 5137 5136
f 5136 5137 5138
f 5137 5139 5138
f 5138 5139 5140
f 5139 5141 5140
f 5141 5142 5140
f 5140 5142 5143
f 5144 5145 5146
f 5145 5147 5146
f 5148 5149 5150
f 5149 5151 5150
f 5150 5151 5152
f 5151 5153 5152
f 5152 5153 5154
f 5155 5156 5157
f 5156 5158 5157
f 5159 5160 5161
f 5162 5163 5161
f 5163 5164 5161
f 5161 5164 5159
f 5165 5166 5167
f 5166 5168 5167
f 5167 5168 5169
f 5170 5171 5172
f 5171 5173 5172
f 5172 5173 5174
f 5173 5175 5174
f 5176 5177 5178
f 5176 5178 5179
f 5178 5180 5179
f 5179 5180 5181
f 5180 5182 5181
f 5181 5182 5183
f 5182 5184 5183
f 5183 5184 5185
f 5184 5186 5185
f 5185 5186 5187
f 5186 5188 5187
f 5187 5188 5189
f 5188 5190 5189
f 5189 5190 5191
f 5190 5192 5191
f 5191 5192 5193
f 5192 5194 5193
f 5193 5194 5195
f 5196 5197 5198
f 5197 5199 5198
f 5200 5201 5202
f 5201 5203 5202
f 5202 5203 5204
f 5203 5205 5204
f 5206 5207 5208
f 5207 5209 5208
f 5210 5211 5212
f 5213 5214 5215
f 5214 5216 5215
f 5215 5216 5217
f 5216 5218 5217
f 5219 5220 5218
f 5220 5221 5218
f 5218 5221 5222
f 5222 5223 5218
f 5223 5224 5218
f 5218 5224 5225
f 5218 5226 5219
f 5226 5227 5219
f 5219 5227 5228
f 5228 5229 5219
f 5229 5230 5219
f 5219 5230 5231
f 5225 5232 5218
f 5232 5233 5218
f 5218 5233 5234
f 5234 5235 5218
f 5235 5236 5218
f 5218 5236 5217
f 5231 5237 5219
f 5237 5238 5219
f 5219 5238 5239
f 5212 5240 5210
f 5240 5241 5210
f 5210 5241 5242
f 5241 5219 5242
f 5242 5219 5243
f 5219 5239 5243
f 5244 5245 5246
f 5245 5247 5246
f 5248 5249 5250
f 5249 5251 5250
f 5250 5251 5252
f 5251 5253 5252
f 5252 5253 5254
f 5255 5256 5257
f 5256 5258 5257
f 5259 5260 5261
f 5262 5263 5264
f 5263 5265 5264
f 5264 5265 5266
f 5265 5267 5266
f 5266 5267 5268
f 5260 5259 5269
f 5259 5270 5269
f 5269 5270 5268
f 5270 5271 5268
f 5268 5271 5266
f 5272 5273 5274
f 5273 5275 5274
f 5274 5275 5276
f 5275 5277 5276
f 5276 5277 5278
f 5277 5279 5278
f 5278 5279 5261
f 5279 5280 5261
f 5261 5280 5259
f 5281 5282 5283
f 5282 5284 5283
f 5283 5284 5285
f 5284 5286 5285
f 5287 5288 5289
f 5288 5290 5289
f 5291 5292 5293
f 5292 5294 5293
f 5293 5294 5295
f 5294 5296 5295
f 5297 5298 5299
f 5299 5300 5297
f 5300 5301 5297
f 5297 5301 5302
f 5301 5303 5302
f 5303 5304 5302
f 5302 5304 5305
f 5304 5306 5305
f 5305 5306 5307
f 5306 5308 5307
f 5307 5308 5309
f 5308 5310 5309
f 5309 5310 5311
f 5310 5312 5311
f 5311 5312 5313
f 5312 5314 5313
f 5313 5314 5315
f 5314 5316 5315
f 5315 5316 5317
f 5316 5318 5317
f 5317 5318 5319
f 5320 5321 5322
f 5321 5323 5322
f 5324 5325 5326
f 5327 5328 5329
f 5328 5324 5329
f 5329 5324 5330
f 5324 5326 5330
f 5331 5332 5333
f 5332 5334 5333
f 5333 5334 5335
f 5336 5337 5338
f 5337 5339 5338
f 5338 5339 5340
f 5339 5341 5340
f 5342 5343 5344
f 5343 5345 5344
f 5344 5345 5346
f 5345 5347 5346
f 5348 5349 5350
f 5349 5351 5350
f 5350 5351 5352
f 5351 5353 5352
f 5354 5355 5356
f 5355 5357 5356
f 5358 5359 5360
f 5361 5362 5363
f 5358 5360 5363
f 5360 5364 5363
f 5363 5364 5361
f 5365 5366 5367
f 5366 5368 5367
f 5368 5369 5367
f 5369 5370 5367
f 5367 5370 5371
f 5371 5372 5367
f 5372 5373 5367
f 5367 5373 5374
f 5374 5375 5367
f 5375 5376 5367
f 5367 5376 5377
f 5376 5378 5377
f 5379 5380 5381
f 5381 5382 5379
f 5382 5383 5379
f 5379 5383 5384
f 5384 5385 5379
f 5385 5386 5379
f 5379 5386 5380
f 5386 5387 5380
f 5380 5387 5388
f 5388 5389 5380
f 5389 5390 5380
f 5380 5390 5391
f 5391 5392 5380
f 5392 5362 5380
f 5380 5362 5393
f 5362 5361 5393
f 5393 5361 5365
f 5361 5394 5365
f 5365 5394 5366
f 5394 5395 5366
f 5394 5396 5395
f 5396 5397 5395
f 5395 5397 5359
f 5397 5398 5359
f 5359 5398 5360
f 5399 5400 5401
f 5402 5403 5404
f 5403 5405 5404
f 5404 5405 5406
f 5405 5407 5406
f 5406 5407 5401
f 5407 5408 5401
f 5401 5408 5399
f 5409 5410 5411
f 5410 5412 5411
f 5411 5412 5413
f 5414 5415 5409
f 5415 5416 5409
f 5409 5416 5410
f 5416 5417 5410
f 5410 5417 5418
f 5417 5419 5418
f 5418 5419 5420
f 5419 5421 5420
f 5420 5421 5422
f 5421 5423 5422
f 5422 5423 5424
f 5423 5425 5424
f 5424 5425 5426
f 5425 5427 5426
f 5426 5427 5428
f 5427 5429 5428
f 5428 5429 5430
f 5429 5431 5430
f 5430 5431 5432
f 5431 5433 5432
f 5432 5433 5434
f 5435 5436 5437
f 5438 5439 5440
f 5441 5442 5443
f 5442 5437 5443
f 5443 5437 5444
f 5437 5445 5444
f 5444 5445 5446
f 5447 5448 5449
f 5447 5449 5450
f 5449 5451 5450
f 5450 5451 5452
f 5453 5454 5455
f 5455 5456 5453
f 5456 5457 5453
f 5453 5457 5458
f 5459 5460 5461
f 5460 5462 5461
f 5461 5462 5463
f 5462 5464 5463
f 5463 5464 5465
f 5466 5467 5468
f 5467 5469 5468
f 5468 5469 5470
f 5469 5471 5470
f 5470 5471 5472
f 5471 5473 5472
f 5472 5473 5474
f 5473 5475 5474
f 5474 5475 5476
f 5475 5477 5476
f 5476 5477 5478
f 5477 5479 5478
f 5478 5479 5480
f 5479 5481 5480
f 5480 5481 5482
f 5468 5483 5466
f 5483 5484 5466
f 5466 5484 5485
f 5484 5486 5485
f 5485 5486 5487
f 5486 5488 5487
f 5487 5488 5489
f 5488 5490 5489
f 5489 5490 5491
f 5490 5492 5491
f 5482 5481 5493
f 5481 5494 5493
f 5495 5496 5497
f 5498 5499 5500
f 5499 5495 5500
f 5500 5495 5501
f 5495 5497 5501
f 5502 5503 5504
f 5503 5505 5504
f 5506 5507 5508
f 5507 5509 5508
f 5508 5509 5510
f 5509 5511 5510
f 5510 5511 5512
f 5513 5514 5515
f 5514 5516 5515
f 5515 5516 5517
f 5516 5518 5517
f 5517 5518 5519
f 5518 5520 5519
f 5521 5522 5523
f 5522 5524 5523
f 5523 5524 5525
f 5524 5526 5525
f 5525 5526 5527
f 5528 5529 5530
f 5528 5530 5531
f 5530 5532 5531
f 5532 5533 5531
f 5531 5533 5534
f 5533 5535 5534
f 5534 5535 5536
f 5536 5535 5537
f 5535 5538 5537
f 5537 5538 5539
f 5539 5538 5540
f 5538 5541 5540
f 5540 5541 5542
f 5541 5543 5542
f 5543 5544 5542
f 5542 5544 5545
f 5544 5546 5545
f 5545 5546 5547
f 5546 5548 5547
f 5547 5548 5549
f 5550 5551 5552
f 5551 5553 5552
f 5554 5555 5556
f 5556 5555 5557
f 5555 5558 5557
f 5557 5558 5559
f 5554 5556 5560
f 5556 5561 5560
f 5560 5561 5562
f 5561 5563 5562
f 5562 5563 5564
f 5563 5565 5564
f 5564 5565 5566
f 5565 5567 5566
f 5566 5567 5568
f 5569 5570 5571
f 5567 5572 5568
f 5572 5573 5568
f 5568 5573 5574
f 5573 5569 5574
f 5574 5569 5575
f 5569 5571 5575
f 5576 5577 5578
f 5579 5580 5581
f 5580 5576 5581
f 5581 5576 5582
f 5576 5578 5582
f 5583 5584 5585
f 5584 5586 5585
f 5585 5586 5587
f 5586 5588 5587
f 5589 5590 5591
f 5590 5592 5591
f 5591 5592 5593
f 5592 5594 5593
f 5593 5594 5595
f 5596 5597 5598
f 5597 5599 5598
f 5600 5601 5602
f 5603 5604 5605
f 5604 5600 5605
f 5605 5600 5606
f 5600 5602 5606
f 5607 5608 5609
f 5608 5610 5609
f 5611 5612 5613
f 5612 5614 5613
f 5614 5615 5613
f 5615 5616 5613
f 5613 5616 5617
f 5616 5618 5617
f 5617 5618 5619
f 5620 5621 5622
f 5622 5623 5620
f 5623 5624 5620
f 5620 5624 5625
f 5625 5626 5620
f 5626 5627 5620
f 5620 5627 5628
f 5629 5630 5631
f 5630 5632 5631
f 5631 5632 5633
f 5632 5620 5633
f 5633 5620 5634
f 5620 5628 5634
f 5635 5636 5637
f 5636 5638 5637
f 5638 5639 5637
f 5639 5640 5637
f 5637 5640 5641
f 5641 5642 5637
f 5642 5643 5637
f 5637 5643 5644
f 5644 5645 5637
f 5645 5646 5637
f 5637 5646 5629
f 5646 5647 5629
f 5629 5647 5630
f 5648 5649 5619
f 5649 5650 5619
f 5650 5651 5619
f 5619 5651 5652
f 5652 5653 5619
f 5653 5654 5619
f 5619 5654 5655
f 5655 5656 5619
f 5656 5657 5619
f 5619 5657 5658
f 5658 5659 5619
f 5659 5660 5619
f 5619 5660 5617
f 5620 5661 5662
f 5661 5663 5662
f 5662 5663 5619
f 5663 5664 5619
f 5619 5664 5648
f 5662 5665 5620
f 5665 5666 5620
f 5620 5666 5667
f 5667 5668 5620
f 5668 5669 5620
f 5620 5669 5670
f 5670 5671 5620
f 5671 5672 5620
f 5620 5672 5673
f 5673 5674 5620
f 5674 5675 5620
f 5620 5675 5621
f 5676 5677 5637
f 5677 5678 5637
f 5637 5678 5635
f 5679 5680 5681
f 5680 5676 5681
f 5681 5676 5682
f 5676 5637 5682
f 5683 5684 5685
f 5684 5686 5685
f 5685 5686 5687
f 5686 5688 5687
f 5687 5688 5689
f 5690 5691 5692
f 5688 5693 5689
f 5693 5692 5689
f 5689 5692 5694
f 5692 5691 5694
f 5692 5695 5690
f 5695 5696 5690
f 5690 5696 5697
f 5698 5699 5700
f 5701 5702 5699
f 5702 5703 5699
f 5699 5703 5700
f 5698 5700 5704
f 5700 5705 5704
f 5704 5705 5706
f 5705 5707 5706
f 5706 5707 5708
f 5707 5709 5708
f 5709 5710 5708
f 5708 5710 5711
f 5710 5712 5711
f 5711 5712 5713
f 5712 5714 5713
f 5713 5714 5715
f 5714 5716 5715
f 5715 5716 5717
f 5716 5718 5717
f 5718 5716 5719
f 5716 5720 5719
f 5719 5720 5721
f 5720 5722 5721
f 5721 5722 5723
f 5722 5724 5723
f 5724 5725 5723
f 5723 5725 5726
f 5727 5728 5729
f 5729 5730 5727
f 5730 5731 5727
f 5727 5731 5732
f 5731 5733 5732
f 5732 5733 5734
f 5733 5735 5734
f 5734 5735 5736
f 5735 5737 5736
f 5736 5737 5738
f 5738 5737 5739
f 5737 5740 5739
f 5739 5740 5741
f 5740 5742 5741
f 5741 5742 5743
f 5742 5744 5743
f 5744 5745 5743
f 5743 5745 5746
f 5745 5747 5746
f 5746 5747 5748
f 5747 5749 5748
f 5748 5749 5750
f 5749 5751 5750
f 5750 5751 5752
f 5751 5753 5752
f 5751 5754 5753
f 5754 5755 5753
f 5753 5755 5756
f 5755 5757 5756
f 5756 5757 5758
f 5759 5760 5761
f 5760 5762 5761
f 5763 5764 5765
f 5766 5767 5768
f 5767 5763 5768
f 5768 5763 5769
f 5763 5765 5769
f 5770 5771 5772
f 5771 5773 5772
f 5774 5775 5776
f 5775 5777 5776
f 5776 5777 5778
f 5777 5779 5778
f 5780 5781 5782
f 5781 5783 5782
f 5784 5785 5786
f 5784 5786 5787
f 5786 5788 5787
f 5788 5789 5787
f 5787 5789 5790
f 5789 5791 5790
f 5790 5791 5792
f 5791 5793 5792
f 5792 5793 5794
f 5793 5795 5794
f 5796 5797 5798
f 5797 5799 5798
f 5798 5799 5795
f 5799 5800 5795
f 5795 5800 5794
f 5798 5801 5796
f 5801 5802 5796
f 5796 5802 5803
f 5802 5804 5803
f 5803 5804 5805
f 5806 5807 5808
f 5807 5809 5808
f 5808 5809 5810
f 5809 5811 5810
f 5812 5813 5814
f 5812 5814 5815
f 5814 5816 5815
f 5815 5816 5817
f 5816 5818 5817
f 5817 5818 5819
f 5818 5820 5819
f 5819 5820 5821
f 5820 5822 5821
f 5821 5822 5823
f 5813 5812 5824
f 5812 5825 5824
f 5824 5825 5826
f 5825 5827 5826
f 5827 5828 5826
f 5826 5828 5829
f 5828 5830 5829
f 5829 5830 5831
f 5830 5810 5831
f 5831 5810 5811
f 5832 5833 5834
f 5833 5835 5834
f 5836 5837 5838
f 5837 5839 5838
f 5838 5839 5840
f 5839 5841 5840
f 5842 5843 5844
f 5842 5844 5845
f 5844 5846 5845
f 5845 5846 5847
f 5846 5848 5847
f 5847 5848 5849
f 5848 5850 5849
f 5849 5850 5851
f 5850 5852 5851
f 5851 5852 5853
f 5852 5854 5853
f 5853 5854 5855
f 5854 5856 5855
f 5856 5857 5855
f 5855 5857 5858
f 5857 5859 5858
f 5858 5859 5860
f 5860 5859 5861
f 5859 5862 5861
f 5861 5862 5863
f 5862 5864 5863
f 5863 5864 5865
f 5864 5866 5865
f 5865 5866 5867
f 5866 5868 5867
f 5867 5868 5869
f 5868 5870 5869
f 5869 5870 5871
f 5870 5872 5871
f 5871 5872 5873
f 5872 5874 5873
f 5873 5874 5875
f 5876 5877 5878
f 5876 5878 5879
f 5878 5880 5879
f 5880 5881 5879
f 5879 5881 5882
f 5881 5883 5882
f 5882 5883 5884
f 5884 5883 5885
f 5883 5886 5885
f 5885 5886 5887
f 5886 5888 5887
f 5887 5888 5889
f 5888 5890 5889
f 5890 5891 5889
f 5889 5891 5892
f 5891 5893 5892
f 5892 5893 5894
f 5894 5893 5895
f 5893 5896 5895
f 5895 5896 5897
f 5896 5898 5897
f 5897 5898 5899
f 5898 5900 5899
f 5899 5900 5901
f 5900 5902 5901
f 5901 5902 5903
f 5902 5904 5903
f 5903 5904 5905
f 5904 5906 5905
f 5905 5906 5907
f 5908 5909 5910
f 5909 5911 5910
f 5912 5913 5914
f 5913 5915 5914
f 5914 5915 5916
f 5915 5917 5916
f 5918 5919 5920
f 5919 5921 5920
f 5922 5923 5924
f 5922 5924 5925
f 5926 5927 5928
f 5927 5925 5928
f 5928 5925 5929
f 5925 5924 5929
f 5926 5930 5927
f 5930 5931 5927
f 5927 5931 5932
f 5932 5933 5927
f 5933 5934 5927
f 5927 5934 5935
f 5936 5937 5938
f 5935 5939 5927
f 5939 5940 5927
f 5927 5940 5941
f 5940 5942 5941
f 5941 5942 5943
f 5942 5944 5943
f 5938 5937 5942
f 5937 5945 5942
f 5942 5945 5944
f 5946 5947 5948
f 5936 5938 5948
f 5938 5949 5948
f 5948 5949 5946
f 5947 5950 5948
f 5950 5951 5948
f 5948 5951 5952
f 5952 5953 5948
f 5953 5954 5948
f 5948 5954 5955
f 5955 5956 5948
f 5956 5957 5948
f 5948 5957 5958
f 5959 5960 5961
f 5962 5963 5964
f 5963 5965 5964
f 5964 5965 5966
f 5965 5967 5966
f 5966 5967 5968
f 5967 5969 5968
f 5968 5969 5970
f 5969 5971 5970
f 5970 5971 5961
f 5971 5972 5961
f 5961 5972 5959
f 5960 5959 5973
f 5959 5974 5973
f 5973 5974 5975
f 5974 5976 5975
f 5976 5977 5975
f 5975 5977 5978
f 5977 5979 5978
f 5978 5979 5980
f 5981 5982 5983
f 5981 5983 5984
f 5981 5985 5982
f 5985 5986 5982
f 5982 5986 5979
f 5986 5987 5979
f 5979 5987 5980
f 5983 5988 5984
f 5988 5989 5984
f 5984 5989 5990
f 5989 5991 5990
f 5990 5991 5992
f 5991 5993 5992
f 5991 5994 5993
f 5994 5995 5993
f 5993 5995 5996
f 5995 5997 5996
f 5998 5927 5999
f 5927 6000 5999
f 5999 6000 6001
f 6000 6002 6001
f 6001 6002 6003
f 6002 6004 6003
f 6003 6004 6005
f 6004 6006 6005
f 6005 6006 6007
f 6006 6008 6007
f 6007 6008 6009
f 6008 6010 6009
f 6009 6010 6011
f 6010 6012 6011
f 6011 6012 6013
f 6012 6014 6013
f 6013 6014 5996
f 5998 6015 5927
f 6015 6016 5927
f 5927 6016 6017
f 6017 6018 5927
f 6018 6019 5927
f 5927 6019 5925
f 6019 6020 5925
f 5925 6020 6021
f 6020 6022 6021
f 6021 6022 5962
f 6022 6023 5962
f 5962 6023 5963
f 6024 6025 6026
f 6025 6027 6026
f 6027 6028 6026
f 6026 6028 6029
f 6029 6030 6026
f 6030 6031 6026
f 6026 6031 6032
f 6032 6033 6026
f 6033 6034 6026
f 6026 6034 6035
f 6035 6036 6026
f 6036 6037 6026
f 6026 6037 6038
f 6038 6039 6026
f 6039 6040 6026
f 6026 6040 6041
f 6042 6026 6043
f 6026 6044 6043
f 6042 6045 6026
f 6045 6046 6026
f 6026 6046 6047
f 6047 6048 6026
f 6048 6049 6026
f 6026 6049 6050
f 6050 6051 6026
f 6051 6052 6026
f 6026 6052 6053
f 6053 6054 6026
f 6054 6055 6026
f 6026 6055 6056
f 6056 6057 6026
f 6057 6058 6026
f 6026 6058 6024
f 6059 6060 6061
f 6060 6062 6061
f 6061 6062 6063
f 6062 6064 6063
f 6065 6066 6067
f 6066 6068 6067
f 6069 6070 6071
f 6072 6073 6074
f 6073 6069 6074
f 6074 6069 6075
f 6069 6071 6075
f 6076 6077 6078
f 6077 6079 6078
f 6080 6081 6082
f 6081 6083 6082
f 6082 6083 6084
f 6083 6085 6084
f 6086 6087 6088
f 6087 6089 6088
f 6090 6091 6092
f 6091 6093 6092
f 6092 6093 6094
f 6093 6095 6094
f 6096 6097 6098
f 6097 6099 6098
f 6100 6101 6102
f 6103 6104 6105
f 6100 6102 6105
f 6102 6106 6105
f 6105 6106 6103
f 6107 6108 6109
f 6108 6110 6109
f 6111 6112 6113
f 6112 6114 6113
f 6113 6114 6115
f 6114 6116 6115
f 6117 6118 6119
f 6118 6120 6119
f 6121 6122 6123
f 6124 6121 6125
f 6121 6123 6125
f 6125 6123 6126
f 6127 6128 6129
f 6128 6126 6129
f 6129 6126 6130
f 6126 6123 6130
f 6131 6132 6133
f 6132 6126 6133
f 6133 6126 6134
f 6126 6128 6134
f 6134 6128 6135
f 6131 6136 6132
f 6136 6137 6132
f 6132 6137 6138
f 6139 6140 6141
f 6142 6139 6143
f 6139 6141 6143
f 6143 6141 6144
f 6141 6145 6144
f 6146 6147 6148
f 6147 6149 6148
f 6150 6151 6152
f 6151 6153 6152
f 6152 6153 6154
f 6153 6155 6154
f 6156 6157 6158
f 6157 6159 6158
f 6159 6157 6160
f 6157 6161 6160
f 6160 6161 6162
f 6161 6163 6162
f 6162 6163 6164
f 6163 6165 6164
f 6164 6165 6166
f 6167 6168 6169
f 6168 6170 6169
f 6170 6168 6171
f 6168 6172 6171
f 6171 6172 6173
f 6172 6174 6173
f 6174 6175 6173
f 6173 6175 6176
f 6175 6177 6176
f 6176 6177 6178
f 6177 6179 6178
f 6178 6179 6180
f 6179 6181 6180
f 6180 6181 6182
f 6182 6181 6183
f 6181 6184 6183
f 6183 6184 6185
f 6184 6186 6185
f 6185 6186 6187
f 6186 6188 6187
f 6187 6188 6189
f 6188 6190 6189
f 6189 6190 6191
f 6190 6192 6191
f 6191 6192 6193
f 6192 6194 6193
f 6194 6195 6193
f 6193 6195 6196
f 6197 6198 6199
f 6199 6200 6197
f 6200 6201 6197
f 6197 6201 6202
f 6201 6203 6202
f 6202 6203 6204
f 6203 6205 6204
f 6204 6205 6206
f 6205 6207 6206
f 6206 6207 6208
f 6207 6209 6208
f 6208 6209 6210
f 6209 6211 6210
f 6210 6211 6212
f 6211 6213 6212
f 6212 6213 6214
f 6213 6215 6214
f 6214 6215 6216
f 6215 6217 6216
f 6216 6217 6218
f 6217 6219 6218
f 6218 6219 6220
f 6219 6221 6220
f 6222 6223 6224
f 6223 6225 6224
f 6219 6226 6221
f 6226 6224 6221
f 6221 6224 6227
f 6224 6225 6227
f 6228 6229 6230
f 6228 6230 6231
f 6230 6232 6231
f 6231 6232 6233
f 6232 6234 6233
f 6233 6234 6235
f 6234 6236 6235
f 6236 6237 6235
f 6235 6237 6238
f 6238 6237 6239
f 6237 6240 6239
f 6239 6240 6241
f 6242 6243 6244
f 6242 6244 6245
f 6244 6246 6245
f 6245 6246 6247
f 6246 6248 6247
f 6247 6248 6249
f 6248 6250 6249
f 6249 6250 6251
f 6250 6252 6251
f 6251 6252 6253
f 6252 6254 6253
f 6253 6254 6255
f 6254 6256 6255
f 6255 6256 6257
f 6256 6258 6257
f 6257 6258 6259
f 6258 6260 6259
f 6259 6260 6261
f 6260 6262 6261
f 6261 6262 6263
f 6262 6264 6263
f 6263 6264 6265
f 6264 6266 6265
f 6265 6266 6267
f 6266 6268 6267
f 6267 6268 6269
f 6268 6270 6269
f 6269 6270 6271
f 6272 6273 6274
f 6273 6275 6274
f 6274 6275 6276
f 6275 6277 6276
f 6278 6279 6280
f 6279 6281 6280
f 6281 6279 6282
f 6279 6283 6282
f 6282 6283 6284
f 6283 6285 6284
f 6284 6285 6286
f 6285 6287 6286
f 6286 6287 6288
f 6287 6289 6288
f 6289 6290 6288
f 6288 6290 6291
f 6292 6293 6294
f 6293 6295 6294
f 6294 6295 6296
f 6295 6297 6296
f 6296 6297 6298
f 6297 6299 6298
f 6298 6299 6300
f 6299 6301 6300
f 6300 6301 6302
f 6301 6303 6302
f 6302 6303 6304
f 6303 6305 6304
f 6304 6305 6306
f 6305 6307 6306
f 6306 6307 6308
f 6307 6309 6308
f 6308 6309 6310
f 6309 6311 6310
f 6310 6311 6312
f 6311 6313 6312
f 6312 6313 6314
f 6313 6315 6314
f 6314 6315 6316
f 6315 6317 6316
f 6316 6317 6318
f 6317 6319 6318
f 6318 6319 6320
f 6319 6321 6320
f 6320 6321 6322
f 6321 6323 6322
f 6322 6323 6324
f 6325 6326 6327
f 6325 6327 6328
f 6327 6329 6328
f 6328 6329 6330
f 6329 6331 6330
f 6330 6331 6332
f 6331 6333 6332
f 6332 6333 6334
f 6333 6335 6334
f 6334 6335 6336
f 6335 6337 6336
f 6336 6337 6338
f 6337 6339 6338
f 6338 6339 6340
f 6339 6341 6340
f 6340 6341 6342
f 6341 6343 6342
f 6342 6343 6344
f 6343 6345 6344
f 6344 6345 6346
f 6345 6347 6346
f 6346 6347 6348
f 6347 6349 6348
f 6348 6349 6350
f 6349 6351 6350
f 6350 6351 6352
f 6351 6353 6352
f 6352 6353 6354
f 6353 6355 6354
f 6354 6355 6356
f 6357 6358 6359
f 6358 6360 6359
f 6359 6360 6361
f 6360 6362 6361
f 6361 6362 6363
f 6362 6364 6363
f 6363 6364 6365
f 6364 6366 6365
f 6365 6366 6367
f 6359 6368 6357
f 6368 6369 6357
f 6357 6369 6370
f 6371 6372 6373
f 6372 6374 6373
f 6373 6374 6375
f 6374 6376 6375
f 6377 6378 6379
f 6378 6380 6379
f 6381 6382 6383
f 6384 6385 6386
f 6383 6387 6384
f 6384 6386 6383
f 6386 6388 6383
f 6383 6388 6381
f 6389 6390 6391
f 6390 6392 6391
f 6392 6393 6391
f 6391 6393 6394
f 6395 6396 6397
f 6396 6398 6397
f 6397 6398 6399
f 6382 6389 6383
f 6389 6391 6383
f 6383 6391 6400
f 6391 6401 6400
f 6400 6401 6402
f 6401 6396 6402
f 6402 6396 6403
f 6396 6395 6403
f 6398 6404 6399
f 6404 6405 6399
f 6399 6405 6406
f 6405 6407 6406
f 6406 6407 6408
f 6408 6407 6409
f 6407 6410 6409
f 6409 6410 6411
f 6410 6412 6411
f 6411 6412 6413
f 6412 6414 6413
f 6413 6414 6415
f 6414 6416 6415
f 6415 6416 6417
f 6416 6418 6417
f 6417 6418 6419
f 6418 6420 6419
f 6419 6420 6421
f 6420 6422 6421
f 6421 6422 6423
f 6423 6422 6424
f 6422 6425 6424
f 6424 6425 6426
f 6425 6427 6426
f 6426 6427 6428
f 6427 6429 6428
f 6428 6429 6430
f 6429 6431 6430
f 6430 6431 6432
f 6431 6433 6432
f 6432 6433 6434
f 6433 6435 6434
f 6434 6435 6436
f 6435 6437 6436
f 6436 6437 6438
f 6437 6439 6438
f 6438 6439 6440
f 6439 6441 6440
f 6440 6441 6442
f 6441 6443 6442
f 6442 6443 6444
f 6443 6445 6444
f 6444 6445 6446
f 6445 6447 6446
f 6446 6447 6448
f 6447 6449 6448
f 6448 6449 6450
f 6449 6451 6450
f 6450 6451 6452
f 6451 6453 6452
f 6452 6453 6454
f 6454 6453 6455
f 6453 6456 6455
f 6455 6456 6457
f 6456 6458 6457
f 6457 6458 6459
f 6458 6460 6459
f 6459 6460 6461
f 6460 6462 6461
f 6461 6462 6463
f 6462 6464 6463
f 6463 6464 6465
f 6466 6467 6468
f 6464 6469 6465
f 6469 6470 6465
f 6465 6470 6468
f 6470 6471 6468
f 6468 6471 6466
f 6472 6473 6474
f 6467 6466 6475
f 6466 6476 6475
f 6475 6476 6474
f 6476 6477 6474
f 6474 6477 6472
f 6473 6478 6474
f 6478 6479 6474
f 6474 6479 6480
f 6480 6481 6474
f 6481 6482 6474
f 6474 6482 6483
f 6483 6484 6474
f 6484 6485 6474
f 6474 6485 6486
f 6486 6487 6474
f 6487 6488 6474
f 6474 6488 6489
f 6489 6490 6474
f 6490 6491 6474
f 6474 6491 6492
f 6491 6493 6492
f 6494 6495 6496
f 6497 6498 6499
f 6498 6494 6499
f 6499 6494 6500
f 6494 6496 6500
f 6501 6502 6503
f 6502 6504 6503
f 6503 6504 6505
f 6504 6506 6505
f 6507 6508 6509
f 6510 6511 6512
f 6511 6507 6512
f 6512 6507 6513
f 6507 6509 6513
f 6514 6515 6516
f 6516 6517 6514
f 6517 6518 6514
f 6514 6518 6519
f 6518 6520 6519
f 6519 6520 6521
f 6520 6522 6521
f 6522 6523 6521
f 6521 6523 6524
f 6524 6523 6525
f 6523 6526 6525
f 6525 6526 6527
f 6526 6528 6527
f 6527 6528 6529
f 6528 6530 6529
f 6529 6530 6531
f 6530 6532 6531
f 6532 6533 6531
f 6531 6533 6534
f 6535 6536 6537
f 6536 6538 6537
f 6539 6540 6541
f 6542 6543 6544
f 6543 6539 6544
f 6544 6539 6545
f 6539 6541 6545
f 6546 6547 6548
f 6547 6549 6548
f 6550 6551 6552
f 6551 6553 6552
f 6552 6553 6554
f 6553 6555 6554
f 6554 6555 6556
f 6557 6558 6559
f 6558 6560 6559
f 6559 6560 6561
f 6562 6563 6564
f 6565 6566 6567
f 6566 6562 6567
f 6567 6562 6568
f 6562 6564 6568
f 6569 6570 6571
f 6569 6571 6572
f 6571 6573 6572
f 6572 6573 6574
f 6573 6575 6574
f 6574 6575 6576
f 6575 6577 6576
f 6576 6577 6578
f 6577 6579 6578
f 6578 6579 6580
f 6579 6581 6580
f 6580 6581 6582
f 6581 6583 6582
f 6582 6583 6584
f 6583 6585 6584
f 6584 6585 6586
f 6585 6587 6586
f 6586 6587 6588
f 6589 6590 6591
f 6590 6592 6591
f 6593 6594 6595
f 6596 6597 6598
f 6597 6593 6598
f 6598 6593 6599
f 6593 6595 6599
f 6600 6601 6602
f 6601 6603 6602
f 6604 6605 6606
f 6605 6607 6606
f 6606 6607 6608
f 6609 6610 6611
f 6612 6613 6614
f 6613 6609 6614
f 6614 6609 6615
f 6609 6611 6615
f 6616 6617 6618
f 6617 6619 6618
f 6618 6619 6620
f 6620 6621 6618
f 6621 6622 6618
f 6618 6622 6623
f 6623 6624 6618
f 6624 6625 6618
f 6618 6625 6613
f 6616 6618 6626
f 6618 6613 6626
f 6626 6613 6627
f 6613 6612 6627
f 6627 6612 6628
f 6612 6629 6628
f 6628 6629 6630
f 6629 6631 6630
f 6631 6632 6630
f 6630 6632 6633
f 6633 6634 6630
f 6634 6635 6630
f 6630 6635 6636
f 6636 6637 6630
f 6637 6638 6630
f 6630 6638 6639
f 6608 6640 6606
f 6640 6641 6606
f 6606 6641 6642
f 6641 6630 6642
f 6642 6630 6643
f 6630 6639 6643
f 6644 6645 6646
f 6645 6647 6646
f 6648 6649 6650
f 6651 6652 6653
f 6652 6648 6653
f 6653 6648 6654
f 6648 6650 6654
f 6655 6656 6657
f 6656 6658 6657
f 6659 6660 6661
f 6662 6663 6664
f 6663 6659 6664
f 6664 6659 6665
f 6659 6661 6665
f 6666 6667 6668
f 6667 6669 6668
f 6668 6669 6670
f 6669 6671 6670
f 6672 6673 6674
f 6673 6675 6674
f 6674 6675 6676
f 6675 6677 6676
f 6678 6679 6680
f 6679 6681 6680
f 6682 6683 6684
f 6685 6686 6687
f 6686 6682 6687
f 6687 6682 6688
f 6682 6684 6688
f 6689 6690 6691
f 6690 6692 6691
f 6693 6694 6695
f 6694 6696 6695
f 6695 6696 6697
f 6696 6698 6697
f 6699 6700 6701
f 6700 6702 6701
f 6703 6704 6705
f 6704 6706 6705
f 6705 6706 6707
f 6706 6708 6707
f 6709 6710 6711
f 6710 6712 6711
f 6713 6714 6715
f 6714 6716 6715
f 6715 6716 6717
f 6716 6718 6717
f 6717 6718 6719
f 6720 6721 6722
f 6721 6723 6722
f 6724 6725 6726
f 6725 6727 6726
f 6726 6727 6728
f 6727 6729 6728
f 6730 6731 6732
f 6731 6733 6732
f 6734 6735 6736
f 6737 6734 6738
f 6734 6736 6738
f 6738 6736 6739
f 6740 6741 6742
f 6741 6739 6742
f 6742 6739 6743
f 6739 6736 6743
f 6744 6745 6746
f 6745 6739 6746
f 6746 6739 6747
f 6739 6741 6747
f 6747 6741 6748
f 6744 6749 6745
f 6749 6750 6745
f 6745 6750 6751
f 6752 6753 6754
f 6753 6755 6754
f 6756 6757 6758
f 6758 6759 6756
f 6759 6760 6756
f 6756 6760 6761
f 6760 6762 6761
f 6761 6762 6763
f 6764 6765 6766
f 6765 6767 6766
f 6766 6767 6768
f 6769 6770 6771
f 6772 6773 6770
f 6773 6774 6770
f 6770 6774 6771
f 6769 6771 6775
f 6771 6776 6775
f 6775 6776 6777
f 6776 6778 6777
f 6777 6778 6779
f 6778 6780 6779
f 6780 6781 6779
f 6779 6781 6782
f 6781 6783 6782
f 6782 6783 6784
f 6783 6785 6784
f 6784 6785 6786
f 6785 6787 6786
f 6786 6787 6788
f 6788 6787 6789
f 6787 6790 6789
f 6789 6790 6791
f 6790 6792 6791
f 6791 6792 6793
f 6792 6794 6793
f 6793 6794 6795
f 6794 6796 6795
f 6795 6796 6797
f 6796 6798 6797
f 6798 6799 6797
f 6797 6799 6800
f 6801 6802 6803
f 6803 6804 6801
f 6804 6805 6801
f 6801 6805 6806
f 6805 6807 6806
f 6806 6807 6808
f 6807 6809 6808
f 6808 6809 6810
f 6809 6811 6810
f 6810 6811 6812
f 6811 6813 6812
f 6812 6813 6814
f 6813 6815 6814
f 6814 6815 6816
f 6815 6817 6816
f 6815 6818 6817
f 6818 6819 6817
f 6817 6819 6820
f 6819 6821 6820
f 6820 6821 6822
f 6822 6821 6823
f 6821 6824 6823
f 6823 6824 6825
f 6824 6826 6825
f 6825 6826 6827
f 6826 6828 6827
f 6827 6828 6829
f 6828 6830 6829
f 6829 6830 6831
f 6830 6832 6831
f 6831 6832 6833
f 6834 6835 6836
f 6834 6836 6837
f 6836 6838 6837
f 6837 6838 6839
f 6838 6840 6839
f 6839 6840 6841
f 6840 6842 6841
f 6841 6842 6843
f 6842 6844 6843
f 6843 6844 6845
f 6844 6846 6845
f 6845 6846 6847
f 6846 6848 6847
f 6847 6848 6849
f 6848 6850 6849
f 6849 6850 6851
f 6850 6852 6851
f 6851 6852 6853
f 6852 6854 6853
f 6853 6854 6855
f 6854 6856 6855
f 6855 6856 6857
f 6856 6858 6857
f 6857 6858 6859
f 6858 6860 6859
f 6859 6860 6861
f 6862 6863 6864
f 6863 6865 6864
f 6866 6867 6868
f 6867 6869 6868
f 6868 6869 6870
f 6869 6871 6870
f 6872 6873 6874
f 6873 6875 6874
f 6876 6877 6878
f 6876 6878 6879
f 6878 6880 6879
f 6879 6880 6881
f 6880 6882 6881
f 6881 6882 6883
f 6882 6884 6883
f 6884 6885 6883
f 6883 6885 6886
f 6885 6887 6886
f 6886 6887 6888
f 6887 6889 6888
f 6888 6889 6890
f 6889 6891 6890
f 6890 6891 6892
f 6891 6893 6892
f 6892 6893 6894
f 6893 6895 6894
f 6894 6895 6896
f 6895 6897 6896
f 6896 6897 6898
f 6897 6899 6898
f 6898 6899 6900
f 6900 6899 6901
f 6899 6902 6901
f 6901 6902 6903
f 6904 6905 6906
f 6905 6907 6906
f 6906 6907 6908
f 6907 6909 6908
f 6908 6909 6910
f 6909 6911 6910
f 6910 6911 6912
f 6911 6913 6912
f 6912 6913 6914
f 6915 6916 6917
f 6916 6918 6917
f 6918 6919 6917
f 6917 6919 6904
f 6919 6920 6904
f 6904 6920 6905
f 6917 6921 6915
f 6921 6922 6915
f 6915 6922 6923
f 6922 6924 6923
f 6923 6924 6925
f 6924 6926 6925
f 6913 6927 6914
f 6927 6928 6914
f 6914 6928 6929
f 6928 6930 6929
f 6929 6930 6931
f 6930 6932 6931
f 6931 6932 6933
f 6932 6934 6933
f 6933 6934 6935
f 6934 6936 6935
f 6935 6936 6937
f 6936 6938 6937
f 6937 6938 6939
f 6938 6940 6939
f 6939 6940 6941
f 6940 6942 6941
f 6941 6942 6943
f 6942 6944 6943
f 6943 6944 6945
f 6944 6946 6945
f 6945 6946 6947
f 6946 6948 6947
f 6947 6948 6949
f 6948 6950 6949
f 6949 6950 6951
f 6950 6952 6951
f 6951 6952 6953
f 6952 6954 6953
f 6953 6954 6955
f 6954 6956 6955
f 6955 6956 6957
f 6956 6958 6957
f 6957 6958 6959
f 6958 6960 6959
f 6959 6960 6961
f 6960 6962 6961
f 6961 6962 6963
f 6962 6964 6963
f 6963 6964 6965
f 6964 6966 6965
f 6965 6966 6926
f 6966 6967 6926
f 6926 6967 6925
f 6968 6969 6970
f 6969 6971 6970
f 6971 6972 6970
f 6970 6972 6973
f 6973 6974 6970
f 6974 6975 6970
f 6970 6975 6976
f 6976 6977 6970
f 6977 6978 6970
f 6970 6978 6979
f 6979 6980 6970
f 6980 6981 6970
f 6970 6981 6982
f 6983 6984 6970
f 6984 6985 6970
f 6970 6985 6986
f 6986 6987 6970
f 6987 6988 6970
f 6970 6988 6989
f 6989 6990 6970
f 6990 6991 6970
f 6970 6991 6992
f 6992 6993 6970
f 6993 6994 6970
f 6970 6994 6995
f 6995 6996 6970
f 6996 6997 6970
f 6970 6997 6968
f 6998 6999 7000
f 6999 7001 7000
f 7002 7003 7004
f 7003 7005 7004
f 7004 7005 7006
f 7005 7007 7006
f 7006 7007 7008
f 7009 7010 7011
f 7010 7012 7011
f 7013 7014 7015
f 7016 7017 7018
f 7017 7019 7018
f 7014 7013 7020
f 7013 7021 7020
f 7020 7021 7022
f 7021 7023 7022
f 7022 7023 7017
f 7023 7024 7017
f 7017 7024 7019
f 7025 7026 7027
f 7026 7028 7027
f 7027 7028 7029
f 7028 7030 7029
f 7029 7030 7031
f 7030 7032 7031
f 7031 7032 7015
f 7032 7033 7015
f 7015 7033 7013
f 7034 7035 7036
f 7035 7037 7036
f 7036 7037 7038
f 7037 7039 7038
f 7040 7041 7042
f 7041 7043 7042
f 7044 7045 7046
f 7045 7047 7046
f 7046 7047 7048
f 7047 7049 7048
f 7050 7051 7052
f 7052 7053 7050
f 7053 7054 7050
f 7050 7054 7055
f 7054 7056 7055
f 7056 7057 7055
f 7055 7057 7058
f 7057 7059 7058
f 7058 7059 7060
f 7059 7061 7060
f 7060 7061 7062
f 7061 7063 7062
f 7062 7063 7064
f 7063 7065 7064
f 7064 7065 7066
f 7065 7067 7066
f 7066 7067 7068
f 7067 7069 7068
f 7068 7069 7070
f 7069 7071 7070
f 7070 7071 7072
f 7073 7074 7075
f 7074 7076 7075
f 7077 7078 7079
f 7080 7081 7082
f 7081 7077 7082
f 7082 7077 7083
f 7077 7079 7083
f 7084 7085 7086
f 7085 7087 7086
f 7086 7087 7088
f 7087 7089 7088
f 7090 7091 7092
f 7091 7093 7092
f 7092 7093 7094
f 7093 7095 7094
f 7096 7097 7098
f 7097 7099 7098
f 7098 7099 7100
f 7099 7101 7100
f 7102 7103 7104
f 7103 7105 7104
f 7104 7105 7106
f 7105 7107 7106
f 7108 7109 7110
f 7109 7111 7110
f 7112 7113 7114
f 7113 7115 7114
f 7114 7115 7116
f 7112 7117 7113
f 7117 7118 7113
f 7113 7118 7119
f 7120 7121 7122
f 7122 7123 7120
f 7123 7124 7120
f 7120 7124 7125
f 7125 7126 7120
f 7126 7127 7120
f 7120 7127 7128
f 7128 7129 7120
f 7129 7130 7120
f 7120 7130 7131
f 7130 7132 7131
f 7133 7134 7135
f 7134 7136 7135
f 7137 7138 7134
f 7138 7139 7134
f 7133 7140 7134
f 7140 7141 7134
f 7134 7141 7137
f 7139 7142 7134
f 7142 7143 7134
f 7134 7143 7136
f 7143 7144 7136
f 7136 7144 7145
f 7145 7146 7136
f 7146 7119 7136
f 7136 7119 7147
f 7119 7118 7147
f 7147 7118 7121
f 7118 7148 7121
f 7121 7148 7122
f 7148 7149 7122
f 7148 7150 7149
f 7150 7151 7149
f 7149 7151 7116
f 7151 7152 7116
f 7116 7152 7114
f 7153 7154 7155
f 7156 7157 7158
f 7157 7159 7158
f 7158 7159 7160
f 7159 7161 7160
f 7160 7161 7155
f 7161 7162 7155
f 7155 7162 7153
f 7163 7164 7165
f 7164 7166 7165
f 7167 7168 7166
f 7168 7169 7166
f 7166 7169 7165
f 7169 7170 7165
f 7165 7170 7171
f 7170 7172 7171
f 7171 7172 7173
f 7172 7174 7173
f 7173 7174 7175
f 7174 7176 7175
f 7175 7176 7177
f 7176 7178 7177
f 7177 7178 7179
f 7178 7180 7179
f 7181 7182 7183
f 7182 7184 7183
f 7183 7184 7185
f 7184 7186 7185
f 7185 7186 7180
f 7186 7187 7180
f 7180 7187 7179
f 7188 7189 7190
f 7191 7192 7193
f 7194 7195 7196
f 7195 7197 7196
f 7196 7197 7190
f 7197 7198 7190
f 7190 7198 7188
f 7199 7200 7201
f 7199 7201 7202
f 7201 7203 7202
f 7202 7203 7204
f 7205 7206 7207
f 7206 7208 7207
f 7209 7210 7211
f 7212 7213 7214
f 7213 7209 7214
f 7214 7209 7215
f 7209 7211 7215
f 7216 7217 7218
f 7219 7220 7221
f 7220 7222 7221
f 7221 7222 7223
f 7222 7224 7223
f 7223 7224 7225
f 7224 7226 7225
f 7225 7226 7227
f 7226 7228 7227
f 7227 7228 7229
f 7228 7230 7229
f 7229 7230 7218
f 7230 7231 7218
f 7218 7231 7216
f 7221 7232 7219
f 7232 7233 7219
f 7219 7233 7234
f 7233 7235 7234
f 7234 7235 7236
f 7235 7237 7236
f 7236 7237 7238
f 7237 7239 7238
f 7238 7239 7240
f 7239 7241 7240
f 7217 7216 7242
f 7216 7243 7242
f 7244 7245 7246
f 7245 7247 7246
f 7246 7247 7248
f 7247 7249 7248
f 7248 7249 7250
f 7251 7252 7253
f 7252 7254 7253
f 7255 7256 7257
f 7256 7258 7257
f 7257 7258 7259
f 7258 7260 7259
f 7259 7260 7261
f 7262 7263 7264
f 7263 7265 7264
f 7264 7265 7266
f 7265 7267 7266
f 7266 7267 7268
f 7267 7269 7268
f 7270 7271 7272
f 7271 7273 7272
f 7272 7273 7274
f 7273 7275 7274
f 7274 7275 7276
f 7277 7278 7279
f 7277 7279 7280
f 7279 7281 7280
f 7281 7282 7280
f 7280 7282 7283
f 7282 7284 7283
f 7283 7284 7285
f 7285 7284 7286
f 7284 7287 7286
f 7286 7287 7288
f 7288 7287 7289
f 7287 7290 7289
f 7289 7290 7291
f 7290 7292 7291
f 7292 7293 7291
f 7291 7293 7294
f 7293 7295 7294
f 7294 7295 7296
f 7295 7297 7296
f 7296 7297 7298
f 7299 7300 7301
f 7300 7302 7301
f 7303 7304 7305
f 7305 7304 7306
f 7304 7307 7306
f 7306 7307 7308
f 7303 7305 7309
f 7305 7310 7309
f 7309 7310 7311
f 7310 7312 7311
f 7311 7312 7313
f 7312 7314 7313
f 7313 7314 7315
f 7314 7316 7315
f 7315 7316 7317
f 7318 7319 7320
f 7316 7321 7317
f 7321 7322 7317
f 7317 7322 7323
f 7322 7318 7323
f 7323 7318 7324
f 7318 7320 7324
f 7325 7326 7327
f 7328 7329 7330
f 7329 7325 7330
f 7330 7325 7331
f 7325 7327 7331
f 7332 7333 7334
f 7333 7335 7334
f 7334 7335 7336
f 7335 7337 7336
f 7338 7339 7340
f 7339 7341 7340
f 7340 7341 7342
f 7341 7343 7342
f 7342 7343 7344
f 7345 7346 7347
f 7346 7348 7347
f 7349 7350 7351
f 7352 7353 7354
f 7353 7349 7354
f 7354 7349 7355
f 7349 7351 7355
f 7356 7357 7358
f 7357 7359 7358
f 7360 7361 7362
f 7361 7363 7362
f 7363 7364 7362
f 7364 7365 7362
f 7362 7365 7366
f 7367 7368 7369
f 7369 7370 7367
f 7370 7371 7367
f 7367 7371 7372
f 7372 7373 7367
f 7373 7374 7367
f 7367 7374 7375
f 7376 7377 7378
f 7377 7379 7378
f 7378 7379 7380
f 7379 7367 7380
f 7380 7367 7381
f 7367 7375 7381
f 7382 7383 7384
f 7382 7384 7385
f 7383 7386 7384
f 7386 7387 7384
f 7384 7387 7388
f 7388 7389 7384
f 7389 7390 7384
f 7384 7390 7391
f 7391 7392 7384
f 7392 7393 7384
f 7384 7393 7376
f 7393 7394 7376
f 7376 7394 7377
f 7365 7395 7366
f 7395 7396 7366
f 7366 7396 7397
f 7398 7399 7396
f 7399 7400 7396
f 7400 7401 7396
f 7401 7402 7396
f 7396 7402 7403
f 7403 7404 7396
f 7404 7405 7396
f 7396 7405 7406
f 7406 7407 7396
f 7407 7408 7396
f 7396 7408 7397
f 7367 7409 7410
f 7409 7411 7410
f 7410 7411 7396
f 7411 7412 7396
f 7396 7412 7398
f 7410 7413 7367
f 7413 7414 7367
f 7367 7414 7415
f 7415 7416 7367
f 7416 7417 7367
f 7367 7417 7418
f 7418 7419 7367
f 7419 7420 7367
f 7367 7420 7421
f 7421 7422 7367
f 7422 7423 7367
f 7367 7423 7368
f 7424 7425 7384
f 7425 7426 7384
f 7384 7426 7385
f 7427 7428 7429
f 7428 7424 7429
f 7429 7424 7430
f 7424 7384 7430
f 4732 4730 7431
f 7432 4757 7433
f 7434 7435 7436
f 7437 7438 7439
f 579 7440 7441
f 7441 7442 579
f 7442 7443 579
f 579 7443 580
f 7443 7444 580
f 580 7444 582
f 7444 7445 582
f 582 7445 583
f 7445 7446 583
f 583 7446 589
f 589 7446 604
f 7446 7447 604
f 604 7447 601
f 601 7447 599
f 7447 7448 599
f 599 7448 597
f 7448 7449 597
f 597 7449 595
f 595 7449 611
f 7449 7450 611
f 611 7450 613
f 7450 7451 613
f 613 7451 615
f 615 7451 621
f 7451 7452 621
f 621 7452 623
f 623 7452 7453
f 7452 7454 7453
f 7453 7454 628
f 7454 7455 628
f 628 7455 630
f 630 7455 632
f 7455 7456 632
f 632 7456 640
f 7456 7457 640
f 640 7457 638
f 638 7457 636
f 7457 7458 636
f 636 7458 609
f 609 7458 607
f 7458 7439 607
f 607 7439 588
f 7439 7438 588
f 588 7438 586
f 7459 7460 7461
f 7460 7459 7462
f 7459 4761 7462
f 7462 4761 4153
f 4757 4765 7433
f 4765 7463 7433
f 7433 7463 7459
f 7463 4762 7459
f 7459 4762 4761
f 7432 7433 4753
f 7433 7464 4753
f 4753 7464 4758
f 7465 4632 7466
f 4632 4760 7466
f 7466 4760 7464
f 4760 7467 7464
f 7464 7467 4758
f 7465 7466 4750
f 7466 7468 4750
f 4750 7468 4751
f 7469 4747 7470
f 4747 4749 7470
f 7470 4749 7468
f 4749 7471 7468
f 7468 7471 4751
f 7469 7470 4743
f 7470 7472 4743
f 4743 7472 4745
f 7473 4635 7474
f 4635 4741 7474
f 7474 4741 7472
f 4741 7475 7472
f 7472 7475 4745
f 7473 7474 4737
f 7474 7476 4737
f 4737 7476 4738
f 7477 4734 7478
f 4734 4736 7478
f 7478 4736 7476
f 4736 7479 7476
f 7476 7479 4738
f 7431 4730 7478
f 4730 4728 7478
f 7478 4728 7477
f 4732 7431 4733
f 7431 7480 4733
f 4733 7480 4723
f 7481 4724 7482
f 4724 4719 7482
f 7482 4719 7480
f 4719 7483 7480
f 7480 7483 4723
f 7481 7482 4726
f 7482 7484 4726
f 4726 7484 4715
f 7485 4711 7484
f 4711 7486 7484
f 7484 7486 4715
f 4718 7487 7485
f 7487 4716 7485
f 7485 4716 4711
f 7435 7437 7436
f 7437 7439 7436
f 7436 7439 7488
f 7439 7458 7488
f 7488 7458 7489
f 7458 7457 7489
f 7489 7457 7490
f 7457 7456 7490
f 7490 7456 7491
f 7456 7455 7491
f 7491 7455 7492
f 7455 7454 7492
f 7492 7454 7493
f 7454 7452 7493
f 7493 7452 7494
f 7452 7451 7494
f 7494 7451 7495
f 7451 7450 7495
f 7495 7450 7496
f 7450 7449 7496
f 7496 7449 7497
f 7449 7448 7497
f 7497 7448 7498
f 7448 7447 7498
f 7498 7447 7499
f 7447 7446 7499
f 7499 7446 7500
f 7446 7445 7500
f 7500 7445 7501
f 7445 7444 7501
f 7501 7444 7502
f 7444 7443 7502
f 3730 4718 7503
f 4718 7485 7503
f 7503 7485 7504
f 7485 7505 7504
f 7461 7434 7459
f 7434 7436 7459
f 7459 7436 7433
f 7436 7488 7433
f 7433 7488 7464
f 7488 7489 7464
f 7464 7489 7466
f 7489 7490 7466
f 7466 7490 7468
f 7490 7491 7468
f 7468 7491 7470
f 7491 7492 7470
f 7470 7492 7472
f 7492 7493 7472
f 7472 7493 7474
f 7493 7494 7474
f 7474 7494 7476
f 7494 7495 7476
f 7476 7495 7478
f 7495 7496 7478
f 7478 7496 7431
f 7496 7497 7431
f 7431 7497 7480
f 7497 7498 7480
f 7480 7498 7482
f 7498 7499 7482
f 7482 7499 7484
f 7499 7500 7484
f 7484 7500 7485
f 7500 7501 7485
f 7485 7501 7505
f 7501 7502 7505
f 4148 4147 7506
f 7462 4153 4152
f 4152 4151 7462
f 4151 7507 7462
f 7462 7507 4149
f 4149 4148 7462
f 4148 7506 7462
f 7462 7506 7460
f 7506 7508 7460
f 7460 7508 7461
f 7508 7509 7461
f 7461 7509 7434
f 7509 7510 7434
f 7434 7510 7435
f 7510 7511 7435
f 7435 7511 7437
f 7511 7512 7437
f 7512 7513 7437
f 7437 7513 7438
f 7513 584 7438
f 7438 584 586
f 7505 7502 7514
f 7443 7442 7515
f 7516 3249 3677
f 7503 7504 7517
f 3732 3730 7503
f 3732 7503 3733
f 7503 7517 3733
f 3733 7517 7518
f 7518 7517 3735
f 7517 7519 3735
f 3735 7519 7520
f 7521 3726 7522
f 3726 3725 7522
f 7522 3725 7519
f 3725 7523 7519
f 7519 7523 7520
f 7521 7522 3724
f 7522 7524 3724
f 3724 7524 3722
f 7525 3720 7526
f 3720 3718 7526
f 7526 3718 7524
f 3718 7527 7524
f 7524 7527 3722
f 7525 7526 3716
f 7526 7528 3716
f 3716 7528 7529
f 7530 7531 7532
f 7531 3710 7532
f 7532 3710 7528
f 3710 7533 7528
f 7528 7533 7529
f 7530 7532 3707
f 7532 7534 3707
f 3707 7534 7535
f 3699 7536 7537
f 7536 3704 7537
f 7537 3704 7534
f 3704 3703 7534
f 7534 3703 7535
f 7538 7539 3702
f 7538 3702 7537
f 3702 3701 7537
f 7537 3701 3699
f 3693 7540 7541
f 7540 3690 7541
f 7541 3690 7538
f 3690 3695 7538
f 7538 3695 7539
f 3693 7541 3694
f 7541 7542 3694
f 3694 7542 7543
f 3685 7544 7545
f 7544 3682 7545
f 7545 3682 7542
f 3682 3687 7542
f 7542 3687 7543
f 3685 7545 3686
f 7545 7546 3686
f 3686 7546 7547
f 7548 7549 7550
f 7549 3673 7550
f 7550 3673 7546
f 3673 3679 7546
f 7546 3679 7547
f 7548 7550 3677
f 7550 7551 3677
f 3677 7551 7516
f 7552 7553 7554
f 7553 7555 7554
f 7555 7556 7554
f 7554 7556 7557
f 561 7558 563
f 7558 7559 563
f 563 7559 569
f 7559 7560 569
f 550 552 7561
f 552 555 7561
f 7561 555 7562
f 555 574 7562
f 7562 574 7560
f 574 576 7560
f 7560 576 569
f 550 7561 548
f 7561 7563 548
f 548 7563 566
f 7563 7564 566
f 566 7564 546
f 7564 7565 546
f 546 7565 544
f 544 7565 542
f 7565 7566 542
f 542 7566 539
f 7566 7567 539
f 539 7567 535
f 7567 7568 535
f 535 7568 533
f 533 7568 520
f 7568 7569 520
f 520 7569 518
f 7569 7570 518
f 518 7570 517
f 517 7570 528
f 7570 7571 528
f 528 7571 525
f 525 7571 523
f 7571 7515 523
f 523 7515 522
f 7441 7440 521
f 522 7515 521
f 7515 7442 521
f 521 7442 7441
f 7557 7551 7554
f 7551 7550 7554
f 7554 7550 7572
f 7550 7546 7572
f 7572 7546 7573
f 7546 7545 7573
f 7573 7545 7574
f 7545 7542 7574
f 7574 7542 7575
f 7542 7541 7575
f 7575 7541 7576
f 7541 7538 7576
f 7576 7538 7577
f 7538 7537 7577
f 7577 7537 7578
f 7537 7534 7578
f 7578 7534 7579
f 7534 7532 7579
f 7579 7532 7580
f 7532 7528 7580
f 7580 7528 7581
f 7528 7526 7581
f 7581 7526 7582
f 7526 7524 7582
f 7582 7524 7583
f 7524 7522 7583
f 7583 7522 7584
f 7522 7519 7584
f 7584 7519 7514
f 7519 7517 7514
f 7514 7517 7505
f 7517 7504 7505
f 7502 7443 7514
f 7443 7515 7514
f 7514 7515 7584
f 7515 7571 7584
f 7584 7571 7583
f 7571 7570 7583
f 7583 7570 7582
f 7570 7569 7582
f 7582 7569 7581
f 7569 7568 7581
f 7581 7568 7580
f 7568 7567 7580
f 7580 7567 7579
f 7567 7566 7579
f 7579 7566 7578
f 7566 7565 7578
f 7578 7565 7577
f 7565 7564 7577
f 7577 7564 7576
f 7564 7563 7576
f 7576 7563 7575
f 7563 7561 7575
f 7575 7561 7574
f 7561 7562 7574
f 7574 7562 7573
f 7562 7560 7573
f 7573 7560 7572
f 7560 7559 7572
f 7572 7559 7554
f 7559 7558 7554
f 7554 7558 7552
f 7558 561 7552
f 7552 561 559
f 7585 7586 7587
f 4175 4174 7588
f 7589 7590 7591
f 4896 7592 7593
f 584 7513 4887
f 7513 7594 4887
f 4887 7594 4888
f 7594 4890 4888
f 7595 7596 7597
f 7597 4900 4898
f 7592 4892 7593
f 4892 7598 7593
f 7593 7598 7599
f 7598 7600 7599
f 7599 7600 7601
f 7600 7602 7601
f 7601 7602 7590
f 7590 7589 7601
f 7589 7595 7601
f 7601 7595 7599
f 7595 7597 7599
f 7599 7597 7593
f 7597 4898 7593
f 7593 4898 4896
f 7603 4878 4876
f 7604 7605 7606
f 7605 7607 7606
f 4874 4873 7596
f 4873 4884 7596
f 7596 4884 7597
f 4884 4901 7597
f 7597 4901 4900
f 7608 7609 7610
f 7611 7612 7613
f 7612 7614 7613
f 7614 4840 7615
f 4866 7616 7615
f 7616 7605 7615
f 7615 7605 7614
f 7605 7604 7614
f 7614 7604 7613
f 4860 4858 7617
f 4858 7618 7617
f 7619 7620 7621
f 7621 4863 7622
f 7623 7619 7624
f 7619 7621 7624
f 7624 7621 7617
f 7621 7622 7617
f 7617 7622 4860
f 4854 4852 7625
f 4852 7626 7625
f 4848 4846 7612
f 4846 7627 7612
f 7612 7627 7614
f 7627 4842 7614
f 7614 4842 4840
f 7628 7608 7629
f 7608 7610 7629
f 7629 7610 7630
f 7610 7631 7630
f 7630 7631 7611
f 7631 7625 7611
f 7611 7625 7612
f 7625 7626 7612
f 7612 7626 4848
f 7609 7623 7610
f 7623 7624 7610
f 7610 7624 7631
f 7624 7617 7631
f 7631 7617 7625
f 7617 7618 7625
f 7625 7618 4854
f 4175 7588 4169
f 7588 7632 4169
f 4169 7632 4171
f 4174 4173 7588
f 4173 4076 7588
f 7588 4076 7633
f 4076 4075 7633
f 4075 4176 7633
f 4176 4073 7633
f 7633 4073 7634
f 4073 4072 7634
f 4072 4184 7634
f 4184 4183 7634
f 7634 4183 7635
f 4183 4181 7635
f 4181 4180 7635
f 7635 4180 4179
f 7587 4179 4188
f 4188 4187 7587
f 4187 4186 7587
f 7587 4186 4185
f 4190 7636 4185
f 7636 7637 4185
f 4185 7637 7587
f 7586 7585 7638
f 7585 7639 7638
f 7638 7639 7640
f 7639 7641 7640
f 7640 7641 7642
f 7641 7643 7642
f 7642 7643 7591
f 4146 4145 7644
f 4158 7645 4159
f 7645 7644 4159
f 4159 7644 7646
f 7644 4145 7646
f 7647 4164 4163
f 4163 4079 7647
f 4079 4078 7647
f 7647 4078 7648
f 4078 4166 7648
f 4166 4167 7648
f 7648 4167 7632
f 4167 4172 7632
f 7632 4172 4171
f 4162 7649 7650
f 4158 7651 7645
f 7651 4155 7645
f 7645 4155 7650
f 4155 4160 7650
f 7650 4160 4162
f 7511 7510 7644
f 7510 7509 7644
f 7509 7508 7644
f 7644 7508 4146
f 7508 7506 4146
f 4146 7506 4147
f 7649 7652 7650
f 7652 7653 7650
f 7650 7653 7645
f 7653 7654 7645
f 7645 7654 7644
f 7654 7655 7644
f 7644 7655 7511
f 7655 7512 7511
f 7513 7512 7594
f 7512 7655 7594
f 7594 7655 7656
f 7655 7654 7656
f 7656 7654 7657
f 7654 7653 7657
f 7657 7653 7658
f 7653 7652 7658
f 7658 7652 7659
f 7652 7660 7659
f 7659 7660 7661
f 7660 7662 7661
f 7661 7662 7663
f 7635 7664 7634
f 7664 7665 7634
f 7634 7665 7633
f 7665 7663 7633
f 7633 7663 7588
f 7663 7662 7588
f 7588 7662 7632
f 7662 7660 7632
f 7632 7660 7648
f 7660 7652 7648
f 7648 7652 7647
f 7652 7649 7647
f 7647 7649 4164
f 7620 4830 7666
f 7620 7666 7621
f 7666 4835 7621
f 7621 4835 4863
f 7616 4868 7605
f 4868 4870 7605
f 7605 4870 7607
f 4870 4881 7607
f 7607 4881 4880
f 7667 7628 7668
f 7628 7629 7668
f 7668 7629 7669
f 7629 7630 7669
f 7669 7630 7670
f 7630 7611 7670
f 7670 7611 7671
f 7611 7613 7671
f 7671 7613 7672
f 7613 7604 7672
f 7672 7604 7673
f 7604 7606 7673
f 7673 7606 7674
f 7606 7607 7674
f 7674 7607 7603
f 7607 4880 7603
f 7603 4880 4878
f 7637 7667 7587
f 7667 7668 7587
f 7587 7668 7585
f 7668 7669 7585
f 7585 7669 7639
f 7669 7670 7639
f 7639 7670 7641
f 7670 7671 7641
f 7641 7671 7643
f 7671 7672 7643
f 7643 7672 7591
f 7672 7673 7591
f 7591 7673 7589
f 7673 7674 7589
f 7589 7674 7595
f 7674 7603 7595
f 7595 7603 7596
f 7603 4876 7596
f 7596 4876 4874
f 4179 7587 7635
f 7587 7586 7635
f 7635 7586 7664
f 7586 7638 7664
f 7664 7638 7665
f 7638 7640 7665
f 7665 7640 7663
f 7640 7642 7663
f 7663 7642 7661
f 7642 7591 7661
f 7661 7591 7659
f 7591 7590 7659
f 7659 7590 7658
f 7590 7602 7658
f 7658 7602 7657
f 7602 7600 7657
f 7657 7600 7656
f 7600 7598 7656
f 7656 7598 7594
f 7598 4892 7594
f 7594 4892 4890
f 3246 3280 7675
f 3280 3250 7675
f 7551 7675 7516
f 7675 3250 7516
f 7516 3250 3249
f 559 557 7552
f 557 7676 7552
f 7552 7676 7553
f 7676 7677 7553
f 7553 7677 7555
f 7677 7678 7555
f 7555 7678 7679
f 7678 7680 7679
f 7679 7680 7557
f 7680 7681 7557
f 7557 7681 7551
f 7681 7682 7551
f 7551 7682 7675
f 7683 7684 7636
f 7636 4190 4189
f 7683 7636 7685
f 7636 4189 7685
f 7685 4189 1792
f 7686 7687 7628
f 7686 7628 7688
f 7628 7667 7688
f 7688 7667 7684
f 7667 7637 7684
f 7684 7637 7636
f 4832 4830 7620
f 4833 4832 7689
f 4832 7620 7689
f 7689 7620 7690
f 7620 7619 7690
f 7690 7619 7691
f 7619 7623 7691
f 7691 7623 7692
f 7623 7693 7692
f 7693 7623 7694
f 7623 7609 7694
f 7694 7609 7687
f 7609 7608 7687
f 7687 7608 7628
f 7695 7696 7697
f 7677 7676 7698
f 2815 2814 7698
f 7699 2757 7700
f 3221 3230 7701
f 7702 7703 7704
f 7705 7706 7707
f 7708 3245 7709
f 7710 7711 7712
f 3247 3246 7675
f 7675 7682 3247
f 7682 7713 3247
f 3247 7713 3253
f 3244 7714 7715
f 7714 3241 7715
f 3241 3255 7715
f 7715 3255 7713
f 3255 7716 7713
f 7713 7716 3253
f 7717 7711 7718
f 7711 7710 7718
f 7718 7710 7719
f 7720 7721 3235
f 7721 3236 3235
f 7712 7722 7710
f 7722 7723 7710
f 7710 7723 7719
f 7723 7724 7719
f 3240 3239 7724
f 3239 7708 7724
f 7724 7708 7719
f 7708 7709 7719
f 7719 7709 7718
f 7709 7725 7718
f 7718 7725 7717
f 7721 7726 7727
f 7726 7728 7727
f 7727 7728 7701
f 3225 3224 7702
f 3224 3222 7702
f 7728 7703 7701
f 7703 7702 7701
f 7701 7702 3221
f 7702 3222 3221
f 3230 3229 7701
f 3229 3227 7701
f 7701 3227 7727
f 3227 3232 7727
f 7707 7729 7730
f 7729 3215 7730
f 7706 3208 3207
f 7706 3207 7707
f 3207 3212 7707
f 7707 3212 7729
f 3212 3214 7729
f 7729 3214 3215
f 3215 3217 7730
f 3217 3219 7730
f 7730 3219 3220
f 7697 7705 7731
f 7705 7707 7731
f 7731 7707 7704
f 7707 7730 7704
f 7704 7730 7702
f 7730 3220 7702
f 7702 3220 3225
f 7697 7696 7705
f 7696 7732 7705
f 7705 7732 7706
f 7732 7733 7706
f 7706 7733 7734
f 7735 2782 7736
f 7736 2778 7735
f 2778 2776 7735
f 7735 2776 7737
f 2776 2775 7737
f 2775 7738 7737
f 7737 7738 7739
f 7738 2773 7739
f 7739 2773 2768
f 2762 7740 7741
f 7740 7739 7741
f 7741 7739 2766
f 7739 2768 2766
f 2762 2760 7740
f 2760 7742 7740
f 7740 7742 7743
f 7742 2746 7743
f 7743 2746 2754
f 2728 7744 7745
f 7744 7700 7745
f 7745 7700 2732
f 7700 2757 2732
f 7746 7747 7748
f 7747 7749 7748
f 7748 7749 7750
f 7749 7751 7750
f 7750 7751 7752
f 7751 7753 7752
f 7752 7753 7754
f 7753 7755 7754
f 7754 7755 7756
f 7755 7757 7756
f 7744 7746 7700
f 7746 7748 7700
f 7700 7748 7758
f 7748 7750 7758
f 7758 7750 7759
f 7750 7752 7759
f 7759 7752 7760
f 7752 7754 7760
f 7760 7754 7761
f 7754 7756 7761
f 7761 7756 7712
f 7756 7757 7712
f 7712 7757 7722
f 2815 7698 2801
f 7698 7676 2801
f 2801 7676 557
f 2804 2803 7762
f 2803 2799 7762
f 7762 2799 2797
f 2806 2804 7763
f 2804 7762 7763
f 7763 7762 7764
f 2814 2812 7698
f 2812 2810 7698
f 7698 2810 7764
f 7764 2810 7763
f 2810 2808 7763
f 7763 2808 2806
f 7765 7766 2793
f 2789 2788 7767
f 2788 2786 7767
f 7767 2786 7735
f 2786 2784 7735
f 7735 2784 2782
f 7768 7769 7770
f 7681 7680 7771
f 7680 7678 7771
f 7765 7772 7773
f 7772 7774 7773
f 7773 7774 7775
f 7678 7677 7771
f 7677 7698 7771
f 7771 7698 7775
f 7698 7764 7775
f 7775 7764 7773
f 7764 7762 7773
f 7773 7762 7765
f 7762 2797 7765
f 7765 2797 7766
f 7776 7769 7777
f 7769 7768 7777
f 7777 7768 7778
f 7768 7779 7778
f 7778 7779 7780
f 7682 7681 7713
f 7681 7771 7713
f 7713 7771 7715
f 7771 7775 7715
f 7715 7775 7781
f 7775 7774 7781
f 7781 7774 7776
f 7774 7772 7776
f 7776 7772 7769
f 7772 7765 7769
f 7769 7765 7770
f 7765 2793 7770
f 7770 2793 2791
f 2791 2789 7770
f 2789 7767 7770
f 7770 7767 7768
f 7767 7735 7768
f 7768 7735 7779
f 7735 7737 7779
f 7779 7737 7780
f 7737 7739 7780
f 7780 7739 7782
f 7739 7740 7782
f 7782 7740 7783
f 7740 7743 7783
f 7784 3204 3206
f 7784 3206 7734
f 3206 3211 7734
f 7734 3211 7706
f 3211 3210 7706
f 7706 3210 3208
f 3232 3231 7727
f 3231 3140 7727
f 7727 3140 7721
f 3140 3139 7721
f 7721 3139 3236
f 7747 7695 7749
f 7695 7697 7749
f 7749 7697 7751
f 7697 7731 7751
f 7751 7731 7753
f 7731 7704 7753
f 7753 7704 7755
f 7704 7703 7755
f 7755 7703 7757
f 7703 7728 7757
f 7757 7728 7722
f 7728 7726 7722
f 7722 7726 7723
f 7726 7721 7723
f 7723 7721 7724
f 7721 7720 7724
f 7724 7720 3240
f 3245 3244 7709
f 3244 7715 7709
f 7709 7715 7725
f 7715 7781 7725
f 7725 7781 7717
f 7781 7776 7717
f 7717 7776 7711
f 7776 7777 7711
f 7711 7777 7712
f 7777 7778 7712
f 7712 7778 7761
f 7778 7780 7761
f 7761 7780 7760
f 7780 7782 7760
f 7760 7782 7759
f 7782 7783 7759
f 7759 7783 7758
f 7783 7743 7758
f 7758 7743 7700
f 7743 2754 7700
f 7700 2754 7699
f 4627 4833 7785
f 4833 7689 7785
f 7785 7689 7786
f 7689 7690 7786
f 7786 7690 7787
f 7690 7691 7787
f 7787 7691 7788
f 7691 7692 7788
f 7788 7692 7789
f 7692 7693 7789
f 7789 7693 7790
f 7693 7694 7790
f 7790 7694 7791
f 7694 7687 7791
f 7791 7687 7792
f 7687 7686 7792
f 7792 7686 7793
f 7686 7688 7793
f 7793 7688 7794
f 7688 7795 7794
f 7794 7795 7796
f 7795 7683 7796
f 7796 7683 7797
f 7683 7685 7797
f 7797 7685 1791
f 7685 1792 1791
f 7798 2723 7799
f 7800 3121 3142
f 3142 3204 7784
f 7744 7801 7746
f 7801 7802 7746
f 7746 7802 7747
f 2728 7798 7744
f 7798 7799 7744
f 7744 7799 7801
f 7747 7802 7695
f 7802 7803 7695
f 7695 7803 7696
f 7803 7804 7696
f 7804 7805 7696
f 7696 7805 7732
f 7805 7806 7732
f 7732 7806 7733
f 7807 7784 7806
f 7784 7734 7806
f 7806 7734 7733
f 7807 7808 7784
f 7808 7809 7784
f 7784 7809 3142
f 7809 7810 3142
f 3142 7810 7800
f 7811 7790 7812
f 7790 7791 7812
f 7812 7791 7792
f 7813 4623 4627
f 7787 7814 7786
f 7814 7813 7786
f 7786 7813 7785
f 7813 4627 7785
f 7797 1791 1796
f 7792 7793 7812
f 7793 7794 7812
f 7812 7794 7815
f 1796 2350 7815
f 7815 7794 1796
f 7794 7796 1796
f 1796 7796 7797
f 7811 7816 7790
f 7816 7817 7790
f 7790 7817 7789
f 7789 7817 7788
f 7817 7818 7788
f 7788 7818 7787
f 7818 7819 7787
f 7787 7819 7814
f 2723 2722 7820
f 2722 7821 7820
f 7820 7821 7801
f 7821 7822 7801
f 7801 7822 7802
f 7822 7823 7802
f 7802 7823 7803
f 7823 7824 7803
f 7803 7824 7804
f 7824 7825 7804
f 7804 7825 7805
f 7825 7826 7805
f 3122 3121 7827
f 3121 7800 7827
f 7827 7800 7828
f 7800 7810 7828
f 7828 7810 7829
f 7810 7809 7829
f 7829 7809 7830
f 7809 7808 7830
f 7830 7808 7831
f 7808 7807 7831
f 7831 7807 7826
f 7807 7806 7826
f 7826 7806 7805
f 7815 2350 3992
f 7816 7811 7832
f 7811 7812 7832
f 3992 7833 7815
f 7833 7834 7815
f 7815 7834 7812
f 7834 7835 7812
f 7812 7835 7832
f 7832 7836 7816
f 7836 7837 7816
f 7816 7837 7817
f 7837 7838 7817
f 7838 7839 7817
f 7839 7840 7817
f 7817 7840 7818
f 7840 7841 7818
f 7818 7841 7819
f 7841 7842 7819
f 7819 7842 7814
f 7842 7843 7814
f 7814 7843 7813
f 7843 7844 7813
f 7844 4533 7813
f 7813 4533 4623
f 7845 7846 7829
f 7847 7848 7825
f 7825 7848 7826
f 7848 7849 7826
f 7826 7849 7850
f 3087 3122 7851
f 3122 7827 7851
f 7851 7827 7846
f 7827 7828 7846
f 7846 7828 7829
f 2722 3901 7852
f 3901 7822 7852
f 7822 3901 7823
f 3901 3902 7823
f 7823 3902 3903
f 7825 7824 7847
f 7824 7823 7847
f 7847 7823 7853
f 7823 3903 7853
f 7845 7829 7854
f 7829 7830 7854
f 7854 7830 7850
f 7830 7831 7850
f 7850 7831 7826
f 7855 7856 7857
f 4568 7858 7859
f 7844 7843 7860
f 4533 7844 7861
f 7844 7860 7861
f 7861 7860 4537
f 7860 4539 4537
f 4545 4542 7862
f 4542 4540 7862
f 4545 7862 4547
f 7862 7863 4547
f 4547 7863 4548
f 4560 4559 7864
f 4559 4551 7864
f 7864 4551 7863
f 4551 4552 7863
f 7863 4552 4548
f 4568 4566 7858
f 4566 4564 7858
f 7858 4564 7864
f 4564 4562 7864
f 7864 4562 4560
f 7865 4556 7859
f 4556 4570 7859
f 7859 4570 4568
f 4578 4577 7865
f 4577 4558 7865
f 7865 4558 4556
f 4621 4620 7866
f 4620 4573 7866
f 7866 4573 4575
f 4621 7866 4622
f 7866 7867 4622
f 4622 7867 4588
f 7868 4598 4596
f 4596 4593 7868
f 4593 4591 7868
f 7868 4591 7867
f 4591 4589 7867
f 7867 4589 4588
f 4598 7868 4600
f 7868 7869 4600
f 4600 7869 4602
f 7870 4606 7869
f 4606 4604 7869
f 7869 4604 4602
f 4612 4610 7870
f 4610 4608 7870
f 7870 4608 4606
f 7871 4616 7872
f 4616 4618 7872
f 7872 4618 7873
f 4618 4619 7873
f 7873 4619 4614
f 7874 7875 7876
f 7875 7877 7876
f 7876 7877 7878
f 7877 7879 7878
f 4614 4612 7873
f 4612 7870 7873
f 7873 7870 7880
f 7870 7869 7880
f 7880 7869 7881
f 7869 7868 7881
f 7881 7868 7882
f 7868 7867 7882
f 7882 7867 7883
f 7867 7866 7883
f 7874 7884 7885
f 7883 7879 7882
f 7879 7877 7882
f 7882 7877 7881
f 7877 7875 7881
f 7881 7875 7880
f 7875 7874 7880
f 7880 7874 7873
f 7874 7885 7873
f 7873 7885 7872
f 7886 7887 7888
f 7887 7889 7888
f 7890 4007 7891
f 7890 7891 7887
f 7891 3913 7887
f 7887 3913 7889
f 7892 4005 7893
f 7892 7893 7890
f 7893 3916 7890
f 7890 3916 4007
f 7888 4012 7886
f 4012 4009 7886
f 7886 4009 7894
f 4009 4008 7894
f 4008 4011 7894
f 7894 4011 7895
f 4011 7896 7895
f 7895 7896 4015
f 4023 7897 7898
f 4015 4022 7895
f 4022 7899 7895
f 7895 7899 7898
f 7899 4019 7898
f 7898 4019 4023
f 4024 4029 7900
f 4029 7901 7900
f 4037 7902 7903
f 7902 4040 7903
f 7903 4040 7857
f 4036 4035 7904
f 4035 7905 7904
f 7904 7905 7903
f 7905 4032 7903
f 7903 4032 4037
f 7897 4028 7906
f 4028 4027 7906
f 7906 4027 7907
f 7862 7908 7863
f 7908 7909 7863
f 7863 7909 7864
f 7909 7910 7864
f 7864 7910 7858
f 7910 7911 7858
f 7858 7911 7859
f 7911 7912 7859
f 7859 7912 7865
f 7912 7913 7865
f 7865 7913 7914
f 7913 7915 7914
f 7914 7915 7916
f 7915 7917 7916
f 7916 7917 7918
f 7917 7906 7918
f 7918 7906 7900
f 7906 7907 7900
f 7900 7907 4024
f 7919 7920 7921
f 7920 7922 7921
f 7921 7922 7923
f 7922 7924 7923
f 7923 7924 7925
f 7924 7926 7925
f 7925 7926 7904
f 4576 4578 7919
f 4578 7865 7919
f 7919 7865 7920
f 7865 7914 7920
f 7920 7914 7922
f 7914 7916 7922
f 7922 7916 7924
f 7916 7918 7924
f 7924 7918 7926
f 7918 7900 7926
f 7926 7900 7904
f 7900 7901 7904
f 7904 7901 4036
f 2951 7855 4043
f 7855 7857 4043
f 4043 7857 7927
f 7857 4040 7927
f 3992 3993 7833
f 3993 7928 7833
f 7833 7928 7929
f 7928 3997 7929
f 7930 4002 7931
f 7932 7835 7929
f 7835 7834 7929
f 7929 7834 7833
f 7838 7837 7933
f 7837 7836 7933
f 7933 7836 7932
f 7836 7832 7932
f 7932 7832 7835
f 3997 3995 7929
f 3995 7930 7929
f 7929 7930 7932
f 7930 7931 7932
f 7932 7931 7934
f 7931 7935 7934
f 7843 7842 7860
f 7842 7841 7860
f 7860 7841 7935
f 7841 7840 7935
f 7935 7840 7933
f 7840 7839 7933
f 7933 7839 7838
f 4002 4001 7931
f 4001 7936 7931
f 7931 7936 7892
f 7936 4006 7892
f 7892 4006 4005
f 7856 7884 7857
f 7884 7874 7857
f 7857 7874 7903
f 7874 7876 7903
f 7903 7876 7904
f 7876 7878 7904
f 7904 7878 7925
f 7878 7879 7925
f 7925 7879 7923
f 7879 7883 7923
f 7923 7883 7921
f 7883 7866 7921
f 7921 7866 7919
f 7866 4575 7919
f 7919 4575 4576
f 7897 7906 7898
f 7906 7917 7898
f 7898 7917 7895
f 7917 7915 7895
f 7895 7915 7894
f 7915 7913 7894
f 7894 7913 7886
f 7913 7912 7886
f 7886 7912 7887
f 7912 7911 7887
f 7887 7911 7890
f 7911 7910 7890
f 7890 7910 7892
f 7910 7909 7892
f 7892 7909 7931
f 7909 7908 7931
f 7931 7908 7935
f 7908 7862 7935
f 7935 7862 7860
f 7862 4540 7860
f 7860 4540 4539
f 3828 7937 3903
f 7937 7853 3903
f 7938 7848 7847
f 7853 7937 7847
f 7937 7939 7847
f 7847 7939 7938
f 7848 7938 7849
f 7938 7940 7849
f 7849 7940 7850
f 7940 7941 7850
f 7850 7941 7942
f 3009 3087 7943
f 3087 7851 7943
f 7943 7851 7944
f 7851 7846 7944
f 7944 7846 7945
f 7846 7845 7945
f 7945 7845 7946
f 7845 7854 7946
f 7946 7854 7947
f 7854 7850 7947
f 7947 7850 7948
f 7850 7942 7948
f 7885 7884 7949
f 7884 7856 7949
f 7950 7951 7952
f 3010 3009 7943
f 7953 7954 7955
f 3856 3861 7956
f 7957 7958 3889
f 7958 3887 3889
f 3889 3895 7957
f 3895 3894 7957
f 7957 3894 7872
f 3894 3892 7872
f 7872 3892 7871
f 7959 3881 3883
f 7959 3883 7958
f 3883 3885 7958
f 7958 3885 3887
f 7960 3877 7959
f 3877 3879 7959
f 7959 3879 3881
f 3871 3873 7960
f 3873 3875 7960
f 7960 3875 3877
f 3871 7960 3865
f 7960 7961 3865
f 3865 7961 7962
f 3861 3860 7956
f 3860 3868 7956
f 7956 3868 7961
f 3868 3867 7961
f 7961 3867 7962
f 7963 3858 3857
f 3858 7963 3851
f 7963 7964 3851
f 3851 7964 3852
f 3843 3845 7964
f 3845 3848 7964
f 7964 3848 3852
f 7964 7965 3843
f 7965 7966 3843
f 3843 7966 3799
f 7967 3802 3840
f 7967 3840 7966
f 3840 3800 7966
f 7966 3800 3799
f 7968 3811 3809
f 7968 3809 7967
f 3809 3803 7967
f 7967 3803 3802
f 7969 3826 3825
f 7969 3825 7968
f 3825 3813 7968
f 7968 3813 3811
f 3827 3832 7970
f 7937 3828 3827
f 7937 3827 7939
f 7939 3827 7938
f 3827 7970 7938
f 7938 7970 7940
f 3832 3837 7970
f 3837 3836 7970
f 7970 3836 7969
f 3836 3807 7969
f 7969 3807 3826
f 7943 7944 7971
f 7945 7946 7953
f 7946 7947 7953
f 7953 7947 7954
f 7972 3003 7973
f 7973 3008 7974
f 3008 3007 7974
f 7974 3007 7975
f 7972 7973 7971
f 7973 7974 7971
f 7971 7974 7943
f 7974 7975 7943
f 7943 7975 3010
f 7976 7977 7978
f 7944 7945 7971
f 7945 7953 7971
f 7971 7953 7972
f 7953 7955 7972
f 7972 7955 7979
f 7955 7980 7979
f 7979 7980 7981
f 7980 7982 7981
f 7981 7982 7983
f 7982 7976 7983
f 7984 7985 7986
f 7985 7987 7986
f 7986 7987 7988
f 7987 7989 7988
f 7984 7951 7990
f 7951 7950 7990
f 7990 7950 7991
f 7978 7977 7992
f 2981 7993 7978
f 7976 7978 7983
f 7978 7994 7983
f 7983 7994 7995
f 2993 7981 7996
f 7981 7983 7996
f 7996 7983 2989
f 7983 7995 2989
f 3001 7979 7997
f 7979 7981 7997
f 7997 7981 2995
f 7981 2993 2995
f 2977 2976 7987
f 2976 7998 7987
f 7987 7998 2987
f 7977 7989 7992
f 7989 7987 7992
f 7992 7987 7999
f 7987 2987 7999
f 2970 8000 7991
f 8000 8001 7991
f 7991 8001 7990
f 8000 2972 8001
f 2972 2979 8001
f 8001 2979 8002
f 7984 7990 7985
f 7990 8001 7985
f 7985 8001 7987
f 8001 8002 7987
f 7987 8002 2977
f 2953 8003 8004
f 8003 8005 8004
f 8004 8005 8006
f 8003 2956 8005
f 2956 2955 8005
f 8005 2955 8007
f 2955 8008 8007
f 8007 8008 2960
f 2960 2958 8007
f 2958 8009 8007
f 8007 8009 8010
f 8009 2962 8010
f 8010 2962 8011
f 2965 8012 7991
f 8012 8013 7991
f 7991 8013 2970
f 8006 8005 7952
f 8005 8007 7952
f 7952 8007 7950
f 8007 8010 7950
f 7950 8010 7991
f 8010 8011 7991
f 7991 8011 2965
f 7999 2984 7992
f 2984 2983 7992
f 7992 2983 7978
f 2983 2982 7978
f 7978 2982 2981
f 8014 7956 8015
f 7956 7961 8015
f 8015 7961 8016
f 7961 7960 8016
f 8016 7960 8017
f 7960 7959 8017
f 8017 7959 8018
f 7959 7958 8018
f 8018 7958 8019
f 7958 7957 8019
f 7947 7948 7954
f 7948 7942 7954
f 7954 7942 7941
f 7989 8020 7988
f 8020 8021 7988
f 7988 8021 7986
f 8021 8022 7986
f 7986 8022 7984
f 8022 8023 7984
f 7984 8023 7951
f 8023 8024 7951
f 7951 8024 7952
f 8024 8025 7952
f 7952 8025 8006
f 8025 7949 8006
f 8006 7949 8004
f 7949 7856 8004
f 8004 7856 2953
f 7856 7855 2953
f 2953 7855 2952
f 7855 2951 2952
f 3001 2999 7979
f 2999 8026 7979
f 7979 8026 7972
f 8026 2996 7972
f 7972 2996 3003
f 7989 8014 8020
f 8014 8015 8020
f 8020 8015 8021
f 8015 8016 8021
f 8021 8016 8022
f 8016 8017 8022
f 8022 8017 8023
f 8017 8018 8023
f 8023 8018 8024
f 8018 8019 8024
f 8024 8019 8025
f 8019 7957 8025
f 8025 7957 7949
f 7957 7872 7949
f 7949 7872 7885
f 7941 7940 7954
f 7940 7970 7954
f 7954 7970 7955
f 7970 7969 7955
f 7955 7969 7980
f 7969 7968 7980
f 7980 7968 7982
f 7968 7967 7982
f 7982 7967 7976
f 7967 7966 7976
f 7976 7966 7977
f 7966 7965 7977
f 7977 7965 7989
f 7965 7964 7989
f 7989 7964 8014
f 7964 7963 8014
f 8014 7963 7956
f 7963 3857 7956
f 7956 3857 3856
f 3126 3125 8027
f 3125 8028 8027
f 8027 8028 8029
f 8028 8030 8029
f 8029 8030 8031
f 8030 8032 8031
f 8031 8032 8033
f 8032 8034 8033
f 8033 8034 8035
f 8034 8036 8035
f 8035 8036 8037
f 8036 8038 8037
f 8037 8038 8039
f 8038 8040 8039
f 8039 8040 3498
f 8040 3499 3498
f 8041 8042 8043
f 3511 3512 8044
f 3126 8027 3202
f 8027 8045 3202
f 3202 8045 3203
f 8045 8046 3203
f 8046 8045 3196
f 8045 8047 3196
f 3196 8047 3198
f 8048 3143 8049
f 3143 3200 8049
f 8049 3200 8047
f 3200 8050 8047
f 8047 8050 3198
f 8048 8049 3194
f 8049 8051 3194
f 3194 8051 3189
f 8052 8053 8054
f 8053 3192 8054
f 8054 3192 8051
f 3192 8055 8051
f 8051 8055 3189
f 8052 8054 3184
f 8054 8056 3184
f 3184 8056 3186
f 8057 8058 3174
f 8058 8059 3174
f 3174 8059 3179
f 8059 8060 3179
f 8060 8059 3181
f 8059 8061 3181
f 3181 8061 3169
f 3168 3173 8062
f 3173 3172 8062
f 8062 3172 8061
f 3172 3170 8061
f 8061 3170 3169
f 3168 8062 3166
f 8062 8063 3166
f 3166 8063 3161
f 3160 3165 8064
f 3165 3164 8064
f 8064 3164 8063
f 3164 3162 8063
f 8063 3162 3161
f 3160 8064 3158
f 8064 8065 3158
f 3158 8065 3146
f 8066 3157 8065
f 3157 3147 8065
f 8065 3147 3146
f 8067 3153 3152
f 3156 3155 8066
f 3155 3154 8066
f 8066 3154 3157
f 8068 8066 3152
f 8066 8069 3152
f 3152 8069 8067
f 8057 3178 8058
f 3178 3188 8058
f 8058 3188 8056
f 3188 8070 8056
f 8056 8070 3186
f 8042 8069 8043
f 8069 8066 8043
f 8043 8066 8071
f 8066 8065 8071
f 8071 8065 8072
f 8065 8064 8072
f 8072 8064 8073
f 8064 8063 8073
f 8073 8063 8074
f 8063 8062 8074
f 8074 8062 8075
f 8062 8061 8075
f 8075 8061 8076
f 8061 8059 8076
f 8076 8059 8077
f 8059 8058 8077
f 8077 8058 8078
f 8058 8056 8078
f 8078 8056 8079
f 8056 8054 8079
f 8079 8054 8080
f 8054 8051 8080
f 8080 8051 8081
f 8051 8049 8081
f 8081 8049 8082
f 8049 8047 8082
f 8082 8047 8083
f 8047 8045 8083
f 3548 8084 3546
f 8084 8085 3546
f 3546 8085 3544
f 8085 3542 3544
f 3542 8085 3538
f 8085 8086 3538
f 3538 8086 3536
f 3554 8087 3552
f 8087 8084 3552
f 3552 8084 3549
f 8084 3548 3549
f 3554 3555 8087
f 3555 3558 8087
f 8087 3558 8088
f 3558 3560 8088
f 8088 3560 3567
f 8089 3562 3573
f 8089 3573 8090
f 3567 3566 8088
f 3566 3565 8088
f 8088 3565 8089
f 3565 3564 8089
f 8089 3564 3562
f 3575 3574 8091
f 3573 3571 8090
f 3571 3569 8090
f 8090 3569 3575
f 3498 3503 8092
f 3503 8093 8092
f 8092 8093 8037
f 3511 8044 3509
f 8044 8094 3509
f 3509 8094 3507
f 3503 3502 8093
f 3502 3501 8093
f 8093 3501 8094
f 3501 3505 8094
f 8094 3505 3507
f 3525 8095 3580
f 8095 8096 3580
f 3580 8096 3578
f 3528 8097 3526
f 8097 8098 3526
f 3526 8098 3519
f 3525 3524 8095
f 3524 3522 8095
f 8095 3522 8098
f 3522 3520 8098
f 8098 3520 3519
f 3512 3514 8044
f 3514 3516 8044
f 8044 3516 8096
f 3516 3518 8096
f 8096 3518 3578
f 8027 8029 8045
f 8029 8031 8045
f 8045 8031 8083
f 8031 8033 8083
f 8083 8033 8035
f 3528 3531 8097
f 3531 3530 8097
f 8097 3530 8086
f 3530 3529 8086
f 8086 3529 3536
f 3575 8091 8090
f 8091 8099 8090
f 8090 8099 8100
f 8100 8041 8090
f 8041 8043 8090
f 8090 8043 8089
f 8043 8071 8089
f 8089 8071 8088
f 8071 8072 8088
f 8088 8072 8087
f 8072 8073 8087
f 8087 8073 8084
f 8073 8074 8084
f 8084 8074 8085
f 8074 8075 8085
f 8085 8075 8086
f 8075 8076 8086
f 8086 8076 8097
f 8076 8077 8097
f 8097 8077 8098
f 8077 8078 8098
f 8098 8078 8095
f 8078 8079 8095
f 8095 8079 8096
f 8079 8080 8096
f 8096 8080 8044
f 8080 8081 8044
f 8044 8081 8094
f 8081 8082 8094
f 8094 8082 8093
f 8082 8083 8093
f 8093 8083 8037
f 8083 8035 8037
f 3591 3499 8101
f 3591 8101 3589
f 3486 3589 8102
f 3589 8101 8102
f 8102 8101 8103
f 8101 8038 8103
f 8103 8038 8104
f 8038 8036 8104
f 8036 8034 8104
f 8104 8034 8105
f 8034 8032 8105
f 8032 8030 8105
f 8105 8030 8106
f 8030 8028 8106
f 8028 3125 8106
f 8106 3125 2944
f 3671 3153 8067
f 3574 3302 8107
f 3672 3671 8108
f 3671 8067 8108
f 8108 8067 8109
f 8067 8110 8109
f 8109 8110 8111
f 8110 8042 8111
f 8111 8042 8112
f 8042 8041 8112
f 8112 8041 8113
f 8041 8100 8113
f 8113 8100 8114
f 8100 8099 8114
f 8114 8099 8107
f 8099 8091 8107
f 8107 8091 3574
f 2943 3014 8115
f 2944 2943 8116
f 2943 8115 8116
f 8116 8115 8105
f 8115 8104 8105
f 8117 3485 8118
f 3485 3486 8118
f 3477 8119 8120
f 8119 8121 8120
f 8120 8121 3471
f 3477 3474 8119
f 3474 3476 8119
f 8119 3476 8122
f 3476 8123 8122
f 8123 3481 8122
f 3481 3480 8122
f 8122 3480 8117
f 3480 3479 8117
f 8117 3479 3485
f 8124 8125 3464
f 8125 8126 3464
f 3444 8127 8128
f 8127 8129 8128
f 8128 8129 3447
f 3444 8130 8127
f 8130 8131 8127
f 8127 8131 8132
f 3459 8133 8134
f 8131 3450 8132
f 3450 8135 8132
f 8132 8135 8134
f 8135 3455 8134
f 8134 3455 3459
f 8133 3457 8134
f 3457 3461 8134
f 8134 3461 8126
f 3461 3462 8126
f 8126 3462 3464
f 8136 3423 8137
f 3423 8138 8137
f 8137 8138 3434
f 3420 8139 8140
f 8139 8141 8140
f 8140 8141 3408
f 3420 3418 8139
f 3418 8142 8139
f 8139 8142 8136
f 8142 3425 8136
f 8136 3425 3423
f 3389 3387 8143
f 3387 3385 8143
f 8143 3385 8144
f 3385 8145 8144
f 8144 8145 3415
f 8146 8147 3399
f 8147 8148 3399
f 3399 8148 3401
f 8148 8149 3401
f 8146 3395 8147
f 3395 3393 8147
f 8147 3393 8143
f 3393 8150 8143
f 8143 8150 3389
f 3415 3413 8144
f 3413 8151 8144
f 8144 8151 8141
f 8151 3409 8141
f 8141 3409 3408
f 3434 3432 8137
f 3432 8152 8137
f 8137 8152 8129
f 8152 3438 8129
f 8129 3438 3447
f 8153 8154 8155
f 8154 8148 8155
f 8155 8148 8156
f 8148 8147 8156
f 8156 8147 8157
f 8147 8143 8157
f 8157 8143 8158
f 8143 8144 8158
f 8158 8144 8159
f 8144 8141 8159
f 8159 8141 8160
f 8141 8139 8160
f 8160 8139 8161
f 8139 8136 8161
f 8161 8136 8162
f 8136 8137 8162
f 8162 8137 8163
f 8137 8129 8163
f 8163 8129 8164
f 8129 8127 8164
f 8164 8127 8165
f 8127 8132 8165
f 8165 8132 8166
f 8132 8134 8166
f 8166 8134 8167
f 8134 8126 8167
f 8167 8126 8168
f 8126 8125 8168
f 8168 8125 8169
f 8125 8121 8169
f 8169 8121 8170
f 8121 8119 8170
f 8170 8119 8171
f 8119 8122 8171
f 8171 8122 8172
f 8122 8117 8172
f 8172 8117 8103
f 8117 8118 8103
f 3033 8173 3031
f 8173 8174 3031
f 3031 8174 3026
f 3041 8175 3039
f 8175 8176 3039
f 3039 8176 3034
f 3049 8177 3047
f 8177 8178 3047
f 3047 8178 3042
f 3041 3046 8175
f 3046 3045 8175
f 8175 3045 8178
f 3045 3043 8178
f 8178 3043 3042
f 3033 3038 8173
f 3038 3037 8173
f 8173 3037 8176
f 3037 3035 8176
f 8176 3035 3034
f 3049 3054 8177
f 3054 3053 8177
f 8177 3053 8179
f 3053 3051 8179
f 3057 8180 3055
f 8180 8179 3055
f 3055 8179 3050
f 8179 3051 3050
f 3060 3059 8181
f 3059 3064 8181
f 8181 3064 8182
f 3064 3066 8182
f 3057 3063 8180
f 3063 3062 8180
f 8180 3062 8181
f 3062 3061 8181
f 8181 3061 3060
f 3066 3071 8182
f 3071 3070 8182
f 8182 3070 8183
f 3070 3068 8183
f 3075 8184 3073
f 8184 8183 3073
f 3073 8183 3072
f 8183 3068 3072
f 3082 8185 8186
f 3075 3078 8184
f 3078 3077 8184
f 8184 3077 8186
f 3077 3083 8186
f 8186 3083 3082
f 3084 8187 3080
f 8187 8185 3080
f 3080 8185 3081
f 8185 3082 3081
f 3019 3018 8188
f 3018 3023 8188
f 8188 3023 8189
f 3023 3025 8189
f 3019 8188 3021
f 8188 8190 3021
f 3021 8190 3022
f 3014 3013 8115
f 3013 3015 8115
f 8115 3015 8190
f 3015 3017 8190
f 8190 3017 3022
f 3025 3030 8189
f 3030 3029 8189
f 8189 3029 8174
f 3029 3027 8174
f 8174 3027 3026
f 8149 8148 3405
f 8148 8154 3405
f 3405 8154 3406
f 8124 3466 8125
f 3466 3473 8125
f 8125 3473 8121
f 3473 8191 8121
f 8121 8191 3471
f 8187 8153 8185
f 8153 8155 8185
f 8185 8155 8186
f 8155 8156 8186
f 8186 8156 8184
f 8156 8157 8184
f 8184 8157 8183
f 8157 8158 8183
f 8183 8158 8182
f 8158 8159 8182
f 8182 8159 8181
f 8159 8160 8181
f 8181 8160 8180
f 8160 8161 8180
f 8180 8161 8179
f 8161 8162 8179
f 8179 8162 8177
f 8162 8163 8177
f 8177 8163 8178
f 8163 8164 8178
f 8178 8164 8175
f 8164 8165 8175
f 8175 8165 8176
f 8165 8166 8176
f 8176 8166 8173
f 8166 8167 8173
f 8173 8167 8174
f 8167 8168 8174
f 8174 8168 8189
f 8168 8169 8189
f 8189 8169 8188
f 8169 8170 8188
f 8188 8170 8190
f 8170 8171 8190
f 8190 8171 8115
f 8171 8172 8115
f 8115 8172 8104
f 8172 8103 8104
f 3621 3630 8192
f 3648 3650 8193
f 3672 8108 3604
f 8108 8194 3604
f 3604 8194 3605
f 3667 8195 3665
f 8195 8196 3665
f 3665 8196 3660
f 8196 3661 3660
f 3667 3670 8195
f 3670 3669 8195
f 8195 3669 8194
f 3669 3668 8194
f 8194 3668 3605
f 3658 8197 3656
f 8197 8198 3656
f 3656 8198 3651
f 3648 8193 3642
f 8193 8199 3642
f 3642 8199 3640
f 3650 3655 8193
f 3655 3654 8193
f 8193 3654 8198
f 3654 3652 8198
f 8198 3652 3651
f 3658 3664 8197
f 3664 3663 8197
f 8197 3663 8196
f 3663 3662 8196
f 8196 3662 3661
f 3646 8200 3647
f 8200 8201 3647
f 3647 8201 3789
f 8201 3634 3789
f 3633 8202 3631
f 8202 8203 3631
f 3631 8203 3624
f 3633 3637 8202
f 3637 3636 8202
f 8202 3636 8201
f 3636 3635 8201
f 8201 3635 3634
f 3621 8192 3622
f 8192 8204 3622
f 3622 8204 3623
f 3608 3607 8205
f 3607 3618 8205
f 8205 3618 8204
f 3618 3620 8204
f 8204 3620 3623
f 3630 3629 8192
f 3629 3627 8192
f 8192 3627 8203
f 3627 3625 8203
f 8203 3625 3624
f 8206 8207 8208
f 8207 8209 8208
f 8208 8209 8210
f 8209 8205 8210
f 8210 8205 8211
f 8205 8204 8211
f 8211 8204 8212
f 8204 8192 8212
f 8212 8192 8213
f 8192 8203 8213
f 8213 8203 8214
f 8203 8202 8214
f 8214 8202 8215
f 8202 8201 8215
f 8215 8201 8216
f 8201 8200 8216
f 8216 8200 8217
f 8200 8199 8217
f 8217 8199 8218
f 8199 8193 8218
f 8218 8193 8219
f 8193 8198 8219
f 8219 8198 8220
f 8198 8197 8220
f 8220 8197 8221
f 8197 8196 8221
f 8221 8196 8222
f 8196 8195 8222
f 8222 8195 8223
f 8195 8194 8223
f 3341 8224 3340
f 8224 8225 3340
f 3340 8225 3329
f 8225 3331 3329
f 8226 3291 3290
f 8226 3290 8227
f 3290 3349 8227
f 8227 3349 3351
f 3341 3345 8224
f 3345 3347 8224
f 8224 3347 8226
f 3347 3348 8226
f 8226 3348 3291
f 3361 8228 3354
f 8228 8227 3354
f 3354 8227 3352
f 8227 3351 3352
f 3361 3360 8228
f 3360 3358 8228
f 8228 3358 8229
f 3358 3370 8229
f 3380 8230 3372
f 8230 8231 3372
f 3372 8231 3373
f 8231 3363 3373
f 3370 3369 8229
f 3369 3367 8229
f 8229 3367 8231
f 3367 3365 8231
f 8231 3365 3363
f 3377 3375 8232
f 3380 3379 8230
f 3379 3377 8230
f 8230 3377 8233
f 3377 8232 8233
f 3299 8234 8235
f 3299 8235 3301
f 8235 8107 3301
f 3301 8107 3302
f 3309 8236 3311
f 8236 8237 3311
f 3311 8237 3312
f 8234 3307 8235
f 3307 3306 8235
f 8235 3306 8237
f 3306 3304 8237
f 8237 3304 3312
f 3294 8238 3320
f 8238 8239 3320
f 3320 8239 3313
f 8239 3314 3313
f 3336 8240 3337
f 8240 8241 3337
f 3337 8241 3327
f 3294 3293 8238
f 3293 3323 8238
f 8238 3323 8241
f 3323 3325 8241
f 8241 3325 8242
f 3309 3319 8236
f 3319 3318 8236
f 8236 3318 8239
f 3318 8243 8239
f 8239 8243 3314
f 8111 8112 8235
f 8112 8113 8235
f 8113 8114 8235
f 8235 8114 8107
f 3336 3334 8240
f 3334 3333 8240
f 8240 3333 8225
f 3333 3332 8225
f 8225 3332 3331
f 3614 3617 8209
f 3617 3616 8209
f 8209 3616 8205
f 3616 3615 8205
f 8205 3615 3608
f 3614 8209 3612
f 8209 8207 3612
f 3612 8207 3610
f 3646 3644 8200
f 3644 3643 8200
f 8200 3643 8199
f 3643 3638 8199
f 8199 3638 3640
f 8233 8206 8230
f 8206 8208 8230
f 8230 8208 8231
f 8208 8210 8231
f 8231 8210 8229
f 8210 8211 8229
f 8229 8211 8228
f 8211 8212 8228
f 8228 8212 8227
f 8212 8213 8227
f 8227 8213 8226
f 8213 8214 8226
f 8226 8214 8224
f 8214 8215 8224
f 8224 8215 8225
f 8215 8216 8225
f 8225 8216 8240
f 8216 8217 8240
f 8240 8217 8241
f 8217 8218 8241
f 8241 8218 8238
f 8218 8219 8238
f 8238 8219 8239
f 8219 8220 8239
f 8239 8220 8236
f 8220 8221 8236
f 8236 8221 8237
f 8221 8222 8237
f 8237 8222 8235
f 8222 8223 8235
f 8235 8223 8111
f 8223 8194 8111
f 8111 8194 8109
f 8194 8108 8109
f 8244 8153 8187
f 8245 8246 8247
f 4330 8247 8248
f 8247 8246 8248
f 8248 8246 4332
f 8249 8250 8251
f 8249 8251 8252
f 8253 8254 3984
f 8254 3982 3984
f 3984 3987 8253
f 3987 3986 8253
f 8253 3986 8255
f 3986 3985 8255
f 8255 3985 3920
f 3920 3919 8255
f 3919 3988 8255
f 8255 3988 8256
f 3988 3990 8256
f 8256 3990 3991
f 8257 8258 8259
f 8258 8260 8259
f 8259 8260 8261
f 8261 8262 8263
f 8262 8264 8263
f 8263 8264 8265
f 8264 8266 8265
f 8265 8266 8267
f 8266 8254 8267
f 8267 8254 8268
f 8254 8253 8268
f 8268 8253 8269
f 8253 8255 8269
f 8269 8255 8251
f 8255 8256 8251
f 8251 8256 8252
f 8256 3991 8252
f 8252 3991 2431
f 8270 8271 8272
f 8271 8273 8272
f 8272 8273 8274
f 8275 8244 8276
f 8275 8277 8278
f 8277 8279 8278
f 8278 8279 8280
f 8280 8281 8282
f 8281 8283 8282
f 8282 8283 8270
f 8274 8284 8285
f 8284 8286 8285
f 8285 8286 8257
f 3974 3973 8266
f 3974 8266 3976
f 8266 8264 3976
f 3976 8264 3977
f 8260 3925 3969
f 8261 8260 8262
f 8260 3969 8262
f 8262 3969 3923
f 8286 3931 3967
f 8257 8286 8258
f 8286 3967 8258
f 8258 3967 3929
f 3929 3928 8258
f 3928 3968 8258
f 8258 3968 8260
f 3968 3926 8260
f 8260 3926 3925
f 3923 3922 8262
f 3922 3970 8262
f 8262 3970 8264
f 3970 3972 8264
f 8264 3972 3977
f 8273 3965 3964
f 8274 8273 8284
f 8273 3964 8284
f 8284 3964 3962
f 8283 3952 3957
f 8270 8283 8271
f 8283 3957 8271
f 8271 3957 3935
f 3935 3934 8271
f 3934 3958 8271
f 8271 3958 8273
f 3958 3960 8273
f 8273 3960 3965
f 8279 3944 3949
f 8280 8279 8281
f 8279 3949 8281
f 8281 3949 3951
f 8275 8276 8277
f 8276 3941 8277
f 8277 3941 3943
f 3943 3948 8277
f 3948 3947 8277
f 8277 3947 8279
f 3947 3945 8279
f 8279 3945 3944
f 3951 3956 8281
f 3956 3955 8281
f 8281 3955 8283
f 3955 3953 8283
f 8283 3953 3952
f 3962 3961 8284
f 3961 3966 8284
f 8284 3966 8286
f 3966 3932 8286
f 8286 3932 3931
f 8287 8288 4353
f 8289 8290 4322
f 8289 4322 8291
f 4364 8292 8293
f 8292 8294 8293
f 8293 8294 4360
f 4322 4357 8291
f 4357 8295 8291
f 8291 8295 8294
f 8295 4319 8294
f 8294 4319 4360
f 8287 4353 8296
f 4353 4352 8296
f 8296 4352 8297
f 8297 4355 8296
f 4355 8298 8296
f 8296 8298 8289
f 8298 4422 8289
f 8289 4422 8290
f 4364 4367 8292
f 4367 8299 8292
f 8292 8299 8300
f 8299 4370 8300
f 4370 4371 8300
f 4371 8301 8300
f 8300 8301 8302
f 8301 4379 8302
f 8303 8304 8305
f 8304 4383 8305
f 4379 4378 8302
f 4378 8306 8302
f 8302 8306 8304
f 8306 4316 8304
f 8304 4316 4383
f 8305 4389 8303
f 4389 4388 8303
f 8303 4388 4387
f 4387 4386 8303
f 4386 4392 8303
f 8303 4392 8307
f 4392 4394 8307
f 4394 8308 8307
f 8307 8308 8309
f 8308 4408 8309
f 8309 4408 4406
f 4410 8310 4400
f 8310 8311 4400
f 4400 8311 8312
f 4406 8313 8309
f 8313 4402 8309
f 8309 4402 8311
f 4402 4401 8311
f 8311 4401 8312
f 3406 8154 4415
f 8154 8310 4415
f 4415 8310 8314
f 8310 4410 8314
f 4343 8315 4336
f 8315 8316 4336
f 4336 8316 8317
f 8316 4339 8317
f 8318 8316 4340
f 8316 8319 4340
f 4340 8319 8320
f 4330 8321 8247
f 8321 4328 8247
f 8247 4328 8319
f 4328 4333 8319
f 8319 4333 8320
f 4343 8322 8315
f 8322 4346 8315
f 8315 4346 8287
f 4346 4349 8287
f 8287 4349 8288
f 8244 8187 8276
f 8187 3084 8276
f 8276 3084 3937
f 3937 3939 8276
f 3939 3940 8276
f 8276 3940 3941
f 3973 3981 8266
f 3981 3980 8266
f 8266 3980 8254
f 3980 3979 8254
f 8254 3979 3982
f 8154 8153 8310
f 8153 8244 8310
f 8310 8244 8311
f 8244 8275 8311
f 8311 8275 8309
f 8275 8278 8309
f 8309 8278 8307
f 8278 8280 8307
f 8307 8280 8303
f 8280 8282 8303
f 8303 8282 8304
f 8282 8270 8304
f 8304 8270 8302
f 8270 8272 8302
f 8302 8272 8300
f 8272 8274 8300
f 8300 8274 8292
f 8274 8285 8292
f 8292 8285 8294
f 8285 8257 8294
f 8294 8257 8291
f 8257 8259 8291
f 8291 8259 8289
f 8259 8261 8289
f 8289 8261 8296
f 8261 8263 8296
f 8296 8263 8287
f 8263 8265 8287
f 8287 8265 8315
f 8265 8267 8315
f 8315 8267 8316
f 8267 8268 8316
f 8316 8268 8319
f 8268 8269 8319
f 8319 8269 8247
f 8269 8251 8247
f 8247 8251 8245
f 8251 8250 8245
f 4685 4694 8323
f 8324 8206 8233
f 8325 8326 8327
f 8328 8329 8330
f 4313 4315 8331
f 4310 4313 8328
f 4313 8331 8328
f 8328 8331 8329
f 4303 8332 4305
f 8332 8333 4305
f 4305 8333 4306
f 4303 4301 8332
f 4301 4312 8332
f 8332 4312 8328
f 4312 4311 8328
f 8328 4311 4310
f 4290 8334 8335
f 8334 8336 8335
f 8335 8336 4278
f 8336 4279 4278
f 4284 8337 4287
f 8337 8334 4287
f 4287 8334 4288
f 8334 4290 4288
f 4284 4282 8337
f 4282 4294 8337
f 8337 4294 8338
f 4294 4299 8338
f 8338 4299 4298
f 4298 4296 8338
f 4296 4295 8338
f 8338 4295 8333
f 4295 4307 8333
f 8333 4307 4306
f 8330 8325 8328
f 8325 8327 8328
f 8328 8327 8332
f 8327 8339 8332
f 8332 8339 8333
f 8339 8340 8333
f 8333 8340 8338
f 8340 8341 8338
f 8338 8341 8337
f 8341 8342 8337
f 8337 8342 8334
f 8342 8343 8334
f 8334 8343 8336
f 8343 8344 8336
f 8336 8344 8345
f 8344 8346 8345
f 8345 8346 8347
f 8346 8348 8347
f 8347 8348 8349
f 8350 8324 8351
f 8352 8353 8354
f 8354 8353 8355
f 8353 8356 8355
f 8355 8356 8357
f 8356 8358 8357
f 8357 8358 8359
f 4277 8345 4271
f 8345 8347 4271
f 4271 8347 4272
f 8347 4267 4272
f 4260 4261 8349
f 8348 8359 8349
f 8359 8358 8349
f 8349 8358 4260
f 8358 4258 4260
f 4261 4262 8349
f 4262 4264 8349
f 8349 4264 8347
f 4264 4265 8347
f 8347 4265 4267
f 8353 4241 4240
f 8353 4240 8356
f 4240 4239 8356
f 8356 4239 4250
f 4247 8352 4231
f 8352 4237 4231
f 8354 8350 8352
f 8350 8351 8352
f 8352 8351 4237
f 8351 4236 4237
f 4247 4246 8352
f 4246 4244 8352
f 8352 4244 8353
f 4244 4242 8353
f 8353 4242 4241
f 4250 4252 8356
f 4252 4254 8356
f 8356 4254 8358
f 4254 4255 8358
f 8358 4255 4258
f 4684 8360 4681
f 8360 8361 4681
f 4681 8361 4679
f 8361 4638 4679
f 4685 8323 4686
f 8323 8362 4686
f 4686 8362 4688
f 4684 4683 8360
f 4683 4682 8360
f 8360 4682 8362
f 4682 4689 8362
f 8362 4689 4688
f 4697 8363 4691
f 8363 8323 4691
f 4691 8323 4693
f 8323 4694 4693
f 4697 4696 8363
f 4696 4695 8363
f 8363 4695 8364
f 4695 4704 8364
f 4705 8365 4706
f 8365 8366 4706
f 4706 8366 4707
f 8366 4698 4707
f 4704 4703 8364
f 4703 8367 8364
f 8364 8367 8366
f 8367 4699 8366
f 8366 4699 4698
f 4705 4708 8365
f 4708 4710 8365
f 8365 4710 8207
f 4710 3610 8207
f 8368 4643 4649
f 4647 8369 4649
f 8369 8370 4649
f 4649 8370 8368
f 4659 4658 8371
f 4658 8372 8371
f 8371 8372 8373
f 8372 4655 8373
f 4647 4646 8369
f 4646 4652 8369
f 8369 4652 8371
f 4652 4654 8371
f 8371 4654 4659
f 8374 4660 4665
f 8374 4665 8375
f 4665 4667 8375
f 8375 4667 4672
f 4678 8376 4674
f 8376 8377 4674
f 4674 8377 4675
f 4672 4671 8375
f 4671 4669 8375
f 8375 4669 8377
f 4669 4668 8377
f 8377 4668 4675
f 4655 4664 8373
f 4664 4663 8373
f 8373 4663 8374
f 4663 4661 8374
f 8374 4661 4660
f 4678 4677 8376
f 4677 4676 8376
f 8376 4676 8361
f 4676 4639 8361
f 8361 4639 4638
f 3375 4228 8351
f 4228 4234 8351
f 8351 4234 4236
f 8324 8233 8351
f 8233 8232 8351
f 8351 8232 3375
f 4277 4276 8345
f 4276 4274 8345
f 8345 4274 8336
f 4274 4280 8336
f 8336 4280 4279
f 8207 8206 8365
f 8206 8324 8365
f 8365 8324 8366
f 8324 8350 8366
f 8366 8350 8364
f 8350 8354 8364
f 8364 8354 8363
f 8354 8355 8363
f 8363 8355 8323
f 8355 8357 8323
f 8323 8357 8362
f 8357 8359 8362
f 8362 8359 8360
f 8359 8348 8360
f 8360 8348 8361
f 8348 8346 8361
f 8361 8346 8376
f 8346 8344 8376
f 8376 8344 8377
f 8344 8343 8377
f 8377 8343 8375
f 8343 8342 8375
f 8375 8342 8374
f 8342 8341 8374
f 8374 8341 8373
f 8341 8340 8373
f 8373 8340 8371
f 8340 8339 8371
f 8371 8339 8369
f 8339 8327 8369
f 8369 8327 8370
f 8327 8326 8370
f 2433 2435 8378
f 2431 2433 8252
f 2433 8379 8252
f 8252 8379 8249
f 8379 8380 8249
f 8249 8380 8250
f 8380 8381 8250
f 8250 8381 8382
f 8383 8384 8382
f 8384 8245 8382
f 8382 8245 8250
f 8385 4507 4530
f 4531 4332 8384
f 8383 8386 8384
f 8386 8385 8384
f 8384 8385 4531
f 8385 4530 4531
f 4644 4643 8368
f 8387 4137 4651
f 4644 8368 4645
f 4651 4650 8387
f 4650 8388 8387
f 8387 8388 4641
f 4641 4645 8387
f 4645 8368 8387
f 8387 8368 8389
f 8368 8370 8389
f 8389 8370 8390
f 8370 8326 8390
f 8390 8326 8391
f 8326 8325 8391
f 8391 8325 8392
f 8325 8330 8392
f 8392 8330 8393
f 8330 8329 8393
f 8393 8329 8394
f 8329 8331 8394
f 8331 4315 8394
f 8394 4315 4440
f 2435 2442 8378
f 2442 8395 8378
f 8378 8395 8396
f 8395 8397 8396
f 8396 8397 8381
f 8397 8398 8381
f 8381 8398 8382
f 8398 8399 8382
f 8382 8399 8383
f 8399 8400 8383
f 8383 8400 8386
f 8400 8401 8386
f 8386 8401 8402
f 8401 8403 8402
f 8402 8403 4507
f 8403 4508 4507
f 4471 4470 8404
f 8405 8406 8407
f 8387 8389 8408
f 4131 4139 8408
f 4139 4138 8408
f 8408 4138 8387
f 4138 4137 8387
f 4131 8408 8409
f 8408 8410 8409
f 8409 8410 4134
f 8411 4127 4130
f 4130 4129 8411
f 4129 4128 8411
f 8411 4128 8410
f 4128 4135 8410
f 8410 4135 4134
f 4127 8411 8412
f 8411 8413 8412
f 8412 8413 4121
f 4117 4116 8414
f 4116 4124 8414
f 8414 4124 8413
f 4124 4122 8413
f 8413 4122 4121
f 4117 8414 4119
f 8414 8415 4119
f 4119 8415 4120
f 4109 8416 8417
f 8416 4113 8417
f 8417 4113 8415
f 4113 4115 8415
f 8415 4115 4120
f 4109 8417 4111
f 8417 8418 4111
f 4111 8418 8419
f 4101 8420 8421
f 8420 4105 8421
f 8421 4105 8418
f 4105 4107 8418
f 8418 4107 8419
f 4096 8422 8423
f 8422 4104 8423
f 8423 4104 8421
f 4104 4103 8421
f 8421 4103 4101
f 4096 8423 4098
f 8423 8424 4098
f 4098 8424 8425
f 4091 8426 8427
f 8426 4092 8427
f 8427 4092 8424
f 4092 8428 8424
f 8424 8428 8425
f 4091 8427 4081
f 8427 8429 4081
f 4081 8429 8430
f 4084 8431 8432
f 8431 4087 8432
f 8432 4087 8429
f 4087 4086 8429
f 8429 4086 8430
f 8401 8400 8433
f 4508 8434 4512
f 8434 8435 4512
f 4512 8435 4513
f 4497 8436 4499
f 8436 8437 4499
f 4499 8437 4501
f 4497 4518 8436
f 4518 4517 8436
f 8436 4517 8435
f 4517 4515 8435
f 8435 4515 4513
f 8438 4484 4494
f 8438 4494 8439
f 4494 4492 8439
f 8439 4492 4490
f 4483 8440 4482
f 8440 8441 4482
f 4482 8441 4431
f 4483 4488 8440
f 4488 4487 8440
f 8440 4487 8438
f 4487 4485 8438
f 8438 4485 4484
f 4490 4506 8439
f 4506 4505 8439
f 8439 4505 8437
f 4505 4503 8437
f 8437 4503 4501
f 8407 8406 8442
f 8406 8443 8442
f 8442 8443 8444
f 8444 8445 8446
f 8445 8447 8446
f 8446 8447 8448
f 8447 8404 8448
f 8448 8404 8449
f 8404 8450 8449
f 8449 8450 8451
f 8450 8441 8451
f 8451 8441 8452
f 8441 8440 8452
f 8452 8440 8453
f 8440 8438 8453
f 8453 8438 8454
f 8438 8439 8454
f 8454 8439 8455
f 8439 8437 8455
f 8455 8437 8456
f 8437 8436 8456
f 8456 8436 8433
f 8436 8435 8433
f 8433 8435 8401
f 8435 8434 8401
f 4471 8404 4465
f 8404 8447 4465
f 4465 8447 4466
f 4470 4468 8404
f 4468 4474 8404
f 8404 4474 8450
f 4474 4476 8450
f 8443 4454 4456
f 8444 8443 8445
f 8443 4456 8445
f 8445 4456 4435
f 8405 4444 8406
f 4444 4446 8406
f 8406 4446 4453
f 4453 4447 8406
f 4447 4449 8406
f 8406 4449 8443
f 4449 4451 8443
f 8443 4451 4454
f 4435 4434 8445
f 4434 4459 8445
f 8445 4459 8447
f 4459 4461 8447
f 8447 4461 4466
f 8407 8457 8405
f 8457 8390 8405
f 8405 8390 8391
f 8399 8398 8432
f 2442 4084 8395
f 4084 8432 8395
f 8395 8432 8458
f 8432 8398 8458
f 4441 4438 8405
f 4438 4437 8405
f 8405 4437 4444
f 8391 8392 8405
f 8392 8393 8405
f 8405 8393 4441
f 8393 8394 4441
f 4441 8394 4440
f 4476 4477 8450
f 4477 4479 8450
f 8450 4479 8441
f 4479 4432 8441
f 8441 4432 4431
f 8389 8390 8408
f 8390 8457 8408
f 8408 8457 8410
f 8457 8407 8410
f 8410 8407 8411
f 8407 8442 8411
f 8411 8442 8413
f 8442 8444 8413
f 8413 8444 8414
f 8444 8446 8414
f 8414 8446 8415
f 8446 8448 8415
f 8415 8448 8417
f 8448 8449 8417
f 8417 8449 8418
f 8449 8451 8418
f 8418 8451 8421
f 8451 8452 8421
f 8421 8452 8423
f 8452 8453 8423
f 8423 8453 8424
f 8453 8454 8424
f 8424 8454 8427
f 8454 8455 8427
f 8427 8455 8429
f 8455 8456 8429
f 8429 8456 8432
f 8456 8433 8432
f 8432 8433 8399
f 8433 8400 8399
f 8459 8460 8461
f 4902 4925 8462
f 4923 4922 8463
f 4926 4928 8464
f 4928 4905 8464
f 4923 8463 4924
f 4902 8462 4903
f 8465 4921 4903
f 8466 8467 8462
f 8467 8468 8462
f 8462 8468 4903
f 8468 8469 4903
f 4903 8469 8465
f 8460 8470 8461
f 8470 8471 8461
f 8461 8471 8472
f 8471 8466 8472
f 8472 8466 8473
f 8466 8462 8473
f 8474 8475 8459
f 8476 8477 8474
f 8477 8478 8474
f 8474 8478 8475
f 4905 8479 8464
f 8479 8480 8464
f 8464 8480 8481
f 8480 8482 8481
f 8481 8482 8483
f 8484 8485 8483
f 8485 8486 8483
f 8483 8486 8481
f 8486 8487 8481
f 8481 8487 8464
f 8487 8463 8464
f 8464 8463 4926
f 8463 4922 4926
f 4925 4924 8462
f 4924 8463 8462
f 8462 8463 8473
f 8463 8487 8473
f 8473 8487 8472
f 8487 8486 8472
f 8472 8486 8461
f 8486 8485 8461
f 8461 8485 8459
f 8485 8488 8459
f 8459 8488 8474
f 8484 8489 8485
f 8489 8490 8485
f 8485 8490 8488
f 8490 8491 8488
f 8488 8491 8474
f 8491 8492 8474
f 8474 8492 8476
f 8492 8493 8476
f 8476 8493 2713
f 8493 8494 2713
f 2713 8494 2715
f 8494 2716 2715
f 2890 2886 8495
f 2703 2716 8494
f 2704 2703 8496
f 2703 8494 8496
f 8496 8494 8497
f 8494 8493 8497
f 8497 8493 8498
f 8493 8492 8498
f 8498 8492 8499
f 8492 8491 8499
f 8500 8501 8491
f 8501 8502 8491
f 8491 8502 8499
f 8489 8484 8503
f 8491 8490 8500
f 8490 8489 8500
f 8500 8489 8504
f 8489 8503 8504
f 8484 8483 8503
f 8483 8482 8503
f 8503 8482 8505
f 2895 2896 8479
f 2896 2897 8479
f 2897 2890 8479
f 2890 8495 8479
f 8479 8495 8480
f 8495 8506 8480
f 8480 8506 8482
f 8506 8507 8482
f 8482 8507 8505
f 8505 8507 8508
f 8501 8509 8510
f 2704 8496 8511
f 2707 2706 8511
f 2706 8512 8511
f 8511 8512 2704
f 8513 8514 2700
f 8514 8515 2700
f 2700 8515 2699
f 8496 8497 8511
f 8497 8498 8511
f 8511 8498 8516
f 8498 8499 8516
f 8516 8499 8510
f 8499 8502 8510
f 8510 8502 8501
f 2872 8517 8518
f 8517 2865 8518
f 8518 2865 2863
f 2863 8519 8518
f 8519 8520 8518
f 8518 8520 8521
f 8520 8522 8521
f 8521 8522 8523
f 8524 2872 8525
f 2872 8518 8525
f 8525 8518 8526
f 8518 8521 8526
f 8526 8521 8527
f 8521 8523 8527
f 8527 8523 8528
f 8523 8529 8528
f 8528 8529 8530
f 8529 8531 8530
f 8530 8531 8532
f 8531 8533 8532
f 8532 8533 8534
f 8533 8535 8534
f 8534 8535 2702
f 2882 8536 2884
f 8536 8495 2884
f 2884 8495 2886
f 8537 2878 8525
f 2878 2877 8525
f 8525 2877 8524
f 8508 8507 8536
f 8507 8506 8536
f 8536 8506 8495
f 8505 8508 8503
f 8508 8538 8503
f 8503 8538 8539
f 8509 8501 8538
f 8501 8500 8538
f 8538 8500 8539
f 8522 8540 8523
f 8540 8541 8523
f 8523 8541 8529
f 8541 8542 8529
f 8529 8542 8531
f 8542 8543 8531
f 8531 8543 8533
f 8543 8514 8533
f 8533 8514 8535
f 8514 8513 8535
f 8535 8513 2702
f 2702 2707 8534
f 2707 8511 8534
f 8534 8511 8532
f 8511 8516 8532
f 8532 8516 8530
f 8516 8510 8530
f 8530 8510 8528
f 8510 8509 8528
f 8528 8509 8527
f 8509 8538 8527
f 8527 8538 8526
f 8538 8508 8526
f 8526 8508 8525
f 8508 8536 8525
f 8525 8536 8537
f 8536 2882 8537
f 2859 2858 8544
f 2855 2852 8545
f 8546 8547 8548
f 2695 2699 8515
f 8549 8550 2562
f 2695 8515 2632
f 2562 2583 8549
f 2583 2634 8549
f 8549 2634 2632
f 8551 2460 2451
f 8551 2451 8552
f 2451 2478 8552
f 8552 2478 2538
f 8553 8554 8555
f 8554 8556 8555
f 8555 8556 8557
f 8556 8558 8557
f 8557 8558 8559
f 8558 8560 8559
f 8559 8560 8561
f 8560 8552 8561
f 8561 8552 8549
f 8552 2538 8549
f 8549 2538 8550
f 8548 8547 8555
f 8547 8562 8555
f 8555 8562 8553
f 2858 2855 8544
f 2855 8545 8544
f 8544 8545 8548
f 8545 8563 8548
f 8548 8563 8546
f 2859 8544 2861
f 8544 8519 2861
f 2861 8519 2863
f 2632 8515 8549
f 8515 8514 8549
f 8549 8514 8561
f 8514 8543 8561
f 8561 8543 8559
f 8543 8542 8559
f 8559 8542 8557
f 8542 8541 8557
f 8557 8541 8555
f 8541 8540 8555
f 8555 8540 8548
f 8540 8522 8548
f 8548 8522 8544
f 8522 8520 8544
f 8544 8520 8519
f 8564 8565 8566
f 8567 2836 8568
f 8569 2830 8570
f 8571 8572 8573
f 2458 8574 8575
f 2458 8575 2457
f 2717 8576 8577
f 8576 2456 8577
f 2718 2717 8578
f 2717 8577 8578
f 8578 8577 8579
f 8577 8580 8579
f 8579 8580 8581
f 8572 8571 8582
f 8583 2825 8584
f 2825 8585 8584
f 8584 8585 8586
f 8585 8587 8586
f 8586 8587 8588
f 8587 8589 8588
f 8588 8589 8571
f 8589 8590 8571
f 8571 8590 8582
f 8569 8570 8591
f 2840 8565 2842
f 8565 8564 2842
f 2842 8564 8592
f 8564 2845 8592
f 8593 2849 2847
f 2849 8593 2851
f 8574 2460 8575
f 2460 8551 8575
f 8575 8551 8594
f 8551 8552 8594
f 2836 8591 8568
f 8591 8570 8568
f 8568 8570 8595
f 8570 8596 8595
f 8595 8596 8597
f 2830 8583 8570
f 8583 8584 8570
f 8570 8584 8596
f 8584 8586 8596
f 8596 8586 8597
f 8586 8588 8597
f 8597 8588 8598
f 8588 8571 8598
f 8598 8571 8580
f 8571 8573 8580
f 8580 8573 8581
f 2840 8567 8565
f 8567 8568 8565
f 8565 8568 8566
f 8568 8595 8566
f 8566 8595 8599
f 8595 8597 8599
f 8599 8597 8600
f 8597 8598 8600
f 8600 8598 8601
f 8598 8580 8601
f 8601 8580 8602
f 8580 8577 8602
f 8602 8577 8603
f 8577 2456 8603
f 8603 2456 8604
f 2852 2851 8545
f 2851 8593 8545
f 8545 8593 8563
f 8593 8546 8563
f 8552 8560 8594
f 8560 8558 8594
f 8594 8558 8605
f 8558 8556 8605
f 8605 8556 8606
f 8556 8554 8606
f 8606 8554 8607
f 8554 8553 8607
f 8607 8553 8608
f 8553 8562 8608
f 8608 8562 8593
f 8562 8547 8593
f 8593 8547 8546
f 8604 2457 8603
f 2457 8575 8603
f 8603 8575 8602
f 8575 8594 8602
f 8602 8594 8601
f 8594 8605 8601
f 8601 8605 8600
f 8605 8606 8600
f 8600 8606 8599
f 8606 8607 8599
f 8599 8607 8566
f 8607 8608 8566
f 8566 8608 8564
f 8608 8593 8564
f 8564 8593 2845
f 8593 2847 2845
f 8609 8610 8611
f 2925 2929 8612
f 2933 2937 8613
f 8614 2931 2930
f 2931 8614 8615
f 2929 8615 8612
f 8615 8614 8612
f 8612 8614 8616
f 2924 2928 8617
f 8617 2928 8618
f 2928 2927 8618
f 8618 2927 2926
f 8619 8620 8617
f 2821 2924 8621
f 2924 8617 8621
f 8621 8617 8622
f 8617 8620 8622
f 8617 8623 8619
f 8623 8624 8619
f 8619 8624 8625
f 2720 8626 2443
f 8626 8627 2443
f 2443 8627 8628
f 8629 2443 8630
f 2443 8628 8630
f 8630 8628 8624
f 8628 8631 8624
f 8624 8631 8625
f 8609 8611 8632
f 8633 8634 8635
f 8634 8636 8635
f 8635 8636 8637
f 8636 8638 8637
f 8637 8638 8639
f 8640 8641 8633
f 8641 8642 8633
f 8633 8642 8634
f 8610 8643 8611
f 8643 8644 8611
f 8611 8644 8645
f 8644 8616 8645
f 8616 8614 8645
f 8645 8614 8613
f 8614 2930 8613
f 8613 2930 2933
f 2939 8640 2934
f 8640 8633 2934
f 2934 8633 2935
f 8633 2936 2935
f 8638 8632 8639
f 8632 8611 8639
f 8639 8611 8637
f 8611 8645 8637
f 8637 8645 8635
f 8645 8613 8635
f 8635 8613 8633
f 8613 2937 8633
f 8633 2937 2936
f 8646 8629 8610
f 8629 8630 8610
f 8610 8630 8643
f 8630 8624 8643
f 8643 8624 8644
f 8624 8623 8644
f 8644 8623 8616
f 8623 8617 8616
f 8616 8617 8612
f 8617 8618 8612
f 8612 8618 2925
f 8618 2926 2925
f 2821 8621 2823
f 8621 8589 2823
f 8589 8587 2823
f 8587 8585 2823
f 2823 8585 2825
f 2719 2718 8578
f 2720 2719 8626
f 2719 8578 8626
f 8626 8578 8627
f 8578 8579 8627
f 8627 8579 8628
f 8579 8581 8628
f 8581 8573 8628
f 8628 8573 8631
f 8573 8572 8631
f 8631 8572 8647
f 8572 8582 8647
f 8647 8582 8648
f 8582 8590 8648
f 8648 8590 8620
f 8590 8589 8620
f 8620 8589 8622
f 8589 8621 8622
f 8649 910 8650
f 910 8651 8650
f 910 8652 8651
f 8652 8653 8651
f 8654 8655 8656
f 8655 8657 8656
f 8658 8659 8660
f 8659 8661 8660
f 8662 8663 8664
f 8663 8665 8664
f 8666 8662 8667
f 8662 8664 8667
f 8668 8669 8670
f 8669 8671 8670
f 8670 8671 8672
f 8671 8673 8672
f 8674 8675 8676
f 8675 8677 8676
f 8676 8677 8678
f 8679 8680 8681
f 8680 8682 8681
f 758 8683 756
f 8683 8684 756
f 756 8684 1244
f 8685 8686 8687
f 8686 8688 8687
f 8689 8690 8691
f 8690 8692 8691
f 8693 8694 8695
f 344 343 8696
f 343 8693 8696
f 8696 8693 8697
f 8693 8695 8697
f 8698 8699 8700
f 8698 8700 8701
f 8700 8702 8701
f 8701 8702 8703
f 8702 8704 8703
f 8704 8705 8703
f 8703 8705 8706
f 8705 8707 8706
f 8705 8708 8707
f 8708 8709 8707
f 8707 8709 8710
f 8709 8711 8710
f 8710 8711 8712
f 8711 8713 8712
f 8712 8713 8714
f 8713 8715 8714
f 8714 8715 8716
f 8715 8717 8716
f 8717 8718 8716
f 8716 8718 8719
f 8718 8720 8719
f 8719 8720 8721
f 8720 8722 8721
f 8721 8722 8723
f 8722 8724 8723
f 8723 8724 8725
f 8724 8726 8725
f 8725 8726 8727
f 8726 8728 8727
f 8728 8729 8727
f 8727 8729 8730
f 8729 8731 8730
f 8730 8731 8732
f 8731 8733 8732
f 8733 8734 8732
f 8732 8734 8735
f 8734 8736 8735
f 8735 8736 8737
f 8736 8738 8737
f 8737 8738 8739
f 8738 8740 8739
f 8739 8740 8741
f 8740 8742 8741
f 8741 8742 8743
f 8742 8744 8743
f 8743 8744 8745
f 8744 8746 8745
f 8745 8746 8747
f 8747 8748 8745
f 8748 8749 8745
f 8745 8749 8750
f 8749 8751 8750
f 8750 8751 8752
f 8751 8753 8752
f 8754 8755 8756
f 8755 8757 8756
f 8756 8757 8758
f 8757 8759 8758
f 8758 8759 8760
f 8759 8753 8760
f 8760 8753 8761
f 8753 8762 8761
f 8754 8763 8755
f 8763 8764 8755
f 8755 8764 8765
f 8764 8766 8765
f 8765 8766 8767
f 8766 8768 8767
f 8768 8769 8767
f 8767 8769 8770
f 8769 8771 8770
f 8771 8772 8770
f 8770 8772 8773
f 8772 8774 8773
f 8774 8775 8773
f 8773 8775 8776
f 8775 8777 8776
f 8777 8778 8776
f 8776 8778 8779
f 8778 8780 8779
f 8779 8780 8781
f 8782 8783 8784
f 8781 8785 8779
f 8785 8786 8779
f 8779 8786 8784
f 8786 8787 8784
f 8784 8787 8782
f 8788 8789 8790
f 8790 8791 8788
f 8791 8792 8788
f 8788 8792 8793
f 8792 8794 8793
f 8794 8795 8793
f 8795 8796 8793
f 8793 8796 8797
f 8797 8798 8793
f 8798 8799 8793
f 8793 8799 8800
f 8801 8802 8793
f 8802 8803 8793
f 8793 8803 8694
f 8803 8804 8694
f 8694 8804 8805
f 8805 8806 8694
f 8806 8807 8694
f 8694 8807 8695
f 8783 8808 8784
f 8808 8809 8784
f 8784 8809 8788
f 8809 8810 8788
f 8788 8810 8789
f 8811 8812 8813
f 8812 8814 8813
f 8814 8815 8813
f 8815 8816 8813
f 8813 8816 8817
f 8816 8818 8817
f 8818 8819 8817
f 8819 8820 8817
f 8817 8820 8821
f 8821 8822 8817
f 8822 8823 8817
f 8817 8823 8824
f 8823 8825 8824
f 8824 8825 8826
f 8826 8827 8824
f 8827 8828 8824
f 8824 8828 8829
f 8828 8830 8829
f 8830 8831 8829
f 8831 8832 8829
f 8829 8832 8833
f 8832 8834 8833
f 8833 8834 8835
f 8835 8836 8833
f 8836 8837 8833
f 8833 8837 8838
f 8839 8840 8841
f 8840 8838 8841
f 8841 8838 8842
f 8838 8837 8842
f 8843 8844 8845
f 8844 8846 8845
f 8845 8846 8847
f 8846 8840 8847
f 8847 8840 8848
f 8840 8839 8848
f 8849 8850 8851
f 8850 8844 8851
f 8851 8844 8852
f 8844 8843 8852
f 8853 8854 8849
f 8854 8855 8849
f 8849 8855 8850
f 8853 8856 8854
f 8856 8857 8854
f 8854 8857 8858
f 8857 8859 8858
f 8858 8859 8860
f 8859 8861 8860
f 8859 8862 8861
f 8862 8863 8861
f 8861 8863 8864
f 8863 8865 8864
f 8864 8865 8866
f 8865 8867 8866
f 8866 8867 8868
f 8867 8869 8868
f 8868 8869 8870
f 8869 8871 8870
f 8870 8871 8872
f 8871 8873 8872
f 8872 8873 8874
f 8873 8875 8874
f 8874 8875 8876
f 8875 8877 8876
f 8876 8877 8878
f 8877 8879 8878
f 8878 8879 8880
f 8879 8881 8880
f 8881 8882 8880
f 8880 8882 8883
f 8882 8884 8883
f 8883 8884 8885
f 8884 8886 8885
f 8885 8886 8887
f 8886 8888 8887
f 8887 8888 8889
f 8888 8890 8889
f 8889 8890 8891
f 8890 8892 8891
f 8891 8892 8893
f 8893 8892 8894
f 8892 8895 8894
f 8894 8895 8896
f 8895 8897 8896
f 8896 8897 8898
f 8897 8899 8898
f 8899 8900 8898
f 8898 8900 8901
f 8900 8902 8901
f 8903 8904 8905
f 8904 8902 8905
f 8905 8902 8906
f 8902 8900 8906
f 8907 8908 8909
f 8908 8910 8909
f 8909 8910 8911
f 8910 8912 8911
f 8911 8912 8913
f 8912 8914 8913
f 8913 8914 8915
f 8914 8916 8915
f 8915 8916 8917
f 8916 8918 8917
f 8917 8918 8919
f 8918 8920 8919
f 8919 8920 8921
f 8920 8922 8921
f 8921 8922 8923
f 8922 8924 8923
f 8923 8924 8925
f 8924 8926 8925
f 8925 8926 8903
f 8926 8927 8903
f 8903 8927 8904
f 8909 8928 8907
f 8928 8929 8907
f 8907 8929 8930
f 8929 8931 8930
f 8930 8931 8932
f 8932 8931 8933
f 8931 8699 8933
f 8933 8699 8698
f 8934 8935 8936
f 8935 8937 8936
f 8938 8939 8940
f 8939 8941 8940
f 8940 8941 8942
f 8941 8943 8942
f 8942 8943 8944
f 8944 8943 8945
f 8943 8946 8945
f 8945 8946 8947
f 8946 8948 8947
f 8947 8948 8949
f 8948 8950 8949
f 8949 8950 8951
f 8951 8950 8952
f 8950 8953 8952
f 8952 8953 8954
f 8953 8955 8954
f 8955 8956 8954
f 8954 8956 8957
f 8957 8956 8958
f 8956 8959 8958
f 8958 8959 8960
f 8959 8961 8960
f 8960 8961 8962
f 361 363 8963
f 363 8964 8963
f 8963 8964 8965
f 8964 8966 8965
f 8965 8966 8967
f 8966 8968 8967
f 8967 8968 8962
f 8968 8969 8962
f 8962 8969 8960
f 8970 426 425
f 8970 425 8971
f 425 8972 8971
f 8971 8972 8973
f 8972 8974 8973
f 8973 8974 8975
f 8975 8974 8976
f 8974 8977 8976
f 8976 8977 8978
f 8977 8979 8978
f 8979 8980 8978
f 8978 8980 8981
f 8980 8982 8981
f 8981 8982 8983
f 8982 8984 8983
f 8983 8984 8985
f 8985 8984 8986
f 8984 8987 8986
f 8986 8987 8988
f 8987 8989 8988
f 8988 8989 8990
f 8989 8991 8990
f 8991 8992 8990
f 8990 8992 8993
f 8992 8994 8993
f 8993 8994 8995
f 8994 8996 8995
f 8994 8997 8996
f 8997 8998 8996
f 8996 8998 8999
f 8999 8998 9000
f 8998 8939 9000
f 9000 8939 8938
f 9001 9002 9003
f 9002 9004 9003
f 9003 9004 9005
f 9004 9006 9005
f 510 9007 9008
f 9007 9002 9008
f 9008 9002 9009
f 9002 9001 9009
f 9010 9011 9012
f 9011 9013 9012
f 9013 9011 9014
f 9011 9015 9014
f 9014 9015 9016
f 9015 9017 9016
f 9016 9017 9018
f 9017 9019 9018
f 9018 9019 9020
f 9020 9019 9021
f 9019 9022 9021
f 9021 9022 9023
f 9022 9024 9023
f 9023 9024 9025
f 9024 9026 9025
f 9025 9026 9027
f 9026 9006 9027
f 9027 9006 9004
f 9028 9029 9030
f 9031 9032 9033
f 9033 9034 9031
f 9034 9035 9031
f 9031 9035 9036
f 9035 9037 9036
f 9036 9037 9038
f 9037 9039 9038
f 9037 9040 9039
f 9040 9041 9039
f 9039 9041 9042
f 9041 9043 9042
f 9042 9043 9044
f 9044 9043 9045
f 9043 9046 9045
f 9045 9046 9047
f 9046 9048 9047
f 9047 9048 9049
f 9029 9028 9050
f 9028 9051 9050
f 9050 9051 9052
f 9051 9053 9052
f 9052 9053 9049
f 9053 9054 9049
f 9049 9054 9047
f 9055 9056 9057
f 9056 9058 9057
f 9057 9058 9059
f 9058 9060 9059
f 9059 9060 9061
f 9060 9062 9061
f 9061 9062 9030
f 9062 9063 9030
f 9030 9063 9028
f 9064 9065 9066
f 9065 9067 9066
f 9066 9067 9068
f 9067 9055 9068
f 9068 9055 9069
f 9055 9057 9069
f 9066 9070 9064
f 9070 9071 9064
f 9064 9071 9072
f 9071 9073 9072
f 9072 9073 9074
f 9073 9075 9074
f 9074 9075 9076
f 9076 9075 9077
f 9075 9078 9077
f 9077 9078 9079
f 9078 9011 9079
f 9079 9011 9010
f 9080 9081 9082
f 9033 9032 9083
f 9032 9084 9083
f 9083 9084 9085
f 9084 9086 9085
f 9085 9086 9087
f 9086 9088 9087
f 9087 9088 9089
f 9088 9090 9089
f 9089 9090 9091
f 9090 9092 9091
f 9092 9093 9091
f 9091 9093 9094
f 9093 9095 9094
f 9094 9095 9096
f 9095 9097 9096
f 9098 9099 9100
f 9095 9101 9097
f 9101 9102 9097
f 9097 9102 9100
f 9102 9103 9100
f 9100 9103 9098
f 9099 9098 9104
f 9098 9105 9104
f 9104 9105 9106
f 9105 9107 9106
f 9106 9107 9108
f 9109 9110 9111
f 9110 9112 9111
f 9107 9113 9108
f 9113 9114 9108
f 9108 9114 9115
f 9114 9116 9115
f 9115 9116 9117
f 9116 9118 9117
f 9117 9118 9119
f 9118 9120 9119
f 9119 9120 9121
f 9120 9122 9121
f 9121 9122 9123
f 9122 9124 9123
f 9123 9124 9125
f 9124 9126 9125
f 9125 9126 9127
f 9126 9128 9127
f 9127 9128 9112
f 9128 9129 9112
f 9112 9129 9111
f 9130 9131 9132
f 9131 9133 9132
f 9111 9134 9109
f 9134 9135 9109
f 9109 9135 9136
f 9135 9132 9136
f 9136 9132 9137
f 9132 9133 9137
f 9130 9138 9131
f 9138 9139 9131
f 9131 9139 9140
f 9139 9141 9140
f 9140 9141 9142
f 9082 9081 9143
f 9142 9141 9144
f 9141 9145 9144
f 9144 9145 9081
f 9145 9146 9081
f 9081 9146 9143
f 9147 9148 9149
f 9148 9150 9149
f 9080 9082 9151
f 9082 9152 9151
f 9151 9152 9153
f 9152 9154 9153
f 9153 9154 9155
f 9154 9156 9155
f 9155 9156 9150
f 9156 9157 9150
f 9150 9157 9149
f 9158 9159 9160
f 9160 9161 9158
f 9161 9162 9158
f 9158 9162 9163
f 9162 9164 9163
f 9163 9164 9165
f 9164 9166 9165
f 9165 9166 9167
f 9166 9168 9167
f 9167 9168 9147
f 9168 9169 9147
f 9147 9169 9148
f 9170 9171 9159
f 9171 9172 9159
f 9159 9172 9160
f 9173 9174 9175
f 9174 9176 9175
f 9175 9176 9170
f 9176 9177 9170
f 9170 9177 9171
f 9175 9178 9173
f 9178 9179 9173
f 9173 9179 9180
f 9179 9181 9180
f 9180 9181 9182
f 9181 9183 9182
f 9182 9183 9184
f 9183 9185 9184
f 9184 9185 9186
f 9185 9187 9186
f 9186 9187 9188
f 9189 9190 9191
f 9191 9192 9189
f 9192 9193 9189
f 9189 9193 9194
f 9193 9195 9194
f 9189 9196 9190
f 9196 9197 9190
f 9190 9197 9198
f 9197 9199 9198
f 9198 9199 9200
f 9199 9201 9200
f 9200 9201 9188
f 9201 9202 9188
f 9188 9202 9186
f 9203 9204 9205
f 9204 9206 9205
f 9205 9206 9195
f 9206 9207 9195
f 9195 9207 9194
f 9205 9208 9203
f 9208 9209 9203
f 9203 9209 9210
f 9209 9211 9210
f 9210 9211 9212
f 9211 9213 9212
f 9212 9213 9214
f 9213 9215 9214
f 9213 9216 9215
f 9216 9217 9215
f 9215 9217 9218
f 9217 9219 9218
f 9218 9219 9220
f 9219 9221 9220
f 9220 9221 9222
f 9221 9223 9222
f 9222 9223 9224
f 9223 9225 9224
f 9223 9226 9225
f 9226 9227 9225
f 9225 9227 9228
f 9227 9229 9228
f 9228 9229 9230
f 9231 9232 9233
f 9232 9234 9233
f 9233 9234 9235
f 9235 9234 9230
f 9234 9236 9230
f 9230 9236 9228
f 9231 9233 9237
f 9233 9238 9237
f 9237 9238 9239
f 9238 9240 9239
f 9239 9240 9241
f 9240 9242 9241
f 9242 9243 9241
f 9241 9243 9244
f 9243 9245 9244
f 9244 9245 9246
f 9245 9247 9246
f 9248 9249 9250
f 9250 9251 9248
f 9251 9252 9248
f 9248 9252 9253
f 9252 9254 9253
f 9253 9254 9247
f 9254 9255 9247
f 9247 9255 9246
f 9256 5 6
f 8811 8813 9257
f 8813 9256 9257
f 9257 9256 9258
f 9256 6 9258
f 9259 9260 9261
f 9262 9263 9264
f 9263 9265 9264
f 9264 9265 9266
f 9259 9261 9267
f 9261 9268 9267
f 9267 9268 9262
f 9268 9269 9262
f 9262 9269 9263
f 9266 9265 9270
f 9265 9271 9270
f 9270 9271 9272
f 9271 9273 9272
f 9272 9273 9274
f 9273 9275 9274
f 9274 9275 9276
f 9275 9277 9276
f 9276 9277 9278
f 9277 9279 9278
f 9278 9279 9280
f 9279 9281 9280
f 9280 9281 9282
f 9281 9283 9282
f 9282 9283 9284
f 9283 9285 9284
f 9284 9285 9286
f 9285 9287 9286
f 9286 9287 9288
f 9287 9289 9288
f 9288 9289 9290
f 9289 9291 9290
f 9290 9291 9292
f 9292 9293 9294
f 9293 9295 9294
f 9294 9295 9296
f 9295 9297 9296
f 9296 9297 9298
f 9297 9299 9298
f 9299 9300 9298
f 9298 9300 9301
f 9300 9302 9301
f 9301 9302 9303
f 9303 9302 9304
f 9302 9305 9304
f 9304 9305 9306
f 9305 9307 9306
f 9306 9307 9308
f 9250 9249 9309
f 9249 9310 9309
f 9308 9307 9311
f 9307 9312 9311
f 9311 9312 9313
f 9312 9314 9313
f 9313 9314 9310
f 9314 9315 9310
f 9310 9315 9309
f 9316 9317 9318
f 9317 9319 9318
f 9318 9319 9320
f 9319 9321 9320
f 9320 9321 9322
f 9323 9324 9325
f 9325 9324 9318
f 9324 9326 9318
f 9318 9326 9316
f 9327 9328 9325
f 9328 9329 9325
f 9325 9329 9323
f 4956 9330 9331
f 4956 9331 4957
f 9331 9332 4957
f 4957 9332 4958
f 9333 9334 9331
f 9334 9335 9331
f 9331 9335 9332
f 9331 9336 9333
f 9336 9337 9333
f 9333 9337 9338
f 9339 9340 9337
f 9340 9341 9337
f 9337 9341 9338
f 9342 9343 9339
f 9343 9344 9339
f 9339 9344 9340
f 9330 9345 9331
f 9345 9346 9331
f 9331 9346 9336
f 9346 9347 9336
f 9336 9347 9337
f 9347 9327 9337
f 9337 9327 9339
f 9327 9325 9339
f 9339 9325 9342
f 9318 9348 9349
f 9349 9350 9318
f 9350 9351 9318
f 9318 9351 9325
f 9351 9352 9325
f 9325 9352 9342
f 9348 9318 9353
f 9318 9320 9353
f 9353 9320 9354
f 9355 9356 9357
f 9358 9359 9360
f 9359 9361 4959
f 9361 9362 4959
f 4959 9362 4960
f 9363 9364 9358
f 9365 9366 9367
f 9366 9368 9367
f 9368 9369 9367
f 9369 9370 9367
f 9367 9370 9363
f 9370 9371 9363
f 9363 9371 9364
f 9365 9372 9373
f 9372 9374 9373
f 9373 9374 9375
f 9376 9377 9374
f 9377 9378 9374
f 9378 9379 9374
f 9374 9379 9375
f 9376 9374 9357
f 9374 9380 9357
f 9357 9380 9355
f 9381 9382 9374
f 9382 9383 9374
f 9374 9383 9380
f 9384 9385 9372
f 9385 9386 9372
f 9372 9386 9374
f 9386 9387 9374
f 9374 9387 9381
f 9365 9367 9372
f 9367 9388 9372
f 9372 9388 9384
f 9358 9360 9363
f 9360 9389 9363
f 9363 9389 9367
f 9389 9390 9367
f 9367 9390 9388
f 9391 9392 9360
f 9392 9393 9360
f 9360 9393 9389
f 9359 4959 9360
f 4959 4958 9360
f 9360 4958 9391
f 9394 9395 9396
f 9395 9397 9396
f 9396 9397 9398
f 9397 9399 9398
f 9400 9401 9402
f 9401 9403 9402
f 9403 9404 9402
f 9402 9404 9397
f 9404 9405 9397
f 9397 9405 9399
f 9406 9407 9408
f 9409 9410 9408
f 9410 9411 9408
f 9408 9411 9400
f 9412 9413 9414
f 9413 9406 9414
f 9414 9406 9415
f 9406 9408 9415
f 9416 4955 4960
f 4960 9417 9416
f 9417 9418 9416
f 9416 9418 9414
f 9418 9419 9414
f 9414 9419 9412
f 4956 4955 9420
f 4955 9416 9420
f 9420 9416 9421
f 9416 9414 9421
f 9421 9414 9422
f 9414 9415 9422
f 9422 9415 9423
f 9415 9408 9423
f 9423 9408 9424
f 9408 9425 9424
f 9400 9402 9408
f 9402 9426 9408
f 9408 9426 9425
f 9427 9428 9397
f 9428 9429 9397
f 9397 9429 9402
f 9429 9430 9402
f 9402 9430 9426
f 9431 9432 9395
f 9432 9433 9395
f 9395 9433 9397
f 9433 9434 9397
f 9397 9434 9427
f 9435 9436 9437
f 9436 9438 9437
f 9437 9438 9439
f 9438 9440 9439
f 9439 9440 9441
f 9442 9443 9444
f 9443 9445 9444
f 9444 9445 9446
f 9442 9447 9443
f 9447 9448 9443
f 9443 9448 9437
f 9448 9449 9437
f 9437 9449 9435
f 9450 9451 9452
f 9451 9453 9452
f 9452 9453 9446
f 4948 4954 9454
f 4954 9455 9454
f 9455 9456 9454
f 9456 9457 9454
f 9454 9457 9450
f 9457 9458 9450
f 9450 9458 9451
f 4950 4948 9459
f 4948 9454 9459
f 9459 9454 9460
f 9454 9450 9460
f 9460 9450 9461
f 9450 9445 9461
f 9461 9445 9462
f 9445 9443 9462
f 9462 9443 9463
f 9443 9437 9463
f 9463 9437 9464
f 9437 9439 9464
f 9465 9466 9467
f 9468 9469 9470
f 9471 9472 9473
f 9474 9475 9476
f 4938 4936 9477
f 4936 9478 9477
f 9477 9478 9479
f 9480 9481 9482
f 9483 9484 9485
f 9484 9486 9485
f 9485 9486 9487
f 9482 9486 9480
f 9486 9484 9480
f 9480 9484 9488
f 9484 9483 9488
f 9488 9483 9489
f 9483 9490 9489
f 9491 9492 9493
f 9493 9490 9491
f 9490 9483 9491
f 9491 9483 9494
f 9483 9485 9494
f 9494 9485 9495
f 9485 9487 9495
f 9495 9487 9496
f 9475 9492 9476
f 9492 9491 9476
f 9476 9491 9497
f 9491 9494 9497
f 9497 9494 9498
f 9494 9495 9498
f 9498 9495 9499
f 9495 9496 9499
f 9499 9496 9500
f 9501 9502 9503
f 9503 9474 9501
f 9474 9476 9501
f 9501 9476 9504
f 9476 9497 9504
f 9504 9497 9505
f 9497 9498 9505
f 9505 9498 9506
f 9498 9499 9506
f 9506 9499 9478
f 9499 9500 9478
f 9478 9500 9479
f 9472 9502 9473
f 9502 9501 9473
f 9473 9501 9507
f 9501 9504 9507
f 9507 9504 9508
f 9504 9505 9508
f 9508 9505 9509
f 9505 9506 9509
f 9509 9506 9510
f 9506 9478 9510
f 9510 9478 4935
f 9478 4936 4935
f 4935 4934 9510
f 4934 9511 9510
f 9510 9511 9509
f 9511 9512 9509
f 9509 9512 9508
f 9512 9513 9508
f 9508 9513 9507
f 9513 9514 9507
f 9507 9514 9473
f 9514 9470 9473
f 9473 9470 9471
f 9470 9469 9471
f 4929 4951 9515
f 4951 9516 9515
f 9515 9516 9517
f 4930 4929 9518
f 4929 9515 9518
f 9518 9515 9519
f 9515 9517 9519
f 9519 9517 9520
f 4932 4930 9521
f 4930 9518 9521
f 9521 9518 9522
f 9518 9519 9522
f 9522 9519 9523
f 9519 9520 9523
f 9523 9520 9524
f 4933 4932 9525
f 4932 9521 9525
f 9525 9521 9526
f 9521 9522 9526
f 9526 9522 9527
f 9522 9523 9527
f 9527 9523 9528
f 9523 9524 9528
f 9528 9524 9467
f 4934 4933 9511
f 4933 9525 9511
f 9511 9525 9512
f 9525 9526 9512
f 9512 9526 9513
f 9526 9527 9513
f 9513 9527 9514
f 9527 9528 9514
f 9514 9528 9470
f 9528 9467 9470
f 9470 9467 9468
f 9467 9466 9468
f 4951 4950 9516
f 4950 9459 9516
f 9516 9459 9517
f 9459 9460 9517
f 9517 9460 9520
f 9460 9461 9520
f 9520 9461 9524
f 9461 9462 9524
f 9524 9462 9467
f 9462 9463 9467
f 9467 9463 9465
f 9463 9464 9465
f 9529 9530 9531
f 9532 9533 9534
f 9535 9536 9537
f 9538 9539 9540
f 9539 9541 9540
f 9540 9541 9535
f 9541 9542 9535
f 9535 9542 9543
f 9534 9533 9540
f 9533 9544 9540
f 9540 9544 9538
f 9545 9546 9534
f 9546 9547 9534
f 9534 9547 9532
f 9548 9549 9550
f 9549 9551 9550
f 9550 9551 9545
f 9551 9552 9545
f 9545 9552 9546
f 9531 9530 9550
f 9530 9553 9550
f 9550 9553 9548
f 4953 4952 9531
f 4952 9554 9531
f 9531 9554 9529
f 9531 9555 9556
f 4954 4953 9557
f 4953 9531 9557
f 9557 9531 9558
f 9531 9556 9558
f 9559 9560 9545
f 9560 9561 9545
f 9545 9561 9550
f 9561 9562 9550
f 9550 9562 9531
f 9562 9563 9531
f 9531 9563 9555
f 9559 9545 9564
f 9545 9534 9564
f 9564 9534 9565
f 9535 9537 9540
f 9537 9566 9540
f 9540 9566 9567
f 9567 9568 9540
f 9568 9569 9540
f 9540 9569 9534
f 9569 9570 9534
f 9534 9570 9565
f 9571 9572 9573
f 9574 9575 9576
f 9575 9577 9576
f 9576 9577 9578
f 9579 9580 9574
f 9580 9581 9574
f 9574 9581 9575
f 9582 9583 9579
f 9583 9584 9579
f 9579 9584 9580
f 9585 9586 9582
f 9586 9587 9582
f 9582 9587 9583
f 9588 9589 9585
f 9589 9590 9585
f 9585 9590 9586
f 9591 9592 9588
f 9592 9593 9588
f 9588 9593 9589
f 9594 9595 9596
f 9595 9597 9596
f 9596 9597 9598
f 9597 9599 9598
f 9598 9599 9600
f 9599 9601 9600
f 9600 9601 9602
f 9601 9603 9602
f 9602 9603 9604
f 9603 9605 9604
f 9604 9605 9606
f 9605 9607 9606
f 9606 9607 9608
f 9607 9609 9608
f 9608 9609 9573
f 9609 9610 9573
f 9573 9610 9571
f 9610 9611 9571
f 9595 9612 9597
f 9612 9613 9597
f 9597 9613 9599
f 9613 9614 9599
f 9599 9614 9601
f 9614 9615 9601
f 9601 9615 9603
f 9615 9616 9603
f 9603 9616 9605
f 9616 9617 9605
f 9605 9617 9607
f 9617 9618 9607
f 9607 9618 9609
f 9618 9619 9609
f 9609 9619 9610
f 9619 9620 9610
f 9610 9620 9611
f 9620 9621 9611
f 9612 9622 9613
f 9622 9623 9613
f 9613 9623 9614
f 9623 9624 9614
f 9614 9624 9615
f 9624 9625 9615
f 9615 9625 9616
f 9625 9626 9616
f 9616 9626 9617
f 9626 9627 9617
f 9617 9627 9618
f 9627 9628 9618
f 9618 9628 9619
f 9628 9629 9619
f 9619 9629 9620
f 9629 9630 9620
f 9620 9630 9621
f 9630 9631 9621
f 9632 9633 9634
f 9633 9635 9634
f 9634 9635 9636
f 9635 9591 9636
f 9636 9591 9637
f 9591 9588 9637
f 9637 9588 9638
f 9588 9585 9638
f 9638 9585 9639
f 9585 9582 9639
f 9639 9582 9640
f 9582 9579 9640
f 9640 9579 9641
f 9579 9574 9641
f 9641 9574 9642
f 9574 9576 9642
f 9642 9576 9643
f 9576 9578 9643
f 9633 9644 9635
f 9644 9645 9635
f 9635 9645 9591
f 9645 9646 9591
f 9591 9646 9592
f 4938 9594 4939
f 9594 9596 4939
f 4939 9596 4942
f 9596 9598 4942
f 4942 9598 4943
f 9598 9600 4943
f 4943 9600 4944
f 9600 9602 4944
f 4944 9602 4945
f 9602 9604 4945
f 4945 9604 4946
f 9604 9606 4946
f 4946 9606 4941
f 9606 9608 4941
f 4941 9608 4940
f 9608 9573 4940
f 4940 9573 4931
f 9573 9572 4931
f 4931 9572 4949
f 4938 9477 9594
f 9477 9479 9594
f 9594 9479 9595
f 9479 9500 9595
f 9595 9500 9612
f 9500 9496 9612
f 9612 9496 9622
f 9496 9632 9622
f 9622 9632 9623
f 9632 9634 9623
f 9623 9634 9624
f 9634 9636 9624
f 9624 9636 9625
f 9636 9637 9625
f 9625 9637 9626
f 9637 9638 9626
f 9626 9638 9627
f 9638 9639 9627
f 9627 9639 9628
f 9639 9640 9628
f 9628 9640 9629
f 9640 9641 9629
f 9629 9641 9630
f 9641 9642 9630
f 9630 9642 9631
f 9642 9643 9631
f 9647 9648 9633
f 9648 9649 9633
f 9633 9649 9644
f 9481 9647 9482
f 9647 9633 9482
f 9482 9633 9486
f 9633 9632 9486
f 9486 9632 9487
f 9632 9496 9487
f 9650 9651 9652
f 9650 9652 9653
f 4952 4947 9654
f 4947 9655 9654
f 9654 9655 9656
f 9657 9658 9659
f 9658 9660 9659
f 9659 9660 9655
f 9660 9661 9655
f 9655 9661 9656
f 9662 9663 9659
f 9663 9664 9659
f 9659 9664 9657
f 9665 9666 9662
f 9666 9667 9662
f 9662 9667 9663
f 9668 9669 9670
f 9669 9671 9670
f 9670 9671 9665
f 9671 9672 9665
f 9665 9672 9666
f 9652 9673 9653
f 9673 9674 9653
f 9653 9674 9670
f 9674 9675 9670
f 9670 9675 9668
f 9578 9650 9643
f 9650 9653 9643
f 9643 9653 9631
f 9653 9670 9631
f 9631 9670 9621
f 9670 9665 9621
f 9621 9665 9611
f 9665 9662 9611
f 9611 9662 9571
f 9662 9659 9571
f 9571 9659 9572
f 9659 9655 9572
f 9572 9655 4949
f 9655 4947 4949
f 9676 9677 9678
f 9679 9680 9681
f 9679 9681 9682
f 9683 9684 9685
f 9684 9686 9685
f 9685 9686 9687
f 9686 9688 9687
f 9687 9688 9682
f 9678 9677 9685
f 9677 9689 9685
f 9685 9689 9683
f 9690 9691 9692
f 9691 9693 9692
f 9693 9694 9695
f 9694 9696 9695
f 9695 9696 9678
f 9696 9697 9678
f 9678 9697 9676
f 9698 9699 9700
f 9699 9701 9700
f 9701 9702 9700
f 9700 9702 9690
f 9702 9703 9690
f 9690 9703 9691
f 4968 9704 9705
f 4968 9705 4969
f 9705 9706 4969
f 4969 9706 4970
f 9707 9708 9705
f 9708 9709 9705
f 9705 9709 9706
f 9704 9698 9705
f 9698 9700 9705
f 9705 9700 9707
f 9700 9690 9707
f 9707 9690 9710
f 9711 9712 9695
f 9712 9713 9695
f 9695 9713 9690
f 9713 9714 9690
f 9690 9714 9710
f 9715 9716 9678
f 9716 9717 9678
f 9678 9717 9695
f 9717 9718 9695
f 9695 9718 9711
f 9715 9678 9719
f 9678 9685 9719
f 9719 9685 9720
f 9720 9685 9721
f 9685 9681 9721
f 9721 9681 9722
f 9723 9724 9725
f 9726 9727 9728
f 9729 9730 4971
f 9730 9731 4971
f 4971 9731 4972
f 9732 9733 9729
f 9728 9727 9732
f 9727 9734 9732
f 9732 9734 9733
f 9735 9736 9737
f 9736 9738 9737
f 9738 9739 9737
f 9739 9740 9737
f 9737 9740 9726
f 9741 9742 9743
f 9742 9744 9743
f 9743 9744 9735
f 9741 9743 9725
f 9743 9745 9725
f 9725 9745 9723
f 9746 9747 9743
f 9747 9748 9743
f 9743 9748 9745
f 9735 9737 9743
f 9737 9749 9743
f 9743 9749 9746
f 9750 9751 9737
f 9751 9752 9737
f 9737 9752 9749
f 9726 9728 9737
f 9728 9753 9737
f 9737 9753 9750
f 9729 9754 9732
f 9754 9755 9732
f 9732 9755 9728
f 9755 9756 9728
f 9728 9756 9753
f 9757 9758 9754
f 9758 9759 9754
f 9754 9759 9755
f 9729 4971 9754
f 4971 4970 9754
f 9754 4970 9757
f 9760 9761 9762
f 9761 9763 9762
f 9760 9762 9764
f 9762 9765 9764
f 9764 9765 9766
f 9767 9768 9762
f 9768 9769 9762
f 9769 9770 9762
f 9762 9770 9765
f 9771 9772 9773
f 9772 9774 9773
f 9774 9775 9773
f 9773 9775 9776
f 9775 9777 9776
f 9776 9777 9778
f 9779 4967 4972
f 9780 9781 9782
f 9781 9783 9782
f 9782 9783 9784
f 9783 4972 9784
f 4968 4967 9785
f 4967 9786 9785
f 9786 4967 9787
f 4967 9783 9787
f 9787 9783 9788
f 9783 9781 9788
f 9788 9781 9789
f 9790 9791 9792
f 9791 9793 9792
f 9792 9793 9781
f 9793 9794 9781
f 9781 9794 9789
f 9795 9790 9773
f 9790 9792 9773
f 9773 9792 9771
f 9792 9781 9771
f 9771 9781 9796
f 9781 9780 9796
f 9797 9798 9776
f 9798 9799 9776
f 9776 9799 9773
f 9799 9800 9773
f 9773 9800 9795
f 9763 9801 9762
f 9801 9802 9762
f 9762 9802 9803
f 9802 9804 9803
f 9803 9804 9805
f 9805 9806 9803
f 9806 9797 9803
f 9803 9797 9762
f 9797 9776 9762
f 9762 9776 9767
f 9776 9778 9767
f 9807 9808 9809
f 9810 9811 9812
f 9810 9812 9813
f 9814 9815 9816
f 9815 9817 9816
f 9816 9817 9818
f 9817 9817 9818
f 9818 9817 9813
f 9819 9820 9821
f 9820 9822 9821
f 9821 9822 9816
f 9822 9823 9816
f 9816 9823 9814
f 9824 9825 9826
f 9825 9827 9826
f 9826 9827 9828
f 9807 9809 4962
f 4962 9809 4963
f 9809 9829 4963
f 4963 9829 4964
f 9830 9831 9809
f 9831 9832 9809
f 9809 9832 9829
f 9808 9828 9809
f 9828 9827 9809
f 9809 9827 9830
f 9827 9825 9830
f 9830 9825 9833
f 9825 9834 9833
f 9835 9836 9837
f 9819 9821 9824
f 9821 9835 9824
f 9824 9835 9825
f 9835 9837 9825
f 9825 9837 9834
f 9838 9839 9821
f 9839 9840 9821
f 9821 9840 9835
f 9840 9841 9835
f 9835 9841 9836
f 9816 9842 9843
f 9816 9843 9821
f 9843 9844 9821
f 9821 9844 9838
f 9842 9816 9845
f 9816 9812 9845
f 9845 9812 9846
f 9847 9848 9849
f 9850 9851 9852
f 9853 4966 4965
f 9854 9855 9856
f 9855 9853 9856
f 9857 9858 9854
f 9852 9851 9857
f 9851 9859 9857
f 9857 9859 9858
f 9860 9861 9850
f 9862 9863 9864
f 9863 9865 9864
f 9864 9865 9860
f 9865 9866 9860
f 9860 9866 9861
f 9867 9868 9864
f 9868 9869 9864
f 9869 9870 9864
f 9864 9870 9862
f 9867 9864 9849
f 9864 9871 9849
f 9849 9871 9847
f 9872 9873 9864
f 9873 9874 9864
f 9864 9874 9871
f 9875 9876 9860
f 9876 9877 9860
f 9860 9877 9864
f 9877 9878 9864
f 9864 9878 9872
f 9850 9852 9860
f 9852 9879 9860
f 9860 9879 9875
f 9854 9856 9857
f 9856 9880 9857
f 9857 9880 9852
f 9880 9881 9852
f 9852 9881 9879
f 9882 9883 9856
f 9883 9884 9856
f 9856 9884 9880
f 9853 4965 9856
f 4965 4964 9856
f 9856 4964 9882
f 9885 9886 9887
f 9888 9889 9890
f 9889 9891 9890
f 9887 9886 9891
f 9886 9892 9891
f 9891 9892 9893
f 9893 9894 9891
f 9894 9895 9891
f 9891 9895 9890
f 9896 9897 9898
f 9897 9899 9898
f 9899 9900 9898
f 9898 9900 9887
f 9900 9901 9887
f 9887 9901 9885
f 9898 9902 9896
f 9902 9903 9896
f 9896 9903 9904
f 9905 4961 4966
f 4966 9906 9905
f 9906 9907 9905
f 9905 9907 9903
f 9907 9908 9903
f 9903 9908 9904
f 9902 9909 9903
f 9909 9910 9903
f 9903 9910 9905
f 9910 9911 9905
f 9905 9911 9912
f 9911 4962 9912
f 9913 9914 9898
f 9914 9915 9898
f 9898 9915 9902
f 9915 9916 9902
f 9902 9916 9909
f 9917 9918 9891
f 9918 9919 9891
f 9891 9919 9887
f 9919 9920 9887
f 9887 9920 9898
f 9920 9921 9898
f 9898 9921 9913
f 9922 9923 9889
f 9923 9924 9889
f 9889 9924 9891
f 9924 9917 9891
f 9891 9917 9917
f 9925 9926 9927
f 9928 9929 9930
f 9929 9931 9930
f 9930 9931 9932
f 9933 9934 9928
f 9934 9935 9928
f 9928 9935 9929
f 9936 9933 9937
f 9933 9938 9937
f 9936 9939 9933
f 9939 9940 9933
f 9933 9940 9934
f 9941 9942 9938
f 9942 9943 9938
f 9938 9943 9937
f 9927 9926 9938
f 9926 9944 9938
f 9938 9944 9941
f 9945 9946 9927
f 9946 9947 9927
f 9927 9947 9925
f 2493 9948 9945
f 9948 9949 9945
f 9945 9949 9946
f 2493 9945 2490
f 9945 9950 2490
f 2490 9950 2491
f 9951 9952 9945
f 9952 9953 9945
f 9945 9953 9950
f 9951 9945 9954
f 9945 9927 9954
f 9954 9927 9955
f 9927 9938 9955
f 9955 9938 9956
f 9957 9958 9928
f 9958 9959 9928
f 9928 9959 9933
f 9959 9960 9933
f 9933 9960 9938
f 9960 9961 9938
f 9938 9961 9956
f 9962 9963 9930
f 9963 9964 9930
f 9930 9964 9928
f 9964 9965 9928
f 9928 9965 9957
f 9966 9967 9968
f 9967 9969 9968
f 9968 9969 9970
f 9971 9972 9969
f 9973 9974 9967
f 9974 9975 9967
f 9967 9975 9976
f 9976 9977 9967
f 9977 9978 9967
f 9967 9978 9979
f 9978 9980 9979
f 9979 9980 9971
f 9981 9982 9983
f 9982 9984 9983
f 9983 9984 9985
f 9984 9986 9985
f 9985 9986 9973
f 9986 9987 9973
f 9973 9987 9974
f 9988 9988 9989
f 9988 9990 9989
f 9989 9990 9991
f 9990 9992 9991
f 9991 9992 9993
f 9992 9994 9993
f 9993 9994 9981
f 2494 2462 9989
f 2462 9995 9989
f 9989 9995 9988
f 2493 2494 9996
f 2494 9989 9996
f 9996 9989 9997
f 9989 9998 9997
f 9998 9989 9999
f 9989 9991 9999
f 9999 9991 10000
f 10001 10002 9983
f 10002 10003 9983
f 9983 10003 9991
f 10003 10004 9991
f 9991 10004 10000
f 10005 10006 9985
f 10006 10007 9985
f 9985 10007 9983
f 10007 10008 9983
f 9983 10008 10001
f 9966 10009 9967
f 10009 10010 9967
f 9967 10010 9973
f 10010 10011 9973
f 9973 10011 9985
f 10011 10012 9985
f 9985 10012 10005
f 10013 10014 10015
f 10014 10016 10015
f 10016 10017 10015
f 10015 10017 10018
f 10019 10020 10021
f 10020 10022 10021
f 10022 10023 10021
f 10021 10023 10013
f 10024 10025 10026
f 10024 10026 10027
f 10028 10029 10027
f 10029 10030 10027
f 2491 10031 10029
f 10031 10032 10029
f 10032 10033 10029
f 10029 10033 10030
f 2491 10029 2492
f 10029 10034 2492
f 2492 10034 10035
f 10035 10036 2492
f 10036 10037 2492
f 2492 10037 2495
f 10027 10026 10028
f 10026 10038 10028
f 10028 10038 10039
f 10039 10040 10028
f 10040 10041 10028
f 10028 10041 10029
f 10041 10042 10029
f 10029 10042 10034
f 10043 10044 10026
f 10044 10045 10026
f 10026 10045 10038
f 10046 10047 10043
f 10047 10048 10043
f 10043 10048 10044
f 10025 10049 10026
f 10049 10019 10026
f 10026 10019 10043
f 10019 10021 10043
f 10043 10021 10046
f 10050 10051 10021
f 10051 10052 10021
f 10021 10052 10046
f 10013 10015 10021
f 10015 10053 10021
f 10021 10053 10050
f 10054 10055 10056
f 10055 10057 10056
f 10056 10057 10058
f 10059 10054 10060
f 10059 10060 10061
f 10062 10063 10064
f 10063 10065 10064
f 10065 10066 10064
f 10064 10066 10061
f 10067 10062 10068
f 10069 10070 10071
f 10070 10072 10071
f 10071 10072 10073
f 10072 10074 10073
f 10073 10074 10068
f 10074 10075 10068
f 10068 10075 10067
f 2489 2488 10071
f 2488 10076 10071
f 10071 10076 10069
f 2462 2489 10077
f 2489 10071 10077
f 10077 10071 10078
f 10071 10078 10078
f 10079 10080 10073
f 10080 10081 10073
f 10073 10081 10071
f 10081 10082 10071
f 10071 10082 10078
f 10062 10064 10068
f 10064 10083 10068
f 10068 10083 10073
f 10083 10084 10073
f 10073 10084 10079
f 10085 10086 10064
f 10086 10087 10064
f 10064 10087 10083
f 10061 10060 10064
f 10060 10088 10064
f 10064 10088 10085
f 10089 10090 10060
f 10090 10091 10060
f 10060 10091 10088
f 10054 10056 10060
f 10056 10092 10060
f 10060 10092 10089
f 10093 10094 10095
f 10096 2446 2496
f 10097 10098 10099
f 10097 10099 10100
f 10101 10102 10103
f 10102 10104 10103
f 10104 10105 10103
f 10105 10106 10103
f 10103 10106 10100
f 10107 10108 10101
f 10108 10109 10101
f 10101 10109 10102
f 10110 10111 10112
f 10113 10114 10095
f 10114 10115 10095
f 10095 10115 10110
f 10115 10116 10110
f 10110 10116 10111
f 2496 2495 10095
f 2495 10117 10095
f 10095 10117 10113
f 10095 10094 2496
f 10094 10118 2496
f 2496 10118 10096
f 10107 10101 10112
f 10101 10119 10112
f 10112 10119 10110
f 10119 10120 10110
f 10110 10120 10095
f 10120 10121 10095
f 10095 10121 10093
f 10122 10123 10119
f 10123 10124 10119
f 10119 10124 10120
f 10125 10126 10101
f 10126 10127 10101
f 10101 10127 10128
f 10127 10129 10128
f 10128 10129 10122
f 10100 10099 10103
f 10099 10130 10103
f 10103 10130 10131
f 10131 10132 10103
f 10132 10133 10103
f 10103 10133 10101
f 10133 10134 10101
f 10101 10134 10125
f 10135 2488 2487
f 10136 10137 10138
f 10139 10138 10140
f 10136 10138 10141
f 10142 10143 10144
f 10143 10145 10144
f 10144 10145 10138
f 10145 10146 10138
f 10138 10146 10141
f 10147 10148 10149
f 10148 10150 10149
f 10150 10151 10149
f 10149 10151 10144
f 10151 10152 10144
f 10144 10152 10142
f 10153 10154 10155
f 10154 10156 10155
f 10155 10156 10157
f 10156 10158 10157
f 10157 10158 10147
f 10159 2487 2486
f 2486 10160 10159
f 10160 10161 10159
f 10159 10161 10153
f 10162 10163 10159
f 10163 10164 10159
f 10159 10164 2487
f 10164 10165 2487
f 2487 10165 10135
f 10153 10155 10159
f 10155 10166 10159
f 10159 10166 10167
f 10168 10169 10157
f 10169 10170 10157
f 10157 10170 10155
f 10170 10171 10155
f 10155 10171 10166
f 10147 10149 10157
f 10149 10172 10157
f 10157 10172 10168
f 10173 10174 10149
f 10174 10175 10149
f 10149 10175 10172
f 10140 10176 10144
f 10176 10177 10144
f 10144 10177 10149
f 10177 10178 10149
f 10149 10178 10173
f 10179 10180 10181
f 10180 10182 10181
f 10181 10182 10183
f 10179 10184 10185
f 10184 10186 10185
f 10187 10188 10189
f 10188 10190 10189
f 10190 10191 10189
f 10191 10192 10189
f 10189 10192 10184
f 10192 10193 10184
f 10184 10193 10186
f 10194 10195 10196
f 10194 10196 10197
f 10198 10199 10200
f 10199 10201 10200
f 10200 10201 2446
f 10198 10202 10199
f 10202 10203 10199
f 10199 10203 10194
f 10203 10204 10194
f 10194 10204 10195
f 10205 10206 2452
f 10206 10207 2452
f 10207 10208 2452
f 2452 10208 2455
f 10209 10210 10194
f 10210 10205 10194
f 10194 10205 10199
f 10205 2452 10199
f 10199 2452 10201
f 10211 10212 10189
f 10212 10197 10189
f 10189 10197 10187
f 10197 10196 10187
f 10212 10213 10197
f 10213 10214 10197
f 10197 10214 10194
f 10214 10215 10194
f 10194 10215 10209
f 10216 10217 10184
f 10179 10181 10184
f 10181 10218 10184
f 10184 10218 10216
f 10217 10219 10184
f 10219 10220 10184
f 10184 10220 10189
f 10220 10221 10189
f 10189 10221 10211
f 10222 10223 10224
f 10225 10226 10222
f 10226 10227 10222
f 10222 10227 10228
f 10229 10230 10225
f 10230 10231 10225
f 10225 10231 10226
f 10229 10225 10232
f 10225 10233 10232
f 10232 10233 10234
f 10235 10236 10237
f 10236 10238 10237
f 10237 10238 10239
f 10235 10240 10236
f 10240 10241 10236
f 10236 10241 10233
f 10241 10242 10233
f 10233 10242 10234
f 2485 2482 10239
f 2482 10243 10239
f 10239 10243 10244
f 10244 10245 10239
f 10245 10246 10239
f 10239 10246 10237
f 10247 10248 2485
f 10248 10249 2485
f 2485 10249 2486
f 10247 2485 10250
f 2485 10239 10250
f 10250 10239 10251
f 10251 10239 10252
f 10239 10238 10252
f 10252 10238 10253
f 10238 10236 10253
f 10253 10236 10254
f 10254 10236 10255
f 10236 10233 10255
f 10255 10233 10256
f 10224 10257 10222
f 10257 10258 10222
f 10222 10258 10225
f 10258 10259 10225
f 10225 10259 10260
f 10260 10261 10225
f 10261 10262 10225
f 10225 10262 10233
f 10262 10263 10233
f 10233 10263 10256
f 10264 10265 10266
f 10264 10266 10267
f 10268 10267 10269
f 10270 10271 10269
f 10271 10272 10269
f 10269 10272 10268
f 10273 10274 10275
f 10274 10276 10275
f 10275 10276 10270
f 10277 10273 10278
f 10277 10278 10279
f 10280 10281 10282
f 10281 10283 10282
f 10282 10283 10284
f 10283 10285 10284
f 2459 2455 10286
f 2455 10287 10286
f 10286 10287 10288
f 2461 2459 10289
f 2459 10290 10289
f 10291 10292 10283
f 10292 10286 10283
f 10283 10286 10285
f 10286 10288 10285
f 10292 10293 10286
f 10293 10294 10286
f 10286 10294 2459
f 10294 10295 2459
f 2459 10295 10290
f 10296 10297 10278
f 10297 10281 10278
f 10278 10281 10279
f 10281 10280 10279
f 10297 10298 10281
f 10298 10299 10281
f 10281 10299 10283
f 10299 10300 10283
f 10283 10300 10291
f 10273 10275 10278
f 10275 10301 10278
f 10278 10301 10296
f 10302 10303 10275
f 10303 10304 10275
f 10275 10304 10301
f 10270 10269 10275
f 10269 10305 10275
f 10275 10305 10302
f 10306 10307 10269
f 10307 10308 10269
f 10269 10308 10305
f 10267 10266 10269
f 10266 10309 10269
f 10269 10309 10306
f 10310 10311 10312
f 10313 2482 2483
f 10314 10315 10316
f 10315 10317 10316
f 10316 10317 10318
f 10319 10320 10321
f 10320 10312 10321
f 10321 10312 10322
f 10323 10324 10312
f 10324 10325 10312
f 10312 10325 10322
f 10326 10327 10328
f 10327 10329 10328
f 10328 10329 10323
f 10330 10331 10332
f 10331 10330 10333
f 2483 2484 10330
f 2484 10334 10330
f 10330 10334 10333
f 10335 10330 10326
f 10330 10332 10326
f 10326 10332 10327
f 10335 10336 10330
f 10336 10337 10330
f 10330 10337 2483
f 10337 10338 2483
f 2483 10338 10313
f 10323 10312 10328
f 10312 10311 10328
f 10328 10311 10339
f 10339 10340 10328
f 10340 10341 10328
f 10328 10341 10326
f 10341 10342 10326
f 10326 10342 10335
f 10343 10344 10345
f 10344 10346 10345
f 10345 10346 10347
f 10346 10348 10347
f 10347 10348 10310
f 10349 10343 10316
f 10343 10345 10316
f 10316 10345 10314
f 10345 10319 10314
f 10350 10351 10352
f 10353 10354 10355
f 2450 2449 10356
f 2467 2450 10357
f 2450 10356 10357
f 10357 10356 10358
f 10359 10360 10361
f 10360 10362 10361
f 10361 10362 10356
f 10362 10363 10356
f 10356 10363 10358
f 10364 10365 10366
f 10365 10367 10366
f 10366 10367 10368
f 10367 10369 10368
f 10368 10369 10359
f 10354 10370 10355
f 10370 10371 10355
f 10355 10371 10366
f 10371 10372 10366
f 10366 10372 10364
f 10351 10373 10352
f 10373 10374 10352
f 10352 10374 10353
f 10350 10375 10376
f 10375 10377 10376
f 10378 10379 10375
f 10380 10375 10381
f 10350 10352 10375
f 10352 10382 10375
f 10375 10382 10381
f 10383 10384 10352
f 10384 10385 10352
f 10352 10385 10382
f 10353 10355 10352
f 10355 10386 10352
f 10352 10386 10383
f 10387 10388 10366
f 10388 10389 10366
f 10366 10389 10355
f 10389 10390 10355
f 10355 10390 10386
f 10359 10361 10368
f 10361 10391 10368
f 10368 10391 10366
f 10391 10392 10366
f 10366 10392 10387
f 10393 10394 10361
f 10394 10395 10361
f 10361 10395 10391
f 10393 10361 10396
f 10361 10356 10396
f 10396 10356 10397
f 2449 2461 10356
f 2461 10398 10356
f 10356 10398 10397
f 10399 10400 10401
f 10402 10403 10404
f 10405 10403 10406
f 10403 10407 10406
f 10407 10403 10408
f 10403 10402 10408
f 10408 10402 10409
f 10401 10410 10411
f 10410 10412 10411
f 10412 10413 10411
f 10413 10414 10411
f 10411 10414 10402
f 10414 10415 10402
f 10402 10415 10409
f 10416 10417 10418
f 10417 10419 10418
f 10418 10419 10401
f 10419 10420 10401
f 10401 10420 10410
f 2479 10421 10422
f 10421 10423 10422
f 10423 10424 10422
f 10422 10424 10418
f 10424 10425 10418
f 10418 10425 10416
f 10426 10427 2480
f 10427 10428 2480
f 10428 10429 2480
f 2480 10429 2484
f 10430 10431 10418
f 10431 10426 10418
f 10418 10426 10422
f 10426 2480 10422
f 10422 2480 2479
f 10401 10400 10418
f 10400 10432 10418
f 10418 10432 10430
f 10433 10434 10411
f 10434 10435 10411
f 10411 10435 10401
f 10435 10436 10401
f 10401 10436 10399
f 10404 10437 10402
f 10437 10438 10402
f 10402 10438 10411
f 10438 10439 10411
f 10411 10439 10433
f 10440 10441 10442
f 10443 10444 10445
f 10444 10442 10445
f 10445 10442 10446
f 10442 10441 10446
f 10447 10448 10449
f 10448 10450 10449
f 10449 10450 10442
f 10450 10451 10442
f 10442 10451 10440
f 10447 10449 10452
f 10449 10453 10452
f 10452 10453 10454
f 10455 10456 10457
f 10456 10458 10457
f 10457 10458 10453
f 10458 10459 10453
f 10453 10459 10454
f 10460 10461 10462
f 10461 10463 10462
f 10462 10463 10457
f 10463 10464 10457
f 10457 10464 10455
f 2468 2467 10465
f 2467 10466 10465
f 10466 10467 10465
f 10467 10468 10465
f 10465 10468 10460
f 2469 2468 10469
f 2468 10465 10469
f 10469 10465 10470
f 10465 10471 10470
f 10460 10462 10465
f 10462 10472 10465
f 10465 10472 10471
f 10473 10474 10457
f 10474 10475 10457
f 10457 10475 10462
f 10475 10476 10462
f 10462 10476 10472
f 10473 10457 10477
f 10457 10453 10477
f 10477 10453 10478
f 10478 10453 10479
f 10453 10449 10479
f 10479 10449 10480
f 10481 10482 10442
f 10482 10483 10442
f 10442 10483 10449
f 10483 10484 10449
f 10449 10484 10480
f 10485 10486 10444
f 10486 10487 10444
f 10444 10487 10442
f 10487 10488 10442
f 10442 10488 10481
f 10489 10490 10491
f 10492 10493 10494
f 10492 10495 10493
f 10495 10496 10493
f 10493 10496 10497
f 10498 10499 10492
f 10499 10500 10492
f 10492 10500 10495
f 10498 10492 10501
f 10492 10502 10501
f 10501 10502 10503
f 10504 10505 10491
f 10505 10506 10491
f 10491 10506 10502
f 10506 10507 10502
f 10502 10507 10503
f 10508 10509 10510
f 10509 10511 10510
f 10510 10511 10504
f 10512 10513 10508
f 10513 10514 10508
f 10508 10514 10509
f 10515 2477 2465
f 2465 10516 10515
f 10516 10517 10515
f 10515 10517 10508
f 10517 10518 10508
f 10508 10518 10512
f 10508 10519 10515
f 10519 10520 10515
f 10515 10520 10521
f 10521 10522 10515
f 10522 10523 10515
f 10515 10523 2477
f 10523 10524 2477
f 2477 10524 2479
f 10504 10491 10510
f 10491 10490 10510
f 10510 10490 10525
f 10525 10526 10510
f 10526 10527 10510
f 10510 10527 10508
f 10527 10528 10508
f 10508 10528 10519
f 10494 10529 10492
f 10529 10530 10492
f 10492 10530 10502
f 10530 10531 10502
f 10531 10532 10502
f 10532 10533 10502
f 10502 10533 10491
f 10533 10534 10491
f 10491 10534 10489
f 10535 10536 10537
f 10538 10539 10540
f 10541 10542 10543
f 10542 10544 10545
f 10544 10546 10545
f 10545 10546 10547
f 10541 10543 10548
f 10537 10549 10550
f 10549 10551 10550
f 10550 10551 10543
f 10551 10552 10543
f 10543 10552 10548
f 10553 10554 10537
f 10554 10555 10537
f 10555 10556 10537
f 10537 10556 10549
f 10557 10558 10559
f 10558 10560 10559
f 10540 2470 2469
f 2469 10561 10540
f 10561 10562 10540
f 10540 10562 10559
f 10562 10563 10559
f 10559 10563 10557
f 10540 10539 2470
f 10539 10564 2470
f 2470 10564 2471
f 10565 10537 10560
f 10537 10566 10560
f 10560 10566 10559
f 10566 10567 10559
f 10559 10567 10540
f 10567 10568 10540
f 10540 10568 10538
f 10569 10570 10566
f 10570 10571 10566
f 10566 10571 10567
f 10537 10536 10566
f 10536 10572 10566
f 10566 10572 10569
f 10573 10574 10550
f 10574 10575 10550
f 10550 10575 10537
f 10575 10576 10537
f 10537 10576 10535
f 10542 10545 10543
f 10545 10577 10543
f 10543 10577 10578
f 10578 10579 10543
f 10579 10580 10543
f 10543 10580 10550
f 10580 10581 10550
f 10550 10581 10573
f 10582 2465 2464
f 10583 10584 10585
f 10583 10585 10586
f 10587 10588 10589
f 10588 10590 10589
f 10591 10590 10592
f 10590 10593 10592
f 10591 10594 10590
f 10594 10595 10590
f 10590 10595 10589
f 10596 10597 10593
f 10597 10598 10593
f 10593 10598 10592
f 10599 10600 10601
f 10600 10602 10601
f 10601 10602 10603
f 10602 10604 10603
f 10603 10604 10605
f 10599 10606 10607
f 10606 2464 10607
f 10607 2464 2476
f 10608 10609 10601
f 10609 10610 10601
f 10601 10610 2464
f 10610 10611 2464
f 2464 10611 10582
f 10612 10613 10593
f 10613 10603 10593
f 10593 10603 10596
f 10603 10605 10596
f 10613 10614 10603
f 10614 10615 10603
f 10603 10615 10606
f 10615 10616 10606
f 10606 10616 10608
f 10617 10618 10590
f 10618 10619 10590
f 10590 10619 10593
f 10619 10620 10593
f 10593 10620 10612
f 10621 10622 10588
f 10622 10623 10588
f 10588 10623 10590
f 10623 10624 10590
f 10590 10624 10617
f 10625 10621 10585
f 10621 10588 10585
f 10585 10588 10586
f 10588 10587 10586
f 10626 10627 10628
f 10629 2466 2472
f 10630 10631 10632
f 10631 10633 10632
f 10632 10633 10634
f 10635 10636 10637
f 10636 10638 10637
f 10638 10639 10637
f 10637 10639 10630
f 10640 10641 10642
f 10641 10643 10642
f 10642 10643 10635
f 10644 10640 10628
f 10645 10646 10647
f 10646 10648 10647
f 10647 10648 10628
f 10648 10649 10628
f 10628 10649 10644
f 2472 2471 10650
f 2471 10651 10650
f 10651 10652 10650
f 10652 10653 10650
f 10650 10653 10654
f 10653 10655 10654
f 10654 10655 10656
f 10629 2472 10657
f 2472 10650 10657
f 10657 10650 10658
f 10659 10660 10654
f 10660 10661 10654
f 10654 10661 10650
f 10661 10662 10650
f 10650 10662 10658
f 10663 10659 10647
f 10659 10654 10647
f 10647 10654 10645
f 10654 10656 10645
f 10628 10627 10647
f 10627 10664 10647
f 10647 10664 10663
f 10640 10642 10628
f 10642 10665 10628
f 10628 10665 10626
f 10666 10667 10642
f 10667 10668 10642
f 10642 10668 10665
f 10635 10637 10642
f 10637 10669 10642
f 10642 10669 10666
f 10670 10671 10637
f 10671 10672 10637
f 10637 10672 10669
f 10630 10632 10637
f 10632 10673 10637
f 10637 10673 10670
f 10674 10675 10676
f 10677 10678 10679
f 10680 10681 10682
f 10683 10684 10682
f 10680 10682 10685
f 10682 10684 10685
f 10685 10684 10686
f 10687 10688 10682
f 10688 10689 10682
f 10689 10690 10682
f 10690 10691 10682
f 10682 10691 10683
f 10678 10692 10687
f 10692 10693 10687
f 10687 10693 10688
f 10677 10679 10675
f 10674 10676 10694
f 10695 10696 10676
f 10696 10697 10676
f 10676 10697 10694
f 2475 2474 10698
f 2474 10699 10698
f 10699 10700 10698
f 10700 10701 10698
f 10698 10701 10695
f 10701 10702 10695
f 10695 10702 10696
f 2476 2475 10703
f 2475 10698 10703
f 10703 10698 10704
f 10698 10705 10704
f 10705 10698 10706
f 10698 10695 10706
f 10706 10695 10707
f 10708 10709 10676
f 10709 10710 10676
f 10676 10710 10695
f 10710 10711 10695
f 10695 10711 10707
f 10675 10679 10676
f 10679 10712 10676
f 10676 10712 10708
f 10678 10687 10679
f 10687 10713 10679
f 10679 10713 10714
f 10714 10715 10679
f 10715 10716 10679
f 10679 10716 10712
f 10681 10717 10682
f 10717 10718 10682
f 10682 10718 10687
f 10718 10719 10687
f 10687 10719 10713
f 10720 10721 10722
f 10721 10723 10722
f 10722 10723 10724
f 10725 10726 10727
f 10727 10728 10725
f 10728 10729 10725
f 10725 10729 10720
f 10729 10730 10720
f 10720 10730 10721
f 10731 10732 10725
f 10732 10733 10725
f 10725 10733 10726
f 10734 10735 10736
f 10735 10737 10736
f 10736 10737 10731
f 10737 10738 10731
f 10731 10738 10732
f 10739 10740 10734
f 10741 10742 10739
f 10742 10743 10739
f 10739 10743 10740
f 10744 10745 10741
f 10746 10747 10744
f 10746 10744 10748
f 10741 10739 10744
f 10739 10749 10744
f 10744 10749 10748
f 10750 10751 10739
f 10751 10752 10739
f 10739 10752 10749
f 10734 10736 10739
f 10736 10753 10739
f 10739 10753 10750
f 10754 10755 10731
f 10755 10756 10731
f 10731 10756 10736
f 10756 10757 10736
f 10736 10757 10753
f 10754 10731 10758
f 10731 10725 10758
f 10758 10725 10759
f 10759 10725 10760
f 10725 10720 10760
f 10760 10720 10761
f 2466 10722 2473
f 10722 10724 2473
f 2473 10724 2474
f 2466 10762 10722
f 10762 10763 10722
f 10722 10763 10720
f 10763 10764 10720
f 10720 10764 10761
f 10765 10766 10767
f 10765 10767 10768
f 10769 10770 10771
f 10770 10772 10771
f 10772 10773 10771
f 10771 10773 10768
f 10774 10769 10775
f 10776 10777 10778
f 10777 10779 10778
f 10778 10779 10775
f 10779 10780 10775
f 10775 10780 10774
f 10781 10782 10783
f 10782 10784 10783
f 10783 10784 10785
f 10786 10787 10784
f 10787 10788 10784
f 10784 10788 10785
f 10789 10790 10786
f 2534 2533 10789
f 2533 10791 10789
f 10789 10791 10790
f 10786 10784 10789
f 10784 10792 10789
f 10789 10792 10793
f 10793 10794 10789
f 10794 10795 10789
f 10789 10795 2534
f 10795 10796 2534
f 2534 10796 2535
f 10797 10782 10778
f 10782 10781 10778
f 10778 10781 10776
f 10797 10798 10782
f 10798 10799 10782
f 10782 10799 10784
f 10799 10800 10784
f 10784 10800 10792
f 10801 10802 10775
f 10802 10803 10775
f 10775 10803 10778
f 10803 10804 10778
f 10778 10804 10797
f 10769 10771 10775
f 10771 10805 10775
f 10775 10805 10801
f 10806 10807 10771
f 10807 10808 10771
f 10771 10808 10805
f 10768 10767 10771
f 10767 10809 10771
f 10771 10809 10806
f 10810 2498 2505
f 10811 10812 10813
f 10811 10813 10814
f 10815 10816 10817
f 10816 10818 10817
f 10817 10818 10814
f 10819 10820 10821
f 10820 10822 10821
f 10821 10822 10817
f 10822 10823 10817
f 10817 10823 10815
f 10824 10825 10826
f 10825 10827 10826
f 10826 10827 10828
f 10827 10829 10828
f 10828 10829 10830
f 2505 2535 10831
f 2535 10832 10831
f 10831 10832 10833
f 10834 10835 10826
f 10835 10831 10826
f 10826 10831 10824
f 10831 10833 10824
f 10835 10836 10831
f 10836 10837 10831
f 10831 10837 10838
f 10837 10839 10838
f 10838 10839 10810
f 10840 10841 10821
f 10841 10828 10821
f 10821 10828 10819
f 10828 10830 10819
f 10841 10842 10828
f 10842 10843 10828
f 10828 10843 10826
f 10843 10844 10826
f 10826 10844 10834
f 10845 10846 10817
f 10846 10847 10817
f 10817 10847 10821
f 10847 10848 10821
f 10821 10848 10840
f 10814 10813 10817
f 10813 10849 10817
f 10817 10849 10845
f 10850 2533 2532
f 10851 10852 10853
f 10851 10853 10854
f 10855 10856 10857
f 10856 10858 10857
f 10857 10858 10854
f 10855 10857 10859
f 10857 10860 10859
f 10859 10860 10861
f 10862 10863 10864
f 10863 10865 10864
f 10865 10866 10864
f 10864 10866 10860
f 10866 10867 10860
f 10860 10867 10861
f 10868 2532 2531
f 2531 10869 10868
f 10869 10870 10868
f 10868 10870 10871
f 10872 10873 10868
f 10873 10874 10868
f 10868 10874 2532
f 10874 10875 2532
f 2532 10875 10850
f 10876 10877 10864
f 10877 10878 10864
f 10864 10878 10862
f 10878 10868 10862
f 10862 10868 10879
f 10868 10871 10879
f 10877 10880 10878
f 10880 10881 10878
f 10878 10881 10868
f 10881 10882 10868
f 10868 10882 10872
f 10883 10884 10860
f 10884 10885 10860
f 10860 10885 10864
f 10885 10886 10864
f 10864 10886 10876
f 10887 10888 10857
f 10888 10889 10857
f 10857 10889 10860
f 10889 10890 10860
f 10860 10890 10883
f 10854 10853 10857
f 10853 10891 10857
f 10857 10891 10887
f 10892 10893 10894
f 10895 10896 2497
f 10896 10897 2497
f 2497 10897 2531
f 10898 10899 10900
f 10899 10901 10900
f 10900 10901 10895
f 10902 10903 10904
f 10903 10905 10904
f 10905 10906 10904
f 10904 10906 10898
f 10906 10907 10898
f 10898 10907 10899
f 10894 10893 10908
f 10893 10909 10908
f 10908 10909 10910
f 10911 10912 10894
f 10912 10913 10894
f 10894 10913 10892
f 10914 10915 10911
f 10914 10911 10916
f 10916 10911 10917
f 10911 10894 10917
f 10917 10894 10918
f 10919 10920 10908
f 10920 10921 10908
f 10921 10922 10908
f 10908 10922 10894
f 10922 10923 10894
f 10894 10923 10918
f 10910 10902 10908
f 10902 10904 10908
f 10908 10904 10919
f 10904 10898 10919
f 10919 10898 10924
f 10925 10926 10900
f 10926 10927 10900
f 10900 10927 10898
f 10927 10928 10898
f 10898 10928 10924
f 10895 2497 10900
f 2497 2498 10900
f 10900 2498 10925
f 10929 10930 10931
f 10932 10933 10934
f 10932 10934 10935
f 10936 10937 10938
f 10937 10939 10938
f 10938 10939 10934
f 10939 10940 10934
f 10934 10940 10935
f 10941 10942 10943
f 10942 10944 10943
f 10944 10945 10943
f 10943 10945 10938
f 10945 10946 10938
f 10938 10946 10936
f 10943 10947 10941
f 10947 10948 10941
f 10941 10948 10949
f 2502 2500 10950
f 2500 10951 10950
f 10951 10952 10948
f 10952 10953 10948
f 10948 10953 10949
f 2504 2502 10954
f 2502 10948 10954
f 10954 10948 10955
f 10948 10947 10955
f 10955 10947 10956
f 10938 10957 10943
f 10957 10958 10943
f 10943 10958 10947
f 10958 10959 10947
f 10947 10959 10956
f 10960 10961 10938
f 10961 10962 10938
f 10938 10962 10957
f 10960 10938 10963
f 10938 10934 10963
f 10963 10934 10964
f 10965 10966 10967
f 10965 10967 10968
f 10967 10934 10968
f 10968 10934 10931
f 10934 10933 10931
f 10931 10933 10929
f 10966 10969 10967
f 10969 10970 10967
f 10967 10970 10934
f 10970 10971 10934
f 10934 10971 10964
f 10972 10973 10974
f 10975 10976 10977
f 10976 10978 10977
f 10977 10978 10979
f 10980 10981 10974
f 10981 10982 10974
f 10974 10982 10983
f 10982 10984 10983
f 10983 10984 10975
f 10980 10974 10985
f 10974 10986 10985
f 10985 10986 10987
f 10988 10989 10990
f 10989 10991 10990
f 10990 10991 10992
f 10991 10993 10992
f 10992 10993 10987
f 10994 10988 10995
f 2513 2509 10995
f 2509 10996 10995
f 10995 10996 10994
f 10997 10998 10995
f 10998 10999 10995
f 10995 10999 2513
f 10999 11000 2513
f 2513 11000 2500
f 10988 10990 10995
f 10990 11001 10995
f 10995 11001 10997
f 10974 10973 10992
f 10973 11002 10992
f 10992 11002 11003
f 11003 11004 10986
f 11004 11005 10986
f 10986 11005 10990
f 11005 11006 10990
f 10990 11006 11001
f 11007 11008 10983
f 11008 11009 10983
f 10983 11009 10974
f 11009 11010 10974
f 10974 11010 10972
f 10975 10977 10983
f 10977 11011 10983
f 10983 11011 11007
f 11012 11013 11014
f 11015 11016 11017
f 11015 11017 11013
f 11016 11018 11017
f 11018 11019 11017
f 11017 11019 11020
f 11021 11022 11014
f 11022 11023 11014
f 11014 11023 11012
f 11024 11025 11026
f 11025 11027 11026
f 11026 11027 11021
f 11028 11029 11030
f 11029 11031 11030
f 11030 11031 11024
f 2504 11032 11033
f 11032 11034 11033
f 11033 11034 11028
f 11034 11035 11028
f 11028 11035 11029
f 2504 11033 2503
f 11033 11036 2503
f 2503 11036 11037
f 11037 11038 2503
f 11038 11039 2503
f 2503 11039 2501
f 11030 11040 11028
f 11040 11041 11028
f 11028 11041 11033
f 11041 11042 11033
f 11033 11042 11036
f 11043 11044 11030
f 11044 11045 11030
f 11030 11045 11040
f 11024 11026 11030
f 11026 11046 11030
f 11030 11046 11043
f 11047 11048 11026
f 11048 11049 11026
f 11026 11049 11046
f 11021 11014 11026
f 11014 11050 11026
f 11026 11050 11047
f 11051 11052 11014
f 11052 11053 11014
f 11014 11053 11050
f 11013 11017 11014
f 11017 11054 11014
f 11014 11054 11051
f 11055 11056 11057
f 11058 11059 11060
f 11061 11059 11062
f 11059 11063 11062
f 11063 11059 11064
f 11059 11058 11064
f 11064 11058 11065
f 11057 11066 11067
f 11066 11068 11067
f 11068 11069 11067
f 11069 11070 11067
f 11067 11070 11058
f 11070 11071 11058
f 11058 11071 11065
f 11072 11073 11074
f 11073 11075 11074
f 11074 11075 11057
f 11075 11076 11057
f 11057 11076 11066
f 2517 11077 11078
f 11077 11079 11078
f 11079 11080 11078
f 11078 11080 11074
f 11080 11081 11074
f 11074 11081 11072
f 11082 11083 2508
f 11083 11084 2508
f 11084 11085 2508
f 2508 11085 2509
f 11086 11087 11074
f 11087 11082 11074
f 11074 11082 11078
f 11082 2508 11078
f 11078 2508 2517
f 11057 11056 11074
f 11056 11088 11074
f 11074 11088 11086
f 11089 11090 11067
f 11090 11091 11067
f 11067 11091 11057
f 11091 11092 11057
f 11057 11092 11055
f 11060 11093 11058
f 11093 11094 11058
f 11058 11094 11067
f 11094 11095 11067
f 11067 11095 11089
f 11096 11097 11098
f 11099 11100 11101
f 11102 11103 11104
f 11102 11104 11105
f 11106 11107 11108
f 11107 11098 11108
f 11106 11109 11107
f 11109 11110 11107
f 11107 11110 11105
f 11111 11112 11098
f 11112 11113 11098
f 11098 11113 11108
f 11114 11115 11116
f 11115 11117 11116
f 11116 11117 11098
f 11117 11118 11098
f 11098 11118 11111
f 11119 11114 11120
f 11119 11120 11121
f 11120 11101 11121
f 11121 11101 11122
f 2507 2501 11101
f 2501 11123 11101
f 11101 11123 11122
f 11101 11100 2507
f 11100 11124 2507
f 2507 11124 2506
f 11114 11116 11120
f 11116 11125 11120
f 11120 11125 11101
f 11125 11126 11101
f 11101 11126 11099
f 11127 11128 11116
f 11128 11129 11116
f 11116 11129 11125
f 11098 11097 11116
f 11097 11130 11116
f 11116 11130 11127
f 11105 11104 11107
f 11104 11131 11107
f 11107 11131 11132
f 11132 11133 11107
f 11133 11134 11107
f 11107 11134 11098
f 11134 11135 11098
f 11098 11135 11096
f 11136 11137 11138
f 11139 11140 11141
f 11139 11142 11140
f 11142 11143 11140
f 11140 11143 11144
f 11145 11146 11139
f 11146 11147 11139
f 11139 11147 11142
f 11145 11139 11148
f 11139 11149 11148
f 11148 11149 11150
f 11151 11152 11138
f 11152 11153 11138
f 11138 11153 11149
f 11153 11154 11149
f 11149 11154 11150
f 11155 11156 11157
f 11156 11158 11157
f 11157 11158 11151
f 11159 11160 11155
f 11160 11161 11155
f 11155 11161 11156
f 11159 11155 11162
f 11155 11163 11162
f 11162 11163 11164
f 2551 2543 11163
f 2543 11165 11163
f 11163 11165 11164
f 11155 11166 11163
f 11166 11167 11163
f 11163 11167 11168
f 11168 11169 11163
f 11169 11170 11163
f 11163 11170 2551
f 11170 11171 2551
f 2551 11171 2517
f 11151 11138 11157
f 11138 11137 11157
f 11157 11137 11172
f 11172 11173 11157
f 11173 11174 11157
f 11157 11174 11155
f 11174 11175 11155
f 11155 11175 11166
f 11141 11176 11139
f 11176 11177 11139
f 11139 11177 11149
f 11177 11178 11149
f 11178 11179 11149
f 11179 11180 11149
f 11149 11180 11138
f 11180 11181 11138
f 11138 11181 11136
f 11182 2537 2536
f 11183 11184 11185
f 11184 11186 11185
f 11185 11186 11187
f 11183 11188 11189
f 11188 11190 11189
f 11190 11191 11192
f 11191 11193 11192
f 11192 11193 11194
f 11195 11196 11197
f 11196 11198 11197
f 11197 11198 11193
f 11198 11199 11193
f 11193 11199 11194
f 11200 11201 11195
f 2506 11202 11203
f 11202 11204 11203
f 11204 11205 11203
f 11203 11205 11200
f 11205 11206 11200
f 11200 11206 11201
f 11182 2536 11207
f 2506 11203 2536
f 11203 11208 2536
f 2536 11208 11207
f 11209 11210 11200
f 11210 11211 11200
f 11200 11211 11203
f 11211 11212 11203
f 11203 11212 11208
f 11195 11197 11200
f 11197 11213 11200
f 11200 11213 11209
f 11214 11215 11193
f 11215 11216 11193
f 11193 11216 11197
f 11216 11217 11197
f 11197 11217 11213
f 11183 11185 11188
f 11185 11218 11188
f 11188 11218 11219
f 11219 11220 11188
f 11220 11221 11188
f 11188 11221 11193
f 11221 11222 11193
f 11193 11222 11214
f 11223 2543 2548
f 11224 11225 11226
f 11227 11228 11229
f 11228 11230 11229
f 11229 11230 11231
f 11231 11232 11229
f 11232 11233 11229
f 11229 11233 11234
f 11235 11236 11237
f 11226 11225 11238
f 11225 11239 11238
f 11238 11239 11235
f 11240 11241 11242
f 11241 11243 11242
f 11242 11243 11226
f 11243 11244 11226
f 11226 11244 11224
f 11245 11246 11247
f 11246 11248 11247
f 11247 11248 11249
f 2548 2550 11248
f 2550 11250 11248
f 11248 11250 11249
f 11251 11252 11248
f 11252 11253 11248
f 11248 11253 2548
f 11253 11254 2548
f 2548 11254 11223
f 11255 11256 11242
f 11256 11246 11242
f 11242 11246 11240
f 11246 11245 11240
f 11256 11257 11246
f 11257 11258 11246
f 11246 11258 11248
f 11258 11259 11248
f 11248 11259 11251
f 11260 11261 11226
f 11261 11262 11226
f 11226 11262 11242
f 11262 11263 11242
f 11242 11263 11255
f 11264 11265 11237
f 11265 11266 11237
f 11237 11266 11226
f 11266 11267 11226
f 11226 11267 11260
f 11268 11264 11229
f 11264 11237 11229
f 11229 11237 11227
f 11237 11236 11227
f 11269 11270 11271
f 11270 11272 11271
f 11271 11272 11273
f 11274 11275 11276
f 11275 11277 11276
f 11277 11278 11276
f 11276 11278 11269
f 11279 11280 11281
f 11280 11282 11281
f 11281 11282 11274
f 11283 11284 11285
f 11286 11287 11288
f 11287 11289 11288
f 11288 11289 11284
f 11290 11291 11286
f 11291 11292 11286
f 11286 11292 11287
f 2539 2537 11293
f 2537 11294 11293
f 11293 11294 11290
f 11290 11286 11293
f 11286 11295 11293
f 11293 11295 11296
f 11296 11297 11293
f 11297 11298 11293
f 11293 11298 2539
f 11298 11299 2539
f 2539 11299 2540
f 11300 11283 11279
f 11283 11285 11279
f 11279 11285 11280
f 11300 11301 11283
f 11301 11302 11283
f 11283 11302 11286
f 11302 11303 11286
f 11286 11303 11295
f 11304 11305 11281
f 11305 11306 11281
f 11281 11306 11279
f 11306 11307 11279
f 11279 11307 11300
f 11274 11276 11281
f 11276 11308 11281
f 11281 11308 11304
f 11309 11310 11276
f 11310 11311 11276
f 11276 11311 11308
f 11269 11271 11276
f 11271 11312 11276
f 11276 11312 11309
f 2550 2549 11313
f 11314 11315 11316
f 11315 11317 11316
f 11316 11317 11318
f 11319 11320 11316
f 11321 11322 11323
f 11322 11324 11323
f 11323 11324 11316
f 11324 11325 11316
f 11316 11325 11319
f 11321 11323 11326
f 11323 11327 11326
f 11326 11327 11328
f 11329 11330 11331
f 11330 11332 11331
f 11331 11332 11327
f 11332 11333 11327
f 11327 11333 11328
f 11334 11335 11336
f 11335 11337 11336
f 11336 11337 11331
f 11337 11338 11331
f 11331 11338 11329
f 11339 11334 11340
f 11339 11340 11341
f 2549 2542 11313
f 2542 11342 11313
f 11313 11342 11343
f 11344 11345 11313
f 11345 11346 11313
f 11313 11346 2550
f 11343 11341 11313
f 11341 11340 11313
f 11313 11340 11344
f 11340 11347 11344
f 11334 11336 11340
f 11336 11348 11340
f 11340 11348 11347
f 11349 11350 11331
f 11350 11351 11331
f 11331 11351 11336
f 11351 11352 11336
f 11336 11352 11348
f 11318 11353 11316
f 11353 11354 11316
f 11316 11354 11323
f 11354 11355 11323
f 11323 11355 11356
f 11356 11357 11323
f 11357 11358 11323
f 11323 11358 11327
f 11358 11359 11327
f 11327 11359 11331
f 11359 11360 11331
f 11331 11360 11349
f 11361 11362 2546
f 11362 11363 2546
f 2546 11363 2547
f 11364 11365 11366
f 11365 11367 11366
f 11366 11367 11368
f 11367 11369 11368
f 11368 11369 11361
f 11370 11371 11372
f 11371 11364 11372
f 11373 11374 11375
f 11375 11376 11373
f 11376 11377 11373
f 11373 11377 11370
f 11377 11378 11370
f 11370 11378 11371
f 11379 11380 11381
f 11379 11381 11382
f 11380 11383 11381
f 11383 11384 11381
f 11381 11384 11385
f 11374 11373 11385
f 11373 11386 11385
f 11385 11386 11381
f 11386 11387 11381
f 11381 11387 11382
f 11388 11389 11373
f 11389 11390 11373
f 11373 11390 11386
f 11390 11391 11386
f 11386 11391 11392
f 11370 11393 11394
f 11370 11394 11373
f 11394 11395 11373
f 11373 11395 11388
f 11364 11366 11372
f 11366 11396 11372
f 11372 11396 11397
f 11397 11398 11372
f 11398 11399 11372
f 11372 11399 11370
f 11399 11400 11370
f 11370 11400 11393
f 11361 2546 11368
f 2546 2540 11368
f 11368 2540 11401
f 11401 11402 11368
f 11402 11403 11368
f 11368 11403 11366
f 11403 11404 11366
f 11366 11404 11396
f 11405 11406 11407
f 11408 11409 11410
f 11411 11412 11408
f 11412 11413 11408
f 11408 11413 11409
f 11413 11414 11409
f 11409 11414 11415
f 11416 11417 11418
f 11418 11419 11416
f 11419 11420 11416
f 11416 11420 11408
f 11420 11421 11408
f 11408 11421 11411
f 11417 11416 11422
f 11416 11407 11422
f 11422 11407 11423
f 11424 11425 11426
f 11425 11427 11426
f 11426 11427 11407
f 11427 11428 11407
f 11407 11428 11423
f 11424 11426 11429
f 11426 11430 11429
f 11429 11430 11431
f 2541 2544 11432
f 2544 11433 11432
f 11433 11434 11432
f 11434 11435 11432
f 11432 11435 11436
f 2542 2541 11437
f 2541 11438 11437
f 11439 11432 11430
f 11432 11436 11430
f 11430 11436 11431
f 11439 11440 11432
f 11440 11441 11432
f 11432 11441 2541
f 11441 11442 2541
f 2541 11442 11438
f 11443 11444 11426
f 11444 11445 11426
f 11426 11445 11430
f 11445 11446 11430
f 11430 11446 11439
f 11407 11406 11426
f 11406 11447 11426
f 11426 11447 11443
f 11448 11449 11416
f 11449 11450 11416
f 11416 11450 11407
f 11450 11451 11407
f 11407 11451 11405
f 11410 11452 11408
f 11452 11453 11408
f 11408 11453 11416
f 11453 11454 11416
f 11416 11454 11448
f 11455 11456 11457
f 11458 11459 11460
f 11461 11462 11463
f 11462 11464 11463
f 11463 11464 11465
f 11465 11466 11463
f 11466 11467 11463
f 11463 11467 11468
f 11457 11469 11470
f 11469 11471 11470
f 11470 11471 11472
f 11472 11473 11470
f 11473 11474 11470
f 11470 11474 11461
f 11475 11476 11460
f 11476 11477 11460
f 11460 11477 11478
f 11477 11479 11478
f 11478 11479 11457
f 11479 11480 11457
f 11457 11480 11469
f 11481 11482 11483
f 11482 11484 11483
f 11483 11484 11485
f 11484 11486 11485
f 11485 11486 11475
f 11487 2545 11483
f 2545 2547 11483
f 11483 2547 11481
f 11487 11488 2545
f 11488 11489 2545
f 2545 11489 2544
f 11475 11460 11485
f 11460 11459 11485
f 11485 11459 11490
f 11490 11491 11485
f 11491 11492 11485
f 11485 11492 11493
f 11492 11494 11493
f 11493 11494 11487
f 11457 11456 11478
f 11456 11495 11478
f 11478 11495 11496
f 11496 11497 11478
f 11497 11498 11478
f 11478 11498 11460
f 11498 11499 11460
f 11460 11499 11458
f 11500 11501 11470
f 11501 11502 11470
f 11470 11502 11457
f 11502 11503 11457
f 11457 11503 11455
f 11461 11463 11470
f 11463 11504 11470
f 11470 11504 11500
f 11505 11506 11507
f 11508 11509 11510
f 11511 11512 11507
f 11513 11514 11515
f 11513 11515 11516
f 11517 11518 11519
f 11518 11516 11519
f 11507 11512 11519
f 11512 11520 11519
f 11519 11520 11517
f 11521 11522 11523
f 11522 11524 11523
f 11523 11524 11507
f 11524 11525 11507
f 11507 11525 11511
f 2526 2530 11510
f 2530 11526 11510
f 11526 11527 11510
f 11527 11528 11510
f 11510 11528 11529
f 11528 11530 11529
f 11529 11530 11521
f 11510 11509 2526
f 11509 11531 2526
f 2526 11531 2527
f 11521 11523 11529
f 11523 11532 11529
f 11529 11532 11510
f 11532 11533 11510
f 11510 11533 11508
f 11534 11535 11523
f 11535 11536 11523
f 11523 11536 11532
f 11507 11506 11523
f 11506 11537 11523
f 11523 11537 11534
f 11516 11515 11519
f 11515 11538 11519
f 11519 11538 11539
f 11539 11540 11519
f 11540 11541 11519
f 11519 11541 11507
f 11541 11542 11507
f 11507 11542 11505
f 11543 2555 2554
f 11544 11545 11546
f 11545 11547 11546
f 11546 11547 11548
f 11544 11549 11550
f 11549 11551 11550
f 11551 11549 11552
f 11549 11553 11552
f 11552 11553 11554
f 11555 11556 11557
f 11556 11558 11557
f 11557 11558 11553
f 11558 11559 11553
f 11553 11559 11554
f 11560 11561 11555
f 2527 11562 11563
f 11562 11564 11563
f 11564 11565 11563
f 11563 11565 11560
f 11565 11566 11560
f 11560 11566 11561
f 11543 2554 11567
f 2527 11563 2554
f 11563 11568 2554
f 2554 11568 11567
f 11569 11570 11560
f 11570 11571 11560
f 11560 11571 11563
f 11571 11572 11563
f 11563 11572 11568
f 11555 11557 11560
f 11557 11573 11560
f 11560 11573 11569
f 11574 11575 11553
f 11575 11576 11553
f 11553 11576 11557
f 11576 11577 11557
f 11557 11577 11573
f 11544 11546 11549
f 11546 11578 11549
f 11549 11578 11579
f 11579 11580 11549
f 11580 11581 11549
f 11549 11581 11553
f 11581 11582 11553
f 11553 11582 11574
f 11583 11584 11585
f 11586 11587 11588
f 11589 11590 11591
f 11592 11593 11594
f 11593 11595 11594
f 11594 11595 11589
f 11595 11596 11589
f 11589 11596 11597
f 11588 11587 11594
f 11587 11598 11594
f 11594 11598 11592
f 11599 11600 11601
f 11601 11602 11599
f 11602 11603 11599
f 11599 11603 11588
f 11603 11604 11588
f 11588 11604 11586
f 11584 11605 11600
f 11605 11606 11600
f 11606 11607 11600
f 11600 11607 11601
f 2529 2528 11585
f 2528 11608 11585
f 11585 11608 11583
f 11584 11600 11585
f 11600 11609 11585
f 11585 11609 11610
f 2530 2529 11611
f 2529 11585 11611
f 11611 11585 11612
f 11585 11610 11612
f 11613 11614 11600
f 11614 11615 11600
f 11600 11615 11609
f 11613 11600 11616
f 11600 11599 11616
f 11616 11599 11617
f 11599 11588 11617
f 11617 11588 11618
f 11589 11591 11619
f 11591 11620 11619
f 11619 11620 11621
f 11621 11622 11594
f 11622 11623 11594
f 11594 11623 11588
f 11623 11624 11588
f 11588 11624 11618
f 11625 11626 11627
f 11626 11628 11627
f 11627 11628 11629
f 11625 11630 11631
f 11630 11632 11631
f 11633 11634 11635
f 11635 11636 11633
f 11636 11637 11633
f 11633 11637 11630
f 11637 11638 11630
f 11630 11638 11632
f 11639 11640 11641
f 11642 11643 11644
f 11643 11645 11644
f 11644 11645 11639
f 11645 11646 11639
f 11639 11646 11640
f 11647 11648 11642
f 2556 2555 11647
f 2555 11649 11647
f 11647 11649 11648
f 11642 11644 11647
f 11644 11650 11647
f 11647 11650 11651
f 11651 11652 11647
f 11652 11653 11647
f 11647 11653 2556
f 11653 11654 2556
f 2556 11654 2557
f 11655 11639 11634
f 11639 11641 11634
f 11634 11641 11635
f 11655 11656 11639
f 11656 11657 11639
f 11639 11657 11644
f 11657 11658 11644
f 11644 11658 11650
f 11659 11660 11633
f 11660 11661 11633
f 11633 11661 11634
f 11661 11662 11634
f 11634 11662 11655
f 11663 11664 11630
f 11664 11665 11630
f 11630 11665 11633
f 11665 11666 11633
f 11633 11666 11659
f 11625 11627 11630
f 11627 11667 11630
f 11630 11667 11663
f 11668 11669 11670
f 11669 11671 11670
f 11670 11671 11672
f 11673 11674 11669
f 11674 11675 11669
f 11669 11675 11671
f 11675 11676 11671
f 11671 11676 11677
f 11678 11679 11680
f 11679 11681 11680
f 11681 11682 11680
f 11682 11683 11680
f 11680 11683 11669
f 11683 11684 11669
f 11669 11684 11673
f 11685 11686 11678
f 11686 11687 11678
f 11678 11687 11679
f 11688 11689 11690
f 11689 11691 11690
f 11690 11691 11685
f 11691 11692 11685
f 11685 11692 11686
f 11693 11694 11690
f 11694 11695 11690
f 11690 11695 11688
f 2525 2524 11696
f 2524 11697 11696
f 11696 11697 11693
f 2528 2525 11698
f 2525 11696 11698
f 11698 11696 11699
f 11696 11700 11699
f 11693 11690 11696
f 11690 11701 11696
f 11696 11701 11700
f 11702 11703 11690
f 11703 11704 11690
f 11690 11704 11701
f 11702 11690 11705
f 11690 11685 11705
f 11705 11685 11706
f 11706 11685 11707
f 11685 11678 11707
f 11707 11678 11708
f 11708 11678 11709
f 11678 11680 11709
f 11709 11680 11710
f 11668 11711 11669
f 11711 11712 11669
f 11669 11712 11680
f 11712 11713 11680
f 11680 11713 11710
f 11714 2559 2558
f 11715 11716 11717
f 11715 11717 11718
f 11719 11720 11721
f 11720 11722 11721
f 11719 11723 11724
f 11723 11725 11724
f 11724 11725 11718
f 11726 11727 11722
f 11727 11728 11722
f 11722 11728 11721
f 11729 11730 11731
f 11730 11732 11731
f 11731 11732 11733
f 11732 11734 11733
f 11733 11734 11735
f 2558 2557 11736
f 2557 11737 11736
f 11736 11737 11738
f 11739 11740 11731
f 11740 11736 11731
f 11731 11736 11729
f 11736 11738 11729
f 11740 11741 11736
f 11741 11742 11736
f 11736 11742 11743
f 11742 11744 11743
f 11743 11744 11714
f 11745 11746 11722
f 11746 11733 11722
f 11722 11733 11726
f 11733 11735 11726
f 11746 11747 11733
f 11747 11748 11733
f 11733 11748 11731
f 11748 11749 11731
f 11731 11749 11739
f 11750 11751 11724
f 11751 11752 11724
f 11724 11752 11722
f 11752 11753 11722
f 11722 11753 11745
f 11718 11717 11724
f 11717 11754 11724
f 11724 11754 11750
f 11755 2524 2523
f 11756 11757 11758
f 11756 11758 11759
f 11760 11761 11762
f 11761 11763 11762
f 11763 11764 11765
f 11764 11766 11765
f 11765 11766 11767
f 11768 11769 11770
f 11769 11771 11770
f 11771 11772 11770
f 11770 11772 11766
f 11772 11773 11766
f 11766 11773 11767
f 11774 2523 2522
f 2522 11775 11774
f 11775 11776 11774
f 11774 11776 11777
f 11778 11779 11774
f 11779 11780 11774
f 11774 11780 2523
f 11780 11781 2523
f 2523 11781 11755
f 11782 11783 11770
f 11783 11784 11770
f 11770 11784 11768
f 11784 11774 11768
f 11768 11774 11785
f 11774 11777 11785
f 11783 11786 11784
f 11786 11787 11784
f 11784 11787 11774
f 11787 11788 11774
f 11774 11788 11778
f 11789 11790 11766
f 11790 11791 11766
f 11766 11791 11770
f 11791 11792 11770
f 11770 11792 11782
f 11793 11794 11761
f 11794 11795 11761
f 11761 11795 11766
f 11795 11796 11766
f 11766 11796 11789
f 11797 11793 11758
f 11793 11761 11758
f 11758 11761 11759
f 11761 11760 11759
f 11798 11799 11800
f 11801 11802 11803
f 11804 11805 11806
f 11805 11807 11806
f 11806 11807 11808
f 11809 11804 11810
f 11811 11812 11800
f 11812 11813 11800
f 11800 11813 11810
f 11813 11814 11810
f 11810 11814 11809
f 11815 11816 11817
f 11816 11815 11818
f 11803 2511 2559
f 2559 11819 11803
f 11819 11820 11803
f 11803 11820 11815
f 11820 11821 11815
f 11815 11821 11818
f 11803 11802 2511
f 11802 11822 2511
f 2511 11822 2510
f 11811 11800 11817
f 11800 11823 11817
f 11817 11823 11815
f 11823 11824 11815
f 11815 11824 11803
f 11824 11825 11803
f 11803 11825 11801
f 11826 11827 11823
f 11827 11828 11823
f 11823 11828 11824
f 11800 11799 11823
f 11799 11829 11823
f 11823 11829 11826
f 11804 11806 11810
f 11806 11830 11810
f 11810 11830 11831
f 11831 11832 11810
f 11832 11833 11810
f 11810 11833 11800
f 11833 11834 11800
f 11800 11834 11798
f 11835 11836 11837
f 11838 2522 2516
f 11839 11840 11841
f 11842 11843 11844
f 11845 11846 11847
f 11845 11847 11848
f 11849 11850 11837
f 11850 11851 11837
f 11851 11852 11837
f 11837 11852 11844
f 11852 11853 11844
f 11844 11853 11842
f 11841 11840 11854
f 11840 11855 11854
f 11854 11855 11849
f 11856 2516 2515
f 2515 11857 11856
f 11857 11858 11856
f 11856 11858 11859
f 11860 11856 11841
f 11856 11859 11841
f 11841 11859 11839
f 11860 11861 11856
f 11861 11862 11856
f 11856 11862 2516
f 11862 11863 2516
f 2516 11863 11838
f 11849 11837 11854
f 11837 11836 11854
f 11854 11836 11864
f 11864 11865 11854
f 11865 11866 11854
f 11854 11866 11841
f 11866 11867 11841
f 11841 11867 11860
f 11868 11869 11844
f 11869 11870 11844
f 11844 11870 11837
f 11870 11871 11837
f 11837 11871 11835
f 11872 11868 11847
f 11868 11844 11847
f 11847 11844 11848
f 11844 11843 11848
f 11873 2519 2518
f 11874 11875 11876
f 11875 11877 11876
f 11876 11877 11878
f 11874 11879 11880
f 11879 11881 11880
f 11881 11879 11882
f 11879 11883 11882
f 11882 11883 11884
f 11885 11886 11887
f 11886 11888 11887
f 11887 11888 11883
f 11888 11889 11883
f 11883 11889 11884
f 11890 11891 11885
f 2510 11892 11893
f 11892 11894 11893
f 11894 11895 11893
f 11893 11895 11890
f 11895 11896 11890
f 11890 11896 11891
f 11873 2518 11897
f 2510 11893 2518
f 11893 11898 2518
f 2518 11898 11897
f 11899 11900 11890
f 11900 11901 11890
f 11890 11901 11893
f 11901 11902 11893
f 11893 11902 11898
f 11885 11887 11890
f 11887 11903 11890
f 11890 11903 11899
f 11904 11905 11883
f 11905 11906 11883
f 11883 11906 11907
f 11906 11908 11907
f 11907 11908 11903
f 11874 11876 11879
f 11876 11909 11879
f 11879 11909 11910
f 11910 11911 11879
f 11911 11912 11879
f 11879 11912 11883
f 11912 11913 11883
f 11883 11913 11904
f 11914 11915 11916
f 11917 11918 11919
f 11920 11921 11922
f 11923 11924 11925
f 11924 11926 11925
f 11925 11926 11920
f 11926 11927 11920
f 11920 11927 11928
f 11919 11918 11929
f 11918 11930 11929
f 11929 11930 11923
f 11931 11932 11933
f 11933 11934 11931
f 11934 11935 11931
f 11931 11935 11919
f 11935 11936 11919
f 11919 11936 11917
f 11915 11937 11932
f 11937 11938 11932
f 11938 11939 11932
f 11932 11939 11933
f 2514 2520 11916
f 2520 11940 11916
f 11916 11940 11914
f 11941 2515 2514
f 11941 2514 11942
f 11915 11932 11916
f 11932 11943 11916
f 11916 11943 2514
f 11943 11944 2514
f 2514 11944 11942
f 11945 11946 11932
f 11946 11947 11932
f 11932 11947 11943
f 11945 11932 11948
f 11932 11931 11948
f 11948 11931 11949
f 11931 11919 11949
f 11949 11919 11950
f 11920 11922 11925
f 11922 11951 11925
f 11925 11951 11952
f 11952 11953 11925
f 11953 11954 11925
f 11925 11954 11919
f 11954 11955 11919
f 11919 11955 11950
f 11956 11957 11958
f 11959 11960 11961
f 11960 11962 11961
f 11961 11962 11958
f 11962 11963 11958
f 11958 11963 11956
f 11964 11965 11966
f 11965 11967 11966
f 11966 11967 11961
f 11967 11968 11961
f 11961 11968 11959
f 11964 11969 11970
f 11969 11971 11970
f 11970 11971 11972
f 11973 11974 11971
f 11974 11975 11971
f 11971 11975 11972
f 11976 11977 11973
f 11977 11978 11973
f 11973 11978 11974
f 2521 2519 11979
f 2519 11980 11979
f 11979 11980 11976
f 2520 2521 11981
f 2521 11979 11981
f 11981 11979 11982
f 11979 11983 11982
f 11976 11973 11979
f 11973 11984 11979
f 11979 11984 11983
f 11985 11986 11973
f 11986 11987 11973
f 11973 11987 11984
f 11985 11973 11988
f 11973 11971 11988
f 11988 11971 11989
f 11989 11971 11990
f 11971 11969 11990
f 11990 11969 11991
f 11964 11966 11969
f 11966 11992 11969
f 11969 11992 11991
f 11993 11994 11966
f 11994 11995 11966
f 11966 11995 11992
f 11993 11966 11996
f 11966 11961 11996
f 11996 11961 11997
f 11997 11961 11998
f 11961 11958 11998
f 11998 11958 11999
f 12000 12001 12002
f 12003 12004 12005
f 12006 12007 12008
f 12007 12009 12008
f 12008 12009 12010
f 12011 12012 12006
f 12012 12013 12006
f 12006 12013 12007
f 12014 12011 12015
f 12011 12016 12015
f 12014 12017 12011
f 12017 12018 12011
f 12011 12018 12012
f 12019 12020 12016
f 12020 12021 12016
f 12016 12021 12015
f 12005 12004 12016
f 12004 12022 12016
f 12016 12022 12019
f 12002 12001 12005
f 12001 12023 12005
f 12005 12023 12003
f 2635 2638 12002
f 2638 12024 12002
f 12002 12024 12000
f 2636 2635 12025
f 2635 12002 12025
f 12025 12002 12026
f 12002 12027 12026
f 12027 12002 12028
f 12002 12005 12028
f 12028 12005 12029
f 12005 12016 12029
f 12029 12016 12030
f 12030 12016 12031
f 12016 12011 12031
f 12031 12011 12032
f 12033 12034 12006
f 12034 12035 12006
f 12006 12035 12011
f 12035 12036 12011
f 12011 12036 12032
f 12037 12038 12008
f 12038 12039 12008
f 12008 12039 12006
f 12039 12040 12006
f 12006 12040 12033
f 12041 12042 12043
f 12042 12044 12043
f 12043 12044 12045
f 12046 12047 12044
f 12048 12049 12042
f 12049 12050 12042
f 12050 12051 12042
f 12042 12051 12044
f 12051 12052 12044
f 12044 12052 12046
f 12048 12042 12053
f 12042 12054 12053
f 12053 12054 12055
f 12056 12057 12058
f 12057 12059 12058
f 12058 12059 12054
f 12059 12060 12054
f 12054 12060 12055
f 12061 12056 12062
f 12063 12064 12065
f 12063 12065 12062
f 12065 12066 12062
f 12062 12066 12061
f 12064 12063 12067
f 12063 12068 12067
f 12067 12068 12069
f 2639 2568 12068
f 2568 12070 12068
f 12068 12070 12069
f 2638 2639 12071
f 2639 12068 12071
f 12071 12068 12072
f 12068 12073 12072
f 12073 12068 12074
f 12068 12063 12074
f 12074 12063 12075
f 12076 12077 12062
f 12077 12078 12062
f 12062 12078 12063
f 12078 12079 12063
f 12063 12079 12075
f 12056 12058 12062
f 12058 12080 12062
f 12062 12080 12076
f 12081 12082 12058
f 12082 12083 12058
f 12058 12083 12080
f 12041 12084 12042
f 12084 12085 12042
f 12042 12085 12054
f 12085 12086 12054
f 12054 12086 12058
f 12086 12087 12058
f 12058 12087 12081
f 12088 12089 12090
f 12091 12092 12093
f 12092 12094 12095
f 12094 12096 12095
f 12096 12097 12095
f 12095 12097 12098
f 12099 12100 12101
f 12100 12102 12101
f 12101 12102 12093
f 12102 12103 12093
f 12093 12103 12091
f 12099 12104 12105
f 12104 12106 12105
f 12090 12107 12108
f 2636 12109 12090
f 12109 12110 12090
f 12110 12111 12090
f 12090 12111 12107
f 2636 12090 2637
f 12090 12089 2637
f 2637 12089 12112
f 12112 12113 2637
f 12113 12114 2637
f 2637 12114 2640
f 12106 12104 12108
f 12104 12115 12108
f 12108 12115 12090
f 12115 12116 12090
f 12090 12116 12088
f 12117 12118 12104
f 12118 12119 12104
f 12104 12119 12115
f 12119 12120 12115
f 12115 12120 12116
f 12099 12101 12104
f 12101 12121 12104
f 12104 12121 12117
f 12122 12123 12101
f 12123 12124 12101
f 12101 12124 12121
f 12125 12126 12093
f 12126 12127 12093
f 12093 12127 12101
f 12127 12128 12101
f 12101 12128 12122
f 12092 12095 12093
f 12095 12129 12093
f 12093 12129 12125
f 12130 2568 2567
f 12131 12132 12133
f 12132 12134 12133
f 12133 12134 12135
f 12136 12137 12138
f 12137 12139 12138
f 12138 12139 12131
f 12140 12141 12142
f 12142 12143 12140
f 12143 12144 12140
f 12140 12144 12136
f 12145 12146 12141
f 12146 12147 12141
f 12141 12147 12142
f 12148 12149 12150
f 12149 12148 12151
f 2567 2621 12148
f 2621 12152 12148
f 12148 12152 12151
f 12153 12148 12154
f 12148 12150 12154
f 12154 12150 12145
f 12153 12155 12148
f 12155 12156 12148
f 12148 12156 2567
f 12156 12157 2567
f 2567 12157 12130
f 12158 12159 12154
f 12159 12160 12154
f 12154 12160 12153
f 12145 12141 12154
f 12141 12161 12154
f 12154 12161 12158
f 12162 12163 12140
f 12163 12164 12140
f 12140 12164 12141
f 12164 12165 12141
f 12141 12165 12161
f 12136 12138 12140
f 12138 12166 12140
f 12140 12166 12162
f 12167 12168 12138
f 12168 12169 12138
f 12138 12169 12166
f 12131 12133 12138
f 12133 12170 12138
f 12138 12170 12167
f 12171 2553 2552
f 12172 12173 12174
f 12173 12175 12174
f 12174 12175 12176
f 12177 12178 12179
f 12179 12180 12177
f 12180 12181 12177
f 12177 12181 12172
f 12182 12183 12178
f 12183 12184 12178
f 12184 12185 12178
f 12178 12185 12179
f 12182 12178 12186
f 12178 12187 12186
f 12186 12187 12188
f 12188 12189 12190
f 12189 12191 12190
f 12190 12191 12192
f 12193 12194 12195
f 12193 12195 12196
f 2552 2641 12195
f 2641 2640 12195
f 12195 2640 12196
f 12197 12195 12191
f 12195 12194 12191
f 12191 12194 12192
f 12197 12198 12195
f 12198 12199 12195
f 12195 12199 2552
f 12199 12200 2552
f 2552 12200 12171
f 12201 12202 12187
f 12202 12203 12187
f 12187 12203 12191
f 12203 12204 12191
f 12191 12204 12197
f 12205 12206 12178
f 12206 12207 12178
f 12178 12207 12189
f 12207 12208 12189
f 12189 12208 12201
f 12172 12174 12177
f 12174 12209 12177
f 12177 12209 12210
f 12210 12211 12177
f 12211 12212 12177
f 12177 12212 12178
f 12212 12213 12178
f 12178 12213 12205
f 12214 12215 12216
f 12217 12218 12219
f 12220 2621 2622
f 12221 12222 12223
f 12222 12224 12223
f 12223 12224 12225
f 12225 12226 12223
f 12226 12227 12223
f 12223 12227 12228
f 12229 12230 12222
f 12230 12231 12222
f 12231 12232 12222
f 12232 12233 12222
f 12222 12233 12224
f 12216 12219 12234
f 12234 12235 12216
f 12235 12236 12216
f 12216 12236 12229
f 12236 12237 12229
f 12229 12237 12230
f 2622 2624 12238
f 2624 12239 12238
f 12239 12240 12238
f 12240 12241 12238
f 12238 12241 12219
f 12241 12242 12219
f 12219 12242 12234
f 12238 12243 12244
f 12238 12244 12245
f 12244 12246 12245
f 12245 12246 12220
f 12219 12218 12238
f 12218 12247 12238
f 12238 12247 12243
f 12216 12215 12248
f 12215 12249 12248
f 12248 12249 12217
f 12250 12251 12229
f 12251 12252 12229
f 12229 12252 12216
f 12252 12253 12216
f 12216 12253 12214
f 12221 12254 12222
f 12254 12255 12222
f 12222 12255 12229
f 12255 12256 12229
f 12229 12256 12250
f 12257 2561 2560
f 12258 12259 12260
f 12259 12261 12260
f 12260 12261 12262
f 12258 12263 12264
f 12263 12265 12264
f 12266 12267 12268
f 12267 12269 12268
f 12269 12270 12268
f 12270 12271 12268
f 12268 12271 12263
f 12271 12272 12263
f 12263 12272 12265
f 12273 12274 12275
f 12274 12276 12275
f 12275 12276 12277
f 12276 12278 12277
f 2560 2553 12279
f 2553 12280 12279
f 12280 12281 12279
f 12281 12282 12279
f 12279 12282 12278
f 12283 12284 12279
f 12284 12285 12279
f 12279 12285 2560
f 12285 12286 2560
f 2560 12286 12257
f 12278 12276 12279
f 12276 12287 12279
f 12279 12287 12283
f 12288 12289 12268
f 12289 12290 12268
f 12268 12290 12266
f 12290 12273 12266
f 12289 12291 12290
f 12291 12292 12290
f 12290 12292 12276
f 12292 12293 12276
f 12276 12293 12287
f 12294 12295 12263
f 12258 12260 12263
f 12260 12296 12263
f 12263 12296 12294
f 12295 12297 12263
f 12297 12298 12263
f 12263 12298 12268
f 12298 12299 12268
f 12268 12299 12288
f 12300 12301 12302
f 12303 12304 12300
f 12304 12305 12300
f 12300 12305 12306
f 12307 12308 12303
f 12308 12309 12303
f 12303 12309 12304
f 12307 12303 12310
f 12303 12311 12310
f 12310 12311 12312
f 12313 12314 12315
f 12314 12316 12315
f 12315 12316 12317
f 12313 12318 12314
f 12318 12319 12314
f 12314 12319 12311
f 12319 12320 12311
f 12311 12320 12312
f 12321 12322 12317
f 12321 12317 2578
f 12322 12323 12317
f 12323 12324 12317
f 12317 12324 12315
f 12325 12326 12317
f 2578 12317 2623
f 12317 12326 2623
f 2623 12326 2624
f 12327 12328 12317
f 12328 12329 12317
f 12317 12329 12325
f 12327 12317 12330
f 12317 12316 12330
f 12330 12316 12331
f 12316 12314 12331
f 12331 12314 12332
f 12302 12333 12300
f 12333 12334 12300
f 12300 12334 12303
f 12334 12335 12303
f 12303 12335 12336
f 12336 12337 12303
f 12337 12338 12303
f 12303 12338 12311
f 12338 12339 12311
f 12311 12339 12340
f 12339 12341 12340
f 12340 12341 12332
f 12342 2564 2563
f 12343 12344 12345
f 12343 12345 12346
f 12347 12346 12348
f 12347 12348 12349
f 12350 12351 12352
f 12351 12353 12352
f 12352 12353 12354
f 12350 12355 12351
f 12355 12356 12351
f 12351 12356 12348
f 12356 12357 12348
f 12348 12357 12349
f 12358 12359 12360
f 12359 12361 12360
f 12360 12361 12362
f 12361 12363 12362
f 12362 12363 12364
f 2563 2561 12365
f 2561 12366 12365
f 12365 12366 12367
f 12368 12369 12360
f 12369 12365 12360
f 12360 12365 12358
f 12365 12367 12358
f 12369 12370 12365
f 12370 12371 12365
f 12365 12371 2563
f 12371 12372 2563
f 2563 12372 12342
f 12373 12374 12353
f 12374 12362 12353
f 12353 12362 12354
f 12362 12364 12354
f 12374 12375 12362
f 12375 12376 12362
f 12362 12376 12360
f 12376 12377 12360
f 12360 12377 12368
f 12378 12379 12351
f 12379 12380 12351
f 12351 12380 12353
f 12380 12381 12353
f 12353 12381 12373
f 12382 12383 12348
f 12383 12384 12348
f 12348 12384 12351
f 12384 12385 12351
f 12351 12385 12378
f 12346 12345 12348
f 12345 12386 12348
f 12348 12386 12382
f 12387 12388 12389
f 12390 2578 2577
f 12391 12392 12393
f 12392 12394 12393
f 12393 12394 12395
f 12389 12396 12397
f 12396 12398 12397
f 12397 12398 12399
f 12400 12401 12389
f 12401 12402 12389
f 12389 12402 12396
f 12403 12404 12405
f 12404 12406 12405
f 12405 12406 12400
f 12407 12408 12409
f 12408 12407 12410
f 2577 2615 12407
f 2615 12411 12407
f 12407 12411 12410
f 12412 12407 12403
f 12407 12409 12403
f 12403 12409 12404
f 12412 12413 12407
f 12413 12414 12407
f 12407 12414 2577
f 12414 12415 2577
f 2577 12415 12390
f 12400 12389 12405
f 12389 12388 12405
f 12405 12388 12416
f 12416 12417 12405
f 12417 12418 12405
f 12405 12418 12403
f 12418 12419 12403
f 12403 12419 12412
f 12420 12421 12397
f 12421 12422 12397
f 12397 12422 12389
f 12422 12423 12389
f 12389 12423 12387
f 12424 12420 12393
f 12420 12397 12393
f 12393 12397 12391
f 12397 12399 12391
f 12425 12426 12427
f 12428 2585 2566
f 12425 12429 12430
f 12429 12431 12430
f 12430 12431 12432
f 12431 12433 12432
f 12432 12433 12428
f 12434 12435 12427
f 12435 12436 12427
f 12436 12437 12427
f 12427 12437 12425
f 12438 12439 12440
f 12441 12442 12443
f 12442 12444 12443
f 12443 12444 12438
f 12444 12445 12438
f 12438 12445 12439
f 12446 12447 12448
f 12447 12449 12448
f 12448 12449 12443
f 12449 12450 12443
f 12443 12450 12441
f 12451 12452 12448
f 12453 12454 12443
f 12454 12455 12443
f 12443 12455 12448
f 12455 12456 12448
f 12448 12456 12451
f 12457 12438 12458
f 12438 12440 12458
f 12458 12440 12459
f 12457 12460 12438
f 12460 12461 12438
f 12438 12461 12443
f 12461 12462 12443
f 12443 12462 12453
f 12463 12464 12458
f 12464 12465 12458
f 12465 12466 12458
f 12458 12466 12457
f 12459 12434 12458
f 12434 12427 12458
f 12458 12427 12463
f 12427 12430 12463
f 12463 12430 12467
f 12468 12469 12432
f 12469 12470 12432
f 12432 12470 12430
f 12470 12471 12430
f 12430 12471 12467
f 12428 2566 12432
f 2566 2564 12432
f 12432 2564 12468
f 12472 12473 12474
f 12475 12476 12477
f 12478 12476 12479
f 12476 12480 12479
f 12480 12476 12481
f 12476 12482 12481
f 12481 12482 12483
f 12474 12484 12485
f 12484 12486 12485
f 12486 12487 12488
f 12487 12489 12488
f 12488 12489 12475
f 12489 12490 12475
f 12475 12490 12483
f 12491 12492 12493
f 12492 12494 12493
f 12493 12494 12495
f 12494 12496 12495
f 12495 12496 12484
f 2597 12497 12498
f 12497 12499 12498
f 12499 12500 12498
f 12498 12500 12493
f 12500 12501 12493
f 12493 12501 12491
f 12502 12503 2616
f 12503 12504 2616
f 12504 12505 2616
f 2616 12505 2615
f 12506 12507 12493
f 12507 12502 12493
f 12493 12502 12498
f 12502 2616 12498
f 12498 2616 2597
f 12474 12473 12493
f 12473 12508 12493
f 12493 12508 12506
f 12509 12510 12488
f 12510 12511 12488
f 12488 12511 12474
f 12511 12512 12474
f 12474 12512 12472
f 12477 12513 12482
f 12513 12514 12482
f 12482 12514 12485
f 12514 12515 12485
f 12485 12515 12509
f 12516 12517 12518
f 12517 12519 12518
f 12518 12519 12520
f 12519 12521 12520
f 12520 12521 12522
f 12523 12524 12525
f 12524 12526 12525
f 12525 12526 12518
f 12526 12527 12518
f 12518 12527 12516
f 12523 12525 12528
f 12525 12529 12528
f 12528 12529 12530
f 12531 12532 12529
f 12532 12533 12529
f 12529 12533 12530
f 12534 12535 12531
f 12535 12536 12531
f 12536 12537 12531
f 12531 12537 12532
f 12538 12539 12540
f 12539 12541 12540
f 12540 12541 12542
f 12541 12543 12542
f 12542 12543 12534
f 12540 12544 12545
f 2585 12538 2584
f 12538 12540 2584
f 2584 12540 2582
f 12540 12545 2582
f 2582 12545 12546
f 12547 12548 12542
f 12548 12549 12542
f 12542 12549 12540
f 12549 12550 12540
f 12540 12550 12544
f 12534 12531 12542
f 12531 12551 12542
f 12542 12551 12547
f 12552 12553 12529
f 12553 12554 12529
f 12529 12554 12531
f 12554 12555 12531
f 12531 12555 12551
f 12556 12557 12525
f 12557 12558 12525
f 12525 12558 12529
f 12558 12559 12529
f 12529 12559 12552
f 12560 12561 12520
f 12561 12562 12520
f 12520 12562 12518
f 12562 12563 12518
f 12518 12563 12525
f 12563 12564 12525
f 12525 12564 12556
f 12565 12566 12567
f 12568 12569 12570
f 12568 12571 12569
f 12571 12572 12569
f 12569 12572 12573
f 12574 12575 12568
f 12575 12576 12568
f 12568 12576 12571
f 12574 12568 12577
f 12568 12578 12577
f 12577 12578 12579
f 12580 12581 12567
f 12581 12582 12567
f 12567 12582 12578
f 12582 12583 12578
f 12578 12583 12579
f 12584 12585 12586
f 12585 12587 12586
f 12586 12587 12580
f 12588 12589 12584
f 12589 12590 12584
f 12584 12590 12585
f 12588 12584 12591
f 12584 12592 12591
f 12591 12592 12593
f 2596 2595 12592
f 2595 12594 12592
f 12592 12594 12593
f 12584 12595 12592
f 12595 12596 12592
f 12592 12596 12597
f 12597 12598 12592
f 12598 12599 12592
f 12592 12599 2596
f 12599 12600 2596
f 2596 12600 2597
f 12580 12567 12586
f 12567 12566 12586
f 12586 12566 12601
f 12601 12602 12586
f 12602 12603 12586
f 12586 12603 12584
f 12603 12604 12584
f 12584 12604 12595
f 12570 12605 12568
f 12605 12606 12568
f 12568 12606 12578
f 12606 12607 12578
f 12607 12608 12578
f 12608 12609 12578
f 12578 12609 12567
f 12609 12610 12567
f 12567 12610 12565
f 12611 12612 12613
f 12614 12615 12616
f 12617 12618 12619
f 12618 12620 12621
f 12620 12622 12621
f 12621 12622 12623
f 12617 12619 12624
f 12613 12625 12626
f 12625 12627 12626
f 12626 12627 12619
f 12627 12628 12619
f 12619 12628 12624
f 12629 12630 12613
f 12630 12631 12613
f 12631 12632 12613
f 12613 12632 12625
f 12633 12634 12635
f 12634 12636 12635
f 12616 2581 2580
f 12546 12637 12616
f 12637 12638 12616
f 12616 12638 12635
f 12638 12639 12635
f 12635 12639 12633
f 12616 12615 2581
f 12615 12640 2581
f 2581 12640 12641
f 12629 12613 12636
f 12613 12642 12636
f 12636 12642 12635
f 12642 12643 12635
f 12635 12643 12616
f 12643 12644 12616
f 12616 12644 12614
f 12645 12646 12642
f 12646 12647 12642
f 12642 12647 12643
f 12613 12612 12648
f 12612 12649 12648
f 12648 12649 12645
f 12650 12651 12626
f 12651 12652 12626
f 12626 12652 12653
f 12652 12654 12653
f 12653 12654 12611
f 12618 12621 12619
f 12621 12655 12619
f 12619 12655 12656
f 12656 12657 12619
f 12657 12658 12619
f 12619 12658 12626
f 12658 12659 12626
f 12626 12659 12650
f 12660 2595 2594
f 12661 12662 12663
f 12661 12663 12664
f 12665 12666 12667
f 12666 12668 12667
f 12669 12668 12670
f 12668 12671 12670
f 12669 12672 12668
f 12672 12673 12668
f 12668 12673 12667
f 12674 12675 12671
f 12675 12676 12671
f 12671 12676 12670
f 12677 12678 12679
f 12678 12680 12679
f 12679 12680 12681
f 12680 12682 12681
f 12681 12682 12683
f 12677 12679 12684
f 12679 2594 12684
f 12684 2594 2590
f 12685 12686 12679
f 12686 12687 12679
f 12679 12687 2594
f 12687 12688 2594
f 2594 12688 12660
f 12689 12690 12671
f 12690 12681 12671
f 12671 12681 12674
f 12681 12683 12674
f 12690 12691 12681
f 12691 12692 12681
f 12681 12692 12679
f 12692 12693 12679
f 12679 12693 12685
f 12694 12695 12668
f 12695 12696 12668
f 12668 12696 12671
f 12696 12697 12671
f 12671 12697 12689
f 12698 12699 12666
f 12699 12700 12666
f 12666 12700 12701
f 12700 12702 12701
f 12701 12702 12694
f 12703 12698 12663
f 12698 12666 12663
f 12663 12666 12664
f 12666 12665 12664
f 12704 12705 12706
f 12707 2587 12708
f 12709 12710 12711
f 12710 12712 12711
f 12711 12712 12713
f 12709 12714 12715
f 12714 12716 12715
f 12717 12718 12719
f 12718 12720 12719
f 12719 12720 12714
f 12720 12721 12714
f 12714 12721 12716
f 12717 12719 12722
f 12719 12706 12722
f 12722 12706 12723
f 12724 12725 12726
f 12725 12727 12726
f 12726 12727 12728
f 12727 12729 12728
f 12728 12729 12723
f 12708 12641 12730
f 12641 12731 12730
f 12731 12732 12730
f 12732 12733 12730
f 12730 12733 12734
f 12733 12735 12734
f 12734 12735 12736
f 12707 12708 12737
f 12708 12730 12737
f 12737 12730 12738
f 12739 12740 12734
f 12740 12741 12734
f 12734 12741 12730
f 12741 12742 12730
f 12730 12742 12738
f 12743 12739 12726
f 12739 12734 12726
f 12726 12734 12724
f 12734 12736 12724
f 12706 12705 12726
f 12705 12744 12726
f 12726 12744 12743
f 12745 12746 12719
f 12746 12747 12719
f 12719 12747 12706
f 12747 12748 12706
f 12706 12748 12704
f 12749 12750 12714
f 12750 12751 12714
f 12714 12751 12719
f 12751 12752 12719
f 12719 12752 12745
f 12709 12711 12714
f 12711 12753 12714
f 12714 12753 12749
f 12754 12755 12756
f 12757 12758 12759
f 12760 12761 12759
f 12757 12759 12762
f 12759 12761 12762
f 12762 12761 12763
f 12764 12765 12759
f 12765 12766 12759
f 12759 12766 12760
f 12767 12768 12769
f 12768 12770 12769
f 12769 12770 12759
f 12770 12771 12759
f 12759 12771 12764
f 12755 12772 12773
f 12772 12774 12773
f 12773 12774 12767
f 12754 12756 12775
f 12776 12777 12778
f 12778 12779 12776
f 12779 12780 12776
f 12776 12780 12756
f 12780 12781 12756
f 12756 12781 12775
f 2591 2593 12777
f 2593 12782 12777
f 12782 12783 12777
f 12783 12784 12777
f 12777 12784 12778
f 2590 12785 12786
f 12785 12777 12786
f 12786 12777 12787
f 12777 12788 12787
f 12788 12777 12789
f 12777 12776 12789
f 12789 12776 12790
f 12791 12792 12756
f 12792 12793 12756
f 12756 12793 12776
f 12793 12794 12776
f 12776 12794 12790
f 12755 12773 12756
f 12773 12795 12756
f 12756 12795 12791
f 12767 12769 12773
f 12769 12796 12773
f 12773 12796 12797
f 12797 12798 12773
f 12798 12799 12773
f 12773 12799 12795
f 12758 12800 12759
f 12800 12801 12759
f 12759 12801 12769
f 12801 12802 12769
f 12769 12802 12796
f 12803 2593 2592
f 12803 12804 12805
f 12804 12806 12805
f 12807 12808 12809
f 12808 12810 12809
f 12809 12810 12804
f 12810 12811 12804
f 12804 12811 12806
f 12812 12813 12814
f 12813 12807 12814
f 12815 12816 12817
f 12816 12818 12817
f 12817 12818 12814
f 12818 12819 12814
f 12814 12819 12812
f 12820 12821 12822
f 12821 12823 12822
f 12822 12823 12824
f 12825 12826 12820
f 12826 12827 12820
f 12820 12827 12821
f 12825 12820 12828
f 12820 12829 12828
f 12828 12829 12830
f 12831 12832 12829
f 12833 12834 12820
f 12834 12835 12820
f 12820 12835 12829
f 12835 12836 12829
f 12829 12836 12831
f 12837 12822 12817
f 12822 12824 12817
f 12817 12824 12815
f 12837 12838 12822
f 12838 12839 12822
f 12822 12839 12820
f 12839 12840 12820
f 12820 12840 12833
f 12841 12842 12814
f 12842 12843 12814
f 12814 12843 12817
f 12843 12844 12817
f 12817 12844 12837
f 12807 12809 12814
f 12809 12845 12814
f 12814 12845 12841
f 12846 12847 12804
f 12847 12848 12804
f 12804 12848 12809
f 12848 12849 12809
f 12809 12849 12845
f 12803 2592 12804
f 2592 2587 12804
f 12804 2587 12846
f 12850 2618 2617
f 12851 12852 12853
f 12854 12855 12856
f 12854 12856 12857
f 12858 12859 12860
f 12859 12861 12860
f 12860 12861 12857
f 12858 12860 12862
f 12860 12863 12862
f 12862 12863 12864
f 12851 12865 12866
f 12865 12867 12866
f 12867 12868 12866
f 12866 12868 12863
f 12868 12869 12863
f 12863 12869 12864
f 12870 12871 12853
f 12870 12853 2569
f 12871 12872 12853
f 12872 12873 12853
f 12853 12873 12851
f 12850 2617 12874
f 2569 12853 2617
f 12853 12875 2617
f 2617 12875 12874
f 12876 12877 12878
f 12877 12879 12878
f 12878 12879 12853
f 12879 12880 12853
f 12853 12880 12875
f 12851 12866 12878
f 12866 12881 12878
f 12878 12881 12876
f 12882 12883 12863
f 12883 12884 12863
f 12863 12884 12866
f 12884 12885 12866
f 12866 12885 12881
f 12857 12856 12860
f 12856 12886 12860
f 12860 12886 12887
f 12887 12888 12860
f 12888 12889 12860
f 12860 12889 12863
f 12889 12890 12863
f 12863 12890 12882
f 12891 12892 12893
f 12894 12895 12896
f 12897 2600 2619
f 12898 12899 12900
f 12901 12902 12903
f 12902 12904 12903
f 12903 12904 12905
f 12901 12906 12907
f 12906 12908 12907
f 12900 12899 12909
f 12899 12910 12909
f 12910 12911 12909
f 12909 12911 12906
f 12911 12912 12906
f 12906 12912 12908
f 12913 12914 12915
f 12913 12915 12916
f 12915 12893 12916
f 12916 12893 12917
f 12917 12893 12918
f 12893 12896 12918
f 12918 12896 12919
f 2619 2618 12896
f 2618 12920 12896
f 12896 12920 12919
f 12896 12895 2619
f 12895 12921 2619
f 2619 12921 12897
f 12893 12892 12896
f 12892 12922 12896
f 12896 12922 12894
f 12923 12924 12900
f 12924 12915 12900
f 12900 12915 12898
f 12915 12914 12898
f 12924 12925 12915
f 12925 12926 12915
f 12915 12926 12893
f 12926 12927 12893
f 12893 12927 12891
f 12928 12929 12909
f 12929 12930 12909
f 12909 12930 12900
f 12930 12931 12900
f 12900 12931 12923
f 12932 12933 12906
f 12933 12934 12906
f 12906 12934 12909
f 12934 12935 12909
f 12909 12935 12928
f 12901 12903 12906
f 12903 12936 12906
f 12906 12936 12932
f 12937 12938 12939
f 12940 2569 2576
f 12941 12942 12943
f 12942 12944 12943
f 12943 12944 12945
f 12939 12946 12947
f 12946 12948 12947
f 12947 12948 12949
f 12950 12951 12939
f 12951 12952 12939
f 12939 12952 12946
f 12953 12954 12955
f 12954 12956 12955
f 12955 12956 12950
f 12957 12958 12959
f 12958 12957 12960
f 2576 2574 12957
f 2574 12961 12957
f 12957 12961 12960
f 12962 12957 12953
f 12957 12959 12953
f 12953 12959 12954
f 12962 12963 12957
f 12963 12964 12957
f 12957 12964 2576
f 12964 12965 2576
f 2576 12965 12940
f 12950 12939 12955
f 12939 12938 12955
f 12955 12938 12966
f 12966 12967 12955
f 12967 12968 12955
f 12955 12968 12953
f 12968 12969 12953
f 12953 12969 12962
f 12970 12971 12947
f 12971 12972 12947
f 12947 12972 12939
f 12972 12973 12939
f 12939 12973 12937
f 12974 12970 12943
f 12970 12947 12943
f 12943 12947 12941
f 12947 12949 12941
f 12975 12976 12977
f 12978 12979 12980
f 12979 12981 12980
f 12980 12981 12977
f 12981 12982 12977
f 12977 12982 12975
f 12983 12984 12985
f 12984 12986 12985
f 12985 12986 12980
f 12986 12987 12980
f 12980 12987 12978
f 12983 12985 12988
f 12985 12989 12988
f 12988 12989 12990
f 12990 12991 12992
f 12991 12993 12992
f 12992 12993 12994
f 12994 12993 12995
f 12993 12996 12995
f 12995 12996 12997
f 12998 12999 12996
f 12999 13000 12996
f 12996 13000 12997
f 2600 13001 13002
f 2600 13002 2602
f 13002 13003 2602
f 2602 13003 2603
f 13004 13005 13002
f 13005 13006 13002
f 13002 13006 13003
f 13001 12998 13002
f 12998 12996 13002
f 13002 12996 13004
f 12996 12993 13004
f 13004 12993 13007
f 12985 13008 12989
f 13008 13009 12989
f 12989 13009 12993
f 13009 13010 12993
f 12993 13010 13007
f 13011 13012 12980
f 13012 13013 12980
f 13013 13014 12980
f 12980 13014 12985
f 13014 13015 12985
f 12985 13015 13008
f 12977 13016 13017
f 13017 13018 12977
f 13018 13019 12977
f 12977 13019 12980
f 13019 13020 12980
f 12980 13020 13011
f 13021 13022 13023
f 13024 13025 13026
f 13027 13026 13028
f 13024 13026 13029
f 13030 13031 13027
f 13031 13032 13027
f 13027 13032 13026
f 13032 13033 13026
f 13026 13033 13029
f 13034 13035 13036
f 13035 13037 13036
f 13036 13037 13027
f 13037 13038 13027
f 13027 13038 13030
f 13039 13040 13041
f 13040 13042 13041
f 2572 2571 13043
f 2571 13044 13043
f 13044 13045 13043
f 13045 13046 13043
f 13043 13046 13047
f 13048 2572 13049
f 2572 13043 13049
f 13049 13043 13041
f 13043 13047 13041
f 13041 13047 13039
f 13048 13050 2572
f 13050 13051 2572
f 2572 13051 2574
f 13052 13053 13041
f 13053 13054 13041
f 13041 13054 13049
f 13034 13036 13042
f 13036 13023 13042
f 13042 13023 13041
f 13023 13022 13041
f 13041 13022 13052
f 13055 13056 13036
f 13056 13057 13036
f 13036 13057 13023
f 13057 13058 13023
f 13023 13058 13021
f 13028 13059 13027
f 13059 13060 13027
f 13027 13060 13036
f 13060 13061 13036
f 13036 13061 13055
f 13062 2599 2601
f 13063 13064 13065
f 13063 13065 13066
f 13064 13067 13065
f 13067 13068 13065
f 13065 13068 13069
f 13070 13071 13072
f 13071 13073 13072
f 13073 13074 13072
f 13074 13075 13072
f 13072 13075 13066
f 13076 13077 13078
f 13077 13079 13078
f 13078 13079 13070
f 13079 13080 13070
f 13070 13080 13071
f 13081 13082 13076
f 13082 13083 13076
f 2603 13084 13082
f 13084 13085 13082
f 13082 13085 13083
f 13062 2601 13086
f 2603 13082 2601
f 13082 13087 2601
f 2601 13087 13086
f 13088 13089 13090
f 13089 13091 13090
f 13090 13091 13082
f 13091 13092 13082
f 13082 13092 13087
f 13076 13078 13090
f 13078 13093 13090
f 13090 13093 13088
f 13094 13095 13070
f 13095 13096 13070
f 13070 13096 13078
f 13096 13097 13078
f 13078 13097 13093
f 13066 13065 13072
f 13065 13098 13072
f 13072 13098 13099
f 13099 13100 13072
f 13100 13101 13072
f 13072 13101 13070
f 13101 13102 13070
f 13070 13102 13094
f 13103 13104 13105
f 13104 13106 13105
f 13105 13106 13107
f 13106 13108 13107
f 13107 13108 13109
f 13110 13111 13112
f 13111 13113 13112
f 13112 13113 13105
f 13113 13114 13105
f 13105 13114 13103
f 13115 13116 13117
f 13116 13118 13117
f 13118 13119 13117
f 13117 13119 13112
f 13119 13120 13112
f 13112 13120 13110
f 2575 13121 13122
f 13121 13123 13122
f 13122 13123 13124
f 13125 13126 13122
f 2575 13122 2573
f 13122 13126 2573
f 2573 13126 2571
f 13127 13128 13129
f 13128 13130 13129
f 13129 13130 13122
f 13130 13131 13122
f 13122 13131 13125
f 13124 13132 13122
f 13132 13115 13122
f 13122 13115 13129
f 13115 13117 13129
f 13129 13117 13127
f 13133 13134 13112
f 13134 13135 13112
f 13112 13135 13117
f 13135 13136 13117
f 13117 13136 13127
f 13133 13112 13137
f 13112 13105 13137
f 13137 13105 13138
f 13107 13139 13140
f 13140 13141 13107
f 13141 13142 13107
f 13107 13142 13105
f 13142 13143 13105
f 13105 13143 13138
f 13144 13145 13146
f 13145 13147 13146
f 13146 13147 13148
f 13144 13149 13150
f 13149 13151 13150
f 13152 13153 13154
f 13154 13155 13152
f 13155 13156 13152
f 13152 13156 13149
f 13156 13157 13149
f 13149 13157 13151
f 13158 13159 13160
f 13161 13162 13163
f 13162 13164 13163
f 13163 13164 13158
f 13164 13165 13158
f 13158 13165 13159
f 13166 13167 13161
f 2598 2599 13166
f 2599 13168 13166
f 13166 13168 13167
f 13161 13163 13166
f 13163 13169 13166
f 13166 13169 13170
f 13170 13171 13166
f 13171 13172 13166
f 13166 13172 2598
f 13172 13173 2598
f 2598 13173 2610
f 13174 13158 13153
f 13158 13160 13153
f 13153 13160 13154
f 13174 13175 13158
f 13175 13176 13158
f 13158 13176 13163
f 13176 13177 13163
f 13163 13177 13169
f 13178 13179 13152
f 13179 13180 13152
f 13152 13180 13153
f 13180 13181 13153
f 13153 13181 13174
f 13182 13183 13149
f 13183 13184 13149
f 13149 13184 13152
f 13184 13185 13152
f 13152 13185 13178
f 13144 13146 13149
f 13146 13186 13149
f 13149 13186 13182
f 13187 13188 13189
f 13190 13191 13192
f 13191 13193 13192
f 13192 13193 13194
f 13195 13190 13196
f 13195 13196 13197
f 13197 13196 13198
f 13196 13189 13198
f 13198 13189 13199
f 13200 13201 13202
f 13201 13203 13202
f 13202 13203 13189
f 13203 13204 13189
f 13189 13204 13199
f 13200 13202 13205
f 13202 13206 13205
f 13205 13206 13207
f 13207 13206 13208
f 13206 13209 13208
f 13208 13209 13210
f 2614 2613 13209
f 2613 13211 13209
f 13209 13211 13210
f 2575 2614 13212
f 2614 13213 13212
f 13213 2614 13214
f 2614 13209 13214
f 13214 13209 13215
f 13209 13206 13215
f 13215 13206 13216
f 13189 13188 13202
f 13188 13217 13202
f 13202 13217 13218
f 13218 13219 13202
f 13219 13220 13202
f 13202 13220 13206
f 13220 13221 13206
f 13206 13221 13216
f 13222 13223 13196
f 13223 13224 13196
f 13196 13224 13189
f 13224 13225 13189
f 13189 13225 13187
f 13190 13192 13196
f 13192 13226 13196
f 13196 13226 13222
f 13227 13228 13229
f 13230 13231 13232
f 13233 13234 2612
f 13234 13235 2612
f 13235 13236 2612
f 2612 13236 2613
f 13237 13238 13239
f 13238 13240 13239
f 13239 13240 13233
f 13231 13241 13237
f 13241 13242 13237
f 13237 13242 13238
f 13243 13244 13232
f 13244 13245 13232
f 13232 13245 13230
f 13228 13246 13243
f 13246 13247 13243
f 13247 13248 13243
f 13243 13248 13244
f 13227 13229 13249
f 13250 13251 13252
f 13249 13229 13252
f 13229 13253 13252
f 13252 13253 13250
f 13254 13255 13229
f 13228 13243 13229
f 13243 13256 13229
f 13229 13256 13254
f 13255 13257 13229
f 13257 13258 13229
f 13229 13258 13253
f 13231 13237 13232
f 13237 13259 13232
f 13232 13259 13260
f 13260 13261 13232
f 13261 13262 13232
f 13232 13262 13243
f 13262 13263 13243
f 13243 13263 13256
f 13233 2612 13239
f 2612 2610 13239
f 13239 2610 13264
f 13264 13265 13239
f 13265 13266 13239
f 13239 13266 13267
f 13266 13268 13267
f 13267 13268 13259
f 13269 2690 2688
f 13270 13271 13272
f 13270 13272 13273
f 13274 13275 13276
f 13275 13277 13276
f 13276 13277 13273
f 13274 13276 13278
f 13276 13279 13278
f 13278 13279 13280
f 13281 13282 13283
f 13282 13284 13283
f 13284 13285 13283
f 13283 13285 13279
f 13285 13286 13279
f 13279 13286 13280
f 13287 13288 13289
f 13287 13289 2677
f 13288 13290 13289
f 13290 13291 13289
f 13289 13291 13292
f 13291 13293 13292
f 13292 13293 13281
f 13269 2688 13294
f 2677 13289 2688
f 13289 13295 2688
f 2688 13295 13294
f 13296 13297 13292
f 13297 13298 13292
f 13292 13298 13289
f 13298 13299 13289
f 13289 13299 13295
f 13281 13283 13292
f 13283 13300 13292
f 13292 13300 13296
f 13301 13302 13279
f 13302 13303 13279
f 13279 13303 13283
f 13303 13304 13283
f 13283 13304 13300
f 13273 13272 13276
f 13272 13305 13276
f 13276 13305 13306
f 13306 13307 13276
f 13307 13308 13276
f 13276 13308 13309
f 13308 13310 13309
f 13309 13310 13301
f 13311 13312 13313
f 13314 13315 13316
f 13315 13317 13316
f 13316 13317 13318
f 13318 13319 13316
f 13319 13320 13316
f 13316 13320 13313
f 13320 13321 13313
f 13313 13321 13311
f 13322 13323 13324
f 13323 13325 13324
f 13324 13325 13326
f 13325 13327 13326
f 13326 13327 13314
f 13327 13328 13314
f 13314 13328 13315
f 13322 13324 13329
f 13324 13330 13329
f 13329 13330 13331
f 13332 2693 2690
f 2690 13333 13332
f 13333 13334 13332
f 13332 13334 13330
f 13334 13335 13330
f 13330 13335 13331
f 2691 2693 13336
f 2693 13332 13336
f 13336 13332 13337
f 13332 13338 13337
f 13338 13332 13339
f 13332 13330 13339
f 13339 13330 13340
f 13340 13330 13341
f 13330 13324 13341
f 13341 13324 13342
f 13314 13343 13326
f 13343 13344 13326
f 13326 13344 13324
f 13344 13345 13324
f 13324 13345 13342
f 13346 13347 13314
f 13347 13348 13314
f 13314 13348 13343
f 13349 13350 13313
f 13350 13351 13313
f 13313 13351 13316
f 13351 13352 13316
f 13316 13352 13314
f 13352 13353 13314
f 13314 13353 13346
f 13354 13355 13356
f 13357 2677 2669
f 13358 13359 13360
f 13361 13362 13363
f 13364 13365 13366
f 13364 13366 13367
f 13359 13368 13356
f 13368 13369 13356
f 13369 13370 13356
f 13356 13370 13363
f 13370 13371 13363
f 13363 13371 13361
f 13372 13373 13374
f 13373 13375 13374
f 13374 13375 13376
f 13375 13377 13376
f 13376 13377 13358
f 2669 2668 13378
f 2668 13379 13378
f 13378 13379 13380
f 13381 13382 13374
f 13382 13378 13374
f 13374 13378 13372
f 13378 13380 13372
f 13382 13383 13378
f 13383 13384 13378
f 13378 13384 2669
f 13384 13385 2669
f 2669 13385 13357
f 13359 13356 13360
f 13356 13355 13360
f 13360 13355 13386
f 13386 13387 13360
f 13387 13388 13360
f 13360 13388 13374
f 13388 13389 13374
f 13374 13389 13381
f 13390 13391 13363
f 13391 13392 13363
f 13363 13392 13356
f 13392 13393 13356
f 13356 13393 13354
f 13394 13390 13366
f 13390 13363 13366
f 13366 13363 13367
f 13363 13362 13367
f 13395 2694 2692
f 13396 13397 13398
f 13399 13400 13401
f 13402 13403 13404
f 13403 13405 13406
f 13405 13407 13406
f 13406 13407 13408
f 13402 13404 13409
f 13401 13400 13404
f 13400 13410 13404
f 13404 13410 13409
f 13411 13412 13413
f 13412 13414 13413
f 13413 13414 13398
f 13414 13415 13398
f 13398 13415 13396
f 2692 2691 13416
f 2691 13417 13416
f 13416 13417 13418
f 13419 13420 13413
f 13420 13416 13413
f 13413 13416 13411
f 13416 13418 13411
f 13420 13421 13416
f 13421 13422 13416
f 13416 13422 2692
f 13422 13423 2692
f 2692 13423 13395
f 13424 13398 13401
f 13398 13397 13401
f 13401 13397 13399
f 13424 13425 13398
f 13425 13426 13398
f 13398 13426 13413
f 13426 13427 13413
f 13413 13427 13419
f 13428 13429 13401
f 13429 13430 13401
f 13401 13430 13424
f 13403 13406 13404
f 13406 13431 13404
f 13404 13431 13432
f 13432 13433 13404
f 13433 13434 13404
f 13404 13434 13401
f 13434 13435 13401
f 13401 13435 13428
f 13436 13437 13438
f 13439 13440 13441
f 13442 13443 13444
f 13445 13446 13447
f 13446 13448 13447
f 13447 13448 13442
f 13448 13449 13442
f 13442 13449 13450
f 13441 13440 13447
f 13440 13451 13447
f 13447 13451 13445
f 13452 13453 13454
f 13454 13455 13452
f 13455 13456 13452
f 13452 13456 13441
f 13456 13457 13441
f 13441 13457 13439
f 13437 13458 13453
f 13458 13459 13453
f 13459 13460 13453
f 13453 13460 13454
f 2667 2674 13438
f 2674 13461 13438
f 13438 13461 13436
f 13438 13462 13463
f 2668 2667 13464
f 2667 13438 13464
f 13464 13438 13465
f 13438 13463 13465
f 13437 13453 13438
f 13453 13466 13438
f 13438 13466 13462
f 13467 13468 13452
f 13468 13469 13452
f 13452 13469 13453
f 13469 13470 13453
f 13453 13470 13466
f 13467 13452 13471
f 13452 13441 13471
f 13471 13441 13472
f 13442 13444 13447
f 13444 13473 13447
f 13447 13473 13474
f 13474 13475 13447
f 13475 13476 13447
f 13447 13476 13477
f 13476 13478 13477
f 13477 13478 13472
f 13479 13480 13481
f 13480 13482 13481
f 13481 13482 13483
f 13484 13485 13486
f 13485 13487 13486
f 13487 13488 13486
f 13486 13488 13479
f 13489 13490 13491
f 13490 13492 13491
f 13491 13492 13493
f 13492 13494 13493
f 13493 13494 13484
f 13495 13496 13497
f 13496 13498 13497
f 13497 13498 13499
f 13498 13500 13499
f 13499 13500 13501
f 13502 13503 13495
f 13503 13502 13504
f 2698 2697 13502
f 2697 2694 13502
f 13502 2694 13504
f 13495 13497 13502
f 13497 13505 13502
f 13502 13505 13506
f 13506 13507 13502
f 13507 13508 13502
f 13502 13508 2698
f 13508 13509 2698
f 2698 13509 2701
f 13510 13499 13491
f 13499 13501 13491
f 13491 13501 13489
f 13510 13511 13499
f 13511 13512 13499
f 13499 13512 13497
f 13512 13513 13497
f 13497 13513 13505
f 13514 13515 13493
f 13515 13516 13493
f 13493 13516 13491
f 13516 13517 13491
f 13491 13517 13510
f 13484 13486 13493
f 13486 13518 13493
f 13493 13518 13514
f 13519 13520 13486
f 13520 13521 13486
f 13486 13521 13518
f 13479 13481 13486
f 13481 13522 13486
f 13486 13522 13519
f 13523 13524 13525
f 13523 13525 13526
f 13526 13527 13523
f 13527 13528 13523
f 13523 13528 13529
f 13530 13531 13526
f 13531 13532 13526
f 13526 13532 13527
f 13530 13526 13533
f 13526 13534 13533
f 13533 13534 13535
f 13536 13537 13538
f 13537 13539 13538
f 13538 13539 13534
f 13539 13540 13534
f 13534 13540 13535
f 13541 13542 13536
f 13542 13541 13543
f 13541 13544 13543
f 13543 13544 13545
f 13546 13547 13544
f 13547 13548 13544
f 13544 13548 13545
f 13549 13550 13546
f 2675 2676 13549
f 2676 13551 13549
f 13549 13551 13550
f 2674 2675 13552
f 2675 13549 13552
f 13552 13549 13553
f 13549 13554 13553
f 13546 13544 13549
f 13544 13555 13549
f 13549 13555 13554
f 13556 13557 13544
f 13557 13558 13544
f 13544 13558 13555
f 13556 13544 13559
f 13544 13541 13559
f 13559 13541 13560
f 13536 13538 13541
f 13538 13561 13541
f 13541 13561 13560
f 13562 13563 13534
f 13563 13564 13534
f 13534 13564 13538
f 13564 13565 13538
f 13538 13565 13561
f 13525 13566 13526
f 13566 13567 13526
f 13526 13567 13534
f 13567 13568 13534
f 13534 13568 13562
f 13569 2709 2705
f 13570 13571 13572
f 13570 13572 13573
f 13574 13575 13576
f 13575 13577 13576
f 13574 13578 13575
f 13578 13579 13575
f 13575 13579 13573
f 13580 13581 13577
f 13581 13582 13577
f 13577 13582 13576
f 13583 13584 13585
f 13584 13586 13585
f 13585 13586 13587
f 13586 13588 13587
f 13587 13588 13589
f 2705 2701 13590
f 2701 13591 13590
f 13590 13591 13592
f 13593 13594 13585
f 13594 13590 13585
f 13585 13590 13583
f 13590 13592 13583
f 13594 13595 13590
f 13595 13596 13590
f 13590 13596 2705
f 13596 13597 2705
f 2705 13597 13569
f 13598 13599 13577
f 13599 13587 13577
f 13577 13587 13580
f 13587 13589 13580
f 13599 13600 13587
f 13600 13601 13587
f 13587 13601 13585
f 13601 13602 13585
f 13585 13602 13593
f 13603 13604 13575
f 13604 13605 13575
f 13575 13605 13577
f 13605 13606 13577
f 13577 13606 13598
f 13573 13572 13575
f 13572 13607 13575
f 13575 13607 13603
f 13608 2676 2673
f 13609 13610 13611
f 13609 13611 13612
f 13613 13614 13615
f 13614 13616 13615
f 13616 13614 13617
f 13614 13618 13617
f 13617 13618 13619
f 13620 13621 13622
f 13621 13623 13622
f 13623 13624 13622
f 13622 13624 13618
f 13624 13625 13618
f 13618 13625 13619
f 13626 13627 13628
f 2673 2672 13627
f 2672 13629 13627
f 13627 13629 13630
f 13630 13631 13627
f 13631 13632 13627
f 13627 13632 13628
f 13633 13634 13627
f 13634 13635 13627
f 13627 13635 2673
f 13635 13636 2673
f 2673 13636 13608
f 13637 13638 13622
f 13638 13639 13622
f 13622 13639 13620
f 13639 13628 13620
f 13638 13640 13639
f 13640 13641 13639
f 13639 13641 13627
f 13641 13642 13627
f 13627 13642 13633
f 13643 13644 13618
f 13644 13645 13618
f 13618 13645 13622
f 13645 13646 13622
f 13622 13646 13637
f 13647 13648 13614
f 13648 13649 13614
f 13614 13649 13650
f 13649 13651 13650
f 13650 13651 13643
f 13652 13647 13611
f 13647 13614 13611
f 13611 13614 13612
f 13614 13613 13612
f 13653 13654 13655
f 13656 13657 13658
f 2672 2671 13659
f 2671 13660 13659
f 13658 13657 13661
f 13657 13662 13661
f 13661 13662 13663
f 13664 13665 13666
f 13665 13667 13666
f 13667 13668 13666
f 13666 13668 13658
f 13668 13669 13658
f 13658 13669 13656
f 13655 13654 13670
f 13654 13671 13670
f 13670 13671 13672
f 13673 13674 13655
f 13674 13675 13655
f 13655 13675 13653
f 13676 13677 13673
f 13676 13673 13678
f 13678 13673 13679
f 13673 13655 13679
f 13679 13655 13680
f 13681 13682 13670
f 13682 13683 13670
f 13683 13684 13670
f 13670 13684 13655
f 13684 13685 13655
f 13655 13685 13680
f 13672 13664 13670
f 13664 13666 13670
f 13670 13666 13681
f 13666 13658 13681
f 13681 13658 13686
f 13687 13688 13661
f 13688 13689 13661
f 13661 13689 13658
f 13689 13690 13658
f 13658 13690 13686
f 2709 13687 13691
f 13687 13661 13691
f 13691 13661 2671
f 13661 13663 2671
f 2671 13663 13660
f 13692 13693 13694
f 13695 2644 2643
f 13696 13697 13698
f 13699 13700 13701
f 13699 13701 13702
f 13703 13704 13705
f 13704 13706 13705
f 13706 13707 13705
f 13705 13707 13701
f 13707 13708 13701
f 13701 13708 13702
f 13709 13703 13710
f 13711 13712 13713
f 13712 13714 13713
f 13713 13714 13710
f 13714 13715 13710
f 13710 13715 13709
f 13716 13717 13694
f 13717 13718 13694
f 13718 13719 13694
f 13694 13719 13720
f 13719 13721 13720
f 13720 13721 13722
f 2631 13716 2642
f 13716 13694 2642
f 2642 13694 2643
f 13694 13693 2643
f 2643 13693 13695
f 13723 13720 13713
f 13720 13722 13713
f 13713 13722 13711
f 13723 13724 13720
f 13724 13725 13720
f 13720 13725 13694
f 13725 13726 13694
f 13694 13726 13692
f 13727 13728 13710
f 13728 13729 13710
f 13710 13729 13713
f 13729 13730 13713
f 13713 13730 13723
f 13703 13705 13710
f 13705 13731 13710
f 13710 13731 13727
f 13732 13733 13705
f 13733 13734 13705
f 13705 13734 13731
f 13735 13701 13698
f 13701 13700 13698
f 13698 13700 13696
f 13735 13736 13701
f 13736 13737 13701
f 13701 13737 13705
f 13737 13738 13705
f 13705 13738 13732
f 13739 13740 13741
f 13740 13742 13741
f 13742 13743 13741
f 13741 13743 13744
f 13745 13739 13746
f 13745 13746 13747
f 13748 13749 13750
f 13749 13751 13750
f 13750 13751 13746
f 13751 13752 13746
f 13746 13752 13747
f 13753 13754 13755
f 13754 13756 13755
f 13755 13756 13757
f 13756 13758 13757
f 13757 13758 13748
f 2604 2644 13759
f 13760 2605 2604
f 2604 13759 13760
f 13759 13761 13760
f 13760 13761 13762
f 2606 2605 13763
f 2605 13764 13763
f 13765 13760 13755
f 13760 13762 13755
f 13755 13762 13753
f 13765 13766 13760
f 13766 13767 13760
f 13760 13767 2605
f 13767 13768 2605
f 2605 13768 13764
f 13769 13770 13757
f 13770 13771 13757
f 13757 13771 13755
f 13771 13772 13755
f 13755 13772 13765
f 13748 13750 13757
f 13750 13773 13757
f 13757 13773 13769
f 13774 13775 13750
f 13775 13776 13750
f 13750 13776 13773
f 13777 13778 13746
f 13778 13779 13746
f 13746 13779 13750
f 13779 13780 13750
f 13750 13780 13774
f 13739 13741 13746
f 13741 13781 13746
f 13746 13781 13777
f 13782 13783 13784
f 13785 13786 13787
f 13788 13789 13784
f 13790 13791 13792
f 13793 13794 13795
f 13793 13795 13796
f 13784 13789 13792
f 13789 13797 13792
f 13792 13797 13790
f 13798 13799 13800
f 13799 13801 13800
f 13800 13801 13788
f 13802 13803 13787
f 13803 13804 13787
f 13787 13804 13800
f 13804 13805 13800
f 13800 13805 13798
f 13806 13807 13808
f 13807 13809 13808
f 13808 13809 13810
f 13809 13811 13810
f 13810 13811 13802
f 13812 2629 13808
f 2629 2628 13808
f 13808 2628 13806
f 13812 13813 2629
f 13813 13814 2629
f 2629 13814 2631
f 13802 13787 13810
f 13787 13786 13810
f 13810 13786 13815
f 13815 13816 13810
f 13816 13817 13810
f 13810 13817 13808
f 13817 13818 13808
f 13808 13818 13812
f 13788 13784 13800
f 13784 13783 13800
f 13800 13783 13819
f 13819 13820 13800
f 13820 13821 13800
f 13800 13821 13787
f 13821 13822 13787
f 13787 13822 13785
f 13823 13824 13792
f 13824 13825 13792
f 13792 13825 13784
f 13825 13826 13784
f 13784 13826 13782
f 13827 13823 13795
f 13823 13792 13795
f 13795 13792 13796
f 13792 13791 13796
f 13828 2608 2607
f 13829 13830 13831
f 13830 13832 13831
f 13831 13832 13833
f 13834 13835 13836
f 13836 13837 13834
f 13837 13838 13834
f 13834 13838 13829
f 13839 13840 13835
f 13840 13841 13835
f 13835 13841 13836
f 13842 13843 13844
f 13844 13845 13842
f 13845 13846 13842
f 13842 13846 13835
f 13846 13847 13835
f 13835 13847 13839
f 13848 13849 13850
f 13849 13848 13851
f 2607 2606 13848
f 2606 13852 13848
f 13848 13852 13851
f 13853 13848 13843
f 13848 13850 13843
f 13843 13850 13844
f 13853 13854 13848
f 13854 13855 13848
f 13848 13855 2607
f 13855 13856 2607
f 2607 13856 13828
f 13857 13858 13842
f 13858 13859 13842
f 13842 13859 13843
f 13859 13860 13843
f 13843 13860 13853
f 13861 13862 13835
f 13862 13863 13835
f 13835 13863 13842
f 13863 13864 13842
f 13842 13864 13857
f 13829 13831 13834
f 13831 13865 13834
f 13834 13865 13866
f 13866 13867 13834
f 13867 13868 13834
f 13834 13868 13835
f 13868 13869 13835
f 13835 13869 13861
f 13870 13871 13872
f 13871 13873 13872
f 13872 13873 13874
f 13873 13875 13874
f 13876 13877 13878
f 13876 13878 13873
f 13878 13879 13873
f 13873 13879 13875
f 13880 13881 13882
f 13881 13883 13882
f 13882 13883 13876
f 13883 13884 13876
f 13876 13884 13877
f 13880 13882 13885
f 13882 13886 13885
f 13885 13886 13887
f 13888 13889 13886
f 13889 13890 13886
f 13886 13890 13887
f 13891 13892 13893
f 13892 13894 13893
f 13893 13894 13888
f 2627 2626 13891
f 2626 13895 13891
f 13895 13896 13891
f 13896 13897 13891
f 13891 13897 13892
f 13898 13899 2627
f 13899 13900 2627
f 2627 13900 2628
f 13898 2627 13901
f 2627 13891 13901
f 13901 13891 13902
f 13891 13893 13902
f 13902 13893 13903
f 13888 13886 13893
f 13886 13904 13893
f 13893 13904 13903
f 13905 13906 13886
f 13906 13907 13886
f 13886 13907 13904
f 13908 13909 13876
f 13909 13910 13876
f 13876 13910 13882
f 13910 13911 13882
f 13882 13911 13886
f 13911 13912 13886
f 13886 13912 13905
f 13873 13913 13914
f 13873 13914 13876
f 13914 13915 13876
f 13876 13915 13908
f 13913 13873 13916
f 13873 13871 13916
f 13916 13871 13917
f 13918 2609 2611
f 13919 13920 13921
f 13920 13922 13921
f 13921 13922 13923
f 13919 13924 13925
f 13924 13926 13925
f 13927 13928 13929
f 13928 13930 13929
f 13930 13931 13929
f 13931 13932 13929
f 13929 13932 13924
f 13932 13933 13924
f 13924 13933 13926
f 13934 13935 13936
f 13935 13937 13936
f 13936 13937 13938
f 13937 13939 13938
f 2611 2608 13940
f 2608 13941 13940
f 13941 13942 13940
f 13942 13943 13940
f 13940 13943 13939
f 13944 13945 13940
f 13945 13946 13940
f 13940 13946 2611
f 13946 13947 2611
f 2611 13947 13918
f 13939 13937 13940
f 13937 13948 13940
f 13940 13948 13944
f 13949 13950 13929
f 13950 13935 13929
f 13929 13935 13927
f 13935 13934 13927
f 13950 13951 13935
f 13951 13952 13935
f 13935 13952 13937
f 13952 13953 13937
f 13937 13953 13948
f 13954 13955 13924
f 13919 13921 13924
f 13921 13956 13924
f 13924 13956 13954
f 13955 13957 13924
f 13957 13958 13924
f 13924 13958 13929
f 13958 13959 13929
f 13929 13959 13949
f 13960 13961 13962
f 13961 13963 13962
f 13963 13961 13964
f 13961 13965 13964
f 13964 13965 13966
f 13966 13965 13967
f 13965 13968 13967
f 13967 13968 13969
f 13970 13971 13972
f 13971 13973 13972
f 13972 13973 13974
f 13974 13975 13972
f 13975 13976 13972
f 13972 13976 13968
f 13976 13977 13968
f 13968 13977 13969
f 13978 13979 13980
f 13979 13981 13980
f 13980 13981 13970
f 13981 13982 13970
f 13970 13982 13971
f 13983 13978 13984
f 2625 2630 13984
f 2630 13985 13984
f 13984 13985 13983
f 2626 2625 13986
f 2625 13984 13986
f 13986 13984 13987
f 13984 13988 13987
f 13978 13980 13984
f 13980 13989 13984
f 13984 13989 13988
f 13990 13991 13970
f 13991 13992 13970
f 13970 13992 13980
f 13992 13993 13980
f 13980 13993 13989
f 13990 13970 13994
f 13970 13972 13994
f 13994 13972 13995
f 13996 13997 13968
f 13997 13998 13968
f 13968 13998 13972
f 13998 13999 13972
f 13972 13999 13995
f 13996 13968 14000
f 13968 13965 14000
f 14000 13965 14001
f 14002 14003 13961
f 14003 14004 13961
f 13961 14004 13965
f 14004 14005 13965
f 13965 14005 14001
f 14006 14007 14008
f 14009 14010 14011
f 14012 14013 14014
f 14013 14015 14014
f 14014 14015 14011
f 14015 14016 14011
f 14011 14016 14009
f 14017 14018 14019
f 14018 14020 14019
f 14019 14020 14014
f 14020 14021 14014
f 14014 14021 14012
f 14022 14017 14023
f 14024 14025 14026
f 14025 14027 14026
f 14026 14027 14028
f 2609 14029 14024
f 14029 14030 14024
f 14024 14030 14025
f 2609 14024 2633
f 14024 14031 2633
f 2633 14031 14032
f 14032 14033 2633
f 14033 14034 2633
f 2633 14034 2630
f 14035 14026 14023
f 14026 14028 14023
f 14023 14028 14022
f 14035 14036 14026
f 14036 14037 14026
f 14026 14037 14024
f 14037 14038 14024
f 14024 14038 14031
f 14039 14040 14023
f 14040 14041 14023
f 14023 14041 14035
f 14017 14019 14023
f 14019 14042 14023
f 14023 14042 14039
f 14043 14044 14014
f 14044 14045 14014
f 14014 14045 14019
f 14045 14046 14019
f 14019 14046 14042
f 14047 14011 14008
f 14011 14010 14008
f 14008 14010 14006
f 14047 14048 14011
f 14048 14049 14011
f 14011 14049 14014
f 14049 14050 14014
f 14014 14050 14043
f 14051 14052 14053
f 14054 14055 14056
f 14057 2647 2687
f 14058 14059 14060
f 14059 14061 14060
f 14060 14061 14062
f 14063 14064 14065
f 14065 14066 14063
f 14066 14067 14063
f 14063 14067 14058
f 14068 14069 14056
f 14069 14070 14056
f 14070 14071 14056
f 14056 14071 14072
f 14068 14073 14074
f 14073 14075 14074
f 2689 14076 14077
f 14076 14078 14077
f 14078 14079 14077
f 14077 14079 14080
f 14079 14081 14080
f 14080 14081 14075
f 14057 2687 14082
f 2689 14077 2687
f 14077 14083 2687
f 2687 14083 14082
f 14068 14056 14073
f 14056 14055 14073
f 14073 14055 14084
f 14084 14085 14073
f 14085 14086 14073
f 14073 14086 14077
f 14086 14087 14077
f 14077 14087 14083
f 14064 14088 14072
f 14088 14053 14072
f 14072 14053 14056
f 14053 14052 14056
f 14056 14052 14054
f 14089 14090 14063
f 14090 14091 14063
f 14063 14091 14092
f 14091 14093 14092
f 14092 14093 14051
f 14058 14060 14063
f 14060 14094 14063
f 14063 14094 14089
f 14095 14096 14097
f 14095 14097 14098
f 14098 14097 14099
f 14097 14100 14099
f 14099 14100 14101
f 14102 14103 14104
f 14103 14105 14104
f 14105 14106 14104
f 14104 14106 14100
f 14106 14107 14100
f 14100 14107 14101
f 14104 14108 14102
f 14108 14109 14102
f 14102 14109 14110
f 14109 14111 14110
f 14111 14109 14112
f 14109 14113 14112
f 14112 14113 14114
f 2648 2647 14113
f 2647 14115 14113
f 14113 14115 14114
f 2649 2648 14116
f 2648 14113 14116
f 14116 14113 14117
f 14113 14109 14117
f 14117 14109 14118
f 14109 14119 14118
f 14118 14119 14120
f 14119 14104 14120
f 14120 14104 14121
f 14104 14100 14121
f 14121 14100 14122
f 14100 14097 14122
f 14123 14124 14125
f 14126 14127 14128
f 14126 14129 14127
f 14129 14130 14127
f 14127 14130 14131
f 14132 14133 14126
f 14133 14134 14126
f 14126 14134 14129
f 14132 14126 14135
f 14126 14136 14135
f 14135 14136 14137
f 14138 14139 14140
f 14139 14141 14140
f 14140 14141 14136
f 14141 14142 14136
f 14136 14142 14137
f 14125 14143 14144
f 14143 14145 14144
f 14144 14145 14138
f 14146 14147 14125
f 14147 14148 14125
f 14125 14148 14143
f 14146 14125 14149
f 14125 14150 14149
f 14149 14150 14151
f 2696 2686 14150
f 2686 14152 14150
f 14150 14152 14151
f 14125 14124 14150
f 14124 14153 14150
f 14150 14153 14154
f 14154 14155 14150
f 14155 14156 14150
f 14150 14156 2696
f 14156 14157 2696
f 2696 14157 2689
f 14158 14159 14144
f 14159 14160 14144
f 14144 14160 14125
f 14160 14161 14125
f 14125 14161 14123
f 14138 14140 14144
f 14140 14162 14144
f 14144 14162 14158
f 14163 14164 14136
f 14164 14165 14136
f 14136 14165 14140
f 14165 14166 14140
f 14140 14166 14162
f 14128 14167 14126
f 14167 14168 14126
f 14126 14168 14136
f 14168 14169 14136
f 14136 14169 14163
f 14170 14171 14172
f 14173 14174 14175
f 14176 14177 14178
f 14179 14180 14181
f 14182 14183 14184
f 14185 14186 2657
f 14186 14187 2657
f 2657 14187 2658
f 14188 14189 14190
f 14191 14188 14192
f 14188 14190 14192
f 14192 14190 14193
f 14194 14191 14195
f 14191 14192 14195
f 14195 14192 14196
f 14192 14193 14196
f 14196 14193 14197
f 14193 14198 14197
f 14183 14198 14184
f 14198 14193 14184
f 14184 14193 14199
f 14193 14190 14199
f 14199 14190 14200
f 14190 14189 14200
f 14200 14189 14201
f 14180 14182 14181
f 14182 14184 14181
f 14181 14184 14202
f 14184 14199 14202
f 14202 14199 14203
f 14199 14200 14203
f 14203 14200 14204
f 14200 14201 14204
f 14204 14201 14205
f 14206 14207 14208
f 14208 14179 14206
f 14179 14181 14206
f 14206 14181 14209
f 14181 14202 14209
f 14209 14202 14210
f 14202 14203 14210
f 14210 14203 14211
f 14203 14204 14211
f 14211 14204 14185
f 14204 14205 14185
f 14185 14205 14186
f 14177 14207 14178
f 14207 14206 14178
f 14178 14206 14212
f 14206 14209 14212
f 14212 14209 14213
f 14209 14210 14213
f 14213 14210 14214
f 14210 14211 14214
f 14214 14211 14215
f 14211 14185 14215
f 14215 14185 2656
f 14185 2657 2656
f 2656 2653 14215
f 2653 14216 14215
f 14215 14216 14214
f 14216 14217 14214
f 14214 14217 14213
f 14217 14218 14213
f 14213 14218 14212
f 14218 14219 14212
f 14212 14219 14178
f 14219 14175 14178
f 14178 14175 14176
f 14175 14174 14176
f 2651 2650 14220
f 2650 14221 14220
f 14220 14221 14222
f 2654 2651 14223
f 2651 14220 14223
f 14223 14220 14224
f 14220 14222 14224
f 14224 14222 14225
f 2655 2654 14226
f 2654 14223 14226
f 14226 14223 14227
f 14223 14224 14227
f 14227 14224 14228
f 14224 14225 14228
f 14228 14225 14229
f 2652 2655 14230
f 2655 14226 14230
f 14230 14226 14231
f 14226 14227 14231
f 14231 14227 14232
f 14227 14228 14232
f 14232 14228 14233
f 14228 14229 14233
f 14233 14229 14172
f 2653 2652 14216
f 2652 14230 14216
f 14216 14230 14217
f 14230 14231 14217
f 14217 14231 14218
f 14231 14232 14218
f 14218 14232 14219
f 14232 14233 14219
f 14219 14233 14175
f 14233 14172 14175
f 14175 14172 14173
f 14172 14171 14173
f 2650 2649 14221
f 2649 14116 14221
f 14221 14116 14222
f 14116 14117 14222
f 14222 14117 14225
f 14117 14118 14225
f 14225 14118 14229
f 14118 14120 14229
f 14229 14120 14172
f 14120 14121 14172
f 14172 14121 14170
f 14121 14122 14170
f 14234 2686 2685
f 14235 14236 14237
f 14238 14239 14240
f 14241 14242 14243
f 14244 14245 14246
f 14244 14246 14247
f 14240 14239 14243
f 14239 14248 14243
f 14243 14248 14241
f 14249 14250 14251
f 14250 14252 14251
f 14251 14252 14240
f 14252 14253 14240
f 14240 14253 14238
f 14254 14255 14256
f 14237 14236 14257
f 14236 14258 14257
f 14257 14258 14254
f 2685 2684 14237
f 2684 14259 14237
f 14237 14259 14235
f 14260 14261 14237
f 14261 14262 14237
f 14237 14262 2685
f 14262 14263 2685
f 2685 14263 14234
f 14264 14265 14251
f 14265 14256 14251
f 14251 14256 14249
f 14256 14255 14249
f 14265 14266 14256
f 14266 14267 14256
f 14256 14267 14237
f 14267 14268 14237
f 14237 14268 14260
f 14269 14270 14240
f 14270 14271 14240
f 14240 14271 14251
f 14271 14272 14251
f 14251 14272 14264
f 14273 14274 14243
f 14274 14275 14243
f 14243 14275 14240
f 14275 14276 14240
f 14240 14276 14269
f 14277 14273 14246
f 14273 14243 14246
f 14246 14243 14247
f 14243 14242 14247
f 14278 14279 14280
f 14281 14282 14283
f 14284 14285 14286
f 14287 14288 14289
f 14288 14290 14289
f 14289 14290 14291
f 14292 14293 14294
f 14293 14295 14294
f 14296 14297 14298
f 14297 14299 14298
f 14298 14299 14300
f 14301 14296 14302
f 14296 14298 14302
f 14302 14298 14303
f 14298 14304 14303
f 14303 14304 14305
f 14305 14304 14306
f 14304 14307 14306
f 14306 14307 14308
f 14307 14309 14308
f 14308 14309 14310
f 14311 14312 14313
f 14312 14314 14313
f 14313 14314 14315
f 14314 14316 14315
f 14315 14316 14317
f 14316 14318 14317
f 14317 14318 14319
f 14318 14320 14319
f 14319 14320 14286
f 14320 14283 14286
f 14286 14283 14284
f 14283 14282 14284
f 14312 14321 14314
f 14321 14322 14314
f 14314 14322 14316
f 14322 14323 14316
f 14316 14323 14318
f 14323 14324 14318
f 14318 14324 14320
f 14324 14325 14320
f 14320 14325 14283
f 14325 14294 14283
f 14283 14294 14281
f 14294 14295 14281
f 14326 14327 14328
f 14327 14329 14328
f 14328 14329 14330
f 14329 14331 14330
f 14330 14331 14309
f 14331 14332 14309
f 14309 14332 14310
f 2658 14333 2659
f 14333 14334 2659
f 2659 14334 2660
f 14334 14335 2660
f 2660 14335 2661
f 14335 14336 2661
f 2661 14336 2662
f 14336 14337 2662
f 2662 14337 2663
f 14337 14289 2663
f 2663 14289 2664
f 14289 14291 2664
f 2664 14291 2665
f 2658 14187 14333
f 14187 14311 14333
f 14333 14311 14334
f 14311 14313 14334
f 14334 14313 14335
f 14313 14315 14335
f 14335 14315 14336
f 14315 14317 14336
f 14336 14317 14337
f 14317 14319 14337
f 14337 14319 14289
f 14319 14286 14289
f 14289 14286 14287
f 14286 14285 14287
f 14187 14186 14311
f 14186 14205 14311
f 14311 14205 14312
f 14205 14201 14312
f 14312 14201 14321
f 14201 14338 14321
f 14321 14338 14322
f 14338 14339 14322
f 14322 14339 14323
f 14339 14340 14323
f 14323 14340 14324
f 14340 14341 14324
f 14324 14341 14325
f 14341 14342 14325
f 14325 14342 14294
f 14342 14280 14294
f 14294 14280 14292
f 14280 14279 14292
f 14201 14189 14338
f 14189 14328 14338
f 14338 14328 14339
f 14328 14330 14339
f 14339 14330 14340
f 14330 14309 14340
f 14340 14309 14341
f 14309 14307 14341
f 14341 14307 14342
f 14307 14304 14342
f 14342 14304 14280
f 14304 14298 14280
f 14280 14298 14278
f 14298 14300 14278
f 14189 14188 14328
f 14188 14343 14328
f 14328 14343 14326
f 14343 14194 14326
f 14344 14345 14346
f 14347 14348 14346
f 14348 14349 14346
f 14346 14349 14350
f 14351 14349 14352
f 14349 14353 14352
f 14351 14354 14349
f 14354 14355 14349
f 14349 14355 14350
f 14356 14357 14353
f 14357 14358 14353
f 14353 14358 14352
f 14356 14353 14359
f 14353 14360 14359
f 14359 14360 14361
f 14362 14363 14360
f 14363 14364 14360
f 14360 14364 14361
f 14365 14366 14362
f 14367 14368 14369
f 14368 14370 14369
f 14369 14370 14365
f 14370 14371 14365
f 14365 14371 14366
f 2683 2682 14372
f 2682 14373 14372
f 14373 14374 14372
f 14374 14375 14372
f 14372 14375 14367
f 2684 2683 14376
f 2683 14372 14376
f 14376 14372 14377
f 14372 14378 14377
f 14367 14369 14372
f 14369 14379 14372
f 14372 14379 14378
f 14380 14381 14369
f 14381 14382 14369
f 14369 14382 14379
f 14380 14369 14383
f 14369 14365 14383
f 14383 14365 14384
f 14362 14360 14365
f 14360 14385 14365
f 14365 14385 14384
f 14386 14387 14353
f 14387 14388 14353
f 14353 14388 14360
f 14388 14389 14360
f 14360 14389 14385
f 14348 14390 14349
f 14390 14391 14349
f 14349 14391 14353
f 14391 14392 14353
f 14353 14392 14386
f 14393 2678 2666
f 14394 14395 14396
f 14394 14396 14397
f 14398 14399 14400
f 14399 14397 14400
f 14401 14402 14403
f 14401 14403 14400
f 14403 14404 14400
f 14400 14404 14398
f 14405 14406 14401
f 14406 14407 14401
f 14401 14407 14402
f 14408 14409 14405
f 14409 14410 14405
f 14405 14410 14406
f 2665 14411 14412
f 14411 14413 14412
f 14412 14413 14414
f 14393 2666 14415
f 2665 14412 2666
f 14412 14416 2666
f 2666 14416 14415
f 14414 14417 14412
f 14417 14408 14412
f 14412 14408 14418
f 14408 14405 14418
f 14418 14405 14419
f 14419 14420 14418
f 14420 14421 14418
f 14418 14421 14412
f 14421 14422 14412
f 14412 14422 14416
f 14423 14424 14401
f 14424 14425 14401
f 14401 14425 14405
f 14425 14426 14405
f 14405 14426 14419
f 14427 14428 14400
f 14397 14396 14400
f 14396 14429 14400
f 14400 14429 14427
f 14428 14430 14400
f 14430 14431 14400
f 14400 14431 14401
f 14431 14432 14401
f 14401 14432 14423
f 14433 14434 14435
f 14436 14437 14438
f 14437 14439 14438
f 14438 14439 14440
f 14441 14442 14443
f 14442 14444 14443
f 14443 14444 14445
f 14444 14446 14445
f 14445 14446 14436
f 14447 14448 14449
f 14447 14450 14451
f 14448 14452 14450
f 14452 14453 14450
f 14450 14453 14443
f 14453 14454 14443
f 14443 14454 14441
f 14455 14434 14456
f 14434 14457 14456
f 14456 14457 14458
f 2680 14459 14457
f 14459 14460 14457
f 14457 14460 14458
f 14461 14462 14457
f 2680 14457 2681
f 14457 14462 2681
f 2681 14462 2682
f 14433 14463 14434
f 14463 14464 14434
f 14434 14464 14457
f 14464 14465 14457
f 14457 14465 14461
f 14466 14467 14435
f 14467 14468 14435
f 14435 14468 14433
f 14469 14466 14450
f 14466 14435 14450
f 14450 14435 14451
f 14435 14434 14451
f 14451 14434 14470
f 14434 14455 14470
f 14443 14471 14472
f 14472 14473 14443
f 14473 14474 14443
f 14443 14474 14450
f 14474 14475 14450
f 14450 14475 14469
f 14471 14443 14476
f 14443 14445 14476
f 14476 14445 14477
f 14436 14438 14445
f 14438 14478 14445
f 14445 14478 14479
f 14479 14480 14445
f 14480 14481 14445
f 14445 14481 14477
f 14482 14483 14484
f 14485 14486 14487
f 14488 14489 14490
f 14488 14490 14491
f 14492 14493 14494
f 14493 14495 14494
f 14495 14496 14494
f 14494 14496 14490
f 14496 14497 14490
f 14490 14497 14491
f 14498 14499 14500
f 14499 14501 14500
f 14500 14501 14502
f 2678 14503 14504
f 14503 14505 14504
f 14504 14505 14506
f 14505 14507 14506
f 14506 14507 14508
f 2678 14504 2679
f 14504 14509 2679
f 2679 14509 14510
f 14510 14511 2679
f 14511 14512 2679
f 2679 14512 2680
f 14513 14506 14500
f 14506 14508 14500
f 14500 14508 14498
f 14513 14514 14506
f 14514 14515 14506
f 14506 14515 14504
f 14515 14516 14504
f 14504 14516 14509
f 14517 14518 14500
f 14518 14519 14500
f 14500 14519 14513
f 14492 14494 14502
f 14494 14484 14502
f 14502 14484 14500
f 14484 14483 14500
f 14500 14483 14517
f 14520 14521 14494
f 14521 14522 14494
f 14494 14522 14484
f 14522 14523 14484
f 14484 14523 14482
f 14524 14490 14487
f 14490 14489 14487
f 14487 14489 14485
f 14524 14525 14490
f 14525 14526 14490
f 14490 14526 14494
f 14526 14527 14494
f 14494 14527 14520

