# https://github.com/mikedh/trimesh
v 0.02625458 -0.00626797 -0.04935119
v 0.02852888 -0.00591493 -0.04781469
v 0.02868456 -0.00666013 -0.04801109
v 0.04077851 -0.00448419 -0.03726260
v 0.04420121 -0.00507850 -0.03315780
v 0.04452639 -0.00840294 -0.03367050
v 0.01494835 -0.00190653 -0.05298939
v 0.01784955 -0.00082941 -0.05202749
v 0.01787012 -0.00265567 -0.05215370
v 0.00795349 -0.00615118 -0.05573800
v 0.00657011 -0.00661211 -0.05628059
v 0.00626134 -0.00604373 -0.05594389
v 0.05330476 -0.01421532 -0.01531919
v 0.05292765 -0.01416366 -0.01675700
v 0.05225112 -0.01312345 -0.01902479
v 0.03425627 -0.01160425 -0.04968730
v 0.03407927 -0.01157998 -0.04984959
v 0.03377153 -0.01138352 -0.04953550
v 0.00000002 -0.00916680 -0.06120930
v 0.00004046 -0.00917452 -0.06125410
v 0.00000002 -0.00917917 -0.06128520
v 0.00515391 -0.00065000 -0.05475939
v 0.00529630 -0.00065000 -0.05474029
v 0.00176322 -0.00249023 -0.05506649
v 0.00533708 -0.00156121 -0.05477479
v 0.00535486 -0.00065000 -0.05473240
v 0.00872629 -0.00065000 -0.05428080
v 0.04379439 -0.00065001 -0.03327340
v 0.04411308 -0.00065001 -0.03281770
v 0.04411615 -0.00147671 -0.03286520
v 0.05468543 -0.00460675 -0.00591340
v 0.05466758 -0.00065001 -0.00569549
v 0.05482655 -0.00065001 -0.00436430
v 0.05500000 -0.00462652 0.00000001
v 0.05499999 -0.00813775 0.00000001
v 0.05499110 -0.00462652 -0.00099999
v 0.05500000 -0.00165001 0.00000001
v 0.05500000 -0.00065001 0.00000001
v 0.05329464 -0.00065001 -0.01350539
v 0.05346290 -0.00065001 -0.01291219
v 0.05363284 -0.00127497 -0.01219059
v 0.05361468 -0.00065001 -0.01215420
v 0.05431230 -0.00065001 -0.00867039
v 0.05057458 -0.00065001 -0.02161570
v 0.05194894 -0.00065001 -0.01801260
v 0.05195895 -0.00606086 -0.01832769
v 0.05212197 -0.00065001 -0.01755889
v 0.04977465 -0.00403620 -0.02356759
v 0.04973906 -0.00065001 -0.02335639
v 0.04714428 -0.00252675 -0.02839869
v 0.04628154 -0.00065001 -0.02971659
v 0.04712410 -0.00065001 -0.02828179
v 0.04849676 -0.00065001 -0.02594439
v 0.04104383 -0.00065001 -0.03661279
v 0.04071067 -0.00086251 -0.03698579
v 0.04070325 -0.00065001 -0.03696560
v 0.03803477 -0.00065001 -0.03972970
v 0.03692811 -0.00068384 -0.04076089
v 0.03717420 -0.00065001 -0.04053610
v 0.03276146 -0.00094879 -0.04418380
v 0.03386143 -0.00065000 -0.04334179
v 0.03692145 -0.00065001 -0.04075019
v 0.02820569 -0.00166317 -0.04725019
v 0.02995219 -0.00065000 -0.04612989
v 0.03274513 -0.00065000 -0.04413800
v 0.01782748 -0.00065000 -0.05203210
v 0.01785476 -0.00065000 -0.05202149
v 0.01840055 -0.00065000 -0.05180990
v 0.02190449 -0.00065000 -0.05045140
v 0.02325679 -0.00098161 -0.04984890
v 0.02324739 -0.00065000 -0.04979719
v 0.02622012 -0.00065000 -0.04834910
v 0.00875234 -0.00266538 -0.05444500
v 0.00944461 -0.00065000 -0.05418449
v 0.01190748 -0.00129495 -0.05371589
v 0.01191595 -0.00065000 -0.05365289
v 0.01345108 -0.00065000 -0.05332269
v 0.00186366 -0.00329923 -0.05521220
v -0.00000008 -0.00163467 -0.05500439
v -0.00000008 -0.00163458 -0.05500439
v 0.00180655 -0.00065000 -0.05493519
v 0.00000000 -0.00140003 -0.05500000
v 0.00000000 -0.00065000 -0.05499989
v -0.00000010 -0.00170289 -0.05500560
v 0.00173665 -0.00159591 -0.05498849
v -0.00000006 -0.00255854 -0.05512730
v -0.00000006 -0.00255861 -0.05512730
v 0.00397277 -0.00065000 -0.05485749
v -0.00000003 -0.00333690 -0.05523800
v -0.00000003 -0.00339526 -0.05525959
v -0.00000003 -0.00340466 -0.05526310
v -0.00000003 -0.00340448 -0.05526310
v 0.00017407 -0.00411383 -0.05547410
v 0.00000000 -0.00419685 -0.05555679
v 0.00000000 -0.00419686 -0.05555679
v 0.00040775 -0.00476893 -0.05574189
v 0.00000003 -0.00498980 -0.05585069
v 0.00068511 -0.00537358 -0.05604980
v 0.00000001 -0.00564849 -0.05627180
v 0.00000000 -0.00701140 -0.05735060
v 0.00000000 -0.00692778 -0.05726960
v 0.00134972 -0.00645598 -0.05676629
v -0.00000001 -0.00638283 -0.05674130
v 0.00034568 -0.00740377 -0.05771020
v 0.00000002 -0.00751677 -0.05784880
v 0.00000002 -0.00750045 -0.05782470
v -0.00000000 -0.00801198 -0.05858110
v -0.00000002 -0.00847495 -0.05926570
v 0.00129178 -0.00816105 -0.05868460
v -0.00000002 -0.00850112 -0.05933169
v -0.00000002 -0.00850112 -0.05933169
v 0.00000002 -0.00911185 -0.06087230
v 0.00000001 -0.00886803 -0.06025729
v 0.00057633 -0.00877551 -0.05989300
v 0.00180961 -0.00848796 -0.05921290
v 0.00388958 -0.00743435 -0.05744470
v 0.00117505 -0.00900901 -0.06049549
v 0.00000002 -0.00937933 -0.06251269
v 0.00071308 -0.00933070 -0.06193620
v 0.00000002 -0.00938828 -0.06256759
v 0.00145821 -0.00939510 -0.06267280
v 0.00000001 -0.00936118 -0.06307910
v 0.00000000 -0.00929788 -0.06427390
v 0.00000000 -0.00930427 -0.06415329
v 0.00113242 -0.00930603 -0.06422329
v 0.00048915 -0.00937747 -0.06359509
v 0.00160367 -0.00930942 -0.06420220
v 0.00332031 -0.00932178 -0.06412539
v 0.00295708 -0.00931916 -0.06414170
v 0.00226856 -0.00938415 -0.06346919
v 0.00510261 -0.00934711 -0.06396719
v 0.00422725 -0.00932831 -0.06408490
v 0.00404350 -0.00939599 -0.06333920
v 0.00323962 -0.00939946 -0.06254870
v 0.00695921 -0.00938699 -0.06371769
v 0.00641384 -0.00937527 -0.06379100
v 0.00581142 -0.00941593 -0.06320280
v 0.00609915 -0.00936852 -0.06383329
v 0.01007706 -0.00947886 -0.06314619
v 0.00966368 -0.00946382 -0.06323950
v 0.00932616 -0.00948019 -0.06291050
v 0.00885039 -0.00943422 -0.06342300
v 0.00852339 -0.00948238 -0.06212109
v 0.01735524 -0.00980292 -0.05956770
v 0.01632955 -0.00976409 -0.06137199
v 0.01545520 -0.00972372 -0.06144720
v 0.01561302 -0.00972741 -0.06160049
v 0.01517050 -0.00970476 -0.06174159
v 0.01999635 -0.00995122 -0.05842109
v 0.02001208 -0.01001044 -0.05983909
v 0.01808957 -0.00987979 -0.06029440
v 0.01833764 -0.00989842 -0.06053610
v 0.01791406 -0.00987009 -0.06071240
v 0.02002399 -0.01001123 -0.05983419
v 0.02070348 -0.01005950 -0.05912289
v 0.02094208 -0.01008792 -0.05935679
v 0.02260513 -0.01013686 -0.05724479
v 0.02610677 -0.01056532 -0.05638530
v 0.02516600 -0.01037783 -0.05602470
v 0.02707162 -0.01045060 -0.05415029
v 0.02515568 -0.01046856 -0.05698750
v 0.02480368 -0.01043275 -0.05721040
v 0.02328740 -0.01027384 -0.05792379
v 0.02357866 -0.01030813 -0.05798599
v 0.02342900 -0.01029563 -0.05806379
v 0.03016305 -0.01104392 -0.05340629
v 0.02953060 -0.01080925 -0.05283680
v 0.03138954 -0.01093595 -0.05091960
v 0.03013728 -0.01104044 -0.05342790
v 0.02993755 -0.01101605 -0.05357969
v 0.02767557 -0.01067805 -0.05475759
v 0.02798334 -0.01077751 -0.05506460
v 0.02693665 -0.01064974 -0.05585989
v 0.03407486 -0.01157938 -0.04985369
v 0.03211292 -0.01131036 -0.05165280
v 0.03193976 -0.01122544 -0.05147760
v 0.03062245 -0.01110599 -0.05301960
v 0.03550282 -0.01177512 -0.04836889
v 0.03774536 -0.01208250 -0.04597929
v 0.03768472 -0.01207419 -0.04605329
v 0.03742486 -0.01171145 -0.04564210
v 0.03763669 -0.01206760 -0.04611199
v 0.03919769 -0.01193759 -0.04364599
v 0.04110670 -0.01254335 -0.04180839
v 0.04084014 -0.01250684 -0.04218609
v 0.04077437 -0.01249783 -0.04227920
v 0.03943972 -0.01231483 -0.04390960
v 0.04360825 -0.01288600 -0.03826460
v 0.04266365 -0.01275661 -0.03960279
v 0.04232405 -0.01194917 -0.03921580
v 0.04062263 -0.01164054 -0.04127740
v 0.03885808 -0.01140483 -0.04328109
v 0.04619770 -0.01324118 -0.03398089
v 0.04601427 -0.01321602 -0.03428480
v 0.04550221 -0.01282592 -0.03488690
v 0.04558522 -0.01315717 -0.03499540
v 0.04363026 -0.01288902 -0.03823339
v 0.04510810 -0.01143110 -0.03441830
v 0.04801873 -0.01261685 -0.02984410
v 0.04809691 -0.01350155 -0.03025720
v 0.04976123 -0.01372970 -0.02647009
v 0.04846677 -0.01355225 -0.02953210
v 0.04819126 -0.01351448 -0.03007220
v 0.05138282 -0.01395198 -0.02208160
v 0.05045461 -0.01382475 -0.02480650
v 0.05012452 -0.01103215 -0.02431759
v 0.05041345 -0.01381910 -0.02492730
v 0.05261742 -0.01412116 -0.01793980
v 0.05230070 -0.01407777 -0.01914720
v 0.05202730 -0.01404032 -0.02018960
v 0.05362383 -0.00868543 -0.01261169
v 0.05359472 -0.01425507 -0.01376440
v 0.05432095 -0.01435465 -0.00955509
v 0.05423149 -0.01434237 -0.01035000
v 0.05372480 -0.01427291 -0.01306689
v 0.05467443 -0.01201952 -0.00633259
v 0.05491248 -0.01443583 -0.00230520
v 0.05479842 -0.01442016 -0.00531019
v 0.05479829 -0.01442014 -0.00531379
v 0.05466604 -0.01440199 -0.00648890
v 0.05446220 -0.01437403 -0.00830009
v 0.00486126 -0.00652394 -0.05647110
v 0.00521573 -0.00703953 -0.05684970
v 0.00349093 -0.00696978 -0.05702560
v 0.00214233 -0.00739053 -0.05760009
v 0.00080429 -0.00779908 -0.05818420
v -0.00000000 -0.00801199 -0.05858110
v 0.00000000 -0.00701142 -0.05735060
v 0.00173080 -0.00694084 -0.05716920
v 0.00312550 -0.00646684 -0.05663710
v 0.00454359 -0.00596584 -0.05612629
v 0.00279375 -0.00592501 -0.05627929
v 0.00100036 -0.00593448 -0.05639239
v 0.00599291 -0.00542876 -0.05564419
v 0.00426399 -0.00536377 -0.05581640
v 0.00576651 -0.00476524 -0.05538299
v 0.00402509 -0.00471468 -0.05554379
v 0.00558473 -0.00405019 -0.05516270
v 0.00383101 -0.00401384 -0.05531219
v 0.00236089 -0.00877624 -0.05977189
v 0.00432219 -0.00785969 -0.05789489
v 0.00560690 -0.00751274 -0.05726190
v 0.00691849 -0.00713473 -0.05665350
v 0.00825837 -0.00672406 -0.05607110
v 0.00962291 -0.00628490 -0.05551130
v 0.01506394 -0.00362305 -0.05320269
v 0.01221335 -0.00464170 -0.05421090
v 0.01207251 -0.00387936 -0.05402819
v 0.00936076 -0.00566267 -0.05521740
v 0.00914187 -0.00499049 -0.05496310
v 0.00769054 -0.00552988 -0.05544329
v 0.01239731 -0.00535424 -0.05443319
v 0.01262445 -0.00601690 -0.05469500
v 0.01518250 -0.00441111 -0.05336500
v 0.01534220 -0.00515167 -0.05356500
v 0.01804074 -0.00430863 -0.05241740
v 0.00368702 -0.00325514 -0.05512660
v 0.00536772 -0.00245082 -0.05485650
v 0.00545080 -0.00327987 -0.05498629
v 0.00872122 -0.00085130 -0.05430920
v 0.00917109 -0.00065000 -0.05422120
v 0.01197474 -0.00306729 -0.05388490
v 0.00896692 -0.00426755 -0.05474899
v 0.00883680 -0.00349283 -0.05457609
v 0.01367148 -0.00065000 -0.05327529
v 0.00249749 -0.00534218 -0.05595410
v 0.00223995 -0.00471463 -0.05566439
v 0.00202616 -0.00403655 -0.05541479
v -0.00000003 -0.00339529 -0.05525959
v 0.02328058 -0.00280414 -0.04997799
v 0.02820208 -0.00065000 -0.04717059
v 0.05227973 -0.00065001 -0.01708340
v 0.05496178 -0.01444261 -0.00100610
v 0.05499997 -0.01444786 0.00000001
v 0.04988047 -0.01374604 -0.02618800
v 0.04753120 -0.00947992 -0.02918260
v 0.04184508 -0.01065237 -0.03866949
v 0.04724583 -0.00610948 -0.02870640
v 0.04988063 -0.00761382 -0.02387939
v 0.03700285 -0.00429755 -0.04104400
v 0.03328403 -0.01102157 -0.04903509
v 0.03592220 -0.01183260 -0.04792529
v 0.03561053 -0.01153324 -0.04760009
v 0.03519148 -0.01109223 -0.04716239
v 0.03480771 -0.01061048 -0.04675700
v 0.02898282 -0.01051694 -0.05228109
v 0.03088849 -0.01058965 -0.05040669
v 0.03283890 -0.01061069 -0.04857339
v 0.03243776 -0.01014899 -0.04815209
v 0.03445760 -0.01008985 -0.04638240
v 0.03705396 -0.01121484 -0.04524839
v 0.03854850 -0.01083739 -0.04294360
v 0.02454973 -0.01016461 -0.05540620
v 0.02651619 -0.01016711 -0.05358760
v 0.02848468 -0.01016728 -0.05177079
v 0.03043840 -0.01018449 -0.04994059
v 0.02762933 -0.00930518 -0.05087950
v 0.02554955 -0.00943357 -0.05259429
v 0.02513850 -0.00898331 -0.05216389
v 0.02346403 -0.00956858 -0.05430380
v 0.02299252 -0.00918815 -0.05381799
v 0.02138751 -0.00969319 -0.05602150
v 0.02085004 -0.00938896 -0.05547520
v 0.01933948 -0.00978489 -0.05776539
v 0.01873277 -0.00956063 -0.05715559
v 0.01667086 -0.00966838 -0.05888670
v 0.01468658 -0.00968646 -0.06068899
v 0.01273717 -0.00958018 -0.06251759
v 0.02197219 -0.00994289 -0.05661109
v 0.02398269 -0.00989453 -0.05483279
v 0.02600868 -0.00982827 -0.05306880
v 0.02803400 -0.00976280 -0.05130409
v 0.03003794 -0.00972201 -0.04951980
v 0.03208073 -0.00963635 -0.04777119
v 0.03414113 -0.00953035 -0.04603869
v 0.03802056 -0.00959714 -0.04235240
v 0.03779995 -0.00892694 -0.04209660
v 0.02968408 -0.00920571 -0.04914180
v 0.02726973 -0.00879551 -0.05049630
v 0.02477301 -0.00848044 -0.05177520
v 0.02256735 -0.00875423 -0.05337460
v 0.02035978 -0.00903020 -0.05497219
v 0.01817451 -0.00928042 -0.05659030
v 0.01603556 -0.00947714 -0.05825079
v 0.01396835 -0.00959100 -0.05997709
v 0.01200469 -0.00958526 -0.06179829
v 0.01243183 -0.00956455 -0.06261489
v 0.01087414 -0.00950786 -0.06296640
v 0.01329971 -0.00943827 -0.05931059
v 0.01124753 -0.00953478 -0.06105059
v 0.01267976 -0.00922930 -0.05868870
v 0.01054174 -0.00942495 -0.06035009
v 0.01210751 -0.00896524 -0.05811050
v 0.00988618 -0.00925712 -0.05969549
v 0.01041843 -0.00885423 -0.05831919
v 0.00927942 -0.00903291 -0.05908580
v 0.00871988 -0.00875417 -0.05851919
v 0.00358444 -0.00921306 -0.06100059
v 0.00584584 -0.00887491 -0.05945230
v 0.00426921 -0.00934716 -0.06168190
v 0.00643955 -0.00911418 -0.06005020
v 0.00501034 -0.00941617 -0.06241490
v 0.00708194 -0.00929723 -0.06069259
v 0.00777583 -0.00942080 -0.06138229
v 0.00840734 -0.00941810 -0.06352299
v 0.00249825 -0.00933072 -0.06181559
v 0.00181290 -0.00919729 -0.06113380
v 0.00295046 -0.00902029 -0.06036590
v 0.00529736 -0.00858340 -0.05889599
v 0.00701316 -0.00866354 -0.05871180
v 0.00479056 -0.00824373 -0.05837780
v 0.00650367 -0.00832699 -0.05819110
v 0.00820577 -0.00842296 -0.05799440
v 0.00989888 -0.00852931 -0.05778939
v 0.01158198 -0.00864722 -0.05757519
v 0.01325295 -0.00877914 -0.05734989
v 0.01490922 -0.00892804 -0.05711109
v 0.01544862 -0.00923004 -0.05765919
v 0.00992796 -0.00685758 -0.05584449
v 0.01127017 -0.00644421 -0.05526429
v 0.01157852 -0.00701307 -0.05560049
v 0.01289491 -0.00662953 -0.05499659
v 0.01320894 -0.00719183 -0.05533810
v 0.01554357 -0.00584409 -0.05380329
v 0.01578733 -0.00648755 -0.05408030
v 0.01818397 -0.00506820 -0.05260229
v 0.00603566 -0.00794253 -0.05770849
v 0.00773524 -0.00804141 -0.05750940
v 0.00942425 -0.00815249 -0.05730070
v 0.01110216 -0.00827640 -0.05708169
v 0.01276705 -0.00841535 -0.05685090
v 0.01441643 -0.00857221 -0.05660580
v 0.01604834 -0.00874924 -0.05634469
v 0.01766308 -0.00894611 -0.05606790
v 0.03176665 -0.00907411 -0.04742970
v 0.02937364 -0.00863926 -0.04880369
v 0.02695444 -0.00823467 -0.05015359
v 0.02445047 -0.00792797 -0.05142590
v 0.02218758 -0.00826785 -0.05297290
v 0.01991652 -0.00861715 -0.05451229
v 0.00730660 -0.00761148 -0.05706289
v 0.00899327 -0.00772527 -0.05685200
v 0.01066710 -0.00785389 -0.05662930
v 0.01232647 -0.00799921 -0.05639340
v 0.01396928 -0.00816366 -0.05614230
v 0.01559320 -0.00834992 -0.05587390
v 0.01719809 -0.00855817 -0.05558799
v 0.01951907 -0.00815120 -0.05409429
v 0.02185185 -0.00773060 -0.05261149
v 0.02416976 -0.00732718 -0.05111500
v 0.02668173 -0.00762464 -0.04985000
v 0.02910466 -0.00802493 -0.04850349
v 0.00860488 -0.00724885 -0.05644239
v 0.01027590 -0.00738071 -0.05621710
v 0.01193049 -0.00753156 -0.05597680
v 0.01356696 -0.00770332 -0.05571989
v 0.01518321 -0.00789845 -0.05544439
v 0.01677883 -0.00811740 -0.05515010
v 0.01916633 -0.00763361 -0.05371740
v 0.02155888 -0.00714398 -0.05228930
v 0.02392949 -0.00667969 -0.05084109
v 0.02644918 -0.00696822 -0.04958320
v 0.02887570 -0.00736436 -0.04823989
v 0.03339969 -0.00761169 -0.04519810
v 0.03361200 -0.00829148 -0.04544639
v 0.03385905 -0.00893114 -0.04572650
v 0.03307349 -0.00613845 -0.04479179
v 0.02356372 -0.00525214 -0.05039849
v 0.02372802 -0.00598738 -0.05060279
v 0.02109643 -0.00582810 -0.05175810
v 0.02130746 -0.00650936 -0.05200520
v 0.01859118 -0.00644789 -0.05308290
v 0.01885733 -0.00706550 -0.05338049
v 0.01640447 -0.00762478 -0.05475329
v 0.02343512 -0.00447567 -0.05022700
v 0.02092460 -0.00510155 -0.05154699
v 0.01836704 -0.00578176 -0.05282380
v 0.01607417 -0.00708127 -0.05439689
v 0.01481780 -0.00739549 -0.05505589
v 0.03286705 -0.00452686 -0.04449530
v 0.02840633 -0.00513146 -0.04764869
v 0.02825179 -0.00345994 -0.04739979
v 0.02334107 -0.00365928 -0.05008709
v 0.03826957 -0.01023455 -0.04263429
v 0.04145228 -0.00925603 -0.03820219
v 0.04114571 -0.00776010 -0.03781390
v 0.03743705 -0.00749607 -0.04165660
v 0.03717258 -0.00595152 -0.04130689
v 0.05499091 -0.00462652 0.00100001
v 0.05475591 -0.01444783 0.00517591
v 0.00517596 -0.00065001 0.05475592
v 0.00000000 -0.00065001 0.05500001
v 0.00000000 -0.01444783 0.05500001
v 0.00517596 -0.01444783 0.05475591
v 0.01451302 -0.01444783 0.05305071
v 0.01451302 -0.00065001 0.05305071
v 0.02341786 -0.01444783 0.04976551
v 0.02341786 -0.00065001 0.04976551
v 0.03162529 -0.01444783 0.04499821
v 0.03162529 -0.00065001 0.04499821
v 0.03889087 -0.01444783 0.03889091
v 0.03889087 -0.00065001 0.03889091
v 0.04499824 -0.01444783 0.03162531
v 0.04499824 -0.00065001 0.03162531
v 0.04976549 -0.01444783 0.02341790
v 0.04976549 -0.00065001 0.02341790
v 0.05305066 -0.01444783 0.01451301
v 0.05305066 -0.00065001 0.01451301
v 0.05475591 -0.00065001 0.00517591
v 0.05442304 0.00794914 -0.18500000
v 0.05461354 0.00533536 -0.18500000
v 0.05485973 0.00393362 -0.19200000
v 0.05452923 -0.00649143 -0.18500000
v 0.05499090 -0.00100000 -0.18802349
v 0.05496120 -0.00058146 -0.18500000
v 0.05499998 -0.00005096 -0.18802349
v 0.05499998 -0.00005096 -0.18500000
v 0.05499999 0.00003288 -0.18802349
v 0.02306043 0.04993220 -0.18500000
v 0.02224412 0.05030120 -0.19200000
v 0.02066652 0.05083569 -0.18500000
v 0.01800200 0.05197047 -0.19200000
v 0.01568295 0.05271656 -0.18500000
v 0.01566934 0.05267127 -0.19200000
v 0.01503611 0.05285899 -0.18500000
v 0.01361940 0.05328713 -0.19200000
v 0.00918848 0.05414667 -0.18500000
v 0.00911899 0.05423905 -0.19200000
v 0.00790295 0.05442975 -0.18500000
v 0.00789826 0.05439249 -0.19200000
v 0.00325096 0.05476542 -0.18500000
v 0.00457905 0.05480970 -0.19200000
v 0.00000000 0.05500000 -0.18500000
v 0.00000000 0.05500000 -0.19200000
v 0.04023753 0.03738614 -0.18500000
v 0.03747091 0.04026125 -0.19200000
v 0.03631011 0.04131155 -0.18500000
v 0.03628217 0.04127892 -0.19200000
v 0.03596275 0.04157519 -0.18500000
v 0.03399725 0.04323502 -0.19200000
v 0.03118988 0.04519768 -0.18500000
v 0.03030898 0.04589532 -0.19200000
v 0.03002709 0.04608021 -0.18500000
v 0.03002034 0.04606899 -0.19200000
v 0.02606244 0.04827234 -0.18500000
v 0.02635614 0.04827363 -0.19200000
v 0.02304714 0.04990525 -0.19200000
v 0.04731783 0.02779480 -0.18500000
v 0.04627725 0.02972275 -0.19200000
v 0.04609782 0.03000022 -0.18500000
v 0.04608739 0.02999289 -0.19200000
v 0.04400773 0.03275325 -0.18500000
v 0.04364245 0.03347144 -0.19200000
v 0.04128627 0.03633794 -0.18500000
v 0.04126340 0.03631884 -0.19200000
v 0.04069631 0.03699755 -0.19200000
v 0.05440336 0.00794691 -0.19200000
v 0.05434268 0.00848053 -0.19200000
v 0.05370834 0.01119296 -0.18500000
v 0.05344986 0.01296625 -0.19200000
v 0.05272624 0.01565041 -0.18500000
v 0.05268296 0.01563799 -0.19200000
v 0.05223546 0.01695031 -0.18500000
v 0.05219040 0.01735397 -0.19200000
v 0.05012818 0.02253169 -0.18500000
v 0.05055254 0.02166698 -0.19200000
v 0.04991069 0.02310774 -0.18500000
v 0.04987185 0.02308915 -0.19200000
v 0.04857668 0.02579518 -0.19200000
v 0.05274246 -0.01554377 -0.18500000
v 0.05312641 -0.01418418 -0.19200000
v 0.05345633 -0.01230020 -0.18500000
v 0.05412553 -0.00973195 -0.19200000
v 0.05442702 -0.00788970 -0.18500000
v 0.05438137 -0.00788339 -0.19200000
v 0.05475096 -0.00521293 -0.19200000
v 0.05499623 -0.00064454 -0.19200000
v 0.05499954 -0.00005089 -0.19084852
v 0.05497855 -0.00005160 -0.19200000
v 0.05500000 -0.00000000 -0.19100000
v 0.05497605 0.00003216 -0.19200000
v 0.05499971 0.00003283 -0.19090227
v 0.05499098 0.00100000 -0.18802349
v 0.05499999 0.00003288 -0.18500000
v 0.04343328 -0.03344875 -0.18500000
v 0.04554636 -0.03076769 -0.19200000
v 0.04613156 -0.02988473 -0.18500000
v 0.04610283 -0.02986698 -0.19200000
v 0.04682089 -0.02863552 -0.18500000
v 0.04795754 -0.02686492 -0.19200000
v 0.04967406 -0.02346500 -0.18500000
v 0.04993086 -0.02298324 -0.19200000
v 0.04993793 -0.02298683 -0.18500000
v 0.05002160 -0.02280473 -0.19200000
v 0.05182886 -0.01796842 -0.18500000
v 0.05175086 -0.01856698 -0.19200000
v 0.05270354 -0.01553156 -0.19200000
v 0.02560997 -0.04849167 -0.18500000
v 0.02915342 -0.04660144 -0.19200000
v 0.02990447 -0.04612196 -0.18500000
v 0.02988757 -0.04609734 -0.19200000
v 0.03067949 -0.04553500 -0.18500000
v 0.03294483 -0.04399812 -0.19200000
v 0.03537024 -0.04198247 -0.18500000
v 0.03622515 -0.04131845 -0.19200000
v 0.03623351 -0.04132868 -0.18500000
v 0.03649058 -0.04110162 -0.19200000
v 0.03963056 -0.03793124 -0.18500000
v 0.03978421 -0.03792041 -0.19200000
v 0.04131521 -0.03624640 -0.18500000
v 0.04127958 -0.03621515 -0.19200000
v 0.04280119 -0.03447998 -0.19200000
v 0.01228409 -0.05360259 -0.19200000
v 0.01558513 -0.05269446 -0.19200000
v 0.01559494 -0.05273010 -0.18500000
v 0.01672881 -0.05237983 -0.19200000
v 0.02029692 -0.05095753 -0.18500000
v 0.02102661 -0.05080089 -0.19200000
v 0.02296191 -0.04995286 -0.18500000
v 0.02294215 -0.04991036 -0.19200000
v 0.02515406 -0.04888205 -0.19200000
v 0.00319725 -0.05477064 -0.18500000
v 0.00000000 -0.05500000 -0.18500000
v 0.00000000 -0.05500000 -0.19200000
v 0.01476761 -0.05291177 -0.18500000
v 0.00902999 -0.05417168 -0.18500000
v 0.00780884 -0.05443940 -0.19200000
v 0.00780891 -0.05443981 -0.18500000
v 0.00779845 -0.05444134 -0.19200000
v 0.00326859 -0.05490262 -0.19200000
v -0.02825179 -0.00345994 -0.04739979
v -0.02840633 -0.00513146 -0.04764869
v -0.03286705 -0.00452686 -0.04449530
v -0.02130746 -0.00650936 -0.05200520
v -0.02372802 -0.00598738 -0.05060279
v -0.02356372 -0.00525214 -0.05039849
v -0.00643955 -0.00911418 -0.06005020
v -0.00708194 -0.00929723 -0.06069259
v -0.00927942 -0.00903291 -0.05908580
v -0.00988618 -0.00925712 -0.05969549
v -0.01544862 -0.00923004 -0.05765919
v -0.01490922 -0.00892804 -0.05711109
v -0.01267976 -0.00922930 -0.05868870
v -0.03243776 -0.01014899 -0.04815209
v -0.03445760 -0.01008985 -0.04638240
v -0.03414113 -0.00953035 -0.04603869
v -0.04145228 -0.00925603 -0.03820219
v -0.04184508 -0.01065237 -0.03866949
v -0.04510810 -0.01143110 -0.03441830
v -0.05468543 -0.00460675 -0.00591340
v -0.05363284 -0.00127497 -0.01219059
v -0.05362383 -0.00868543 -0.01261169
v -0.00576651 -0.00476524 -0.05538299
v -0.00599291 -0.00542876 -0.05564419
v -0.00896692 -0.00426755 -0.05474899
v -0.05205418 -0.00065001 -0.01775889
v -0.05195530 -0.00065001 -0.01801530
v -0.05195895 -0.00606086 -0.01832769
v -0.01191631 -0.00065000 -0.05365420
v -0.01190748 -0.00129495 -0.05371589
v -0.01343680 -0.00065000 -0.05333279
v -0.00924043 -0.00065000 -0.05421969
v -0.00914963 -0.00065000 -0.05423469
v -0.00872122 -0.00085130 -0.05430920
v -0.00533708 -0.00156121 -0.05477479
v -0.00536772 -0.00245082 -0.05485650
v 0.00000001 -0.00936118 -0.06307910
v -0.00048915 -0.00937747 -0.06359509
v -0.00422989 -0.00932830 -0.06408480
v -0.00510249 -0.00934719 -0.06396730
v -0.00404350 -0.00939599 -0.06333920
v -0.00842173 -0.00941904 -0.06352009
v -0.00885025 -0.00943467 -0.06342280
v -0.00932616 -0.00948019 -0.06291050
v -0.00966276 -0.00946429 -0.06323840
v -0.01007810 -0.00947944 -0.06314410
v -0.01087700 -0.00950857 -0.06296280
v -0.01200469 -0.00958526 -0.06179829
v -0.01560750 -0.00972843 -0.06159449
v -0.01545520 -0.00972372 -0.06144720
v -0.01517722 -0.00970610 -0.06173350
v -0.01655591 -0.00977766 -0.06128810
v -0.01808957 -0.00987979 -0.06029440
v -0.01735524 -0.00980292 -0.05956770
v -0.05448748 -0.01437758 -0.00826260
v -0.05465166 -0.01440008 -0.00648699
v -0.05467443 -0.01201952 -0.00633259
v -0.05499998 -0.00813775 0.00000001
v -0.05500000 -0.00065001 0.00000001
v -0.05486295 -0.00065001 -0.00388000
v -0.05476193 -0.01441519 -0.00529449
v -0.05489218 -0.01443304 -0.00388589
v -0.05493732 -0.01443925 -0.00225860
v -0.05362095 -0.01425879 -0.01377859
v -0.05373923 -0.01427500 -0.01307119
v -0.05432682 -0.01435555 -0.00955679
v -0.05441853 -0.01436813 -0.00900819
v -0.05291285 -0.01416171 -0.01677799
v -0.05357032 -0.01425185 -0.01408140
v -0.05262787 -0.01412264 -0.01794679
v -0.05225112 -0.01312345 -0.01902479
v -0.05235221 -0.01408485 -0.01907739
v -0.05232669 -0.01408135 -0.01915629
v -0.05138109 -0.01395174 -0.02208120
v -0.05012452 -0.01103215 -0.02431759
v -0.05077131 -0.01386816 -0.02396729
v -0.05043419 -0.01382194 -0.02479609
v -0.04753120 -0.00947992 -0.02918260
v -0.04974526 -0.01372750 -0.02649000
v -0.04987076 -0.01374470 -0.02618139
v -0.04801873 -0.01261685 -0.02984410
v -0.04817407 -0.01351209 -0.03006219
v -0.04883485 -0.01360269 -0.02872839
v -0.04557506 -0.01315578 -0.03498860
v -0.04599844 -0.01321381 -0.03427209
v -0.04550221 -0.01282592 -0.03488690
v -0.04655511 -0.01329013 -0.03333009
v -0.04808280 -0.01349958 -0.03024639
v -0.04394356 -0.01293211 -0.03774949
v -0.04232405 -0.01194917 -0.03921580
v -0.04359333 -0.01288411 -0.03825320
v -0.04265791 -0.01275588 -0.03959849
v -0.04062263 -0.01164054 -0.04127740
v -0.04111601 -0.01254452 -0.04181599
v -0.03885808 -0.01140483 -0.04328109
v -0.03742486 -0.01171145 -0.04564210
v -0.03943665 -0.01231429 -0.04390699
v -0.03919769 -0.01193759 -0.04364599
v -0.04083532 -0.01250604 -0.04218269
v -0.04101547 -0.01253074 -0.04196060
v -0.03561053 -0.01153324 -0.04760009
v -0.03768230 -0.01207378 -0.04605200
v -0.03778594 -0.01208799 -0.04594189
v -0.03429166 -0.01160902 -0.04965260
v -0.03550729 -0.01177565 -0.04836169
v -0.03592007 -0.01183223 -0.04792329
v -0.03377153 -0.01138352 -0.04953550
v -0.03407815 -0.01157975 -0.04984849
v -0.03021930 -0.01105510 -0.05333650
v -0.03062245 -0.01110599 -0.05301960
v -0.03193976 -0.01122544 -0.05147760
v -0.03211243 -0.01131026 -0.05165240
v -0.03407316 -0.01157906 -0.04985310
v -0.02414612 -0.01036153 -0.05765409
v -0.02481777 -0.01043239 -0.05721310
v -0.02516600 -0.01037783 -0.05602470
v -0.02515166 -0.01046761 -0.05699380
v -0.02613902 -0.01057178 -0.05634539
v -0.02341302 -0.01029850 -0.05804640
v -0.02328740 -0.01027384 -0.05792379
v -0.02094931 -0.01008669 -0.05936470
v -0.02070348 -0.01005950 -0.05912289
v -0.02043728 -0.01004267 -0.05963859
v -0.01791148 -0.00987021 -0.06071200
v -0.01833419 -0.00989908 -0.06053239
v -0.02003720 -0.01001536 -0.05980870
v -0.01274017 -0.00957960 -0.06252070
v -0.01253986 -0.00956920 -0.06258540
v -0.01468658 -0.00968646 -0.06068899
v -0.00332026 -0.00932176 -0.06412550
v -0.00323962 -0.00939946 -0.06254870
v -0.00295713 -0.00931915 -0.06414170
v -0.00226856 -0.00938415 -0.06346919
v -0.00160364 -0.00930941 -0.06420220
v -0.00145821 -0.00939510 -0.06267280
v -0.00113244 -0.00930602 -0.06422329
v -0.00004043 -0.00917452 -0.06125410
v -0.00071308 -0.00933070 -0.06193620
v -0.00129178 -0.00816105 -0.05868460
v -0.00057633 -0.00877551 -0.05989300
v 0.00000001 -0.00886803 -0.06025729
v -0.00080429 -0.00779908 -0.05818420
v -0.00034568 -0.00740377 -0.05771020
v 0.00000000 -0.00692778 -0.05726960
v -0.00173080 -0.00694084 -0.05716920
v -0.00134972 -0.00645598 -0.05676629
v -0.00100036 -0.00593448 -0.05639239
v -0.00068511 -0.00537358 -0.05604980
v 0.00000001 -0.00564849 -0.05627180
v -0.00040775 -0.00476893 -0.05574189
v -0.00176322 -0.00249023 -0.05506649
v -0.00186366 -0.00329923 -0.05521220
v -0.00017407 -0.00411383 -0.05547410
v -0.00173665 -0.00159591 -0.05498849
v -0.00181878 -0.00065000 -0.05492880
v -0.00872829 -0.00065000 -0.05430409
v -0.00862461 -0.00065000 -0.05432110
v -0.00535340 -0.00065000 -0.05470910
v -0.00534846 -0.00065000 -0.05470959
v -0.00875234 -0.00266538 -0.05444500
v -0.01837886 -0.00065000 -0.05182749
v -0.01808591 -0.00065000 -0.05194279
v -0.01784955 -0.00082941 -0.05202749
v -0.01785261 -0.00065000 -0.05201280
v -0.01494835 -0.00190653 -0.05298939
v -0.02328058 -0.00280414 -0.04997799
v -0.02820569 -0.00166317 -0.04725019
v -0.02820273 -0.00065000 -0.04717149
v -0.02605689 -0.00065000 -0.04843730
v -0.02325155 -0.00065000 -0.04980670
v -0.02325679 -0.00098161 -0.04984890
v -0.03425349 -0.00065000 -0.04303269
v -0.03276146 -0.00094879 -0.04418380
v -0.03692811 -0.00068384 -0.04076089
v -0.03333188 -0.00065000 -0.04375039
v -0.03275608 -0.00065000 -0.04415420
v -0.02978411 -0.00065000 -0.04623860
v -0.04090376 -0.00065001 -0.03676919
v -0.04070721 -0.00065001 -0.03696949
v -0.04071067 -0.00086251 -0.03698579
v -0.03754051 -0.00065000 -0.04019709
v -0.03691232 -0.00065000 -0.04073899
v -0.04367659 -0.00065001 -0.03342790
v -0.04411615 -0.00147671 -0.03286520
v -0.04410628 -0.00065001 -0.03281260
v -0.04642486 -0.00065001 -0.02949220
v -0.04714428 -0.00252675 -0.02839869
v -0.04712669 -0.00065001 -0.02828370
v -0.04862174 -0.00065001 -0.02570939
v -0.04977465 -0.00403620 -0.02356759
v -0.04974728 -0.00065001 -0.02336079
v -0.05049732 -0.00065001 -0.02179559
v -0.05329056 -0.00065001 -0.01360600
v -0.05332323 -0.00065001 -0.01347210
v -0.05356898 -0.00065001 -0.01246479
v -0.05466246 -0.00065001 -0.00569489
v -0.05438683 -0.00065001 -0.00818980
v -0.05362774 -0.00065001 -0.01215759
v -0.00214233 -0.00739053 -0.05760009
v -0.00388958 -0.00743435 -0.05744470
v -0.00349093 -0.00696978 -0.05702560
v -0.00312550 -0.00646684 -0.05663710
v -0.00279375 -0.00592501 -0.05627929
v -0.00249749 -0.00534218 -0.05595410
v -0.00223995 -0.00471463 -0.05566439
v -0.00202616 -0.00403655 -0.05541479
v -0.00936076 -0.00566267 -0.05521740
v -0.00795349 -0.00615118 -0.05573800
v -0.00825837 -0.00672406 -0.05607110
v -0.01239731 -0.00535424 -0.05443319
v -0.00962291 -0.00628490 -0.05551130
v -0.00860488 -0.00724885 -0.05644239
v -0.00545080 -0.00327987 -0.05498629
v -0.00558473 -0.00405019 -0.05516270
v -0.00883680 -0.00349283 -0.05457609
v -0.01197474 -0.00306729 -0.05388490
v -0.01348876 -0.00065000 -0.05332179
v -0.02215652 -0.00065000 -0.05034120
v -0.01787012 -0.00265567 -0.05215370
v -0.01506394 -0.00362305 -0.05320269
v -0.01207251 -0.00387936 -0.05402819
v -0.00486126 -0.00652394 -0.05647110
v -0.00454359 -0.00596584 -0.05612629
v -0.00426399 -0.00536377 -0.05581640
v -0.00402509 -0.00471468 -0.05554379
v -0.00383101 -0.00401384 -0.05531219
v -0.00368702 -0.00325514 -0.05512660
v -0.00432647 -0.00065000 -0.05483079
v -0.05497195 -0.01444401 -0.00100999
v -0.05499997 -0.01444786 0.00000001
v -0.01999635 -0.00995122 -0.05842109
v -0.01933948 -0.00978489 -0.05776539
v -0.01667086 -0.00966838 -0.05888670
v -0.01396835 -0.00959100 -0.05997709
v -0.01124753 -0.00953478 -0.06105059
v -0.02799952 -0.01077487 -0.05508129
v -0.02991719 -0.01101696 -0.05357400
v -0.02953060 -0.01080925 -0.05283680
v -0.03138954 -0.01093595 -0.05091960
v -0.03328403 -0.01102157 -0.04903509
v -0.03088849 -0.01058965 -0.05040669
v -0.03283890 -0.01061069 -0.04857339
v -0.03519148 -0.01109223 -0.04716239
v -0.03480771 -0.01061048 -0.04675700
v -0.03705396 -0.01121484 -0.04524839
v -0.03854850 -0.01083739 -0.04294360
v -0.02767557 -0.01067805 -0.05475759
v -0.02898282 -0.01051694 -0.05228109
v -0.02707162 -0.01045060 -0.05415029
v -0.02848468 -0.01016728 -0.05177079
v -0.02651619 -0.01016711 -0.05358760
v -0.02803400 -0.00976280 -0.05130409
v -0.02600868 -0.00982827 -0.05306880
v -0.02762933 -0.00930518 -0.05087950
v -0.02554955 -0.00943357 -0.05259429
v -0.03043840 -0.01018449 -0.04994059
v -0.03003794 -0.00972201 -0.04951980
v -0.02968408 -0.00920571 -0.04914180
v -0.03208073 -0.00963635 -0.04777119
v -0.03826957 -0.01023455 -0.04263429
v -0.03802056 -0.00959714 -0.04235240
v -0.03385905 -0.00893114 -0.04572650
v -0.03779995 -0.00892694 -0.04209660
v -0.03361200 -0.00829148 -0.04544639
v -0.00695948 -0.00938739 -0.06371710
v -0.00852339 -0.00948238 -0.06212109
v -0.02260513 -0.01013686 -0.05724479
v -0.02197219 -0.00994289 -0.05661109
v -0.02138751 -0.00969319 -0.05602150
v -0.01873277 -0.00956063 -0.05715559
v -0.01603556 -0.00947714 -0.05825079
v -0.01329971 -0.00943827 -0.05931059
v -0.01054174 -0.00942495 -0.06035009
v -0.00777583 -0.00942080 -0.06138229
v -0.02767175 -0.01073349 -0.05533900
v -0.02454973 -0.01016461 -0.05540620
v -0.02398269 -0.00989453 -0.05483279
v -0.02346403 -0.00956858 -0.05430380
v -0.02299252 -0.00918815 -0.05381799
v -0.02085004 -0.00938896 -0.05547520
v -0.02035978 -0.00903020 -0.05497219
v -0.01817451 -0.00928042 -0.05659030
v -0.01766308 -0.00894611 -0.05606790
v -0.01210751 -0.00896524 -0.05811050
v -0.03176665 -0.00907411 -0.04742970
v -0.02937364 -0.00863926 -0.04880369
v -0.02726973 -0.00879551 -0.05049630
v -0.02513850 -0.00898331 -0.05216389
v -0.02256735 -0.00875423 -0.05337460
v -0.01991652 -0.00861715 -0.05451229
v -0.01719809 -0.00855817 -0.05558799
v -0.01604834 -0.00874924 -0.05634469
v -0.00249825 -0.00933072 -0.06181559
v -0.00181290 -0.00919729 -0.06113380
v -0.00117505 -0.00900901 -0.06049549
v -0.00701316 -0.00866354 -0.05871180
v -0.00584584 -0.00887491 -0.05945230
v -0.00650367 -0.00832699 -0.05819110
v -0.00529736 -0.00858340 -0.05889599
v -0.00603566 -0.00794253 -0.05770849
v -0.00479056 -0.00824373 -0.05837780
v -0.00560690 -0.00751274 -0.05726190
v -0.00432219 -0.00785969 -0.05789489
v -0.00521573 -0.00703953 -0.05684970
v -0.00180961 -0.00848796 -0.05921290
v -0.00236089 -0.00877624 -0.05977189
v -0.00295046 -0.00902029 -0.06036590
v -0.00358444 -0.00921306 -0.06100059
v -0.00426921 -0.00934716 -0.06168190
v -0.00501034 -0.00941617 -0.06241490
v -0.00581142 -0.00941593 -0.06320280
v -0.00641364 -0.00937558 -0.06379060
v -0.00609854 -0.00936875 -0.06383310
v -0.00942425 -0.00815249 -0.05730070
v -0.00989888 -0.00852931 -0.05778939
v -0.01066710 -0.00785389 -0.05662930
v -0.01110216 -0.00827640 -0.05708169
v -0.01193049 -0.00753156 -0.05597680
v -0.01232647 -0.00799921 -0.05639340
v -0.01320894 -0.00719183 -0.05533810
v -0.00899327 -0.00772527 -0.05685200
v -0.01027590 -0.00738071 -0.05621710
v -0.01157852 -0.00701307 -0.05560049
v -0.01289491 -0.00662953 -0.05499659
v -0.01578733 -0.00648755 -0.05408030
v -0.01859118 -0.00644789 -0.05308290
v -0.01836704 -0.00578176 -0.05282380
v -0.01554357 -0.00584409 -0.05380329
v -0.01262445 -0.00601690 -0.05469500
v -0.01127017 -0.00644421 -0.05526429
v -0.00992796 -0.00685758 -0.05584449
v -0.01885733 -0.00706550 -0.05338049
v -0.01607417 -0.00708127 -0.05439689
v -0.01481780 -0.00739549 -0.05505589
v -0.01356696 -0.00770332 -0.05571989
v -0.00626134 -0.00604373 -0.05594389
v -0.00657011 -0.00661211 -0.05628059
v -0.00691849 -0.00713473 -0.05665350
v -0.00730660 -0.00761148 -0.05706289
v -0.00773524 -0.00804141 -0.05750940
v -0.00820577 -0.00842296 -0.05799440
v -0.00871988 -0.00875417 -0.05851919
v -0.02910466 -0.00802493 -0.04850349
v -0.02695444 -0.00823467 -0.05015359
v -0.02477301 -0.00848044 -0.05177520
v -0.02218758 -0.00826785 -0.05297290
v -0.01951907 -0.00815120 -0.05409429
v -0.01677883 -0.00811740 -0.05515010
v -0.01559320 -0.00834992 -0.05587390
v -0.01441643 -0.00857221 -0.05660580
v -0.01325295 -0.00877914 -0.05734989
v -0.02887570 -0.00736436 -0.04823989
v -0.02868456 -0.00666013 -0.04801109
v -0.02668173 -0.00762464 -0.04985000
v -0.02644918 -0.00696822 -0.04958320
v -0.02445047 -0.00792797 -0.05142590
v -0.02416976 -0.00732718 -0.05111500
v -0.02185185 -0.00773060 -0.05261149
v -0.02155888 -0.00714398 -0.05228930
v -0.01916633 -0.00763361 -0.05371740
v -0.01640447 -0.00762478 -0.05475329
v -0.01518321 -0.00789845 -0.05544439
v -0.01396928 -0.00816366 -0.05614230
v -0.01276705 -0.00841535 -0.05685090
v -0.01158198 -0.00864722 -0.05757519
v -0.01041843 -0.00885423 -0.05831919
v -0.04452639 -0.00840294 -0.03367050
v -0.04114571 -0.00776010 -0.03781390
v -0.03743705 -0.00749607 -0.04165660
v -0.03717258 -0.00595152 -0.04130689
v -0.03339969 -0.00761169 -0.04519810
v -0.03307349 -0.00613845 -0.04479179
v -0.02109643 -0.00582810 -0.05175810
v -0.02343512 -0.00447567 -0.05022700
v -0.02092460 -0.00510155 -0.05154699
v -0.00769054 -0.00552988 -0.05544329
v -0.00914187 -0.00499049 -0.05496310
v -0.01221335 -0.00464170 -0.05421090
v -0.01518250 -0.00441111 -0.05336500
v -0.01534220 -0.00515167 -0.05356500
v -0.01804074 -0.00430863 -0.05241740
v -0.01818397 -0.00506820 -0.05260229
v -0.02334107 -0.00365928 -0.05008709
v -0.02392949 -0.00667969 -0.05084109
v -0.02625458 -0.00626797 -0.04935119
v -0.02852888 -0.00591493 -0.04781469
v -0.03700285 -0.00429755 -0.04104400
v -0.04077851 -0.00448419 -0.03726260
v -0.04420121 -0.00507850 -0.03315780
v -0.04724583 -0.00610948 -0.02870640
v -0.04988063 -0.00761382 -0.02387939
v -0.00517596 -0.00065001 0.05475592
v -0.05475591 -0.00065001 0.00517591
v -0.05477883 -0.01444784 0.00468970
v -0.01451302 -0.00065001 0.05305071
v -0.00520644 -0.01444783 0.05475031
v -0.00517596 -0.01444783 0.05475591
v -0.02341786 -0.00065001 0.04976551
v -0.01459539 -0.01444783 0.05302030
v -0.01451302 -0.01444783 0.05305071
v -0.03162529 -0.00065001 0.04499821
v -0.02354292 -0.01444783 0.04969291
v -0.02341786 -0.01444783 0.04976551
v -0.03889087 -0.00065001 0.03889091
v -0.03177949 -0.01444783 0.04486862
v -0.03162529 -0.00065001 0.04499821
v -0.03162529 -0.01444783 0.04499821
v -0.04499824 -0.00065001 0.03162531
v -0.03905706 -0.01444783 0.03869322
v -0.03889087 -0.01444783 0.03889091
v -0.04976549 -0.00065001 0.02341790
v -0.04515650 -0.01444783 0.03135281
v -0.04499824 -0.01444783 0.03162531
v -0.05305066 -0.00065001 0.01451301
v -0.04989422 -0.01444783 0.02306890
v -0.04976549 -0.01444783 0.02341790
v -0.05475591 -0.01444783 0.00517591
v -0.05312769 -0.01444783 0.01409121
v -0.05305066 -0.01444783 0.01451301
v -0.04150117 -0.01422375 -0.06460980
v -0.04305840 -0.01500873 -0.06508809
v -0.04438104 -0.01775678 -0.05777850
v -0.04554890 -0.01877840 -0.05832969
v -0.04550309 -0.01520980 -0.06970099
v -0.04527884 -0.01357014 -0.07327400
v -0.04796833 -0.01539838 -0.07431020
v -0.04524419 -0.01181526 -0.07681140
v -0.04543418 -0.00992384 -0.08030670
v -0.04817054 -0.01172359 -0.08133410
v -0.05442003 -0.04335526 -0.01814709
v -0.05481280 -0.04666845 -0.01101170
v -0.05490407 -0.03276172 -0.00483450
v -0.05339868 -0.03349848 -0.02232020
v -0.05376499 -0.04020148 -0.02533160
v -0.04910715 -0.02536195 -0.05291140
v -0.05056252 -0.02794024 -0.05417880
v -0.05105147 -0.03119497 -0.04702540
v -0.03756105 -0.01328922 -0.05090510
v -0.03563116 -0.01268618 -0.05479750
v -0.03891805 -0.01415135 -0.05572180
v -0.05487245 -0.04084114 -0.05503509
v -0.05487118 -0.04301244 -0.05052440
v -0.05315417 -0.03684265 -0.04971150
v -0.05499998 -0.04130390 0.00000001
v -0.05497872 -0.05011951 -0.00391879
v -0.05499998 -0.05207567 0.00000001
v -0.05497283 -0.01709272 -0.00219250
v -0.05477896 -0.01543460 -0.00575970
v -0.05439068 -0.02952184 -0.01199249
v -0.04808280 -0.01349958 -0.03024639
v -0.04840473 -0.01557856 -0.03121919
v -0.04115149 -0.01292757 -0.04240069
v -0.04199852 -0.01414418 -0.04301199
v 0.00000004 -0.00626737 -0.07274590
v -0.00760033 -0.00610331 -0.07330819
v -0.00750300 -0.00705045 -0.07156099
v -0.00630719 0.00000007 -0.08019470
v -0.01109136 -0.00000005 -0.08063330
v -0.00935676 -0.00237190 -0.07827559
v -0.02325054 0.00000038 -0.08269870
v -0.03139059 -0.00105586 -0.08383910
v -0.03012783 -0.00359927 -0.08054480
v -0.04926134 0.00000004 -0.09697394
v -0.04995776 0.00000005 -0.09795874
v -0.04908511 -0.00233255 -0.09451642
v -0.05258472 -0.00000003 -0.10270447
v -0.05256379 -0.00012925 -0.10246663
v -0.05246024 -0.00000004 -0.10240523
v -0.05490533 -0.00840523 -0.10380748
v -0.05490367 -0.00898339 -0.10323623
v -0.05457863 -0.01111364 -0.09887742
v -0.05490135 -0.00969032 -0.10244764
v -0.05489632 -0.01132562 -0.10048829
v -0.05471714 -0.00574616 -0.10514329
v -0.05490814 -0.00742034 -0.10478058
v -0.05431689 -0.00425801 -0.10444825
v -0.05349644 -0.00830855 -0.09754013
v -0.05276013 -0.01230794 -0.09061620
v -0.05491270 -0.00451140 -0.10732770
v -0.05491142 -0.00627182 -0.10591538
v -0.05491038 -0.00663713 -0.10555443
v -0.05491352 -0.00338861 -0.10822847
v -0.05491356 -0.00333421 -0.10827211
v -0.05491167 -0.00000209 -0.11042574
v -0.05491236 -0.00123561 -0.10962848
v -0.05452063 -0.00000018 -0.10841676
v -0.05382344 -0.00282650 -0.10377067
v -0.05449658 -0.00000007 -0.10829318
v -0.05424736 -0.00000003 -0.10743728
v -0.05324556 0.00000004 -0.10429313
v -0.05324948 0.00000004 -0.10430254
v -0.05323838 -0.00145067 -0.10311027
v -0.05353315 0.00000007 -0.10498448
v -0.05365762 0.00000005 -0.10541197
v -0.05220929 -0.00000007 -0.10180195
v -0.05114234 -0.00454505 -0.09567108
v -0.05134321 -0.00000000 -0.10023441
v -0.05016302 -0.00340884 -0.09508452
v -0.05054359 0.00000006 -0.09878714
v -0.05080382 0.00000004 -0.09925816
v -0.04790794 -0.00131658 -0.09396692
v -0.04608491 -0.00000007 -0.09323401
v -0.04626369 -0.00000009 -0.09339528
v -0.04795761 -0.00000001 -0.09530230
v -0.04844124 0.00000002 -0.09584676
v -0.04855400 0.00000002 -0.09597368
v -0.04111573 -0.00000014 -0.08922770
v -0.04126362 -0.00000013 -0.08933390
v -0.04421736 -0.00187271 -0.08958730
v -0.04149981 -0.00000011 -0.08950370
v -0.04371116 0.00000010 -0.09109250
v -0.04483519 0.00000002 -0.09210658
v -0.03677312 0.00000010 -0.08690809
v -0.03788077 0.00000014 -0.08737610
v -0.03986489 -0.00283112 -0.08533170
v -0.03797080 0.00000013 -0.08742669
v -0.04092225 -0.00041254 -0.08866459
v -0.03968679 -0.00000004 -0.08839109
v -0.04090117 -0.00000016 -0.08907350
v -0.03424920 0.00000006 -0.08587600
v -0.03464826 0.00000001 -0.08601010
v -0.03582262 -0.00182505 -0.08454889
v -0.03199394 0.00000033 -0.08511830
v -0.02481832 0.00000047 -0.08303810
v -0.03042261 0.00000047 -0.08461390
v -0.03085445 0.00000047 -0.08473539
v -0.02018091 -0.00271901 -0.07932800
v -0.02190266 0.00000030 -0.08240699
v -0.02260335 0.00000034 -0.08255870
v -0.01250636 -0.00000008 -0.08076300
v -0.01456898 -0.00000001 -0.08107959
v -0.01869725 0.00000012 -0.08171320
v -0.00626719 0.00000007 -0.08019100
v -0.00000002 -0.00107069 -0.07905200
v -0.00465991 -0.00087568 -0.07938079
v -0.00000004 -0.00231604 -0.07794930
v -0.00348485 -0.00247782 -0.07783550
v -0.00260950 -0.00389780 -0.07623400
v -0.00000005 -0.00262428 -0.07760019
v -0.00000005 -0.00262428 -0.07760019
v -0.00000012 -0.00433236 -0.07566529
v -0.00000011 -0.00399435 -0.07604820
v -0.00000011 -0.00399433 -0.07604820
v -0.00000004 -0.00518924 -0.07441590
v -0.00201993 -0.00514409 -0.07457900
v 0.00000005 -0.00605828 -0.07314869
v -0.00000010 -0.00854038 -0.06755050
v -0.00000000 -0.00746970 -0.07042970
v 0.00000001 -0.00717904 -0.07098960
v -0.00954043 -0.00936407 -0.06411750
v -0.00609854 -0.00936875 -0.06383310
v -0.00801289 -0.00851650 -0.06793460
v -0.00295713 -0.00931915 -0.06414170
v -0.00000036 -0.00922175 -0.06472170
v -0.00332026 -0.00932176 -0.06412550
v -0.00160364 -0.00930941 -0.06420220
v -0.00000012 -0.00859895 -0.06730729
v -0.00000012 -0.00859895 -0.06730740
v -0.00842173 -0.00941904 -0.06352009
v -0.00885025 -0.00943467 -0.06342280
v -0.00695948 -0.00938739 -0.06371710
v -0.01560750 -0.00972843 -0.06159449
v -0.02056936 -0.00958672 -0.06513160
v -0.01007810 -0.00947944 -0.06314410
v -0.02043728 -0.01004267 -0.05963859
v -0.02254408 -0.01016250 -0.06123080
v -0.02613902 -0.01057178 -0.05634539
v -0.02499524 -0.01044873 -0.05724070
v -0.02481777 -0.01043239 -0.05721310
v -0.02414612 -0.01036153 -0.05765409
v -0.01791148 -0.00987021 -0.06071200
v -0.03211243 -0.01131026 -0.05165240
v -0.03189450 -0.01149437 -0.05395739
v -0.02954635 -0.01114555 -0.05792820
v -0.02799952 -0.01077487 -0.05508129
v -0.03550729 -0.01177565 -0.04836169
v -0.03429166 -0.01160902 -0.04965260
v -0.03443070 -0.01172891 -0.04995140
v -0.03768230 -0.01207378 -0.04605200
v -0.03592007 -0.01183223 -0.04792329
v -0.03604484 -0.01247930 -0.05041909
v -0.03778594 -0.01208799 -0.04594189
v -0.03851707 -0.01275272 -0.04642509
v -0.04430788 -0.01451658 -0.03904849
v -0.04265791 -0.01275588 -0.03959849
v -0.04646877 -0.01497922 -0.03511279
v -0.04987076 -0.01374470 -0.02618139
v -0.05007992 -0.01633639 -0.02737449
v -0.05148131 -0.01726063 -0.02358109
v -0.05261476 -0.01834771 -0.01983790
v -0.05349517 -0.01958858 -0.01614210
v -0.05393860 -0.02802066 -0.01560809
v -0.05441853 -0.01436813 -0.00900819
v -0.05499997 -0.01817645 0.00000001
v -0.05499997 -0.02187303 0.00000001
v -0.05498412 -0.02578744 -0.00173950
v -0.05499998 -0.03512611 0.00000001
v -0.05499997 -0.02665123 0.00000001
v -0.05496379 -0.05340346 -0.02266099
v -0.05498042 -0.05509771 -0.01679119
v -0.05473579 -0.05008899 -0.02116800
v -0.05498109 -0.05516516 -0.01655749
v -0.05498365 -0.05555088 -0.01497619
v -0.05492421 -0.04977630 -0.03386500
v -0.05493784 -0.05099306 -0.03022819
v -0.05440267 -0.04673955 -0.02829220
v -0.05493907 -0.05110272 -0.02990049
v -0.05495631 -0.05264073 -0.02530340
v -0.05488468 -0.04538572 -0.04501230
v -0.05489043 -0.04639586 -0.04266610
v -0.05348795 -0.04019169 -0.04258720
v -0.05489146 -0.04657684 -0.04224569
v -0.05487352 -0.03904002 -0.05877659
v -0.05489649 -0.03099125 -0.07317740
v -0.05488956 -0.03459922 -0.06706140
v -0.05408771 -0.03618620 -0.05813850
v -0.05488933 -0.03471502 -0.06686509
v -0.05487462 -0.03873939 -0.05933889
v -0.05489370 -0.02521825 -0.08222300
v -0.05489582 -0.02751616 -0.07867600
v -0.05433320 -0.02893321 -0.07221610
v -0.05489820 -0.03010318 -0.07468280
v -0.05472410 -0.02159185 -0.08626660
v -0.05488574 -0.01945056 -0.09029850
v -0.05488574 -0.01978950 -0.08985959
v -0.05488574 -0.01992282 -0.08968699
v -0.05488911 -0.02216158 -0.08653140
v -0.05489353 -0.01223430 -0.09939955
v -0.05488582 -0.01474504 -0.09639131
v -0.05409704 -0.01495824 -0.09190580
v -0.00793655 -0.00501100 -0.07501069
v -0.00537998 0.00000007 -0.08016400
v 0.00000000 0.00000005 -0.08000000
v -0.03475064 -0.00425251 -0.08121880
v -0.03897443 -0.00514825 -0.08196759
v -0.03409285 -0.00642824 -0.07781109
v -0.03839095 -0.00727882 -0.07854599
v -0.03391869 -0.00831003 -0.07431279
v -0.03820263 -0.00916922 -0.07505040
v -0.03424365 -0.00988848 -0.07072110
v -0.03842018 -0.01081295 -0.07147870
v -0.03502148 -0.01119170 -0.06704440
v -0.03899478 -0.01223968 -0.06784020
v -0.03615290 -0.01228001 -0.06330160
v -0.02937397 -0.00583338 -0.07715509
v -0.02919513 -0.00771802 -0.07365770
v -0.02961289 -0.00924007 -0.07004850
v -0.03058778 -0.01042352 -0.06633500
v -0.03201365 -0.01133288 -0.06253700
v -0.03374877 -0.01205428 -0.05868100
v -0.04081190 -0.01468720 -0.06043800
v -0.03983252 -0.01350648 -0.06415229
v -0.03750180 -0.01323614 -0.05951800
v -0.02744883 -0.01064439 -0.06185200
v -0.03968261 -0.01377576 -0.04697670
v -0.01926879 -0.00860120 -0.06890609
v -0.01877246 -0.00712691 -0.07253000
v -0.01908614 -0.00516032 -0.07600219
v -0.04982225 -0.02510549 -0.03557380
v -0.04928920 -0.02196665 -0.03413360
v -0.04653126 -0.02009092 -0.04171209
v -0.04597668 -0.01869658 -0.04104589
v -0.04361339 -0.01662554 -0.04424949
v -0.04187957 -0.01590334 -0.04810519
v -0.04542415 -0.01730098 -0.04037939
v -0.05053273 -0.02298683 -0.03036979
v -0.04882920 -0.01878341 -0.03267979
v -0.04719152 -0.01800278 -0.03651739
v -0.04905175 -0.02037955 -0.03340809
v -0.05163214 -0.02409459 -0.02663290
v -0.05333527 -0.02661139 -0.01925199
v -0.05287814 -0.03718858 -0.03255960
v -0.05395411 -0.04346027 -0.03543809
v -0.05490931 -0.04832047 -0.03767849
v -0.04390892 -0.01813280 -0.04926510
v -0.04578402 -0.02045599 -0.05045390
v -0.04665363 -0.02170342 -0.04676010
v -0.05113689 -0.03123214 -0.03840759
v -0.05044042 -0.02819261 -0.03699800
v -0.04879094 -0.02564321 -0.04436880
v -0.04765321 -0.02287186 -0.04304190
v -0.04516140 -0.01914753 -0.04549960
v -0.05189276 -0.03423556 -0.03980600
v -0.04993079 -0.02841326 -0.04569529
v -0.04808972 -0.02429344 -0.04803109
v -0.04666705 -0.02165072 -0.05105850
v -0.05207323 -0.03075214 -0.02963029
v -0.05180638 -0.02745151 -0.02814030
v -0.05499546 -0.05732794 -0.00769079
v -0.05499798 -0.05819824 -0.00340980
v -0.05499998 -0.05889143 0.00000000
v -0.05102597 -0.00989909 -0.08940110
v -0.05202395 -0.00574065 -0.09627594
v -0.05280856 -0.00699520 -0.09689897
v -0.05369001 -0.01875751 -0.08492019
v -0.05343825 -0.02246242 -0.07790560
v -0.05201276 -0.01986597 -0.07663260
v -0.05226070 -0.01616338 -0.08364800
v -0.05020070 -0.01750445 -0.07543200
v -0.05328086 -0.02610997 -0.07087330
v -0.05305590 -0.03335048 -0.05679179
v -0.05192630 -0.02347041 -0.06958699
v -0.04891936 -0.00771659 -0.08825570
v -0.04583911 -0.00790178 -0.08376170
v -0.04639806 -0.00578613 -0.08718789
v -0.04706897 -0.00360243 -0.09059320
v -0.04500143 0.00000001 -0.09225655
v -0.05043084 -0.01381269 -0.08245070
v -0.05025338 -0.02102433 -0.06836029
v -0.04823836 -0.01878617 -0.06719780
v -0.04585076 -0.01677445 -0.06610500
v -0.04033757 -0.01506456 -0.05192500
v -0.04181759 -0.01585193 -0.05671870
v -0.04281954 -0.01701893 -0.05300010
v -0.04313869 -0.01678042 -0.05724119
v -0.04504778 -0.01912750 -0.05412269
v -0.04248712 -0.01357998 -0.06872599
v -0.04210138 -0.01203847 -0.07232920
v -0.04198421 -0.01033374 -0.07588200
v -0.04218017 -0.00843869 -0.07937619
v -0.04267980 -0.00635908 -0.08281350
v -0.04339555 -0.00414813 -0.08621040
v -0.04450711 -0.01585966 -0.06558670
v -0.04664587 -0.01984311 -0.05889430
v -0.04751492 -0.02286683 -0.05166969
v -0.04863854 -0.02209485 -0.06006100
v -0.05037733 -0.02450090 -0.06127530
v -0.05187989 -0.03060241 -0.05547210
v -0.01196896 0.03634153 -0.10071913
v -0.00793165 0.03653797 -0.10016445
v -0.00787592 0.04027477 -0.10281648
v -0.05208807 0.00140517 -0.10258241
v -0.05076636 0.00257923 -0.10110965
v -0.05078257 0.00642707 -0.10363830
v -0.00569046 0.05458740 -0.12648548
v -0.00701289 0.05442105 -0.12647820
v -0.00816947 0.05341344 -0.12257475
v -0.01337922 0.05324542 -0.12640657
v -0.01520310 0.05270090 -0.12636316
v -0.01569768 0.05217709 -0.12462135
v -0.03019235 0.04585951 -0.12568303
v -0.03083419 0.04540233 -0.12561924
v -0.03182537 0.04371241 -0.12176419
v -0.03719986 0.04042703 -0.12485526
v -0.03828321 0.03934911 -0.12465371
v -0.03899874 0.03810549 -0.12186298
v -0.04839193 0.02593372 -0.12144912
v -0.04890914 0.02490817 -0.12113099
v -0.04937054 0.02336156 -0.11884243
v -0.04793516 0.00081463 -0.09592978
v -0.04126126 0.00336972 -0.09241786
v -0.02247994 0.00269828 -0.08467769
v -0.00377170 0.04036792 -0.10237655
v -0.00379277 0.03657762 -0.09978398
v 0.00000000 0.03807762 -0.10062423
v -0.00371588 0.03263609 -0.09735942
v -0.00000004 0.03263496 -0.09726043
v -0.00000001 0.03645763 -0.09962300
v -0.00341294 0.02452282 -0.09276615
v -0.00000002 0.02510050 -0.09298741
v -0.00000004 0.03252003 -0.09719523
v -0.00291468 0.01610803 -0.08850789
v 0.00000001 0.01709133 -0.08890129
v -0.00000002 0.02440577 -0.09263298
v 0.00000013 0.00500294 -0.08330310
v 0.00000004 0.00734306 -0.08444320
v -0.00223649 0.00741547 -0.08455829
v 0.00000000 0.00848628 -0.08500019
v 0.00000001 0.01600192 -0.08840740
v -0.00204502 0.00329709 -0.08233020
v 0.00000005 0.00324066 -0.08221930
v -0.00625642 0.00336937 -0.08258630
v -0.00000000 0.00196578 -0.08143530
v -0.01448874 0.00321993 -0.08342520
v -0.01456898 -0.00000001 -0.08107959
v -0.03424920 0.00000006 -0.08587600
v -0.03027543 0.00187451 -0.08626580
v -0.03042261 0.00000047 -0.08461390
v -0.03677312 0.00000010 -0.08690809
v -0.03412755 0.00139222 -0.08713820
v -0.03765694 0.00423455 -0.09112050
v -0.03789311 0.00077628 -0.08815899
v -0.04111573 -0.00000014 -0.08922770
v -0.03968679 -0.00000004 -0.08839109
v -0.04470988 0.00226456 -0.09398227
v -0.05080382 0.00000004 -0.09925816
v -0.04782373 0.00446546 -0.09867735
v -0.05324556 0.00000004 -0.10429313
v -0.05246024 -0.00000004 -0.10240523
v -0.05330985 0.00389968 -0.10678302
v -0.05488947 0.00135098 -0.11118213
v -0.05490354 0.00059220 -0.11076307
v -0.05430593 0.00222297 -0.10881431
v -0.05491001 0.00024315 -0.11057032
v -0.05452063 -0.00000018 -0.10841676
v -0.05435601 0.00766784 -0.11440235
v -0.05452967 0.00658174 -0.11389686
v -0.05424350 0.00594943 -0.11147783
v -0.05468127 0.00472952 -0.11295160
v -0.05486947 0.00243023 -0.11177817
v -0.05386700 0.01072592 -0.11582563
v -0.05415077 0.00895129 -0.11499968
v -0.05399819 0.00939360 -0.11445501
v -0.05311450 0.01386503 -0.11715877
v -0.05267980 0.01439560 -0.11553301
v -0.05288188 0.01483544 -0.11757090
v -0.05224575 0.01680525 -0.11832564
v -0.05157395 0.01888555 -0.11912272
v -0.05196125 0.01768623 -0.11866320
v -0.04997365 0.02046971 -0.11525153
v -0.05161186 0.01596139 -0.11362497
v -0.05306067 0.01116070 -0.11232329
v -0.04994149 0.02286119 -0.12049601
v -0.05021250 0.02220117 -0.12026803
v -0.05110123 0.02003679 -0.11952039
v -0.04497486 0.03148772 -0.12296776
v -0.04545442 0.03082151 -0.12280636
v -0.04621646 0.02874421 -0.11932924
v -0.04577886 0.03037080 -0.12269719
v -0.04793690 0.02681206 -0.12171747
v -0.04325790 0.03387290 -0.12354556
v -0.04493535 0.03154260 -0.12298105
v -0.04275705 0.03365555 -0.12033979
v -0.04355382 0.03106264 -0.11641671
v -0.03992448 0.03571168 -0.11771869
v -0.04035222 0.03729049 -0.12426877
v -0.04088756 0.03666084 -0.12413553
v -0.04114334 0.03636000 -0.12407187
v -0.03620825 0.04126265 -0.12499233
v -0.03622748 0.04124644 -0.12498967
v -0.03494785 0.04210380 -0.12388803
v -0.03600754 0.03991675 -0.11951397
v -0.03091939 0.04534164 -0.12561078
v -0.03381793 0.04327698 -0.12532274
v -0.03459093 0.04262556 -0.12521589
v -0.02633520 0.04816135 -0.12595079
v -0.02701742 0.04775422 -0.12590344
v -0.02741843 0.04716110 -0.12439994
v -0.02965455 0.04618046 -0.12572036
v -0.02850894 0.04502162 -0.11997303
v -0.02206978 0.05025162 -0.12615438
v -0.02314063 0.04972686 -0.12610327
v -0.02402685 0.04835432 -0.12273767
v -0.02512073 0.04875651 -0.12600875
v -0.02052033 0.04937012 -0.12127256
v -0.01929574 0.05130260 -0.12592945
v -0.01993429 0.05108656 -0.12622763
v -0.01775084 0.05194026 -0.12630252
v -0.01893880 0.05147578 -0.12626178
v -0.01920319 0.05137241 -0.12625270
v -0.00895954 0.05417617 -0.12646749
v -0.01114001 0.05371698 -0.12643744
v -0.01199166 0.05288494 -0.12349841
v -0.01239646 0.05345238 -0.12642012
v -0.00421051 0.05373082 -0.12188568
v -0.00281776 0.05480666 -0.12649324
v -0.00451684 0.05473503 -0.12649194
v 0.00000006 0.05388165 -0.12177642
v -0.00000001 0.05470829 -0.12523190
v -0.00000001 0.05492545 -0.12649540
v 0.00000006 0.05388104 -0.12177388
v 0.00000006 0.05388156 -0.12177606
v -0.00008700 0.05379420 -0.12147882
v -0.00138828 0.05198008 -0.11669040
v 0.00000001 0.05258607 -0.11805048
v 0.00000005 0.05377849 -0.12147902
v -0.00000002 0.04893280 -0.11121425
v -0.00000001 0.04960109 -0.11232228
v -0.00236951 0.04967192 -0.11245095
v 0.00000002 0.05092860 -0.11452330
v 0.00000001 0.05191585 -0.11662423
v 0.00000002 0.04688408 -0.10849326
v -0.00307879 0.04694398 -0.10867794
v 0.00000002 0.04662805 -0.10815321
v -0.00354182 0.04383589 -0.10532730
v -0.00000005 0.04404972 -0.10536869
v 0.00000003 0.04027061 -0.10219219
v 0.00000004 0.04119917 -0.10285608
v -0.00000004 0.04376804 -0.10512040
v -0.05325732 0.01326929 -0.11690577
v -0.05211743 0.00527332 -0.10508849
v -0.05212458 0.00910718 -0.10763268
v -0.05081417 0.01029868 -0.10614054
v -0.05069724 0.01394101 -0.10889753
v -0.04932248 0.01503318 -0.10751576
v -0.04910438 0.01851934 -0.11044629
v -0.04770115 0.01956755 -0.10911337
v -0.04738772 0.02290656 -0.11220741
v -0.04938578 0.01130805 -0.10485077
v -0.04785413 0.01598088 -0.10629451
v -0.04459782 0.00591441 -0.09673092
v -0.04782408 0.00828882 -0.10123320
v -0.04460532 0.00974882 -0.09927449
v -0.04787074 0.01218369 -0.10370960
v -0.03015110 0.00550542 -0.08903550
v -0.03394530 0.00493371 -0.09000720
v -0.03019042 0.00938894 -0.09152449
v -0.02364445 0.03125568 -0.10057537
v -0.03107410 0.02986718 -0.10279103
v -0.02355223 0.02729049 -0.09817710
v -0.03100886 0.02594364 -0.10034649
v -0.02334835 0.02315294 -0.09597038
v -0.03082386 0.02183524 -0.09810736
v -0.03035200 0.01346121 -0.09380381
v -0.01591985 0.03218885 -0.09886563
v -0.01580804 0.02819343 -0.09650096
v -0.01561081 0.02406615 -0.09428283
v -0.02281351 0.01468168 -0.09177490
v -0.02258945 0.01051299 -0.08960270
v -0.02246289 0.00649478 -0.08726339
v -0.01457004 0.00716826 -0.08584220
v -0.01478602 0.01132448 -0.08802819
v -0.01506707 0.01558115 -0.09010260
v -0.00757148 0.02451351 -0.09311290
v -0.00775156 0.02861432 -0.09536047
v -0.00787566 0.03262871 -0.09770404
v -0.00706151 0.01608064 -0.08887470
v -0.00674176 0.01176423 -0.08686670
v -0.00642824 0.00745743 -0.08484810
v -0.01692158 0.05024353 -0.11996566
v -0.02149948 0.04705874 -0.11703666
v -0.03010825 0.03984474 -0.11211699
v -0.02287022 0.04152901 -0.10957267
v -0.02226952 0.04442458 -0.11315944
v -0.02504900 0.04610932 -0.11842804
v -0.02586901 0.04355230 -0.11446510
v -0.01543789 0.04291336 -0.10736161
v -0.01491618 0.04593087 -0.11081291
v -0.01418897 0.04863113 -0.11461666
v -0.01322878 0.05097177 -0.11882006
v -0.00548493 0.05187525 -0.11714331
v -0.00645495 0.04954977 -0.11292308
v -0.00716452 0.04682228 -0.10914956
v -0.00763144 0.04372020 -0.10579226
v -0.00942457 0.05152804 -0.11786554
v -0.01038950 0.04919472 -0.11365403
v -0.01110741 0.04648009 -0.10986621
v -0.01159722 0.04341334 -0.10646965
v -0.01186694 0.04000687 -0.10345059
v -0.01591573 0.03600532 -0.10142913
v -0.02357811 0.03497609 -0.10324559
v -0.03096255 0.03351782 -0.10553878
v -0.03464707 0.02895396 -0.10414217
v -0.03460913 0.02507257 -0.10165080
v -0.03445256 0.02100806 -0.09936290
v -0.03766990 0.01190021 -0.09621116
v -0.03759317 0.00795895 -0.09378630
v -0.04800859 0.02669384 -0.12168492
v -0.04689954 0.02597581 -0.11560118
v -0.04872538 0.02175713 -0.11365281
v -0.05041415 0.01732684 -0.11193955
v -0.05195216 0.01266386 -0.11048485
v -0.05328083 0.00767771 -0.10938923
v -0.04190388 0.03546546 -0.12388257
v -0.04472582 0.01758049 -0.10418071
v -0.04468328 0.02133765 -0.10681009
v -0.04449218 0.02486549 -0.10969432
v -0.04412308 0.02811855 -0.11288387
v -0.04109672 0.02987554 -0.11059516
v -0.04061663 0.03295728 -0.11397506
v -0.03747622 0.03453821 -0.11188198
v -0.03684864 0.03739228 -0.11551487
v -0.03356699 0.03875519 -0.11366406
v -0.03279431 0.04138529 -0.11754580
v -0.02939965 0.04257374 -0.11588884
v -0.04116662 0.00704647 -0.09513662
v -0.04120279 0.01092513 -0.09763102
v -0.04142769 0.01891795 -0.10235817
v -0.03799351 0.02004542 -0.10076896
v -0.04146702 0.02280150 -0.10484713
v -0.03810080 0.02403386 -0.10314138
v -0.04137220 0.02647794 -0.10756623
v -0.03808361 0.02783015 -0.10572731
v -0.03788748 0.03135022 -0.10862014
v -0.03451245 0.03256898 -0.10692952
v -0.03415810 0.03584482 -0.11009375
v -0.03063502 0.03683506 -0.10865702
v -0.02332207 0.03840368 -0.10624121
v -0.01576178 0.03959051 -0.10424964
v -0.05078257 0.00642707 -0.10363830
v 0.03279431 0.04138529 -0.11754580
v 0.03600754 0.03991675 -0.11951397
v 0.03494785 0.04210380 -0.12388803
v 0.03759317 0.00795895 -0.09378630
v 0.03765694 0.00423455 -0.09112050
v 0.04126126 0.00336972 -0.09241786
v 0.04116662 0.00704647 -0.09513662
v 0.04120279 0.01092513 -0.09763102
v 0.03766990 0.01190021 -0.09621116
v 0.04787074 0.01218369 -0.10370960
v 0.04785413 0.01598088 -0.10629451
v 0.04472582 0.01758049 -0.10418071
v 0.05485570 0.00244503 -0.11178074
v 0.05460832 0.00476765 -0.11292929
v 0.05424350 0.00594943 -0.11147783
v 0.05429813 0.00768013 -0.11436953
v 0.05416278 0.00895088 -0.11499791
v 0.05399819 0.00939360 -0.11445501
v 0.04969359 0.02339668 -0.12066616
v 0.04889878 0.02483048 -0.12108455
v 0.04937054 0.02336156 -0.11884243
v 0.04830590 0.02590002 -0.12139663
v 0.04777503 0.02685770 -0.12167610
v 0.04621646 0.02874421 -0.11932924
v 0.04158208 0.03591238 -0.12398565
v 0.04113929 0.03635746 -0.12406941
v 0.03899874 0.03810549 -0.12186298
v 0.02991072 0.04603847 -0.12569007
v 0.02963423 0.04619039 -0.12570700
v 0.02741843 0.04716110 -0.12439994
v 0.01554531 0.05264446 -0.12634913
v 0.01520255 0.05272035 -0.12635421
v 0.01569768 0.05217709 -0.12462135
v 0.00236951 0.04967192 -0.11245095
v 0.00354182 0.04383589 -0.10532730
v 0.03792951 0.00000069 -0.08739930
v 0.03797209 0.00000068 -0.08742330
v 0.03789311 0.00077628 -0.08815899
v 0.04376615 0.00000044 -0.09113640
v 0.04483530 0.00000026 -0.09210637
v 0.04470988 0.00226456 -0.09398227
v 0.05067996 -0.00000001 -0.09900686
v 0.05081060 -0.00000003 -0.09924920
v 0.05076636 0.00257923 -0.10110965
v 0.05450310 -0.00000007 -0.10844416
v 0.05464819 -0.00000010 -0.10898231
v 0.05430593 0.00222297 -0.10881431
v 0.05491167 -0.00000209 -0.11042574
v 0.05490737 0.00011955 -0.11049971
v 0.05330985 0.00389968 -0.10678302
v 0.05370736 0.00000011 -0.10549270
v 0.05423494 -0.00000001 -0.10744954
v 0.05211743 0.00527332 -0.10508849
v 0.05322453 -0.00000001 -0.10428205
v 0.05323778 -0.00000000 -0.10431527
v 0.05134222 -0.00000009 -0.10023533
v 0.05237376 -0.00000021 -0.10214885
v 0.05208807 0.00140517 -0.10258241
v 0.05247558 -0.00000019 -0.10240416
v 0.05259062 -0.00000016 -0.10269261
v 0.04926339 -0.00000003 -0.09697432
v 0.04995468 -0.00000002 -0.09796621
v 0.04782373 0.00446546 -0.09867735
v 0.04795476 -0.00000003 -0.09530687
v 0.04843851 -0.00000003 -0.09585623
v 0.04793516 0.00081463 -0.09592978
v 0.04865727 -0.00000004 -0.09610466
v 0.04500139 0.00000023 -0.09225707
v 0.04607918 0.00000005 -0.09323489
v 0.04633281 0.00000000 -0.09346499
v 0.04126750 -0.00000030 -0.08933450
v 0.04150028 -0.00000023 -0.08950240
v 0.03968609 0.00000006 -0.08839109
v 0.04094455 -0.00000040 -0.08910160
v 0.04111584 -0.00000035 -0.08922509
v 0.03199497 0.00000046 -0.08512420
v 0.03424903 0.00000008 -0.08587680
v 0.03412755 0.00139222 -0.08713820
v 0.03464826 0.00000001 -0.08601010
v 0.03677343 0.00000045 -0.08690979
v 0.03027543 0.00187451 -0.08626580
v 0.03047782 0.00000071 -0.08461770
v 0.02247994 0.00269828 -0.08467769
v 0.02328964 -0.00000005 -0.08270150
v 0.02449892 -0.00000008 -0.08295990
v 0.01845721 0.00000003 -0.08166919
v 0.02190193 -0.00000003 -0.08240509
v 0.02260396 -0.00000004 -0.08255510
v 0.01108933 -0.00000012 -0.08062970
v 0.01234900 -0.00000019 -0.08074400
v 0.01448874 0.00321993 -0.08342520
v 0.01456895 -0.00000011 -0.08108030
v 0.01845721 0.00000003 -0.08166919
v 0.00204502 0.00329709 -0.08233020
v 0.00625642 0.00336937 -0.08258630
v 0.00537947 0.00000013 -0.08016320
v 0.00623875 0.00000015 -0.08018920
v 0.00630714 0.00000014 -0.08019550
v 0.00000004 0.00734306 -0.08444320
v 0.00000005 0.00324066 -0.08221930
v 0.00291468 0.01610803 -0.08850789
v 0.00341294 0.02452282 -0.09276615
v 0.00371588 0.03263609 -0.09735942
v 0.00379277 0.03657762 -0.09978398
v 0.00377170 0.04036792 -0.10237655
v 0.00307879 0.04694398 -0.10867794
v 0.00138828 0.05198008 -0.11669040
v 0.00283806 0.05471801 -0.12648381
v 0.00421051 0.05373082 -0.12188568
v 0.00782631 0.05435341 -0.12646343
v 0.00701649 0.05441260 -0.12646674
v 0.00816947 0.05341344 -0.12257475
v 0.00568661 0.05450980 -0.12647216
v 0.01237247 0.05334692 -0.12639611
v 0.01114944 0.05361769 -0.12641423
v 0.01199166 0.05288494 -0.12349841
v 0.01890354 0.05138204 -0.12624331
v 0.02701180 0.04763135 -0.12586753
v 0.02508152 0.04869200 -0.12598568
v 0.02402685 0.04835432 -0.12273767
v 0.02314452 0.04975633 -0.12610426
v 0.02052033 0.04937012 -0.12127256
v 0.02296333 0.04985589 -0.12611535
v 0.01929574 0.05130260 -0.12592945
v 0.01973426 0.05106976 -0.12621711
v 0.01920220 0.05126977 -0.12623388
v 0.03083122 0.04534714 -0.12558928
v 0.02850894 0.04502162 -0.11997303
v 0.04086276 0.03663541 -0.12412172
v 0.03826479 0.03924681 -0.12461316
v 0.03627725 0.04124461 -0.12498912
v 0.03622867 0.04129345 -0.12499833
v 0.03458074 0.04253110 -0.12517875
v 0.04491950 0.03145426 -0.12293023
v 0.04483976 0.03156078 -0.12295545
v 0.04275705 0.03365555 -0.12033979
v 0.04190549 0.03548036 -0.12388337
v 0.03992448 0.03571168 -0.11771869
v 0.04610440 0.02987148 -0.12255552
v 0.04544310 0.03075483 -0.12276465
v 0.04355382 0.03106264 -0.11641671
v 0.05224839 0.01685627 -0.11835504
v 0.05191857 0.01770064 -0.11865339
v 0.04997365 0.02046971 -0.11525153
v 0.05101266 0.02001979 -0.11947291
v 0.05015207 0.02222295 -0.12025142
v 0.05267980 0.01439560 -0.11553301
v 0.05316631 0.01331295 -0.11688023
v 0.05303100 0.01386365 -0.11711296
v 0.05237599 0.01652960 -0.11823960
v 0.05161186 0.01596139 -0.11362497
v 0.05041415 0.01732684 -0.11193955
v 0.05491001 0.00024315 -0.11057032
v 0.05490139 0.00059254 -0.11076238
v 0.05488266 0.00135204 -0.11117989
v 0.05069724 0.01394101 -0.10889753
v 0.05081417 0.01029868 -0.10614054
v 0.05195216 0.01266386 -0.11048485
v 0.05212458 0.00910718 -0.10763268
v 0.05306067 0.01116070 -0.11232329
v 0.05328083 0.00767771 -0.10938923
v 0.05410519 0.00949160 -0.11526531
v 0.04782408 0.00828882 -0.10123320
v 0.04460532 0.00974882 -0.09927449
v 0.04459782 0.00591441 -0.09673092
v 0.03107410 0.02986718 -0.10279103
v 0.03460913 0.02507257 -0.10165080
v 0.03464707 0.02895396 -0.10414217
v 0.03810080 0.02403386 -0.10314138
v 0.03808361 0.02783015 -0.10572731
v 0.04146702 0.02280150 -0.10484713
v 0.04137220 0.02647794 -0.10756623
v 0.04468328 0.02133765 -0.10681009
v 0.04449218 0.02486549 -0.10969432
v 0.04770115 0.01956755 -0.10911337
v 0.04738772 0.02290656 -0.11220741
v 0.03799351 0.02004542 -0.10076896
v 0.04142769 0.01891795 -0.10235817
v 0.00787566 0.03262871 -0.09770404
v 0.00775156 0.02861432 -0.09536047
v 0.01580804 0.02819343 -0.09650096
v 0.01561081 0.02406615 -0.09428283
v 0.02334835 0.02315294 -0.09597038
v 0.01506707 0.01558115 -0.09010260
v 0.02281351 0.01468168 -0.09177490
v 0.02258945 0.01051299 -0.08960270
v 0.03019042 0.00938894 -0.09152449
v 0.03015110 0.00550542 -0.08903550
v 0.03394530 0.00493371 -0.09000720
v 0.00642824 0.00745743 -0.08484810
v 0.00223649 0.00741547 -0.08455829
v 0.01457004 0.00716826 -0.08584220
v 0.00674176 0.01176423 -0.08686670
v 0.00757148 0.02451351 -0.09311290
v 0.00706151 0.01608064 -0.08887470
v 0.01478602 0.01132448 -0.08802819
v 0.02246289 0.00649478 -0.08726339
v 0.01692158 0.05024353 -0.11996566
v 0.03088782 0.04530463 -0.12558310
v 0.03182537 0.04371241 -0.12176419
v 0.02939965 0.04257374 -0.11588884
v 0.02504900 0.04610932 -0.11842804
v 0.02586901 0.04355230 -0.11446510
v 0.02149948 0.04705874 -0.11703666
v 0.02226952 0.04442458 -0.11315944
v 0.01418897 0.04863113 -0.11461666
v 0.01322878 0.05097177 -0.11882006
v 0.00942457 0.05152804 -0.11786554
v 0.00716452 0.04682228 -0.10914956
v 0.00763144 0.04372020 -0.10579226
v 0.01159722 0.04341334 -0.10646965
v 0.01186694 0.04000687 -0.10345059
v 0.01576178 0.03959051 -0.10424964
v 0.00787592 0.04027477 -0.10281648
v 0.00793165 0.03653797 -0.10016445
v 0.03035200 0.01346121 -0.09380381
v 0.03445256 0.02100806 -0.09936290
v 0.03082386 0.02183524 -0.09810736
v 0.03100886 0.02594364 -0.10034649
v 0.02355223 0.02729049 -0.09817710
v 0.02364445 0.03125568 -0.10057537
v 0.01591985 0.03218885 -0.09886563
v 0.01591573 0.03600532 -0.10142913
v 0.01196896 0.03634153 -0.10071913
v 0.02357811 0.03497609 -0.10324559
v 0.04689954 0.02597581 -0.11560118
v 0.04872538 0.02175713 -0.11365281
v 0.04910438 0.01851934 -0.11044629
v 0.04932248 0.01503318 -0.10751576
v 0.04938578 0.01130805 -0.10485077
v 0.05078257 0.00642707 -0.10363830
v 0.03684864 0.03739228 -0.11551487
v 0.03356699 0.03875519 -0.11366406
v 0.03010825 0.03984474 -0.11211699
v 0.00008700 0.05379420 -0.12147882
v 0.00548493 0.05187525 -0.11714331
v 0.00645495 0.04954977 -0.11292308
v 0.01038950 0.04919472 -0.11365403
v 0.01110741 0.04648009 -0.10986621
v 0.01491618 0.04593087 -0.11081291
v 0.01543789 0.04291336 -0.10736161
v 0.02287022 0.04152901 -0.10957267
v 0.02332207 0.03840368 -0.10624121
v 0.03063502 0.03683506 -0.10865702
v 0.03096255 0.03351782 -0.10553878
v 0.03415810 0.03584482 -0.11009375
v 0.03451245 0.03256898 -0.10692952
v 0.03747622 0.03453821 -0.11188198
v 0.03788748 0.03135022 -0.10862014
v 0.04061663 0.03295728 -0.11397506
v 0.04109672 0.02987554 -0.11059516
v 0.04412308 0.02811855 -0.11288387
v 0.03851707 -0.01275272 -0.04642509
v 0.03968261 -0.01377576 -0.04697670
v 0.03756105 -0.01328922 -0.05090510
v 0.03750181 -0.01323614 -0.05951800
v 0.03891806 -0.01415135 -0.05572180
v 0.04181760 -0.01585193 -0.05671870
v 0.00260950 -0.00389780 -0.07623400
v 0.00201993 -0.00514409 -0.07457900
v 0.00793655 -0.00501100 -0.07501069
v 0.05491676 -0.00518872 -0.10684382
v 0.05491611 -0.00452376 -0.10730305
v 0.05471714 -0.00574617 -0.10514329
v 0.04790795 -0.00131658 -0.09396692
v 0.00000004 -0.00626737 -0.07274590
v 0.00760033 -0.00610331 -0.07330819
v 0.04646877 -0.01497923 -0.03511279
v 0.04840473 -0.01557857 -0.03121919
v 0.05497872 -0.05011952 -0.00391879
v 0.05499998 -0.05207568 0.00000001
v 0.05499998 -0.05889143 0.00000000
v 0.05490407 -0.03276172 -0.00483459
v 0.05499998 -0.03512612 0.00000001
v 0.05499998 -0.04130390 0.00000001
v 0.05481280 -0.04666846 -0.01101170
v 0.05499997 -0.02665124 0.00000001
v 0.05498412 -0.02578744 -0.00173950
v 0.05499997 -0.02187303 0.00000001
v 0.05439068 -0.02952185 -0.01199249
v 0.05499997 -0.01817645 0.00000001
v 0.05497283 -0.01709273 -0.00219250
v 0.05477896 -0.01543460 -0.00575970
v 0.05393860 -0.02802066 -0.01560809
v 0.05349517 -0.01958858 -0.01614210
v 0.05372480 -0.01427291 -0.01306689
v 0.05261476 -0.01834771 -0.01983790
v 0.05148131 -0.01726063 -0.02358109
v 0.05202730 -0.01404032 -0.02018960
v 0.05007992 -0.01633640 -0.02737449
v 0.04976123 -0.01372970 -0.02647009
v 0.04430788 -0.01451659 -0.03904849
v 0.04115149 -0.01292757 -0.04240069
v 0.03763669 -0.01206760 -0.04611199
v 0.03768472 -0.01207419 -0.04605329
v 0.03774536 -0.01208250 -0.04597929
v 0.03550282 -0.01177512 -0.04836889
v 0.03592220 -0.01183260 -0.04792529
v 0.03604485 -0.01247930 -0.05041909
v 0.03443070 -0.01172891 -0.04995140
v 0.03189451 -0.01149438 -0.05395739
v 0.03211292 -0.01131036 -0.05165280
v 0.02954635 -0.01114555 -0.05792820
v 0.02693665 -0.01064974 -0.05585989
v 0.01791406 -0.00987009 -0.06071240
v 0.02254409 -0.01016250 -0.06123080
v 0.02480368 -0.01043275 -0.05721040
v 0.02499525 -0.01044873 -0.05724070
v 0.02056936 -0.00958672 -0.06513160
v 0.00695921 -0.00938699 -0.06371769
v 0.00840734 -0.00941810 -0.06352299
v 0.00954043 -0.00936407 -0.06411750
v 0.00885039 -0.00943422 -0.06342300
v 0.01007706 -0.00947886 -0.06314619
v 0.00332031 -0.00932178 -0.06412539
v 0.00801290 -0.00851650 -0.06793460
v 0.00160367 -0.00930942 -0.06420220
v 0.00295708 -0.00931916 -0.06414170
v 0.00609915 -0.00936852 -0.06383329
v 0.00750300 -0.00705045 -0.07156099
v 0.00000001 -0.00717904 -0.07098960
v 0.00348485 -0.00247782 -0.07783550
v 0.00465991 -0.00087568 -0.07938079
v -0.00000002 -0.00107070 -0.07905200
v 0.00935676 -0.00237190 -0.07827559
v 0.02018092 -0.00271901 -0.07932800
v 0.01456895 -0.00000011 -0.08108030
v 0.03047782 0.00000071 -0.08461770
v 0.03139059 -0.00105586 -0.08383910
v 0.02449892 -0.00000008 -0.08295990
v 0.03677343 0.00000045 -0.08690979
v 0.03582262 -0.00182505 -0.08454889
v 0.03424903 0.00000008 -0.08587680
v 0.03792951 0.00000069 -0.08739930
v 0.03986490 -0.00283112 -0.08533170
v 0.03968609 0.00000006 -0.08839109
v 0.04376615 0.00000044 -0.09113640
v 0.04421737 -0.00187271 -0.08958730
v 0.04092226 -0.00041255 -0.08866459
v 0.04111584 -0.00000035 -0.08922509
v 0.04908512 -0.00233255 -0.09451642
v 0.05016303 -0.00340885 -0.09508452
v 0.05081060 -0.00000003 -0.09924920
v 0.05114235 -0.00454506 -0.09567108
v 0.05247558 -0.00000019 -0.10240416
v 0.05256379 -0.00012926 -0.10246663
v 0.05323839 -0.00145068 -0.10311027
v 0.05323778 -0.00000000 -0.10431527
v 0.05382345 -0.00282651 -0.10377068
v 0.05450310 -0.00000007 -0.10844416
v 0.05431689 -0.00425801 -0.10444825
v 0.05491493 -0.00332258 -0.10813259
v 0.05491292 -0.00128002 -0.10954320
v 0.05490538 -0.00851236 -0.10359802
v 0.05490932 -0.00736249 -0.10472096
v 0.05491209 -0.00655248 -0.10551201
v 0.05488408 -0.01794847 -0.09230734
v 0.05489612 -0.01219069 -0.09937740
v 0.05457863 -0.01111365 -0.09887742
v 0.05489797 -0.01130154 -0.10046919
v 0.05490135 -0.00969032 -0.10244764
v 0.05472410 -0.02159186 -0.08626660
v 0.05488966 -0.02209318 -0.08649750
v 0.05488647 -0.01972655 -0.08981490
v 0.05488968 -0.03461785 -0.06704170
v 0.05489231 -0.03089035 -0.07312930
v 0.05433321 -0.02893322 -0.07221610
v 0.05489470 -0.02749941 -0.07866720
v 0.05489547 -0.02640940 -0.08044730
v 0.05487860 -0.03862456 -0.05928430
v 0.05408771 -0.03618621 -0.05813850
v 0.05487251 -0.04082451 -0.05502490
v 0.05315418 -0.03684266 -0.04971150
v 0.05486977 -0.04181474 -0.05310780
v 0.05489008 -0.04529502 -0.04497059
v 0.05493711 -0.05101671 -0.02987049
v 0.05493598 -0.05090700 -0.03018969
v 0.05440267 -0.04673956 -0.02829220
v 0.05490930 -0.04833116 -0.03768339
v 0.05395411 -0.04346029 -0.03543809
v 0.05490588 -0.04800109 -0.03864360
v 0.05348795 -0.04019170 -0.04258720
v 0.05489594 -0.04629847 -0.04262449
v 0.05473579 -0.05008900 -0.02116800
v 0.05496138 -0.05340420 -0.02266130
v 0.05495870 -0.05310127 -0.02380600
v 0.05499769 -0.05818997 -0.00340800
v 0.05499416 -0.05710665 -0.00867109
v 0.05497949 -0.05544996 -0.01493119
v 0.05497521 -0.05496685 -0.01675669
v 0.01908615 -0.00516032 -0.07600219
v 0.02937398 -0.00583338 -0.07715509
v 0.03012783 -0.00359927 -0.08054480
v 0.04578403 -0.02045599 -0.05045390
v 0.04281955 -0.01701893 -0.05300010
v 0.04390892 -0.01813280 -0.04926510
v 0.04033758 -0.01506457 -0.05192500
v 0.03563116 -0.01268619 -0.05479750
v 0.03374877 -0.01205429 -0.05868100
v 0.03201365 -0.01133288 -0.06253700
v 0.02744884 -0.01064439 -0.06185200
v 0.03058779 -0.01042352 -0.06633500
v 0.01926880 -0.00860120 -0.06890609
v 0.04081190 -0.01468721 -0.06043800
v 0.03615290 -0.01228001 -0.06330160
v 0.01877246 -0.00712691 -0.07253000
v 0.02961290 -0.00924007 -0.07004850
v 0.03502149 -0.01119170 -0.06704440
v 0.03983253 -0.01350649 -0.06415229
v 0.04187957 -0.01590334 -0.04810519
v 0.04361339 -0.01662554 -0.04424949
v 0.04516141 -0.01914753 -0.04549960
v 0.04266365 -0.01275661 -0.03960279
v 0.04199853 -0.01414418 -0.04301199
v 0.04542415 -0.01730098 -0.04037939
v 0.04719152 -0.01800278 -0.03651739
v 0.04905175 -0.02037956 -0.03340809
v 0.04882920 -0.01878341 -0.03267979
v 0.05053273 -0.02298683 -0.03036979
v 0.05163214 -0.02409460 -0.02663290
v 0.05180638 -0.02745152 -0.02814030
v 0.05333527 -0.02661139 -0.01925199
v 0.05305590 -0.03335050 -0.05679179
v 0.05187989 -0.03060242 -0.05547210
v 0.05105148 -0.03119498 -0.04702540
v 0.04665363 -0.02170343 -0.04676010
v 0.04597668 -0.01869658 -0.04104589
v 0.04653127 -0.02009093 -0.04171209
v 0.04765321 -0.02287187 -0.04304190
v 0.04808972 -0.02429344 -0.04803109
v 0.04879094 -0.02564321 -0.04436880
v 0.04928920 -0.02196665 -0.03413360
v 0.04982225 -0.02510550 -0.03557380
v 0.05189276 -0.03423557 -0.03980600
v 0.05287814 -0.03718859 -0.03255960
v 0.05376499 -0.04020149 -0.02533160
v 0.05442004 -0.04335527 -0.01814709
v 0.05113689 -0.03123214 -0.03840759
v 0.05207323 -0.03075215 -0.02963029
v 0.05339868 -0.03349849 -0.02232020
v 0.05409704 -0.01495824 -0.09190580
v 0.05349644 -0.00830855 -0.09754013
v 0.05276014 -0.01230794 -0.09061620
v 0.05280857 -0.00699521 -0.09689898
v 0.05102597 -0.00989909 -0.08940110
v 0.04817055 -0.01172360 -0.08133410
v 0.05020070 -0.01750446 -0.07543200
v 0.05043085 -0.01381269 -0.08245070
v 0.05201276 -0.01986598 -0.07663260
v 0.05226071 -0.01616339 -0.08364800
v 0.05343825 -0.02246243 -0.07790560
v 0.05369001 -0.01875751 -0.08492030
v 0.05488632 -0.01961438 -0.08997220
v 0.05192631 -0.02347041 -0.06958699
v 0.05328086 -0.02610998 -0.07087330
v 0.05202396 -0.00574066 -0.09627594
v 0.04891936 -0.00771660 -0.08825570
v 0.04706898 -0.00360243 -0.09059320
v 0.04639807 -0.00578613 -0.08718789
v 0.04339556 -0.00414813 -0.08621040
v 0.04583912 -0.00790179 -0.08376170
v 0.04550310 -0.01520981 -0.06970099
v 0.04585076 -0.01677446 -0.06610500
v 0.04823837 -0.01878617 -0.06719780
v 0.04863854 -0.02209486 -0.06006100
v 0.05037733 -0.02450090 -0.06127530
v 0.05056252 -0.02794025 -0.05417880
v 0.04527885 -0.01357015 -0.07327400
v 0.04524420 -0.01181526 -0.07681140
v 0.04198421 -0.01033374 -0.07588200
v 0.04218017 -0.00843869 -0.07937619
v 0.03839096 -0.00727882 -0.07854599
v 0.03897444 -0.00514826 -0.08196759
v 0.03475065 -0.00425251 -0.08121880
v 0.04248713 -0.01357998 -0.06872599
v 0.04305841 -0.01500873 -0.06508809
v 0.04450712 -0.01585967 -0.06558670
v 0.03409286 -0.00642824 -0.07781109
v 0.03391870 -0.00831003 -0.07431279
v 0.03820264 -0.00916923 -0.07505040
v 0.03842019 -0.01081296 -0.07147870
v 0.04210139 -0.01203848 -0.07232920
v 0.04438104 -0.01775678 -0.05777850
v 0.04504779 -0.01912751 -0.05412269
v 0.04554891 -0.01877840 -0.05832969
v 0.04666706 -0.02165073 -0.05105850
v 0.04664588 -0.01984312 -0.05889430
v 0.04751492 -0.02286684 -0.05166969
v 0.04910715 -0.02536195 -0.05291140
v 0.04993079 -0.02841327 -0.04569529
v 0.02919514 -0.00771802 -0.07365770
v 0.03424366 -0.00988848 -0.07072110
v 0.03899479 -0.01223968 -0.06784020
v 0.04150118 -0.01422375 -0.06460980
v 0.04313870 -0.01678043 -0.05724119
v 0.04796834 -0.01539839 -0.07431020
v 0.04543418 -0.00992384 -0.08030670
v 0.04267981 -0.00635908 -0.08281350
v 0.05025339 -0.02102434 -0.06836029
v 0.05044042 -0.02819261 -0.03699800
v 0.03727469 -0.06354323 0.04036541
v 0.03881189 -0.06345940 0.03881261
v 0.05499999 -0.05889938 0.00004300
v 0.05499992 -0.05890812 0.00009061
v 0.05462874 -0.05977066 0.00516640
v 0.05476096 -0.05946342 0.00335840
v 0.05442751 -0.06023827 0.00791820
v 0.05396176 -0.06054221 0.01003811
v 0.05369330 -0.06071742 0.01126000
v 0.04938271 -0.06231158 0.02404230
v 0.04973474 -0.06225109 0.02340101
v 0.04998802 -0.06220756 0.02293950
v 0.05191418 -0.06160031 0.01780341
v 0.05273877 -0.06134035 0.01560460
v 0.05298196 -0.06118164 0.01449770
v 0.04619596 -0.06285919 0.02984801
v 0.04608403 -0.06286999 0.02999680
v 0.04148106 -0.06331383 0.03611651
v 0.04198252 -0.06326547 0.03544980
v 0.04490945 -0.06298325 0.03155840
v 0.03658539 -0.06358082 0.04106161
v 0.03162529 -0.01444783 0.04499821
v 0.03193539 -0.06371682 0.04464240
v 0.02341716 -0.06385393 0.04976371
v 0.02345245 -0.06385376 0.04975001
v 0.02615987 -0.06381849 0.04822800
v 0.03030532 -0.06376450 0.04589761
v 0.03156876 -0.06372754 0.04492470
v 0.01346682 -0.06389192 0.05319201
v 0.01449177 -0.06389063 0.05295771
v 0.01605277 -0.06388866 0.05260091
v 0.01996449 -0.06387021 0.05109380
v 0.00833171 -0.06389839 0.05436581
v 0.00679802 -0.06389871 0.05448971
v 0.00000000 -0.06390002 0.05500001
v 0.00025795 -0.06390002 0.05499941
v 0.00051589 -0.06390002 0.05499761
v 0.00516511 -0.06389905 0.05462171
v -0.04607717 -0.06287246 0.03003161
v -0.04514265 -0.06297205 0.03133991
v -0.01459516 -0.06388973 0.05301560
v -0.00680380 -0.06389833 0.05456980
v -0.01082141 -0.06389522 0.05392490
v -0.01348713 -0.06389134 0.05328260
v -0.00659999 -0.06389849 0.05460261
v -0.00520396 -0.06389895 0.05471671
v -0.00236069 -0.06389987 0.05494930
v -0.00051589 -0.06390002 0.05499761
v -0.02621439 -0.06382370 0.04832270
v -0.02354049 -0.06385143 0.04968661
v -0.02304729 -0.06385654 0.04993821
v -0.02000371 -0.06387303 0.05119781
v -0.01898323 -0.06387857 0.05162011
v -0.01492845 -0.06388925 0.05293531
v -0.03176812 -0.06372532 0.04485091
v -0.03162529 -0.01444783 0.04499821
v -0.03057376 -0.06375525 0.04571920
v -0.02689542 -0.06381664 0.04797541
v -0.04031391 -0.06339143 0.03741370
v -0.03904768 -0.06345854 0.03868120
v -0.03745160 -0.06354313 0.04027871
v -0.03731023 -0.06354833 0.04039991
v -0.03405814 -0.06366796 0.04318610
v -0.03197928 -0.06372003 0.04469741
v -0.04335215 -0.06316287 0.03384661
v -0.04198707 -0.06326556 0.03544930
v -0.04989203 -0.06221517 0.02306450
v -0.04940908 -0.06231662 0.02405901
v -0.04846628 -0.06251467 0.02600040
v -0.05378379 -0.06073443 0.01127790
v -0.05330894 -0.06106143 0.01353361
v -0.05314256 -0.06113422 0.01409160
v -0.05201684 -0.06162674 0.01786750
v -0.05040278 -0.06210787 0.02201270
v -0.05479670 -0.05971373 0.00469031
v -0.05424075 -0.06041976 0.00910720
v -0.05404148 -0.06055697 0.01005381
v -0.05485956 -0.05948218 0.00336361
v -0.05499992 -0.05890815 0.00009061
v -0.05480575 -0.05970223 0.00461840
v -0.04093838 -0.10665452 0.02216901
v -0.04118470 -0.10665581 0.02167600
v -0.04099124 -0.10736021 0.02157091
v -0.04631948 -0.10737382 0.00000000
v -0.04593428 -0.10796271 0.00000000
v -0.04577862 -0.10795541 0.00385150
v -0.04614335 -0.10736252 0.00413120
v -0.04636540 -0.10670231 0.00414861
v -0.04641136 -0.10670312 0.00376570
v -0.04632171 -0.10737041 0.00000000
v -0.04632313 -0.10736642 0.00000000
v -0.04655963 -0.10670381 0.00000000
v -0.04551680 -0.10735491 0.00866260
v -0.04596372 -0.10669491 0.00749491
v -0.04629355 -0.10670091 0.00474710
v -0.04514595 -0.10668362 0.01145650
v -0.04557908 -0.10668961 0.00935820
v -0.04571532 -0.10669151 0.00869820
v -0.04289166 -0.10666502 0.01809560
v -0.04312373 -0.10666651 0.01750910
v -0.04292850 -0.10735312 0.01742810
v -0.04397782 -0.10667211 0.01535030
v -0.04444237 -0.10735101 0.01311051
v -0.04443859 -0.10667661 0.01381441
v -0.04463299 -0.10667851 0.01316631
v -0.04258005 -0.10666292 0.01888330
v -0.03594710 -0.10737601 0.02918491
v -0.03614262 -0.10662932 0.02934490
v -0.03646474 -0.10663122 0.02897121
v -0.03859566 -0.10664281 0.02606710
v -0.03865557 -0.10736891 0.02550200
v -0.03885885 -0.10664411 0.02563941
v -0.04069542 -0.10665331 0.02265531
v -0.03289173 -0.10737852 0.03258321
v -0.03400282 -0.10661642 0.03182680
v -0.03592488 -0.10662801 0.02959740
v -0.03081045 -0.10659431 0.03493421
v -0.03290463 -0.10660882 0.03289571
v -0.03305779 -0.10660992 0.03274660
v -0.02960758 -0.10658562 0.03591790
v -0.02968008 -0.10658611 0.03585871
v -0.02951827 -0.10737451 0.03566550
v -0.02586027 -0.10736652 0.03840480
v -0.02601774 -0.10656011 0.03860061
v -0.02797196 -0.10657381 0.03725571
v -0.02195173 -0.10735692 0.04077381
v -0.02207723 -0.10653432 0.04100251
v -0.02217962 -0.10653502 0.04094460
v -0.02217962 -0.10653502 0.04094460
v -0.02460235 -0.10655012 0.03957480
v -0.02600189 -0.10656001 0.03861150
v -0.01782671 -0.10734872 0.04274570
v -0.01793208 -0.10651272 0.04299471
v -0.01810966 -0.10651362 0.04291471
v -0.02100031 -0.10652762 0.04161141
v -0.01331799 -0.10649792 0.04468371
v -0.01361138 -0.10649872 0.04458190
v -0.01352397 -0.10734512 0.04429731
v -0.01383752 -0.10649941 0.04450350
v -0.01707592 -0.10650861 0.04338071
v -0.00933261 -0.10649422 0.04568371
v -0.00908803 -0.10734792 0.04541280
v -0.00914768 -0.10649432 0.04571271
v 0.00000000 -0.10730641 0.04632950
v 0.00000000 -0.10650152 0.04662020
v -0.00121253 -0.10650002 0.04660500
v -0.00459264 -0.10649661 0.04637490
v -0.00456438 -0.10735571 0.04608080
v -0.00475536 -0.10649651 0.04636381
v -0.00519813 -0.10649612 0.04633361
v -0.03255993 -0.10806931 0.03225510
v -0.03235497 -0.10807072 0.03247741
v -0.02931456 -0.10808501 0.03523040
v -0.02558103 -0.10809392 0.03799320
v -0.02333627 -0.10809592 0.03940081
v -0.02921747 -0.10808531 0.03530381
v -0.02838032 -0.10808742 0.03593720
v -0.02605865 -0.10809351 0.03769370
v -0.00784338 -0.10811891 0.04512641
v -0.01336430 -0.10810732 0.04377671
v -0.01209486 -0.10810941 0.04415581
v -0.01127889 -0.10811082 0.04439951
v -0.00898289 -0.10811622 0.04488530
v -0.02262929 -0.10809651 0.03984411
v -0.02170317 -0.10809741 0.04031690
v -0.01905822 -0.10809982 0.04166730
v -0.01787095 -0.10810121 0.04214260
v -0.01761581 -0.10810152 0.04224480
v -0.01503722 -0.10810442 0.04327710
v -0.04510568 -0.10795292 0.00858521
v -0.04464726 -0.10795431 0.01064060
v -0.04574702 -0.10795521 0.00409751
v -0.04568313 -0.10795492 0.00459500
v -0.04525892 -0.10795241 0.00789800
v -0.04059060 -0.10799702 0.02135820
v -0.04177220 -0.10798231 0.01906650
v -0.04252064 -0.10797311 0.01726090
v -0.04283700 -0.10796931 0.01649770
v -0.03763129 -0.10803001 0.02624230
v -0.03690228 -0.10803641 0.02718891
v -0.04023414 -0.10800142 0.02204950
v -0.03995999 -0.10800481 0.02258121
v -0.03826649 -0.10802312 0.02524370
v -0.04433713 -0.10795521 0.01203121
v -0.04403089 -0.10795792 0.01298850
v -0.04314934 -0.10796541 0.01574421
v -0.00609871 -0.10812282 0.04534470
v -0.00451203 -0.10812642 0.04554331
v -0.00369231 -0.10812832 0.04564591
v 0.00000000 -0.10735671 0.04629671
v 0.00000000 -0.10813361 0.04579050
v -0.03558939 -0.10804812 0.02889350
v -0.03523569 -0.10805122 0.02935271
v -0.03293255 -0.10806682 0.03185091
v -0.04295168 -0.10659771 -0.01802569
v -0.04292983 -0.10659731 -0.01808211
v -0.04267835 -0.10737381 -0.01798370
v -0.03991221 -0.10656312 -0.02407840
v -0.03885608 -0.10655842 -0.02580780
v -0.03857319 -0.10737871 -0.02563699
v -0.03278324 -0.10810121 -0.03200070
v -0.03284746 -0.10810151 -0.03192940
v -0.03323469 -0.10738851 -0.03227460
v -0.04573069 -0.10797481 -0.00421000
v -0.04631948 -0.10737382 0.00000000
v -0.04648541 -0.10669922 -0.00261909
v -0.04628842 -0.10668892 -0.00456149
v -0.04609447 -0.10737351 -0.00454320
v -0.04650049 -0.10670022 -0.00208690
v -0.04569089 -0.10797601 -0.00450369
v -0.04537341 -0.10737321 -0.00929590
v -0.04492609 -0.10799782 -0.00920579
v -0.04524175 -0.10798901 -0.00781759
v -0.04562624 -0.10797791 -0.00498080
v -0.04315272 -0.10804062 -0.01554970
v -0.04376852 -0.10802701 -0.01363699
v -0.04421860 -0.10737311 -0.01377229
v -0.04427920 -0.10801581 -0.01205070
v -0.04452383 -0.10800902 -0.01097490
v -0.04264450 -0.10804951 -0.01676410
v -0.04221255 -0.10805701 -0.01779629
v -0.03812227 -0.10810091 -0.02535660
v -0.03962009 -0.10809102 -0.02302839
v -0.04078808 -0.10737562 -0.02193730
v -0.04002660 -0.10808632 -0.02225819
v -0.04032127 -0.10808281 -0.02169990
v -0.04156528 -0.10806821 -0.01934289
v -0.03605176 -0.10738302 -0.02908389
v -0.03670685 -0.10810641 -0.02735220
v -0.03752984 -0.10810481 -0.02627749
v -0.03520682 -0.10810921 -0.02931100
v -0.03562504 -0.10810841 -0.02876489
v -0.02644093 -0.10803631 -0.03747729
v -0.02824700 -0.10805811 -0.03605490
v -0.03012848 -0.10739451 -0.03520239
v -0.02977580 -0.10807661 -0.03485069
v -0.03269367 -0.10810091 -0.03210010
v -0.02632773 -0.10803491 -0.03756650
v -0.02673503 -0.10740051 -0.03785409
v -0.02327455 -0.10799041 -0.03957320
v -0.02305318 -0.10740571 -0.04021240
v -0.02325529 -0.10799011 -0.03958580
v -0.02281054 -0.10798331 -0.03982930
v -0.01907672 -0.10740961 -0.04225230
v -0.01922460 -0.10685501 -0.04253661
v -0.01831929 -0.10687131 -0.04291020
v -0.01991777 -0.10793931 -0.04141310
v -0.01888571 -0.10792391 -0.04186929
v -0.01783483 -0.10790821 -0.04233380
v -0.01626090 -0.10788471 -0.04302949
v -0.01610348 -0.10691101 -0.04382460
v -0.01466188 -0.10786321 -0.04358169
v -0.01489825 -0.10692941 -0.04420080
v -0.01283118 -0.10783861 -0.04421381
v -0.01234961 -0.10696811 -0.04499640
v -0.01209045 -0.10783021 -0.04440480
v -0.01219204 -0.10697051 -0.04504559
v -0.01012010 -0.10780791 -0.04491290
v -0.01092156 -0.10698531 -0.04532400
v -0.01026329 -0.10699291 -0.04546831
v -0.00933721 -0.10779902 -0.04511481
v -0.00822194 -0.10701651 -0.04591569
v -0.00610462 -0.10777191 -0.04566460
v -0.00604163 -0.10703301 -0.04619760
v -0.00547697 -0.10776671 -0.04577130
v -0.00530569 -0.10703861 -0.04629280
v -0.00523995 -0.10776542 -0.04578999
v -0.00405572 -0.10704801 -0.04645441
v -0.00135543 -0.10774481 -0.04609610
v 0.00000000 -0.10706672 -0.04662140
v -0.00001209 -0.10774041 -0.04611970
v -0.03634099 -0.10656582 -0.02929400
v -0.03602767 -0.10656701 -0.02971590
v -0.03421991 -0.10658601 -0.03174040
v -0.04071133 -0.10656672 -0.02276990
v -0.03875777 -0.10655801 -0.02596879
v -0.03851397 -0.10655691 -0.02636799
v -0.03654715 -0.10656492 -0.02901640
v -0.04271887 -0.10659341 -0.01862649
v -0.04259817 -0.10659121 -0.01893789
v -0.04105615 -0.10657121 -0.02206959
v -0.04405127 -0.10661781 -0.01518829
v -0.04444242 -0.10662752 -0.01383780
v -0.04569056 -0.10666351 -0.00876060
v -0.04605128 -0.10667661 -0.00689990
v -0.04620625 -0.10668471 -0.00537179
v -0.04557903 -0.10665941 -0.00933590
v -0.04524031 -0.10664721 -0.01108320
v -0.04503706 -0.10664221 -0.01178489
v -0.03039917 -0.10663821 -0.03548399
v -0.03029287 -0.10663981 -0.03558330
v -0.03024225 -0.10664051 -0.03563060
v -0.02926975 -0.10665811 -0.03638570
v -0.02396280 -0.10676091 -0.04009410
v -0.02698035 -0.10669971 -0.03816330
v -0.02698081 -0.10669971 -0.03816299
v -0.02351134 -0.10677001 -0.04038299
v -0.02325226 -0.10677531 -0.04051781
v -0.01994489 -0.10684211 -0.04223939
v -0.03352086 -0.10659341 -0.03252319
v -0.03328305 -0.10659591 -0.03278960
v -0.03179032 -0.10661781 -0.03418420
v 0.00112274 -0.10813261 0.04577750
v 0.00471027 -0.10812611 0.04554320
v 0.00476182 -0.10735542 0.04606150
v 0.01299684 -0.10810831 0.04392951
v 0.01368430 -0.10810741 0.04369800
v 0.01384284 -0.10734512 0.04419890
v 0.04531739 -0.10668632 0.01075391
v 0.04455088 -0.10667841 0.01349260
v 0.04434699 -0.10735091 0.01343030
v 0.03894910 -0.10664311 0.02553730
v 0.03875802 -0.10664201 0.02580431
v 0.03855119 -0.10736922 0.02566431
v 0.03180599 -0.10660101 0.03402730
v 0.02975022 -0.10658572 0.03579860
v 0.02959082 -0.10737472 0.03560790
v 0.04612693 -0.10736221 0.00431411
v 0.04573802 -0.10795682 0.00427991
v 0.04574237 -0.10795692 0.00424741
v 0.04593429 -0.10796271 0.00000000
v 0.04631618 -0.10737161 0.00000000
v 0.00475365 -0.10649941 0.04635911
v 0.00422124 -0.10650002 0.04643111
v 0.00944023 -0.10649461 0.04563151
v 0.00937321 -0.10649471 0.04564631
v 0.00938363 -0.10734741 0.04535291
v 0.00835126 -0.10649532 0.04587250
v 0.00478985 -0.10649931 0.04635421
v 0.01181921 -0.10649322 0.04510491
v 0.01383266 -0.10649782 0.04448540
v 0.01811645 -0.10734911 0.04262331
v 0.01822243 -0.10651282 0.04286481
v 0.01810956 -0.10651241 0.04291060
v 0.01549156 -0.10650162 0.04397490
v 0.01392496 -0.10649802 0.04445701
v 0.02218126 -0.10735751 0.04065011
v 0.02218894 -0.10653352 0.04095920
v 0.01941029 -0.10651772 0.04238181
v 0.02589900 -0.10655762 0.03873380
v 0.02281466 -0.10653702 0.04063880
v 0.02231779 -0.10653422 0.04089321
v 0.02960867 -0.10658462 0.03592060
v 0.02881224 -0.10657871 0.03660680
v 0.02601390 -0.10736681 0.03830361
v 0.02617272 -0.10655962 0.03853400
v 0.02603888 -0.10655862 0.03863170
v 0.03305875 -0.10660931 0.03275580
v 0.03291218 -0.10660831 0.03290461
v 0.03288845 -0.10737852 0.03258690
v 0.03588328 -0.10737611 0.02926461
v 0.03592029 -0.10662662 0.02959391
v 0.03442670 -0.10661842 0.03136741
v 0.03860994 -0.10664121 0.02601110
v 0.03675474 -0.10663122 0.02860311
v 0.03606903 -0.10662742 0.02941730
v 0.04094691 -0.10665411 0.02219851
v 0.04086747 -0.10736062 0.02180970
v 0.04107958 -0.10665491 0.02192591
v 0.04275801 -0.10666461 0.01847681
v 0.04280756 -0.10735351 0.01772391
v 0.04290056 -0.10666572 0.01809940
v 0.04445899 -0.10667751 0.01382091
v 0.04429367 -0.10667581 0.01441161
v 0.04300987 -0.10666651 0.01781011
v 0.04565386 -0.10669111 0.00898911
v 0.04558320 -0.10669002 0.00935970
v 0.04546133 -0.10735451 0.00895240
v 0.04632064 -0.10670171 0.00432981
v 0.04627828 -0.10670091 0.00474610
v 0.04606713 -0.10669701 0.00682160
v 0.04632068 -0.10736471 0.00000000
v 0.04633646 -0.10734022 0.00000000
v 0.04655963 -0.10670381 0.00000000
v 0.04648028 -0.10670461 0.00276061
v 0.02927782 -0.10808272 0.03523230
v 0.02983495 -0.10808121 0.03479500
v 0.03254882 -0.10806882 0.03224900
v 0.02192543 -0.10809731 0.04018731
v 0.02334684 -0.10809541 0.03941640
v 0.02358696 -0.10809512 0.03928611
v 0.02572412 -0.10809122 0.03788030
v 0.02683375 -0.10808922 0.03715041
v 0.02837953 -0.10808511 0.03593731
v 0.01632614 -0.10810361 0.04280820
v 0.01786842 -0.10810201 0.04213981
v 0.01790166 -0.10810201 0.04212540
v 0.02014419 -0.10809962 0.04115340
v 0.00471027 -0.10812611 0.04554320
v 0.00498349 -0.10812562 0.04552530
v 0.00609855 -0.10812302 0.04535260
v 0.00919493 -0.10811601 0.04487290
v 0.01209557 -0.10811021 0.04415320
v 0.04436354 -0.10795421 0.01193671
v 0.04465299 -0.10795341 0.01064191
v 0.04504866 -0.10795231 0.00887200
v 0.04523388 -0.10795171 0.00804351
v 0.04569560 -0.10795641 0.00459661
v 0.04240176 -0.10797301 0.01755460
v 0.04283489 -0.10796812 0.01649691
v 0.04320976 -0.10796391 0.01558150
v 0.04393077 -0.10795792 0.01330381
v 0.03573722 -0.10804611 0.02874691
v 0.03690069 -0.10803481 0.02718830
v 0.03798821 -0.10802422 0.02573151
v 0.03818341 -0.10802212 0.02541770
v 0.04011527 -0.10800031 0.02231200
v 0.04024564 -0.10799872 0.02205561
v 0.04047741 -0.10799592 0.02159980
v 0.04185251 -0.10797922 0.01889591
v 0.03295323 -0.10806692 0.03186960
v 0.03300968 -0.10806672 0.03181670
v 0.03553307 -0.10804761 0.02897660
v 0.04631618 -0.10737161 0.00000000
v 0.04613344 -0.10737351 -0.00412660
v 0.04405997 -0.10802931 -0.01278850
v 0.04399585 -0.10803061 -0.01297529
v 0.04442198 -0.10737282 -0.01309649
v 0.01149613 -0.10781871 -0.04459660
v 0.01235288 -0.10697041 -0.04495171
v 0.01209064 -0.10782591 -0.04440990
v 0.01363509 -0.10695391 -0.04461529
v -0.00000003 -0.10774041 -0.04611909
v 0.00179226 -0.10706521 -0.04658659
v 0.00421010 -0.10775811 -0.04591229
v 0.00459203 -0.10704571 -0.04636740
v 0.00453352 -0.10776031 -0.04586850
v 0.00582831 -0.10703721 -0.04627060
v 0.00610417 -0.10777081 -0.04565559
v 0.00603618 -0.10703531 -0.04623560
v 0.00765855 -0.10778131 -0.04544479
v 0.00915411 -0.10700801 -0.04571040
v 0.00902404 -0.10779461 -0.04514300
v 0.01001124 -0.10700041 -0.04556599
v 0.01092016 -0.10698881 -0.04532761
v 0.01799235 -0.10688571 -0.04308971
v 0.01784998 -0.10741002 -0.04278799
v 0.01411076 -0.10694781 -0.04449049
v 0.01521649 -0.10786391 -0.04342821
v 0.01342041 -0.10784211 -0.04399229
v 0.02198271 -0.10740651 -0.04081039
v 0.02175889 -0.10795701 -0.04043370
v 0.01868987 -0.10791211 -0.04200639
v 0.01784391 -0.10790041 -0.04235271
v 0.01768021 -0.10789811 -0.04241969
v 0.02543645 -0.10801191 -0.03819890
v 0.02326287 -0.10797931 -0.03955479
v 0.02229215 -0.10796471 -0.04016040
v 0.02562045 -0.10801431 -0.03806180
v 0.02589827 -0.10740141 -0.03843500
v 0.02827234 -0.10804921 -0.03608620
v 0.02955768 -0.10739531 -0.03568559
v 0.02866809 -0.10805451 -0.03579140
v 0.02921362 -0.10806022 -0.03530670
v 0.03171146 -0.10808661 -0.03308749
v 0.03292653 -0.10738901 -0.03259090
v 0.03252879 -0.10809201 -0.03222850
v 0.03597277 -0.10738321 -0.02918159
v 0.03438329 -0.10810401 -0.03027949
v 0.03276349 -0.10809351 -0.03198180
v 0.03866881 -0.10737851 -0.02549119
v 0.03820879 -0.10810331 -0.02520610
v 0.03689160 -0.10810791 -0.02716189
v 0.03672660 -0.10810761 -0.02736700
v 0.03553345 -0.10810581 -0.02884990
v 0.04098966 -0.10737521 -0.02155510
v 0.04001221 -0.10809231 -0.02224940
v 0.03912097 -0.10810021 -0.02385170
v 0.04245553 -0.10806151 -0.01723190
v 0.04105885 -0.10808311 -0.02036770
v 0.04052697 -0.10808781 -0.02132400
v 0.04280292 -0.10805611 -0.01645190
v 0.04291368 -0.10737341 -0.01741051
v 0.04266090 -0.10805831 -0.01677080
v 0.04563144 -0.10797912 -0.00498120
v 0.04508673 -0.10799891 -0.00857840
v 0.04549895 -0.10737311 -0.00865420
v 0.04505847 -0.10799991 -0.00876500
v 0.04451104 -0.10801601 -0.01097090
v 0.04572360 -0.10797521 -0.00409100
v 0.04569606 -0.10797681 -0.00455450
v 0.04592882 -0.10796391 -0.00063730
v 0.04574097 -0.10665912 -0.00869760
v 0.04579816 -0.10666112 -0.00844639
v 0.04621701 -0.10668291 -0.00536509
v 0.04646630 -0.10669752 -0.00203450
v 0.04636938 -0.10669092 -0.00414750
v 0.04636268 -0.10669051 -0.00429339
v 0.02927787 -0.10666981 -0.03639210
v 0.02979910 -0.10666071 -0.03594321
v 0.03022421 -0.10665331 -0.03557719
v 0.03180642 -0.10662581 -0.03421471
v 0.03198623 -0.10662261 -0.03405980
v 0.02216357 -0.10680811 -0.04110741
v 0.02396386 -0.10677271 -0.04005791
v 0.02541522 -0.10674421 -0.03921190
v 0.02611210 -0.10673061 -0.03871539
v 0.02882106 -0.10667781 -0.03678551
v 0.01801537 -0.10688541 -0.04308140
v 0.01832436 -0.10687961 -0.04293719
v 0.02183543 -0.10681451 -0.04129871
v 0.04466486 -0.10662372 -0.01316279
v 0.04486526 -0.10662832 -0.01254400
v 0.04503894 -0.10663441 -0.01178120
v 0.04571559 -0.10665822 -0.00880900
v 0.04356272 -0.10659791 -0.01656560
v 0.04187096 -0.10657152 -0.02052640
v 0.04269388 -0.10658431 -0.01859970
v 0.04294192 -0.10658822 -0.01801900
v 0.04316251 -0.10659161 -0.01750259
v 0.03624009 -0.10657142 -0.02937440
v 0.03654277 -0.10656891 -0.02899750
v 0.03752885 -0.10656081 -0.02776970
v 0.03874341 -0.10655921 -0.02593739
v 0.03893507 -0.10655901 -0.02564830
v 0.03986600 -0.10655781 -0.02424389
v 0.03995528 -0.10655842 -0.02407840
v 0.04124956 -0.10656721 -0.02167850
v 0.03318588 -0.10660611 -0.03281821
v 0.03422576 -0.10659171 -0.03174190
v 0.03489490 -0.10658251 -0.03104939
v 0.00641256 -0.12903502 -0.00158060
v 0.00656546 -0.12903502 -0.00071680
v 0.00000000 -0.12940001 0.00000000
v 0.00577210 -0.12903502 -0.00320970
v 0.00614655 -0.12903502 -0.00241640
v 0.00529584 -0.12903502 -0.00394630
v 0.00472616 -0.12903502 -0.00461329
v 0.00407311 -0.12903502 -0.00519890
v 0.00334821 -0.12903502 -0.00569290
v 0.00256424 -0.12903502 -0.00608639
v 0.00173505 -0.12903502 -0.00637250
v 0.00087524 -0.12903502 -0.00654620
v 0.00000000 -0.12903502 -0.00660451
v -0.00087524 -0.12903502 -0.00654620
v -0.00173505 -0.12903502 -0.00637250
v -0.00256424 -0.12903502 -0.00608639
v -0.00334821 -0.12903502 -0.00569290
v -0.00407311 -0.12903502 -0.00519890
v -0.00472616 -0.12903502 -0.00461329
v -0.00529584 -0.12903502 -0.00394630
v -0.00577210 -0.12903502 -0.00320970
v -0.00614655 -0.12903502 -0.00241640
v -0.00641256 -0.12903502 -0.00158060
v -0.03355612 -0.11236961 -0.02500490
v -0.01099380 -0.11236961 -0.04037820
v 0.02121529 -0.11236961 -0.03607179
v 0.04063204 -0.11236961 -0.01001489
v -0.04160087 -0.11236961 -0.00454190
v -0.04273677 -0.11148441 0.00000000
v -0.04179147 -0.11230431 0.00000000
v -0.03663818 -0.11677441 0.00000000
v -0.03679480 -0.11663851 0.00000000
v -0.03664772 -0.11672001 -0.00400110
v -0.04160877 -0.11246281 0.00000000
v -0.03118746 -0.12042612 0.00000000
v -0.03133444 -0.12033481 0.00000000
v -0.03124814 -0.12049492 -0.00341160
v -0.03555588 -0.11771322 0.00000000
v -0.02546792 -0.12364812 -0.00278050
v -0.02556947 -0.12352942 0.00000000
v -0.02748045 -0.12272832 0.00000000
v -0.01937405 -0.12612652 0.00000000
v -0.01946958 -0.12608652 0.00000000
v -0.01937746 -0.12614142 -0.00211560
v -0.02544193 -0.12358282 0.00000000
v -0.00947603 -0.12864612 0.00000000
v -0.01301884 -0.12778602 0.00000000
v -0.01305095 -0.12794441 -0.00142489
v -0.01308609 -0.12776961 0.00000000
v -0.01871365 -0.12640341 0.00000000
v -0.00659180 -0.12887561 0.00000000
v -0.00656546 -0.12903502 -0.00071680
v -0.00655732 -0.12887831 0.00000000
v 0.01304869 -0.12788281 0.00000000
v 0.00658571 -0.12891782 0.00000000
v 0.00655158 -0.12892322 0.00000000
v 0.00475299 -0.12921121 0.00000000
v 0.02317003 -0.12473991 0.00000000
v 0.01943542 -0.12596741 0.00000000
v 0.01937746 -0.12614142 -0.00211560
v 0.01933680 -0.12599992 0.00000000
v 0.01413937 -0.12770821 0.00000000
v 0.01305095 -0.12794441 -0.00142489
v 0.01311690 -0.12787192 0.00000000
v 0.03127280 -0.12055911 0.00000000
v 0.02554919 -0.12351231 0.00000000
v 0.02546792 -0.12364812 -0.00278050
v 0.02542625 -0.12357581 0.00000000
v 0.03161776 -0.12038112 0.00000000
v 0.03142614 -0.12048002 0.00000000
v 0.03124814 -0.12049492 -0.00341160
v 0.03927001 -0.11474142 0.00000000
v 0.03676686 -0.11658621 0.00000000
v 0.03664772 -0.11672001 -0.00400110
v 0.03659978 -0.11670931 0.00000000
v 0.04172282 -0.11224641 0.00000000
v 0.04155305 -0.11241911 0.00000000
v 0.04160087 -0.11236961 -0.00454190
v 0.03894647 -0.11236961 -0.01531120
v 0.03657388 -0.11236961 -0.02033749
v 0.03553345 -0.10810581 -0.02884990
v 0.03355612 -0.11236961 -0.02500490
v 0.02994644 -0.11236961 -0.02923140
v 0.02580850 -0.11236961 -0.03294209
v 0.01624785 -0.11236961 -0.03856509
v 0.02175889 -0.10795701 -0.04043370
v 0.01099380 -0.11236961 -0.04037820
v 0.00554581 -0.11236961 -0.04147900
v 0.00000000 -0.11236961 -0.04184810
v -0.00554581 -0.11236961 -0.04147900
v -0.01624785 -0.11236961 -0.03856509
v -0.02121529 -0.11236961 -0.03607179
v -0.02580850 -0.11236961 -0.03294209
v -0.02994644 -0.11236961 -0.02923140
v -0.03670685 -0.10810641 -0.02735220
v -0.03657388 -0.11236961 -0.02033749
v -0.03894647 -0.11236961 -0.01531120
v -0.04221255 -0.10805701 -0.01779629
v -0.04063204 -0.11236961 -0.01001489
v 0.03579424 -0.11672001 -0.00882249
v 0.03430936 -0.11672001 -0.01348820
v 0.03221926 -0.11672001 -0.01791600
v 0.02956081 -0.11672001 -0.02202780
v 0.02638091 -0.11672001 -0.02575101
v 0.02273564 -0.11672001 -0.02901990
v 0.01868932 -0.11672001 -0.03177690
v 0.01431332 -0.11672001 -0.03397340
v 0.00968484 -0.11672001 -0.03557060
v 0.00488551 -0.11672001 -0.03654030
v 0.00000000 -0.11672001 -0.03686549
v -0.00488551 -0.11672001 -0.03654030
v -0.00968484 -0.11672001 -0.03557060
v -0.01431332 -0.11672001 -0.03397340
v -0.01868932 -0.11672001 -0.03177690
v -0.02273564 -0.11672001 -0.02901990
v -0.02638091 -0.11672001 -0.02575101
v -0.02956081 -0.11672001 -0.02202780
v -0.03221926 -0.11672001 -0.01791600
v -0.03430936 -0.11672001 -0.01348820
v -0.03579424 -0.11672001 -0.00882249
v 0.03052042 -0.12049492 -0.00752260
v 0.02925431 -0.12049492 -0.01150090
v 0.02747216 -0.12049492 -0.01527630
v 0.02520540 -0.12049492 -0.01878230
v 0.02249402 -0.12049492 -0.02195689
v 0.01938584 -0.12049492 -0.02474420
v 0.01593569 -0.12049492 -0.02709500
v 0.01220444 -0.12049492 -0.02896789
v 0.00825790 -0.12049492 -0.03032970
v 0.00416569 -0.12049492 -0.03115660
v 0.00000000 -0.12049492 -0.03143381
v -0.00416569 -0.12049492 -0.03115660
v -0.00825790 -0.12049492 -0.03032970
v -0.01220444 -0.12049492 -0.02896789
v -0.01593569 -0.12049492 -0.02709500
v -0.01938584 -0.12049492 -0.02474420
v -0.02249402 -0.12049492 -0.02195689
v -0.02520540 -0.12049492 -0.01878230
v -0.02747216 -0.12049492 -0.01527630
v -0.02925431 -0.12049492 -0.01150090
v -0.03052042 -0.12049492 -0.00752260
v 0.02487481 -0.12364812 -0.00613110
v 0.02384290 -0.12364812 -0.00937350
v 0.02239041 -0.12364812 -0.01245050
v 0.02054295 -0.12364812 -0.01530800
v 0.01833311 -0.12364812 -0.01789529
v 0.01579988 -0.12364812 -0.02016710
v 0.01298793 -0.12364812 -0.02208299
v 0.00994688 -0.12364812 -0.02360940
v 0.00673037 -0.12364811 -0.02471941
v 0.00339513 -0.12364811 -0.02539329
v 0.00000000 -0.12364811 -0.02561929
v -0.00339513 -0.12364811 -0.02539329
v -0.00673037 -0.12364811 -0.02471941
v -0.00994688 -0.12364812 -0.02360940
v -0.01298793 -0.12364812 -0.02208299
v -0.01579988 -0.12364812 -0.02016710
v -0.01833311 -0.12364812 -0.01789529
v -0.02054295 -0.12364812 -0.01530800
v -0.02239041 -0.12364812 -0.01245050
v -0.02384290 -0.12364812 -0.00937350
v -0.02487481 -0.12364812 -0.00613110
v 0.01892618 -0.12614142 -0.00466490
v 0.01814105 -0.12614142 -0.00713190
v 0.01703591 -0.12614142 -0.00947310
v 0.01563026 -0.12614142 -0.01164720
v 0.01394889 -0.12614142 -0.01361580
v 0.01202146 -0.12614142 -0.01534430
v 0.00988197 -0.12614142 -0.01680200
v 0.00756816 -0.12614142 -0.01796339
v 0.00512085 -0.12614142 -0.01880791
v 0.00258321 -0.12614142 -0.01932069
v 0.00000000 -0.12614142 -0.01949260
v -0.00258321 -0.12614142 -0.01932069
v -0.00512085 -0.12614142 -0.01880791
v -0.00756816 -0.12614142 -0.01796339
v -0.00988197 -0.12614142 -0.01680200
v -0.01202146 -0.12614142 -0.01534430
v -0.01394889 -0.12614142 -0.01361580
v -0.01563026 -0.12614142 -0.01164720
v -0.01703591 -0.12614142 -0.00947310
v -0.01814105 -0.12614142 -0.00713190
v -0.01892618 -0.12614142 -0.00466490
v 0.01274701 -0.12794441 -0.00314191
v 0.01221822 -0.12794441 -0.00480340
v 0.01147389 -0.12794441 -0.00638020
v 0.01052717 -0.12794441 -0.00784450
v 0.00939474 -0.12794441 -0.00917039
v 0.00809660 -0.12794441 -0.01033450
v 0.00665562 -0.12794441 -0.01131640
v 0.00509725 -0.12794441 -0.01209860
v 0.00344896 -0.12794441 -0.01266740
v 0.00173982 -0.12794441 -0.01301269
v 0.00000000 -0.12794441 -0.01312849
v -0.00173982 -0.12794441 -0.01301269
v -0.00344896 -0.12794441 -0.01266740
v -0.00509725 -0.12794441 -0.01209860
v -0.00665562 -0.12794441 -0.01131640
v -0.00809660 -0.12794441 -0.01033450
v -0.00939474 -0.12794441 -0.00917039
v -0.01052717 -0.12794441 -0.00784450
v -0.01147389 -0.12794441 -0.00638020
v -0.01221822 -0.12794441 -0.00480340
v -0.01274701 -0.12794441 -0.00314191
v 0.00173579 -0.12903882 0.00633660
v 0.00087571 -0.12903882 0.00651151
v 0.00256489 -0.12903882 0.00604871
v 0.00334822 -0.12903882 0.00565290
v 0.00407181 -0.12903882 0.00515621
v 0.00472273 -0.12903882 0.00456751
v 0.00528938 -0.12903882 0.00389720
v 0.00576163 -0.12903882 0.00315750
v 0.00613107 -0.12903882 0.00236130
v 0.00639110 -0.12903882 0.00152310
v -0.00639110 -0.12903882 0.00152310
v -0.00653709 -0.12903882 0.00065759
v -0.00613107 -0.12903882 0.00236130
v -0.00576163 -0.12903882 0.00315750
v -0.00528938 -0.12903882 0.00389720
v -0.00472273 -0.12903882 0.00456751
v -0.00407181 -0.12903882 0.00515621
v -0.00334822 -0.12903882 0.00565290
v -0.00256489 -0.12903882 0.00604871
v -0.00173579 -0.12903882 0.00633660
v -0.00087571 -0.12903882 0.00651151
v 0.00000000 -0.12903882 0.00657010
v 0.02123793 -0.11253841 0.03585671
v -0.02123793 -0.11253841 0.03585671
v -0.04053907 -0.11253841 0.00966091
v -0.03112926 -0.12058542 0.00313161
v 0.04146504 -0.11253841 0.00417140
v 0.03651724 -0.11684752 0.00367371
v 0.03112926 -0.12058542 0.00313161
v 0.02536602 -0.12370721 0.00255181
v 0.01929700 -0.12617512 0.00194130
v 0.01299537 -0.12795952 0.00130730
v 0.00653709 -0.12903882 0.00065759
v -0.01299537 -0.12795952 0.00130730
v -0.01929700 -0.12617512 0.00194130
v -0.02536602 -0.12370721 0.00255181
v -0.03555588 -0.11771322 0.00000000
v -0.03651724 -0.11684752 0.00367371
v -0.04146504 -0.11253841 0.00417140
v -0.04283700 -0.10796931 0.01649770
v -0.03888968 -0.11253841 0.01497811
v -0.04403089 -0.10795792 0.01298850
v -0.03654631 -0.11253841 0.02002790
v -0.03355076 -0.11253841 0.02472040
v -0.02995650 -0.11253841 0.02897170
v -0.02582766 -0.11253841 0.03270600
v -0.01626921 -0.11253841 0.03836750
v -0.01101017 -0.11253841 0.04019361
v -0.01336430 -0.10810732 0.04377671
v -0.00555465 -0.11253841 0.04130251
v -0.00609871 -0.10812282 0.04534470
v -0.00898289 -0.10811622 0.04488530
v 0.00000000 -0.11253841 0.04167431
v 0.00498349 -0.10812562 0.04552530
v 0.00555465 -0.11253841 0.04130251
v 0.01209557 -0.10811021 0.04415320
v 0.01101017 -0.11253841 0.04019361
v 0.00609855 -0.10812302 0.04535260
v 0.01626921 -0.11253841 0.03836750
v 0.01786842 -0.10810201 0.04213981
v 0.01790166 -0.10810201 0.04212540
v 0.02582766 -0.11253841 0.03270600
v 0.02995650 -0.11253841 0.02897170
v 0.03355076 -0.11253841 0.02472040
v 0.03654631 -0.11253841 0.02002790
v 0.03888968 -0.11253841 0.01497811
v 0.04053907 -0.11253841 0.00966091
v 0.04283489 -0.10796812 0.01649691
v -0.03570177 -0.11684752 0.00850820
v -0.03424919 -0.11684752 0.01319080
v -0.03218544 -0.11684752 0.01763811
v -0.02954733 -0.11684752 0.02177060
v -0.02638196 -0.11684752 0.02551461
v -0.02274579 -0.11684752 0.02880341
v -0.01870373 -0.11684752 0.03157810
v -0.01432790 -0.11684752 0.03378931
v -0.00969639 -0.11684752 0.03539751
v -0.00489184 -0.11684752 0.03637410
v 0.00000000 -0.11684752 0.03670160
v 0.00489184 -0.11684752 0.03637410
v 0.00969639 -0.11684752 0.03539751
v 0.01432790 -0.11684752 0.03378931
v 0.01870373 -0.11684752 0.03157810
v 0.02274579 -0.11684752 0.02880341
v 0.02638196 -0.11684752 0.02551461
v 0.02954733 -0.11684752 0.02177060
v 0.03218544 -0.11684752 0.01763811
v 0.03424919 -0.11684752 0.01319080
v 0.03570177 -0.11684752 0.00850820
v -0.03043410 -0.12058542 0.00725281
v -0.02919585 -0.12058542 0.01124460
v -0.02743659 -0.12058542 0.01503571
v -0.02518773 -0.12058542 0.01855840
v -0.02248939 -0.12058542 0.02175000
v -0.01938973 -0.12058542 0.02455350
v -0.01594406 -0.12058542 0.02691880
v -0.01221387 -0.12058542 0.02880381
v -0.00826572 -0.12058542 0.03017470
v -0.00417007 -0.12058542 0.03100721
v 0.00000000 -0.12058542 0.03128641
v 0.00417007 -0.12058542 0.03100721
v 0.00826572 -0.12058542 0.03017470
v 0.01221387 -0.12058542 0.02880381
v 0.01594406 -0.12058542 0.02691880
v 0.01938973 -0.12058542 0.02455350
v 0.02248939 -0.12058542 0.02175000
v 0.02518773 -0.12058542 0.01855840
v 0.02743659 -0.12058542 0.01503571
v 0.02919585 -0.12058542 0.01124460
v 0.03043410 -0.12058542 0.00725281
v -0.02479956 -0.12370721 0.00591001
v -0.02379056 -0.12370721 0.00916271
v -0.02235701 -0.12370721 0.01225200
v -0.02052450 -0.12370721 0.01512250
v -0.01832573 -0.12370721 0.01772330
v -0.01579994 -0.12370721 0.02000771
v -0.01299219 -0.12370721 0.02193511
v -0.00995261 -0.12370721 0.02347110
v -0.00673541 -0.12370721 0.02458820
v -0.00339803 -0.12370721 0.02526660
v 0.00000000 -0.12370721 0.02549401
v 0.00339803 -0.12370721 0.02526660
v 0.00673541 -0.12370721 0.02458820
v 0.00995261 -0.12370721 0.02347110
v 0.01299219 -0.12370721 0.02193511
v 0.01579994 -0.12370721 0.02000771
v 0.01832573 -0.12370721 0.01772330
v 0.02052450 -0.12370721 0.01512250
v 0.02235701 -0.12370721 0.01225200
v 0.02379056 -0.12370721 0.00916271
v 0.02479956 -0.12370721 0.00591001
v -0.01886608 -0.12617512 0.00449600
v -0.01809848 -0.12617512 0.00697051
v -0.01700792 -0.12617512 0.00932060
v -0.01561385 -0.12617512 0.01150440
v -0.01394116 -0.12617512 0.01348281
v -0.01201968 -0.12617512 0.01522071
v -0.00988371 -0.12617512 0.01668700
v -0.00757137 -0.12617512 0.01785540
v -0.00512391 -0.12617512 0.01870531
v -0.00258502 -0.12617512 0.01922141
v 0.00000000 -0.12617512 0.01939440
v 0.00258502 -0.12617512 0.01922141
v 0.00512391 -0.12617512 0.01870531
v 0.00757137 -0.12617512 0.01785540
v 0.00988371 -0.12617512 0.01668700
v 0.01201968 -0.12617512 0.01522071
v 0.01394116 -0.12617512 0.01348281
v 0.01561385 -0.12617512 0.01150440
v 0.01700792 -0.12617512 0.00932060
v 0.01809848 -0.12617512 0.00697051
v 0.01886608 -0.12617512 0.00449600
v -0.01270517 -0.12795952 0.00302780
v -0.01218824 -0.12795952 0.00469420
v -0.01145381 -0.12795952 0.00627690
v -0.01051499 -0.12795952 0.00774750
v -0.00938853 -0.12795952 0.00907990
v -0.00809453 -0.12795952 0.01025020
v -0.00665609 -0.12795952 0.01123770
v -0.00509886 -0.12795952 0.01202460
v -0.00345065 -0.12795952 0.01259690
v -0.00174086 -0.12795952 0.01294440
v 0.00000000 -0.12795952 0.01306101
v 0.00174086 -0.12795952 0.01294440
v 0.00345065 -0.12795952 0.01259690
v 0.00509886 -0.12795952 0.01202460
v 0.00665609 -0.12795952 0.01123770
v 0.00809453 -0.12795952 0.01025020
v 0.00938853 -0.12795952 0.00907990
v 0.01051499 -0.12795952 0.00774750
v 0.01145381 -0.12795952 0.00627690
v 0.01218824 -0.12795952 0.00469420
v 0.01270517 -0.12795952 0.00302780
v 0.00686634 -0.06490025 0.05442721
v 0.00541698 -0.06490022 0.05453170
v 0.00509540 -0.08590497 0.05093050
v 0.00000000 -0.08590539 0.05118751
v 0.00000000 -0.08590547 0.05118740
v 0.01970452 -0.08587798 0.04717530
v 0.04257264 -0.08536725 0.02832471
v 0.04710221 -0.10403921 0.00000000
v 0.04798154 -0.09972098 0.00000000
v 0.04879286 -0.09544293 0.00489920
v 0.05029018 -0.08425509 0.01000350
v 0.04904495 -0.08460676 0.01485160
v 0.04805715 -0.09564277 0.00968610
v 0.04732318 -0.08491032 0.01956270
v 0.04515933 -0.08516221 0.02406070
v 0.03957555 -0.08553029 0.03233631
v 0.03620900 -0.08565475 0.03604290
v 0.02850639 -0.08580930 0.04239741
v 0.03251605 -0.08574545 0.03939951
v 0.02421687 -0.08585178 0.04500191
v 0.02218894 -0.10653352 0.04095920
v 0.01383266 -0.10649782 0.04448540
v 0.01499199 -0.08589319 0.04890180
v 0.01010391 -0.08590118 0.05016221
v 0.00937321 -0.10649471 0.04564631
v 0.00000000 -0.08578944 0.05121320
v 0.00000000 -0.06490011 0.05492240
v 0.00788768 -0.06490027 0.05435351
v 0.01603926 -0.06489223 0.05249091
v 0.01558777 -0.06489410 0.05266071
v 0.01358313 -0.06489571 0.05310151
v 0.01076108 -0.06489797 0.05372190
v 0.02009150 -0.06487530 0.05096601
v 0.02630735 -0.06482275 0.04804331
v 0.02592919 -0.06482735 0.04825191
v 0.02297962 -0.06486326 0.04987920
v 0.02108930 -0.06487115 0.05059051
v 0.02992345 -0.06477875 0.04604821
v 0.03621110 -0.06460621 0.04129031
v 0.03491662 -0.06464172 0.04226981
v 0.03211389 -0.06471863 0.04439071
v 0.03060711 -0.06475999 0.04553091
v 0.03740108 -0.06454233 0.04009121
v 0.04248896 -0.06422688 0.03464321
v 0.04212609 -0.06426208 0.03512801
v 0.04151065 -0.06432175 0.03595031
v 0.03885217 -0.06446444 0.03862900
v 0.04573112 -0.06391245 0.03031141
v 0.04920379 -0.07382011 0.02024680
v 0.05070051 -0.06298388 0.02083991
v 0.04998912 -0.06321134 0.02275350
v 0.04948474 -0.06329905 0.02367901
v 0.04840023 -0.06348763 0.02566891
v 0.04624243 -0.06386287 0.02962830
v 0.05199599 -0.06256968 0.01735531
v 0.05097672 -0.07336284 0.01533780
v 0.05258186 -0.06238236 0.01577941
v 0.05225026 -0.07283136 0.01030961
v 0.05372023 -0.06167304 0.01079571
v 0.05273011 -0.06233496 0.01538061
v 0.05455083 -0.06081936 0.00532911
v 0.05437657 -0.06123426 0.00775640
v 0.05302040 -0.07222567 0.00519480
v 0.05398251 -0.06149770 0.00958121
v 0.05376839 -0.06164084 0.01057270
v 0.05385374 -0.06689809 0.00000000
v 0.05493342 -0.05990845 0.00000000
v 0.05472425 -0.06040646 0.00291361
v 0.05313965 -0.07152096 0.00000000
v 0.05149489 -0.08216875 0.00000000
v 0.05266881 -0.07456907 0.00000000
v 0.05279188 -0.07377231 0.00000000
v 0.05005477 -0.08953970 0.00000000
v 0.05130379 -0.08340591 0.00000000
v 0.05104763 -0.08385557 0.00504871
v 0.05147591 -0.08229167 0.00000000
v 0.04857245 -0.09681914 0.00000000
v 0.04890406 -0.09519063 0.00000000
v 0.04975209 -0.09102612 0.00000000
v 0.05146894 -0.07463921 -0.01390339
v 0.05291477 -0.06944147 -0.00997680
v 0.05281327 -0.07436992 -0.00055369
v 0.00299426 -0.10009061 -0.05152631
v 0.00003928 -0.09252742 -0.05819051
v 0.00624647 -0.09143728 -0.05856531
v 0.05487088 -0.02167540 -0.08899510
v 0.05484393 -0.02619934 -0.08249410
v 0.05334515 -0.02968414 -0.08501660
v 0.05493309 -0.05990005 -0.00004539
v 0.05385374 -0.06689809 0.00000000
v 0.03688369 -0.10071972 -0.03211600
v 0.00000001 -0.08726316 -0.06344780
v -0.00000002 -0.08528543 -0.06569970
v 0.00416000 -0.08461859 -0.06600890
v 0.02243336 -0.05295624 -0.12700000
v 0.02468181 -0.05168731 -0.12700000
v 0.02409942 -0.05240732 -0.12433220
v 0.02933687 -0.04906017 -0.12700000
v 0.02946841 -0.04895812 -0.12700000
v 0.02866255 -0.04990268 -0.12322586
v 0.03135150 -0.04749730 -0.12700000
v 0.03384072 -0.04556624 -0.12700000
v 0.03287211 -0.04709258 -0.12179963
v 0.05355215 -0.01253759 -0.12700000
v 0.05438810 -0.00853305 -0.12700000
v 0.05414016 -0.01030639 -0.12306106
v 0.05499832 -0.00000144 -0.11854941
v 0.05497907 -0.00136090 -0.11596802
v 0.05483379 -0.00445880 -0.11845392
v 0.05499754 -0.00000203 -0.11486908
v 0.05493342 -0.01199124 -0.10128480
v 0.05492642 -0.01312721 -0.09994950
v 0.05477486 -0.01444018 -0.09973800
v 0.05495861 -0.00798926 -0.10552844
v 0.05494295 -0.01044360 -0.10310401
v 0.05467010 -0.00933354 -0.10897454
v 0.05498149 -0.00390622 -0.10893807
v 0.05497032 -0.00615543 -0.10733992
v 0.05496718 -0.00664752 -0.10685383
v 0.05499686 -0.00000255 -0.11157711
v 0.05499254 -0.00012675 -0.11151018
v 0.05499628 -0.00024911 -0.11144000
v 0.05499573 -0.00103961 -0.11097492
v 0.05454765 -0.00660098 -0.12700001
v 0.05469665 -0.00442710 -0.12700004
v 0.05455345 -0.00744003 -0.12081763
v 0.05495963 -0.00059037 -0.12700007
v 0.05500008 -0.00000009 -0.12700007
v 0.05442848 -0.00833961 -0.12700000
v 0.05207036 -0.01998122 -0.11709185
v 0.05287604 -0.01577643 -0.12700000
v 0.05293546 -0.01549180 -0.12700000
v 0.05361867 -0.01487200 -0.11325795
v 0.05001560 -0.02407161 -0.12700000
v 0.05070830 -0.02213934 -0.12700000
v 0.05009321 -0.02471995 -0.12053776
v 0.05205732 -0.01837627 -0.12700000
v 0.05271811 -0.01653301 -0.12700000
v 0.04605480 -0.03170598 -0.12700000
v 0.04774803 -0.02914073 -0.12365071
v 0.04509670 -0.03303370 -0.12700000
v 0.04507725 -0.03328021 -0.12646908
v 0.04430135 -0.03413586 -0.12700000
v 0.04724027 -0.02945031 -0.12700000
v 0.04808440 -0.02784412 -0.12700000
v 0.04990519 -0.02437958 -0.12700000
v 0.04400065 -0.03455257 -0.12700000
v 0.04361248 -0.03703092 -0.11581259
v 0.04171406 -0.03772126 -0.12700000
v 0.04033585 -0.04064700 -0.11808284
v 0.04125489 -0.03835758 -0.12700000
v 0.04030307 -0.03934461 -0.12700000
v 0.03675744 -0.04400237 -0.12008008
v 0.03772853 -0.04233323 -0.12562428
v 0.03492647 -0.04472395 -0.12700000
v 0.03567738 -0.04414142 -0.12700000
v 0.03608993 -0.04371361 -0.12700000
v 0.03790975 -0.04182647 -0.12700000
v 0.02627261 -0.05078951 -0.12700000
v 0.02088385 -0.05355108 -0.12700000
v 0.01913887 -0.05456864 -0.12507898
v 0.01959850 -0.05404450 -0.12700000
v 0.01521757 -0.05572630 -0.12700000
v 0.01371712 -0.05633151 -0.12540853
v 0.01510266 -0.05577041 -0.12700000
v 0.00749959 -0.05745814 -0.12700000
v 0.00824411 -0.05729286 -0.12700000
v 0.00774266 -0.05761687 -0.12523802
v 0.00930094 -0.05705827 -0.12700000
v 0.01414295 -0.05598346 -0.12700000
v -0.00000008 -0.05837567 -0.12425506
v 0.00000000 -0.05800010 -0.12700009
v 0.00186575 -0.05786527 -0.12700007
v 0.00329529 -0.05776196 -0.12700005
v 0.00107596 -0.05830420 -0.12444123
v -0.00000008 -0.05837568 -0.12425503
v -0.00000011 -0.05896943 -0.12048562
v -0.00000011 -0.05896926 -0.12048652
v -0.00000015 -0.05869452 -0.12192458
v 0.00614982 -0.05874885 -0.11913130
v -0.00000006 -0.05937700 -0.11835224
v -0.00000006 -0.05937700 -0.11835226
v 0.00000005 -0.06158012 -0.10893127
v 0.00000003 -0.06063124 -0.11267311
v 0.00483832 -0.06012388 -0.11327911
v 0.00000001 -0.05994491 -0.11537958
v 0.00000004 -0.06359097 -0.10260648
v 0.00000005 -0.06213107 -0.10719835
v 0.00379032 -0.06172658 -0.10766533
v 0.00299022 -0.06354342 -0.10227581
v 0.00000004 -0.06385791 -0.10191242
v -0.00000003 -0.06596860 -0.09642450
v -0.00000002 -0.06582084 -0.09680871
v 0.00242420 -0.06556250 -0.09709807
v 0.00208049 -0.06777364 -0.09212147
v -0.00000005 -0.06802916 -0.09188840
v -0.00000005 -0.06802914 -0.09188840
v 0.00201936 -0.07273696 -0.08273490
v -0.00000002 -0.07177933 -0.08457440
v 0.00194871 -0.07016785 -0.08733660
v -0.00000003 -0.07042937 -0.08713310
v -0.00000006 -0.06870202 -0.09040720
v 0.00228363 -0.07547334 -0.07830830
v -0.00000000 -0.07518901 -0.07894330
v -0.00000001 -0.07301442 -0.08253470
v 0.00273338 -0.07836996 -0.07404950
v -0.00000006 -0.07873885 -0.07379130
v -0.00000001 -0.07577959 -0.07808610
v -0.00000006 -0.08294632 -0.06836300
v -0.00000006 -0.07891668 -0.07353320
v -0.00000006 -0.07873886 -0.07379130
v -0.00000007 -0.09184917 -0.05880409
v -0.00000006 -0.09253397 -0.05818710
v -0.00000006 -0.09240384 -0.05830440
v -0.00000006 -0.09240352 -0.05830470
v -0.00000009 -0.10058641 -0.05132400
v -0.00000009 -0.10058641 -0.05132410
v 0.00000001 -0.09668526 -0.05444749
v -0.00000006 -0.09253399 -0.05818710
v -0.00000012 -0.10175521 -0.05038820
v 0.00894773 -0.09878710 -0.05167790
v 0.01740842 -0.10466581 -0.04476640
v 0.02224872 -0.10240061 -0.04391080
v 0.02927787 -0.10666981 -0.03639210
v 0.02673547 -0.09982995 -0.04273540
v 0.03022421 -0.10665331 -0.03557719
v 0.03147238 -0.10571501 -0.03507229
v 0.03088356 -0.09696675 -0.04125349
v 0.03335869 -0.10412121 -0.03416150
v 0.03654277 -0.10656891 -0.02899750
v 0.03516223 -0.10245591 -0.03317590
v 0.04058562 -0.10571061 -0.02351649
v 0.03852371 -0.09891313 -0.03098240
v 0.04450196 -0.09942376 -0.01920770
v 0.04197275 -0.10368551 -0.02215410
v 0.04513615 -0.10247971 -0.01511580
v 0.04294192 -0.10658822 -0.01801900
v 0.04660287 -0.10553961 -0.00449409
v 0.04737726 -0.10047711 -0.00724299
v 0.04559510 -0.10538431 -0.01086529
v 0.04571559 -0.10665822 -0.00880900
v 0.04710221 -0.10403921 0.00000000
v 0.04732381 -0.10293902 -0.00252900
v 0.04798154 -0.09972098 0.00000000
v 0.04890406 -0.09519063 0.00000000
v 0.04857245 -0.09681914 0.00000000
v 0.04886444 -0.09531509 -0.00335380
v 0.04885532 -0.09279913 -0.00801120
v 0.05030080 -0.08760109 -0.00408430
v 0.04975209 -0.09102612 0.00000000
v 0.05147591 -0.08229167 0.00000000
v 0.05130379 -0.08340591 0.00000000
v 0.05005477 -0.08953970 0.00000000
v 0.05164524 -0.07980768 -0.00473159
v 0.05149489 -0.08216875 0.00000000
v 0.05025782 -0.08505588 -0.00871110
v 0.05411939 -0.06403534 -0.00583200
v 0.05313965 -0.07152096 0.00000000
v 0.05279188 -0.07377231 0.00000000
v 0.05266881 -0.07456907 0.00000000
v 0.05490998 -0.05686294 -0.01358099
v 0.05492050 -0.05779661 -0.01013740
v 0.05492863 -0.05909763 -0.00389849
v 0.05493075 -0.05943774 -0.00226750
v 0.05493358 -0.05989166 -0.00009069
v 0.05482760 -0.04845618 -0.04023199
v 0.05484379 -0.05027778 -0.03504069
v 0.05309276 -0.05454681 -0.03813170
v 0.05485813 -0.05189142 -0.03044220
v 0.05485959 -0.05205574 -0.02997390
v 0.05480440 -0.04164988 -0.05568660
v 0.05480430 -0.04196730 -0.05507600
v 0.05338473 -0.04476676 -0.05705850
v 0.05480423 -0.04219479 -0.05463830
v 0.05325847 -0.04967383 -0.04761300
v 0.05481953 -0.04629467 -0.04520520
v 0.05482272 -0.04714862 -0.04324040
v 0.05480702 -0.03536205 -0.06773400
v 0.05480638 -0.03553406 -0.06745279
v 0.05341348 -0.03475932 -0.07574710
v 0.05483730 -0.02731202 -0.08089510
v 0.05483384 -0.02823045 -0.07939360
v 0.05482055 -0.03176466 -0.07361540
v 0.05329684 -0.02462627 -0.09430417
v 0.05488093 -0.02012888 -0.09097690
v 0.05487891 -0.02043900 -0.09057950
v 0.05492255 -0.01372289 -0.09918612
v 0.05489806 -0.01749210 -0.09435595
v 0.05335940 -0.01966416 -0.10369209
v 0.00928428 -0.06253417 -0.10273547
v 0.00873905 -0.06457120 -0.09757654
v 0.01507307 -0.06108840 -0.10273800
v 0.01424069 -0.06538543 -0.09265364
v 0.01004168 -0.06068042 -0.10808635
v 0.01577083 -0.05918313 -0.10803492
v 0.00839646 -0.06678329 -0.09260094
v 0.00824772 -0.06916286 -0.08780070
v 0.00828476 -0.07170295 -0.08316860
v 0.00888662 -0.07723905 -0.07438180
v 0.03470356 -0.09382010 -0.03947490
v 0.02923020 -0.06401083 -0.08117950
v 0.03381397 -0.06654016 -0.07076060
v 0.02951680 -0.06927457 -0.07210750
v 0.03021014 -0.07488970 -0.06340350
v 0.02572349 -0.07746042 -0.06457900
v 0.02700425 -0.08358305 -0.05640649
v 0.02237047 -0.08602665 -0.05744890
v 0.02432594 -0.09273218 -0.04988670
v 0.01957575 -0.09507520 -0.05082381
v 0.02468888 -0.06151817 -0.09163690
v 0.02454575 -0.06641066 -0.08217610
v 0.02489933 -0.07173228 -0.07316470
v 0.02090089 -0.07974092 -0.06545060
v 0.01738489 -0.08816634 -0.05817300
v 0.01446006 -0.09710249 -0.05143030
v 0.01219206 -0.10660611 -0.04528169
v 0.01014785 -0.08334479 -0.06619150
v 0.01461228 -0.07573874 -0.07432720
v 0.01410489 -0.07028425 -0.08319950
v 0.02041846 -0.05925955 -0.10233938
v 0.01965761 -0.06361839 -0.09231972
v 0.01951393 -0.06851040 -0.08285840
v 0.01993997 -0.07389461 -0.07391260
v 0.01571831 -0.08171040 -0.06599660
v 0.01202080 -0.08997902 -0.05855470
v 0.04914126 -0.07405897 -0.02636349
v 0.05092988 -0.06414123 -0.03207829
v 0.05114938 -0.06934700 -0.02294560
v 0.05288497 -0.06439958 -0.01928109
v 0.05435588 -0.05922350 -0.01537719
v 0.05487377 -0.05365058 -0.02542889
v 0.05489863 -0.05585652 -0.01729289
v 0.04803228 -0.05303633 -0.06268539
v 0.04811453 -0.05812353 -0.05342849
v 0.04491355 -0.05678882 -0.06509850
v 0.04511161 -0.06197608 -0.05594639
v 0.04150504 -0.06029097 -0.06724940
v 0.04182339 -0.06558215 -0.05820621
v 0.03780672 -0.06354274 -0.06913820
v 0.03824806 -0.06894018 -0.06020621
v 0.03438019 -0.07204548 -0.06194150
v 0.03130745 -0.08085384 -0.05506500
v 0.02873257 -0.09009231 -0.04863879
v 0.05085782 -0.04903055 -0.06000700
v 0.05083832 -0.05904598 -0.04132679
v 0.04830086 -0.06330065 -0.04426579
v 0.04863396 -0.06860457 -0.03523579
v 0.04548043 -0.06731086 -0.04694880
v 0.04605569 -0.07282397 -0.03813789
v 0.04237555 -0.07107531 -0.04937440
v 0.04319026 -0.07679530 -0.04078019
v 0.03898276 -0.07459104 -0.05153959
v 0.04003215 -0.08051377 -0.04315770
v 0.03529627 -0.07785303 -0.05343899
v 0.03657508 -0.08397397 -0.04526469
v 0.03281162 -0.08716947 -0.04709450
v 0.05005601 -0.08237346 -0.01319410
v 0.04976716 -0.07961584 -0.01759849
v 0.04824693 -0.08725739 -0.01679210
v 0.04779256 -0.08435678 -0.02104670
v 0.04615384 -0.09189595 -0.02013310
v 0.04552880 -0.08884790 -0.02423330
v 0.04375838 -0.09627330 -0.02320061
v 0.04296229 -0.09307747 -0.02714599
v 0.04104777 -0.10037841 -0.02598289
v 0.04008299 -0.09703681 -0.02977569
v 0.03820351 -0.09039695 -0.03740660
v 0.04139025 -0.08670321 -0.03505510
v 0.04427043 -0.08274463 -0.03242610
v 0.04685134 -0.07852749 -0.02952640
v 0.04862360 -0.09009089 -0.01246719
v 0.04714536 -0.09776869 -0.01169890
v 0.04671334 -0.09488739 -0.01597369
v 0.05149489 -0.08216875 0.00000000
v 0.05092224 -0.03905391 -0.07872790
v 0.05115556 -0.02922320 -0.09760161
v 0.05149264 -0.02449827 -0.10723787
v 0.04921831 -0.02898025 -0.11041492
v 0.04658022 -0.03314797 -0.11326288
v 0.04810087 -0.04306330 -0.08141010
v 0.04486285 -0.05172888 -0.07438390
v 0.04496215 -0.04679853 -0.08380510
v 0.04140118 -0.05518510 -0.07648680
v 0.04151673 -0.05026879 -0.08592260
v 0.03764488 -0.05838678 -0.07832310
v 0.03777081 -0.05347944 -0.08776830
v 0.03359104 -0.06133142 -0.07989020
v 0.03372423 -0.05643035 -0.08934200
v 0.02936914 -0.05911472 -0.09063650
v 0.02997475 -0.05462177 -0.10051574
v 0.02537257 -0.05709269 -0.10158676
v 0.02666664 -0.05319452 -0.11208883
v 0.02186567 -0.05549369 -0.11297999
v 0.02287813 -0.05386030 -0.11856163
v 0.01667088 -0.05745263 -0.11351486
v 0.01778866 -0.05591023 -0.11919179
v 0.01102267 -0.05901985 -0.11363952
v 0.01224214 -0.05756529 -0.11940844
v 0.03111526 -0.05059094 -0.11087889
v 0.03425201 -0.05187016 -0.09915077
v 0.03822020 -0.04885153 -0.09750618
v 0.04188511 -0.04557089 -0.09558721
v 0.04524346 -0.04202540 -0.09339087
v 0.04828432 -0.03820564 -0.09090730
v 0.03523892 -0.04770663 -0.10937494
v 0.03905327 -0.04455510 -0.10759118
v 0.04256301 -0.04114041 -0.10553182
v 0.04576212 -0.03745735 -0.10319143
v 0.04863444 -0.03349198 -0.10055539
v 0.03732566 0.04039613 -0.12586084
v 0.03818262 0.03948612 -0.12568353
v 0.03822418 0.03952267 -0.12700000
v 0.03132765 0.04520397 -0.12659053
v 0.03109904 0.04525797 -0.12700007
v 0.03126883 0.04523967 -0.12659475
v 0.03081744 0.04543318 -0.12700007
v 0.03085410 0.04549130 -0.12662457
v 0.02603573 0.04840838 -0.12700034
v 0.02562541 0.04866368 -0.12700036
v 0.03651340 0.04104721 -0.12595964
v 0.03578016 0.04158550 -0.12700000
v 0.03235467 0.04447671 -0.12700000
v 0.05041739 0.02197939 -0.12125557
v 0.04996345 0.02265599 -0.12700000
v 0.04926415 0.02419974 -0.12192443
v 0.04924423 0.02419574 -0.12700000
v 0.04857881 0.02551925 -0.12232190
v 0.04802350 0.02680921 -0.12700000
v 0.04697093 0.02861492 -0.12325446
v 0.04725893 0.02797309 -0.12700000
v 0.04519697 0.03111739 -0.12386705
v 0.04439537 0.03233218 -0.12700000
v 0.04435745 0.03230168 -0.12415696
v 0.04397905 0.03296593 -0.12700000
v 0.04255858 0.03483930 -0.12477815
v 0.04367449 0.03342955 -0.12700000
v 0.04114548 0.03633986 -0.12507052
v 0.04008303 0.03747955 -0.12700000
v 0.03841132 0.03936471 -0.12700000
v 0.05449840 0.00745528 -0.11541803
v 0.05455548 0.00608664 -0.12700000
v 0.05326212 0.01338146 -0.11801088
v 0.05377161 0.01134112 -0.12700000
v 0.05295139 0.01487097 -0.11866258
v 0.05366986 0.01202316 -0.12700000
v 0.05276475 0.01539453 -0.11885356
v 0.05266302 0.01536566 -0.12700000
v 0.05126985 0.01958806 -0.12038327
v 0.05214052 0.01710024 -0.12700000
v 0.05138144 0.01962022 -0.12700000
v 0.05484169 0.00416811 -0.12700000
v 0.05499832 -0.00000144 -0.11854941
v 0.05458916 0.00609736 -0.11471868
v 0.05499754 -0.00000203 -0.11486908
v 0.05494340 0.00079725 -0.11198902
v 0.05451905 0.00714632 -0.11525892
v 0.05465737 0.00540364 -0.12700000
v 0.05228768 0.01705827 -0.15600000
v 0.03384072 -0.04556624 -0.12700000
v 0.03125105 -0.04664180 -0.14147632
v 0.05070830 -0.02213934 -0.12700000
v 0.05001560 -0.02407161 -0.12700000
v 0.04987093 -0.02361161 -0.15599202
v 0.04808440 -0.02784412 -0.12700000
v 0.04724027 -0.02945031 -0.12700000
v 0.04712197 -0.02884487 -0.15598834
v 0.03089467 -0.04564400 -0.17048388
v 0.03558740 -0.04208343 -0.17048624
v 0.03576435 -0.04237587 -0.15597581
v 0.04613156 -0.02988473 -0.18500000
v 0.04682089 -0.02863552 -0.18500000
v 0.04700793 -0.02870135 -0.17049336
v 0.05473609 0.00537971 -0.15600000
v 0.05499699 -0.00058839 -0.15599999
v 0.05461908 -0.00651446 -0.17049962
v 0.05499692 -0.00058620 -0.17050000
v 0.05361584 -0.01235256 -0.17049868
v 0.05199916 -0.01803718 -0.17049726
v 0.04993793 -0.02298683 -0.18500000
v 0.04978826 -0.02350664 -0.17049546
v 0.04967406 -0.02346500 -0.18500000
v 0.04343328 -0.03344875 -0.18500000
v 0.03963056 -0.03793124 -0.18500000
v 0.03986814 -0.03804175 -0.17048866
v 0.03623351 -0.04132868 -0.18500000
v 0.03537024 -0.04198247 -0.18500000
v 0.02560997 -0.04849167 -0.18500000
v 0.02990447 -0.04612196 -0.18500000
v 0.03067949 -0.04553500 -0.18500000
v 0.02048672 -0.05116281 -0.17047974
v 0.02584193 -0.04868199 -0.17048168
v 0.01488969 -0.05305665 -0.17047814
v 0.00911566 -0.05434165 -0.17047698
v 0.00323141 -0.05500209 -0.17047633
v 0.00000000 -0.05564447 -0.15595947
v 0.00000000 -0.05518821 -0.16669689
v 0.00000000 -0.05513473 -0.17047678
v 0.00000000 -0.05500000 -0.18000000
v 0.00000000 -0.05660692 -0.14146679
v 0.00000000 -0.05575259 -0.15341512
v 0.00325591 -0.05551925 -0.15595841
v 0.00000000 -0.05673953 -0.13961212
v 0.00328041 -0.05648361 -0.14146525
v 0.00930094 -0.05705827 -0.12700000
v 0.00824411 -0.05729286 -0.12700000
v 0.00925432 -0.05578602 -0.14146619
v 0.00749959 -0.05745814 -0.12700000
v 0.05462668 -0.00653825 -0.15599933
v 0.02060720 0.05086161 -0.12720205
v 0.02544746 0.04874161 -0.12700752
v 0.02609231 0.04841671 -0.15600000
v 0.00919906 0.05422531 -0.15600000
v 0.01258285 0.05343709 -0.12740421
v 0.01502973 0.05290652 -0.15600000
v 0.01497666 0.05277547 -0.12735756
v 0.02068323 0.05096287 -0.15600000
v 0.01839414 0.05183091 -0.12729097
v 0.01915659 0.05149696 -0.12726033
v 0.00579748 0.05458057 -0.12747664
v 0.00918131 0.05413921 -0.12745105
v 0.01081210 0.05392651 -0.12743871
v 0.00000000 0.05499963 -0.12750003
v 0.00061743 0.05499588 -0.12749987
v 0.00000000 0.05499981 -0.15600000
v 0.00123451 0.05498582 -0.12749938
v 0.00326001 0.05490317 -0.15600000
v 0.00325902 0.05490044 -0.12749514
v 0.00338606 0.05489509 -0.12749488
v 0.03119330 0.04529886 -0.15600000
v 0.04406531 0.03291260 -0.15600000
v 0.04023320 0.03750051 -0.15600000
v 0.05382986 0.01128524 -0.15600000
v 0.05012834 0.02263067 -0.15600000
v 0.04737667 0.02793637 -0.15600000
v 0.03592547 0.04164550 -0.15600000
v 0.05364171 -0.01239905 -0.15599767
v 0.05205121 -0.01811013 -0.15599518
v 0.00918499 -0.05484630 -0.15595953
v 0.01500005 -0.05353635 -0.15596158
v 0.02063065 -0.05160625 -0.15596439
v 0.02600896 -0.04908003 -0.15596781
v 0.03107286 -0.04599060 -0.15597167
v 0.04003252 -0.03828054 -0.15598008
v 0.04383136 -0.03375274 -0.15598430
v 0.05205732 -0.01837627 -0.12700000
v 0.04990519 -0.02437958 -0.12700000
v 0.04368895 -0.03356425 -0.17049107
v 0.04131521 -0.03624640 -0.18500000
v 0.04605480 -0.03170598 -0.12700000
v 0.04509670 -0.03303370 -0.12700000
v 0.04430135 -0.03413586 -0.12700000
v 0.04400065 -0.03455257 -0.12700000
v 0.04171406 -0.03772126 -0.12700000
v 0.04125489 -0.03835758 -0.12700000
v 0.03492647 -0.04472395 -0.12700000
v 0.03594129 -0.04292839 -0.14147979
v 0.02243336 -0.05295624 -0.12700000
v 0.02617598 -0.04982417 -0.14147310
v 0.02077458 -0.05243247 -0.14147025
v 0.01414295 -0.05598346 -0.12700000
v 0.01511042 -0.05442909 -0.14146790
v 0.01510266 -0.05577041 -0.12700000
v 0.02088385 -0.05355108 -0.12700000
v 0.01959850 -0.05404450 -0.12700000
v 0.01521757 -0.05572630 -0.12700000
v 0.04030307 -0.03934461 -0.12700000
v 0.03790975 -0.04182647 -0.12700000
v 0.03608993 -0.04371361 -0.12700000
v -0.04023320 0.03750051 -0.15600000
v -0.04406531 0.03291260 -0.15600000
v -0.04396471 0.03294684 -0.12700000
v -0.03036425 -0.04836007 -0.12700003
v -0.03140501 -0.04756576 -0.12700002
v -0.03125105 -0.04664180 -0.14147632
v -0.04623929 -0.03140591 -0.12699997
v -0.04730916 -0.02948525 -0.12699999
v -0.04712197 -0.02884487 -0.15598834
v -0.05335250 -0.01408971 -0.12700003
v -0.05365403 -0.01255932 -0.12699998
v -0.05364171 -0.01239905 -0.15599767
v -0.05199916 -0.01803718 -0.17049726
v -0.04978826 -0.02350664 -0.17049546
v -0.04987093 -0.02361161 -0.15599202
v -0.04700793 -0.02870135 -0.17049336
v -0.04368895 -0.03356425 -0.17049107
v -0.04383136 -0.03375274 -0.15598430
v -0.05462668 -0.00653825 -0.15599933
v -0.05499699 -0.00058839 -0.15599999
v -0.05499692 -0.00058620 -0.17050000
v -0.01739590 0.05217639 -0.12731530
v -0.01500263 0.05287154 -0.12736525
v -0.01502973 0.05290652 -0.15600000
v -0.04135139 -0.03620610 -0.18500000
v -0.03962858 -0.03792927 -0.18500000
v -0.03986814 -0.03804175 -0.17048866
v -0.00323141 -0.05500209 -0.17047633
v -0.00325591 -0.05551925 -0.15595841
v -0.05469879 0.00541299 -0.12700000
v -0.05473609 0.00537971 -0.15600000
v -0.05500008 -0.00000009 -0.12700007
v -0.05497664 -0.00059213 -0.12700007
v -0.05482228 -0.00449026 -0.12700006
v -0.05480865 -0.00483447 -0.12700006
v -0.00185599 -0.05792096 -0.12700012
v -0.00330338 -0.05785925 -0.12700013
v -0.00328041 -0.05648361 -0.14146525
v -0.00443508 -0.05781099 -0.12700015
v -0.00925432 -0.05578602 -0.14146619
v -0.00824643 -0.05731428 -0.12700008
v -0.00905167 -0.05720933 -0.12700007
v -0.00319712 -0.05476950 -0.18500000
v -0.00784762 -0.05443422 -0.18500000
v -0.00911566 -0.05434165 -0.17047698
v -0.00903075 -0.05417498 -0.18500000
v -0.01488969 -0.05305665 -0.17047814
v -0.01476893 -0.05291768 -0.18500000
v -0.02048672 -0.05116281 -0.17047974
v -0.02029643 -0.05095589 -0.18500000
v -0.01550948 -0.05275542 -0.18500000
v -0.03558740 -0.04208343 -0.17048624
v -0.03067722 -0.04553192 -0.18500000
v -0.03089467 -0.04564400 -0.17048388
v -0.02985012 -0.04615733 -0.18500000
v -0.02584193 -0.04868199 -0.17048168
v -0.02561080 -0.04849300 -0.18500000
v -0.02295362 -0.04995699 -0.18500000
v -0.03621096 -0.04134764 -0.18500000
v -0.03537070 -0.04198299 -0.18500000
v -0.04343489 -0.03345009 -0.18500000
v -0.04613882 -0.02987340 -0.18500000
v -0.04682072 -0.02863549 -0.18500000
v -0.05345209 -0.01229942 -0.18500000
v -0.05273957 -0.01555352 -0.18500000
v -0.05183066 -0.01796916 -0.18500000
v -0.04996512 -0.02292717 -0.18500000
v -0.04967006 -0.02346283 -0.18500000
v -0.05495983 -0.00058142 -0.18500000
v -0.05500000 -0.00002066 -0.18500000
v -0.05461482 0.00533558 -0.18500000
v -0.05443115 0.00788970 -0.18500000
v -0.00326001 0.05490317 -0.15600000
v -0.00580809 0.05466076 -0.12748153
v -0.00475614 0.05479381 -0.12748925
v -0.00325763 0.05487552 -0.12749356
v -0.00123451 0.05498582 -0.12749938
v -0.01326104 0.05337740 -0.12740160
v -0.01260553 0.05351324 -0.12741033
v -0.00919906 0.05422531 -0.15600000
v -0.00919150 0.05422072 -0.12745578
v -0.00904182 0.05425173 -0.12745777
v -0.01916425 0.05150923 -0.12726081
v -0.02068323 0.05096287 -0.15600000
v -0.02544964 0.04874699 -0.12700834
v -0.02140744 0.05066292 -0.12719168
v -0.02064721 0.05094974 -0.12721513
v -0.03119330 0.04529886 -0.15600000
v -0.03087090 0.04551909 -0.12700000
v -0.02609231 0.04841671 -0.15600000
v -0.02604032 0.04841494 -0.12700032
v -0.02562541 0.04866368 -0.12700036
v -0.00325088 0.05476471 -0.18500000
v -0.01561811 0.05273669 -0.18500000
v -0.02066701 0.05083666 -0.18500000
v -0.02301298 0.04995381 -0.18500000
v -0.00791955 0.05442680 -0.18500000
v -0.00918886 0.05414814 -0.18500000
v -0.01503728 0.05286420 -0.18500000
v -0.03592547 0.04164550 -0.15600000
v -0.03626100 0.04135378 -0.18500000
v -0.04023136 0.03738004 -0.18500000
v -0.04139218 0.03621825 -0.18500000
v -0.04400948 0.03275497 -0.18500000
v -0.04613728 0.02993942 -0.18500000
v -0.05370764 0.01119298 -0.18500000
v -0.05382986 0.01128524 -0.15600000
v -0.05274330 0.01559586 -0.18500000
v -0.05228768 0.01705827 -0.15600000
v -0.04731825 0.02779529 -0.18500000
v -0.04737667 0.02793637 -0.15600000
v -0.04996286 0.02299385 -0.18500000
v -0.05012834 0.02263067 -0.15600000
v -0.05013550 0.02253451 -0.18500000
v -0.05223435 0.01695002 -0.18500000
v -0.02606237 0.04827191 -0.18500000
v -0.02997737 0.04611260 -0.18500000
v -0.03118833 0.04519550 -0.18500000
v -0.03596492 0.04157801 -0.18500000
v -0.04003252 -0.03828054 -0.15598008
v -0.00918499 -0.05484630 -0.15595953
v -0.01500005 -0.05353635 -0.15596158
v -0.02063065 -0.05160625 -0.15596439
v -0.02600896 -0.04908003 -0.15596781
v -0.03107286 -0.04599060 -0.15597167
v -0.03576435 -0.04237587 -0.15597581
v -0.05209093 -0.01861320 -0.12700003
v -0.05214780 -0.01840930 -0.12700003
v -0.05205121 -0.01811013 -0.15599518
v -0.05288188 -0.01577719 -0.12700003
v -0.05296839 -0.01546697 -0.12700003
v -0.05361584 -0.01235256 -0.17049868
v -0.05461908 -0.00651446 -0.17049962
v -0.05444541 -0.00776281 -0.18500000
v -0.05453644 -0.00649206 -0.18500000
v -0.05425870 -0.00949035 -0.12699991
v -0.05437261 -0.00852597 -0.12699994
v -0.05459982 -0.00660247 -0.12700000
v -0.04444336 -0.03409613 -0.12700000
v -0.04512743 -0.03307142 -0.12700000
v -0.04072399 -0.03898343 -0.12699999
v -0.04172015 -0.03772553 -0.12700000
v -0.04363283 -0.03531025 -0.12700002
v -0.04409322 -0.03462063 -0.12700001
v -0.05047922 -0.02302808 -0.12700001
v -0.05078390 -0.02219347 -0.12700001
v -0.04817709 -0.02792712 -0.12700000
v -0.04852610 -0.02730056 -0.12700000
v -0.05000527 -0.02406485 -0.12700001
v -0.03389036 -0.04566889 -0.12700000
v -0.03407145 -0.04553069 -0.12700000
v -0.03594129 -0.04292839 -0.14147979
v -0.03497179 -0.04471536 -0.12700000
v -0.03608653 -0.04370588 -0.12699999
v -0.02470695 -0.05176320 -0.12700003
v -0.02617598 -0.04982417 -0.14147310
v -0.02231988 -0.05300948 -0.12700003
v -0.02077458 -0.05243247 -0.14147025
v -0.02090126 -0.05359992 -0.12700002
v -0.02634086 -0.05091013 -0.12700003
v -0.02643946 -0.05085867 -0.12700003
v -0.02946098 -0.04893511 -0.12700003
v -0.01414035 -0.05602765 -0.12699993
v -0.01511042 -0.05442909 -0.14146790
v -0.01360166 -0.05619839 -0.12699992
v -0.00932117 -0.05714945 -0.12700006
v -0.01520654 -0.05568974 -0.12699995
v -0.01803076 -0.05479466 -0.12700001
v -0.01961082 -0.05413703 -0.12700002
v -0.04034657 -0.03938698 -0.12699999
v -0.03752971 -0.04239900 -0.12699998
v -0.03797409 -0.04192383 -0.12699998
v -0.04446146 0.03237559 -0.12700000
v -0.05466042 0.00610229 -0.12700000
v -0.05361843 0.01130816 -0.12700000
v -0.05279814 0.01540636 -0.12700000
v -0.05214415 0.01709108 -0.12700000
v -0.04997787 0.02267158 -0.12700000
v -0.04936442 0.02425188 -0.12700000
v -0.04715438 0.02791369 -0.12700000
v -0.04004815 0.03745081 -0.12700000
v -0.03823517 0.03953569 -0.12700000
v -0.03575522 0.04155064 -0.12700000
v -0.03112763 0.04531050 -0.12700000
v -0.05499686 -0.00000255 -0.11157711
v -0.05496713 0.00079281 -0.11200213
v -0.05499754 -0.00000203 -0.11486908
v -0.05484016 0.00419004 -0.11381759
v -0.05499832 -0.00000144 -0.11854941
v -0.05450295 0.00714503 -0.11525514
v -0.05462244 0.00609797 -0.11474576
v -0.05276721 0.01539793 -0.11885496
v -0.05331579 0.01337785 -0.11803856
v -0.05359878 0.01233575 -0.11761739
v -0.05437424 0.00827298 -0.11580386
v -0.05247613 0.01646983 -0.11928817
v -0.05135472 0.01960229 -0.12042701
v -0.05100598 0.02057643 -0.12078119
v -0.04935274 0.02424661 -0.12197732
v -0.04920893 0.02456584 -0.12208136
v -0.04866785 0.02555058 -0.12236775
v -0.04712132 0.02836514 -0.12318631
v -0.04528245 0.03116891 -0.12391024
v -0.04479202 0.03191669 -0.12410331
v -0.04444539 0.03236312 -0.12420504
v -0.04201942 0.03548757 -0.12491692
v -0.04119653 0.03638387 -0.12509517
v -0.03894026 0.03884143 -0.12558397
v -0.03821605 0.03951514 -0.12570030
v -0.03653645 0.04107763 -0.12597010
v -0.03593078 0.04164107 -0.12606739
v -0.03234953 0.04448041 -0.12649138
v -0.03125167 0.04521550 -0.12658612
v -0.03084841 0.04548551 -0.12662091
v -0.02880454 0.04685401 -0.12679725
v -0.05334515 -0.02968415 -0.08501660
v -0.05329684 -0.02462627 -0.09430417
v -0.05115556 -0.02922320 -0.09760161
v -0.04513615 -0.10247971 -0.01511580
v -0.04559510 -0.10538431 -0.01086529
v -0.04737726 -0.10047711 -0.00724299
v -0.02873257 -0.09009231 -0.04863879
v -0.03088356 -0.09696675 -0.04125349
v -0.03470356 -0.09382010 -0.03947490
v -0.03021014 -0.07488970 -0.06340350
v -0.02951680 -0.06927457 -0.07210750
v -0.02489933 -0.07173228 -0.07316470
v -0.05323246 -0.07153516 0.00000000
v -0.05394775 -0.06695157 0.00000000
v -0.05411939 -0.06403534 -0.00583200
v -0.05480693 -0.03533050 -0.06781360
v -0.05481808 -0.03185222 -0.07367579
v -0.05341348 -0.03475932 -0.07574710
v 0.00000004 -0.06359097 -0.10260648
v 0.00000004 -0.06385791 -0.10191242
v -0.00299022 -0.06354342 -0.10227581
v -0.00000006 -0.07873885 -0.07379130
v -0.00273338 -0.07836996 -0.07404950
v -0.00228363 -0.07547334 -0.07830830
v -0.00000006 -0.09253397 -0.05818710
v -0.00003930 -0.09252742 -0.05819051
v -0.00000006 -0.09240384 -0.05830440
v -0.03654715 -0.10656492 -0.02901640
v -0.03516223 -0.10245591 -0.03317590
v -0.04197275 -0.10368561 -0.02215410
v -0.04295168 -0.10659771 -0.01802569
v -0.04712662 -0.10405311 0.00000000
v -0.04732381 -0.10293902 -0.00252900
v -0.04660287 -0.10553961 -0.00449409
v -0.04569056 -0.10666351 -0.00876060
v -0.03991221 -0.10656312 -0.02407840
v -0.04058562 -0.10571061 -0.02351649
v -0.03688369 -0.10071972 -0.03211600
v -0.03335869 -0.10412121 -0.03416150
v -0.03147238 -0.10571501 -0.03507229
v -0.02926975 -0.10665811 -0.03638570
v -0.02673547 -0.09982995 -0.04273540
v -0.01831929 -0.10687131 -0.04291020
v -0.02224872 -0.10240061 -0.04391080
v -0.01740842 -0.10466581 -0.04476640
v -0.00894773 -0.09878711 -0.05167790
v -0.01219206 -0.10660611 -0.04528169
v -0.01092156 -0.10698531 -0.04532400
v -0.00000009 -0.10058641 -0.05132400
v -0.00000012 -0.10175521 -0.05038820
v -0.00299426 -0.10009061 -0.05152631
v -0.00000006 -0.09253399 -0.05818710
v 0.00000001 -0.09668526 -0.05444749
v -0.00000009 -0.10058641 -0.05132410
v -0.00416000 -0.08461860 -0.06600890
v -0.00000002 -0.08528542 -0.06569970
v 0.00000001 -0.08726316 -0.06344780
v -0.00624647 -0.09143728 -0.05856531
v -0.00000007 -0.09184917 -0.05880409
v -0.00000006 -0.09240352 -0.05830470
v -0.00000006 -0.07873886 -0.07379130
v -0.00000006 -0.07891668 -0.07353320
v -0.00000006 -0.08294632 -0.06836300
v -0.00000001 -0.07301442 -0.08253470
v -0.00000000 -0.07518901 -0.07894330
v -0.00000001 -0.07577959 -0.07808610
v -0.00000003 -0.07042937 -0.08713320
v -0.00000002 -0.07177933 -0.08457440
v -0.00201936 -0.07273697 -0.08273490
v -0.00000003 -0.06596860 -0.09642450
v -0.00000005 -0.06802914 -0.09188840
v -0.00208049 -0.06777364 -0.09212147
v -0.00000005 -0.06802916 -0.09188840
v 0.00000005 -0.06213107 -0.10719835
v 0.00000003 -0.06063125 -0.11267311
v 0.00000005 -0.06158012 -0.10893127
v -0.00379032 -0.06172658 -0.10766533
v -0.00000006 -0.05937700 -0.11835224
v 0.00000001 -0.05994491 -0.11537958
v -0.00483832 -0.06012388 -0.11327911
v -0.00000006 -0.05937700 -0.11835226
v -0.00000011 -0.05896926 -0.12048652
v -0.00000011 -0.05896943 -0.12048562
v -0.00614982 -0.05874885 -0.11913130
v -0.00107596 -0.05830420 -0.12444123
v -0.00000008 -0.05837567 -0.12425506
v -0.00000008 -0.05837568 -0.12425503
v -0.00932117 -0.05714945 -0.12700006
v -0.00905167 -0.05720933 -0.12700007
v -0.00774266 -0.05761687 -0.12523801
v -0.00824643 -0.05731428 -0.12700008
v -0.01803076 -0.05479466 -0.12700001
v -0.01520654 -0.05568974 -0.12699995
v -0.01371712 -0.05633151 -0.12540853
v -0.01414035 -0.05602765 -0.12699993
v -0.01360166 -0.05619839 -0.12699992
v -0.02409942 -0.05240732 -0.12433220
v -0.02231988 -0.05300948 -0.12700003
v -0.02090126 -0.05359992 -0.12700002
v -0.01913887 -0.05456864 -0.12507898
v -0.01961082 -0.05413703 -0.12700002
v -0.02866255 -0.04990268 -0.12322586
v -0.03389036 -0.04566889 -0.12700000
v -0.03287211 -0.04709258 -0.12179963
v -0.03675744 -0.04400237 -0.12008008
v -0.03497179 -0.04471536 -0.12700000
v -0.03407145 -0.04553069 -0.12700000
v -0.04034657 -0.03938698 -0.12699999
v -0.03797409 -0.04192383 -0.12699998
v -0.03772853 -0.04233323 -0.12562428
v -0.03752971 -0.04239900 -0.12699998
v -0.03608653 -0.04370588 -0.12699999
v -0.04072399 -0.03898343 -0.12699999
v -0.04033585 -0.04064700 -0.11808284
v -0.04172015 -0.03772553 -0.12700000
v -0.04409322 -0.03462063 -0.12700001
v -0.04363283 -0.03531025 -0.12700002
v -0.04361248 -0.03703092 -0.11581259
v -0.04444336 -0.03409613 -0.12700000
v -0.04512743 -0.03307142 -0.12700000
v -0.04507725 -0.03328022 -0.12646908
v -0.04623929 -0.03140591 -0.12699997
v -0.04774802 -0.02914073 -0.12365071
v -0.04730916 -0.02948525 -0.12699999
v -0.05009321 -0.02471995 -0.12053776
v -0.05078390 -0.02219347 -0.12700001
v -0.05047922 -0.02302808 -0.12700001
v -0.05000527 -0.02406485 -0.12700001
v -0.04852610 -0.02730056 -0.12700000
v -0.04817709 -0.02792712 -0.12700000
v -0.05209093 -0.01861320 -0.12700003
v -0.05207036 -0.01998122 -0.11709185
v -0.05214780 -0.01840930 -0.12700003
v -0.05361867 -0.01487200 -0.11325795
v -0.05414016 -0.01030639 -0.12306106
v -0.05335250 -0.01408971 -0.12700003
v -0.05455345 -0.00744003 -0.12081763
v -0.05483379 -0.00445880 -0.11845392
v -0.05499754 -0.00000203 -0.11486908
v -0.05499832 -0.00000144 -0.11854941
v -0.05497907 -0.00136090 -0.11596802
v -0.05497728 -0.00475060 -0.10846520
v -0.05498144 -0.00395769 -0.10900950
v -0.05499397 -0.00156792 -0.11065004
v -0.05499628 -0.00024911 -0.11144000
v -0.05493227 -0.01198267 -0.10127765
v -0.05494295 -0.01044360 -0.10310401
v -0.05467010 -0.00933354 -0.10897454
v -0.05495815 -0.00804956 -0.10559041
v -0.05496076 -0.00763785 -0.10601801
v -0.05496641 -0.00664984 -0.10685543
v -0.05487751 -0.02044324 -0.09066510
v -0.05487919 -0.02017412 -0.09101110
v -0.05489698 -0.01733033 -0.09466781
v -0.05487728 -0.02048086 -0.09061229
v -0.05484588 -0.02572409 -0.08325770
v -0.05482182 -0.03068802 -0.07563790
v -0.05483369 -0.02823899 -0.07939720
v -0.05484350 -0.02621437 -0.08250509
v -0.05480466 -0.04163905 -0.05568249
v -0.05480215 -0.03964007 -0.05980330
v -0.05338473 -0.04476677 -0.05705850
v -0.05480688 -0.03537050 -0.06773930
v -0.05481720 -0.04637517 -0.04525639
v -0.05480714 -0.04361446 -0.05161030
v -0.05480504 -0.04194132 -0.05505940
v -0.05485326 -0.05196532 -0.03046870
v -0.05484051 -0.05049550 -0.03481950
v -0.05309276 -0.05454681 -0.03813170
v -0.05483983 -0.05038432 -0.03510789
v -0.05325847 -0.04967383 -0.04761300
v -0.05482033 -0.04723455 -0.04327780
v -0.05482032 -0.04723222 -0.04328379
v -0.05435588 -0.05922350 -0.01537719
v -0.05490345 -0.05690809 -0.01361450
v -0.05489303 -0.05599682 -0.01731500
v -0.05489299 -0.05599251 -0.01732980
v -0.05486584 -0.05341610 -0.02617430
v -0.05485587 -0.05226673 -0.02957650
v -0.05491785 -0.05816768 -0.00849960
v -0.05492645 -0.05911045 -0.00390130
v -0.05492950 -0.05944429 -0.00227299
v -0.05416827 -0.06553841 0.00000000
v -0.05493342 -0.05990845 0.00000000
v -0.05493358 -0.05989169 -0.00009080
v -0.05164524 -0.07980768 -0.00473159
v -0.05281327 -0.07436992 -0.00055369
v -0.05291477 -0.06944148 -0.00997680
v -0.05289550 -0.07369449 0.00000000
v -0.05201897 -0.07931138 0.00000000
v -0.05275168 -0.07461606 0.00000000
v -0.05025782 -0.08505588 -0.00871110
v -0.05146712 -0.08229691 0.00000000
v -0.05149132 -0.08216595 0.00000000
v -0.05030080 -0.08760109 -0.00408430
v -0.05012092 -0.08957992 0.00000000
v -0.05126346 -0.08339872 0.00000000
v -0.04866268 -0.09687211 0.00000000
v -0.04901751 -0.09521332 0.00000000
v -0.04886444 -0.09531509 -0.00335380
v -0.04947478 -0.09307555 0.00000000
v -0.04806569 -0.09966302 0.00000000
v -0.02287813 -0.05386030 -0.11856163
v -0.02666664 -0.05319452 -0.11208883
v -0.01778866 -0.05591023 -0.11919179
v -0.02186567 -0.05549369 -0.11297999
v -0.00000015 -0.05869452 -0.12192458
v -0.01224214 -0.05756529 -0.11940843
v -0.01102267 -0.05901985 -0.11363952
v -0.01667088 -0.05745263 -0.11351486
v -0.01577083 -0.05918313 -0.10803492
v -0.02041846 -0.05925955 -0.10233938
v -0.01004168 -0.06068042 -0.10808635
v -0.01507307 -0.06108840 -0.10273800
v -0.00928428 -0.06253417 -0.10273547
v -0.00873905 -0.06457120 -0.09757654
v -0.01424069 -0.06538543 -0.09265363
v -0.00000002 -0.06582084 -0.09680871
v -0.00242420 -0.06556250 -0.09709807
v -0.00839646 -0.06678331 -0.09260093
v -0.00824772 -0.06916286 -0.08780070
v -0.01410489 -0.07028425 -0.08319950
v -0.00000006 -0.06870202 -0.09040720
v -0.00194871 -0.07016787 -0.08733660
v -0.00828476 -0.07170295 -0.08316860
v -0.03381397 -0.06654017 -0.07076060
v -0.03438019 -0.07204548 -0.06194150
v -0.03529627 -0.07785304 -0.05343899
v -0.03657508 -0.08397397 -0.04526469
v -0.03130745 -0.08085384 -0.05506489
v -0.02572349 -0.07746042 -0.06457900
v -0.01993997 -0.07389461 -0.07391260
v -0.03820351 -0.09039695 -0.03740660
v -0.03281163 -0.08716948 -0.04709450
v -0.02700426 -0.08358305 -0.05640649
v -0.02090089 -0.07974092 -0.06545060
v -0.01461228 -0.07573874 -0.07432720
v -0.02432595 -0.09273218 -0.04988670
v -0.02237047 -0.08602665 -0.05744890
v -0.04450197 -0.09942377 -0.01920770
v -0.04104778 -0.10037841 -0.02598289
v -0.03852372 -0.09891314 -0.03098240
v -0.01957575 -0.09507521 -0.05082381
v -0.01738489 -0.08816634 -0.05817300
v -0.01571832 -0.08171041 -0.06599660
v -0.01446006 -0.09710249 -0.05143030
v -0.01202080 -0.08997902 -0.05855470
v -0.01014785 -0.08334479 -0.06619150
v -0.00888662 -0.07723905 -0.07438180
v -0.05085782 -0.04903055 -0.06000700
v -0.05083832 -0.05904598 -0.04132679
v -0.05092988 -0.06414123 -0.03207829
v -0.05288497 -0.06439958 -0.01928109
v -0.05114938 -0.06934701 -0.02294560
v -0.05146894 -0.07463922 -0.01390339
v -0.04976716 -0.07961584 -0.01759849
v -0.05005601 -0.08237347 -0.01319410
v -0.04803228 -0.05303633 -0.06268539
v -0.04511161 -0.06197608 -0.05594639
v -0.04811453 -0.05812353 -0.05342849
v -0.04548043 -0.06731086 -0.04694880
v -0.04830086 -0.06330065 -0.04426579
v -0.04605569 -0.07282398 -0.03813789
v -0.04863396 -0.06860457 -0.03523579
v -0.04685134 -0.07852750 -0.02952640
v -0.04914126 -0.07405898 -0.02636349
v -0.04779256 -0.08435678 -0.02104670
v -0.04824693 -0.08725739 -0.01679210
v -0.04552880 -0.08884790 -0.02423330
v -0.04427044 -0.08274463 -0.03242610
v -0.04319026 -0.07679530 -0.04078019
v -0.04237555 -0.07107531 -0.04937440
v -0.04714536 -0.09776870 -0.01169890
v -0.04986819 -0.09094721 0.00000000
v -0.04885532 -0.09279913 -0.00801120
v -0.04671334 -0.09488739 -0.01597369
v -0.04375838 -0.09627330 -0.02320061
v -0.04008299 -0.09703682 -0.02977569
v -0.01951393 -0.06851040 -0.08285840
v -0.02454575 -0.06641067 -0.08217610
v -0.02923020 -0.06401083 -0.08117950
v -0.03359104 -0.06133142 -0.07989020
v -0.03780672 -0.06354274 -0.06913820
v -0.03824806 -0.06894018 -0.06020621
v -0.03898276 -0.07459105 -0.05153959
v -0.04003215 -0.08051378 -0.04315770
v -0.04139025 -0.08670321 -0.03505510
v -0.04296229 -0.09307747 -0.02714599
v -0.04615384 -0.09189596 -0.02013310
v -0.04862361 -0.09009089 -0.01246719
v -0.05092224 -0.03905391 -0.07872790
v -0.04658022 -0.03314797 -0.11326288
v -0.04921831 -0.02898025 -0.11041492
v -0.05149264 -0.02449827 -0.10723787
v -0.05335940 -0.01966416 -0.10369209
v -0.05477486 -0.01444018 -0.09973800
v -0.05492010 -0.01373645 -0.09919652
v -0.04863444 -0.03349198 -0.10055538
v -0.05491363 -0.01466861 -0.09809038
v -0.04576212 -0.03745735 -0.10319143
v -0.04828432 -0.03820564 -0.09090730
v -0.04486285 -0.05172888 -0.07438390
v -0.04496215 -0.04679853 -0.08380510
v -0.04151673 -0.05026879 -0.08592260
v -0.04188511 -0.04557089 -0.09558720
v -0.03822020 -0.04885153 -0.09750618
v -0.03905327 -0.04455510 -0.10759117
v -0.03523892 -0.04770663 -0.10937494
v -0.03111526 -0.05059094 -0.11087889
v -0.01965761 -0.06361839 -0.09231972
v -0.02537257 -0.05709269 -0.10158676
v -0.02468888 -0.06151817 -0.09163690
v -0.02997475 -0.05462177 -0.10051574
v -0.02936914 -0.05911472 -0.09063650
v -0.03425201 -0.05187016 -0.09915077
v -0.03372423 -0.05643035 -0.08934200
v -0.03777081 -0.05347944 -0.08776830
v -0.03764488 -0.05838678 -0.07832310
v -0.04140118 -0.05518510 -0.07648680
v -0.04150504 -0.06029097 -0.06724940
v -0.04491355 -0.05678883 -0.06509850
v -0.04182339 -0.06558215 -0.05820621
v -0.04256301 -0.04114041 -0.10553182
v -0.04524346 -0.04202540 -0.09339087
v -0.04810087 -0.04306331 -0.08141010
v -0.00457048 -0.06490022 0.05473220
v -0.00542217 -0.06490008 0.05462511
v -0.00509540 -0.08590488 0.05093061
v -0.03023203 -0.06477030 0.04584670
v -0.03062973 -0.06476074 0.04556000
v -0.02850640 -0.08580923 0.04239741
v -0.05449581 -0.06110043 0.00690290
v -0.05463961 -0.06083782 0.00533161
v -0.05302041 -0.07222561 0.00519480
v -0.04515935 -0.08516212 0.02406070
v -0.02217962 -0.10653502 0.04094460
v -0.02421688 -0.08585168 0.04500191
v -0.00121253 -0.10650002 0.04660500
v -0.01010391 -0.08590108 0.05016221
v -0.01499200 -0.08589310 0.04890180
v -0.01970453 -0.08587791 0.04717530
v -0.02600189 -0.10656001 0.03861150
v -0.03251606 -0.08574537 0.03939960
v -0.03620901 -0.08565468 0.03604290
v -0.03957556 -0.08553020 0.03233631
v -0.04257265 -0.08536716 0.02832471
v -0.04904497 -0.08460666 0.01485160
v -0.04732320 -0.08491025 0.01956270
v -0.04805717 -0.09564261 0.00968610
v -0.04866268 -0.09687211 0.00000000
v -0.04879289 -0.09544279 0.00489920
v -0.04712662 -0.10405311 0.00000000
v -0.05484791 -0.06045744 0.00305561
v -0.05323246 -0.07153516 0.00000000
v -0.05485176 -0.06043272 0.00291800
v -0.05416827 -0.06553841 0.00000000
v -0.05394775 -0.06695157 0.00000000
v -0.05405330 -0.06151376 0.00959571
v -0.05225027 -0.07283132 0.01030961
v -0.05388908 -0.06166715 0.01059510
v -0.05097673 -0.07336281 0.01533780
v -0.05290332 -0.06225504 0.01477210
v -0.05385007 -0.06170359 0.01083251
v -0.05150855 -0.06279610 0.01906681
v -0.05205690 -0.06258339 0.01737830
v -0.05257644 -0.06238184 0.01577860
v -0.04951947 -0.06330671 0.02369800
v -0.04987131 -0.06323830 0.02300820
v -0.04848968 -0.06350693 0.02571691
v -0.05076371 -0.06299727 0.02085990
v -0.04920380 -0.07382007 0.02024680
v -0.04569851 -0.06393173 0.03045841
v -0.04577047 -0.06392155 0.03034090
v -0.04621485 -0.06385864 0.02961530
v -0.04792818 -0.06361610 0.02681771
v -0.04318782 -0.06419027 0.03392040
v -0.04027164 -0.06440543 0.03733541
v -0.04214660 -0.06426710 0.03513970
v -0.04254050 -0.06423803 0.03467841
v -0.03891702 -0.06447616 0.03869260
v -0.03738722 -0.06455604 0.04022530
v -0.03216351 -0.06472388 0.04445420
v -0.03393795 -0.06468123 0.04317501
v -0.03494628 -0.06464464 0.04231270
v -0.02629538 -0.06482990 0.04821291
v -0.02012209 -0.06487621 0.05104920
v -0.02111456 -0.06487150 0.05065900
v -0.02218702 -0.06486638 0.05023731
v -0.02599120 -0.06483259 0.04836280
v -0.01794749 -0.06488657 0.05190421
v -0.01603753 -0.06489072 0.05247730
v -0.01357441 -0.06489607 0.05321630
v -0.00686498 -0.06489986 0.05444381
v -0.00909939 -0.06489950 0.05416291
v -0.01078022 -0.06489821 0.05380730
v -0.05104765 -0.08385548 0.00504871
v -0.05126346 -0.08339872 0.00000000
v -0.05012092 -0.08957992 0.00000000
v -0.04986819 -0.09094721 0.00000000
v -0.04947478 -0.09307555 0.00000000
v -0.04901751 -0.09521332 0.00000000
v -0.05029020 -0.08425501 0.01000350
v -0.05289550 -0.07369449 0.00000000
v -0.05275168 -0.07461606 0.00000000
v -0.05201897 -0.07931138 0.00000000
v -0.05149132 -0.08216595 0.00000000
v -0.05146712 -0.08229691 0.00000000
v 0.00000000 -0.06440156 0.05498061
v 0.01603926 -0.06489223 0.05249091
v 0.02009150 -0.06487530 0.05096601
v 0.02007743 -0.06437723 0.05117780
v 0.05499992 -0.05890812 0.00009061
v 0.05476096 -0.05946342 0.00335840
v 0.05487193 -0.05995596 0.00315540
v 0.05490998 -0.05686294 -0.01358099
v 0.05489863 -0.05585652 -0.01729289
v 0.05493966 -0.05554138 -0.01704809
v 0.05493598 -0.05090700 -0.03018969
v 0.05493711 -0.05101671 -0.02987049
v 0.05489728 -0.05157208 -0.03018750
v 0.05492642 -0.01312721 -0.09994950
v 0.05493342 -0.01199124 -0.10128480
v 0.05491392 -0.01166153 -0.10089334
v 0.05490135 -0.00969032 -0.10244764
v 0.05489797 -0.01130154 -0.10046919
v 0.05494295 -0.01044360 -0.10310401
v 0.05495861 -0.00798926 -0.10552844
v 0.05493348 -0.00774572 -0.10520340
v 0.05237599 0.01652960 -0.11823960
v 0.05303100 0.01386365 -0.11711296
v 0.05324817 0.01363972 -0.11760924
v 0.00575345 0.05467929 -0.12697962
v 0.01915659 0.05149696 -0.12726033
v 0.01906573 0.05155012 -0.12676233
v 0.02060720 0.05086161 -0.12720205
v 0.02529623 0.04879466 -0.12650640
v 0.02544746 0.04874161 -0.12700752
v 0.03110242 0.04532297 -0.12609564
v 0.03085410 0.04549130 -0.12662457
v 0.02562541 0.04866368 -0.12700036
v 0.05493585 0.00108063 -0.11159820
v 0.05499628 -0.00024911 -0.11144000
v 0.05499254 -0.00012675 -0.11151018
v 0.05458916 0.00609736 -0.11471868
v 0.05446623 0.00742204 -0.11483400
v 0.05494340 0.00079725 -0.11198902
v 0.05499686 -0.00000255 -0.11157711
v 0.05472425 -0.06040646 0.00291361
v 0.05493342 -0.05990845 0.00000000
v 0.05493309 -0.05990005 -0.00004539
v 0.05493358 -0.05989166 -0.00009069
v 0.05496522 -0.05868597 -0.00364909
v 0.05455083 -0.06081936 0.00532911
v 0.05407787 -0.06103739 0.00984441
v 0.05437657 -0.06123426 0.00775640
v 0.00579748 0.05458057 -0.12747664
v 0.00338606 0.05489509 -0.12749488
v 0.00325902 0.05490044 -0.12749514
v 0.00123451 0.05498582 -0.12749938
v 0.00000000 0.05498485 -0.12699607
v 0.00061743 0.05499588 -0.12749987
v 0.00000000 0.05499963 -0.12750003
v -0.00000001 0.05492545 -0.12649540
v 0.01250612 0.05352912 -0.12690818
v 0.01081210 0.05392651 -0.12743871
v 0.00782631 0.05435341 -0.12646343
v 0.01114944 0.05361769 -0.12641423
v 0.01237247 0.05334692 -0.12639611
v 0.01839414 0.05183091 -0.12729097
v 0.01497666 0.05277547 -0.12735756
v 0.01258285 0.05343709 -0.12740421
v 0.01520255 0.05272035 -0.12635421
v 0.01554531 0.05264446 -0.12634913
v 0.01890354 0.05138204 -0.12624331
v 0.01920220 0.05126977 -0.12623388
v 0.01973426 0.05106976 -0.12621711
v 0.02296333 0.04985589 -0.12611535
v 0.02314452 0.04975633 -0.12610426
v 0.02508152 0.04869200 -0.12598568
v 0.02701180 0.04763135 -0.12586753
v 0.02963423 0.04619039 -0.12570700
v 0.02991072 0.04603847 -0.12569007
v 0.03083122 0.04534714 -0.12558928
v 0.03639324 0.04121209 -0.12548430
v 0.03132765 0.04520397 -0.12659053
v 0.03126883 0.04523967 -0.12659475
v 0.03088782 0.04530463 -0.12558310
v 0.03458074 0.04253110 -0.12517875
v 0.03622867 0.04129345 -0.12499833
v 0.03818262 0.03948612 -0.12568353
v 0.04106736 0.03656126 -0.12462285
v 0.03732566 0.04039613 -0.12586084
v 0.03651340 0.04104721 -0.12595964
v 0.04519697 0.03111739 -0.12386705
v 0.04435745 0.03230168 -0.12415696
v 0.04515601 0.03136303 -0.12344403
v 0.04255858 0.03483930 -0.12477815
v 0.04114548 0.03633986 -0.12507052
v 0.03627725 0.04124461 -0.12498912
v 0.03826479 0.03924681 -0.12461316
v 0.04086276 0.03663541 -0.12412172
v 0.04113929 0.03635746 -0.12406941
v 0.04158208 0.03591238 -0.12398565
v 0.04190549 0.03548036 -0.12388337
v 0.04483976 0.03156078 -0.12295545
v 0.04491950 0.03145426 -0.12293023
v 0.04697093 0.02861492 -0.12325446
v 0.04855772 0.02577146 -0.12191406
v 0.04857881 0.02551925 -0.12232190
v 0.04544310 0.03075483 -0.12276465
v 0.04610440 0.02987148 -0.12255552
v 0.04777503 0.02685770 -0.12167610
v 0.04830590 0.02590002 -0.12139663
v 0.05276475 0.01539453 -0.11885356
v 0.05126985 0.01958806 -0.12038327
v 0.05126027 0.01984315 -0.11998523
v 0.05041739 0.02197939 -0.12125557
v 0.04926415 0.02419974 -0.12192443
v 0.05015207 0.02222295 -0.12025142
v 0.04969359 0.02339668 -0.12066616
v 0.04889878 0.02483048 -0.12108455
v 0.05451905 0.00714632 -0.11525892
v 0.05449840 0.00745528 -0.11541803
v 0.05326212 0.01338146 -0.11801088
v 0.05295139 0.01487097 -0.11866258
v 0.05101266 0.02001979 -0.11947291
v 0.05191857 0.01770064 -0.11865339
v 0.05224839 0.01685627 -0.11835504
v 0.05316631 0.01331295 -0.11688023
v 0.05410519 0.00949160 -0.11526531
v 0.05416278 0.00895088 -0.11499791
v 0.05485570 0.00244503 -0.11178074
v 0.05460832 0.00476765 -0.11292929
v 0.05429813 0.00768013 -0.11436953
v 0.05488266 0.00135204 -0.11117989
v 0.05490139 0.00059254 -0.11076238
v 0.05491001 0.00024315 -0.11057032
v 0.05490737 0.00011955 -0.11049971
v 0.05491167 -0.00000209 -0.11042574
v 0.05495378 -0.00366878 -0.10862739
v 0.05496718 -0.00664752 -0.10685383
v 0.05497032 -0.00615543 -0.10733992
v 0.05498149 -0.00390622 -0.10893807
v 0.05499573 -0.00103961 -0.11097492
v 0.05491292 -0.00128002 -0.10954320
v 0.05491493 -0.00332258 -0.10813259
v 0.05491611 -0.00452376 -0.10730305
v 0.05491676 -0.00518872 -0.10684382
v 0.05491209 -0.00655248 -0.10551201
v 0.05490932 -0.00736249 -0.10472096
v 0.05490538 -0.00851236 -0.10359802
v 0.05487891 -0.02043900 -0.09057950
v 0.05488093 -0.02012888 -0.09097690
v 0.05488203 -0.02012431 -0.09022920
v 0.05489806 -0.01749210 -0.09435595
v 0.05492255 -0.01372289 -0.09918612
v 0.05489612 -0.01219069 -0.09937740
v 0.05488408 -0.01794847 -0.09230734
v 0.05488632 -0.01961438 -0.08997220
v 0.05483384 -0.02823045 -0.07939360
v 0.05483730 -0.02731202 -0.08089510
v 0.05486449 -0.02790517 -0.07905310
v 0.05484393 -0.02619934 -0.08249410
v 0.05487088 -0.02167540 -0.08899510
v 0.05489547 -0.02640940 -0.08044730
v 0.05488966 -0.02209318 -0.08649750
v 0.05488647 -0.01972655 -0.08981490
v 0.05482055 -0.03176466 -0.07361540
v 0.05484822 -0.03497744 -0.06739230
v 0.05480702 -0.03536205 -0.06773400
v 0.05487860 -0.03862456 -0.05928430
v 0.05483659 -0.04127322 -0.05536870
v 0.05480638 -0.03553406 -0.06745279
v 0.05489470 -0.02749941 -0.07866720
v 0.05489231 -0.03089035 -0.07312930
v 0.05488968 -0.03461785 -0.06704170
v 0.05480423 -0.04219479 -0.05463830
v 0.05480430 -0.04196730 -0.05507600
v 0.05480440 -0.04164988 -0.05568660
v 0.05481953 -0.04629467 -0.04520520
v 0.05485617 -0.04681024 -0.04296190
v 0.05482272 -0.04714862 -0.04324040
v 0.05489008 -0.04529502 -0.04497059
v 0.05486977 -0.04181474 -0.05310780
v 0.05487251 -0.04082451 -0.05502490
v 0.05484379 -0.05027778 -0.03504069
v 0.05482760 -0.04845618 -0.04023199
v 0.05489594 -0.04629847 -0.04262449
v 0.05490588 -0.04800109 -0.03864360
v 0.05490930 -0.04833116 -0.03768339
v 0.05487377 -0.05365058 -0.02542889
v 0.05485959 -0.05205574 -0.02997390
v 0.05485813 -0.05189142 -0.03044220
v 0.05495870 -0.05310127 -0.02380600
v 0.05493075 -0.05943774 -0.00226750
v 0.05492863 -0.05909763 -0.00389849
v 0.05492050 -0.05779661 -0.01013740
v 0.05496138 -0.05340420 -0.02266130
v 0.05497521 -0.05496685 -0.01675669
v 0.05497949 -0.05544996 -0.01493119
v 0.05499416 -0.05710665 -0.00867109
v 0.05499769 -0.05818997 -0.00340800
v 0.05499998 -0.05889143 0.00000000
v 0.05499999 -0.05889938 0.00004300
v 0.05273011 -0.06233496 0.01538061
v 0.05372023 -0.06167304 0.01079571
v 0.05384120 -0.06121859 0.01106811
v 0.05376839 -0.06164084 0.01057270
v 0.05398251 -0.06149770 0.00958121
v 0.05462874 -0.05977066 0.00516640
v 0.05442751 -0.06023827 0.00791820
v 0.05396176 -0.06054221 0.01003811
v 0.05369330 -0.06071742 0.01126000
v 0.05298196 -0.06118164 0.01449770
v 0.05206221 -0.06210415 0.01763201
v 0.05258186 -0.06238236 0.01577941
v 0.04948474 -0.06329905 0.02367901
v 0.04998912 -0.06321134 0.02275350
v 0.04949636 -0.06281532 0.02390940
v 0.05070051 -0.06298388 0.02083991
v 0.05199599 -0.06256968 0.01735531
v 0.05273877 -0.06134035 0.01560460
v 0.05191418 -0.06160031 0.01780341
v 0.04998802 -0.06220756 0.02293950
v 0.04840023 -0.06348763 0.02566891
v 0.04616765 -0.06336475 0.02983381
v 0.04624243 -0.06386287 0.02962830
v 0.04973474 -0.06225109 0.02340101
v 0.04938271 -0.06231158 0.02404230
v 0.04619596 -0.06285919 0.02984801
v 0.04210152 -0.06377055 0.03534020
v 0.04248896 -0.06422688 0.03464321
v 0.04573112 -0.06391245 0.03031141
v 0.03885217 -0.06446444 0.03862900
v 0.04151065 -0.06432175 0.03595031
v 0.04212609 -0.06426208 0.03512801
v 0.04608403 -0.06286999 0.02999680
v 0.04490945 -0.06298325 0.03155840
v 0.04198252 -0.06326547 0.03544980
v 0.04148106 -0.06331383 0.03611651
v 0.03740108 -0.06454233 0.04009121
v 0.03738903 -0.06405005 0.04029551
v 0.03881189 -0.06345940 0.03881261
v 0.03209717 -0.06422772 0.04462861
v 0.03211389 -0.06471863 0.04439071
v 0.03491662 -0.06464172 0.04226981
v 0.03621110 -0.06460621 0.04129031
v 0.03193539 -0.06371682 0.04464240
v 0.03658539 -0.06358082 0.04106161
v 0.03727469 -0.06354323 0.04036541
v 0.02630135 -0.06432870 0.04827491
v 0.02630735 -0.06482275 0.04804331
v 0.02992345 -0.06477875 0.04604821
v 0.03060711 -0.06475999 0.04553091
v 0.02615987 -0.06381849 0.04822800
v 0.03030532 -0.06376450 0.04589761
v 0.03156876 -0.06372754 0.04492470
v 0.02108930 -0.06487115 0.05059051
v 0.02297962 -0.06486326 0.04987920
v 0.02592919 -0.06482735 0.04825191
v 0.01558777 -0.06489410 0.05266071
v 0.01355077 -0.06439577 0.05328011
v 0.01605277 -0.06388866 0.05260091
v 0.02345245 -0.06385376 0.04975001
v 0.02341716 -0.06385393 0.04976371
v 0.01996449 -0.06387021 0.05109380
v 0.00788768 -0.06490027 0.05435351
v 0.00683809 -0.06440069 0.05455401
v 0.01076108 -0.06489797 0.05372190
v 0.01358313 -0.06489571 0.05310151
v 0.01558777 -0.06489410 0.05266071
v -0.05257644 -0.06238184 0.01577860
v -0.05205690 -0.06258339 0.01737830
v -0.05206221 -0.06210415 0.01763201
v -0.05498109 -0.05516516 -0.01655749
v -0.05498042 -0.05509771 -0.01679119
v -0.05493966 -0.05554138 -0.01704809
v -0.05488933 -0.03471502 -0.06686509
v -0.05488956 -0.03459922 -0.06706140
v -0.05484822 -0.03497744 -0.06739230
v -0.05484350 -0.02621437 -0.08250509
v -0.05483369 -0.02823899 -0.07939720
v -0.05486449 -0.02790517 -0.07905310
v -0.05157395 0.01888555 -0.11912272
v -0.05110123 0.02003679 -0.11952039
v -0.05126027 0.01984315 -0.11998523
v -0.04545442 0.03082151 -0.12280636
v -0.04497486 0.03148772 -0.12296776
v -0.04515601 0.03136303 -0.12344403
v -0.04114334 0.03636000 -0.12407187
v -0.04088756 0.03666084 -0.12413553
v -0.04106736 0.03656126 -0.12462285
v -0.03622748 0.04124644 -0.12498967
v -0.03620825 0.04126265 -0.12499233
v -0.03639324 0.04121209 -0.12548430
v -0.01920319 0.05137241 -0.12625270
v -0.01893880 0.05147578 -0.12626178
v -0.01906573 0.05155012 -0.12676233
v -0.05484016 0.00419004 -0.11381759
v -0.05496713 0.00079281 -0.11200213
v -0.05493585 0.00108063 -0.11159820
v -0.05499686 -0.00000255 -0.11157711
v -0.05498144 -0.00395769 -0.10900950
v -0.05495378 -0.00366878 -0.10862739
v -0.05499397 -0.00156792 -0.11065004
v -0.05499628 -0.00024911 -0.11144000
v -0.05446623 0.00742204 -0.11483400
v -0.05450295 0.00714503 -0.11525514
v -0.05462244 0.00609797 -0.11474576
v -0.03084841 0.04548551 -0.12662091
v -0.03110242 0.04532297 -0.12609564
v -0.02880454 0.04685401 -0.12679725
v -0.02529623 0.04879466 -0.12650640
v -0.02562541 0.04866368 -0.12700036
v -0.01916425 0.05150923 -0.12726081
v -0.02064721 0.05094974 -0.12721513
v -0.02140744 0.05066292 -0.12719168
v -0.02544964 0.04874699 -0.12700834
v -0.00575345 0.05467929 -0.12697962
v -0.05480575 -0.05970223 0.00461840
v -0.05485956 -0.05948218 0.00336361
v -0.05487193 -0.05995596 0.00315540
v -0.05499992 -0.05890815 0.00009061
v -0.05499998 -0.05889143 0.00000000
v -0.05496522 -0.05868597 -0.00364909
v -0.05493358 -0.05989169 -0.00009080
v -0.05492950 -0.05944429 -0.00227299
v -0.00123451 0.05498582 -0.12749938
v -0.00325763 0.05487552 -0.12749356
v -0.00475614 0.05479381 -0.12748925
v -0.00580809 0.05466076 -0.12748153
v -0.01260553 0.05351324 -0.12741033
v -0.01250612 0.05352912 -0.12690818
v -0.01239646 0.05345238 -0.12642012
v -0.01114001 0.05371698 -0.12643744
v -0.00895954 0.05417617 -0.12646749
v -0.01326104 0.05337740 -0.12740160
v -0.01500263 0.05287154 -0.12736525
v -0.01739590 0.05217639 -0.12731530
v -0.01775084 0.05194026 -0.12630252
v -0.01520310 0.05270090 -0.12636316
v -0.01337922 0.05324542 -0.12640657
v -0.02512073 0.04875651 -0.12600875
v -0.02314063 0.04972686 -0.12610327
v -0.02206978 0.05025162 -0.12615438
v -0.01993429 0.05108656 -0.12622763
v -0.03083419 0.04540233 -0.12561924
v -0.03019235 0.04585951 -0.12568303
v -0.02965455 0.04618046 -0.12572036
v -0.02701742 0.04775422 -0.12590344
v -0.02633520 0.04816135 -0.12595079
v -0.03125167 0.04521550 -0.12658612
v -0.03234953 0.04448041 -0.12649138
v -0.03593078 0.04164107 -0.12606739
v -0.03653645 0.04107763 -0.12597010
v -0.03459093 0.04262556 -0.12521589
v -0.03381793 0.04327698 -0.12532274
v -0.03091939 0.04534164 -0.12561078
v -0.03821605 0.03951514 -0.12570030
v -0.03894026 0.03884143 -0.12558397
v -0.03828321 0.03934911 -0.12465371
v -0.03719986 0.04042703 -0.12485526
v -0.04119653 0.03638387 -0.12509517
v -0.04201942 0.03548757 -0.12491692
v -0.04444539 0.03236312 -0.12420504
v -0.04479202 0.03191669 -0.12410331
v -0.04493535 0.03154260 -0.12298105
v -0.04325790 0.03387290 -0.12354556
v -0.04190388 0.03546546 -0.12388257
v -0.04528245 0.03116891 -0.12391024
v -0.04712132 0.02836514 -0.12318631
v -0.04855772 0.02577146 -0.12191406
v -0.04866785 0.02555058 -0.12236775
v -0.04839193 0.02593372 -0.12144912
v -0.04800859 0.02669384 -0.12168492
v -0.04793690 0.02681206 -0.12171747
v -0.04577886 0.03037080 -0.12269719
v -0.04920893 0.02456584 -0.12208136
v -0.04935274 0.02424661 -0.12197732
v -0.05100598 0.02057643 -0.12078119
v -0.05021250 0.02220117 -0.12026803
v -0.04994149 0.02286119 -0.12049601
v -0.04890914 0.02490817 -0.12113099
v -0.05135472 0.01960229 -0.12042701
v -0.05247613 0.01646983 -0.11928817
v -0.05324817 0.01363972 -0.11760924
v -0.05276721 0.01539793 -0.11885496
v -0.05311450 0.01386503 -0.11715877
v -0.05288188 0.01483544 -0.11757090
v -0.05224575 0.01680525 -0.11832564
v -0.05196125 0.01768623 -0.11866320
v -0.05331579 0.01337785 -0.11803856
v -0.05359878 0.01233575 -0.11761739
v -0.05437424 0.00827298 -0.11580386
v -0.05415077 0.00895129 -0.11499968
v -0.05386700 0.01072592 -0.11582563
v -0.05325732 0.01326929 -0.11690577
v -0.05468127 0.00472952 -0.11295160
v -0.05452967 0.00658174 -0.11389686
v -0.05435601 0.00766784 -0.11440235
v -0.05486947 0.00243023 -0.11177817
v -0.05491352 -0.00338861 -0.10822847
v -0.05491356 -0.00333421 -0.10827211
v -0.05491236 -0.00123561 -0.10962848
v -0.05491167 -0.00000209 -0.11042574
v -0.05491001 0.00024315 -0.11057032
v -0.05490354 0.00059220 -0.11076307
v -0.05488947 0.00135098 -0.11118213
v -0.05497728 -0.00475060 -0.10846520
v -0.05496641 -0.00664984 -0.10685543
v -0.05493348 -0.00774572 -0.10520340
v -0.05496076 -0.00763785 -0.10601801
v -0.05490814 -0.00742034 -0.10478058
v -0.05491038 -0.00663713 -0.10555443
v -0.05491142 -0.00627182 -0.10591538
v -0.05491270 -0.00451140 -0.10732770
v -0.05489632 -0.01132562 -0.10048829
v -0.05490135 -0.00969032 -0.10244764
v -0.05491392 -0.01166153 -0.10089334
v -0.05490367 -0.00898339 -0.10323623
v -0.05490533 -0.00840523 -0.10380748
v -0.05495815 -0.00804956 -0.10559041
v -0.05494295 -0.01044360 -0.10310401
v -0.05493227 -0.01198267 -0.10127765
v -0.05492010 -0.01373645 -0.09919652
v -0.05491363 -0.01466861 -0.09809038
v -0.05489698 -0.01733033 -0.09466781
v -0.05488203 -0.02012431 -0.09022920
v -0.05487919 -0.02017412 -0.09101110
v -0.05488574 -0.01945056 -0.09029850
v -0.05488582 -0.01474504 -0.09639131
v -0.05489353 -0.01223430 -0.09939955
v -0.05484588 -0.02572409 -0.08325770
v -0.05487751 -0.02044324 -0.09066510
v -0.05487728 -0.02048086 -0.09061229
v -0.05488911 -0.02216158 -0.08653140
v -0.05488574 -0.01992282 -0.08968699
v -0.05488574 -0.01978950 -0.08985959
v -0.05489370 -0.02521825 -0.08222300
v -0.05480693 -0.03533050 -0.06781360
v -0.05481808 -0.03185222 -0.07367579
v -0.05482182 -0.03068802 -0.07563790
v -0.05489649 -0.03099125 -0.07317740
v -0.05489820 -0.03010318 -0.07468280
v -0.05489582 -0.02751616 -0.07867600
v -0.05480688 -0.03537050 -0.06773930
v -0.05480215 -0.03964007 -0.05980330
v -0.05483659 -0.04127322 -0.05536870
v -0.05480466 -0.04163905 -0.05568249
v -0.05487462 -0.03873939 -0.05933889
v -0.05487352 -0.03904002 -0.05877659
v -0.05480504 -0.04194132 -0.05505940
v -0.05480714 -0.04361446 -0.05161030
v -0.05485617 -0.04681024 -0.04296190
v -0.05481720 -0.04637517 -0.04525639
v -0.05482032 -0.04723222 -0.04328379
v -0.05489043 -0.04639586 -0.04266610
v -0.05488468 -0.04538572 -0.04501230
v -0.05487118 -0.04301244 -0.05052440
v -0.05487245 -0.04084114 -0.05503509
v -0.05482033 -0.04723455 -0.04327780
v -0.05483983 -0.05038432 -0.03510789
v -0.05489728 -0.05157208 -0.03018750
v -0.05484051 -0.05049550 -0.03481950
v -0.05485326 -0.05196532 -0.03046870
v -0.05493784 -0.05099306 -0.03022819
v -0.05492421 -0.04977630 -0.03386500
v -0.05490931 -0.04832047 -0.03767849
v -0.05489146 -0.04657684 -0.04224569
v -0.05496379 -0.05340346 -0.02266099
v -0.05495631 -0.05264073 -0.02530340
v -0.05493907 -0.05110272 -0.02990049
v -0.05485587 -0.05226673 -0.02957650
v -0.05486584 -0.05341610 -0.02617430
v -0.05489299 -0.05599251 -0.01732980
v -0.05489303 -0.05599682 -0.01731500
v -0.05490345 -0.05690809 -0.01361450
v -0.05491785 -0.05816768 -0.00849960
v -0.05492645 -0.05911045 -0.00390130
v -0.05499798 -0.05819824 -0.00340980
v -0.05499546 -0.05732794 -0.00769079
v -0.05498365 -0.05555088 -0.01497619
v -0.05493342 -0.05990845 0.00000000
v -0.05485176 -0.06043272 0.00291800
v -0.05484791 -0.06045744 0.00305561
v -0.05407787 -0.06103739 0.00984441
v -0.05424075 -0.06041976 0.00910720
v -0.05479670 -0.05971373 0.00469031
v -0.05463961 -0.06083782 0.00533161
v -0.05449581 -0.06110043 0.00690290
v -0.05405330 -0.06151376 0.00959571
v -0.05384120 -0.06121859 0.01106811
v -0.05388908 -0.06166715 0.01059510
v -0.05385007 -0.06170359 0.01083251
v -0.05290332 -0.06225504 0.01477210
v -0.05314256 -0.06113422 0.01409160
v -0.05330894 -0.06106143 0.01353361
v -0.05378379 -0.06073443 0.01127790
v -0.05404148 -0.06055697 0.01005381
v -0.05201684 -0.06162674 0.01786750
v -0.05150855 -0.06279610 0.01906681
v -0.05076371 -0.06299727 0.02085990
v -0.04949636 -0.06281532 0.02390940
v -0.04987131 -0.06323830 0.02300820
v -0.04951947 -0.06330671 0.02369800
v -0.05040278 -0.06210787 0.02201270
v -0.04989203 -0.06221517 0.02306450
v -0.04621485 -0.06385864 0.02961530
v -0.04616765 -0.06336475 0.02983381
v -0.04792818 -0.06361610 0.02681771
v -0.04848968 -0.06350693 0.02571691
v -0.04514265 -0.06297205 0.03133991
v -0.04607717 -0.06287246 0.03003161
v -0.04846628 -0.06251467 0.02600040
v -0.04940908 -0.06231662 0.02405901
v -0.04318782 -0.06419027 0.03392040
v -0.04254050 -0.06423803 0.03467841
v -0.04210152 -0.06377055 0.03534020
v -0.04577047 -0.06392155 0.03034090
v -0.04569851 -0.06393173 0.03045841
v -0.04335215 -0.06316287 0.03384661
v -0.03891702 -0.06447616 0.03869260
v -0.03738903 -0.06405005 0.04029551
v -0.04027164 -0.06440543 0.03733541
v -0.04214660 -0.06426710 0.03513970
v -0.03731023 -0.06354833 0.04039991
v -0.03745160 -0.06354313 0.04027871
v -0.03904768 -0.06345854 0.03868120
v -0.04031391 -0.06339143 0.03741370
v -0.04198707 -0.06326556 0.03544930
v -0.03738722 -0.06455604 0.04022530
v -0.03494628 -0.06464464 0.04231270
v -0.03209717 -0.06422772 0.04462861
v -0.03393795 -0.06468123 0.04317501
v -0.03216351 -0.06472388 0.04445420
v -0.03405814 -0.06366796 0.04318610
v -0.03197928 -0.06372003 0.04469741
v -0.02629538 -0.06482990 0.04821291
v -0.02630135 -0.06432870 0.04827491
v -0.03023203 -0.06477030 0.04584670
v -0.03062973 -0.06476074 0.04556000
v -0.02621439 -0.06382370 0.04832270
v -0.02689542 -0.06381664 0.04797541
v -0.03057376 -0.06375525 0.04571920
v -0.03176812 -0.06372532 0.04485091
v -0.02599120 -0.06483259 0.04836280
v -0.02218702 -0.06486638 0.05023731
v -0.02007743 -0.06437723 0.05117780
v -0.02111456 -0.06487150 0.05065900
v -0.02012209 -0.06487621 0.05104920
v -0.01898323 -0.06387857 0.05162011
v -0.02000371 -0.06387303 0.05119781
v -0.02304729 -0.06385654 0.04993821
v -0.02354049 -0.06385143 0.04968661
v -0.01794749 -0.06488657 0.05190421
v -0.01603753 -0.06489072 0.05247730
v -0.01355077 -0.06439577 0.05328011
v -0.01357441 -0.06489607 0.05321630
v -0.01078022 -0.06489821 0.05380730
v -0.00683809 -0.06440069 0.05455401
v -0.00909939 -0.06489950 0.05416291
v -0.00456435 -0.05480967 -0.19200000
v -0.00784285 -0.05439638 -0.19200000
v -0.00909188 -0.05423892 -0.19200000
v -0.01355826 -0.05329294 -0.19200000
v -0.01549590 -0.05271024 -0.19200000
v -0.01795179 -0.05197168 -0.19200000
v -0.02221639 -0.05029020 -0.19200000
v -0.04135139 -0.03620610 -0.18500000
v -0.04065839 -0.03698216 -0.19200000
v -0.03962858 -0.03792927 -0.18500000
v -0.03743920 -0.04023814 -0.19200000
v -0.03621096 -0.04134764 -0.18500000
v -0.03618245 -0.04131435 -0.19200000
v -0.03537070 -0.04198299 -0.18500000
v -0.03396031 -0.04321727 -0.19200000
v -0.03067722 -0.04553192 -0.18500000
v -0.03021893 -0.04591614 -0.19200000
v -0.02985012 -0.04615733 -0.18500000
v -0.02984159 -0.04614316 -0.19200000
v -0.02561080 -0.04849300 -0.18500000
v -0.02629348 -0.04827782 -0.19200000
v -0.02294145 -0.04993233 -0.19200000
v -0.05054200 -0.02163068 -0.19200000
v -0.04996512 -0.02292717 -0.18500000
v -0.04992873 -0.02290972 -0.19200000
v -0.04967006 -0.02346283 -0.18500000
v -0.04857484 -0.02573341 -0.19200000
v -0.04682072 -0.02863549 -0.18500000
v -0.04624119 -0.02971506 -0.19200000
v -0.04613882 -0.02987340 -0.18500000
v -0.04613271 -0.02986910 -0.19200000
v -0.04343489 -0.03345009 -0.18500000
v -0.04359551 -0.03347207 -0.19200000
v -0.04132573 -0.03618463 -0.19200000
v -0.05485992 -0.00391358 -0.19200000
v -0.05442147 -0.00776008 -0.19200000
v -0.05434462 -0.00843420 -0.19200000
v -0.05344946 -0.01292169 -0.19200000
v -0.05269477 -0.01554061 -0.19200000
v -0.05217343 -0.01734974 -0.19200000
v -0.05497623 -0.00001995 -0.19200000
v -0.05499618 0.00064818 -0.19200000
v -0.05475163 0.00521935 -0.19200000
v -0.05438494 0.00788334 -0.19200000
v -0.05412468 0.00977412 -0.19200000
v -0.05313100 0.01421865 -0.19200000
v -0.05270419 0.01558363 -0.19200000
v -0.05003616 0.02283405 -0.19200000
v -0.05176810 0.01857732 -0.19200000
v -0.04555981 0.03081107 -0.19200000
v -0.04610884 0.02992186 -0.19200000
v -0.04795424 0.02693302 -0.19200000
v -0.04995660 0.02299068 -0.19200000
v -0.02921457 0.04659959 -0.19200000
v -0.02996030 0.04608774 -0.19200000
v -0.03297944 0.04401548 -0.19200000
v -0.03625265 0.04134356 -0.19200000
v -0.03651977 0.04112551 -0.19200000
v -0.03982412 0.03793503 -0.19200000
v -0.04135628 0.03618678 -0.19200000
v -0.04283985 0.03449395 -0.19200000
v -0.01237145 0.05359086 -0.19200000
v -0.01560821 0.05270069 -0.19200000
v -0.01678297 0.05237760 -0.19200000
v -0.02104579 0.05081425 -0.19200000
v -0.02299283 0.04991042 -0.19200000
v -0.02522487 0.04887430 -0.19200000
v -0.00791905 0.05442409 -0.19200000
v -0.00785200 0.05443664 -0.19200000
v -0.00327189 0.05490251 -0.19200000
v 0.01228409 -0.05360259 -0.19200000
v 0.00780884 -0.05443940 -0.19200000
v -0.01237145 0.05359086 -0.19200000
v 0.05485973 0.00393362 -0.19200000
v 0.05497605 0.00003216 -0.19200000
v 0.03002034 0.04606899 -0.19200000
v 0.02635614 0.04827363 -0.19200000
v 0.05002160 -0.02280473 -0.19200000
v 0.04993086 -0.02298324 -0.19200000
v 0.05175086 -0.01856698 -0.19200000
v -0.00784285 -0.05439638 -0.19200000
v -0.00456435 -0.05480967 -0.19200000
v 0.00000000 -0.05500000 -0.19200000
v -0.02984159 -0.04614316 -0.19200000
v -0.02629348 -0.04827782 -0.19200000
v -0.02294145 -0.04993233 -0.19200000
v -0.00327189 0.05490251 -0.19200000
v 0.00000000 0.05500000 -0.19200000
v 0.04364245 0.03347144 -0.19200000
v 0.04608739 0.02999289 -0.19200000
v 0.05440336 0.00794691 -0.19200000
v 0.05475096 -0.00521293 -0.19200000
v 0.05438137 -0.00788339 -0.19200000
v 0.05412553 -0.00973195 -0.19200000
v 0.03294483 -0.04399812 -0.19200000
v 0.02988757 -0.04609734 -0.19200000
v 0.00779845 -0.05444134 -0.19200000
v 0.00326859 -0.05490262 -0.19200000
v -0.03297944 0.04401548 -0.19200000
v -0.02996030 0.04608774 -0.19200000
v -0.02921457 0.04659959 -0.19200000
v -0.00785200 0.05443664 -0.19200000
v 0.00457905 0.05480970 -0.19200000
v 0.00789826 0.05439249 -0.19200000
v 0.00911899 0.05423905 -0.19200000
v 0.01361940 0.05328713 -0.19200000
v 0.01566934 0.05267127 -0.19200000
v 0.01800200 0.05197047 -0.19200000
v 0.03399725 0.04323502 -0.19200000
v 0.03628217 0.04127892 -0.19200000
v 0.03747091 0.04026125 -0.19200000
v 0.05312641 -0.01418418 -0.19200000
v 0.05270354 -0.01553156 -0.19200000
v 0.04795754 -0.02686492 -0.19200000
v 0.04610283 -0.02986698 -0.19200000
v 0.04554636 -0.03076769 -0.19200000
v -0.00909188 -0.05423892 -0.19200000
v -0.01355826 -0.05329294 -0.19200000
v -0.01549590 -0.05271024 -0.19200000
v -0.01795179 -0.05197168 -0.19200000
v -0.02221639 -0.05029020 -0.19200000
v -0.05497623 -0.00001995 -0.19200000
v -0.03021893 -0.04591614 -0.19200000
v -0.05499618 0.00064818 -0.19200000
v -0.05475163 0.00521935 -0.19200000
v -0.05438494 0.00788334 -0.19200000
v -0.02522487 0.04887430 -0.19200000
v -0.02299283 0.04991042 -0.19200000
v -0.02104579 0.05081425 -0.19200000
v 0.02224412 0.05030120 -0.19200000
v 0.02304714 0.04990525 -0.19200000
v 0.03030898 0.04589532 -0.19200000
v 0.04069631 0.03699755 -0.19200000
v 0.04126340 0.03631884 -0.19200000
v 0.05499623 -0.00064454 -0.19200000
v 0.05497855 -0.00005160 -0.19200000
v -0.00791905 0.05442409 -0.19200000
v 0.04280119 -0.03447998 -0.19200000
v 0.04127958 -0.03621515 -0.19200000
v 0.03978421 -0.03792041 -0.19200000
v -0.04065839 -0.03698216 -0.19200000
v -0.04132573 -0.03618463 -0.19200000
v -0.04992873 -0.02290972 -0.19200000
v -0.03396031 -0.04321727 -0.19200000
v -0.03618245 -0.04131435 -0.19200000
v -0.05485992 -0.00391358 -0.19200000
v -0.05442147 -0.00776008 -0.19200000
v -0.05412468 0.00977412 -0.19200000
v -0.05313100 0.01421865 -0.19200000
v -0.05270419 0.01558363 -0.19200000
v -0.01678297 0.05237760 -0.19200000
v -0.01560821 0.05270069 -0.19200000
v 0.04627725 0.02972275 -0.19200000
v 0.04857668 0.02579518 -0.19200000
v 0.04987185 0.02308915 -0.19200000
v 0.03649058 -0.04110162 -0.19200000
v 0.03622515 -0.04131845 -0.19200000
v 0.02294215 -0.04991036 -0.19200000
v 0.02102661 -0.05080089 -0.19200000
v -0.05269477 -0.01554061 -0.19200000
v -0.05217343 -0.01734974 -0.19200000
v -0.05054200 -0.02163068 -0.19200000
v -0.05344946 -0.01292169 -0.19200000
v -0.05434462 -0.00843420 -0.19200000
v -0.05176810 0.01857732 -0.19200000
v -0.05003616 0.02283405 -0.19200000
v -0.04995660 0.02299068 -0.19200000
v -0.03982412 0.03793503 -0.19200000
v -0.03651977 0.04112551 -0.19200000
v -0.03625265 0.04134356 -0.19200000
v 0.05055254 0.02166698 -0.19200000
v 0.05219040 0.01735397 -0.19200000
v 0.05268296 0.01563799 -0.19200000
v 0.05344986 0.01296625 -0.19200000
v 0.05434268 0.00848053 -0.19200000
v 0.02915342 -0.04660144 -0.19200000
v 0.02515406 -0.04888205 -0.19200000
v 0.01672881 -0.05237983 -0.19200000
v 0.01558513 -0.05269446 -0.19200000
v -0.03743920 -0.04023814 -0.19200000
v -0.04359551 -0.03347207 -0.19200000
v -0.04613271 -0.02986910 -0.19200000
v -0.04857484 -0.02573341 -0.19200000
v -0.04624119 -0.02971506 -0.19200000
v -0.04795424 0.02693302 -0.19200000
v -0.04610884 0.02992186 -0.19200000
v -0.04555981 0.03081107 -0.19200000
v -0.04283985 0.03449395 -0.19200000
v -0.04135628 0.03618678 -0.19200000
v -0.00914963 -0.00065000 -0.05423469
v -0.00924043 -0.00065000 -0.05421969
v 0.00517596 -0.00065001 0.05475592
v -0.01191631 -0.00065000 -0.05365420
v -0.01343680 -0.00065000 -0.05333279
v -0.00535340 -0.00065000 -0.05470910
v -0.00862461 -0.00065000 -0.05432110
v -0.00872829 -0.00065000 -0.05430409
v 0.05482655 -0.00065001 -0.00436430
v 0.05466758 -0.00065001 -0.00569549
v 0.05346290 -0.00065001 -0.01291219
v 0.05329464 -0.00065001 -0.01350539
v 0.05227973 -0.00065001 -0.01708340
v 0.05212197 -0.00065001 -0.01755889
v -0.01348876 -0.00065000 -0.05332179
v -0.01785261 -0.00065000 -0.05201280
v -0.01808591 -0.00065000 -0.05194279
v -0.05205418 -0.00065001 -0.01775889
v -0.05329056 -0.00065001 -0.01360600
v -0.05332323 -0.00065001 -0.01347210
v -0.05356898 -0.00065001 -0.01246479
v -0.05362774 -0.00065001 -0.01215759
v -0.05438683 -0.00065001 -0.00818980
v -0.05466246 -0.00065001 -0.00569489
v 0.05431230 -0.00065001 -0.00867039
v 0.05361468 -0.00065001 -0.01215420
v 0.04628154 -0.00065001 -0.02971659
v 0.04411308 -0.00065001 -0.03281770
v 0.04379439 -0.00065001 -0.03327340
v 0.02190449 -0.00065000 -0.05045140
v 0.01840055 -0.00065000 -0.05180990
v 0.01785476 -0.00065000 -0.05202149
v 0.01782748 -0.00065000 -0.05203210
v 0.01367148 -0.00065000 -0.05327529
v 0.01345108 -0.00065000 -0.05332269
v 0.01191595 -0.00065000 -0.05365289
v 0.00872629 -0.00065000 -0.05428080
v 0.00535486 -0.00065000 -0.05473240
v 0.00529630 -0.00065000 -0.05474029
v -0.00181878 -0.00065000 -0.05492880
v 0.00000000 -0.00065000 -0.05499989
v 0.00180655 -0.00065000 -0.05493519
v -0.00432647 -0.00065000 -0.05483079
v -0.00534846 -0.00065000 -0.05470959
v 0.05194894 -0.00065001 -0.01801260
v 0.05057458 -0.00065001 -0.02161570
v 0.04973906 -0.00065001 -0.02335639
v 0.04849676 -0.00065001 -0.02594439
v 0.04712410 -0.00065001 -0.02828179
v 0.04104383 -0.00065001 -0.03661279
v 0.04070325 -0.00065001 -0.03696560
v 0.03803477 -0.00065001 -0.03972970
v 0.03386143 -0.00065000 -0.04334179
v 0.03274513 -0.00065000 -0.04413800
v 0.02995219 -0.00065000 -0.04612989
v 0.02820208 -0.00065000 -0.04717059
v 0.02622012 -0.00065000 -0.04834910
v 0.02324739 -0.00065000 -0.04979719
v 0.00944461 -0.00065000 -0.05418449
v 0.00917109 -0.00065000 -0.05422120
v 0.00397277 -0.00065000 -0.05485749
v 0.00515391 -0.00065000 -0.05475939
v -0.04410628 -0.00065001 -0.03281260
v -0.04642486 -0.00065001 -0.02949220
v -0.04712669 -0.00065001 -0.02828370
v -0.04862174 -0.00065001 -0.02570939
v -0.04974728 -0.00065001 -0.02336079
v -0.05049732 -0.00065001 -0.02179559
v -0.05195530 -0.00065001 -0.01801530
v 0.05305066 -0.00065001 0.01451301
v 0.05475591 -0.00065001 0.00517591
v 0.05500000 -0.00065001 0.00000001
v 0.03717420 -0.00065001 -0.04053610
v 0.03692145 -0.00065001 -0.04075019
v -0.05486295 -0.00065001 -0.00388000
v -0.05500000 -0.00065001 0.00000001
v 0.00000000 -0.00065001 0.05500001
v -0.05475591 -0.00065001 0.00517591
v -0.01837886 -0.00065000 -0.05182749
v -0.02215652 -0.00065000 -0.05034120
v -0.02325155 -0.00065000 -0.04980670
v -0.02605689 -0.00065000 -0.04843730
v -0.02820273 -0.00065000 -0.04717149
v -0.02978411 -0.00065000 -0.04623860
v -0.03275608 -0.00065000 -0.04415420
v -0.03333188 -0.00065000 -0.04375039
v -0.03425349 -0.00065000 -0.04303269
v -0.03691232 -0.00065000 -0.04073899
v -0.03754051 -0.00065000 -0.04019709
v -0.04070721 -0.00065001 -0.03696949
v 0.04976549 -0.00065001 0.02341790
v 0.01451302 -0.00065001 0.05305071
v 0.02341786 -0.00065001 0.04976551
v -0.04090376 -0.00065001 -0.03676919
v -0.04367659 -0.00065001 -0.03342790
v -0.02341786 -0.00065001 0.04976551
v -0.05305066 -0.00065001 0.01451301
v -0.01451302 -0.00065001 0.05305071
v -0.00517596 -0.00065001 0.05475592
v 0.03162529 -0.00065001 0.04499821
v 0.03889087 -0.00065001 0.03889091
v 0.04499824 -0.00065001 0.03162531
v -0.04976549 -0.00065001 0.02341790
v -0.04499824 -0.00065001 0.03162531
v -0.03162529 -0.00065001 0.04499821
v -0.03889087 -0.00065001 0.03889091
v 0.05500000 -0.00000000 -0.19100000
v 0.05400000 -0.00000000 -0.19100000
v 0.05499954 -0.00005089 -0.19084852
v 0.05400000 -0.00100000 -0.18802349
v 0.05499090 -0.00100000 -0.18802349
v 0.05499098 0.00100000 -0.18802349
v 0.05400000 0.00100000 -0.18802349
v 0.05499971 0.00003283 -0.19090227
v 0.05400000 -0.00000000 -0.19100000
v 0.05500000 -0.00000000 -0.19100000
v 0.05499998 -0.00005096 -0.18802349
v 0.05499090 -0.00100000 -0.18802349
v 0.05400000 -0.00100000 -0.18802349
v 0.05499999 0.00003288 -0.18802349
v 0.05400000 0.00100000 -0.18802349
v 0.05499098 0.00100000 -0.18802349
v 0.05400000 -0.00000000 -0.19100000
v 0.05400000 0.00100000 -0.18802349
v 0.05400000 -0.00100000 -0.18802349
v 0.05400000 -0.00462652 0.00100001
v 0.05499091 -0.00462652 0.00100001
v 0.05400000 -0.00462652 -0.00099999
v 0.05500000 -0.00462652 0.00000001
v 0.05499110 -0.00462652 -0.00099999
v 0.05400000 -0.00165001 0.00000001
v 0.05400000 -0.00462652 -0.00099999
v 0.05500000 -0.00165001 0.00000001
v 0.05499110 -0.00462652 -0.00099999
v 0.05400000 -0.00165001 0.00000001
v 0.05500000 -0.00165001 0.00000001
v 0.05400000 -0.00462652 0.00100001
v 0.05499091 -0.00462652 0.00100001
v 0.05400000 -0.00462652 0.00100001
v 0.05400000 -0.00462652 -0.00099999
v 0.05400000 -0.00165001 0.00000001
f 1 2 3
f 4 5 6
f 7 8 9
f 10 11 12
f 13 14 15
f 16 17 18
f 19 20 21
f 22 23 24
f 25 26 27
f 28 29 30
f 31 32 33
f 34 35 36
f 35 31 36
f 36 31 37
f 31 33 37
f 37 33 38
f 39 40 41
f 40 42 41
f 41 42 31
f 42 43 31
f 31 43 32
f 44 45 46
f 45 47 46
f 48 49 44
f 30 29 50
f 29 51 50
f 51 52 50
f 50 52 48
f 52 53 48
f 48 53 49
f 28 30 54
f 30 55 54
f 54 55 56
f 56 55 57
f 55 58 57
f 57 58 59
f 60 61 58
f 61 62 58
f 58 62 59
f 63 64 60
f 64 65 60
f 60 65 61
f 66 67 8
f 67 68 8
f 8 68 9
f 68 69 9
f 9 69 70
f 69 71 70
f 70 71 72
f 73 74 75
f 74 76 75
f 75 76 77
f 26 25 23
f 25 78 23
f 23 78 24
f 79 80 81
f 80 82 81
f 81 82 83
f 84 85 86
f 85 87 86
f 22 24 88
f 24 85 88
f 88 85 81
f 85 84 81
f 81 84 79
f 87 85 89
f 85 24 89
f 89 24 90
f 91 92 93
f 91 93 94
f 94 93 95
f 93 96 95
f 95 96 97
f 96 98 97
f 97 98 99
f 100 101 102
f 101 103 102
f 104 105 106
f 105 104 107
f 108 109 110
f 109 111 110
f 112 113 114
f 113 111 114
f 114 111 115
f 111 109 115
f 115 109 116
f 20 19 117
f 118 119 120
f 119 121 120
f 120 121 122
f 123 124 125
f 124 126 125
f 125 126 127
f 128 129 130
f 129 127 130
f 130 127 121
f 127 126 121
f 121 126 122
f 126 124 122
f 131 132 133
f 132 128 133
f 133 128 134
f 135 136 137
f 136 138 137
f 139 140 141
f 140 142 141
f 141 142 143
f 144 145 146
f 145 147 146
f 146 147 148
f 149 150 151
f 150 152 151
f 151 152 153
f 154 155 156
f 155 157 156
f 158 159 160
f 158 161 159
f 161 162 159
f 159 162 163
f 162 164 163
f 163 164 165
f 166 167 168
f 166 169 167
f 169 170 167
f 167 170 171
f 170 172 171
f 171 172 173
f 174 175 176
f 175 177 176
f 16 18 178
f 179 180 181
f 180 182 181
f 183 184 185
f 185 186 183
f 186 187 183
f 183 187 179
f 188 189 190
f 189 184 190
f 190 184 191
f 184 183 191
f 191 183 192
f 193 194 195
f 194 196 195
f 195 196 190
f 196 197 190
f 190 197 188
f 198 199 200
f 201 202 199
f 202 203 199
f 199 203 200
f 204 205 206
f 205 207 206
f 14 208 15
f 208 209 15
f 15 209 210
f 46 211 212
f 213 214 211
f 214 215 211
f 211 215 212
f 216 217 218
f 218 219 216
f 219 220 216
f 216 220 211
f 220 221 211
f 211 221 213
f 12 11 222
f 11 223 222
f 222 223 224
f 223 116 224
f 224 116 225
f 116 109 225
f 225 109 226
f 109 108 226
f 226 108 227
f 106 228 104
f 228 100 104
f 104 100 229
f 100 102 229
f 229 102 230
f 231 230 232
f 230 102 232
f 232 102 233
f 102 103 233
f 233 103 99
f 234 235 236
f 235 237 236
f 236 237 238
f 237 239 238
f 227 107 226
f 107 104 226
f 226 104 225
f 104 229 225
f 225 229 224
f 229 230 224
f 224 230 222
f 230 231 222
f 222 231 12
f 19 112 117
f 112 114 117
f 117 114 240
f 114 115 240
f 240 115 241
f 115 116 241
f 241 116 242
f 116 223 242
f 242 223 243
f 223 11 243
f 243 11 244
f 11 10 244
f 244 10 245
f 246 247 248
f 247 249 248
f 248 249 250
f 249 251 250
f 250 251 234
f 245 252 253
f 252 254 253
f 253 254 255
f 254 256 255
f 257 258 259
f 258 260 259
f 259 260 73
f 260 261 73
f 73 261 74
f 262 263 264
f 66 8 265
f 8 7 265
f 265 7 77
f 7 262 77
f 77 262 75
f 262 264 75
f 75 264 73
f 9 246 7
f 246 248 7
f 7 248 262
f 248 250 262
f 262 250 263
f 250 234 263
f 263 234 264
f 234 236 264
f 264 236 73
f 236 238 73
f 73 238 259
f 238 239 259
f 259 239 257
f 266 98 267
f 98 96 267
f 267 96 268
f 96 93 268
f 268 93 78
f 93 92 78
f 78 92 24
f 92 269 24
f 24 269 90
f 235 266 237
f 266 267 237
f 237 267 239
f 267 268 239
f 239 268 257
f 268 78 257
f 257 78 258
f 78 25 258
f 258 25 260
f 25 27 260
f 260 27 261
f 99 98 233
f 98 266 233
f 233 266 232
f 266 235 232
f 232 235 231
f 235 234 231
f 231 234 12
f 234 251 12
f 12 251 10
f 251 249 10
f 10 249 245
f 249 247 245
f 245 247 252
f 247 246 252
f 252 246 254
f 246 9 254
f 254 9 256
f 9 70 256
f 256 70 270
f 70 72 270
f 270 72 63
f 72 271 63
f 63 271 64
f 47 272 46
f 272 39 46
f 46 39 211
f 39 41 211
f 211 41 216
f 41 31 216
f 216 31 217
f 31 35 217
f 217 35 273
f 35 274 273
f 207 275 206
f 275 201 206
f 206 201 276
f 201 199 276
f 276 199 6
f 199 198 6
f 6 198 277
f 212 13 46
f 13 15 46
f 46 15 206
f 15 210 206
f 206 210 204
f 6 5 276
f 5 278 276
f 276 278 206
f 278 279 206
f 206 279 46
f 44 46 48
f 46 279 48
f 48 279 50
f 279 278 50
f 50 278 30
f 278 5 30
f 30 5 55
f 5 4 55
f 55 4 58
f 4 280 58
f 58 280 60
f 17 174 18
f 174 176 18
f 18 176 281
f 282 178 283
f 178 18 283
f 283 18 284
f 18 281 284
f 284 281 285
f 173 158 171
f 158 160 171
f 171 160 167
f 160 286 167
f 167 286 168
f 286 287 168
f 168 287 288
f 287 289 288
f 288 289 290
f 179 181 183
f 181 291 183
f 183 291 192
f 291 292 192
f 192 292 191
f 292 277 191
f 191 277 190
f 277 198 190
f 190 198 195
f 198 200 195
f 195 200 193
f 165 156 163
f 156 157 163
f 163 157 159
f 157 293 159
f 159 293 160
f 293 294 160
f 160 294 286
f 294 295 286
f 286 295 287
f 295 296 287
f 287 296 289
f 297 298 299
f 298 300 299
f 299 300 301
f 300 302 301
f 301 302 303
f 302 304 303
f 303 304 305
f 304 144 305
f 305 144 306
f 144 146 306
f 306 146 307
f 146 148 307
f 307 148 308
f 154 150 155
f 150 149 155
f 155 149 157
f 149 309 157
f 157 309 293
f 309 310 293
f 293 310 294
f 310 311 294
f 294 311 295
f 311 312 295
f 295 312 296
f 312 313 296
f 296 313 289
f 313 314 289
f 289 314 290
f 314 315 290
f 290 315 316
f 315 317 316
f 318 297 319
f 297 299 319
f 319 299 320
f 299 301 320
f 320 301 321
f 301 303 321
f 321 303 322
f 303 305 322
f 322 305 323
f 305 306 323
f 323 306 324
f 306 307 324
f 324 307 325
f 307 308 325
f 325 308 326
f 308 327 326
f 326 327 328
f 329 330 331
f 330 332 331
f 331 332 333
f 332 334 333
f 333 334 335
f 334 336 335
f 335 336 337
f 338 339 340
f 339 341 340
f 340 341 342
f 341 343 342
f 342 343 137
f 343 344 137
f 137 344 135
f 344 143 135
f 135 143 345
f 143 142 345
f 128 130 134
f 130 121 134
f 134 121 346
f 121 119 346
f 346 119 347
f 138 131 137
f 131 133 137
f 137 133 342
f 133 134 342
f 342 134 340
f 134 346 340
f 340 346 338
f 346 347 338
f 347 348 338
f 348 349 338
f 338 349 339
f 349 350 339
f 339 350 341
f 350 337 341
f 341 337 343
f 337 336 343
f 343 336 344
f 336 334 344
f 344 334 143
f 334 332 143
f 143 332 141
f 332 330 141
f 141 330 139
f 348 351 349
f 351 352 349
f 349 352 350
f 352 353 350
f 350 353 337
f 353 354 337
f 337 354 335
f 354 355 335
f 335 355 333
f 355 356 333
f 333 356 331
f 356 357 331
f 331 357 329
f 357 358 329
f 359 360 361
f 360 362 361
f 361 362 363
f 362 364 363
f 363 364 365
f 364 366 365
f 351 367 352
f 367 368 352
f 352 368 353
f 368 369 353
f 353 369 354
f 369 370 354
f 354 370 355
f 370 371 355
f 355 371 356
f 371 372 356
f 356 372 357
f 372 373 357
f 357 373 358
f 373 374 358
f 375 318 376
f 318 319 376
f 376 319 377
f 319 320 377
f 377 320 378
f 320 321 378
f 378 321 379
f 321 322 379
f 379 322 380
f 322 323 380
f 380 323 374
f 323 324 374
f 374 324 358
f 324 325 358
f 358 325 329
f 325 326 329
f 329 326 330
f 326 328 330
f 330 328 139
f 367 381 368
f 381 382 368
f 368 382 369
f 382 383 369
f 369 383 370
f 383 384 370
f 370 384 371
f 384 385 371
f 371 385 372
f 385 386 372
f 372 386 373
f 386 387 373
f 373 387 374
f 387 388 374
f 374 388 380
f 388 389 380
f 380 389 379
f 389 390 379
f 379 390 378
f 390 391 378
f 378 391 377
f 391 392 377
f 377 392 376
f 381 393 382
f 393 394 382
f 382 394 383
f 394 395 383
f 383 395 384
f 395 396 384
f 384 396 385
f 396 397 385
f 385 397 386
f 397 398 386
f 386 398 387
f 398 399 387
f 387 399 388
f 399 400 388
f 388 400 389
f 400 401 389
f 389 401 390
f 401 402 390
f 390 402 391
f 402 403 391
f 391 403 392
f 403 404 392
f 392 404 376
f 404 405 376
f 376 405 375
f 405 406 375
f 3 2 407
f 408 409 410
f 409 411 410
f 410 411 412
f 411 413 412
f 412 413 414
f 415 408 416
f 408 410 416
f 416 410 417
f 410 412 417
f 417 412 418
f 412 414 418
f 418 414 419
f 420 421 422
f 419 363 418
f 363 365 418
f 418 365 417
f 365 366 417
f 417 366 416
f 366 423 416
f 416 423 415
f 423 422 415
f 415 422 408
f 422 421 408
f 408 421 409
f 177 166 176
f 166 168 176
f 176 168 281
f 168 288 281
f 281 288 285
f 288 290 285
f 285 290 424
f 290 316 424
f 424 316 425
f 316 317 425
f 425 317 426
f 317 427 426
f 426 427 428
f 427 407 428
f 428 407 420
f 407 2 420
f 420 2 421
f 2 1 421
f 421 1 409
f 393 359 394
f 359 361 394
f 394 361 395
f 361 363 395
f 395 363 396
f 363 419 396
f 396 419 397
f 419 414 397
f 397 414 398
f 414 413 398
f 398 413 399
f 413 411 399
f 399 411 400
f 411 409 400
f 400 409 401
f 409 1 401
f 401 1 402
f 1 3 402
f 402 3 403
f 3 407 403
f 403 407 404
f 407 427 404
f 404 427 405
f 427 317 405
f 405 317 406
f 317 315 406
f 406 315 375
f 315 314 375
f 375 314 318
f 314 313 318
f 318 313 297
f 313 312 297
f 297 312 298
f 312 311 298
f 298 311 300
f 311 310 300
f 300 310 302
f 310 309 302
f 302 309 304
f 309 149 304
f 304 149 144
f 149 151 144
f 144 151 145
f 151 153 145
f 118 21 119
f 21 20 119
f 119 20 347
f 20 117 347
f 347 117 348
f 117 240 348
f 348 240 351
f 240 241 351
f 351 241 367
f 241 242 367
f 367 242 381
f 242 243 381
f 381 243 393
f 243 244 393
f 393 244 359
f 244 245 359
f 359 245 360
f 245 253 360
f 360 253 362
f 253 255 362
f 362 255 364
f 255 256 364
f 364 256 366
f 256 270 366
f 366 270 423
f 270 63 423
f 423 63 422
f 63 60 422
f 422 60 420
f 60 280 420
f 420 280 428
f 280 4 428
f 428 4 426
f 4 6 426
f 426 6 425
f 6 277 425
f 425 277 424
f 277 292 424
f 424 292 285
f 292 291 285
f 285 291 284
f 291 181 284
f 284 181 283
f 181 182 283
f 283 182 282
f 34 429 35
f 429 430 35
f 35 430 274
f 431 432 433
f 433 434 431
f 434 435 431
f 431 435 436
f 435 437 436
f 436 437 438
f 437 439 438
f 438 439 440
f 439 441 440
f 440 441 442
f 441 443 442
f 442 443 444
f 443 445 444
f 444 445 446
f 445 447 446
f 446 447 448
f 447 430 448
f 448 430 449
f 430 429 449
f 449 429 38
f 429 37 38
f 450 451 452
f 453 454 455
f 454 456 455
f 455 456 457
f 456 458 457
f 459 460 461
f 460 462 461
f 461 462 463
f 462 464 463
f 463 464 465
f 464 466 465
f 465 466 467
f 466 468 467
f 467 468 469
f 468 470 469
f 469 470 471
f 470 472 471
f 471 472 473
f 472 474 473
f 475 476 477
f 476 478 477
f 477 478 479
f 478 480 479
f 479 480 481
f 480 482 481
f 481 482 483
f 482 484 483
f 483 484 485
f 484 486 485
f 485 486 459
f 486 487 459
f 459 487 460
f 488 489 490
f 489 491 490
f 490 491 492
f 491 493 492
f 492 493 494
f 493 495 494
f 494 495 475
f 495 496 475
f 475 496 476
f 452 497 450
f 497 498 450
f 450 498 499
f 498 500 499
f 499 500 501
f 500 502 501
f 501 502 503
f 502 504 503
f 503 504 505
f 504 506 505
f 505 506 507
f 506 508 507
f 507 508 488
f 508 509 488
f 488 509 489
f 510 511 512
f 511 513 512
f 512 513 514
f 513 515 514
f 514 515 453
f 515 516 453
f 453 516 454
f 516 517 454
f 454 517 518
f 517 519 518
f 518 519 520
f 519 521 520
f 520 521 522
f 521 452 522
f 522 452 523
f 452 451 523
f 523 451 458
f 451 524 458
f 458 524 457
f 525 526 527
f 526 528 527
f 527 528 529
f 528 530 529
f 529 530 531
f 530 532 531
f 531 532 533
f 532 534 533
f 533 534 535
f 534 536 535
f 535 536 510
f 536 537 510
f 510 537 511
f 538 539 540
f 539 541 540
f 540 541 542
f 541 543 542
f 542 543 544
f 543 545 544
f 544 545 546
f 545 547 546
f 546 547 548
f 547 549 548
f 548 549 550
f 549 551 550
f 550 551 525
f 551 552 525
f 525 552 526
f 553 554 555
f 554 556 555
f 555 556 557
f 556 558 557
f 557 558 559
f 558 560 559
f 559 560 538
f 560 561 538
f 538 561 539
f 562 563 564
f 555 565 553
f 565 566 553
f 553 566 567
f 566 568 567
f 567 568 569
f 568 562 569
f 569 562 570
f 562 564 570
f 571 572 573
f 574 575 576
f 577 578 579
f 579 578 580
f 581 582 583
f 584 585 586
f 587 588 589
f 590 591 592
f 593 594 595
f 596 597 598
f 599 600 601
f 602 603 604
f 605 606 604
f 120 607 608
f 608 607 124
f 609 610 611
f 612 613 614
f 614 613 615
f 616 617 618
f 619 620 621
f 622 623 624
f 625 626 627
f 628 629 590
f 629 630 590
f 626 631 627
f 631 632 627
f 627 632 633
f 634 635 592
f 635 636 592
f 592 636 637
f 598 638 592
f 638 639 592
f 592 639 634
f 640 641 642
f 641 643 642
f 644 645 646
f 645 647 646
f 648 649 645
f 649 650 645
f 645 650 647
f 651 652 653
f 654 655 656
f 655 657 656
f 656 657 658
f 654 656 659
f 656 660 659
f 659 660 661
f 662 663 664
f 663 665 664
f 666 667 668
f 667 669 668
f 668 669 670
f 671 672 666
f 672 673 666
f 666 673 667
f 674 675 671
f 675 676 671
f 671 676 672
f 677 678 674
f 679 680 681
f 680 682 681
f 681 682 683
f 684 685 686
f 685 687 686
f 686 687 688
f 689 690 691
f 690 692 691
f 691 692 693
f 622 694 623
f 694 695 623
f 623 695 696
f 621 620 697
f 617 698 618
f 698 697 618
f 618 697 699
f 697 620 699
f 699 620 624
f 620 619 624
f 624 619 622
f 609 611 700
f 611 701 700
f 700 701 702
f 702 703 704
f 703 705 704
f 704 705 706
f 118 120 705
f 120 608 705
f 705 608 706
f 608 124 706
f 706 124 123
f 19 21 707
f 21 118 707
f 707 118 708
f 118 705 708
f 227 108 709
f 108 110 709
f 709 110 710
f 110 111 710
f 710 111 711
f 227 709 107
f 709 712 107
f 107 712 713
f 228 106 713
f 106 105 713
f 713 105 107
f 714 100 715
f 715 716 714
f 716 717 714
f 714 717 103
f 717 718 103
f 103 718 719
f 718 720 719
f 719 720 97
f 720 95 97
f 721 90 722
f 90 269 722
f 269 92 722
f 92 91 722
f 722 91 723
f 91 94 723
f 724 87 721
f 87 89 721
f 721 89 90
f 79 84 724
f 84 86 724
f 724 86 87
f 80 725 82
f 725 83 82
f 603 726 604
f 726 727 604
f 604 727 605
f 727 728 605
f 605 728 729
f 600 599 730
f 731 732 733
f 732 734 733
f 733 734 735
f 736 737 738
f 739 740 741
f 742 743 744
f 742 745 743
f 745 746 743
f 743 746 737
f 746 747 737
f 737 747 738
f 748 749 750
f 749 751 750
f 750 751 744
f 751 752 744
f 744 752 742
f 748 750 753
f 750 754 753
f 753 754 755
f 755 754 756
f 754 757 756
f 756 757 758
f 758 757 759
f 757 760 759
f 759 760 761
f 598 597 760
f 597 762 760
f 760 762 761
f 596 598 763
f 598 592 763
f 763 592 764
f 592 591 764
f 764 591 765
f 630 766 590
f 766 767 590
f 590 767 591
f 767 768 591
f 591 768 765
f 709 769 712
f 769 715 712
f 712 715 713
f 715 100 713
f 713 100 228
f 709 770 771
f 709 771 769
f 771 772 769
f 769 772 715
f 772 773 715
f 715 773 716
f 773 774 716
f 716 774 717
f 774 775 717
f 717 775 718
f 775 776 718
f 718 776 720
f 777 778 779
f 780 777 781
f 777 779 781
f 781 779 782
f 606 783 604
f 783 730 604
f 604 730 602
f 730 599 602
f 783 784 730
f 784 785 730
f 730 785 600
f 785 786 600
f 600 786 601
f 786 735 601
f 601 735 787
f 735 734 787
f 788 731 789
f 731 733 789
f 789 733 790
f 733 735 790
f 790 735 791
f 735 786 791
f 791 786 595
f 786 785 595
f 595 785 593
f 785 784 593
f 770 792 771
f 792 793 771
f 771 793 772
f 793 794 772
f 772 794 773
f 794 795 773
f 773 795 774
f 795 796 774
f 774 796 775
f 796 797 775
f 775 797 776
f 797 722 776
f 776 722 720
f 722 723 720
f 720 723 95
f 723 94 95
f 80 79 725
f 79 724 725
f 725 724 798
f 724 721 798
f 798 721 729
f 721 722 729
f 729 722 605
f 722 797 605
f 605 797 606
f 797 796 606
f 606 796 783
f 796 795 783
f 783 795 784
f 795 794 784
f 784 794 593
f 794 793 593
f 593 793 594
f 793 792 594
f 738 739 736
f 739 741 736
f 736 741 789
f 741 740 789
f 789 740 788
f 637 625 592
f 625 627 592
f 592 627 590
f 627 633 590
f 590 633 628
f 633 799 628
f 628 799 800
f 652 651 658
f 651 589 658
f 658 589 656
f 589 588 656
f 656 588 660
f 693 692 696
f 692 801 696
f 696 801 623
f 801 802 623
f 623 802 624
f 802 803 624
f 624 803 699
f 803 804 699
f 699 804 618
f 804 805 618
f 618 805 616
f 806 807 808
f 807 679 808
f 808 679 809
f 679 681 809
f 809 681 677
f 681 683 677
f 677 683 678
f 674 671 677
f 671 810 677
f 677 810 809
f 810 811 809
f 809 811 808
f 812 813 814
f 813 815 814
f 814 815 816
f 815 665 816
f 816 665 588
f 665 663 588
f 588 663 660
f 663 662 660
f 660 662 661
f 670 664 668
f 664 665 668
f 668 665 666
f 665 815 666
f 666 815 671
f 815 813 671
f 671 813 810
f 813 812 810
f 810 812 811
f 817 818 819
f 818 820 819
f 819 820 821
f 820 822 821
f 821 822 823
f 822 824 823
f 823 824 825
f 818 826 820
f 826 827 820
f 820 827 822
f 827 828 822
f 822 828 824
f 826 584 829
f 585 830 586
f 830 831 586
f 586 831 832
f 831 833 832
f 832 833 834
f 835 612 836
f 612 614 836
f 836 614 805
f 614 615 805
f 805 615 616
f 690 837 692
f 837 838 692
f 692 838 801
f 838 839 801
f 801 839 802
f 839 840 802
f 802 840 803
f 840 841 803
f 803 841 804
f 841 842 804
f 804 842 805
f 842 843 805
f 805 843 836
f 843 844 836
f 836 844 835
f 845 817 688
f 817 819 688
f 688 819 686
f 819 821 686
f 686 821 846
f 821 823 846
f 846 823 847
f 823 825 847
f 847 825 848
f 825 849 848
f 848 849 850
f 849 851 850
f 850 851 852
f 851 853 852
f 852 853 581
f 583 854 580
f 826 829 827
f 829 855 827
f 827 855 828
f 855 856 828
f 828 856 824
f 856 857 824
f 824 857 825
f 857 858 825
f 825 858 849
f 858 859 849
f 849 859 851
f 859 860 851
f 851 860 853
f 860 861 853
f 853 861 581
f 861 862 581
f 581 862 582
f 578 844 580
f 844 843 580
f 580 843 583
f 843 842 583
f 583 842 581
f 842 841 581
f 581 841 852
f 841 840 852
f 852 840 850
f 840 839 850
f 850 839 848
f 839 838 848
f 848 838 847
f 838 837 847
f 847 837 846
f 837 690 846
f 846 690 686
f 690 689 686
f 686 689 684
f 702 701 703
f 701 863 703
f 703 863 705
f 863 864 705
f 705 864 708
f 864 865 708
f 708 865 707
f 865 112 707
f 707 112 19
f 577 866 867
f 866 868 867
f 867 868 869
f 868 870 869
f 869 870 871
f 870 872 871
f 871 872 873
f 872 874 873
f 873 875 871
f 875 876 871
f 871 876 869
f 876 877 869
f 869 877 867
f 877 878 867
f 867 878 577
f 878 879 577
f 577 879 578
f 879 880 578
f 578 880 844
f 880 881 844
f 844 881 835
f 881 882 835
f 875 865 876
f 865 864 876
f 876 864 877
f 864 863 877
f 877 863 878
f 863 701 878
f 878 701 879
f 701 611 879
f 879 611 880
f 611 610 880
f 880 610 881
f 610 883 881
f 881 883 882
f 884 885 886
f 885 887 886
f 886 887 888
f 887 889 888
f 888 889 890
f 891 884 892
f 884 886 892
f 892 886 893
f 886 888 893
f 893 888 894
f 888 890 894
f 894 890 895
f 896 897 895
f 897 898 895
f 895 898 894
f 898 899 894
f 894 899 893
f 899 900 893
f 893 900 892
f 900 901 892
f 892 901 891
f 902 896 903
f 896 895 903
f 903 895 904
f 895 890 904
f 904 890 905
f 890 889 905
f 906 874 907
f 874 872 907
f 907 872 908
f 872 870 908
f 908 870 909
f 870 868 909
f 909 868 910
f 868 866 910
f 910 866 911
f 866 577 911
f 911 577 912
f 577 579 912
f 584 586 829
f 586 832 829
f 829 832 855
f 832 834 855
f 855 834 856
f 834 913 856
f 856 913 857
f 913 914 857
f 857 914 858
f 914 915 858
f 858 915 859
f 915 916 859
f 859 916 860
f 916 917 860
f 860 917 861
f 917 918 861
f 861 918 862
f 918 919 862
f 862 919 582
f 919 920 582
f 582 920 583
f 920 921 583
f 583 921 854
f 922 923 924
f 923 925 924
f 924 925 926
f 925 927 926
f 926 927 928
f 927 929 928
f 928 929 930
f 929 902 930
f 930 902 931
f 902 903 931
f 931 903 932
f 903 904 932
f 932 904 933
f 904 905 933
f 933 905 934
f 905 889 934
f 934 889 935
f 889 887 935
f 935 887 936
f 887 885 936
f 653 649 651
f 649 648 651
f 651 648 589
f 648 937 589
f 589 937 587
f 937 938 587
f 587 938 939
f 938 940 939
f 939 940 941
f 940 942 941
f 941 942 922
f 574 576 943
f 576 944 943
f 943 944 945
f 946 778 947
f 778 777 947
f 947 777 948
f 777 780 948
f 948 780 949
f 780 950 949
f 949 950 951
f 950 952 951
f 951 952 953
f 575 572 576
f 572 571 576
f 576 571 944
f 571 953 944
f 944 953 945
f 953 952 945
f 574 954 575
f 954 955 575
f 575 955 572
f 955 956 572
f 572 956 573
f 956 942 573
f 573 942 957
f 942 940 957
f 957 940 958
f 940 938 958
f 958 938 959
f 938 937 959
f 959 937 960
f 937 648 960
f 960 648 961
f 648 645 961
f 961 645 641
f 645 644 641
f 641 644 643
f 922 942 923
f 942 956 923
f 923 956 925
f 956 955 925
f 925 955 927
f 955 954 927
f 927 954 929
f 954 574 929
f 929 574 902
f 574 943 902
f 902 943 896
f 943 945 896
f 896 945 897
f 945 952 897
f 897 952 898
f 952 950 898
f 898 950 899
f 950 780 899
f 899 780 900
f 780 781 900
f 900 781 901
f 781 782 901
f 901 782 891
f 845 806 817
f 806 808 817
f 817 808 818
f 808 811 818
f 818 811 826
f 811 812 826
f 826 812 584
f 812 814 584
f 584 814 585
f 814 816 585
f 585 816 830
f 816 588 830
f 830 588 831
f 588 587 831
f 831 587 833
f 587 939 833
f 833 939 834
f 939 941 834
f 834 941 913
f 941 922 913
f 913 922 914
f 922 924 914
f 914 924 915
f 924 926 915
f 915 926 916
f 926 928 916
f 916 928 917
f 928 930 917
f 917 930 918
f 930 931 918
f 918 931 919
f 931 932 919
f 919 932 920
f 932 933 920
f 920 933 921
f 933 934 921
f 921 934 854
f 934 935 854
f 854 935 580
f 935 936 580
f 580 936 579
f 936 885 579
f 579 885 912
f 885 884 912
f 912 884 911
f 884 891 911
f 911 891 910
f 891 782 910
f 910 782 909
f 782 779 909
f 909 779 908
f 779 778 908
f 908 778 907
f 778 946 907
f 907 946 906
f 640 638 641
f 638 598 641
f 641 598 961
f 598 760 961
f 961 760 960
f 760 757 960
f 960 757 959
f 757 754 959
f 959 754 958
f 754 750 958
f 958 750 957
f 750 744 957
f 957 744 573
f 744 743 573
f 573 743 571
f 743 737 571
f 571 737 953
f 737 736 953
f 953 736 951
f 736 789 951
f 951 789 949
f 789 790 949
f 949 790 948
f 790 791 948
f 948 791 947
f 791 595 947
f 947 595 946
f 595 594 946
f 946 594 906
f 594 792 906
f 906 792 874
f 792 770 874
f 874 770 873
f 770 709 873
f 873 709 875
f 709 710 875
f 875 710 865
f 710 711 865
f 865 711 112
f 433 432 962
f 963 629 964
f 629 628 964
f 964 628 800
f 965 966 962
f 966 967 962
f 962 967 433
f 968 969 965
f 969 970 965
f 965 970 966
f 971 972 968
f 972 973 968
f 968 973 969
f 974 975 976
f 975 977 976
f 976 977 972
f 978 979 974
f 979 980 974
f 974 980 975
f 981 982 978
f 982 983 978
f 978 983 979
f 984 985 981
f 985 986 981
f 981 986 982
f 964 987 963
f 987 988 963
f 963 988 984
f 988 989 984
f 984 989 985
f 990 991 992
f 992 991 993
f 994 995 996
f 997 998 999
f 1000 1001 1002
f 1003 1004 1000
f 1005 1006 1007
f 1008 1009 1010
f 1011 1012 1013
f 1014 1015 1016
f 1017 1018 1019
f 652 1020 1021
f 1022 1023 670
f 1024 1025 1026
f 1027 1028 1029
f 1030 1031 1032
f 1033 1034 1035
f 1036 1037 1038
f 1039 1040 1041
f 1040 1042 1041
f 1041 1042 1043
f 1044 1045 1046
f 1045 1039 1046
f 1046 1039 1047
f 1039 1041 1047
f 1047 1041 1048
f 1049 1050 1044
f 1050 1051 1044
f 1044 1051 1045
f 1049 1044 1052
f 1044 1046 1052
f 1052 1046 1053
f 1054 1055 1056
f 1055 1057 1056
f 1056 1057 1058
f 1057 1059 1058
f 1060 1061 1062
f 1061 1063 1062
f 1062 1063 1064
f 1038 1037 1065
f 1037 1066 1065
f 1065 1066 1067
f 1068 1069 1070
f 1071 1072 1073
f 1073 1074 1071
f 1074 1075 1071
f 1071 1075 1035
f 1075 1076 1035
f 1035 1076 1033
f 1077 1078 1079
f 1078 1080 1079
f 1080 1081 1079
f 1079 1081 1082
f 1083 1084 1085
f 1084 1086 1085
f 1085 1086 1087
f 1086 1088 1087
f 1087 1088 1089
f 1090 1091 1092
f 1090 1092 1093
f 1030 1094 1031
f 1094 1095 1031
f 1031 1095 1096
f 1097 1098 1099
f 1100 1101 1097
f 1101 1102 1097
f 1097 1102 1098
f 1027 1029 1103
f 1104 1105 1106
f 1105 1107 1106
f 1108 1109 1107
f 1109 1110 1107
f 1107 1110 1106
f 1111 1112 1108
f 1112 1113 1108
f 1108 1113 1109
f 1111 1108 1114
f 1108 1115 1114
f 1114 1115 1116
f 1117 1118 1026
f 1118 1119 1026
f 1026 1119 1024
f 1120 1121 1122
f 1121 610 1122
f 1122 610 609
f 1123 1124 1125
f 1124 609 1125
f 1123 1126 1124
f 1126 706 1124
f 1124 706 123
f 609 1124 1122
f 1124 1127 1122
f 1122 1127 1128
f 1129 1120 1130
f 1120 615 1130
f 1129 1131 1120
f 1131 882 1120
f 1120 882 1121
f 622 1132 1133
f 1132 621 1133
f 1133 621 697
f 698 617 1120
f 617 1134 1120
f 1120 1134 615
f 691 1135 1136
f 691 1136 689
f 1137 687 1138
f 687 1139 1138
f 1138 1139 1136
f 1139 1140 1136
f 1136 1140 689
f 1135 696 1136
f 696 695 1136
f 1136 695 1141
f 1142 680 1143
f 680 679 1143
f 679 807 1143
f 1143 807 1144
f 807 1145 1144
f 1144 1145 845
f 1146 1147 1148
f 1147 678 1148
f 1148 678 683
f 1149 1150 1151
f 1150 1146 1151
f 1146 1148 1151
f 1151 1148 1143
f 1148 683 1143
f 1143 683 1142
f 667 1152 1153
f 667 1153 669
f 670 1023 664
f 659 661 1154
f 661 1155 1154
f 1020 657 1156
f 657 655 1156
f 1156 655 654
f 647 1157 1158
f 1157 649 1158
f 652 1021 653
f 644 646 1159
f 646 647 1159
f 644 1159 643
f 1159 1160 643
f 643 1160 642
f 634 639 1161
f 639 638 1161
f 1161 638 1160
f 638 640 1160
f 1160 640 642
f 1162 636 635
f 636 1162 1163
f 1162 1019 1163
f 1163 1019 625
f 1019 1018 625
f 625 1018 626
f 799 633 1017
f 633 632 1017
f 1017 632 1018
f 632 631 1018
f 1018 631 626
f 800 799 1164
f 799 1017 1164
f 1164 1017 1165
f 1017 1019 1165
f 1165 1019 1166
f 1002 1167 1168
f 1167 1002 1014
f 1002 1001 1014
f 1014 1001 1015
f 1169 1170 1171
f 1170 1172 1171
f 1171 1172 1173
f 1174 1175 1176
f 1175 1177 1176
f 1176 1177 1171
f 1177 1178 1171
f 1171 1178 1169
f 1179 1180 1181
f 1180 1182 1181
f 1011 1013 1183
f 1184 1185 1186
f 1185 1187 1186
f 1186 1187 1188
f 1189 1190 1191
f 1190 1192 1191
f 1193 1194 1195
f 1195 1196 1193
f 1196 1197 1193
f 1193 1197 1189
f 1198 1199 1200
f 1024 1116 1025
f 1116 1115 1025
f 1025 1115 1201
f 1115 1108 1201
f 1201 1108 1029
f 1108 1107 1029
f 1029 1107 1103
f 1107 1105 1103
f 1103 1105 1202
f 1105 1104 1202
f 1202 1104 1203
f 1091 1083 1092
f 1083 1085 1092
f 1092 1085 1204
f 1085 1205 1204
f 1204 1205 1206
f 1205 1207 1206
f 1206 1207 1208
f 1207 1209 1208
f 1208 1209 1210
f 1209 1211 1210
f 1210 1211 1212
f 1211 1213 1212
f 1212 1213 1214
f 1096 1093 1031
f 1093 1092 1031
f 1031 1092 1032
f 1092 1204 1032
f 1032 1204 1215
f 1204 1206 1215
f 1215 1206 1216
f 1206 1208 1216
f 1216 1208 1217
f 1208 1210 1217
f 1217 1210 1218
f 1210 1212 1218
f 1218 1212 1219
f 1212 1214 1219
f 1219 1214 1220
f 990 1221 1222
f 1221 1223 1222
f 845 1137 1144
f 1137 1138 1144
f 1144 1138 1224
f 1138 1136 1224
f 1224 1136 1133
f 1136 1141 1133
f 1133 1141 622
f 1152 1149 1153
f 1149 1151 1153
f 1153 1151 1225
f 697 698 1133
f 698 1120 1133
f 1133 1120 1226
f 1120 1122 1226
f 1226 1122 1227
f 1028 1100 1029
f 1100 1097 1029
f 1029 1097 1201
f 1097 1228 1201
f 1201 1228 1025
f 1228 1227 1025
f 1025 1227 1026
f 1227 1122 1026
f 1026 1122 1117
f 1122 1128 1117
f 1229 1230 1231
f 1230 1232 1231
f 1231 1232 1233
f 1234 1233 1023
f 1232 1235 1233
f 1235 1154 1233
f 1233 1154 1023
f 1154 1155 1023
f 1023 1155 664
f 649 653 1158
f 653 1021 1158
f 1158 1021 1236
f 1021 1237 1236
f 1020 1156 1021
f 1156 1238 1021
f 1021 1238 1237
f 1238 1239 1237
f 1237 1239 1236
f 670 669 1022
f 669 1153 1022
f 1022 1153 1023
f 1153 1225 1023
f 1023 1225 1234
f 1159 1240 1160
f 1240 1241 1160
f 1160 1241 1161
f 1241 1162 1161
f 1161 1162 634
f 1162 635 634
f 1242 1181 1243
f 1181 1182 1243
f 1243 1182 1244
f 1245 1246 1247
f 1248 1249 1250
f 1249 1251 1250
f 1250 1251 1247
f 1251 1252 1247
f 1247 1252 1245
f 1253 1248 1254
f 1248 1250 1254
f 1254 1250 1255
f 1250 1247 1255
f 1255 1247 1256
f 1247 1246 1256
f 1234 1245 1233
f 1245 1252 1233
f 1233 1252 1231
f 1252 1251 1231
f 1231 1251 1229
f 1251 1249 1229
f 1229 1249 1257
f 1249 1248 1257
f 1257 1248 1242
f 1248 1253 1242
f 1242 1253 1181
f 1243 1004 1242
f 1004 1003 1242
f 1242 1003 1257
f 1003 1258 1257
f 1257 1258 1229
f 1258 1236 1229
f 1229 1236 1230
f 1236 1239 1230
f 1230 1239 1232
f 1239 1238 1232
f 1232 1238 1235
f 1238 1156 1235
f 1235 1156 1154
f 1156 654 1154
f 1154 654 659
f 1244 1174 1243
f 1174 1176 1243
f 1243 1176 1004
f 1176 1171 1004
f 1004 1171 1000
f 1171 1173 1000
f 1000 1173 1001
f 1173 1259 1001
f 1001 1259 1015
f 1259 1260 1015
f 1015 1260 1016
f 1260 1261 1016
f 647 1158 1159
f 1158 1236 1159
f 1159 1236 1240
f 1236 1258 1240
f 1240 1258 1241
f 1258 1003 1241
f 1241 1003 1162
f 1003 1000 1162
f 1162 1000 1019
f 1000 1002 1019
f 1019 1002 1166
f 1002 1168 1166
f 1166 1168 1165
f 1262 1263 1264
f 1263 1062 1264
f 1264 1062 1057
f 1062 1064 1057
f 1057 1064 1059
f 1194 1193 1265
f 1193 1266 1265
f 1265 1266 1267
f 1199 1194 1200
f 1194 1265 1200
f 1200 1265 1268
f 1265 1267 1268
f 1268 1267 1269
f 1192 1184 1191
f 1184 1186 1191
f 1191 1186 1270
f 1186 1271 1270
f 1270 1271 1272
f 1070 1067 1068
f 1067 1066 1068
f 1068 1066 1273
f 1274 1275 1273
f 1275 1276 1273
f 1277 1072 1276
f 1072 1071 1276
f 1276 1071 1273
f 1071 1035 1273
f 1273 1035 1068
f 1035 1034 1068
f 1068 1034 1069
f 998 1274 999
f 1274 1273 999
f 999 1273 1262
f 1273 1066 1262
f 1262 1066 1263
f 1066 1037 1263
f 1263 1037 1062
f 1037 1036 1062
f 1062 1036 1060
f 1043 1198 1041
f 1198 1200 1041
f 1041 1200 1048
f 1200 1268 1048
f 1048 1268 1278
f 1268 1269 1278
f 1278 1269 996
f 995 997 996
f 997 999 996
f 996 999 1278
f 999 1262 1278
f 1278 1262 1048
f 1262 1264 1048
f 1048 1264 1047
f 1264 1057 1047
f 1047 1057 1046
f 1057 1055 1046
f 1046 1055 1053
f 1189 1191 1193
f 1191 1270 1193
f 1193 1270 1266
f 1270 1272 1266
f 1266 1272 1267
f 1272 1279 1267
f 1267 1279 1269
f 1279 1280 1269
f 1269 1280 996
f 1280 1281 996
f 996 1281 994
f 1008 1010 1282
f 1010 1283 1282
f 1282 1283 1284
f 1283 1285 1284
f 1284 1285 1286
f 1009 1223 1010
f 1223 1221 1010
f 1010 1221 1283
f 1221 990 1283
f 1283 990 1285
f 990 992 1285
f 1285 992 1286
f 992 993 1286
f 1287 1213 1288
f 1213 1211 1288
f 1288 1211 1289
f 1211 1209 1289
f 1289 1209 1290
f 1209 1207 1290
f 1290 1207 1291
f 1207 1205 1291
f 1291 1205 1292
f 1205 1085 1292
f 1292 1085 1079
f 1085 1087 1079
f 1079 1087 1077
f 1087 1089 1077
f 1009 1220 1223
f 1220 1214 1223
f 1223 1214 1222
f 1214 1213 1222
f 1222 1213 990
f 1213 1287 990
f 990 1287 991
f 1287 1293 991
f 991 1293 993
f 1293 1294 993
f 993 1294 1295
f 1294 1296 1295
f 1295 1296 1005
f 1296 1297 1005
f 1005 1297 1006
f 1297 1298 1006
f 1006 1298 1007
f 1298 1013 1007
f 1188 1183 1186
f 1183 1013 1186
f 1186 1013 1271
f 1013 1298 1271
f 1271 1298 1272
f 1298 1297 1272
f 1272 1297 1279
f 1297 1296 1279
f 1279 1296 1280
f 1296 1294 1280
f 1280 1294 1281
f 1294 1293 1281
f 1281 1293 994
f 1293 1287 994
f 994 1287 995
f 1287 1288 995
f 995 1288 997
f 1288 1289 997
f 997 1289 998
f 1289 1290 998
f 998 1290 1274
f 1290 1291 1274
f 1274 1291 1275
f 1291 1292 1275
f 1275 1292 1276
f 1292 1079 1276
f 1276 1079 1277
f 1079 1082 1277
f 1099 1030 1097
f 1030 1032 1097
f 1097 1032 1228
f 1032 1215 1228
f 1228 1215 1227
f 1215 1216 1227
f 1227 1216 1226
f 1216 1217 1226
f 1226 1217 1133
f 1217 1218 1133
f 1133 1218 1224
f 1218 1219 1224
f 1224 1219 1144
f 1219 1220 1144
f 1144 1220 1143
f 1220 1009 1143
f 1143 1009 1151
f 1009 1008 1151
f 1151 1008 1225
f 1008 1282 1225
f 1225 1282 1234
f 1282 1284 1234
f 1234 1284 1245
f 1284 1286 1245
f 1245 1286 1246
f 1286 993 1246
f 1246 993 1256
f 993 1295 1256
f 1256 1295 1255
f 1295 1005 1255
f 1255 1005 1254
f 1005 1007 1254
f 1254 1007 1253
f 1007 1013 1253
f 1253 1013 1181
f 1013 1012 1181
f 1181 1012 1179
f 1299 1300 1301
f 1302 1303 1304
f 1305 1306 1307
f 1308 1309 1310
f 1311 1312 1313
f 1314 1315 1316
f 1317 1318 1319
f 1075 1074 1320
f 1081 1080 1321
f 1030 1099 1322
f 1323 1324 1325
f 1326 1327 1324
f 1327 1328 1324
f 1324 1328 1325
f 1329 1330 1326
f 1330 1331 1326
f 1326 1331 1327
f 1332 1333 1329
f 1333 1334 1329
f 1329 1334 1330
f 1335 1336 1337
f 1336 1338 1337
f 1337 1338 1332
f 1338 1339 1332
f 1332 1339 1333
f 1340 1341 1335
f 1028 1027 1342
f 1027 1103 1342
f 1342 1103 1202
f 1341 1340 1343
f 1098 1102 1344
f 1102 1345 1344
f 1344 1345 1100
f 1030 1322 1094
f 1346 1093 1347
f 1093 1096 1347
f 1347 1096 1348
f 1084 1349 1350
f 1349 1091 1350
f 1351 1078 1352
f 1078 1353 1352
f 1353 1089 1352
f 1089 1354 1352
f 1352 1354 1086
f 1073 1072 1355
f 1072 1277 1355
f 1355 1277 1082
f 1075 1320 1076
f 1356 1069 1357
f 1069 1034 1357
f 1357 1034 1320
f 1034 1033 1320
f 1320 1033 1076
f 1302 1358 1036
f 1067 1303 1065
f 1303 1302 1065
f 1065 1302 1359
f 1302 1036 1359
f 1059 1064 1360
f 1064 1063 1360
f 1360 1063 1061
f 1361 1362 1363
f 1362 1364 1363
f 1058 1363 1365
f 1363 1364 1365
f 1365 1364 1054
f 1366 1367 1368
f 1367 1369 1368
f 1368 1369 1370
f 1371 1372 1373
f 1374 1375 1376
f 1375 1377 1376
f 1378 1379 1380
f 1379 1377 1380
f 1380 1377 1381
f 1377 1375 1381
f 1381 1375 1382
f 1318 1383 1319
f 1383 1384 1319
f 1319 1384 1380
f 1384 1385 1380
f 1380 1385 1378
f 1386 1387 1388
f 1387 1389 1388
f 1388 1389 1390
f 1391 1392 1393
f 1392 1394 1393
f 1393 1394 1395
f 1315 1396 1316
f 1396 1397 1316
f 1316 1397 1398
f 1399 1400 1401
f 1400 1402 1401
f 1401 1402 1313
f 1312 1403 1313
f 1403 1404 1313
f 1313 1404 1401
f 1404 1405 1401
f 1401 1405 1399
f 1406 1407 1408
f 1407 1409 1408
f 1408 1409 1410
f 1411 1412 1413
f 1412 1414 1413
f 1415 1416 1417
f 1418 1419 1416
f 1419 1420 1416
f 1416 1420 1417
f 1421 1422 1423
f 1422 1424 1423
f 1425 1426 1427
f 1425 1428 1426
f 1428 1429 1426
f 1426 1429 1430
f 1431 1432 1433
f 1434 1435 1433
f 1435 1436 1433
f 1433 1436 1431
f 1437 1438 1439
f 1438 1440 1439
f 1439 1440 1434
f 1440 1441 1434
f 1434 1441 1435
f 1437 1439 1442
f 1439 1443 1442
f 1442 1443 1444
f 1443 1445 1444
f 1444 1445 1446
f 1325 1447 1323
f 1447 1448 1323
f 1323 1448 1445
f 1448 1449 1445
f 1445 1449 1446
f 1374 1450 1375
f 1450 1371 1375
f 1375 1371 1382
f 1371 1373 1382
f 1382 1373 1368
f 1373 1372 1368
f 1368 1372 1366
f 1061 1358 1360
f 1358 1451 1360
f 1360 1451 1452
f 1451 1453 1452
f 1452 1453 1454
f 1453 1455 1454
f 1454 1455 1456
f 1455 1457 1456
f 1456 1457 1458
f 1358 1302 1451
f 1302 1304 1451
f 1451 1304 1453
f 1304 1459 1453
f 1453 1459 1455
f 1459 1460 1455
f 1455 1460 1457
f 1074 1073 1320
f 1073 1355 1320
f 1320 1355 1357
f 1355 1461 1357
f 1357 1461 1462
f 1461 1463 1462
f 1462 1463 1464
f 1465 1466 1347
f 1466 1350 1347
f 1347 1350 1090
f 1350 1091 1090
f 1465 1467 1466
f 1467 1351 1466
f 1466 1351 1350
f 1351 1352 1350
f 1350 1352 1084
f 1352 1086 1084
f 1468 1469 1470
f 1469 1471 1470
f 1470 1471 1472
f 1471 1473 1472
f 1472 1473 1474
f 1475 1468 1476
f 1468 1470 1476
f 1476 1470 1477
f 1470 1472 1477
f 1477 1472 1478
f 1472 1474 1478
f 1478 1474 1479
f 1474 1467 1479
f 1479 1467 1480
f 1467 1465 1480
f 1480 1465 1322
f 1465 1347 1322
f 1322 1347 1094
f 1347 1348 1094
f 1099 1098 1322
f 1098 1344 1322
f 1322 1344 1480
f 1344 1481 1480
f 1480 1481 1479
f 1481 1482 1479
f 1479 1482 1478
f 1482 1483 1478
f 1478 1483 1477
f 1483 1484 1477
f 1477 1484 1476
f 1484 1485 1476
f 1476 1485 1475
f 1485 1486 1475
f 1329 1487 1332
f 1487 1488 1332
f 1332 1488 1337
f 1488 1489 1337
f 1337 1489 1342
f 1335 1337 1340
f 1337 1342 1340
f 1340 1342 1343
f 1342 1202 1343
f 1343 1202 1203
f 1309 1418 1310
f 1418 1416 1310
f 1310 1416 1490
f 1416 1415 1490
f 1490 1415 1491
f 1492 1493 1494
f 1417 1411 1415
f 1411 1413 1415
f 1415 1413 1491
f 1413 1495 1491
f 1491 1495 1494
f 1495 1496 1494
f 1494 1496 1492
f 1493 1497 1494
f 1497 1498 1494
f 1494 1498 1491
f 1498 1499 1491
f 1491 1499 1490
f 1499 1500 1490
f 1490 1500 1310
f 1500 1423 1310
f 1310 1423 1308
f 1423 1424 1308
f 1432 1428 1433
f 1428 1425 1433
f 1433 1425 1434
f 1425 1501 1434
f 1434 1501 1439
f 1501 1502 1439
f 1439 1502 1443
f 1502 1503 1443
f 1443 1503 1445
f 1503 1504 1445
f 1445 1504 1323
f 1504 1301 1323
f 1323 1301 1324
f 1301 1300 1324
f 1324 1300 1326
f 1100 1028 1344
f 1028 1342 1344
f 1344 1342 1481
f 1342 1489 1481
f 1481 1489 1482
f 1489 1488 1482
f 1482 1488 1483
f 1488 1487 1483
f 1483 1487 1484
f 1487 1329 1484
f 1484 1329 1485
f 1329 1326 1485
f 1485 1326 1486
f 1326 1300 1486
f 1486 1300 1475
f 1300 1299 1475
f 1427 1305 1425
f 1305 1307 1425
f 1425 1307 1501
f 1307 1505 1501
f 1501 1505 1502
f 1505 1506 1502
f 1502 1506 1503
f 1506 1507 1503
f 1503 1507 1504
f 1507 1508 1504
f 1504 1508 1301
f 1508 1509 1301
f 1301 1509 1299
f 1509 1510 1299
f 1299 1510 1475
f 1510 1511 1475
f 1475 1511 1468
f 1511 1512 1468
f 1468 1512 1469
f 1512 1513 1469
f 1469 1513 1471
f 1513 1514 1471
f 1471 1514 1473
f 1514 1515 1473
f 1473 1515 1474
f 1515 1516 1474
f 1474 1516 1467
f 1516 1517 1467
f 1467 1517 1351
f 1518 1317 1519
f 1317 1319 1519
f 1519 1319 1520
f 1319 1380 1520
f 1520 1380 1521
f 1380 1381 1521
f 1521 1381 1522
f 1381 1382 1522
f 1522 1382 1523
f 1382 1368 1523
f 1523 1368 1363
f 1368 1370 1363
f 1363 1370 1361
f 1392 1386 1394
f 1386 1388 1394
f 1394 1388 1519
f 1388 1390 1519
f 1519 1390 1518
f 1400 1314 1402
f 1314 1316 1402
f 1402 1316 1395
f 1316 1398 1395
f 1395 1398 1393
f 1398 1524 1393
f 1393 1524 1391
f 1460 1525 1457
f 1525 1526 1457
f 1457 1526 1458
f 1526 1527 1458
f 1458 1527 1528
f 1527 1529 1528
f 1528 1529 1530
f 1529 1531 1530
f 1530 1531 1532
f 1531 1533 1532
f 1532 1533 1534
f 1533 1535 1534
f 1534 1535 1410
f 1082 1081 1355
f 1081 1321 1355
f 1355 1321 1461
f 1321 1536 1461
f 1461 1536 1463
f 1536 1537 1463
f 1463 1537 1538
f 1537 1539 1538
f 1538 1539 1540
f 1539 1541 1540
f 1540 1541 1542
f 1541 1543 1542
f 1542 1543 1544
f 1543 1545 1544
f 1544 1545 1546
f 1545 1547 1546
f 1546 1547 1492
f 1547 1548 1492
f 1492 1548 1493
f 1548 1549 1493
f 1493 1549 1497
f 1067 1356 1303
f 1356 1357 1303
f 1303 1357 1550
f 1357 1462 1550
f 1550 1462 1459
f 1462 1464 1459
f 1459 1464 1460
f 1464 1463 1460
f 1460 1463 1525
f 1463 1538 1525
f 1525 1538 1526
f 1538 1540 1526
f 1526 1540 1527
f 1540 1542 1527
f 1527 1542 1529
f 1542 1544 1529
f 1529 1544 1531
f 1544 1546 1531
f 1531 1546 1533
f 1546 1492 1533
f 1533 1492 1535
f 1492 1496 1535
f 1535 1496 1410
f 1496 1495 1410
f 1410 1495 1408
f 1495 1413 1408
f 1408 1413 1406
f 1413 1414 1406
f 1058 1059 1363
f 1059 1360 1363
f 1363 1360 1523
f 1360 1452 1523
f 1523 1452 1522
f 1452 1454 1522
f 1522 1454 1521
f 1454 1456 1521
f 1521 1456 1520
f 1456 1458 1520
f 1520 1458 1519
f 1458 1528 1519
f 1519 1528 1394
f 1528 1530 1394
f 1394 1530 1395
f 1530 1532 1395
f 1395 1532 1402
f 1532 1534 1402
f 1402 1534 1313
f 1534 1410 1313
f 1313 1410 1311
f 1410 1409 1311
f 1080 1078 1321
f 1078 1351 1321
f 1321 1351 1536
f 1351 1517 1536
f 1536 1517 1537
f 1517 1516 1537
f 1537 1516 1539
f 1516 1515 1539
f 1539 1515 1541
f 1515 1514 1541
f 1541 1514 1543
f 1514 1513 1543
f 1543 1513 1545
f 1513 1512 1545
f 1545 1512 1547
f 1512 1511 1547
f 1547 1511 1548
f 1511 1510 1548
f 1548 1510 1549
f 1510 1509 1549
f 1549 1509 1497
f 1509 1508 1497
f 1497 1508 1498
f 1508 1507 1498
f 1498 1507 1499
f 1507 1506 1499
f 1499 1506 1500
f 1506 1505 1500
f 1500 1505 1423
f 1505 1307 1423
f 1423 1307 1421
f 1307 1306 1421
f 1551 1552 1553
f 1554 1555 1556
f 1557 1558 1559
f 1560 1561 1562
f 1563 1564 1565
f 1566 1567 1568
f 1569 1570 1571
f 1572 1573 1574
f 1575 1576 1577
f 1578 1579 1580
f 1581 1582 1583
f 1440 1438 1584
f 1446 1449 1585
f 1586 1587 1588
f 1589 1590 1591
f 1592 1593 1594
f 1595 1596 1597
f 1596 1598 1597
f 1597 1598 1599
f 1600 1601 1597
f 1601 1602 1597
f 1597 1602 1595
f 1603 1604 1600
f 1604 1605 1600
f 1600 1605 1601
f 1593 1606 1594
f 1606 1607 1594
f 1594 1607 1608
f 1607 1609 1608
f 1608 1609 1610
f 1611 1612 1613
f 1612 1592 1613
f 1614 1615 1616
f 1615 1617 1616
f 1590 1618 1591
f 1618 1619 1591
f 1591 1619 1620
f 1555 1621 1556
f 1621 1622 1556
f 1556 1622 1589
f 1587 1623 1588
f 1623 1624 1588
f 1588 1624 1625
f 1626 1627 1628
f 1627 1629 1628
f 1628 1629 1630
f 1631 1632 1626
f 1633 1634 1635
f 1636 1637 1633
f 1637 1638 1633
f 1633 1638 1634
f 1639 1640 1641
f 1640 1642 1641
f 1641 1642 1643
f 1644 1343 1645
f 1343 1203 1645
f 1203 1646 1645
f 1646 1647 1645
f 1645 1647 1648
f 1649 1335 1644
f 1335 1650 1644
f 1644 1650 1343
f 1339 1651 1333
f 1651 1652 1333
f 1333 1652 1334
f 1652 1330 1334
f 1331 1653 1327
f 1653 1654 1327
f 1448 1447 1655
f 1447 1325 1655
f 1655 1325 1654
f 1325 1328 1654
f 1654 1328 1327
f 1437 1442 1656
f 1442 1444 1656
f 1440 1584 1441
f 1436 1435 1657
f 1658 1430 1429
f 1658 1429 1659
f 1429 1428 1659
f 1659 1428 1432
f 1660 1661 1662
f 1661 1663 1662
f 1664 1665 1666
f 1665 1660 1666
f 1581 1583 1667
f 1579 1668 1580
f 1668 1669 1580
f 1580 1669 1670
f 1669 1671 1670
f 1670 1671 1672
f 1671 1673 1672
f 1672 1673 1674
f 1673 1675 1674
f 1674 1675 1676
f 1677 1578 1678
f 1576 1679 1577
f 1679 1680 1577
f 1577 1680 1552
f 1680 1681 1552
f 1552 1681 1553
f 1681 1682 1553
f 1553 1682 1683
f 1684 1685 1686
f 1685 1687 1686
f 1686 1687 1688
f 1573 1689 1574
f 1689 1690 1574
f 1574 1690 1691
f 1692 1693 1694
f 1693 1695 1694
f 1694 1695 1571
f 1695 1696 1571
f 1571 1696 1569
f 1697 1698 1699
f 1699 1700 1697
f 1700 1692 1697
f 1697 1692 1701
f 1692 1694 1701
f 1701 1694 1702
f 1599 1703 1597
f 1703 1704 1597
f 1597 1704 1705
f 1706 1707 1708
f 1707 1709 1708
f 1708 1709 1710
f 1709 1711 1710
f 1710 1711 1568
f 1711 1565 1568
f 1568 1565 1566
f 1565 1564 1566
f 1702 1706 1701
f 1706 1708 1701
f 1701 1708 1697
f 1708 1710 1697
f 1697 1710 1698
f 1710 1568 1698
f 1698 1568 1712
f 1568 1567 1712
f 1592 1594 1613
f 1594 1713 1613
f 1613 1713 1714
f 1617 1611 1616
f 1611 1613 1616
f 1616 1613 1715
f 1613 1714 1715
f 1715 1714 1558
f 1716 1717 1718
f 1717 1719 1718
f 1718 1719 1720
f 1719 1721 1720
f 1720 1721 1722
f 1721 1723 1722
f 1722 1723 1724
f 1723 1725 1724
f 1724 1725 1726
f 1717 1727 1719
f 1727 1728 1719
f 1719 1728 1721
f 1728 1562 1721
f 1721 1562 1723
f 1562 1561 1723
f 1723 1561 1725
f 1558 1557 1715
f 1557 1591 1715
f 1715 1591 1616
f 1591 1620 1616
f 1616 1620 1614
f 1729 1730 1731
f 1730 1732 1731
f 1731 1732 1733
f 1732 1734 1733
f 1733 1734 1735
f 1734 1736 1735
f 1735 1736 1737
f 1736 1738 1737
f 1737 1738 1739
f 1738 1628 1739
f 1739 1628 1588
f 1628 1630 1588
f 1588 1630 1586
f 1740 1651 1741
f 1651 1339 1741
f 1741 1339 1338
f 1643 1633 1641
f 1633 1742 1641
f 1641 1742 1740
f 1742 1743 1740
f 1740 1743 1651
f 1331 1330 1653
f 1330 1652 1653
f 1653 1652 1744
f 1652 1651 1744
f 1744 1651 1745
f 1651 1743 1745
f 1745 1743 1746
f 1743 1742 1746
f 1746 1742 1747
f 1742 1633 1747
f 1747 1633 1631
f 1633 1635 1631
f 1631 1635 1632
f 1338 1649 1741
f 1649 1644 1741
f 1741 1644 1740
f 1644 1645 1740
f 1740 1645 1641
f 1645 1648 1641
f 1641 1648 1639
f 1582 1664 1583
f 1664 1666 1583
f 1583 1666 1748
f 1749 1677 1750
f 1677 1678 1750
f 1750 1678 1751
f 1678 1752 1751
f 1751 1752 1753
f 1752 1754 1753
f 1753 1754 1755
f 1578 1580 1678
f 1580 1670 1678
f 1678 1670 1752
f 1670 1672 1752
f 1752 1672 1754
f 1672 1756 1754
f 1754 1756 1755
f 1660 1662 1666
f 1662 1757 1666
f 1666 1757 1748
f 1676 1667 1674
f 1667 1583 1674
f 1674 1583 1672
f 1583 1748 1672
f 1672 1748 1756
f 1748 1757 1756
f 1756 1757 1758
f 1757 1662 1758
f 1758 1662 1659
f 1662 1663 1659
f 1659 1663 1658
f 1438 1437 1584
f 1437 1656 1584
f 1584 1656 1759
f 1656 1760 1759
f 1759 1760 1761
f 1760 1762 1761
f 1761 1762 1763
f 1444 1446 1656
f 1446 1585 1656
f 1656 1585 1760
f 1585 1764 1760
f 1760 1764 1762
f 1626 1628 1631
f 1628 1738 1631
f 1631 1738 1747
f 1738 1736 1747
f 1747 1736 1746
f 1736 1734 1746
f 1746 1734 1745
f 1734 1732 1745
f 1745 1732 1744
f 1732 1730 1744
f 1744 1730 1653
f 1730 1729 1653
f 1653 1729 1654
f 1729 1765 1654
f 1654 1765 1655
f 1589 1591 1556
f 1591 1557 1556
f 1556 1557 1554
f 1557 1559 1554
f 1554 1559 1766
f 1559 1767 1766
f 1766 1767 1768
f 1767 1769 1768
f 1768 1769 1770
f 1769 1771 1770
f 1770 1771 1772
f 1771 1773 1772
f 1772 1773 1774
f 1625 1621 1588
f 1621 1555 1588
f 1588 1555 1739
f 1555 1554 1739
f 1739 1554 1737
f 1554 1766 1737
f 1737 1766 1735
f 1766 1768 1735
f 1735 1768 1733
f 1768 1770 1733
f 1733 1770 1731
f 1770 1772 1731
f 1731 1772 1729
f 1772 1774 1729
f 1729 1774 1765
f 1449 1448 1585
f 1448 1655 1585
f 1585 1655 1764
f 1655 1765 1764
f 1764 1765 1762
f 1765 1774 1762
f 1762 1774 1763
f 1774 1773 1763
f 1763 1773 1775
f 1773 1771 1775
f 1775 1771 1716
f 1771 1769 1716
f 1716 1769 1717
f 1769 1767 1717
f 1717 1767 1727
f 1767 1559 1727
f 1727 1559 1728
f 1559 1558 1728
f 1728 1558 1562
f 1558 1714 1562
f 1562 1714 1560
f 1714 1713 1560
f 1570 1776 1571
f 1776 1777 1571
f 1571 1777 1694
f 1777 1778 1694
f 1694 1778 1702
f 1778 1779 1702
f 1702 1779 1706
f 1779 1780 1706
f 1706 1780 1707
f 1780 1781 1707
f 1707 1781 1709
f 1781 1603 1709
f 1709 1603 1711
f 1603 1600 1711
f 1711 1600 1565
f 1600 1597 1565
f 1565 1597 1563
f 1597 1705 1563
f 1687 1575 1688
f 1575 1577 1688
f 1688 1577 1782
f 1577 1552 1782
f 1782 1552 1783
f 1552 1551 1783
f 1783 1551 1784
f 1431 1436 1785
f 1436 1657 1785
f 1785 1657 1786
f 1657 1787 1786
f 1786 1787 1788
f 1787 1789 1788
f 1788 1789 1790
f 1789 1791 1790
f 1790 1791 1792
f 1791 1793 1792
f 1792 1793 1794
f 1793 1795 1794
f 1794 1795 1796
f 1795 1797 1796
f 1796 1797 1798
f 1797 1799 1798
f 1798 1799 1800
f 1799 1801 1800
f 1800 1801 1691
f 1801 1802 1691
f 1691 1802 1574
f 1802 1776 1574
f 1574 1776 1572
f 1776 1570 1572
f 1690 1684 1691
f 1684 1686 1691
f 1691 1686 1800
f 1686 1688 1800
f 1800 1688 1798
f 1688 1782 1798
f 1798 1782 1796
f 1782 1783 1796
f 1796 1783 1794
f 1783 1784 1794
f 1794 1784 1792
f 1683 1749 1553
f 1749 1750 1553
f 1553 1750 1551
f 1750 1751 1551
f 1551 1751 1784
f 1751 1753 1784
f 1784 1753 1792
f 1753 1755 1792
f 1792 1755 1790
f 1755 1756 1790
f 1790 1756 1788
f 1756 1758 1788
f 1788 1758 1786
f 1758 1659 1786
f 1786 1659 1785
f 1659 1432 1785
f 1785 1432 1431
f 1435 1441 1657
f 1441 1584 1657
f 1657 1584 1787
f 1584 1759 1787
f 1787 1759 1789
f 1759 1761 1789
f 1789 1761 1791
f 1761 1763 1791
f 1791 1763 1793
f 1763 1775 1793
f 1793 1775 1795
f 1775 1716 1795
f 1795 1716 1797
f 1716 1718 1797
f 1797 1718 1799
f 1718 1720 1799
f 1799 1720 1801
f 1720 1722 1801
f 1801 1722 1802
f 1722 1724 1802
f 1802 1724 1776
f 1724 1726 1776
f 1776 1726 1777
f 1726 1725 1777
f 1777 1725 1778
f 1725 1561 1778
f 1778 1561 1779
f 1561 1560 1779
f 1779 1560 1780
f 1560 1713 1780
f 1780 1713 1781
f 1713 1594 1781
f 1781 1594 1603
f 1594 1608 1603
f 1603 1608 1604
f 1608 1610 1604
f 1803 1804 1805
f 1806 1807 1808
f 1809 1810 1811
f 1812 1813 1814
f 1617 1615 1815
f 1116 1816 1817
f 196 194 1818
f 193 200 1819
f 1820 1821 1822
f 1823 1824 1825
f 1821 1820 1825
f 1820 1826 1825
f 1825 1826 1823
f 1827 1828 1829
f 1828 1830 1829
f 1829 1830 1831
f 274 1831 273
f 1831 1832 273
f 273 1832 217
f 1831 1830 1832
f 1830 1833 1832
f 1832 1833 217
f 220 219 1833
f 219 218 1833
f 1833 218 217
f 214 213 1834
f 213 221 1834
f 1835 212 1836
f 209 208 1837
f 208 14 1837
f 1837 14 1835
f 14 13 1835
f 1835 13 212
f 275 207 1838
f 207 205 1838
f 205 204 1838
f 1838 204 1837
f 204 1839 1837
f 1837 1839 209
f 200 203 1819
f 203 202 1819
f 1819 202 1840
f 202 1841 1840
f 1842 188 197
f 187 186 1843
f 186 185 1843
f 1843 185 184
f 1844 1845 1803
f 1845 1846 1803
f 1847 1848 1849
f 17 16 1850
f 1851 169 166
f 166 177 1851
f 177 1852 1851
f 1851 1852 1850
f 1852 174 1850
f 1850 174 17
f 161 158 1853
f 158 1854 1853
f 1854 172 1853
f 1853 172 1851
f 172 170 1851
f 1851 170 169
f 145 1855 1856
f 1855 152 1856
f 152 150 1856
f 150 154 1856
f 1856 154 156
f 1857 1858 164
f 1858 1856 164
f 164 1856 165
f 1856 156 165
f 328 327 1859
f 327 308 1859
f 308 148 1859
f 148 147 1859
f 1859 147 145
f 1860 1861 1862
f 1861 1863 1862
f 1863 140 1862
f 1862 140 1864
f 1865 132 1866
f 1867 1127 125
f 1127 1124 125
f 125 1124 123
f 1865 1866 1868
f 132 131 1866
f 131 1869 1866
f 1866 1869 1862
f 1869 136 1862
f 1862 136 1860
f 1117 1866 1118
f 1866 1870 1118
f 1118 1870 1871
f 1867 1868 1127
f 1868 1866 1127
f 1127 1866 1128
f 1866 1117 1128
f 1113 1112 1809
f 1112 1111 1809
f 1809 1111 1810
f 1872 1873 1874
f 1874 1106 1872
f 1106 1110 1872
f 1872 1110 1109
f 1640 1639 1875
f 1639 1648 1875
f 1875 1648 1872
f 1648 1647 1872
f 1872 1647 1873
f 1647 1646 1873
f 1873 1646 1874
f 1646 1203 1874
f 1638 1637 1876
f 1637 1643 1876
f 1876 1643 1877
f 1626 1878 1879
f 1878 1880 1879
f 1879 1880 1634
f 1881 1629 1882
f 1629 1883 1882
f 1587 1884 1885
f 1587 1885 1886
f 1590 1887 1888
f 1887 1622 1888
f 1622 1621 1888
f 1888 1621 1889
f 1621 1890 1889
f 1889 1890 1624
f 1615 1614 1815
f 1614 1620 1815
f 1815 1620 1619
f 1592 1612 1891
f 1612 1611 1891
f 1892 1606 1893
f 1606 1892 1607
f 1892 1894 1607
f 1607 1894 1895
f 1610 1896 1604
f 1896 1897 1604
f 1604 1897 1898
f 1897 1601 1898
f 1601 1897 1602
f 1897 1899 1602
f 1602 1899 1900
f 1814 1813 1901
f 1813 1902 1901
f 1901 1902 1903
f 1904 1905 1901
f 1901 1905 1814
f 1905 1906 1814
f 1814 1906 1812
f 1907 1908 1909
f 1908 1910 1909
f 1909 1910 1911
f 1912 1913 1914
f 1915 1916 1917
f 1916 1918 1917
f 1917 1918 1919
f 1920 1921 1922
f 1921 1923 1922
f 1922 1923 1924
f 1923 1925 1924
f 1926 1927 1928
f 1927 1929 1928
f 1928 1929 1930
f 1929 1931 1930
f 1930 1931 1932
f 1931 1933 1932
f 1932 1933 1925
f 1934 1935 1936
f 1822 1937 1820
f 1937 1938 1820
f 1820 1938 1826
f 1938 1939 1826
f 1826 1939 1934
f 1939 1940 1934
f 1934 1940 1935
f 1109 1113 1872
f 1113 1809 1872
f 1872 1809 1875
f 1809 1811 1875
f 1875 1811 1941
f 1942 1943 1876
f 1944 1945 1946
f 1945 1947 1946
f 1948 1807 1949
f 1807 1806 1949
f 1949 1806 1950
f 16 1847 1850
f 1847 1849 1850
f 1850 1849 1851
f 1849 1948 1851
f 1851 1948 1853
f 1948 1949 1853
f 1853 1949 1951
f 1949 1950 1951
f 145 1856 1859
f 1856 1952 1859
f 1859 1952 1953
f 1808 1954 1806
f 1954 1955 1806
f 1806 1955 1950
f 1955 1952 1950
f 1950 1952 1951
f 1952 1856 1951
f 1951 1856 1853
f 1856 1858 1853
f 1853 1858 161
f 1858 1857 161
f 1864 328 1862
f 328 1859 1862
f 1862 1859 1866
f 1859 1953 1866
f 1866 1953 1870
f 1816 1871 1817
f 1871 1870 1817
f 1817 1870 1956
f 1870 1953 1956
f 1956 1953 1957
f 1953 1952 1957
f 1957 1952 1958
f 1952 1955 1958
f 1958 1955 1959
f 1955 1954 1959
f 1805 1804 1960
f 1804 1961 1960
f 1960 1961 1962
f 184 1963 1843
f 1963 188 1843
f 1843 188 1964
f 188 1842 1964
f 1964 1842 1965
f 1842 1966 1965
f 1965 1966 1967
f 194 193 1818
f 193 1819 1818
f 1818 1819 1968
f 1819 1840 1968
f 1968 1840 1969
f 1840 1970 1969
f 1969 1970 1971
f 1970 1972 1971
f 1841 275 1840
f 275 1838 1840
f 1840 1838 1970
f 1838 1837 1970
f 1970 1837 1972
f 1837 1835 1972
f 1972 1835 1834
f 1835 1836 1834
f 1834 1836 214
f 1921 1973 1923
f 1973 1974 1923
f 1923 1974 1975
f 1976 1944 1962
f 1944 1946 1962
f 1962 1946 1960
f 1946 1947 1960
f 1960 1947 1805
f 1961 1977 1962
f 1977 1978 1962
f 1962 1978 1976
f 1978 1979 1976
f 1976 1979 1980
f 1979 1981 1980
f 1846 187 1803
f 187 1843 1803
f 1803 1843 1804
f 1843 1964 1804
f 1804 1964 1961
f 1964 1965 1961
f 1961 1965 1977
f 1965 1967 1977
f 1977 1967 1978
f 1967 1982 1978
f 1978 1982 1979
f 1982 1983 1979
f 1979 1983 1981
f 1932 1984 1930
f 1984 1985 1930
f 1930 1985 1928
f 1985 1986 1928
f 1928 1986 1987
f 1925 1923 1932
f 1923 1975 1932
f 1932 1975 1984
f 1975 1988 1984
f 1984 1988 1985
f 1988 1989 1985
f 1985 1989 1986
f 1989 1990 1986
f 1986 1990 1987
f 1827 1824 1828
f 1824 1823 1828
f 1828 1823 1830
f 1823 1826 1830
f 1830 1826 1987
f 1826 1934 1987
f 1987 1934 1928
f 1934 1936 1928
f 1928 1936 1926
f 1907 1909 1991
f 1909 1992 1991
f 1991 1992 1993
f 1911 1904 1909
f 1904 1901 1909
f 1909 1901 1992
f 1901 1994 1992
f 1992 1994 1993
f 1994 1995 1993
f 1996 1997 1998
f 1997 1999 1998
f 1998 1999 2000
f 1999 2001 2000
f 2000 2001 2002
f 2001 1912 2002
f 2002 1912 2003
f 1912 1914 2003
f 1997 2004 1999
f 2004 2005 1999
f 1999 2005 2001
f 2005 1917 2001
f 2001 1917 1912
f 1917 1919 1912
f 1912 1919 1913
f 1610 1895 1896
f 1895 1894 1896
f 1896 1894 1897
f 1894 2006 1897
f 1897 2006 1899
f 1892 2007 1894
f 2007 1995 1894
f 1894 1995 2006
f 1995 1994 2006
f 2006 1994 1899
f 1994 1901 1899
f 1899 1901 1900
f 1901 1903 1900
f 1900 1903 1596
f 1903 1598 1596
f 1611 1617 1891
f 1617 1815 1891
f 1891 1815 2008
f 1815 1619 2008
f 2008 1619 1888
f 1619 1618 1888
f 1888 1618 1590
f 1893 1592 1892
f 1592 1891 1892
f 1892 1891 2007
f 1891 2008 2007
f 2007 2008 2009
f 2008 1888 2009
f 2009 1888 2010
f 1888 1889 2010
f 2010 2011 2009
f 2011 1996 2009
f 2009 1996 2007
f 1996 1998 2007
f 2007 1998 1995
f 1998 2000 1995
f 1995 2000 1993
f 2000 2002 1993
f 1993 2002 1991
f 2002 2003 1991
f 1991 2003 1907
f 2012 2013 2014
f 2013 2015 2014
f 2014 2015 2016
f 2015 2017 2016
f 2018 2019 2020
f 2019 2021 2020
f 2020 2021 2022
f 2021 2023 2022
f 2022 2023 2024
f 2023 1882 2024
f 2024 1882 1879
f 1882 1883 1879
f 1879 1883 1626
f 2025 2026 2027
f 1943 1942 2028
f 1942 2029 2028
f 2028 2029 2030
f 2029 2031 2030
f 2030 2031 2032
f 2031 2025 2032
f 2032 2025 2012
f 2025 2027 2012
f 2012 2027 2013
f 2033 2034 2035
f 2034 2036 2035
f 2035 2036 2037
f 2036 2038 2037
f 2037 2038 2039
f 2038 2040 2039
f 1111 1114 1810
f 1114 1116 1810
f 1810 1116 1811
f 1116 1817 1811
f 1811 1817 1941
f 1817 1956 1941
f 1941 1956 2041
f 1956 1957 2041
f 2041 1957 2042
f 1957 1958 2042
f 2042 1958 2043
f 1958 1959 2043
f 2043 1959 2044
f 1959 1954 2044
f 2044 1954 2045
f 1954 1808 2045
f 2045 1808 1945
f 1808 1807 1945
f 1945 1807 1947
f 1807 1948 1947
f 1947 1948 1805
f 1948 1849 1805
f 1805 1849 1803
f 1849 1848 1803
f 1803 1848 1844
f 2026 2033 2027
f 2033 2035 2027
f 2027 2035 2013
f 2035 2037 2013
f 2013 2037 2015
f 2037 2039 2015
f 2015 2039 2017
f 2039 2040 2017
f 2018 2046 2019
f 2046 2047 2019
f 2019 2047 2021
f 2047 2048 2021
f 2021 2048 2023
f 2048 1885 2023
f 2023 1885 1882
f 1885 1884 1882
f 1882 1884 1881
f 1624 1886 1889
f 1886 1885 1889
f 1889 1885 2010
f 1885 2048 2010
f 2010 2048 2011
f 2048 2047 2011
f 2011 2047 1996
f 2047 2046 1996
f 1996 2046 1997
f 2046 2049 1997
f 1997 2049 2004
f 2049 1974 2004
f 2004 1974 2005
f 1974 1973 2005
f 2005 1973 1917
f 1973 1921 1917
f 1917 1921 1915
f 1921 1920 1915
f 220 1833 221
f 1833 1830 221
f 221 1830 1834
f 1830 1987 1834
f 1834 1987 1972
f 1987 1990 1972
f 1972 1990 1971
f 1990 1989 1971
f 1971 1989 2050
f 1989 1988 2050
f 2050 1988 2040
f 1988 1975 2040
f 2040 1975 2017
f 1975 1974 2017
f 2017 1974 2016
f 1974 2049 2016
f 2016 2049 2014
f 2049 2046 2014
f 2014 2046 2012
f 2046 2018 2012
f 2012 2018 2032
f 2018 2020 2032
f 2032 2020 2030
f 2020 2022 2030
f 2030 2022 2028
f 2022 2024 2028
f 2028 2024 1943
f 2024 1879 1943
f 1943 1879 1876
f 1879 1634 1876
f 1876 1634 1638
f 197 196 1842
f 196 1818 1842
f 1842 1818 1966
f 1818 1968 1966
f 1966 1968 1967
f 1968 1969 1967
f 1967 1969 1982
f 1969 1971 1982
f 1982 1971 1983
f 1971 2050 1983
f 1983 2050 1981
f 2050 2040 1981
f 1981 2040 1980
f 2040 2038 1980
f 1980 2038 1976
f 2038 2036 1976
f 1976 2036 1944
f 2036 2034 1944
f 1944 2034 1945
f 2034 2033 1945
f 1945 2033 2045
f 2033 2026 2045
f 2045 2026 2044
f 2026 2025 2044
f 2044 2025 2043
f 2025 2031 2043
f 2043 2031 2042
f 2031 2029 2042
f 2042 2029 2041
f 2029 1942 2041
f 2041 1942 1941
f 1942 1876 1941
f 1941 1876 1875
f 1876 1877 1875
f 1875 1877 1640
f 2051 2052 441
f 2053 1822 1821
f 2053 1821 2054
f 1825 2055 1821
f 2055 2056 1821
f 1821 2056 2054
f 430 1824 1827
f 1827 1829 430
f 1829 1831 430
f 430 1831 274
f 1825 1824 2055
f 1824 430 2055
f 2055 430 2057
f 430 447 2057
f 2057 447 2058
f 447 2059 2058
f 2060 2061 445
f 2061 2062 445
f 2062 2063 445
f 2063 2064 445
f 445 2064 447
f 2064 2065 447
f 447 2065 2059
f 2060 445 2066
f 445 443 2066
f 2066 443 2067
f 2052 2068 441
f 2068 2069 441
f 441 2069 443
f 2069 2070 443
f 443 2070 2067
f 2051 441 2071
f 441 2072 2071
f 2071 2072 2073
f 437 2074 2075
f 2075 2076 437
f 2076 2077 437
f 437 2077 439
f 2077 2078 439
f 439 2078 2073
f 2079 2080 435
f 2080 2081 435
f 435 2081 437
f 2081 2082 437
f 437 2082 2074
f 2079 435 2083
f 435 434 2083
f 2083 434 2084
f 2085 2086 433
f 2086 2087 433
f 433 2087 434
f 2087 2088 434
f 434 2088 2084
f 2089 2090 982
f 970 969 2091
f 2092 966 2093
f 966 970 2093
f 2093 970 2094
f 970 2091 2094
f 2092 2095 966
f 2095 2096 966
f 966 2096 967
f 2096 2097 967
f 967 2097 433
f 2097 2098 433
f 433 2098 2085
f 2099 2100 972
f 2100 2101 972
f 972 2101 973
f 2101 2102 973
f 2102 2103 973
f 973 2103 969
f 2103 2104 969
f 969 2104 2091
f 975 2105 2106
f 2105 2107 2106
f 2106 2107 972
f 2107 2108 972
f 972 2108 2099
f 2109 2110 979
f 2110 2111 979
f 979 2111 980
f 2111 2112 980
f 2112 2113 980
f 980 2113 975
f 2113 2114 975
f 975 2114 2105
f 982 2090 983
f 2090 2115 983
f 983 2115 979
f 2115 2116 979
f 979 2116 2109
f 985 2117 986
f 2117 2118 986
f 986 2118 982
f 2118 2119 982
f 982 2119 2089
f 2120 2121 988
f 2121 2122 988
f 988 2122 989
f 2122 2123 989
f 989 2123 985
f 2123 2124 985
f 985 2124 2117
f 800 1164 964
f 1164 1165 964
f 964 1165 1168
f 1168 1167 964
f 1167 2125 964
f 964 2125 987
f 2125 2126 987
f 987 2126 988
f 2126 2127 988
f 988 2127 2120
f 2128 1016 2129
f 1016 1261 2129
f 1167 1014 2125
f 1014 1016 2125
f 2125 1016 2130
f 1016 2128 2130
f 2131 2132 2133
f 2134 2135 2136
f 2137 2138 2139
f 2134 2136 2140
f 2136 2137 2140
f 2140 2137 2141
f 2137 2139 2141
f 2141 2139 2142
f 2143 2144 2137
f 2144 2145 2137
f 2137 2145 2138
f 2146 2147 2143
f 2147 2148 2143
f 2143 2148 2144
f 2149 2150 2151
f 2150 2152 2151
f 2151 2152 2153
f 2152 2154 2153
f 2153 2154 2155
f 2133 2132 2151
f 2132 2156 2151
f 2151 2156 2149
f 2157 2158 2159
f 2159 2160 2161
f 2160 2162 2161
f 2161 2162 2133
f 2162 2163 2133
f 2133 2163 2131
f 2164 2165 2157
f 2165 2166 2157
f 2157 2166 2158
f 2167 2168 2164
f 2168 2169 2164
f 2164 2169 2165
f 2170 2171 2172
f 2171 2167 2172
f 2173 2174 2172
f 2174 2175 2172
f 2172 2175 2170
f 2176 2177 2178
f 2179 2180 2173
f 2180 2181 2173
f 2173 2181 2174
f 2182 2183 2184
f 2182 2184 2176
f 2184 2185 2176
f 2176 2185 2177
f 2186 2187 2188
f 2187 2189 2188
f 2188 2189 2182
f 2189 2190 2182
f 2182 2190 2183
f 2186 2188 2191
f 2188 2192 2191
f 2191 2192 2193
f 2194 2195 2196
f 2196 2197 2198
f 2197 2199 2198
f 2198 2199 2200
f 2164 2201 2202
f 2167 2164 2172
f 2164 2202 2172
f 2172 2202 2203
f 2178 2173 2176
f 2173 2204 2176
f 2176 2204 2205
f 2203 2206 2172
f 2206 2207 2172
f 2172 2207 2173
f 2207 2208 2173
f 2173 2208 2204
f 2209 2198 2192
f 2198 2200 2192
f 2192 2200 2193
f 2210 2211 2188
f 2211 2212 2188
f 2188 2212 2192
f 2212 2213 2192
f 2192 2213 2209
f 2205 2214 2176
f 2214 2215 2176
f 2176 2215 2182
f 2215 2216 2182
f 2216 2217 2182
f 2217 2218 2182
f 2182 2218 2188
f 2218 2219 2188
f 2188 2219 2210
f 2220 2221 2143
f 2221 2153 2143
f 2143 2153 2146
f 2153 2155 2146
f 2136 2222 2137
f 2222 2223 2137
f 2137 2223 2143
f 2223 2224 2143
f 2143 2224 2220
f 2225 2133 2226
f 2133 2151 2226
f 2226 2151 2227
f 2151 2228 2227
f 2159 2161 2157
f 2161 2229 2157
f 2157 2229 2230
f 2225 2231 2133
f 2231 2232 2133
f 2133 2232 2161
f 2232 2233 2161
f 2161 2233 2229
f 2221 2234 2153
f 2234 2235 2153
f 2153 2235 2151
f 2235 2236 2151
f 2151 2236 2228
f 2209 2237 2198
f 2237 2238 2198
f 2198 2238 2239
f 2194 2196 2240
f 2196 2198 2240
f 2240 2198 2240
f 2198 2239 2240
f 2240 2239 2241
f 2230 2242 2157
f 2242 2243 2157
f 2157 2243 2164
f 2243 2244 2164
f 2164 2244 2201
f 2245 2246 2247
f 2248 2249 2250
f 2251 2252 2253
f 2254 2135 2255
f 2256 2257 2258
f 2141 2142 2259
f 2256 2258 2259
f 2260 2254 2258
f 2254 2255 2258
f 2258 2255 2259
f 2255 2140 2259
f 2259 2140 2141
f 2261 2262 2263
f 2261 2263 2258
f 2263 2264 2258
f 2258 2264 2260
f 2265 2266 2267
f 2266 2268 2267
f 2267 2268 2261
f 2268 2269 2261
f 2261 2269 2262
f 2265 2267 2270
f 2267 2247 2270
f 2270 2247 2271
f 2272 2273 2274
f 2273 2275 2274
f 2275 2276 2274
f 2274 2276 2247
f 2276 2277 2247
f 2247 2277 2271
f 2278 2279 2250
f 2279 2280 2250
f 2250 2280 2272
f 2252 2281 2278
f 2281 2282 2278
f 2278 2282 2279
f 2283 2284 2285
f 2284 2286 2285
f 2285 2286 2253
f 2286 2287 2253
f 2253 2287 2251
f 2288 2289 2290
f 2289 2291 2290
f 2290 2291 2292
f 2291 2293 2292
f 2294 2295 2296
f 2293 2291 2297
f 2291 2294 2297
f 2297 2294 2298
f 2294 2296 2298
f 2298 2296 2299
f 2299 2296 2300
f 2296 2301 2300
f 2300 2301 2302
f 2301 2303 2302
f 2302 2303 2304
f 2303 2305 2304
f 2304 2305 2306
f 2305 2307 2306
f 2306 2307 2308
f 2307 2309 2308
f 2309 2310 2308
f 2308 2310 2311
f 2310 2312 2311
f 2311 2312 2313
f 2312 2314 2313
f 2313 2314 2315
f 2314 2316 2315
f 2315 2316 2317
f 2316 2318 2317
f 2317 2318 2319
f 2318 2320 2319
f 2319 2320 2321
f 2278 2322 2323
f 2252 2278 2253
f 2278 2323 2253
f 2253 2323 2324
f 2272 2274 2250
f 2274 2325 2250
f 2250 2325 2248
f 2249 2326 2250
f 2326 2327 2250
f 2250 2327 2278
f 2327 2328 2278
f 2278 2328 2322
f 2246 2329 2247
f 2329 2330 2247
f 2247 2330 2274
f 2330 2331 2274
f 2274 2331 2325
f 2245 2247 2332
f 2247 2267 2332
f 2332 2267 2333
f 2334 2261 2335
f 2261 2258 2335
f 2335 2258 2336
f 2258 2257 2336
f 2334 2337 2261
f 2337 2338 2261
f 2261 2338 2267
f 2338 2339 2267
f 2267 2339 2333
f 2340 2341 2285
f 2341 2342 2285
f 2342 2343 2285
f 2343 2289 2285
f 2285 2289 2283
f 2289 2288 2283
f 2344 2291 2345
f 2291 2289 2345
f 2345 2289 2346
f 2289 2343 2346
f 2344 2347 2291
f 2347 2348 2291
f 2291 2348 2294
f 2348 2349 2294
f 2294 2349 2295
f 2324 2350 2253
f 2350 2351 2253
f 2253 2351 2285
f 2351 2352 2285
f 2285 2352 2340
f 2353 2354 2355
f 2356 2357 2358
f 2359 2360 2361
f 2362 2363 2364
f 2365 2366 2367
f 2368 2369 2370
f 2370 2371 2372
f 2355 2373 2374
f 2375 2376 2377
f 2376 2378 2377
f 2377 2378 2355
f 2378 2379 2355
f 2355 2379 2373
f 2375 2377 2380
f 2377 2358 2380
f 2380 2358 2381
f 2382 2383 2384
f 2384 2385 2358
f 2385 2386 2358
f 2358 2386 2381
f 2387 2388 2382
f 2388 2389 2382
f 2382 2389 2383
f 2390 2391 2387
f 2391 2392 2387
f 2387 2392 2388
f 2366 2393 2367
f 2393 2394 2367
f 2367 2394 2395
f 2394 2396 2395
f 2395 2396 2397
f 2398 2399 2400
f 2399 2365 2400
f 2401 2402 2400
f 2402 2403 2400
f 2400 2403 2398
f 2404 2405 2401
f 2405 2406 2401
f 2401 2406 2402
f 2362 2364 2407
f 2364 2408 2407
f 2407 2408 2409
f 2409 2408 2410
f 2408 2411 2410
f 2410 2411 2412
f 2360 2413 2361
f 2413 2414 2361
f 2361 2414 2411
f 2414 2415 2411
f 2411 2415 2412
f 2416 2417 2418
f 2417 2359 2418
f 2368 2419 2420
f 2368 2420 2418
f 2420 2421 2418
f 2418 2421 2416
f 2370 2372 2368
f 2372 2422 2368
f 2368 2422 2423
f 2423 2424 2368
f 2424 2425 2368
f 2368 2425 2419
f 2367 2426 2427
f 2365 2367 2400
f 2367 2427 2400
f 2400 2427 2428
f 2387 2429 2430
f 2430 2431 2387
f 2431 2395 2387
f 2387 2395 2390
f 2395 2397 2390
f 2431 2432 2395
f 2432 2433 2395
f 2395 2433 2367
f 2433 2434 2367
f 2367 2434 2426
f 2384 2358 2382
f 2358 2357 2382
f 2382 2357 2435
f 2435 2436 2382
f 2436 2437 2382
f 2382 2437 2387
f 2437 2438 2387
f 2387 2438 2429
f 2439 2440 2355
f 2440 2441 2355
f 2355 2441 2377
f 2441 2442 2377
f 2377 2442 2358
f 2442 2443 2358
f 2358 2443 2356
f 2240 2241 2353
f 2240 2353 2240
f 2353 2355 2240
f 2240 2355 2194
f 2355 2374 2194
f 2194 2374 2195
f 2359 2361 2418
f 2361 2444 2418
f 2418 2444 2445
f 2445 2446 2418
f 2446 2447 2418
f 2418 2447 2368
f 2447 2448 2368
f 2368 2448 2369
f 2449 2450 2411
f 2450 2451 2411
f 2411 2451 2361
f 2451 2452 2361
f 2361 2452 2444
f 2453 2454 2401
f 2454 2364 2401
f 2401 2364 2404
f 2364 2363 2404
f 2454 2455 2364
f 2455 2456 2364
f 2364 2456 2408
f 2456 2457 2408
f 2457 2458 2408
f 2458 2459 2408
f 2408 2459 2411
f 2459 2460 2411
f 2411 2460 2449
f 2428 2461 2400
f 2461 2462 2400
f 2400 2462 2401
f 2462 2463 2401
f 2401 2463 2453
f 2422 2464 2465
f 2466 2467 2468
f 2469 2470 2471
f 2470 2472 2471
f 2321 2320 2473
f 2320 2474 2473
f 2473 2474 2475
f 2474 2476 2475
f 2475 2476 2477
f 2476 2478 2477
f 2477 2478 2479
f 2478 2480 2479
f 2479 2480 2481
f 2480 2482 2481
f 2481 2482 2483
f 2482 2484 2483
f 2483 2484 2469
f 2484 2485 2469
f 2469 2485 2470
f 2486 2487 2488
f 2487 2489 2488
f 2488 2489 2472
f 2489 2490 2472
f 2472 2490 2471
f 2491 2492 2487
f 2492 2493 2487
f 2493 2494 2487
f 2494 2495 2487
f 2487 2495 2489
f 2496 2497 2491
f 2497 2498 2491
f 2491 2498 2492
f 2499 2500 2501
f 2500 2502 2501
f 2501 2502 2503
f 2502 2504 2503
f 2504 2502 2505
f 2502 2506 2505
f 2505 2506 2507
f 2508 2509 2506
f 2509 2510 2506
f 2506 2510 2507
f 2511 2512 2508
f 2512 2513 2508
f 2513 2514 2508
f 2514 2515 2508
f 2508 2515 2509
f 2516 2517 2511
f 2517 2518 2511
f 2511 2518 2512
f 2519 2520 2516
f 2520 2521 2516
f 2516 2521 2517
f 2467 2522 2523
f 2522 2524 2523
f 2523 2524 2519
f 2525 2526 2527
f 2526 2528 2527
f 2527 2528 2468
f 2528 2529 2468
f 2468 2529 2466
f 2530 2531 2465
f 2531 2525 2465
f 2530 2465 2532
f 2465 2464 2532
f 2532 2464 2371
f 2527 2533 2534
f 2525 2527 2465
f 2527 2534 2465
f 2465 2534 2535
f 2424 2423 2536
f 2423 2422 2536
f 2536 2422 2537
f 2422 2465 2537
f 2537 2465 2538
f 2465 2535 2538
f 2539 2540 2502
f 2540 2541 2502
f 2502 2541 2506
f 2541 2542 2506
f 2506 2542 2543
f 2544 2545 2491
f 2545 2500 2491
f 2491 2500 2496
f 2500 2499 2496
f 2545 2546 2500
f 2546 2547 2500
f 2500 2547 2502
f 2547 2548 2502
f 2502 2548 2539
f 2486 2549 2487
f 2549 2550 2487
f 2487 2550 2491
f 2550 2551 2491
f 2491 2551 2544
f 2552 2553 2468
f 2553 2554 2468
f 2468 2554 2527
f 2554 2555 2527
f 2527 2555 2533
f 2467 2523 2468
f 2523 2556 2468
f 2468 2556 2552
f 2519 2516 2523
f 2516 2557 2523
f 2523 2557 2558
f 2558 2559 2523
f 2559 2560 2523
f 2523 2560 2556
f 2561 2562 2508
f 2562 2563 2508
f 2508 2563 2511
f 2563 2564 2511
f 2511 2564 2565
f 2565 2566 2511
f 2566 2567 2511
f 2511 2567 2516
f 2567 2568 2516
f 2516 2568 2557
f 2543 2569 2506
f 2569 2570 2506
f 2506 2570 2508
f 2570 2571 2508
f 2508 2571 2561
f 2572 2573 2574
f 2575 2576 2574
f 2575 2574 2577
f 2578 2577 2574
f 2579 2578 2574
f 2580 2579 2574
f 2581 2580 2574
f 2582 2581 2574
f 2583 2582 2574
f 2584 2583 2574
f 2585 2584 2574
f 2586 2585 2574
f 2587 2586 2574
f 2588 2587 2574
f 2589 2588 2574
f 2590 2589 2574
f 2591 2590 2574
f 2592 2591 2574
f 2593 2592 2574
f 2594 2593 2574
f 2280 2279 2595
f 2304 2306 2596
f 2498 2497 2597
f 2466 2529 2598
f 2254 2260 2599
f 2135 2254 2600
f 2254 2599 2600
f 2600 2599 2601
f 2602 2603 2604
f 2603 2605 2604
f 2606 2607 2608
f 2607 2609 2608
f 2610 2611 2612
f 2613 2614 2615
f 2614 2616 2615
f 2617 2618 2619
f 2618 2620 2619
f 2619 2620 2621
f 2622 2623 2624
f 2623 2574 2624
f 2594 2574 2623
f 2625 2626 2573
f 2626 2627 2573
f 2627 2628 2573
f 2628 2574 2573
f 2576 2572 2574
f 2629 2630 2631
f 2630 2632 2631
f 2632 2633 2634
f 2633 2635 2634
f 2634 2635 2625
f 2636 2637 2638
f 2637 2639 2638
f 2638 2639 2629
f 2640 2641 2642
f 2641 2636 2642
f 2643 2644 2645
f 2644 2646 2645
f 2645 2646 2640
f 2647 2648 2649
f 2648 2643 2649
f 2371 2647 2532
f 2647 2649 2532
f 2532 2649 2530
f 2649 2531 2530
f 2529 2528 2598
f 2528 2526 2598
f 2598 2526 2649
f 2526 2525 2649
f 2649 2525 2531
f 2519 2524 2650
f 2524 2522 2650
f 2650 2522 2598
f 2522 2467 2598
f 2598 2467 2466
f 2519 2650 2520
f 2650 2651 2520
f 2520 2651 2521
f 2652 2514 2653
f 2514 2513 2653
f 2513 2512 2653
f 2512 2518 2653
f 2653 2518 2651
f 2518 2517 2651
f 2651 2517 2521
f 2652 2653 2509
f 2653 2654 2509
f 2509 2654 2510
f 2503 2504 2655
f 2504 2505 2655
f 2655 2505 2654
f 2505 2507 2654
f 2654 2507 2510
f 2497 2496 2597
f 2496 2499 2597
f 2597 2499 2655
f 2499 2501 2655
f 2655 2501 2503
f 2495 2494 2656
f 2494 2493 2656
f 2656 2493 2597
f 2493 2657 2597
f 2597 2657 2498
f 2495 2656 2489
f 2656 2658 2489
f 2489 2658 2490
f 2659 2479 2481
f 2481 2483 2659
f 2483 2469 2659
f 2659 2469 2658
f 2469 2471 2658
f 2658 2471 2490
f 2321 2473 2660
f 2473 2475 2660
f 2660 2475 2659
f 2475 2477 2659
f 2659 2477 2479
f 2315 2317 2661
f 2661 2317 2660
f 2317 2319 2660
f 2660 2319 2321
f 2306 2308 2596
f 2308 2311 2596
f 2596 2311 2661
f 2311 2313 2661
f 2661 2313 2315
f 2662 2299 2300
f 2662 2300 2596
f 2300 2302 2596
f 2596 2302 2304
f 2663 2290 2292
f 2292 2293 2663
f 2293 2297 2663
f 2663 2297 2662
f 2297 2298 2662
f 2662 2298 2299
f 2290 2663 2288
f 2663 2664 2288
f 2288 2664 2283
f 2251 2287 2665
f 2287 2286 2665
f 2665 2286 2664
f 2286 2284 2664
f 2664 2284 2283
f 2666 2282 2595
f 2282 2281 2595
f 2595 2281 2665
f 2281 2252 2665
f 2665 2252 2251
f 2276 2275 2667
f 2275 2273 2667
f 2667 2273 2595
f 2273 2272 2595
f 2595 2272 2280
f 2276 2667 2277
f 2667 2668 2277
f 2277 2668 2669
f 2670 2269 2268
f 2268 2266 2670
f 2266 2265 2670
f 2670 2265 2668
f 2265 2270 2668
f 2668 2270 2669
f 2260 2264 2599
f 2264 2263 2599
f 2599 2263 2670
f 2263 2262 2670
f 2670 2262 2269
f 2643 2645 2649
f 2645 2671 2649
f 2649 2671 2598
f 2671 2672 2598
f 2598 2672 2650
f 2672 2673 2650
f 2650 2673 2651
f 2673 2674 2651
f 2651 2674 2653
f 2674 2675 2653
f 2653 2675 2654
f 2675 2676 2654
f 2654 2676 2655
f 2676 2677 2655
f 2655 2677 2597
f 2677 2678 2597
f 2597 2678 2656
f 2678 2679 2656
f 2656 2679 2658
f 2679 2680 2658
f 2658 2680 2659
f 2680 2681 2659
f 2659 2681 2660
f 2681 2682 2660
f 2660 2682 2661
f 2682 2683 2661
f 2661 2683 2596
f 2683 2684 2596
f 2596 2684 2662
f 2684 2685 2662
f 2662 2685 2663
f 2685 2686 2663
f 2663 2686 2664
f 2686 2687 2664
f 2664 2687 2665
f 2687 2688 2665
f 2665 2688 2595
f 2688 2689 2595
f 2595 2689 2667
f 2689 2690 2667
f 2667 2690 2668
f 2690 2691 2668
f 2668 2691 2670
f 2691 2604 2670
f 2670 2604 2599
f 2604 2605 2599
f 2599 2605 2601
f 2640 2642 2645
f 2642 2692 2645
f 2645 2692 2671
f 2692 2693 2671
f 2671 2693 2672
f 2693 2694 2672
f 2672 2694 2673
f 2694 2695 2673
f 2673 2695 2674
f 2695 2696 2674
f 2674 2696 2675
f 2696 2697 2675
f 2675 2697 2676
f 2697 2698 2676
f 2676 2698 2677
f 2698 2699 2677
f 2677 2699 2678
f 2699 2700 2678
f 2678 2700 2679
f 2700 2701 2679
f 2679 2701 2680
f 2701 2702 2680
f 2680 2702 2681
f 2702 2703 2681
f 2681 2703 2682
f 2703 2704 2682
f 2682 2704 2683
f 2704 2705 2683
f 2683 2705 2684
f 2705 2706 2684
f 2684 2706 2685
f 2706 2707 2685
f 2685 2707 2686
f 2707 2708 2686
f 2686 2708 2687
f 2708 2709 2687
f 2687 2709 2688
f 2709 2710 2688
f 2688 2710 2689
f 2710 2711 2689
f 2689 2711 2690
f 2711 2712 2690
f 2690 2712 2691
f 2712 2608 2691
f 2691 2608 2604
f 2608 2609 2604
f 2604 2609 2602
f 2636 2638 2642
f 2638 2713 2642
f 2642 2713 2692
f 2713 2714 2692
f 2692 2714 2693
f 2714 2715 2693
f 2693 2715 2694
f 2715 2716 2694
f 2694 2716 2695
f 2716 2717 2695
f 2695 2717 2696
f 2717 2718 2696
f 2696 2718 2697
f 2718 2719 2697
f 2697 2719 2698
f 2719 2720 2698
f 2698 2720 2699
f 2720 2721 2699
f 2699 2721 2700
f 2721 2722 2700
f 2700 2722 2701
f 2722 2723 2701
f 2701 2723 2702
f 2723 2724 2702
f 2702 2724 2703
f 2724 2725 2703
f 2703 2725 2704
f 2725 2726 2704
f 2704 2726 2705
f 2726 2727 2705
f 2705 2727 2706
f 2727 2728 2706
f 2706 2728 2707
f 2728 2729 2707
f 2707 2729 2708
f 2729 2730 2708
f 2708 2730 2709
f 2730 2731 2709
f 2709 2731 2710
f 2731 2732 2710
f 2710 2732 2711
f 2732 2733 2711
f 2711 2733 2712
f 2733 2610 2712
f 2712 2610 2608
f 2610 2612 2608
f 2608 2612 2606
f 2629 2631 2638
f 2631 2734 2638
f 2638 2734 2713
f 2734 2735 2713
f 2713 2735 2714
f 2735 2736 2714
f 2714 2736 2715
f 2736 2737 2715
f 2715 2737 2716
f 2737 2738 2716
f 2716 2738 2717
f 2738 2739 2717
f 2717 2739 2718
f 2739 2740 2718
f 2718 2740 2719
f 2740 2741 2719
f 2719 2741 2720
f 2741 2742 2720
f 2720 2742 2721
f 2742 2743 2721
f 2721 2743 2722
f 2743 2744 2722
f 2722 2744 2723
f 2744 2745 2723
f 2723 2745 2724
f 2745 2746 2724
f 2724 2746 2725
f 2746 2747 2725
f 2725 2747 2726
f 2747 2748 2726
f 2726 2748 2727
f 2748 2749 2727
f 2727 2749 2728
f 2749 2750 2728
f 2728 2750 2729
f 2750 2751 2729
f 2729 2751 2730
f 2751 2752 2730
f 2730 2752 2731
f 2752 2753 2731
f 2731 2753 2732
f 2753 2754 2732
f 2732 2754 2733
f 2754 2615 2733
f 2733 2615 2610
f 2615 2616 2610
f 2610 2616 2611
f 2632 2634 2631
f 2634 2755 2631
f 2631 2755 2734
f 2755 2756 2734
f 2734 2756 2735
f 2756 2757 2735
f 2735 2757 2736
f 2757 2758 2736
f 2736 2758 2737
f 2758 2759 2737
f 2737 2759 2738
f 2759 2760 2738
f 2738 2760 2739
f 2760 2761 2739
f 2739 2761 2740
f 2761 2762 2740
f 2740 2762 2741
f 2762 2763 2741
f 2741 2763 2742
f 2763 2764 2742
f 2742 2764 2743
f 2764 2765 2743
f 2743 2765 2744
f 2765 2766 2744
f 2744 2766 2745
f 2766 2767 2745
f 2745 2767 2746
f 2767 2768 2746
f 2746 2768 2747
f 2768 2769 2747
f 2747 2769 2748
f 2769 2770 2748
f 2748 2770 2749
f 2770 2771 2749
f 2749 2771 2750
f 2771 2772 2750
f 2750 2772 2751
f 2772 2773 2751
f 2751 2773 2752
f 2773 2774 2752
f 2752 2774 2753
f 2774 2775 2753
f 2753 2775 2754
f 2775 2619 2754
f 2754 2619 2615
f 2619 2621 2615
f 2615 2621 2613
f 2625 2573 2634
f 2573 2572 2634
f 2634 2572 2755
f 2572 2576 2755
f 2755 2576 2756
f 2576 2575 2756
f 2756 2575 2757
f 2575 2577 2757
f 2757 2577 2758
f 2577 2578 2758
f 2758 2578 2759
f 2578 2579 2759
f 2759 2579 2760
f 2579 2580 2760
f 2760 2580 2761
f 2580 2581 2761
f 2761 2581 2762
f 2581 2582 2762
f 2762 2582 2763
f 2582 2583 2763
f 2763 2583 2764
f 2583 2584 2764
f 2764 2584 2765
f 2584 2585 2765
f 2765 2585 2766
f 2585 2586 2766
f 2766 2586 2767
f 2586 2587 2767
f 2767 2587 2768
f 2587 2588 2768
f 2768 2588 2769
f 2588 2589 2769
f 2769 2589 2770
f 2589 2590 2770
f 2770 2590 2771
f 2590 2591 2771
f 2771 2591 2772
f 2591 2592 2772
f 2772 2592 2773
f 2592 2593 2773
f 2773 2593 2774
f 2593 2594 2774
f 2774 2594 2775
f 2594 2623 2775
f 2775 2623 2619
f 2623 2622 2619
f 2619 2622 2617
f 2776 2777 2574
f 2776 2574 2778
f 2779 2778 2574
f 2780 2779 2574
f 2781 2780 2574
f 2782 2781 2574
f 2783 2782 2574
f 2784 2783 2574
f 2785 2784 2574
f 2786 2787 2574
f 2786 2574 2788
f 2789 2788 2574
f 2790 2789 2574
f 2791 2790 2574
f 2792 2791 2574
f 2793 2792 2574
f 2794 2793 2574
f 2795 2794 2574
f 2796 2795 2574
f 2797 2796 2574
f 2777 2797 2574
f 2431 2430 2798
f 2214 2205 2799
f 2234 2221 2800
f 2607 2606 2801
f 2370 2369 2802
f 2371 2370 2647
f 2370 2802 2647
f 2647 2802 2648
f 2802 2643 2648
f 2803 2646 2644
f 2636 2641 2804
f 2641 2640 2804
f 2629 2639 2805
f 2639 2637 2805
f 2806 2632 2630
f 2625 2635 2807
f 2635 2633 2807
f 2574 2628 2808
f 2628 2627 2808
f 2808 2627 2626
f 2785 2574 2808
f 2617 2622 2787
f 2622 2624 2787
f 2787 2624 2574
f 2621 2620 2809
f 2620 2618 2809
f 2809 2618 2617
f 2614 2613 2810
f 2613 2621 2810
f 2811 2616 2614
f 2606 2612 2811
f 2612 2611 2811
f 2811 2611 2616
f 2607 2801 2812
f 2603 2602 2813
f 2602 2812 2813
f 2601 2605 2814
f 2605 2603 2814
f 2814 2222 2136
f 2601 2814 2600
f 2814 2136 2600
f 2600 2136 2135
f 2221 2220 2800
f 2220 2224 2800
f 2800 2224 2814
f 2224 2223 2814
f 2814 2223 2222
f 2227 2815 2816
f 2815 2236 2816
f 2816 2236 2800
f 2236 2817 2800
f 2800 2817 2234
f 2227 2816 2226
f 2816 2818 2226
f 2226 2818 2225
f 2242 2230 2819
f 2230 2229 2819
f 2229 2233 2819
f 2233 2232 2819
f 2819 2232 2818
f 2232 2231 2818
f 2818 2231 2225
f 2242 2819 2243
f 2819 2820 2243
f 2243 2820 2244
f 2206 2203 2821
f 2203 2202 2821
f 2821 2202 2820
f 2202 2201 2820
f 2820 2201 2244
f 2205 2204 2799
f 2204 2208 2799
f 2799 2208 2821
f 2208 2207 2821
f 2821 2207 2206
f 2218 2217 2822
f 2217 2216 2822
f 2822 2216 2799
f 2216 2215 2799
f 2799 2215 2214
f 2218 2822 2219
f 2822 2823 2219
f 2219 2823 2824
f 2825 2826 2209
f 2209 2827 2825
f 2827 2212 2825
f 2825 2212 2823
f 2212 2211 2823
f 2823 2211 2824
f 2828 2239 2825
f 2239 2238 2825
f 2825 2238 2826
f 2829 2439 2830
f 2439 2353 2830
f 2830 2353 2828
f 2353 2241 2828
f 2828 2241 2239
f 2356 2831 2832
f 2831 2442 2832
f 2832 2442 2830
f 2442 2833 2830
f 2830 2833 2829
f 2834 2835 2435
f 2834 2435 2832
f 2435 2357 2832
f 2832 2357 2356
f 2430 2429 2798
f 2429 2438 2798
f 2798 2438 2834
f 2438 2836 2834
f 2834 2836 2835
f 2426 2434 2837
f 2434 2433 2837
f 2837 2433 2798
f 2433 2432 2798
f 2798 2432 2431
f 2426 2837 2427
f 2837 2838 2427
f 2427 2838 2428
f 2455 2454 2839
f 2454 2453 2839
f 2453 2463 2839
f 2463 2462 2839
f 2839 2462 2838
f 2462 2461 2838
f 2838 2461 2428
f 2459 2458 2840
f 2458 2457 2840
f 2840 2457 2839
f 2457 2456 2839
f 2839 2456 2455
f 2459 2840 2460
f 2840 2841 2460
f 2460 2841 2449
f 2842 2445 2444
f 2444 2452 2842
f 2452 2451 2842
f 2842 2451 2841
f 2451 2843 2841
f 2841 2843 2449
f 2369 2448 2802
f 2448 2447 2802
f 2802 2447 2842
f 2447 2446 2842
f 2842 2446 2445
f 2603 2813 2814
f 2813 2844 2814
f 2814 2844 2800
f 2844 2845 2800
f 2800 2845 2816
f 2845 2846 2816
f 2816 2846 2818
f 2846 2847 2818
f 2818 2847 2819
f 2847 2848 2819
f 2819 2848 2820
f 2848 2849 2820
f 2820 2849 2821
f 2849 2850 2821
f 2821 2850 2799
f 2850 2851 2799
f 2799 2851 2822
f 2851 2852 2822
f 2822 2852 2823
f 2852 2853 2823
f 2823 2853 2825
f 2853 2854 2825
f 2825 2854 2828
f 2854 2855 2828
f 2828 2855 2830
f 2855 2856 2830
f 2830 2856 2832
f 2856 2857 2832
f 2832 2857 2834
f 2857 2858 2834
f 2834 2858 2798
f 2858 2859 2798
f 2798 2859 2837
f 2859 2860 2837
f 2837 2860 2838
f 2860 2861 2838
f 2838 2861 2839
f 2861 2862 2839
f 2839 2862 2840
f 2862 2863 2840
f 2840 2863 2841
f 2863 2864 2841
f 2841 2864 2842
f 2864 2803 2842
f 2842 2803 2802
f 2803 2644 2802
f 2802 2644 2643
f 2609 2801 2813
f 2801 2865 2813
f 2813 2865 2844
f 2865 2866 2844
f 2844 2866 2845
f 2866 2867 2845
f 2845 2867 2846
f 2867 2868 2846
f 2846 2868 2847
f 2868 2869 2847
f 2847 2869 2848
f 2869 2870 2848
f 2848 2870 2849
f 2870 2871 2849
f 2849 2871 2850
f 2871 2872 2850
f 2850 2872 2851
f 2872 2873 2851
f 2851 2873 2852
f 2873 2874 2852
f 2852 2874 2853
f 2874 2875 2853
f 2853 2875 2854
f 2875 2876 2854
f 2854 2876 2855
f 2876 2877 2855
f 2855 2877 2856
f 2877 2878 2856
f 2856 2878 2857
f 2878 2879 2857
f 2857 2879 2858
f 2879 2880 2858
f 2858 2880 2859
f 2880 2881 2859
f 2859 2881 2860
f 2881 2882 2860
f 2860 2882 2861
f 2882 2883 2861
f 2861 2883 2862
f 2883 2884 2862
f 2862 2884 2863
f 2884 2885 2863
f 2863 2885 2864
f 2885 2804 2864
f 2864 2804 2803
f 2804 2640 2803
f 2803 2640 2646
f 2606 2811 2801
f 2811 2886 2801
f 2801 2886 2865
f 2886 2887 2865
f 2865 2887 2866
f 2887 2888 2866
f 2866 2888 2867
f 2888 2889 2867
f 2867 2889 2868
f 2889 2890 2868
f 2868 2890 2869
f 2890 2891 2869
f 2869 2891 2870
f 2891 2892 2870
f 2870 2892 2871
f 2892 2893 2871
f 2871 2893 2872
f 2893 2894 2872
f 2872 2894 2873
f 2894 2895 2873
f 2873 2895 2874
f 2895 2896 2874
f 2874 2896 2875
f 2896 2897 2875
f 2875 2897 2876
f 2897 2898 2876
f 2876 2898 2877
f 2898 2899 2877
f 2877 2899 2878
f 2899 2900 2878
f 2878 2900 2879
f 2900 2901 2879
f 2879 2901 2880
f 2901 2902 2880
f 2880 2902 2881
f 2902 2903 2881
f 2881 2903 2882
f 2903 2904 2882
f 2882 2904 2883
f 2904 2905 2883
f 2883 2905 2884
f 2905 2906 2884
f 2884 2906 2885
f 2906 2805 2885
f 2885 2805 2804
f 2805 2637 2804
f 2804 2637 2636
f 2614 2810 2811
f 2810 2907 2811
f 2811 2907 2886
f 2907 2908 2886
f 2886 2908 2887
f 2908 2909 2887
f 2887 2909 2888
f 2909 2910 2888
f 2888 2910 2889
f 2910 2911 2889
f 2889 2911 2890
f 2911 2912 2890
f 2890 2912 2891
f 2912 2913 2891
f 2891 2913 2892
f 2913 2914 2892
f 2892 2914 2893
f 2914 2915 2893
f 2893 2915 2894
f 2915 2916 2894
f 2894 2916 2895
f 2916 2917 2895
f 2895 2917 2896
f 2917 2918 2896
f 2896 2918 2897
f 2918 2919 2897
f 2897 2919 2898
f 2919 2920 2898
f 2898 2920 2899
f 2920 2921 2899
f 2899 2921 2900
f 2921 2922 2900
f 2900 2922 2901
f 2922 2923 2901
f 2901 2923 2902
f 2923 2924 2902
f 2902 2924 2903
f 2924 2925 2903
f 2903 2925 2904
f 2925 2926 2904
f 2904 2926 2905
f 2926 2927 2905
f 2905 2927 2906
f 2927 2806 2906
f 2906 2806 2805
f 2806 2630 2805
f 2805 2630 2629
f 2621 2809 2810
f 2809 2928 2810
f 2810 2928 2907
f 2928 2929 2907
f 2907 2929 2908
f 2929 2930 2908
f 2908 2930 2909
f 2930 2931 2909
f 2909 2931 2910
f 2931 2932 2910
f 2910 2932 2911
f 2932 2933 2911
f 2911 2933 2912
f 2933 2934 2912
f 2912 2934 2913
f 2934 2935 2913
f 2913 2935 2914
f 2935 2936 2914
f 2914 2936 2915
f 2936 2937 2915
f 2915 2937 2916
f 2937 2938 2916
f 2916 2938 2917
f 2938 2939 2917
f 2917 2939 2918
f 2939 2940 2918
f 2918 2940 2919
f 2940 2941 2919
f 2919 2941 2920
f 2941 2942 2920
f 2920 2942 2921
f 2942 2943 2921
f 2921 2943 2922
f 2943 2944 2922
f 2922 2944 2923
f 2944 2945 2923
f 2923 2945 2924
f 2945 2946 2924
f 2924 2946 2925
f 2946 2947 2925
f 2925 2947 2926
f 2947 2948 2926
f 2926 2948 2927
f 2948 2807 2927
f 2927 2807 2806
f 2807 2633 2806
f 2806 2633 2632
f 2617 2787 2809
f 2787 2786 2809
f 2809 2786 2928
f 2786 2788 2928
f 2928 2788 2929
f 2788 2789 2929
f 2929 2789 2930
f 2789 2790 2930
f 2930 2790 2931
f 2790 2791 2931
f 2931 2791 2932
f 2791 2792 2932
f 2932 2792 2933
f 2792 2793 2933
f 2933 2793 2934
f 2793 2794 2934
f 2934 2794 2935
f 2794 2795 2935
f 2935 2795 2936
f 2795 2796 2936
f 2936 2796 2937
f 2796 2797 2937
f 2937 2797 2938
f 2797 2777 2938
f 2938 2777 2939
f 2777 2776 2939
f 2939 2776 2940
f 2776 2778 2940
f 2940 2778 2941
f 2778 2779 2941
f 2941 2779 2942
f 2779 2780 2942
f 2942 2780 2943
f 2780 2781 2943
f 2943 2781 2944
f 2781 2782 2944
f 2944 2782 2945
f 2782 2783 2945
f 2945 2783 2946
f 2783 2784 2946
f 2946 2784 2947
f 2784 2785 2947
f 2947 2785 2948
f 2785 2808 2948
f 2948 2808 2807
f 2808 2626 2807
f 2807 2626 2625
f 2949 2950 2951
f 2952 2953 2951
f 2385 2384 2954
f 2405 2404 2955
f 2956 2957 2958
f 2424 2956 2425
f 2956 2958 2425
f 2425 2958 2419
f 2958 2420 2419
f 2359 2959 2360
f 2959 2960 2360
f 2360 2960 2413
f 2960 2414 2413
f 2359 2417 2961
f 2417 2416 2961
f 2961 2416 2958
f 2416 2421 2958
f 2958 2421 2420
f 2414 2960 2415
f 2960 2962 2415
f 2415 2962 2412
f 2963 2409 2962
f 2409 2410 2962
f 2962 2410 2412
f 2404 2363 2955
f 2363 2362 2955
f 2955 2362 2963
f 2362 2407 2963
f 2963 2407 2409
f 2964 2402 2406
f 2402 2964 2403
f 2964 2965 2403
f 2403 2965 2398
f 2366 2365 2965
f 2365 2399 2965
f 2965 2399 2398
f 2966 2396 2967
f 2396 2394 2967
f 2967 2394 2393
f 2392 2391 2968
f 2391 2390 2966
f 2390 2397 2966
f 2966 2397 2396
f 2384 2383 2954
f 2383 2389 2954
f 2954 2389 2968
f 2389 2969 2968
f 2968 2969 2392
f 2380 2970 2971
f 2970 2386 2971
f 2971 2386 2385
f 2972 2973 2971
f 2973 2375 2971
f 2971 2375 2380
f 2373 2379 2972
f 2379 2378 2972
f 2972 2378 2973
f 2953 2195 2951
f 2195 2374 2951
f 2951 2374 2373
f 2952 2951 2974
f 2951 2950 2974
f 2974 2950 2975
f 2373 2972 2951
f 2972 2976 2951
f 2951 2976 2949
f 2977 2978 2971
f 2978 2979 2971
f 2971 2979 2972
f 2979 2980 2972
f 2972 2980 2976
f 2385 2954 2971
f 2954 2981 2971
f 2971 2981 2977
f 2982 2983 2968
f 2983 2984 2968
f 2968 2984 2954
f 2984 2985 2954
f 2954 2985 2981
f 2391 2966 2968
f 2966 2986 2968
f 2968 2986 2982
f 2987 2988 2967
f 2988 2989 2967
f 2967 2989 2966
f 2989 2990 2966
f 2966 2990 2986
f 2991 2987 2965
f 2987 2967 2965
f 2965 2967 2366
f 2967 2393 2366
f 2992 2993 2964
f 2993 2994 2964
f 2964 2994 2965
f 2994 2995 2965
f 2965 2995 2991
f 2406 2405 2964
f 2405 2955 2964
f 2964 2955 2992
f 2955 2996 2992
f 2997 2998 2999
f 2962 3000 2963
f 3000 3001 2963
f 2963 3001 2955
f 3001 3002 2955
f 2955 3002 2996
f 2998 2997 3003
f 2997 3004 3003
f 3003 3004 3005
f 3006 3007 3004
f 3007 3008 3004
f 3004 3008 3005
f 3009 3010 3011
f 3010 3012 3011
f 3011 3012 3006
f 3012 3013 3006
f 3006 3013 3007
f 3014 3015 3016
f 3009 3011 3016
f 3011 3017 3016
f 3016 3017 3014
f 3018 3019 3011
f 3019 3020 3011
f 3011 3020 3017
f 3021 3022 3023
f 3022 3024 3023
f 3023 3024 3018
f 2957 3025 2958
f 3025 3026 2958
f 2958 3026 3027
f 2359 2961 2959
f 2961 2958 2959
f 2959 2958 3023
f 2958 3027 3023
f 3023 3027 3021
f 3018 3011 3023
f 3011 3006 3023
f 3023 3006 2959
f 3006 3004 2959
f 2959 3004 2960
f 3004 2997 2960
f 2960 2997 2962
f 2997 2999 2962
f 2962 2999 3000
f 3028 3029 3030
f 3031 3032 3033
f 3034 3035 3036
f 3037 3015 3038
f 2565 2564 3039
f 3040 3041 3042
f 3043 3044 3045
f 3046 3047 3048
f 3049 3050 3051
f 3052 3053 3054
f 3055 3056 3057
f 3056 3055 3058
f 3059 3060 3061
f 3062 3063 3064
f 3063 3059 3064
f 3065 3066 3064
f 3066 3067 3064
f 3064 3067 3062
f 3058 3068 3056
f 3068 3069 3056
f 3056 3069 3057
f 3069 3070 3057
f 3057 3070 3071
f 3072 3073 3074
f 3073 3075 3074
f 3074 3075 3057
f 3075 3076 3057
f 3057 3076 3055
f 3054 3053 3074
f 3053 3077 3074
f 3074 3077 3072
f 3078 3079 3080
f 3078 3080 3081
f 3082 3083 3084
f 3083 3085 3084
f 3084 3085 3078
f 3085 3086 3078
f 3078 3086 3079
f 3087 3088 3089
f 3088 3090 3089
f 3089 3090 3091
f 3087 3092 3088
f 3092 3093 3088
f 3088 3093 3084
f 3093 3094 3084
f 3084 3094 3082
f 3095 3096 3097
f 3096 3098 3097
f 3097 3098 3099
f 3099 3098 3100
f 3098 3101 3100
f 3100 3101 3102
f 3101 3103 3102
f 3102 3103 3104
f 3104 3105 3102
f 3105 3106 3102
f 3102 3106 3100
f 3045 3044 3048
f 3044 3107 3048
f 3048 3107 3046
f 3043 3045 3108
f 3045 3109 3108
f 3108 3109 3110
f 3110 3109 3111
f 3109 3112 3111
f 3111 3112 3113
f 3114 3115 3116
f 3115 3117 3116
f 3116 3117 3112
f 3117 3118 3112
f 3112 3118 3113
f 3119 3120 3121
f 3114 3116 3122
f 3116 3123 3122
f 3122 3123 3121
f 3123 3124 3121
f 3121 3124 3119
f 3125 3126 3123
f 3126 3127 3123
f 3123 3127 3124
f 3128 3129 3130
f 3131 3132 3133
f 3132 3134 3133
f 3135 3136 3137
f 3136 3131 3137
f 3138 3139 3135
f 3140 3141 3142
f 3141 3139 3142
f 3143 3144 3145
f 3146 3147 3148
f 3147 3149 3148
f 3148 3149 3143
f 3149 3150 3143
f 3143 3150 3144
f 3151 3152 3146
f 3152 3153 3146
f 3146 3153 3147
f 3154 3155 3151
f 3155 3156 3151
f 3151 3156 3152
f 3157 3158 3154
f 3158 3159 3154
f 3154 3159 3155
f 3040 3042 3160
f 3161 3162 3032
f 3162 3163 3032
f 3032 3163 3033
f 3164 3165 3031
f 3165 3166 3031
f 3031 3166 3032
f 3166 3167 3032
f 3032 3167 3161
f 2480 2478 3031
f 2478 2476 3031
f 3031 2476 2474
f 2474 2320 3031
f 2320 3168 3031
f 3031 3168 3164
f 2485 2484 3169
f 2484 2482 3169
f 3170 2550 2549
f 2549 2486 3170
f 2486 2488 3170
f 3170 2488 2472
f 2551 3171 2544
f 3171 2545 2544
f 3172 2548 3173
f 2548 2547 3173
f 3173 2547 2546
f 3174 2540 3175
f 2540 3176 3175
f 3175 3176 3177
f 2570 2569 3177
f 2569 2543 3177
f 3177 2543 3175
f 2543 2542 3175
f 3175 2542 3174
f 2563 3178 3179
f 3178 2561 3179
f 3179 2561 2571
f 3180 2567 3181
f 2567 2566 3181
f 3181 2566 2565
f 3182 2558 3183
f 2558 2557 3183
f 3183 2557 3180
f 2557 2568 3180
f 3180 2568 2567
f 2554 2553 3184
f 2553 2552 3184
f 2552 2556 3184
f 2556 2560 3184
f 3184 2560 3185
f 3186 2534 3187
f 2534 2533 3187
f 3187 2533 3188
f 2533 3189 3188
f 3188 3189 2554
f 2537 2538 3186
f 2538 2535 3186
f 3186 2535 2534
f 2424 2536 3190
f 2536 3191 3190
f 3190 3191 3192
f 3193 3194 3195
f 3194 3192 3195
f 3195 3192 3187
f 3192 3191 3187
f 3187 3191 3186
f 3191 2536 3186
f 3186 2536 2537
f 3196 3197 3198
f 3199 3200 3197
f 3200 3201 3197
f 3197 3201 3198
f 3202 3203 3199
f 3202 3199 3204
f 3205 3038 3029
f 3038 3206 3029
f 3029 3206 3030
f 3206 3207 3030
f 3030 3207 3208
f 3209 3210 3205
f 3210 3211 3205
f 3211 3212 3205
f 3205 3212 3038
f 3212 3213 3038
f 3038 3213 3037
f 3214 3215 3216
f 3215 3217 3216
f 3216 3217 3218
f 3219 3220 3221
f 3220 3222 3221
f 3221 3222 3223
f 3222 3224 3223
f 3223 3224 3225
f 3226 3227 3228
f 3035 3229 3036
f 3229 3230 3036
f 3036 3230 3228
f 3230 3231 3228
f 3228 3231 3226
f 3232 3233 3234
f 3060 3235 3061
f 3235 3236 3061
f 3061 3236 3237
f 3139 3138 3142
f 3138 3238 3142
f 3142 3238 3239
f 3238 3240 3239
f 3239 3240 3241
f 3135 3137 3138
f 3137 3242 3138
f 3138 3242 3238
f 3242 3243 3238
f 3238 3243 3240
f 3143 3244 3148
f 3244 3245 3148
f 3148 3245 3146
f 3245 3246 3146
f 3146 3246 3151
f 3246 3247 3151
f 3151 3247 3154
f 3247 3042 3154
f 3154 3042 3157
f 3042 3041 3157
f 2564 2563 3039
f 2563 3179 3039
f 3039 3179 3248
f 3249 3250 3251
f 3250 3252 3251
f 3251 3252 3253
f 3252 3254 3253
f 3253 3254 3255
f 3254 3256 3255
f 3255 3256 3257
f 3256 3171 3257
f 3257 3171 3170
f 3171 2551 3170
f 3170 2551 2550
f 3258 3249 3259
f 3249 3251 3259
f 3259 3251 3260
f 3251 3253 3260
f 3260 3253 3261
f 3253 3255 3261
f 3261 3255 3262
f 3255 3257 3262
f 3262 3257 3263
f 3257 3170 3263
f 3263 3170 3264
f 3170 2472 3264
f 3264 2472 2470
f 3163 3160 3033
f 3160 3042 3033
f 3033 3042 3265
f 3042 3247 3265
f 3265 3247 3266
f 3247 3246 3266
f 3266 3246 3267
f 3246 3245 3267
f 3267 3245 3241
f 3245 3244 3241
f 3241 3244 3239
f 3244 3143 3239
f 3239 3143 3142
f 3143 3145 3142
f 3142 3145 3140
f 3243 3268 3240
f 3268 3269 3240
f 3240 3269 3241
f 3269 3270 3241
f 3241 3270 3267
f 3270 3271 3267
f 3267 3271 3266
f 3271 3272 3266
f 3266 3272 3265
f 3272 3273 3265
f 3265 3273 3033
f 3273 3169 3033
f 3033 3169 3031
f 3169 2482 3031
f 3031 2482 2480
f 3268 3258 3269
f 3258 3259 3269
f 3269 3259 3270
f 3259 3260 3270
f 3270 3260 3271
f 3260 3261 3271
f 3271 3261 3272
f 3261 3262 3272
f 3272 3262 3273
f 3262 3263 3273
f 3273 3263 3169
f 3263 3264 3169
f 3169 3264 2485
f 3264 2470 2485
f 3274 3275 3276
f 3275 3216 3276
f 3276 3216 3277
f 3216 3218 3277
f 3277 3218 3278
f 3218 3279 3278
f 3278 3279 3280
f 3281 3282 3283
f 3282 3284 3283
f 3283 3284 3285
f 3284 3286 3285
f 3285 3286 3287
f 3286 3288 3287
f 3287 3288 3250
f 3288 3289 3250
f 3250 3289 3252
f 3289 3290 3252
f 3252 3290 3254
f 3290 3291 3254
f 3254 3291 3256
f 3291 3173 3256
f 3256 3173 3171
f 3173 2546 3171
f 3171 2546 2545
f 3292 3293 3294
f 3293 3295 3294
f 3294 3295 3296
f 3295 3297 3296
f 3296 3297 3298
f 3297 3299 3298
f 3298 3299 3300
f 3299 3301 3300
f 3300 3301 3302
f 3301 3303 3302
f 3302 3303 3304
f 3303 3248 3304
f 3304 3248 3176
f 3248 3179 3176
f 3176 3179 3177
f 3179 2571 3177
f 3177 2571 2570
f 3028 3305 3306
f 3305 3307 3306
f 3306 3307 3308
f 3307 3309 3308
f 3308 3309 3310
f 3309 3311 3310
f 3310 3311 3312
f 3311 3313 3312
f 3312 3313 3314
f 3314 3315 3312
f 3315 3316 3312
f 3312 3316 3310
f 3316 3317 3310
f 3310 3317 3308
f 3317 3318 3308
f 3308 3318 3306
f 3318 3274 3306
f 3306 3274 3028
f 3274 3276 3028
f 3028 3276 3029
f 3276 3277 3029
f 3029 3277 3205
f 3277 3278 3205
f 3205 3278 3209
f 3278 3280 3209
f 3199 3197 3204
f 3197 3196 3204
f 3204 3196 3319
f 3196 3320 3319
f 3319 3320 3321
f 3320 3184 3321
f 3321 3184 3182
f 3184 3185 3182
f 3182 3185 2558
f 2554 3184 3188
f 3184 3320 3188
f 3188 3320 3187
f 3320 3196 3187
f 3187 3196 3195
f 3196 3198 3195
f 3195 3198 3193
f 3208 3322 3030
f 3322 3202 3030
f 3030 3202 3028
f 3202 3204 3028
f 3028 3204 3305
f 3204 3319 3305
f 3305 3319 3307
f 3319 3321 3307
f 3307 3321 3309
f 3321 3182 3309
f 3309 3182 3311
f 3182 3183 3311
f 3311 3183 3313
f 3183 3180 3313
f 3313 3180 3314
f 3180 3181 3314
f 3314 3181 3315
f 2565 3039 3181
f 3039 3248 3181
f 3181 3248 3315
f 3248 3303 3315
f 3315 3303 3316
f 3303 3301 3316
f 3316 3301 3317
f 3301 3299 3317
f 3317 3299 3318
f 3299 3297 3318
f 3318 3297 3274
f 3297 3295 3274
f 3274 3295 3275
f 3295 3293 3275
f 3275 3293 3216
f 3071 3065 3057
f 3065 3064 3057
f 3057 3064 3074
f 3064 3081 3074
f 3074 3081 3054
f 3081 3080 3054
f 3054 3080 3052
f 3323 3324 3232
f 3234 3034 3232
f 3034 3036 3232
f 3232 3036 3323
f 3036 3228 3323
f 3323 3228 3221
f 3228 3227 3221
f 3221 3227 3219
f 3059 3061 3064
f 3061 3237 3064
f 3064 3237 3081
f 3237 3325 3081
f 3081 3325 3078
f 3325 3326 3078
f 3078 3326 3084
f 3326 3327 3084
f 3084 3327 3088
f 3327 3096 3088
f 3088 3096 3090
f 3096 3095 3090
f 3090 3095 3091
f 3328 3329 3330
f 3329 3331 3330
f 3330 3331 3332
f 3331 3333 3332
f 3332 3333 3334
f 3333 3335 3334
f 3334 3335 3336
f 3335 3337 3336
f 3336 3337 3338
f 3337 3339 3338
f 3338 3339 3340
f 3339 3341 3340
f 3340 3341 3342
f 3341 3343 3342
f 3342 3343 3344
f 3343 3345 3344
f 3344 3345 3346
f 3345 3133 3346
f 3346 3133 3128
f 3133 3134 3128
f 3128 3134 3129
f 3125 3123 3130
f 3123 3116 3130
f 3130 3116 3128
f 3116 3112 3128
f 3128 3112 3346
f 3112 3109 3346
f 3346 3109 3344
f 3109 3045 3344
f 3344 3045 3342
f 3045 3048 3342
f 3342 3048 3340
f 3048 3347 3340
f 3340 3347 3338
f 3347 3348 3338
f 3338 3348 3336
f 3348 3349 3336
f 3336 3349 3334
f 3349 3350 3334
f 3334 3350 3332
f 3350 3351 3332
f 3332 3351 3330
f 3351 3352 3330
f 3330 3352 3328
f 3050 3103 3051
f 3103 3101 3051
f 3051 3101 3353
f 3101 3098 3353
f 3353 3098 3354
f 3098 3096 3354
f 3354 3096 3355
f 3096 3327 3355
f 3355 3327 3356
f 3327 3326 3356
f 3356 3326 3357
f 3326 3325 3357
f 3357 3325 3324
f 3325 3237 3324
f 3324 3237 3232
f 3237 3236 3232
f 3232 3236 3233
f 3047 3049 3048
f 3049 3051 3048
f 3048 3051 3347
f 3051 3353 3347
f 3347 3353 3348
f 3353 3354 3348
f 3348 3354 3349
f 3354 3355 3349
f 3349 3355 3350
f 3355 3356 3350
f 3350 3356 3351
f 3356 3357 3351
f 3351 3357 3352
f 3357 3324 3352
f 3352 3324 3328
f 3324 3323 3328
f 3328 3323 3292
f 3323 3221 3292
f 3292 3221 3293
f 3221 3223 3293
f 3293 3223 3216
f 3223 3225 3216
f 3216 3225 3214
f 3131 3133 3137
f 3133 3345 3137
f 3137 3345 3242
f 3345 3343 3242
f 3242 3343 3243
f 3343 3341 3243
f 3243 3341 3268
f 3341 3339 3268
f 3268 3339 3258
f 3339 3337 3258
f 3258 3337 3249
f 3337 3335 3249
f 3249 3335 3250
f 3335 3333 3250
f 3250 3333 3287
f 3333 3331 3287
f 3287 3331 3285
f 3331 3329 3285
f 3285 3329 3283
f 3329 3328 3283
f 3283 3328 3281
f 3328 3292 3281
f 3281 3292 3282
f 3292 3294 3282
f 3282 3294 3284
f 3294 3296 3284
f 3284 3296 3286
f 3296 3298 3286
f 3286 3298 3288
f 3298 3300 3288
f 3288 3300 3289
f 3300 3302 3289
f 3289 3302 3290
f 3302 3304 3290
f 3290 3304 3291
f 3304 3176 3291
f 3291 3176 3173
f 3176 2540 3173
f 3173 2540 3172
f 3358 3359 3360
f 3361 3362 3363
f 3362 3364 3363
f 3363 3364 3365
f 3364 3366 3365
f 3365 3366 3367
f 3358 3360 3368
f 3360 3369 3368
f 3368 3369 3361
f 3369 3370 3361
f 3361 3370 3362
f 3371 3372 3373
f 3372 3374 3373
f 3373 3374 3375
f 3374 3376 3375
f 3375 3376 3377
f 3376 3378 3377
f 3377 3378 3379
f 3378 3380 3379
f 3379 3380 3381
f 3380 3382 3381
f 3381 3382 3383
f 3382 3384 3383
f 3383 3384 3385
f 3384 3386 3385
f 3385 3386 3359
f 3386 3387 3359
f 3359 3387 3360
f 3388 3389 3390
f 3389 3391 3390
f 3390 3391 3392
f 3391 3393 3392
f 3392 3393 3394
f 3393 3395 3394
f 3394 3395 3396
f 3395 3397 3396
f 3396 3397 3371
f 3397 3398 3371
f 3371 3398 3372
f 3076 3399 3400
f 3399 3401 3400
f 3400 3401 3402
f 3401 3403 3402
f 3402 3403 3068
f 3388 3404 3389
f 3404 3401 3389
f 3389 3401 3405
f 3401 3399 3405
f 3398 3397 3406
f 3407 3049 3408
f 3409 3410 3411
f 3412 3413 3414
f 3415 3416 3417
f 3418 3419 3420
f 3421 3422 457
f 514 453 3423
f 453 455 3423
f 3423 455 3424
f 514 3423 512
f 3423 3425 512
f 512 3425 510
f 3425 3426 510
f 510 3426 535
f 535 3426 3427
f 3426 3428 3427
f 3427 3428 3429
f 3418 3420 3430
f 3431 3432 3433
f 3432 3416 3433
f 3433 3416 3434
f 3416 3415 3434
f 3435 3436 3415
f 3436 3437 3415
f 3415 3437 3434
f 3438 557 559
f 3438 559 3439
f 557 3438 555
f 3438 3440 555
f 555 3440 565
f 3440 3441 565
f 565 3441 566
f 3442 562 3441
f 562 568 3441
f 3441 568 566
f 3443 3444 3442
f 3444 3445 3442
f 3442 3445 562
f 3445 3446 562
f 562 3446 563
f 3447 3448 3449
f 3120 3450 3121
f 3450 3451 3121
f 3452 3453 3454
f 3453 3455 3454
f 3454 3455 3451
f 3455 3122 3451
f 3451 3122 3121
f 3072 3456 3073
f 3456 3422 3073
f 3073 3422 3075
f 3422 3076 3075
f 3076 3422 3399
f 3422 3421 3399
f 3399 3421 3405
f 3457 3458 3459
f 3458 3367 3459
f 3367 3366 3459
f 3459 3366 3364
f 3460 3461 3462
f 3461 3463 3462
f 3462 3463 3464
f 3463 3465 3464
f 3464 3465 3466
f 3467 3468 3460
f 3468 3469 3460
f 3460 3469 3461
f 3470 3471 3472
f 3471 3473 3472
f 3472 3473 3474
f 3473 3475 3474
f 3474 3475 3460
f 3475 3476 3460
f 3460 3476 3467
f 473 3472 471
f 3472 3474 471
f 471 3474 469
f 3474 3460 469
f 3364 3477 3459
f 3477 483 3459
f 3459 483 485
f 485 459 3459
f 459 3464 3459
f 3459 3464 3457
f 3464 3466 3457
f 459 461 3464
f 461 463 3464
f 3464 463 3462
f 463 465 3462
f 3462 465 3460
f 465 467 3460
f 3460 467 469
f 492 494 3478
f 494 3479 3478
f 457 524 3421
f 524 451 3421
f 3421 451 450
f 450 499 3480
f 499 501 3480
f 3480 501 3406
f 503 505 3481
f 505 507 3481
f 3481 507 3482
f 507 488 3482
f 3482 488 490
f 494 475 3479
f 475 477 3479
f 3479 477 3483
f 477 479 3483
f 3483 479 3477
f 479 481 3477
f 3477 481 483
f 455 457 3424
f 457 3422 3424
f 3424 3422 3423
f 3422 3456 3423
f 3423 3456 3425
f 3456 3484 3425
f 3425 3484 3426
f 3484 3485 3426
f 3426 3485 3428
f 3448 3443 3449
f 3443 3442 3449
f 3449 3442 3486
f 3442 3441 3486
f 3486 3441 3487
f 3441 3440 3487
f 3487 3440 3488
f 3440 3438 3488
f 3488 3438 3489
f 3438 3439 3489
f 3489 3439 3490
f 3417 3416 3491
f 3416 3432 3491
f 3491 3432 3492
f 3072 3077 3456
f 3077 3053 3456
f 3456 3053 3484
f 3053 3052 3484
f 3484 3052 3485
f 3052 3080 3485
f 3080 3079 3485
f 3079 3086 3485
f 3485 3086 3493
f 3412 3414 3494
f 3410 3494 3411
f 3494 3414 3411
f 3411 3414 3420
f 3414 3495 3420
f 3420 3495 3430
f 3495 3496 3430
f 3497 3498 3492
f 3413 3497 3414
f 3497 3492 3414
f 3414 3492 3495
f 3492 3432 3495
f 3495 3432 3496
f 3432 3431 3496
f 3498 3499 3492
f 3499 3500 3492
f 3492 3500 3491
f 3500 3501 3491
f 3491 3501 3502
f 3493 3409 3485
f 3409 3411 3485
f 3485 3411 3428
f 3411 3420 3428
f 3428 3420 3429
f 3420 3419 3429
f 3407 3408 3503
f 3408 3504 3503
f 3503 3504 3104
f 3044 3505 3506
f 3505 3507 3506
f 3049 3047 3408
f 3047 3046 3408
f 3408 3046 3506
f 3046 3107 3506
f 3506 3107 3044
f 3452 3454 3508
f 3454 3509 3508
f 3508 3509 3510
f 3505 3511 3507
f 3511 3512 3507
f 3507 3512 3509
f 3512 3513 3509
f 3509 3513 3510
f 3450 3447 3451
f 3447 3449 3451
f 3451 3449 3454
f 3449 3486 3454
f 3454 3486 3509
f 3486 3487 3509
f 3509 3487 3507
f 3487 3488 3507
f 3507 3488 3506
f 3488 3489 3506
f 3506 3489 3408
f 3489 3490 3408
f 3408 3490 3504
f 3514 3515 3504
f 3515 3516 3504
f 3504 3516 3104
f 3502 3514 3491
f 3514 3504 3491
f 3491 3504 3417
f 3504 3490 3417
f 3417 3490 3415
f 3490 3439 3415
f 3415 3439 3435
f 3439 559 3435
f 3364 3362 3477
f 3362 3370 3477
f 3477 3370 3483
f 3370 3369 3483
f 3483 3369 3479
f 3369 3360 3479
f 3479 3360 3387
f 3380 3482 3478
f 3482 490 3478
f 3478 490 492
f 3387 3386 3479
f 3386 3384 3479
f 3479 3384 3478
f 3384 3382 3478
f 3478 3382 3380
f 3372 3398 3481
f 3398 3406 3481
f 3481 3406 503
f 3406 501 503
f 450 3480 3421
f 3480 3389 3421
f 3421 3389 3405
f 3397 3395 3406
f 3395 3393 3406
f 3406 3393 3480
f 3393 3391 3480
f 3480 3391 3389
f 3380 3378 3482
f 3378 3376 3482
f 3482 3376 3481
f 3376 3374 3481
f 3481 3374 3372
f 3517 3518 3519
f 3520 3521 3522
f 3523 3524 3525
f 3526 3527 3528
f 3529 3530 3531
f 3532 3533 3534
f 3531 3530 3525
f 3535 3536 3537
f 3538 3539 3540
f 3541 3542 3543
f 3446 3445 3544
f 3444 3443 3545
f 3546 3547 3548
f 3547 3536 3548
f 3548 3536 3549
f 3549 3536 3550
f 3536 3535 3550
f 3550 3535 3551
f 3552 3553 3554
f 3553 3555 3554
f 3554 3555 3556
f 3555 3557 3556
f 3556 3557 3558
f 3120 3552 3450
f 3552 3554 3450
f 3450 3554 3447
f 3554 3448 3447
f 563 3446 3559
f 3446 3544 3559
f 3559 3544 3560
f 3544 3561 3560
f 3560 3561 3562
f 3561 3563 3562
f 3562 3563 3564
f 3565 3566 3563
f 3566 3567 3563
f 3563 3567 3564
f 3568 3569 3570
f 3569 3571 3570
f 3570 3571 3572
f 3571 3573 3572
f 3572 3573 3565
f 3573 3574 3565
f 3565 3574 3566
f 3542 3575 3568
f 3575 3576 3568
f 3568 3576 3569
f 3541 3543 3577
f 3577 3533 3578
f 3533 3532 3578
f 3578 3532 3579
f 3580 3581 3529
f 3581 3582 3529
f 3529 3582 3530
f 3582 3583 3530
f 3530 3583 3584
f 3585 3537 3586
f 3537 3536 3586
f 3586 3536 3587
f 3536 3547 3587
f 3587 3547 3588
f 3589 3472 473
f 3590 3591 3589
f 3591 3592 3589
f 3589 3592 3472
f 3592 3593 3472
f 3472 3593 3470
f 3539 3594 3540
f 3594 3595 3540
f 3540 3595 3596
f 3595 3597 3596
f 3596 3597 3598
f 3599 3538 3600
f 3601 3602 3600
f 3602 3603 3600
f 3600 3603 3599
f 3604 3605 3606
f 3605 3607 3606
f 3606 3607 3608
f 473 3609 3589
f 3609 3596 3589
f 3589 3596 3590
f 3596 3598 3590
f 3538 3540 3600
f 3540 3610 3600
f 3600 3610 3611
f 3611 3612 3600
f 3612 3606 3600
f 3600 3606 3601
f 3606 3608 3601
f 3609 3613 3596
f 3613 3614 3596
f 3596 3614 3540
f 3614 3615 3540
f 3540 3615 3610
f 3517 3616 3617
f 3617 3618 3517
f 3618 3619 3517
f 3517 3619 3518
f 3619 3620 3518
f 3518 3620 3621
f 3622 3623 3624
f 3623 3625 3624
f 3621 3626 3627
f 3626 3628 3627
f 3627 3628 3629
f 3628 3630 3629
f 3629 3630 3625
f 3630 3631 3625
f 3625 3631 3624
f 3612 3632 3606
f 3632 3633 3606
f 3606 3633 3604
f 3633 3634 3604
f 3604 3634 3616
f 3634 3635 3616
f 3616 3635 3617
f 3577 3543 3533
f 3543 3636 3533
f 3533 3636 3534
f 3445 3444 3544
f 3444 3545 3544
f 3544 3545 3561
f 3545 3637 3561
f 3561 3637 3563
f 3637 3638 3563
f 3563 3638 3565
f 3638 3639 3565
f 3565 3639 3572
f 3639 3640 3572
f 3572 3640 3570
f 3640 3641 3570
f 3570 3641 3568
f 3641 3642 3568
f 3643 3644 3645
f 3644 3646 3645
f 3645 3646 3647
f 3647 3526 3645
f 3526 3528 3645
f 3645 3528 3648
f 3528 3649 3648
f 3648 3649 3650
f 3649 3651 3650
f 3652 3653 3535
f 3653 3654 3535
f 3535 3654 3551
f 3527 3652 3528
f 3652 3535 3528
f 3528 3535 3649
f 3535 3537 3649
f 3649 3537 3651
f 3537 3585 3651
f 3655 3656 3534
f 3657 3658 3636
f 3658 3659 3636
f 3636 3659 3534
f 3659 3660 3534
f 3534 3660 3655
f 3656 3523 3534
f 3523 3525 3534
f 3534 3525 3532
f 3525 3530 3532
f 3532 3530 3579
f 3530 3584 3579
f 3661 3662 3531
f 3524 3663 3525
f 3663 3664 3525
f 3525 3664 3531
f 3664 3665 3531
f 3531 3665 3661
f 3662 3643 3531
f 3643 3645 3531
f 3531 3645 3529
f 3645 3648 3529
f 3529 3648 3580
f 3648 3650 3580
f 3521 3666 3522
f 3666 3667 3522
f 3522 3667 3668
f 3667 3669 3668
f 3668 3669 3670
f 3671 3672 3673
f 3672 3674 3673
f 3673 3674 3675
f 3671 3676 3672
f 3676 3677 3672
f 3672 3677 3522
f 3677 3678 3522
f 3522 3678 3520
f 3679 3680 3681
f 3680 3556 3681
f 3681 3556 3682
f 3556 3558 3682
f 3679 3683 3680
f 3683 3684 3680
f 3680 3684 3674
f 3684 3685 3674
f 3674 3685 3675
f 3542 3568 3543
f 3568 3642 3543
f 3543 3642 3636
f 3642 3686 3636
f 3636 3686 3657
f 3443 3448 3545
f 3448 3554 3545
f 3545 3554 3637
f 3554 3556 3637
f 3637 3556 3638
f 3556 3680 3638
f 3638 3680 3639
f 3680 3674 3639
f 3639 3674 3640
f 3674 3672 3640
f 3640 3672 3641
f 3672 3522 3641
f 3641 3522 3642
f 3522 3668 3642
f 3642 3668 3686
f 3670 3687 3668
f 3687 3688 3668
f 3668 3688 3686
f 3621 3627 3518
f 3627 3689 3518
f 3518 3689 3519
f 3546 3690 3547
f 3690 3623 3547
f 3547 3623 3588
f 3623 3622 3588
f 3690 3691 3623
f 3691 3692 3623
f 3623 3692 3625
f 3692 3693 3625
f 3625 3693 3629
f 3693 3694 3629
f 3694 3695 3629
f 3629 3695 3627
f 3695 3696 3627
f 3627 3696 3689
f 3519 3697 3517
f 3697 3698 3517
f 3517 3698 3616
f 3698 3699 3616
f 3616 3699 3604
f 3699 3700 3604
f 3604 3700 3605
f 3701 3702 3703
f 3702 3704 3703
f 3703 3704 3705
f 3706 3690 3707
f 3690 3546 3707
f 3707 3546 3704
f 3546 3548 3704
f 3704 3548 3705
f 3708 3692 3709
f 3692 3691 3709
f 3709 3691 3710
f 3691 3690 3710
f 3710 3690 3711
f 3690 3706 3711
f 3708 3712 3692
f 3712 3713 3692
f 3692 3713 3693
f 3713 3714 3693
f 3693 3714 3694
f 3714 3715 3694
f 3694 3715 3695
f 3715 3716 3695
f 3716 3717 3695
f 3695 3717 3696
f 3717 3718 3696
f 3696 3718 3689
f 3718 3719 3689
f 3719 3720 3689
f 3720 3721 3689
f 3689 3721 3519
f 3721 3722 3519
f 3519 3722 3697
f 3722 3723 3697
f 3697 3723 3698
f 3723 3724 3698
f 3724 3725 3698
f 3698 3725 3699
f 3725 3726 3699
f 3726 3727 3699
f 3727 3728 3699
f 3699 3728 3700
f 3728 3729 3700
f 3700 3729 3605
f 3729 3730 3605
f 3730 3731 3605
f 3605 3731 3607
f 3731 3608 3607
f 3732 3733 3734
f 3735 3736 3737
f 3738 3739 3740
f 3741 3742 3743
f 3744 3745 3746
f 3747 3748 3749
f 3750 3751 3752
f 3753 3754 3755
f 3756 3757 3758
f 2322 3759 3760
f 2330 2329 3761
f 2246 3762 3735
f 2259 2142 3763
f 3763 3764 2259
f 3764 3765 2259
f 2259 3765 2256
f 3765 2257 2256
f 2338 2337 3736
f 2337 3766 3736
f 3736 3766 3737
f 3766 2335 3737
f 3737 2335 2336
f 3762 2332 3735
f 2332 2333 3735
f 3735 2333 3736
f 2333 2339 3736
f 3736 2339 2338
f 2249 3767 3768
f 3767 2325 3768
f 3768 2325 3761
f 2325 2331 3761
f 3761 2331 2330
f 3760 3759 3769
f 3759 2327 3769
f 3769 2327 2326
f 2352 2351 3770
f 2351 2350 3770
f 2350 2324 3770
f 3770 2324 3760
f 2324 2323 3760
f 3760 2323 2322
f 2340 3771 2341
f 3771 3739 2341
f 2341 3739 2342
f 3739 3772 2342
f 2344 2345 3773
f 2345 2346 3773
f 3774 2295 3775
f 2295 2349 3775
f 2349 2348 3775
f 3775 2348 2347
f 2303 2301 3776
f 2303 3776 2305
f 2314 2312 3777
f 2312 2310 3777
f 3777 2310 3778
f 2310 3779 3778
f 3778 3779 2307
f 3780 3781 3782
f 2316 3782 2318
f 3782 3781 2318
f 2318 3781 2320
f 3756 3783 3757
f 3783 3784 3757
f 3757 3784 3782
f 3784 3785 3782
f 3782 3785 3780
f 3786 3787 3788
f 3786 3788 3789
f 3788 3790 3789
f 3789 3790 3791
f 3753 3792 3754
f 3792 3793 3754
f 3754 3793 3786
f 3793 3794 3786
f 3786 3794 3787
f 3795 3796 3755
f 3796 3797 3755
f 3755 3797 3753
f 3798 3799 3800
f 3801 3802 3803
f 3802 3804 3803
f 3750 3752 3805
f 3806 3807 3808
f 3809 3810 3811
f 3809 3811 3812
f 3813 3814 3815
f 3816 3817 3818
f 3120 3817 3552
f 3817 3816 3552
f 3552 3816 3553
f 3819 3820 3821
f 3820 3822 3821
f 3821 3822 3816
f 3822 3555 3816
f 3816 3555 3553
f 3823 3824 3825
f 3824 3826 3825
f 3825 3826 3827
f 3828 3671 3829
f 3829 3830 3831
f 3830 3832 3831
f 3831 3832 3823
f 3833 3677 3676
f 3834 3521 3835
f 3521 3520 3835
f 3835 3520 3833
f 3520 3678 3833
f 3833 3678 3677
f 3836 3837 3835
f 3837 3838 3835
f 3835 3838 3834
f 3839 3840 3841
f 3840 3842 3841
f 3841 3842 3843
f 3839 3841 3844
f 3841 3845 3844
f 3844 3845 3846
f 3847 3848 3849
f 3847 3849 3850
f 3851 3852 3853
f 3852 3854 3853
f 3853 3854 3855
f 3856 3857 3858
f 3858 3859 3856
f 3859 3860 3856
f 3856 3860 3854
f 3860 3861 3854
f 3854 3861 3855
f 3857 3856 3862
f 3856 3863 3862
f 3862 3863 3864
f 3865 3647 3863
f 3647 3646 3863
f 3863 3646 3864
f 3653 3652 3866
f 3652 3527 3866
f 3866 3527 3867
f 3653 3866 3654
f 3866 3868 3654
f 3654 3868 3551
f 3869 3549 3868
f 3549 3550 3868
f 3868 3550 3551
f 3870 3871 3872
f 3871 3548 3872
f 3873 3874 3869
f 3874 3875 3869
f 3869 3875 3876
f 3701 3870 3876
f 3870 3872 3876
f 3876 3872 3869
f 3872 3548 3869
f 3869 3548 3549
f 3877 3878 3879
f 3878 3880 3879
f 3880 3881 3879
f 3879 3881 3882
f 3883 3884 3733
f 3884 3885 3733
f 3883 3733 3886
f 3733 3732 3886
f 3886 3732 3887
f 3888 3889 3732
f 3889 3890 3732
f 3732 3890 3887
f 3891 3892 3893
f 3893 3892 3749
f 3892 3894 3749
f 3749 3894 3747
f 3895 3896 3893
f 3896 3897 3893
f 3893 3897 3891
f 3898 3899 3900
f 3899 3901 3900
f 3900 3901 3902
f 3901 3903 3902
f 3902 3903 3904
f 3905 3906 3907
f 3907 3908 3905
f 3908 3909 3905
f 3905 3909 3910
f 3911 3746 3912
f 3746 3913 3912
f 3914 3915 3916
f 3913 3746 3916
f 3746 3745 3916
f 3916 3745 3914
f 3917 3918 3919
f 3918 3920 3919
f 3917 3921 3918
f 3921 3922 3918
f 3918 3922 3920
f 3923 3924 3917
f 3924 3925 3917
f 3917 3925 3921
f 3926 3927 3928
f 3929 3930 3931
f 3930 3932 3931
f 3763 3933 3764
f 3933 3737 3764
f 3764 3737 3765
f 3737 2336 3765
f 3765 2336 2257
f 3829 3831 3828
f 3831 3934 3828
f 3828 3934 3935
f 3823 3825 3831
f 3825 3936 3831
f 3831 3936 3934
f 3936 3937 3934
f 3934 3937 3935
f 3818 3938 3816
f 3938 3813 3816
f 3816 3813 3821
f 3813 3815 3821
f 3821 3815 3939
f 3815 3940 3939
f 3939 3940 3941
f 3940 3942 3941
f 3941 3942 3943
f 3814 3812 3815
f 3812 3811 3815
f 3815 3811 3940
f 3811 3944 3940
f 3940 3944 3942
f 3944 3945 3942
f 3942 3945 3943
f 3807 3805 3808
f 3805 3752 3808
f 3808 3752 3946
f 3752 3947 3946
f 3946 3947 3948
f 3949 3801 3950
f 3801 3803 3950
f 3950 3803 3951
f 3803 3952 3951
f 3951 3952 3953
f 3804 3954 3803
f 3954 3955 3803
f 3803 3955 3952
f 3955 3956 3952
f 3952 3956 3953
f 3957 3742 3958
f 3742 3741 3958
f 3958 3741 3959
f 3960 3959 3961
f 3959 3741 3961
f 3961 3741 3962
f 3741 3743 3962
f 3962 3743 3963
f 3964 3960 3965
f 3960 3961 3965
f 3965 3961 3966
f 3961 3962 3966
f 3966 3962 3967
f 3962 3963 3967
f 3967 3963 3968
f 2346 3772 3773
f 3772 3739 3773
f 3773 3739 3969
f 3739 3738 3969
f 3969 3738 3970
f 2329 3971 3761
f 3971 3972 3761
f 3761 3972 3768
f 3972 3973 3768
f 3768 3973 2249
f 2340 2352 3771
f 2352 3770 3771
f 3771 3770 3739
f 3770 3760 3739
f 3739 3760 3740
f 3760 3769 3740
f 3740 3769 3973
f 3769 2326 3973
f 3973 2326 2249
f 2347 2344 3775
f 2344 3773 3775
f 3775 3773 3974
f 3773 3969 3974
f 3974 3969 3975
f 3969 3970 3975
f 3975 3970 3976
f 2301 3774 3776
f 3774 3775 3776
f 3776 3775 3977
f 3775 3974 3977
f 3977 3974 3978
f 3974 3975 3978
f 3978 3975 3979
f 3975 3976 3979
f 3979 3976 3980
f 3791 3758 3789
f 3758 3757 3789
f 3789 3757 3777
f 3757 3782 3777
f 3777 3782 2314
f 3782 2316 2314
f 2307 2305 3778
f 2305 3776 3778
f 3778 3776 3777
f 3776 3977 3777
f 3777 3977 3789
f 3977 3978 3789
f 3789 3978 3786
f 3978 3979 3786
f 3786 3979 3754
f 3979 3980 3754
f 3754 3980 3755
f 3980 3800 3755
f 3755 3800 3795
f 3800 3799 3795
f 3981 3982 3902
f 3920 3744 3919
f 3744 3746 3919
f 3919 3746 3905
f 3746 3911 3905
f 3905 3911 3906
f 3902 3982 3900
f 3982 3983 3900
f 3900 3983 3984
f 3983 3985 3984
f 3984 3985 3986
f 3985 3987 3986
f 3986 3987 3988
f 3989 3990 3991
f 3990 3992 3991
f 3991 3992 3993
f 3992 3994 3993
f 3993 3994 3995
f 3994 3996 3995
f 3995 3996 3997
f 3996 3998 3997
f 3999 3923 3988
f 3923 3917 3988
f 3988 3917 3986
f 3917 3919 3986
f 3986 3919 3984
f 3919 3905 3984
f 3984 3905 3900
f 3905 3910 3900
f 3900 3910 3898
f 3999 3998 4000
f 3998 3996 4000
f 4000 3996 4001
f 3996 3994 4001
f 4001 3994 4002
f 3994 3992 4002
f 4002 3992 4003
f 3992 3990 4003
f 2329 2246 3971
f 2246 3735 3971
f 3971 3735 4004
f 3735 3737 4004
f 4004 3737 3931
f 3737 3933 3931
f 3931 3933 3929
f 3932 4005 3931
f 4005 4006 3931
f 3931 4006 4004
f 4006 4007 4004
f 4004 4007 3971
f 4007 4008 3971
f 3971 4008 3972
f 4008 4009 3972
f 3972 4009 3973
f 4009 3964 3973
f 3973 3964 3740
f 3964 3965 3740
f 3740 3965 3738
f 3965 3966 3738
f 3738 3966 3970
f 3966 3967 3970
f 3970 3967 3976
f 3967 3968 3976
f 3976 3968 3980
f 3954 3798 3955
f 3798 3800 3955
f 3955 3800 3956
f 3800 3980 3956
f 3956 3980 3953
f 3980 3968 3953
f 3953 3968 4010
f 3968 3963 4010
f 4010 3963 4011
f 3963 3743 4011
f 4011 3743 4012
f 3743 3742 4012
f 4012 3742 4013
f 3742 3957 4013
f 4013 3957 4014
f 3957 3958 4014
f 4014 3958 4015
f 3958 3959 4015
f 4015 3959 4016
f 3959 3960 4016
f 4016 3960 4017
f 3960 3964 4017
f 4017 3964 4018
f 3964 4009 4018
f 4018 4009 4019
f 4009 4008 4019
f 4019 4008 4020
f 4008 4007 4020
f 4020 4007 4021
f 4007 4006 4021
f 4021 4006 3926
f 4006 4005 3926
f 3926 4005 3927
f 3867 3647 3866
f 3647 3865 3866
f 3866 3865 3868
f 3865 3879 3868
f 3868 3879 3869
f 3879 3882 3869
f 3869 3882 3873
f 3904 3895 3902
f 3895 3893 3902
f 3902 3893 3981
f 3893 3749 3981
f 3981 3749 4022
f 3852 4023 3854
f 4023 4024 3854
f 3854 4024 3856
f 4024 4025 3856
f 3856 4025 3863
f 4025 4026 3863
f 3863 4026 3865
f 4026 4027 3865
f 3865 4027 3879
f 4027 4028 3879
f 3879 4028 3877
f 4023 4029 4024
f 4029 3734 4024
f 4024 3734 4025
f 3734 3733 4025
f 4025 3733 4026
f 3733 3885 4026
f 4026 3885 4027
f 3885 4030 4027
f 4027 4030 4028
f 3851 3850 3852
f 3850 3849 3852
f 3852 3849 4023
f 3849 4031 4023
f 4023 4031 4029
f 4031 4032 4029
f 4029 4032 3734
f 4032 4022 3734
f 3734 4022 3732
f 4022 3749 3732
f 3732 3749 3888
f 3749 3748 3888
f 4033 4034 4035
f 4034 4036 4035
f 4035 4036 4037
f 4036 4038 4037
f 4037 4038 4039
f 4038 3836 4039
f 4039 3836 4040
f 3836 3835 4040
f 4040 3835 3935
f 3835 3833 3935
f 3935 3833 3828
f 3833 3676 3828
f 3828 3676 3671
f 3810 3806 3811
f 3806 3808 3811
f 3811 3808 3944
f 3808 3946 3944
f 3944 3946 3945
f 3946 3948 3945
f 3945 3948 3943
f 3948 4041 3943
f 3943 4041 4042
f 4041 4043 4042
f 4042 4043 4044
f 4043 4045 4044
f 4044 4045 4046
f 4045 4047 4046
f 4046 4047 4048
f 4047 4049 4048
f 4048 4049 4050
f 4049 4051 4050
f 4050 4051 4052
f 4051 4053 4052
f 4052 4033 4050
f 4033 4035 4050
f 4050 4035 4048
f 4035 4037 4048
f 4048 4037 4046
f 4037 4039 4046
f 4046 4039 4044
f 4039 4040 4044
f 4044 4040 4042
f 4040 3935 4042
f 4042 3935 3943
f 3935 3937 3943
f 3943 3937 3941
f 3937 3936 3941
f 3941 3936 3939
f 3936 3825 3939
f 3939 3825 3821
f 3825 3827 3821
f 3821 3827 3819
f 3843 3837 3841
f 3837 3836 3841
f 3841 3836 3845
f 3836 4038 3845
f 3845 4038 4054
f 4038 4036 4054
f 4054 4036 4055
f 4036 4034 4055
f 4055 4034 4056
f 4034 4033 4056
f 4056 4033 3989
f 4033 4052 3989
f 3989 4052 3990
f 4052 4053 3990
f 3990 4053 4003
f 3999 3988 3998
f 3988 3987 3998
f 3998 3987 3997
f 3987 3985 3997
f 3997 3985 3995
f 3985 3983 3995
f 3995 3983 3993
f 3983 3982 3993
f 3993 3982 3991
f 3982 3981 3991
f 3991 3981 3989
f 3981 4022 3989
f 3989 4022 4056
f 4022 4032 4056
f 4056 4032 4055
f 4032 4031 4055
f 4055 4031 4054
f 4031 3849 4054
f 4054 3849 3845
f 3849 3848 3845
f 3845 3848 3846
f 3751 3949 3752
f 3949 3950 3752
f 3752 3950 3947
f 3950 3951 3947
f 3947 3951 3948
f 3951 3953 3948
f 3948 3953 4041
f 3953 4010 4041
f 4041 4010 4043
f 4010 4011 4043
f 4043 4011 4045
f 4011 4012 4045
f 4045 4012 4047
f 4012 4013 4047
f 4047 4013 4049
f 4013 4014 4049
f 4049 4014 4051
f 4014 4015 4051
f 4051 4015 4053
f 4015 4016 4053
f 4053 4016 4003
f 4016 4017 4003
f 4003 4017 4002
f 4017 4018 4002
f 4002 4018 4001
f 4018 4019 4001
f 4001 4019 4000
f 4019 4020 4000
f 4000 4020 3999
f 4020 4021 3999
f 3999 4021 3923
f 4021 3926 3923
f 3923 3926 3924
f 3926 3928 3924
f 4057 4058 4059
f 4060 4061 4062
f 4063 4064 4065
f 2132 2131 4066
f 2180 4067 4068
f 4069 2195 2953
f 4069 2953 2197
f 2953 4059 2197
f 2197 4059 2199
f 2186 2191 4070
f 2191 2193 4070
f 4070 2193 4059
f 2193 2200 4059
f 4059 2200 2199
f 2186 4071 2187
f 4071 2189 2187
f 2189 4071 2190
f 4071 4072 2190
f 2190 4072 2183
f 4067 2177 4068
f 2177 2185 4068
f 4068 2185 4072
f 2185 2184 4072
f 4072 2184 2183
f 4073 2180 4062
f 4074 2175 4062
f 2175 2174 4062
f 4062 2174 4073
f 2168 2167 4074
f 2167 2171 4074
f 2171 2170 4074
f 4074 2170 2175
f 2166 2165 4075
f 2165 2169 4075
f 4075 2169 2168
f 2160 2159 4076
f 2159 2158 4076
f 2160 4077 2162
f 4077 4066 2162
f 2162 4066 2163
f 4066 2131 2163
f 2154 2152 4078
f 2152 2150 4078
f 4078 2150 4079
f 2150 2149 4079
f 4079 2149 2156
f 2148 2147 4080
f 2147 2146 4080
f 4080 2146 4078
f 2146 2155 4078
f 4078 2155 2154
f 4081 3933 4082
f 4082 3933 2139
f 3933 4083 2139
f 2139 4083 2142
f 2139 2138 4082
f 2138 2145 4082
f 4082 2145 4080
f 2145 2144 4080
f 4080 2144 2148
f 4064 4084 4085
f 4086 3915 4087
f 4086 4087 4084
f 4087 4088 4084
f 4084 4088 4085
f 4063 4065 4089
f 4065 4090 4089
f 4089 4090 4091
f 4092 4093 4090
f 4093 4094 4090
f 4090 4094 4091
f 4095 4096 4092
f 4096 4097 4092
f 4092 4097 4093
f 4098 4099 4079
f 4100 4098 4066
f 4098 4079 4066
f 4066 4079 2132
f 4079 2156 2132
f 4095 4092 4101
f 4092 4102 4101
f 4101 4102 4099
f 4103 4104 4077
f 4104 4105 4077
f 4077 4105 4066
f 4105 4106 4066
f 4066 4106 4100
f 2160 4076 4077
f 4076 4107 4077
f 4077 4107 4103
f 4108 4109 4076
f 4109 4110 4076
f 4076 4110 4107
f 4111 4108 4075
f 4108 4076 4075
f 4075 4076 2166
f 4076 2158 2166
f 2168 4074 4075
f 4074 4112 4075
f 4075 4112 4111
f 4061 4113 4062
f 4113 4114 4062
f 4062 4114 4074
f 4114 4115 4074
f 4074 4115 4112
f 2180 4068 4062
f 4068 4116 4062
f 4062 4116 4060
f 4117 4118 4072
f 4118 4119 4072
f 4072 4119 4068
f 4119 4120 4068
f 4068 4120 4116
f 4117 4072 4121
f 4072 4071 4121
f 4121 4071 4122
f 2186 4070 4071
f 4070 4123 4071
f 4071 4123 4122
f 4058 4124 4059
f 4124 4125 4059
f 4059 4125 4070
f 4125 4126 4070
f 4070 4126 4123
f 2975 4057 2974
f 4057 4059 2974
f 2974 4059 2952
f 4059 2953 2952
f 4127 4128 4129
f 4130 4131 4082
f 4131 4132 4082
f 4082 4132 4081
f 4078 4133 4080
f 4133 4127 4080
f 4080 4127 4082
f 4127 4129 4082
f 4082 4129 4130
f 4064 4085 4065
f 4085 4134 4065
f 4065 4134 4135
f 4136 4137 4127
f 4137 4138 4127
f 4127 4138 4128
f 4099 4102 4079
f 4102 4092 4079
f 4079 4092 4078
f 4092 4090 4078
f 4078 4090 4133
f 4090 4065 4133
f 4133 4065 4127
f 4065 4135 4127
f 4127 4135 4136
f 2086 2085 4139
f 4140 4141 4142
f 4143 4144 4145
f 4146 4147 4148
f 4149 4150 4151
f 4152 4153 4154
f 4155 4156 4154
f 4157 4158 4159
f 4160 4161 4162
f 1658 1663 4163
f 4164 4165 4166
f 4165 4167 4166
f 4166 4167 4168
f 4169 4170 4167
f 4170 4171 4167
f 4167 4171 4168
f 4172 4173 4174
f 4175 4176 4177
f 4176 4172 4177
f 4177 4172 4178
f 4172 4174 4178
f 4145 4179 4180
f 4180 4181 4145
f 4181 4182 4145
f 4145 4182 4183
f 4179 4145 4184
f 4145 4185 4184
f 4184 4185 4186
f 4163 4187 4188
f 4189 4190 4191
f 4190 4192 4191
f 4191 4192 4193
f 4188 4189 4163
f 4189 4191 4163
f 4163 4191 1658
f 4191 4194 1658
f 4187 4163 3468
f 4163 4195 3468
f 3468 4195 4196
f 1663 1661 4163
f 1661 4197 4163
f 4163 4197 4195
f 4197 4198 4195
f 4195 4198 4199
f 4164 4200 4165
f 4200 4201 4165
f 4165 4201 4195
f 4201 4202 4195
f 4195 4202 4196
f 4199 4203 4195
f 4203 4204 4195
f 4195 4204 4165
f 4204 4205 4165
f 4165 4205 4206
f 4206 4207 4165
f 4207 4208 4165
f 4165 4208 4167
f 4208 4209 4167
f 4209 4210 4167
f 4210 4211 4167
f 4167 4211 4169
f 4211 4212 4169
f 4212 4213 4169
f 4169 4213 4214
f 4215 4216 4169
f 4216 4217 4169
f 4169 4217 4170
f 4214 4218 4169
f 4218 4219 4169
f 4169 4219 4215
f 4219 4220 4215
f 4221 4215 4222
f 4221 4223 4215
f 4223 4224 4215
f 4215 4224 4216
f 4225 4226 4227
f 4226 4228 4227
f 4227 4228 4222
f 4228 4229 4222
f 4222 4229 4221
f 4220 4230 4215
f 4230 4231 4215
f 4215 4231 4222
f 4231 4232 4222
f 4222 4232 4233
f 4233 4234 4222
f 4234 4235 4222
f 4222 4235 4227
f 4235 4236 4227
f 4227 4236 4237
f 4225 4227 4238
f 4227 4239 4238
f 4238 4239 4240
f 4237 4241 4227
f 4241 4242 4227
f 4227 4242 4239
f 4242 4243 4239
f 4239 4243 4244
f 4245 4246 4247
f 4246 4248 4247
f 4247 4248 4239
f 4248 4249 4239
f 4239 4249 4240
f 4250 4247 4251
f 4247 4239 4251
f 4251 4239 4252
f 4239 4244 4252
f 4175 4253 4176
f 4253 4254 4176
f 4176 4254 4162
f 4254 4255 4162
f 4162 4255 4256
f 4250 4257 4247
f 4257 4258 4247
f 4247 4258 4259
f 4256 4245 4162
f 4245 4247 4162
f 4162 4247 4160
f 4247 4259 4160
f 4161 4260 4162
f 4260 4261 4162
f 4162 4261 4176
f 4261 4262 4176
f 4263 4172 4264
f 4172 4176 4264
f 4264 4176 4265
f 4176 4262 4265
f 4263 4266 4172
f 4266 4267 4172
f 4172 4267 4268
f 4268 4269 4172
f 4269 4270 4172
f 4172 4270 4271
f 4272 4273 4271
f 4273 4274 4271
f 4271 4274 4172
f 4274 4275 4172
f 4172 4275 4173
f 4270 4276 4271
f 4276 4277 4271
f 4271 4277 4278
f 4278 4279 4271
f 4279 4159 4271
f 4271 4159 4272
f 4159 4158 4272
f 4279 4280 4159
f 4280 4281 4159
f 4159 4281 4282
f 4153 4157 4154
f 4157 4159 4154
f 4154 4159 4155
f 4159 4282 4155
f 4283 4284 4285
f 4284 4286 4285
f 4285 4286 4154
f 4286 4287 4154
f 4154 4287 4152
f 4156 4288 4154
f 4288 4289 4154
f 4154 4289 4285
f 4289 4290 4285
f 4291 4292 4293
f 4292 4294 4293
f 4293 4294 4285
f 4294 4295 4285
f 4285 4295 4283
f 4296 4293 4297
f 4293 4285 4297
f 4297 4285 4298
f 4285 4290 4298
f 4291 4293 4299
f 4293 4300 4299
f 4299 4300 4301
f 4302 4303 4300
f 4303 4304 4300
f 4300 4304 4301
f 4296 4305 4293
f 4305 4306 4293
f 4293 4306 4300
f 4306 4307 4300
f 4300 4307 4302
f 4308 4309 4303
f 4309 4310 4303
f 4303 4310 4304
f 4308 4303 4311
f 4303 4312 4311
f 4311 4312 4313
f 4314 4312 4315
f 4312 4303 4315
f 4315 4303 4316
f 4303 4302 4316
f 4151 4317 4312
f 4317 4318 4312
f 4312 4318 4313
f 4314 4319 4312
f 4319 4320 4312
f 4312 4320 4151
f 4320 4321 4151
f 4151 4321 4149
f 4322 4323 4151
f 4323 4324 4151
f 4151 4324 4317
f 4150 4325 4151
f 4325 4148 4151
f 4151 4148 4322
f 4148 4147 4322
f 4182 4326 4183
f 4326 4327 4183
f 4183 4327 4328
f 4325 4329 4148
f 4329 4330 4148
f 4148 4330 4331
f 4328 4146 4183
f 4146 4148 4183
f 4183 4148 4332
f 4148 4331 4332
f 4332 4333 4183
f 4333 4334 4183
f 4183 4334 4145
f 4334 4335 4145
f 4145 4335 4143
f 4336 4337 4338
f 4337 4339 4338
f 4338 4339 4185
f 4339 4340 4185
f 4185 4340 4186
f 4144 4341 4145
f 4341 4342 4145
f 4145 4342 4185
f 4342 4343 4185
f 4185 4343 4338
f 4343 4344 4338
f 4344 4345 4338
f 4345 4346 4338
f 4338 4346 4336
f 4346 4347 4336
f 4348 4349 4350
f 4349 4351 4350
f 4350 4351 4346
f 4351 4352 4346
f 4346 4352 4347
f 4345 4353 4346
f 4353 4354 4346
f 4346 4354 4350
f 4354 4355 4350
f 4348 4350 4356
f 4350 4357 4356
f 4356 4357 4358
f 4355 4359 4350
f 4359 4360 4350
f 4350 4360 4357
f 4360 4361 4357
f 4362 4363 4357
f 4363 4364 4357
f 4357 4364 4358
f 4365 4366 4362
f 4366 4367 4362
f 4362 4367 4363
f 4361 4368 4357
f 4368 4369 4357
f 4357 4369 4362
f 4369 4370 4362
f 4362 4370 4371
f 4372 4365 4373
f 4365 4362 4373
f 4373 4362 4374
f 4362 4371 4374
f 4375 4376 4377
f 4375 4377 4373
f 4377 4378 4373
f 4373 4378 4372
f 4379 4375 4380
f 4375 4373 4380
f 4380 4373 4381
f 4373 4374 4381
f 4382 4383 4384
f 4382 4384 4375
f 4384 4385 4375
f 4375 4385 4376
f 4386 4382 4387
f 4382 4375 4387
f 4387 4375 4388
f 4375 4379 4388
f 4141 4389 4142
f 4389 4390 4142
f 4142 4390 4382
f 4390 4391 4382
f 4382 4391 4383
f 4392 4140 4393
f 4140 4142 4393
f 4393 4142 4394
f 4386 4395 4382
f 4395 4396 4382
f 4382 4396 4142
f 4396 4397 4142
f 4142 4397 4394
f 2949 4398 4399
f 4398 4400 4399
f 4399 4400 4393
f 4400 4401 4393
f 4393 4401 4402
f 4394 2080 4393
f 2080 2079 4393
f 4393 2079 4399
f 2079 2083 4399
f 4139 2975 4399
f 2975 2950 4399
f 4399 2950 2949
f 2083 2084 4399
f 2084 2088 4399
f 4399 2088 4139
f 2088 2087 4139
f 4139 2087 2086
f 4403 4404 4405
f 4406 4407 4408
f 4409 4410 4411
f 4412 4413 4414
f 4415 4416 4417
f 4418 4419 4420
f 4421 4422 4423
f 4424 4425 4426
f 4427 4428 4429
f 4430 4431 4432
f 4431 4433 4432
f 4434 4435 4436
f 4435 4432 4436
f 4436 4432 4437
f 4432 4433 4437
f 4438 4439 4440
f 4441 4442 4443
f 4442 4444 4443
f 4443 4444 4445
f 4446 4447 4429
f 4447 4448 4429
f 4429 4448 4444
f 4448 4449 4444
f 4444 4449 4445
f 1305 1427 4450
f 1427 1426 4450
f 4450 1426 4191
f 1426 4194 4191
f 4451 4452 4453
f 4452 4454 4453
f 4454 4455 4453
f 4455 4456 4453
f 4453 4456 4457
f 4456 4458 4457
f 4193 4459 4191
f 4459 4460 4191
f 4191 4460 4450
f 4460 4461 4450
f 4450 4461 4462
f 4463 4464 3597
f 4464 4450 3597
f 3597 4450 3598
f 4450 4462 3598
f 4465 4466 4464
f 4466 4467 4464
f 4464 4467 4450
f 4467 1306 4450
f 4450 1306 1305
f 4463 4468 4464
f 4468 4469 4464
f 4464 4469 4429
f 4469 4470 4429
f 4429 4470 4446
f 4428 4471 4429
f 4471 4472 4429
f 4429 4472 4464
f 4472 4473 4464
f 4464 4473 4465
f 4474 4475 4444
f 4475 4476 4444
f 4444 4476 4429
f 4476 4477 4429
f 4429 4477 4427
f 4478 4479 4442
f 4479 4480 4442
f 4480 4481 4442
f 4442 4481 4444
f 4481 4482 4444
f 4444 4482 4474
f 4441 4483 4442
f 4483 4484 4442
f 4442 4484 4426
f 4484 4485 4426
f 4426 4485 4486
f 4425 4487 4426
f 4487 4488 4426
f 4426 4488 4442
f 4488 4489 4442
f 4442 4489 4478
f 4486 4490 4426
f 4490 4491 4426
f 4426 4491 4423
f 4422 1396 4423
f 1396 4492 4423
f 4423 4492 4426
f 4492 4493 4426
f 4426 4493 4424
f 4491 4494 4423
f 4494 4495 4423
f 4423 4495 4420
f 4495 4496 4420
f 4420 4496 4497
f 4419 4498 4420
f 4498 4499 4420
f 4420 4499 4423
f 4499 4500 4423
f 4423 4500 4421
f 4497 4501 4420
f 4501 4502 4420
f 4420 4502 4503
f 4502 4504 4503
f 4505 4506 4503
f 4506 4507 4503
f 4503 4507 4420
f 4507 4508 4420
f 4420 4508 4418
f 4504 4509 4503
f 4509 4510 4503
f 4503 4510 4417
f 4510 4511 4417
f 4416 4512 4417
f 4512 4513 4417
f 4417 4513 4503
f 4513 4514 4503
f 4503 4514 4505
f 4511 4515 4417
f 4515 4516 4417
f 4417 4516 4517
f 4516 4518 4517
f 4519 4520 4517
f 4520 4521 4517
f 4517 4521 4417
f 4521 4522 4417
f 4417 4522 4415
f 4518 4523 4517
f 4523 4524 4517
f 4517 4524 4438
f 4524 4525 4438
f 4438 4525 4439
f 4438 4526 4527
f 4438 4527 4517
f 4527 4528 4517
f 4517 4528 4519
f 4529 4530 4438
f 4530 4531 4438
f 4438 4531 4526
f 4440 4430 4438
f 4430 4432 4438
f 4438 4432 4529
f 4432 4532 4529
f 4533 4534 4435
f 4534 4535 4435
f 4435 4535 4432
f 4535 4536 4432
f 4432 4536 4537
f 4537 4538 4432
f 4538 4539 4432
f 4432 4539 4532
f 4434 4540 4435
f 4540 4541 4435
f 4435 4541 4542
f 4541 4543 4542
f 4544 4545 4542
f 4545 4546 4542
f 4542 4546 4435
f 4546 4547 4435
f 4435 4547 4533
f 4548 4549 4550
f 4549 4551 4550
f 4550 4551 4542
f 4551 4552 4542
f 4542 4552 4544
f 4543 4553 4542
f 4553 4554 4542
f 4542 4554 4550
f 4554 4555 4550
f 4550 4555 4556
f 4556 4557 4550
f 4557 4558 4550
f 4550 4558 4559
f 4558 4560 4559
f 4559 4561 4562
f 4559 4562 4550
f 4562 4563 4550
f 4550 4563 4548
f 4412 4414 4564
f 4560 4565 4559
f 4565 4566 4559
f 4559 4566 4564
f 4567 4568 4559
f 4568 4569 4559
f 4559 4569 4561
f 4564 4414 4559
f 4414 4570 4559
f 4559 4570 4567
f 4571 4411 4572
f 4411 4414 4572
f 4572 4414 4573
f 4414 4413 4573
f 4410 4574 4411
f 4574 4575 4411
f 4411 4575 4414
f 4575 4576 4414
f 4414 4576 4570
f 4571 4577 4411
f 4577 4578 4411
f 4411 4578 4579
f 4578 4580 4579
f 4409 4411 4581
f 4411 4579 4581
f 4581 4579 4582
f 4580 4583 4579
f 4583 4584 4579
f 4579 4584 4585
f 4584 4586 4585
f 4585 4586 4587
f 4588 4589 4585
f 4589 4590 4585
f 4585 4590 4579
f 4590 4591 4579
f 4579 4591 4582
f 4587 4592 4585
f 4592 4593 4585
f 4585 4593 4594
f 4593 4595 4594
f 4594 4595 4596
f 4597 4598 4594
f 4598 4599 4594
f 4594 4599 4585
f 4599 4600 4585
f 4585 4600 4588
f 4407 4601 4408
f 4601 4602 4408
f 4408 4602 4594
f 4602 4603 4594
f 4594 4603 4597
f 4596 4604 4594
f 4604 4605 4594
f 4594 4605 4408
f 4605 4606 4408
f 4408 4606 4607
f 4607 4608 4408
f 4608 4609 4408
f 4408 4609 4456
f 4609 4610 4456
f 4456 4610 4458
f 4455 4611 4456
f 4611 4612 4456
f 4456 4612 4408
f 4612 4613 4408
f 4408 4613 4406
f 4457 4614 4453
f 4614 4615 4453
f 4453 4615 4616
f 4617 4618 4453
f 4618 4619 4453
f 4453 4619 4451
f 4616 4620 4453
f 4620 4621 4453
f 4453 4621 4617
f 4621 4622 4617
f 4617 4622 4623
f 4622 4624 4623
f 4623 4624 4625
f 4403 4405 4626
f 4627 4628 4623
f 4628 4629 4623
f 4623 4629 4617
f 4629 4630 4617
f 4617 4630 4618
f 4625 4626 4623
f 4626 4405 4623
f 4623 4405 4627
f 4405 4631 4627
f 4404 4632 4405
f 4632 4633 4405
f 4405 4633 4634
f 4633 4635 4634
f 4634 4635 4636
f 4631 4405 4637
f 4405 4634 4637
f 4637 4634 4638
f 4639 4640 4641
f 4640 4634 4641
f 4641 4634 4642
f 4634 4636 4642
f 4643 4644 4640
f 4644 4645 4640
f 4640 4645 4634
f 4645 4646 4634
f 4634 4646 4638
f 4647 4648 4649
f 4639 4650 4640
f 4650 4651 4640
f 4640 4651 4647
f 4647 4649 4640
f 4649 4652 4640
f 4640 4652 4643
f 4653 4654 4655
f 4654 4649 4655
f 4655 4649 4656
f 4649 4648 4656
f 4654 4657 4658
f 4658 4659 4654
f 4659 4660 4654
f 4654 4660 4649
f 4660 4661 4649
f 4649 4661 4652
f 4653 4662 4654
f 4662 4663 4654
f 4654 4663 4664
f 4663 4665 4664
f 4664 4665 4666
f 4657 4654 4667
f 4654 4664 4667
f 4667 4664 4668
f 4669 4670 4671
f 4670 4664 4671
f 4671 4664 4672
f 4664 4666 4672
f 4673 4674 4670
f 4674 4675 4670
f 4670 4675 4664
f 4675 4676 4664
f 4664 4676 4668
f 4669 4677 4670
f 4677 4678 4670
f 4670 4678 4679
f 4678 4680 4679
f 4679 4680 4681
f 4682 4683 4679
f 4683 4684 4679
f 4679 4684 4670
f 4684 4685 4670
f 4670 4685 4673
f 4681 4686 4679
f 4686 4687 4679
f 4679 4687 4688
f 4682 4679 2104
f 4679 4688 2104
f 2104 4688 2091
f 4687 4689 4688
f 4689 4690 4688
f 4688 4690 4691
f 4690 4692 4691
f 4691 4692 4124
f 2095 2092 4691
f 2092 2093 4691
f 4691 2093 4688
f 2093 2094 4688
f 4688 2094 2091
f 2975 4139 4057
f 4139 4691 4057
f 4057 4691 4058
f 4691 4124 4058
f 2085 2098 4139
f 2098 2097 4139
f 4139 2097 4691
f 2097 2096 4691
f 4691 2096 2095
f 564 563 4693
f 563 3559 4693
f 4693 3559 4694
f 3559 3560 4694
f 4694 3560 4695
f 3560 3562 4695
f 4695 3562 4696
f 3562 3564 4696
f 4696 3564 4697
f 3564 3567 4697
f 4697 3567 4698
f 3567 3566 4698
f 4698 3566 4699
f 3566 3574 4699
f 4700 4701 4702
f 4701 4703 4702
f 4702 4703 4704
f 4703 4705 4704
f 4704 4705 4706
f 4705 4707 4706
f 4706 4707 4708
f 4707 4709 4708
f 4708 4709 4710
f 4709 4711 4710
f 4710 4711 4712
f 4711 4713 4712
f 4712 4713 3574
f 4713 4714 3574
f 3574 4714 4699
f 3582 4715 4716
f 4715 4717 4716
f 4716 4717 4718
f 4717 4719 4718
f 4718 4719 4720
f 4719 4721 4720
f 4720 4721 4722
f 4721 4723 4722
f 4722 4723 4724
f 4723 4725 4724
f 4724 4725 4700
f 4725 4726 4700
f 4700 4726 4701
f 4727 4728 3650
f 4728 4729 3650
f 3650 4729 3580
f 4729 4730 3580
f 3580 4730 3581
f 4730 4731 3581
f 3581 4731 3582
f 4731 4732 3582
f 3582 4732 4715
f 3650 3651 4727
f 3651 3585 4727
f 4727 3585 4733
f 3585 3586 4733
f 4733 3586 4734
f 3586 3587 4734
f 4734 3587 4735
f 4735 3587 4736
f 3587 3588 4736
f 4736 3588 4737
f 3588 3622 4737
f 4737 3622 4738
f 3622 3624 4738
f 4738 3624 4739
f 3628 4740 3630
f 4740 4741 3630
f 4739 3624 4741
f 3624 3631 4741
f 4741 3631 3630
f 3620 4742 3621
f 4742 4743 3621
f 3621 4743 3626
f 4743 4744 3626
f 3626 4744 3628
f 4744 4745 3628
f 3628 4745 4740
f 3632 4746 3633
f 4746 4747 3633
f 3633 4747 3634
f 4747 4748 3634
f 3634 4748 3635
f 4748 4749 3635
f 3635 4749 3617
f 4749 4750 3617
f 3617 4750 3618
f 4750 4751 3618
f 3618 4751 3619
f 4751 4752 3619
f 3619 4752 3620
f 4752 4753 3620
f 3620 4753 4742
f 4754 4755 3610
f 4755 4756 3610
f 3610 4756 3611
f 4756 4757 3611
f 3611 4757 3612
f 4757 4758 3612
f 3612 4758 3632
f 4758 4759 3632
f 3632 4759 4746
f 3609 473 474
f 3610 3615 4754
f 3615 3614 4754
f 4754 3614 4760
f 3614 3613 4760
f 4760 3613 4761
f 3613 3609 4761
f 4761 3609 4762
f 3609 474 4762
f 4763 4764 4765
f 4766 4767 4768
f 4768 4767 4769
f 4770 4771 4765
f 4770 4765 4772
f 4773 4765 4774
f 4765 4775 4774
f 4776 4765 4777
f 4765 4778 4777
f 4779 4780 4767
f 4781 4782 4783
f 4784 4785 4765
f 4785 4786 4765
f 4787 4788 4765
f 4764 4789 4765
f 4789 4790 4765
f 4765 4790 4775
f 4791 4792 4776
f 4792 4793 4776
f 4779 4767 4794
f 4780 4795 4767
f 4795 4796 4767
f 4767 4796 4797
f 4797 4798 4767
f 4798 4799 4767
f 4767 4799 4800
f 4801 4802 4783
f 4802 4803 4783
f 4786 4804 4765
f 4804 4805 4765
f 4765 4805 4772
f 4771 4806 4765
f 4806 4807 4765
f 4765 4807 4808
f 4773 4809 4765
f 4809 4810 4765
f 4765 4810 4811
f 4811 4812 4765
f 4812 4813 4765
f 4765 4813 4778
f 4814 4776 4815
f 4814 4816 4776
f 4816 4817 4776
f 4776 4817 4818
f 4793 4819 4776
f 4819 4820 4776
f 4776 4820 4821
f 4800 4822 4767
f 4822 4823 4767
f 4767 4823 4769
f 4766 4768 4783
f 4768 4824 4783
f 4783 4824 4801
f 4803 4825 4783
f 4825 4826 4783
f 4783 4826 4781
f 4827 4784 4828
f 4784 4765 4828
f 4828 4765 4767
f 4765 4829 4767
f 4767 4829 4794
f 4808 4830 4765
f 4830 4831 4765
f 4765 4831 4832
f 4833 4834 4835
f 4815 4836 4814
f 4836 4837 4814
f 4814 4837 4838
f 4837 4839 4838
f 4818 4840 4776
f 4840 4841 4776
f 4776 4841 4842
f 4821 4843 4776
f 4843 4844 4776
f 4776 4844 4765
f 4782 4845 4783
f 4845 4846 4783
f 4783 4846 4847
f 4832 4848 4765
f 4848 4849 4765
f 4765 4849 4787
f 4765 4850 4851
f 4852 4837 4853
f 4837 4854 4853
f 4852 4855 4837
f 4855 4856 4837
f 4837 4856 4839
f 4842 4857 4776
f 4857 4858 4776
f 4776 4858 4859
f 4860 4861 4776
f 4861 4862 4776
f 4776 4862 4791
f 4863 4864 4847
f 4864 4865 4847
f 4847 4865 4783
f 4865 4866 4783
f 4783 4866 4867
f 4788 4868 4765
f 4868 4869 4765
f 4765 4869 4850
f 4851 4870 4765
f 4870 4871 4765
f 4765 4871 4763
f 4854 4837 4835
f 4837 4872 4835
f 4835 4872 4833
f 4834 4873 4835
f 4873 4874 4835
f 4835 4874 4875
f 4874 4876 4875
f 4859 4877 4776
f 4877 4878 4776
f 4776 4878 4879
f 4879 4880 4776
f 4880 4881 4776
f 4776 4881 4860
f 4882 4883 4884
f 4883 4885 4884
f 4884 4885 4886
f 4887 4888 4884
f 4888 4889 4884
f 4884 4889 4882
f 4890 4891 4884
f 4892 4893 4884
f 4893 4894 4884
f 4884 4894 4895
f 4886 4896 4884
f 4896 4897 4884
f 4884 4897 4898
f 4899 4900 4884
f 4900 4901 4884
f 4884 4901 4902
f 4902 4903 4884
f 4903 4904 4884
f 4884 4904 4905
f 4891 4906 4884
f 4906 4907 4884
f 4884 4907 4892
f 4908 4909 4884
f 4909 4910 4884
f 4911 4912 4884
f 4912 4913 4884
f 4884 4913 4914
f 4914 4915 4884
f 4915 4916 4884
f 4884 4916 4917
f 4918 4919 4884
f 4919 4920 4884
f 4921 4884 4922
f 4884 4923 4922
f 4921 4924 4884
f 4924 4925 4884
f 4884 4925 4887
f 4895 4926 4884
f 4926 4927 4884
f 4884 4927 4928
f 4928 4929 4884
f 4929 4930 4884
f 4884 4930 4908
f 4910 4931 4884
f 4931 4932 4884
f 4884 4932 4933
f 4934 4935 4884
f 4935 4936 4884
f 4884 4936 4937
f 4937 4938 4884
f 4938 4939 4884
f 4884 4939 4911
f 4917 4940 4884
f 4940 4941 4884
f 4884 4941 4918
f 4923 4884 4942
f 4884 4920 4942
f 4942 4920 4943
f 4884 4944 4945
f 4945 4946 4884
f 4946 4947 4884
f 4884 4947 4948
f 4948 4949 4884
f 4949 4950 4884
f 4884 4950 4899
f 4951 4952 4884
f 4952 4953 4884
f 4884 4953 4890
f 4933 4954 4884
f 4954 4955 4884
f 4884 4955 4934
f 4905 4956 4884
f 4956 4957 4884
f 4884 4957 4958
f 4957 4959 4958
f 4898 4960 4884
f 4960 4961 4884
f 4884 4961 4962
f 4962 4963 4884
f 4963 4964 4884
f 4884 4964 4965
f 4965 4966 4884
f 4966 4967 4884
f 4884 4967 4968
f 4968 4969 4884
f 4969 4970 4884
f 4884 4970 4971
f 4951 4884 4972
f 4884 4973 4972
f 4972 4973 4974
f 4971 4975 4884
f 4975 4976 4884
f 4884 4976 4944
f 4977 4959 4978
f 4977 4979 4959
f 4979 4980 4959
f 4959 4980 4958
f 4974 4981 4972
f 4981 4982 4972
f 4972 4982 4983
f 4978 4984 4977
f 4984 4985 4977
f 4977 4985 4986
f 4985 4987 4986
f 4988 4989 4990
f 4989 4991 4990
f 4990 4991 4992
f 4993 4994 4995
f 4994 4996 4995
f 4995 4996 4997
f 4998 4999 5000
f 4998 5000 5001
f 5000 5002 5001
f 5001 5002 5003
f 5004 5005 5006
f 5007 5008 5009
f 5008 5010 5009
f 5009 5010 5011
f 5012 5013 5014
f 5013 5015 5014
f 5016 5017 5018
f 5017 5019 5018
f 5020 5021 5022

