# https://github.com/mikedh/trimesh
v -0.01132354 0.10681331 -0.10182280
v -0.00927298 0.10685151 -0.10322059
v -0.01132280 0.10632960 -0.10174949
v -0.00928199 0.10636600 -0.10314039
v -0.01132268 0.10632801 -0.10174940
v -0.00723937 0.10640461 -0.10453289
v -0.00723936 0.10640481 -0.10453289
v -0.00722212 0.10687130 -0.10461579
v -0.00722245 0.10689020 -0.10461839
v -0.00722212 0.10687130 -0.10461579
v -0.00722245 0.10689000 -0.10461950
v -0.01073426 0.10616131 -0.10601130
v -0.00723936 0.10640481 -0.10453289
v -0.01074826 0.10567670 -0.10592349
v -0.01425455 0.10494831 -0.10731289
v -0.01424597 0.10543181 -0.10740289
v -0.01132267 0.09993297 -0.13796410
v -0.01132341 0.10041671 -0.13803740
v -0.00927343 0.10046010 -0.13943560
v -0.00928297 0.09997435 -0.13935500
v -0.01132254 0.09993123 -0.13796390
v -0.00722382 0.10050760 -0.14083410
v -0.00724176 0.10002201 -0.14074780
v -0.00724178 0.10002160 -0.14074780
v -0.00724176 0.10002201 -0.14074780
v -0.00722382 0.10050760 -0.14083410
v -0.01075197 0.09924328 -0.14212920
v -0.01073731 0.09972809 -0.14221679
v -0.01425785 0.09845292 -0.14350640
v -0.01424927 0.09893632 -0.14359630
v -0.01279335 0.11081450 -0.07499769
v -0.01280187 0.11129641 -0.07507299
v -0.01279338 0.11110631 -0.07333169
v -0.01280189 0.11158821 -0.07340679
v -0.01279341 0.11139801 -0.07166540
v -0.01280192 0.11187990 -0.07174070
v -0.01122257 0.11208821 -0.07177319
v -0.01123114 0.11160270 -0.07169740
v -0.01280192 0.11187990 -0.07174070
v -0.01201356 0.11149950 -0.07168119
v -0.01279341 0.11139801 -0.07166540
v -0.01279330 0.11139670 -0.07166520
v -0.01123119 0.11106570 -0.07476600
v -0.01123121 0.11106440 -0.07476589
v -0.01123119 0.11133291 -0.07323159
v -0.01122259 0.11181971 -0.07330749
v -0.01122261 0.11155121 -0.07484179
v -0.01123117 0.11160141 -0.07169729
v -0.01123114 0.11160270 -0.07169740
v -0.01122257 0.11208821 -0.07177319
v -0.01122261 0.11155121 -0.07484179
v -0.00979292 0.11174000 -0.07487130
v -0.01123119 0.11106570 -0.07476600
v -0.00978441 0.11125821 -0.07479609
v -0.01050909 0.11116111 -0.07478089
v -0.00978429 0.11125690 -0.07479580
v -0.00978441 0.11125821 -0.07479609
v -0.00979292 0.11174000 -0.07487130
v -0.00978443 0.11152650 -0.07326190
v -0.00979294 0.11200841 -0.07333700
v -0.00978444 0.11179481 -0.07172740
v -0.00979296 0.11227671 -0.07180270
v -0.00850046 0.11196280 -0.07175360
v -0.00978433 0.11179351 -0.07172720
v -0.00978444 0.11179481 -0.07172740
v -0.00979296 0.11227671 -0.07180270
v -0.00722278 0.11261561 -0.07185560
v -0.00721427 0.11213380 -0.07178030
v -0.00721416 0.11213251 -0.07178010
v -0.00722281 0.11292300 -0.07010029
v -0.00721430 0.11244410 -0.07000819
v -0.00722278 0.11261561 -0.07185560
v -0.00721428 0.11228870 -0.07089419
v -0.00721427 0.11213380 -0.07178030
v -0.01073532 0.11198221 -0.06991940
v -0.00721419 0.11244291 -0.07000799
v -0.00721430 0.11244410 -0.07000819
v -0.01425377 0.11152190 -0.06983090
v -0.01424520 0.11200431 -0.06992370
v -0.01073400 0.11246361 -0.07001199
v -0.00722281 0.11292300 -0.07010029
v -0.01425389 0.11062031 -0.07496730
v -0.01425392 0.11061890 -0.07496719
v -0.01425387 0.11106981 -0.07239390
v -0.01425380 0.11152051 -0.06983059
v -0.01425377 0.11152190 -0.06983090
v -0.01424532 0.11110570 -0.07504319
v -0.01424520 0.11200431 -0.06992370
v -0.01424532 0.11110570 -0.07504319
v -0.01280187 0.11129641 -0.07507299
v -0.01425389 0.11062031 -0.07496730
v -0.01279335 0.11081450 -0.07499769
v -0.01352491 0.11071660 -0.07498240
v -0.01279324 0.11081321 -0.07499749
v -0.00722281 0.11292300 -0.07010029
v -0.00722278 0.11261561 -0.07185560
v -0.00979296 0.11227671 -0.07180270
v -0.00979292 0.11174000 -0.07487130
v -0.01122261 0.11155121 -0.07484179
v -0.00979294 0.11200841 -0.07333700
v -0.01122259 0.11181971 -0.07330749
v -0.01122257 0.11208821 -0.07177319
v -0.01073400 0.11246361 -0.07001199
v -0.01424520 0.11200431 -0.06992370
v -0.01280192 0.11187990 -0.07174070
v -0.01424532 0.11110570 -0.07504319
v -0.01280189 0.11158821 -0.07340679
v -0.01280187 0.11129641 -0.07507299
v -0.01098554 0.11069260 -0.07993049
v -0.01096204 0.11069851 -0.07991520
v -0.00918543 0.11108880 -0.07906619
v -0.01087249 0.11072770 -0.07981790
v -0.01081799 0.11074550 -0.07975869
v -0.01077939 0.11076310 -0.07968789
v -0.01071075 0.11079441 -0.07956219
v -0.01070380 0.11080001 -0.07953610
v -0.01064216 0.11084891 -0.07930419
v -0.01061205 0.11113581 -0.07768859
v -0.00918545 0.11132461 -0.07771809
v -0.01061207 0.11090770 -0.07899200
v -0.01063061 0.11085811 -0.07926069
v -0.00722270 0.11116981 -0.08013049
v -0.00722268 0.11082141 -0.08212399
v -0.00820406 0.11112921 -0.07959829
v -0.00837743 0.11079390 -0.08138130
v -0.00953219 0.11076651 -0.08063870
v -0.01179092 0.11054721 -0.08013450
v -0.01172429 0.11055530 -0.08014019
v -0.01146397 0.11059460 -0.08011830
v -0.01137359 0.11060821 -0.08011059
v -0.01127182 0.11062820 -0.08007589
v -0.01113879 0.11065420 -0.08003039
v -0.01111363 0.11066050 -0.08001400
v -0.00722273 0.11158420 -0.07775860
v -0.00722274 0.11189100 -0.07600300
v -0.01424533 0.11096850 -0.07582569
v -0.01280182 0.11084611 -0.07764329
v -0.01424540 0.11042811 -0.07890849
v -0.01280180 0.11061860 -0.07894160
v -0.01276944 0.11056621 -0.07926579
v -0.01416079 0.11029870 -0.07971200
v -0.01276270 0.11055530 -0.07933340
v -0.01414005 0.11026700 -0.07990910
v -0.01271285 0.11053711 -0.07947569
v -0.01402271 0.11022310 -0.08025010
v -0.01266302 0.11051900 -0.07961799
v -0.01392415 0.11018631 -0.08053649
v -0.01264527 0.11051671 -0.07964460
v -0.01254663 0.11050431 -0.07979240
v -0.01384041 0.11017450 -0.08066909
v -0.01253777 0.11050320 -0.07980569
v -0.01361812 0.11014310 -0.08102079
v -0.01244426 0.11050120 -0.07988960
v -0.01232551 0.11050220 -0.07997599
v -0.01324137 0.11013231 -0.08137660
v -0.01238126 0.11049991 -0.07994610
v -0.01334246 0.11013521 -0.08128109
v -0.01360980 0.11014290 -0.08102870
v -0.00974588 0.11068030 -0.08096400
v -0.01001214 0.11059411 -0.08124890
v -0.01190810 0.11053300 -0.08012449
v -0.00971725 0.11068960 -0.08093339
v -0.01004940 0.11058201 -0.08128880
v -0.01034273 0.11050841 -0.08148240
v -0.01047213 0.11047590 -0.08156779
v -0.01072234 0.11042640 -0.08165600
v -0.01099260 0.11037301 -0.08175129
v -0.01115278 0.11034840 -0.08176660
v -0.01178442 0.11025171 -0.08182719
v -0.01229862 0.11019111 -0.08177470
v -0.01200527 0.11052440 -0.08009809
v -0.01230531 0.11019031 -0.08177409
v -0.01218280 0.11050870 -0.08005000
v -0.01267569 0.11015960 -0.08166009
v -0.01219311 0.11050780 -0.08004719
v -0.01284083 0.11014590 -0.08160929
v -0.01302763 0.11013961 -0.08150079
v -0.00819668 0.11097111 -0.07766279
v -0.00917682 0.11084141 -0.07764259
v -0.00917694 0.11084270 -0.07764280
v -0.00918545 0.11132461 -0.07771809
v -0.00722273 0.11158420 -0.07775860
v -0.00721422 0.11110241 -0.07768339
v -0.00721410 0.11110110 -0.07768319
v -0.00722274 0.11189100 -0.07600300
v -0.00721423 0.11141211 -0.07591099
v -0.00722273 0.11158420 -0.07775860
v -0.00721422 0.11125731 -0.07679719
v -0.00721422 0.11110241 -0.07768339
v -0.00721423 0.11141211 -0.07591099
v -0.00722274 0.11189100 -0.07600300
v -0.01424533 0.11096850 -0.07582569
v -0.00721412 0.11141080 -0.07591070
v -0.01073536 0.11094831 -0.07582179
v -0.01425391 0.11048610 -0.07573300
v -0.01425391 0.11048610 -0.07573300
v -0.01424533 0.11096850 -0.07582569
v -0.01424540 0.11042811 -0.07890849
v -0.01425393 0.11048471 -0.07573269
v -0.01425396 0.11021631 -0.07726409
v -0.01425399 0.10994281 -0.07882389
v -0.01230531 0.11019031 -0.08177409
v -0.01229862 0.11019111 -0.08177470
v -0.01229941 0.10970740 -0.08169219
v -0.01178442 0.11025171 -0.08182719
v -0.01178442 0.10976741 -0.08175160
v -0.01238223 0.10969771 -0.08168260
v -0.01253954 0.10968320 -0.08164280
v -0.01267569 0.11015960 -0.08166009
v -0.01267750 0.10967441 -0.08158529
v -0.01284083 0.11014590 -0.08160929
v -0.01303720 0.10965140 -0.08143530
v -0.01302763 0.11013961 -0.08150079
v -0.01303814 0.10965140 -0.08143469
v -0.01324137 0.11013231 -0.08137660
v -0.01325810 0.10964660 -0.08129040
v -0.01334246 0.11013521 -0.08128109
v -0.01334902 0.10964921 -0.08120429
v -0.01361719 0.10965700 -0.08095050
v -0.01360980 0.11014290 -0.08102870
v -0.01361812 0.11014310 -0.08102079
v -0.01361854 0.10965700 -0.08094920
v -0.01384041 0.11017450 -0.08066909
v -0.01373479 0.10966791 -0.08079670
v -0.01384601 0.10968911 -0.08058889
v -0.01392415 0.11018631 -0.08053649
v -0.01399979 0.10971840 -0.08030149
v -0.01402271 0.11022310 -0.08025010
v -0.01403885 0.10973591 -0.08017129
v -0.01414005 0.11026700 -0.07990910
v -0.01416545 0.10979271 -0.07974909
v -0.01416079 0.11029870 -0.07971200
v -0.01417688 0.10981200 -0.07962969
v -0.00953219 0.11076651 -0.08063870
v -0.00952887 0.11028321 -0.08056689
v -0.00971725 0.11068960 -0.08093339
v -0.00962900 0.11023961 -0.08073750
v -0.00974588 0.11068030 -0.08096400
v -0.00973674 0.11019861 -0.08088760
v -0.00975115 0.11019320 -0.08090769
v -0.01001214 0.11059411 -0.08124890
v -0.01001195 0.11011240 -0.08116549
v -0.01004940 0.11058201 -0.08128880
v -0.01012478 0.11007741 -0.08127699
v -0.01034273 0.11050841 -0.08148240
v -0.01030493 0.11003100 -0.08140130
v -0.01033209 0.11002511 -0.08141360
v -0.01047213 0.11047590 -0.08156779
v -0.01071658 0.10994191 -0.08158869
v -0.01072234 0.11042640 -0.08165600
v -0.01077693 0.10992881 -0.08161619
v -0.01099260 0.11037301 -0.08175129
v -0.01106316 0.10987651 -0.08169119
v -0.01115278 0.11034840 -0.08176660
v -0.01115010 0.10986341 -0.08169850
v -0.00837743 0.11079390 -0.08138130
v -0.00722268 0.11082141 -0.08212399
v -0.00721417 0.11033841 -0.08205560
v -0.00721393 0.11033631 -0.08205540
v -0.00837217 0.11030871 -0.08131050
v -0.00953219 0.11076651 -0.08063870
v -0.00952887 0.11028321 -0.08056689
v -0.00952870 0.11028131 -0.08056669
v -0.00722270 0.11116981 -0.08013049
v -0.00721419 0.11069031 -0.08004170
v -0.00722268 0.11082141 -0.08212399
v -0.00721418 0.11051430 -0.08104879
v -0.00721417 0.11033841 -0.08205560
v -0.00819653 0.11064901 -0.07950889
v -0.00721416 0.11068960 -0.08004159
v -0.00721419 0.11069031 -0.08004170
v -0.00722270 0.11116981 -0.08013049
v -0.00820406 0.11112921 -0.07959829
v -0.00917692 0.11060930 -0.07897740
v -0.00917688 0.11060860 -0.07897729
v -0.00918543 0.11108880 -0.07906619
v -0.00918545 0.11132461 -0.07771809
v -0.00917694 0.11084270 -0.07764280
v -0.00918543 0.11108880 -0.07906619
v -0.00917693 0.11072600 -0.07831019
v -0.00917692 0.11060930 -0.07897740
v -0.01061205 0.11113581 -0.07768859
v -0.01062063 0.11065040 -0.07761270
v -0.01280182 0.11084611 -0.07764329
v -0.01170826 0.11050651 -0.07759030
v -0.01279331 0.11036420 -0.07756799
v -0.01279320 0.11036291 -0.07756779
v -0.01280182 0.11084611 -0.07764329
v -0.01279331 0.11036420 -0.07756799
v -0.01280180 0.11061860 -0.07894160
v -0.01279330 0.11025190 -0.07820910
v -0.01279329 0.11013820 -0.07885800
v -0.01279279 0.11012980 -0.07890679
v -0.01276944 0.11056621 -0.07926579
v -0.01275660 0.11008680 -0.07918009
v -0.01276270 0.11055530 -0.07933340
v -0.01273938 0.11006630 -0.07930999
v -0.01271285 0.11053711 -0.07947569
v -0.01271382 0.11005540 -0.07939219
v -0.01271152 0.11005440 -0.07939959
v -0.01266302 0.11051900 -0.07961799
v -0.01263451 0.11003740 -0.07955580
v -0.01264527 0.11051671 -0.07964460
v -0.01260024 0.11002981 -0.07962530
v -0.01254663 0.11050431 -0.07979240
v -0.01254084 0.11002411 -0.07970370
v -0.01253777 0.11050320 -0.07980569
v -0.01253004 0.11002311 -0.07971789
v -0.01244426 0.11050120 -0.07988960
v -0.01243920 0.11002090 -0.07979980
v -0.01238307 0.11001961 -0.07985049
v -0.01238126 0.11049991 -0.07994610
v -0.01232338 0.11002090 -0.07988890
v -0.01232551 0.11050220 -0.07997599
v -0.01231839 0.11002101 -0.07989210
v -0.01219311 0.11050780 -0.08004719
v -0.01217779 0.11002910 -0.07995410
v -0.01218280 0.11050870 -0.08005000
v -0.01210472 0.11003331 -0.07998629
v -0.01203870 0.11003891 -0.08000529
v -0.01200527 0.11052440 -0.08009809
v -0.01200506 0.11004271 -0.08000979
v -0.01190810 0.11053300 -0.08012449
v -0.01179004 0.11006660 -0.08003889
v -0.01179092 0.11054721 -0.08013450
v -0.01172429 0.11007400 -0.08004769
v -0.01172429 0.11055530 -0.08014019
v -0.01146541 0.11011281 -0.08002580
v -0.01146397 0.11059460 -0.08011830
v -0.01137892 0.11012581 -0.08001849
v -0.01137359 0.11060821 -0.08011059
v -0.01133325 0.11013380 -0.08000770
v -0.01127182 0.11062820 -0.08007589
v -0.01127447 0.11014570 -0.07998480
v -0.01113879 0.11065420 -0.08003039
v -0.01111675 0.11017770 -0.07992359
v -0.01111363 0.11066050 -0.08001400
v -0.01110903 0.11017930 -0.07992059
v -0.01101931 0.11020121 -0.07986459
v -0.01098554 0.11069260 -0.07993049
v -0.01099191 0.11020930 -0.07983929
v -0.01096204 0.11069851 -0.07991520
v -0.01087497 0.11024390 -0.07973159
v -0.01087249 0.11072770 -0.07981790
v -0.01087017 0.11024531 -0.07972720
v -0.01081799 0.11074550 -0.07975869
v -0.01082152 0.11026281 -0.07966439
v -0.01077939 0.11076310 -0.07968789
v -0.01078680 0.11027891 -0.07959939
v -0.01071075 0.11079441 -0.07956219
v -0.01071475 0.11031221 -0.07946459
v -0.01070380 0.11080001 -0.07953610
v -0.01071009 0.11031550 -0.07944909
v -0.01064216 0.11084891 -0.07930419
v -0.01065590 0.11035451 -0.07926829
v -0.01065108 0.11036381 -0.07921879
v -0.01063061 0.11085811 -0.07926069
v -0.01062067 0.11042241 -0.07890750
v -0.01061207 0.11090770 -0.07899200
v -0.01062066 0.11053641 -0.07825619
v -0.01061205 0.11113581 -0.07768859
v -0.01062063 0.11065040 -0.07761270
v -0.01062065 0.11064901 -0.07761259
v -0.01239697 0.10943271 -0.08602580
v -0.01424552 0.10933780 -0.08512690
v -0.01113931 0.10968480 -0.08556709
v -0.01073414 0.11006100 -0.08373420
v -0.00988165 0.10993690 -0.08510830
v -0.00988167 0.10959881 -0.08704060
v -0.00722260 0.10944700 -0.08998869
v -0.01113931 0.10951571 -0.08653320
v -0.01073404 0.10923240 -0.08846800
v -0.01424555 0.10901861 -0.08694749
v -0.00722266 0.11046770 -0.08414770
v -0.00786527 0.11033890 -0.08438319
v -0.00722268 0.11078341 -0.08234140
v -0.00850788 0.11021000 -0.08461860
v -0.00850785 0.10968980 -0.08759379
v -0.00786523 0.10973221 -0.08785389
v -0.00722262 0.10977460 -0.08811390
v -0.00849934 0.10921041 -0.08750439
v -0.00850785 0.10968980 -0.08759379
v -0.00849936 0.10946960 -0.08602250
v -0.00850788 0.11021000 -0.08461860
v -0.00849937 0.10972870 -0.08454069
v -0.00786527 0.11033890 -0.08438319
v -0.00722266 0.11046770 -0.08414770
v -0.00721415 0.10998640 -0.08406979
v -0.00721410 0.10998550 -0.08406959
v -0.00785783 0.10985650 -0.08430549
v -0.00850788 0.11021000 -0.08461860
v -0.00849937 0.10972870 -0.08454069
v -0.00849932 0.10972780 -0.08454049
v -0.00721415 0.10998640 -0.08406979
v -0.00722266 0.11046770 -0.08414770
v -0.00721416 0.11014580 -0.08315730
v -0.00722268 0.11078341 -0.08234140
v -0.00721417 0.11030520 -0.08224499
v -0.01073515 0.10957911 -0.08364129
v -0.00721397 0.11030350 -0.08224459
v -0.00721417 0.11030520 -0.08224499
v -0.01425410 0.10885431 -0.08503689
v -0.01424552 0.10933780 -0.08512690
v -0.01073414 0.11006100 -0.08373420
v -0.00722268 0.11078341 -0.08234140
v -0.01425414 0.10853310 -0.08686869
v -0.01425415 0.10853231 -0.08686860
v -0.01425413 0.10869291 -0.08595269
v -0.01425412 0.10885351 -0.08503669
v -0.01425410 0.10885431 -0.08503689
v -0.01424555 0.10901861 -0.08694749
v -0.01424552 0.10933780 -0.08512690
v -0.01073505 0.10874740 -0.08839259
v -0.01425414 0.10853310 -0.08686869
v -0.01424555 0.10901861 -0.08694749
v -0.01073404 0.10923240 -0.08846800
v -0.00722260 0.10944700 -0.08998869
v -0.00721409 0.10896441 -0.08991760
v -0.00721389 0.10896261 -0.08991740
v -0.00722262 0.10977460 -0.08811390
v -0.00721411 0.10929531 -0.08802450
v -0.00722260 0.10944700 -0.08998869
v -0.00721410 0.10912980 -0.08897110
v -0.00721409 0.10896441 -0.08991760
v -0.00785779 0.10925190 -0.08776379
v -0.00721406 0.10929441 -0.08802430
v -0.00721411 0.10929531 -0.08802450
v -0.00849934 0.10921041 -0.08750439
v -0.00849929 0.10920961 -0.08750419
v -0.00722262 0.10977460 -0.08811390
v -0.00786523 0.10973221 -0.08785389
v -0.00850785 0.10968980 -0.08759379
v -0.01237346 0.10895350 -0.08594230
v -0.01239697 0.10943271 -0.08602580
v -0.01113295 0.10920221 -0.08548980
v -0.01113931 0.10968480 -0.08556709
v -0.00989021 0.10945121 -0.08503640
v -0.00988165 0.10993690 -0.08510830
v -0.01239697 0.10943271 -0.08602580
v -0.01237346 0.10895350 -0.08594230
v -0.01113931 0.10951571 -0.08653320
v -0.01113295 0.10903541 -0.08644270
v -0.00988167 0.10959881 -0.08704060
v -0.00989024 0.10911741 -0.08694410
v -0.00989024 0.10911741 -0.08694410
v -0.00989027 0.10911570 -0.08694349
v -0.00989026 0.10928251 -0.08598989
v -0.00989025 0.10944941 -0.08503640
v -0.00989021 0.10945121 -0.08503640
v -0.00988167 0.10959881 -0.08704060
v -0.00988165 0.10993690 -0.08510830
v -0.00997787 0.10771220 -0.09490310
v -0.00997796 0.10771141 -0.09490289
v -0.01211706 0.10769941 -0.09329429
v -0.00995182 0.10819700 -0.09499630
v -0.01209872 0.10818500 -0.09338180
v -0.01424565 0.10817351 -0.09176730
v -0.01425424 0.10768801 -0.09168710
v -0.00997787 0.10771220 -0.09490310
v -0.00995182 0.10819700 -0.09499630
v -0.01211775 0.10742791 -0.09484849
v -0.01424571 0.10762661 -0.09488670
v -0.01425429 0.10714410 -0.09479390
v -0.01425432 0.10684800 -0.09648219
v -0.01425435 0.10684671 -0.09648210
v -0.01425433 0.10699470 -0.09563789
v -0.01425431 0.10714280 -0.09479359
v -0.01425429 0.10714410 -0.09479390
v -0.01424575 0.10733351 -0.09655810
v -0.01424571 0.10762661 -0.09488670
v -0.01073548 0.10731891 -0.09655580
v -0.01425432 0.10684800 -0.09648219
v -0.01424575 0.10733351 -0.09655810
v -0.00721391 0.10779011 -0.09662939
v -0.00721403 0.10779140 -0.09662959
v -0.00722254 0.10827331 -0.09670489
v -0.00722255 0.10854361 -0.09515820
v -0.00721404 0.10806391 -0.09507029
v -0.00722254 0.10827331 -0.09670489
v -0.00721403 0.10792770 -0.09585000
v -0.00721403 0.10779140 -0.09662959
v -0.00933448 0.10805311 -0.09346449
v -0.00721402 0.10806341 -0.09507020
v -0.00721404 0.10806391 -0.09507029
v -0.01145367 0.10804330 -0.09185980
v -0.01147932 0.10852340 -0.09193479
v -0.00935091 0.10853321 -0.09354649
v -0.00722255 0.10854361 -0.09515820
v -0.00721407 0.10860960 -0.09194830
v -0.00721396 0.10860821 -0.09194810
v -0.00933481 0.10832521 -0.09190390
v -0.00722258 0.10909141 -0.09202349
v -0.01147932 0.10852340 -0.09193479
v -0.01145367 0.10804330 -0.09185980
v -0.01145357 0.10804251 -0.09185969
v -0.00722260 0.10937941 -0.09037519
v -0.00721409 0.10890050 -0.09028320
v -0.00722258 0.10909141 -0.09202349
v -0.00721408 0.10875500 -0.09111570
v -0.00721407 0.10860960 -0.09194830
v -0.01073544 0.10843271 -0.09019320
v -0.00721398 0.10889921 -0.09028289
v -0.00721409 0.10890050 -0.09028320
v -0.01425419 0.10796650 -0.09010360
v -0.01424562 0.10844900 -0.09019639
v -0.01073411 0.10891421 -0.09028579
v -0.00722260 0.10937941 -0.09037519
v -0.01425424 0.10768801 -0.09168710
v -0.01425425 0.10768751 -0.09168710
v -0.01425423 0.10782631 -0.09089520
v -0.01425422 0.10796521 -0.09010330
v -0.01425419 0.10796650 -0.09010360
v -0.01424565 0.10817351 -0.09176730
v -0.01424562 0.10844900 -0.09019639
v -0.01424575 0.10733351 -0.09655810
v -0.01424571 0.10762661 -0.09488670
v -0.00722254 0.10827331 -0.09670489
v -0.00995182 0.10819700 -0.09499630
v -0.00722260 0.10937941 -0.09037519
v -0.00722258 0.10909141 -0.09202349
v -0.01073411 0.10891421 -0.09028579
v -0.01147932 0.10852340 -0.09193479
v -0.01424562 0.10844900 -0.09019639
v -0.00722255 0.10854361 -0.09515820
v -0.00935091 0.10853321 -0.09354649
v -0.01209872 0.10818500 -0.09338180
v -0.01424565 0.10817351 -0.09176730
v -0.00807844 0.10713111 -0.09971919
v -0.00894044 0.10701551 -0.09970109
v -0.00894050 0.10701641 -0.09970120
v -0.00721388 0.10724701 -0.09973730
v -0.00721399 0.10724830 -0.09973750
v -0.00722250 0.10773011 -0.09981280
v -0.00894377 0.10749930 -0.09977670
v -0.00722252 0.10803701 -0.09805670
v -0.00721401 0.10755810 -0.09796470
v -0.00722250 0.10773011 -0.09981280
v -0.00721400 0.10740320 -0.09885110
v -0.00721399 0.10724830 -0.09973750
v -0.01073549 0.10708810 -0.09787429
v -0.00721390 0.10755681 -0.09796440
v -0.00721401 0.10755810 -0.09796470
v -0.01425435 0.10661970 -0.09778430
v -0.01424577 0.10710221 -0.09787699
v -0.01073415 0.10756961 -0.09796690
v -0.00722252 0.10803701 -0.09805670
v -0.01425439 0.10630311 -0.09958979
v -0.01425441 0.10630181 -0.09958970
v -0.01425439 0.10646010 -0.09868679
v -0.01425437 0.10661841 -0.09778399
v -0.01425435 0.10661970 -0.09778430
v -0.01424581 0.10678860 -0.09966569
v -0.01424577 0.10710221 -0.09787699
v -0.01124255 0.10719121 -0.09972860
v -0.01126539 0.10670380 -0.09965240
v -0.01424581 0.10678860 -0.09966569
v -0.01276153 0.10650320 -0.09962109
v -0.01425439 0.10630311 -0.09958979
v -0.01126539 0.10670380 -0.09965240
v -0.01124255 0.10719121 -0.09972860
v -0.01274422 0.10676350 -0.10098869
v -0.01126548 0.10670291 -0.09965229
v -0.01276083 0.10627710 -0.10090719
v -0.01425445 0.10585141 -0.10216050
v -0.01424586 0.10633561 -0.10224879
v -0.01425450 0.10548270 -0.10426269
v -0.01425451 0.10548230 -0.10426269
v -0.01425448 0.10566671 -0.10321150
v -0.01425447 0.10548460 -0.10426269
v -0.01425446 0.10585100 -0.10216040
v -0.01425445 0.10585141 -0.10216050
v -0.01424591 0.10597101 -0.10432800
v -0.01424586 0.10633561 -0.10224879
v -0.01425447 0.10548460 -0.10426269
v -0.01424591 0.10597101 -0.10432800
v -0.01278967 0.10590700 -0.10300700
v -0.01278474 0.10639231 -0.10307550
v -0.01132280 0.10632960 -0.10174949
v -0.01132354 0.10681331 -0.10182280
v -0.00722245 0.10689020 -0.10461839
v -0.00722248 0.10725750 -0.10251690
v -0.00722212 0.10687130 -0.10461579
v -0.00721397 0.10677791 -0.10242880
v -0.00721394 0.10641201 -0.10452290
v -0.00721393 0.10609291 -0.10634840
v -0.00722244 0.10657421 -0.10642640
v -0.00722245 0.10689000 -0.10461950
v -0.00857733 0.10675251 -0.10149549
v -0.00721394 0.10677740 -0.10242869
v -0.00721397 0.10677791 -0.10242880
v -0.00722248 0.10725750 -0.10251690
v -0.00858767 0.10723260 -0.10158250
v -0.00995289 0.10720791 -0.10064810
v -0.00993905 0.10672800 -0.10056350
v -0.00993905 0.10672780 -0.10056350
v -0.00993905 0.10672800 -0.10056350
v -0.00995289 0.10720791 -0.10064810
v -0.00944052 0.10687201 -0.10013299
v -0.00944833 0.10735360 -0.10021240
v -0.00894050 0.10701641 -0.09970120
v -0.00894377 0.10749930 -0.09977670
v -0.00995289 0.10720791 -0.10064810
v -0.01274422 0.10676350 -0.10098869
v -0.00944833 0.10735360 -0.10021240
v -0.01124255 0.10719121 -0.09972860
v -0.00894377 0.10749930 -0.09977670
v -0.01424591 0.10597101 -0.10432800
v -0.01424586 0.10633561 -0.10224879
v -0.01278474 0.10639231 -0.10307550
v -0.01132354 0.10681331 -0.10182280
v -0.00927298 0.10685151 -0.10322059
v -0.00858767 0.10723260 -0.10158250
v -0.00722245 0.10689020 -0.10461839
v -0.00722248 0.10725750 -0.10251690
v -0.00722250 0.10773011 -0.09981280
v -0.00722252 0.10803701 -0.09805670
v -0.01073415 0.10756961 -0.09796690
v -0.01424581 0.10678860 -0.09966569
v -0.01424577 0.10710221 -0.09787699
v -0.01239589 0.10553010 -0.10830270
v -0.01424597 0.10543181 -0.10740289
v -0.01113893 0.10578441 -0.10784449
v -0.01073426 0.10616131 -0.10601130
v -0.00988196 0.10603850 -0.10738639
v -0.00988199 0.10570051 -0.10931779
v -0.00722238 0.10555340 -0.11226750
v -0.01113893 0.10561531 -0.10881019
v -0.01073414 0.10533250 -0.11074569
v -0.01424601 0.10511240 -0.10922400
v -0.00722244 0.10657421 -0.10642640
v -0.00786503 0.10644430 -0.10666160
v -0.00722245 0.10689000 -0.10461950
v -0.00850762 0.10631431 -0.10689689
v -0.01073426 0.10616131 -0.10601130
v -0.00722245 0.10689000 -0.10461950
v -0.00988196 0.10603850 -0.10738639
v -0.00850758 0.10579400 -0.10987170
v -0.00786499 0.10583761 -0.11013189
v -0.00722239 0.10588111 -0.11039219
v -0.00849907 0.10531470 -0.10978230
v -0.00850758 0.10579400 -0.10987170
v -0.00849909 0.10557380 -0.10830059
v -0.00850762 0.10631431 -0.10689689
v -0.00849911 0.10583291 -0.10681889
v -0.00786503 0.10644430 -0.10666160
v -0.00722244 0.10657421 -0.10642640
v -0.00721393 0.10609291 -0.10634840
v -0.00721387 0.10609211 -0.10634820
v -0.00785760 0.10596190 -0.10658389
v -0.00850762 0.10631431 -0.10689689
v -0.00849911 0.10583291 -0.10681889
v -0.00849905 0.10583210 -0.10681880
v -0.01425459 0.10462690 -0.10914529
v -0.01425461 0.10462610 -0.10914520
v -0.01425459 0.10478680 -0.10822889
v -0.01425457 0.10494751 -0.10731269
v -0.01425455 0.10494831 -0.10731289
v -0.01424601 0.10511240 -0.10922400
v -0.01424597 0.10543181 -0.10740289
v -0.01073517 0.10484751 -0.11067019
v -0.01425459 0.10462690 -0.10914529
v -0.01424601 0.10511240 -0.10922400
v -0.01073414 0.10533250 -0.11074569
v -0.00722238 0.10555340 -0.11226750
v -0.00721386 0.10507090 -0.11219639
v -0.00721365 0.10506901 -0.11219619
v -0.00722239 0.10588111 -0.11039219
v -0.00721388 0.10540181 -0.11030279
v -0.00722238 0.10555340 -0.11226750
v -0.00721387 0.10523630 -0.11124969
v -0.00721386 0.10507090 -0.11219639
v -0.00785756 0.10535730 -0.11004190
v -0.00721383 0.10540101 -0.11030259
v -0.00721388 0.10540181 -0.11030279
v -0.00849907 0.10531470 -0.10978230
v -0.00849902 0.10531380 -0.10978210
v -0.00722239 0.10588111 -0.11039219
v -0.00786499 0.10583761 -0.11013189
v -0.00850758 0.10579400 -0.10987170
v -0.01237239 0.10505101 -0.10821919
v -0.01239589 0.10553010 -0.10830270
v -0.01113258 0.10530170 -0.10776730
v -0.01113893 0.10578441 -0.10784449
v -0.00989053 0.10555291 -0.10731450
v -0.00988196 0.10603850 -0.10738639
v -0.01239589 0.10553010 -0.10830270
v -0.01237239 0.10505101 -0.10821919
v -0.01113893 0.10561531 -0.10881019
v -0.01113258 0.10513501 -0.10871980
v -0.00988199 0.10570051 -0.10931779
v -0.00989055 0.10521921 -0.10922129
v -0.00989055 0.10521921 -0.10922129
v -0.00989059 0.10521740 -0.10922070
v -0.00989057 0.10538421 -0.10826759
v -0.00989056 0.10555101 -0.10731440
v -0.00989053 0.10555291 -0.10731450
v -0.00988199 0.10570051 -0.10931779
v -0.00988196 0.10603850 -0.10738639
v -0.01146229 0.10301741 -0.12054739
v -0.01146232 0.10301600 -0.12054719
v -0.01146229 0.10330181 -0.11891540
v -0.01146226 0.10358761 -0.11728340
v -0.01146224 0.10358900 -0.11728349
v -0.01145366 0.10407451 -0.11735930
v -0.01145372 0.10350280 -0.12062320
v -0.01145372 0.10350280 -0.12062320
v -0.01002155 0.10369731 -0.12065359
v -0.01146229 0.10301741 -0.12054739
v -0.01001304 0.10321550 -0.12057829
v -0.01073899 0.10311561 -0.12056270
v -0.01001293 0.10321411 -0.12057809
v -0.01001304 0.10321550 -0.12057829
v -0.01002155 0.10369731 -0.12065359
v -0.01001307 0.10350110 -0.11894659
v -0.01002160 0.10426851 -0.11738969
v -0.01001309 0.10378670 -0.11731440
v -0.00864095 0.10445560 -0.11741890
v -0.00864953 0.10397011 -0.11734300
v -0.01002160 0.10426851 -0.11738969
v -0.00933263 0.10387761 -0.11732859
v -0.01001309 0.10378670 -0.11731440
v -0.01001297 0.10378541 -0.11731419
v -0.00864957 0.10331891 -0.12106640
v -0.00864960 0.10331750 -0.12106630
v -0.00864957 0.10364310 -0.11920469
v -0.00864955 0.10396881 -0.11734289
v -0.00864953 0.10397011 -0.11734300
v -0.00864095 0.10445560 -0.11741890
v -0.00864100 0.10380440 -0.12114219
v -0.00864100 0.10380440 -0.12114219
v -0.00722228 0.10399701 -0.12117239
v -0.00864957 0.10331891 -0.12106640
v -0.00721377 0.10351520 -0.12109710
v -0.00793300 0.10341620 -0.12108160
v -0.00721365 0.10351391 -0.12109689
v -0.00721377 0.10351520 -0.12109710
v -0.00722228 0.10399701 -0.12117239
v -0.00721380 0.10399560 -0.11834880
v -0.00722234 0.10495481 -0.11569250
v -0.00721383 0.10447590 -0.11560049
v -0.01073559 0.10400081 -0.11550920
v -0.00721371 0.10447461 -0.11560020
v -0.00721383 0.10447590 -0.11560049
v -0.01425471 0.10352740 -0.11541819
v -0.01424614 0.10400991 -0.11551089
v -0.01073424 0.10448230 -0.11560170
v -0.00722234 0.10495481 -0.11569250
v -0.01425471 0.10352740 -0.11541819
v -0.01424614 0.10400991 -0.11551089
v -0.01424619 0.10353601 -0.11821339
v -0.01425482 0.10257660 -0.12083999
v -0.01425485 0.10257521 -0.12083979
v -0.01425479 0.10305070 -0.11812880
v -0.01425473 0.10352611 -0.11541780
v -0.01424625 0.10306200 -0.12091580
v -0.01424625 0.10306200 -0.12091580
v -0.01280103 0.10325831 -0.12094650
v -0.01425482 0.10257660 -0.12083999
v -0.01279253 0.10277650 -0.12087120
v -0.01352500 0.10267570 -0.12085539
v -0.01279241 0.10277511 -0.12087100
v -0.01279253 0.10277650 -0.12087120
v -0.01280103 0.10325831 -0.12094650
v -0.01279256 0.10309330 -0.11906360
v -0.01280110 0.10389190 -0.11733079
v -0.01279259 0.10341011 -0.11725549
v -0.01145366 0.10407451 -0.11735930
v -0.01146224 0.10358900 -0.11728349
v -0.01280110 0.10389190 -0.11733079
v -0.01212874 0.10349871 -0.11726939
v -0.01279259 0.10341011 -0.11725549
v -0.01279247 0.10340880 -0.11725529
v -0.01002160 0.10426851 -0.11738969
v -0.01002155 0.10369731 -0.12065359
v -0.01145372 0.10350280 -0.12062320
v -0.00722234 0.10495481 -0.11569250
v -0.00722228 0.10399701 -0.12117239
v -0.00864100 0.10380440 -0.12114219
v -0.00864095 0.10445560 -0.11741890
v -0.01145366 0.10407451 -0.11735930
v -0.01280110 0.10389190 -0.11733079
v -0.01280103 0.10325831 -0.12094650
v -0.01424625 0.10306200 -0.12091580
v -0.01424619 0.10353601 -0.11821339
v -0.01424614 0.10400991 -0.11551089
v -0.01073424 0.10448230 -0.11560170
v -0.00977637 0.10255690 -0.12452560
v -0.00791090 0.10266990 -0.12537100
v -0.00791094 0.10267070 -0.12537109
v -0.01164037 0.10244420 -0.12368089
v -0.01168110 0.10292241 -0.12375560
v -0.00980026 0.10303611 -0.12460789
v -0.00791945 0.10315001 -0.12546029
v -0.00721374 0.10304721 -0.12377510
v -0.00721363 0.10304580 -0.12377490
v -0.00942786 0.10274460 -0.12372790
v -0.00722225 0.10352891 -0.12385040
v -0.01168110 0.10292241 -0.12375560
v -0.01164037 0.10244420 -0.12368089
v -0.01164028 0.10244371 -0.12368089
v -0.00722227 0.10380350 -0.12227940
v -0.00721376 0.10332470 -0.12218730
v -0.00722225 0.10352891 -0.12385040
v -0.00721375 0.10318590 -0.12298120
v -0.00721374 0.10304721 -0.12377510
v -0.01074068 0.10284701 -0.12209550
v -0.00721364 0.10332341 -0.12218710
v -0.00721376 0.10332470 -0.12218730
v -0.01426495 0.10237101 -0.12200399
v -0.01425637 0.10285351 -0.12209669
v -0.01073932 0.10332850 -0.12218809
v -0.00722227 0.10380350 -0.12227940
v -0.01426500 0.10202661 -0.12396449
v -0.01426501 0.10202581 -0.12396449
v -0.01426499 0.10219771 -0.12298410
v -0.01426497 0.10236970 -0.12200369
v -0.01426495 0.10237101 -0.12200399
v -0.01425642 0.10251211 -0.12404350
v -0.01425637 0.10285351 -0.12209669
v -0.01219544 0.10214650 -0.12493089
v -0.01426500 0.10202661 -0.12396449
v -0.01425642 0.10251211 -0.12404350
v -0.01012545 0.10226671 -0.12589750
v -0.01010456 0.10275290 -0.12598219
v -0.01012545 0.10226671 -0.12589750
v -0.01010456 0.10275290 -0.12598219
v -0.01219662 0.10182400 -0.12676649
v -0.01218061 0.10230920 -0.12685330
v -0.01426511 0.10138080 -0.12763420
v -0.01425653 0.10186431 -0.12772410
v -0.01426524 0.10103390 -0.12958459
v -0.01426526 0.10103261 -0.12958439
v -0.01426519 0.10120660 -0.12860930
v -0.01426511 0.10138080 -0.12763420
v -0.01425653 0.10186431 -0.12772410
v -0.01425659 0.10169230 -0.12869230
v -0.01426513 0.10137990 -0.12763400
v -0.01425666 0.10151941 -0.12966040
v -0.01074075 0.10151671 -0.12966000
v -0.01426524 0.10103390 -0.12958459
v -0.01425666 0.10151941 -0.12966040
v -0.01073939 0.10200130 -0.12973570
v -0.00722212 0.10248320 -0.12981100
v -0.00721361 0.10200141 -0.12973570
v -0.00721349 0.10200000 -0.12973550
v -0.00721361 0.10200141 -0.12973570
v -0.00722212 0.10248320 -0.12981100
v -0.00721364 0.10213971 -0.12895179
v -0.00722215 0.10262001 -0.12903550
v -0.00721367 0.10227781 -0.12816780
v -0.00722218 0.10275660 -0.12825979
v -0.00942789 0.10197670 -0.12810499
v -0.00721356 0.10227650 -0.12816760
v -0.00721367 0.10227781 -0.12816780
v -0.00722218 0.10275660 -0.12825979
v -0.00945159 0.10245481 -0.12819690
v -0.01168101 0.10215310 -0.12813389
v -0.01164048 0.10167770 -0.12804260
v -0.01164041 0.10167730 -0.12804249
v -0.00977650 0.10207271 -0.12728619
v -0.01164048 0.10167770 -0.12804260
v -0.01168101 0.10215310 -0.12813389
v -0.00980028 0.10255150 -0.12737069
v -0.00791944 0.10294910 -0.12660740
v -0.00791093 0.10246791 -0.12652929
v -0.00791088 0.10246711 -0.12652910
v -0.00791093 0.10246791 -0.12652929
v -0.00791944 0.10294910 -0.12660740
v -0.00791094 0.10256930 -0.12595019
v -0.00791945 0.10304960 -0.12603390
v -0.00791094 0.10267070 -0.12537109
v -0.00791945 0.10315001 -0.12546029
v -0.00722227 0.10380350 -0.12227940
v -0.00722225 0.10352891 -0.12385040
v -0.01073932 0.10332850 -0.12218809
v -0.01168110 0.10292241 -0.12375560
v -0.01425637 0.10285351 -0.12209669
v -0.00791945 0.10304960 -0.12603390
v -0.00791944 0.10294910 -0.12660740
v -0.01010456 0.10275290 -0.12598219
v -0.00980028 0.10255150 -0.12737069
v -0.01218061 0.10230920 -0.12685330
v -0.01168101 0.10215310 -0.12813389
v -0.01425653 0.10186431 -0.12772410
v -0.00791945 0.10315001 -0.12546029
v -0.00980026 0.10303611 -0.12460789
v -0.01425642 0.10251211 -0.12404350
v -0.00945159 0.10245481 -0.12819690
v -0.01073939 0.10200130 -0.12973570
v -0.01425666 0.10151941 -0.12966040
v -0.01425659 0.10169230 -0.12869230
v -0.00722218 0.10275660 -0.12825979
v -0.00722215 0.10262001 -0.12903550
v -0.00722212 0.10248320 -0.12981100
v -0.01073574 0.10128110 -0.13098649
v -0.00721344 0.10176240 -0.13107900
v -0.00721355 0.10176371 -0.13107930
v -0.01425525 0.10080040 -0.13089410
v -0.01424668 0.10128280 -0.13098689
v -0.01073436 0.10176261 -0.13107910
v -0.00722206 0.10224251 -0.13117130
v -0.01425525 0.10080040 -0.13089410
v -0.01424668 0.10128280 -0.13098689
v -0.01424678 0.10112140 -0.13188140
v -0.01425546 0.10047361 -0.13269990
v -0.01425549 0.10047230 -0.13269970
v -0.01425538 0.10063601 -0.13179690
v -0.01425528 0.10079901 -0.13089380
v -0.01424689 0.10095920 -0.13277570
v -0.01073579 0.10096030 -0.13277590
v -0.01425546 0.10047361 -0.13269990
v -0.01424689 0.10095920 -0.13277570
v -0.01073441 0.10144491 -0.13285160
v -0.00722196 0.10193061 -0.13292750
v -0.00721345 0.10144890 -0.13285220
v -0.00721332 0.10144751 -0.13285199
v -0.00721345 0.10144890 -0.13285220
v -0.00722196 0.10193061 -0.13292750
v -0.00721350 0.10160650 -0.13196579
v -0.00722201 0.10208671 -0.13204940
v -0.00721355 0.10176371 -0.13107930
v -0.00722206 0.10224251 -0.13117130
v -0.01073441 0.10144491 -0.13285160
v -0.01424689 0.10095920 -0.13277570
v -0.01424678 0.10112140 -0.13188140
v -0.00722201 0.10208671 -0.13204940
v -0.00722196 0.10193061 -0.13292750
v -0.01424668 0.10128280 -0.13098689
v -0.01073436 0.10176261 -0.13107910
v -0.00722206 0.10224251 -0.13117130
v -0.00807790 0.10077111 -0.13593900
v -0.00894005 0.10065020 -0.13592019
v -0.00894013 0.10065110 -0.13592030
v -0.00721307 0.10089231 -0.13595800
v -0.00721320 0.10089380 -0.13595820
v -0.00722171 0.10137551 -0.13603350
v -0.00894339 0.10113411 -0.13599579
v -0.00721320 0.10089380 -0.13595820
v -0.00722171 0.10137551 -0.13603350
v -0.00721328 0.10105270 -0.13507180
v -0.00722179 0.10153290 -0.13515540
v -0.00721335 0.10121120 -0.13418530
v -0.00722186 0.10168991 -0.13427730
v -0.01073585 0.10072320 -0.13409150
v -0.00721324 0.10120990 -0.13418499
v -0.00721335 0.10121120 -0.13418530
v -0.01425564 0.10023720 -0.13399810
v -0.01424707 0.10071950 -0.13409079
v -0.01073445 0.10120460 -0.13418400
v -0.00722186 0.10168991 -0.13427730
v -0.01425564 0.10023720 -0.13399810
v -0.01424707 0.10071950 -0.13409079
v -0.01424721 0.10055561 -0.13498530
v -0.01425594 0.09990519 -0.13580380
v -0.01425597 0.09990388 -0.13580359
v -0.01425581 0.10007020 -0.13490080
v -0.01425567 0.10023571 -0.13399770
v -0.01424736 0.10039090 -0.13587960
v -0.01124583 0.10081141 -0.13594529
v -0.01126869 0.10032380 -0.13586920
v -0.01274660 0.10060110 -0.13591250
v -0.01276399 0.10011420 -0.13583640
v -0.01424736 0.10039090 -0.13587960
v -0.01425594 0.09990519 -0.13580380
v -0.01126869 0.10032380 -0.13586920
v -0.01124583 0.10081141 -0.13594529
v -0.01274702 0.10036390 -0.13720110
v -0.01126876 0.10032300 -0.13586910
v -0.01276372 0.09987728 -0.13711960
v -0.01425647 0.09942785 -0.13836750
v -0.01424788 0.09991201 -0.13845570
v -0.01425699 0.09903154 -0.14047140
v -0.01425699 0.09903109 -0.14047140
v -0.01425673 0.09922972 -0.13941960
v -0.01425695 0.09903345 -0.14047140
v -0.01425647 0.09942785 -0.13836750
v -0.01424788 0.09991201 -0.13845570
v -0.01424813 0.09971663 -0.13949640
v -0.01425648 0.09942728 -0.13836730
v -0.01424839 0.09952019 -0.14053679
v -0.01425695 0.09903345 -0.14047140
v -0.01424839 0.09952019 -0.14053679
v -0.01279118 0.09948526 -0.13921930
v -0.01278614 0.09997085 -0.13928769
v -0.01132267 0.09993297 -0.13796410
v -0.01132341 0.10041671 -0.13803740
v -0.00721241 0.09969741 -0.14256260
v -0.00722092 0.10017850 -0.14264050
v -0.00721267 0.10003041 -0.14073660
v -0.00722119 0.10053470 -0.14068730
v -0.00721293 0.10040960 -0.13864570
v -0.00722143 0.10088900 -0.13873390
v -0.00857581 0.10037931 -0.13771180
v -0.00721290 0.10040900 -0.13864560
v -0.00721293 0.10040960 -0.13864570
v -0.00722143 0.10088900 -0.13873390
v -0.00858611 0.10085920 -0.13779880
v -0.00995095 0.10083101 -0.13686400
v -0.00993712 0.10035120 -0.13677950
v -0.00993712 0.10035120 -0.13677950
v -0.00993712 0.10035120 -0.13677950
v -0.00995095 0.10083101 -0.13686400
v -0.00943946 0.10050110 -0.13635060
v -0.00944720 0.10098281 -0.13642990
v -0.00894013 0.10065110 -0.13592030
v -0.00894339 0.10113411 -0.13599579
v -0.00988424 0.09959945 -0.14359530
v -0.01113593 0.09932406 -0.14404810
v -0.01073731 0.09972809 -0.14221679
v -0.01238739 0.09904709 -0.14450050
v -0.01424927 0.09893632 -0.14359630
v -0.01073407 0.09883709 -0.14694510
v -0.01424986 0.09858458 -0.14541670
v -0.01424956 0.09876086 -0.14450660
v -0.00988468 0.09923961 -0.14551550
v -0.00721990 0.09910316 -0.14847480
v -0.01113594 0.09914264 -0.14500789
v -0.00722171 0.10137551 -0.13603350
v -0.00894339 0.10113411 -0.13599579
v -0.00722179 0.10153290 -0.13515540
v -0.00722186 0.10168991 -0.13427730
v -0.00995095 0.10083101 -0.13686400
v -0.01274702 0.10036390 -0.13720110
v -0.00944720 0.10098281 -0.13642990
v -0.01124583 0.10081141 -0.13594529
v -0.00722092 0.10017850 -0.14264050
v -0.00786336 0.10003891 -0.14287420
v -0.00722382 0.10050760 -0.14083410
v -0.00850575 0.09989882 -0.14310780
v -0.00988445 0.09941984 -0.14455549
v -0.00850547 0.09962429 -0.14459120
v -0.00850517 0.09934848 -0.14607440
v -0.00786269 0.09939959 -0.14633610
v -0.00722008 0.09927739 -0.14753640
v -0.00722026 0.09945115 -0.14659780
v -0.00722119 0.10053470 -0.14068730
v -0.00927343 0.10046010 -0.13943560
v -0.00722143 0.10088900 -0.13873390
v -0.01278614 0.09997085 -0.13928769
v -0.01424839 0.09952019 -0.14053679
v -0.01424813 0.09971663 -0.13949640
v -0.01424788 0.09991201 -0.13845570
v -0.01132341 0.10041671 -0.13803740
v -0.00858611 0.10085920 -0.13779880
v -0.01274660 0.10060110 -0.13591250
v -0.01424736 0.10039090 -0.13587960
v -0.01424721 0.10055561 -0.13498530
v -0.01424707 0.10071950 -0.13409079
v -0.01073445 0.10120460 -0.13418400
v -0.00849667 0.09886953 -0.14598510
v -0.00850517 0.09934848 -0.14607440
v -0.00849697 0.09914422 -0.14450770
v -0.00850547 0.09962429 -0.14459120
v -0.00849724 0.09941768 -0.14302990
v -0.00850575 0.09989882 -0.14310780
v -0.00786336 0.10003891 -0.14287420
v -0.00722092 0.10017850 -0.14264050
v -0.00721241 0.09969741 -0.14256260
v -0.00721234 0.09969642 -0.14256240
v -0.00785606 0.09955645 -0.14279650
v -0.00850575 0.09989882 -0.14310780
v -0.00849724 0.09941768 -0.14302990
v -0.00849717 0.09941665 -0.14302970
v -0.01425785 0.09845292 -0.14350640
v -0.01424927 0.09893632 -0.14359630
v -0.01424956 0.09876086 -0.14450660
v -0.01425816 0.09827529 -0.14442220
v -0.01425787 0.09845189 -0.14350610
v -0.01425847 0.09809793 -0.14533780
v -0.01425845 0.09809868 -0.14533790
v -0.01424986 0.09858458 -0.14541670
v -0.01073517 0.09835177 -0.14686950
v -0.01425845 0.09809868 -0.14533790
v -0.01424986 0.09858458 -0.14541670
v -0.01073407 0.09883709 -0.14694510
v -0.00721990 0.09910316 -0.14847480
v -0.00721139 0.09862089 -0.14840380
v -0.00721110 0.09861867 -0.14840360
v -0.00721139 0.09862089 -0.14840380
v -0.00721990 0.09910316 -0.14847480
v -0.00721158 0.09879677 -0.14745640
v -0.00722008 0.09927739 -0.14753640
v -0.00721176 0.09897220 -0.14650850
v -0.00722026 0.09945115 -0.14659780
v -0.00785539 0.09891971 -0.14624610
v -0.00721170 0.09897134 -0.14650830
v -0.00721176 0.09897220 -0.14650850
v -0.00722026 0.09945115 -0.14659780
v -0.00786269 0.09939959 -0.14633610
v -0.00849667 0.09886953 -0.14598510
v -0.00849662 0.09886870 -0.14598490
v -0.00850517 0.09934848 -0.14607440
v -0.00988424 0.09959945 -0.14359530
v -0.00989281 0.09911351 -0.14352340
v -0.01113593 0.09932406 -0.14404810
v -0.01112974 0.09884134 -0.14397090
v -0.01236391 0.09856818 -0.14441710
v -0.01236392 0.09856846 -0.14441710
v -0.01238739 0.09904709 -0.14450050
v -0.01238739 0.09904709 -0.14450050
v -0.01236392 0.09856846 -0.14441710
v -0.01113594 0.09914264 -0.14500789
v -0.01112971 0.09866269 -0.14491750
v -0.00988468 0.09923961 -0.14551550
v -0.00989324 0.09875850 -0.14541910
v -0.00989324 0.09875850 -0.14541910
v -0.00989328 0.09875640 -0.14541840
v -0.00989305 0.09893426 -0.14447110
v -0.00988445 0.09941984 -0.14455549
v -0.00988468 0.09923961 -0.14551550
v -0.00989284 0.09911156 -0.14352330
v -0.00989281 0.09911351 -0.14352340
v -0.00988424 0.09959945 -0.14359530
v 0.01288454 0.12763601 0.01780732
v 0.01417043 0.12789660 0.01527491
v 0.01094728 0.12854151 0.01484522
v 0.01526619 0.12806641 0.01267182
v 0.01616910 0.12815081 0.01000831
v 0.01249388 0.12887861 0.00970701
v 0.00383404 0.12930311 0.01432752
v 0.00307520 0.12846950 0.01918611
v 0.00602347 0.12822111 0.01941261
v 0.00478100 0.12862020 -0.00817480
v 0.00458692 0.12724460 -0.01474139
v 0.00000142 0.12735731 -0.01481419
v -0.02557498 0.12415961 0.01403141
v -0.02515744 0.12422410 0.01462211
v -0.02393649 0.12496281 0.01429099
v 0.00605183 0.12537841 0.02717311
v 0.00643112 0.12537211 0.02711082
v 0.00597462 0.12553901 0.02692802
v 0.02988829 0.12084000 -0.01109350
v 0.02939441 0.12038151 -0.01381049
v 0.02693203 0.12187350 -0.01366430
v 0.02785167 0.11947500 -0.01904789
v 0.02750515 0.11927141 -0.02022439
v 0.02531161 0.12059830 -0.02006359
v 0.02233929 0.11645891 -0.03458639
v 0.02060540 0.11552051 -0.03932650
v 0.01910999 0.11615780 -0.03926040
v 0.01524873 0.11009881 -0.06618960
v 0.01512445 0.11012630 -0.06619410
v 0.01530602 0.11042090 -0.06440020
v 0.01500000 0.11015301 -0.06619880
v 0.01227798 0.11058400 -0.06627479
v 0.01636023 0.11245630 -0.05415649
v 0.01589267 0.11191800 -0.05668910
v 0.01260199 0.11201121 -0.05941999
v 0.01708929 0.11329571 -0.05020730
v 0.01665992 0.11280140 -0.05253309
v 0.01351875 0.11354851 -0.05259779
v 0.01576109 0.11158220 -0.05841869
v 0.01569090 0.11140310 -0.05934120
v 0.01545122 0.11079140 -0.06249169
v 0.01496762 0.11521760 -0.04589190
v 0.01717258 0.11459801 -0.04582150
v 0.01714863 0.11336400 -0.04988589
v 0.01950398 0.11492441 -0.04233759
v 0.01882742 0.11455830 -0.04418719
v 0.01834064 0.11421200 -0.04583959
v 0.02714261 0.11905841 -0.02145509
v 0.02528665 0.11805401 -0.02652889
v 0.02335498 0.11919320 -0.02642049
v 0.02517081 0.11799131 -0.02684559
v 0.02901410 0.12015800 -0.01510158
v 0.03046339 0.12137391 -0.00792969
v 0.02800296 0.12296110 -0.00740530
v 0.03048717 0.12142670 -0.00755659
v 0.03073339 0.12229671 -0.00125039
v 0.03073719 0.12227951 -0.00138448
v 0.02823341 0.12379621 -0.00127389
v 0.03078129 0.12207940 -0.00294030
v 0.02822773 0.12341511 -0.00432268
v 0.03068669 0.12186950 -0.00442499
v 0.03051829 0.12149570 -0.00706809
v 0.03015443 0.12284141 0.00301341
v 0.02799664 0.12412890 0.00186161
v 0.02961083 0.12311790 0.00522440
v 0.02744486 0.12442501 0.00508552
v 0.02942583 0.12321200 0.00597691
v 0.03030639 0.12276410 0.00239530
v 0.03036976 0.12269481 0.00185432
v 0.03061187 0.12242971 -0.00021279
v 0.02935762 0.12324670 0.00625431
v 0.02658374 0.12466401 0.00824452
v 0.02848617 0.12351771 0.00849760
v 0.02692182 0.12390500 0.01178660
v 0.02700007 0.12388850 0.01164320
v 0.02541346 0.12484421 0.01132182
v 0.02791719 0.12369471 0.00996232
v 0.02838626 0.12354880 0.00875480
v 0.02393797 0.12496210 0.01429142
v 0.02528865 0.12420531 0.01445042
v 0.02600957 0.12409781 0.01345851
v 0.02216260 0.12501471 0.01712922
v 0.02298188 0.12451971 0.01740632
v 0.02357764 0.12445671 0.01677662
v 0.02366497 0.12444741 0.01668421
v 0.02516230 0.12422420 0.01462422
v 0.02009545 0.12499911 0.01981050
v 0.02092121 0.12473751 0.01958470
v 0.02175694 0.12464921 0.01870121
v 0.01835628 0.12492921 0.02167640
v 0.01939100 0.12485180 0.02083262
v 0.02046550 0.12477160 0.01995631
v 0.01591277 0.12581351 0.02153822
v 0.01761287 0.12497990 0.02224122
v 0.01798719 0.12600931 0.01905442
v 0.01782409 0.12496891 0.02211042
v 0.01359429 0.12553280 0.02385270
v 0.01442418 0.12514561 0.02421611
v 0.01713758 0.12500461 0.02253562
v 0.01173625 0.12523941 0.02543232
v 0.01181614 0.12523661 0.02539622
v 0.01436512 0.12514770 0.02424281
v 0.01441186 0.12514601 0.02422172
v 0.00694871 0.12536351 0.02702571
v 0.00898614 0.12531531 0.02640852
v 0.00794388 0.12624051 0.02483720
v 0.01077889 0.12527280 0.02586552
v 0.01079957 0.12527211 0.02585612
v 0.00314086 0.12610421 0.02628852
v 0.00304625 0.12542840 0.02766691
v 0.00575613 0.12538331 0.02722172
v 0.00000035 0.12545241 0.02782020
v 0.00243556 0.12543351 0.02770201
v 0.00299910 0.12542911 0.02767472
v -0.00241601 0.12543521 0.02771461
v -0.00171603 0.12544371 0.02777302
v 0.00000066 0.12721051 0.02379512
v 0.00000002 0.12545241 0.02782020
v -0.00342133 0.12542321 0.02763090
v -0.00304620 0.12542770 0.02766221
v -0.00313994 0.12610431 0.02628831
v -0.00577463 0.12538260 0.02721031
v -0.01075908 0.12527151 0.02584611
v -0.00898594 0.12531521 0.02640992
v -0.00794282 0.12624080 0.02483692
v -0.00735930 0.12535541 0.02692710
v -0.00597383 0.12553921 0.02692771
v -0.00635814 0.12537260 0.02710600
v -0.00604923 0.12537791 0.02716130
v -0.01117108 0.12526140 0.02571510
v -0.00976161 0.12681650 0.02260731
v -0.01167798 0.12524290 0.02547752
v -0.01455293 0.12513801 0.02412962
v -0.01438679 0.12514400 0.02420762
v -0.01359325 0.12553331 0.02385221
v -0.01182227 0.12523761 0.02540980
v -0.01759540 0.12497800 0.02222770
v -0.01713060 0.12500310 0.02252452
v -0.01591157 0.12581401 0.02153770
v -0.01479171 0.12512931 0.02401771
v -0.01816050 0.12494761 0.02186701
v -0.01798583 0.12600981 0.01905390
v -0.01831265 0.12493580 0.02173951
v -0.02009428 0.12499981 0.01981001
v -0.02045266 0.12476990 0.01994621
v -0.01939367 0.12485200 0.02083360
v -0.02122174 0.12471030 0.01930180
v -0.02216129 0.12501541 0.01712882
v -0.02176657 0.12465071 0.01871012
v -0.02392444 0.12441460 0.01636662
v -0.02371259 0.12443780 0.01659660
v -0.02297261 0.12451871 0.01740031
v -0.02622466 0.12405931 0.01311231
v -0.02541187 0.12484501 0.01132142
v -0.02700100 0.12388891 0.01164442
v -0.02849371 0.12351841 0.00850071
v -0.02839717 0.12354980 0.00875920
v -0.02658211 0.12466491 0.00824430
v -0.02808539 0.12365101 0.00959400
v -0.02705600 0.12387691 0.01154041
v -0.02943681 0.12321210 0.00597550
v -0.02744317 0.12442591 0.00508531
v -0.02947627 0.12319931 0.00586991
v -0.03038582 0.12269551 0.00185600
v -0.03037385 0.12271421 0.00200120
v -0.02799485 0.12412990 0.00186152
v -0.03013972 0.12284070 0.00301032
v -0.02962526 0.12311880 0.00522770
v -0.03053411 0.12246451 0.00005750
v -0.02823159 0.12379721 -0.00127389
v -0.03065325 0.12227891 -0.00138738
v -0.03068738 0.12177691 -0.00516430
v -0.03073943 0.12188170 -0.00442959
v -0.02822591 0.12341611 -0.00432268
v -0.03076133 0.12192580 -0.00412040
v -0.03078129 0.12207940 -0.00294030
v -0.03021369 0.12115890 -0.00917179
v -0.03049127 0.12142940 -0.00755509
v -0.02800115 0.12296210 -0.00740530
v -0.03053682 0.12147381 -0.00728979
v -0.02693029 0.12187440 -0.01366419
v -0.02948087 0.12044581 -0.01343439
v -0.02948329 0.12044720 -0.01342599
v -0.02530995 0.12059920 -0.02006350
v -0.02812667 0.11963611 -0.01811999
v -0.02935815 0.12037240 -0.01385899
v -0.02335344 0.11919401 -0.02642049
v -0.02527632 0.11805050 -0.02652439
v -0.02662849 0.11877861 -0.02283430
v -0.02727068 0.11912430 -0.02108169
v -0.02751739 0.11927190 -0.02022810
v -0.01910861 0.11615831 -0.03926040
v -0.02058774 0.11552581 -0.03931979
v -0.02523082 0.11802601 -0.02664860
v -0.01717132 0.11459840 -0.04582150
v -0.01907009 0.11470861 -0.04346150
v -0.02044445 0.11544871 -0.03971079
v -0.01562007 0.11305861 -0.05252689
v -0.01686850 0.11311200 -0.05106779
v -0.01694684 0.11316881 -0.05079719
v -0.01825502 0.11411751 -0.04627749
v -0.01837932 0.11420771 -0.04584809
v -0.01542042 0.11160860 -0.05852279
v -0.01554580 0.11160871 -0.05838760
v -0.01351748 0.11354880 -0.05259779
v -0.01557266 0.11160871 -0.05835870
v -0.01562647 0.11161390 -0.05827729
v -0.01564396 0.11161851 -0.05823800
v -0.01571408 0.11163691 -0.05808059
v -0.01571549 0.11163810 -0.05807380
v -0.01575236 0.11166961 -0.05789619
v -0.01620778 0.11225811 -0.05510999
v -0.01662982 0.11280350 -0.05252799
v -0.01444326 0.11164551 -0.05935870
v -0.01260072 0.11201140 -0.05941999
v -0.01429981 0.11165091 -0.05948139
v -0.01249158 0.11161151 -0.06101109
v -0.01075648 0.11157371 -0.06247900
v -0.00845791 0.11261870 -0.05960369
v -0.00824282 0.11151890 -0.06460549
v -0.00608474 0.11147191 -0.06643119
v -0.00425191 0.11296650 -0.05977870
v -0.00411440 0.11155510 -0.06644590
v 0.00000065 0.11307731 -0.05985659
v 0.00000000 0.11172870 -0.06647659
v 0.00053442 0.11170080 -0.06647169
v 0.00425320 0.11296641 -0.05977859
v 0.00411281 0.11151330 -0.06643859
v 0.00754255 0.11133371 -0.06640699
v 0.00845918 0.11261860 -0.05960369
v 0.00821369 0.11122751 -0.06638819
v 0.00833274 0.11120861 -0.06638490
v 0.00602512 0.11870411 -0.04021510
v 0.00000094 0.11889511 -0.04045280
v 0.00000121 0.12343891 -0.02773159
v 0.02067370 0.12035010 -0.02645779
v 0.01676705 0.11694250 -0.03932429
v 0.01774449 0.12131511 -0.02663129
v 0.01427503 0.11757970 -0.03949380
v 0.01458510 0.12209321 -0.02688940
v 0.01164599 0.11807921 -0.03972680
v 0.00764689 0.12310921 -0.02745199
v 0.00390360 0.12335731 -0.02765299
v 0.02245393 0.12192251 -0.02008540
v 0.01931248 0.12303781 -0.02024589
v 0.01590591 0.12394610 -0.02049338
v 0.01225286 0.12464921 -0.02077599
v 0.00837198 0.12514921 -0.02104200
v 0.00895639 0.12690721 -0.01455569
v 0.00932731 0.12826011 -0.00804310
v 0.00942869 0.12914481 -0.00122671
v 0.01309178 0.12634591 -0.01430669
v 0.01362448 0.12766321 -0.00786629
v 0.01376399 0.12853400 -0.00121529
v 0.01343549 0.12887591 0.00441310
v 0.01687769 0.12815401 0.00729420
v 0.01739004 0.12807880 0.00453880
v 0.01770649 0.12792611 0.00174491
v 0.01782710 0.12768841 -0.00120879
v 0.01765657 0.12683211 -0.00767919
v 0.01697507 0.12556110 -0.01404369
v 0.00000095 0.12855480 0.01910771
v 0.00000119 0.12940171 0.01425901
v 0.00000136 0.12983890 0.00929841
v 0.00855921 0.12940731 0.00948411
v 0.00920786 0.12945281 0.00432020
v 0.00472418 0.12980331 0.00426252
v 0.00483620 0.12951520 -0.00123760
v 0.00000150 0.12963990 -0.00124248
v 0.00000149 0.12874091 -0.00822658
v 0.00418219 0.12695301 0.02407441
v 0.01141326 0.12727830 0.02025761
v 0.00881355 0.12782040 0.01977421
v 0.00749228 0.12901331 0.01452610
v 0.00438755 0.12972980 0.00934590
v 0.00000147 0.12992150 0.00424272
v 0.02391323 0.12332421 -0.01367309
v 0.02486175 0.12447851 -0.00741379
v 0.00976292 0.12681621 0.02260771
v 0.01379040 0.12660570 0.02085002
v 0.01557324 0.12689161 0.01838282
v 0.01713311 0.12708781 0.01580522
v 0.01846400 0.12719961 0.01313362
v 0.01956241 0.12723101 0.01038200
v 0.02042655 0.12718590 0.00756431
v 0.02105447 0.12706721 0.00469441
v 0.02144701 0.12687591 0.00177842
v 0.02160303 0.12661330 -0.00121279
v 0.02140764 0.12576971 -0.00751668
v 0.02058823 0.12455371 -0.01381609
v 0.02507680 0.12531411 -0.00123260
v 0.02488223 0.12560831 0.00181751
v 0.02441175 0.12584730 0.00487751
v 0.02366839 0.12602051 0.00788252
v 0.02265135 0.12612651 0.01082191
v 0.02136314 0.12616211 0.01367610
v 0.01980671 0.12612420 0.01642671
v -0.01362195 0.12766360 -0.00786639
v -0.01782472 0.12768901 -0.00120879
v -0.01376143 0.12853451 -0.00121529
v -0.01770413 0.12792670 0.00174491
v -0.01343302 0.12887641 0.00441310
v -0.01738775 0.12807931 0.00453871
v -0.01687546 0.12815450 0.00729402
v -0.01249156 0.12887900 0.00970680
v -0.01980519 0.12612481 0.01642631
v -0.02136146 0.12616281 0.01367570
v -0.02264956 0.12612720 0.01082160
v -0.02366655 0.12602121 0.00788230
v -0.02440986 0.12584810 0.00487742
v -0.02488024 0.12560911 0.00181751
v -0.02507479 0.12531501 -0.00123260
v -0.01616695 0.12815131 0.01000810
v -0.01526416 0.12806690 0.01267161
v -0.01094525 0.12854180 0.01484501
v -0.01416855 0.12789711 0.01527461
v -0.01288284 0.12763640 0.01780702
v -0.00881191 0.12782071 0.01977381
v -0.01141175 0.12727871 0.02025721
v -0.00418097 0.12695321 0.02407420
v -0.00602172 0.12822130 0.01941252
v -0.00749011 0.12901351 0.01452601
v -0.00855674 0.12940760 0.00948402
v -0.00920522 0.12945301 0.00432011
v -0.00942598 0.12914501 -0.00122671
v -0.00932462 0.12826031 -0.00804319
v -0.00895380 0.12690751 -0.01455588
v -0.00307337 0.12846961 0.01918601
v -0.00383176 0.12930321 0.01432740
v -0.00438495 0.12972991 0.00934580
v -0.00472138 0.12980341 0.00426252
v -0.00483333 0.12951531 -0.00123760
v -0.00477816 0.12862031 -0.00817489
v -0.00458420 0.12724470 -0.01474139
v -0.00836955 0.12514940 -0.02104220
v -0.01496630 0.11521791 -0.04589199
v -0.01676558 0.11694291 -0.03932439
v -0.01027559 0.11610341 -0.04624409
v -0.01427347 0.11758001 -0.03949389
v -0.02067200 0.12035081 -0.02645789
v -0.02245210 0.12192321 -0.02008549
v -0.02391130 0.12332511 -0.01367319
v -0.00916547 0.11425551 -0.05287269
v -0.00526487 0.11657991 -0.04665289
v -0.00464748 0.11464091 -0.05317230
v 0.00000082 0.11672201 -0.04684910
v 0.00000071 0.11475770 -0.05331289
v 0.00526643 0.11657981 -0.04665279
v 0.00464887 0.11464091 -0.05317219
v 0.01027705 0.11610321 -0.04624389
v 0.00916680 0.11425531 -0.05287269
v -0.01121120 0.12268980 -0.02718040
v -0.01458312 0.12209360 -0.02688949
v -0.01225056 0.12464960 -0.02077619
v -0.01590376 0.12394661 -0.02049360
v -0.01308934 0.12634630 -0.01430689
v -0.01697279 0.12556170 -0.01404389
v -0.01765420 0.12683271 -0.00767930
v -0.02140545 0.12577041 -0.00751679
v -0.02160083 0.12661410 -0.00121279
v -0.02144484 0.12687661 0.00177842
v -0.02105237 0.12706791 0.00469431
v -0.02042451 0.12718661 0.00756410
v -0.01956044 0.12723160 0.01038181
v -0.01846213 0.12720011 0.01313331
v -0.01713140 0.12708841 0.01580491
v -0.01557171 0.12689210 0.01838240
v -0.01378903 0.12660611 0.02084950
v -0.00764467 0.12310940 -0.02745210
v -0.00427937 0.12544790 -0.02123969
v 0.00428192 0.12544781 -0.02123959
v 0.00000133 0.12554690 -0.02131699
v -0.00390127 0.12335740 -0.02765310
v -0.00602334 0.11870421 -0.04021529
v -0.01164435 0.11807940 -0.03972700
v -0.01774264 0.12131560 -0.02663149
v -0.01931049 0.12303840 -0.02024609
v -0.02058612 0.12455440 -0.01381618
v -0.02485974 0.12447931 -0.00741379
v 0.01500000 0.10618660 -0.08869380
v 0.01500000 0.09973417 -0.12528729
v 0.01464265 0.09980916 -0.12530050
v -0.00418086 0.11091421 -0.07038780
v -0.00420957 0.11100641 -0.06985519
v -0.00417882 0.10118880 -0.12554379
v 0.00000000 0.10130990 -0.12556509
v 0.00053582 0.10130790 -0.12556480
v -0.00433383 0.11109581 -0.06930419
v -0.00446307 0.11118891 -0.06873109
v -0.00465429 0.11125880 -0.06826379
v -0.00466905 0.11126420 -0.06822770
v -0.00411440 0.11155510 -0.06644590
v -0.00522477 0.11138280 -0.06733070
v -0.00527716 0.11139400 -0.06724609
v -0.00597419 0.11146500 -0.06652499
v -0.00602917 0.11146840 -0.06647849
v -0.00608474 0.11147191 -0.06643119
v 0.00740158 0.10088450 -0.12549009
v 0.00821369 0.11122751 -0.06638819
v 0.00833878 0.10082670 -0.12547990
v 0.00833274 0.11120861 -0.06638490
v 0.01107282 0.10038540 -0.12540210
v 0.01227798 0.11058400 -0.06627479
v 0.01500000 0.11015301 -0.06619880
v 0.00369816 0.10111290 -0.12553039
v 0.00411281 0.11151330 -0.06643859
v 0.00754255 0.11133371 -0.06640699
v -0.00750000 0.09082865 -0.17350109
v -0.00763523 0.09082307 -0.17346213
v -0.00660726 0.09316140 -0.16454936
v -0.00857382 0.09078447 -0.17319170
v -0.01037405 0.09107100 -0.17113762
v -0.01034192 0.09105909 -0.17120140
v -0.00958101 0.09077729 -0.17271145
v -0.01098530 0.09139004 -0.16950842
v -0.01103105 0.09142173 -0.16935060
v -0.01154325 0.09177659 -0.16758339
v -0.01194151 0.09212781 -0.16585335
v -0.01199235 0.09217263 -0.16563254
v -0.01223076 0.09242817 -0.16437583
v -0.00403665 0.09096886 -0.17406836
v -0.00537510 0.09091468 -0.17384913
v -0.00660589 0.09086483 -0.17364754
v -0.00417526 0.09846084 -0.14011239
v 0.00000000 0.09965124 -0.13474090
v 0.00000000 0.09857103 -0.14013279
v -0.00596697 0.09598040 -0.15211320
v -0.00561228 0.09607946 -0.15178119
v 0.00000000 0.09596261 -0.15315270
v -0.00523541 0.09620984 -0.15129190
v -0.00490635 0.09632370 -0.15086470
v -0.00464721 0.09644311 -0.15037350
v -0.00463122 0.09645048 -0.15034320
v -0.00430448 0.09667827 -0.14933710
v -0.00427220 0.09670076 -0.14923770
v -0.00417322 0.09690837 -0.14824910
v -0.00417376 0.09731396 -0.14623710
v -0.01236530 0.09257235 -0.16366668
v -0.01256076 0.09284872 -0.16229760
v -0.01307227 0.09357201 -0.15871470
v -0.01307783 0.09358619 -0.15864620
v -0.01306532 0.09362490 -0.15848290
v -0.01306099 0.09363829 -0.15842640
v -0.01304151 0.09366001 -0.15834540
v -0.01300566 0.09368561 -0.15826069
v -0.01294905 0.09372606 -0.15812690
v -0.01290248 0.09375094 -0.15805430
v -0.01289968 0.09375245 -0.15804989
v -0.01274779 0.09381759 -0.15788430
v -0.01128301 0.09434823 -0.15663860
v -0.00936462 0.09493722 -0.15500550
v -0.00660726 0.09571473 -0.15309980
v -0.00709232 0.09563488 -0.15307120
v -0.00661085 0.09578270 -0.15266130
v 0.00000000 0.09102601 -0.17429747
v 0.00000000 0.09336172 -0.16459629
v 0.00000000 0.09519780 -0.15697030
v -0.00895162 0.09061702 -0.17364211
v -0.00821366 0.09049051 -0.17446470
v -0.00881749 0.09059404 -0.17379162
v -0.00742555 0.09040577 -0.17511182
v -0.00763470 0.09042824 -0.17494009
v -0.00784975 0.09045137 -0.17476351
v -0.00542163 0.09032637 -0.17607165
v -0.00560439 0.09032656 -0.17602719
v -0.00654702 0.09035238 -0.17563318
v -0.00669917 0.09036164 -0.17554289
v -0.00420424 0.09032511 -0.17636783
v -0.00534268 0.09032628 -0.17609086
v 0.00000000 0.09068763 -0.17554151
v 0.00000176 0.09035041 -0.17675599
v -0.00269850 0.09033110 -0.17657227
v -0.00362226 0.09032451 -0.17650942
v 0.00750000 0.09082865 -0.17350109
v 0.00763559 0.09082278 -0.17346370
v 0.00763843 0.09042502 -0.17495415
v 0.00116267 0.09102128 -0.17427851
v 0.00537641 0.09091687 -0.17385822
v 0.00534135 0.09032873 -0.17607490
v 0.00434004 0.09095994 -0.17403251
v 0.00389238 0.09032244 -0.17646432
v 0.00370419 0.09097223 -0.17408173
v 0.00270846 0.09033326 -0.17660488
v 0.00196110 0.09034008 -0.17669361
v 0.00740424 0.09083262 -0.17351720
v 0.00676451 0.09036225 -0.17552081
v 0.00667328 0.09035914 -0.17556232
v 0.00761545 0.09042228 -0.17497438
v 0.00584341 0.09033092 -0.17593995
v 0.00538715 0.09032894 -0.17606258
v 0.00840668 0.09078950 -0.17325109
v 0.00837267 0.09051320 -0.17430796
v 0.00781304 0.09044600 -0.17480048
v 0.00958093 0.09077730 -0.17271142
v 0.00902602 0.09063318 -0.17354419
v 0.00878535 0.09058899 -0.17382554
v 0.00370464 0.09853724 -0.14012680
v 0.01108422 0.09777849 -0.13998110
v 0.00370464 0.09336680 -0.16459791
v 0.01107724 0.09149270 -0.16901031
v 0.01071545 0.09124401 -0.17025052
v 0.00740442 0.09308458 -0.16453120
v 0.01067361 0.09121524 -0.17039396
v 0.01155850 0.09182351 -0.16736055
v 0.01108422 0.09261491 -0.16442016
v 0.01178475 0.09197905 -0.16658494
v 0.01215483 0.09237397 -0.16464216
v 0.01384487 0.09537822 -0.14947120
v 0.01358406 0.09471400 -0.15288800
v 0.01108422 0.09516534 -0.15298370
v 0.01334725 0.09411091 -0.15599030
v 0.01328561 0.09395394 -0.15679780
v 0.01268438 0.09301683 -0.16146457
v 0.01252612 0.09277018 -0.16269295
v 0.01220566 0.09242820 -0.16437529
v 0.01404029 0.09587590 -0.14691120
v 0.01429091 0.09717766 -0.13986570
v 0.01459845 0.09913131 -0.12915899
v 0.01453460 0.09844337 -0.13301529
v 0.01437888 0.09763454 -0.13739290
v 0.00370464 0.09592122 -0.15314340
v 0.00740442 0.09563752 -0.15308350
v 0.00740442 0.09825246 -0.14007210
v 0.01513934 0.10868641 -0.07434089
v 0.01512445 0.11012630 -0.06619410
v 0.01524873 0.11009881 -0.06618960
v 0.01522448 0.10992331 -0.06721650
v 0.01516984 0.10923360 -0.07119839
v 0.04537185 0.08610000 -0.01435589
v 0.04484679 0.08610000 -0.01582780
v 0.04504875 0.08640603 -0.01527659
v 0.04487561 0.08656173 -0.01574439
v 0.04478376 0.08523318 -0.01598420
v 0.04352225 0.07124421 -0.01900529
v 0.04380622 0.07270827 -0.01837600
v 0.04478728 0.01580000 -0.01598559
v 0.04148262 0.01580000 -0.02294999
v 0.04147613 0.06603196 -0.02294630
v 0.04170792 0.06640310 -0.02255520
v 0.04250394 0.06806579 -0.02108680
v 0.04272912 0.06868219 -0.02063839
v 0.04309980 0.06969690 -0.01990020
v 0.04589824 0.08554905 -0.01270260
v 0.04398165 0.07420250 -0.01797410
v 0.03864615 0.06252243 -0.02727380
v 0.03945065 0.06325894 -0.02616740
v 0.04031893 0.06431856 -0.02484060
v 0.04068521 0.06476556 -0.02428089
v 0.03394080 0.05987460 -0.03278049
v 0.03458068 0.06004843 -0.03214509
v 0.03710358 0.01580000 -0.02929409
v 0.03568506 0.06054245 -0.03092770
v 0.03634607 0.06083815 -0.03019909
v 0.03658864 0.06099862 -0.02990020
v 0.03708975 0.06133013 -0.02928289
v 0.03800557 0.06193598 -0.02815469
v 0.03056005 0.05937001 -0.03588479
v 0.03121450 0.05938696 -0.03533289
v 0.03176358 0.01580000 -0.03485369
v 0.03175569 0.05945326 -0.03484489
v 0.03291079 0.05959478 -0.03380340
v 0.02990367 0.05937001 -0.03636129
v 0.02560091 0.01580000 -0.03948460
v 0.02560091 0.05937000 -0.03948460
v 0.02467886 0.05937000 -0.03996850
v 0.01877520 0.01580000 -0.04306699
v 0.01899723 0.05937000 -0.04295049
v 0.01146322 0.01580000 -0.04550810
v 0.01287117 0.05937000 -0.04503809
v 0.01877520 0.05937000 -0.04306699
v 0.00385435 0.01580000 -0.04674470
v 0.00649863 0.05937000 -0.04631489
v 0.01146322 0.05937000 -0.04550810
v -0.00652077 0.05937000 -0.04645179
v -0.00648744 0.05937000 -0.04645869
v -0.00385435 0.01580000 -0.04674470
v -0.00384711 0.05937000 -0.04663830
v 0.00000000 0.01580000 -0.04689999
v 0.00000000 0.05937000 -0.04689999
v 0.00385435 0.05937000 -0.04674470
v -0.01144801 0.05937000 -0.04543449
v -0.01146322 0.01580000 -0.04550810
v -0.01283970 0.05937000 -0.04514709
v -0.01877520 0.01580000 -0.04306699
v -0.01877146 0.05937000 -0.04305639
v -0.02560091 0.01580000 -0.03948460
v -0.02466141 0.05937000 -0.04006370
v -0.01893298 0.05937000 -0.04299949
v -0.03056005 0.05937001 -0.03588479
v -0.02992877 0.05937000 -0.03639610
v -0.03176358 0.01580000 -0.03485369
v -0.02972437 0.05937000 -0.03656159
v -0.02556779 0.05937000 -0.03943670
v -0.03710358 0.01580000 -0.02929409
v -0.03709294 0.06132102 -0.02928519
v -0.03657359 0.06101007 -0.02990559
v -0.03588585 0.06059830 -0.03072720
v -0.03568245 0.06051752 -0.03094509
v -0.03411829 0.05989626 -0.03262069
v -0.03395836 0.05986099 -0.03277450
v -0.03225866 0.05948609 -0.03440890
v -0.03175635 0.05945177 -0.03484539
v -0.04035024 0.06431414 -0.02481219
v -0.03904195 0.06284337 -0.02675129
v -0.03865244 0.06251760 -0.02727019
v -0.03754616 0.06159237 -0.02874380
v -0.04398165 0.07420250 -0.01797410
v -0.04379891 0.07266008 -0.01839239
v -0.04478728 0.01580000 -0.01598559
v -0.04442917 0.08014917 -0.01690139
v -0.04347573 0.07104711 -0.01910650
v -0.04295637 0.06925988 -0.02019340
v -0.04272803 0.06868283 -0.02063879
v -0.04228211 0.06755600 -0.02150849
v -0.04166714 0.06636969 -0.02261459
v -0.04148262 0.01580000 -0.02294999
v -0.04148111 0.06601082 -0.02294920
v -0.04143234 0.06591674 -0.02303689
v -0.04537185 0.08610000 -0.01435589
v -0.04484679 0.08610000 -0.01582780
v -0.04478566 0.08522895 -0.01598499
v -0.04559706 0.08581601 -0.01349740
v -0.04758303 0.08253811 -0.00350399
v -0.04706720 0.08396210 -0.00789320
v -0.04693197 0.01580000 -0.00858120
v -0.04688960 0.08418606 -0.00857020
v -0.04677367 0.08433226 -0.00901209
v -0.04784659 0.08181051 -0.00126128
v -0.04786115 0.01580000 -0.00092870
v -0.04785899 0.08170343 -0.00092870
v -0.04788216 0.08150344 -0.00030739
v -0.04788956 0.01977651 0.00000001
v -0.04790000 0.01680000 0.00100001
v -0.04755076 0.01580000 0.00677372
v -0.04788956 0.01977651 0.00200001
v -0.04685357 0.07801879 0.01053752
v -0.04740024 0.07886618 0.00790122
v -0.04748514 0.07922998 0.00676872
v -0.04749384 0.07926722 0.00665272
v -0.04789938 0.08100502 0.00124290
v -0.04440324 0.07531006 0.01896562
v -0.04600882 0.01580000 0.01432661
v -0.04415505 0.07514276 0.01948631
v -0.04327527 0.01580000 0.02153440
v -0.04563311 0.07648540 0.01530842
v -0.04596789 0.07680533 0.01431291
v -0.04623606 0.07706161 0.01351551
v -0.04191947 0.07363565 0.02417692
v -0.03968124 0.07250264 0.02770252
v -0.03942093 0.01580000 0.02821031
v -0.04207833 0.07374273 0.02384361
v -0.04319676 0.07449672 0.02149702
v -0.03681036 0.07127861 0.03151152
v -0.03881030 0.07206176 0.02907441
v -0.03937671 0.07234848 0.02818220
v -0.03086204 0.06931173 0.03763261
v -0.03454560 0.01580000 0.03418150
v -0.03023016 0.06916104 0.03810151
v -0.02877556 0.01580000 0.03929332
v -0.03372716 0.07018922 0.03490171
v -0.03451570 0.07043072 0.03415022
v -0.03510984 0.07061270 0.03358390
v -0.02612158 0.06818116 0.04115062
v -0.02243699 0.06751146 0.04323481
v -0.02226024 0.01580000 0.04341331
v -0.02651827 0.06827576 0.04085621
v -0.02872181 0.06880130 0.03922090
v -0.01823595 0.06688256 0.04519242
v -0.02095429 0.06724197 0.04407350
v -0.02222660 0.06747322 0.04335380
v -0.00965811 0.06600809 0.04791621
v -0.01516840 0.01580000 0.04643492
v -0.00925173 0.06598961 0.04797361
v -0.00768370 0.01580000 0.04827970
v -0.00767198 0.06591777 0.04819682
v -0.00462702 0.06577927 0.04862681
v -0.01379551 0.06636924 0.04679081
v -0.01516396 0.06648868 0.04641862
v -0.01543731 0.06651255 0.04634422
v 0.00000000 0.01580000 0.04890001
v 0.00000000 0.06569098 0.04890001
v -0.00185951 0.06570272 0.04886390
v -0.00371285 0.06573770 0.04875590
v 0.00463344 0.06577000 0.04865580
v 0.00768370 0.01580000 0.04827970
v 0.00503459 0.06577685 0.04863472
v 0.01378794 0.06637471 0.04677381
v 0.01099010 0.06610247 0.04762220
v 0.01516840 0.01580000 0.04643492
v 0.00924155 0.06600685 0.04791951
v 0.00766794 0.06592083 0.04818702
v 0.02223185 0.06744935 0.04342833
v 0.01824148 0.06687674 0.04521022
v 0.02226024 0.01580000 0.04341331
v 0.01675462 0.06666339 0.04587422
v 0.01514625 0.06650687 0.04636192
v 0.02733502 0.06844342 0.04033461
v 0.02650794 0.06828229 0.04083592
v 0.02877556 0.01580000 0.03929332
v 0.02246781 0.06749531 0.04328520
v 0.02225921 0.06745468 0.04341172
v 0.03454560 0.01580000 0.03418150
v 0.03448360 0.07044030 0.03412052
v 0.03371836 0.07019068 0.03489720
v 0.03198821 0.06962633 0.03665342
v 0.03019954 0.06917163 0.03806840
v 0.02872771 0.06879745 0.03923280
v 0.03612712 0.07097641 0.03245222
v 0.03942093 0.01580000 0.02821031
v 0.03683436 0.07127219 0.03153172
v 0.04327527 0.01580000 0.02153440
v 0.04266154 0.07408423 0.02278080
v 0.04204598 0.07374888 0.02382432
v 0.03973869 0.07249189 0.02773570
v 0.03969895 0.07247023 0.02780311
v 0.03939899 0.07234478 0.02819352
v 0.04600882 0.01580000 0.01432661
v 0.04592678 0.07680870 0.01430210
v 0.04562588 0.07648520 0.01530891
v 0.04498259 0.07579359 0.01746141
v 0.04410688 0.07514866 0.01946842
v 0.04321659 0.07449302 0.02150871
v 0.04663841 0.07757380 0.01192100
v 0.04755076 0.01580000 0.00677372
v 0.04687456 0.07801667 0.01054350
v 0.04786631 0.08116980 0.00073222
v 0.04789938 0.08100502 0.00124290
v 0.04786115 0.01580000 -0.00092870
v 0.04786676 0.08050996 0.00278401
v 0.04761293 0.07940139 0.00623631
v 0.04754132 0.07926709 0.00665400
v 0.04752165 0.07923021 0.00676881
v 0.04636362 0.08499556 -0.01103429
v 0.04661262 0.08458049 -0.00976820
v 0.04693197 0.01580000 -0.00858120
v 0.04684924 0.08418605 -0.00856489
v 0.04716323 0.08366262 -0.00696830
v 0.04746803 0.08315452 -0.00541839
v 0.04754767 0.08275764 -0.00418850
v 0.04775918 0.08170366 -0.00092220
v 0.01643041 0.05235643 -0.25700000
v 0.01859093 0.05176270 -0.25700000
v 0.01859093 0.05176270 -0.25900000
v -0.01556418 0.05275183 -0.25699999
v -0.01456726 0.05300774 -0.25700000
v -0.01457398 0.05303394 -0.25900000
v -0.03886189 0.03891982 -0.25700000
v -0.03657787 0.04104425 -0.25699999
v -0.03659291 0.04106042 -0.25900000
v -0.04333386 0.03382779 -0.25700004
v -0.04240722 0.03497336 -0.25700002
v -0.04243191 0.03499333 -0.25900000
v -0.04761991 0.02746666 -0.25700002
v -0.04724749 0.02808877 -0.25700003
v -0.04727633 0.02810603 -0.25900000
v -0.05454436 -0.00681983 -0.25700002
v -0.05482470 -0.00420871 -0.25700002
v -0.05483862 -0.00421021 -0.25900000
v -0.05006305 -0.02276907 -0.25700001
v -0.05098505 -0.02054849 -0.25700001
v -0.05101263 -0.02055994 -0.25900000
v -0.01301798 -0.05341713 -0.25699988
v -0.01456329 -0.05299481 -0.25699989
v -0.01457398 -0.05303394 -0.25900000
v -0.00414479 -0.05484359 -0.25699999
v -0.00630306 -0.05459738 -0.25699996
v -0.00630759 -0.05463711 -0.25900000
v 0.05448316 -0.00679588 -0.25700000
v 0.05435542 -0.00839571 -0.25900000
v 0.05493233 -0.00117061 -0.25700000
v 0.05500000 0.00000000 -0.25900000
v 0.05499897 -0.00033597 -0.25700000
v 0.05500000 0.00000000 -0.25800000
v 0.05423416 0.00891388 -0.25700000
v 0.05435542 0.00839571 -0.25700000
v 0.05435542 0.00839571 -0.25900000
v 0.05436488 0.00827724 -0.25700000
v 0.05499897 0.00033597 -0.25700000
v 0.05496654 0.00074208 -0.25700000
v 0.05470816 0.00397807 -0.25700000
v 0.05447812 -0.00685902 -0.25700000
v 0.05435542 -0.00839571 -0.25700000
v 0.05243680 -0.01659463 -0.25900000
v 0.05328021 -0.01299047 -0.25700000
v 0.05291376 -0.01455643 -0.25700000
v 0.05243680 -0.01659463 -0.25700000
v 0.05119467 -0.01967655 -0.25700000
v 0.04928911 -0.02440459 -0.25900000
v 0.04997056 -0.02271378 -0.25700000
v 0.04973307 -0.02330304 -0.25700000
v 0.04928911 -0.02440459 -0.25700000
v 0.04775035 -0.02699288 -0.25700000
v 0.04498611 -0.03164253 -0.25900000
v 0.04544753 -0.03086639 -0.25700000
v 0.04511824 -0.03142028 -0.25700000
v 0.03962869 -0.03813879 -0.25700000
v 0.03962869 -0.03813879 -0.25900000
v 0.04256990 -0.03457235 -0.25700000
v 0.04498611 -0.03164253 -0.25700000
v 0.03938835 -0.03835298 -0.25700000
v 0.03692826 -0.04054539 -0.25700000
v 0.03334240 -0.04374111 -0.25900000
v 0.03567975 -0.04165806 -0.25700000
v 0.03334240 -0.04374111 -0.25700000
v 0.03170405 -0.04480209 -0.25700000
v 0.03100875 -0.04525237 -0.25700000
v 0.02627459 -0.04831817 -0.25900000
v 0.02740325 -0.04758726 -0.25700000
v 0.02627459 -0.04831817 -0.25700000
v 0.02284175 -0.04985709 -0.25700000
v 0.01859093 -0.05176270 -0.25900000
v 0.02283856 -0.04985852 -0.25700000
v 0.01859093 -0.05176270 -0.25700000
v 0.01804261 -0.05191338 -0.25700000
v 0.01047151 -0.05399396 -0.25900000
v 0.01302679 -0.05329175 -0.25700000
v 0.01092273 -0.05386996 -0.25700000
v 0.01047151 -0.05399396 -0.25700000
v 0.00782149 -0.05429989 -0.25700000
v 0.00210665 -0.05495964 -0.25900000
v 0.00241596 -0.05492393 -0.25700000
v 0.00210665 -0.05495964 -0.25700000
v 0.00000000 -0.05500001 -0.25700000
v -0.00242005 -0.05490868 -0.25700000
v -0.01245009 -0.05357233 -0.25699988
v -0.00780167 -0.05442642 -0.25699994
v -0.00831392 -0.05436798 -0.25699993
v -0.01092398 -0.05386590 -0.25699990
v -0.01652697 -0.05245816 -0.25699990
v -0.01804051 -0.05191650 -0.25699993
v -0.02249878 -0.05018770 -0.25900000
v -0.02050991 -0.05103276 -0.25699998
v -0.02248569 -0.05015815 -0.25699999
v -0.02284605 -0.04999863 -0.25699999
v -0.02301954 -0.04992183 -0.25700000
v -0.02398928 -0.04949256 -0.25700000
v -0.02989622 -0.04616510 -0.25900000
v -0.02735291 -0.04771601 -0.25700000
v -0.02741733 -0.04767605 -0.25700000
v -0.02988444 -0.04614611 -0.25699999
v -0.03058527 -0.04571149 -0.25699999
v -0.03116460 -0.04529417 -0.25699999
v -0.03171845 -0.04489520 -0.25699999
v -0.03659291 -0.04106042 -0.25900000
v -0.03367074 -0.04348885 -0.25700000
v -0.03572525 -0.04178141 -0.25700001
v -0.03659286 -0.04106036 -0.25700001
v -0.03659458 -0.04105893 -0.25700001
v -0.04243191 -0.03499333 -0.25900000
v -0.03709064 -0.04058506 -0.25700001
v -0.03934312 -0.03843330 -0.25700001
v -0.03939638 -0.03837486 -0.25700001
v -0.04190366 -0.03562419 -0.25700000
v -0.04241444 -0.03497949 -0.25700000
v -0.04510638 -0.03141609 -0.25700000
v -0.04727633 -0.02810603 -0.25900000
v -0.04426403 -0.03264498 -0.25700000
v -0.04264835 -0.03468425 -0.25700000
v -0.04547362 -0.03088033 -0.25700000
v -0.04641284 -0.02951013 -0.25700000
v -0.04724851 -0.02808967 -0.25700001
v -0.05003636 -0.02283334 -0.25700001
v -0.04785321 -0.02706183 -0.25700001
v -0.04834000 -0.02623441 -0.25700001
v -0.04979475 -0.02331775 -0.25700001
v -0.05133272 -0.01971113 -0.25700000
v -0.05149399 -0.01932275 -0.25700000
v -0.05355325 -0.01253194 -0.25900000
v -0.05270602 -0.01571859 -0.25700002
v -0.05299844 -0.01459794 -0.25700002
v -0.05341676 -0.01299475 -0.25700001
v -0.05454175 -0.00684409 -0.25700002
v -0.05353852 -0.01252810 -0.25700001
v -0.05366656 -0.01203739 -0.25700001
v -0.05442478 -0.00793357 -0.25700002
v -0.05486851 -0.00380070 -0.25700002
v -0.05495124 -0.00116869 -0.25700001
v -0.05483862 0.00421021 -0.25900000
v -0.05499890 0.00034756 -0.25700000
v -0.05498201 0.00073779 -0.25700000
v -0.05483834 0.00405727 -0.25700000
v -0.05483174 0.00420991 -0.25700000
v -0.05482328 0.00440538 -0.25700000
v -0.05437078 0.00827571 -0.25700000
v -0.05436093 0.00835994 -0.25700000
v -0.05355325 0.01253194 -0.25900000
v -0.05425258 0.00892882 -0.25700000
v -0.05363556 0.01216857 -0.25700000
v -0.05362822 0.01220709 -0.25700000
v -0.05354286 0.01252919 -0.25700000
v -0.05263552 0.01595309 -0.25700000
v -0.05254558 0.01621626 -0.25700000
v -0.05101263 0.02055994 -0.25900000
v -0.05185780 0.01822873 -0.25700000
v -0.05138972 0.01959835 -0.25700001
v -0.05103268 0.02044444 -0.25700001
v -0.04815258 0.02657685 -0.25700001
v -0.05098828 0.02054966 -0.25700001
v -0.04989436 0.02314199 -0.25700001
v -0.04903274 0.02484113 -0.25700001
v -0.04649267 0.02934968 -0.25700005
v -0.04617041 0.02988801 -0.25700005
v -0.04395494 0.03305997 -0.25700005
v -0.04151509 0.03607626 -0.25700001
v -0.04093016 0.03670315 -0.25700001
v -0.03958203 0.03814801 -0.25700000
v -0.03600795 0.04157435 -0.25699998
v -0.03527204 0.04216735 -0.25699999
v -0.02989622 0.04616510 -0.25900000
v -0.03296702 0.04402470 -0.25699999
v -0.03087449 0.04547853 -0.25700000
v -0.03044444 0.04577731 -0.25700000
v -0.02989298 0.04616044 -0.25700000
v -0.02975644 0.04625531 -0.25700000
v -0.02784483 0.04739102 -0.25700000
v -0.02639278 0.04825371 -0.25699999
v -0.02249878 0.05018770 -0.25900000
v -0.02513276 0.04888572 -0.25699999
v -0.01629388 0.05250797 -0.25699999
v -0.02289438 0.05000847 -0.25699997
v -0.02249350 0.05017500 -0.25699997
v -0.02230706 0.05025245 -0.25699997
v -0.01936413 0.05147502 -0.25699997
v -0.01927911 0.05151034 -0.25699997
v -0.01646125 0.05245204 -0.25699999
v -0.01310708 0.05338255 -0.25700000
v -0.01176811 0.05372626 -0.25700000
v -0.00630759 0.05463711 -0.25900000
v -0.00790855 0.05442843 -0.25700000
v -0.00763698 0.05445803 -0.25700000
v -0.00636953 0.05459619 -0.25700000
v -0.00630391 0.05460335 -0.25700000
v -0.00400416 0.05485405 -0.25700000
v 0.00210665 0.05495964 -0.25900000
v 0.00000000 0.05500000 -0.25700000
v 0.00210665 0.05495964 -0.25700000
v 0.01047151 0.05399396 -0.25900000
v 0.00634531 0.05447031 -0.25700000
v 0.00763981 0.05432086 -0.25700000
v 0.01047151 0.05399396 -0.25700000
v 0.01308008 0.05327711 -0.25700000
v 0.01626886 0.05240082 -0.25700000
v 0.01934716 0.05142369 -0.25700000
v 0.02226313 0.05011648 -0.25700000
v 0.02627459 0.04831817 -0.25900000
v 0.02511835 0.04883650 -0.25700000
v 0.02627459 0.04831817 -0.25700000
v 0.02781355 0.04732155 -0.25700000
v 0.03334240 0.04374111 -0.25900000
v 0.03039120 0.04565229 -0.25700000
v 0.03077821 0.04540166 -0.25700000
v 0.03334240 0.04374111 -0.25700000
v 0.03521297 0.04207406 -0.25700000
v 0.03962869 0.03813879 -0.25900000
v 0.03959735 0.03816671 -0.25700000
v 0.03962869 0.03813879 -0.25700000
v 0.04084715 0.03666132 -0.25700000
v 0.04498611 0.03164253 -0.25900000
v 0.04325259 0.03374455 -0.25700000
v 0.04498611 0.03164253 -0.25700000
v 0.04638630 0.02928731 -0.25700000
v 0.04928911 0.02440459 -0.25900000
v 0.04751031 0.02739664 -0.25700000
v 0.04903227 0.02483662 -0.25700000
v 0.04928911 0.02440459 -0.25700000
v 0.05243680 0.01659463 -0.25900000
v 0.05089725 0.02041450 -0.25700000
v 0.05179764 0.01818049 -0.25700000
v 0.05243680 0.01659463 -0.25700000
v 0.05252492 0.01621807 -0.25700000
v 0.05347058 0.01217695 -0.25700000
v 0.04763205 -0.02764280 -0.24358114
v 0.04637178 -0.02974360 -0.24194892
v 0.04340909 -0.03392673 -0.24634931
v 0.04194464 -0.03560513 -0.25302119
v 0.04372702 -0.03336821 -0.25509687
v 0.04643267 -0.02955920 -0.25008755
v 0.04168960 -0.03605776 -0.24467155
v 0.04174076 -0.03603861 -0.24101277
v 0.03983870 -0.03812471 -0.24311613
v 0.03786227 -0.04010783 -0.24167566
v 0.04056901 -0.03719688 -0.23353154
v 0.03887503 -0.03891495 -0.23246253
v 0.03651220 -0.04122845 -0.23416719
v 0.03453738 -0.04282098 -0.23311004
v 0.02951246 -0.04634858 -0.23386955
v 0.02635009 -0.04820877 -0.23578990
v 0.02884282 -0.04687302 -0.23683831
v 0.00227002 -0.05367637 -0.23073209
v 0.00533805 -0.05361917 -0.23181539
v 0.01012086 -0.05287465 -0.22970128
v 0.03258631 0.07411792 -0.15875570
v 0.03087229 0.07869133 -0.15493979
v 0.03183891 0.07634350 -0.15245860
v 0.03378459 0.06898133 -0.15354519
v 0.03494961 0.06416555 -0.15701650
v 0.03469147 0.06692913 -0.15977878
v 0.03102845 0.07924627 -0.14214720
v 0.03025924 0.08189054 -0.14014910
v 0.03092506 0.07976674 -0.13770469
v 0.03078123 0.08051104 -0.13297270
v 0.03013125 0.08344636 -0.13053450
v 0.03064150 0.08150244 -0.12788279
v 0.04378910 0.03928025 -0.21242982
v 0.04231814 0.04189213 -0.21473292
v 0.03831999 0.05061408 -0.20819415
v 0.04422800 0.03072499 -0.18736476
v 0.04428144 0.03361182 -0.19063219
v 0.04185815 0.04133969 -0.18237169
v 0.03662236 0.05463845 -0.20489585
v 0.03609785 0.05298727 -0.21066749
v 0.02177964 0.05074200 -0.25138592
v 0.01994943 0.05158646 -0.25039132
v 0.02280213 0.05071122 -0.24764104
v 0.02538673 0.04888307 -0.25344790
v 0.02359342 0.04984021 -0.25240332
v 0.02616020 0.04878321 -0.24962551
v 0.03917178 0.03885391 -0.25060688
v 0.03743663 0.04037078 -0.25348618
v 0.03463703 0.04295465 -0.25111875
v 0.02652175 0.05263645 -0.23194436
v 0.02889009 0.05061642 -0.23359473
v 0.02584180 0.05171337 -0.23606862
v 0.03522811 0.04834786 -0.22506587
v 0.03694857 0.04602843 -0.22658612
v 0.03446569 0.04777849 -0.22885589
v 0.04446870 0.03280981 -0.24718553
v 0.04581324 0.03107607 -0.24422332
v 0.04744874 0.02818564 -0.24664458
v 0.05137274 0.01964977 -0.25529507
v 0.05024133 0.02244114 -0.25216602
v 0.05170748 0.01877670 -0.24538811
v 0.00000000 0.05632980 -0.24288911
v 0.00000000 0.05658183 -0.24177187
v 0.00155431 0.05674327 -0.24080986
v 0.00000000 0.05700395 -0.23990062
v 0.00394530 0.07074424 -0.21071998
v 0.00512537 0.07077952 -0.21051959
v 0.00585571 0.06966970 -0.21199127
v 0.02477567 0.07282756 -0.19894096
v 0.02596621 0.07316576 -0.19702730
v 0.02687831 0.07024978 -0.19985856
v 0.02782754 0.07383409 -0.19324122
v 0.02825297 0.07408956 -0.19178881
v 0.02888784 0.07230144 -0.19369368
v 0.02894784 0.07450685 -0.18941652
v 0.02922452 0.07479011 -0.18780282
v 0.03015694 0.07400510 -0.18674057
v 0.03009966 0.07972766 -0.15963598
v 0.03007779 0.07994799 -0.15837860
v 0.03154014 0.07655249 -0.16146657
v 0.02980597 0.08329676 -0.13926640
v 0.02977929 0.08373160 -0.13678330
v 0.03021768 0.08255272 -0.13551270
v 0.02975348 0.08415203 -0.13438260
v 0.02970051 0.08507109 -0.12913229
v 0.02968641 0.08550946 -0.12661990
v 0.03002921 0.08458774 -0.12517370
v 0.03099395 0.07865696 -0.12160400
v 0.03099108 0.07868853 -0.12157629
v 0.03099362 0.07866359 -0.12157190
v 0.03109038 0.07744260 -0.12700900
v 0.03115819 0.07695034 -0.12882150
v 0.03108486 0.07839670 -0.13046930
v 0.03703498 0.05489859 -0.16301635
v 0.03717019 0.05438092 -0.16345376
v 0.03719753 0.05492977 -0.16401764
v 0.03808433 0.05088101 -0.16641099
v 0.03829514 0.05004190 -0.16705093
v 0.03832675 0.05052012 -0.16755739
v 0.03914132 0.04667368 -0.16961966
v 0.03941347 0.04553935 -0.17040108
v 0.03947019 0.04627500 -0.17119883
v 0.03873237 -0.03128986 -0.20416084
v 0.03844251 -0.03166771 -0.20429992
v 0.03902238 -0.03132995 -0.20506231
v 0.03639420 -0.03433776 -0.20528279
v 0.03566128 -0.03515423 -0.20559018
v 0.03667332 -0.03466290 -0.20678027
v 0.01044391 -0.05013918 -0.21173044
v 0.00925100 -0.05035402 -0.21184721
v 0.01047746 -0.05035215 -0.21270064
v 0.00048865 -0.05120703 -0.21219903
v 0.00000000 -0.05120777 -0.21219473
v -0.00000000 -0.05142176 -0.21357955
v -0.00000003 -0.05253569 -0.22078787
v -0.00000003 -0.05256769 -0.22105208
v 0.00151635 -0.05266010 -0.22182014
v 0.00417013 -0.05272496 -0.22310437
v -0.00000002 -0.05300852 -0.22469145
v -0.00000001 -0.05310776 -0.22551079
v 0.00000000 -0.05355661 -0.22921643
v 0.00000000 -0.05356197 -0.22927208
v 0.00444301 -0.05323365 -0.22747214
v -0.00000000 -0.05433173 -0.23804578
v -0.00000000 -0.05443827 -0.24003495
v 0.00225053 -0.05433948 -0.23866381
v -0.00000001 -0.05454109 -0.24195490
v 0.00437554 -0.05482259 -0.25529625
v 0.01586429 -0.05266502 -0.25425036
v 0.04773226 -0.02736830 -0.25214917
v 0.04992126 -0.02308416 -0.25664257
v 0.05499394 -0.00062259 -0.25614687
v 0.04693177 0.02868495 -0.25571706
v 0.02889571 0.04681089 -0.25563668
v 0.03053248 0.04557893 -0.25678460
v 0.00000000 0.05502005 -0.25635276
v 0.00219443 0.05499412 -0.25461831
v 0.00680035 0.05457894 -0.25663261
v 0.00993898 0.05416505 -0.25391813
v 0.01632789 0.05238884 -0.25690897
v 0.02715552 0.04787265 -0.25452409
v 0.04008435 0.03766481 -0.25606231
v 0.04508306 0.03158801 -0.25281458
v 0.04305302 0.03446854 -0.25015825
v 0.05390059 0.01092903 -0.25422742
v 0.05252492 0.01621807 -0.25700000
v 0.05423074 0.00893948 -0.25022100
v 0.05499616 0.00049562 -0.25652480
v 0.05498726 0.00100000 -0.25502350
v 0.05498733 -0.00100000 -0.25502350
v 0.05498731 -0.00029631 -0.25502350
v 0.05488758 -0.00278881 -0.25088184
v 0.05498729 0.00010580 -0.25502350
v 0.05407667 -0.00998764 -0.25231831
v 0.05447986 -0.00682787 -0.25691929
v 0.05328844 -0.01349260 -0.24804854
v 0.05149441 -0.01935588 -0.25126497
v 0.05070170 -0.02137433 -0.24916832
v 0.04889318 -0.02520289 -0.25433585
v 0.03624375 -0.04136981 -0.25628359
v 0.03374470 -0.04344124 -0.25442642
v 0.02562778 -0.04867387 -0.25395221
v 0.02867060 -0.04693870 -0.25551339
v 0.02242806 -0.05023574 -0.25253502
v 0.01946481 -0.05144177 -0.25552458
v -0.00000000 -0.05499644 -0.25560850
v 0.00422137 -0.05478673 -0.25106946
v -0.00000001 -0.05488806 -0.25036625
v 0.00010525 -0.05498694 -0.25434787
v -0.00000000 -0.05496953 -0.25430724
v -0.00000000 -0.05497346 -0.25449698
v 0.00011661 -0.05491334 -0.25015430
v -0.00000001 -0.05488245 -0.25009463
v -0.00000001 -0.05488806 -0.25036624
v -0.00000001 -0.05482297 -0.24721805
v 0.00439081 -0.05466675 -0.24706563
v -0.00000001 -0.05478588 -0.24652547
v 0.00047466 -0.05478044 -0.24615133
v -0.00000001 -0.05475843 -0.24601298
v -0.00000001 -0.05478588 -0.24652545
v -0.00000001 -0.05460953 -0.24323270
v -0.00000001 -0.05460953 -0.24323269
v 0.00118783 -0.05459028 -0.24232376
v 0.00034821 -0.05402422 -0.23413215
v -0.00000000 -0.05403598 -0.23431980
v -0.00000000 -0.05425226 -0.23704455
v 0.00000000 -0.05362170 -0.22989232
v 0.00000000 -0.05380186 -0.23176314
v -0.00000000 -0.05397929 -0.23360555
v -0.00000000 -0.05401164 -0.23401310
v -0.00000001 -0.05328604 -0.22698263
v 0.00158531 -0.05321681 -0.22629067
v -0.00000001 -0.05310776 -0.22551080
v -0.00000002 -0.05300851 -0.22469144
v -0.00000003 -0.05256770 -0.22105211
v -0.00000002 -0.05273009 -0.22239281
v -0.00000002 -0.05273009 -0.22239282
v -0.00000003 -0.05243489 -0.22013559
v 0.00689295 -0.05209288 -0.22003189
v -0.00000002 -0.05210095 -0.21797464
v -0.00000003 -0.05243489 -0.22013557
v 0.00443639 -0.05210105 -0.21869337
v -0.00000002 -0.05210095 -0.21797463
v 0.00197225 -0.05200617 -0.21730778
v -0.00000001 -0.05180557 -0.21606318
v -0.00000001 -0.05180557 -0.21606316
v 0.00515550 -0.05134491 -0.21422110
v 0.00286396 -0.05123782 -0.21273686
v -0.00000001 -0.05176330 -0.21578968
v 0.00743730 -0.05136092 -0.21565988
v 0.00786005 -0.05092132 -0.21344489
v 0.00591337 -0.05089351 -0.21213236
v 0.00534902 -0.05095104 -0.21215786
v 0.00413917 -0.05107437 -0.21221252
v 0.00204986 -0.05115029 -0.21220480
v 0.00195053 -0.05115390 -0.21220443
v 0.00881957 -0.05043172 -0.21188944
v 0.00670184 -0.05081313 -0.21209673
v 0.01543464 -0.04880834 -0.21128122
v 0.01521210 -0.04880364 -0.21111875
v 0.01380401 -0.04927524 -0.21133324
v 0.01214271 -0.04970239 -0.21152963
v 0.01682820 -0.04825881 -0.21087118
v 0.01678363 -0.04827731 -0.21087937
v 0.01539747 -0.04874156 -0.21109051
v 0.01856758 -0.04753699 -0.21055186
v 0.01735911 -0.04858873 -0.21271330
v 0.02736706 -0.04362492 -0.21131979
v 0.02489476 -0.04427272 -0.20916072
v 0.02350608 -0.04612285 -0.21271048
v 0.02458485 -0.04445800 -0.20923808
v 0.02284379 -0.04549893 -0.20967271
v 0.02163677 -0.04610473 -0.20993177
v 0.02176467 -0.04651490 -0.21132860
v 0.02036794 -0.04674154 -0.21020409
v 0.01981192 -0.04702060 -0.21032343
v 0.02878701 -0.04162744 -0.20808452
v 0.02736352 -0.04263081 -0.20848992
v 0.02581313 -0.04372365 -0.20893146
v 0.03244888 -0.03848429 -0.20685684
v 0.03160693 -0.03929493 -0.20716868
v 0.03084839 -0.04084882 -0.20988774
v 0.02998160 -0.04063933 -0.20769654
v 0.02893148 -0.04150794 -0.20803760
v 0.03476095 -0.03615721 -0.20596779
v 0.03409304 -0.03690127 -0.20624791
v 0.03395000 -0.03784788 -0.20838266
v 0.03249562 -0.03843929 -0.20683954
v 0.03690758 -0.03366854 -0.20503645
v 0.03886973 -0.03107650 -0.20408359
v 0.04100508 -0.02788805 -0.20321517
v 0.04082424 -0.02804071 -0.20298456
v 0.04061439 -0.02836665 -0.20310255
v 0.04458757 -0.02453362 -0.20873876
v 0.04429039 -0.02279529 -0.20410973
v 0.04285297 -0.02634197 -0.20603827
v 0.04254503 -0.02483295 -0.20183521
v 0.04215742 -0.02555550 -0.20209411
v 0.04166297 -0.02647722 -0.20242436
v 0.04084328 -0.02800520 -0.20297183
v 0.04445179 -0.02026282 -0.20021242
v 0.04402878 -0.02146850 -0.20063939
v 0.04351008 -0.02264467 -0.20105744
v 0.04283218 -0.02418184 -0.20160380
v 0.04562212 -0.01657913 -0.19890714
v 0.04525362 -0.01797739 -0.19940309
v 0.04539967 -0.01923436 -0.20204230
v 0.04467035 -0.01963985 -0.19999181
v 0.04658231 -0.01231456 -0.19739079
v 0.04637046 -0.01348663 -0.19780872
v 0.04618731 -0.01570370 -0.19984103
v 0.04622492 -0.01429186 -0.19809585
v 0.04569834 -0.01628991 -0.19880455
v 0.04690384 -0.01035972 -0.19669235
v 0.04686233 -0.01076536 -0.19683838
v 0.04775354 -0.01039971 -0.20049742
v 0.04722561 -0.00721518 -0.19556033
v 0.04710580 -0.00838607 -0.19598185
v 0.04781480 -0.00705910 -0.19813869
v 0.04729137 -0.00455825 -0.19458395
v 0.04762218 -0.00387598 -0.19569544
v 0.04730409 -0.00404408 -0.19439501
v 0.04731538 -0.00358814 -0.19422745
v 0.04716934 0.00036377 -0.19274659
v 0.04721488 -0.00086874 -0.19320843
v 0.04872392 0.00319127 -0.19930491
v 0.04721847 -0.00096593 -0.19324486
v 0.04630276 0.00925100 -0.18927248
v 0.04670538 0.00595822 -0.19060106
v 0.04816171 0.00598816 -0.19685920
v 0.04681056 0.00468986 -0.19108750
v 0.04697854 0.00266447 -0.19186426
v 0.04687841 0.01100787 -0.19186842
v 0.04618543 0.01021052 -0.18888532
v 0.04593195 0.01228359 -0.18804886
v 0.04657672 0.02013764 -0.19328085
v 0.04412564 0.02339977 -0.18310034
v 0.04611453 0.01767622 -0.19010950
v 0.04457077 0.02090632 -0.18427068
v 0.04482211 0.01949838 -0.18493152
v 0.04542084 0.01560622 -0.18661323
v 0.04551683 0.01533613 -0.18688097
v 0.04542804 0.01555936 -0.18663347
v 0.04547572 0.01524942 -0.18676739
v 0.04370001 0.02578402 -0.18198124
v 0.04394405 0.02792319 -0.18405393
v 0.04363869 0.02609482 -0.18182193
v 0.04363754 0.02610063 -0.18181895
v 0.04255923 0.03156534 -0.17901764
v 0.04263573 0.03117770 -0.17921635
v 0.04269733 0.03158746 -0.17969648
v 0.04263994 0.03115633 -0.17922730
v 0.04179943 0.03829225 -0.17894357
v 0.04159189 0.03609954 -0.17646016
v 0.04159439 0.03608786 -0.17646674
v 0.04051514 0.04088831 -0.17352977
v 0.04051601 0.04088445 -0.17353218
v 0.04140401 0.03698023 -0.17596341
v 0.03941476 0.04553399 -0.17040477
v 0.04025622 0.04202667 -0.17282089
v 0.04062738 0.04220402 -0.17498763
v 0.03829956 0.05002430 -0.16706435
v 0.03718042 0.05434173 -0.16348686
v 0.03503475 0.06217898 -0.15562000
v 0.03518321 0.06165342 -0.15624910
v 0.03608038 0.05842214 -0.15967199
v 0.03610841 0.05832117 -0.15977894
v 0.03434171 0.06463243 -0.15268320
v 0.03497094 0.06240488 -0.15534960
v 0.03414273 0.06533258 -0.15173070
v 0.03394560 0.06628908 -0.15108000
v 0.03406272 0.06561412 -0.15134780
v 0.03359394 0.06726366 -0.14910390
v 0.03278882 0.07013964 -0.14452940
v 0.03292280 0.06964865 -0.14540670
v 0.03290584 0.07138720 -0.14768150
v 0.03300819 0.06934518 -0.14587710
v 0.03318357 0.06872197 -0.14684320
v 0.03207269 0.07421570 -0.14176249
v 0.03215788 0.07248764 -0.14016359
v 0.03231010 0.07189412 -0.14139460
v 0.03171488 0.07660624 -0.14406500
v 0.03242073 0.07148867 -0.14211900
v 0.03130911 0.07756850 -0.13528780
v 0.03194153 0.07333120 -0.13841410
v 0.03144796 0.07541259 -0.13348870
v 0.03180239 0.07388462 -0.13722419
v 0.03182878 0.07377085 -0.13750240
v 0.03118254 0.07677354 -0.12947239
v 0.03136006 0.07586332 -0.13215860
v 0.03138932 0.07571331 -0.13260130
v 0.03093206 0.07948130 -0.12527670
v 0.03101540 0.07822174 -0.12371380
v 0.03103343 0.07785601 -0.12548680
v 0.03056196 0.08265223 -0.12227520
v 0.03060500 0.08248156 -0.12224519
v 0.02967768 0.08615892 -0.12289360
v 0.03051046 0.08285644 -0.12231129
v 0.02967765 0.08598825 -0.12387350
v 0.03055275 0.08274891 -0.12240570
v 0.02967770 0.08598431 -0.12389610
v 0.02968208 0.08564409 -0.12584840
v 0.02985485 0.08250039 -0.14381379
v 0.03023470 0.08143204 -0.14453220
v 0.02987517 0.08216932 -0.14570430
v 0.02996372 0.08112282 -0.15167510
v 0.02998896 0.08085878 -0.15318139
v 0.03003042 0.08042511 -0.15565560
v 0.02996337 0.08112675 -0.15165270
v 0.02993238 0.08147165 -0.14968490
v 0.03013053 0.08114289 -0.14878860
v 0.02992586 0.08155114 -0.14923120
v 0.02991350 0.08170185 -0.14837140
v 0.03017707 0.07886831 -0.16453921
v 0.03017255 0.07892112 -0.16423796
v 0.03019128 0.07889344 -0.16421680
v 0.03017191 0.07892852 -0.16419578
v 0.03013330 0.07937896 -0.16162623
v 0.03009624 0.07661859 -0.17737549
v 0.03022978 0.07754480 -0.17209071
v 0.03057379 0.07709793 -0.17152870
v 0.03024274 0.07763465 -0.17157808
v 0.03023880 0.07774125 -0.17096968
v 0.03023744 0.07777781 -0.17076093
v 0.03209027 0.07470848 -0.16855082
v 0.03021694 0.07833214 -0.16759708
v 0.03019311 0.07868116 -0.16560676
v 0.02999133 0.07589100 -0.18152699
v 0.03002942 0.07615519 -0.18001960
v 0.03063960 0.07551443 -0.17918503
v 0.03008031 0.07650814 -0.17800570
v 0.03241023 0.07312146 -0.17607638
v 0.02963978 0.07523137 -0.18528879
v 0.03229592 0.07168267 -0.18367694
v 0.02976764 0.07547127 -0.18392065
v 0.02934704 0.07491555 -0.18708825
v 0.02962087 0.07519588 -0.18549120
v 0.02871080 0.07436451 -0.19022576
v 0.03152486 0.07018872 -0.19088854
v 0.02737761 0.07323825 -0.19497503
v 0.02723519 0.07359745 -0.19458239
v 0.02780683 0.07382582 -0.19328811
v 0.03004782 0.06844847 -0.19741198
v 0.02647940 0.07331154 -0.19620241
v 0.02661825 0.07335099 -0.19597922
v 0.02691713 0.07347039 -0.19530251
v 0.02319526 0.07167791 -0.20197919
v 0.02146625 0.07215049 -0.20277044
v 0.02189154 0.07221509 -0.20240532
v 0.02272888 0.07238675 -0.20143436
v 0.02292266 0.07242649 -0.20120965
v 0.02450770 0.07275145 -0.19937168
v 0.02045470 0.06904940 -0.20739123
v 0.01931222 0.07182322 -0.20461977
v 0.02452109 0.06796097 -0.20548416
v 0.02039531 0.07198777 -0.20368989
v 0.01516243 0.07134613 -0.20731412
v 0.01545121 0.07136956 -0.20718163
v 0.01595643 0.06970675 -0.20907567
v 0.01786340 0.07164157 -0.20564582
v 0.01884518 0.07175228 -0.20502073
v 0.01044227 0.07099942 -0.20927426
v 0.01178772 0.07107225 -0.20886252
v 0.01107192 0.06991468 -0.21058844
v 0.01214846 0.07110152 -0.20869700
v 0.01509468 0.07134063 -0.20734521
v 0.00590071 0.07080271 -0.21038793
v 0.00792814 0.07086335 -0.21004365
v 0.00907441 0.07092540 -0.20969286
v 0.00272915 0.07073291 -0.21078344
v 0.00036740 0.06898310 -0.21334494
v -0.00000006 0.07070750 -0.21092587
v -0.00000000 0.06659430 -0.21700194
v -0.00000001 0.06893161 -0.21345213
v -0.00000001 0.06934114 -0.21283016
v -0.00000001 0.06947351 -0.21264568
v -0.00000001 0.06947354 -0.21264564
v -0.00000001 0.06416780 -0.22118438
v -0.00000000 0.06561735 -0.21868588
v 0.00316862 0.06609954 -0.21769006
v 0.00000001 0.06258195 -0.22432490
v -0.00000000 0.06376774 -0.22197664
v 0.00160974 0.06284566 -0.22369273
v -0.00000000 0.06376774 -0.22197662
v 0.00670552 0.06349992 -0.22179245
v 0.00000001 0.06204253 -0.22539313
v 0.00381798 0.06042495 -0.22883750
v 0.00000000 0.06056066 -0.22882068
v -0.00000000 0.05843763 -0.23465754
v -0.00000000 0.05862583 -0.23401521
v 0.00414479 0.05920566 -0.23195471
v -0.00000000 0.05863874 -0.23397116
v 0.00138106 0.06007479 -0.22993905
v 0.00000000 0.05985975 -0.23059648
v 0.00000000 0.06020268 -0.22964869
v 0.00703794 0.05828776 -0.23389327
v 0.00582726 0.05711408 -0.23827078
v 0.00257088 0.05786390 -0.23632290
v -0.00000000 0.05734704 -0.23837976
v -0.00000000 0.05559363 -0.24750790
v -0.00000000 0.05581000 -0.24615036
v 0.00113651 0.05588661 -0.24536978
v 0.00000000 0.05603204 -0.24475728
v 0.00516592 0.05614264 -0.24276173
v 0.00000001 0.05514757 -0.25223504
v 0.00000000 0.05526712 -0.25096809
v 0.00134445 0.05530797 -0.24997384
v 0.00000000 0.05542357 -0.24931010
v 0.00509184 0.05540205 -0.24732774
v 0.00000001 0.05510458 -0.25362309
v 0.00563089 0.05488961 -0.25194895
v 0.05067660 0.02156468 -0.24288803
v 0.05140649 0.01946087 -0.23983376
v 0.05317466 0.01187096 -0.23616728
v 0.05280595 0.01439925 -0.23902941
v 0.05112034 0.01997296 -0.23502427
v 0.05231307 0.01669762 -0.24212216
v 0.05037586 0.02227934 -0.23772190
v 0.05259127 0.01606287 -0.24810708
v 0.05308841 0.01401241 -0.24460785
v 0.05347544 0.01172011 -0.24127793
v 0.05373692 0.00917069 -0.23818572
v 0.04680292 0.03012051 -0.23650680
v 0.04950712 0.02440200 -0.24058951
v 0.04548434 0.03209992 -0.23920595
v 0.04852589 0.02636013 -0.24358060
v 0.04892998 0.02529703 -0.24928580
v 0.04404279 0.03393880 -0.24199712
v 0.05123549 0.01790286 -0.22524640
v 0.05064809 0.02061982 -0.22717758
v 0.04877582 0.02635017 -0.22415474
v 0.04777833 0.02891108 -0.22616980
v 0.04543376 0.03438936 -0.22313001
v 0.04396129 0.03678137 -0.22523191
v 0.04122046 0.04189853 -0.22220819
v 0.03920444 0.04406386 -0.22437407
v 0.03614973 0.04872039 -0.22136222
v 0.03177264 0.04930752 -0.23119078
v 0.03254463 0.05002039 -0.22730333
v 0.02963522 0.05145037 -0.22959309
v 0.03211754 0.05138592 -0.22465025
v 0.03352773 0.05056039 -0.22354966
v 0.02417430 0.05451638 -0.23030375
v 0.02587223 0.05402476 -0.22914707
v 0.02751864 0.05346596 -0.22800498
v 0.02911031 0.05283967 -0.22687597
v 0.03064421 0.05214609 -0.22575835
v 0.04038808 0.04107096 -0.22967943
v 0.04018886 0.04036222 -0.23369582
v 0.03830464 0.04294445 -0.23203599
v 0.03813781 0.04211065 -0.23620429
v 0.03604162 0.04463340 -0.23447761
v 0.03594039 0.04369845 -0.23879013
v 0.03361800 0.04614378 -0.23699653
v 0.03361877 0.04513982 -0.24143820
v 0.03105635 0.04748761 -0.23958291
v 0.02838186 0.04868210 -0.24222622
v 0.04371795 0.03573239 -0.23293567
v 0.04379751 0.03492295 -0.23725637
v 0.04202595 0.03768336 -0.23542830
v 0.04215886 0.03674686 -0.23993770
v 0.04018349 0.03947698 -0.23801594
v 0.04040129 0.03844075 -0.24268707
v 0.03820851 0.04112615 -0.24067803
v 0.03854632 0.04002575 -0.24547910
v 0.03612284 0.04264793 -0.24339413
v 0.03395070 0.04406226 -0.24614681
v 0.03119764 0.04645318 -0.24413430
v 0.02870286 0.04766026 -0.24686659
v 0.02562145 0.04974918 -0.24491577
v 0.03262688 0.04434102 -0.25395012
v 0.02944458 0.04665417 -0.25171719
v 0.04086525 0.03729118 -0.24772317
v 0.03661713 0.04152333 -0.24829387
v 0.03171664 0.04539042 -0.24892360
v 0.04249615 0.03566074 -0.24484608
v 0.04524598 0.03361742 -0.23055575
v 0.04798547 0.02798393 -0.23393279
v 0.04902289 0.02568277 -0.23151135
v 0.05173463 0.01748138 -0.23253154
v 0.05341675 0.00913260 -0.23357102
v 0.02265406 0.05261354 -0.23861029
v 0.02322900 0.05358501 -0.23436330
v 0.01978370 0.05430973 -0.23685243
v 0.01310031 0.05613692 -0.23760049
v 0.01503241 0.05601345 -0.23634128
v 0.01621582 0.05483143 -0.23940780
v 0.01935520 0.05333784 -0.24121344
v 0.01708673 0.05239051 -0.25315466
v 0.01423036 0.05313589 -0.25591870
v 0.01309591 0.05367238 -0.25118760
v 0.01625584 0.05309473 -0.24845316
v 0.01939823 0.05242298 -0.24573171
v 0.00908735 0.05467623 -0.24925653
v 0.01254326 0.05435169 -0.24655537
v 0.00883844 0.05535952 -0.24466764
v 0.02242819 0.05494168 -0.23147630
v 0.03589154 0.05103058 -0.21611583
v 0.03822918 0.04881802 -0.21383799
v 0.03849500 0.04664477 -0.21917734
v 0.04055306 0.04435855 -0.21697474
v 0.04298801 0.03955295 -0.22007215
v 0.04450230 0.03705361 -0.21794453
v 0.04669122 0.03186056 -0.22108804
v 0.03024664 0.05468615 -0.22049910
v 0.03322662 0.05299636 -0.21832889
v 0.02960389 0.06273584 -0.20663630
v 0.03123998 0.06461387 -0.20088343
v 0.03260334 0.06079793 -0.20421314
v 0.03270813 0.06631317 -0.19465741
v 0.02812222 0.06647063 -0.20331981
v 0.03421509 0.05694968 -0.20746361
v 0.03350138 0.05511340 -0.21301256
v 0.03139331 0.05898143 -0.20985808
v 0.03053678 0.05695512 -0.21524492
v 0.02816269 0.06069415 -0.21208968
v 0.02721789 0.05847987 -0.21738664
v 0.02453864 0.06205312 -0.21417930
v 0.02356566 0.05966082 -0.21946501
v 0.02054579 0.06302947 -0.21615697
v 0.02162274 0.06011587 -0.22048994
v 0.01621649 0.06360187 -0.21805908
v 0.02864387 0.05542002 -0.22157553
v 0.02696940 0.05607671 -0.22265022
v 0.02522620 0.05665444 -0.22372621
v 0.02341748 0.05715194 -0.22480649
v 0.02154667 0.05756851 -0.22589396
v 0.01961738 0.05790397 -0.22699129
v 0.01763340 0.05815876 -0.22810099
v 0.01559865 0.05833409 -0.22922529
v 0.01960695 0.06047821 -0.22151064
v 0.01752232 0.06074676 -0.22253105
v 0.01158911 0.06375836 -0.21992496
v 0.01537306 0.06092115 -0.22355500
v 0.00917666 0.06368031 -0.22085632
v 0.01316355 0.06100172 -0.22458610
v 0.00839423 0.06661603 -0.21606853
v 0.01335433 0.06669448 -0.21442004
v 0.01799790 0.06633043 -0.21269739
v 0.02227826 0.06553418 -0.21085264
v 0.02615655 0.06432637 -0.20884318
v 0.02063723 0.05530192 -0.23266589
v 0.01351732 0.05843187 -0.23036592
v 0.01880498 0.05559896 -0.23387326
v 0.01139371 0.05845463 -0.23152406
v 0.01693535 0.05583515 -0.23509853
v 0.00923232 0.05840538 -0.23270008
v 0.01003232 0.05727802 -0.23576919
v 0.01089837 0.06098968 -0.22562753
v 0.00858228 0.06088724 -0.22668202
v 0.00622034 0.06069757 -0.22775162
v -0.00000000 0.05753252 -0.23774671
v 0.04697137 0.02539538 -0.19935325
v 0.04687188 0.02271563 -0.19636961
v 0.04228505 0.03285054 -0.17829273
v 0.04407644 0.03655181 -0.19383343
v 0.04685020 0.02815304 -0.20221565
v 0.04358621 0.03950716 -0.19694663
v 0.04648720 0.03095762 -0.20494927
v 0.04278583 0.04243598 -0.19995236
v 0.04586483 0.03377313 -0.20755554
v 0.04165299 0.04529380 -0.20283499
v 0.04496900 0.03656069 -0.21004387
v 0.04016901 0.04803497 -0.20558388
v 0.03725269 0.05604826 -0.19871840
v 0.03892634 0.05333110 -0.19568094
v 0.04019490 0.05045248 -0.19248961
v 0.04108623 0.04746267 -0.18918157
v 0.04163042 0.04441001 -0.18579610
v 0.04069854 0.04529012 -0.17843541
v 0.03954514 0.04936643 -0.17461348
v 0.03838136 0.05357997 -0.17087826
v 0.03932686 0.05244613 -0.17808859
v 0.03719372 0.05792074 -0.16718405
v 0.03878435 0.05547992 -0.18158118
v 0.03788504 0.05842900 -0.18504131
v 0.03659522 0.06125014 -0.18841366
v 0.03488063 0.06389549 -0.19163901
v 0.03515056 0.05855352 -0.20157017
v 0.03367906 0.06780989 -0.18782079
v 0.03538500 0.06521888 -0.18456145
v 0.03667637 0.06246230 -0.18117820
v 0.03758562 0.05958056 -0.17773361
v 0.03689826 0.06086249 -0.17045070
v 0.02970429 0.08495363 -0.12980540
v 0.03108799 0.07745993 -0.12694510
v 0.03142504 0.07553015 -0.13314180
v 0.02982696 0.08295488 -0.14121850
v 0.02972791 0.08456871 -0.13200330
v 0.03327444 0.07221041 -0.16557557
v 0.03004781 0.08024994 -0.15665540
v 0.03401173 0.06917398 -0.18045261
v 0.03533292 0.06651435 -0.17713417
v 0.03380815 0.07058934 -0.17290055
v 0.03628647 0.06373491 -0.17378248
v 0.03485391 0.06794101 -0.16971232
v 0.03556744 0.06519598 -0.16655918
v 0.03413732 0.06961393 -0.16264071
v 0.03333308 0.07159272 -0.15610850
v 0.03251845 0.07390818 -0.15003560
v 0.03106423 0.07891610 -0.14641000
v 0.00945208 -0.05250954 -0.22552913
v 0.00681635 -0.05267633 -0.22434066
v 0.00970909 -0.05128425 -0.21705098
v 0.01466069 -0.05000786 -0.21553171
v 0.01673191 -0.04969920 -0.21687366
v 0.02115773 -0.04786237 -0.21543848
v 0.02303029 -0.04735786 -0.21672947
v 0.02692809 -0.04505512 -0.21533879
v 0.02860692 -0.04438299 -0.21658399
v 0.01257546 -0.05022439 -0.21414045
v 0.01926691 -0.04827265 -0.21409957
v 0.02522749 -0.04563569 -0.21404748
v 0.03047171 -0.04243822 -0.21395491
v 0.01196986 -0.05111104 -0.21839317
v 0.01421805 -0.05083893 -0.21968557
v 0.01878763 -0.04929565 -0.21816599
v 0.02082597 -0.04879529 -0.21940886
v 0.02488286 -0.04675891 -0.21797254
v 0.02671363 -0.04606513 -0.21916835
v 0.03026172 -0.04361926 -0.21778371
v 0.03189036 -0.04276376 -0.21893914
v 0.03348092 -0.04089630 -0.21641461
v 0.01725338 -0.05124922 -0.22883106
v 0.01292960 -0.05248524 -0.23075660
v 0.00838669 -0.05341266 -0.23286139
v 0.00364433 -0.05401986 -0.23516390
v -0.00000000 -0.05433114 -0.23803833
v 0.02366331 -0.04889242 -0.22809612
v 0.01979948 -0.05055847 -0.22986063
v 0.01570874 -0.05194688 -0.23178122
v 0.01140777 -0.05304799 -0.23387703
v 0.00691531 -0.05384998 -0.23616587
v 0.00934042 -0.05197994 -0.22132168
v 0.01177663 -0.05175914 -0.22256225
v 0.01645158 -0.05046543 -0.22092807
v 0.01866783 -0.04998691 -0.22212166
v 0.02284454 -0.04819591 -0.22060325
v 0.02484045 -0.04749508 -0.22175115
v 0.02851990 -0.04527541 -0.22031856
v 0.03029851 -0.04438855 -0.22142573
v 0.03348979 -0.04181644 -0.22005233
v 0.03505666 -0.04077748 -0.22112612
v 0.03637681 -0.03900289 -0.21870440
v 0.01419872 -0.05142617 -0.22375426
v 0.01660315 -0.05097708 -0.22489954
v 0.02086359 -0.04939995 -0.22326841
v 0.02303496 -0.04870128 -0.22437160
v 0.02681014 -0.04669048 -0.22285559
v 0.02874951 -0.04578009 -0.22392076
v 0.03204571 -0.04340363 -0.22249344
v 0.03375733 -0.04232020 -0.22352626
v 0.03658739 -0.03964751 -0.22216414
v 0.03913829 -0.03676648 -0.22083814
v 0.00489783 -0.05447041 -0.24325684
v 0.00854609 -0.05412470 -0.24419843
v 0.00919000 -0.05386047 -0.24058322
v 0.01257454 -0.05331044 -0.24154741
v 0.01333833 -0.05296936 -0.23812155
v 0.01646561 -0.05224095 -0.23910278
v 0.01732833 -0.05181205 -0.23585845
v 0.02020609 -0.05092918 -0.23685059
v 0.02114369 -0.05040070 -0.23377800
v 0.02378044 -0.04938571 -0.23477492
v 0.02476703 -0.04874573 -0.23186339
v 0.02717185 -0.04761990 -0.23285952
v 0.02818258 -0.04685601 -0.23009744
v 0.03036499 -0.04563977 -0.23108818
v 0.03334650 -0.04345243 -0.22944487
v 0.03525732 -0.04204962 -0.23043124
v 0.03781663 -0.03962316 -0.22888473
v 0.03946533 -0.03808263 -0.22986505
v 0.03863307 -0.03848623 -0.22647557
v 0.03705580 -0.03985983 -0.22551035
v 0.03433739 -0.04240398 -0.22694005
v 0.03251836 -0.04363697 -0.22595590
v 0.02935413 -0.04590796 -0.22747325
v 0.02728568 -0.04695731 -0.22646730
v 0.02134093 -0.04971400 -0.22706473
v 0.01467585 -0.05180128 -0.22777025
v 0.00728990 -0.05312181 -0.22860810
v 0.01207351 -0.05221962 -0.22667128
v 0.01898559 -0.05040771 -0.22600139
v 0.02517738 -0.04788788 -0.22543589
v 0.03065394 -0.04476247 -0.22495202
v 0.03542892 -0.04113854 -0.22452972
v 0.03952484 -0.03711994 -0.22415181
v 0.04226938 -0.03425239 -0.22606136
v 0.04583305 -0.02096938 -0.20687930
v 0.04619389 -0.02247904 -0.21131061
v 0.04677200 -0.01739712 -0.20488239
v 0.04725162 -0.01892025 -0.20953154
v 0.04766110 -0.02019762 -0.21374476
v 0.04914466 -0.01313705 -0.21023741
v 0.04949727 -0.00965055 -0.20828399
v 0.04851294 -0.01183849 -0.20557000
v 0.04666930 -0.01183330 -0.19721918
v 0.04666294 -0.01224876 -0.19751881
v 0.04741029 -0.01385955 -0.20275116
v 0.04802257 -0.01536020 -0.20761783
v 0.04853533 -0.01666490 -0.21205634
v 0.04897933 -0.01770793 -0.21603455
v 0.04982038 -0.01882197 -0.22279193
v 0.04939383 -0.01843993 -0.21957868
v 0.04842599 -0.02179948 -0.22091136
v 0.04803764 -0.02117270 -0.21751900
v 0.04684590 -0.02458263 -0.21891629
v 0.04651581 -0.02370031 -0.21531506
v 0.04509407 -0.02713983 -0.21678520
v 0.04484068 -0.02599915 -0.21296391
v 0.04318572 -0.02944556 -0.21450713
v 0.04302455 -0.02804932 -0.21046785
v 0.04113640 -0.03147931 -0.21207945
v 0.04108059 -0.02983202 -0.20783214
v 0.03896191 -0.03322375 -0.20950256
v 0.05149509 -0.00883263 -0.21875287
v 0.05167360 -0.00548103 -0.21723182
v 0.05097858 -0.00818184 -0.21506096
v 0.05108946 -0.00480329 -0.21331577
v 0.05035979 -0.00730286 -0.21087351
v 0.04873110 -0.00839516 -0.20339658
v 0.04949099 -0.00294541 -0.20399701
v 0.05151152 0.00108537 -0.21381336
v 0.05076352 0.00171422 -0.20942378
v 0.05101152 -0.00149549 -0.21143554
v 0.05018830 -0.00068541 -0.20677624
v 0.05037155 -0.00394115 -0.20888830
v 0.04960596 -0.00624179 -0.20620018
v 0.02248708 -0.05019099 -0.24115593
v 0.01951942 -0.05131440 -0.24010817
v 0.01909955 -0.05155579 -0.24357429
v 0.01588253 -0.05254241 -0.24253786
v 0.01558986 -0.05271328 -0.24618641
v 0.01211566 -0.05354031 -0.24516774
v 0.01196535 -0.05365365 -0.24900568
v 0.00822745 -0.05429462 -0.24800902
v 0.00822685 -0.05436385 -0.25204209
v 0.02301368 -0.04986684 -0.23786417
v 0.02573992 -0.04862742 -0.23891595
v 0.02535688 -0.04887710 -0.24226458
v 0.02221240 -0.05035711 -0.24467685
v 0.01895344 -0.05165026 -0.24727644
v 0.01558729 -0.05274986 -0.25007877
v 0.01211378 -0.05364847 -0.25309559
v 0.00852930 -0.05433443 -0.25632824
v 0.01907858 -0.05160242 -0.25124911
v 0.02219371 -0.05036652 -0.24845824
v 0.02530061 -0.04888236 -0.24975000
v 0.02826612 -0.04721932 -0.25116734
v 0.03108310 -0.04539852 -0.25272299
v 0.03076177 -0.04572547 -0.24473565
v 0.02808140 -0.04737862 -0.24715617
v 0.03081975 -0.04563471 -0.24856603
v 0.03327939 -0.04391914 -0.24612983
v 0.03341716 -0.04374731 -0.25010717
v 0.03566345 -0.04198328 -0.24764727
v 0.03586669 -0.04173719 -0.25178922
v 0.03790682 -0.03993784 -0.24929773
v 0.04000286 -0.03780391 -0.25108796
v 0.03985234 -0.03804375 -0.24693140
v 0.03780871 -0.04010781 -0.24532308
v 0.03563180 -0.04207523 -0.24383906
v 0.03332861 -0.04392705 -0.24246956
v 0.02811820 -0.04738375 -0.24345221
v 0.02520956 -0.04895909 -0.24586491
v 0.02837418 -0.04721721 -0.24002307
v 0.03124910 -0.04538464 -0.23793591
v 0.03355993 -0.04375278 -0.23909831
v 0.03606304 -0.04171036 -0.23712558
v 0.03806239 -0.03991802 -0.23833378
v 0.04020285 -0.03771789 -0.23643979
v 0.00574381 -0.05419956 -0.23962720
v 0.01015063 -0.05350322 -0.23714757
v 0.01439182 -0.05251679 -0.23487198
v 0.01844987 -0.05125360 -0.23278452
v 0.02230673 -0.04972491 -0.23086784
v 0.02594621 -0.04794025 -0.22910377
v 0.03137656 -0.04473937 -0.22846248
v 0.03610539 -0.04106507 -0.22791315
v 0.04015581 -0.03702106 -0.22743364
v 0.04301820 -0.03383538 -0.22936478
v 0.03248580 -0.04429344 -0.23208811
v 0.03710235 -0.04053512 -0.23143314
v 0.04104587 -0.03644937 -0.23086486
v 0.04398106 -0.03293577 -0.23296716
v 0.04350432 -0.03385069 -0.23900581
v 0.03995720 -0.03802246 -0.23962566
v 0.03576692 -0.04198918 -0.24034036
v 0.03090671 -0.04564611 -0.24120233
v 0.03178013 -0.04493539 -0.23490760
v 0.03396638 -0.04338645 -0.23598815
v 0.03840299 -0.03952402 -0.23527280
v 0.04217826 -0.03539043 -0.23465216
v 0.04512079 -0.03155869 -0.23709386
v 0.04499466 -0.03181891 -0.24042589
v 0.04766495 -0.02752624 -0.23987037
v 0.03365915 -0.03956425 -0.21254084
v 0.03636691 -0.03793925 -0.21502754
v 0.03895562 -0.03598099 -0.21735073
v 0.04140684 -0.03370285 -0.21951922
v 0.04173997 -0.03420096 -0.22284047
v 0.04369872 -0.03112292 -0.22154952
v 0.04415398 -0.03132914 -0.22474799
v 0.04580804 -0.02826659 -0.22346930
v 0.04635280 -0.02818545 -0.22660914
v 0.04771246 -0.02516841 -0.22531769
v 0.04831196 -0.02481693 -0.22848386
v 0.04939291 -0.02187277 -0.22714604
v 0.05001359 -0.02128151 -0.23044314
v 0.05083694 -0.01843220 -0.22901919
v 0.04499148 -0.03175302 -0.24815403
v 0.04877345 -0.02553533 -0.24532679
v 0.04979601 -0.02343983 -0.24718875
v 0.04978693 -0.02341766 -0.24304484
v 0.05148338 -0.01936489 -0.24665804
v 0.05217978 -0.01740012 -0.25347619
v 0.05216710 -0.01726807 -0.24422556
v 0.05068379 -0.02121273 -0.24084780
v 0.04882293 -0.02521448 -0.23788331
v 0.04658340 -0.02915873 -0.23527938
v 0.05401189 -0.00919015 -0.24299766
v 0.05319581 -0.01277435 -0.23968686
v 0.05274065 -0.01507297 -0.24189518
v 0.05210173 -0.01650028 -0.23677981
v 0.05145657 -0.01890945 -0.23875441
v 0.05071587 -0.02027824 -0.23422559
v 0.04984056 -0.02280051 -0.23599874
v 0.04903087 -0.02402120 -0.23195509
v 0.04788746 -0.02664706 -0.23356588
v 0.04704985 -0.02764643 -0.22989026
v 0.04560592 -0.03035398 -0.23138150
v 0.04478788 -0.03107815 -0.22795124
v 0.00822745 -0.05429462 -0.24800902
v 0.05456843 -0.00583519 -0.24673484
v 0.05476924 0.00167425 -0.24527989
v 0.05475795 0.00429730 -0.24919045
v 0.05459578 0.00656675 -0.25333577
v 0.05427520 -0.00447058 -0.23849991
v 0.05374568 -0.00785660 -0.23568251
v 0.05352997 -0.01036948 -0.23761407
v 0.05300588 -0.01135823 -0.23320843
v 0.05261753 -0.01398311 -0.23493127
v 0.05029431 -0.01882494 -0.22585670
v 0.04886768 -0.02204139 -0.22405361
v 0.04723159 -0.02508299 -0.22219932
v 0.04540038 -0.02790846 -0.22025084
v 0.04339188 -0.03048423 -0.21817779
v 0.04122494 -0.03278408 -0.21596105
v 0.03891830 -0.03478787 -0.21359163
v 0.03648916 -0.03647978 -0.21106529
v 0.05113029 -0.01219212 -0.22016929
v 0.05066488 -0.01160132 -0.21667629
v 0.05013265 -0.01073990 -0.21272447
v 0.05221074 -0.00266273 -0.21923401
v 0.05216028 -0.00594153 -0.22067781
v 0.05194789 -0.00922298 -0.22203267
v 0.05156857 -0.01248014 -0.22332737
v 0.04967568 -0.01421943 -0.21444188
v 0.05013866 -0.01503088 -0.21817522
v 0.05057342 -0.01553089 -0.22150630
v 0.05150317 -0.01548141 -0.22766663
v 0.05144852 -0.01764600 -0.23256563
v 0.05204000 -0.01490593 -0.23101317
v 0.05249316 -0.01206380 -0.22955530
v 0.05243802 -0.01079022 -0.22725883
v 0.05281155 -0.00912920 -0.22817264
v 0.05305839 -0.00304142 -0.22552884
v 0.05258947 -0.00615961 -0.22380037
v 0.05229060 -0.00770067 -0.22292544
v 0.05154211 -0.01407579 -0.22547799
v 0.05186073 0.00378080 -0.21600331
v 0.05205221 0.00656249 -0.21801243
v 0.05107230 0.01261547 -0.21448962
v 0.05042633 0.01281541 -0.21024795
v 0.05100057 0.00991339 -0.21227654
v 0.05022285 0.01022528 -0.20774360
v 0.05076226 0.00730008 -0.20987688
v 0.04985926 0.00775026 -0.20506531
v 0.05036952 0.00480229 -0.20729311
v 0.04935334 0.00540590 -0.20224057
v 0.04983731 0.00243749 -0.20455269
v 0.04918277 0.00020752 -0.20169142
v 0.04722085 -0.00103012 -0.19326891
v 0.04917340 0.02375552 -0.21500573
v 0.04957843 0.02099476 -0.21285632
v 0.05097000 0.01537603 -0.21654118
v 0.04978008 0.01826248 -0.21057739
v 0.04978656 0.01559137 -0.20814027
v 0.04960977 0.01301074 -0.20553364
v 0.04926585 0.01054377 -0.20276647
v 0.04877480 0.00820337 -0.19986453
v 0.05101853 -0.01568801 -0.22459251
v 0.05258695 0.00024202 -0.22108700
v 0.05208343 0.00939888 -0.21987774
v 0.05384080 -0.00251428 -0.23222018
v 0.05341561 -0.00580272 -0.23009753
v 0.05327043 -0.00862905 -0.23160260
v 0.05336346 0.00009068 -0.22729259
v 0.05332228 0.01344222 -0.25105599
v 0.05372853 0.01142304 -0.24730700
v 0.05402590 0.00913852 -0.24371768
v 0.05445439 0.00666362 -0.24635659
v 0.05419182 0.00656561 -0.24036989
v 0.05453696 0.00406570 -0.24273351
v 0.05421806 0.00372852 -0.23732559
v 0.05461150 -0.00127041 -0.24169920
v 0.05410351 0.00068182 -0.23461315
v 0.05351714 0.00319427 -0.22917393
v 0.05278715 0.00912826 -0.22631796
v 0.05353190 0.00622415 -0.23124821
v 0.05256851 0.01202414 -0.22819992
v 0.05221715 0.01482132 -0.23025956
v 0.04991046 0.02322196 -0.22925938
v 0.04660106 0.03134003 -0.22829989
v 0.04227717 0.03901385 -0.22741197
v 0.03867382 0.04360161 -0.22812003
v 0.03639120 0.04541889 -0.23042850
v 0.03391387 0.04703452 -0.23281315
v 0.03126152 0.04845179 -0.23527221
v 0.02845722 0.04968076 -0.23780125
v 0.02552678 0.05073772 -0.24039368
v 0.02249764 0.05164418 -0.24304081
v 0.01597498 0.05390986 -0.24386694
v 0.01255671 0.05517397 -0.24201867
v 0.00916556 0.05623161 -0.24016157
v 0.05201515 -0.01244117 -0.22636382
v 0.05284509 -0.00460483 -0.22466520
v 0.05280405 0.00319918 -0.22283759
v 0.05195568 0.01225727 -0.22165902
v 0.05069017 0.01816324 -0.21847719
v 0.05023150 0.02094392 -0.22035413
v 0.04855944 0.02651015 -0.21706522
v 0.04773279 0.02922336 -0.21907851
v 0.05036952 0.00480229 -0.20729311
v 0.05167203 0.01510368 -0.22342599
v 0.04959346 0.02368405 -0.22222944
v 0.04747372 0.01326499 -0.19499780
v 0.04794546 0.01564267 -0.19804434
v 0.04826189 0.01814035 -0.20098095
v 0.04839711 0.02074636 -0.20378444
v 0.04833026 0.02343897 -0.20644191
v 0.04804473 0.02618894 -0.20895396
v 0.04752758 0.02896229 -0.21133420
v 0.04676904 0.03172242 -0.21360616
v 0.04576208 0.03443183 -0.21579915
v 0.05286811 0.00617357 -0.22455507
v 0.05500000 0.00000000 -0.25900000
v 0.05435542 -0.00839571 -0.25900000
v 0.00000000 0.00000000 -0.25900000
v 0.05435542 0.00839571 -0.25900000
v 0.04498611 0.03164253 -0.25900000
v 0.04928911 0.02440459 -0.25900000
v 0.05243680 0.01659463 -0.25900000
v 0.02627459 0.04831817 -0.25900000
v 0.03334240 0.04374111 -0.25900000
v 0.03962869 0.03813879 -0.25900000
v 0.00210665 0.05495964 -0.25900000
v 0.01047151 0.05399396 -0.25900000
v 0.01859093 0.05176270 -0.25900000
v -0.02249878 0.05018770 -0.25900000
v -0.01457398 0.05303394 -0.25900000
v -0.00630759 0.05463711 -0.25900000
v -0.04243191 0.03499333 -0.25900000
v -0.03659291 0.04106042 -0.25900000
v -0.02989622 0.04616510 -0.25900000
v -0.05355325 0.01253194 -0.25900000
v -0.05101263 0.02055994 -0.25900000
v -0.04727633 0.02810603 -0.25900000
v -0.05355325 -0.01253194 -0.25900000
v -0.05483862 -0.00421021 -0.25900000
v -0.05483862 0.00421021 -0.25900000
v -0.04243191 -0.03499333 -0.25900000
v -0.04727633 -0.02810603 -0.25900000
v -0.05101263 -0.02055994 -0.25900000
v -0.02249878 -0.05018770 -0.25900000
v -0.02989622 -0.04616510 -0.25900000
v -0.03659291 -0.04106042 -0.25900000
v 0.00210665 -0.05495964 -0.25900000
v -0.00630759 -0.05463711 -0.25900000
v -0.01457398 -0.05303394 -0.25900000
v 0.02627459 -0.04831817 -0.25900000
v 0.01859093 -0.05176270 -0.25900000
v 0.01047151 -0.05399396 -0.25900000
v 0.04498611 -0.03164253 -0.25900000
v 0.03962869 -0.03813879 -0.25900000
v 0.03334240 -0.04374111 -0.25900000
v 0.05243680 -0.01659463 -0.25900000
v 0.04928911 -0.02440459 -0.25900000
v 0.00000000 0.01580000 -0.04689999
v 0.00385435 0.01580000 -0.04674470
v 0.00000000 0.01580000 0.00100001
v -0.01877520 0.01580000 -0.04306699
v -0.01146322 0.01580000 -0.04550810
v -0.00385435 0.01580000 -0.04674470
v -0.03710358 0.01580000 -0.02929409
v -0.03176358 0.01580000 -0.03485369
v -0.02560091 0.01580000 -0.03948460
v -0.04693197 0.01580000 -0.00858120
v -0.04478728 0.01580000 -0.01598559
v -0.04148262 0.01580000 -0.02294999
v -0.04600882 0.01580000 0.01432661
v -0.04755076 0.01580000 0.00677372
v -0.04786115 0.01580000 -0.00092870
v -0.03454560 0.01580000 0.03418150
v -0.03942093 0.01580000 0.02821031
v -0.04327527 0.01580000 0.02153440
v -0.01516840 0.01580000 0.04643492
v -0.02226024 0.01580000 0.04341331
v -0.02877556 0.01580000 0.03929332
v 0.00768370 0.01580000 0.04827970
v 0.00000000 0.01580000 0.04890001
v -0.00768370 0.01580000 0.04827970
v 0.02877556 0.01580000 0.03929332
v 0.02226024 0.01580000 0.04341331
v 0.01516840 0.01580000 0.04643492
v 0.04327527 0.01580000 0.02153440
v 0.03942093 0.01580000 0.02821031
v 0.03454560 0.01580000 0.03418150
v 0.04786115 0.01580000 -0.00092870
v 0.04755076 0.01580000 0.00677372
v 0.04600882 0.01580000 0.01432661
v 0.04148262 0.01580000 -0.02294999
v 0.04478728 0.01580000 -0.01598559
v 0.04693197 0.01580000 -0.00858120
v 0.02560091 0.01580000 -0.03948460
v 0.03176358 0.01580000 -0.03485369
v 0.03710358 0.01580000 -0.02929409
v 0.01146322 0.01580000 -0.04550810
v 0.01877520 0.01580000 -0.04306699
v -0.05195568 0.01225727 -0.22165902
v -0.05208343 0.00939888 -0.21987774
v -0.05097000 0.01537603 -0.21654118
v -0.05327043 -0.00862905 -0.23160260
v -0.05300588 -0.01135823 -0.23320843
v -0.05204000 -0.01490593 -0.23101317
v -0.05107230 0.01261547 -0.21448962
v -0.05205221 0.00656249 -0.21801243
v -0.05186073 0.00378080 -0.21600331
v -0.05456843 -0.00583519 -0.24673484
v -0.05407667 -0.00998764 -0.25231831
v -0.05328844 -0.01349260 -0.24804854
v -0.04217826 -0.03539043 -0.23465216
v -0.04398106 -0.03293577 -0.23296716
v -0.04658340 -0.02915873 -0.23527938
v -0.04512079 -0.03155869 -0.23709386
v -0.04350432 -0.03385069 -0.23900581
v -0.04020285 -0.03771789 -0.23643979
v -0.04781480 -0.00705910 -0.19813869
v -0.04762218 -0.00387598 -0.19569544
v -0.04918277 0.00020752 -0.20169142
v -0.04540038 -0.02790846 -0.22025084
v -0.04369872 -0.03112292 -0.22154952
v -0.04140684 -0.03370285 -0.21951922
v -0.04339188 -0.03048423 -0.21817779
v -0.03895562 -0.03598099 -0.21735073
v -0.03902238 -0.03132995 -0.20506231
v -0.04100508 -0.02788805 -0.20321517
v -0.04285297 -0.02634197 -0.20603827
v -0.00364433 -0.05401986 -0.23516390
v -0.00034821 -0.05402422 -0.23413215
v -0.00533805 -0.05361917 -0.23181539
v -0.00681635 -0.05267633 -0.22434066
v -0.00417013 -0.05272496 -0.22310437
v -0.00934042 -0.05197994 -0.22132168
v -0.03106423 0.07891610 -0.14641000
v -0.03013053 0.08114289 -0.14878860
v -0.03183891 0.07634350 -0.15245860
v -0.00582726 0.05711408 -0.23827078
v -0.00916556 0.05623161 -0.24016157
v -0.01310031 0.05613692 -0.23760049
v -0.02888784 0.07230144 -0.19369368
v -0.03004782 0.06844847 -0.19741198
v -0.03270813 0.06631317 -0.19465741
v -0.00509184 0.05540205 -0.24732774
v -0.00883844 0.05535952 -0.24466764
v -0.00516592 0.05614264 -0.24276173
v -0.02177964 0.05074200 -0.25138592
v -0.02359342 0.04984021 -0.25240332
v -0.02616020 0.04878321 -0.24962551
v -0.01621582 0.05483143 -0.23940780
v -0.01255671 0.05517397 -0.24201867
v -0.01597498 0.05390986 -0.24386694
v -0.01935520 0.05333784 -0.24121344
v -0.03917178 0.03885391 -0.25060688
v -0.04086525 0.03729118 -0.24772317
v -0.03854632 0.04002575 -0.24547910
v -0.04852589 0.02636013 -0.24358060
v -0.04744874 0.02818564 -0.24664458
v -0.04892998 0.02529703 -0.24928580
v -0.05140649 0.01946087 -0.23983376
v -0.05231307 0.01669762 -0.24212216
v -0.05280595 0.01439925 -0.23902941
v -0.05454246 -0.00683207 -0.25697228
v -0.02976925 0.08373003 -0.13679760
v -0.02977133 0.08369719 -0.13698510
v -0.03021768 0.08255272 -0.13551270
v -0.02992625 0.08155234 -0.14922440
v -0.02991360 0.08170157 -0.14837300
v -0.03013217 0.07665998 -0.17713810
v -0.03011137 0.07651052 -0.17799098
v -0.03063960 0.07551443 -0.17918503
v -0.03006168 0.07615365 -0.18002726
v -0.02788148 0.07389753 -0.19287959
v -0.02723938 0.07359639 -0.19458878
v -0.02737761 0.07323825 -0.19497503
v -0.00113651 0.05588661 -0.24536978
v -0.01423036 0.05313589 -0.25591870
v -0.04508306 0.03158801 -0.25281458
v -0.05499743 -0.00011403 -0.25536525
v -0.04992126 -0.02308416 -0.25664257
v -0.04773226 -0.02736830 -0.25214917
v -0.04372702 -0.03336821 -0.25509687
v -0.02290612 -0.05000309 -0.25693397
v -0.01946481 -0.05144177 -0.25552458
v -0.00000000 -0.05497346 -0.25449698
v -0.00010525 -0.05498694 -0.25434787
v -0.00000001 -0.05488245 -0.25009464
v -0.00011661 -0.05491334 -0.25015430
v -0.00047466 -0.05478044 -0.24615133
v -0.00227002 -0.05367637 -0.23073209
v -0.00158531 -0.05321681 -0.22629067
v -0.00151635 -0.05266010 -0.22182014
v -0.00882084 -0.05044406 -0.21188541
v -0.00924509 -0.05035688 -0.21184265
v -0.01047746 -0.05035215 -0.21270064
v -0.04636132 -0.01348493 -0.19780791
v -0.04658466 -0.01231463 -0.19739107
v -0.04666294 -0.01224876 -0.19751881
v -0.04667737 -0.01182887 -0.19721804
v -0.04721707 -0.00096776 -0.19324453
v -0.04721364 -0.00086892 -0.19320761
v -0.04872392 0.00319127 -0.19930491
v -0.04672927 0.00572252 -0.19069145
v -0.04630183 0.00925077 -0.18927183
v -0.04687841 0.01100787 -0.19186842
v -0.04363785 0.02609377 -0.18182019
v -0.04363694 0.02609837 -0.18181782
v -0.04394405 0.02792319 -0.18405393
v -0.04264054 0.03115742 -0.17922917
v -0.04263614 0.03117977 -0.17921774
v -0.04269733 0.03158746 -0.17969648
v -0.03437930 0.06450080 -0.15285230
v -0.03414600 0.06532133 -0.15174030
v -0.03394560 0.06628908 -0.15108000
v -0.03118551 0.07675637 -0.12952940
v -0.03115853 0.07694889 -0.12882049
v -0.03108486 0.07839670 -0.13046930
v -0.03108943 0.07744217 -0.12700450
v -0.03093206 0.07948130 -0.12527670
v -0.03064150 0.08150244 -0.12788279
v -0.03101655 0.07821675 -0.12371000
v -0.03077020 0.08141890 -0.12205780
v -0.03099397 0.07865686 -0.12160409
v -0.03099160 0.07868847 -0.12157629
v -0.03099362 0.07866359 -0.12157190
v -0.03108716 0.07745839 -0.12694470
v -0.03103713 0.07781550 -0.12563000
v -0.03130911 0.07756850 -0.13528780
v -0.03142584 0.07552859 -0.13313960
v -0.03139016 0.07571087 -0.13260360
v -0.03183174 0.07375824 -0.13752920
v -0.03180264 0.07388353 -0.13722370
v -0.03145431 0.07538314 -0.13356730
v -0.03232482 0.07183870 -0.14150090
v -0.03215857 0.07248591 -0.14016179
v -0.03207269 0.07421570 -0.14176249
v -0.03194160 0.07333056 -0.13841410
v -0.03300846 0.06934317 -0.14587570
v -0.03292388 0.06964361 -0.14541050
v -0.03290584 0.07138720 -0.14768150
v -0.03278854 0.07013952 -0.14452730
v -0.03406331 0.06561214 -0.15134610
v -0.03361219 0.06719878 -0.14919580
v -0.03318408 0.06871939 -0.14684150
v -0.03716964 0.05437965 -0.16345189
v -0.03706528 0.05477886 -0.16311434
v -0.03719753 0.05492977 -0.16401764
v -0.03610668 0.05832735 -0.15977260
v -0.03494961 0.06416555 -0.15701650
v -0.03608032 0.05842238 -0.15967223
v -0.03521080 0.06155675 -0.15636200
v -0.03503501 0.06217916 -0.15562000
v -0.03497108 0.06240553 -0.15535010
v -0.03378459 0.06898133 -0.15354519
v -0.03832675 0.05052012 -0.16755739
v -0.03829510 0.05004159 -0.16705060
v -0.03808681 0.05087110 -0.16641861
v -0.03717995 0.05434022 -0.16348523
v -0.03947019 0.04627500 -0.17119883
v -0.03941341 0.04554011 -0.17040175
v -0.03915977 0.04659805 -0.16967417
v -0.03829951 0.05002402 -0.16706398
v -0.03941474 0.04553456 -0.17040558
v -0.04062738 0.04220402 -0.17498763
v -0.04027576 0.04194309 -0.17287556
v -0.04159206 0.03610083 -0.17646119
v -0.04142117 0.03690288 -0.17600963
v -0.04179943 0.03829225 -0.17894357
v -0.04051617 0.04088524 -0.17353335
v -0.04051520 0.04088945 -0.17353073
v -0.04258229 0.03145317 -0.17907784
v -0.04269733 0.03158746 -0.17969648
v -0.04228277 0.03285895 -0.17828638
v -0.04159465 0.03608866 -0.17646804
v -0.04551683 0.01533613 -0.18688097
v -0.04611453 0.01767622 -0.19010950
v -0.04543132 0.01555108 -0.18664101
v -0.04542263 0.01560797 -0.18661651
v -0.04488373 0.01913540 -0.18509754
v -0.04456931 0.02090556 -0.18426954
v -0.04412703 0.02339560 -0.18310483
v -0.04618554 0.01021069 -0.18888559
v -0.04594940 0.01215989 -0.18810132
v -0.04547706 0.01525168 -0.18676993
v -0.04717301 0.00030256 -0.19276994
v -0.04697964 0.00266449 -0.19186416
v -0.04816171 0.00598816 -0.19685920
v -0.04681379 0.00469010 -0.19108738
v -0.04731077 -0.00404495 -0.19439303
v -0.04731668 -0.00383981 -0.19431755
v -0.04710561 -0.00838583 -0.19598181
v -0.04721481 -0.00737883 -0.19561956
v -0.04722009 -0.00719542 -0.19555208
v -0.04729597 -0.00455914 -0.19458220
v -0.04689169 -0.01035862 -0.19669151
v -0.04775354 -0.01039971 -0.20049742
v -0.04680449 -0.01116277 -0.19698079
v -0.04611181 -0.01479235 -0.19827360
v -0.04618731 -0.01570370 -0.19984103
v -0.04385337 -0.02190453 -0.20079364
v -0.04444781 -0.02026090 -0.20021159
v -0.04539967 -0.01923436 -0.20204230
v -0.04467229 -0.01964019 -0.19999179
v -0.04512661 -0.01838399 -0.19954694
v -0.04562180 -0.01657873 -0.19890692
v -0.04570091 -0.01629032 -0.19880467
v -0.04231919 -0.02528960 -0.20199824
v -0.04282342 -0.02417705 -0.20160233
v -0.04429039 -0.02279529 -0.20410973
v -0.04351679 -0.02264718 -0.20105791
v -0.04216941 -0.02556124 -0.20209564
v -0.04166520 -0.02647562 -0.20242351
v -0.04082719 -0.02799538 -0.20296846
v -0.04062016 -0.02837082 -0.20310308
v -0.03690327 -0.03366521 -0.20503547
v -0.03846068 -0.03167212 -0.20429987
v -0.03885836 -0.03106968 -0.20408133
v -0.04051979 -0.02855285 -0.20316835
v -0.03475301 -0.03615033 -0.20596573
v -0.03566418 -0.03515692 -0.20559063
v -0.03667332 -0.03466290 -0.20678027
v -0.03616027 -0.03461606 -0.20538641
v -0.03244380 -0.03847883 -0.20685503
v -0.03249151 -0.03843438 -0.20683784
v -0.03395000 -0.03784788 -0.20838266
v -0.03363498 -0.03736927 -0.20642599
v -0.02802402 -0.04219945 -0.20831510
v -0.02891767 -0.04148906 -0.20803382
v -0.03084839 -0.04084882 -0.20988774
v -0.02998439 -0.04064109 -0.20769807
v -0.03092629 -0.03989236 -0.20740161
v -0.02736706 -0.04362492 -0.21131979
v -0.02493532 -0.04427923 -0.20916034
v -0.02737113 -0.04263907 -0.20849377
v -0.02176467 -0.04651490 -0.21132860
v -0.02036089 -0.04672711 -0.21020221
v -0.02168646 -0.04611214 -0.20993320
v -0.02350608 -0.04612285 -0.21271048
v -0.02459428 -0.04447164 -0.20924147
v -0.02491109 -0.04429290 -0.20916610
v -0.01857676 -0.04755482 -0.21056428
v -0.01735911 -0.04858873 -0.21271330
v -0.01833574 -0.04766664 -0.21061319
v -0.01685915 -0.04821298 -0.21085739
v -0.01543464 -0.04880834 -0.21128122
v -0.01540167 -0.04875226 -0.21109844
v -0.01522731 -0.04881678 -0.21112727
v -0.01155157 -0.04988292 -0.21161018
v -0.01214568 -0.04971427 -0.21153369
v -0.01496316 -0.04891451 -0.21117096
v -0.00207382 -0.05117453 -0.21221740
v -0.00237378 -0.05116972 -0.21222067
v -0.00286396 -0.05123782 -0.21273686
v -0.00519657 -0.05098669 -0.21218370
v -0.00515550 -0.05134491 -0.21422110
v -0.00535082 -0.05096602 -0.21217181
v -0.00786005 -0.05092132 -0.21344489
v -0.00591047 -0.05089102 -0.21212866
v -0.00802408 -0.05060779 -0.21196572
v -0.00000000 -0.05142176 -0.21357954
v -0.00195145 -0.05117649 -0.21221606
v -0.00000001 -0.05176330 -0.21578967
v -0.00197225 -0.05200617 -0.21730778
v -0.00743730 -0.05136092 -0.21565988
v -0.00443639 -0.05210105 -0.21869337
v -0.00689295 -0.05209288 -0.22003189
v -0.00444301 -0.05323365 -0.22747214
v -0.00225053 -0.05433948 -0.23866381
v -0.00118783 -0.05459028 -0.24232376
v -0.00489783 -0.05447041 -0.24325684
v -0.00439081 -0.05466675 -0.24706563
v -0.00000000 -0.05496953 -0.25430724
v -0.00422137 -0.05478673 -0.25106946
v -0.00437554 -0.05482259 -0.25529625
v -0.00852930 -0.05433443 -0.25632824
v -0.01586429 -0.05266502 -0.25425036
v -0.02562778 -0.04867387 -0.25395221
v -0.02867060 -0.04693870 -0.25551339
v -0.03624375 -0.04136981 -0.25628359
v -0.03374470 -0.04344124 -0.25442642
v -0.04194464 -0.03560513 -0.25302119
v -0.04643267 -0.02955920 -0.25008755
v -0.04889318 -0.02520289 -0.25433585
v -0.05217978 -0.01740012 -0.25347619
v -0.05149441 -0.01935588 -0.25126497
v -0.05488758 -0.00278881 -0.25088184
v -0.05459578 0.00656675 -0.25333577
v -0.05423074 0.00893948 -0.25022100
v -0.05390059 0.01092903 -0.25422742
v -0.05332228 0.01344222 -0.25105599
v -0.05024133 0.02244114 -0.25216602
v -0.05137274 0.01964977 -0.25529507
v -0.04693177 0.02868495 -0.25571706
v -0.04305302 0.03446854 -0.25015825
v -0.04008435 0.03766481 -0.25606231
v -0.03743663 0.04037078 -0.25348618
v -0.03262688 0.04434102 -0.25395012
v -0.03060316 0.04569982 -0.25679091
v -0.02889571 0.04681089 -0.25563668
v -0.02715552 0.04787265 -0.25452409
v -0.02538673 0.04888307 -0.25344790
v -0.01635535 0.05251195 -0.25694279
v -0.00680035 0.05457894 -0.25663261
v -0.00993898 0.05416505 -0.25391813
v 0.00000001 0.05510458 -0.25362309
v -0.00219443 0.05499412 -0.25461831
v -0.00563089 0.05488961 -0.25194895
v -0.00134445 0.05530797 -0.24997384
v -0.00155431 0.05674327 -0.24080986
v -0.00923232 0.05840538 -0.23270008
v -0.00414479 0.05920566 -0.23195471
v -0.00703794 0.05828776 -0.23389327
v -0.00138106 0.06007479 -0.22993905
v -0.00138106 0.06007479 -0.22993905
v -0.00381798 0.06042495 -0.22883750
v -0.00670552 0.06349992 -0.22179245
v -0.00160974 0.06284566 -0.22369273
v -0.00000001 0.06893161 -0.21345212
v -0.00036740 0.06898310 -0.21334494
v -0.00645431 0.07081282 -0.21032951
v -0.00512236 0.07078075 -0.21051171
v -0.00585571 0.06966970 -0.21199127
v -0.00333273 0.07073767 -0.21075651
v -0.00288868 0.07072699 -0.21081726
v -0.00188011 0.07071573 -0.21088049
v -0.01045068 0.07099565 -0.20929616
v -0.00983000 0.07095415 -0.20953084
v -0.01107192 0.06991468 -0.21058844
v -0.00963071 0.07094527 -0.20958096
v -0.00689233 0.07082335 -0.21026959
v -0.01264195 0.07114215 -0.20846764
v -0.01595643 0.06970675 -0.20907567
v -0.01360237 0.07120636 -0.20810451
v -0.01960317 0.07185508 -0.20443983
v -0.01932268 0.07181980 -0.20463907
v -0.02045470 0.06904940 -0.20739123
v -0.01828782 0.07168965 -0.20537416
v -0.01714417 0.07154583 -0.20618653
v -0.01553157 0.07139126 -0.20705980
v -0.01514392 0.07135411 -0.20726972
v -0.02075706 0.07204314 -0.20337691
v -0.02452109 0.06796097 -0.20548416
v -0.02140785 0.07214920 -0.20277744
v -0.02305741 0.07244712 -0.20109315
v -0.02294002 0.07242121 -0.20123970
v -0.02319526 0.07167791 -0.20197919
v -0.02255396 0.07233600 -0.20172169
v -0.02505718 0.07288849 -0.19859649
v -0.02687831 0.07024978 -0.19985856
v -0.02506070 0.07288958 -0.19859033
v -0.02595742 0.07316716 -0.19701943
v -0.02703626 0.07350111 -0.19512949
v -0.02693907 0.07347103 -0.19529974
v -0.02664572 0.07338022 -0.19581364
v -0.02828208 0.07408542 -0.19181322
v -0.02877397 0.07443460 -0.18982632
v -0.02843777 0.07415844 -0.19139879
v -0.03152486 0.07018872 -0.19088854
v -0.02920607 0.07478955 -0.18780527
v -0.02959914 0.07523410 -0.18527195
v -0.02947852 0.07501333 -0.18653097
v -0.03015694 0.07400510 -0.18674057
v -0.02944174 0.07498313 -0.18670298
v -0.02976657 0.07554050 -0.18352443
v -0.03229592 0.07168267 -0.18367694
v -0.03004804 0.07605564 -0.18058655
v -0.03209027 0.07470848 -0.16855082
v -0.03057379 0.07709793 -0.17152870
v -0.03241023 0.07312146 -0.17607638
v -0.03023555 0.07754706 -0.17207635
v -0.03024225 0.07745063 -0.17262658
v -0.03014121 0.07890609 -0.16432237
v -0.03014313 0.07887852 -0.16447970
v -0.03021920 0.07778260 -0.17073247
v -0.03022087 0.07775863 -0.17086921
v -0.03004850 0.08024163 -0.15670250
v -0.03007009 0.07993064 -0.15847680
v -0.03154014 0.07655249 -0.16146657
v -0.03013819 0.07894963 -0.16407394
v -0.03327444 0.07221041 -0.16557557
v -0.02998086 0.08093940 -0.15272170
v -0.02998850 0.08086062 -0.15317110
v -0.03087229 0.07869133 -0.15493979
v -0.03004785 0.08024831 -0.15666430
v -0.03258631 0.07411792 -0.15875570
v -0.02994864 0.08128823 -0.15073130
v -0.02996107 0.08115364 -0.15149930
v -0.02988949 0.08198597 -0.14675030
v -0.02986263 0.08233484 -0.14475980
v -0.03023470 0.08143204 -0.14453220
v -0.02984975 0.08251770 -0.14371650
v -0.02982080 0.08292833 -0.14137340
v -0.03025924 0.08189054 -0.14014910
v -0.02981346 0.08303254 -0.14077880
v -0.02979405 0.08333873 -0.13903100
v -0.02974880 0.08407856 -0.13480700
v -0.02974304 0.08418861 -0.13417780
v -0.03078123 0.08051104 -0.13297270
v -0.02972394 0.08455300 -0.13209459
v -0.03013125 0.08344636 -0.13053450
v -0.02971231 0.08477499 -0.13082550
v -0.02970128 0.08506958 -0.12913900
v -0.02968628 0.08547046 -0.12684379
v -0.02968537 0.08550821 -0.12662739
v -0.02968208 0.08564409 -0.12584840
v -0.03002921 0.08458774 -0.12517370
v -0.02967916 0.08581488 -0.12486850
v -0.02967843 0.08598375 -0.12389920
v -0.02967768 0.08615892 -0.12289360
v -0.03026717 0.08409687 -0.12253000
v -0.03049968 0.08285904 -0.12231170
v -0.03055275 0.08274891 -0.12240570
v -0.03054088 0.08263974 -0.12227310
v -0.03057173 0.08247551 -0.12224409
v -0.05475795 0.00429730 -0.24919045
v -0.05476924 0.00167425 -0.24527989
v -0.05461150 -0.00127041 -0.24169920
v -0.05453696 0.00406570 -0.24273351
v -0.05445439 0.00666362 -0.24635659
v -0.05037586 0.02227934 -0.23772190
v -0.05112034 0.01997296 -0.23502427
v -0.05173463 0.01748138 -0.23253154
v -0.05317466 0.01187096 -0.23616728
v -0.05221715 0.01482132 -0.23025956
v -0.04950712 0.02440200 -0.24058951
v -0.05067660 0.02156468 -0.24288803
v -0.05170748 0.01877670 -0.24538811
v -0.05353190 0.00622415 -0.23124821
v -0.05341675 0.00913260 -0.23357102
v -0.05373692 0.00917069 -0.23818572
v -0.05347544 0.01172011 -0.24127793
v -0.05308841 0.01401241 -0.24460785
v -0.05259127 0.01606287 -0.24810708
v -0.04446870 0.03280981 -0.24718553
v -0.04581324 0.03107607 -0.24422332
v -0.05064809 0.02061982 -0.22717758
v -0.04877582 0.02635017 -0.22415474
v -0.04991046 0.02322196 -0.22925938
v -0.04777833 0.02891108 -0.22616980
v -0.04902289 0.02568277 -0.23151135
v -0.04660106 0.03134003 -0.22829989
v -0.04798547 0.02798393 -0.23393279
v -0.04524598 0.03361742 -0.23055575
v -0.04680292 0.03012051 -0.23650680
v -0.04227717 0.03901385 -0.22741197
v -0.04396129 0.03678137 -0.22523191
v -0.04543376 0.03438936 -0.22313001
v -0.04669122 0.03186056 -0.22108804
v -0.04371795 0.03573239 -0.23293567
v -0.04038808 0.04107096 -0.22967943
v -0.04018886 0.04036222 -0.23369582
v -0.04404279 0.03393880 -0.24199712
v -0.04548434 0.03209991 -0.23920595
v -0.04215886 0.03674686 -0.23993770
v -0.04379751 0.03492295 -0.23725637
v -0.04018349 0.03947698 -0.23801594
v -0.04249615 0.03566074 -0.24484608
v -0.04040129 0.03844075 -0.24268707
v -0.03820851 0.04112615 -0.24067803
v -0.03594039 0.04369845 -0.23879013
v -0.03920444 0.04406386 -0.22437407
v -0.03522811 0.04834786 -0.22506587
v -0.03694857 0.04602843 -0.22658612
v -0.03254463 0.05002039 -0.22730333
v -0.03867382 0.04360161 -0.22812003
v -0.03639120 0.04541889 -0.23042850
v -0.03446569 0.04777849 -0.22885589
v -0.03177264 0.04930752 -0.23119078
v -0.02963522 0.05145037 -0.22959309
v -0.02652175 0.05263645 -0.23194436
v -0.02751864 0.05346596 -0.22800498
v -0.02587223 0.05402476 -0.22914707
v -0.03612284 0.04264793 -0.24339413
v -0.03361877 0.04513982 -0.24143820
v -0.03105635 0.04748761 -0.23958291
v -0.03463703 0.04295465 -0.25111875
v -0.03171664 0.04539042 -0.24892360
v -0.02944458 0.04665417 -0.25171719
v -0.02870286 0.04766026 -0.24686659
v -0.03830464 0.04294445 -0.23203599
v -0.03604162 0.04463340 -0.23447761
v -0.03391387 0.04703452 -0.23281315
v -0.03126152 0.04845179 -0.23527221
v -0.02889009 0.05061642 -0.23359473
v -0.02584180 0.05171337 -0.23606862
v -0.02322900 0.05358501 -0.23436330
v -0.01978370 0.05430973 -0.23685243
v -0.02063723 0.05530192 -0.23266589
v -0.01880498 0.05559896 -0.23387326
v -0.04202595 0.03768336 -0.23542830
v -0.03813781 0.04211065 -0.23620429
v -0.03361800 0.04614378 -0.23699653
v -0.02845722 0.04968076 -0.23780125
v -0.02552678 0.05073772 -0.24039368
v -0.02265406 0.05261354 -0.23861029
v -0.03661713 0.04152333 -0.24829387
v -0.03395070 0.04406226 -0.24614681
v -0.03119764 0.04645318 -0.24413430
v -0.02838186 0.04868210 -0.24222622
v -0.02249764 0.05164418 -0.24304081
v -0.01939823 0.05242298 -0.24573171
v -0.01625584 0.05309473 -0.24845316
v -0.01693535 0.05583515 -0.23509853
v -0.01503241 0.05601345 -0.23634128
v -0.02562145 0.04974918 -0.24491577
v -0.02280213 0.05071122 -0.24764104
v -0.01994943 0.05158646 -0.25039132
v -0.01708673 0.05239051 -0.25315466
v -0.00908735 0.05467623 -0.24925653
v -0.01254326 0.05435169 -0.24655537
v -0.01309591 0.05367238 -0.25118760
v -0.02417430 0.05451638 -0.23030375
v -0.02242819 0.05494168 -0.23147630
v -0.04231814 0.04189213 -0.21473292
v -0.03831999 0.05061408 -0.20819415
v -0.03822918 0.04881802 -0.21383799
v -0.04055306 0.04435855 -0.21697474
v -0.03589154 0.05103058 -0.21611583
v -0.03849500 0.04664477 -0.21917734
v -0.03322662 0.05299636 -0.21832889
v -0.03614973 0.04872039 -0.22136222
v -0.03024664 0.05468615 -0.22049910
v -0.03352773 0.05056039 -0.22354966
v -0.03609785 0.05298727 -0.21066749
v -0.03350138 0.05511340 -0.21301256
v -0.03053678 0.05695512 -0.21524492
v -0.02721789 0.05847987 -0.21738664
v -0.02696940 0.05607671 -0.22265022
v -0.03064421 0.05214609 -0.22575835
v -0.02864387 0.05542002 -0.22157553
v -0.03211754 0.05138592 -0.22465025
v -0.02911031 0.05283967 -0.22687597
v -0.02522620 0.05665444 -0.22372621
v -0.03421509 0.05694968 -0.20746361
v -0.03139331 0.05898143 -0.20985808
v -0.02816269 0.06069415 -0.21208968
v -0.02453864 0.06205312 -0.21417930
v -0.02054579 0.06302947 -0.21615697
v -0.02356566 0.05966082 -0.21946501
v -0.01621649 0.06360186 -0.21805908
v -0.01960695 0.06047821 -0.22151064
v -0.02162274 0.06011587 -0.22048994
v -0.02960389 0.06273584 -0.20663630
v -0.02615655 0.06432637 -0.20884318
v -0.02227826 0.06553418 -0.21085264
v -0.01799790 0.06633043 -0.21269739
v -0.01335433 0.06669448 -0.21442004
v -0.00839423 0.06661603 -0.21606853
v -0.01158911 0.06375836 -0.21992496
v -0.00316862 0.06609954 -0.21769006
v -0.00917666 0.06368031 -0.22085632
v -0.00257088 0.05786390 -0.23632290
v -0.01003232 0.05727802 -0.23576919
v -0.01139371 0.05845463 -0.23152406
v -0.01351732 0.05843187 -0.23036592
v -0.01559865 0.05833409 -0.22922529
v -0.01763340 0.05815876 -0.22810099
v -0.01961738 0.05790397 -0.22699129
v -0.02154667 0.05756851 -0.22589396
v -0.02341748 0.05715194 -0.22480649
v -0.00622034 0.06069757 -0.22775162
v -0.00858228 0.06088724 -0.22668202
v -0.01089837 0.06098968 -0.22562753
v -0.01316355 0.06100172 -0.22458610
v -0.01537306 0.06092115 -0.22355500
v -0.01752232 0.06074676 -0.22253105
v -0.01003232 0.05727802 -0.23576919
v -0.04069854 0.04529012 -0.17843541
v -0.03954514 0.04936643 -0.17461348
v -0.03932686 0.05244613 -0.17808859
v -0.03838136 0.05357997 -0.17087826
v -0.04108623 0.04746267 -0.18918157
v -0.04163042 0.04441001 -0.18579610
v -0.04185815 0.04133969 -0.18237169
v -0.03878435 0.05547992 -0.18158118
v -0.03758562 0.05958056 -0.17773361
v -0.03788504 0.05842900 -0.18504131
v -0.03667637 0.06246230 -0.18117820
v -0.03659522 0.06125014 -0.18841366
v -0.03538500 0.06521888 -0.18456145
v -0.03488063 0.06389549 -0.19163901
v -0.03367906 0.06780989 -0.18782079
v -0.03123998 0.06461387 -0.20088343
v -0.03515056 0.05855352 -0.20157017
v -0.03725269 0.05604826 -0.19871840
v -0.03892634 0.05333110 -0.19568094
v -0.04019490 0.05045248 -0.19248961
v -0.03628647 0.06373491 -0.17378248
v -0.03689826 0.06086249 -0.17045070
v -0.03719372 0.05792074 -0.16718405
v -0.03092506 0.07976674 -0.13770469
v -0.03136051 0.07586236 -0.13215820
v -0.03102845 0.07924627 -0.14214720
v -0.03171488 0.07660624 -0.14406500
v -0.03556744 0.06519598 -0.16655918
v -0.03485391 0.06794101 -0.16971232
v -0.03533292 0.06651435 -0.17713417
v -0.03251845 0.07390818 -0.15003560
v -0.03241974 0.07149092 -0.14212040
v -0.03413732 0.06961393 -0.16264071
v -0.03333308 0.07159272 -0.15610850
v -0.03469147 0.06692913 -0.15977878
v -0.03380815 0.07058934 -0.17290055
v -0.03401173 0.06917398 -0.18045261
v -0.01257546 -0.05022439 -0.21414045
v -0.00970909 -0.05128425 -0.21705098
v -0.01466069 -0.05000786 -0.21553171
v -0.01926691 -0.04827265 -0.21409957
v -0.02522749 -0.04563569 -0.21404748
v -0.02115773 -0.04786237 -0.21543848
v -0.01673191 -0.04969920 -0.21687366
v -0.01196986 -0.05111104 -0.21839317
v -0.03348092 -0.04089630 -0.21641461
v -0.03026172 -0.04361926 -0.21778371
v -0.03047171 -0.04243822 -0.21395491
v -0.02860692 -0.04438299 -0.21658399
v -0.02692809 -0.04505512 -0.21533879
v -0.01177663 -0.05175914 -0.22256225
v -0.00945208 -0.05250954 -0.22552913
v -0.00728990 -0.05312181 -0.22860810
v -0.01419872 -0.05142617 -0.22375426
v -0.01207351 -0.05221962 -0.22667128
v -0.01012086 -0.05287465 -0.22970128
v -0.00838669 -0.05341266 -0.23286139
v -0.00691531 -0.05384998 -0.23616587
v -0.01015063 -0.05350322 -0.23714757
v -0.00574381 -0.05419956 -0.23962720
v -0.01333833 -0.05296936 -0.23812155
v -0.01660315 -0.05097708 -0.22489954
v -0.01467585 -0.05180128 -0.22777025
v -0.01292960 -0.05248524 -0.23075660
v -0.01140777 -0.05304799 -0.23387703
v -0.01439182 -0.05251679 -0.23487198
v -0.01732833 -0.05181205 -0.23585845
v -0.02020609 -0.05092918 -0.23685059
v -0.01898559 -0.05040771 -0.22600139
v -0.01725338 -0.05124922 -0.22883106
v -0.01570874 -0.05194688 -0.23178122
v -0.01844987 -0.05125360 -0.23278452
v -0.02114369 -0.05040070 -0.23377800
v -0.02378044 -0.04938571 -0.23477492
v -0.02635009 -0.04820877 -0.23578990
v -0.03658739 -0.03964751 -0.22216414
v -0.03505666 -0.04077748 -0.22112612
v -0.03637681 -0.03900289 -0.21870440
v -0.03348979 -0.04181644 -0.22005233
v -0.03189036 -0.04276376 -0.21893914
v -0.03375733 -0.04232020 -0.22352626
v -0.03204571 -0.04340363 -0.22249344
v -0.03029851 -0.04438855 -0.22142573
v -0.02851990 -0.04527541 -0.22031856
v -0.02671363 -0.04606513 -0.21916835
v -0.02488286 -0.04675891 -0.21797254
v -0.02303029 -0.04735786 -0.21672947
v -0.04015581 -0.03702106 -0.22743364
v -0.03863307 -0.03848623 -0.22647557
v -0.03952484 -0.03711994 -0.22415181
v -0.03705580 -0.03985983 -0.22551035
v -0.03542892 -0.04113854 -0.22452972
v -0.04741029 -0.01385955 -0.20275116
v -0.04873110 -0.00839516 -0.20339658
v -0.03365915 -0.03956425 -0.21254084
v -0.03648916 -0.03647978 -0.21106529
v -0.03891830 -0.03478787 -0.21359163
v -0.04113640 -0.03147931 -0.21207945
v -0.04318572 -0.02944556 -0.21450713
v -0.04484068 -0.02599915 -0.21296391
v -0.04651581 -0.02370031 -0.21531506
v -0.04766110 -0.02019762 -0.21374476
v -0.04897933 -0.01770793 -0.21603455
v -0.04967568 -0.01421943 -0.21444188
v -0.05066488 -0.01160132 -0.21667629
v -0.05097858 -0.00818184 -0.21506096
v -0.05167360 -0.00548103 -0.21723182
v -0.04747372 0.01326499 -0.19499780
v -0.04657672 0.02013764 -0.19328085
v -0.04373904 0.02558002 -0.18208306
v -0.03896191 -0.03322375 -0.20950256
v -0.04108059 -0.02983202 -0.20783214
v -0.04302455 -0.02804932 -0.21046785
v -0.04458757 -0.02453362 -0.20873876
v -0.04619389 -0.02247904 -0.21131061
v -0.04725162 -0.01892025 -0.20953154
v -0.04853533 -0.01666490 -0.21205634
v -0.04914466 -0.01313705 -0.21023741
v -0.05013265 -0.01073990 -0.21272447
v -0.05035979 -0.00730286 -0.21087351
v -0.05108946 -0.00480329 -0.21331577
v -0.05101152 -0.00149549 -0.21143554
v -0.05151152 0.00108537 -0.21381336
v -0.01211378 -0.05364847 -0.25309559
v -0.00822745 -0.05429462 -0.24800902
v -0.01211566 -0.05354031 -0.24516774
v -0.01558986 -0.05271328 -0.24618641
v -0.01909955 -0.05155579 -0.24357429
v -0.02221240 -0.05035711 -0.24467685
v -0.02535688 -0.04887710 -0.24226458
v -0.02811820 -0.04738375 -0.24345221
v -0.00822745 -0.05429462 -0.24800902
v -0.01196535 -0.05365365 -0.24900568
v -0.01895344 -0.05165026 -0.24727644
v -0.02520956 -0.04895909 -0.24586491
v -0.03076177 -0.04572547 -0.24473565
v -0.03108310 -0.04539852 -0.25272299
v -0.00854609 -0.05412470 -0.24419843
v -0.01588253 -0.05254241 -0.24253786
v -0.02248708 -0.05019099 -0.24115593
v -0.02837418 -0.04721721 -0.24002307
v -0.03090671 -0.04564611 -0.24120233
v -0.03332861 -0.04392705 -0.24246956
v -0.03563180 -0.04207523 -0.24383906
v -0.03786227 -0.04010783 -0.24167566
v -0.03983870 -0.03812471 -0.24311613
v -0.02242806 -0.05023574 -0.25253502
v -0.02826612 -0.04721932 -0.25116734
v -0.03341716 -0.04374731 -0.25010717
v -0.03586669 -0.04173719 -0.25178922
v -0.03790682 -0.03993784 -0.24929773
v -0.04000286 -0.03780391 -0.25108796
v -0.00822685 -0.05436385 -0.25204209
v -0.01558729 -0.05274986 -0.25007877
v -0.02219371 -0.05036652 -0.24845824
v -0.02808140 -0.04737862 -0.24715617
v -0.03327939 -0.04391914 -0.24612983
v -0.03780871 -0.04010781 -0.24532308
v -0.04168960 -0.03605776 -0.24467155
v -0.01257454 -0.05331044 -0.24154741
v -0.01951942 -0.05131440 -0.24010817
v -0.02573992 -0.04862742 -0.23891595
v -0.03124910 -0.04538464 -0.23793591
v -0.03355993 -0.04375278 -0.23909831
v -0.03576692 -0.04198918 -0.24034036
v -0.02134093 -0.04971400 -0.22706473
v -0.01979948 -0.05055847 -0.22986063
v -0.02230673 -0.04972491 -0.23086784
v -0.02476703 -0.04874573 -0.23186339
v -0.02717185 -0.04761990 -0.23285952
v -0.02951246 -0.04634858 -0.23386955
v -0.03178013 -0.04493539 -0.23490760
v -0.03651220 -0.04122845 -0.23416719
v -0.03453738 -0.04282098 -0.23311004
v -0.03248580 -0.04429344 -0.23208811
v -0.03036499 -0.04563977 -0.23108818
v -0.02818258 -0.04685601 -0.23009744
v -0.02594621 -0.04794025 -0.22910377
v -0.02366331 -0.04889242 -0.22809612
v -0.01878763 -0.04929565 -0.21816599
v -0.02082597 -0.04879529 -0.21940886
v -0.02284454 -0.04819591 -0.22060325
v -0.02484045 -0.04749508 -0.22175115
v -0.02681014 -0.04669048 -0.22285559
v -0.02874951 -0.04578009 -0.22392076
v -0.03065394 -0.04476247 -0.22495202
v -0.03251836 -0.04363697 -0.22595590
v -0.03433739 -0.04240398 -0.22694005
v -0.03610539 -0.04106507 -0.22791315
v -0.03781663 -0.03962316 -0.22888473
v -0.03946533 -0.03808263 -0.22986505
v -0.04104587 -0.03644937 -0.23086486
v -0.01421805 -0.05083893 -0.21968557
v -0.01645158 -0.05046543 -0.22092807
v -0.01866783 -0.04998691 -0.22212166
v -0.02086359 -0.04939995 -0.22326841
v -0.02303496 -0.04870128 -0.22437160
v -0.02517738 -0.04788788 -0.22543589
v -0.02728568 -0.04695731 -0.22646730
v -0.02935413 -0.04590796 -0.22747325
v -0.03137656 -0.04473937 -0.22846248
v -0.03334650 -0.04345243 -0.22944487
v -0.03525732 -0.04204962 -0.23043124
v -0.03710235 -0.04053512 -0.23143314
v -0.03887503 -0.03891495 -0.23246253
v -0.04056901 -0.03719688 -0.23353154
v -0.04499466 -0.03181891 -0.24042589
v -0.04174076 -0.03603861 -0.24101277
v -0.03995720 -0.03802246 -0.23962566
v -0.03806239 -0.03991802 -0.23833378
v -0.03840299 -0.03952402 -0.23527280
v -0.03606304 -0.04171036 -0.23712558
v -0.03396638 -0.04338645 -0.23598815
v -0.02884282 -0.04687302 -0.23683831
v -0.02301368 -0.04986684 -0.23786417
v -0.01646561 -0.05224095 -0.23910278
v -0.00919000 -0.05386047 -0.24058322
v -0.04301820 -0.03383538 -0.22936478
v -0.04560592 -0.03035398 -0.23138150
v -0.04788746 -0.02664706 -0.23356588
v -0.04984056 -0.02280051 -0.23599874
v -0.05210173 -0.01650028 -0.23677981
v -0.05071587 -0.02027824 -0.23422559
v -0.04903087 -0.02402120 -0.23195509
v -0.04704985 -0.02764643 -0.22989026
v -0.04478788 -0.03107815 -0.22795124
v -0.04226938 -0.03425239 -0.22606136
v -0.04340909 -0.03392673 -0.24634931
v -0.03985234 -0.03804375 -0.24693140
v -0.03566345 -0.04198328 -0.24764727
v -0.03081975 -0.04563471 -0.24856603
v -0.02530061 -0.04888236 -0.24975000
v -0.01907858 -0.05160242 -0.25124911
v -0.04766495 -0.02752624 -0.23987037
v -0.04763205 -0.02764280 -0.24358114
v -0.04637178 -0.02974360 -0.24194892
v -0.04499148 -0.03175302 -0.24815403
v -0.03913829 -0.03676648 -0.22083814
v -0.04173997 -0.03420096 -0.22284047
v -0.04415398 -0.03132914 -0.22474799
v -0.04635280 -0.02818545 -0.22660914
v -0.04831196 -0.02481693 -0.22848386
v -0.05001359 -0.02128151 -0.23044314
v -0.05144852 -0.01764600 -0.23256563
v -0.05261753 -0.01398311 -0.23493127
v -0.05352997 -0.01036948 -0.23761407
v -0.04882293 -0.02521448 -0.23788331
v -0.05068379 -0.02121273 -0.24084780
v -0.05145657 -0.01890945 -0.23875441
v -0.05274065 -0.01507297 -0.24189518
v -0.05319581 -0.01277435 -0.23968686
v -0.05401189 -0.00919015 -0.24299766
v -0.05148338 -0.01936489 -0.24665804
v -0.05216710 -0.01726807 -0.24422556
v -0.04978693 -0.02341766 -0.24304484
v -0.04979601 -0.02343983 -0.24718875
v -0.05070170 -0.02137433 -0.24916832
v -0.04877345 -0.02553533 -0.24532679
v -0.05221074 -0.00266273 -0.21923401
v -0.05216028 -0.00594153 -0.22067781
v -0.05149509 -0.00883263 -0.21875287
v -0.05113029 -0.01219212 -0.22016929
v -0.05013866 -0.01503088 -0.21817522
v -0.04939383 -0.01843993 -0.21957868
v -0.04803764 -0.02117270 -0.21751900
v -0.04684590 -0.02458263 -0.21891629
v -0.04509407 -0.02713983 -0.21678520
v -0.04122494 -0.03278408 -0.21596105
v -0.03636691 -0.03793925 -0.21502754
v -0.04723159 -0.02508299 -0.22219932
v -0.04842599 -0.02179948 -0.22091136
v -0.04982038 -0.01882197 -0.22279193
v -0.05057342 -0.01553089 -0.22150630
v -0.05156857 -0.01248014 -0.22332737
v -0.05194789 -0.00922298 -0.22203267
v -0.05229060 -0.00770067 -0.22292544
v -0.04771246 -0.02516841 -0.22531769
v -0.05029431 -0.01882494 -0.22585670
v -0.04939291 -0.02187277 -0.22714604
v -0.05150317 -0.01548141 -0.22766663
v -0.05083694 -0.01843220 -0.22901919
v -0.05154211 -0.01407579 -0.22547799
v -0.05101853 -0.01568801 -0.22459251
v -0.04886768 -0.02204139 -0.22405361
v -0.04580804 -0.02826659 -0.22346930
v -0.05258695 0.00024202 -0.22108700
v -0.05258947 -0.00615961 -0.22380037
v -0.05201515 -0.01244117 -0.22636382
v -0.05341561 -0.00580272 -0.23009753
v -0.05249316 -0.01206380 -0.22955530
v -0.05281155 -0.00912920 -0.22817264
v -0.05243802 -0.01079022 -0.22725883
v -0.05284509 -0.00460483 -0.22466520
v -0.04721924 -0.00103048 -0.19326796
v -0.04935334 0.00540590 -0.20224057
v -0.04877480 0.00820337 -0.19986453
v -0.04926585 0.01054377 -0.20276647
v -0.04794546 0.01564267 -0.19804434
v -0.04826189 0.01814035 -0.20098095
v -0.04687188 0.02271563 -0.19636961
v -0.04697137 0.02539538 -0.19935325
v -0.04422800 0.03072499 -0.18736476
v -0.04428144 0.03361182 -0.19063219
v -0.05100057 0.00991339 -0.21227654
v -0.04960596 -0.00624179 -0.20620018
v -0.04949099 -0.00294541 -0.20399701
v -0.05018830 -0.00068541 -0.20677624
v -0.04983731 0.00243749 -0.20455269
v -0.05036952 0.00480229 -0.20729311
v -0.04985926 0.00775026 -0.20506531
v -0.05022285 0.01022528 -0.20774360
v -0.04960977 0.01301074 -0.20553364
v -0.04978656 0.01559137 -0.20814027
v -0.04839711 0.02074636 -0.20378444
v -0.04833026 0.02343897 -0.20644191
v -0.04685020 0.02815304 -0.20221565
v -0.04648720 0.03095762 -0.20494927
v -0.04407644 0.03655181 -0.19383343
v -0.04358621 0.03950716 -0.19694663
v -0.04957843 0.02099476 -0.21285632
v -0.04677200 -0.01739712 -0.20488239
v -0.04851294 -0.01183849 -0.20557000
v -0.05374568 -0.00785660 -0.23568251
v -0.05351714 0.00319427 -0.22917393
v -0.05336346 0.00009068 -0.22729259
v -0.05305839 -0.00304142 -0.22552884
v -0.05384080 -0.00251428 -0.23222018
v -0.05410351 0.00068182 -0.23461315
v -0.05427520 -0.00447058 -0.23849991
v -0.05421806 0.00372852 -0.23732559
v -0.05419182 0.00656561 -0.24036989
v -0.05402590 0.00913852 -0.24371768
v -0.05372853 0.01142304 -0.24730700
v -0.04583305 -0.02096938 -0.20687930
v -0.04802257 -0.01536020 -0.20761783
v -0.04949727 -0.00965055 -0.20828399
v -0.05037155 -0.00394115 -0.20888830
v -0.05076352 0.00171422 -0.20942378
v -0.05076226 0.00730008 -0.20987688
v -0.05042633 0.01281541 -0.21024795
v -0.04978008 0.01826248 -0.21057739
v -0.04804473 0.02618894 -0.20895396
v -0.04752758 0.02896229 -0.21133420
v -0.04586483 0.03377313 -0.20755554
v -0.04496900 0.03656069 -0.21004387
v -0.04278583 0.04243598 -0.19995236
v -0.04165299 0.04529380 -0.20283499
v -0.02812222 0.06647063 -0.20331981
v -0.03260334 0.06079793 -0.20421314
v -0.03662236 0.05463845 -0.20489585
v -0.04016901 0.04803497 -0.20558388
v -0.04378910 0.03928025 -0.21242982
v -0.04576208 0.03443183 -0.21579915
v -0.04676904 0.03172242 -0.21360616
v -0.04855944 0.02651015 -0.21706522
v -0.04917340 0.02375552 -0.21500573
v -0.05023150 0.02094392 -0.22035413
v -0.05069017 0.01816324 -0.21847719
v -0.05167203 0.01510368 -0.22342599
v -0.05280405 0.00319918 -0.22283759
v -0.05286811 0.00617357 -0.22455507
v -0.05278715 0.00912826 -0.22631796
v -0.05256851 0.01202414 -0.22819992
v -0.05123549 0.01790286 -0.22524640
v -0.04959346 0.02368405 -0.22222944
v -0.04773279 0.02922336 -0.21907851
v -0.04450230 0.03705361 -0.21794453
v -0.04298801 0.03955295 -0.22007215
v -0.04122046 0.04189853 -0.22220819
v -0.05036952 0.00480229 -0.20729311
v 0.00629113 -0.05012025 -0.20973310
v 0.00532526 -0.05022105 -0.20976645
v 0.00534627 -0.05067350 -0.21096408
v 0.03789841 -0.03069215 -0.20178054
v 0.03756952 -0.03112651 -0.20194479
v 0.03829273 -0.03116545 -0.20298264
v 0.04647646 0.00420191 -0.18999813
v 0.04587104 0.00970217 -0.18781039
v 0.04528656 0.00916092 -0.18673609
v 0.02414483 -0.04426491 -0.20810338
v 0.04004717 -0.02851139 -0.20200405
v 0.04646186 -0.01077206 -0.19560112
v 0.04512760 0.01507827 -0.18555955
v 0.03278882 0.07013964 -0.14452940
v 0.03242073 0.07148867 -0.14211900
v 0.03232750 0.07040074 -0.14154540
v 0.03126767 0.07471135 -0.13175129
v 0.00000000 -0.05106719 -0.21150717
v 0.00198137 -0.05090087 -0.21099983
v 0.00000000 -0.05089727 -0.21098634
v 0.03097352 0.07346812 -0.13132950
v 0.03080013 0.07434405 -0.12865269
v 0.03099116 0.07627558 -0.12662890
v 0.03066049 0.07504950 -0.12649690
v 0.03065717 0.07508871 -0.12632060
v 0.03090188 0.07742950 -0.12135429
v 0.03056009 0.07623561 -0.12116279
v 0.03063120 0.07539550 -0.12494090
v 0.03090255 0.07743191 -0.12135470
v 0.03090254 0.07743180 -0.12135460
v 0.03171774 0.07274630 -0.13672410
v 0.03194153 0.07333120 -0.13841410
v 0.03307970 0.06768589 -0.14619810
v 0.03394651 0.06462931 -0.15063330
v 0.03359394 0.06726366 -0.14910390
v 0.03490343 0.06124061 -0.15483550
v 0.03497094 0.06240488 -0.15534960
v 0.03434171 0.06463243 -0.15268320
v 0.03593126 0.05752510 -0.15881670
v 0.03701111 0.05350386 -0.16258703
v 0.03811444 0.04924440 -0.16613006
v 0.03921596 0.04480312 -0.16943985
v 0.03829956 0.05002430 -0.16706435
v 0.04030354 0.04019392 -0.17254005
v 0.04051514 0.04088831 -0.17352977
v 0.04136526 0.03543109 -0.17544983
v 0.04159189 0.03609954 -0.17646016
v 0.04363754 0.02610063 -0.18181895
v 0.04238946 0.03052784 -0.17818560
v 0.04228505 0.03285054 -0.17829273
v 0.04336619 0.02549675 -0.18076740
v 0.04428393 0.02034471 -0.18321859
v 0.04686517 -0.00150902 -0.19217585
v 0.04692257 -0.00452080 -0.19330449
v 0.04680230 -0.00764758 -0.19446500
v 0.04591084 -0.01385957 -0.19671593
v 0.04514868 -0.01691375 -0.19781358
v 0.04569834 -0.01628991 -0.19880455
v 0.04445179 -0.02026282 -0.20021242
v 0.04417280 -0.01993244 -0.19889701
v 0.04161132 -0.02575371 -0.20099771
v 0.04298814 -0.02289159 -0.19996148
v 0.03420546 -0.03615012 -0.20486217
v 0.03634550 -0.03371344 -0.20393515
v 0.03190969 -0.03842984 -0.20574726
v 0.02947035 -0.04054091 -0.20658318
v 0.02688439 -0.04248604 -0.20736910
v 0.02125256 -0.04587062 -0.20878652
v 0.01825582 -0.04727006 -0.20939862
v 0.01516848 -0.04845017 -0.20992109
v 0.01678363 -0.04827731 -0.21087937
v 0.01198852 -0.04940895 -0.21034583
v 0.00871856 -0.05014932 -0.21068513
v 0.00204986 -0.05115029 -0.21220480
v 0.04481793 0.01317230 -0.18509922
v 0.04469211 0.01424941 -0.18465969
v 0.04626358 -0.00197002 -0.19115507
v 0.04627944 -0.00245356 -0.19134012
v 0.04615591 -0.00805443 -0.19345505
v 0.04609368 -0.00857704 -0.19364851
v 0.04579048 -0.01112314 -0.19459103
v 0.04633620 -0.00418319 -0.19200204
v 0.04630607 -0.00496473 -0.19229583
v 0.04620186 -0.00766855 -0.19331221
v 0.04500328 -0.01509864 -0.19604786
v 0.04342546 -0.02010902 -0.19787569
v 0.04282543 -0.02172730 -0.19846637
v 0.04441427 -0.01714798 -0.19679527
v 0.04403816 -0.01845656 -0.19727254
v 0.04400020 -0.01855893 -0.19730991
v 0.04575829 -0.01139350 -0.19469111
v 0.04567630 -0.01179587 -0.19483845
v 0.04519630 -0.01415144 -0.19570101
v 0.04592301 0.00371292 -0.18895919
v 0.04598771 0.00315910 -0.18918517
v 0.04618682 0.00036956 -0.19025972
v 0.03594304 -0.03327448 -0.20275707
v 0.03870354 -0.02945479 -0.20131874
v 0.03930834 -0.02852529 -0.20097184
v 0.03353258 -0.03601338 -0.20381000
v 0.03241947 -0.03711638 -0.20424138
v 0.02796425 -0.04098412 -0.20578047
v 0.02631686 -0.04220466 -0.20627701
v 0.03133957 -0.03818649 -0.20465989
v 0.03126806 -0.03824800 -0.20468441
v 0.02885043 -0.04032756 -0.20551336
v 0.03588649 -0.03334917 -0.20278531
v 0.03564532 -0.03362466 -0.20289115
v 0.03369582 -0.03585161 -0.20374674
v 0.02290671 -0.04438132 -0.20718160
v 0.02214746 -0.04478287 -0.20735405
v 0.01788282 -0.04685576 -0.20825254
v 0.01684408 -0.04731245 -0.20845286
v 0.01488689 -0.04800266 -0.20875623
v 0.02080019 -0.04549539 -0.20766005
v 0.01992906 -0.04595610 -0.20785792
v 0.01848074 -0.04659288 -0.20813723
v 0.00000000 -0.05050806 -0.20979344
v 0.00200571 -0.05044693 -0.20981069
v 0.00363772 -0.05039719 -0.20982473
v 0.00473953 -0.05028219 -0.20978668
v 0.00837795 -0.04972672 -0.20953460
v 0.00858721 -0.04968725 -0.20951470
v 0.01405062 -0.04829757 -0.20888586
v 0.01355654 -0.04847181 -0.20896244
v 0.01179045 -0.04894360 -0.20917010
v 0.01001380 -0.04941823 -0.20937900
v 0.02601664 -0.04242709 -0.20636751
v 0.02526400 -0.04290004 -0.20656453
v 0.02362496 -0.04392998 -0.20699358
v 0.04265673 -0.02209462 -0.19860109
v 0.04223577 -0.02301121 -0.19893727
v 0.04134223 -0.02495675 -0.19965084
v 0.04091536 -0.02572899 -0.19993620
v 0.04086430 -0.02582134 -0.19997034
v 0.03971565 -0.02789931 -0.20073822
v 0.03112122 0.07272200 -0.13360959
v 0.03200221 0.06929030 -0.14099090
v 0.03230408 0.06821347 -0.14278950
v 0.03362357 0.06353469 -0.14987930
v 0.03446435 0.06057696 -0.15374700
v 0.03276576 0.06656659 -0.14554030
v 0.03305508 0.06553453 -0.14726420
v 0.03349739 0.06397856 -0.14929889
v 0.03138607 0.07168312 -0.13588170
v 0.03142457 0.07153209 -0.13621200
v 0.03193484 0.06953060 -0.14058950
v 0.03594886 0.05521649 -0.15938498
v 0.03641537 0.05344684 -0.16092299
v 0.03664028 0.05259369 -0.16166445
v 0.03762056 0.04887512 -0.16489626
v 0.04193970 0.02984242 -0.17711290
v 0.04287631 0.02516570 -0.17962411
v 0.03989829 0.03946551 -0.17155667
v 0.04096558 0.03470645 -0.17450110
v 0.04151291 0.03197346 -0.17596860
v 0.03772918 0.04843160 -0.16521652
v 0.03800876 0.04729006 -0.16604081
v 0.03881753 0.04398773 -0.16842537
v 0.03960737 0.04076269 -0.17075412
v 0.03455020 0.06026695 -0.15407310
v 0.03488578 0.05905520 -0.15534750
v 0.03557430 0.05656902 -0.15796240
v 0.04292273 0.02488661 -0.17975285
v 0.04327480 0.02276999 -0.18072923
v 0.04378048 0.01972993 -0.18213158
v 0.04464514 0.01453175 -0.18452945
v 0.00197237 -0.03174747 -0.18530445
v 0.00000000 -0.03188044 -0.18542607
v 0.00000000 -0.03644001 -0.18938739
v 0.04504316 -0.00244297 -0.18933123
v 0.04328347 -0.00243472 -0.18690664
v 0.04279897 -0.00852597 -0.18905404
v 0.00000000 -0.04144003 -0.19472728
v 0.00000000 -0.04437258 -0.19877859
v 0.00362680 -0.04423063 -0.19856754
v 0.00000000 -0.04584031 -0.20080625
v 0.00000000 -0.04772061 -0.20424276
v 0.00419306 -0.04756683 -0.20405353
v 0.00000000 -0.03675774 -0.18966343
v 0.00000000 -0.04061255 -0.19383238
v 0.00307053 -0.04044539 -0.19365001
v 0.00448848 -0.03592822 -0.18906497
v 0.00761293 -0.03504843 -0.18862851
v 0.00601340 -0.03078908 -0.18481704
v 0.00060319 -0.01657002 -0.17569238
v 0.00000000 -0.01660000 -0.17570407
v 0.00000000 -0.02187865 -0.17870724
v 0.00441769 -0.02626418 -0.18142711
v 0.00730776 -0.02508848 -0.18086706
v 0.00487285 -0.02083754 -0.17808819
v 0.01248561 -0.04572110 -0.20319450
v 0.03244442 -0.03182763 -0.19749215
v 0.04484882 0.00253286 -0.18754160
v 0.04630607 -0.00496473 -0.19229583
v 0.04468024 -0.00855800 -0.19151384
v 0.04223165 -0.01164666 -0.19015155
v 0.04142319 -0.01483495 -0.19127619
v 0.04034643 -0.01809519 -0.19243371
v 0.03896585 -0.02142815 -0.19362935
v 0.03723494 -0.02483192 -0.19486838
v 0.03508981 -0.02830117 -0.19615493
v 0.02917148 -0.03539452 -0.19888109
v 0.02506809 -0.03896779 -0.20031680
v 0.02260313 -0.04073721 -0.20104684
v 0.01977348 -0.04247597 -0.20177816
v 0.01992906 -0.04595610 -0.20785792
v 0.01646563 -0.04415446 -0.20250041
v 0.00742788 -0.04706370 -0.20381203
v 0.00532526 -0.05022105 -0.20976645
v 0.00000000 -0.04942904 -0.20736516
v 0.02067840 -0.00348952 -0.17174022
v 0.01914834 -0.00364185 -0.17134054
v 0.01878777 -0.00528281 -0.17196422
v 0.01913255 -0.00364343 -0.17133642
v 0.01657576 -0.00381166 -0.17089488
v 0.02505473 -0.00296104 -0.17312682
v 0.02274585 -0.00326300 -0.17233454
v 0.02239728 -0.00532535 -0.17308694
v 0.02208357 -0.00334962 -0.17210728
v 0.02810384 -0.00247376 -0.17440636
v 0.02676305 -0.00269146 -0.17383465
v 0.02641179 -0.00536449 -0.17478383
v 0.02530200 -0.00292869 -0.17321167
v 0.03690255 -0.00048973 -0.17961093
v 0.03531794 -0.00092760 -0.17846227
v 0.03527120 -0.00243568 -0.17898086
v 0.03492805 -0.00103534 -0.17817965
v 0.03315660 -0.00144969 -0.17709265
v 0.03185911 -0.00175318 -0.17629649
v 0.03100002 -0.00245458 -0.17603177
v 0.03101998 -0.00191804 -0.17586410
v 0.02920801 -0.00227405 -0.17493042
v 0.03942642 -0.00242804 -0.18259689
v 0.03943733 0.00029291 -0.18166463
v 0.03774626 -0.00025659 -0.18022252
v 0.04024241 0.00055452 -0.18235119
v 0.04140362 -0.00242960 -0.18466320
v 0.04245417 0.00139941 -0.18456739
v 0.04034397 0.00059331 -0.18245295
v 0.04318859 0.00173232 -0.18544091
v 0.04336387 0.00181178 -0.18564940
v 0.04435229 0.00225983 -0.18682502
v 0.01092642 -0.01249702 -0.17412665
v 0.01017012 -0.01302457 -0.17432818
v 0.01378120 -0.01452562 -0.17549183
v 0.00831195 -0.01432072 -0.17482331
v 0.01117312 -0.01706111 -0.17649228
v 0.00244889 -0.01635566 -0.17560901
v 0.00164827 -0.01651807 -0.17567214
v 0.00282045 -0.02150661 -0.17840336
v 0.00795366 -0.01457065 -0.17491877
v 0.00761809 -0.01471261 -0.17497355
v 0.00825798 -0.01915107 -0.17734934
v 0.00501971 -0.01581191 -0.17539776
v 0.00664590 -0.02004543 -0.17773324
v 0.00491870 -0.01585464 -0.17541425
v 0.00121569 -0.01653957 -0.17568052
v 0.00158835 -0.02177154 -0.17853289
v 0.00256000 -0.02674854 -0.18166923
v 0.00962681 -0.02376840 -0.18027102
v 0.01887450 -0.02140448 -0.18079796
v 0.02463238 -0.02092499 -0.18276629
v 0.02182048 -0.01722273 -0.17917545
v 0.02611096 -0.01844803 -0.18182618
v 0.02846703 -0.01340765 -0.17996576
v 0.00352482 -0.03147990 -0.18516192
v 0.00000000 -0.02700094 -0.18189641
v 0.00000000 -0.03131109 -0.18493142
v 0.00803411 -0.02998881 -0.18443686
v 0.01011962 -0.03402540 -0.18815365
v 0.00976506 -0.02912763 -0.18404176
v 0.01224260 -0.03292656 -0.18766437
v 0.01266217 -0.02730058 -0.18323320
v 0.01573800 -0.03061640 -0.18666831
v 0.01505439 -0.02538975 -0.18241915
v 0.01856007 -0.02823515 -0.18567194
v 0.01709681 -0.02342133 -0.18160727
v 0.02091448 -0.02581875 -0.18468792
v 0.02291532 -0.02338100 -0.18371952
v 0.00000000 -0.02496767 -0.18046468
v 0.03477535 -0.02057474 -0.18899981
v 0.03045981 -0.01957384 -0.18508294
v 0.03310606 -0.02369512 -0.19015262
v 0.02888006 -0.02238507 -0.18613643
v 0.03108214 -0.02685209 -0.19134528
v 0.02700424 -0.02520445 -0.18721801
v 0.02863154 -0.03004434 -0.19257848
v 0.02477379 -0.02803366 -0.18832822
v 0.02564666 -0.03326309 -0.19385092
v 0.02210016 -0.03086785 -0.18946577
v 0.02195510 -0.03648454 -0.19515605
v 0.01884035 -0.03368927 -0.19062488
v 0.01975752 -0.03808115 -0.19581558
v 0.01473817 -0.03645302 -0.19178827
v 0.00643465 -0.04378316 -0.19833119
v 0.01084414 -0.04258168 -0.19775486
v 0.01433344 -0.04117015 -0.19712369
v 0.01724930 -0.03965262 -0.19647360
v 0.00545665 -0.04005149 -0.19343426
v 0.00922155 -0.03900322 -0.19291927
v 0.01221876 -0.03777446 -0.19236120
v 0.03011095 -0.00816506 -0.17807692
v 0.03447861 -0.00831623 -0.18104493
v 0.03066245 -0.00539937 -0.17708793
v 0.03498048 -0.00542895 -0.18003246
v 0.03288595 -0.01396393 -0.18304360
v 0.03178562 -0.01676837 -0.18405417
v 0.03614285 -0.01749176 -0.18788355
v 0.03875938 -0.00843888 -0.18469106
v 0.03919712 -0.00545098 -0.18365098
v 0.04081895 -0.00848673 -0.18678090
v 0.03936510 -0.01465120 -0.18894432
v 0.03724592 -0.01444521 -0.18679789
v 0.03378015 -0.01115188 -0.18204381
v 0.03811188 -0.01143083 -0.18573636
v 0.01498205 -0.00714842 -0.17210592
v 0.01803144 -0.00760605 -0.17284511
v 0.01566478 -0.00521217 -0.17137227
v 0.01603165 -0.00417170 -0.17097804
v 0.01615235 -0.00382939 -0.17084833
v 0.02173278 -0.00780637 -0.17401567
v 0.01483710 -0.00738279 -0.17219431
v 0.01374264 -0.00915244 -0.17286178
v 0.01712092 -0.00963606 -0.17361519
v 0.01609546 -0.01144047 -0.17430268
v 0.01308791 -0.01021110 -0.17326109
v 0.01264293 -0.01068169 -0.17343928
v 0.01262250 -0.01070330 -0.17344746
v 0.02581082 -0.00799380 -0.17574679
v 0.01994782 -0.01213779 -0.17564203
v 0.01161104 -0.02235416 -0.17966069
v 0.01336388 -0.02086099 -0.17903930
v 0.01494075 -0.01929224 -0.17840503
v 0.01768001 -0.01591142 -0.17708050
v 0.02411301 -0.01279593 -0.17751430
v 0.02860895 -0.00239175 -0.17462174
v 0.00252035 -0.03626497 -0.18924776
v 0.01660000 0.02180772 -0.16116761
v 0.01660000 0.01548561 -0.16353704
v 0.02066610 0.01600818 -0.16446380
v 0.02098814 -0.00106927 -0.17082129
v 0.03506087 0.01919533 -0.17176201
v 0.03169711 0.01826151 -0.16944123
v 0.03243862 0.00856244 -0.17332502
v 0.04528656 0.00916092 -0.18673609
v 0.04290475 0.00685469 -0.18363984
v 0.04231824 0.01180468 -0.18161815
v 0.04481793 0.01317230 -0.18509922
v 0.04469211 0.01424941 -0.18465969
v 0.03600659 0.00952174 -0.17575418
v 0.03988813 0.00564013 -0.18049785
v 0.03933296 0.01059647 -0.17851723
v 0.04464514 0.01453175 -0.18452945
v 0.04097625 0.02143348 -0.17740455
v 0.03818670 0.02024436 -0.17441390
v 0.03678855 0.00204013 -0.17865439
v 0.03288951 0.00358542 -0.17521367
v 0.03652156 0.00455300 -0.17768793
v 0.04015966 0.00313121 -0.18148330
v 0.02818083 0.01742879 -0.16746605
v 0.02872926 0.00771204 -0.17125063
v 0.02451517 0.01667592 -0.16580666
v 0.02084098 0.00629277 -0.16807597
v 0.03313014 0.00107055 -0.17615942
v 0.02928232 0.00023076 -0.17402857
v 0.02909263 0.00273936 -0.17310119
v 0.02512856 0.00200225 -0.17132444
v 0.02487665 0.00695221 -0.16949852
v 0.02096426 0.00138552 -0.16989900
v 0.02524318 -0.00048674 -0.17224173
v 0.01660000 0.00888945 -0.16600919
v 0.01660000 0.00645996 -0.16691973
v 0.02429211 0.02604176 -0.16189377
v 0.02780689 0.02675334 -0.16341977
v 0.02637393 0.03531374 -0.15841980
v 0.02409143 0.03492604 -0.15765560
v 0.02170844 0.03452127 -0.15685770
v 0.02056092 0.02543221 -0.16070742
v 0.02047090 0.03439679 -0.15665500
v 0.01660000 0.03400745 -0.15602100
v 0.03949085 0.03069000 -0.17284827
v 0.04096558 0.03470645 -0.17450110
v 0.03784882 0.03952604 -0.16784957
v 0.03960737 0.04076269 -0.17075412
v 0.03573114 0.03838467 -0.16521067
v 0.03432974 0.03769161 -0.16361801
v 0.03702004 0.02951990 -0.17000158
v 0.03420558 0.02848245 -0.16747710
v 0.03739810 0.03920908 -0.16710513
v 0.04287631 0.02516570 -0.17962411
v 0.04193970 0.02984242 -0.17711290
v 0.04151291 0.03197346 -0.17596860
v 0.04378048 0.01972993 -0.18213158
v 0.04327480 0.02276999 -0.18072923
v 0.04292273 0.02488661 -0.17975285
v 0.03331523 0.03733273 -0.16281773
v 0.03062804 0.03638214 -0.16069799
v 0.03111540 0.02756303 -0.16527789
v 0.03058406 0.03636902 -0.16066929
v 0.02746448 0.03558708 -0.15900252
v 0.01660000 0.00582353 -0.16716144
v 0.01660000 0.00097210 -0.16900395
v 0.01660000 0.00000000 -0.16937314
v 0.01651612 -0.00144427 -0.16993279
v 0.01648818 -0.00192546 -0.17011925
v 0.01660000 0.02803574 -0.15859250
v 0.01660000 0.02495664 -0.15991840
v 0.01660000 0.02371988 -0.16045096
v 0.01660000 0.02495664 -0.15991840
v 0.01660000 0.02803574 -0.15859250
v 0.00831219 0.02780819 -0.15805160
v 0.01660000 0.00097210 -0.16900395
v 0.01660000 0.00582353 -0.16716144
v 0.00831219 0.00865937 -0.16538534
v 0.00831219 -0.00440589 -0.17040693
v 0.01660000 0.00000000 -0.16937314
v 0.00831219 -0.01082754 -0.17317391
v 0.00121569 -0.01653957 -0.17568052
v 0.00000000 -0.01087598 -0.17306598
v 0.00831219 0.02157427 -0.16056614
v 0.01660000 0.02180772 -0.16116761
v 0.01660000 0.02371988 -0.16045096
v 0.01660000 0.00645996 -0.16691973
v 0.01660000 0.00888945 -0.16600919
v 0.01660000 0.01548561 -0.16353704
v 0.00831219 0.03380400 -0.15537030
v 0.00000000 0.03319190 -0.15541100
v 0.00000000 0.02768501 -0.15776060
v 0.00000000 -0.00612181 -0.17087490
v 0.00000000 -0.00447959 -0.17022841
v 0.00000000 0.00465831 -0.16663114
v 0.00000000 0.02277701 -0.15985467
v 0.00000000 0.02148593 -0.16033754
v 0.00000000 0.00857809 -0.16516513
v 0.00831219 0.06436920 -0.12259129
v 0.00000000 0.06404510 -0.12251049
v 0.00831219 0.06344143 -0.12580859
v 0.00000000 0.06333168 -0.12541830
v 0.00000000 0.05819433 -0.13602920
v 0.00831219 0.05785829 -0.13690799
v 0.00000000 0.05924216 -0.13421660
v 0.00831219 0.05951793 -0.13438110
v 0.00000000 0.06077068 -0.13157240
v 0.00000000 0.06109559 -0.13101040
v 0.00831219 0.06100747 -0.13169470
v 0.00000000 0.06201334 -0.12871530
v 0.00831219 0.06231818 -0.12884010
v 0.00000000 0.06320712 -0.12572979
v 0.00000000 0.05386064 -0.14132309
v 0.00000000 0.05173295 -0.14339370
v 0.00831219 0.05194556 -0.14361920
v 0.00831219 0.04969215 -0.14559649
v 0.00000000 0.05029041 -0.14479760
v 0.00000000 0.04951961 -0.14538500
v 0.00831219 0.04481317 -0.14921589
v 0.00000000 0.04512175 -0.14873650
v 0.00000000 0.05461234 -0.14059160
v 0.00831219 0.05406347 -0.14151800
v 0.00000000 0.05579418 -0.13908630
v 0.00831219 0.05603726 -0.13928390
v 0.00000000 0.05763276 -0.13674450
v 0.00000000 0.06487197 -0.11914010
v 0.00609698 0.06499123 -0.11916119
v 0.00830775 0.06515269 -0.11918960
v 0.01660000 0.06491490 -0.12272920
v 0.01660000 0.06575830 -0.11929640
v 0.01660000 0.06283977 -0.12905769
v 0.01660000 0.06404812 -0.12602310
v 0.01660000 0.06405378 -0.12600889
v 0.01660000 0.06419828 -0.12564599
v 0.01660000 0.06491318 -0.12273620
v 0.01660000 0.06155016 -0.13199700
v 0.01660000 0.05833614 -0.13728830
v 0.01660000 0.05835813 -0.13726000
v 0.01660000 0.05901228 -0.13641919
v 0.01660000 0.06000977 -0.13468110
v 0.01660000 0.06156402 -0.13197290
v 0.01660000 0.06193954 -0.13131849
v 0.01660000 0.06283159 -0.12907829
v 0.01660000 0.05235062 -0.14405700
v 0.01660000 0.05447674 -0.14196679
v 0.01660000 0.05107987 -0.14530630
v 0.01660000 0.05008753 -0.14607110
v 0.00000000 0.04467548 -0.14900800
v 0.00831219 0.03949470 -0.15244950
v 0.01660000 0.04511120 -0.14977980
v 0.01660000 0.04516818 -0.14974470
v 0.01660000 0.04592898 -0.14927600
v 0.01660000 0.05004423 -0.14610450
v 0.01660000 0.05450857 -0.14193550
v 0.01660000 0.05541021 -0.14104910
v 0.01660000 0.05649039 -0.13966070
v 0.00000000 0.03937403 -0.15223420
v 0.00000000 0.03894003 -0.15249830
v 0.00000000 0.03370020 -0.15515340
v 0.01660000 0.03409314 -0.15597710
v 0.01660000 0.03975130 -0.15307820
v 0.01660000 0.03978514 -0.15306090
v -0.01660000 0.05105035 -0.14533059
v -0.01660000 0.05008771 -0.14607129
v -0.00831219 0.04969215 -0.14559649
v -0.00831219 0.05194556 -0.14361920
v -0.00609698 0.06499123 -0.11916119
v -0.00830775 0.06515269 -0.11918960
v -0.00831219 0.06436920 -0.12259129
v -0.01265085 -0.01069100 -0.17344266
v -0.01264046 -0.01070335 -0.17344733
v -0.00831219 -0.01082754 -0.17317391
v -0.00662984 -0.01521858 -0.17516823
v -0.00501579 -0.01580079 -0.17539351
v -0.00460919 -0.01594746 -0.17545026
v -0.00250706 -0.01640971 -0.17562993
v -0.00246279 -0.01641373 -0.17563149
v -0.00121365 -0.01652724 -0.17567573
v -0.00060361 -0.01658267 -0.17569732
v -0.00049287 -0.01659273 -0.17570124
v -0.01196726 -0.01150412 -0.17374997
v -0.01035951 -0.01297096 -0.17430698
v -0.01021017 -0.01307489 -0.17434669
v -0.00856384 -0.01422060 -0.17478443
v -0.00831212 -0.01435050 -0.17483439
v -0.00761394 -0.01471077 -0.17497294
v -0.01483406 -0.00738497 -0.17219496
v -0.00831219 -0.00440589 -0.17040693
v -0.01550348 -0.00593318 -0.17164681
v -0.01572029 -0.00523022 -0.17138001
v -0.01457821 -0.00793984 -0.17240446
v -0.01379190 -0.00917871 -0.17287164
v -0.01339031 -0.00981143 -0.17311024
v -0.01660000 0.00097208 -0.16900391
v -0.01660000 0.00582344 -0.16716119
v -0.00831219 0.00865937 -0.16538534
v -0.01660000 0.00647866 -0.16691231
v -0.01660000 0.00000000 -0.16937314
v -0.01650379 -0.00144357 -0.16993202
v -0.01645308 -0.00220447 -0.17022659
v -0.01615235 -0.00382939 -0.17084833
v -0.01604680 -0.00417161 -0.17097822
v -0.01660000 0.02803568 -0.15859240
v -0.01660000 0.02495654 -0.15991817
v -0.00831219 0.02157427 -0.16056614
v -0.01660000 0.02373781 -0.16044294
v -0.01660000 0.02180733 -0.16116655
v -0.01660000 0.01548532 -0.16353628
v -0.01660000 0.00888928 -0.16600872
v -0.00831219 0.03380400 -0.15537030
v -0.00831219 0.02780819 -0.15805160
v -0.01660000 0.03400745 -0.15602100
v -0.00831219 0.06344143 -0.12580859
v -0.00831219 0.05785829 -0.13690799
v -0.00831219 0.05951793 -0.13438110
v -0.00831219 0.06100747 -0.13169470
v -0.00831219 0.06231818 -0.12884010
v -0.00831219 0.04481317 -0.14921589
v -0.00831219 0.05406347 -0.14151800
v -0.00831219 0.05603726 -0.13928390
v -0.01660000 0.06405973 -0.12601130
v -0.01660000 0.06419107 -0.12568210
v -0.01660000 0.06575830 -0.11929640
v -0.01660000 0.06491574 -0.12272950
v -0.01660000 0.06491401 -0.12273649
v -0.01660000 0.05834042 -0.13729149
v -0.01660000 0.05836246 -0.13726320
v -0.01660000 0.05899039 -0.13645870
v -0.01660000 0.06001349 -0.13468300
v -0.01660000 0.06405405 -0.12602549
v -0.01660000 0.06284338 -0.12905909
v -0.01660000 0.06283518 -0.12907960
v -0.01660000 0.06191820 -0.13137740
v -0.01660000 0.06157235 -0.13197760
v -0.01660000 0.06155845 -0.13200170
v -0.01660000 0.05447793 -0.14196790
v -0.01660000 0.05234963 -0.14405590
v -0.00831219 0.03949470 -0.15244950
v -0.01660000 0.04511174 -0.14978060
v -0.01660000 0.03982034 -0.15303550
v -0.01660000 0.05004439 -0.14610460
v -0.01660000 0.04588593 -0.14930440
v -0.01660000 0.04516874 -0.14974560
v -0.01660000 0.05649107 -0.13966100
v -0.01660000 0.05538565 -0.14107740
v -0.01660000 0.05450980 -0.14193660
v -0.01660000 0.03975112 -0.15307810
v -0.00831219 0.03949470 -0.15244950
v -0.01660000 0.03973122 -0.15309040
v -0.01660000 0.03409315 -0.15597710
v -0.00307053 -0.04044539 -0.19365001
v -0.00252035 -0.03626497 -0.18924776
v -0.00256000 -0.02674854 -0.18166923
v -0.02066471 -0.00347457 -0.17177943
v -0.02273683 -0.00324821 -0.17237343
v -0.02239728 -0.00532535 -0.17308694
v -0.04030329 0.00060680 -0.18248855
v -0.04303472 0.00164670 -0.18521707
v -0.04140362 -0.00242960 -0.18466320
v -0.04627593 -0.00196964 -0.19115391
v -0.04628185 -0.00245233 -0.19133713
v -0.04504316 -0.00244297 -0.18933123
v -0.03651672 -0.03255882 -0.20248325
v -0.03592383 -0.03326005 -0.20275131
v -0.03244442 -0.03182763 -0.19749215
v -0.02878618 -0.04037845 -0.20553331
v -0.02796416 -0.04098403 -0.20578002
v -0.02506809 -0.03896779 -0.20031680
v -0.02278625 -0.04444967 -0.20721051
v -0.02214778 -0.04478322 -0.20735403
v -0.01977348 -0.04247597 -0.20177816
v -0.00532551 -0.05022235 -0.20976734
v -0.00473957 -0.05028227 -0.20978628
v -0.00419306 -0.04756683 -0.20405353
v 0.00000000 -0.05050806 -0.20979344
v 0.00000000 -0.04942904 -0.20736516
v -0.00200574 -0.05044744 -0.20981010
v 0.00000000 -0.04772061 -0.20424276
v -0.00359382 -0.05039945 -0.20982329
v -0.00620602 -0.05013230 -0.20973890
v -0.00742788 -0.04706370 -0.20381203
v -0.00837932 -0.04973283 -0.20953475
v -0.01488650 -0.04800059 -0.20875528
v -0.01404629 -0.04828638 -0.20888073
v -0.01248561 -0.04572110 -0.20319450
v -0.01304344 -0.04862749 -0.20903046
v -0.01179240 -0.04894863 -0.20917230
v -0.00964044 -0.04950102 -0.20941630
v -0.00858869 -0.04969435 -0.20951509
v -0.01641023 -0.04748231 -0.20852778
v -0.01646563 -0.04415446 -0.20250041
v -0.01788070 -0.04685103 -0.20825047
v -0.02079656 -0.04548912 -0.20765777
v -0.01961409 -0.04610687 -0.20792358
v -0.01848122 -0.04659322 -0.20813722
v -0.02631322 -0.04220026 -0.20627552
v -0.02260313 -0.04073721 -0.20104684
v -0.02586547 -0.04253012 -0.20640990
v -0.02526655 -0.04290348 -0.20656563
v -0.02362348 -0.04392775 -0.20699283
v -0.03241562 -0.03711380 -0.20423869
v -0.03154500 -0.03799425 -0.20458246
v -0.02917148 -0.03539452 -0.19888109
v -0.03126017 -0.03824040 -0.20468062
v -0.02886382 -0.04031135 -0.20550655
v -0.03562680 -0.03361137 -0.20288559
v -0.03413953 -0.03537043 -0.20355801
v -0.03351678 -0.03600021 -0.20380391
v -0.03929902 -0.02852105 -0.20097040
v -0.03872579 -0.02946822 -0.20132204
v -0.03508981 -0.02830117 -0.19615493
v -0.03865666 -0.02958245 -0.20136445
v -0.03755347 -0.03111685 -0.20194122
v -0.04054944 -0.02645494 -0.20020335
v -0.03723494 -0.02483192 -0.19486838
v -0.04086662 -0.02582341 -0.19997099
v -0.04263980 -0.02208883 -0.19859976
v -0.04226026 -0.02302156 -0.19894050
v -0.03896585 -0.02142815 -0.19362935
v -0.04220230 -0.02316401 -0.19899254
v -0.04091390 -0.02572926 -0.19993636
v -0.04034643 -0.01809519 -0.19243371
v -0.04360174 -0.01972482 -0.19773613
v -0.04344331 -0.02011416 -0.19787837
v -0.04471199 -0.01622006 -0.19645773
v -0.04441805 -0.01714793 -0.19679618
v -0.04397350 -0.01855127 -0.19730806
v -0.04142319 -0.01483495 -0.19127619
v -0.04496678 -0.01511935 -0.19605526
v -0.04576466 -0.01112004 -0.19458822
v -0.04566424 -0.01179519 -0.19483715
v -0.04223165 -0.01164666 -0.19015155
v -0.04553482 -0.01266540 -0.19515799
v -0.04519126 -0.01414958 -0.19570067
v -0.04631742 -0.00535091 -0.19243738
v -0.04613940 -0.00805530 -0.19345195
v -0.04468024 -0.00855800 -0.19151384
v -0.04610494 -0.00857894 -0.19364839
v -0.04607503 -0.00903330 -0.19381885
v -0.04631271 -0.00496717 -0.19229172
v -0.04626576 -0.00114148 -0.19083955
v -0.04479233 0.00254686 -0.18757887
v -0.04598771 0.00315908 -0.18918519
v -0.04328347 -0.00243472 -0.18690664
v -0.04319619 0.00172939 -0.18543404
v -0.04335783 0.00181218 -0.18565124
v -0.03685255 -0.00046838 -0.17966744
v -0.03945561 0.00028571 -0.18164606
v -0.03942642 -0.00242804 -0.18259689
v -0.03947355 0.00029091 -0.18165971
v -0.03066245 -0.00539937 -0.17708793
v -0.03100002 -0.00245458 -0.17603177
v -0.03527120 -0.00243568 -0.17898086
v -0.03098487 -0.00189707 -0.17591874
v -0.03312958 -0.00143302 -0.17713636
v -0.03468283 -0.00109694 -0.17801819
v -0.03529769 -0.00091882 -0.17848556
v -0.02402821 -0.00310713 -0.17274361
v -0.02503599 -0.00294668 -0.17316464
v -0.02641179 -0.00536449 -0.17478383
v -0.02674441 -0.00267467 -0.17387838
v -0.02797882 -0.00247813 -0.17439409
v -0.01914737 -0.00364033 -0.17134447
v -0.01908099 -0.00364758 -0.17132545
v -0.01878777 -0.00528281 -0.17196422
v -0.00825798 -0.01915107 -0.17734934
v -0.01117312 -0.01706111 -0.17649228
v -0.00487285 -0.02083754 -0.17808819
v -0.00664590 -0.02004543 -0.17773324
v -0.00158835 -0.02177154 -0.17853289
v -0.00282045 -0.02150661 -0.17840336
v -0.02182048 -0.01722273 -0.17917545
v -0.01887450 -0.02140448 -0.18079796
v -0.01494075 -0.01929224 -0.17840503
v -0.01336388 -0.02086099 -0.17903930
v -0.01709681 -0.02342133 -0.18160727
v -0.01161104 -0.02235416 -0.17966069
v -0.01505439 -0.02538975 -0.18241915
v -0.00962681 -0.02376840 -0.18027102
v -0.01266217 -0.02730058 -0.18323320
v -0.00730776 -0.02508848 -0.18086706
v -0.00976506 -0.02912763 -0.18404176
v -0.00803411 -0.02998881 -0.18443686
v -0.00441769 -0.02626418 -0.18142711
v -0.00601340 -0.03078908 -0.18481704
v -0.00352482 -0.03147990 -0.18516192
v -0.00197237 -0.03174747 -0.18530445
v -0.00362680 -0.04423063 -0.19856754
v -0.00643465 -0.04378316 -0.19833119
v -0.01084414 -0.04258168 -0.19775486
v -0.01433344 -0.04117015 -0.19712369
v -0.01724930 -0.03965262 -0.19647360
v -0.01975752 -0.03808115 -0.19581558
v -0.00545665 -0.04005149 -0.19343426
v -0.00922155 -0.03900322 -0.19291927
v -0.01221876 -0.03777446 -0.19236120
v -0.01473817 -0.03645302 -0.19178827
v -0.01884035 -0.03368927 -0.19062488
v -0.03498048 -0.00542895 -0.18003246
v -0.03447861 -0.00831623 -0.18104493
v -0.03011095 -0.00816506 -0.17807692
v -0.03378015 -0.01115188 -0.18204381
v -0.02846703 -0.01340765 -0.17996576
v -0.00448848 -0.03592822 -0.18906497
v -0.00761293 -0.03504843 -0.18862851
v -0.01011962 -0.03402540 -0.18815365
v -0.01224260 -0.03292656 -0.18766437
v -0.01573800 -0.03061640 -0.18666831
v -0.02210016 -0.03086785 -0.18946577
v -0.01856007 -0.02823515 -0.18567194
v -0.02477379 -0.02803366 -0.18832822
v -0.02091448 -0.02581875 -0.18468792
v -0.02700424 -0.02520445 -0.18721801
v -0.02291532 -0.02338100 -0.18371952
v -0.02888006 -0.02238507 -0.18613643
v -0.02463238 -0.02092499 -0.18276629
v -0.03045981 -0.01957384 -0.18508294
v -0.02611096 -0.01844803 -0.18182618
v -0.03178562 -0.01676837 -0.18405417
v -0.03288595 -0.01396393 -0.18304360
v -0.04081895 -0.00848673 -0.18678090
v -0.03875938 -0.00843888 -0.18469106
v -0.03919712 -0.00545098 -0.18365098
v -0.03936510 -0.01465120 -0.18894432
v -0.04279897 -0.00852597 -0.18905404
v -0.02195510 -0.03648454 -0.19515605
v -0.02564666 -0.03326309 -0.19385092
v -0.02863154 -0.03004434 -0.19257848
v -0.03108214 -0.02685209 -0.19134528
v -0.03310606 -0.02369512 -0.19015262
v -0.03477535 -0.02057474 -0.18899981
v -0.03614285 -0.01749176 -0.18788355
v -0.03724592 -0.01444521 -0.18679789
v -0.03811188 -0.01143083 -0.18573636
v -0.01803144 -0.00760605 -0.17284511
v -0.02173278 -0.00780637 -0.17401567
v -0.01712092 -0.00963606 -0.17361519
v -0.01609546 -0.01144047 -0.17430268
v -0.01378120 -0.01452562 -0.17549183
v -0.01768001 -0.01591142 -0.17708050
v -0.01994782 -0.01213779 -0.17564203
v -0.02411301 -0.01279593 -0.17751430
v -0.02581082 -0.00799380 -0.17574679
v -0.02919239 -0.00228491 -0.17490109
v 0.02834922 0.07157386 -0.12380870
v 0.02822027 0.07236303 -0.12046100
v 0.02677142 0.07059990 -0.12015010
v 0.01660000 0.06156402 -0.13197290
v 0.01660000 0.06155016 -0.13199700
v 0.01910573 0.06196094 -0.13232510
v 0.01966907 0.06637305 -0.11940480
v 0.01885705 0.06621041 -0.11937610
v 0.01888495 0.06540561 -0.12291340
v 0.02634908 0.06173134 -0.13839570
v 0.02567465 0.06495807 -0.13267759
v 0.02367386 0.06368178 -0.13253250
v 0.02317552 0.06709869 -0.12311709
v 0.02328205 0.06615461 -0.12640770
v 0.02522464 0.06742434 -0.12651330
v 0.03647092 0.04598264 -0.16332310
v 0.03460107 0.04469570 -0.16086892
v 0.03362357 0.06353469 -0.14987930
v 0.03349739 0.06397856 -0.14929889
v 0.03227819 0.06239287 -0.14723620
v 0.03080013 0.07434405 -0.12865269
v 0.02961493 0.07344577 -0.12429379
v 0.03056009 0.07623561 -0.12116279
v 0.02952026 0.07421646 -0.12079280
v 0.02914578 0.07348931 -0.12065960
v 0.03446435 0.06057696 -0.15374700
v 0.03557430 0.05656902 -0.15796240
v 0.03488578 0.05905520 -0.15534750
v 0.03357221 0.05754439 -0.15301380
v 0.03455020 0.06026695 -0.15407310
v 0.03762056 0.04887512 -0.16489626
v 0.03664028 0.05259369 -0.16166445
v 0.03498652 0.05203318 -0.15837890
v 0.03641537 0.05344684 -0.16092299
v 0.03594886 0.05521649 -0.15938498
v 0.03800876 0.04729006 -0.16604081
v 0.03772918 0.04843160 -0.16521652
v 0.03881753 0.04398773 -0.16842537
v 0.03960737 0.04076269 -0.17075412
v 0.01963829 0.05489841 -0.14239240
v 0.01992911 0.05046148 -0.14654550
v 0.02242907 0.05559657 -0.14271630
v 0.02296617 0.05113669 -0.14701120
v 0.02494524 0.05658066 -0.14311139
v 0.02568643 0.05207586 -0.14763740
v 0.02717984 0.05780354 -0.14366730
v 0.02809052 0.05323324 -0.14848520
v 0.03018926 0.05456024 -0.14961329
v 0.03129491 0.04928685 -0.15436690
v 0.03327926 0.05061719 -0.15618090
v 0.02019042 0.04551364 -0.15023200
v 0.02346715 0.04614849 -0.15085870
v 0.02640702 0.04701522 -0.15173860
v 0.02901232 0.04807502 -0.15289920
v 0.03241836 0.04350046 -0.15874220
v 0.03331523 0.03733273 -0.16281773
v 0.02707410 0.04147429 -0.15546720
v 0.02389897 0.04069739 -0.15432730
v 0.01660000 0.05107987 -0.14530630
v 0.01660000 0.05008753 -0.14607110
v 0.01660000 0.05004423 -0.14610450
v 0.02345114 0.06501391 -0.12954469
v 0.02425044 0.06046995 -0.13808780
v 0.02147472 0.06267035 -0.13244880
v 0.02130339 0.06400627 -0.12948399
v 0.02117250 0.06515396 -0.12634190
v 0.02108939 0.06610675 -0.12301420
v 0.02101689 0.06695388 -0.11950720
v 0.01893304 0.06444981 -0.12624820
v 0.01660000 0.06419828 -0.12564599
v 0.01660000 0.06405378 -0.12600889
v 0.01900809 0.06329898 -0.12938209
v 0.02312687 0.06786314 -0.11966749
v 0.02337863 0.06797163 -0.11968670
v 0.02191231 0.05946308 -0.13788440
v 0.01935221 0.05875471 -0.13767960
v 0.01660000 0.06000977 -0.13468110
v 0.01660000 0.05901228 -0.13641919
v 0.01660000 0.05835813 -0.13726000
v 0.01660000 0.05833614 -0.13728830
v 0.01660000 0.06404812 -0.12602310
v 0.01660000 0.06283977 -0.12905769
v 0.01660000 0.06283159 -0.12907829
v 0.01660000 0.06193954 -0.13131849
v 0.03097352 0.07346812 -0.13132950
v 0.02975582 0.07247795 -0.12775160
v 0.03112122 0.07272200 -0.13360959
v 0.03030384 0.06991453 -0.13451730
v 0.03138607 0.07168312 -0.13588170
v 0.03142457 0.07153209 -0.13621200
v 0.03193484 0.06953060 -0.14058950
v 0.03116402 0.06653393 -0.14103900
v 0.03200221 0.06929030 -0.14099090
v 0.03305508 0.06553453 -0.14726420
v 0.03276576 0.06656659 -0.14554030
v 0.03230408 0.06821347 -0.14278950
v 0.03200875 0.05601206 -0.15109830
v 0.03082895 0.06076224 -0.14562510
v 0.02913501 0.05921495 -0.14446950
v 0.02980104 0.06481978 -0.13975120
v 0.02819766 0.06320003 -0.13890910
v 0.02899910 0.06812950 -0.13355740
v 0.02745313 0.06645880 -0.13298069
v 0.02848311 0.07063324 -0.12711210
v 0.02696593 0.06893264 -0.12672300
v 0.02683748 0.06986451 -0.12347650
v 0.02510396 0.06835960 -0.12325950
v 0.02659854 0.07038952 -0.12011300
v 0.02498859 0.06918058 -0.11989979
v 0.01660000 0.03978514 -0.15306090
v 0.02039644 0.04011818 -0.15353100
v 0.01660000 0.03975130 -0.15307820
v 0.02991357 0.04241908 -0.15694180
v 0.01660000 0.05649039 -0.13966070
v 0.01660000 0.05541021 -0.14104910
v 0.01660000 0.05450857 -0.14193550
v 0.01660000 0.05447674 -0.14196679
v 0.01660000 0.05235062 -0.14405700
v -0.03313014 0.00107055 -0.17615942
v -0.02524318 -0.00048674 -0.17224173
v -0.02096426 0.00138552 -0.16989900
v -0.01660000 0.00097208 -0.16900391
v -0.01660000 0.00582344 -0.16716119
v -0.02098814 -0.00106927 -0.17082129
v -0.01660000 0.00000000 -0.16937314
v -0.02512856 0.00200225 -0.17132444
v -0.02909263 0.00273936 -0.17310119
v -0.02872926 0.00771204 -0.17125063
v -0.03243862 0.00856244 -0.17332502
v -0.03288951 0.00358542 -0.17521367
v -0.03600659 0.00952174 -0.17575418
v -0.04290475 0.00685469 -0.18363984
v -0.04592968 0.00371557 -0.18896328
v -0.04535905 0.00918788 -0.18678125
v -0.04533736 0.00939586 -0.18669831
v -0.04380451 0.01975424 -0.18217534
v -0.04445623 0.01579179 -0.18398912
v -0.04231824 0.01180468 -0.18161815
v -0.04463035 0.01452784 -0.18452450
v -0.04481723 0.01317132 -0.18509910
v -0.04332512 0.02266891 -0.18084115
v -0.04097625 0.02143348 -0.17740455
v -0.03818670 0.02024436 -0.17441390
v -0.03988813 0.00564013 -0.18049785
v -0.04015966 0.00313121 -0.18148330
v -0.03678855 0.00204013 -0.17865439
v -0.04303472 0.00164670 -0.18521707
v -0.02928232 0.00023076 -0.17402857
v -0.03652156 0.00455300 -0.17768793
v -0.03933296 0.01059647 -0.17851723
v -0.02487665 0.00695221 -0.16949852
v -0.02084098 0.00629277 -0.16807597
v -0.01660000 0.00647866 -0.16691231
v -0.01660000 0.00888928 -0.16600872
v -0.02066610 0.01600818 -0.16446380
v -0.02451517 0.01667592 -0.16580666
v -0.02818083 0.01742879 -0.16746605
v -0.03169711 0.01826151 -0.16944123
v -0.03506087 0.01919533 -0.17176201
v -0.03111540 0.02756303 -0.16527789
v -0.02780689 0.02675334 -0.16341977
v -0.02746448 0.03558708 -0.15900252
v -0.02637393 0.03531374 -0.15841980
v -0.02429211 0.02604176 -0.16189377
v -0.02409143 0.03492604 -0.15765560
v -0.02056092 0.02543221 -0.16070742
v -0.01660000 0.02495654 -0.15991817
v -0.01660000 0.02803568 -0.15859240
v -0.02170844 0.03452127 -0.15685770
v -0.02047090 0.03439679 -0.15665500
v -0.03784882 0.03952604 -0.16784957
v -0.03960737 0.04076269 -0.17075412
v -0.03990325 0.03948257 -0.17158251
v -0.03996592 0.03921142 -0.17175798
v -0.04095231 0.03475105 -0.17446116
v -0.03949085 0.03069000 -0.17284827
v -0.03702004 0.02951990 -0.17000158
v -0.03420558 0.02848245 -0.16747710
v -0.03432974 0.03769161 -0.16361801
v -0.03739810 0.03920908 -0.16710513
v -0.03573114 0.03838467 -0.16521067
v -0.04108064 0.03417076 -0.17481286
v -0.04152566 0.03199682 -0.17600801
v -0.04195935 0.02987823 -0.17717273
v -0.04220378 0.02868417 -0.17782918
v -0.04291366 0.02487613 -0.17973595
v -0.04330135 0.02279641 -0.18077731
v -0.03058406 0.03636902 -0.16066929
v -0.03062804 0.03638214 -0.16069799
v -0.03331523 0.03733273 -0.16281773
v -0.01660000 0.01548532 -0.16353628
v -0.01660000 0.02180733 -0.16116655
v -0.01660000 0.02373781 -0.16044294
v -0.04330135 0.02279641 -0.18077731
v -0.04291366 0.02487613 -0.17973595
v -0.04336619 0.02549675 -0.18076740
v -0.03065426 0.07509932 -0.12633200
v -0.03065407 0.07510126 -0.12632339
v -0.03099116 0.07627558 -0.12662890
v -0.02688439 -0.04248604 -0.20736910
v -0.04004717 -0.02851139 -0.20200405
v -0.03171774 0.07274630 -0.13672410
v -0.03241974 0.07149092 -0.14212040
v -0.03232750 0.07040074 -0.14154540
v -0.03829951 0.05002402 -0.16706398
v -0.03811444 0.04924440 -0.16613006
v -0.04051520 0.04088945 -0.17353073
v -0.04030354 0.04019392 -0.17254005
v -0.04686517 -0.00150902 -0.19217585
v -0.04646186 -0.01077206 -0.19560112
v -0.03056480 0.07602977 -0.12226280
v -0.03056009 0.07623561 -0.12116279
v -0.03090091 0.07742977 -0.12135440
v -0.03062378 0.07541632 -0.12494549
v -0.03090155 0.07743197 -0.12135479
v -0.00198137 -0.05090087 -0.21099983
v -0.00207382 -0.05117453 -0.21221740
v -0.00534627 -0.05067350 -0.21096408
v -0.00871856 -0.05014932 -0.21068513
v -0.01198852 -0.04940895 -0.21034583
v -0.01516848 -0.04845017 -0.20992109
v -0.01825582 -0.04727006 -0.20939862
v -0.02125256 -0.04587062 -0.20878652
v -0.02414483 -0.04426491 -0.20810338
v -0.02947035 -0.04054091 -0.20658318
v -0.03190969 -0.03842984 -0.20574726
v -0.03634550 -0.03371344 -0.20393515
v -0.03420546 -0.03615012 -0.20486217
v -0.03829273 -0.03116545 -0.20298264
v -0.04161132 -0.02575371 -0.20099771
v -0.04444781 -0.02026090 -0.20021159
v -0.04298814 -0.02289159 -0.19996148
v -0.04570091 -0.01629032 -0.19880467
v -0.04514868 -0.01691375 -0.19781358
v -0.04417280 -0.01993244 -0.19889701
v -0.04591084 -0.01385957 -0.19671593
v -0.04680230 -0.00764758 -0.19446500
v -0.04692257 -0.00452080 -0.19330449
v -0.04647646 0.00420191 -0.18999813
v -0.04587104 0.00970217 -0.18781039
v -0.04512760 0.01507827 -0.18555955
v -0.04428393 0.02034471 -0.18321859
v -0.04363694 0.02609837 -0.18181782
v -0.04238946 0.03052784 -0.17818560
v -0.04136526 0.03543109 -0.17544983
v -0.04228277 0.03285895 -0.17828638
v -0.04159206 0.03610083 -0.17646119
v -0.03921596 0.04480312 -0.16943985
v -0.03701111 0.05350386 -0.16258703
v -0.03593126 0.05752510 -0.15881670
v -0.03490343 0.06124061 -0.15483550
v -0.03497108 0.06240553 -0.15535010
v -0.03394651 0.06462931 -0.15063330
v -0.03307970 0.06768589 -0.14619810
v -0.03278854 0.07013952 -0.14452730
v -0.03194160 0.07333056 -0.13841410
v -0.03126767 0.07471135 -0.13175129
v -0.04535905 0.00918788 -0.18678125
v -0.04533736 0.00939586 -0.18669831
v -0.04481723 0.01317132 -0.18509910
v -0.04631271 -0.00496717 -0.19229172
v -0.00532551 -0.05022235 -0.20976734
v -0.03139694 0.07159397 -0.13624389
v -0.03135980 0.07174206 -0.13591210
v -0.03120606 0.07235501 -0.13453850
v -0.03094443 0.07353855 -0.13135320
v -0.03087036 0.07387363 -0.13045150
v -0.03077713 0.07440242 -0.12867419
v -0.03274366 0.06661994 -0.14557580
v -0.03227379 0.06828660 -0.14283830
v -0.03454851 0.06027770 -0.15408410
v -0.03445143 0.06062569 -0.15370400
v -0.03361981 0.06355043 -0.15005880
v -0.03361981 0.06355043 -0.15005880
v -0.03359869 0.06362426 -0.14995340
v -0.03347860 0.06404407 -0.14935390
v -0.03287490 0.06615442 -0.14634030
v -0.03221521 0.06849437 -0.14249710
v -0.03200131 0.06928495 -0.14099019
v -0.03165559 0.07056279 -0.13855480
v -0.03641086 0.05349038 -0.16097445
v -0.03628607 0.05396338 -0.16056401
v -0.03843950 0.04561981 -0.16738334
v -0.03801099 0.04731070 -0.16607075
v -0.03772906 0.04842317 -0.16520719
v -0.03727403 0.05021872 -0.16381336
v -0.03663609 0.05263671 -0.16171520
v -0.04095231 0.03475105 -0.17446116
v -0.03996592 0.03921142 -0.17175798
v -0.04220378 0.02868417 -0.17782918
v -0.04195935 0.02987823 -0.17717273
v -0.04152566 0.03199682 -0.17600801
v -0.04108064 0.03417076 -0.17481286
v -0.03990325 0.03948257 -0.17158251
v -0.03960737 0.04076269 -0.17075412
v -0.03882118 0.04403242 -0.16848496
v -0.03556661 0.05661002 -0.15800210
v -0.03537269 0.05732340 -0.15731160
v -0.03488003 0.05908937 -0.15538240
v -0.04463035 0.01452784 -0.18452450
v -0.04445623 0.01579179 -0.18398912
v -0.04380451 0.01975424 -0.18217534
v -0.04332512 0.02266891 -0.18084115
v -0.02991357 0.04241908 -0.15694180
v -0.01660000 0.03973122 -0.15309040
v -0.01660000 0.03975112 -0.15307810
v -0.02039644 0.04011818 -0.15353100
v -0.02659854 0.07038952 -0.12011300
v -0.02677142 0.07059990 -0.12015010
v -0.02683748 0.06986451 -0.12347650
v -0.02822027 0.07236303 -0.12046100
v -0.03077713 0.07440242 -0.12867419
v -0.02975582 0.07247795 -0.12775160
v -0.01660000 0.06191820 -0.13137740
v -0.01660000 0.06283518 -0.12907960
v -0.01900809 0.06329898 -0.12938209
v -0.01660000 0.06284338 -0.12905909
v -0.01660000 0.06405405 -0.12602549
v -0.01893304 0.06444981 -0.12624820
v -0.02634908 0.06173134 -0.13839570
v -0.02717984 0.05780354 -0.14366730
v -0.02494524 0.05658066 -0.14311139
v -0.01966907 0.06637305 -0.11940480
v -0.02101689 0.06695388 -0.11950720
v -0.02108939 0.06610675 -0.12301420
v -0.02312687 0.06786314 -0.11966749
v -0.02707410 0.04147429 -0.15546720
v -0.01660000 0.05234963 -0.14405590
v -0.01660000 0.05447793 -0.14196790
v -0.01963829 0.05489841 -0.14239240
v -0.03882118 0.04403242 -0.16848496
v -0.03960737 0.04076269 -0.17075412
v -0.02952026 0.07421646 -0.12079280
v -0.03056009 0.07623561 -0.12116279
v -0.03287490 0.06615442 -0.14634030
v -0.03347860 0.06404407 -0.14935390
v -0.03227819 0.06239287 -0.14723620
v -0.03359869 0.06362426 -0.14995340
v -0.03361981 0.06355043 -0.15005880
v -0.03445143 0.06062569 -0.15370400
v -0.03357221 0.05754439 -0.15301380
v -0.03454851 0.06027770 -0.15408410
v -0.03488003 0.05908937 -0.15538240
v -0.03537269 0.05732340 -0.15731160
v -0.03556661 0.05661002 -0.15800210
v -0.03498652 0.05203318 -0.15837890
v -0.03628607 0.05396338 -0.16056401
v -0.03641086 0.05349038 -0.16097445
v -0.03663609 0.05263671 -0.16171520
v -0.03460107 0.04469570 -0.16086892
v -0.03647092 0.04598264 -0.16332310
v -0.03727403 0.05021872 -0.16381336
v -0.03772906 0.04842317 -0.16520719
v -0.03801099 0.04731070 -0.16607075
v -0.03843950 0.04561981 -0.16738334
v -0.03327926 0.05061719 -0.15618090
v -0.03241836 0.04350046 -0.15874220
v -0.03331523 0.03733273 -0.16281773
v -0.01660000 0.05004439 -0.14610460
v -0.01992911 0.05046148 -0.14654550
v -0.01660000 0.05008771 -0.14607129
v -0.01660000 0.05105035 -0.14533059
v -0.02389897 0.04069739 -0.15432730
v -0.01660000 0.03982034 -0.15303550
v -0.02019042 0.04551364 -0.15023200
v -0.02522464 0.06742434 -0.12651330
v -0.02567465 0.06495807 -0.13267759
v -0.02345114 0.06501391 -0.12954469
v -0.02367386 0.06368178 -0.13253250
v -0.02147472 0.06267035 -0.13244880
v -0.01885705 0.06621041 -0.11937610
v -0.01888495 0.06540561 -0.12291340
v -0.02117250 0.06515396 -0.12634190
v -0.02317552 0.06709869 -0.12311709
v -0.02337863 0.06797163 -0.11968670
v -0.01660000 0.06405973 -0.12601130
v -0.01660000 0.06419107 -0.12568210
v -0.01935221 0.05875471 -0.13767960
v -0.02191231 0.05946308 -0.13788440
v -0.02425044 0.06046995 -0.13808780
v -0.01660000 0.05899039 -0.13645870
v -0.01660000 0.05836246 -0.13726320
v -0.01660000 0.05834042 -0.13729149
v -0.01660000 0.06001349 -0.13468300
v -0.01660000 0.06155845 -0.13200170
v -0.01910573 0.06196094 -0.13232510
v -0.01660000 0.06157235 -0.13197760
v -0.02130339 0.06400627 -0.12948399
v -0.02328205 0.06615461 -0.12640770
v -0.02510396 0.06835960 -0.12325950
v -0.02498859 0.06918058 -0.11989979
v -0.02961493 0.07344577 -0.12429379
v -0.03087036 0.07387363 -0.13045150
v -0.03094443 0.07353855 -0.13135320
v -0.03030384 0.06991453 -0.13451730
v -0.03120606 0.07235501 -0.13453850
v -0.03135980 0.07174206 -0.13591210
v -0.03200131 0.06928495 -0.14099019
v -0.03116402 0.06653393 -0.14103900
v -0.03165559 0.07056279 -0.13855480
v -0.03139694 0.07159397 -0.13624389
v -0.03221521 0.06849437 -0.14249710
v -0.03227379 0.06828660 -0.14283830
v -0.03274366 0.06661994 -0.14557580
v -0.02346715 0.04614849 -0.15085870
v -0.02296617 0.05113669 -0.14701120
v -0.02640702 0.04701522 -0.15173860
v -0.02568643 0.05207586 -0.14763740
v -0.02901232 0.04807502 -0.15289920
v -0.02809052 0.05323324 -0.14848520
v -0.03018926 0.05456024 -0.14961329
v -0.02913501 0.05921495 -0.14446950
v -0.03082895 0.06076224 -0.14562510
v -0.02819766 0.06320003 -0.13890910
v -0.02980104 0.06481978 -0.13975120
v -0.02745313 0.06645880 -0.13298069
v -0.02899910 0.06812950 -0.13355740
v -0.02696593 0.06893264 -0.12672300
v -0.02848311 0.07063324 -0.12711210
v -0.02834922 0.07157386 -0.12380870
v -0.02914578 0.07348931 -0.12065960
v -0.03200875 0.05601206 -0.15109830
v -0.03129491 0.04928685 -0.15436690
v -0.01660000 0.05450980 -0.14193660
v -0.01660000 0.05538565 -0.14107740
v -0.01660000 0.05649107 -0.13966100
v -0.02242907 0.05559657 -0.14271630
v -0.03099355 0.08908484 -0.06248390
v -0.02977082 0.09521093 -0.06986520
v -0.03005436 0.09516787 -0.06355650
v -0.02982087 0.09591579 -0.06494889
v -0.02985347 0.09602569 -0.06370779
v -0.02974107 0.09479200 -0.07278709
v -0.02971005 0.09435514 -0.07583419
v -0.02970962 0.09428309 -0.07625050
v -0.02970641 0.09348826 -0.08081570
v -0.02970889 0.09412514 -0.07715930
v -0.03058636 0.09289622 -0.06315589
v -0.03070291 0.09211792 -0.06301870
v -0.03065740 0.09259288 -0.06310249
v -0.03719461 0.09202977 -0.03287669
v -0.03603385 0.09282261 -0.03551159
v -0.03747666 0.09099448 -0.03213090
v -0.03550844 0.09318148 -0.03670429
v -0.03514558 0.09342415 -0.03774270
v -0.03546110 0.08999469 -0.03751099
v -0.03159457 0.08949907 -0.05343780
v -0.03178464 0.08936732 -0.05219039
v -0.03152421 0.09223340 -0.05264950
v -0.03265710 0.08863182 -0.04744459
v -0.03307409 0.08820974 -0.04575950
v -0.03289907 0.09055626 -0.04607029
v -0.04243738 0.08838498 -0.02124380
v -0.04486180 0.08633084 -0.01578619
v -0.04419171 0.08713721 -0.01746949
v -0.04487556 0.08656176 -0.01574459
v -0.04389912 0.07433406 -0.01816149
v -0.04201419 0.07851149 -0.02242409
v -0.04266132 0.07630688 -0.02097129
v -0.04194598 0.07733625 -0.02255830
v -0.04062266 0.07924050 -0.02549429
v -0.03989075 0.08267431 -0.02711259
v -0.04005641 0.07997779 -0.02676049
v -0.03786970 0.08275789 -0.03175399
v -0.03870967 0.08173137 -0.02977219
v -0.03983877 0.08026117 -0.02724718
v -0.03714255 0.08364653 -0.03346960
v -0.03772610 0.08293338 -0.03209280
v -0.03767185 0.08654477 -0.03211259
v -0.03567977 0.08601786 -0.03724799
v -0.03569893 0.08533899 -0.03720129
v -0.03578693 0.08523584 -0.03697379
v -0.03444638 0.08675406 -0.04085349
v -0.03476416 0.08639540 -0.03992429
v -0.03469710 0.08774752 -0.04004110
v -0.03476833 0.08639067 -0.03991209
v -0.03566848 0.08537469 -0.03727999
v -0.03394875 0.08729161 -0.04253950
v -0.03376161 0.08927276 -0.04298109
v -0.03388118 0.08736461 -0.04276849
v -0.03314485 0.08813811 -0.04547349
v -0.03316672 0.08811599 -0.04538519
v -0.03346684 0.08781221 -0.04417230
v -0.03214193 0.09155632 -0.04929910
v -0.03243920 0.08882772 -0.04853849
v -0.03259186 0.08869046 -0.04777209
v -0.03212353 0.08911151 -0.05012319
v -0.03216285 0.08907616 -0.04992579
v -0.03236662 0.08889296 -0.04890279
v -0.03182500 0.08933934 -0.05192559
v -0.03184959 0.08932231 -0.05176429
v -0.03202195 0.08920282 -0.05063310
v -0.03135768 0.08957850 -0.05556379
v -0.03139714 0.08956795 -0.05519169
v -0.03107829 0.09256076 -0.05608369
v -0.03154069 0.08952955 -0.05383770
v -0.03155686 0.08952521 -0.05368530
v -0.03121668 0.08960186 -0.05698139
v -0.03122948 0.08961280 -0.05677290
v -0.03135542 0.08957911 -0.05558509
v -0.03109070 0.08949398 -0.05903460
v -0.03110081 0.08950264 -0.05886990
v -0.03081729 0.09252019 -0.05955689
v -0.03110509 0.08950631 -0.05880020
v -0.03120060 0.08958809 -0.05724360
v -0.03100914 0.08918918 -0.06170899
v -0.03102670 0.08930668 -0.06083630
v -0.03103753 0.08937915 -0.06029789
v -0.03104941 0.08945864 -0.05970759
v -0.03004990 0.09612561 -0.06078919
v -0.03019585 0.09558844 -0.06008250
v -0.03048256 0.09566086 -0.05659730
v -0.03027279 0.09623899 -0.05747749
v -0.03008913 0.09614556 -0.06020640
v -0.03096744 0.09539682 -0.05315049
v -0.03070025 0.09612086 -0.05429929
v -0.03032341 0.09626474 -0.05672540
v -0.03145818 0.09578512 -0.04994740
v -0.03124315 0.09591359 -0.05080409
v -0.03163631 0.09481913 -0.04978169
v -0.03121329 0.09592498 -0.05099630
v -0.03085715 0.09606096 -0.05328919
v -0.03194860 0.09549213 -0.04799349
v -0.03245405 0.09395412 -0.04652319
v -0.03226087 0.09530558 -0.04674929
v -0.03275999 0.09500738 -0.04476069
v -0.03338530 0.09283761 -0.04338920
v -0.03293009 0.09490577 -0.04408299
v -0.03439657 0.09150676 -0.04038630
v -0.03478974 0.09366211 -0.03876109
v -0.03309249 0.09479715 -0.04361829
v -0.03991819 0.09016948 -0.02669430
v -0.03972904 0.09029866 -0.02712359
v -0.03750529 0.09181756 -0.03217149
v -0.04235924 0.08844056 -0.02141199
v -0.04017568 0.08999360 -0.02610979
v -0.03095471 0.08861959 -0.06240190
v -0.03056016 0.08666037 -0.06205639
v -0.03056840 0.08668811 -0.06206129
v -0.03071904 0.08719542 -0.06215080
v -0.03084399 0.08761618 -0.06222509
v -0.03088149 0.08774244 -0.06224729
v -0.03089061 0.08785173 -0.06226660
v -0.01966907 0.07679193 -0.06031629
v -0.01952172 0.07676242 -0.06031109
v -0.01735274 0.07632798 -0.06023449
v -0.01660000 0.07617718 -0.06020789
v -0.02964201 0.08487378 -0.06174139
v -0.02914578 0.08390819 -0.06157110
v -0.02842658 0.08303299 -0.06141679
v -0.02701478 0.08131495 -0.06111390
v -0.02677142 0.07059990 -0.12015010
v -0.02659854 0.08080841 -0.06102450
v -0.02534818 0.07986950 -0.06085899
v -0.02357193 0.07853567 -0.06062379
v -0.02337863 0.07839052 -0.06059820
v -0.02156334 0.07760826 -0.06046029
v -0.03099263 0.08811111 -0.05790379
v -0.03104533 0.08883649 -0.05929829
v -0.03093818 0.08815015 -0.05972109
v -0.03184322 0.08781810 -0.05090020
v -0.03196272 0.08705548 -0.04957809
v -0.03219289 0.08771521 -0.04920689
v -0.03657359 0.06101007 -0.02990559
v -0.03614817 0.06148140 -0.03044030
v -0.03714255 0.08364653 -0.03346960
v -0.03563230 0.08462462 -0.03733360
v -0.03100914 0.08918918 -0.06170899
v -0.03056008 0.08682254 -0.06051069
v -0.03056008 0.08682513 -0.06048599
v -0.03077037 0.08747693 -0.06011849
v -0.03056005 0.08681572 -0.05789449
v -0.03056023 0.08665584 -0.05687959
v -0.03059199 0.08675148 -0.05683109
v -0.03056030 0.08659874 -0.05651699
v -0.03056018 0.08040293 -0.04474969
v -0.03056015 0.07897303 -0.04336720
v -0.03244586 0.08111129 -0.04248289
v -0.03055996 0.06007934 -0.03589529
v -0.03056028 0.06191165 -0.03604209
v -0.03056007 0.06636589 -0.03681950
v -0.03056001 0.06584774 -0.03667559
v -0.03280990 0.06515060 -0.03452729
v -0.03056030 0.06355131 -0.03625950
v -0.03107831 0.06268709 -0.03567149
v -0.03056035 0.06319953 -0.03619579
v -0.03056041 0.06269894 -0.03610510
v -0.03448242 0.06762690 -0.03335830
v -0.03056025 0.06988214 -0.03790809
v -0.03365967 0.06638582 -0.03394839
v -0.03056038 0.06877407 -0.03748789
v -0.03056025 0.06780474 -0.03721879
v -0.03056022 0.06755442 -0.03714939
v -0.03106951 0.06700061 -0.03654089
v -0.03056015 0.07209236 -0.03882029
v -0.03056015 0.07208181 -0.03881500
v -0.03148815 0.07122168 -0.03758979
v -0.03056007 0.07145069 -0.03850289
v -0.03056022 0.07017965 -0.03802090
v -0.03056001 0.07645063 -0.04131660
v -0.03056000 0.07640490 -0.04128069
v -0.03118545 0.07707232 -0.04108039
v -0.03056001 0.07634980 -0.04124600
v -0.03321762 0.07947081 -0.04006239
v -0.03056014 0.07858593 -0.04299299
v -0.03056013 0.07841256 -0.04285690
v -0.03056012 0.07822110 -0.04270649
v -0.03056011 0.08307364 -0.04809300
v -0.03055984 0.08230764 -0.04696830
v -0.03185848 0.08271190 -0.04498080
v -0.03055985 0.08228477 -0.04694119
v -0.03055997 0.08170808 -0.04625520
v -0.03056007 0.08117971 -0.04562669
v -0.03056018 0.08061368 -0.04495339
v -0.03056006 0.08510493 -0.05169000
v -0.03056002 0.08498282 -0.05138749
v -0.03131255 0.08577708 -0.05024079
v -0.03056011 0.08465165 -0.05076930
v -0.03148295 0.08426667 -0.04756770
v -0.03056029 0.08395620 -0.04947099
v -0.03056035 0.08375006 -0.04908619
v -0.03056042 0.08638515 -0.05541729
v -0.03056031 0.08589425 -0.05367039
v -0.03061298 0.08598291 -0.05362730
v -0.03056030 0.08587088 -0.05358720
v -0.03056019 0.08552407 -0.05272819
v -0.03056044 0.08647696 -0.05574400
v -0.03088014 0.08739869 -0.05648420
v -0.03078844 0.08744577 -0.05828590
v -0.03056005 0.08684206 -0.05875799
v -0.03056005 0.08684066 -0.05871180
v -0.03056005 0.08683780 -0.05861849
v -0.03081758 0.08749398 -0.06197860
v -0.03056840 0.08668811 -0.06206129
v -0.03093885 0.08817726 -0.06156159
v -0.03100316 0.08887287 -0.06112069
v -0.03110081 0.08950264 -0.05886990
v -0.03121668 0.08960186 -0.05698139
v -0.03120710 0.08948375 -0.05705810
v -0.03120060 0.08958809 -0.05724360
v -0.03110509 0.08950631 -0.05880020
v -0.03147100 0.08866265 -0.05395640
v -0.03136888 0.08942151 -0.05528579
v -0.03127527 0.08873224 -0.05571439
v -0.03135768 0.08957850 -0.05556379
v -0.03135542 0.08957911 -0.05558509
v -0.03178464 0.08936732 -0.05219039
v -0.03159457 0.08949907 -0.05343780
v -0.03157649 0.08934935 -0.05353280
v -0.03155686 0.08952521 -0.05368530
v -0.03154069 0.08952955 -0.05383770
v -0.03202195 0.08920282 -0.05063310
v -0.03184959 0.08932231 -0.05176429
v -0.03182819 0.08926764 -0.05179829
v -0.03182500 0.08933934 -0.05192559
v -0.03172136 0.08858123 -0.05222140
v -0.03212353 0.08911151 -0.05012319
v -0.03201780 0.08848986 -0.05050570
v -0.03300008 0.08748610 -0.04586549
v -0.03307409 0.08820974 -0.04575950
v -0.03376963 0.08655561 -0.04297630
v -0.03316672 0.08811599 -0.04538519
v -0.03521913 0.08329496 -0.03809579
v -0.03743760 0.08128702 -0.03260270
v -0.03870967 0.08173137 -0.02977219
v -0.03943796 0.07790722 -0.02795359
v -0.04379891 0.07266008 -0.01839239
v -0.04143234 0.06591674 -0.02303689
v -0.03965945 0.06923609 -0.02630050
v -0.03856013 0.06663581 -0.02771029
v -0.03737555 0.06405398 -0.02908419
v -0.03709294 0.06132102 -0.02928519
v -0.03252706 0.07241598 -0.03709039
v -0.03526929 0.06887572 -0.03275300
v -0.03349224 0.07362625 -0.03656010
v -0.03601447 0.07013356 -0.03213029
v -0.03402123 0.08071601 -0.03946420
v -0.03413605 0.07779860 -0.03770359
v -0.03515764 0.07610406 -0.03538810
v -0.03227878 0.07536227 -0.03879499
v -0.03735661 0.07268132 -0.03082249
v -0.03056036 0.07398816 -0.03975770
v -0.03056018 0.07236474 -0.03895499
v -0.03139714 0.08956795 -0.05519169
v -0.03235477 0.08838971 -0.04880700
v -0.03113377 0.08879010 -0.05749519
v -0.03056016 0.08666507 -0.06201170
v -0.03111041 0.08805838 -0.05611309
v -0.03129227 0.08799179 -0.05434919
v -0.03153826 0.08791133 -0.05261239
v -0.03097586 0.08661393 -0.05331190
v -0.03056014 0.08535576 -0.05231129
v -0.03128680 0.08725621 -0.05297459
v -0.03104698 0.08733532 -0.05471409
v -0.03225702 0.08551828 -0.04695710
v -0.03256282 0.08616163 -0.04661759
v -0.03281080 0.08681752 -0.04625390
v -0.03166674 0.08640998 -0.04992170
v -0.04065065 0.07185974 -0.02484530
v -0.03849279 0.07527362 -0.02942820
v -0.03645775 0.07866090 -0.03406260
v -0.03468495 0.08199147 -0.03880720
v -0.03332628 0.08523246 -0.04372579
v -0.03268886 0.08395131 -0.04439379
v -0.03056006 0.08687907 -0.05997169
v -0.03314485 0.08813811 -0.04547349
v 0.00864182 0.07554026 -0.06009559
v 0.00826495 0.07551010 -0.06009030
v -0.01298269 0.07591301 -0.06016140
v 0.01298419 0.07588781 -0.06015690
v 0.01660000 0.07617718 -0.06020789
v 0.00609582 0.07545256 -0.06008019
v 0.00431491 0.07540532 -0.06007179
v 0.00000000 0.07529087 -0.06005169
v -0.00431591 0.07537529 -0.06006649
v -0.00609698 0.07541012 -0.06007269
v -0.00863771 0.07559568 -0.06010539
v 0.00000000 0.07212839 -0.05052769
v 0.00000000 0.07092273 -0.04962499
v -0.00526689 0.07137826 -0.04933610
v 0.00000000 0.07498645 -0.05474229
v 0.00000000 0.07471263 -0.05414889
v -0.00467903 0.07510649 -0.05400449
v 0.00000000 0.06304277 -0.04708500
v 0.00000000 0.06237819 -0.04705160
v -0.00622150 0.06254285 -0.04659249
v -0.01232433 0.06271737 -0.04536430
v -0.01171295 0.06598551 -0.04592550
v -0.00590663 0.06565815 -0.04703950
v -0.01109276 0.06909989 -0.04695570
v -0.02845683 0.07713652 -0.04397459
v -0.03045797 0.08521917 -0.05232609
v -0.03056006 0.08510493 -0.05169000
v -0.02877056 0.06340341 -0.03758990
v -0.02981989 0.08534272 -0.05859660
v -0.03056006 0.08687907 -0.05997169
v -0.03006610 0.08547773 -0.05544340
v -0.03056042 0.08638515 -0.05541729
v -0.03056044 0.08647696 -0.05574400
v -0.03056030 0.08659874 -0.05651699
v -0.03056023 0.08665584 -0.05687959
v -0.03056019 0.08552407 -0.05272819
v -0.02925032 0.08353856 -0.05258650
v -0.03056011 0.08465165 -0.05076930
v -0.03056002 0.08498282 -0.05138749
v -0.02974925 0.08298591 -0.04974690
v -0.03055997 0.08170808 -0.04625520
v -0.03035844 0.08207512 -0.04703289
v -0.02886231 0.08071141 -0.04765539
v -0.03056014 0.07858593 -0.04299299
v -0.03056015 0.07897303 -0.04336720
v -0.02778985 0.07844249 -0.04603520
v -0.03056018 0.08040293 -0.04474969
v -0.03056018 0.08061368 -0.04495339
v -0.03056001 0.07645063 -0.04131660
v -0.02914822 0.07562065 -0.04208320
v -0.03056000 0.07640490 -0.04128069
v -0.03056036 0.07398816 -0.03975770
v -0.03056001 0.07634980 -0.04124600
v -0.03056022 0.06755442 -0.03714939
v -0.03056025 0.06780474 -0.03721879
v -0.02756900 0.06727413 -0.03924709
v -0.02631591 0.07088552 -0.04138780
v -0.03056007 0.07145069 -0.03850289
v -0.03056001 0.06584774 -0.03667559
v -0.00542635 0.07005809 -0.04855349
v 0.00000000 0.06534333 -0.04753430
v 0.00000000 0.07044187 -0.04926499
v 0.00000000 0.06961460 -0.04891309
v -0.00558681 0.06864817 -0.04791889
v 0.00000000 0.06822860 -0.04832359
v 0.00000000 0.06724691 -0.04790609
v -0.01778534 0.07706192 -0.05617979
v -0.01335897 0.07648458 -0.05652340
v -0.00891458 0.07602166 -0.05679339
v -0.01992263 0.07437110 -0.04725379
v -0.01940369 0.07547927 -0.04878599
v -0.01470187 0.07482332 -0.04990710
v -0.01430405 0.07568422 -0.05140789
v -0.00959071 0.07507709 -0.05212739
v -0.00445846 0.07563333 -0.05697880
v 0.00000000 0.07544133 -0.05710529
v 0.00000000 0.07543101 -0.05705169
v -0.02045904 0.07307867 -0.04588979
v -0.01512217 0.07373595 -0.04856469
v -0.00987128 0.07422068 -0.05077290
v -0.00481296 0.07447779 -0.05263160
v 0.00000000 0.07316633 -0.05159620
v 0.00000000 0.07256794 -0.05085690
v -0.00510992 0.07258017 -0.05027839
v 0.00000000 0.07402333 -0.05265510
v -0.00495775 0.07362627 -0.05137989
v -0.01016696 0.07315179 -0.04957459
v -0.01047194 0.07191841 -0.04854200
v -0.01555605 0.07247457 -0.04739030
v -0.01643970 0.06956987 -0.04552589
v -0.01732166 0.06632865 -0.04422819
v -0.01818819 0.06290085 -0.04341630
v 0.00000000 0.07408223 -0.05278269
v -0.02155308 0.07007908 -0.04364889
v -0.02264305 0.06670032 -0.04198039
v -0.02370369 0.06310063 -0.04080000
v -0.02724256 0.08182299 -0.05834390
v -0.02380653 0.07904519 -0.05818170
v -0.02183305 0.07800071 -0.05814529
v -0.01996710 0.07758937 -0.05601820
v -0.02206529 0.07837143 -0.05587980
v -0.02027508 0.07769783 -0.05392860
v -0.01809035 0.07717199 -0.05421380
v -0.01847139 0.07692875 -0.05229809
v -0.01362167 0.07654140 -0.05475669
v -0.01394007 0.07627060 -0.05303689
v -0.00910510 0.07599726 -0.05517689
v -0.00933274 0.07568036 -0.05360769
v -0.00455966 0.07549128 -0.05546530
v 0.00000000 0.07514654 -0.05557400
v -0.02561958 0.08032686 -0.05824929
v -0.02584825 0.08064064 -0.05566270
v -0.02403614 0.07939487 -0.05576220
v -0.02434964 0.07943576 -0.05337759
v -0.02237372 0.07845547 -0.05364999
v -0.02278591 0.07817431 -0.05147959
v -0.02067317 0.07744580 -0.05189329
v -0.02114508 0.07685183 -0.04995629
v -0.01891464 0.07634916 -0.05047689
v -0.02888648 0.08370946 -0.05550669
v -0.02781434 0.08199797 -0.05284719
v -0.02828530 0.08153170 -0.05019129
v -0.02662018 0.08023205 -0.05062809
v -0.02716856 0.07949060 -0.04825999
v -0.02530011 0.07843135 -0.04884609
v -0.02384188 0.07662163 -0.04748019
v -0.02505573 0.07407647 -0.04410510
v -0.02443877 0.07544738 -0.04570860
v -0.02865033 0.08350510 -0.05846119
v -0.02747311 0.08208767 -0.05557859
v -0.02617264 0.08062259 -0.05311039
v -0.02477785 0.07910769 -0.05105760
v -0.02328322 0.07754769 -0.04941209
v 0.02114508 0.07685183 -0.04995629
v 0.02328322 0.07754769 -0.04941209
v 0.02384188 0.07662163 -0.04748019
v 0.02335349 0.07844153 -0.06060719
v 0.02357269 0.07854631 -0.06062570
v 0.02380653 0.07904519 -0.05818170
v 0.02388194 0.07869413 -0.06065170
v 0.02534857 0.07986374 -0.06085800
v 0.02561958 0.08032686 -0.05824929
v 0.02704421 0.08129084 -0.06110960
v 0.02842276 0.08303364 -0.06141689
v 0.02865033 0.08350510 -0.05846119
v 0.00481296 0.07447779 -0.05263160
v 0.01891464 0.07634916 -0.05047689
v 0.01940369 0.07547927 -0.04878599
v 0.01470187 0.07482332 -0.04990710
v 0.00558681 0.06864817 -0.04791889
v 0.00526689 0.07137826 -0.04933610
v 0.03056046 0.08644854 -0.05561680
v 0.03056044 0.08639054 -0.05541630
v 0.03006610 0.08547773 -0.05544340
v 0.03056024 0.07236252 -0.03895039
v 0.03056021 0.07209080 -0.03882609
v 0.02914822 0.07562065 -0.04208320
v 0.03056026 0.06193526 -0.03602439
v 0.02877056 0.06340341 -0.03758990
v 0.03056027 0.06208328 -0.03603239
v 0.03056004 0.06320581 -0.03620519
v 0.03056054 0.06772908 -0.03716499
v 0.03056048 0.06753598 -0.03711799
v 0.02756900 0.06727413 -0.03924709
v 0.03056015 0.06635211 -0.03682980
v 0.03055972 0.06478418 -0.03644810
v 0.03055997 0.06355256 -0.03625849
v 0.03056004 0.07068422 -0.03818269
v 0.02631591 0.07088552 -0.04138780
v 0.03056020 0.07207408 -0.03881849
v 0.03056012 0.07019136 -0.03801289
v 0.03056017 0.06988140 -0.03790620
v 0.03056053 0.06781147 -0.03719329
v 0.03056011 0.07633498 -0.04126629
v 0.03056013 0.07572748 -0.04081739
v 0.03056034 0.07319755 -0.03933250
v 0.03056010 0.07840281 -0.04286659
v 0.03056008 0.07821466 -0.04269439
v 0.02845683 0.07713652 -0.04397459
v 0.03056005 0.07799282 -0.04249139
v 0.03056010 0.07642424 -0.04133230
v 0.02778985 0.07844249 -0.04603520
v 0.03056029 0.08012964 -0.04444679
v 0.03056016 0.07895874 -0.04337530
v 0.03055986 0.08172072 -0.04624839
v 0.03056000 0.08117432 -0.04562969
v 0.02886231 0.08071141 -0.04765539
v 0.03035844 0.08207512 -0.04703289
v 0.03055989 0.08226651 -0.04695390
v 0.03055979 0.08195476 -0.04651339
v 0.03056014 0.08307302 -0.04809350
v 0.02974925 0.08298591 -0.04974690
v 0.03056029 0.08357553 -0.04880360
v 0.03056021 0.08394912 -0.04947509
v 0.03056003 0.08479950 -0.05100379
v 0.03056006 0.08466546 -0.05076289
v 0.02925032 0.08353856 -0.05258650
v 0.03056009 0.08509510 -0.05170860
v 0.03056026 0.08588640 -0.05367390
v 0.03056023 0.08581317 -0.05342080
v 0.03056017 0.08551794 -0.05271679
v 0.02981989 0.08534272 -0.05859660
v 0.03056006 0.08683990 -0.05871200
v 0.03056006 0.08683619 -0.05861929
v 0.03056006 0.08680128 -0.05774809
v 0.03056022 0.08665741 -0.05687879
v 0.03056029 0.08659698 -0.05651370
v 0.03056016 0.08666037 -0.06205639
v 0.03056022 0.08666714 -0.06201609
v 0.02965422 0.08486731 -0.06174020
v 0.03056057 0.08670292 -0.06180329
v 0.03056024 0.08682068 -0.06050700
v 0.03056023 0.08682248 -0.06048730
v 0.03056006 0.08688395 -0.05981069
v 0.03056006 0.08684173 -0.05875750
v 0.00542635 0.07005809 -0.04855349
v 0.01047194 0.07191841 -0.04854200
v 0.01992263 0.07437110 -0.04725379
v 0.02045904 0.07307867 -0.04588979
v 0.01555605 0.07247457 -0.04739030
v 0.02155308 0.07007908 -0.04364889
v 0.01643970 0.06956987 -0.04552589
v 0.02264305 0.06670032 -0.04198039
v 0.01732166 0.06632865 -0.04422819
v 0.02370369 0.06310063 -0.04080000
v 0.01818819 0.06290085 -0.04341630
v 0.01109276 0.06909989 -0.04695570
v 0.01171295 0.06598551 -0.04592550
v 0.00590663 0.06565815 -0.04703950
v 0.01232433 0.06271737 -0.04536430
v 0.00622150 0.06254285 -0.04659249
v 0.01778534 0.07706192 -0.05617979
v 0.01335897 0.07648458 -0.05652340
v 0.00891458 0.07602166 -0.05679339
v 0.01512217 0.07373595 -0.04856469
v 0.00445846 0.07563333 -0.05697880
v 0.00510992 0.07258017 -0.05027839
v 0.01016696 0.07315179 -0.04957459
v 0.00987128 0.07422068 -0.05077290
v 0.00495775 0.07362627 -0.05137989
v 0.01430405 0.07568422 -0.05140789
v 0.00959071 0.07507709 -0.05212739
v 0.00467903 0.07510649 -0.05400449
v 0.02926710 0.08410109 -0.06160510
v 0.02912632 0.08392312 -0.06157369
v 0.02657264 0.08083992 -0.06103010
v 0.02688380 0.08108805 -0.06107389
v 0.02724256 0.08182299 -0.05834390
v 0.02888648 0.08370946 -0.05550669
v 0.03045797 0.08521917 -0.05232609
v 0.03056014 0.08534903 -0.05231410
v 0.02747311 0.08208767 -0.05557859
v 0.02584825 0.08064064 -0.05566270
v 0.02781434 0.08199797 -0.05284719
v 0.03056022 0.08039886 -0.04475160
v 0.02716856 0.07949060 -0.04825999
v 0.02662018 0.08023205 -0.05062809
v 0.02477785 0.07910769 -0.05105760
v 0.02434964 0.07943576 -0.05337759
v 0.02237372 0.07845547 -0.05364999
v 0.02206529 0.07837143 -0.05587980
v 0.01996710 0.07758937 -0.05601820
v 0.01734787 0.07634392 -0.06023730
v 0.01950698 0.07682528 -0.06032220
v 0.01965388 0.07685804 -0.06032800
v 0.02037892 0.07701967 -0.06035650
v 0.02156799 0.07758805 -0.06045669
v 0.02183305 0.07800071 -0.05814529
v 0.02403614 0.07939487 -0.05576220
v 0.02617264 0.08062259 -0.05311039
v 0.02828530 0.08153170 -0.05019129
v 0.02027508 0.07769783 -0.05392860
v 0.02278591 0.07817431 -0.05147959
v 0.02530011 0.07843135 -0.04884609
v 0.02067317 0.07744580 -0.05189329
v 0.01847139 0.07692875 -0.05229809
v 0.01809035 0.07717199 -0.05421380
v 0.01394007 0.07627060 -0.05303689
v 0.01362167 0.07654140 -0.05475669
v 0.00933274 0.07568036 -0.05360769
v 0.00910510 0.07599726 -0.05517689
v 0.00455966 0.07549128 -0.05546530
v 0.02505573 0.07407647 -0.04410510
v 0.02443877 0.07544738 -0.04570860
v 0.02677142 0.07059990 -0.12015010
v 0.03227878 0.07536227 -0.03879499
v 0.03118545 0.07707232 -0.04108039
v 0.03321762 0.07947081 -0.04006239
v 0.03708975 0.06133013 -0.02928289
v 0.03658864 0.06099862 -0.02990020
v 0.03614817 0.06148140 -0.03044030
v 0.03056016 0.07895874 -0.04337530
v 0.03244586 0.08111129 -0.04248289
v 0.03097586 0.08661393 -0.05331190
v 0.03128680 0.08725621 -0.05297459
v 0.03174443 0.08939496 -0.05245210
v 0.03182504 0.08933883 -0.05192489
v 0.03182819 0.08926764 -0.05179829
v 0.03302428 0.08826002 -0.04596270
v 0.03314511 0.08813768 -0.04547379
v 0.03300008 0.08748610 -0.04586549
v 0.04065065 0.07185974 -0.02484530
v 0.03943796 0.07790722 -0.02795359
v 0.04193347 0.07735367 -0.02258619
v 0.04060817 0.07926014 -0.02552619
v 0.04005647 0.07997792 -0.02676040
v 0.03981335 0.08029425 -0.02730439
v 0.04266621 0.07629963 -0.02096069
v 0.04389914 0.07433404 -0.01816149
v 0.04380622 0.07270827 -0.01837600
v 0.03709280 0.08370594 -0.03359190
v 0.03768911 0.08297802 -0.03218249
v 0.03743760 0.08128702 -0.03260270
v 0.03787012 0.08275706 -0.03175469
v 0.03868447 0.08176298 -0.02982989
v 0.03476672 0.08639284 -0.03991479
v 0.03565164 0.08539370 -0.03732800
v 0.03563230 0.08462462 -0.03733360
v 0.03566375 0.08538003 -0.03729260
v 0.03578686 0.08523581 -0.03697379
v 0.03471291 0.08645359 -0.04007209
v 0.03521913 0.08329496 -0.03809579
v 0.03346869 0.08781010 -0.04416479
v 0.03382979 0.08741999 -0.04294320
v 0.03376963 0.08655561 -0.04297630
v 0.03394901 0.08729120 -0.04253989
v 0.03445970 0.08673948 -0.04081229
v 0.03216101 0.08907827 -0.04992849
v 0.03231941 0.08893592 -0.04913479
v 0.03235477 0.08838971 -0.04880700
v 0.03243854 0.08882883 -0.04853770
v 0.03259096 0.08869185 -0.04777389
v 0.03201780 0.08848986 -0.05050570
v 0.03219289 0.08771521 -0.04920689
v 0.03281080 0.08681752 -0.04625390
v 0.03265129 0.08863763 -0.04747160
v 0.03184955 0.08932175 -0.05176460
v 0.03202957 0.08919639 -0.05058720
v 0.03212239 0.08911299 -0.05012209
v 0.03157649 0.08934935 -0.05353280
v 0.03154073 0.08952900 -0.05383700
v 0.03155962 0.08952363 -0.05366070
v 0.03132258 0.08959108 -0.05587289
v 0.03135518 0.08958179 -0.05556860
v 0.03136888 0.08942151 -0.05528579
v 0.03139573 0.08957026 -0.05519019
v 0.03147100 0.08866265 -0.05395640
v 0.03120710 0.08948375 -0.05705810
v 0.03121889 0.08959710 -0.05698429
v 0.03127527 0.08873224 -0.05571439
v 0.03124117 0.08961422 -0.05663259
v 0.03113377 0.08879010 -0.05749519
v 0.03110362 0.08950856 -0.05880380
v 0.03120278 0.08958474 -0.05723849
v 0.03104533 0.08883649 -0.05929829
v 0.03109953 0.08950544 -0.05886819
v 0.03099263 0.08811111 -0.05790379
v 0.03103985 0.08937548 -0.06029200
v 0.03105512 0.08947133 -0.05956930
v 0.03106925 0.08948217 -0.05934620
v 0.03095871 0.08861757 -0.06240150
v 0.03099355 0.08908484 -0.06248390
v 0.03093885 0.08817726 -0.06156159
v 0.03100997 0.08918789 -0.06170689
v 0.03100316 0.08887287 -0.06112069
v 0.03081758 0.08749398 -0.06197860
v 0.03056815 0.08668824 -0.06206129
v 0.03071318 0.08719397 -0.06215049
v 0.03083574 0.08762137 -0.06222579
v 0.03090155 0.08785086 -0.06226629
v 0.03077037 0.08747693 -0.06011849
v 0.03056006 0.08688395 -0.05981069
v 0.03093818 0.08815015 -0.05972109
v 0.03078844 0.08744577 -0.05828590
v 0.03059199 0.08675148 -0.05683109
v 0.03056022 0.08665741 -0.05687879
v 0.03088014 0.08739869 -0.05648420
v 0.03056046 0.08644854 -0.05561680
v 0.03056029 0.08659698 -0.05651370
v 0.03056017 0.08551794 -0.05271679
v 0.03056023 0.08581317 -0.05342080
v 0.03061298 0.08598291 -0.05362730
v 0.03056044 0.08639054 -0.05541630
v 0.03056006 0.08466546 -0.05076289
v 0.03056003 0.08479950 -0.05100379
v 0.03131255 0.08577708 -0.05024079
v 0.03056009 0.08509510 -0.05170860
v 0.03148295 0.08426667 -0.04756770
v 0.03055986 0.08172072 -0.04624839
v 0.03185848 0.08271190 -0.04498080
v 0.03056022 0.08039886 -0.04475160
v 0.03056010 0.07642424 -0.04133230
v 0.03056005 0.07799282 -0.04249139
v 0.03056013 0.07572748 -0.04081739
v 0.03148815 0.07122168 -0.03758979
v 0.03056048 0.06753598 -0.03711799
v 0.03106951 0.06700061 -0.03654089
v 0.03056054 0.06772908 -0.03716499
v 0.03365967 0.06638582 -0.03394839
v 0.03056053 0.06781147 -0.03719329
v 0.03107831 0.06268709 -0.03567149
v 0.03280990 0.06515060 -0.03452729
v 0.03737555 0.06405398 -0.02908419
v 0.03856013 0.06663581 -0.02771029
v 0.03965945 0.06923609 -0.02630050
v 0.03468495 0.08199147 -0.03880720
v 0.03645775 0.07866090 -0.03406260
v 0.03402123 0.08071601 -0.03946420
v 0.03515764 0.07610406 -0.03538810
v 0.03413605 0.07779860 -0.03770359
v 0.03349224 0.07362625 -0.03656010
v 0.03849279 0.07527362 -0.02942820
v 0.03735661 0.07268132 -0.03082249
v 0.03601447 0.07013356 -0.03213029
v 0.03252706 0.07241598 -0.03709039
v 0.03526929 0.06887572 -0.03275300
v 0.03448242 0.06762690 -0.03335830
v 0.03153826 0.08791133 -0.05261239
v 0.03102831 0.08930301 -0.06083859
v 0.03129227 0.08799179 -0.05434919
v 0.03104698 0.08733532 -0.05471409
v 0.03111041 0.08805838 -0.05611309
v 0.03166674 0.08640998 -0.04992170
v 0.03316724 0.08811528 -0.04538429
v 0.03332628 0.08523246 -0.04372579
v 0.03256282 0.08616163 -0.04661759
v 0.03196272 0.08705548 -0.04957809
v 0.03184322 0.08781810 -0.05090020
v 0.03172136 0.08858123 -0.05222140
v 0.03159379 0.08949984 -0.05343719
v 0.03225702 0.08551828 -0.04695710
v 0.03268886 0.08395131 -0.04439379
v 0.03314511 0.08813768 -0.04547379
v 0.03302428 0.08826002 -0.04596270
v 0.03284547 0.09063147 -0.04627929
v 0.03060500 0.09290046 -0.06315669
v 0.03005952 0.09516884 -0.06355670
v 0.03017948 0.09556528 -0.06039649
v 0.03000376 0.09621209 -0.06050929
v 0.02992123 0.09615117 -0.06190699
v 0.02985348 0.09602566 -0.06370779
v 0.03080256 0.09249869 -0.05986979
v 0.03068488 0.09211599 -0.06301840
v 0.03100997 0.08918789 -0.06170689
v 0.03135518 0.08958179 -0.05556860
v 0.03132258 0.08959108 -0.05587289
v 0.03104931 0.09257155 -0.05637460
v 0.03121889 0.08959710 -0.05698429
v 0.03120278 0.08958474 -0.05723849
v 0.03110362 0.08950856 -0.05880380
v 0.03182504 0.08933883 -0.05192489
v 0.03174443 0.08939496 -0.05245210
v 0.03148287 0.09227182 -0.05291490
v 0.03159379 0.08949984 -0.05343719
v 0.03155962 0.08952363 -0.05366070
v 0.03154073 0.08952900 -0.05383700
v 0.03139573 0.08957026 -0.05519019
v 0.03209239 0.09161625 -0.04953660
v 0.03212239 0.08911299 -0.05012209
v 0.03202957 0.08919639 -0.05058720
v 0.03184955 0.08932175 -0.05176460
v 0.03370751 0.08935698 -0.04316229
v 0.03316724 0.08811528 -0.04538429
v 0.03464516 0.08783545 -0.04019610
v 0.03763164 0.08661106 -0.03220599
v 0.03709280 0.08370594 -0.03359190
v 0.03563185 0.08610502 -0.03737869
v 0.03868447 0.08176298 -0.02982989
v 0.03986450 0.08272274 -0.02717049
v 0.04200189 0.07853715 -0.02245150
v 0.04352193 0.08759156 -0.01883459
v 0.04213400 0.08864743 -0.02200300
v 0.04244425 0.08841140 -0.02129479
v 0.03994648 0.09014561 -0.02677459
v 0.03743245 0.09105121 -0.03222889
v 0.03812524 0.09139296 -0.03074729
v 0.03743486 0.09186580 -0.03225320
v 0.03332686 0.09291101 -0.04357359
v 0.03360981 0.09446173 -0.04192599
v 0.03434038 0.09158355 -0.04054519
v 0.03503632 0.09349685 -0.03813659
v 0.03540913 0.09007093 -0.03764619
v 0.03512550 0.09343654 -0.03789970
v 0.03599511 0.09284835 -0.03558970
v 0.03193417 0.09552769 -0.04771830
v 0.03216168 0.09538296 -0.04693179
v 0.03239619 0.09401941 -0.04673460
v 0.03299991 0.09484971 -0.04403419
v 0.03306258 0.09480986 -0.04381759
v 0.03092259 0.09542904 -0.05341700
v 0.03081172 0.09610634 -0.05327459
v 0.03158274 0.09487069 -0.05002079
v 0.03143401 0.09578553 -0.05019410
v 0.03192229 0.09553383 -0.04777709
v 0.03045091 0.09566790 -0.05688920
v 0.03072815 0.09614940 -0.05368820
v 0.03075978 0.09613311 -0.05353169
v 0.03004731 0.09624425 -0.05977160
v 0.03018464 0.09622513 -0.05854460
v 0.03035658 0.09620116 -0.05700829
v 0.03540913 0.09007093 -0.03764619
v 0.03640779 0.09256920 -0.03449349
v 0.03056815 0.08668824 -0.06206129
v 0.02968020 0.08679580 -0.11923719
v 0.02970889 0.09412514 -0.07715930
v 0.02970919 0.09419758 -0.07674310
v 0.02971005 0.09435514 -0.07583419
v 0.02971265 0.09462900 -0.07423429
v 0.02977109 0.09520858 -0.06986619
v 0.02981220 0.09561631 -0.06679310
v -0.04520769 0.08625818 -0.01483189
v 0.05400000 -0.00100000 -0.25502350
v 0.05498733 -0.00100000 -0.25502350
v 0.05499394 -0.00062259 -0.25614687
v 0.05400000 0.00000000 -0.25800000
v 0.05499897 -0.00033597 -0.25700000
v 0.05500000 0.00000000 -0.25800000
v 0.05498726 0.00100000 -0.25502350
v 0.05400000 0.00100000 -0.25502350
v 0.05499616 0.00049562 -0.25652480
v 0.05400000 0.00000000 -0.25800000
v 0.05499897 0.00033597 -0.25700000
v 0.05500000 0.00000000 -0.25800000
v 0.05498731 -0.00029631 -0.25502350
v 0.05498733 -0.00100000 -0.25502350
v 0.05400000 -0.00100000 -0.25502350
v 0.05498729 0.00010580 -0.25502350
v 0.05400000 0.00100000 -0.25502350
v 0.05498726 0.00100000 -0.25502350
v 0.05400000 0.00000000 -0.25800000
v 0.05400000 0.00100000 -0.25502350
v 0.05400000 -0.00100000 -0.25502350
v -0.04690000 0.01977651 0.00200001
v -0.04690000 0.01680000 0.00100001
v -0.04788956 0.01977651 0.00200001
v -0.04790000 0.01680000 0.00100001
v -0.04690000 0.01680000 0.00100001
v -0.04690000 0.01977651 0.00000001
v -0.04790000 0.01680000 0.00100001
v -0.04788956 0.01977651 0.00000001
v -0.04690000 0.01977651 0.00000001
v -0.04690000 0.01977651 0.00200001
v -0.04788956 0.01977651 0.00000001
v -0.04788956 0.01977651 0.00200001
v -0.04690000 0.01977651 0.00200001
v -0.04690000 0.01977651 0.00000001
v -0.04690000 0.01680000 0.00100001
f 1 2 3
f 2 4 3
f 3 4 5
f 6 4 7
f 4 2 7
f 7 2 8
f 2 9 8
f 10 11 12
f 13 10 14
f 10 12 14
f 14 12 15
f 12 16 15
f 17 18 19
f 20 21 17
f 19 22 23
f 17 19 20
f 19 23 20
f 20 23 24
f 25 26 27
f 26 28 27
f 27 28 29
f 28 30 29
f 31 32 33
f 32 34 33
f 33 34 35
f 34 36 35
f 37 38 39
f 38 40 39
f 39 40 41
f 40 42 41
f 43 44 45
f 46 47 43
f 45 48 49
f 43 45 46
f 45 49 46
f 46 49 50
f 51 52 53
f 52 54 53
f 53 54 55
f 54 56 55
f 57 58 59
f 58 60 59
f 59 60 61
f 60 62 61
f 63 64 65
f 66 67 65
f 67 68 65
f 65 68 63
f 68 69 63
f 70 71 72
f 71 73 72
f 72 73 74
f 75 76 77
f 78 75 79
f 75 77 79
f 79 77 80
f 77 81 80
f 82 83 84
f 84 85 86
f 82 84 87
f 84 86 87
f 87 86 88
f 89 90 91
f 90 92 91
f 91 92 93
f 92 94 93
f 95 96 97
f 98 99 100
f 99 101 100
f 100 101 97
f 101 102 97
f 97 102 95
f 102 103 95
f 103 102 104
f 102 105 104
f 104 105 106
f 105 107 106
f 106 107 108
f 109 110 111
f 110 112 111
f 112 113 111
f 111 113 114
f 114 115 111
f 115 116 111
f 111 116 117
f 118 119 120
f 119 111 120
f 120 111 121
f 111 117 121
f 122 123 124
f 123 125 124
f 124 125 111
f 125 126 111
f 127 128 126
f 128 129 126
f 126 129 130
f 130 131 126
f 131 132 126
f 126 132 111
f 132 133 111
f 111 133 109
f 134 119 135
f 119 118 135
f 135 118 136
f 118 137 136
f 136 137 138
f 137 139 138
f 139 140 138
f 138 140 141
f 140 142 141
f 141 142 143
f 142 144 143
f 143 144 145
f 144 146 145
f 145 146 147
f 146 148 147
f 148 149 147
f 147 149 150
f 149 151 150
f 150 151 152
f 151 153 152
f 154 155 156
f 155 157 156
f 156 157 153
f 157 158 153
f 153 158 152
f 159 160 161
f 127 126 161
f 126 162 161
f 161 162 159
f 160 163 161
f 163 164 161
f 161 164 165
f 165 166 161
f 166 167 161
f 161 167 168
f 168 169 161
f 169 170 161
f 161 170 171
f 170 172 171
f 171 172 173
f 172 174 173
f 173 174 175
f 174 176 175
f 175 176 154
f 176 177 154
f 154 177 155
f 178 179 180
f 181 182 180
f 182 183 180
f 180 183 178
f 183 184 178
f 185 186 187
f 186 188 187
f 187 188 189
f 190 191 192
f 193 190 194
f 190 192 194
f 194 192 195
f 196 197 198
f 199 196 200
f 196 198 200
f 200 198 201
f 202 203 204
f 203 205 204
f 204 205 206
f 204 207 202
f 207 208 202
f 202 208 209
f 208 210 209
f 209 210 211
f 210 212 211
f 211 212 213
f 212 214 213
f 213 214 215
f 214 216 215
f 215 216 217
f 216 218 217
f 218 219 217
f 217 219 220
f 220 219 221
f 219 222 221
f 221 222 223
f 222 224 223
f 224 225 223
f 223 225 226
f 225 227 226
f 226 227 228
f 227 229 228
f 228 229 230
f 229 231 230
f 230 231 232
f 231 233 232
f 233 201 232
f 232 201 198
f 234 235 236
f 235 237 236
f 236 237 238
f 237 239 238
f 239 240 238
f 238 240 241
f 240 242 241
f 241 242 243
f 242 244 243
f 243 244 245
f 244 246 245
f 246 247 245
f 245 247 248
f 247 249 248
f 248 249 250
f 249 251 250
f 250 251 252
f 251 253 252
f 252 253 254
f 253 255 254
f 255 206 254
f 254 206 205
f 256 257 258
f 258 259 260
f 256 258 261
f 261 258 262
f 258 260 262
f 262 260 263
f 264 265 266
f 265 267 266
f 266 267 268
f 269 270 271
f 271 272 273
f 274 275 269
f 269 271 274
f 271 273 274
f 274 273 276
f 277 278 279
f 278 280 279
f 279 280 281
f 282 283 284
f 283 285 284
f 284 285 286
f 285 287 286
f 288 289 290
f 289 291 290
f 290 291 292
f 290 292 293
f 290 293 294
f 293 295 294
f 294 295 296
f 295 297 296
f 296 297 298
f 297 299 298
f 299 300 298
f 298 300 301
f 300 302 301
f 301 302 303
f 302 304 303
f 303 304 305
f 304 306 305
f 305 306 307
f 306 308 307
f 307 308 309
f 308 310 309
f 310 311 309
f 309 311 312
f 311 313 312
f 312 313 314
f 313 315 314
f 314 315 316
f 315 317 316
f 316 317 318
f 317 319 318
f 319 320 318
f 318 320 321
f 320 322 321
f 321 322 323
f 322 324 323
f 323 324 325
f 324 326 325
f 325 326 327
f 327 326 328
f 327 328 329
f 328 330 329
f 329 330 331
f 330 332 331
f 331 332 333
f 332 334 333
f 333 334 335
f 334 336 335
f 335 336 337
f 336 338 337
f 338 339 337
f 337 339 340
f 339 341 340
f 340 341 342
f 341 343 342
f 342 343 344
f 343 345 344
f 344 345 346
f 345 347 346
f 346 347 348
f 347 349 348
f 348 349 350
f 349 351 350
f 350 351 352
f 351 353 352
f 352 353 354
f 353 355 354
f 355 356 354
f 354 356 357
f 356 358 357
f 357 358 359
f 359 358 360
f 361 359 362
f 359 360 362
f 362 360 363
f 364 365 366
f 365 367 366
f 366 367 368
f 369 370 371
f 370 372 371
f 371 372 364
f 372 373 364
f 364 373 365
f 374 375 376
f 375 377 376
f 367 376 368
f 376 377 368
f 368 377 369
f 377 378 369
f 369 378 370
f 378 379 370
f 370 379 380
f 381 382 383
f 382 384 383
f 383 384 385
f 386 387 388
f 388 389 390
f 386 388 391
f 391 388 392
f 388 390 392
f 392 390 393
f 394 395 396
f 395 397 396
f 396 397 398
f 399 400 401
f 402 399 403
f 399 401 403
f 403 401 404
f 401 405 404
f 406 407 408
f 408 409 410
f 406 408 411
f 408 410 411
f 411 410 412
f 413 414 415
f 416 417 418
f 419 413 418
f 413 415 418
f 418 415 416
f 420 421 422
f 421 423 422
f 422 423 424
f 425 426 427
f 428 429 425
f 427 430 431
f 425 427 428
f 427 431 428
f 428 431 432
f 433 434 435
f 434 436 435
f 435 436 437
f 436 438 437
f 439 440 441
f 440 442 441
f 441 442 443
f 442 444 443
f 445 446 447
f 447 448 449
f 445 447 450
f 447 449 450
f 450 449 451
f 452 453 454
f 455 452 456
f 452 454 456
f 456 454 457
f 454 458 457
f 459 460 461
f 460 462 461
f 461 462 463
f 464 465 466
f 466 467 468
f 464 466 469
f 466 468 469
f 469 468 470
f 471 472 473
f 474 471 475
f 471 473 475
f 475 473 476
f 477 478 479
f 478 480 479
f 479 480 481
f 482 483 484
f 485 482 486
f 482 484 486
f 486 484 487
f 484 488 487
f 489 490 491
f 492 489 493
f 489 491 493
f 493 491 494
f 491 495 494
f 496 497 498
f 497 499 498
f 498 499 500
f 501 502 503
f 504 501 505
f 501 503 505
f 505 503 506
f 503 507 506
f 508 509 510
f 510 511 512
f 508 510 513
f 510 512 513
f 513 512 514
f 515 516 517
f 516 518 517
f 519 520 521
f 520 522 521
f 521 522 523
f 524 517 525
f 517 518 525
f 525 518 522
f 518 526 522
f 522 526 523
f 526 527 523
f 528 529 530
f 531 528 532
f 528 530 532
f 532 530 533
f 530 534 533
f 535 536 537
f 536 538 537
f 537 538 539
f 540 541 542
f 543 540 544
f 540 542 544
f 544 542 545
f 542 546 545
f 547 548 549
f 549 550 551
f 547 549 552
f 549 551 552
f 552 551 553
f 554 555 556
f 555 557 556
f 556 557 558
f 559 560 561
f 562 559 563
f 559 561 563
f 563 561 564
f 561 565 564
f 566 567 568
f 566 568 569
f 568 570 571
f 569 568 572
f 568 571 572
f 572 571 573
f 574 575 576
f 575 577 576
f 576 577 578
f 577 579 578
f 580 581 582
f 581 583 582
f 582 583 584
f 584 585 582
f 585 586 582
f 582 586 587
f 588 589 590
f 591 592 590
f 592 593 590
f 590 593 588
f 593 594 588
f 588 594 595
f 596 597 598
f 597 599 598
f 598 599 600
f 599 601 600
f 602 603 604
f 603 605 604
f 604 605 606
f 607 608 609
f 608 603 609
f 609 603 610
f 603 602 610
f 610 602 611
f 602 612 611
f 611 612 613
f 612 614 613
f 615 606 616
f 606 605 616
f 616 605 617
f 605 618 617
f 617 618 619
f 620 621 622
f 621 623 622
f 622 623 624
f 625 626 627
f 626 628 627
f 627 628 620
f 628 629 620
f 620 629 621
f 630 631 632
f 631 633 632
f 634 635 636
f 635 633 636
f 636 633 625
f 633 637 625
f 625 637 626
f 637 638 626
f 626 638 639
f 640 641 642
f 641 643 642
f 642 643 644
f 645 646 647
f 647 648 649
f 645 647 650
f 650 647 651
f 647 649 651
f 651 649 652
f 653 654 655
f 655 656 657
f 653 655 658
f 655 657 658
f 658 657 659
f 660 661 662
f 663 664 665
f 666 660 665
f 660 662 665
f 665 662 663
f 667 668 669
f 668 670 669
f 669 670 671
f 672 673 674
f 675 676 672
f 674 677 678
f 672 674 675
f 674 678 675
f 675 678 679
f 680 681 682
f 681 683 682
f 682 683 684
f 683 685 684
f 686 687 688
f 687 689 688
f 688 689 690
f 689 691 690
f 692 693 694
f 694 695 696
f 692 694 697
f 694 696 697
f 697 696 698
f 699 700 701
f 701 702 703
f 703 704 701
f 704 705 701
f 701 705 699
f 706 707 708
f 707 709 708
f 708 709 710
f 709 711 710
f 712 713 714
f 713 715 714
f 714 715 716
f 717 718 719
f 718 720 719
f 719 720 721
f 720 722 721
f 723 724 725
f 725 726 727
f 727 728 725
f 728 729 725
f 725 729 723
f 730 731 732
f 731 733 732
f 732 733 734
f 733 735 734
f 736 737 738
f 737 739 738
f 738 739 740
f 741 742 743
f 744 741 745
f 741 743 745
f 745 743 746
f 743 747 746
f 748 749 750
f 751 752 753
f 754 748 753
f 748 750 753
f 753 750 751
f 750 755 751
f 756 757 758
f 757 759 758
f 758 759 760
f 759 761 760
f 762 763 764
f 763 765 764
f 764 765 766
f 767 768 769
f 768 770 769
f 769 770 771
f 770 772 771
f 773 774 775
f 776 777 778
f 778 779 776
f 779 773 776
f 776 773 780
f 773 775 780
f 781 782 783
f 783 784 781
f 784 785 781
f 781 785 780
f 785 786 780
f 780 786 776
f 787 788 789
f 790 787 791
f 787 789 791
f 791 789 792
f 789 793 792
f 794 795 796
f 797 794 798
f 794 796 798
f 798 796 799
f 796 800 799
f 801 802 803
f 802 804 803
f 803 804 805
f 806 807 808
f 809 806 810
f 806 808 810
f 810 808 811
f 808 812 811
f 813 814 815
f 815 816 817
f 813 815 818
f 815 817 818
f 818 817 819
f 820 821 822
f 823 820 823
f 820 822 823
f 823 822 824
f 825 826 827
f 826 828 827
f 827 828 829
f 828 830 829
f 831 832 833
f 834 835 836
f 837 834 833
f 834 836 833
f 833 836 831
f 836 838 831
f 839 840 841
f 842 843 844
f 845 839 844
f 839 841 844
f 844 841 842
f 846 847 848
f 847 849 848
f 848 849 850
f 849 851 850
f 852 853 854
f 855 856 854
f 856 857 854
f 854 857 852
f 857 858 852
f 852 858 859
f 860 861 862
f 863 864 865
f 866 860 865
f 860 862 865
f 865 862 863
f 867 868 869
f 868 870 869
f 869 870 871
f 870 872 871
f 873 874 875
f 874 876 875
f 875 876 877
f 878 879 880
f 879 881 880
f 880 881 882
f 881 883 882
f 882 883 884
f 885 878 886
f 878 880 886
f 886 880 876
f 880 887 876
f 876 887 877
f 883 888 889
f 889 890 883
f 890 891 883
f 883 891 884
f 888 892 889
f 892 893 889
f 889 893 894
f 895 896 897
f 898 895 899
f 895 897 899
f 899 897 900
f 897 901 900
f 902 903 904
f 905 906 907
f 908 902 907
f 902 904 907
f 907 904 905
f 904 909 905
f 910 911 912
f 913 914 915
f 916 910 915
f 910 912 915
f 915 912 913
f 917 918 919
f 918 920 919
f 919 920 921
f 920 922 921
f 923 924 925
f 926 927 923
f 925 928 929
f 923 925 926
f 925 929 926
f 926 929 930
f 931 932 933
f 934 931 935
f 931 933 935
f 935 933 936
f 933 937 936
f 938 939 940
f 939 941 940
f 940 941 942
f 941 943 942
f 944 945 946
f 947 944 948
f 944 946 948
f 948 946 949
f 946 950 949
f 951 952 953
f 954 955 956
f 957 951 956
f 951 953 956
f 956 953 954
f 953 958 954
f 959 960 961
f 960 962 961
f 961 962 963
f 962 964 963
f 965 966 967
f 968 965 969
f 965 967 969
f 969 967 970
f 967 971 970
f 972 973 974
f 972 974 975
f 976 977 978
f 979 976 974
f 976 978 974
f 974 978 975
f 978 980 975
f 981 982 983
f 982 984 983
f 983 984 985
f 984 986 985
f 987 988 989
f 988 990 989
f 989 990 991
f 990 992 991
f 993 994 995
f 996 997 995
f 997 998 995
f 995 998 993
f 998 999 993
f 993 999 1000
f 1001 1002 1003
f 1002 1004 1003
f 1003 1004 1005
f 1004 1006 1005
f 1007 1008 1009
f 1008 1010 1009
f 1009 1010 1011
f 1012 1013 1014
f 1015 1016 1017
f 1016 1012 1017
f 1017 1012 1010
f 1012 1014 1010
f 1010 1014 1011
f 1018 1019 1020
f 1019 1021 1020
f 1022 1023 1024
f 1023 1025 1024
f 1026 1027 1028
f 1027 1029 1028
f 1009 1028 1007
f 1028 1029 1007
f 1007 1029 1030
f 1029 1031 1030
f 1030 1031 1015
f 1031 1032 1015
f 1015 1032 1016
f 1032 1033 1016
f 1016 1033 1034
f 1033 1035 1034
f 1026 1028 1036
f 1028 1037 1036
f 1036 1037 1038
f 1039 1040 1041
f 1041 1042 1039
f 1042 1023 1039
f 1039 1023 1043
f 1023 1022 1043
f 1043 1022 1037
f 1022 1044 1037
f 1037 1044 1038
f 1045 1046 1047
f 1045 1047 1025
f 1048 1049 1047
f 1049 1021 1047
f 1047 1021 1025
f 1021 1019 1025
f 1025 1019 1024
f 1050 1051 1052
f 1051 1053 1052
f 1052 1053 1054
f 1053 1055 1054
f 1056 1057 1058
f 1058 1059 1060
f 1056 1058 1061
f 1061 1058 1062
f 1058 1060 1062
f 1062 1060 1063
f 1064 1065 1066
f 1067 1068 1064
f 1069 1067 1070
f 1067 1064 1070
f 1070 1064 1071
f 1064 1066 1071
f 1072 1073 1074
f 1075 1076 1077
f 1078 1072 1077
f 1072 1074 1077
f 1077 1074 1075
f 1079 1080 1081
f 1080 1082 1081
f 1081 1082 1083
f 1082 1084 1083
f 1085 1086 1087
f 1087 1088 1089
f 1090 1091 1085
f 1085 1087 1090
f 1087 1089 1090
f 1090 1089 1092
f 1093 1094 1095
f 1094 1096 1095
f 1096 1097 1095
f 1097 1098 1095
f 1095 1098 1099
f 1100 1101 1102
f 1101 1103 1102
f 1102 1103 1104
f 1103 1105 1104
f 1106 1107 1108
f 1109 1110 1106
f 1108 1111 1112
f 1106 1108 1109
f 1108 1112 1109
f 1109 1112 1113
f 1114 1115 1116
f 1117 1118 1119
f 1120 1121 1122
f 1123 1124 1125
f 1126 1127 1128
f 1129 1130 1131
f 1132 1133 1134
f 1135 1136 1137
f 1138 1139 1140
f 1141 1142 1143
f 1142 1144 1143
f 1143 1144 1145
f 1146 1147 1148
f 1149 1150 1151
f 1150 1146 1151
f 1147 1152 1148
f 1152 1153 1148
f 1148 1153 1154
f 1155 1156 1157
f 1158 1159 1156
f 1159 1160 1156
f 1156 1160 1157
f 1161 1162 1163
f 1162 1164 1163
f 1135 1137 1165
f 1132 1134 1166
f 1167 1168 1166
f 1169 1170 1171
f 1170 1172 1171
f 1171 1172 1173
f 1172 1174 1173
f 1173 1174 1175
f 1176 1177 1178
f 1177 1179 1178
f 1178 1179 1180
f 1176 1181 1177
f 1181 1182 1177
f 1177 1182 1171
f 1182 1183 1171
f 1171 1183 1169
f 1180 1179 1184
f 1179 1185 1184
f 1184 1185 1186
f 1187 1188 1189
f 1188 1190 1189
f 1189 1190 1185
f 1190 1191 1185
f 1185 1191 1186
f 1192 1193 1189
f 1193 1194 1189
f 1189 1194 1187
f 1195 1196 1192
f 1196 1197 1192
f 1197 1198 1192
f 1198 1199 1192
f 1192 1199 1193
f 1200 1201 1195
f 1201 1202 1195
f 1195 1202 1196
f 1203 1204 1200
f 1204 1205 1200
f 1200 1205 1201
f 1206 1207 1208
f 1207 1209 1208
f 1210 1211 1206
f 1211 1212 1206
f 1206 1212 1207
f 1210 1213 1214
f 1214 1215 1210
f 1215 1216 1210
f 1210 1216 1211
f 1217 1218 1219
f 1218 1220 1219
f 1219 1220 1221
f 1222 1223 1131
f 1223 1224 1131
f 1131 1224 1129
f 1225 1226 1222
f 1226 1227 1222
f 1222 1227 1223
f 1228 1229 1230
f 1229 1231 1230
f 1232 1233 1234
f 1232 1234 1235
f 1236 1237 1238
f 1237 1239 1238
f 1238 1239 1240
f 1239 1241 1240
f 1240 1241 1242
f 1236 1238 1243
f 1238 1244 1243
f 1243 1244 1245
f 1246 1247 1248
f 1247 1249 1248
f 1250 1251 1252
f 1251 1253 1252
f 1250 1252 1254
f 1252 1255 1254
f 1254 1255 1256
f 1257 1258 1259
f 1258 1257 1260
f 1257 1261 1260
f 1260 1261 1262
f 1127 1263 1128
f 1263 1264 1128
f 1128 1264 1261
f 1264 1265 1261
f 1261 1265 1262
f 1126 1128 1266
f 1128 1267 1266
f 1266 1267 1268
f 1269 1270 1271
f 1270 1272 1271
f 1271 1272 1267
f 1272 1273 1267
f 1267 1273 1268
f 1269 1271 1274
f 1271 1275 1274
f 1274 1275 1276
f 1277 1278 1279
f 1278 1280 1279
f 1279 1280 1275
f 1280 1281 1275
f 1275 1281 1276
f 1277 1279 1282
f 1279 1283 1282
f 1282 1283 1284
f 1285 1286 1287
f 1286 1288 1287
f 1287 1288 1289
f 1290 1291 1292
f 1291 1293 1292
f 1294 1295 1296
f 1297 1298 1294
f 1298 1299 1294
f 1294 1299 1295
f 1300 1301 1297
f 1301 1302 1297
f 1302 1303 1297
f 1303 1304 1297
f 1297 1304 1298
f 1305 1306 1307
f 1308 1309 1305
f 1309 1310 1305
f 1305 1310 1306
f 1311 1312 1313
f 1313 1314 1308
f 1314 1315 1308
f 1308 1315 1309
f 1316 1317 1318
f 1317 1319 1318
f 1318 1319 1320
f 1320 1321 1318
f 1321 1322 1318
f 1318 1322 1323
f 1323 1324 1318
f 1324 1325 1318
f 1318 1325 1311
f 1325 1326 1311
f 1311 1326 1312
f 1327 1328 1329
f 1328 1330 1329
f 1330 1328 1331
f 1328 1332 1331
f 1331 1332 1333
f 1333 1332 1334
f 1332 1335 1334
f 1334 1335 1336
f 1335 1337 1336
f 1336 1337 1338
f 1338 1337 1339
f 1337 1340 1339
f 1339 1340 1341
f 1341 1340 1342
f 1340 1343 1342
f 1342 1343 1344
f 1344 1343 1345
f 1343 1148 1345
f 1345 1148 1145
f 1148 1154 1145
f 1145 1154 1143
f 1346 1347 1348
f 1164 1138 1163
f 1138 1140 1163
f 1163 1140 1349
f 1140 1350 1349
f 1349 1350 1351
f 1350 1352 1351
f 1351 1352 1353
f 1352 1354 1353
f 1353 1354 1355
f 1354 1346 1355
f 1355 1346 1356
f 1346 1348 1356
f 1136 1161 1137
f 1161 1163 1137
f 1137 1163 1357
f 1163 1349 1357
f 1357 1349 1358
f 1349 1351 1358
f 1358 1351 1359
f 1351 1353 1359
f 1359 1353 1360
f 1353 1355 1360
f 1360 1355 1361
f 1362 1124 1363
f 1124 1123 1363
f 1363 1123 1364
f 1365 1362 1366
f 1362 1363 1366
f 1366 1363 1367
f 1363 1364 1367
f 1367 1364 1368
f 1369 1370 1368
f 1370 1371 1368
f 1368 1371 1367
f 1371 1372 1367
f 1367 1372 1366
f 1372 1373 1366
f 1366 1373 1365
f 1373 1374 1365
f 1375 1121 1376
f 1121 1120 1376
f 1376 1120 1377
f 1115 1117 1116
f 1117 1119 1116
f 1116 1119 1378
f 1119 1379 1378
f 1378 1379 1380
f 1379 1381 1380
f 1380 1381 1382
f 1381 1383 1382
f 1231 1225 1230
f 1225 1222 1230
f 1230 1222 1384
f 1222 1131 1384
f 1384 1131 1219
f 1131 1130 1219
f 1219 1130 1217
f 1385 1114 1386
f 1114 1116 1386
f 1386 1116 1387
f 1116 1378 1387
f 1387 1378 1388
f 1378 1380 1388
f 1388 1380 1389
f 1380 1382 1389
f 1118 1369 1119
f 1369 1368 1119
f 1119 1368 1379
f 1368 1364 1379
f 1379 1364 1381
f 1364 1123 1381
f 1381 1123 1383
f 1123 1125 1383
f 1166 1134 1167
f 1134 1390 1167
f 1167 1390 1391
f 1389 1377 1388
f 1377 1120 1388
f 1388 1120 1387
f 1120 1122 1387
f 1387 1122 1386
f 1122 1392 1386
f 1386 1392 1385
f 1392 1393 1385
f 1385 1393 1114
f 1393 1394 1114
f 1114 1394 1115
f 1394 1395 1115
f 1115 1395 1117
f 1395 1396 1117
f 1117 1396 1118
f 1396 1397 1118
f 1118 1397 1369
f 1397 1398 1369
f 1369 1398 1370
f 1398 1399 1370
f 1370 1399 1371
f 1399 1400 1371
f 1371 1400 1372
f 1400 1401 1372
f 1372 1401 1373
f 1401 1402 1373
f 1373 1402 1374
f 1402 1403 1374
f 1390 1403 1391
f 1403 1402 1391
f 1391 1402 1404
f 1402 1401 1404
f 1404 1401 1405
f 1401 1400 1405
f 1405 1400 1406
f 1400 1399 1406
f 1406 1399 1407
f 1399 1398 1407
f 1407 1398 1408
f 1398 1397 1408
f 1408 1397 1409
f 1397 1396 1409
f 1409 1396 1410
f 1396 1395 1410
f 1410 1395 1208
f 1395 1394 1208
f 1208 1394 1206
f 1394 1393 1206
f 1206 1393 1210
f 1393 1392 1210
f 1210 1392 1213
f 1209 1203 1208
f 1203 1200 1208
f 1208 1200 1410
f 1200 1195 1410
f 1410 1195 1409
f 1195 1192 1409
f 1409 1192 1408
f 1192 1189 1408
f 1408 1189 1407
f 1189 1185 1407
f 1407 1185 1406
f 1185 1179 1406
f 1406 1179 1405
f 1179 1177 1405
f 1405 1177 1404
f 1177 1171 1404
f 1404 1171 1391
f 1171 1173 1391
f 1391 1173 1167
f 1173 1175 1167
f 1167 1175 1168
f 1411 1412 1413
f 1412 1414 1413
f 1413 1414 1415
f 1414 1416 1415
f 1416 1417 1415
f 1415 1417 1418
f 1259 1256 1257
f 1256 1255 1257
f 1257 1255 1261
f 1255 1419 1261
f 1261 1419 1128
f 1419 1420 1128
f 1128 1420 1267
f 1420 1421 1267
f 1267 1421 1271
f 1421 1422 1271
f 1271 1422 1275
f 1422 1423 1275
f 1275 1423 1279
f 1423 1424 1279
f 1279 1424 1283
f 1424 1425 1283
f 1417 1426 1418
f 1426 1427 1418
f 1418 1427 1428
f 1427 1429 1428
f 1429 1430 1428
f 1428 1430 1431
f 1430 1432 1431
f 1431 1432 1244
f 1242 1235 1240
f 1235 1234 1240
f 1240 1234 1238
f 1234 1433 1238
f 1238 1433 1244
f 1433 1434 1244
f 1244 1434 1431
f 1434 1435 1431
f 1431 1435 1428
f 1435 1436 1428
f 1428 1436 1418
f 1436 1437 1418
f 1418 1437 1415
f 1437 1438 1415
f 1415 1438 1413
f 1438 1439 1413
f 1413 1439 1411
f 1439 1440 1411
f 1233 1228 1234
f 1228 1230 1234
f 1234 1230 1433
f 1230 1441 1433
f 1433 1441 1434
f 1441 1442 1434
f 1434 1442 1435
f 1442 1443 1435
f 1435 1443 1436
f 1443 1444 1436
f 1436 1444 1437
f 1444 1445 1437
f 1437 1445 1438
f 1445 1446 1438
f 1438 1446 1439
f 1446 1447 1439
f 1439 1447 1440
f 1447 1448 1440
f 1449 1308 1450
f 1308 1305 1450
f 1450 1305 1300
f 1305 1307 1300
f 1300 1307 1301
f 1451 1449 1452
f 1449 1450 1452
f 1452 1450 1453
f 1450 1300 1453
f 1453 1300 1454
f 1300 1297 1454
f 1454 1297 1455
f 1297 1294 1455
f 1455 1294 1292
f 1294 1296 1292
f 1292 1296 1290
f 1313 1308 1311
f 1308 1449 1311
f 1311 1449 1318
f 1449 1451 1318
f 1318 1451 1456
f 1451 1457 1456
f 1456 1457 1458
f 1457 1459 1458
f 1458 1459 1460
f 1459 1461 1460
f 1460 1461 1462
f 1461 1463 1462
f 1462 1463 1464
f 1463 1155 1464
f 1464 1155 1151
f 1155 1157 1151
f 1151 1157 1149
f 1146 1148 1151
f 1148 1343 1151
f 1151 1343 1464
f 1343 1340 1464
f 1464 1340 1462
f 1340 1337 1462
f 1462 1337 1460
f 1337 1335 1460
f 1460 1335 1458
f 1335 1332 1458
f 1458 1332 1456
f 1332 1328 1456
f 1456 1328 1318
f 1328 1327 1318
f 1318 1327 1316
f 1465 1466 1467
f 1466 1468 1467
f 1467 1468 1469
f 1468 1470 1469
f 1469 1470 1471
f 1470 1472 1471
f 1471 1472 1473
f 1472 1425 1473
f 1473 1425 1474
f 1425 1424 1474
f 1474 1424 1475
f 1424 1423 1475
f 1475 1423 1476
f 1423 1422 1476
f 1476 1422 1477
f 1422 1421 1477
f 1477 1421 1478
f 1421 1420 1478
f 1478 1420 1479
f 1420 1419 1479
f 1479 1419 1480
f 1419 1255 1480
f 1480 1255 1481
f 1255 1252 1481
f 1481 1252 1248
f 1252 1253 1248
f 1248 1253 1246
f 1482 1448 1483
f 1448 1447 1483
f 1483 1447 1125
f 1447 1446 1125
f 1125 1446 1383
f 1446 1445 1383
f 1383 1445 1382
f 1445 1444 1382
f 1382 1444 1389
f 1444 1443 1389
f 1389 1443 1377
f 1443 1442 1377
f 1377 1442 1376
f 1442 1441 1376
f 1376 1441 1375
f 1441 1230 1375
f 1375 1230 1121
f 1230 1384 1121
f 1121 1384 1122
f 1384 1219 1122
f 1122 1219 1392
f 1219 1221 1392
f 1392 1221 1213
f 1361 1355 1484
f 1355 1356 1484
f 1484 1356 1485
f 1356 1348 1485
f 1485 1348 1486
f 1348 1347 1486
f 1486 1347 1487
f 1249 1245 1248
f 1245 1244 1248
f 1248 1244 1481
f 1244 1432 1481
f 1481 1432 1480
f 1432 1430 1480
f 1480 1430 1479
f 1430 1429 1479
f 1479 1429 1478
f 1429 1427 1478
f 1478 1427 1477
f 1427 1426 1477
f 1477 1426 1476
f 1426 1417 1476
f 1476 1417 1475
f 1417 1416 1475
f 1475 1416 1474
f 1416 1414 1474
f 1474 1414 1473
f 1414 1412 1473
f 1473 1412 1471
f 1412 1411 1471
f 1471 1411 1469
f 1411 1440 1469
f 1469 1440 1467
f 1440 1448 1467
f 1467 1448 1465
f 1448 1482 1465
f 1139 1158 1140
f 1158 1156 1140
f 1140 1156 1350
f 1156 1155 1350
f 1350 1155 1352
f 1155 1463 1352
f 1352 1463 1354
f 1463 1461 1354
f 1354 1461 1346
f 1461 1459 1346
f 1346 1459 1347
f 1459 1457 1347
f 1347 1457 1487
f 1457 1451 1487
f 1487 1451 1488
f 1451 1452 1488
f 1488 1452 1489
f 1452 1453 1489
f 1489 1453 1490
f 1453 1454 1490
f 1490 1454 1491
f 1454 1455 1491
f 1491 1455 1492
f 1455 1292 1492
f 1492 1292 1287
f 1292 1293 1287
f 1287 1293 1285
f 1133 1165 1134
f 1165 1137 1134
f 1134 1137 1390
f 1137 1357 1390
f 1390 1357 1403
f 1357 1358 1403
f 1403 1358 1374
f 1358 1359 1374
f 1374 1359 1365
f 1359 1360 1365
f 1365 1360 1362
f 1360 1361 1362
f 1362 1361 1124
f 1361 1484 1124
f 1124 1484 1125
f 1484 1485 1125
f 1125 1485 1483
f 1485 1486 1483
f 1483 1486 1482
f 1486 1487 1482
f 1482 1487 1465
f 1487 1488 1465
f 1465 1488 1466
f 1488 1489 1466
f 1466 1489 1468
f 1489 1490 1468
f 1468 1490 1470
f 1490 1491 1470
f 1470 1491 1472
f 1491 1492 1472
f 1472 1492 1425
f 1492 1287 1425
f 1425 1287 1283
f 1287 1289 1283
f 1283 1289 1284
f 1493 1494 1495
f 1496 1497 1339
f 1498 1496 1499
f 1496 1339 1499
f 1499 1339 1500
f 1497 1501 1339
f 1501 1502 1339
f 1339 1502 1338
f 1502 1503 1338
f 1503 1504 1338
f 1338 1504 1505
f 1504 1506 1505
f 1505 1506 1507
f 1507 1508 1505
f 1508 1509 1505
f 1505 1509 1510
f 1511 1512 1513
f 1512 1514 1513
f 1513 1514 1515
f 1514 1516 1515
f 1515 1516 1495
f 1516 1517 1495
f 1495 1517 1493
f 1500 1339 1518
f 1339 1519 1518
f 1518 1519 1511
f 1519 1520 1511
f 1511 1520 1512
f 1521 1522 1523
f 1522 1524 1523
f 1525 1523 1526
f 1523 1524 1526
f 1526 1524 1527
f 1525 1528 1523
f 1528 1529 1523
f 1523 1529 1530
f 1530 1531 1523
f 1531 1532 1523
f 1523 1532 1533
f 1534 1535 1523
f 1535 1536 1523
f 1523 1536 1521
f 1498 1499 1537
f 1499 1538 1537
f 1537 1538 1539
f 1540 1541 1542
f 1541 1543 1542
f 1542 1543 1544
f 1544 1545 1542
f 1545 1546 1542
f 1542 1546 1547
f 1547 1548 1542
f 1548 1549 1542
f 1542 1549 1539
f 1549 1550 1539
f 1539 1550 1537
f 1533 1551 1523
f 1551 1552 1523
f 1523 1552 1553
f 1553 1554 1523
f 1554 1555 1523
f 1523 1555 1556
f 1556 1557 1523
f 1557 1558 1523
f 1523 1558 1559
f 1559 1560 1523
f 1560 1561 1523
f 1523 1561 1562
f 1562 1563 1523
f 1563 1564 1523
f 1523 1564 1565
f 1564 1566 1565
f 1565 1566 1567
f 1568 1534 1569
f 1534 1523 1569
f 1569 1523 1570
f 1523 1565 1570
f 1570 1565 1542
f 1565 1567 1542
f 1542 1567 1540
f 1571 1527 1524
f 1522 1572 1524
f 1572 1573 1524
f 1524 1573 1571
f 1536 1574 1521
f 1574 1575 1521
f 1521 1575 1522
f 1575 1576 1522
f 1522 1576 1572
f 1577 1578 1535
f 1578 1579 1535
f 1535 1579 1536
f 1579 1580 1536
f 1536 1580 1574
f 1534 1581 1535
f 1581 1582 1535
f 1535 1582 1577
f 1583 1584 1585
f 1534 1568 1581
f 1568 1583 1581
f 1581 1583 1586
f 1583 1585 1586
f 1587 1588 1589
f 1583 1568 1590
f 1591 1592 1593
f 1592 1594 1593
f 1593 1594 1595
f 1594 1596 1595
f 1595 1596 1590
f 1596 1597 1590
f 1590 1597 1583
f 1597 1584 1583
f 1587 1589 1598
f 1599 1600 1591
f 1598 1589 1591
f 1589 1601 1591
f 1591 1601 1599
f 1600 1602 1591
f 1602 1603 1591
f 1591 1603 1592
f 1604 1605 1588
f 1605 1606 1588
f 1588 1606 1589
f 1607 1608 1604
f 1608 1609 1604
f 1604 1609 1605
f 1500 1518 1610
f 1513 1515 1611
f 1590 1568 1569
f 1593 1595 1612
f 1595 1590 1612
f 1613 1614 1615
f 1614 1616 1615
f 1616 1607 1615
f 1607 1604 1615
f 1615 1604 1588
f 1588 1587 1615
f 1587 1598 1615
f 1615 1598 1612
f 1598 1591 1612
f 1612 1591 1593
f 1617 1618 1619
f 1618 1620 1619
f 1621 1622 1623
f 1622 1624 1623
f 1623 1624 1625
f 1626 1627 1618
f 1627 1628 1618
f 1618 1628 1620
f 1621 1623 1629
f 1623 1611 1629
f 1629 1611 1630
f 1495 1631 1515
f 1631 1632 1515
f 1515 1632 1611
f 1632 1633 1611
f 1611 1633 1630
f 1569 1570 1634
f 1617 1613 1618
f 1613 1615 1618
f 1618 1615 1635
f 1615 1612 1635
f 1511 1513 1636
f 1513 1611 1636
f 1636 1611 1635
f 1611 1623 1635
f 1635 1623 1618
f 1623 1625 1618
f 1618 1625 1626
f 1499 1500 1538
f 1500 1610 1538
f 1538 1610 1539
f 1610 1634 1539
f 1539 1634 1542
f 1634 1570 1542
f 1590 1569 1612
f 1569 1634 1612
f 1612 1634 1635
f 1634 1610 1635
f 1635 1610 1636
f 1610 1518 1636
f 1636 1518 1511
f 1637 1493 1517
f 1638 1639 1640
f 1638 1640 1517
f 1640 1641 1517
f 1517 1641 1637
f 1642 1643 1644
f 1643 1645 1644
f 1646 1643 1642
f 1647 1648 1649
f 1650 1651 1649
f 1651 1652 1649
f 1649 1652 1653
f 1653 1654 1649
f 1654 1655 1649
f 1649 1655 1647
f 1642 1656 1646
f 1656 1649 1646
f 1646 1649 1657
f 1649 1648 1657
f 1658 1659 1650
f 1659 1660 1650
f 1660 1661 1650
f 1650 1661 1651
f 1662 1663 1664
f 1663 1665 1664
f 1664 1665 1666
f 1666 1667 1664
f 1667 1668 1664
f 1664 1668 1650
f 1668 1669 1650
f 1650 1669 1658
f 1670 1671 1672
f 1671 1673 1672
f 1672 1673 1664
f 1673 1674 1664
f 1664 1674 1662
f 1670 1672 1675
f 1672 1676 1675
f 1675 1676 1677
f 1677 1676 1678
f 1676 1679 1678
f 1678 1679 1680
f 1681 1682 1679
f 1682 1683 1679
f 1679 1683 1680
f 1684 1685 1681
f 1685 1686 1681
f 1681 1686 1682
f 1687 1688 1689
f 1688 1690 1689
f 1689 1690 1691
f 1690 1692 1691
f 1691 1692 1684
f 1692 1693 1684
f 1684 1693 1685
f 1687 1689 1694
f 1689 1695 1694
f 1694 1695 1696
f 1695 1697 1696
f 1696 1697 1698
f 1699 1700 1697
f 1700 1701 1697
f 1697 1701 1698
f 1702 1703 1704
f 1703 1705 1704
f 1704 1705 1699
f 1705 1706 1699
f 1699 1706 1700
f 1707 1708 1709
f 1709 1710 1707
f 1710 1711 1707
f 1707 1711 1712
f 1712 1713 1707
f 1713 1714 1707
f 1707 1714 1704
f 1714 1715 1704
f 1704 1715 1702
f 1707 1716 1717
f 1717 1718 1707
f 1718 1719 1707
f 1707 1719 1708
f 1720 1721 1722
f 1720 1722 1723
f 1721 1724 1722
f 1724 1725 1722
f 1722 1725 1726
f 1726 1727 1722
f 1727 1728 1722
f 1722 1728 1729
f 1728 1730 1729
f 1729 1730 1707
f 1730 1731 1707
f 1707 1731 1716
f 1732 1733 1734
f 1723 1722 1734
f 1722 1735 1734
f 1734 1735 1732
f 1736 1737 1738
f 1737 1739 1738
f 1738 1739 1722
f 1739 1740 1722
f 1722 1740 1735
f 1736 1738 1741
f 1738 1742 1741
f 1741 1742 1743
f 1744 1743 1745
f 1743 1742 1745
f 1745 1742 1746
f 1742 1747 1746
f 1746 1747 1748
f 1749 1750 1747
f 1750 1751 1747
f 1747 1751 1748
f 1751 1752 1748
f 1748 1752 1745
f 1752 1753 1745
f 1745 1753 1744
f 1754 1755 1756
f 1755 1757 1756
f 1754 1758 1755
f 1758 1759 1755
f 1755 1759 1747
f 1759 1760 1747
f 1747 1760 1749
f 1761 1757 1762
f 1757 1763 1762
f 1761 1764 1757
f 1764 1765 1757
f 1757 1765 1756
f 1766 1767 1763
f 1767 1768 1763
f 1763 1768 1762
f 1769 1770 1771
f 1770 1772 1771
f 1769 1773 1770
f 1773 1774 1770
f 1770 1774 1763
f 1774 1775 1763
f 1763 1775 1766
f 1776 1772 1777
f 1772 1778 1777
f 1776 1779 1772
f 1779 1780 1772
f 1772 1780 1771
f 1781 1782 1778
f 1782 1783 1778
f 1778 1783 1777
f 1784 1785 1786
f 1785 1787 1786
f 1786 1787 1788
f 1787 1789 1788
f 1784 1790 1785
f 1790 1791 1785
f 1785 1791 1778
f 1791 1792 1778
f 1778 1792 1781
f 1793 1794 1795
f 1793 1795 1787
f 1795 1796 1787
f 1787 1796 1789
f 1794 1793 1797
f 1793 1798 1797
f 1797 1798 1799
f 1800 1801 1802
f 1801 1803 1802
f 1802 1803 1798
f 1803 1804 1798
f 1798 1804 1799
f 1805 1806 1807
f 1806 1808 1807
f 1807 1808 1802
f 1808 1809 1802
f 1802 1809 1800
f 1810 1811 1812
f 1811 1813 1812
f 1812 1813 1807
f 1813 1814 1807
f 1807 1814 1805
f 1815 1816 1817
f 1817 1818 1815
f 1818 1819 1815
f 1815 1819 1812
f 1819 1820 1812
f 1812 1820 1810
f 1816 1815 1821
f 1815 1822 1821
f 1821 1822 1823
f 1824 1825 1826
f 1826 1827 1824
f 1827 1828 1824
f 1824 1828 1822
f 1828 1829 1822
f 1822 1829 1823
f 1830 1831 1832
f 1832 1833 1830
f 1833 1834 1830
f 1830 1834 1824
f 1834 1835 1824
f 1824 1835 1825
f 1831 1830 1836
f 1830 1837 1836
f 1836 1837 1838
f 1839 1840 1841
f 1840 1842 1841
f 1842 1843 1841
f 1843 1844 1841
f 1841 1844 1837
f 1844 1845 1837
f 1837 1845 1838
f 1656 1846 1649
f 1846 1847 1649
f 1649 1847 1848
f 1847 1849 1848
f 1848 1849 1850
f 1850 1851 1848
f 1851 1852 1848
f 1848 1852 1841
f 1852 1853 1841
f 1841 1853 1839
f 1854 1855 1856
f 1857 1858 1859
f 1860 1861 1862
f 1863 1864 1865
f 1866 1867 1868
f 1869 1870 1871
f 1872 1873 1874
f 1875 1876 1877
f 1878 1879 1880
f 1881 1882 1883
f 1882 1884 1883
f 1883 1884 1885
f 1884 1886 1885
f 1887 1888 1889
f 1888 1890 1889
f 1889 1890 1884
f 1891 1886 1892
f 1886 1884 1892
f 1892 1884 1893
f 1884 1890 1893
f 1881 1894 1882
f 1894 1895 1882
f 1882 1895 1896
f 1895 1897 1896
f 1896 1897 1898
f 1898 1899 1896
f 1899 1900 1896
f 1896 1900 1901
f 1900 1902 1901
f 1901 1902 1903
f 1903 1904 1901
f 1904 1905 1901
f 1901 1905 1906
f 1905 1907 1906
f 1906 1907 1908
f 1909 1910 1911
f 1910 1906 1911
f 1911 1906 1912
f 1906 1908 1912
f 1909 1913 1910
f 1913 1914 1910
f 1910 1914 1915
f 1914 1916 1915
f 1915 1916 1917
f 1917 1918 1915
f 1918 1919 1915
f 1915 1919 1920
f 1919 1921 1920
f 1921 1922 1920
f 1922 1923 1920
f 1920 1923 1924
f 1923 1925 1924
f 1925 1926 1924
f 1926 1927 1924
f 1924 1927 1928
f 1927 1929 1928
f 1928 1929 1930
f 1930 1931 1928
f 1931 1932 1928
f 1928 1932 1933
f 1932 1934 1933
f 1934 1935 1933
f 1935 1936 1933
f 1933 1936 1880
f 1936 1937 1880
f 1880 1937 1878
f 1875 1877 1938
f 1879 1939 1880
f 1939 1940 1880
f 1880 1940 1877
f 1940 1941 1877
f 1877 1941 1938
f 1876 1942 1877
f 1942 1943 1877
f 1877 1943 1944
f 1943 1945 1944
f 1945 1946 1944
f 1944 1946 1947
f 1947 1948 1944
f 1948 1949 1944
f 1944 1949 1950
f 1949 1951 1950
f 1951 1952 1950
f 1952 1953 1950
f 1950 1953 1954
f 1954 1955 1950
f 1955 1956 1950
f 1950 1956 1957
f 1956 1958 1957
f 1957 1958 1959
f 1959 1960 1957
f 1960 1961 1957
f 1957 1961 1962
f 1961 1963 1962
f 1962 1963 1964
f 1964 1965 1962
f 1965 1966 1962
f 1962 1966 1967
f 1968 1969 1970
f 1969 1962 1970
f 1970 1962 1971
f 1962 1967 1971
f 1968 1972 1969
f 1972 1973 1969
f 1969 1973 1974
f 1872 1874 1975
f 1974 1976 1969
f 1976 1977 1969
f 1969 1977 1874
f 1977 1978 1874
f 1874 1978 1975
f 1873 1979 1874
f 1979 1980 1874
f 1874 1980 1981
f 1980 1982 1981
f 1982 1983 1981
f 1981 1983 1984
f 1869 1871 1985
f 1984 1986 1981
f 1986 1987 1981
f 1981 1987 1871
f 1987 1988 1871
f 1871 1988 1985
f 1870 1989 1871
f 1989 1990 1871
f 1871 1990 1991
f 1990 1992 1991
f 1991 1992 1993
f 1993 1994 1991
f 1994 1995 1991
f 1991 1995 1996
f 1996 1997 1991
f 1997 1998 1991
f 1991 1998 1999
f 1998 2000 1999
f 2000 2001 1999
f 2001 2002 1999
f 1999 2002 2003
f 2003 2004 1999
f 2004 2005 1999
f 1999 2005 2006
f 2005 2007 2006
f 2007 2008 2006
f 2006 2008 2009
f 1866 1868 2010
f 2009 2011 2006
f 2011 2012 2006
f 2006 2012 1868
f 2012 2013 1868
f 1868 2013 2010
f 1867 2014 1868
f 2014 2015 1868
f 1868 2015 1865
f 2015 2016 1865
f 1865 2016 1863
f 1864 2017 1865
f 2017 2018 1865
f 1865 2018 1862
f 2018 2019 1862
f 1862 2019 1860
f 1861 2020 1862
f 2020 2021 1862
f 1862 2021 2022
f 2021 2023 2022
f 2022 2023 2024
f 2024 2025 2022
f 2025 2026 2022
f 2022 2026 2027
f 2027 2028 2022
f 2028 2029 2022
f 2022 2029 2030
f 2029 2031 2030
f 1857 1859 2032
f 2031 2033 2030
f 2033 2034 2030
f 2030 2034 2035
f 2035 2036 2030
f 2036 2037 2030
f 2030 2037 1859
f 2037 2038 1859
f 1859 2038 2032
f 1858 2039 1859
f 2039 2040 1859
f 1859 2040 2041
f 2040 2042 2041
f 2042 2043 2041
f 2041 2043 2044
f 2044 2045 2041
f 2045 2046 2041
f 2041 2046 2047
f 2046 2048 2047
f 2048 2049 2047
f 2047 2049 2050
f 2049 2051 2050
f 2050 2051 2052
f 2052 2053 2050
f 2053 2054 2050
f 2050 2054 1856
f 2054 2055 1856
f 1856 2055 1854
f 1855 2056 1856
f 2056 2057 1856
f 1856 2057 2058
f 2057 2059 2058
f 2059 2060 2058
f 2060 2061 2058
f 2058 2061 2062
f 2061 2063 2062
f 2062 2063 2064
f 2064 2065 2062
f 2065 2066 2062
f 2062 2066 2067
f 2066 2068 2067
f 2068 2069 2067
f 2069 2070 2067
f 2067 2070 2071
f 2070 2072 2071
f 2072 2073 2071
f 2073 2074 2071
f 2071 2074 2075
f 2074 2076 2075
f 2076 2077 2075
f 2077 2078 2075
f 2075 2078 2079
f 2078 2080 2079
f 2079 2080 2081
f 2081 2082 2079
f 2082 2083 2079
f 2079 2083 1889
f 2083 2084 1889
f 1889 2084 1887
f 2085 2086 2087
f 2088 2089 2090
f 2087 2086 2091
f 2092 2093 2091
f 2093 2092 2094
f 2095 2096 2097
f 2097 2096 2098
f 2099 2100 2101
f 2102 2103 2104
f 2105 2106 2107
f 2108 2109 2110
f 2111 2112 2113
f 2114 2115 2116
f 2117 2118 2119
f 2120 2121 2122
f 2123 2119 2124
f 2125 2126 2127
f 2128 2129 2130
f 2131 2132 2133
f 2134 2135 2136
f 2137 2138 2139
f 2140 2141 2142
f 2143 2144 2145
f 2146 2147 2148
f 2148 2147 2149
f 2150 2151 2152
f 2153 2154 2155
f 2156 2157 2158
f 2159 2160 2161
f 2162 2163 2164
f 2165 2166 2167
f 2167 2166 2168
f 2169 2170 2171
f 2172 2173 2174
f 2175 2176 2177
f 2178 2179 2180
f 2181 2182 2183
f 2184 2185 2186
f 2187 2188 2189
f 2190 2191 2192
f 2193 2194 2195
f 2196 2197 2198
f 2199 2200 2201
f 2202 2203 2204
f 2205 2206 2207
f 2208 2209 2210
f 2209 2211 2210
f 1935 1934 2212
f 1930 1929 2213
f 1908 1907 2214
f 1904 1903 2215
f 2215 1903 1902
f 2216 1883 1885
f 2074 2217 2076
f 2061 2218 2219
f 2129 2128 2056
f 2049 2048 2220
f 2051 2049 2221
f 2052 2222 2053
f 2222 2223 2053
f 2053 2223 2054
f 1854 2224 1855
f 2224 2125 1855
f 1855 2125 2056
f 2060 2059 2225
f 2059 2057 2225
f 2065 2064 2219
f 2064 2063 2219
f 2219 2063 2061
f 2226 2068 2066
f 2217 2074 2227
f 2074 2073 2227
f 2073 2072 2227
f 2227 2072 2228
f 2072 2070 2228
f 2228 2070 2226
f 2070 2069 2226
f 2226 2069 2068
f 2078 2144 2080
f 2144 2143 2080
f 2080 2143 2081
f 2229 2084 2230
f 2231 1888 2229
f 1888 1887 2229
f 2229 1887 2084
f 1891 1892 2232
f 1892 1893 2232
f 2232 1893 2233
f 2234 2235 2236
f 2235 2237 2236
f 2238 1895 2239
f 1895 1894 2239
f 2239 1894 1881
f 2240 1898 2238
f 1898 1897 2238
f 2238 1897 1895
f 2241 2242 2243
f 2242 2214 2243
f 2243 2214 1905
f 2214 1907 1905
f 1911 2089 1909
f 2089 2088 1909
f 1909 2088 1913
f 2088 1914 1913
f 2244 2245 1917
f 1925 1923 2246
f 1923 1922 2246
f 2246 1922 2247
f 1922 1921 2247
f 2247 1921 1919
f 2246 2248 1925
f 2248 2249 1925
f 1925 2249 1926
f 2249 1927 1926
f 2250 1936 1935
f 2251 2252 2253
f 2252 2254 2253
f 2253 2254 2255
f 2256 2257 2258
f 2257 2256 2259
f 2256 2260 2259
f 2259 2260 2261
f 2262 2263 2264
f 2263 2262 2265
f 2266 2265 2267
f 2268 2269 2270
f 2206 2271 2102
f 2271 2272 2102
f 2102 2272 2103
f 2272 2273 2103
f 2103 2273 2268
f 2273 2274 2268
f 2268 2274 2269
f 2205 2207 2275
f 2276 2204 2277
f 2203 2202 2278
f 2200 2279 2201
f 2279 2280 2201
f 2201 2280 2281
f 2282 2199 2283
f 2284 2285 2286
f 2287 2288 2289
f 2288 2290 2289
f 2291 2292 2293
f 2292 2198 2293
f 2294 2295 2291
f 2295 2296 2291
f 2296 2297 2291
f 2297 2298 2291
f 2291 2298 2292
f 2298 2299 2292
f 2292 2299 2198
f 2299 2300 2198
f 2198 2300 2196
f 2194 2301 2295
f 2301 2302 2295
f 2295 2302 2296
f 2303 2304 2305
f 2193 2195 2306
f 2307 2308 2303
f 2308 2309 2303
f 2303 2309 2304
f 2310 2307 2311
f 2307 2303 2311
f 2311 2303 2195
f 2303 2305 2195
f 2195 2305 2306
f 2312 2313 2314
f 2313 2315 2314
f 2316 2317 2318
f 2317 2319 2318
f 2318 2319 2320
f 2321 2322 2312
f 2322 2323 2312
f 2312 2323 2313
f 2324 2325 2326
f 2325 2327 2326
f 2327 2328 2326
f 2326 2328 2321
f 2329 2330 2331
f 2330 2332 2331
f 2331 2332 2324
f 2190 2192 2333
f 2187 2189 2334
f 2335 2336 2337
f 2338 2339 2340
f 2339 2341 2340
f 2341 2342 2340
f 2342 2343 2340
f 2340 2343 2335
f 2343 2344 2335
f 2335 2344 2336
f 2345 2346 2339
f 2346 2347 2339
f 2347 2348 2339
f 2339 2348 2341
f 2349 2350 2351
f 2350 2352 2351
f 2353 2354 2355
f 2354 2356 2355
f 2355 2356 2357
f 2358 2359 2360
f 2361 2362 2363
f 2362 2358 2363
f 2364 2365 2366
f 2365 2367 2366
f 2368 2369 2370
f 2369 2371 2370
f 2372 2373 2374
f 2373 2375 2374
f 2374 2375 2376
f 2372 2377 2378
f 2377 2379 2378
f 2380 2381 2382
f 2381 2383 2382
f 2383 2384 2382
f 2384 2385 2382
f 2382 2385 2386
f 2385 2387 2386
f 2386 2387 2388
f 2389 2390 2391
f 2390 2392 2391
f 2393 2394 2395
f 2394 2396 2395
f 2120 2395 2390
f 2395 2396 2390
f 2390 2396 2392
f 2397 2398 2399
f 2400 2401 2397
f 2401 2402 2397
f 2397 2402 2398
f 2403 2404 2405
f 2184 2186 2406
f 2181 2183 2407
f 2408 2409 2109
f 2409 2410 2109
f 2178 2180 2411
f 2108 2412 2109
f 2412 2413 2109
f 2109 2413 2408
f 2414 2415 2416
f 2415 2417 2416
f 2418 2419 2420
f 2419 2421 2420
f 2420 2421 2422
f 2423 2424 2425
f 2420 2426 2418
f 2426 2423 2418
f 2418 2423 2427
f 2423 2425 2427
f 2114 2428 2113
f 2428 2429 2113
f 2430 2431 2428
f 2431 2432 2428
f 2428 2432 2429
f 2176 2433 2177
f 2433 2434 2177
f 2177 2434 2435
f 2436 2437 2438
f 2439 2440 2436
f 2437 2436 2172
f 2436 2440 2172
f 2172 2440 2173
f 2441 2442 2443
f 2442 2444 2443
f 2443 2444 2445
f 2444 2171 2445
f 2445 2171 2446
f 2171 2170 2446
f 2112 2111 2447
f 2111 2448 2447
f 2447 2448 2449
f 2450 2107 2451
f 2107 2106 2451
f 2451 2106 2452
f 2450 2453 2107
f 2453 2454 2107
f 2107 2454 2455
f 2454 2456 2455
f 2455 2456 2457
f 2458 2459 2460
f 2459 2461 2460
f 2460 2461 2164
f 2461 2462 2164
f 2164 2462 2162
f 2463 2464 2465
f 2464 2466 2465
f 2466 2467 2465
f 2467 2468 2465
f 2465 2468 2469
f 2468 2470 2469
f 2469 2470 2471
f 2472 2473 2474
f 2473 2475 2474
f 2474 2475 2476
f 2161 2477 2478
f 2477 2479 2478
f 2160 2480 2161
f 2480 2481 2161
f 2161 2481 2477
f 2157 2482 2483
f 2484 2485 2158
f 2485 2486 2158
f 2158 2486 2156
f 2155 2154 2487
f 2154 2488 2487
f 2488 2489 2487
f 2487 2489 2490
f 2491 2492 2493
f 2493 2494 2491
f 2494 2495 2491
f 2491 2495 2155
f 2495 2496 2155
f 2155 2496 2153
f 2497 2498 2499
f 2498 2500 2499
f 2501 2502 2503
f 2502 2504 2503
f 2503 2504 2497
f 2504 2505 2497
f 2497 2505 2498
f 2506 2507 2508
f 2507 2509 2508
f 2508 2509 2503
f 2509 2510 2503
f 2503 2510 2501
f 2151 2511 2152
f 2511 2512 2152
f 2152 2512 2508
f 2512 2513 2508
f 2508 2513 2506
f 2150 2152 2514
f 2152 2515 2514
f 2514 2515 2516
f 2517 2518 2515
f 2518 2519 2515
f 2519 2520 2515
f 2520 2521 2515
f 2515 2521 2516
f 2522 2523 2524
f 2523 2517 2524
f 2525 2526 2527
f 2526 2528 2527
f 2527 2528 2529
f 2525 2527 2530
f 2527 2531 2530
f 2530 2531 2532
f 2533 2534 2535
f 2534 2536 2535
f 2535 2536 2537
f 2536 2538 2537
f 2537 2538 2539
f 2540 2541 2542
f 2541 2543 2542
f 2544 2545 2546
f 2545 2547 2546
f 2546 2547 2548
f 2549 2550 2551
f 2550 2552 2551
f 2551 2552 2553
f 2049 2220 2221
f 2220 2554 2221
f 2221 2554 2555
f 1883 2216 1881
f 2216 2234 1881
f 1881 2234 2239
f 2234 2236 2239
f 2239 2236 2238
f 2145 2556 2557
f 2558 2559 2560
f 2559 2561 2560
f 2557 2556 2562
f 2563 2561 2564
f 2561 2559 2564
f 2564 2559 2565
f 2559 2558 2565
f 2565 2558 2566
f 2567 2568 2569
f 2568 2570 2569
f 2145 2144 2556
f 2144 2571 2556
f 2556 2571 2142
f 2228 2140 2227
f 2140 2142 2227
f 2227 2142 2217
f 2142 2571 2217
f 2217 2571 2076
f 2571 2144 2076
f 2076 2144 2077
f 2144 2078 2077
f 2567 2562 2568
f 2562 2556 2568
f 2568 2556 2570
f 2556 2142 2570
f 2570 2142 2569
f 2142 2141 2569
f 2569 2141 2572
f 2573 2574 2575
f 2574 2576 2575
f 2575 2576 2577
f 2576 2578 2577
f 2577 2578 2579
f 2578 2580 2579
f 2579 2580 2581
f 2139 2582 2583
f 2582 2584 2583
f 2139 2583 2137
f 2583 2585 2137
f 2137 2585 2586
f 2587 2588 2134
f 2588 2584 2134
f 2134 2584 2135
f 2584 2582 2135
f 2588 2589 2584
f 2589 2590 2584
f 2584 2590 2583
f 2590 2591 2583
f 2583 2591 2585
f 2592 2593 2594
f 2593 2595 2594
f 2594 2595 2596
f 2595 2597 2596
f 2596 2597 2598
f 2597 2599 2598
f 2598 2599 2600
f 2599 2601 2600
f 2602 2603 2604
f 2603 2605 2604
f 2604 2605 2606
f 2605 2607 2606
f 2606 2607 2608
f 2607 2609 2608
f 2608 2609 2610
f 2609 2611 2610
f 2610 2611 2612
f 2611 2613 2612
f 2612 2613 2614
f 2613 2127 2614
f 2133 2615 2616
f 2617 2131 2618
f 2131 2133 2618
f 2618 2133 2619
f 2133 2616 2619
f 2619 2616 2130
f 2616 2225 2130
f 2130 2225 2128
f 2225 2057 2128
f 2128 2057 2056
f 2572 2141 2620
f 2141 2140 2620
f 2620 2140 2617
f 2140 2228 2617
f 2617 2228 2131
f 2228 2226 2131
f 2131 2226 2132
f 2226 2066 2132
f 2132 2066 2133
f 2066 2065 2133
f 2133 2065 2615
f 2065 2219 2615
f 2615 2219 2616
f 2219 2218 2616
f 2616 2218 2225
f 2218 2061 2225
f 2225 2061 2060
f 2614 2601 2612
f 2601 2599 2612
f 2612 2599 2610
f 2599 2597 2610
f 2610 2597 2608
f 2597 2595 2608
f 2608 2595 2606
f 2595 2593 2606
f 2606 2593 2604
f 2593 2592 2604
f 2604 2592 2602
f 2592 2621 2602
f 2602 2621 2622
f 2621 2623 2622
f 2622 2623 2560
f 2623 2624 2560
f 2560 2624 2558
f 2624 2625 2558
f 2558 2625 2566
f 2136 2626 2627
f 2626 2628 2627
f 2629 2630 2631
f 2630 2628 2631
f 2631 2628 2632
f 2628 2626 2632
f 2056 2125 2129
f 2125 2127 2129
f 2129 2127 2130
f 2127 2613 2130
f 2130 2613 2619
f 2613 2611 2619
f 2619 2611 2618
f 2611 2609 2618
f 2618 2609 2617
f 2609 2607 2617
f 2617 2607 2620
f 2607 2605 2620
f 2620 2605 2572
f 2605 2603 2572
f 2572 2603 2569
f 2603 2602 2569
f 2569 2602 2567
f 2602 2622 2567
f 2567 2622 2562
f 2622 2560 2562
f 2562 2560 2557
f 2560 2561 2557
f 2557 2561 2145
f 2561 2563 2145
f 2145 2563 2143
f 2563 2082 2143
f 2143 2082 2081
f 2126 2125 2633
f 2125 2224 2633
f 2633 2224 2634
f 1854 2055 2224
f 2055 2054 2224
f 2224 2054 2634
f 2054 2223 2634
f 2634 2223 2633
f 2223 2635 2633
f 2633 2635 2126
f 2635 2636 2126
f 2126 2636 2127
f 2636 2637 2127
f 2127 2637 2614
f 2554 2549 2555
f 2549 2551 2555
f 2555 2551 2638
f 2551 2553 2638
f 2638 2553 2639
f 2553 2640 2639
f 2052 2051 2222
f 2051 2221 2222
f 2222 2221 2223
f 2221 2555 2223
f 2223 2555 2635
f 2555 2638 2635
f 2635 2638 2636
f 2638 2639 2636
f 2636 2639 2637
f 2136 2627 2134
f 2627 2641 2134
f 2134 2641 2587
f 2642 2643 2644
f 2643 2645 2644
f 2644 2645 2646
f 2645 2647 2646
f 2646 2647 2648
f 2649 2650 2586
f 2650 2581 2586
f 2586 2581 2137
f 2581 2580 2137
f 2137 2580 2138
f 2651 2652 2653
f 2652 2654 2653
f 2157 2483 2158
f 2483 2487 2158
f 2158 2487 2484
f 2487 2490 2484
f 2484 2490 2485
f 2487 2655 2155
f 2655 2499 2155
f 2155 2499 2491
f 2499 2500 2491
f 2491 2500 2492
f 2123 2124 2656
f 2124 2657 2656
f 2656 2657 2658
f 2657 2659 2658
f 2658 2659 2660
f 2659 2661 2660
f 2660 2661 2662
f 2661 2663 2662
f 2662 2663 2664
f 2663 2665 2664
f 2664 2665 2666
f 2649 2586 2667
f 2586 2585 2667
f 2667 2585 2668
f 2585 2591 2668
f 2668 2591 2669
f 2591 2590 2669
f 2669 2590 2670
f 2590 2589 2670
f 2670 2589 2671
f 2589 2588 2671
f 2671 2588 2672
f 2588 2587 2672
f 2672 2587 2673
f 2587 2641 2673
f 2673 2641 2674
f 2665 2675 2666
f 2675 2676 2666
f 2666 2676 2677
f 2676 2678 2677
f 2677 2678 2679
f 2678 2680 2679
f 2679 2680 2529
f 2517 2515 2524
f 2515 2152 2524
f 2524 2152 2681
f 2152 2508 2681
f 2681 2508 2682
f 2508 2503 2682
f 2682 2503 2683
f 2503 2497 2683
f 2683 2497 2684
f 2497 2499 2684
f 2684 2499 2685
f 2499 2655 2685
f 2685 2655 2651
f 2674 2686 2687
f 2686 2688 2687
f 2687 2688 2689
f 2688 2690 2689
f 2689 2690 2691
f 2674 2641 2686
f 2641 2627 2686
f 2686 2627 2688
f 2627 2628 2688
f 2688 2628 2690
f 2628 2630 2690
f 2690 2630 2691
f 2630 2629 2691
f 2691 2629 2692
f 2680 2693 2529
f 2693 2694 2529
f 2529 2694 2527
f 2694 2695 2527
f 2527 2695 2531
f 2539 2532 2537
f 2532 2531 2537
f 2537 2531 2535
f 2531 2540 2535
f 2535 2540 2533
f 2540 2542 2533
f 2533 2542 2696
f 2542 2543 2696
f 2547 2146 2548
f 2146 2148 2548
f 2548 2148 2541
f 2148 2149 2541
f 2541 2149 2543
f 2697 2121 2698
f 2121 2120 2698
f 2698 2120 2380
f 2120 2390 2380
f 2380 2390 2381
f 2390 2389 2381
f 2122 2397 2120
f 2397 2399 2120
f 2120 2399 2395
f 2399 2699 2395
f 2395 2699 2393
f 2700 2701 2702
f 2701 2703 2702
f 2702 2703 2704
f 2703 2705 2704
f 2704 2705 2706
f 2705 2707 2706
f 2706 2707 2708
f 2708 2709 2706
f 2709 2710 2706
f 2706 2710 2704
f 2710 2711 2704
f 2704 2711 2702
f 2711 2712 2702
f 2702 2712 2700
f 2712 2713 2700
f 2404 2400 2405
f 2400 2397 2405
f 2405 2397 2714
f 2397 2122 2714
f 2714 2122 2713
f 2122 2121 2713
f 2713 2121 2700
f 2121 2697 2700
f 2700 2697 2701
f 2715 2716 2186
f 2716 2183 2186
f 2186 2183 2406
f 2183 2182 2406
f 2715 2717 2716
f 2717 2718 2716
f 2716 2718 2183
f 2718 2180 2183
f 2183 2180 2407
f 2180 2179 2407
f 2185 2403 2186
f 2403 2405 2186
f 2186 2405 2715
f 2405 2714 2715
f 2715 2714 2717
f 2714 2713 2717
f 2717 2713 2719
f 2713 2712 2719
f 2719 2712 2720
f 2712 2711 2720
f 2720 2711 2721
f 2711 2710 2721
f 2721 2710 2722
f 2710 2709 2722
f 2722 2709 2654
f 2709 2723 2654
f 2654 2723 2653
f 2651 2655 2652
f 2655 2487 2652
f 2652 2487 2654
f 2487 2483 2654
f 2654 2483 2722
f 2483 2724 2722
f 2722 2724 2721
f 2724 2725 2721
f 2721 2725 2720
f 2725 2726 2720
f 2720 2726 2719
f 2726 2727 2719
f 2719 2727 2717
f 2727 2728 2717
f 2717 2728 2718
f 2707 2117 2708
f 2117 2119 2708
f 2708 2119 2709
f 2119 2123 2709
f 2709 2123 2723
f 2123 2656 2723
f 2723 2656 2653
f 2656 2658 2653
f 2653 2658 2651
f 2658 2660 2651
f 2651 2660 2685
f 2660 2662 2685
f 2685 2662 2684
f 2662 2664 2684
f 2684 2664 2683
f 2664 2666 2683
f 2683 2666 2682
f 2666 2677 2682
f 2682 2677 2681
f 2677 2679 2681
f 2681 2679 2524
f 2679 2529 2524
f 2524 2529 2522
f 2529 2528 2522
f 2442 2439 2444
f 2439 2436 2444
f 2444 2436 2171
f 2436 2116 2171
f 2171 2116 2169
f 2116 2115 2169
f 2169 2115 2729
f 2438 2730 2436
f 2730 2175 2436
f 2436 2175 2116
f 2175 2177 2116
f 2116 2177 2114
f 2177 2435 2114
f 2114 2435 2428
f 2435 2731 2428
f 2428 2731 2430
f 2447 2732 2112
f 2732 2165 2112
f 2112 2165 2113
f 2165 2167 2113
f 2113 2167 2114
f 2167 2168 2114
f 2114 2168 2115
f 2168 2733 2115
f 2115 2733 2729
f 2422 2417 2420
f 2417 2415 2420
f 2420 2415 2108
f 2415 2414 2108
f 2108 2414 2412
f 2471 2458 2469
f 2458 2460 2469
f 2469 2460 2734
f 2460 2164 2734
f 2734 2164 2105
f 2164 2163 2105
f 2105 2163 2106
f 2163 2735 2106
f 2106 2735 2452
f 2479 2472 2478
f 2472 2474 2478
f 2478 2474 2736
f 2474 2476 2736
f 2736 2476 2737
f 2476 2738 2737
f 2737 2738 2739
f 2738 2740 2739
f 2739 2740 2741
f 2740 2742 2741
f 2741 2742 2110
f 2742 2743 2110
f 2110 2743 2108
f 2743 2744 2108
f 2108 2744 2420
f 2744 2745 2420
f 2420 2745 2426
f 2449 2448 2745
f 2448 2111 2745
f 2745 2111 2426
f 2111 2113 2426
f 2426 2113 2423
f 2113 2429 2423
f 2423 2429 2424
f 2475 2463 2476
f 2463 2465 2476
f 2476 2465 2738
f 2465 2469 2738
f 2738 2469 2740
f 2469 2734 2740
f 2740 2734 2742
f 2734 2105 2742
f 2742 2105 2743
f 2105 2107 2743
f 2743 2107 2744
f 2107 2455 2744
f 2744 2455 2745
f 2455 2457 2745
f 2745 2457 2449
f 2482 2159 2483
f 2159 2161 2483
f 2483 2161 2724
f 2161 2478 2724
f 2724 2478 2725
f 2478 2736 2725
f 2725 2736 2726
f 2736 2737 2726
f 2726 2737 2727
f 2737 2739 2727
f 2727 2739 2728
f 2739 2741 2728
f 2728 2741 2718
f 2741 2110 2718
f 2718 2110 2180
f 2110 2109 2180
f 2180 2109 2411
f 2109 2410 2411
f 2315 2316 2314
f 2316 2318 2314
f 2314 2318 2311
f 2318 2320 2311
f 2311 2320 2310
f 2746 2747 2276
f 2293 2290 2291
f 2290 2288 2291
f 2291 2288 2294
f 2288 2748 2294
f 2294 2748 2749
f 2748 2750 2749
f 2749 2750 2751
f 2750 2752 2751
f 2751 2752 2753
f 2752 2754 2753
f 2195 2755 2311
f 2755 2756 2311
f 2311 2756 2314
f 2756 2757 2314
f 2314 2757 2312
f 2757 2758 2312
f 2285 2282 2286
f 2282 2283 2286
f 2286 2283 2759
f 2283 2760 2759
f 2759 2760 2761
f 2760 2762 2761
f 2761 2762 2763
f 2762 2764 2763
f 2763 2764 2765
f 2764 2766 2765
f 2194 2295 2195
f 2295 2294 2195
f 2195 2294 2755
f 2294 2749 2755
f 2755 2749 2756
f 2749 2751 2756
f 2756 2751 2757
f 2751 2753 2757
f 2757 2753 2758
f 2753 2754 2758
f 2758 2754 2767
f 2768 2104 2769
f 2104 2103 2769
f 2769 2103 2770
f 2103 2268 2770
f 2770 2268 2771
f 2268 2270 2771
f 2771 2270 2210
f 2270 2772 2210
f 2210 2772 2208
f 2773 2768 2774
f 2768 2769 2774
f 2774 2769 2775
f 2769 2770 2775
f 2775 2770 2776
f 2770 2771 2776
f 2776 2771 2777
f 2771 2210 2777
f 2281 2278 2201
f 2278 2202 2201
f 2201 2202 2778
f 2202 2779 2778
f 2778 2779 2780
f 2779 2781 2780
f 2780 2781 2782
f 2781 2783 2782
f 2782 2783 2784
f 2783 2785 2784
f 2784 2785 2786
f 2785 2787 2786
f 2287 2284 2288
f 2284 2286 2288
f 2288 2286 2748
f 2286 2759 2748
f 2748 2759 2750
f 2759 2761 2750
f 2750 2761 2752
f 2761 2763 2752
f 2752 2763 2754
f 2763 2765 2754
f 2754 2765 2767
f 2765 2766 2767
f 2767 2766 2788
f 2747 2746 2789
f 2746 2790 2789
f 2789 2790 2791
f 2790 2792 2791
f 2791 2792 2793
f 2792 2794 2793
f 2793 2794 2795
f 2794 2796 2795
f 2795 2796 2797
f 2199 2201 2283
f 2201 2778 2283
f 2283 2778 2760
f 2778 2780 2760
f 2760 2780 2762
f 2780 2782 2762
f 2762 2782 2764
f 2782 2784 2764
f 2764 2784 2766
f 2784 2786 2766
f 2766 2786 2788
f 2786 2787 2788
f 2788 2787 2798
f 2264 2261 2262
f 2261 2260 2262
f 2262 2260 2799
f 2260 2800 2799
f 2799 2800 2801
f 2800 2802 2801
f 2801 2802 2803
f 2802 2804 2803
f 2803 2804 2805
f 2804 2806 2805
f 2805 2806 2807
f 2806 2808 2807
f 2807 2808 2809
f 2808 2810 2809
f 2809 2810 2811
f 2810 2812 2811
f 2811 2812 2813
f 2812 2814 2813
f 2813 2814 2815
f 2814 2816 2815
f 2817 2818 2819
f 2818 2820 2819
f 2819 2820 2821
f 2820 2822 2821
f 2821 2822 2773
f 2822 2823 2773
f 2773 2823 2768
f 2823 2824 2768
f 2768 2824 2104
f 2824 2825 2104
f 2104 2825 2102
f 2277 2275 2276
f 2275 2207 2276
f 2276 2207 2746
f 2207 2826 2746
f 2746 2826 2790
f 2826 2827 2790
f 2790 2827 2792
f 2827 2828 2792
f 2792 2828 2794
f 2828 2829 2794
f 2794 2829 2796
f 2829 2830 2796
f 2796 2830 2797
f 2830 2831 2797
f 2206 2102 2207
f 2102 2825 2207
f 2207 2825 2826
f 2825 2824 2826
f 2826 2824 2827
f 2824 2823 2827
f 2827 2823 2828
f 2823 2822 2828
f 2828 2822 2829
f 2822 2820 2829
f 2829 2820 2830
f 2820 2818 2830
f 2830 2818 2831
f 2818 2817 2831
f 2831 2817 2832
f 2352 2345 2351
f 2345 2339 2351
f 2351 2339 2833
f 2339 2338 2833
f 2833 2338 2834
f 2357 2349 2355
f 2349 2351 2355
f 2355 2351 2835
f 2351 2833 2835
f 2835 2833 2836
f 2833 2834 2836
f 2836 2834 2837
f 2838 2839 2840
f 2841 2353 2842
f 2353 2355 2842
f 2842 2355 2843
f 2355 2835 2843
f 2843 2835 2844
f 2835 2836 2844
f 2844 2836 2845
f 2836 2837 2845
f 2845 2837 2846
f 2847 2848 2849
f 2848 2850 2849
f 2849 2850 2851
f 2850 2852 2851
f 2851 2852 2853
f 2852 2854 2853
f 2853 2854 2855
f 2854 2856 2855
f 2855 2856 2857
f 2856 2858 2857
f 2857 2858 2859
f 2858 2189 2859
f 2859 2189 2192
f 2189 2188 2192
f 2192 2188 2333
f 2860 2861 2862
f 2861 2863 2862
f 2862 2863 2864
f 2848 2846 2850
f 2846 2837 2850
f 2850 2837 2852
f 2837 2834 2852
f 2852 2834 2854
f 2834 2338 2854
f 2854 2338 2856
f 2338 2340 2856
f 2856 2340 2858
f 2340 2335 2858
f 2858 2335 2189
f 2335 2337 2189
f 2189 2337 2334
f 2358 2360 2363
f 2360 2865 2363
f 2363 2865 2866
f 2867 2868 2869
f 2868 2870 2869
f 2869 2870 2871
f 2870 2866 2871
f 2871 2866 2872
f 2866 2865 2872
f 2873 2874 2875
f 2874 2876 2875
f 2875 2876 2877
f 2876 2878 2877
f 2877 2878 2879
f 2878 2880 2879
f 2879 2880 2881
f 2880 2251 2881
f 2881 2251 2212
f 2251 2253 2212
f 2212 2253 1935
f 2253 2255 1935
f 1935 2255 2250
f 2100 2882 2883
f 2884 2873 2885
f 2873 2875 2885
f 2885 2875 2886
f 2875 2877 2886
f 2886 2877 2887
f 2877 2879 2887
f 2887 2879 2888
f 2879 2881 2888
f 2888 2881 2889
f 2881 2212 2889
f 2889 2212 1932
f 2212 1934 1932
f 1929 1927 2213
f 1927 2249 2213
f 2213 2249 2890
f 2249 2248 2890
f 2890 2248 2891
f 2891 2248 2892
f 2248 2246 2892
f 2892 2246 2893
f 2246 2247 2893
f 2893 2247 2894
f 2247 1919 2894
f 2894 1919 2245
f 1919 1918 2245
f 2245 1918 1917
f 2895 2896 2897
f 2895 2897 2898
f 2897 2899 2898
f 2898 2899 2900
f 2899 2901 2900
f 2900 2901 2902
f 2903 2904 2902
f 2904 2905 2902
f 2902 2905 2900
f 2905 2906 2900
f 2900 2906 2898
f 2906 2907 2898
f 2898 2907 2895
f 2907 2908 2895
f 2895 2908 2896
f 2908 2909 2896
f 2903 2902 2244
f 2902 2901 2244
f 2244 2901 2245
f 2901 2899 2245
f 2245 2899 2894
f 2899 2897 2894
f 2894 2897 2893
f 2897 2896 2893
f 2893 2896 2892
f 2896 2909 2892
f 2892 2909 2891
f 2100 2883 2101
f 2883 2910 2101
f 2101 2910 2911
f 2910 2912 2911
f 2911 2912 2913
f 2912 2914 2913
f 2913 2914 2915
f 2265 2262 2267
f 2262 2799 2267
f 2267 2799 2916
f 2799 2801 2916
f 2916 2801 2917
f 2801 2803 2917
f 2917 2803 2918
f 2803 2805 2918
f 2918 2805 2919
f 2805 2807 2919
f 2919 2807 2920
f 2807 2809 2920
f 2920 2809 2921
f 2809 2811 2921
f 2921 2811 2922
f 2811 2813 2922
f 2922 2813 2923
f 2813 2815 2923
f 2923 2815 2924
f 2815 2816 2924
f 2924 2816 2925
f 2926 2098 2927
f 2098 2096 2927
f 2927 2096 2928
f 2096 2095 2928
f 2928 2095 2929
f 2930 2915 2931
f 2915 2914 2931
f 2931 2914 2932
f 2914 2912 2932
f 2932 2912 2933
f 2912 2910 2933
f 2933 2910 2884
f 2910 2883 2884
f 2884 2883 2873
f 2883 2882 2873
f 2873 2882 2874
f 2099 2101 2934
f 2101 2911 2934
f 2934 2911 2935
f 2911 2913 2935
f 2935 2913 2936
f 2913 2915 2936
f 2936 2915 2937
f 2915 2930 2937
f 2937 2930 2938
f 2930 2939 2938
f 2938 2939 2940
f 2321 2312 2326
f 2312 2758 2326
f 2326 2758 2941
f 2758 2767 2941
f 2941 2767 2942
f 2767 2788 2942
f 2942 2788 2943
f 2788 2798 2943
f 2943 2798 2944
f 2798 2945 2944
f 2944 2945 2946
f 2945 2947 2946
f 2946 2947 2948
f 2947 2949 2948
f 2948 2949 2950
f 2949 2951 2950
f 2950 2951 2952
f 2951 2953 2952
f 2952 2953 2954
f 1917 1916 2244
f 1916 1914 2244
f 2244 1914 2903
f 1914 2088 2903
f 2903 2088 2955
f 2088 2090 2955
f 2955 2090 2956
f 2090 2957 2956
f 2932 2094 2931
f 2094 2092 2931
f 2931 2092 2930
f 2092 2091 2930
f 2930 2091 2939
f 2091 2086 2939
f 2939 2086 2940
f 2086 2085 2940
f 2940 2085 2958
f 1932 1931 2889
f 1931 1930 2889
f 2889 1930 2888
f 1930 2213 2888
f 2888 2213 2887
f 2213 2890 2887
f 2887 2890 2886
f 2890 2891 2886
f 2886 2891 2885
f 2891 2909 2885
f 2885 2909 2884
f 2909 2908 2884
f 2884 2908 2933
f 2908 2907 2933
f 2933 2907 2932
f 2907 2906 2932
f 2932 2906 2094
f 2906 2905 2094
f 2094 2905 2093
f 2905 2904 2093
f 2093 2904 2091
f 2904 2903 2091
f 2091 2903 2087
f 2903 2955 2087
f 2087 2955 2085
f 2955 2956 2085
f 2085 2956 2958
f 2956 2957 2958
f 2958 2957 2959
f 1905 1904 2243
f 1904 2215 2243
f 2243 2215 2241
f 2215 1902 2241
f 2241 1902 2960
f 1902 1900 2960
f 2960 1900 1899
f 2240 2961 2959
f 2961 2962 2959
f 2959 2962 2958
f 2962 2963 2958
f 2958 2963 2940
f 2963 2964 2940
f 2940 2964 2938
f 2964 2929 2938
f 2938 2929 2937
f 2929 2095 2937
f 2937 2095 2936
f 2095 2097 2936
f 2936 2097 2935
f 2097 2098 2935
f 2935 2098 2934
f 2098 2926 2934
f 2934 2926 2099
f 1899 1898 2960
f 1898 2240 2960
f 2960 2240 2241
f 2240 2959 2241
f 2241 2959 2242
f 2959 2957 2242
f 2242 2957 2214
f 2957 2090 2214
f 2214 2090 1908
f 2090 2089 1908
f 1908 2089 1912
f 2089 1911 1912
f 2965 2966 2967
f 2966 2968 2967
f 2967 2968 2969
f 2968 2970 2969
f 2969 2970 2971
f 2970 2972 2971
f 2971 2972 2973
f 2972 2974 2973
f 2973 2974 2975
f 2974 2976 2975
f 2975 2976 2925
f 2976 2832 2925
f 2925 2832 2924
f 2832 2817 2924
f 2924 2817 2923
f 2817 2819 2923
f 2923 2819 2922
f 2819 2821 2922
f 2922 2821 2921
f 2821 2773 2921
f 2921 2773 2920
f 2773 2774 2920
f 2920 2774 2919
f 2774 2775 2919
f 2919 2775 2918
f 2775 2776 2918
f 2918 2776 2917
f 2776 2777 2917
f 2917 2777 2916
f 2777 2210 2916
f 2916 2210 2267
f 2210 2211 2267
f 2267 2211 2266
f 2258 2252 2256
f 2252 2251 2256
f 2256 2251 2260
f 2251 2977 2260
f 2260 2977 2800
f 2977 2878 2800
f 2800 2878 2802
f 2878 2876 2802
f 2802 2876 2804
f 2876 2874 2804
f 2804 2874 2806
f 2874 2882 2806
f 2806 2882 2808
f 2882 2100 2808
f 2808 2100 2810
f 2100 2099 2810
f 2810 2099 2812
f 2099 2926 2812
f 2812 2926 2814
f 2926 2927 2814
f 2814 2927 2816
f 2927 2928 2816
f 2816 2928 2925
f 2928 2929 2925
f 2925 2929 2975
f 2929 2964 2975
f 2975 2964 2973
f 2964 2963 2973
f 2973 2963 2971
f 2963 2962 2971
f 2971 2962 2969
f 2962 2961 2969
f 2969 2961 2967
f 2961 2240 2967
f 2967 2240 2965
f 2240 2238 2965
f 2965 2238 2978
f 2238 2236 2978
f 2978 2236 2979
f 2236 2237 2979
f 2979 2237 2980
f 2237 2233 2980
f 2980 2233 2981
f 2233 1893 2981
f 2981 1893 1890
f 2982 2983 2984
f 2983 2985 2984
f 2984 2985 2986
f 2987 2847 2988
f 2847 2849 2988
f 2988 2849 2989
f 2849 2851 2989
f 2989 2851 2990
f 2851 2853 2990
f 2990 2853 2991
f 2853 2855 2991
f 2991 2855 2992
f 2855 2857 2992
f 2992 2857 2993
f 2857 2859 2993
f 2993 2859 2994
f 2859 2192 2994
f 2994 2192 2331
f 2192 2191 2331
f 2331 2191 2329
f 2995 2860 2996
f 2860 2862 2996
f 2996 2862 2997
f 2862 2864 2997
f 2997 2864 2839
f 2998 2861 2999
f 2861 2860 2999
f 2999 2860 3000
f 2860 2995 3000
f 3000 2995 3001
f 2839 2838 2997
f 2838 3002 2997
f 2997 3002 2996
f 3002 3003 2996
f 2996 3003 2995
f 3003 3004 2995
f 2995 3004 3001
f 2324 2326 2331
f 2326 2941 2331
f 2331 2941 2994
f 2941 2942 2994
f 2994 2942 2993
f 2942 2943 2993
f 2993 2943 2992
f 2943 2944 2992
f 2992 2944 2991
f 2944 2946 2991
f 2991 2946 2990
f 2946 2948 2990
f 2990 2948 2989
f 2948 2950 2989
f 2989 2950 2988
f 2950 2952 2988
f 2988 2952 2987
f 2952 2954 2987
f 2987 2954 3005
f 2953 3006 2954
f 3006 3007 2954
f 2954 3007 3005
f 3007 3008 3005
f 3005 3008 3009
f 3008 3010 3009
f 3009 3010 3011
f 3012 3013 3014
f 2360 2840 2865
f 2840 2839 2865
f 2865 2839 2872
f 2839 2864 2872
f 2872 2864 2871
f 2864 2863 2871
f 2871 2863 2869
f 2863 2861 2869
f 2869 2861 2867
f 2861 2998 2867
f 2867 2998 3015
f 2998 3016 3015
f 3017 3018 3019
f 3018 3020 3019
f 3019 3020 3021
f 3020 3022 3021
f 3021 3022 3023
f 3022 3024 3023
f 3023 3024 3025
f 3024 2370 3025
f 3025 2370 3026
f 2370 2371 3026
f 3026 2371 2365
f 2371 3027 2365
f 2365 3027 2367
f 3028 3029 3030
f 3029 3031 3030
f 3030 3031 3017
f 3031 3032 3017
f 3017 3032 3018
f 3032 3033 3018
f 3018 3033 3020
f 3033 3034 3020
f 3020 3034 3022
f 3034 3035 3022
f 3022 3035 3024
f 3035 2374 3024
f 3024 2374 2370
f 2374 2376 2370
f 2370 2376 2368
f 3004 3036 3001
f 3036 3014 3001
f 3001 3014 3000
f 3014 3013 3000
f 3000 3013 2999
f 3013 3012 2999
f 2999 3012 2998
f 3012 3037 2998
f 2998 3037 3016
f 3037 3038 3016
f 3039 3040 3041
f 3040 3039 3042
f 2083 3043 2229
f 3043 3044 2229
f 2229 3044 2231
f 3044 3045 2231
f 2231 3045 3046
f 3045 3047 3046
f 3046 3047 3048
f 3047 3049 3048
f 3048 3049 3050
f 3049 3051 3050
f 3050 3051 2982
f 3051 3039 2982
f 2982 3039 2983
f 3039 3041 2983
f 2983 3041 2985
f 3042 3052 3053
f 3052 3054 3053
f 3053 3054 3055
f 3054 2625 3055
f 3055 2625 3056
f 2625 2624 3056
f 3056 2624 3057
f 2624 2623 3057
f 3057 2623 3058
f 2623 2621 3058
f 3058 2621 3059
f 2621 2592 3059
f 3059 2592 3060
f 2592 2594 3060
f 3060 2594 3061
f 2594 2596 3061
f 3061 2596 3062
f 2596 2598 3062
f 3062 2598 3063
f 2598 2600 3063
f 3063 2600 3064
f 2600 2601 3064
f 3064 2601 3065
f 2601 2614 3065
f 3065 2614 3066
f 2614 2637 3066
f 3066 2637 3067
f 2637 2639 3067
f 3067 2639 3068
f 2639 2640 3068
f 3068 2640 3069
f 3042 3039 3052
f 3039 3051 3052
f 3052 3051 3054
f 3051 3049 3054
f 3054 3049 2625
f 3049 3047 2625
f 2625 3047 2566
f 3047 3045 2566
f 2566 3045 2565
f 3045 3044 2565
f 2565 3044 2564
f 3044 3043 2564
f 2564 3043 2563
f 3043 2230 2563
f 2563 2230 2082
f 3014 3070 3012
f 3070 3071 3012
f 3012 3071 3037
f 3071 3072 3037
f 3037 3072 3038
f 3072 3073 3038
f 3038 3073 3074
f 3073 3075 3074
f 3074 3075 3076
f 3075 3077 3076
f 3076 3028 3074
f 3028 3030 3074
f 3074 3030 3038
f 3030 3017 3038
f 3038 3017 3016
f 3017 3019 3016
f 3016 3019 3015
f 3019 3021 3015
f 3015 3021 2867
f 3021 3078 2867
f 2867 3078 2868
f 3078 3025 2868
f 2868 3025 2870
f 3025 3026 2870
f 2870 3026 2866
f 3026 2365 2866
f 2866 2365 2363
f 2365 2364 2363
f 2363 2364 2361
f 3079 2573 3080
f 2573 2575 3080
f 3080 2575 2648
f 2575 2577 2648
f 2648 2577 2646
f 2577 2579 2646
f 2646 2579 2644
f 2579 2581 2644
f 2644 2581 2642
f 2581 2650 2642
f 2372 2374 2377
f 2374 3035 2377
f 2377 3035 3081
f 3035 3034 3081
f 3081 3034 3082
f 3034 3033 3082
f 3082 3033 3083
f 3033 3032 3083
f 3083 3032 3084
f 3032 3031 3084
f 3084 3031 3085
f 3031 3029 3085
f 3085 3029 3086
f 3029 3028 3086
f 3086 3028 3087
f 3028 3076 3087
f 3087 3076 3088
f 3076 3077 3088
f 3088 3077 3089
f 2647 3089 2648
f 3089 3077 2648
f 2648 3077 3080
f 3077 3075 3080
f 3080 3075 3079
f 3075 3073 3079
f 3079 3073 3090
f 3073 3072 3090
f 3090 3072 3011
f 3072 3071 3011
f 3011 3071 3009
f 3071 3070 3009
f 3009 3070 3005
f 3070 3014 3005
f 3005 3014 2987
f 3014 3036 2987
f 2987 3036 2847
f 3036 3004 2847
f 2847 3004 2848
f 3004 3003 2848
f 2848 3003 2846
f 3003 3002 2846
f 2846 3002 2845
f 3002 2838 2845
f 2845 2838 2844
f 2838 2840 2844
f 2844 2840 2843
f 2840 2360 2843
f 2843 2360 2842
f 2360 2359 2842
f 2842 2359 2841
f 3006 2986 3007
f 2986 2985 3007
f 3007 2985 3008
f 2985 3041 3008
f 3008 3041 3010
f 3041 3040 3010
f 3010 3040 3011
f 3040 3042 3011
f 3011 3042 3090
f 3042 3053 3090
f 3090 3053 3079
f 3053 3055 3079
f 3079 3055 2573
f 3055 3056 2573
f 2573 3056 2574
f 3056 3057 2574
f 2574 3057 2576
f 3057 3058 2576
f 2576 3058 2578
f 3058 3059 2578
f 2578 3059 2580
f 3059 3060 2580
f 2580 3060 2138
f 3060 3061 2138
f 2138 3061 2139
f 3061 3062 2139
f 2139 3062 2582
f 3062 3063 2582
f 2582 3063 2135
f 3063 3064 2135
f 2135 3064 2136
f 3064 3065 2136
f 2136 3065 2626
f 3065 3066 2626
f 2626 3066 2632
f 3066 3067 2632
f 2632 3067 2631
f 3067 3068 2631
f 2631 3068 2629
f 3068 3069 2629
f 2629 3069 2692
f 2204 2276 2202
f 2276 2747 2202
f 2202 2747 2779
f 2747 2789 2779
f 2779 2789 2781
f 2789 2791 2781
f 2781 2791 2783
f 2791 2793 2783
f 2783 2793 2785
f 2793 2795 2785
f 2785 2795 2787
f 2795 2797 2787
f 2787 2797 2798
f 2797 2831 2798
f 2798 2831 2945
f 2831 2832 2945
f 2945 2832 2947
f 2832 2976 2947
f 2947 2976 2949
f 2976 2974 2949
f 2949 2974 2951
f 2974 2972 2951
f 2951 2972 2953
f 2972 2970 2953
f 2953 2970 3006
f 2970 2968 3006
f 3006 2968 2986
f 2968 2966 2986
f 2986 2966 2984
f 2966 2965 2984
f 2984 2965 2982
f 2965 2978 2982
f 2982 2978 3050
f 2978 2979 3050
f 3050 2979 3048
f 2979 2980 3048
f 3048 2980 3046
f 2980 2981 3046
f 3046 2981 2231
f 2981 1890 2231
f 2231 1890 1888
f 2552 2544 2553
f 2544 2546 2553
f 2553 2546 2640
f 2546 2548 2640
f 2640 2548 3069
f 2548 2541 3069
f 3069 2541 2692
f 2541 2540 2692
f 2692 2540 2691
f 2540 2531 2691
f 2691 2531 2689
f 2531 2695 2689
f 2689 2695 2687
f 2695 2694 2687
f 2687 2694 2674
f 2694 2693 2674
f 2674 2693 2673
f 2693 2680 2673
f 2673 2680 2672
f 2680 2678 2672
f 2672 2678 2671
f 2678 2676 2671
f 2671 2676 2670
f 2676 2675 2670
f 2670 2675 2669
f 2675 2665 2669
f 2669 2665 2668
f 2665 2663 2668
f 2668 2663 2667
f 2663 2661 2667
f 2667 2661 2649
f 2661 2659 2649
f 2649 2659 2650
f 2659 2657 2650
f 2650 2657 2642
f 2657 2124 2642
f 2642 2124 2643
f 2124 2119 2643
f 2643 2119 2645
f 2119 2118 2645
f 2645 2118 2647
f 2118 2117 2647
f 2647 2117 3089
f 2117 2707 3089
f 3089 2707 3088
f 2707 2705 3088
f 3088 2705 3087
f 2705 2703 3087
f 3087 2703 3086
f 2703 2701 3086
f 3086 2701 3085
f 2701 2697 3085
f 3085 2697 3084
f 2697 2698 3084
f 3084 2698 3083
f 2698 2380 3083
f 3083 2380 3082
f 2380 2382 3082
f 3082 2382 3081
f 2382 2386 3081
f 3081 2386 2377
f 2386 2388 2377
f 2377 2388 2379
f 3091 3092 3093
f 3091 3093 3094
f 3095 3096 3093
f 3096 3097 3093
f 3093 3097 3094
f 3098 3099 3093
f 3099 3100 3093
f 3093 3100 3095
f 3101 3102 3093
f 3102 3103 3093
f 3093 3103 3098
f 3104 3105 3093
f 3105 3106 3093
f 3093 3106 3101
f 3107 3108 3093
f 3108 3109 3093
f 3093 3109 3104
f 3110 3111 3093
f 3111 3112 3093
f 3093 3112 3107
f 3113 3114 3093
f 3114 3115 3093
f 3093 3115 3110
f 3116 3117 3093
f 3117 3118 3093
f 3093 3118 3113
f 3119 3120 3093
f 3120 3121 3093
f 3093 3121 3116
f 3122 3123 3093
f 3123 3124 3093
f 3093 3124 3119
f 3125 3126 3093
f 3126 3127 3093
f 3093 3127 3122
f 3128 3129 3093
f 3129 3130 3093
f 3093 3130 3125
f 3092 3131 3093
f 3131 3132 3093
f 3093 3132 3128
f 3133 3134 3135
f 3136 3137 3135
f 3137 3138 3135
f 3135 3138 3133
f 3139 3140 3135
f 3140 3141 3135
f 3135 3141 3136
f 3142 3143 3135
f 3143 3144 3135
f 3135 3144 3139
f 3145 3146 3135
f 3146 3147 3135
f 3135 3147 3142
f 3148 3149 3135
f 3149 3150 3135
f 3135 3150 3145
f 3151 3152 3135
f 3152 3153 3135
f 3135 3153 3148
f 3154 3155 3135
f 3155 3156 3135
f 3135 3156 3151
f 3157 3158 3135
f 3158 3159 3135
f 3135 3159 3154
f 3160 3161 3135
f 3161 3162 3135
f 3135 3162 3157
f 3163 3164 3135
f 3164 3165 3135
f 3135 3165 3160
f 3166 3167 3135
f 3167 3168 3135
f 3135 3168 3163
f 3169 3170 3135
f 3170 3171 3135
f 3135 3171 3166
f 3134 3172 3135
f 3172 3173 3135
f 3135 3173 3169
f 3174 3175 3176
f 3177 3178 3179
f 3180 3181 3182
f 3183 3184 3185
f 3186 3187 3188
f 3189 3190 3191
f 3192 3193 3194
f 3195 3196 3197
f 3198 3197 3199
f 3200 3201 3202
f 3203 3204 3205
f 3206 3207 3208
f 3209 3210 3211
f 3212 3213 3214
f 3215 3216 3217
f 3218 3219 3220
f 3221 3222 3223
f 3214 3213 3224
f 3225 3226 3227
f 3228 3229 3230
f 3231 3232 3233
f 3234 3235 3236
f 3184 3183 3237
f 3238 3239 3240
f 3241 3210 3242
f 3243 3244 3245
f 3245 3244 3246
f 3247 3248 3249
f 2146 2547 3250
f 3250 2547 2545
f 2040 2039 3251
f 1864 1863 3252
f 1994 1993 3253
f 1985 3237 1869
f 1873 1872 3254
f 1973 1972 3255
f 1970 1971 3256
f 1949 1948 3257
f 3257 1948 1947
f 1945 1943 3258
f 2250 3259 3260
f 3261 3262 2258
f 2261 2264 3263
f 2273 2272 3264
f 2205 2275 3265
f 3265 2275 2277
f 2279 3266 2280
f 3267 3268 3269
f 3270 3271 3272
f 3272 3271 3273
f 3274 3275 3276
f 3277 3278 3279
f 3280 3281 3282
f 3283 3284 3285
f 3286 3287 3288
f 3289 3290 3291
f 3292 3293 3294
f 3293 3295 3296
f 3295 3297 3296
f 3296 3297 3298
f 3297 3299 3298
f 3292 3300 3293
f 3300 3301 3293
f 3293 3301 3295
f 3302 3303 3304
f 3305 3306 3302
f 3306 3307 3302
f 3302 3307 3303
f 3308 3309 3310
f 3309 3311 3310
f 3312 3313 3314
f 3313 3315 3314
f 3287 3316 3288
f 3316 3317 3288
f 3288 3317 3314
f 3317 3318 3314
f 3314 3318 3312
f 3319 3320 3321
f 3320 3322 3321
f 3321 3322 3323
f 3322 3324 3323
f 3323 3324 3325
f 3325 3326 3323
f 3326 3327 3323
f 3323 3327 3328
f 3329 3330 3331
f 3329 3331 3321
f 3331 3332 3321
f 3321 3332 3319
f 3333 3334 3335
f 3333 3335 3329
f 3335 3336 3329
f 3329 3336 3330
f 3334 3333 3337
f 3333 3338 3337
f 3337 3338 3339
f 3340 3341 3342
f 3341 3343 3342
f 3342 3343 3338
f 3343 3344 3338
f 3338 3344 3339
f 3284 3345 3346
f 3345 3347 3346
f 3346 3347 3348
f 3281 3283 3282
f 3283 3346 3282
f 3282 3346 3342
f 3346 3348 3342
f 3342 3348 3340
f 3279 3349 3350
f 3349 3351 3350
f 3350 3351 3352
f 3352 3353 3350
f 3353 3354 3350
f 3350 3354 3355
f 3278 3356 3279
f 3356 3357 3279
f 3279 3357 3349
f 3357 3358 3349
f 3349 3358 3351
f 3359 3360 3361
f 3360 3362 3361
f 3363 3364 3193
f 3365 3366 3192
f 3366 3367 3192
f 3192 3367 3193
f 3367 3368 3193
f 3193 3368 3363
f 3365 3192 3369
f 3192 3370 3369
f 3369 3370 3371
f 3372 3270 3373
f 3270 3272 3373
f 3373 3272 3370
f 3272 3273 3370
f 3370 3273 3371
f 3374 3375 3376
f 3375 3377 3376
f 3378 3379 3373
f 3379 3380 3373
f 3373 3380 3372
f 3381 3382 3383
f 3382 3384 3383
f 3385 3202 3386
f 3202 3201 3386
f 3386 3201 3387
f 3201 3388 3387
f 3389 3390 3200
f 3390 3391 3200
f 3200 3391 3201
f 3391 3392 3201
f 3201 3392 3388
f 3393 3394 3395
f 3394 3396 3395
f 3397 3398 3399
f 3398 3400 3399
f 3401 3402 3403
f 3402 3404 3403
f 3403 3404 3405
f 3406 3407 3408
f 3409 3410 3411
f 3412 3413 3406
f 3413 3414 3406
f 3406 3414 3407
f 3410 3409 3415
f 3409 3416 3415
f 3415 3416 3417
f 3418 3419 3420
f 3419 3421 3420
f 3268 3422 3269
f 3422 3423 3269
f 3269 3423 3419
f 3423 3424 3419
f 3419 3424 3421
f 3425 3426 3427
f 3426 3428 3427
f 3427 3428 3429
f 3428 3430 3429
f 3429 3430 3431
f 3430 3432 3431
f 3431 3432 3433
f 3434 2197 3435
f 2290 3436 3429
f 3436 3434 3429
f 3429 3434 3427
f 3434 3435 3427
f 3427 3435 3425
f 2284 2287 3437
f 2287 2289 3437
f 3437 2289 3438
f 2289 2290 3438
f 3439 2285 2284
f 2199 2282 3440
f 3266 2279 3440
f 2279 2200 3440
f 3440 2200 2199
f 2204 2203 3206
f 2203 2278 3206
f 3206 2278 3207
f 2278 2281 3207
f 2272 2271 3264
f 2271 2206 3264
f 3264 2206 3441
f 2208 2772 3442
f 2772 2270 3442
f 3442 2270 3203
f 2270 2269 3203
f 3203 2269 3204
f 2269 2274 3204
f 3204 2274 3205
f 3443 2211 2209
f 2263 2265 3444
f 2265 2266 3444
f 2259 2261 3445
f 3446 2252 3447
f 2252 2258 3447
f 1936 2250 3448
f 1879 1878 3448
f 1878 1937 3448
f 3448 1937 1936
f 1939 3449 1940
f 3449 1941 1940
f 1943 1942 3450
f 1942 1876 3450
f 3450 1876 1875
f 1945 3258 1946
f 1951 1949 3451
f 1949 3257 3451
f 3451 3257 3258
f 3257 1947 3258
f 3258 1947 1946
f 1955 1954 3452
f 1954 1953 3452
f 3452 1953 1952
f 1964 1963 3453
f 1963 1961 3453
f 1961 1960 3453
f 1960 1959 3453
f 3453 1959 3454
f 1959 1958 3454
f 3454 1958 1956
f 1971 1967 3455
f 1967 1966 3455
f 3455 1966 1965
f 1970 3256 1968
f 3256 3456 1968
f 1968 3456 1972
f 3457 1976 3255
f 1976 1974 3255
f 3255 1974 1973
f 1872 1975 3254
f 1975 1978 3254
f 3254 1978 3457
f 1978 1977 3457
f 3457 1977 1976
f 1982 1980 3458
f 1980 1979 3458
f 3458 1979 3459
f 1983 3185 1984
f 3185 3184 1984
f 1984 3184 1986
f 3184 1987 1986
f 3237 1985 3184
f 1985 1988 3184
f 3184 1988 1987
f 1993 1992 3253
f 1992 1990 3253
f 3253 1990 3460
f 1990 1989 3460
f 3460 1989 1870
f 3461 1997 1996
f 1998 3462 2000
f 3462 3463 2000
f 2000 3463 2001
f 2005 2004 3464
f 2004 2003 3464
f 3464 2003 2002
f 2013 2012 3465
f 2012 2011 3465
f 3465 2011 3466
f 2011 2009 3466
f 3466 2009 2008
f 2013 3465 2010
f 3465 3233 2010
f 2010 3233 1866
f 1863 2016 3252
f 2016 2015 3252
f 3252 2015 3467
f 2015 2014 3467
f 3467 2014 1867
f 2017 3468 2018
f 3468 3469 2018
f 2018 3469 2019
f 2019 3469 1860
f 3469 3470 1860
f 1860 3470 1861
f 2024 2023 3471
f 2023 2021 3471
f 3471 2021 3470
f 2021 2020 3470
f 3470 2020 1861
f 2025 3472 2026
f 3472 3473 2026
f 2026 3473 2027
f 2033 2031 3474
f 2031 2029 3474
f 3474 2029 3473
f 2029 2028 3473
f 3473 2028 2027
f 3475 2035 2034
f 2036 3222 2037
f 3222 3221 2037
f 2037 3221 2038
f 3221 3476 2038
f 2039 1858 3251
f 1858 1857 3251
f 3251 1857 3476
f 1857 2032 3476
f 3476 2032 2038
f 3477 2043 3478
f 2043 2042 3478
f 3479 2220 3480
f 2220 2048 3480
f 2046 2045 3477
f 2045 2044 3477
f 3477 2044 2043
f 3479 3480 2549
f 3480 3481 2549
f 2549 3481 2550
f 2552 3482 2544
f 3482 3218 2544
f 2543 2149 3483
f 2149 2147 3483
f 3483 2147 3220
f 3484 3485 3486
f 3485 2533 3486
f 2538 2536 3485
f 2536 2534 3485
f 3485 2534 2533
f 3487 2532 2539
f 2532 3488 2530
f 3488 3489 2530
f 2530 3489 2525
f 2523 2522 3490
f 2522 2528 3490
f 2528 2526 3490
f 3490 2526 3491
f 2526 2525 3491
f 3492 3493 2519
f 3493 2520 2519
f 3494 3495 3496
f 3495 3497 3496
f 3496 3497 3493
f 3497 3498 3493
f 3493 3498 3499
f 2520 3493 2521
f 3493 3499 2521
f 2521 3499 2516
f 3500 3501 3502
f 3501 3503 3502
f 3502 3503 3496
f 3503 3504 3496
f 3496 3504 3494
f 3500 3502 3505
f 3502 3506 3505
f 3505 3506 3507
f 3508 3509 3510
f 3509 3511 3510
f 3511 3512 3510
f 3512 3513 3510
f 3510 3513 3506
f 3513 3514 3506
f 3506 3514 3507
f 3508 3510 3515
f 3510 3516 3515
f 3515 3516 3517
f 3518 3519 3520
f 3519 3521 3520
f 3522 3523 3524
f 3523 3525 3524
f 3248 3526 3249
f 3526 3527 3249
f 3249 3527 3523
f 3527 3528 3523
f 3523 3528 3525
f 3215 3529 3247
f 3530 3531 3532
f 3530 3532 3533
f 3534 3535 3536
f 3535 3537 3536
f 3534 3536 3538
f 3536 3539 3538
f 3538 3539 3540
f 3541 3542 3543
f 3542 3544 3543
f 3543 3544 3545
f 3546 3547 3541
f 3547 3548 3541
f 3541 3548 3542
f 3548 3549 3542
f 3542 3549 3544
f 3550 3551 3552
f 3551 3553 3552
f 3552 3553 3554
f 3555 3556 3557
f 3556 3558 3557
f 3557 3558 3559
f 3210 3241 3211
f 3241 3560 3211
f 3211 3560 3561
f 3242 3210 3562
f 3210 3209 3562
f 3562 3209 3563
f 3209 3564 3563
f 3563 3564 3565
f 3566 3567 3568
f 3567 3569 3568
f 3238 3240 3570
f 3570 3240 3571
f 3240 3572 3571
f 3571 3572 3573
f 3573 3574 3575
f 3574 3576 3575
f 3576 3574 3577
f 3574 3294 3577
f 3577 3294 3578
f 3579 3580 3581
f 3580 3582 3581
f 3583 3582 3584
f 3582 3580 3584
f 3584 3580 3585
f 3580 3586 3585
f 3585 3586 3587
f 3586 3588 3587
f 1996 1995 3461
f 1995 1994 3461
f 3461 1994 3589
f 1994 3253 3589
f 3589 3253 3590
f 3253 3460 3590
f 3590 3460 3591
f 3591 3592 3590
f 3592 3593 3590
f 3590 3593 3589
f 3593 3462 3589
f 3589 3462 3461
f 3462 1998 3461
f 3461 1998 1997
f 3594 3234 3595
f 3234 3236 3595
f 3595 3236 3596
f 3236 3597 3596
f 3596 3597 3598
f 3594 3599 3234
f 3599 3600 3234
f 3234 3600 3235
f 3600 3601 3235
f 3602 3598 3603
f 3598 3597 3603
f 3603 3597 3604
f 3597 3236 3604
f 3604 3236 3605
f 3236 3235 3605
f 3605 3235 3606
f 3235 3601 3606
f 3606 3601 3607
f 3599 3231 3600
f 3231 3233 3600
f 3600 3233 3601
f 3233 3465 3601
f 3601 3465 3607
f 3465 3466 3607
f 3607 3466 2007
f 3466 2008 2007
f 2017 1864 3468
f 1864 3252 3468
f 3468 3252 3608
f 3252 3609 3608
f 3231 3609 3232
f 3609 3252 3232
f 3232 3252 3233
f 3252 3467 3233
f 3233 3467 1866
f 3467 1867 1866
f 3610 3611 3612
f 3611 3613 3612
f 3612 3613 3614
f 3613 3615 3614
f 3614 3615 3616
f 3615 3617 3616
f 3616 3617 3618
f 3619 3617 3620
f 3617 3615 3620
f 3620 3615 3621
f 3615 3613 3621
f 3621 3613 3622
f 3613 3611 3622
f 3623 3624 3625
f 3626 3627 3628
f 3627 3629 3628
f 3628 3629 3630
f 3631 3626 3632
f 3626 3628 3632
f 3632 3628 3633
f 3628 3630 3633
f 3633 3630 3634
f 3635 3636 3637
f 3636 3638 3637
f 3618 3617 3623
f 3617 3619 3623
f 3623 3619 3624
f 3619 3639 3624
f 3624 3639 3640
f 3639 3641 3640
f 3640 3641 3642
f 3641 3643 3642
f 3642 3643 3644
f 3643 3645 3646
f 3229 3631 3230
f 3631 3632 3230
f 3230 3632 3647
f 3632 3633 3647
f 3647 3633 3648
f 3633 3634 3648
f 3648 3634 3649
f 3470 3650 3471
f 3650 3651 3471
f 3471 3651 3652
f 2036 2035 3222
f 2035 3475 3222
f 3222 3475 3223
f 3475 3652 3223
f 3223 3652 3653
f 3652 3651 3653
f 2025 2024 3472
f 2024 3471 3472
f 3472 3471 3473
f 3471 3652 3473
f 3473 3652 3474
f 3652 3475 3474
f 3474 3475 2033
f 3475 2034 2033
f 3625 3654 3655
f 3654 3656 3655
f 3655 3656 3657
f 3656 3658 3657
f 3657 3658 3659
f 3658 3660 3659
f 3659 3660 3661
f 3660 3662 3663
f 3629 3664 3630
f 3664 3665 3630
f 3630 3665 3634
f 3665 3666 3634
f 3634 3666 3649
f 3666 3667 3649
f 3649 3667 3668
f 3667 3669 3668
f 3668 3669 3227
f 3669 3224 3227
f 3227 3224 3225
f 3224 3213 3225
f 3228 3230 3670
f 3230 3647 3670
f 3670 3647 3671
f 3647 3648 3671
f 3671 3648 3672
f 3648 3649 3672
f 3672 3649 3673
f 3649 3668 3673
f 3673 3668 3674
f 3668 3227 3674
f 3674 3227 3675
f 3227 3226 3675
f 3675 3226 3676
f 3660 3663 3661
f 3663 3677 3661
f 3661 3677 3678
f 3653 3679 3223
f 3679 3680 3223
f 3223 3680 3221
f 3680 3681 3221
f 3221 3681 3476
f 3681 3682 3476
f 3476 3682 3251
f 2147 2146 3220
f 2146 3250 3220
f 3220 3250 3218
f 3250 2545 3218
f 3218 2545 2544
f 2552 2550 3482
f 2550 3481 3482
f 3482 3481 3218
f 3481 3683 3218
f 3218 3683 3219
f 3683 3684 3219
f 2048 2046 3480
f 2046 3477 3480
f 3480 3477 3481
f 3477 3478 3481
f 3481 3478 3683
f 3478 3685 3683
f 3683 3685 3684
f 3643 3646 3644
f 3646 3686 3644
f 3644 3686 3687
f 3625 3624 3654
f 3624 3640 3654
f 3654 3640 3656
f 3640 3642 3656
f 3656 3642 3658
f 3642 3644 3658
f 3658 3644 3660
f 3644 3687 3660
f 3660 3687 3662
f 3688 3689 3690
f 3688 3690 3691
f 3690 3692 3691
f 3691 3692 3693
f 3692 3694 3693
f 3693 3694 3695
f 3694 3696 3695
f 3695 3696 3697
f 3689 3698 3690
f 3698 3699 3690
f 3690 3699 3692
f 3699 3700 3692
f 3692 3700 3694
f 3700 3701 3694
f 3694 3701 3696
f 3702 3703 3704
f 3703 3705 3704
f 3636 3705 3638
f 3705 3703 3638
f 3638 3703 3706
f 3703 3702 3706
f 3706 3702 3707
f 3689 3708 3698
f 3708 3709 3698
f 3698 3709 3699
f 3709 3710 3699
f 3699 3710 3700
f 3710 3711 3700
f 3700 3711 3701
f 3711 3712 3701
f 3701 3712 3713
f 3714 3715 3712
f 3715 3716 3712
f 3712 3716 3713
f 3708 3717 3709
f 3717 3718 3709
f 3709 3718 3710
f 3718 3719 3710
f 3710 3719 3711
f 3719 3720 3711
f 3711 3720 3712
f 3720 3721 3712
f 3712 3721 3714
f 3721 3722 3714
f 3714 3722 3723
f 3717 3516 3718
f 3516 3510 3718
f 3718 3510 3719
f 3510 3506 3719
f 3719 3506 3720
f 3506 3502 3720
f 3720 3502 3721
f 3502 3496 3721
f 3721 3496 3722
f 3496 3493 3722
f 3722 3493 3724
f 3493 3492 3724
f 3724 3492 2517
f 2517 2523 3724
f 2523 3490 3724
f 3724 3490 3722
f 3490 3725 3722
f 3722 3725 3723
f 2533 3726 3486
f 3726 3727 3486
f 3486 3727 3484
f 3727 3678 3484
f 3484 3678 3728
f 3678 3677 3728
f 3728 3677 3729
f 3677 3663 3729
f 3729 3663 3730
f 3663 3662 3730
f 3730 3662 3731
f 3662 3687 3731
f 3731 3687 3732
f 3687 3686 3732
f 3732 3686 3733
f 3686 3646 3733
f 3733 3646 3734
f 3646 3645 3734
f 2525 3489 3491
f 3489 3735 3491
f 3491 3735 3490
f 3735 3736 3490
f 3736 3737 3490
f 3490 3737 3725
f 3737 3738 3725
f 3725 3738 3723
f 3738 3739 3723
f 3723 3739 3714
f 3739 3740 3714
f 3714 3740 3715
f 3685 3676 3684
f 3676 3226 3684
f 3684 3226 3219
f 3226 3225 3219
f 3219 3225 3220
f 3225 3213 3220
f 3220 3213 3483
f 3213 3212 3483
f 3483 3212 2543
f 3212 2696 2543
f 3627 3618 3629
f 3618 3623 3629
f 3629 3623 3664
f 3623 3625 3664
f 3664 3625 3665
f 3625 3655 3665
f 3665 3655 3666
f 3655 3657 3666
f 3666 3657 3667
f 3657 3659 3667
f 3667 3659 3669
f 3659 3661 3669
f 3669 3661 3224
f 3661 3678 3224
f 3224 3678 3214
f 3678 3741 3214
f 3214 3741 3212
f 3741 3726 3212
f 3212 3726 2696
f 3726 2533 2696
f 3742 3743 3744
f 3743 3745 3744
f 3746 3747 3744
f 3747 3748 3744
f 3744 3748 3742
f 3749 3750 3751
f 3750 3752 3751
f 3751 3752 3753
f 3752 3754 3753
f 3753 3754 3755
f 3754 3756 3755
f 3755 3756 3217
f 3756 3532 3217
f 3217 3532 3215
f 3532 3531 3215
f 3215 3531 3529
f 3247 3249 3215
f 3249 3523 3215
f 3215 3523 3216
f 3523 3757 3216
f 3216 3757 3217
f 3757 3758 3217
f 3217 3758 3755
f 3758 3759 3755
f 3755 3759 3753
f 3759 3760 3753
f 3753 3760 3751
f 3760 3761 3751
f 3751 3761 3749
f 3762 3744 3763
f 3744 3745 3763
f 3763 3745 3764
f 3296 3588 3293
f 3588 3586 3293
f 3293 3586 3294
f 3586 3580 3294
f 3294 3580 3578
f 3580 3579 3578
f 3573 3572 3574
f 3572 3291 3574
f 3574 3291 3294
f 3291 3290 3294
f 3294 3290 3292
f 3239 3765 3240
f 3765 3302 3240
f 3240 3302 3572
f 3302 3304 3572
f 3572 3304 3291
f 3304 3766 3291
f 3291 3766 3289
f 3566 3767 3567
f 3767 3765 3567
f 3567 3765 3569
f 3765 3239 3569
f 3305 3302 3311
f 3302 3765 3311
f 3311 3765 3310
f 3765 3767 3310
f 3310 3767 3768
f 3764 3769 3763
f 3769 3770 3763
f 3763 3770 3762
f 3770 3771 3762
f 3323 3764 3321
f 3764 3745 3321
f 3321 3745 3329
f 3745 3743 3329
f 3329 3743 3333
f 3743 3742 3333
f 3333 3742 3338
f 3742 3748 3338
f 3338 3748 3342
f 3327 3286 3328
f 3286 3288 3328
f 3328 3288 3772
f 3288 3314 3772
f 3772 3314 3768
f 3314 3315 3768
f 3768 3315 3310
f 3315 3773 3310
f 3310 3773 3308
f 3554 3774 3552
f 3774 3559 3552
f 3552 3559 3550
f 3559 3558 3550
f 3561 3555 3211
f 3555 3557 3211
f 3211 3557 3775
f 3557 3559 3775
f 3775 3559 3776
f 3559 3774 3776
f 3545 3243 3543
f 3243 3245 3543
f 3543 3245 3539
f 3245 3246 3539
f 3539 3246 3540
f 3553 3546 3554
f 3546 3541 3554
f 3554 3541 3777
f 3541 3543 3777
f 3777 3543 3778
f 3543 3539 3778
f 3566 3565 3767
f 3565 3564 3767
f 3767 3564 3768
f 3564 3209 3768
f 3768 3209 3772
f 3209 3211 3772
f 3772 3211 3328
f 3211 3775 3328
f 3328 3775 3323
f 3775 3776 3323
f 3323 3776 3764
f 3776 3774 3764
f 3764 3774 3769
f 3774 3554 3769
f 3769 3554 3770
f 3554 3777 3770
f 3770 3777 3771
f 3777 3778 3771
f 3537 3533 3536
f 3533 3532 3536
f 3536 3532 3539
f 3532 3756 3539
f 3539 3756 3778
f 3756 3754 3778
f 3778 3754 3771
f 3754 3752 3771
f 3771 3752 3762
f 3752 3750 3762
f 3762 3750 3744
f 3750 3749 3744
f 3744 3749 3746
f 3749 3761 3746
f 2290 3429 3438
f 3429 3431 3438
f 3438 3431 3779
f 3433 3267 3431
f 3267 3269 3431
f 3431 3269 3779
f 3269 3419 3779
f 3779 3419 3416
f 3419 3418 3416
f 3416 3418 3417
f 2284 3437 3439
f 3437 3438 3439
f 3439 3438 3780
f 3438 3779 3780
f 3780 3779 3781
f 3779 3416 3781
f 3781 3416 3782
f 3416 3409 3782
f 3782 3409 3412
f 3409 3411 3412
f 3412 3411 3413
f 2206 2205 3441
f 2205 3265 3441
f 3441 3265 3206
f 3265 2277 3206
f 3206 2277 2204
f 3406 3783 3412
f 3783 3784 3412
f 3412 3784 3782
f 3784 3785 3782
f 3782 3785 3781
f 3785 3786 3781
f 3781 3786 3780
f 3786 3440 3780
f 3780 3440 3439
f 3440 2282 3439
f 3439 2282 2285
f 3787 3788 3789
f 3788 3790 3789
f 3789 3790 3791
f 3208 3792 3206
f 3792 3793 3206
f 3206 3793 3441
f 3793 3794 3441
f 3441 3794 3264
f 3794 3205 3264
f 3264 3205 2273
f 3205 2274 2273
f 3792 3795 3793
f 3795 3796 3793
f 3793 3796 3794
f 3796 3797 3794
f 3794 3797 3205
f 3797 3798 3205
f 3205 3798 3203
f 3798 3799 3203
f 3203 3799 3442
f 3799 3800 3442
f 3442 3800 3801
f 3800 3802 3801
f 3795 3803 3796
f 3803 3804 3796
f 3796 3804 3797
f 3804 3805 3797
f 3797 3805 3798
f 3805 3806 3798
f 3798 3806 3799
f 3806 3807 3799
f 3799 3807 3800
f 3807 3808 3800
f 3800 3808 3802
f 3808 3809 3802
f 3803 3810 3804
f 3810 3811 3804
f 3804 3811 3805
f 3811 3812 3805
f 3805 3812 3806
f 3812 3813 3806
f 3806 3813 3807
f 3813 3814 3807
f 3807 3814 3808
f 3814 3815 3808
f 3808 3815 3809
f 3815 3816 3809
f 3817 3818 3819
f 3818 3820 3819
f 3819 3820 3787
f 3820 3821 3787
f 3787 3821 3788
f 3817 3822 3818
f 3822 3823 3818
f 3818 3823 3820
f 3823 3824 3820
f 3820 3824 3821
f 3824 3825 3821
f 3821 3825 3788
f 3825 3826 3788
f 3788 3826 3790
f 3826 3827 3790
f 3790 3827 3791
f 3827 3828 3791
f 3829 3830 3831
f 3830 3832 3831
f 3831 3832 3817
f 3832 3833 3817
f 3817 3833 3822
f 3377 3378 3376
f 3378 3373 3376
f 3376 3373 3834
f 3373 3370 3834
f 3834 3370 3835
f 3370 3192 3835
f 3408 3401 3406
f 3401 3403 3406
f 3406 3403 3836
f 3403 3837 3836
f 3836 3837 3838
f 3837 3839 3838
f 3838 3839 3840
f 3839 3841 3840
f 3840 3841 3842
f 3841 3843 3842
f 3842 3843 3844
f 3843 3845 3844
f 3844 3845 3846
f 3845 3847 3846
f 3846 3847 3848
f 3362 3277 3361
f 3277 3279 3361
f 3361 3279 3849
f 3279 3350 3849
f 3849 3350 3850
f 3350 3355 3850
f 3850 3355 3282
f 3355 3851 3282
f 3282 3851 3280
f 3400 3393 3399
f 3393 3395 3399
f 3399 3395 3852
f 3395 3853 3852
f 3852 3853 3854
f 3853 3855 3854
f 3854 3855 3856
f 3855 3857 3856
f 3856 3857 3858
f 3857 3859 3858
f 3858 3859 3860
f 3859 3861 3860
f 3860 3861 3862
f 3861 3863 3862
f 3862 3863 3864
f 1938 1941 3865
f 1941 3449 3865
f 3865 3449 3448
f 3449 1939 3448
f 3448 1939 1879
f 3261 2259 3262
f 2259 3445 3262
f 3262 3445 3866
f 3445 3867 3866
f 3866 3867 3868
f 3867 3869 3868
f 3868 3869 3870
f 3869 3871 3870
f 3870 3871 3872
f 2258 3262 3447
f 3262 3873 3447
f 3447 3873 3874
f 3873 3868 3874
f 3874 3868 3875
f 3868 3870 3875
f 3875 3870 3876
f 3870 3872 3876
f 3876 3872 3877
f 1956 1955 3878
f 1955 3452 3878
f 3878 3452 3451
f 3452 1952 3451
f 3451 1952 1951
f 2261 3263 3445
f 3263 3879 3445
f 3445 3879 3867
f 3879 3880 3867
f 3867 3880 3869
f 3880 3881 3869
f 3869 3881 3871
f 3881 3882 3871
f 3871 3882 3872
f 3882 3883 3872
f 3872 3883 3877
f 3883 3884 3877
f 3877 3884 3885
f 3884 3886 3885
f 3885 3886 3887
f 1943 3450 3258
f 3450 3888 3258
f 3258 3888 3451
f 3888 3889 3451
f 3451 3889 3878
f 3889 3890 3878
f 3878 3890 3891
f 3890 3892 3891
f 3891 3892 3893
f 1956 3878 3454
f 3878 3891 3454
f 3454 3891 3453
f 3891 3893 3453
f 3453 3893 1964
f 3259 3446 3260
f 3446 3447 3260
f 3260 3447 3894
f 3447 3874 3894
f 3894 3874 3895
f 3874 3875 3895
f 3895 3875 3896
f 3875 3876 3896
f 3896 3876 3897
f 3876 3877 3897
f 3897 3877 3898
f 3877 3885 3898
f 3898 3885 3899
f 3885 3887 3899
f 3899 3887 3900
f 2264 2263 3263
f 2263 3444 3263
f 3263 3444 3879
f 3444 3901 3879
f 3879 3901 3880
f 3901 3902 3880
f 3880 3902 3881
f 3902 3903 3881
f 3881 3903 3882
f 3903 3904 3882
f 3882 3904 3883
f 3904 3905 3883
f 3883 3905 3884
f 3905 3906 3884
f 3884 3906 3886
f 3810 3907 3811
f 3907 3908 3811
f 3811 3908 3812
f 3908 3909 3812
f 3812 3909 3813
f 3909 3910 3813
f 3813 3910 3814
f 3910 3911 3814
f 3814 3911 3815
f 3911 3912 3815
f 3815 3912 3816
f 3912 3913 3816
f 3914 3913 3915
f 3913 3912 3915
f 3915 3912 3916
f 3912 3911 3916
f 3916 3911 3917
f 3911 3910 3917
f 3917 3910 3918
f 3910 3909 3918
f 3918 3909 3919
f 3909 3908 3919
f 3919 3908 3920
f 3908 3907 3920
f 3921 3828 3922
f 3828 3827 3922
f 3922 3827 3923
f 3827 3826 3923
f 3923 3826 3924
f 3826 3825 3924
f 3924 3825 3925
f 3825 3824 3925
f 3925 3824 3926
f 3824 3823 3926
f 3926 3823 3927
f 3823 3822 3927
f 3927 3822 3928
f 3822 3833 3928
f 3928 3833 3929
f 3833 3832 3929
f 3929 3832 3930
f 3832 3830 3930
f 3930 3830 3931
f 3830 3829 3931
f 3931 3829 3932
f 3829 3933 3932
f 3187 3186 3933
f 3934 3921 3935
f 3921 3922 3935
f 3935 3922 3936
f 3922 3923 3936
f 3936 3923 3937
f 3923 3924 3937
f 3937 3924 3938
f 3924 3925 3938
f 3938 3925 3939
f 3925 3926 3939
f 3939 3926 3940
f 3926 3927 3940
f 3940 3927 3941
f 3927 3928 3941
f 3941 3928 3942
f 3928 3929 3942
f 3942 3929 3943
f 3929 3930 3943
f 3943 3930 3944
f 3930 3931 3944
f 3944 3931 3945
f 3931 3932 3945
f 3945 3932 3946
f 3932 3933 3946
f 3946 3933 3947
f 3933 3186 3947
f 3189 3948 3190
f 3948 3949 3190
f 3190 3949 3191
f 3949 3950 3191
f 3950 3951 3191
f 3191 3951 3952
f 3951 3953 3952
f 3952 3953 3914
f 3953 3954 3914
f 3914 3954 3913
f 3954 3955 3913
f 3913 3955 3816
f 3955 3956 3816
f 3816 3956 3809
f 3956 3957 3809
f 3809 3957 3802
f 3957 3958 3802
f 3802 3958 3801
f 3958 3443 3801
f 3801 3443 3442
f 3443 2209 3442
f 3442 2209 2208
f 3948 3900 3949
f 3900 3887 3949
f 3949 3887 3950
f 3887 3886 3950
f 3950 3886 3951
f 3886 3906 3951
f 3951 3906 3953
f 3906 3905 3953
f 3953 3905 3954
f 3905 3904 3954
f 3954 3904 3955
f 3904 3903 3955
f 3955 3903 3956
f 3903 3902 3956
f 3956 3902 3957
f 3902 3901 3957
f 3957 3901 3958
f 3901 3444 3958
f 3958 3444 3443
f 3444 2266 3443
f 3443 2266 2211
f 3829 3959 3933
f 3959 3960 3933
f 3933 3960 3187
f 3960 3961 3187
f 3187 3961 3188
f 3961 3962 3188
f 3963 3962 3964
f 3962 3961 3964
f 3964 3961 3965
f 3961 3960 3965
f 3965 3960 3966
f 3960 3959 3966
f 3966 3959 3967
f 3959 3829 3967
f 3967 3829 3968
f 3829 3831 3968
f 3969 3893 3970
f 3893 3892 3970
f 3970 3892 3971
f 3892 3890 3971
f 3971 3890 3972
f 3890 3889 3972
f 3972 3889 3973
f 3889 3888 3973
f 3973 3888 3974
f 3888 3450 3974
f 3974 3450 3865
f 3450 1875 3865
f 3865 1875 1938
f 3975 3976 3977
f 3976 3978 3977
f 3977 3978 3969
f 3978 3455 3969
f 3969 3455 3893
f 3455 1965 3893
f 3893 1965 1964
f 3819 3979 3817
f 3979 3980 3817
f 3817 3980 3831
f 3980 3981 3831
f 3831 3981 3968
f 3981 3982 3968
f 3968 3982 3967
f 3982 3983 3967
f 3967 3983 3966
f 3983 3984 3966
f 3966 3984 3965
f 3984 3985 3965
f 3965 3985 3964
f 3985 3986 3964
f 3964 3986 3963
f 3986 3987 3963
f 2250 3260 3448
f 3260 3894 3448
f 3448 3894 3865
f 3894 3895 3865
f 3865 3895 3974
f 3895 3896 3974
f 3974 3896 3973
f 3896 3897 3973
f 3973 3897 3972
f 3897 3898 3972
f 3972 3898 3971
f 3898 3899 3971
f 3971 3899 3970
f 3899 3900 3970
f 3970 3900 3969
f 3900 3948 3969
f 3969 3948 3977
f 3948 3189 3977
f 3977 3189 3975
f 3189 3988 3975
f 3975 3988 3989
f 3988 3990 3989
f 3989 3990 3991
f 3990 3992 3991
f 3991 3992 3993
f 3185 3994 3995
f 3994 3996 3995
f 3255 3997 3457
f 3997 3998 3457
f 3457 3998 3254
f 3998 3459 3254
f 3254 3459 1873
f 3459 1979 1873
f 1972 3456 3255
f 3456 3999 3255
f 3255 3999 3997
f 3999 3996 3997
f 3997 3996 3998
f 3996 3994 3998
f 3998 3994 3459
f 3994 3185 3459
f 3459 3185 3458
f 3185 1983 3458
f 3458 1983 1982
f 1971 3455 3256
f 3455 3978 3256
f 3256 3978 3456
f 3978 3976 3456
f 3456 3976 3999
f 3976 3975 3999
f 3999 3975 3996
f 3975 3989 3996
f 3996 3989 3995
f 3989 3991 3995
f 3995 3991 3185
f 3991 3993 3185
f 3185 3993 3183
f 3208 3934 3792
f 3934 3935 3792
f 3792 3935 3795
f 3935 3936 3795
f 3795 3936 3803
f 3936 3937 3803
f 3803 3937 3810
f 3937 3938 3810
f 3810 3938 3907
f 3938 3939 3907
f 3907 3939 3920
f 3939 3940 3920
f 3920 3940 3919
f 3940 3941 3919
f 3919 3941 3918
f 3941 3942 3918
f 3918 3942 3917
f 3942 3943 3917
f 3917 3943 3916
f 3943 3944 3916
f 3916 3944 3915
f 3944 3945 3915
f 3915 3945 3914
f 3945 3946 3914
f 3914 3946 3952
f 3946 3947 3952
f 3952 3947 3191
f 3947 3186 3191
f 3191 3186 3189
f 3186 3188 3189
f 3189 3188 3988
f 3188 3962 3988
f 3988 3962 3990
f 3962 3963 3990
f 3990 3963 3992
f 3963 3987 3992
f 3992 3987 3993
f 4000 4001 4002
f 4001 4003 4002
f 4002 4003 4004
f 4003 4005 4004
f 4004 4005 4006
f 4005 4007 4006
f 4006 4007 4008
f 4007 3198 4008
f 4008 3198 4009
f 3198 3199 4009
f 4009 3199 4010
f 3196 3195 4011
f 3195 4012 4011
f 4011 4012 4013
f 4012 4014 4013
f 4013 4014 4015
f 4014 4016 4015
f 4015 4016 4017
f 4018 4019 4020
f 4019 4021 4020
f 4020 4021 4022
f 4017 4023 4015
f 4023 4024 4015
f 4015 4024 4013
f 4024 4025 4013
f 4013 4025 4011
f 4025 4026 4011
f 4011 4026 3196
f 3197 3198 3195
f 3198 4007 3195
f 3195 4007 4012
f 4007 4005 4012
f 4012 4005 4014
f 4005 4003 4014
f 4014 4003 4016
f 4003 4001 4016
f 4016 4001 4017
f 4000 4027 4001
f 4027 4028 4001
f 4001 4028 4017
f 4028 4029 4017
f 4017 4029 4023
f 4029 4021 4023
f 4023 4021 4024
f 4021 4019 4024
f 4024 4019 4025
f 4019 4018 4025
f 4025 4018 4026
f 4030 4031 4032
f 4031 4033 4032
f 4032 4033 4034
f 3364 4035 3193
f 4035 3274 3193
f 3193 3274 3194
f 3274 3276 3194
f 3194 3276 4036
f 3276 4037 4036
f 4036 4037 4038
f 4037 4039 4038
f 4038 4039 4040
f 4039 4041 4040
f 4040 4041 4042
f 4041 4043 4042
f 4042 4043 4044
f 3405 3397 3403
f 3397 3399 3403
f 3403 3399 3837
f 3399 3852 3837
f 3837 3852 3839
f 3852 3854 3839
f 3839 3854 3841
f 3854 3856 3841
f 3841 3856 3843
f 3856 3858 3843
f 3843 3858 3845
f 3858 3860 3845
f 3845 3860 3847
f 3860 3862 3847
f 3847 3862 3848
f 3862 3864 3848
f 3848 3864 3182
f 3864 4045 3182
f 3182 4045 3180
f 4046 4047 4048
f 4047 4049 4048
f 4048 4049 4050
f 4049 4051 4050
f 4050 4051 4052
f 4051 4053 4052
f 4052 4053 4054
f 4053 4055 4054
f 4054 4055 4056
f 4055 4057 4056
f 4056 4057 4058
f 4057 4059 4058
f 4058 4059 4060
f 3175 3181 3176
f 3181 3180 3176
f 3176 3180 4061
f 3384 3374 3383
f 3374 3376 3383
f 3383 3376 4062
f 3376 3834 4062
f 4062 3834 4063
f 3834 3835 4063
f 4063 3835 4046
f 3835 3192 4046
f 4046 3192 4047
f 3192 3194 4047
f 4047 3194 4049
f 3194 4036 4049
f 4049 4036 4051
f 4036 4038 4051
f 4051 4038 4053
f 4038 4040 4053
f 4053 4040 4055
f 4040 4042 4055
f 4055 4042 4057
f 4042 4044 4057
f 4057 4044 4059
f 3178 3177 4064
f 4065 4030 4066
f 4030 4032 4066
f 4066 4032 4067
f 4032 4034 4067
f 3177 4068 4064
f 4068 4069 4064
f 4064 4069 4070
f 4069 4071 4070
f 4070 4071 3591
f 4071 4072 3591
f 3591 4072 3592
f 4072 4073 3592
f 3592 4073 3593
f 4073 4074 3593
f 3593 4074 3462
f 4074 3464 3462
f 3462 3464 3463
f 3464 2002 3463
f 3463 2002 2001
f 4068 3602 4069
f 3602 3603 4069
f 4069 3603 4071
f 3603 3604 4071
f 4071 3604 4072
f 3604 3605 4072
f 4072 3605 4073
f 3605 3606 4073
f 4073 3606 4074
f 3606 3607 4074
f 4074 3607 3464
f 3607 2007 3464
f 3464 2007 2005
f 3396 3389 3395
f 3389 3200 3395
f 3395 3200 3853
f 3200 3202 3853
f 3853 3202 3855
f 3202 4075 3855
f 3855 4075 3857
f 4075 4076 3857
f 3857 4076 3859
f 4076 4077 3859
f 3859 4077 3861
f 4077 4078 3861
f 3861 4078 3863
f 4078 4079 3863
f 3863 4079 3864
f 4079 4080 3864
f 3864 4080 4045
f 4080 4081 4045
f 4045 4081 3180
f 4081 4082 3180
f 3180 4082 4061
f 4082 4083 4061
f 4061 4083 4084
f 4083 4085 4084
f 4084 4085 4086
f 4085 4087 4086
f 4086 4087 4088
f 3521 3517 3520
f 3517 3516 3520
f 3520 3516 4089
f 3516 3717 4089
f 4089 3717 4090
f 3717 3708 4090
f 4090 3708 4091
f 3708 3689 4091
f 4091 3689 4092
f 3689 3688 4092
f 4092 3688 4093
f 3688 4094 4093
f 4093 4094 4095
f 4094 4096 4095
f 4095 4096 4097
f 4096 4098 4097
f 4097 4098 4099
f 4098 4100 4099
f 4099 4100 3174
f 4022 4021 4031
f 4021 4029 4031
f 4031 4029 4033
f 4029 4028 4033
f 4033 4028 4034
f 4028 4027 4034
f 4034 4027 4067
f 4027 4101 4067
f 4067 4101 4066
f 4101 4102 4066
f 4066 4102 4065
f 4102 4103 4065
f 4065 4103 4104
f 4103 4105 4104
f 4104 4105 3610
f 4105 4106 3610
f 3610 4106 3611
f 4106 4107 3611
f 3611 4107 3622
f 4107 4108 3622
f 3622 4108 3621
f 4108 4109 3621
f 3621 4109 3620
f 4109 4110 3620
f 3620 4110 3619
f 4110 3635 3619
f 3619 3635 3639
f 3635 3637 3639
f 3639 3637 3641
f 3637 3638 3641
f 3641 3638 3643
f 3638 3706 3643
f 3643 3706 3645
f 3706 3707 3645
f 3645 3707 3734
f 3174 3176 4099
f 3176 4061 4099
f 4099 4061 4097
f 4061 4084 4097
f 4097 4084 4095
f 4084 4086 4095
f 4095 4086 4093
f 4086 4088 4093
f 4093 4088 4092
f 2042 2040 3478
f 2040 3251 3478
f 3478 3251 3685
f 3251 3682 3685
f 3685 3682 3676
f 3682 3681 3676
f 3676 3681 3675
f 3681 3680 3675
f 3675 3680 3674
f 3680 3679 3674
f 3674 3679 3673
f 3679 3653 3673
f 3673 3653 3672
f 3653 3651 3672
f 3672 3651 3671
f 3651 3650 3671
f 3671 3650 3670
f 3650 3470 3670
f 3670 3470 3228
f 3470 3469 3228
f 3228 3469 3229
f 3469 3468 3229
f 3229 3468 3631
f 3468 3608 3631
f 3631 3608 3626
f 3608 3609 3626
f 3626 3609 3627
f 3609 3231 3627
f 3627 3231 3618
f 3231 3599 3618
f 3618 3599 3616
f 3599 3594 3616
f 3616 3594 3614
f 3594 3595 3614
f 3614 3595 3612
f 3595 3596 3612
f 3612 3596 3610
f 3596 3598 3610
f 3610 3598 4104
f 3598 3602 4104
f 4104 3602 4065
f 3602 4068 4065
f 4065 4068 4030
f 4068 3177 4030
f 4030 3177 4031
f 3177 3179 4031
f 4031 3179 4022
f 3385 3381 3202
f 3381 3383 3202
f 3202 3383 4075
f 3383 4062 4075
f 4075 4062 4076
f 4062 4063 4076
f 4076 4063 4077
f 4063 4046 4077
f 4077 4046 4078
f 4046 4048 4078
f 4078 4048 4079
f 4048 4111 4079
f 4079 4111 4080
f 4111 4052 4080
f 4080 4052 4081
f 4052 4054 4081
f 4081 4054 4082
f 4054 4056 4082
f 4082 4056 4083
f 4056 4058 4083
f 4083 4058 4085
f 4058 4060 4085
f 4085 4060 4087
f 3789 4010 3787
f 4010 3199 3787
f 3787 3199 3819
f 3199 3197 3819
f 3819 3197 3979
f 3197 3196 3979
f 3979 3196 3980
f 3196 4026 3980
f 3980 4026 3981
f 4026 4018 3981
f 3981 4018 3982
f 4018 4020 3982
f 3982 4020 3983
f 4020 4022 3983
f 3983 4022 3984
f 4022 3179 3984
f 3984 3179 3985
f 3179 3178 3985
f 3985 3178 3986
f 3178 4064 3986
f 3986 4064 3987
f 4064 4070 3987
f 3987 4070 3993
f 4070 3591 3993
f 3993 3591 3183
f 3591 3460 3183
f 3183 3460 3237
f 3460 1870 3237
f 3237 1870 1869
f 3275 3359 3276
f 3359 3361 3276
f 3276 3361 4037
f 3361 3849 4037
f 4037 3849 4039
f 3849 3850 4039
f 4039 3850 4041
f 3850 3282 4041
f 4041 3282 4043
f 3282 3342 4043
f 4043 3342 4044
f 3342 3748 4044
f 4044 3748 4059
f 3748 3747 4059
f 4059 3747 4060
f 3747 3746 4060
f 4060 3746 4087
f 3746 3761 4087
f 4087 3761 4088
f 3761 3760 4088
f 4088 3760 4092
f 3760 3759 4092
f 4092 3759 4091
f 3759 3758 4091
f 4091 3758 4090
f 3758 3757 4090
f 4090 3757 4089
f 3757 3523 4089
f 4089 3523 3520
f 3523 3522 3520
f 3520 3522 3518
f 2539 2538 3488
f 2538 3485 3488
f 3488 3485 3489
f 3485 3484 3489
f 3489 3484 3735
f 3484 3728 3735
f 3735 3728 3736
f 3728 3729 3736
f 3736 3729 3737
f 3729 3730 3737
f 3737 3730 3738
f 3730 3731 3738
f 3738 3731 3739
f 3731 3732 3739
f 3739 3732 3740
f 3732 3733 3740
f 3740 3733 3715
f 3733 3734 3715
f 3715 3734 3716
f 3734 3707 3716
f 3716 3707 3713
f 3707 3702 3713
f 3713 3702 3701
f 3702 3704 3701
f 3701 3704 3696
f 3704 3705 3696
f 3696 3705 3697
f 3705 3636 3697
f 3697 3636 3695
f 3636 3635 3695
f 3695 3635 3693
f 3635 4110 3693
f 3693 4110 3691
f 4110 4109 3691
f 3691 4109 3688
f 4109 4108 3688
f 3688 4108 4094
f 4108 4107 4094
f 4094 4107 4096
f 4107 4106 4096
f 4096 4106 4098
f 4106 4105 4098
f 4098 4105 4100
f 4105 4103 4100
f 4100 4103 3174
f 4103 4102 3174
f 3174 4102 3175
f 4102 4101 3175
f 3175 4101 3181
f 4101 4027 3181
f 3181 4027 3182
f 4027 4000 3182
f 3182 4000 3848
f 4000 4002 3848
f 3848 4002 3846
f 4002 4004 3846
f 3846 4004 3844
f 4004 4006 3844
f 3844 4006 3842
f 4006 4008 3842
f 3842 4008 3840
f 4008 4009 3840
f 3840 4009 3838
f 4009 4010 3838
f 3838 4010 3836
f 4010 3789 3836
f 3836 3789 3406
f 3789 3791 3406
f 3406 3791 3783
f 3791 3828 3783
f 3783 3828 3784
f 3828 3921 3784
f 3784 3921 3785
f 3921 3934 3785
f 3785 3934 3786
f 3934 3208 3786
f 3786 3208 3440
f 3208 3207 3440
f 3440 3207 3266
f 3207 2281 3266
f 3266 2281 2280
f 4112 4113 4114
f 4115 4116 4117
f 4118 4119 4120
f 2316 2315 4121
f 2337 4122 4117
f 2359 2358 4123
f 2387 2385 4124
f 4125 4126 4127
f 2435 2434 4128
f 2197 2196 4129
f 2196 4130 4129
f 4129 4130 4131
f 4132 4128 4133
f 4128 4134 4133
f 4133 4134 4135
f 4134 4136 4135
f 4137 4138 4134
f 4138 4139 4134
f 4134 4139 4136
f 2438 2437 4140
f 2437 2172 4140
f 4140 2172 2174
f 2438 4140 4134
f 4140 4141 4134
f 4134 4141 4137
f 4128 2434 4134
f 2434 2433 4134
f 4134 2433 2176
f 2176 2175 4134
f 2175 2730 4134
f 4134 2730 2438
f 2431 2430 4128
f 2430 2731 4128
f 4128 2731 2435
f 4126 2425 4127
f 2425 2424 4127
f 4127 2424 4142
f 2424 4143 4142
f 4142 4143 2432
f 2422 2421 4144
f 2421 2419 4144
f 4145 2416 4144
f 2416 4146 4144
f 4144 4146 2422
f 4147 2408 4148
f 4148 4149 4145
f 4149 2414 4145
f 4145 2414 2416
f 4150 2410 4147
f 2410 2409 4147
f 4147 2409 2408
f 2407 2179 4151
f 2179 2178 4151
f 4151 2178 2411
f 2407 4151 2181
f 4151 4152 2181
f 2181 4152 2182
f 2403 2185 4153
f 2185 2184 4153
f 4153 2184 4152
f 2184 4154 4152
f 4152 4154 2182
f 4155 2401 4156
f 4155 4156 4153
f 4156 2404 4153
f 4153 2404 2403
f 2401 4155 2402
f 4155 4157 2402
f 2402 4157 4158
f 4159 2396 4160
f 2396 2394 4160
f 2394 2393 4160
f 2393 4161 4160
f 4160 4161 4157
f 4161 2399 4157
f 4157 2399 4158
f 4162 2391 4159
f 4163 2383 2381
f 4163 2381 4162
f 2381 2389 4162
f 4162 2389 2391
f 4124 2385 4163
f 2385 2384 4163
f 4163 2384 2383
f 2372 2378 4119
f 2378 2379 4119
f 4119 2379 4124
f 2379 2388 4124
f 4124 2388 2387
f 2372 4119 2373
f 4119 4118 2373
f 2373 4118 2375
f 2367 3027 4164
f 3027 2371 4164
f 2371 2369 4164
f 2369 2368 4164
f 4164 2368 4118
f 2368 2376 4118
f 4118 2376 2375
f 2366 4165 2364
f 4165 4166 2364
f 2358 2362 4166
f 2362 2361 4166
f 4166 2361 2364
f 2356 2354 4167
f 2354 2353 4167
f 4167 2353 4123
f 2353 2841 4123
f 4123 2841 2359
f 4168 2349 4169
f 2346 4170 4171
f 4170 2352 4171
f 4171 2352 4168
f 2352 2350 4168
f 4168 2350 2349
f 2342 2341 4172
f 2341 2348 4172
f 4172 2348 4173
f 2348 2347 4173
f 4173 2347 2346
f 2337 2336 4122
f 2336 2344 4122
f 4122 2344 4172
f 2344 2343 4172
f 4172 2343 2342
f 2333 2188 4117
f 2188 2187 4117
f 2187 2334 4117
f 4117 2334 2337
f 4174 2191 4175
f 2191 2190 4175
f 4176 2324 2332
f 2332 2330 4174
f 2330 2329 4174
f 4174 2329 2191
f 4177 2327 4176
f 2327 2325 4176
f 4176 2325 2324
f 2322 2321 4177
f 2321 2328 4177
f 4177 2328 2327
f 2322 4178 2323
f 4178 4121 2323
f 2323 4121 2313
f 4121 2315 2313
f 4179 2317 2316
f 2307 2310 4180
f 2310 2320 4180
f 4180 2320 4179
f 2320 2319 4179
f 4179 2319 2317
f 2304 2309 4181
f 2309 4182 4181
f 4181 4182 2307
f 2304 4181 2305
f 4181 4183 2305
f 2305 4183 2306
f 2306 4183 2193
f 4183 4184 2193
f 2193 4184 2194
f 2297 2296 4114
f 2296 2302 4114
f 4114 2302 4184
f 2302 2301 4184
f 4184 2301 2194
f 2196 2300 4130
f 2300 4185 4130
f 4130 4185 4114
f 4185 2298 4114
f 4114 2298 2297
f 4120 4119 4186
f 4119 4124 4186
f 4186 4124 4187
f 4188 4189 4164
f 4189 4165 4164
f 4164 4165 2367
f 4165 2366 2367
f 4166 4190 4191
f 2358 4166 4123
f 4166 4191 4123
f 4123 4191 4192
f 4189 4193 4165
f 4193 4194 4165
f 4165 4194 4166
f 4194 4195 4166
f 4166 4195 4190
f 4196 4168 4167
f 4168 4169 4167
f 4167 4169 2356
f 2346 4171 4173
f 4171 4197 4173
f 4173 4197 4198
f 4196 4199 4168
f 4199 4200 4168
f 4168 4200 4171
f 4200 4201 4171
f 4171 4201 4197
f 4192 4202 4123
f 4202 4203 4123
f 4123 4203 4167
f 4203 4204 4167
f 4167 4204 4196
f 4120 4205 4118
f 4205 4206 4118
f 4118 4206 4164
f 4206 4207 4164
f 4164 4207 4188
f 4116 4208 4117
f 4208 4175 4117
f 4117 4175 2333
f 4175 2190 2333
f 4115 4117 4209
f 4117 4122 4209
f 4209 4122 4210
f 2332 4174 4176
f 4174 4211 4176
f 4176 4211 4212
f 2322 4177 4178
f 4177 4213 4178
f 4178 4213 4214
f 4212 4215 4176
f 4215 4216 4176
f 4176 4216 4177
f 4216 4217 4177
f 4177 4217 4213
f 4208 4218 4175
f 4218 4219 4175
f 4175 4219 4174
f 4219 4220 4174
f 4174 4220 4211
f 2316 4121 4179
f 4121 4221 4179
f 4179 4221 4222
f 4180 4223 4224
f 2307 4180 4181
f 4180 4224 4181
f 4181 4224 4225
f 4222 4226 4179
f 4226 4227 4179
f 4179 4227 4180
f 4227 4228 4180
f 4180 4228 4223
f 4229 4131 4230
f 4131 4130 4230
f 4230 4130 4231
f 4130 4114 4231
f 4231 4114 4232
f 4114 4113 4232
f 4112 4114 4233
f 4114 4184 4233
f 4233 4184 4234
f 4225 4235 4181
f 4235 4236 4181
f 4181 4236 4183
f 4236 4237 4183
f 4183 4237 4184
f 4237 4238 4184
f 4184 4238 4234
f 4214 4239 4178
f 4239 4240 4178
f 4178 4240 4121
f 4240 4241 4121
f 4121 4241 4221
f 4198 4242 4173
f 4242 4243 4173
f 4173 4243 4172
f 4243 4244 4172
f 4244 4245 4172
f 4245 4246 4172
f 4172 4246 4122
f 4246 4247 4122
f 4122 4247 4210
f 4132 4248 4128
f 4248 4142 4128
f 4128 4142 2431
f 4142 2432 2431
f 4249 4250 4127
f 4250 4144 4127
f 4127 4144 4125
f 4144 2419 4125
f 4148 4145 4147
f 4145 4251 4147
f 4147 4251 4252
f 4250 4253 4144
f 4253 4254 4144
f 4144 4254 4145
f 4254 4255 4145
f 4145 4255 4251
f 4248 4256 4142
f 4256 4257 4142
f 4142 4257 4127
f 4257 4258 4127
f 4127 4258 4249
f 4259 4151 4150
f 4151 2411 4150
f 4150 2411 2410
f 4259 4260 4151
f 4260 4261 4151
f 4151 4261 4152
f 4261 4262 4152
f 4159 4160 4162
f 4160 4263 4162
f 4162 4263 4264
f 4155 4265 4157
f 4265 4266 4157
f 4157 4266 4160
f 4266 4267 4160
f 4160 4267 4263
f 4262 4268 4152
f 4268 4269 4152
f 4152 4269 4153
f 4269 4270 4153
f 4153 4270 4155
f 4270 4271 4155
f 4155 4271 4265
f 4252 4272 4147
f 4272 4273 4147
f 4147 4273 4150
f 4273 4274 4150
f 4150 4274 4259
f 4264 4275 4162
f 4275 4276 4162
f 4162 4276 4163
f 4276 4277 4163
f 4163 4277 4124
f 4277 4278 4124
f 4124 4278 4187
f 4279 4280 4281
f 4282 4283 4284
f 4285 4286 4287
f 4288 4289 4290
f 4291 4292 4293
f 4294 4295 4296
f 4297 4298 4299
f 4300 4301 4302
f 4236 4235 4303
f 4218 4208 4304
f 4193 4189 4282
f 4206 4305 4207
f 4305 4282 4207
f 4207 4282 4188
f 4282 4189 4188
f 4195 4306 4307
f 4204 4203 4308
f 4203 4202 4308
f 4202 4192 4308
f 4192 4191 4308
f 4308 4191 4307
f 4191 4190 4307
f 4307 4190 4195
f 4199 4196 4309
f 4196 4204 4309
f 4197 4201 4310
f 4201 4200 4310
f 4197 4311 4198
f 4311 4242 4198
f 4246 4245 4312
f 4245 4244 4312
f 4312 4244 4311
f 4244 4243 4311
f 4311 4243 4242
f 4246 4312 4247
f 4312 4313 4247
f 4247 4313 4210
f 4208 4116 4304
f 4116 4115 4304
f 4304 4115 4313
f 4115 4209 4313
f 4313 4209 4210
f 4314 4211 4220
f 4314 4220 4304
f 4220 4219 4304
f 4304 4219 4218
f 4216 4314 4217
f 4314 4315 4217
f 4216 4215 4314
f 4215 4212 4314
f 4314 4212 4211
f 4240 4239 4316
f 4239 4214 4316
f 4316 4214 4315
f 4214 4213 4315
f 4315 4213 4217
f 4226 4222 4317
f 4222 4221 4317
f 4317 4221 4241
f 4226 4317 4318
f 4317 4319 4318
f 4318 4319 4228
f 4235 4225 4303
f 4225 4224 4303
f 4303 4224 4319
f 4224 4223 4319
f 4319 4223 4228
f 4320 4234 4238
f 4320 4238 4303
f 4238 4237 4303
f 4303 4237 4236
f 4232 4321 4290
f 4321 4112 4290
f 4290 4112 4320
f 4112 4233 4320
f 4320 4233 4234
f 4232 4290 4231
f 4290 4289 4231
f 4231 4289 4230
f 4289 4322 4230
f 4230 4322 4229
f 4323 4324 4325
f 4324 4326 4325
f 4325 4326 4327
f 4328 4329 4330
f 4329 4331 4330
f 4332 4333 4334
f 4333 4335 4334
f 4336 4337 4338
f 4337 4339 4338
f 4340 4341 4342
f 4341 4343 4342
f 4342 4343 4344
f 4345 4346 4347
f 4346 4345 4348
f 4349 4350 4351
f 4350 4349 4352
f 4352 4283 4353
f 4283 4282 4353
f 4353 4282 4354
f 4282 4305 4354
f 4355 4356 4357
f 4356 4358 4357
f 4357 4358 4359
f 4360 4361 4362
f 4358 4363 4359
f 4363 4364 4359
f 4359 4364 4365
f 4364 4366 4365
f 4365 4366 4367
f 4366 4368 4367
f 4367 4368 4302
f 4361 4369 4362
f 4369 4370 4362
f 4362 4370 4371
f 4302 4301 4367
f 4301 4372 4367
f 4367 4372 4365
f 4373 4374 4375
f 4374 4376 4375
f 4375 4376 4377
f 4368 4360 4302
f 4360 4362 4302
f 4302 4362 4300
f 4362 4371 4300
f 4300 4371 4378
f 4371 4379 4378
f 4280 4279 4380
f 4296 4295 4381
f 4295 4382 4381
f 4381 4382 4383
f 4382 4384 4383
f 4383 4384 4385
f 4384 4386 4385
f 4385 4386 4387
f 4386 4388 4387
f 4387 4388 4389
f 4388 4390 4389
f 4389 4390 4373
f 4390 4391 4373
f 4373 4391 4374
f 4369 4297 4370
f 4297 4299 4370
f 4370 4299 4371
f 4299 4392 4371
f 4371 4392 4379
f 4393 4394 4395
f 4394 4396 4395
f 4395 4396 4397
f 4396 4398 4397
f 4397 4398 4399
f 4398 4400 4399
f 4399 4400 4401
f 4400 4402 4401
f 4401 4402 4403
f 4402 4404 4403
f 4403 4404 4405
f 4404 4406 4405
f 4311 4393 4312
f 4393 4395 4312
f 4312 4395 4313
f 4395 4397 4313
f 4313 4397 4304
f 4397 4399 4304
f 4304 4399 4314
f 4399 4401 4314
f 4314 4401 4315
f 4401 4403 4315
f 4315 4403 4316
f 4403 4405 4316
f 4286 4288 4287
f 4288 4290 4287
f 4287 4290 4407
f 4290 4320 4407
f 4407 4320 4408
f 4320 4303 4408
f 4408 4303 4409
f 4303 4319 4409
f 4409 4319 4410
f 4319 4317 4410
f 4292 4285 4293
f 4285 4287 4293
f 4293 4287 4411
f 4287 4407 4411
f 4411 4407 4412
f 4407 4408 4412
f 4412 4408 4413
f 4408 4409 4413
f 4413 4409 4406
f 4409 4410 4406
f 4406 4410 4405
f 4410 4317 4405
f 4405 4317 4316
f 4317 4241 4316
f 4316 4241 4240
f 4414 4415 4416
f 4415 4417 4416
f 4416 4417 4342
f 4417 4338 4342
f 4342 4338 4340
f 4338 4339 4340
f 4418 4419 4420
f 4415 4421 4417
f 4421 4422 4417
f 4417 4422 4338
f 4422 4345 4338
f 4338 4345 4336
f 4345 4347 4336
f 4352 4349 4283
f 4349 4423 4283
f 4283 4423 4284
f 4200 4199 4310
f 4199 4309 4310
f 4310 4309 4420
f 4204 4308 4309
f 4308 4424 4309
f 4309 4424 4420
f 4424 4425 4420
f 4420 4425 4418
f 4376 4419 4377
f 4419 4418 4377
f 4377 4418 4426
f 4418 4425 4426
f 4426 4425 4427
f 4425 4424 4427
f 4427 4424 4423
f 4424 4308 4423
f 4423 4308 4284
f 4308 4307 4284
f 4284 4307 4282
f 4307 4306 4282
f 4282 4306 4193
f 4197 4310 4311
f 4310 4420 4311
f 4311 4420 4393
f 4420 4419 4393
f 4393 4419 4394
f 4419 4376 4394
f 4394 4376 4396
f 4376 4374 4396
f 4396 4374 4398
f 4374 4391 4398
f 4398 4391 4400
f 4391 4390 4400
f 4400 4390 4402
f 4390 4388 4402
f 4402 4388 4404
f 4388 4386 4404
f 4404 4386 4406
f 4386 4384 4406
f 4406 4384 4413
f 4384 4382 4413
f 4413 4382 4412
f 4382 4295 4412
f 4412 4295 4411
f 4295 4294 4411
f 4411 4294 4293
f 4428 4429 4430
f 4429 4325 4430
f 4430 4325 4431
f 4325 4327 4431
f 4431 4327 4432
f 4429 4433 4325
f 4433 4330 4325
f 4325 4330 4323
f 4330 4331 4323
f 4434 4435 4436
f 4436 4435 4437
f 4435 4438 4437
f 4438 4439 4437
f 4437 4439 4440
f 4335 4328 4334
f 4328 4330 4334
f 4334 4330 4441
f 4330 4433 4441
f 4441 4433 4442
f 4433 4429 4442
f 4428 4434 4429
f 4434 4436 4429
f 4429 4436 4442
f 4436 4437 4442
f 4442 4437 4357
f 4437 4440 4357
f 4357 4440 4355
f 4372 4443 4365
f 4443 4444 4365
f 4365 4444 4359
f 4444 4445 4359
f 4359 4445 4357
f 4445 4446 4357
f 4357 4446 4442
f 4446 4447 4442
f 4442 4447 4441
f 4447 4414 4441
f 4441 4414 4334
f 4414 4416 4334
f 4334 4416 4332
f 4416 4342 4332
f 4332 4342 4448
f 4342 4344 4448
f 4379 4380 4378
f 4380 4279 4378
f 4378 4279 4449
f 4279 4281 4449
f 4449 4281 4291
f 4291 4293 4449
f 4293 4294 4449
f 4449 4294 4378
f 4294 4296 4378
f 4378 4296 4300
f 4296 4381 4300
f 4300 4381 4301
f 4381 4383 4301
f 4301 4383 4372
f 4383 4385 4372
f 4372 4385 4443
f 4385 4387 4443
f 4443 4387 4444
f 4387 4389 4444
f 4444 4389 4445
f 4389 4373 4445
f 4445 4373 4446
f 4373 4375 4446
f 4446 4375 4447
f 4375 4377 4447
f 4447 4377 4414
f 4377 4426 4414
f 4414 4426 4415
f 4426 4427 4415
f 4415 4427 4421
f 4427 4423 4421
f 4421 4423 4422
f 4423 4349 4422
f 4422 4349 4345
f 4349 4351 4345
f 4345 4351 4348
f 4450 4451 4452
f 4324 4323 4453
f 4454 4455 4456
f 4205 4457 4458
f 4459 4460 4461
f 4305 4206 4205
f 4305 4205 4354
f 4354 4205 4353
f 4205 4458 4353
f 4353 4458 4352
f 4462 4463 4464
f 4463 4458 4464
f 4464 4458 4459
f 4458 4457 4459
f 4459 4457 4460
f 4461 4465 4459
f 4465 4466 4459
f 4459 4466 4464
f 4466 4467 4464
f 4464 4467 4462
f 4467 4454 4462
f 4337 4336 4468
f 4336 4347 4468
f 4456 4469 4470
f 4469 4468 4470
f 4470 4468 4471
f 4468 4347 4471
f 4471 4347 4346
f 4346 4348 4471
f 4348 4351 4471
f 4471 4351 4350
f 4454 4456 4462
f 4456 4470 4462
f 4462 4470 4463
f 4470 4471 4463
f 4463 4471 4458
f 4471 4350 4458
f 4458 4350 4352
f 4455 4472 4473
f 4474 4452 4475
f 4343 4476 4477
f 4476 4478 4477
f 4477 4478 4479
f 4478 4473 4479
f 4479 4473 4480
f 4473 4472 4480
f 4480 4472 4474
f 4481 4453 4482
f 4323 4331 4453
f 4331 4329 4453
f 4453 4329 4482
f 4332 4448 4477
f 4448 4344 4477
f 4477 4344 4343
f 4329 4328 4482
f 4328 4335 4482
f 4482 4335 4333
f 4474 4475 4480
f 4475 4481 4480
f 4480 4481 4479
f 4481 4482 4479
f 4479 4482 4477
f 4482 4333 4477
f 4477 4333 4332
f 4452 4451 4475
f 4451 4483 4475
f 4475 4483 4484
f 4485 4486 4487
f 4487 4488 4485
f 4488 4489 4485
f 4485 4489 4490
f 4489 4491 4490
f 4490 4491 4492
f 4493 4494 4495
f 4494 4265 4495
f 4495 4265 4496
f 4497 4498 4499
f 4498 4500 4499
f 4493 4495 4499
f 4495 4501 4499
f 4499 4501 4497
f 4502 4503 4493
f 4503 4504 4493
f 4493 4504 4494
f 4465 4505 4466
f 4505 4506 4466
f 4466 4506 4507
f 4498 4508 4500
f 4508 4509 4500
f 4500 4509 4510
f 4509 4511 4510
f 4510 4511 4486
f 4511 4512 4486
f 4486 4512 4487
f 4484 4513 4475
f 4513 4514 4475
f 4475 4514 4481
f 4514 4515 4481
f 4481 4515 4453
f 4515 4516 4453
f 4453 4516 4517
f 4517 4432 4327
f 4517 4327 4453
f 4327 4326 4453
f 4453 4326 4324
f 4343 4341 4476
f 4341 4340 4476
f 4476 4340 4339
f 4455 4473 4456
f 4473 4478 4456
f 4456 4478 4469
f 4478 4476 4469
f 4469 4476 4468
f 4476 4339 4468
f 4468 4339 4337
f 4492 4518 4490
f 4518 4519 4490
f 4490 4519 4520
f 4520 4450 4490
f 4450 4452 4490
f 4490 4452 4485
f 4452 4474 4485
f 4485 4474 4486
f 4474 4472 4486
f 4486 4472 4510
f 4472 4455 4510
f 4510 4455 4500
f 4455 4454 4500
f 4500 4454 4499
f 4454 4467 4499
f 4499 4467 4493
f 4467 4466 4493
f 4493 4466 4502
f 4466 4507 4502
f 4521 4522 4523
f 4524 4525 4526
f 4517 4527 4432
f 4527 4431 4432
f 4517 4516 4527
f 4516 4528 4527
f 4527 4528 4524
f 4438 4435 4527
f 4435 4434 4527
f 4434 4428 4527
f 4428 4430 4527
f 4527 4430 4431
f 4356 4355 4529
f 4355 4440 4529
f 4529 4440 4527
f 4440 4439 4527
f 4527 4439 4438
f 4530 4531 4297
f 4531 4298 4297
f 4366 4364 4529
f 4530 4361 4531
f 4361 4360 4531
f 4531 4360 4368
f 4364 4363 4529
f 4363 4358 4529
f 4529 4358 4356
f 4532 4533 4534
f 4525 4535 4526
f 4535 4536 4526
f 4526 4536 4532
f 4536 4537 4532
f 4532 4537 4533
f 4522 4492 4523
f 4492 4538 4523
f 4523 4538 4539
f 4539 4540 4523
f 4540 4532 4523
f 4523 4532 4521
f 4532 4534 4521
f 4368 4366 4531
f 4366 4529 4531
f 4531 4529 4541
f 4529 4527 4541
f 4541 4527 4542
f 4524 4526 4527
f 4526 4543 4527
f 4527 4543 4542
f 4540 4544 4532
f 4544 4545 4532
f 4532 4545 4526
f 4545 4546 4526
f 4526 4546 4543
f 4547 4548 4549
f 4548 4550 4549
f 4551 4552 4553
f 4552 4554 4553
f 4553 4554 4555
f 4556 4557 4558
f 4557 4559 4558
f 4558 4559 4560
f 4561 4562 4563
f 4563 4562 4564
f 4562 4565 4564
f 4565 4566 4564
f 4564 4566 4567
f 4566 4568 4567
f 4569 4570 4571
f 4570 4572 4571
f 4571 4572 4573
f 4574 4548 4575
f 4548 4547 4575
f 4575 4547 4576
f 4547 4577 4576
f 4576 4577 4578
f 4579 4580 4559
f 4580 4549 4559
f 4559 4549 4560
f 4549 4550 4560
f 4580 4581 4549
f 4581 4582 4549
f 4549 4582 4547
f 4582 4583 4547
f 4547 4583 4577
f 4556 4555 4557
f 4555 4554 4557
f 4557 4554 4584
f 4551 4573 4552
f 4573 4572 4552
f 4552 4572 4585
f 4585 4586 4552
f 4586 4587 4552
f 4552 4587 4554
f 4587 4588 4554
f 4554 4588 4584
f 4584 4589 4557
f 4589 4590 4557
f 4557 4590 4559
f 4590 4591 4559
f 4559 4591 4579
f 4592 4593 4563
f 4593 4570 4563
f 4563 4570 4561
f 4570 4569 4561
f 4592 4563 4594
f 4563 4564 4594
f 4594 4564 4595
f 4568 4596 4567
f 4596 4597 4567
f 4567 4597 4598
f 4598 4599 4567
f 4599 4600 4567
f 4567 4600 4564
f 4600 4601 4564
f 4564 4601 4595
f 4593 4602 4570
f 4602 4603 4570
f 4570 4603 4572
f 4603 4604 4572
f 4572 4604 4585
f 4596 4605 4597
f 4605 4606 4597
f 4597 4606 4538
f 4606 4607 4538
f 4538 4607 4539
f 4492 4608 4538
f 4608 4609 4538
f 4538 4609 4597
f 4609 4610 4597
f 4597 4610 4598
f 4611 4612 4613
f 4565 4562 4614
f 4615 4616 4617
f 4618 4619 4620
f 4621 4622 4531
f 4622 4623 4531
f 4623 4624 4531
f 4624 4625 4531
f 4531 4625 4626
f 4626 4627 4531
f 4627 4628 4531
f 4531 4628 4298
f 4619 4629 4620
f 4629 4630 4620
f 4620 4630 4631
f 4631 4632 4620
f 4632 4633 4620
f 4620 4633 4531
f 4633 4634 4531
f 4531 4634 4621
f 4635 4636 4637
f 4636 4638 4637
f 4635 4639 4636
f 4639 4640 4636
f 4636 4640 4641
f 4642 4636 4643
f 4636 4644 4643
f 4643 4644 4645
f 4642 4646 4636
f 4646 4647 4636
f 4636 4647 4648
f 4648 4649 4636
f 4649 4650 4636
f 4636 4650 4638
f 4651 4652 4653
f 4652 4654 4653
f 4654 4655 4653
f 4655 4656 4653
f 4653 4656 4644
f 4656 4657 4644
f 4644 4657 4645
f 4540 4658 4659
f 4658 4660 4659
f 4659 4660 4651
f 4651 4653 4659
f 4653 4544 4659
f 4659 4544 4540
f 4531 4541 4620
f 4541 4636 4620
f 4620 4636 4618
f 4636 4641 4618
f 4541 4542 4636
f 4542 4543 4636
f 4636 4543 4644
f 4543 4546 4644
f 4644 4546 4653
f 4546 4545 4653
f 4653 4545 4544
f 4615 4617 4574
f 4558 4560 4661
f 4560 4550 4661
f 4661 4550 4617
f 4550 4548 4617
f 4617 4548 4574
f 4662 4551 4663
f 4551 4553 4663
f 4663 4553 4664
f 4553 4555 4664
f 4555 4556 4664
f 4664 4556 4665
f 4566 4613 4568
f 4613 4666 4568
f 4568 4666 4596
f 4666 4605 4596
f 4562 4561 4667
f 4561 4569 4667
f 4667 4569 4668
f 4569 4571 4668
f 4668 4571 4662
f 4571 4573 4662
f 4662 4573 4551
f 4556 4558 4665
f 4558 4661 4665
f 4665 4661 4669
f 4661 4670 4669
f 4616 4671 4617
f 4671 4672 4617
f 4617 4672 4661
f 4672 4673 4661
f 4661 4673 4670
f 4674 4668 4675
f 4668 4662 4675
f 4675 4662 4676
f 4662 4663 4676
f 4676 4663 4677
f 4669 4678 4665
f 4678 4679 4665
f 4665 4679 4664
f 4679 4680 4664
f 4680 4681 4664
f 4681 4682 4664
f 4664 4682 4663
f 4682 4683 4663
f 4663 4683 4677
f 4562 4667 4614
f 4667 4684 4614
f 4614 4684 4685
f 4685 4611 4614
f 4611 4613 4614
f 4614 4613 4565
f 4613 4566 4565
f 4605 4666 4686
f 4666 4687 4686
f 4686 4687 4688
f 4612 4689 4613
f 4689 4690 4613
f 4613 4690 4666
f 4690 4691 4666
f 4666 4691 4687
f 4674 4692 4668
f 4692 4693 4668
f 4668 4693 4667
f 4693 4694 4667
f 4667 4694 4684
f 4540 4539 4658
f 4539 4607 4658
f 4658 4607 4686
f 4607 4606 4686
f 4686 4606 4605
f 4688 4695 4696
f 4695 4697 4696
f 4696 4697 4658
f 4697 4698 4658
f 4658 4698 4660
f 4285 4292 4699
f 4291 4281 4700
f 4380 4379 4701
f 4702 4703 4704
f 4705 4706 4707
f 4708 4709 4710
f 4711 4712 4713
f 4714 4715 4716
f 4717 4718 4719
f 4720 4721 4722
f 4723 4724 4725
f 4724 4726 4725
f 4725 4726 4727
f 4720 4722 4728
f 4722 4729 4728
f 4728 4729 4730
f 4731 4732 4733
f 4732 4734 4733
f 4734 4735 4733
f 4735 4736 4733
f 4733 4736 4729
f 4736 4737 4729
f 4729 4737 4730
f 4731 4733 4738
f 4733 4739 4738
f 4738 4739 4740
f 4718 4741 4719
f 4741 4742 4719
f 4719 4742 4739
f 4742 4743 4739
f 4739 4743 4740
f 4715 4744 4745
f 4744 4746 4745
f 4746 4747 4745
f 4745 4747 4719
f 4747 4748 4719
f 4719 4748 4717
f 4749 4750 4751
f 4750 4752 4751
f 4751 4752 4716
f 4752 4753 4716
f 4716 4753 4714
f 4712 4754 4713
f 4754 4755 4713
f 4713 4755 4751
f 4755 4756 4751
f 4751 4756 4749
f 4757 4758 4759
f 4758 4760 4759
f 4759 4760 4713
f 4760 4761 4713
f 4713 4761 4711
f 4757 4759 4762
f 4759 4763 4762
f 4762 4763 4764
f 4765 4766 4767
f 4766 4768 4767
f 4767 4768 4763
f 4768 4769 4763
f 4763 4769 4764
f 4770 4771 4767
f 4771 4772 4767
f 4767 4772 4765
f 4773 4774 4770
f 4774 4775 4770
f 4770 4775 4771
f 4776 4777 4773
f 4778 4779 4780
f 4779 4781 4780
f 4780 4781 4776
f 4781 4782 4776
f 4776 4782 4777
f 4783 4784 4785
f 4784 4786 4785
f 4785 4786 4780
f 4786 4787 4780
f 4780 4787 4778
f 4710 4709 4785
f 4709 4788 4785
f 4785 4788 4783
f 4708 4710 4789
f 4710 4790 4789
f 4789 4790 4791
f 4792 4793 4794
f 4795 4796 4797
f 4796 4798 4797
f 4799 4800 4801
f 4800 4802 4801
f 4802 4803 4801
f 4803 4804 4801
f 4801 4804 4805
f 4806 4807 4808
f 4807 4809 4808
f 4808 4809 4810
f 4702 4704 4811
f 4649 4812 4650
f 4812 4813 4650
f 4814 4621 4815
f 4621 4634 4815
f 4815 4634 4633
f 4816 4624 4817
f 4624 4623 4817
f 4817 4623 4814
f 4623 4622 4814
f 4814 4622 4621
f 4392 4299 4818
f 4299 4298 4818
f 4298 4628 4818
f 4628 4627 4818
f 4818 4627 4819
f 4627 4626 4819
f 4819 4626 4816
f 4626 4625 4816
f 4816 4625 4624
f 4820 4821 4822
f 4822 4821 4823
f 4821 4824 4823
f 4823 4824 4825
f 4824 4826 4825
f 4825 4826 4827
f 4826 4828 4827
f 4827 4828 4829
f 4828 4830 4829
f 4830 4831 4829
f 4829 4831 4832
f 4831 4833 4832
f 4832 4833 4701
f 4833 4834 4701
f 4701 4834 4380
f 4834 4835 4380
f 4380 4835 4280
f 4722 4836 4729
f 4836 4837 4729
f 4729 4837 4733
f 4837 4838 4733
f 4733 4838 4739
f 4838 4839 4739
f 4739 4839 4719
f 4839 4840 4719
f 4719 4840 4745
f 4840 4841 4745
f 4721 4727 4722
f 4727 4726 4722
f 4722 4726 4836
f 4726 4288 4836
f 4836 4288 4286
f 4286 4285 4836
f 4285 4699 4836
f 4836 4699 4837
f 4699 4842 4837
f 4837 4842 4838
f 4842 4843 4838
f 4838 4843 4839
f 4843 4844 4839
f 4839 4844 4840
f 4844 4845 4840
f 4840 4845 4841
f 4845 4846 4841
f 4847 4848 4849
f 4848 4850 4849
f 4849 4850 4851
f 4292 4291 4699
f 4291 4700 4699
f 4699 4700 4842
f 4700 4852 4842
f 4842 4852 4843
f 4852 4853 4843
f 4843 4853 4844
f 4853 4854 4844
f 4844 4854 4845
f 4854 4855 4845
f 4845 4855 4846
f 4855 4856 4846
f 4846 4856 4857
f 4856 4858 4857
f 4857 4858 4859
f 4858 4860 4859
f 4859 4860 4861
f 4860 4862 4861
f 4861 4862 4863
f 4862 4864 4863
f 4863 4864 4865
f 4864 4866 4865
f 4865 4866 4867
f 4866 4851 4867
f 4867 4851 4868
f 4851 4850 4868
f 4707 4869 4870
f 4798 4705 4797
f 4705 4707 4797
f 4797 4707 4871
f 4707 4870 4871
f 4872 4869 4873
f 4869 4707 4873
f 4873 4707 4792
f 4707 4706 4792
f 4792 4706 4793
f 4773 4770 4776
f 4770 4872 4776
f 4776 4872 4780
f 4872 4873 4780
f 4780 4873 4785
f 4873 4792 4785
f 4785 4792 4710
f 4792 4794 4710
f 4710 4794 4790
f 4716 4874 4751
f 4874 4875 4751
f 4751 4875 4713
f 4875 4876 4713
f 4713 4876 4759
f 4876 4877 4759
f 4759 4877 4763
f 4877 4878 4763
f 4763 4878 4767
f 4878 4879 4767
f 4767 4879 4770
f 4879 4880 4770
f 4770 4880 4872
f 4880 4881 4872
f 4872 4881 4869
f 4881 4882 4869
f 4869 4882 4870
f 4715 4745 4716
f 4745 4841 4716
f 4716 4841 4874
f 4841 4846 4874
f 4874 4846 4875
f 4846 4857 4875
f 4875 4857 4876
f 4857 4859 4876
f 4876 4859 4877
f 4859 4861 4877
f 4877 4861 4878
f 4861 4863 4878
f 4878 4863 4879
f 4863 4865 4879
f 4879 4865 4880
f 4865 4867 4880
f 4880 4867 4881
f 4867 4868 4881
f 4881 4868 4882
f 4868 4850 4882
f 4882 4850 4870
f 4850 4848 4870
f 4870 4848 4871
f 4848 4847 4871
f 4871 4847 4797
f 4883 4637 4813
f 4637 4638 4813
f 4813 4638 4650
f 4703 4806 4704
f 4806 4808 4704
f 4704 4808 4884
f 4885 4639 4883
f 4639 4635 4883
f 4883 4635 4637
f 4886 4641 4885
f 4641 4640 4885
f 4885 4640 4639
f 4632 4631 4887
f 4631 4630 4887
f 4630 4629 4887
f 4629 4619 4887
f 4887 4619 4886
f 4619 4618 4886
f 4886 4618 4641
f 4633 4632 4815
f 4632 4887 4815
f 4815 4887 4888
f 4887 4886 4888
f 4888 4886 4889
f 4886 4885 4889
f 4889 4885 4884
f 4885 4883 4884
f 4884 4883 4704
f 4883 4813 4704
f 4704 4813 4811
f 4813 4812 4811
f 4379 4392 4701
f 4392 4818 4701
f 4701 4818 4832
f 4818 4819 4832
f 4832 4819 4829
f 4819 4816 4829
f 4829 4816 4827
f 4816 4817 4827
f 4827 4817 4825
f 4817 4814 4825
f 4825 4814 4823
f 4814 4815 4823
f 4823 4815 4822
f 4815 4888 4822
f 4822 4888 4820
f 4888 4889 4820
f 4820 4889 4890
f 4889 4884 4890
f 4890 4884 4891
f 4884 4808 4891
f 4891 4808 4799
f 4808 4810 4799
f 4799 4810 4800
f 4810 4892 4800
f 4800 4892 4802
f 4281 4280 4700
f 4280 4835 4700
f 4700 4835 4852
f 4835 4834 4852
f 4852 4834 4853
f 4834 4833 4853
f 4853 4833 4854
f 4833 4831 4854
f 4854 4831 4855
f 4831 4830 4855
f 4855 4830 4856
f 4830 4828 4856
f 4856 4828 4858
f 4828 4826 4858
f 4858 4826 4860
f 4826 4824 4860
f 4860 4824 4862
f 4824 4821 4862
f 4862 4821 4864
f 4821 4820 4864
f 4864 4820 4866
f 4820 4890 4866
f 4866 4890 4851
f 4890 4891 4851
f 4851 4891 4849
f 4891 4799 4849
f 4849 4799 4847
f 4799 4801 4847
f 4847 4801 4797
f 4801 4805 4797
f 4797 4805 4795
f 4893 4894 4895
f 4896 4897 4898
f 4899 4900 4901
f 4902 4903 4904
f 4905 4906 4907
f 4501 4495 4908
f 4498 4497 4909
f 4910 4911 4912
f 4913 4135 4914
f 4135 4136 4914
f 4914 4136 4139
f 4139 4915 4914
f 4915 4916 4914
f 4914 4916 4917
f 4910 4912 4918
f 4919 4920 4921
f 4920 4922 4921
f 4923 4924 4925
f 4924 4926 4925
f 4925 4926 4927
f 4908 4928 4929
f 4928 4908 4930
f 4908 4495 4930
f 4930 4495 4931
f 4932 4933 4934
f 4933 4935 4934
f 4934 4935 4936
f 4935 4937 4936
f 4936 4937 4938
f 4937 4939 4938
f 4938 4939 4940
f 4939 4941 4940
f 4940 4941 4942
f 4941 4909 4942
f 4942 4909 4908
f 4909 4497 4908
f 4908 4497 4501
f 4933 4943 4935
f 4943 4944 4935
f 4935 4944 4937
f 4944 4945 4937
f 4937 4945 4939
f 4945 4946 4939
f 4939 4946 4941
f 4946 4947 4941
f 4941 4947 4909
f 4947 4948 4909
f 4909 4948 4498
f 4949 4950 4488
f 4951 4952 4933
f 4952 4953 4933
f 4933 4953 4943
f 4953 4600 4943
f 4943 4600 4599
f 4907 4906 4903
f 4906 4954 4903
f 4903 4954 4904
f 4938 4902 4955
f 4956 4904 4957
f 4904 4954 4957
f 4957 4954 4958
f 4954 4906 4958
f 4958 4906 4959
f 4906 4905 4959
f 4899 4901 4960
f 4900 4578 4577
f 4900 4577 4901
f 4577 4583 4901
f 4901 4583 4961
f 4583 4962 4961
f 4961 4962 4963
f 4898 4956 4964
f 4956 4957 4964
f 4964 4957 4961
f 4957 4958 4961
f 4961 4958 4901
f 4958 4959 4901
f 4901 4959 4960
f 4959 4905 4960
f 4960 4905 4965
f 4905 4966 4965
f 4902 4904 4955
f 4904 4956 4955
f 4955 4956 4967
f 4956 4898 4967
f 4967 4898 4968
f 4898 4897 4968
f 4968 4897 4969
f 4969 4970 4968
f 4970 4971 4968
f 4968 4971 4972
f 4963 4973 4961
f 4973 4974 4961
f 4961 4974 4964
f 4974 4975 4964
f 4964 4975 4898
f 4975 4976 4898
f 4898 4976 4896
f 4977 4978 4979
f 4978 4980 4979
f 4979 4980 4981
f 4980 4982 4981
f 4977 4913 4978
f 4913 4914 4978
f 4978 4914 4893
f 4914 4917 4893
f 4893 4917 4894
f 4982 4980 4983
f 4980 4984 4983
f 4983 4984 4985
f 4911 4986 4912
f 4986 4987 4912
f 4912 4987 4984
f 4987 4988 4984
f 4984 4988 4985
f 4927 4919 4925
f 4919 4921 4925
f 4925 4921 4989
f 4921 4990 4989
f 4989 4990 4991
f 4990 4992 4991
f 4991 4992 4993
f 4992 4994 4993
f 4993 4994 4995
f 4994 4996 4995
f 4995 4996 4997
f 4996 4998 4997
f 4997 4998 4999
f 4998 5000 4999
f 4999 5000 5001
f 4922 4918 4921
f 4918 4912 4921
f 4921 4912 4990
f 4912 4984 4990
f 4990 4984 4992
f 4984 4980 4992
f 4992 4980 4994
f 4980 4978 4994
f 4994 4978 4996
f 4978 4893 4996
f 4996 4893 4998
f 4893 4895 4998
f 4998 4895 5000
f 4598 5002 5003
f 5002 5004 5003
f 5003 5004 4608
f 4488 4950 4489
f 4950 5003 4489
f 4489 5003 4491
f 5003 4608 4491
f 4491 4608 4492
f 4488 4487 4949
f 4487 4512 4949
f 4949 4512 5005
f 4512 4511 5005
f 5005 4511 4509
f 4599 4598 4943
f 4598 5003 4943
f 4943 5003 4944
f 5003 4950 4944
f 4944 4950 4945
f 4950 4949 4945
f 4945 4949 4946
f 4949 5005 4946
f 4946 5005 4947
f 5005 4509 4947
f 4947 4509 4948
f 5006 5007 4932
f 4938 4955 4936
f 4955 4967 4936
f 4936 4967 4934
f 4967 4968 4934
f 4934 4968 4932
f 4968 4972 4932
f 4932 4972 5006
f 5007 5008 4932
f 5008 5009 4932
f 4932 5009 4933
f 5009 5010 4933
f 4933 5010 4951
f 4929 4923 4908
f 4923 4925 4908
f 4908 4925 4942
f 4925 4989 4942
f 4942 4989 4940
f 4989 4991 4940
f 4940 4991 4938
f 4991 4993 4938
f 4938 4993 4902
f 4993 4995 4902
f 4902 4995 4903
f 4995 4997 4903
f 4903 4997 4907
f 4997 4999 4907
f 4907 4999 4905
f 4999 5001 4905
f 4905 5001 4966
f 4804 4803 5011
f 4809 4807 5012
f 5013 5014 5015
f 4703 4702 5016
f 5014 5013 5017
f 5012 5018 5019
f 5020 5021 5022
f 5021 5023 5022
f 4790 4794 5024
f 5025 4791 4790
f 5025 4790 5026
f 4790 5024 5026
f 5026 5024 5027
f 5028 5029 5030
f 5029 5031 5030
f 5030 5031 5032
f 5033 5028 5034
f 5028 5030 5034
f 5034 5030 5035
f 5032 5027 5030
f 5027 5024 5030
f 5030 5024 5036
f 5024 5037 5036
f 5036 5037 5038
f 4705 5037 5039
f 5037 5024 5039
f 5039 5024 4793
f 5024 4794 4793
f 4803 5040 5011
f 5040 5022 5011
f 5011 5022 5041
f 5022 5023 5041
f 5041 5023 5042
f 5020 5019 5043
f 5019 5018 5043
f 5043 5018 5044
f 4703 5016 4806
f 4803 4802 5040
f 4802 4892 5040
f 5040 4892 4810
f 5020 5022 5019
f 5022 5040 5019
f 5019 5040 5012
f 5040 4810 5012
f 5012 4810 4809
f 4807 4806 5012
f 4806 5016 5012
f 5012 5016 5018
f 5016 5013 5018
f 5018 5013 5044
f 5013 5015 5044
f 5044 5015 5045
f 5045 5046 5044
f 5046 5047 5044
f 5044 5047 5043
f 5047 5048 5043
f 5043 5048 5020
f 5048 5049 5020
f 5020 5049 5021
f 5049 5050 5021
f 5021 5050 5023
f 5050 5051 5023
f 5023 5051 5042
f 5051 5035 5042
f 5052 5053 5054
f 5054 5053 5055
f 5053 5056 5055
f 5055 5056 5057
f 5058 5059 5060
f 5057 5056 5061
f 5056 5058 5061
f 5061 5058 5062
f 5058 5060 5062
f 5062 5060 4660
f 5063 5064 5065
f 5066 5067 5068
f 5069 5070 5071
f 5065 5066 5063
f 5066 5068 5063
f 5063 5068 5072
f 5068 5069 5072
f 5072 5069 5073
f 5069 5071 5073
f 5067 5074 5068
f 5074 5075 5068
f 5068 5075 5076
f 5077 5078 5034
f 5078 5079 5034
f 5034 5079 5033
f 5054 5080 5052
f 5080 5081 5052
f 5052 5081 5070
f 5081 5082 5070
f 5070 5082 5071
f 4812 4649 4648
f 4812 4648 4811
f 5017 5013 4647
f 5013 5016 4647
f 4647 5016 4648
f 5016 4702 4648
f 4648 4702 4811
f 4705 4798 5037
f 4798 4796 5037
f 5037 4796 5038
f 4796 4795 5038
f 5038 4795 4805
f 5035 5030 5042
f 5030 5036 5042
f 5042 5036 5041
f 5036 5038 5041
f 5041 5038 5011
f 5038 4805 5011
f 5011 4805 4804
f 5083 5084 5058
f 5084 5085 5058
f 5058 5085 5059
f 5046 5083 5047
f 5083 5058 5047
f 5047 5058 5048
f 5058 5056 5048
f 5048 5056 5049
f 5056 5053 5049
f 5049 5053 5050
f 5053 5052 5050
f 5050 5052 5051
f 5052 5070 5051
f 5051 5070 5035
f 5070 5069 5035
f 5035 5069 5034
f 5069 5068 5034
f 5034 5068 5077
f 5068 5076 5077
f 5086 5087 5088
f 5089 5090 5091
f 4746 4744 5092
f 4758 4757 5093
f 3307 3306 5094
f 3308 5095 5096
f 3330 5097 5098
f 5099 3343 5100
f 3274 4035 5101
f 3365 3369 5102
f 5103 5104 5105
f 5103 5105 5106
f 5090 5106 5091
f 5106 5105 5091
f 5091 5105 3295
f 5105 5107 3295
f 3295 5107 3297
f 5107 3299 3297
f 4129 4131 5108
f 4131 4723 5108
f 2197 4129 3435
f 4129 5108 3435
f 3435 5108 5109
f 5108 3426 5109
f 3426 5108 3428
f 5108 5110 3428
f 3428 5110 3430
f 5111 3433 5110
f 3433 3432 5110
f 5110 3432 3430
f 3422 3268 5111
f 3268 3267 5111
f 5111 3267 3433
f 3423 5112 3424
f 5112 5113 3424
f 3424 5113 3421
f 3417 3418 5113
f 3418 3420 5113
f 5113 3420 3421
f 5114 3415 3417
f 3415 5114 3410
f 5114 5115 3410
f 3410 5115 3411
f 5092 3407 5116
f 3407 3414 5116
f 5116 3414 3413
f 5117 3404 3402
f 3402 3401 5092
f 3401 3408 5092
f 5092 3408 3407
f 3400 3398 5118
f 3398 3397 5118
f 5118 3397 5117
f 3397 3405 5117
f 5117 3405 3404
f 5119 3396 5120
f 3396 3394 5120
f 5120 3394 3393
f 5121 3390 5119
f 3390 3389 5119
f 5119 3389 3396
f 5093 3392 5121
f 3392 3391 5121
f 5121 3391 3390
f 3386 3387 5093
f 3387 3388 5093
f 5093 3388 3392
f 3381 3385 5122
f 3385 3386 5122
f 5123 3374 5124
f 3374 3384 5124
f 5124 3384 5122
f 3384 3382 5122
f 5122 3382 3381
f 3372 5125 5126
f 5125 3379 5126
f 5126 3379 5127
f 3379 3378 5127
f 5127 3378 3377
f 5128 3270 3372
f 3369 3371 5102
f 3371 3273 5102
f 5102 3273 5128
f 3273 3271 5128
f 5128 3271 3270
f 3366 3365 5129
f 3364 3363 5130
f 3363 3368 5130
f 5130 3368 5129
f 3368 3367 5129
f 5129 3367 3366
f 3274 5101 3275
f 3277 3362 5131
f 3362 3360 5131
f 5131 3360 5101
f 3360 3359 5101
f 5101 3359 3275
f 5132 3356 3278
f 3352 3351 5133
f 3351 3358 5133
f 5133 3358 5132
f 3358 3357 5132
f 5132 3357 3356
f 3352 5133 3353
f 5133 5134 3353
f 3353 5134 3354
f 5135 3280 5088
f 3280 3851 5088
f 5088 3851 5134
f 3851 3355 5134
f 5134 3355 3354
f 5136 3283 5135
f 5137 3348 5136
f 3348 5138 5136
f 5138 3345 5136
f 3345 3284 5136
f 5136 3284 3283
f 3343 3341 5137
f 3341 5139 5137
f 5137 5139 3348
f 5140 3337 5100
f 3337 3339 5100
f 5100 3339 5099
f 5097 3335 5140
f 3335 3334 5140
f 5140 3334 3337
f 5141 3332 5098
f 3332 3331 5098
f 5098 3331 3330
f 3322 3320 5141
f 3320 3319 5141
f 5141 3319 3332
f 3324 5142 3325
f 5142 5143 3325
f 3286 5144 5143
f 5144 3326 5143
f 5143 3326 3325
f 3316 3287 5145
f 3287 3286 5145
f 5146 3318 5145
f 3318 3317 5145
f 5145 3317 3316
f 5095 5147 5146
f 5147 3313 5146
f 3313 3312 5146
f 5146 3312 3318
f 3306 3305 5094
f 3305 5148 5094
f 5094 5148 5096
f 5148 3309 5096
f 5096 3309 3308
f 3304 3303 5149
f 3295 3301 5091
f 3301 3300 5091
f 5091 3300 3292
f 3292 3290 5091
f 3290 3289 5091
f 5091 3289 5149
f 3289 3766 5149
f 5149 3766 3304
f 5025 5132 5131
f 5132 3278 5131
f 5131 3278 3277
f 5025 5150 5132
f 5150 5151 5132
f 5132 5151 5133
f 5151 5152 5133
f 5153 4709 5130
f 4709 5101 5130
f 5130 5101 3364
f 5101 4035 3364
f 3365 5102 5129
f 5102 4778 5129
f 5129 4778 4787
f 4787 4786 5129
f 4786 4784 5129
f 5129 4784 5130
f 4784 4783 5130
f 5130 4783 5153
f 5126 4774 4773
f 3372 5126 5128
f 5126 4773 5128
f 5128 4773 4777
f 4766 4765 5124
f 4765 5127 5124
f 5124 5127 5123
f 5127 3377 5123
f 4765 4772 5127
f 4772 4771 5127
f 5127 4771 5126
f 4771 4775 5126
f 5126 4775 4774
f 4777 4782 5128
f 4782 4781 5128
f 5128 4781 5102
f 4781 4779 5102
f 5102 4779 4778
f 4709 4708 5101
f 4708 4789 5101
f 5101 4789 5131
f 4789 4791 5131
f 5131 4791 5025
f 3386 5093 5122
f 5093 4757 5122
f 5122 4757 4762
f 4712 4711 5119
f 5119 4711 5121
f 4711 4761 5121
f 5121 4761 5093
f 4761 4760 5093
f 5093 4760 4758
f 4750 4749 5118
f 4749 5120 5118
f 5118 5120 3400
f 5120 3393 3400
f 3402 5092 5117
f 5092 4744 5117
f 5117 4744 4715
f 4715 4714 5117
f 4714 4753 5117
f 5117 4753 5118
f 4753 4752 5118
f 5118 4752 4750
f 4749 4756 5120
f 4756 4755 5120
f 5120 4755 5119
f 4755 4754 5119
f 5119 4754 4712
f 4741 4718 5115
f 4718 5116 5115
f 5115 5116 3411
f 5116 3413 3411
f 3417 5113 5114
f 5113 4731 5114
f 5114 4731 4738
f 4738 4740 5114
f 4740 4743 5114
f 5114 4743 5115
f 4743 4742 5115
f 5115 4742 4741
f 4737 4736 5111
f 4736 5112 5111
f 5111 5112 3422
f 5112 3423 3422
f 4723 4725 5108
f 4725 4727 5108
f 5108 4727 5110
f 4727 4721 5110
f 4721 5154 5110
f 5154 4728 5110
f 5110 4728 5111
f 4728 4730 5111
f 5111 4730 4737
f 4736 4735 5112
f 4735 4734 5112
f 5112 4734 5113
f 4734 4732 5113
f 5113 4732 4731
f 4718 4717 5116
f 4717 4748 5116
f 5116 4748 5092
f 4748 4747 5092
f 5092 4747 4746
f 4762 4764 5122
f 4764 4769 5122
f 5122 4769 5124
f 4769 4768 5124
f 5124 4768 4766
f 5094 5155 5156
f 5156 5157 5094
f 5157 5149 5094
f 5094 5149 3307
f 5149 3303 3307
f 5157 5158 5149
f 5158 5159 5149
f 5149 5159 5091
f 5159 5160 5091
f 5091 5160 5089
f 5095 5146 5096
f 5146 5161 5096
f 5096 5161 5162
f 5143 5163 5164
f 3286 5143 5145
f 5143 5164 5145
f 5145 5164 5165
f 5166 5167 5145
f 5167 5168 5145
f 5145 5168 5146
f 5168 5169 5146
f 5146 5169 5161
f 5162 5170 5096
f 5170 5171 5096
f 5096 5171 5094
f 5171 5172 5094
f 5094 5172 5155
f 5173 5174 5141
f 5174 5142 5141
f 5141 5142 3322
f 5142 3324 3322
f 5097 5140 5098
f 5140 5175 5098
f 5098 5175 5176
f 5176 5177 5098
f 5177 5178 5098
f 5098 5178 5141
f 5178 5179 5141
f 5141 5179 5173
f 3343 5137 5100
f 5137 5180 5100
f 5100 5180 5181
f 5135 5088 5136
f 5088 5087 5136
f 5136 5087 5182
f 5182 5183 5136
f 5183 5184 5136
f 5136 5184 5137
f 5184 5185 5137
f 5137 5185 5180
f 5181 5186 5100
f 5186 5187 5100
f 5100 5187 5140
f 5187 5188 5140
f 5140 5188 5175
f 5174 5189 5142
f 5189 5190 5142
f 5142 5190 5143
f 5190 5191 5143
f 5143 5191 5163
f 5152 5192 5133
f 5192 5193 5133
f 5133 5193 5134
f 5193 5194 5134
f 5134 5194 5088
f 5194 5195 5088
f 5088 5195 5086
f 5081 5080 5196
f 5197 5198 5199
f 5200 5201 5202
f 5201 5203 5202
f 5089 5204 5205
f 5206 5207 5208
f 5209 5210 5211
f 5212 5213 5214
f 5215 5216 5217
f 5216 5218 5217
f 5196 5080 5219
f 5220 5221 5222
f 5223 5224 5063
f 5225 5226 5103
f 5227 5228 5229
f 5228 5230 5229
f 5231 5232 5233
f 5232 5234 5233
f 5233 5234 5235
f 5236 5237 5238
f 5237 5239 5238
f 5239 5240 5238
f 5238 5240 5241
f 5242 5238 5243
f 5238 5241 5243
f 5243 5241 5244
f 5244 5245 5243
f 5245 5246 5243
f 5243 5246 5247
f 5242 5073 5071
f 5235 5236 5233
f 5236 5238 5233
f 5233 5238 5248
f 5238 5242 5248
f 5248 5242 5249
f 5242 5071 5249
f 5249 5071 5250
f 5073 5242 5072
f 5242 5243 5072
f 5072 5243 5063
f 5243 5247 5063
f 5063 5247 5223
f 4690 5251 5252
f 5251 5253 5252
f 5252 5253 5254
f 5080 5054 5219
f 5054 5055 5219
f 5219 5055 5255
f 5055 5057 5255
f 5255 5057 5199
f 5057 5061 5199
f 5199 5061 5062
f 5256 4687 5257
f 4687 4691 5257
f 5258 5259 5260
f 5259 5261 5260
f 5260 5261 5262
f 5263 5215 5264
f 5215 5217 5264
f 5264 5217 5211
f 5207 5209 5208
f 5209 5211 5208
f 5208 5211 5265
f 5211 5217 5265
f 5265 5217 5266
f 5217 5218 5266
f 5266 5218 5267
f 5210 5268 5211
f 5268 5269 5211
f 5211 5269 5264
f 5269 4673 5264
f 5264 4673 5263
f 4673 4672 5263
f 5263 4672 4671
f 5270 5262 5271
f 5262 5261 5271
f 5271 5261 5272
f 5261 5259 5272
f 5272 5259 5212
f 5273 5270 5274
f 5270 5275 5274
f 5276 5277 5278
f 5277 5279 5278
f 5279 5206 5278
f 5206 5208 5278
f 5278 5208 5280
f 5208 5265 5280
f 5280 5265 5281
f 5265 5266 5281
f 5281 5266 5282
f 5266 5267 5282
f 5282 5267 5283
f 5225 5103 5284
f 5103 5106 5284
f 5284 5106 5090
f 5204 5285 5205
f 5285 5286 5205
f 5205 5286 5287
f 5286 5288 5287
f 5287 5288 5289
f 5273 5276 5270
f 5276 5278 5270
f 5270 5278 5262
f 5278 5280 5262
f 5262 5280 5260
f 5280 5281 5260
f 5260 5281 5258
f 5281 5282 5258
f 5258 5282 5202
f 5282 5283 5202
f 5202 5283 5200
f 5290 5291 5292
f 5291 5287 5292
f 5292 5287 5293
f 5287 5289 5293
f 5290 5294 5291
f 5294 5295 5291
f 5291 5295 5229
f 5295 5296 5229
f 5229 5296 5227
f 4691 4690 5257
f 4690 5252 5257
f 5257 5252 5297
f 5252 5298 5297
f 5297 5298 5299
f 5298 5300 5299
f 5299 5300 5301
f 5300 5302 5301
f 5301 5302 5303
f 5302 5304 5303
f 5303 5304 5305
f 5304 5306 5305
f 5305 5306 5307
f 5306 5308 5307
f 5307 5308 5309
f 5308 5310 5309
f 5309 5310 5311
f 5310 5312 5311
f 5311 5312 5284
f 5312 5313 5284
f 5284 5313 5225
f 5090 5089 5284
f 5089 5205 5284
f 5284 5205 5311
f 5205 5287 5311
f 5311 5287 5309
f 5287 5291 5309
f 5309 5291 5307
f 5291 5229 5307
f 5307 5229 5305
f 5229 5314 5305
f 5305 5314 5303
f 5314 5315 5303
f 5303 5315 5301
f 5315 5196 5301
f 5301 5196 5299
f 5196 5219 5299
f 5299 5219 5297
f 5219 5255 5297
f 5297 5255 5257
f 5255 5199 5257
f 5257 5199 5256
f 5199 5198 5256
f 5197 5199 4698
f 5199 5062 4698
f 4698 5062 4660
f 5230 5231 5229
f 5231 5233 5229
f 5229 5233 5314
f 5233 5248 5314
f 5314 5248 5315
f 5248 5249 5315
f 5315 5249 5196
f 5249 5250 5196
f 5196 5250 5081
f 5221 5316 5222
f 5316 5317 5222
f 5222 5317 5318
f 5212 5214 5272
f 5214 5319 5272
f 5272 5319 5271
f 5319 5222 5271
f 5271 5222 5270
f 5222 5318 5270
f 5270 5318 5275
f 5254 5220 5252
f 5220 5222 5252
f 5252 5222 5298
f 5222 5319 5298
f 5298 5319 5300
f 5319 5214 5300
f 5300 5214 5302
f 5214 5213 5302
f 5302 5213 5304
f 5213 5212 5304
f 5304 5212 5306
f 5212 5259 5306
f 5306 5259 5308
f 5259 5258 5308
f 5308 5258 5310
f 5258 5202 5310
f 5310 5202 5312
f 5202 5203 5312
f 5312 5203 5313
f 3298 3299 5320
f 3298 5320 3296
f 5321 5322 5323
f 5322 5324 5323
f 5321 5325 5322
f 5325 5326 5322
f 5322 5326 5327
f 5328 3583 3584
f 5327 5329 5322
f 5329 5328 5322
f 5322 5328 5330
f 5328 3584 5330
f 5330 3584 3585
f 5320 5331 3296
f 5331 5332 3296
f 3296 5332 3588
f 5332 5330 3588
f 3588 5330 3587
f 5330 3585 3587
f 5333 5334 5335
f 5336 5337 5338
f 5339 5340 5341
f 5342 5343 5344
f 1723 1734 5345
f 1734 1733 5345
f 1733 5346 5345
f 5345 5346 5347
f 5346 5348 5347
f 1720 1723 5349
f 1723 5350 5349
f 5349 5350 5351
f 5350 5352 5351
f 5352 5350 5353
f 5350 5354 5353
f 5353 5354 5355
f 5356 5357 5354
f 5357 5358 5354
f 5354 5358 5355
f 5359 5360 5361
f 5360 5356 5361
f 5362 5363 5364
f 5365 5366 5367
f 5366 5368 5367
f 5367 5368 5362
f 5368 5369 5362
f 5362 5369 5363
f 5365 5367 5370
f 5367 5371 5370
f 5370 5371 5372
f 5343 5373 5344
f 5373 5374 5344
f 5344 5374 5371
f 5374 5375 5371
f 5371 5375 5372
f 5376 5377 5344
f 5377 5378 5344
f 5344 5378 5342
f 5379 5380 5376
f 5380 5381 5376
f 5376 5381 5377
f 5340 5382 5341
f 5382 5383 5341
f 5341 5383 5376
f 5383 5384 5376
f 5376 5384 5379
f 5385 5386 5387
f 5386 5388 5387
f 5387 5388 5341
f 5388 5389 5341
f 5341 5389 5339
f 5390 5391 5387
f 5391 5392 5387
f 5387 5392 5385
f 5393 5394 5395
f 5394 5396 5395
f 5395 5396 5387
f 5396 5397 5387
f 5387 5397 5390
f 5398 5399 5395
f 5399 5400 5395
f 5400 5401 5395
f 5395 5401 5393
f 5324 5322 5402
f 5322 5403 5402
f 5404 5405 5403
f 5405 5406 5403
f 5403 5406 5402
f 5407 5408 5404
f 5408 5409 5404
f 5404 5409 5405
f 5410 5411 5412
f 5411 5413 5412
f 5412 5413 5407
f 5413 5414 5407
f 5407 5414 5408
f 5410 5412 5415
f 5412 5416 5415
f 5415 5416 5417
f 5417 5416 5418
f 5416 5419 5418
f 5418 5419 5420
f 5338 5337 5421
f 5337 5422 5421
f 5421 5422 5419
f 5422 5423 5419
f 5419 5423 5420
f 5336 5338 5334
f 5338 5361 5334
f 5334 5361 5335
f 5354 5424 5425
f 5356 5354 5361
f 5354 5425 5361
f 5361 5425 5335
f 5425 5426 5335
f 5335 5426 5333
f 1723 5345 5350
f 5345 5427 5350
f 5350 5427 5354
f 5427 5428 5354
f 5354 5428 5424
f 5320 5398 5331
f 5398 5395 5331
f 5331 5395 5332
f 5395 5330 5332
f 5322 5330 5403
f 5330 5395 5403
f 5403 5395 5404
f 5395 5387 5404
f 5404 5387 5407
f 5387 5341 5407
f 5407 5341 5412
f 5341 5376 5412
f 5412 5376 5416
f 5376 5344 5416
f 5416 5344 5419
f 5344 5371 5419
f 5419 5371 5421
f 5371 5367 5421
f 5421 5367 5338
f 5367 5362 5338
f 5338 5362 5361
f 5362 5364 5361
f 5361 5364 5359
f 5320 3299 5429
f 3299 5107 5429
f 5104 5430 5431
f 5431 5432 5104
f 5432 5433 5104
f 5104 5433 5105
f 5433 5434 5105
f 5105 5434 5107
f 5434 5435 5107
f 5107 5435 5429
f 5436 5215 5437
f 5215 5263 5437
f 5437 5263 5438
f 5263 4671 5438
f 5438 4671 5439
f 5430 5104 5440
f 5104 5225 5440
f 5440 5225 5441
f 5225 5313 5441
f 5441 5313 5442
f 5313 5203 5442
f 5442 5203 5443
f 5203 5444 5443
f 5443 5444 5445
f 5444 5200 5445
f 5445 5200 5446
f 5200 5283 5446
f 5446 5283 5447
f 5447 5283 5448
f 5283 5267 5448
f 5448 5267 5449
f 5267 5218 5449
f 5449 5218 5436
f 5218 5216 5436
f 5436 5216 5215
f 5450 5451 5452
f 5453 5454 5455
f 1710 5456 5457
f 5458 5364 5459
f 5460 5320 5429
f 5461 5462 5463
f 5464 5465 5466
f 5466 5465 5467
f 5468 5469 5470
f 5471 1702 1715
f 1715 1714 5471
f 1714 1713 5471
f 5471 1713 5472
f 5473 5474 5475
f 5474 5476 5475
f 5475 5476 5477
f 5476 5478 5477
f 5477 5478 5479
f 5480 5481 5482
f 5481 5483 5482
f 5483 5484 5482
f 5484 5485 5482
f 5482 5485 5486
f 5487 5488 5489
f 5488 5490 5489
f 5489 5490 5491
f 5492 5493 5494
f 5493 5495 5494
f 5470 5469 5496
f 5469 5497 5496
f 5497 5498 5496
f 5496 5498 5494
f 5498 5499 5494
f 5494 5499 5492
f 5500 5501 5502
f 5501 5503 5502
f 5503 5504 5502
f 5504 5505 5502
f 5502 5505 5470
f 5505 5506 5470
f 5470 5506 5468
f 5507 5508 5509
f 5508 5510 5509
f 5509 5510 5511
f 5510 5512 5511
f 5511 5512 5513
f 5514 5515 5516
f 5515 5517 5516
f 5516 5517 5518
f 5467 5519 5520
f 5467 5520 5466
f 5520 5521 5466
f 5466 5521 5464
f 5522 5523 5521
f 5523 5524 5521
f 5521 5524 5464
f 5433 5432 5525
f 5432 5526 5525
f 5433 5525 5434
f 5525 5527 5434
f 5434 5527 5435
f 5400 5399 5528
f 5399 5460 5528
f 5528 5460 5527
f 5460 5429 5527
f 5527 5429 5435
f 5451 5529 5393
f 5391 5530 5531
f 5530 5532 5531
f 5531 5532 5533
f 5534 5535 5536
f 5535 5537 5536
f 5536 5537 5538
f 5539 5540 5541
f 5540 5542 5541
f 5541 5542 5543
f 5544 5545 5546
f 5545 5547 5546
f 5546 5547 5548
f 5380 5549 5550
f 5549 5544 5550
f 5378 5551 5342
f 5551 5552 5342
f 5370 5372 5553
f 5372 5375 5553
f 5553 5375 5554
f 5370 5553 5365
f 5553 5555 5365
f 5365 5555 5366
f 5364 5363 5459
f 5363 5369 5459
f 5459 5369 5368
f 5556 5356 5360
f 5356 5556 5557
f 5556 5558 5557
f 5557 5558 5358
f 5351 1724 5349
f 1724 5559 5349
f 5349 5559 1720
f 5352 5353 5558
f 5353 5355 5558
f 5558 5355 5358
f 5351 5352 1724
f 5352 5558 1724
f 1724 5558 1725
f 5558 1726 1725
f 5560 1730 5561
f 1730 1728 5561
f 5561 1728 1727
f 5562 1716 5560
f 1719 1718 5563
f 1718 1717 5563
f 5457 5456 5563
f 5456 5564 5563
f 5563 5564 1719
f 5479 5472 5477
f 5472 1713 5477
f 5477 1713 5475
f 1713 1712 5475
f 5475 1712 5457
f 1712 1711 5457
f 5457 1711 1710
f 5491 5481 5489
f 5481 5480 5489
f 5489 5480 5565
f 5480 5566 5565
f 5565 5566 5567
f 5568 5563 5562
f 5563 1717 5562
f 5562 1717 1716
f 5485 5473 5486
f 5473 5475 5486
f 5486 5475 5482
f 5475 5457 5482
f 5482 5457 5480
f 5457 5563 5480
f 5480 5563 5566
f 5563 5568 5566
f 5566 5568 5567
f 5360 5458 5556
f 5458 5459 5556
f 5556 5459 5555
f 5459 5368 5555
f 5555 5368 5366
f 5569 5570 5571
f 5570 5572 5571
f 5560 5561 5562
f 5561 5573 5562
f 5562 5573 5568
f 5573 5571 5568
f 5568 5571 5567
f 5571 5572 5567
f 5567 5572 5565
f 5572 5574 5565
f 5565 5574 5489
f 5574 5575 5489
f 5489 5575 5487
f 5547 5539 5548
f 5539 5541 5548
f 5548 5541 5534
f 5541 5543 5534
f 5534 5543 5535
f 5543 5576 5535
f 5535 5576 5537
f 5377 5381 5577
f 5381 5380 5577
f 5577 5380 5455
f 5380 5550 5455
f 5455 5550 5453
f 5533 5578 5531
f 5578 5536 5531
f 5531 5536 5391
f 5536 5538 5391
f 5393 5401 5451
f 5401 5400 5451
f 5451 5400 5452
f 5400 5528 5452
f 5452 5528 5463
f 5528 5527 5463
f 5463 5527 5461
f 5527 5525 5461
f 5461 5525 5579
f 5525 5526 5579
f 5579 5526 5430
f 5529 5451 5533
f 5451 5450 5533
f 5533 5450 5578
f 5450 5580 5578
f 5578 5580 5536
f 5580 5581 5536
f 5536 5581 5534
f 5581 5582 5534
f 5534 5582 5548
f 5519 5514 5520
f 5514 5516 5520
f 5520 5516 5583
f 5516 5518 5583
f 5583 5518 5584
f 5507 5509 5584
f 5509 5585 5584
f 5584 5585 5583
f 5585 5586 5583
f 5583 5586 5520
f 5454 5587 5455
f 5587 5588 5455
f 5455 5588 5577
f 5588 5589 5577
f 5544 5546 5550
f 5546 5548 5550
f 5550 5548 5453
f 5548 5582 5453
f 5453 5582 5454
f 5582 5590 5454
f 5454 5590 5587
f 1727 5591 5561
f 5591 5592 5561
f 5561 5592 5573
f 5592 5593 5573
f 5573 5593 5571
f 5593 5594 5571
f 5571 5594 5569
f 5594 5595 5569
f 5569 5595 5596
f 5462 5597 5463
f 5597 5522 5463
f 5463 5522 5452
f 5522 5521 5452
f 5452 5521 5450
f 5521 5520 5450
f 5450 5520 5580
f 5520 5586 5580
f 5580 5586 5581
f 5586 5585 5581
f 5581 5585 5582
f 5585 5509 5582
f 5582 5509 5590
f 5509 5511 5590
f 5590 5511 5587
f 5511 5596 5587
f 5587 5596 5588
f 5596 5595 5588
f 5588 5595 5589
f 5595 5551 5589
f 5589 5551 5577
f 5551 5378 5577
f 5577 5378 5377
f 5513 5500 5511
f 5500 5502 5511
f 5511 5502 5596
f 5502 5470 5596
f 5596 5470 5569
f 5470 5496 5569
f 5569 5496 5570
f 5496 5494 5570
f 5570 5494 5572
f 5494 5495 5572
f 5572 5495 5574
f 1727 1726 5591
f 1726 5558 5591
f 5591 5558 5592
f 5558 5556 5592
f 5592 5556 5593
f 5556 5555 5593
f 5593 5555 5594
f 5555 5553 5594
f 5594 5553 5595
f 5553 5554 5595
f 5595 5554 5551
f 5554 5598 5551
f 5551 5598 5552
f 5599 5600 4576
f 5439 4671 5601
f 4671 4616 5601
f 4576 5600 4575
f 5599 4576 5602
f 4576 4578 5602
f 5602 4578 5603
f 5600 5604 4575
f 5604 5605 4575
f 4575 5605 4574
f 5605 5606 4574
f 5606 5607 4574
f 4574 5607 4615
f 5607 5608 4615
f 4615 5608 4616
f 5608 5609 4616
f 4616 5609 5601
f 5610 5611 5612
f 5613 5614 5615
f 5616 5617 5618
f 5618 5619 5620
f 5621 5620 5622
f 5499 5498 5623
f 5584 5624 5625
f 5579 5430 5440
f 5471 5472 5626
f 5472 5479 5626
f 5626 5479 5478
f 5579 5440 5461
f 5523 5522 5627
f 5522 5628 5627
f 5627 5628 5440
f 5628 5462 5440
f 5440 5462 5461
f 5629 5630 5631
f 5631 5632 5627
f 5632 5633 5627
f 5633 5464 5627
f 5464 5524 5627
f 5627 5524 5523
f 5634 5517 5629
f 5517 5515 5629
f 5629 5515 5630
f 5635 5636 5637
f 5501 5500 5638
f 5500 5513 5638
f 5638 5513 5512
f 5505 5639 5640
f 5639 5503 5640
f 5640 5503 5501
f 5501 5638 5640
f 5638 5641 5640
f 5640 5641 5505
f 5498 5642 5623
f 5642 5643 5623
f 5623 5643 5644
f 5643 5645 5644
f 5644 5645 5641
f 5645 5646 5641
f 5641 5646 5505
f 5499 5623 5647
f 5623 5648 5647
f 5647 5648 5649
f 5648 5487 5575
f 5575 5650 5648
f 5650 5651 5648
f 5648 5651 5649
f 5652 5653 5654
f 5653 5483 5654
f 5654 5483 5655
f 5483 5481 5655
f 5481 5491 5655
f 5655 5491 5656
f 5478 5476 5626
f 5476 5657 5626
f 5626 5657 5654
f 5657 5473 5654
f 5654 5473 5652
f 5612 5611 5658
f 5620 5621 5618
f 5621 5659 5618
f 5618 5659 5616
f 1688 1687 5618
f 1687 1694 5618
f 5618 1694 5619
f 1694 1696 5619
f 5619 1696 1698
f 5611 5660 5658
f 5660 5661 5658
f 5658 5661 5662
f 5661 5663 5662
f 5662 5663 5664
f 5437 5438 5665
f 5438 5439 5665
f 5665 5439 5666
f 5439 5601 5666
f 5601 5609 5666
f 5666 5609 5667
f 5668 5669 5670
f 5669 5671 5670
f 5670 5671 5672
f 5667 5609 5673
f 5609 5608 5673
f 5673 5608 5607
f 5607 5606 5673
f 5606 5674 5673
f 5673 5674 5675
f 5676 5668 5677
f 5668 5670 5677
f 5677 5670 5678
f 5670 5672 5678
f 5678 5672 5679
f 5680 5681 5682
f 5683 5680 5684
f 5680 5682 5684
f 5684 5682 5685
f 5682 5686 5685
f 5685 5686 5687
f 5686 5622 5687
f 5687 5622 5688
f 5622 5620 5688
f 5688 5620 5689
f 5620 5619 5689
f 5689 5619 5690
f 5619 1698 5690
f 5690 1698 1701
f 5691 5683 5679
f 5683 5684 5679
f 5679 5684 5678
f 5684 5685 5678
f 5678 5685 5677
f 5685 5687 5677
f 5677 5687 5676
f 5687 5688 5676
f 5676 5688 5692
f 5688 5689 5692
f 5692 5689 5693
f 5689 5690 5693
f 5693 5690 5694
f 5690 1701 5694
f 5694 1701 1700
f 5442 5443 5695
f 5637 5625 5635
f 5625 5624 5635
f 5635 5624 5629
f 5624 5584 5629
f 5629 5584 5634
f 5446 5447 5696
f 5448 5449 5697
f 5449 5436 5697
f 5697 5436 5698
f 5447 5448 5696
f 5448 5697 5696
f 5696 5697 5699
f 5697 5698 5699
f 5699 5698 5700
f 5698 5701 5700
f 5700 5701 5702
f 5701 5703 5702
f 5702 5703 5704
f 5703 5705 5704
f 5704 5705 5706
f 5705 5707 5706
f 5706 5707 5615
f 5707 5708 5615
f 5615 5708 5613
f 5436 5437 5698
f 5437 5665 5698
f 5698 5665 5701
f 5665 5666 5701
f 5701 5666 5703
f 5666 5667 5703
f 5703 5667 5705
f 5667 5673 5705
f 5705 5673 5707
f 5673 5675 5707
f 5707 5675 5708
f 5443 5445 5695
f 5445 5709 5695
f 5695 5709 5710
f 5709 5711 5710
f 5710 5711 5712
f 5711 5713 5712
f 5712 5713 5714
f 5713 5715 5714
f 5714 5715 5716
f 5715 5717 5716
f 5631 5627 5629
f 5627 5718 5629
f 5629 5718 5635
f 5718 5719 5635
f 5635 5719 5720
f 5719 5721 5720
f 5720 5721 5722
f 5721 5723 5722
f 5722 5723 5724
f 5656 5488 5655
f 5488 5487 5655
f 5655 5487 5725
f 5487 5648 5725
f 5725 5648 5726
f 5648 5623 5726
f 5726 5623 5724
f 5623 5644 5724
f 5724 5644 5722
f 5644 5641 5722
f 5722 5641 5720
f 5641 5638 5720
f 5720 5638 5635
f 5638 5512 5635
f 5635 5512 5636
f 5441 5442 5727
f 5442 5695 5727
f 5727 5695 5728
f 5695 5710 5728
f 5728 5710 5729
f 5710 5712 5729
f 5729 5712 5730
f 5712 5714 5730
f 5730 5714 5731
f 5714 5716 5731
f 5731 5716 5669
f 5716 5717 5669
f 5669 5717 5671
f 5445 5446 5709
f 5446 5696 5709
f 5709 5696 5711
f 5696 5699 5711
f 5711 5699 5713
f 5699 5700 5713
f 5713 5700 5715
f 5700 5702 5715
f 5715 5702 5717
f 5702 5704 5717
f 5717 5704 5671
f 5704 5706 5671
f 5671 5706 5672
f 5706 5615 5672
f 5672 5615 5679
f 5615 5614 5679
f 5679 5614 5691
f 5617 1692 5618
f 1692 1690 5618
f 5618 1690 1688
f 1702 5471 1703
f 5471 5626 1703
f 1703 5626 1705
f 5626 1706 1705
f 5681 5610 5682
f 5610 5612 5682
f 5682 5612 5686
f 5612 5658 5686
f 5686 5658 5622
f 5658 5662 5622
f 5622 5662 5621
f 5662 5664 5621
f 5621 5664 5659
f 1700 1706 5694
f 1706 5626 5694
f 5694 5626 5693
f 5626 5654 5693
f 5693 5654 5692
f 5654 5655 5692
f 5692 5655 5676
f 5655 5725 5676
f 5676 5725 5668
f 5725 5726 5668
f 5668 5726 5669
f 5726 5724 5669
f 5669 5724 5731
f 5724 5723 5731
f 5731 5723 5730
f 5723 5721 5730
f 5730 5721 5729
f 5721 5719 5729
f 5729 5719 5728
f 5719 5718 5728
f 5728 5718 5727
f 5718 5627 5727
f 5727 5627 5441
f 5627 5440 5441
f 5732 5733 5734
f 5735 5736 5737
f 5738 5739 5740
f 5741 5742 5743
f 5683 5691 5744
f 5745 5746 5747
f 5664 5663 5748
f 5660 5611 5749
f 5750 5751 5752
f 5753 5754 5755
f 5756 1670 1675
f 5756 5757 5758
f 5757 5759 5758
f 5760 5761 5762
f 5761 5763 5762
f 5763 5764 5762
f 5762 5764 5757
f 5764 5765 5757
f 5757 5765 5759
f 5766 5767 5768
f 5767 5754 5768
f 5766 5769 5767
f 5769 5770 5767
f 5767 5770 5762
f 5770 5771 5762
f 5762 5771 5760
f 5772 5773 5755
f 5773 5774 5755
f 5755 5774 5753
f 5775 5776 5777
f 5776 5778 5777
f 5777 5778 5755
f 5778 5779 5755
f 5755 5779 5772
f 5780 5781 5777
f 5781 5782 5777
f 5777 5782 5775
f 5783 5784 5785
f 5786 5787 5788
f 5789 5790 5791
f 5790 5792 5791
f 5793 5794 5795
f 5793 5795 5796
f 5751 5797 5752
f 5797 5798 5752
f 5752 5798 5799
f 5800 5801 5802
f 5802 5803 5800
f 5803 5804 5800
f 5800 5804 5805
f 5806 5807 5808
f 5807 5809 5808
f 5808 5809 5810
f 5811 5812 5800
f 5812 5813 5800
f 5800 5813 5801
f 5660 5749 5814
f 5749 5815 5814
f 5814 5815 5748
f 5748 5663 5814
f 5663 5661 5814
f 5814 5661 5660
f 5816 5817 5818
f 5817 5819 5818
f 5818 5819 5820
f 5819 5821 5820
f 5820 5821 5822
f 5821 5823 5822
f 5822 5823 5824
f 5815 5825 5748
f 5825 5826 5748
f 5748 5826 5827
f 5826 5828 5827
f 5827 5828 5829
f 1675 1677 5823
f 1677 1678 5823
f 5823 1678 5824
f 1678 1680 5824
f 5824 1680 1683
f 1683 5828 5824
f 5828 5826 5824
f 5824 5826 5822
f 5826 5825 5822
f 5822 5825 5820
f 5825 5815 5820
f 5820 5815 5818
f 5602 5603 5830
f 5830 5831 5602
f 5831 5832 5602
f 5602 5832 5599
f 5832 5600 5599
f 5746 5816 5833
f 5834 5675 5674
f 5600 5832 5604
f 5832 5834 5604
f 5604 5834 5605
f 5834 5674 5605
f 5605 5674 5606
f 5835 5610 5681
f 5746 5833 5747
f 5833 5836 5747
f 5747 5836 5837
f 5836 5835 5837
f 5837 5835 5838
f 5835 5681 5838
f 5838 5681 5680
f 5745 5747 5839
f 5747 5837 5839
f 5839 5837 5840
f 5837 5838 5840
f 5840 5838 5744
f 5838 5680 5744
f 5744 5680 5683
f 5841 5614 5613
f 5810 5811 5808
f 5811 5800 5808
f 5808 5800 5842
f 5800 5843 5842
f 5844 5845 5846
f 5742 5843 5743
f 5843 5800 5743
f 5743 5800 5752
f 5800 5805 5752
f 5752 5805 5750
f 5845 5741 5846
f 5741 5743 5846
f 5846 5743 5847
f 5743 5752 5847
f 5847 5752 5848
f 5752 5799 5848
f 5848 5799 5849
f 5849 5796 5848
f 5796 5795 5848
f 5848 5795 5847
f 5795 5850 5847
f 5847 5850 5846
f 5850 5740 5846
f 5846 5740 5844
f 5740 5739 5844
f 5736 5738 5737
f 5738 5740 5737
f 5737 5740 5851
f 5740 5850 5851
f 5851 5850 5852
f 5850 5795 5852
f 5852 5795 5790
f 5795 5794 5790
f 5790 5794 5792
f 5784 5853 5785
f 5853 5854 5785
f 5785 5854 5855
f 5854 5856 5855
f 5855 5856 5857
f 5856 5858 5857
f 5857 5858 5859
f 5858 5860 5859
f 5861 5862 5860
f 5862 5863 5860
f 5860 5863 5864
f 5865 5735 5866
f 5735 5737 5866
f 5866 5737 5867
f 5737 5851 5867
f 5867 5851 5868
f 5851 5852 5868
f 5868 5852 5869
f 5852 5790 5869
f 5869 5790 5786
f 5790 5789 5786
f 5786 5789 5787
f 5788 5783 5786
f 5783 5785 5786
f 5786 5785 5869
f 5785 5855 5869
f 5869 5855 5868
f 5855 5857 5868
f 5868 5857 5867
f 5857 5859 5867
f 5867 5859 5866
f 5859 5860 5866
f 5866 5860 5865
f 5860 5864 5865
f 5603 5861 5830
f 5861 5860 5830
f 5830 5860 5870
f 5860 5858 5870
f 5870 5858 5871
f 5858 5856 5871
f 5871 5856 5872
f 5856 5854 5872
f 5872 5854 5780
f 5854 5853 5780
f 5780 5853 5781
f 5733 5732 5873
f 5732 5874 5873
f 5873 5874 5875
f 5874 5876 5875
f 5875 5876 5877
f 5876 5878 5877
f 5877 5878 5879
f 5878 5841 5879
f 5879 5841 5880
f 5841 5613 5880
f 5880 5613 5708
f 5754 5767 5755
f 5767 5881 5755
f 5755 5881 5777
f 5881 5882 5777
f 5777 5882 5780
f 5882 5734 5780
f 5780 5734 5872
f 5734 5733 5872
f 5872 5733 5871
f 5733 5873 5871
f 5871 5873 5870
f 5873 5875 5870
f 5870 5875 5830
f 5875 5877 5830
f 5830 5877 5831
f 5877 5879 5831
f 5831 5879 5832
f 5879 5880 5832
f 5832 5880 5834
f 5880 5708 5834
f 5834 5708 5675
f 1683 1682 5828
f 1682 1686 5828
f 5828 1686 5829
f 1686 1685 5829
f 5829 1685 1693
f 5664 5748 5659
f 5748 5827 5659
f 5659 5827 5616
f 5827 5829 5616
f 5616 5829 5617
f 5829 1693 5617
f 5617 1693 1692
f 5816 5818 5833
f 5818 5815 5833
f 5833 5815 5836
f 5815 5749 5836
f 5836 5749 5835
f 5749 5611 5835
f 5835 5611 5610
f 5756 1675 5757
f 1675 5823 5757
f 5757 5823 5762
f 5823 5821 5762
f 5762 5821 5767
f 5821 5819 5767
f 5767 5819 5881
f 5819 5817 5881
f 5881 5817 5882
f 5817 5816 5882
f 5882 5816 5734
f 5816 5746 5734
f 5734 5746 5732
f 5746 5745 5732
f 5732 5745 5874
f 5745 5839 5874
f 5874 5839 5876
f 5839 5840 5876
f 5876 5840 5878
f 5840 5744 5878
f 5878 5744 5841
f 5744 5691 5841
f 5841 5691 5614
f 4916 4138 5806
f 4966 5735 4965
f 5735 5865 4965
f 4965 5865 4960
f 5865 5864 4960
f 4960 5864 4899
f 5864 5863 4899
f 4899 5863 4900
f 5863 5862 4900
f 4900 5862 4578
f 5862 5861 4578
f 4578 5861 5603
f 5001 5000 5844
f 5844 5739 5001
f 5739 5738 5001
f 5001 5738 4966
f 5738 5736 4966
f 4966 5736 5735
f 5806 5808 4916
f 5808 5842 4916
f 4916 5842 4917
f 5842 5843 4917
f 4917 5843 4894
f 5843 5742 4894
f 4894 5742 5883
f 5742 5741 5883
f 5883 5741 5000
f 5741 5845 5000
f 5000 5845 5844
f 5884 5885 5886
f 5887 5888 5889
f 5775 5890 5891
f 5892 5893 5849
f 5894 5895 5896
f 5897 5898 5899
f 5900 1647 1655
f 1647 5900 5901
f 5902 1647 5903
f 1647 5901 5903
f 5903 5901 5904
f 5901 5905 5904
f 5902 5906 1647
f 5906 5907 1647
f 1647 5907 5908
f 5907 1657 5908
f 5909 5910 5911
f 5910 5912 5911
f 5911 5912 5901
f 5912 5913 5901
f 5901 5913 5905
f 5914 5915 5916
f 5915 5917 5916
f 5916 5917 5918
f 5919 5914 5920
f 5914 5916 5920
f 5920 5916 5911
f 5916 5918 5911
f 5911 5918 5909
f 5921 5922 5923
f 5922 5924 5923
f 5923 5924 5920
f 5924 5925 5920
f 5920 5925 5919
f 5926 5927 5928
f 5927 5929 5928
f 5928 5929 5930
f 5931 5926 5932
f 5926 5928 5932
f 5932 5928 5933
f 5928 5930 5933
f 5933 5930 5899
f 5930 5934 5899
f 5899 5934 5897
f 5895 5935 5896
f 5935 5936 5896
f 5896 5936 5931
f 5936 5937 5931
f 5931 5937 5926
f 5938 5939 5940
f 5941 5942 5943
f 5942 5944 5943
f 5943 5944 5945
f 5946 5947 5948
f 5947 5949 5948
f 5950 5951 5952
f 5953 5954 5951
f 5953 5951 5955
f 5956 5957 5953
f 5957 5958 5953
f 5953 5958 5954
f 5959 5960 5961
f 5960 5962 5961
f 5961 5962 5963
f 5961 5810 5964
f 5810 5809 5964
f 5964 5809 5807
f 5806 5965 5807
f 5965 5966 5807
f 5807 5966 5964
f 5966 5967 5964
f 5964 5967 5961
f 5967 5968 5961
f 5961 5968 5959
f 5811 5969 5970
f 5969 5813 5970
f 5969 5971 5813
f 5971 5972 5813
f 5813 5972 5801
f 5972 5802 5801
f 5973 5974 5972
f 5974 5803 5972
f 5972 5803 5802
f 5975 5976 5977
f 5978 5979 5980
f 5979 5797 5980
f 5980 5797 5975
f 5797 5981 5975
f 5975 5981 5976
f 5982 5983 5984
f 5983 5985 5984
f 5982 5984 5792
f 5984 5986 5792
f 5792 5986 5791
f 5987 5788 5988
f 5788 5787 5988
f 5988 5787 5986
f 5787 5789 5986
f 5986 5789 5791
f 5890 5781 5891
f 5781 5989 5891
f 5891 5989 5988
f 5989 5784 5988
f 5988 5784 5987
f 5990 5991 5885
f 5991 5776 5885
f 5885 5776 5886
f 5774 5992 5884
f 5884 5992 5885
f 5992 5772 5885
f 5885 5772 5990
f 5770 5769 5993
f 5769 5766 5993
f 5993 5766 5768
f 5763 5994 5995
f 5994 5996 5995
f 5995 5996 5997
f 5996 5998 5997
f 5756 5758 5999
f 5758 5759 5999
f 5999 5759 6000
f 5759 5765 6000
f 6000 5765 5764
f 1670 5756 1671
f 5756 5999 1671
f 1671 5999 1673
f 5999 1674 1673
f 5888 1666 5889
f 1666 1665 5889
f 5889 1665 6000
f 1665 1663 6000
f 6000 1663 5999
f 1663 1662 5999
f 5999 1662 1674
f 6001 1658 1669
f 1658 6001 1659
f 6001 6002 1659
f 1659 6002 1660
f 1660 6002 1661
f 6002 6003 1661
f 1661 6003 1651
f 1655 1654 5900
f 1654 1653 5900
f 5900 1653 6003
f 1653 1652 6003
f 6003 1652 1651
f 1669 5887 6001
f 5887 5889 6001
f 6001 5889 5997
f 5889 6000 5997
f 5997 6000 5995
f 6000 5764 5995
f 5995 5764 5763
f 6004 6005 6006
f 6005 6007 6006
f 6006 6007 6008
f 6007 6009 6008
f 6005 6010 6007
f 6010 6011 6007
f 6007 6011 6009
f 6011 6012 6009
f 6009 6012 6013
f 6012 6014 6013
f 6013 6014 5993
f 6014 6015 5993
f 5993 6015 5770
f 5944 5939 5945
f 5939 5938 5945
f 5945 5938 6016
f 6017 5956 5971
f 5956 5953 5971
f 5971 5953 5972
f 5953 5955 5972
f 5972 5955 5973
f 5811 5810 5969
f 5810 5961 5969
f 5969 5961 5971
f 5961 5963 5971
f 5971 5963 6017
f 5963 5962 6017
f 5951 5950 5955
f 5950 5975 5955
f 5955 5975 5973
f 5975 5977 5973
f 5973 5977 5974
f 5893 5892 6018
f 5892 6019 6018
f 6018 6019 5948
f 6019 6020 5948
f 5948 6020 5946
f 5849 5978 5892
f 5978 5980 5892
f 5892 5980 6019
f 5980 5975 6019
f 6019 5975 6020
f 5975 5950 6020
f 6020 5950 5946
f 5950 5952 5946
f 5946 5952 5947
f 5949 5941 5948
f 5941 5943 5948
f 5948 5943 6018
f 5943 5945 6018
f 6018 5945 5893
f 5945 6016 5893
f 5893 6016 6021
f 5898 6022 5899
f 6022 6023 5899
f 5899 6023 5933
f 6023 6024 5933
f 5933 6024 5932
f 6024 6025 5932
f 5932 6025 5931
f 6025 6026 5931
f 5931 6026 5896
f 6026 6027 5896
f 5896 6027 5894
f 6027 6028 5894
f 5940 6028 5938
f 6028 6027 5938
f 5938 6027 6016
f 6027 6026 6016
f 6016 6026 6021
f 6026 6025 6021
f 6021 6025 6029
f 6025 6024 6029
f 6029 6024 6030
f 6024 6023 6030
f 5768 5754 5993
f 5754 5753 5993
f 5993 5753 6013
f 5753 5774 6013
f 6013 5774 6009
f 5774 5884 6009
f 6009 5884 6008
f 5884 5886 6008
f 6008 5886 6006
f 5886 6030 6006
f 6006 6030 6004
f 6030 6023 6004
f 5776 5775 5886
f 5775 5891 5886
f 5886 5891 6030
f 5891 5988 6030
f 6030 5988 6029
f 5988 5986 6029
f 6029 5986 6021
f 5986 5984 6021
f 6021 5984 5893
f 5984 5985 5893
f 5893 5985 5849
f 5998 5770 5997
f 5770 6015 5997
f 5997 6015 6001
f 6015 6014 6001
f 6001 6014 6002
f 6014 6012 6002
f 6002 6012 6003
f 6012 6011 6003
f 6003 6011 5900
f 6011 6010 5900
f 5900 6010 5901
f 6010 6005 5901
f 5901 6005 5911
f 6005 6004 5911
f 5911 6004 5920
f 6004 6023 5920
f 5920 6023 5923
f 6023 6022 5923
f 5923 6022 5921
f 6031 6032 6033
f 6034 6035 6036
f 6037 6036 6038
f 6036 6035 6038
f 6038 6035 6039
f 5954 5958 6040
f 5958 5957 6040
f 5957 5956 6040
f 5956 6017 6040
f 6040 6017 6041
f 6017 6042 6041
f 6041 6042 5960
f 6043 6044 6045
f 6044 5949 6045
f 5949 6046 6045
f 6046 6047 6045
f 6045 6047 6040
f 6047 6048 6040
f 6040 6048 5954
f 6049 6050 6051
f 6050 6052 6051
f 6052 6053 6051
f 6053 6054 6051
f 6051 6054 6045
f 6054 6055 6045
f 6045 6055 6043
f 6056 5927 5926
f 5926 6057 6056
f 6057 6058 6056
f 6056 6058 6051
f 6058 6059 6051
f 6051 6059 6049
f 6032 5934 6033
f 5934 5930 6033
f 6033 5930 6056
f 5930 5929 6056
f 6056 5929 5927
f 6060 5922 5921
f 6060 5921 6033
f 5921 6061 6033
f 6033 6061 6031
f 6062 5925 6060
f 5925 5924 6060
f 6060 5924 5922
f 5915 5914 6062
f 5914 5919 6062
f 6062 5919 5925
f 6063 6064 5918
f 6062 6065 5915
f 6065 6063 5915
f 5915 6063 5917
f 6063 5918 5917
f 6066 5912 6063
f 5912 5910 6063
f 6063 5910 6064
f 5902 5903 6067
f 5903 5904 6067
f 6067 5904 5905
f 5902 6068 5906
f 6068 5907 5906
f 1646 6069 1643
f 6069 1645 1643
f 6070 6071 6068
f 6071 6069 6068
f 6068 6069 5907
f 6069 1646 5907
f 5907 1646 1657
f 5902 6067 6068
f 6067 6072 6068
f 6068 6072 6070
f 5905 6066 6067
f 6066 6063 6067
f 6067 6063 6072
f 6063 6073 6072
f 6072 6073 6074
f 6073 6075 6074
f 6076 6077 6078
f 6077 6079 6078
f 6078 6079 6080
f 6079 6081 6080
f 6080 6081 6082
f 6083 6084 6085
f 6084 6086 6085
f 6085 6086 6076
f 6086 6087 6076
f 6076 6087 6077
f 6088 6089 6090
f 6089 6091 6090
f 6090 6091 6085
f 6091 6092 6085
f 6085 6092 6083
f 6093 6094 6088
f 6094 6095 6088
f 6088 6095 6089
f 6037 6096 6036
f 6096 6097 6036
f 6036 6097 6093
f 6097 6098 6093
f 6093 6098 6094
f 6041 6034 6040
f 6034 6036 6040
f 6040 6036 6045
f 6036 6093 6045
f 6045 6093 6051
f 6093 6088 6051
f 6051 6088 6056
f 6088 6090 6056
f 6056 6090 6033
f 6090 6085 6033
f 6033 6085 6060
f 6085 6076 6060
f 6060 6076 6062
f 6076 6078 6062
f 6062 6078 6065
f 6078 6099 6065
f 6065 6099 6063
f 6099 6082 6063
f 6063 6082 6073
f 6082 6100 6073
f 6073 6100 6075
f 5806 4138 6101
f 4138 4137 6101
f 6101 4137 5966
f 5966 4137 5967
f 4137 4141 5967
f 5967 4141 5968
f 4141 4140 5968
f 5968 4140 5959
f 4140 2174 5959
f 5959 2174 5960
f 2440 6034 6041
f 5960 2174 6041
f 2174 2173 6041
f 6041 2173 2440
f 2440 2439 6102
f 2439 2442 6102
f 6102 2442 2441
f 6103 6104 6035
f 6104 6105 6035
f 6035 6105 6106
f 6106 6107 6035
f 6107 6108 6035
f 6035 6108 6039
f 6034 2440 6035
f 2440 6102 6035
f 6035 6102 6103
f 1733 1732 5346
f 1732 6109 5346
f 5346 6109 5348
f 6110 6111 6112
f 6110 6112 6113
f 6112 6114 6113
f 6113 6114 6115
f 6116 6117 6118
f 6117 6119 6118
f 6118 6119 6120
f 6119 6121 6120
f 6122 6123 6124
f 6122 6124 6125
f 6124 6126 6125
f 6125 6126 6127
f 6128 6129 6130
f 6131 6132 6133
f 6132 6134 6133
f 6135 6136 6137
f 6136 6138 6137
f 6139 6140 6141
f 6140 6142 6141
f 6143 6144 6145

