# https://github.com/mikedh/trimesh
v -0.03829582 0.04316588 -0.01839776
v -0.04023142 0.04136237 -0.01839776
v -0.03899020 0.04676910 -0.01839776
v -0.02215725 0.05330227 -0.01839776
v -0.02056119 0.06123537 -0.01839776
v -0.01767959 0.05731085 -0.01839776
v -0.02865267 0.07843831 -0.01839776
v -0.03334891 0.07852311 -0.01839776
v -0.02985188 0.08318439 -0.01839776
v -0.03250453 0.08522249 -0.01839776
v -0.03220998 0.08802977 -0.01839776
v -0.02656771 0.05124297 -0.01839776
v -0.03065108 0.04890516 -0.01839776
v -0.03682942 0.05676001 -0.01839776
v -0.03135356 0.08803830 -0.01839776
v -0.03097943 0.08804204 -0.01839776
v -0.03068297 0.08804499 -0.01839776
v -0.02709200 0.07381350 -0.01839776
v -0.02535904 0.06971683 -0.01839776
v -0.02312071 0.06536892 -0.01839776
v -0.03522583 0.06575441 -0.01839776
v -0.03483097 0.06796917 -0.01839776
v -0.03394223 0.07381563 -0.01839776
v -0.03465706 0.04614622 -0.01839776
v -0.03790492 0.05149653 -0.01839776
v -0.03758418 0.05306622 -0.01839776
v -0.01696435 0.05639161 -0.01839776
v -0.01693019 0.05631082 -0.01839776
v -0.01688324 0.05610891 -0.01839776
v -0.01702242 0.05549878 -0.01839776
v -0.01707410 0.05656271 -0.01839776
v -0.01691904 0.05573468 -0.01839776
v -0.01690172 0.05580049 -0.01839776
v -0.01705631 0.05544449 -0.01839776
v -0.01724673 0.05522150 -0.01839776
v -0.01730184 0.05517332 -0.01839776
v -0.01687799 0.05602550 -0.01839776
v -0.01756760 0.05500262 -0.01839776
v -0.01766096 0.05496146 -0.01839776
v -0.01774246 0.05493217 -0.01839776
v -0.01298742 0.05809438 0.00060000
v -0.01311116 0.05817660 0.00059996
v -0.01811556 0.05429855 0.00059992
v -0.02164402 0.05316184 0.00059990
v -0.03021885 0.04872987 0.00060019
v -0.02934449 0.04933156 0.00059989
v -0.01925120 0.06357905 0.00059993
v -0.02430892 0.05183629 0.00059989
v -0.03327022 0.05675366 0.00060000
v -0.03335325 0.05633534 0.00060007
v -0.03559737 0.04502874 0.00060205
v -0.01253740 0.05664669 0.00060000
v -0.01249058 0.05687212 0.00060000
v -0.02164073 0.06737133 0.00059993
v -0.02213879 0.06816179 0.00059993
v -0.03144084 0.06775902 0.00060000
v -0.03141586 0.06794504 0.00060000
v -0.01317409 0.05590475 0.00060000
v -0.01306289 0.05596905 0.00060000
v -0.01292495 0.05608361 0.00060000
v -0.01550178 0.05982795 0.00059992
v -0.01575421 0.06000232 0.00059992
v -0.01896182 0.06328307 0.00059992
v -0.02362160 0.07183700 0.00059994
v -0.02446535 0.07392833 0.00059994
v -0.02984961 0.07960682 0.00060000
v -0.02508977 0.07649659 0.00059994
v -0.02984919 0.07961087 0.00060000
v -0.02621318 0.08111718 0.00059995
v -0.02623094 0.08126246 0.00059995
v -0.02740721 0.09083574 0.00060000
v -0.02741651 0.09086039 0.00060000
v -0.02744097 0.09090219 0.00060000
v -0.02761789 0.09103138 0.00060000
v -0.02764735 0.09103730 0.00060000
v -0.02769152 0.09104059 0.00059998
v -0.02868113 0.09104062 0.00059998
v -0.01317535 0.05590403 0.00060000
v -0.01346203 0.05579773 0.00059995
v -0.01282685 0.05616509 0.00060000
v -0.01274296 0.05626279 0.00060000
v -0.01258452 0.05652630 0.00060000
v -0.01256567 0.05657444 0.00060000
v -0.01267521 0.05775336 0.00060000
v -0.01268830 0.05777906 0.00060000
v -0.01247489 0.05694765 0.00060000
v -0.01247020 0.05707791 0.00060000
v -0.01248340 0.05717689 0.00060000
v -0.01251075 0.05738180 0.00060000
v -0.01254970 0.05750688 0.00060000
v -0.01276656 0.05788411 0.00060000
v -0.01287290 0.05798534 0.00060000
v -0.02739234 0.09076262 0.00059998
v -0.02740590 0.09083227 0.00060000
v -0.02747167 0.09094468 0.00060000
v -0.02748851 0.09095897 0.00060000
v -0.02752578 0.09099061 0.00060000
v -0.02755163 0.09100595 0.00060000
v -0.02761745 0.09103122 0.00060000
v -0.02745235 0.09092166 0.00060000
v -0.02868113 0.09104062 0.00059998
v -0.02769152 0.09104059 0.00059998
v -0.02867794 0.09104107 -0.00014056
v -0.02770351 0.09104583 -0.00088685
v -0.02885932 0.09104297 -0.00417458
v -0.02775294 0.09105002 -0.00228659
v -0.02888262 0.09104320 -0.00469286
v -0.02814292 0.09105803 -0.00656221
v -0.02955783 0.09105508 -0.01359240
v -0.03046740 0.09104323 -0.01358065
v -0.02926954 0.09105723 -0.01255978
v -0.02980796 0.09104400 -0.01097265
v -0.02836594 0.09105938 -0.00815092
v -0.02959412 0.09104406 -0.00989035
v -0.02946913 0.09104394 -0.00901886
v -0.02816160 0.09105841 -0.00676699
v -0.02911545 0.09104358 -0.00655298
v -0.02894715 0.09104342 -0.00537951
v -0.03006160 0.09105134 -0.01539681
v -0.03026109 0.09104934 -0.01539531
v -0.03051925 0.09104317 -0.01378570
v -0.03063521 0.09104561 -0.01539252
v -0.03092500 0.09104271 -0.01539036
v -0.03063622 0.04865797 -0.00441456
v -0.03165048 0.04804060 -0.00931032
v -0.02596804 0.05144938 -0.00926909
v -0.02163434 0.05342051 -0.01388231
v -0.01991255 0.05416512 -0.00922785
v -0.03939962 0.04174705 -0.01661696
v -0.04020092 0.04097224 -0.01809749
v -0.03809643 0.04294177 -0.01809331
v -0.01440252 0.05593430 -0.00951473
v -0.01434233 0.05594613 -0.00918900
v -0.01343384 0.05588743 -0.00057126
v -0.01346203 0.05579773 0.00059995
v -0.01811556 0.05429855 0.00059992
v -0.01377949 0.05605688 -0.00614357
v -0.01358352 0.05604765 -0.00434481
v -0.01874452 0.05450274 -0.00436532
v -0.01355838 0.05604645 -0.00411398
v -0.01542551 0.05560050 -0.01305793
v -0.01573729 0.05547442 -0.01383336
v -0.02377987 0.05221467 -0.01807661
v -0.02204226 0.05302608 -0.01807539
v -0.01663924 0.05510968 -0.01607653
v -0.01765044 0.05464767 -0.01807326
v -0.03530952 0.04522455 -0.01808875
v -0.03447672 0.04590669 -0.01808739
v -0.03325442 0.04690779 -0.01396142
v -0.03049171 0.04865145 -0.01808235
v -0.02764147 0.05050758 -0.01392187
v -0.02975849 0.04907129 -0.01808165
v -0.02642970 0.05097730 -0.01807846
v -0.03930614 0.04183324 -0.01640913
v -0.03831507 0.04274703 -0.01420558
v -0.03679058 0.04406571 -0.00944772
v -0.03718389 0.04373743 -0.01100254
v -0.03748628 0.04347368 -0.01187200
v -0.03822588 0.04282861 -0.01399853
v -0.03823929 0.04281689 -0.01403710
v -0.03585646 0.04483134 -0.00458368
v -0.03639016 0.04439993 -0.00786482
v -0.03676231 0.04408930 -0.00933598
v -0.02934449 0.04933156 0.00059989
v -0.03021885 0.04872987 0.00060019
v -0.03559737 0.04502874 0.00060205
v -0.03568849 0.04496294 -0.00280203
v -0.03584241 0.04484235 -0.00443462
v -0.03584273 0.04484210 -0.00443805
v -0.02430892 0.05183629 0.00059989
v -0.02486633 0.05192996 -0.00438994
v -0.02164402 0.05316184 0.00059990
v -0.02740314 0.09076877 -0.00089414
v -0.02739234 0.09076262 0.00059998
v -0.02623094 0.08126246 0.00059995
v -0.01335186 0.05835474 -0.00622724
v -0.01345032 0.05832297 -0.00682196
v -0.01607696 0.06053806 -0.00680869
v -0.02928305 0.09078090 -0.01373375
v -0.02783998 0.08172168 -0.01379343
v -0.02977314 0.09077697 -0.01548551
v -0.03008432 0.08943104 -0.01685287
v -0.02982955 0.09077034 -0.01566800
v -0.03025328 0.09024634 -0.01709887
v -0.03009051 0.09056660 -0.01653095
v -0.03002868 0.09064339 -0.01632295
v -0.03045778 0.08890713 -0.01807062
v -0.03042862 0.08945048 -0.01782339
v -0.02918529 0.08169619 -0.01820030
v -0.02957631 0.08324270 -0.01820099
v -0.03040407 0.08808153 -0.01820205
v -0.03045351 0.08866449 -0.01813731
v -0.03040197 0.08965307 -0.01768970
v -0.03029891 0.09011197 -0.01726759
v -0.02838175 0.07851813 -0.01819889
v -0.02661209 0.07717685 -0.01382133
v -0.02792098 0.07715326 -0.01819840
v -0.02682756 0.07391440 -0.01819723
v -0.02502231 0.07274221 -0.01384922
v -0.02632098 0.07271666 -0.01819744
v -0.02510272 0.06983625 -0.01819795
v -0.02304600 0.06846152 -0.01387711
v -0.02437498 0.06842109 -0.01819988
v -0.02287650 0.06550711 -0.01820386
v -0.02065805 0.06439593 -0.01390501
v -0.02211927 0.06428099 -0.01820804
v -0.02033337 0.06138922 -0.01821788
v -0.01784754 0.06062664 -0.01393290
v -0.01955649 0.06032603 -0.01822409
v -0.01687269 0.05672833 -0.01824609
v -0.01747332 0.05747517 -0.01824075
v -0.01614962 0.05711913 -0.01670811
v -0.01510406 0.05764494 -0.01394800
v -0.01493575 0.05772958 -0.01350367
v -0.01393795 0.05816559 -0.00976748
v -0.01385254 0.05819314 -0.00925160
v -0.01653841 0.06064013 -0.00923262
v -0.01958531 0.06426172 -0.00920295
v -0.01556393 0.06012082 -0.00188906
v -0.01310911 0.05829581 -0.00189510
v -0.01315605 0.05837233 -0.00410197
v -0.01307744 0.05824421 -0.00040621
v -0.01550178 0.05982795 0.00059992
v -0.01311116 0.05817660 0.00059996
v -0.02786067 0.09078395 -0.00680756
v -0.02762696 0.09077811 -0.00423189
v -0.02630741 0.08150374 -0.00427082
v -0.02745182 0.09077375 -0.00230176
v -0.02897508 0.09078339 -0.01263298
v -0.02823430 0.09078490 -0.00902057
v -0.02684491 0.08165831 -0.00908428
v -0.02806589 0.09078525 -0.00819934
v -0.02209488 0.06829252 -0.00917329
v -0.02410117 0.07259456 -0.00914362
v -0.02566527 0.07707051 -0.00911395
v -0.02213879 0.06816179 0.00059993
v -0.02164031 0.06791336 -0.00432411
v -0.02366359 0.07227646 -0.00430634
v -0.01902213 0.06387774 -0.00434187
v -0.01575182 0.06036422 -0.00435963
v -0.01318085 0.05837010 -0.00437112
v -0.02164073 0.06737133 0.00059993
v -0.01925120 0.06357905 0.00059993
v -0.01896182 0.06328307 0.00059992
v -0.01575421 0.06000232 0.00059992
v -0.02621318 0.08111718 0.00059995
v -0.02518902 0.07683329 -0.00428858
v -0.02508977 0.07649659 0.00059994
v -0.02446535 0.07392833 0.00059994
v -0.02362160 0.07183700 0.00059994
v -0.02786067 0.09078395 -0.00680756
v -0.03116136 0.09046477 -0.01599777
v -0.03115876 0.09095035 -0.01612722
v -0.03118082 0.09044722 -0.01605457
v -0.03126337 0.09085602 -0.01643037
v -0.03124621 0.09038826 -0.01624547
v -0.03135793 0.09072503 -0.01668249
v -0.03134419 0.09025216 -0.01650978
v -0.03138000 0.09069446 -0.01674134
v -0.03145502 0.09009822 -0.01680878
v -0.03151236 0.09051110 -0.01709424
v -0.03150577 0.09000261 -0.01693489
v -0.03158040 0.09038333 -0.01726064
v -0.03153559 0.08994642 -0.01700899
v -0.03161218 0.09032364 -0.01733835
v -0.03165621 0.08965317 -0.01728305
v -0.03178737 0.08989908 -0.01772854
v -0.03172198 0.08949325 -0.01743251
v -0.03183456 0.08978473 -0.01783364
v -0.03178841 0.08928496 -0.01756681
v -0.03192836 0.08949190 -0.01801893
v -0.03180058 0.08924679 -0.01759142
v -0.03196768 0.08933203 -0.01808473
v -0.03189279 0.08887047 -0.01774998
v -0.03208757 0.08884456 -0.01828534
v -0.03193338 0.08870482 -0.01781978
v -0.03211343 0.08869948 -0.01831675
v -0.03197863 0.08845029 -0.01787664
v -0.03215150 0.08848581 -0.01836298
v -0.03198820 0.08839647 -0.01788866
v -0.03203773 0.08800777 -0.01791920
v -0.02946913 0.09104394 -0.00901886
v -0.02959412 0.09104406 -0.00989035
v -0.02950954 0.09054499 -0.00902205
v -0.02980796 0.09104400 -0.01097265
v -0.03031970 0.09054439 -0.01302417
v -0.03046740 0.09104323 -0.01358065
v -0.03053175 0.09054406 -0.01379767
v -0.03051925 0.09104317 -0.01378570
v -0.03096391 0.09054342 -0.01537413
v -0.03092500 0.09104271 -0.01539036
v -0.03102209 0.09052025 -0.01555789
v -0.03100893 0.09100954 -0.01565493
v -0.03113643 0.09095917 -0.01605682
v -0.02904613 0.09054348 -0.00416560
v -0.02885932 0.09104297 -0.00417458
v -0.02888262 0.09104320 -0.00469286
v -0.02894715 0.09104342 -0.00537951
v -0.02911545 0.09104358 -0.00655298
v -0.02936063 0.09054510 -0.00828642
v -0.02937351 0.09054509 -0.00835008
v -0.02867794 0.09104107 -0.00014056
v -0.02884613 0.09054246 -0.00154507
v -0.02868113 0.09104062 0.00059998
v -0.02872111 0.09054181 0.00009304
v -0.02899169 0.08758281 0.00009293
v -0.02984919 0.07961087 0.00060000
v -0.02996846 0.07962655 0.00009301
v -0.02984961 0.07960682 0.00060000
v -0.03092649 0.07182296 0.00009309
v -0.03141586 0.06794504 0.00060000
v -0.03140111 0.06795685 0.00009313
v -0.03140324 0.06794519 0.00009313
v -0.03574518 0.04532361 -0.00442886
v -0.03585223 0.04523878 -0.00530730
v -0.03585646 0.04483134 -0.00458368
v -0.03593219 0.04517541 -0.00596349
v -0.03639016 0.04439993 -0.00786482
v -0.03636697 0.04482324 -0.00830076
v -0.03676231 0.04408930 -0.00933598
v -0.03665560 0.04458452 -0.00945015
v -0.03679058 0.04406571 -0.00944772
v -0.03584273 0.04484210 -0.00443805
v -0.03584241 0.04484235 -0.00443462
v -0.03564279 0.04540475 -0.00358872
v -0.03568849 0.04496294 -0.00280203
v -0.03548659 0.04552348 0.00009492
v -0.03559737 0.04502874 0.00060205
v -0.03408085 0.05324242 0.00009430
v -0.03335325 0.05633534 0.00060007
v -0.03351176 0.05636728 0.00009405
v -0.03327022 0.05675366 0.00060000
v -0.03144084 0.06775902 0.00060000
v -0.03748628 0.04347368 -0.01187200
v -0.03718389 0.04373743 -0.01100254
v -0.03694077 0.04434867 -0.01058575
v -0.03692248 0.04436380 -0.01051293
v -0.03831507 0.04274703 -0.01420558
v -0.03823929 0.04281689 -0.01403710
v -0.03819101 0.04326768 -0.01419645
v -0.03822588 0.04282861 -0.01399853
v -0.03764657 0.04374820 -0.01280339
v -0.03735110 0.04399958 -0.01187503
v -0.03995218 0.04164275 -0.01792404
v -0.04027278 0.04097047 -0.01826234
v -0.04026972 0.04096368 -0.01825115
v -0.04026206 0.04095404 -0.01822765
v -0.04025989 0.04095131 -0.01822097
v -0.04025346 0.04094775 -0.01820397
v -0.04023823 0.04094738 -0.01816857
v -0.04023624 0.04094801 -0.01816434
v -0.04023418 0.04094863 -0.01815996
v -0.03847959 0.04301297 -0.01493485
v -0.03865413 0.04285246 -0.01530581
v -0.03930614 0.04183324 -0.01640913
v -0.03917014 0.04237788 -0.01640248
v -0.03939962 0.04174705 -0.01661696
v -0.03943259 0.04213651 -0.01696026
v -0.04020092 0.04097224 -0.01809749
v -0.04020941 0.04096437 -0.01811232
v -0.04025599 0.04124579 -0.01838655
v -0.04026812 0.04118823 -0.01838101
v -0.04027397 0.04114925 -0.01837159
v -0.04028174 0.04106775 -0.01834126
v -0.04028167 0.04105185 -0.01833161
v -0.04028152 0.04101695 -0.01831043
v -0.04027908 0.04099505 -0.01829168
v -0.03899020 0.04676910 -0.01839776
v -0.03832356 0.04939542 -0.01792325
v -0.03790492 0.05149653 -0.01839776
v -0.03752624 0.05330671 -0.01792294
v -0.03758418 0.05306622 -0.01839776
v -0.04023142 0.04136237 -0.01839776
v -0.03965332 0.04287222 -0.01792377
v -0.03880700 0.04702390 -0.01792344
v -0.03682942 0.05676001 -0.01839776
v -0.03526737 0.06438775 -0.01792206
v -0.03522583 0.06575441 -0.01839776
v -0.03505982 0.06540590 -0.01792197
v -0.03499621 0.06588160 -0.01792192
v -0.03220998 0.08802977 -0.01839776
v -0.03250453 0.08522249 -0.01839776
v -0.03329503 0.07860454 -0.01792036
v -0.03334891 0.07852311 -0.01839776
v -0.03353668 0.07679729 -0.01792058
v -0.03394223 0.07381563 -0.01839776
v -0.03483097 0.06796917 -0.01839776
v -0.03071060 0.08957268 -0.01797953
v -0.03072121 0.08934070 -0.01808401
v -0.03099243 0.08934569 -0.01809967
v -0.03100640 0.09074728 -0.01669424
v -0.03126337 0.09085602 -0.01643037
v -0.03100861 0.09096820 -0.01605861
v -0.03115876 0.09095035 -0.01612722
v -0.03113643 0.09095917 -0.01605682
v -0.03100284 0.09039026 -0.01726464
v -0.03138000 0.09069446 -0.01674134
v -0.03135793 0.09072503 -0.01668249
v -0.03137698 0.09038752 -0.01726339
v -0.03158040 0.09038333 -0.01726064
v -0.03151236 0.09051110 -0.01709424
v -0.03196768 0.08933203 -0.01808473
v -0.03192836 0.08949190 -0.01801893
v -0.03136656 0.08934267 -0.01809932
v -0.03183456 0.08978473 -0.01783364
v -0.03137224 0.08991231 -0.01774036
v -0.03178737 0.08989908 -0.01772854
v -0.03161218 0.09032364 -0.01733835
v -0.03208757 0.08884456 -0.01828534
v -0.03136023 0.08870733 -0.01832220
v -0.03211343 0.08869948 -0.01831675
v -0.03215150 0.08848581 -0.01836298
v -0.03073353 0.08869565 -0.01832625
v -0.03098610 0.08871068 -0.01832229
v -0.03073384 0.08871274 -0.01832159
v -0.03073834 0.08896643 -0.01825258
v -0.03068454 0.08979867 -0.01783185
v -0.03099811 0.08991510 -0.01774110
v -0.03066277 0.08990851 -0.01773180
v -0.03062572 0.09009537 -0.01756157
v -0.03062871 0.09039300 -0.01726589
v -0.03058306 0.09031052 -0.01736558
v -0.03055864 0.09039168 -0.01726464
v -0.03063227 0.09075016 -0.01669604
v -0.03041222 0.09073884 -0.01668975
v -0.03053797 0.09046036 -0.01717921
v -0.03011769 0.09104406 -0.01559843
v -0.03024367 0.09095411 -0.01605940
v -0.03026688 0.09095424 -0.01605841
v -0.03026010 0.09094240 -0.01611948
v -0.03063448 0.09097140 -0.01606094
v -0.03031545 0.09090288 -0.01632201
v -0.03037678 0.09081733 -0.01655180
v -0.03100893 0.09100954 -0.01565493
v -0.01573729 0.05547442 -0.01383336
v -0.01642688 0.05519411 -0.01619194
v -0.01434233 0.05594613 -0.00918900
v -0.01414733 0.05603369 -0.00958143
v -0.01247489 0.05694765 0.00060000
v -0.01249058 0.05687212 0.00060000
v -0.01246142 0.05694581 -0.00049014
v -0.01317535 0.05590403 0.00060000
v -0.01314818 0.05599310 -0.00056153
v -0.01317409 0.05590475 0.00060000
v -0.01317409 0.05590475 0.00060000
v -0.01306289 0.05596905 0.00060000
v -0.01289538 0.05616269 -0.00054770
v -0.01292495 0.05608361 0.00060000
v -0.01282685 0.05616509 0.00060000
v -0.01268954 0.05638673 -0.00053053
v -0.01274296 0.05626279 0.00060000
v -0.01258452 0.05652630 0.00060000
v -0.01254214 0.05665271 -0.00051098
v -0.01256567 0.05657444 0.00060000
v -0.01253740 0.05664669 0.00060000
v -0.01254970 0.05750688 0.00060000
v -0.01251075 0.05738180 0.00060000
v -0.01245187 0.05724967 -0.00046917
v -0.01248340 0.05717689 0.00060000
v -0.01247020 0.05707791 0.00060000
v -0.01247489 0.05694765 0.00060000
v -0.01268830 0.05777906 0.00060000
v -0.01267521 0.05775336 0.00060000
v -0.01264444 0.05782217 -0.00043149
v -0.01251404 0.05754732 -0.00044925
v -0.01310911 0.05829581 -0.00189510
v -0.01283580 0.05805887 -0.00041687
v -0.01298742 0.05809438 0.00060000
v -0.01287290 0.05798534 0.00060000
v -0.01276656 0.05788411 0.00060000
v -0.01590959 0.05667018 -0.01672893
v -0.01668682 0.05639932 -0.01824922
v -0.01600981 0.05690577 -0.01672993
v -0.01673155 0.05650449 -0.01824960
v -0.01673965 0.05651735 -0.01824940
v -0.01585291 0.05642165 -0.01670515
v -0.01662277 0.05613757 -0.01824383
v -0.01665810 0.05628196 -0.01824680
v -0.01584199 0.05616997 -0.01665952
v -0.01661386 0.05602984 -0.01823995
v -0.01661427 0.05603477 -0.01824013
v -0.01587726 0.05592505 -0.01659385
v -0.01665633 0.05565601 -0.01821940
v -0.01663679 0.05574036 -0.01822501
v -0.01661386 0.05602984 -0.01823995
v -0.01607909 0.05549342 -0.01641340
v -0.01681755 0.05528612 -0.01818673
v -0.01595734 0.05569653 -0.01651072
v -0.01677731 0.05535503 -0.01819398
v -0.01670623 0.05553186 -0.01820892
v -0.01711285 0.05494440 -0.01814111
v -0.01623768 0.05532371 -0.01630573
v -0.01704616 0.05500475 -0.01815063
v -0.01698125 0.05508465 -0.01816088
v -0.01755051 0.05468282 -0.01808492
v -0.01743629 0.05473288 -0.01809872
v -0.01740299 0.05475466 -0.01810309
v -0.01328092 0.05615143 -0.00413504
v -0.01303470 0.05631731 -0.00415229
v -0.01283279 0.05653531 -0.00416484
v -0.01268593 0.05679380 -0.00417201
v -0.01260192 0.05707908 -0.00417343
v -0.01258523 0.05737597 -0.00416901
v -0.01263674 0.05766869 -0.00415899
v -0.01275371 0.05794169 -0.00414391
v -0.01292994 0.05818047 -0.00412456
v -0.01350901 0.05616042 -0.00618224
v -0.01326863 0.05632277 -0.00621736
v -0.01307070 0.05653564 -0.00624711
v -0.01292535 0.05678808 -0.00626997
v -0.01284006 0.05706715 -0.00628476
v -0.01281919 0.05735853 -0.00629074
v -0.01286382 0.05764728 -0.00628758
v -0.01297165 0.05791858 -0.00627546
v -0.01313717 0.05815849 -0.00625500
v -0.01385254 0.05819314 -0.00925160
v -0.01374586 0.05796184 -0.00979984
v -0.01360092 0.05772081 -0.00981867
v -0.01351003 0.05745402 -0.00982306
v -0.01347754 0.05717422 -0.00981282
v -0.01350499 0.05689474 -0.00978843
v -0.01359107 0.05662894 -0.00975106
v -0.01373167 0.05638951 -0.00970248
v -0.01392010 0.05618788 -0.00964502
v -0.01318085 0.05837010 -0.00437112
v -0.01477130 0.05751920 -0.01353412
v -0.01465049 0.05727939 -0.01354549
v -0.01457858 0.05702055 -0.01353731
v -0.01455869 0.05675394 -0.01350991
v -0.01459168 0.05649110 -0.01346450
v -0.01467612 0.05624347 -0.01340304
v -0.01480834 0.05602177 -0.01332820
v -0.01498260 0.05583564 -0.01324323
v -0.01519135 0.05569316 -0.01315182
v -0.01510406 0.05764494 -0.01394800
v -0.02377987 0.05221467 -0.01807661
v -0.02643139 0.05098055 -0.01814829
v -0.03049409 0.04865524 -0.01815158
v -0.03825104 0.04311554 -0.01839009
v -0.04025599 0.04124579 -0.01838655
v -0.04026812 0.04118823 -0.01838101
v -0.03820854 0.04306778 -0.01836749
v -0.04027397 0.04114925 -0.01837159
v -0.04028174 0.04106775 -0.01834126
v -0.03817050 0.04302502 -0.01833111
v -0.04028167 0.04105185 -0.01833161
v -0.04028152 0.04101695 -0.01831043
v -0.03813887 0.04298946 -0.01828281
v -0.04027908 0.04099505 -0.01829168
v -0.04027278 0.04097047 -0.01826234
v -0.03811525 0.04296293 -0.01822505
v -0.04026972 0.04096368 -0.01825115
v -0.04025346 0.04094775 -0.01820397
v -0.04025989 0.04095131 -0.01822097
v -0.04026206 0.04095404 -0.01822765
v -0.03810086 0.04294675 -0.01816079
v -0.04020941 0.04096437 -0.01811232
v -0.04023418 0.04094863 -0.01815996
v -0.04023624 0.04094801 -0.01816434
v -0.04023823 0.04094738 -0.01816857
v -0.03448003 0.04591108 -0.01815582
v -0.03449260 0.04592780 -0.01822121
v -0.03451379 0.04595592 -0.01828014
v -0.03454248 0.04599403 -0.01832951
v -0.03457716 0.04604012 -0.01836675
v -0.03461604 0.04609173 -0.01838990
v -0.03050486 0.04867238 -0.01821792
v -0.03052345 0.04870197 -0.01827784
v -0.03054886 0.04874244 -0.01832813
v -0.03057974 0.04879158 -0.01836611
v -0.03061443 0.04884681 -0.01838974
v -0.02653570 0.05118135 -0.01838961
v -0.02650542 0.05112307 -0.01836561
v -0.02647854 0.05107131 -0.01832706
v -0.02645649 0.05102887 -0.01827605
v -0.02644049 0.05099805 -0.01821536
v -0.02204342 0.05302887 -0.01814568
v -0.02205084 0.05304670 -0.01821333
v -0.02206411 0.05307857 -0.01827463
v -0.02208251 0.05312276 -0.01832621
v -0.02210501 0.05317680 -0.01836521
v -0.02213039 0.05323776 -0.01838951
v -0.01765123 0.05465011 -0.01814387
v -0.01765708 0.05466820 -0.01821193
v -0.01766766 0.05470093 -0.01827365
v -0.01768240 0.05474648 -0.01832561
v -0.01770047 0.05480234 -0.01836494
v -0.01772086 0.05486540 -0.01838944
v -0.01679584 0.05536590 -0.01824271
v -0.01763570 0.05489774 -0.01838982
v -0.01761178 0.05483739 -0.01836644
v -0.01759047 0.05478361 -0.01832884
v -0.01755994 0.05470660 -0.01821960
v -0.01743966 0.05473981 -0.01816532
v -0.01755236 0.05468747 -0.01815374
v -0.01698125 0.05508465 -0.01816088
v -0.01705723 0.05501671 -0.01820799
v -0.01712234 0.05495590 -0.01820026
v -0.01683485 0.05529759 -0.01823695
v -0.01670623 0.05553186 -0.01820892
v -0.01667900 0.05566279 -0.01826273
v -0.01666024 0.05574569 -0.01826712
v -0.01663877 0.05602943 -0.01827875
v -0.01753843 0.05494272 -0.01839027
v -0.01726321 0.05512652 -0.01839156
v -0.01720643 0.05517794 -0.01839183
v -0.01701121 0.05541457 -0.01839284
v -0.01697666 0.05547194 -0.01839303
v -0.01687189 0.05572056 -0.01839369
v -0.01685459 0.05578979 -0.01839384
v -0.01683202 0.05602625 -0.01839421
v -0.01683815 0.05611386 -0.01839431
v -0.01688839 0.05632602 -0.01839444
v -0.01692439 0.05641100 -0.01839445
v -0.01744942 0.05475986 -0.01822854
v -0.01713924 0.05497638 -0.01825517
v -0.01707578 0.05503675 -0.01826100
v -0.01685940 0.05531389 -0.01828261
v -0.01682152 0.05538096 -0.01828686
v -0.01670817 0.05567154 -0.01830160
v -0.01669000 0.05575244 -0.01830480
v -0.01666933 0.05602892 -0.01831328
v -0.01667806 0.05613148 -0.01831546
v -0.01664770 0.05613481 -0.01828176
v -0.01673925 0.05638026 -0.01831849
v -0.01671062 0.05639068 -0.01828594
v -0.01678176 0.05648015 -0.01831870
v -0.01675434 0.05649345 -0.01828623
v -0.01665810 0.05628196 -0.01824680
v -0.01661427 0.05603477 -0.01824013
v -0.01703936 0.05659129 -0.01839436
v -0.01702578 0.05660245 -0.01839033
v -0.01751073 0.05488580 -0.01836817
v -0.01722617 0.05508166 -0.01837321
v -0.01716772 0.05513611 -0.01837429
v -0.01696759 0.05538564 -0.01837823
v -0.01693234 0.05544594 -0.01837900
v -0.01682603 0.05570683 -0.01838162
v -0.01680868 0.05577937 -0.01838218
v -0.01678714 0.05602699 -0.01838367
v -0.01679411 0.05611871 -0.01838405
v -0.01684752 0.05634088 -0.01838457
v -0.01688531 0.05642994 -0.01838461
v -0.01700539 0.05661922 -0.01838427
v -0.01759047 0.05478361 -0.01832884
v -0.01748587 0.05483473 -0.01833256
v -0.01719226 0.05504059 -0.01834347
v -0.01713215 0.05509766 -0.01834582
v -0.01692689 0.05535864 -0.01835443
v -0.01689087 0.05542162 -0.01835610
v -0.01678270 0.05569385 -0.01836185
v -0.01676521 0.05576951 -0.01836310
v -0.01674440 0.05602769 -0.01836636
v -0.01675212 0.05612334 -0.01836720
v -0.01680848 0.05635508 -0.01836836
v -0.01684797 0.05644804 -0.01836844
v -0.01697299 0.05664586 -0.01836769
v -0.01757287 0.05473923 -0.01827901
v -0.01746509 0.05479205 -0.01828524
v -0.01716288 0.05500500 -0.01830358
v -0.01710108 0.05506410 -0.01830755
v -0.01689043 0.05533446 -0.01832220
v -0.01685354 0.05539973 -0.01832506
v -0.01674305 0.05568198 -0.01833493
v -0.01672530 0.05576045 -0.01833708
v -0.01670482 0.05602834 -0.01834272
v -0.01671314 0.05612762 -0.01834416
v -0.01677212 0.05636831 -0.01834617
v -0.01681320 0.05646490 -0.01834631
v -0.01694287 0.05667062 -0.01834501
v -0.01689214 0.05671233 -0.01828351
v -0.01690157 0.05670458 -0.01829680
v -0.01691572 0.05669295 -0.01831674
v -0.02918529 0.08169619 -0.01820030
v -0.02841343 0.07850880 -0.01826447
v -0.02792098 0.07715326 -0.01819840
v -0.02685824 0.07390268 -0.01826330
v -0.02632098 0.07271666 -0.01819744
v -0.02513256 0.06982235 -0.01826381
v -0.02437498 0.06842109 -0.01819988
v -0.02290572 0.06549057 -0.01826799
v -0.02211927 0.06428099 -0.01820804
v -0.02036233 0.06136966 -0.01827781
v -0.01762959 0.05735070 -0.01839086
v -0.01753865 0.05742314 -0.01833760
v -0.01758188 0.05738870 -0.01837050
v -0.01955649 0.06032603 -0.01822409
v -0.01750190 0.05745242 -0.01829368
v -0.02040192 0.06134292 -0.01832811
v -0.02045003 0.06131044 -0.01836610
v -0.02294746 0.06546695 -0.01832219
v -0.02299929 0.06543763 -0.01836334
v -0.02517604 0.06980208 -0.01831967
v -0.02523055 0.06977669 -0.01836216
v -0.02690306 0.07388559 -0.01831936
v -0.02695931 0.07386413 -0.01836201
v -0.02845945 0.07849524 -0.01832007
v -0.02851704 0.07847828 -0.01836235
v -0.02960885 0.08323581 -0.01826596
v -0.02965578 0.08322589 -0.01832097
v -0.02971432 0.08321350 -0.01836277
v -0.03062326 0.08805281 -0.01839040
v -0.02050409 0.06127394 -0.01838974
v -0.02305818 0.06540430 -0.01838903
v -0.02529280 0.06974769 -0.01838872
v -0.02702359 0.07383960 -0.01838868
v -0.02858277 0.07845891 -0.01838877
v -0.02978100 0.08319939 -0.01838888
v -0.03061136 0.08805436 -0.01838893
v -0.03054396 0.08806319 -0.01836298
v -0.03051435 0.08806708 -0.01834220
v -0.03048473 0.08807094 -0.01832142
v -0.03043717 0.08807718 -0.01826671
v -0.03043167 0.08807789 -0.01825596
v -0.03047454 0.09044674 -0.01718655
v -0.02978805 0.09084987 -0.01548109
v -0.02981966 0.09091671 -0.01547147
v -0.02984552 0.09084215 -0.01566812
v -0.02986603 0.09097333 -0.01545725
v -0.02987768 0.09090809 -0.01566284
v -0.02999085 0.09104278 -0.01541872
v -0.02992430 0.09101623 -0.01543930
v -0.02998196 0.09100716 -0.01563766
v -0.03004781 0.09103431 -0.01561927
v -0.03024367 0.09095411 -0.01605940
v -0.03024861 0.09088988 -0.01633775
v -0.03026010 0.09094240 -0.01611948
v -0.03031087 0.09080375 -0.01656553
v -0.03041222 0.09073884 -0.01668975
v -0.03052034 0.09029751 -0.01737080
v -0.03062572 0.09009537 -0.01756157
v -0.03062350 0.08978899 -0.01783142
v -0.03066277 0.08990851 -0.01773180
v -0.03065004 0.08956492 -0.01797725
v -0.03072121 0.08934070 -0.01808401
v -0.03067856 0.08896454 -0.01824707
v -0.03004832 0.09070865 -0.01633841
v -0.03011127 0.09062893 -0.01655098
v -0.03027691 0.09029818 -0.01713078
v -0.03032333 0.09015985 -0.01730286
v -0.03042818 0.08968834 -0.01773316
v -0.03045530 0.08948053 -0.01786942
v -0.03048502 0.08892363 -0.01812154
v -0.03048073 0.08867508 -0.01818971
v -0.03018524 0.09086211 -0.01634762
v -0.03024828 0.09077637 -0.01657249
v -0.03041400 0.09042235 -0.01718510
v -0.03046039 0.09027468 -0.01736674
v -0.03056497 0.08977228 -0.01782067
v -0.03059193 0.08955114 -0.01796436
v -0.03062113 0.08895901 -0.01823032
v -0.03061658 0.08869487 -0.01830234
v -0.03067388 0.08869658 -0.01832003
v -0.03008231 0.09076897 -0.01634796
v -0.03011127 0.09062893 -0.01655098
v -0.03014579 0.09068661 -0.01656502
v -0.03031279 0.09034627 -0.01715654
v -0.03035957 0.09020424 -0.01733197
v -0.03046519 0.08972087 -0.01777047
v -0.03049250 0.08950805 -0.01790931
v -0.03052239 0.08893815 -0.01816628
v -0.03051803 0.08868390 -0.01823586
v -0.02992409 0.09096422 -0.01565247
v -0.03008231 0.09076897 -0.01634796
v -0.03012879 0.09082107 -0.01635109
v -0.03019227 0.09073662 -0.01657231
v -0.03035922 0.09038830 -0.01717494
v -0.03040597 0.09024311 -0.01735360
v -0.03051145 0.08974924 -0.01780006
v -0.03053868 0.08953192 -0.01794140
v -0.03056837 0.08895009 -0.01820303
v -0.03056393 0.08869057 -0.01827391
v -0.03012879 0.09082107 -0.01635109
v -0.02955783 0.09105508 -0.01359240
v -0.02926954 0.09105723 -0.01255978
v -0.02919746 0.09104905 -0.01257778
v -0.02899037 0.09085647 -0.01262926
v -0.02814292 0.09105803 -0.00656221
v -0.02767874 0.09104130 -0.00229017
v -0.02762696 0.09077811 -0.00423189
v -0.02787615 0.09085718 -0.00680541
v -0.02740590 0.09083227 0.00060000
v -0.02741808 0.09084199 -0.00089358
v -0.02740721 0.09083574 0.00060000
v -0.02741651 0.09086039 0.00060000
v -0.02745067 0.09090925 -0.00089267
v -0.02744097 0.09090219 0.00060000
v -0.02749885 0.09096637 -0.00089146
v -0.02747167 0.09094468 0.00060000
v -0.02745235 0.09092166 0.00060000
v -0.02755163 0.09100595 0.00060000
v -0.02752578 0.09099061 0.00060000
v -0.02748851 0.09095897 0.00060000
v -0.02761789 0.09103138 0.00060000
v -0.02761745 0.09103122 0.00060000
v -0.02762933 0.09103685 -0.00088846
v -0.02755967 0.09100979 -0.00089003
v -0.02764735 0.09103730 0.00060000
v -0.02760900 0.09101448 -0.00229358
v -0.02754807 0.09097121 -0.00229661
v -0.02749972 0.09091420 -0.00229908
v -0.02746695 0.09084698 -0.00230083
v -0.02808783 0.09105024 -0.00677688
v -0.02801837 0.09102389 -0.00678620
v -0.02795753 0.09098101 -0.00679439
v -0.02790912 0.09092425 -0.00680093
v -0.02829244 0.09105128 -0.00816275
v -0.02822323 0.09102501 -0.00817391
v -0.02816259 0.09098218 -0.00818369
v -0.02811431 0.09092550 -0.00819149
v -0.02808139 0.09085846 -0.00819681
v -0.02912957 0.09102276 -0.01259471
v -0.02907009 0.09097998 -0.01260951
v -0.02902271 0.09092338 -0.01262127
v -0.03593219 0.04517541 -0.00596349
v -0.03585223 0.04523878 -0.00530730
v -0.03605429 0.04528458 -0.00528476
v -0.03574518 0.04532361 -0.00442886
v -0.03583841 0.04545374 -0.00350731
v -0.03564279 0.04540475 -0.00358872
v -0.03568700 0.04556270 0.00000015
v -0.03548659 0.04552348 0.00009492
v -0.03568294 0.04556562 0.00009418
v -0.03612689 0.04522770 -0.00588252
v -0.03616714 0.04519518 -0.00609957
v -0.03636697 0.04482324 -0.00830076
v -0.03656038 0.04487745 -0.00822033
v -0.03665560 0.04458452 -0.00945015
v -0.03712420 0.04441169 -0.01046727
v -0.03692248 0.04436380 -0.01051293
v -0.03694077 0.04434867 -0.01058575
v -0.03713383 0.04440374 -0.01050564
v -0.03735110 0.04399958 -0.01187503
v -0.03761864 0.04399228 -0.01202527
v -0.03764657 0.04374820 -0.01280339
v -0.03784118 0.04380340 -0.01272284
v -0.03819101 0.04326768 -0.01419645
v -0.03867504 0.04306682 -0.01485350
v -0.03847959 0.04301297 -0.01493485
v -0.03865413 0.04285246 -0.01530581
v -0.03885447 0.04290052 -0.01523613
v -0.03917014 0.04237788 -0.01640248
v -0.03962479 0.04218661 -0.01687876
v -0.03943259 0.04213651 -0.01696026
v -0.03995218 0.04164275 -0.01792404
v -0.04000878 0.04181467 -0.01760014
v -0.04013845 0.04168909 -0.01784373
v -0.02872111 0.09054181 0.00009304
v -0.02892060 0.09055925 0.00009260
v -0.02895988 0.09013540 0.00009250
v -0.02899169 0.08758281 0.00009293
v -0.02924509 0.08705770 0.00009180
v -0.02996846 0.07962655 0.00009301
v -0.03088288 0.07382171 0.00009068
v -0.03092649 0.07182296 0.00009309
v -0.03112673 0.07185100 0.00009051
v -0.03140111 0.06795685 0.00009313
v -0.03160324 0.06800008 0.00009019
v -0.03140324 0.06794519 0.00009313
v -0.03349260 0.05761036 0.00009204
v -0.03351176 0.05636728 0.00009405
v -0.03427996 0.05328063 0.00009281
v -0.03408085 0.05324242 0.00009430
v -0.03568294 0.04556562 0.00009418
v -0.03548659 0.04552348 0.00009492
v -0.03096391 0.09054342 -0.01537413
v -0.03115633 0.09056042 -0.01531665
v -0.03053175 0.09054406 -0.01379767
v -0.03075827 0.09056089 -0.01386408
v -0.03031970 0.09054439 -0.01302417
v -0.03052014 0.09056115 -0.01299511
v -0.02950954 0.09054499 -0.00902205
v -0.02957156 0.09056176 -0.00831902
v -0.02937351 0.09054509 -0.00835008
v -0.02936063 0.09054510 -0.00828642
v -0.02892060 0.09055925 0.00009260
v -0.02872111 0.09054181 0.00009304
v -0.02892768 0.09055928 0.00000055
v -0.02884613 0.09054246 -0.00154507
v -0.02904610 0.09055974 -0.00153931
v -0.02904613 0.09054348 -0.00416560
v -0.02946502 0.09056138 -0.00698692
v -0.02956496 0.09056176 -0.00828648
v -0.03203773 0.08800777 -0.01791920
v -0.03222714 0.08802669 -0.01785121
v -0.03198820 0.08839647 -0.01788866
v -0.03217603 0.08842499 -0.01781939
v -0.03197863 0.08845029 -0.01787664
v -0.03216815 0.08846907 -0.01780943
v -0.03193338 0.08870482 -0.01781978
v -0.03212141 0.08873053 -0.01775035
v -0.03189279 0.08887047 -0.01774998
v -0.03208248 0.08888900 -0.01768323
v -0.03180058 0.08924679 -0.01759142
v -0.03198818 0.08927280 -0.01752066
v -0.03178841 0.08928496 -0.01756681
v -0.03197844 0.08930331 -0.01750094
v -0.03172198 0.08949325 -0.01743251
v -0.03191050 0.08951600 -0.01736342
v -0.03165621 0.08965317 -0.01728305
v -0.03184658 0.08967119 -0.01721818
v -0.03153559 0.08994642 -0.01700899
v -0.03172436 0.08996799 -0.01694045
v -0.03150577 0.09000261 -0.01693489
v -0.03169655 0.09002031 -0.01687139
v -0.03145502 0.09009822 -0.01680878
v -0.03164461 0.09011799 -0.01674242
v -0.03163219 0.09013524 -0.01670893
v -0.03134419 0.09025216 -0.01650978
v -0.03153536 0.09026958 -0.01644794
v -0.03124621 0.09038826 -0.01624547
v -0.03143671 0.09040645 -0.01618206
v -0.03118082 0.09044722 -0.01605457
v -0.03137242 0.09046435 -0.01599452
v -0.03116136 0.09046477 -0.01599777
v -0.03135240 0.09048239 -0.01593609
v -0.03102209 0.09052025 -0.01555789
v -0.03121428 0.09053737 -0.01549973
v -0.03965332 0.04287222 -0.01792377
v -0.03995218 0.04164275 -0.01792404
v -0.04013845 0.04168909 -0.01784373
v -0.03984193 0.04291185 -0.01784292
v -0.03938861 0.04513765 -0.01784305
v -0.03880700 0.04702390 -0.01792344
v -0.03851302 0.04943689 -0.01784330
v -0.03832356 0.04939542 -0.01792325
v -0.03752624 0.05330671 -0.01792294
v -0.03684890 0.05760786 -0.01784378
v -0.03526737 0.06438775 -0.01792206
v -0.03546133 0.06442093 -0.01784419
v -0.03505982 0.06540590 -0.01792197
v -0.03525668 0.06542578 -0.01784424
v -0.03499621 0.06588160 -0.01792192
v -0.03413029 0.07382889 -0.01784683
v -0.03353668 0.07679729 -0.01792058
v -0.03372894 0.07682300 -0.01784775
v -0.03329503 0.07860454 -0.01792036
v -0.07052697 0.01438434 -0.01838746
v -0.07053915 0.01433845 -0.01837213
v -0.07119849 0.01446828 -0.01829245
v -0.07057251 0.01421265 -0.01825944
v -0.07057441 0.01420552 -0.01824942
v -0.07119213 0.01433351 -0.01817490
v -0.07057441 0.01420552 -0.01824942
v -0.07058098 0.01418063 -0.01819265
v -0.07118380 0.01430685 -0.01812127
v -0.07056016 0.01425919 -0.01831623
v -0.07056494 0.01424121 -0.01829963
v -0.07119748 0.01437036 -0.01822254
v -0.07119963 0.01441590 -0.01826227
v -0.07055300 0.01428617 -0.01834114
v -0.07119411 0.01452538 -0.01831187
v -0.07052394 0.01439579 -0.01839128
v -0.07050804 0.01445571 -0.01839776
v -0.07117466 0.01458257 -0.01832113
v -0.07118667 0.01458486 -0.01831975
v -0.07148202 0.01456015 -0.01822858
v -0.07147818 0.01461973 -0.01823611
v -0.07180143 0.01463631 -0.01808474
v -0.07206086 0.01458953 -0.01795683
v -0.07206383 0.01464977 -0.01796186
v -0.07234246 0.01458190 -0.01776290
v -0.07234835 0.01464273 -0.01776582
v -0.07281676 0.01452702 -0.01730239
v -0.07282666 0.01458938 -0.01730017
v -0.07342804 0.01435279 -0.01606433
v -0.07342167 0.01436458 -0.01611590
v -0.07341088 0.01429829 -0.01612924
v -0.07333567 0.01442512 -0.01640103
v -0.07332431 0.01435976 -0.01641203
v -0.07319294 0.01448049 -0.01668972
v -0.07301442 0.01448222 -0.01703364
v -0.07302540 0.01454547 -0.01702857
v -0.07285148 0.01458389 -0.01726625
v -0.07144287 0.01434045 -0.01804520
v -0.07145766 0.01436748 -0.01809688
v -0.07196363 0.01436798 -0.01779622
v -0.07199171 0.01439504 -0.01784250
v -0.07221680 0.01435970 -0.01761840
v -0.07225158 0.01438641 -0.01766108
v -0.07264271 0.01430421 -0.01719636
v -0.07268940 0.01432958 -0.01723051
v -0.07281987 0.01425936 -0.01695032
v -0.07287188 0.01428381 -0.01697938
v -0.07309687 0.01413737 -0.01638209
v -0.07315812 0.01415950 -0.01639885
v -0.07317389 0.01407629 -0.01612400
v -0.07323816 0.01409731 -0.01613489
v -0.07325412 0.01391126 -0.01547467
v -0.07332304 0.01392946 -0.01546999
v -0.07146937 0.01440463 -0.01814274
v -0.07201638 0.01443243 -0.01788321
v -0.07228273 0.01442371 -0.01769827
v -0.07273191 0.01436639 -0.01725931
v -0.07291938 0.01432024 -0.01700318
v -0.07321408 0.01419485 -0.01641067
v -0.07329680 0.01413213 -0.01614105
v -0.07338557 0.01396288 -0.01546125
v -0.07147753 0.01445039 -0.01818095
v -0.07203666 0.01447861 -0.01791668
v -0.07230893 0.01447005 -0.01772841
v -0.07276831 0.01441301 -0.01728149
v -0.07296014 0.01436694 -0.01702065
v -0.07326194 0.01424166 -0.01641697
v -0.07334677 0.01417895 -0.01614216
v -0.07343817 0.01400963 -0.01544894
v -0.07148180 0.01450294 -0.01820995
v -0.07205169 0.01453169 -0.01794156
v -0.07232912 0.01452353 -0.01775026
v -0.07279702 0.01446735 -0.01729607
v -0.07299231 0.01442177 -0.01703096
v -0.07329931 0.01429756 -0.01641743
v -0.07338549 0.01423531 -0.01613815
v -0.07347783 0.01406706 -0.01543375
v -0.07350233 0.01413193 -0.01541655
v -0.07351027 0.01420054 -0.01539831
v -0.07344242 0.01432617 -0.01594786
v -0.06713417 0.01324931 -0.01839776
v -0.06719336 0.01311948 -0.01836165
v -0.06721840 0.01306454 -0.01831858
v -0.05938171 0.00705928 -0.01837958
v -0.05941890 0.00702976 -0.01835739
v -0.06158324 0.00938075 -0.01836235
v -0.06723830 0.01302090 -0.01826202
v -0.06940692 0.01376116 -0.01819362
v -0.05948144 0.00698007 -0.01829015
v -0.05949552 0.00696888 -0.01826434
v -0.06165673 0.00930159 -0.01826449
v -0.05950491 0.00696143 -0.01824715
v -0.06084726 0.00837886 -0.01819917
v -0.05952216 0.00694773 -0.01819959
v -0.06162409 0.00933675 -0.01832008
v -0.05945247 0.00700308 -0.01832727
v -0.05934207 0.00709077 -0.01839318
v -0.05935792 0.00707817 -0.01838774
v -0.06153662 0.00943096 -0.01838877
v -0.06148703 0.00948436 -0.01839776
v -0.05930119 0.00712323 -0.01839776
v -0.06392398 0.01106422 -0.01819740
v -0.06415110 0.01128684 -0.01826330
v -0.06232192 0.00978899 -0.01819848
v -0.06167920 0.00927739 -0.01819891
v -0.06416954 0.01125967 -0.01819723
v -0.06567943 0.01210789 -0.01819634
v -0.06725183 0.01299121 -0.01819541
v -0.06412414 0.01132653 -0.01831936
v -0.07056494 0.01424121 -0.01829963
v -0.06409034 0.01137633 -0.01836201
v -0.06405169 0.01143325 -0.01838868
v -0.06716469 0.01318235 -0.01838859
v -0.06401056 0.01149384 -0.01839776
v -0.05688497 0.00783270 -0.01815119
v -0.05688064 0.00783210 -0.01808190
v -0.05689760 0.00772941 -0.01809023
v -0.05690497 0.00783546 -0.01821762
v -0.05690355 0.00773059 -0.01815821
v -0.05693957 0.00784024 -0.01827763
v -0.05692440 0.00773474 -0.01822306
v -0.05698690 0.00784677 -0.01832801
v -0.05695910 0.00774164 -0.01828142
v -0.05704443 0.00785472 -0.01836605
v -0.05698690 0.00784677 -0.01832801
v -0.05700583 0.00775094 -0.01833028
v -0.05710909 0.00786365 -0.01838972
v -0.05706218 0.00776216 -0.01836711
v -0.05717740 0.00787309 -0.01839776
v -0.05712524 0.00777471 -0.01838999
v -0.05693165 0.00758851 -0.01810189
v -0.05693963 0.00759080 -0.01816796
v -0.05697698 0.00748200 -0.01811111
v -0.05710599 0.00721424 -0.01819517
v -0.05709385 0.00720736 -0.01813487
v -0.05715748 0.00710617 -0.01814404
v -0.05736023 0.00687398 -0.01816563
v -0.05743054 0.00682224 -0.01822500
v -0.05717027 0.00711465 -0.01820264
v -0.05741761 0.00680825 -0.01817175
v -0.05750454 0.00673579 -0.01817878
v -0.05751696 0.00675130 -0.01823062
v -0.05763960 0.00665469 -0.01818726
v -0.05782802 0.00656701 -0.01824629
v -0.05775332 0.00658642 -0.01819440
v -0.05781874 0.00654714 -0.01819851
v -0.05792936 0.00650286 -0.01820375
v -0.05793718 0.00652386 -0.01825043
v -0.05795474 0.00649707 -0.01820463
v -0.05826490 0.00645008 -0.01825946
v -0.05826216 0.00642688 -0.01821523
v -0.05839889 0.00641880 -0.01821823
v -0.05864067 0.00644405 -0.01822064
v -0.05871850 0.00647596 -0.01826435
v -0.05839934 0.00644237 -0.01826181
v -0.05872368 0.00645272 -0.01822147
v -0.05887177 0.00649436 -0.01822105
v -0.05886403 0.00651685 -0.01826402
v -0.05896909 0.00654061 -0.01821941
v -0.05915357 0.00665403 -0.01826013
v -0.05696143 0.00759703 -0.01823058
v -0.05712863 0.00722708 -0.01825133
v -0.05719261 0.00712945 -0.01825697
v -0.05745005 0.00684330 -0.01827372
v -0.05753517 0.00677398 -0.01827791
v -0.05784069 0.00659413 -0.01828951
v -0.05794768 0.00655207 -0.01829256
v -0.05826847 0.00648024 -0.01829920
v -0.05839993 0.00647280 -0.01830092
v -0.05871188 0.00650571 -0.01830278
v -0.05885411 0.00654566 -0.01830254
v -0.05913722 0.00667965 -0.01829969
v -0.05926377 0.00672992 -0.01825728
v -0.05924507 0.00675379 -0.01829759
v -0.05699597 0.00760691 -0.01828665
v -0.05716082 0.00724533 -0.01830094
v -0.05722359 0.00714998 -0.01830480
v -0.05747543 0.00687071 -0.01831620
v -0.05755851 0.00680309 -0.01831903
v -0.05785636 0.00662767 -0.01832684
v -0.05796056 0.00658663 -0.01832889
v -0.05827275 0.00651655 -0.01833333
v -0.05840063 0.00650925 -0.01833448
v -0.05870399 0.00654117 -0.01833572
v -0.05884227 0.00658003 -0.01833556
v -0.05911756 0.00671043 -0.01833366
v -0.05922245 0.00678263 -0.01833226
v -0.05704155 0.00761996 -0.01833341
v -0.05720118 0.00726821 -0.01834191
v -0.05726195 0.00717541 -0.01834420
v -0.05750575 0.00690348 -0.01835091
v -0.05758619 0.00683760 -0.01835257
v -0.05785636 0.00662767 -0.01832684
v -0.05787455 0.00666659 -0.01835714
v -0.05797543 0.00662656 -0.01835834
v -0.05827275 0.00651655 -0.01833333
v -0.05827765 0.00655799 -0.01836092
v -0.05840143 0.00655072 -0.01836159
v -0.05869503 0.00658141 -0.01836231
v -0.05882884 0.00661904 -0.01836222
v -0.05909514 0.00674554 -0.01836112
v -0.05919657 0.00681563 -0.01836030
v -0.05704155 0.00761996 -0.01833341
v -0.05709593 0.00763552 -0.01836856
v -0.05724798 0.00729476 -0.01837249
v -0.05730613 0.00720469 -0.01837354
v -0.05753997 0.00694044 -0.01837662
v -0.05761727 0.00687634 -0.01837738
v -0.05789469 0.00670971 -0.01837947
v -0.05799184 0.00667062 -0.01838002
v -0.05828301 0.00660340 -0.01838119
v -0.05840231 0.00659610 -0.01838150
v -0.05868525 0.00662534 -0.01838183
v -0.05881417 0.00666164 -0.01838179
v -0.05907059 0.00678400 -0.01838128
v -0.05916817 0.00685186 -0.01838091
v -0.05916618 0.00663429 -0.01821609
v -0.05927106 0.00670687 -0.01821267
v -0.05927805 0.00671171 -0.01821245
v -0.05952216 0.00694773 -0.01819959
v -0.05945247 0.00700308 -0.01832727
v -0.05715642 0.00765283 -0.01839037
v -0.05729926 0.00732384 -0.01839137
v -0.05735430 0.00723664 -0.01839164
v -0.05757686 0.00698029 -0.01839243
v -0.05765068 0.00691799 -0.01839262
v -0.05791619 0.00675571 -0.01839315
v -0.05800930 0.00671752 -0.01839329
v -0.05828869 0.00665152 -0.01839359
v -0.05840323 0.00664413 -0.01839366
v -0.05867491 0.00667178 -0.01839375
v -0.05879866 0.00670668 -0.01839374
v -0.05904458 0.00682473 -0.01839361
v -0.05913803 0.00689031 -0.01839352
v -0.05719174 0.00778794 -0.01839776
v -0.05722005 0.00767102 -0.01839776
v -0.05735281 0.00735420 -0.01839776
v -0.05740454 0.00726994 -0.01839776
v -0.05761511 0.00702160 -0.01839776
v -0.05768527 0.00696111 -0.01839776
v -0.05793836 0.00680315 -0.01839776
v -0.05802731 0.00676586 -0.01839776
v -0.05829454 0.00670102 -0.01839776
v -0.05840418 0.00669350 -0.01839776
v -0.05866429 0.00671949 -0.01839776
v -0.05878273 0.00675296 -0.01839776
v -0.05901782 0.00686664 -0.01839776
v -0.05910701 0.00692987 -0.01839776
v -0.05612910 0.01200587 -0.01808420
v -0.05502699 0.01620496 -0.01808769
v -0.05566247 0.01406994 -0.01808565
v -0.05566746 0.01407120 -0.01815436
v -0.05211038 0.02416571 -0.01824816
v -0.05210137 0.02416568 -0.01823305
v -0.05378596 0.02014394 -0.01822406
v -0.05367681 0.02033218 -0.01809206
v -0.05375992 0.02013415 -0.01809178
v -0.05376587 0.02013639 -0.01815951
v -0.05208785 0.02411833 -0.01809739
v -0.05208043 0.02414154 -0.01814053
v -0.05208020 0.02414448 -0.01814718
v -0.05208796 0.02416169 -0.01820119
v -0.05208311 0.02415691 -0.01818170
v -0.05208163 0.02415058 -0.01816413
v -0.05381915 0.02015642 -0.01828212
v -0.05386372 0.02017317 -0.01833070
v -0.05220556 0.02413485 -0.01833292
v -0.05214986 0.02415713 -0.01829343
v -0.05214062 0.02415989 -0.01828461
v -0.05213810 0.02416064 -0.01828222
v -0.05238333 0.02403528 -0.01838923
v -0.05236946 0.02404433 -0.01838810
v -0.05391740 0.02019334 -0.01836730
v -0.05233996 0.02406231 -0.01838240
v -0.05228960 0.02409000 -0.01836510
v -0.05222328 0.02412646 -0.01834233
v -0.05397741 0.02021591 -0.01839005
v -0.05404067 0.02023969 -0.01839776
v -0.05248822 0.02396679 -0.01839776
v -0.05461277 0.01864698 -0.01839776
v -0.05454859 0.01862499 -0.01838998
v -0.05448773 0.01860413 -0.01836707
v -0.05443335 0.01858550 -0.01833020
v -0.05438827 0.01857005 -0.01828128
v -0.05435482 0.01855859 -0.01822285
v -0.05433474 0.01855171 -0.01815794
v -0.05432907 0.01854977 -0.01808992
v -0.05595302 0.01414363 -0.01839776
v -0.05588668 0.01412681 -0.01838985
v -0.05582384 0.01411087 -0.01836653
v -0.05576781 0.01409666 -0.01832904
v -0.05572155 0.01408493 -0.01827935
v -0.05568750 0.01407629 -0.01822008
v -0.05634476 0.01249794 -0.01839776
v -0.05627779 0.01248303 -0.01838981
v -0.05621437 0.01246892 -0.01836638
v -0.05615786 0.01245634 -0.01832871
v -0.05611125 0.01244598 -0.01827879
v -0.05607703 0.01243836 -0.01821928
v -0.05605699 0.01243390 -0.01815333
v -0.05605222 0.01243283 -0.01808444
v -0.07326001 0.01348418 -0.01367833
v -0.07326395 0.01319686 -0.01246983
v -0.07333194 0.01321616 -0.01246582
v -0.07351204 0.01393320 -0.01427317
v -0.07326831 0.01260474 -0.00896810
v -0.07326989 0.01239097 -0.00770388
v -0.07333664 0.01241141 -0.00770120
v -0.07351480 0.01262199 -0.00710950
v -0.07351532 0.01268731 -0.00766561
v -0.07350805 0.01261839 -0.00767448
v -0.07326728 0.01209192 -0.00420320
v -0.07326413 0.01191579 -0.00152532
v -0.07332962 0.01193686 -0.00152462
v -0.07349163 0.01212115 0.00060000
v -0.07349192 0.01212365 0.00060000
v -0.07349449 0.01212225 -0.00018910
v -0.07350001 0.01219163 0.00060000
v -0.07350222 0.01219041 -0.00018879
v -0.07343185 0.01200184 0.00060000
v -0.07343428 0.01200421 0.00060000
v -0.07347150 0.01205762 -0.00018943
v -0.07345185 0.01202860 0.00060000
v -0.07348310 0.01209232 0.00060000
v -0.07349163 0.01212115 0.00060000
v -0.07343444 0.01199992 -0.00018977
v -0.07343185 0.01200184 0.00060000
v -0.07338523 0.01195214 -0.00019011
v -0.07338369 0.01195443 0.00060000
v -0.07332644 0.01191678 -0.00019042
v -0.07326117 0.01189571 -0.00019068
v -0.07325918 0.01189752 0.00060000
v -0.07329464 0.01190694 0.00060000
v -0.07332344 0.01192049 0.00060000
v -0.07335903 0.01193723 0.00060000
v -0.07338859 0.01197229 -0.00152355
v -0.07343795 0.01202022 -0.00152219
v -0.07347507 0.01207812 -0.00152059
v -0.07349803 0.01214297 -0.00151885
v -0.07350560 0.01221133 -0.00151705
v -0.07326982 0.01223398 -0.00636315
v -0.07333628 0.01225464 -0.00636088
v -0.07339616 0.01228998 -0.00635707
v -0.07344623 0.01233810 -0.00635192
v -0.07348379 0.01239639 -0.00634569
v -0.07350683 0.01246173 -0.00633874
v -0.07351410 0.01253059 -0.00633144
v -0.07339682 0.01244662 -0.00769663
v -0.07344715 0.01249468 -0.00769042
v -0.07348492 0.01255299 -0.00768290
v -0.07351498 0.01349011 -0.01240827
v -0.07350750 0.01342123 -0.01242278
v -0.07348371 0.01335598 -0.01243650
v -0.07344496 0.01329800 -0.01244868
v -0.07339342 0.01325051 -0.01245864
v -0.07348371 0.01335598 -0.01243650
v -0.06011215 0.00371540 -0.00425999
v -0.06011063 0.00416430 -0.00795074
v -0.05986652 0.00389642 -0.00799350
v -0.05737239 0.00442951 -0.00426301
v -0.05737090 0.00438755 -0.00392793
v -0.05744674 0.00402744 -0.00395969
v -0.06008123 0.00438187 -0.00905414
v -0.06000480 0.00494748 -0.01192261
v -0.05975701 0.00469347 -0.01197735
v -0.05990432 0.00544850 -0.01377387
v -0.05984506 0.00574398 -0.01486569
v -0.05959346 0.00550402 -0.01492864
v -0.05722064 0.00623194 -0.01373076
v -0.05731251 0.00565326 -0.01165800
v -0.05739081 0.00531377 -0.01174478
v -0.05864067 0.00644405 -0.01822064
v -0.05895444 0.00521917 -0.01498324
v -0.06000493 0.00346543 0.00060000
v -0.05976495 0.00318006 0.00058758
v -0.05977777 0.00319233 0.00060000
v -0.05976399 0.00318054 0.00060000
v -0.05976399 0.00318054 0.00060000
v -0.05976495 0.00318006 0.00058758
v -0.05966346 0.00309443 0.00060000
v -0.05946197 0.00296279 0.00057364
v -0.05945632 0.00297039 0.00060000
v -0.05935855 0.00291184 0.00060000
v -0.05911476 0.00282710 0.00055903
v -0.05921846 0.00285736 0.00060000
v -0.05837491 0.00282840 0.00053140
v -0.05871989 0.00278089 0.00060000
v -0.05874477 0.00278136 0.00054465
v -0.05887030 0.00278594 0.00060000
v -0.05911150 0.00283542 0.00060000
v -0.05802805 0.00296532 0.00052009
v -0.05802960 0.00297322 0.00060000
v -0.05822411 0.00287379 0.00060000
v -0.05836788 0.00282871 0.00060000
v -0.05837246 0.00282810 0.00060000
v -0.05772565 0.00318364 0.00051143
v -0.05778728 0.00312554 0.00060000
v -0.05790803 0.00303537 0.00060000
v -0.05732514 0.00380628 0.00050399
v -0.05745875 0.00350749 0.00060000
v -0.05748641 0.00346987 0.00050595
v -0.05754274 0.00338252 0.00060000
v -0.05772791 0.00318794 0.00060000
v -0.05725181 0.00417208 0.00050567
v -0.05724826 0.00417116 0.00060000
v -0.05727539 0.00397635 0.00060000
v -0.05731319 0.00383084 0.00060000
v -0.05732416 0.00380648 0.00060000
v -0.05700436 0.00732968 -0.01778254
v -0.05693029 0.00763386 -0.01763916
v -0.05697698 0.00748200 -0.01811111
v -0.05715278 0.00705209 -0.01792216
v -0.05736772 0.00681574 -0.01805067
v -0.05775332 0.00658642 -0.01819440
v -0.05763960 0.00665469 -0.01818726
v -0.05763786 0.00663308 -0.01816129
v -0.05793025 0.00536659 -0.01487493
v -0.05825465 0.00524016 -0.01493509
v -0.05860249 0.00519010 -0.01497188
v -0.05929099 0.00532579 -0.01496856
v -0.05896909 0.00654061 -0.01821941
v -0.05718732 0.00644178 -0.01448239
v -0.05726520 0.00611531 -0.01459286
v -0.05742140 0.00581666 -0.01469893
v -0.05764726 0.00556238 -0.01479472
v -0.05755009 0.00500271 -0.01182721
v -0.05778123 0.00473793 -0.01190056
v -0.05807099 0.00453457 -0.01196062
v -0.05840276 0.00440431 -0.01200397
v -0.05875753 0.00435459 -0.01202810
v -0.05911499 0.00438828 -0.01203165
v -0.05945463 0.00450344 -0.01201440
v -0.05956414 0.00369454 -0.00802485
v -0.05922137 0.00357060 -0.00804292
v -0.05885851 0.00353195 -0.00804665
v -0.05849703 0.00358087 -0.00803582
v -0.05815833 0.00371446 -0.00801107
v -0.05786246 0.00392483 -0.00797386
v -0.05762693 0.00419951 -0.00792640
v -0.05746567 0.00452225 -0.00787149
v -0.05736408 0.00512269 -0.00903985
v -0.05738825 0.00487394 -0.00781239
v -0.06011228 0.00367781 -0.00395092
v -0.05987074 0.00339987 -0.00398001
v -0.05956824 0.00318923 -0.00400389
v -0.05922312 0.00305868 -0.00402109
v -0.05885631 0.00301614 -0.00403059
v -0.05849007 0.00306417 -0.00403179
v -0.05814659 0.00319988 -0.00402464
v -0.05784671 0.00341503 -0.00400955
v -0.05760861 0.00369658 -0.00398746
v -0.06000493 0.00346543 0.00060000
v -0.07050615 0.01468275 -0.01839776
v -0.06288259 0.01884166 -0.01839776
v -0.06276777 0.01889272 -0.01839776
v -0.06243347 0.01904137 -0.01839776
v -0.05564968 0.02205788 -0.01839776
v -0.07050299 0.01506384 -0.01839776
v -0.06786870 0.01740682 -0.01839776
v -0.07049981 0.01544494 -0.01839776
v -0.07048976 0.01665255 -0.01839776
v -0.05272284 0.02360860 -0.01790724
v -0.05228960 0.02409000 -0.01836510
v -0.05233996 0.02406231 -0.01838240
v -0.05236946 0.02404433 -0.01838810
v -0.05238333 0.02403528 -0.01838923
v -0.05349462 0.02311559 -0.01791269
v -0.05248822 0.02396679 -0.01839776
v -0.05532689 0.02205795 -0.01791771
v -0.05564968 0.02205788 -0.01839776
v -0.05208785 0.02411833 -0.01809739
v -0.05208043 0.02414154 -0.01814053
v -0.05291538 0.02312346 -0.01689391
v -0.05208020 0.02414448 -0.01814718
v -0.05208163 0.02415058 -0.01816413
v -0.05208163 0.02415058 -0.01816413
v -0.05208311 0.02415691 -0.01818170
v -0.05208796 0.02416169 -0.01820119
v -0.05210137 0.02416568 -0.01823305
v -0.05211038 0.02416571 -0.01824816
v -0.05213810 0.02416064 -0.01828222
v -0.05214062 0.02415989 -0.01828461
v -0.05214062 0.02415989 -0.01828461
v -0.05214986 0.02415713 -0.01829343
v -0.05220556 0.02413485 -0.01833292
v -0.05222328 0.02412646 -0.01834233
v -0.05334680 0.02205795 -0.01447457
v -0.05299829 0.02205795 -0.01375032
v -0.05298288 0.02209381 -0.01383580
v -0.05314662 0.02254083 -0.01567692
v -0.05254049 0.02312368 -0.01628986
v -0.05230295 0.02364565 -0.01723841
v -0.07300097 0.01335796 -0.00351162
v -0.07300125 0.01341522 -0.00423245
v -0.07350201 0.01333349 -0.00404031
v -0.07300187 0.01354820 -0.00590682
v -0.07300194 0.01358902 -0.00624618
v -0.07350251 0.01353270 -0.00606895
v -0.07300215 0.01456209 -0.01227754
v -0.07324147 0.01440524 -0.01183390
v -0.07300220 0.01441849 -0.01149033
v -0.07300212 0.01469835 -0.01302455
v -0.07350283 0.01442168 -0.01192987
v -0.07350222 0.01494701 -0.01426428
v -0.07300122 0.01527471 -0.01536717
v -0.07350193 0.01520090 -0.01539251
v -0.07298134 0.01532175 -0.01552711
v -0.07345311 0.01535508 -0.01592968
v -0.07292480 0.01545560 -0.01598230
v -0.07342195 0.01539634 -0.01605895
v -0.07337458 0.01545903 -0.01625541
v -0.07292424 0.01545620 -0.01598413
v -0.07336274 0.01546873 -0.01628216
v -0.07285106 0.01553622 -0.01622469
v -0.07318425 0.01561501 -0.01668590
v -0.07273693 0.01562077 -0.01644917
v -0.07307466 0.01570483 -0.01693381
v -0.07256231 0.01575012 -0.01679266
v -0.07290954 0.01580637 -0.01718074
v -0.07248986 0.01579171 -0.01688990
v -0.07283705 0.01584222 -0.01725643
v -0.07242347 0.01582983 -0.01697903
v -0.07215657 0.01595522 -0.01723292
v -0.07238964 0.01606347 -0.01772354
v -0.07196102 0.01604710 -0.01741893
v -0.07177745 0.01611909 -0.01754010
v -0.07216949 0.01615442 -0.01788624
v -0.07173603 0.01613533 -0.01756744
v -0.07178733 0.01628836 -0.01807921
v -0.07134246 0.01626580 -0.01773815
v -0.07166981 0.01632954 -0.01813855
v -0.07350290 0.01435568 -0.01163660
v -0.07350315 0.01414908 -0.01071853
v -0.07300235 0.01392953 -0.00880980
v -0.07350318 0.01396006 -0.00962894
v -0.07350296 0.01382079 -0.00846880
v -0.07350270 0.01365634 -0.00709892
v -0.07300231 0.01379194 -0.00793321
v -0.07300238 0.01383514 -0.00829237
v -0.07350223 0.01335040 -0.00455044
v -0.07300045 0.01331787 -0.00247915
v -0.07350132 0.01327977 -0.00242065
v -0.07299977 0.01326472 -0.00111069
v -0.07350064 0.01322730 -0.00083883
v -0.07299964 0.01326259 -0.00085872
v -0.06754081 0.01461462 0.00060000
v -0.07096888 0.01361476 0.00009054
v -0.07350001 0.01317958 0.00060000
v -0.07299910 0.01325452 0.00009045
v -0.07299958 0.01326185 -0.00077244
v -0.06341825 0.01560738 0.00060000
v -0.06560046 0.01509908 0.00009063
v -0.06752005 0.01456833 0.00009060
v -0.05556794 0.01900811 0.00060000
v -0.05844919 0.01767278 0.00009058
v -0.06144037 0.01646419 0.00060000
v -0.06139140 0.01637067 0.00009067
v -0.06204071 0.01608331 0.00009069
v -0.05386467 0.01984973 -0.00330264
v -0.05431287 0.01960289 -0.00255352
v -0.05387164 0.01982772 -0.00258825
v -0.05434022 0.01952860 -0.00196697
v -0.05390277 0.01972945 0.00060000
v -0.05435227 0.01948593 0.00009045
v -0.05554085 0.01895991 0.00009049
v -0.05383194 0.01994229 -0.00432044
v -0.05382753 0.01995475 -0.00445742
v -0.05414788 0.02005109 -0.00609190
v -0.05365691 0.02041205 -0.00748100
v -0.05408696 0.02021657 -0.00739827
v -0.05402377 0.02038821 -0.00875340
v -0.05361832 0.02051547 -0.00816480
v -0.05352426 0.02075340 -0.00912634
v -0.05364825 0.02131442 -0.01192696
v -0.05326710 0.02140383 -0.01175502
v -0.05353427 0.02159556 -0.01289026
v -0.05309572 0.02182085 -0.01302709
v -0.07115986 0.01648705 -0.01831700
v -0.07120543 0.01647579 -0.01831151
v -0.07114811 0.01632909 -0.01781822
v -0.07116909 0.01632328 -0.01781335
v -0.07150647 0.01638680 -0.01822102
v -0.07090207 0.01639732 -0.01787532
v -0.07087240 0.01640555 -0.01788221
v -0.07048976 0.01665255 -0.01839776
v -0.07045147 0.01650541 -0.01791762
v -0.06786870 0.01740682 -0.01839776
v -0.06888591 0.01696302 -0.01791761
v -0.06824453 0.01715050 -0.01791760
v -0.06288259 0.01884166 -0.01839776
v -0.06291693 0.01870776 -0.01791757
v -0.06276777 0.01889272 -0.01839776
v -0.06263264 0.01888962 -0.01826939
v -0.06243347 0.01904137 -0.01839776
v -0.05795918 0.02073129 -0.01791764
v -0.06238587 0.01886299 -0.01791756
v -0.06232027 0.01889068 -0.01791756
v -0.06211660 0.01897664 -0.01791757
v -0.07335903 0.01193723 0.00060000
v -0.07332344 0.01192049 0.00060000
v -0.07350001 0.01317958 0.00060000
v -0.05727539 0.00397635 0.00060000
v -0.05724826 0.00417116 0.00060000
v -0.05837246 0.00282810 0.00060000
v -0.07350001 0.01219163 0.00060000
v -0.07349192 0.01212365 0.00060000
v -0.07343185 0.01200184 0.00060000
v -0.07329464 0.01190694 0.00060000
v -0.07325918 0.01189752 0.00060000
v -0.06754081 0.01461462 0.00060000
v -0.07119725 0.01140725 0.00060000
v -0.06913076 0.01058855 0.00060000
v -0.06341825 0.01560738 0.00060000
v -0.06649655 0.00954493 0.00060000
v -0.06144037 0.01646419 0.00060000
v -0.06517910 0.00861109 0.00060000
v -0.05556794 0.01900811 0.00060000
v -0.06335905 0.00732098 0.00060000
v -0.05390277 0.01972945 0.00060000
v -0.06306480 0.00711241 0.00060000
v -0.05611730 0.01206680 0.00060000
v -0.05622310 0.01132819 0.00060000
v -0.07338369 0.01195443 0.00060000
v -0.05822411 0.00287379 0.00060000
v -0.05802960 0.00297322 0.00060000
v -0.05732416 0.00380648 0.00060000
v -0.05731319 0.00383084 0.00060000
v -0.07349163 0.01212115 0.00060000
v -0.07348310 0.01209232 0.00060000
v -0.07343428 0.01200421 0.00060000
v -0.07345185 0.01202860 0.00060000
v -0.05911150 0.00283542 0.00060000
v -0.05887030 0.00278594 0.00060000
v -0.05871989 0.00278089 0.00060000
v -0.06186869 0.00568679 0.00060000
v -0.06000493 0.00346543 0.00060000
v -0.05977777 0.00319233 0.00060000
v -0.05976399 0.00318054 0.00060000
v -0.05966346 0.00309443 0.00060000
v -0.05945632 0.00297039 0.00060000
v -0.05935855 0.00291184 0.00060000
v -0.05921846 0.00285736 0.00060000
v -0.05836788 0.00282871 0.00060000
v -0.05772791 0.00318794 0.00060000
v -0.05778728 0.00312554 0.00060000
v -0.05790803 0.00303537 0.00060000
v -0.05754274 0.00338252 0.00060000
v -0.05745875 0.00350749 0.00060000
v -0.07350921 0.01432665 -0.01539758
v -0.07351204 0.01393320 -0.01427317
v -0.07350222 0.01494701 -0.01426428
v -0.07350193 0.01520090 -0.01539251
v -0.07350286 0.01508882 -0.01539316
v -0.07350605 0.01470774 -0.01539537
v -0.07350318 0.01396006 -0.00962894
v -0.07350315 0.01414908 -0.01071853
v -0.07350283 0.01442168 -0.01192987
v -0.07350290 0.01435568 -0.01163660
v -0.07350001 0.01317958 0.00060000
v -0.07350064 0.01322730 -0.00083883
v -0.07350132 0.01327977 -0.00242065
v -0.07350201 0.01333349 -0.00404031
v -0.07350223 0.01335040 -0.00455044
v -0.07350251 0.01353270 -0.00606895
v -0.07351480 0.01262199 -0.00710950
v -0.07350270 0.01365634 -0.00709892
v -0.07350296 0.01382079 -0.00846880
v -0.07285148 0.01458389 -0.01726625
v -0.07285241 0.01470230 -0.01726716
v -0.07344242 0.01432617 -0.01594786
v -0.07116829 0.01545050 -0.01832233
v -0.07150647 0.01638680 -0.01822102
v -0.07120543 0.01647579 -0.01831151
v -0.07115986 0.01648705 -0.01831700
v -0.07290954 0.01580637 -0.01718074
v -0.07283705 0.01584222 -0.01725643
v -0.07284764 0.01546448 -0.01726519
v -0.07238964 0.01606347 -0.01772354
v -0.07237249 0.01546053 -0.01774143
v -0.07216949 0.01615442 -0.01788624
v -0.07180315 0.01545579 -0.01809982
v -0.07178733 0.01628836 -0.01807921
v -0.07166981 0.01632954 -0.01813855
v -0.07337458 0.01545903 -0.01625541
v -0.07336274 0.01546873 -0.01628216
v -0.07320472 0.01546745 -0.01669503
v -0.07318425 0.01561501 -0.01668590
v -0.07307466 0.01570483 -0.01693381
v -0.07320720 0.01508636 -0.01669645
v -0.07342852 0.01508820 -0.01606148
v -0.07342195 0.01539634 -0.01605895
v -0.07345311 0.01535508 -0.01592968
v -0.07343129 0.01470712 -0.01606333
v -0.07320971 0.01470527 -0.01669787
v -0.07319294 0.01448049 -0.01668972
v -0.07237735 0.01469834 -0.01774261
v -0.07180836 0.01469360 -0.01810037
v -0.07180143 0.01463631 -0.01808474
v -0.07117401 0.01468832 -0.01832246
v -0.07117115 0.01506941 -0.01832239
v -0.07180577 0.01507469 -0.01810009
v -0.07237491 0.01507943 -0.01774202
v -0.07237735 0.01469834 -0.01774261
v -0.07285002 0.01508339 -0.01726617
v -0.06920775 0.01090858 -0.00422090
v -0.06930716 0.01149182 -0.00899679
v -0.06550792 0.00960926 -0.00901988
v -0.06008123 0.00438187 -0.00905414
v -0.06221012 0.00692313 -0.00904296
v -0.06011215 0.00371540 -0.00425999
v -0.06201953 0.00613473 -0.00425082
v -0.06186869 0.00568679 0.00060000
v -0.06937146 0.01247067 -0.01370769
v -0.07326831 0.01260474 -0.00896810
v -0.07326001 0.01348418 -0.01367833
v -0.07326728 0.01209192 -0.00420320
v -0.06913076 0.01058855 0.00060000
v -0.07119725 0.01140725 0.00060000
v -0.05990432 0.00544850 -0.01377387
v -0.06087734 0.00663708 -0.01377181
v -0.06084726 0.00837886 -0.01819917
v -0.06390013 0.00950756 -0.01374617
v -0.06232192 0.00978899 -0.01819848
v -0.06231448 0.00815213 -0.01375899
v -0.06562014 0.01068570 -0.01373334
v -0.06392398 0.01106422 -0.01819740
v -0.06940692 0.01376116 -0.01819362
v -0.06567943 0.01210789 -0.01819634
v -0.06378187 0.00836158 -0.00903142
v -0.06201953 0.00613473 -0.00425082
v -0.06359017 0.00764495 -0.00424334
v -0.06306480 0.00711241 0.00060000
v -0.06335905 0.00732098 0.00060000
v -0.06533502 0.00895091 -0.00423586
v -0.06517910 0.00861109 0.00060000
v -0.06649655 0.00954493 0.00060000
v -0.05628408 0.01173421 -0.00429056
v -0.05386467 0.01984973 -0.00330264
v -0.05387164 0.01982772 -0.00258825
v -0.05326710 0.02140383 -0.01175502
v -0.05352426 0.02075340 -0.00912634
v -0.05611759 0.01266212 -0.00908947
v -0.05361832 0.02051547 -0.00816480
v -0.05365691 0.02041205 -0.00748100
v -0.05382753 0.01995475 -0.00445742
v -0.05383194 0.01994229 -0.00432044
v -0.05254049 0.02312368 -0.01628986
v -0.05298288 0.02209381 -0.01383580
v -0.05448283 0.01825099 -0.01381278
v -0.05299829 0.02205795 -0.01375032
v -0.05230295 0.02364565 -0.01723841
v -0.05573989 0.01413531 -0.01378642
v -0.05667655 0.00993244 -0.01376007
v -0.05612910 0.01200587 -0.01808420
v -0.05722064 0.00623194 -0.01373076
v -0.05737239 0.00442951 -0.00426301
v -0.05695249 0.00842875 -0.00906588
v -0.05736408 0.00512269 -0.00903985
v -0.05622310 0.01132819 0.00060000
v -0.05611730 0.01206680 0.00060000
v -0.05390277 0.01972945 0.00060000
v -0.05309572 0.02182085 -0.01302709
v -0.05272284 0.02360860 -0.01790724
v -0.05282759 0.02376691 -0.01784425
v -0.05291538 0.02312346 -0.01689391
v -0.05305207 0.02319014 -0.01669904
v -0.05314662 0.02254083 -0.01567692
v -0.05344365 0.02222619 -0.01442648
v -0.05334680 0.02205795 -0.01447457
v -0.05282759 0.02376691 -0.01784425
v -0.05272284 0.02360860 -0.01790724
v -0.05330228 0.02347575 -0.01784740
v -0.05349462 0.02311559 -0.01791269
v -0.05462352 0.02266535 -0.01785617
v -0.05532689 0.02205795 -0.01791771
v -0.05541716 0.02222619 -0.01785818
v -0.07045147 0.01650541 -0.01791762
v -0.07049150 0.01669210 -0.01785809
v -0.07042728 0.01670743 -0.01785809
v -0.06526139 0.01813246 -0.01785804
v -0.06291693 0.01870776 -0.01791757
v -0.06824453 0.01715050 -0.01791760
v -0.06888591 0.01696302 -0.01791761
v -0.06890760 0.01707024 -0.01785807
v -0.06791268 0.01730776 -0.01785806
v -0.06309310 0.01880692 -0.01785803
v -0.06297257 0.01886062 -0.01785803
v -0.06238587 0.01886299 -0.01791756
v -0.06220557 0.01920228 -0.01785805
v -0.06232027 0.01889068 -0.01791756
v -0.05803916 0.02105822 -0.01785813
v -0.05795918 0.02073129 -0.01791764
v -0.06211660 0.01897664 -0.01791757
v -0.07303276 0.01546550 -0.01531611
v -0.07301667 0.01551181 -0.01547641
v -0.07300122 0.01527471 -0.01536717
v -0.07298134 0.01532175 -0.01552711
v -0.07292480 0.01545560 -0.01598230
v -0.07298294 0.01560897 -0.01581264
v -0.07292424 0.01545620 -0.01598413
v -0.07295244 0.01564687 -0.01592994
v -0.07285106 0.01553622 -0.01622469
v -0.07291166 0.01569759 -0.01608689
v -0.07273693 0.01562077 -0.01644917
v -0.07276868 0.01581062 -0.01639486
v -0.07256231 0.01575012 -0.01679266
v -0.07264637 0.01590734 -0.01665833
v -0.07248986 0.01579171 -0.01688990
v -0.07252412 0.01598077 -0.01683459
v -0.07250602 0.01599165 -0.01686071
v -0.07242347 0.01582983 -0.01697903
v -0.07219239 0.01614401 -0.01717782
v -0.07215657 0.01595522 -0.01723292
v -0.07209745 0.01619013 -0.01727379
v -0.07196102 0.01604710 -0.01741893
v -0.07205748 0.01620954 -0.01731422
v -0.07177745 0.01611909 -0.01754010
v -0.07188372 0.01628049 -0.01743943
v -0.07181006 0.01630611 -0.01747583
v -0.07173603 0.01613533 -0.01756744
v -0.07138292 0.01645464 -0.01768697
v -0.07134246 0.01626580 -0.01773815
v -0.07132238 0.01647569 -0.01771690
v -0.07116909 0.01632328 -0.01781335
v -0.07108973 0.01654424 -0.01778582
v -0.07114811 0.01632909 -0.01781822
v -0.07090207 0.01639732 -0.01787532
v -0.07093866 0.01658157 -0.01780407
v -0.07087240 0.01640555 -0.01788221
v -0.07299910 0.01325452 0.00009045
v -0.07303067 0.01345202 0.00009015
v -0.07303113 0.01346796 -0.00076969
v -0.07303138 0.01347633 -0.00122195
v -0.07299964 0.01326259 -0.00085872
v -0.07299958 0.01326185 -0.00077244
v -0.07300194 0.01358902 -0.00624618
v -0.07300187 0.01354820 -0.00590682
v -0.07303293 0.01370389 -0.00491593
v -0.07300125 0.01341522 -0.00423245
v -0.07303221 0.01354745 -0.00294207
v -0.07300097 0.01335796 -0.00351162
v -0.07303195 0.01349624 -0.00229589
v -0.07300045 0.01331787 -0.00247915
v -0.07299977 0.01326472 -0.00111069
v -0.07303371 0.01386990 -0.00701066
v -0.07303373 0.01387423 -0.00706529
v -0.07300231 0.01379194 -0.00793321
v -0.07303367 0.01402634 -0.00789941
v -0.07300238 0.01383514 -0.00829237
v -0.07300235 0.01392953 -0.00880980
v -0.07303360 0.01428577 -0.00932204
v -0.07303353 0.01447584 -0.01036434
v -0.07303328 0.01516668 -0.01415269
v -0.07300212 0.01469835 -0.01302455
v -0.07303329 0.01514727 -0.01404624
v -0.07300215 0.01456209 -0.01227754
v -0.07300220 0.01441849 -0.01149033
v -0.05554085 0.01895991 0.00009049
v -0.05435227 0.01948593 0.00009045
v -0.05444578 0.01966273 0.00009015
v -0.05603978 0.01888734 0.00009022
v -0.05809246 0.01788884 0.00009031
v -0.05844919 0.01767278 0.00009058
v -0.05847274 0.01772855 0.00009032
v -0.06030778 0.01695507 0.00009037
v -0.06139140 0.01637067 0.00009067
v -0.06236434 0.01627637 0.00009036
v -0.06204071 0.01608331 0.00009069
v -0.06560046 0.01509908 0.00009063
v -0.06563460 0.01519712 0.00009035
v -0.06715303 0.01469601 0.00009034
v -0.06752005 0.01456833 0.00009060
v -0.06892264 0.01432148 0.00009028
v -0.07096888 0.01361476 0.00009054
v -0.07303067 0.01345202 0.00009015
v -0.07299910 0.01325452 0.00009045
v -0.05353427 0.02159556 -0.01289026
v -0.05371822 0.02156501 -0.01252283
v -0.05364825 0.02131442 -0.01192696
v -0.05377243 0.02142674 -0.01191145
v -0.05404905 0.02072118 -0.00879165
v -0.05402377 0.02038821 -0.00875340
v -0.05435227 0.01948593 0.00009045
v -0.05434022 0.01952860 -0.00196697
v -0.05431287 0.01960289 -0.00255352
v -0.05408696 0.02021657 -0.00739827
v -0.05428888 0.02010944 -0.00608677
v -0.05414788 0.02005109 -0.00609190
v -0.05430603 0.02006571 -0.00589335
v -0.05435898 0.01991303 -0.00362635
v -0.05444578 0.01966273 0.00009015
v -0.06495784 0.00869358 0.00372863
v -0.06324637 0.00730365 0.00245018
v -0.06294372 0.00776316 0.01039620
v -0.05723196 -0.00214004 0.00448795
v -0.05611463 -0.00530325 0.00271655
v -0.05646589 -0.00482111 0.01178466
v -0.06522303 0.01263335 0.02707645
v -0.06409069 0.01130670 0.02652108
v -0.06358347 0.01109390 0.02992674
v -0.05297039 -0.01607158 0.02462176
v -0.05036551 -0.02155209 0.02260350
v -0.05004813 -0.02146459 0.03048333
v -0.07101381 0.03999532 0.04629249
v -0.06685505 0.04073858 0.04714293
v -0.06654205 0.04349489 0.04746240
v -0.06996130 0.03302750 0.04499561
v -0.06964253 0.03153241 0.04474838
v -0.06686705 0.03168018 0.04632942
v -0.06672014 0.03004547 0.04625977
v -0.06772867 0.01505276 0.02824020
v -0.06644058 0.01387810 0.02764613
v -0.06556462 0.01367817 0.03080659
v -0.06961332 0.01931397 0.03578425
v -0.06857341 0.01810375 0.03537190
v -0.06712984 0.01765183 0.03804268
v -0.05403608 0.04546236 0.04976579
v -0.05798200 0.04492592 0.04902115
v -0.05925097 0.04191686 0.04906424
v -0.05848661 0.03565994 0.05101296
v -0.05589984 0.03589740 0.05260803
v -0.05426653 0.03936343 0.05177876
v -0.06428007 0.03181254 0.04803756
v -0.06435179 0.02837625 0.04823956
v -0.06230551 0.02844347 0.05032792
v -0.04520870 -0.02220242 0.06257564
v -0.04534357 -0.02201120 0.06257118
v -0.04632597 -0.02179775 0.05837811
v -0.04540361 -0.02192609 0.06256922
v -0.04911283 -0.01635857 0.06200366
v -0.04929901 -0.01632492 0.06119307
v -0.05411909 -0.00792444 0.06022867
v -0.05549744 -0.00519882 0.05948243
v -0.05572967 -0.00515977 0.05844201
v -0.05705239 -0.00156391 0.05839232
v -0.05779163 0.00030186 0.05781302
v -0.05850640 0.00059001 0.05276410
v -0.05927786 0.00503033 0.05633228
v -0.05943552 0.00556770 0.05616364
v -0.05995148 0.00580138 0.05326452
v -0.03238908 0.04806831 0.05293631
v -0.03045934 0.04840442 0.05295858
v -0.02961158 0.04896395 0.05250163
v -0.02801041 0.04883096 0.05298685
v -0.01304451 0.04996030 0.05537372
v -0.01333808 0.05000862 0.05493950
v -0.01356859 0.04993515 0.05520650
v -0.00196244 0.05074364 0.05647731
v -0.00089273 0.05114441 0.05402125
v -0.00089298 0.05115861 0.05392293
v -0.03548864 0.05248767 0.04906231
v -0.03558060 0.05248953 0.04906104
v -0.03656726 0.05187769 0.04941603
v -0.03745392 0.05252724 0.04903506
v -0.03935169 0.05256545 0.04900876
v -0.04078035 0.05171964 0.04938800
v -0.04030102 0.05258456 0.04899561
v -0.04347274 0.05264842 0.04895165
v -0.04520838 0.05138800 0.04936326
v -0.04988847 0.05277749 0.04886271
v -0.05001097 0.05277305 0.04886089
v -0.04923314 0.05276431 0.04887180
v -0.06492650 0.05308001 0.04865431
v -0.06703285 0.05312238 0.04862515
v -0.06716859 0.05262132 0.04859553
v -0.08250019 0.02929270 0.04012467
v -0.08043033 0.02745907 0.03871687
v -0.07724250 0.02805311 0.03979093
v -0.07202774 0.01158099 0.00065000
v -0.07214846 0.01161336 0.00071689
v -0.07215639 0.01161681 0.00065000
v -0.05476171 -0.00965440 0.00065000
v -0.05430397 -0.01111865 0.00065000
v -0.05450600 -0.01079140 0.00909632
v -0.04807192 -0.02666373 0.00501191
v -0.04813022 -0.02655212 0.00066353
v -0.04610474 -0.02998918 0.00072473
v -0.04940222 -0.02410181 0.00528944
v -0.04942996 -0.02401096 0.00065000
v -0.04857798 -0.02579233 0.00065000
v -0.05058109 -0.02154604 0.00570096
v -0.05061657 -0.02151340 0.00065000
v -0.05056448 -0.02163887 0.00065000
v -0.05396550 -0.01220137 0.00065000
v -0.05342260 -0.01379883 0.00065000
v -0.05357994 -0.01359999 0.00797991
v -0.05253435 -0.01641246 0.00065000
v -0.05263861 -0.01631682 0.00703785
v -0.05182028 -0.01851360 0.00065000
v -0.05102539 -0.02052818 0.00065000
v -0.05625135 -0.00488926 0.00065000
v -0.05687140 -0.00311239 0.00065000
v -0.05719673 -0.00232766 0.00065000
v -0.05839704 0.00056768 0.00065000
v -0.05858097 0.00090267 0.00065000
v -0.05863646 0.00116845 0.00639290
v -0.05989028 0.00328733 0.00065000
v -0.06048157 0.00453213 0.00837623
v -0.06178749 0.00577445 0.00065000
v -0.06119233 0.00503869 0.00065000
v -0.06176371 0.00579404 0.00119831
v -0.06050759 0.00419218 0.00065000
v -0.06042420 0.00408908 0.00065000
v -0.06210676 0.00616915 0.00065000
v -0.06505815 0.00865630 0.00065000
v -0.06484043 0.00852768 0.00065000
v -0.06403797 0.00793639 0.00065000
v -0.06330293 0.00726375 0.00065000
v -0.06953527 0.01088689 0.00065000
v -0.06711804 0.00986655 0.00065000
v -0.06709652 0.00986030 0.00121031
v -0.06707831 0.00984978 0.00065000
v -0.06689173 0.00993461 0.00504576
v -0.07180113 0.01168752 0.00430812
v -0.07289744 0.01182318 0.00065000
v -0.07780524 0.01266689 0.00447867
v -0.07615097 0.01235683 0.00065000
v -0.07838269 0.01256948 0.00115222
v -0.07846946 0.01254750 0.00065000
v -0.07960264 0.01264069 0.00065000
v -0.08250075 0.01271807 0.00149999
v -0.08250016 0.01271159 0.00117908
v -0.08250001 0.01271159 0.00117911
v -0.08248252 0.01271166 0.00118304
v -0.08244329 0.01271173 0.00118488
v -0.08250058 0.01284111 0.00402857
v -0.08242627 0.01271170 0.00118274
v -0.08238330 0.01271151 0.00116976
v -0.08231885 0.01271094 0.00113161
v -0.08230833 0.01271080 0.00112134
v -0.08220510 0.01270940 0.00102056
v -0.08216729 0.01270892 0.00096655
v -0.08194572 0.01270608 0.00065000
v -0.08196048 0.01270627 0.00067109
v -0.08206005 0.01270754 0.00081333
v -0.08250056 0.01285307 0.00427449
v -0.08250032 0.01314356 0.00683405
v -0.08250024 0.01324873 0.00776071
v -0.08250010 0.01341886 0.00925984
v -0.07631135 0.01337396 0.01097102
v -0.08249984 0.01397757 0.01205813
v -0.08249971 0.01470548 0.01524182
v -0.08249964 0.01440804 0.01421418
v -0.08150334 0.01447077 0.01449938
v -0.08249971 0.01428265 0.01358619
v -0.08249990 0.01622518 0.02015081
v -0.08249990 0.01582803 0.01912014
v -0.07868106 0.01600156 0.02001088
v -0.07708323 0.01680238 0.02264781
v -0.08249995 0.01768346 0.02393523
v -0.08249993 0.01722337 0.02274122
v -0.08249995 0.01770337 0.02398687
v -0.07909879 0.01924234 0.02760459
v -0.08249996 0.01890863 0.02644986
v -0.08249998 0.02001358 0.02870788
v -0.07696506 0.01998003 0.02973361
v -0.08035390 0.02184383 0.03198812
v -0.08250002 0.02080719 0.03004690
v -0.08250007 0.02302076 0.03355037
v -0.08250009 0.02222591 0.03244066
v -0.08250003 0.02105294 0.03046156
v -0.08250004 0.02403973 0.03497294
v -0.07931425 0.02357823 0.03468355
v -0.08250004 0.02405287 0.03498768
v -0.07917401 0.02637119 0.03786503
v -0.08249977 0.02633359 0.03754942
v -0.08249984 0.02578018 0.03692782
v -0.08250012 0.02876660 0.03974780
v -0.08250009 0.02861353 0.03960948
v -0.08249986 0.02693334 0.03809134
v -0.08249932 0.03414681 0.04320971
v -0.08250016 0.03257083 0.04234446
v -0.08125337 0.03263629 0.04244621
v -0.08250027 0.03235307 0.04222490
v -0.07927956 0.03039706 0.04115386
v -0.08250056 0.03180274 0.04192275
v -0.08250025 0.02968627 0.04040660
v -0.08249887 0.03501988 0.04368904
v -0.07735214 0.03342582 0.04318422
v -0.08249946 0.03689734 0.04444673
v -0.08015493 0.03816741 0.04500567
v -0.08250048 0.04147727 0.04591823
v -0.08249994 0.03842597 0.04506365
v -0.08249971 0.03766203 0.04475533
v -0.07544352 0.03914089 0.04557131
v -0.07620884 0.04163635 0.04612924
v -0.08250087 0.04256540 0.04615243
v -0.08250105 0.04303971 0.04625453
v -0.07691761 0.04411205 0.04661371
v -0.07756085 0.04657361 0.04710727
v -0.08250305 0.04848503 0.04742658
v -0.07813419 0.04904545 0.04760060
v -0.08250314 0.04873068 0.04747946
v -0.07896646 0.05335732 0.04846078
v -0.07885688 0.05279611 0.04834432
v -0.07523981 0.05328753 0.04851146
v -0.07469268 0.05304923 0.04848717
v -0.07284906 0.05323943 0.04854458
v -0.07422432 0.05326711 0.04852553
v -0.07470147 0.05327670 0.04851892
v -0.07085578 0.05225387 0.04845625
v -0.07072307 0.05319665 0.04857403
v -0.07269700 0.05323638 0.04854669
v -0.07863977 0.05154461 0.04808893
v -0.06062751 0.05299349 0.04871388
v -0.06361668 0.05305364 0.04867246
v -0.06461000 0.05087763 0.04852361
v -0.06371762 0.05305568 0.04867108
v -0.08249791 0.05342346 0.04841276
v -0.05753177 0.05293120 0.04875675
v -0.05769062 0.05273459 0.04877593
v -0.05676233 0.05291572 0.04876742
v -0.05613159 0.05290304 0.04877617
v -0.06045488 0.05299001 0.04871626
v -0.05849274 0.05171404 0.04881902
v -0.05557764 0.05209509 0.04888418
v -0.05522751 0.05288485 0.04878869
v -0.05480101 0.05287628 0.04879461
v -0.05275244 0.05244896 0.04889583
v -0.05225496 0.05282507 0.04882990
v -0.04875925 0.05275477 0.04887837
v -0.04985789 0.05089233 0.04927443
v -0.05475613 0.05024765 0.04906476
v -0.04521140 0.05268342 0.04892756
v -0.04532303 0.05268567 0.04892601
v -0.04768267 0.05273312 0.04889330
v -0.02636884 0.05230424 0.04918859
v -0.02748936 0.05232678 0.04917307
v -0.02878632 0.05169720 0.04974425
v -0.03087974 0.05239497 0.04912613
v -0.03256582 0.05186530 0.04951191
v -0.03145649 0.05240657 0.04911814
v -0.03528630 0.05248360 0.04906511
v -0.02201356 0.05221668 0.04924894
v -0.02324471 0.05224144 0.04923188
v -0.02523421 0.05140614 0.05017474
v -0.02608357 0.05229852 0.04919254
v -0.02620748 0.05230101 0.04919082
v -0.02191369 0.05103609 0.05086377
v -0.01886554 0.05215340 0.04929255
v -0.01774402 0.05213084 0.04930809
v -0.01882574 0.05064096 0.05186383
v -0.01479027 0.05207146 0.04934902
v -0.01175761 0.05201047 0.04939096
v -0.01289044 0.05203326 0.04937535
v -0.01596826 0.05028364 0.05321649
v -0.01356656 0.05204686 0.04936598
v -0.01464627 0.05206856 0.04935102
v -0.00516574 0.05187786 0.04948178
v -0.00555696 0.05188573 0.04947639
v -0.00799829 0.05141636 0.05125682
v -0.00951313 0.05196532 0.04942188
v -0.01074901 0.05186315 0.04974049
v -0.01004847 0.05197609 0.04941451
v -0.00347279 0.05184380 0.04950511
v -0.00549839 0.05109292 0.05323973
v -0.00169559 0.05180804 0.04952960
v -0.00041957 0.05178238 0.04954718
v -0.00089455 0.05124841 0.05330125
v -0.00000327 0.05177400 0.04955292
v -0.00216906 0.05066623 0.05695172
v -0.00325446 0.05082658 0.05560191
v -0.00089409 0.05122236 0.05348205
v -0.00305927 0.05035354 0.05867010
v -0.00224539 0.05063764 0.05712695
v -0.00320895 0.05035258 0.05861814
v -0.00611522 0.05028548 0.05759449
v -0.00621375 0.05028320 0.05755978
v -0.00640861 0.05027870 0.05749114
v -0.00929292 0.05014030 0.05657080
v -0.01552536 0.04984125 0.05458212
v -0.01739771 0.04975712 0.05417453
v -0.01898668 0.04968571 0.05382863
v -0.01932469 0.04967052 0.05375505
v -0.02574195 0.04913492 0.05308316
v -0.02533044 0.04918017 0.05310824
v -0.02314701 0.04942027 0.05324133
v -0.02140296 0.04953445 0.05347573
v -0.02716114 0.04897887 0.05299665
v -0.03313961 0.04790818 0.05293575
v -0.03290216 0.04915849 0.05171925
v -0.03318585 0.04789788 0.05293571
v -0.03388858 0.04774120 0.05293533
v -0.03295211 0.04794884 0.05293588
v -0.03276453 0.04798909 0.05293601
v -0.03257684 0.04802890 0.05293615
v -0.03901061 0.04633957 0.05293474
v -0.03833387 0.04657361 0.05293494
v -0.03638004 0.04926785 0.05113007
v -0.03538084 0.04738508 0.05293493
v -0.03534418 0.04739383 0.05293494
v -0.04320592 0.04630621 0.05190003
v -0.04216273 0.04524937 0.05293385
v -0.03988773 0.04635429 0.05270652
v -0.04039673 0.04586016 0.05293435
v -0.04038623 0.04586379 0.05293435
v -0.04670511 0.04308604 0.05292635
v -0.04628097 0.04334444 0.05292772
v -0.04666566 0.04615014 0.05117291
v -0.04585265 0.04357153 0.05292872
v -0.04560643 0.04368349 0.05292905
v -0.04558967 0.04369111 0.05292909
v -0.04917553 0.04295696 0.05209523
v -0.05102211 0.04018082 0.05290991
v -0.05025966 0.04079194 0.05291372
v -0.04982495 0.04114037 0.05291589
v -0.04933074 0.04148641 0.05291797
v -0.05579246 0.03554021 0.05288305
v -0.05546372 0.03593631 0.05288503
v -0.05535002 0.03607331 0.05288572
v -0.05431240 0.03716251 0.05289190
v -0.05300243 0.03853758 0.05289969
v -0.05252012 0.03898013 0.05290241
v -0.05181024 0.03954911 0.05290595
v -0.05808926 0.03227531 0.05287101
v -0.05775911 0.03280869 0.05287238
v -0.05762856 0.03299001 0.05287309
v -0.05633720 0.03478362 0.05288009
v -0.05996255 0.02862644 0.05287023
v -0.05969259 0.02924136 0.05286915
v -0.05952800 0.03214356 0.05167481
v -0.05813759 0.03219724 0.05287082
v -0.06004482 0.02841012 0.05287105
v -0.05998929 0.02856552 0.05287034
v -0.06034596 0.02858926 0.05244729
v -0.06256396 0.02494640 0.05092735
v -0.06110674 0.02543794 0.05288473
v -0.06121091 0.02505727 0.05288780
v -0.06208873 0.02025605 0.05296597
v -0.06190769 0.02166924 0.05293237
v -0.06262808 0.02160442 0.05157139
v -0.06180865 0.02244235 0.05291398
v -0.06168663 0.02308981 0.05290622
v -0.06160565 0.02347689 0.05290233
v -0.06155107 0.02372390 0.05289974
v -0.06149423 0.02397040 0.05289728
v -0.06143515 0.02421637 0.05289490
v -0.06137387 0.02446180 0.05289264
v -0.06199705 0.01609949 0.05333708
v -0.06214476 0.01808331 0.05309966
v -0.06249674 0.01853885 0.05216710
v -0.06213222 0.01856991 0.05306972
v -0.06211432 0.01926384 0.05302702
v -0.06182531 0.01488150 0.05354505
v -0.06195088 0.01577200 0.05339300
v -0.06217647 0.01576527 0.05263672
v -0.06088515 0.01050851 0.05461303
v -0.06092755 0.01068091 0.05456479
v -0.06118042 0.01074000 0.05319854
v -0.06111589 0.01144668 0.05435047
v -0.06119046 0.01176095 0.05426637
v -0.05817281 0.00126392 0.05751431
v -0.05602754 -0.00415059 0.05919544
v -0.05648370 -0.00299925 0.05883798
v -0.05669122 -0.00487685 0.05165949
v -0.05056697 -0.01409538 0.06163788
v -0.05255574 -0.01076804 0.06092579
v -0.05337804 -0.01063113 0.05686714
v -0.05337011 -0.00940553 0.06063418
v -0.05061403 -0.01610796 0.05467492
v -0.05000565 -0.01496922 0.06177949
v -0.04912344 -0.01634264 0.06200203
v -0.04996183 -0.01503746 0.06179054
v -0.04334010 -0.02485173 0.06263722
v -0.03956960 -0.03019600 0.06276109
v -0.03958427 -0.03017677 0.06276103
v -0.03996674 -0.03073906 0.05875942
v -0.04179587 -0.02767661 0.06099075
v -0.04016990 -0.03101686 0.05671238
v -0.04321290 -0.02730905 0.05495366
v -0.04091475 -0.03148448 0.05065038
v -0.04448228 -0.02699822 0.04863788
v -0.04133269 -0.03156462 0.04762526
v -0.04162617 -0.03162090 0.04550101
v -0.04191667 -0.03167659 0.04339825
v -0.04556490 -0.02678139 0.04204824
v -0.04254468 -0.03159902 0.03899693
v -0.04314953 -0.03152431 0.03475787
v -0.04643196 -0.02668254 0.03518830
v -0.04344979 -0.03141312 0.03248106
v -0.04351148 -0.03139027 0.03201321
v -0.04706924 -0.02670409 0.02806845
v -0.04431703 -0.03109195 0.02590488
v -0.04533032 -0.03054063 0.01634586
v -0.04503796 -0.03070610 0.01917201
v -0.04750678 -0.02678500 0.02068259
v -0.04502959 -0.03071083 0.01925291
v -0.04443026 -0.03105002 0.02504622
v -0.04600915 -0.03006778 0.00476141
v -0.04594024 -0.03012442 0.00767097
v -0.04544933 -0.03047328 0.01519553
v -0.00980778 0.05011560 0.05640652
v -0.06301014 0.01583983 0.04968807
v -0.06171788 0.01095963 0.05004574
v -0.06304856 0.01366476 0.04680739
v -0.06223460 0.01130358 0.04683915
v -0.06184617 0.03196254 0.04983056
v -0.05239276 0.04270419 0.05107116
v -0.04003891 0.04925819 0.05067914
v -0.06401860 0.03514256 0.04795859
v -0.06118251 0.03541010 0.04945722
v -0.05722485 0.03907806 0.05047601
v -0.05649311 0.04772208 0.04904979
v -0.05208363 0.04833310 0.04953890
v -0.04788442 0.04879701 0.04994367
v -0.05993640 0.04947035 0.04869969
v -0.06150163 0.05130689 0.04869801
v -0.06543875 0.04857993 0.04818918
v -0.06607632 0.04611453 0.04781138
v -0.06114487 0.04697701 0.04846459
v -0.06213918 0.04426742 0.04824310
v -0.06294408 0.04137755 0.04808082
v -0.06658801 0.01572411 0.03463775
v -0.06400872 0.01282561 0.03715989
v -0.06551266 0.01523513 0.03759105
v -0.06335145 0.01228539 0.04037307
v -0.06457329 0.01466994 0.04061089
v -0.06304856 0.01366476 0.04680739
v -0.06385950 0.01609819 0.04669722
v -0.06355269 0.01854766 0.04936585
v -0.06424124 0.02492037 0.04856138
v -0.06396852 0.02159025 0.04896354
v -0.06464373 0.01875176 0.04653338
v -0.06479212 0.01653635 0.04372294
v -0.07068302 0.02054543 0.03623534
v -0.06885294 0.02018571 0.03857816
v -0.06723932 0.01967695 0.04107853
v -0.06587017 0.01709042 0.04082629
v -0.06584841 0.01915416 0.04374412
v -0.07268930 0.02065604 0.03401169
v -0.07141696 0.01950036 0.03337602
v -0.07017332 0.01835137 0.03278824
v -0.06778491 0.01605608 0.03173789
v -0.06907254 0.01617528 0.02886798
v -0.07480776 0.02046661 0.03185867
v -0.07333195 0.01940433 0.03102892
v -0.07188124 0.01833774 0.03025635
v -0.06885285 0.01500522 0.02521423
v -0.07041070 0.01605843 0.02600162
v -0.07175559 0.01571716 0.02311330
v -0.07363900 0.01804936 0.02774242
v -0.07538956 0.01751526 0.02521615
v -0.06692483 0.02207962 0.04382578
v -0.06867896 0.02249532 0.04144497
v -0.06795294 0.02105834 0.04124392
v -0.07067105 0.02286709 0.03925903
v -0.06975350 0.02151007 0.03889805
v -0.07289152 0.02305982 0.03726579
v -0.07177897 0.02179599 0.03672875
v -0.07529513 0.02297179 0.03542838
v -0.07398540 0.02181505 0.03469623
v -0.07781039 0.02255755 0.03369005
v -0.07630358 0.02151982 0.03274643
v -0.07024083 0.03448380 0.04525665
v -0.06696937 0.03328017 0.04642650
v -0.07660386 0.02412093 0.03620548
v -0.07400597 0.02432861 0.03784588
v -0.07159115 0.02424596 0.03966097
v -0.06940388 0.02397338 0.04168197
v -0.06745394 0.02363933 0.04390487
v -0.06796217 0.02523274 0.04401281
v -0.07079630 0.02697087 0.04225863
v -0.07011341 0.02547217 0.04195365
v -0.07338239 0.02700673 0.04057570
v -0.07249874 0.02563135 0.04010124
v -0.07618814 0.02683582 0.03911717
v -0.07510803 0.02559133 0.03846541
v -0.07789879 0.02525642 0.03702163
v -0.08080420 0.02458253 0.03571240
v -0.08249991 0.02517271 0.03624550
v -0.07423576 0.02835844 0.04107844
v -0.06602120 0.02502416 0.04623623
v -0.06629479 0.02670352 0.04621324
v -0.06844023 0.02683623 0.04415159
v -0.06888165 0.02842980 0.04432176
v -0.07144544 0.02845184 0.04259438
v -0.07205761 0.02990239 0.04295638
v -0.07505703 0.02967770 0.04160127
v -0.07584783 0.03096056 0.04213376
v -0.07134134 0.01193527 0.00784679
v -0.07074517 0.01235080 0.01130886
v -0.07306172 0.01519740 0.02018003
v -0.07428174 0.01457407 0.01718367
v -0.04387324 0.04910529 0.05030470
v -0.05027138 0.04587088 0.05047519
v -0.05574358 0.04235859 0.05006419
v -0.06031653 0.03873652 0.04920566
v -0.06357101 0.03833308 0.04798168
v -0.06701981 0.03785737 0.04683169
v -0.06702796 0.03484274 0.04654633
v -0.07069153 0.03729294 0.04579014
v -0.06652886 0.02838274 0.04622069
v -0.06928282 0.02999840 0.04452191
v -0.07263264 0.03131546 0.04333790
v -0.07367918 0.03402694 0.04412605
v -0.06537656 0.02175144 0.04635763
v -0.07367918 0.03402694 0.04412605
v -0.06065804 0.00640583 0.04658545
v -0.06222311 0.00981942 0.04007163
v -0.06120044 0.00720508 0.03967442
v -0.06309916 0.01074712 0.03331575
v -0.06461079 0.01136008 0.02308589
v -0.06340670 0.00994176 0.02241793
v -0.06211944 0.00840300 0.02541441
v -0.06593177 0.01267332 0.02376683
v -0.06735289 0.01388383 0.02447254
v -0.06827497 0.01369296 0.02126639
v -0.06998672 0.01474672 0.02216111
v -0.06474837 0.01331112 0.03397297
v -0.05889897 0.00168109 0.01487779
v -0.05759161 -0.00163173 0.01330132
v -0.05703206 -0.00445268 0.02053251
v -0.05609210 -0.00539866 0.00065000
v -0.05496583 -0.01049924 0.01812094
v -0.06513451 0.01124571 0.01960699
v -0.06664791 0.01253118 0.02041913
v -0.06735074 0.01222374 0.01701906
v -0.06917565 0.01333002 0.01801107
v -0.07001422 0.01285130 0.01469480
v -0.06047618 0.00481053 0.01245930
v -0.06273619 0.00807614 0.01425172
v -0.06445004 0.00924635 0.01142239
v -0.06656948 0.01021162 0.00879805
v -0.06190288 0.00824304 0.02903130
v -0.06167729 0.00796844 0.03261115
v -0.04761415 -0.02155374 0.05191760
v -0.04868093 -0.02141699 0.04512190
v -0.05166631 -0.01597966 0.04778026
v -0.04949564 -0.02139586 0.03798182
v -0.05242019 -0.01594336 0.04048803
v -0.05285303 -0.01598407 0.03277518
v -0.05538557 -0.01027437 0.03493510
v -0.05533098 -0.01032874 0.02674843
v -0.05744701 -0.00431186 0.02891014
v -0.05922894 0.00197423 0.02305363
v -0.06049436 0.00504911 0.01646570
v -0.06253004 0.00831407 0.01803479
v -0.06410950 0.00958767 0.01515390
v -0.06614398 0.01059845 0.01247115
v -0.04127321 -0.02778220 0.06270535
v -0.05439326 -0.01044411 0.04997830
v -0.05507115 -0.01031940 0.04267428
v -0.05729950 -0.00460022 0.04447833
v -0.05754994 -0.00438516 0.03689463
v -0.05938655 0.00154602 0.03851907
v -0.05941870 0.00190681 0.03093085
v -0.06047176 0.00499583 0.03182069
v -0.06053064 0.00524290 0.02426531
v -0.05909506 0.00105636 0.04580668
v -0.06800926 0.01180072 0.01355663
v -0.06565235 0.01097617 0.01607174
v -0.06375817 0.00983532 0.01881637
v -0.06232707 0.00842825 0.02175231
v -0.04610474 -0.02998918 0.00072473
v -0.04543696 -0.03099161 0.00065000
v -0.00194901 0.05034769 0.05905141
v 0.00721790 0.04943662 0.06165751
v 0.01092067 0.04864426 0.06227432
v 0.01139594 0.05076131 0.04762739
v 0.04720910 -0.01576166 0.06278611
v 0.04694882 -0.01644798 0.06278611
v 0.04909863 -0.01720183 0.04762739
v 0.04578764 -0.01950954 0.06278612
v 0.04442311 -0.02238503 0.06278611
v 0.04645988 -0.02341063 0.04762739
v 0.03855245 -0.03147759 0.06278612
v 0.03718080 -0.03302583 0.06278612
v 0.03889618 -0.03454947 0.04762739
v -0.02863709 -0.04343382 0.04762740
v -0.02738376 -0.04153195 0.06278616
v -0.02805482 -0.04111030 0.06278616
v -0.03401670 -0.03936296 0.04762740
v -0.02277593 -0.04677432 0.04762740
v -0.01653178 -0.04932828 0.04762739
v -0.01648067 -0.04696294 0.06278614
v -0.02077886 -0.04522575 0.06278614
v -0.02177120 -0.04471304 0.06278614
v -0.02486522 -0.04311439 0.06278614
v -0.00752987 -0.04919789 0.06278613
v -0.00956560 -0.04878918 0.06278614
v -0.01000965 -0.05105276 0.04762739
v -0.01204255 -0.04829190 0.06278614
v -0.01580756 -0.04716450 0.06278614
v -0.00378987 -0.04962628 0.06278613
v -0.00331920 -0.05191879 0.04762739
v -0.00317464 -0.04964973 0.06278613
v 0.00599813 -0.04940802 0.06278613
v 0.00327577 -0.04962773 0.06278613
v 0.00342706 -0.05191179 0.04762739
v 0.00200274 -0.04973047 0.06278613
v 0.00000018 -0.04977078 0.06278613
v 0.00763623 -0.04914184 0.06278613
v 0.01011569 -0.05103186 0.04762739
v 0.00967573 -0.04881042 0.06278613
v 0.01590084 -0.04712009 0.06278613
v 0.01509232 -0.04739000 0.06278612
v 0.01663423 -0.04929382 0.04762739
v 0.01384654 -0.04780589 0.06278612
v 0.00995462 -0.04876511 0.06278613
v 0.02287306 -0.04672688 0.04762739
v 0.02133628 -0.04496547 0.06278612
v 0.01764865 -0.04653660 0.06278613
v 0.02872727 -0.04337423 0.04762739
v 0.02659963 -0.04206650 0.06278612
v 0.02312821 -0.04407058 0.06278612
v 0.02220192 -0.04453317 0.06278612
v 0.02187827 -0.04469481 0.06278612
v 0.03409841 -0.03929219 0.04762739
v 0.03260977 -0.03757597 0.06278612
v 0.02989852 -0.03978955 0.06278611
v 0.02876184 -0.04057411 0.06278612
v 0.02746488 -0.04146928 0.06278612
v 0.03589437 -0.03447787 0.06278612
v 0.03464856 -0.03567445 0.06278612
v 0.03300348 -0.03725454 0.06278612
v 0.04303990 -0.02922577 0.04762739
v 0.04114315 -0.02793744 0.06278612
v 0.03978777 -0.02990091 0.06278611
v 0.03974594 -0.02995427 0.06278611
v 0.04406919 -0.02313086 0.06278611
v 0.04386229 -0.02348920 0.06278611
v 0.04206490 -0.02660216 0.06278612
v 0.04693966 -0.01647215 0.06278611
v 0.04832438 -0.01191156 0.06278613
v 0.05091175 -0.01070378 0.04762739
v 0.04870112 -0.01023895 0.06278612
v 0.04958156 -0.00384810 0.06278612
v 0.04940765 -0.00600109 0.06278613
v 0.05186878 -0.00402575 0.04762739
v 0.04890883 -0.00906983 0.06278612
v 0.04876452 -0.00995755 0.06278612
v 0.04968223 0.00260048 0.06278613
v 0.04973047 0.00200264 0.06278614
v 0.05195364 0.00271998 0.04762739
v 0.04973037 -0.00145247 0.06278612
v 0.04973034 -0.00200572 0.06278612
v 0.04940804 0.00599805 0.06278612
v 0.05116485 0.00941998 0.04762739
v 0.04937481 0.00620257 0.06278612
v 0.04832511 0.01190857 0.06278614
v 0.04876513 0.00995453 0.06278614
v 0.04891908 0.00900713 0.06278614
v 0.04780578 0.01370184 0.06278614
v 0.04951571 0.01596157 0.04762739
v 0.04735307 0.01526501 0.06278614
v 0.04495975 0.02125414 0.06278614
v 0.04513698 0.02088063 0.06278614
v 0.04703396 0.02223477 0.04762739
v 0.04578885 0.01950670 0.06278614
v 0.04721008 0.01575874 0.06278614
v 0.04376130 0.02813408 0.04762739
v 0.04206653 0.02659956 0.06278614
v 0.04407062 0.02312814 0.06278614
v 0.03855440 0.03147521 0.06278615
v 0.03978959 0.02989845 0.06278615
v 0.03975279 0.03356031 0.04762739
v 0.04139934 0.02756620 0.06278614
v 0.04185407 0.02690739 0.06278614
v 0.03589649 0.03447565 0.06278615
v 0.03667481 0.03359704 0.06278615
v 0.03801081 0.03208885 0.06278615
v 0.02980902 0.04263801 0.04762739
v 0.02849889 0.04076311 0.06278038
v 0.02951489 0.04007564 0.06278283
v 0.03507581 0.03842219 0.04762739
v 0.03110234 0.03885581 0.06278615
v 0.03355556 0.03675686 0.06278616
v 0.03357604 0.03673933 0.06278616
v 0.02299405 0.04412707 0.06276674
v 0.02355987 0.04384476 0.06276837
v 0.02404100 0.04613685 0.04762739
v 0.02615731 0.04234362 0.06277473
v 0.02619666 0.04232087 0.06277482
v 0.01523752 0.04740349 0.06265932
v 0.01708519 0.04671800 0.06270617
v 0.01786870 0.04885988 0.04762739
v 0.01899102 0.04601093 0.06275449
v 0.02082453 0.04520953 0.06276053
v 0.01098048 0.04863147 0.06228428
v 0.01143258 0.04851750 0.06234011
v 0.01382515 0.04781701 0.06254083
v 0.00454849 0.04982404 0.06100585
v 0.00473154 0.05180918 0.04762739
v -0.00089455 0.05124841 0.05330125
v -0.00000327 0.05177400 0.04955292
v 0.00663641 0.04953873 0.06153440
v -0.00191497 0.05034752 0.05906311
v 0.00000018 0.05028140 0.05970245
v 0.00279132 0.05006415 0.06056104
v 0.00330733 0.04999364 0.06069166
v -0.00000000 0.05297767 0.03864459
v -0.00000000 0.05228554 0.04516920
v -0.00000000 0.05202478 0.04762739
v -0.00002059 0.05415670 0.02576653
v -0.00000000 0.05384704 0.03005444
v 0.00488216 0.05345845 0.03201506
v 0.00497242 0.05444665 0.01634652
v -0.00002377 0.05464155 0.01634490
v -0.00002306 0.05453335 0.01844723
v -0.00000000 0.05368765 0.03193550
v -0.00000000 0.05368091 0.03201506
v -0.00000000 0.05499997 0.00065000
v -0.00000083 0.05499847 0.00186433
v 0.00500213 0.05477202 0.00065000
v -0.00001638 0.05498436 0.00420087
v -0.00001699 0.05496837 0.00491995
v -0.00002460 0.05476944 0.01385978
v -0.00002434 0.05473014 0.01462329
v -0.04516704 -0.03080750 0.01634652
v -0.04080076 -0.03639314 0.01634652
v -0.03882432 -0.03463022 0.04762740
v -0.04006023 -0.03573262 0.03201506
v -0.03702450 -0.03302385 0.06276946
v -0.03110197 -0.03885612 0.06278616
v -0.03254099 -0.03765523 0.06278320
v -0.03268376 -0.03753607 0.06278291
v -0.03554436 -0.03466844 0.06277430
v -0.03420713 -0.03615423 0.06277869
v 0.05492475 0.00287554 0.00064999
v 0.05499902 -0.00000000 0.00164999
v 0.05483506 -0.00425598 0.00064999
v 0.05497113 -0.00100000 0.00462650
v 0.05497113 0.00100000 0.00462650
v 0.05459846 0.00285845 0.01634652
v 0.05450930 -0.00423068 0.01634652
v 0.05350355 -0.01124869 0.01634652
v 0.05382328 -0.01131590 0.00064999
v 0.05159812 -0.01807755 0.01634652
v 0.05190647 -0.01818558 0.00064999
v 0.04882505 -0.02460240 0.01634652
v 0.04911683 -0.02474944 0.00064999
v 0.04523094 -0.03071358 0.01634652
v 0.04550125 -0.03089713 0.00064999
v 0.04087629 -0.03630829 0.01634652
v 0.04112057 -0.03652527 0.00064999
v 0.03583428 -0.04129246 0.01634652
v 0.03604843 -0.04153923 0.00064999
v 0.03018970 -0.04558229 0.01634652
v 0.03037011 -0.04585469 0.00064999
v 0.02403747 -0.04910564 0.01634652
v 0.02418112 -0.04939908 0.00065000
v 0.01748104 -0.05180325 0.01634652
v 0.01758551 -0.05211282 0.00065000
v 0.01063066 -0.05362977 0.01634652
v 0.01069419 -0.05395027 0.00065000
v 0.00360152 -0.05455450 0.01634652
v 0.00362305 -0.05488051 0.00065000
v -0.00348817 -0.05456186 0.01634652
v -0.00350902 -0.05488792 0.00065000
v -0.01051922 -0.05365173 0.01634652
v -0.01058207 -0.05397237 0.00065000
v -0.01737338 -0.05183946 0.01634652
v -0.01747720 -0.05214926 0.00065000
v -0.02393540 -0.04915547 0.01634652
v -0.02407843 -0.04944922 0.00065000
v -0.03009493 -0.04564493 0.01634652
v -0.03027478 -0.04591769 0.00065000
v -0.03574841 -0.04136684 0.01634652
v -0.03596204 -0.04161404 0.00065000
v -0.04104459 -0.03661064 0.00065000
v 0.01197607 0.05334544 0.01634652
v 0.01204764 0.05366424 0.00065000
v 0.01877835 0.05134721 0.01634652
v 0.01889057 0.05165407 0.00065000
v 0.02526486 0.04848556 0.01634652
v 0.02541584 0.04877531 0.00065000
v 0.03132653 0.04480861 0.01634652
v 0.03151374 0.04507638 0.00064999
v 0.03686144 0.04037817 0.01634652
v 0.03708171 0.04061948 0.00064999
v 0.04177650 0.03526877 0.01634652
v 0.04202616 0.03547954 0.00064999
v 0.04598908 0.02956632 0.01634652
v 0.04626391 0.02974300 0.00064999
v 0.04942834 0.02336669 0.01634652
v 0.04972372 0.02350633 0.00064999
v 0.05203643 0.01677414 0.01634652
v 0.05234741 0.01687438 0.00064999
v 0.05376953 0.00989953 0.01634652
v 0.05409085 0.00995868 0.00064999
v 0.01175871 0.05237723 0.03201506
v 0.01843752 0.05041527 0.03201506
v 0.02480630 0.04760554 0.03201506
v 0.03075795 0.04399533 0.03201506
v 0.03619240 0.03964532 0.03201506
v 0.04101825 0.03462865 0.03201506
v 0.04515437 0.02902969 0.03201506
v 0.04853122 0.02294258 0.03201506
v 0.05109197 0.01646969 0.03201506
v 0.05279363 0.00971985 0.03201506
v 0.05360749 0.00280658 0.03201506
v 0.05351995 -0.00415390 0.03201506
v 0.05253246 -0.01104452 0.03201506
v 0.05066160 -0.01774944 0.03201506
v 0.04793885 -0.02415587 0.03201506
v 0.04441001 -0.03015613 0.03201506
v 0.04013439 -0.03564929 0.03201506
v 0.03518388 -0.04054301 0.03201506
v 0.02964176 -0.04475497 0.03201506
v 0.02360119 -0.04821437 0.03201506
v 0.01716376 -0.05086303 0.03201506
v 0.01043772 -0.05265639 0.03201506
v 0.00353616 -0.05356433 0.03201506
v -0.00342487 -0.05357156 0.03201506
v -0.01032829 -0.05267796 0.03201506
v -0.01705805 -0.05089857 0.03201506
v -0.02350097 -0.04826330 0.03201506
v -0.02954871 -0.04481647 0.03201506
v -0.03509957 -0.04061603 0.03201506
v -0.04332621 0.04147832 -0.02395722
v -0.04614070 0.04147833 -0.02790329
v -0.04348335 0.05757909 -0.02993853
v -0.04709210 0.04147833 -0.02923722
v -0.05010358 0.04147833 -0.03239992
v -0.04772491 0.05757909 -0.03477510
v -0.05156430 0.04147833 -0.03393400
v -0.05461468 0.04147833 -0.03634341
v -0.05256147 0.05757910 -0.03901665
v -0.07455964 0.04147833 -0.04522704
v -0.07651638 0.04147833 -0.04542953
v -0.07608081 0.05757910 -0.04875868
v -0.08101059 0.04147833 -0.04589462
v -0.08249691 0.04147833 -0.04583776
v -0.08250001 0.05757910 -0.04917942
v -0.08749122 0.04147833 -0.04564671
v -0.08848286 0.04147833 -0.04546669
v -0.08891922 0.05757910 -0.04875868
v -0.09387231 0.04147833 -0.04448826
v -0.09437384 0.04147833 -0.04432154
v -0.09522858 0.05757910 -0.04750367
v -0.12759501 0.04147833 -0.00865867
v -0.12791530 0.04147833 -0.00598037
v -0.13125870 0.05757910 -0.00641920
v -0.12836510 0.04147833 -0.00221916
v -0.12831560 0.04147833 -0.00000230
v -0.13167940 0.05757910 0.00000000
v -0.12822031 0.04147833 0.00426461
v -0.12793721 0.04147833 0.00597895
v -0.13125870 0.05757910 0.00641920
v -0.12716350 0.04147833 0.01066332
v -0.12678570 0.04147833 0.01186312
v -0.13000370 0.05757910 0.01272857
v -0.12521580 0.04147833 0.01684932
v -0.12487970 0.04147833 0.01755144
v -0.12793590 0.05757910 0.01882015
v -0.12241590 0.04147833 0.02269921
v -0.12225000 0.04147833 0.02294820
v -0.12509060 0.05757910 0.02458971
v -0.11881990 0.04147833 0.02809631
v -0.11493830 0.04147833 0.03244158
v -0.11727510 0.05757910 0.03477510
v -0.11449930 0.04147833 0.03293295
v -0.11041080 0.04147833 0.03637906
v -0.11243850 0.05757910 0.03901666
v -0.10954050 0.04147833 0.03711265
v -0.10541390 0.04147833 0.03969402
v -0.10708970 0.05757910 0.04259062
v -0.10404220 0.04147833 0.04055205
v -0.10003170 0.04147833 0.04233169
v -0.10132020 0.05757910 0.04543585
v -0.09811422 0.04147833 0.04318253
v -0.09435471 0.04147833 0.04424848
v -0.09522858 0.05757910 0.04750366
v -0.06835935 0.10652641 -0.05277367
v -0.06826496 0.12295001 -0.05312593
v -0.06145241 0.12295001 -0.05081338
v -0.07536867 0.10652641 -0.05416791
v -0.07532107 0.12295001 -0.05452947
v -0.08250001 0.10652641 -0.05463532
v -0.08250001 0.12295001 -0.05500000
v -0.08963135 0.10652641 -0.05416791
v -0.08967895 0.12295001 -0.05452947
v -0.09664067 0.10652641 -0.05277367
v -0.09673506 0.12295001 -0.05312593
v -0.10340800 0.10652641 -0.05047645
v -0.10354760 0.12295001 -0.05081338
v -0.10981771 0.10652641 -0.04731557
v -0.11000000 0.12295001 -0.04763140
v -0.11575991 0.10652641 -0.04334511
v -0.11598191 0.12295001 -0.04363444
v -0.12113301 0.10652641 -0.03863301
v -0.12139090 0.12295001 -0.03889088
v -0.12584510 0.10652641 -0.03325988
v -0.12613440 0.12295001 -0.03348188
v -0.12981560 0.10652641 -0.02731766
v -0.13013140 0.12295001 -0.02750000
v -0.13297650 0.10652641 -0.02090802
v -0.13331340 0.12295001 -0.02104759
v -0.13527370 0.10652641 -0.01414066
v -0.13562590 0.12295001 -0.01423504
v -0.13666789 0.10652641 -0.00713134
v -0.13702950 0.12295001 -0.00717894
v -0.13713530 0.10652641 0.00000000
v -0.13750000 0.12295001 0.00000000
v -0.13666789 0.10652641 0.00713134
v -0.13702950 0.12295001 0.00717894
v -0.03851302 0.04943689 -0.01784330
v -0.03938861 0.04513765 -0.01784305
v -0.03706415 0.05757909 -0.01882015
v -0.03052014 0.09056115 -0.01299511
v -0.03075827 0.09056089 -0.01386408
v -0.02972634 0.10652640 -0.01414066
v -0.08228057 0.05728647 0.04912628
v -0.08223029 0.05757928 0.04917713
v -0.08250001 0.05757910 0.04917941
v -0.06920448 0.08182294 0.05100269
v -0.06885047 0.08215996 0.05093577
v -0.06864232 0.09013524 0.05171758
v -0.06212454 0.08820750 0.04932232
v -0.06207736 0.08824453 0.04930433
v -0.06201037 0.09013524 0.04946634
v -0.02818172 0.11258861 0.00765394
v -0.02813096 0.11262301 0.00715833
v -0.02797053 0.12295000 0.00717894
v -0.02772455 0.11289950 0.00301961
v -0.02764727 0.11295891 0.00116583
v -0.02764485 0.11301330 0.00111768
v -0.02800714 0.11270691 0.00594918
v -0.02773652 0.11289020 0.00330660
v -0.02753047 0.11897351 0.00100000
v -0.02764043 0.11307020 0.00096525
v -0.02763795 0.11307970 0.00082945
v -0.02752138 0.11897351 -0.00000000
v -0.02752720 0.11897351 0.00080000
v -0.02764399 0.11302730 0.00109407
v -0.02764116 0.11306361 0.00099615
v -0.02763758 0.11307751 0.00080000
v -0.02763685 0.11305900 0.00071166
v -0.02763679 0.11305131 0.00069134
v -0.02752128 0.11956881 0.00080000
v -0.02892407 0.11203151 0.01166953
v -0.02937408 0.12295000 0.01423504
v -0.02895701 0.11200680 0.01184775
v -0.03142640 0.11012360 0.01980084
v -0.03045354 0.11086351 0.01704424
v -0.03168663 0.12295000 0.02104759
v -0.03000499 0.11120460 0.01577327
v -0.02957964 0.11153020 0.01417999
v -0.03486861 0.12295000 0.02750000
v -0.03515898 0.10737900 0.02733251
v -0.03484236 0.10760901 0.02675594
v -0.03319625 0.10880491 0.02375838
v -0.03244551 0.10936431 0.02207965
v -0.03193708 0.10974311 0.02094276
v -0.03525315 0.10731061 0.02750398
v -0.03886557 0.12295000 0.03348187
v -0.03636354 0.10652621 0.02917588
v -0.03915488 0.10652640 0.03325987
v -0.03761479 0.10564241 0.03105987
v -0.03776868 0.10553371 0.03129157
v -0.04369839 0.10146161 0.03809369
v -0.04074705 0.10347731 0.03499347
v -0.04386700 0.10652640 0.03863300
v -0.04059008 0.10358451 0.03482858
v -0.03926829 0.10449771 0.03317154
v -0.04806256 0.09848510 0.04179441
v -0.04707519 0.09916178 0.04106657
v -0.04924013 0.10652640 0.04334510
v -0.04423469 0.10109640 0.03856583
v -0.04407392 0.10120591 0.03842428
v -0.05436388 0.09410179 0.04594268
v -0.05224942 0.09558636 0.04465585
v -0.05518235 0.10652641 0.04731558
v -0.05050006 0.09681459 0.04359123
v -0.04957393 0.09744929 0.04290854
v -0.06159196 0.10652641 0.05047646
v -0.05680968 0.09230492 0.04713894
v -0.05561729 0.09318094 0.04655574
v -0.06178730 0.08847214 0.04919380
v -0.05966895 0.09013443 0.04838656
v -0.05827236 0.09123033 0.04785436
v -0.06726592 0.08366849 0.05063617
v -0.06581521 0.08504961 0.05036186
v -0.06248676 0.08789757 0.04942434
v -0.07551138 0.09013524 0.05308393
v -0.07574479 0.07392641 0.05127984
v -0.07495450 0.07512057 0.05134408
v -0.07333925 0.07715503 0.05132332
v -0.07333316 0.07716270 0.05132324
v -0.07223612 0.07854446 0.05130914
v -0.08205186 0.05861839 0.04935760
v -0.08168857 0.06073403 0.04972503
v -0.08250001 0.07380874 0.05172215
v -0.08081377 0.06380244 0.05020883
v -0.08061633 0.06449496 0.05031801
v -0.07990760 0.06622091 0.05054822
v -0.07906997 0.06826072 0.05082028
v -0.07827998 0.06973546 0.05096745
v -0.07726734 0.07162582 0.05115610
v -0.08249791 0.05342346 0.04841276
v -0.08247645 0.05380485 0.04848319
v -0.09187478 0.04147833 0.04495162
v -0.08847824 0.04147833 0.04541271
v -0.08891921 0.05757910 0.04875868
v -0.08544834 0.04147833 0.04582403
v -0.03761864 0.04399228 -0.01202527
v -0.03780360 0.04318921 -0.01197573
v -0.03784118 0.04380340 -0.01272284
v -0.03799188 0.04302762 -0.01262852
v -0.04008395 0.04147832 -0.01756935
v -0.03962479 0.04218661 -0.01687876
v -0.03967757 0.04147832 -0.01657629
v -0.03885447 0.04290052 -0.01523613
v -0.03867504 0.04306682 -0.01485350
v -0.03616714 0.04519518 -0.00609957
v -0.03638896 0.04438902 -0.00606896
v -0.03656038 0.04487745 -0.00822033
v -0.03676005 0.04408468 -0.00835769
v -0.03712420 0.04441169 -0.01046727
v -0.03713383 0.04440374 -0.01050564
v -0.03178881 0.06680488 0.00065000
v -0.03335738 0.05758463 0.00065000
v -0.03349260 0.05761036 0.00009204
v -0.03379469 0.05501407 0.00065000
v -0.03427996 0.05328063 0.00009281
v -0.03584510 0.04483179 0.00065000
v -0.03612689 0.04522770 -0.00588252
v -0.03605429 0.04528458 -0.00528476
v -0.03603746 0.04467731 -0.00390108
v -0.03583841 0.04545374 -0.00350731
v -0.03587252 0.04480976 0.00000115
v -0.03568700 0.04556270 0.00000015
v -0.03568294 0.04556562 0.00009418
v -0.02763687 0.11302951 0.00065000
v -0.02791616 0.10652851 0.00065000
v -0.02786469 0.10652640 -0.00000000
v -0.02814867 0.10111621 0.00065000
v -0.02753047 0.11897351 -0.00100000
v -0.02797054 0.12295000 -0.00717894
v -0.02750136 0.12195000 -0.00000000
v -0.02750001 0.12295000 -0.00000000
v -0.02750582 0.12295000 0.00080000
v -0.03164461 0.09011799 -0.01674242
v -0.03169655 0.09002031 -0.01687139
v -0.03303366 0.09013524 -0.02048963
v -0.03172436 0.08996799 -0.01694045
v -0.03184658 0.08967119 -0.01721818
v -0.03191050 0.08951600 -0.01736342
v -0.03197844 0.08930331 -0.01750094
v -0.03198818 0.08927280 -0.01752066
v -0.03208248 0.08888900 -0.01768323
v -0.03212141 0.08873053 -0.01775035
v -0.03216815 0.08846907 -0.01780943
v -0.03217603 0.08842499 -0.01781939
v -0.03222714 0.08802669 -0.01785121
v -0.03471496 0.07380874 -0.01979322
v -0.03372894 0.07682300 -0.01784775
v -0.03413029 0.07382889 -0.01784683
v -0.03115633 0.09056042 -0.01531665
v -0.03121428 0.09053737 -0.01549973
v -0.03202355 0.10652640 -0.02090803
v -0.03135240 0.09048239 -0.01593609
v -0.03137242 0.09046435 -0.01599452
v -0.03143671 0.09040645 -0.01618206
v -0.03153536 0.09026958 -0.01644794
v -0.03163219 0.09013524 -0.01670893
v -0.02833210 0.10652640 -0.00713134
v -0.02956496 0.09056176 -0.00828648
v -0.02957156 0.09056176 -0.00831902
v -0.03160324 0.06800008 0.00009019
v -0.03112673 0.07185100 0.00009051
v -0.03082844 0.07381511 0.00065000
v -0.03088288 0.07382171 0.00009068
v -0.03016236 0.07867708 0.00065000
v -0.02924509 0.08705770 0.00009180
v -0.02904489 0.08921695 0.00065000
v -0.02895988 0.09013540 0.00009250
v -0.02897565 0.09013627 0.00065000
v -0.02892060 0.09055925 0.00009260
v -0.02892768 0.09055928 0.00000055
v -0.02904610 0.09055974 -0.00153931
v -0.02946502 0.09056138 -0.00698692
v -0.04279295 0.04147832 -0.02292841
v -0.03984193 0.04291185 -0.01784292
v -0.04034175 0.04147832 -0.01819934
v -0.04013845 0.04168909 -0.01784373
v -0.04000878 0.04181467 -0.01760014
v -0.03525668 0.06542578 -0.01784424
v -0.03546133 0.06442093 -0.01784419
v -0.03684890 0.05760786 -0.01784378
v -0.13562590 0.12295001 0.01423505
v -0.13527370 0.10652641 0.01414067
v -0.13421761 0.09013524 0.01385769
v -0.02937408 0.12295000 -0.01423505
v -0.03168663 0.12295000 -0.02104759
v -0.04360913 0.12295000 0.03889087
v -0.04901813 0.12295000 0.04363443
v -0.05500000 0.12295001 0.04763139
v -0.06145241 0.12295001 0.05081337
v -0.13331340 0.12295001 0.02104760
v -0.13297650 0.10652641 0.02090804
v -0.13196629 0.09013524 0.02048964
v -0.13028501 0.07380874 0.01979322
v -0.06826496 0.12295001 0.05312592
v -0.06835935 0.10652641 0.05277366
v -0.07532106 0.12295001 0.05452947
v -0.07536866 0.10652641 0.05416791
v -0.08250000 0.12295001 0.05500001
v -0.08250000 0.10652641 0.05463532
v -0.08250001 0.09013524 0.05354199
v -0.07582305 0.07380819 0.05127348
v -0.13013139 0.12295001 0.02750001
v -0.12981560 0.10652641 0.02731766
v -0.12886870 0.09013524 0.02677100
v -0.12729270 0.07380874 0.02586108
v -0.08967894 0.12295001 0.05452947
v -0.08963134 0.10652641 0.05416791
v -0.08948864 0.09013524 0.05308393
v -0.08925111 0.07380874 0.05127966
v -0.06270679 0.07380874 -0.04778504
v -0.06367986 0.05757910 -0.04543585
v -0.06977144 0.05757910 -0.04750367
v -0.03486861 0.12295000 -0.02750000
v -0.03518443 0.10652640 -0.02731766
v -0.03613129 0.09013524 -0.02677099
v -0.03770730 0.07380874 -0.02586108
v -0.03990938 0.05757909 -0.02458971
v -0.09588669 0.07380874 0.04995976
v -0.09635769 0.09013524 0.05171759
v -0.09664067 0.10652641 0.05277367
v -0.09673506 0.12295001 0.05312593
v -0.10229320 0.07380874 0.04778504
v -0.10298960 0.09013524 0.04946634
v -0.10340800 0.10652641 0.05047646
v -0.10354760 0.12295001 0.05081338
v -0.10836110 0.07380874 0.04479270
v -0.10927100 0.09013524 0.04636872
v -0.10981770 0.10652641 0.04731558
v -0.11000000 0.12295001 0.04763140
v -0.11398650 0.07380874 0.04103395
v -0.11509430 0.09013524 0.04247771
v -0.11575990 0.10652641 0.04334511
v -0.11598190 0.12295001 0.04363444
v -0.11907310 0.07380874 0.03657309
v -0.12035990 0.09013524 0.03785990
v -0.12113300 0.10652641 0.03863301
v -0.12139090 0.12295001 0.03889088
v -0.11891950 0.04147833 0.02794673
v -0.12151670 0.05757910 0.02993854
v -0.12353400 0.07380874 0.03148646
v -0.12497770 0.09013524 0.03259430
v -0.12584510 0.10652641 0.03325988
v -0.12613440 0.12295001 0.03348188
v -0.13558390 0.09013524 0.00698863
v -0.13245980 0.07380874 0.01338668
v -0.13604201 0.09013524 0.00000000
v -0.13377970 0.07380874 0.00675110
v -0.13558390 0.09013524 -0.00698863
v -0.13422211 0.07380874 0.00000000
v -0.13421761 0.09013524 -0.01385768
v -0.13377970 0.07380874 -0.00675109
v -0.13196630 0.09013524 -0.02048962
v -0.13245980 0.07380874 -0.01338667
v -0.12886870 0.09013524 -0.02677099
v -0.13028501 0.07380874 -0.01979322
v -0.13000370 0.05757910 -0.01272856
v -0.12674341 0.04147833 -0.01185515
v -0.12793590 0.05757910 -0.01882015
v -0.12481961 0.04147833 -0.01752827
v -0.12592540 0.04147833 -0.01492546
v -0.12497770 0.09013524 -0.03259429
v -0.12729271 0.07380874 -0.02586108
v -0.12509060 0.05757910 -0.02458971
v -0.12217621 0.04147833 -0.02290466
v -0.12338951 0.04147833 -0.02089452
v -0.12035990 0.09013524 -0.03785990
v -0.12353400 0.07380874 -0.03148646
v -0.12151671 0.05757910 -0.02993853
v -0.11885701 0.04147833 -0.02789412
v -0.12003801 0.04147833 -0.02644678
v -0.11509430 0.09013524 -0.04247771
v -0.11907310 0.07380874 -0.03657307
v -0.11727511 0.05757910 -0.03477510
v -0.11491720 0.04147833 -0.03241275
v -0.11593770 0.04147833 -0.03147149
v -0.10927101 0.09013524 -0.04636872
v -0.11398651 0.07380874 -0.04103395
v -0.11243850 0.05757910 -0.03901665
v -0.11042221 0.04147833 -0.03638430
v -0.11117041 0.04147833 -0.03586842
v -0.10298960 0.09013524 -0.04946634
v -0.10836110 0.07380874 -0.04479270
v -0.10708970 0.05757910 -0.04259062
v -0.10544671 0.04147833 -0.03974143
v -0.10583120 0.04147833 -0.03954986
v -0.09635769 0.09013524 -0.05171759
v -0.10229320 0.07380874 -0.04778504
v -0.08948864 0.09013524 -0.05308393
v -0.09588669 0.07380874 -0.04995976
v -0.10132020 0.05757910 -0.04543585
v -0.10002650 0.04147833 -0.04244237
v -0.08250001 0.09013524 -0.05354198
v -0.08925111 0.07380874 -0.05127966
v -0.07551139 0.09013524 -0.05308393
v -0.08250001 0.07380874 -0.05172215
v -0.06159197 0.10652641 -0.05047645
v -0.06864233 0.09013524 -0.05171759
v -0.07574891 0.07380874 -0.05127966
v -0.06201037 0.09013524 -0.04946634
v -0.06911333 0.07380874 -0.04995976
v -0.07064144 0.04147833 -0.04424959
v -0.05665358 0.04147833 -0.03795388
v -0.05959814 0.04147833 -0.03966801
v -0.05791030 0.05757910 -0.04259062
v -0.05663893 0.07380874 -0.04479270
v -0.05572901 0.09013524 -0.04636872
v -0.05518235 0.10652641 -0.04731557
v -0.05500000 0.12295001 -0.04763140
v -0.06225845 0.04147833 -0.04121667
v -0.06497039 0.04147833 -0.04231822
v -0.06826709 0.04147833 -0.04365728
v -0.05101355 0.07380874 -0.04103395
v -0.04990571 0.09013524 -0.04247771
v -0.04924013 0.10652640 -0.04334511
v -0.04901813 0.12295000 -0.04363444
v -0.04592692 0.07380874 -0.03657308
v -0.04464011 0.09013524 -0.03785990
v -0.04386700 0.10652640 -0.03863301
v -0.04360913 0.12295000 -0.03889088
v -0.04146606 0.07380874 -0.03148646
v -0.04002230 0.09013524 -0.03259429
v -0.03915489 0.10652640 -0.03325988
v -0.03886557 0.12295000 -0.03348188
v -0.02750582 0.12295000 0.00080000
v -0.02750001 0.12295000 -0.00000000
v -0.08250001 0.12295001 0.00000000
v -0.03168663 0.12295000 0.02104759
v -0.02937408 0.12295000 0.01423504
v -0.02797053 0.12295000 0.00717894
v -0.04360913 0.12295000 0.03889087
v -0.03886557 0.12295000 0.03348187
v -0.03486861 0.12295000 0.02750000
v -0.06145241 0.12295001 0.05081337
v -0.05500000 0.12295001 0.04763139
v -0.04901813 0.12295000 0.04363443
v -0.08250000 0.12295001 0.05500001
v -0.07532106 0.12295001 0.05452947
v -0.06826496 0.12295001 0.05312592
v -0.10354760 0.12295001 0.05081338
v -0.09673506 0.12295001 0.05312593
v -0.08967894 0.12295001 0.05452947
v -0.12139090 0.12295001 0.03889088
v -0.11598190 0.12295001 0.04363444
v -0.11000000 0.12295001 0.04763140
v -0.13331340 0.12295001 0.02104760
v -0.13013139 0.12295001 0.02750001
v -0.12613440 0.12295001 0.03348188
v -0.13750000 0.12295001 0.00000000
v -0.13702950 0.12295001 0.00717894
v -0.13562590 0.12295001 0.01423505
v -0.13331340 0.12295001 -0.02104759
v -0.13562590 0.12295001 -0.01423504
v -0.13702950 0.12295001 -0.00717894
v -0.12139090 0.12295001 -0.03889088
v -0.12613440 0.12295001 -0.03348188
v -0.13013140 0.12295001 -0.02750000
v -0.10354760 0.12295001 -0.05081338
v -0.11000000 0.12295001 -0.04763140
v -0.11598191 0.12295001 -0.04363444
v -0.08250001 0.12295001 -0.05500000
v -0.08967895 0.12295001 -0.05452947
v -0.09673506 0.12295001 -0.05312593
v -0.06145241 0.12295001 -0.05081338
v -0.06826496 0.12295001 -0.05312593
v -0.07532107 0.12295001 -0.05452947
v -0.04360913 0.12295000 -0.03889088
v -0.04901813 0.12295000 -0.04363444
v -0.05500000 0.12295001 -0.04763140
v -0.03168663 0.12295000 -0.02104759
v -0.03486861 0.12295000 -0.02750000
v -0.03886557 0.12295000 -0.03348188
v -0.02797054 0.12295000 -0.00717894
v -0.02937408 0.12295000 -0.01423505
v -0.03799188 0.04302762 -0.01262852
v -0.04145474 0.03970219 0.00065000
v -0.03967757 0.04147832 -0.01657629
v -0.04058276 0.04057367 -0.01808962
v -0.03780360 0.04318921 -0.01197573
v -0.03676005 0.04408468 -0.00835769
v -0.03638896 0.04438902 -0.00606896
v -0.03603746 0.04467731 -0.00390108
v -0.03587252 0.04480976 0.00000115
v -0.03584510 0.04483179 0.00065000
v -0.04650833 0.03364128 -0.02351508
v -0.04551852 0.03496890 -0.02321596
v -0.04650833 0.03364128 0.00065000
v -0.04499740 0.03562794 -0.02293210
v -0.04452252 0.03622852 -0.02267342
v -0.04396290 0.03688161 -0.02218139
v -0.04262306 0.03844522 -0.02100337
v -0.04145474 0.03970219 -0.01954743
v -0.04856835 0.03059208 -0.02322933
v -0.04772117 0.03189748 -0.02351434
v -0.04726102 0.03255907 -0.02351462
v -0.05068287 0.02694452 0.00065000
v -0.05379753 0.02001466 0.00065000
v -0.05376125 0.02011189 -0.00292828
v -0.05372865 0.02019808 -0.00369069
v -0.05361059 0.02051010 -0.00645113
v -0.05341574 0.02100961 -0.00892393
v -0.05333742 0.02121036 -0.00991773
v -0.05292218 0.02222619 -0.01332467
v -0.05255007 0.02309221 -0.01548688
v -0.05206883 0.02415776 -0.01753244
v -0.05162305 0.02508817 -0.01889400
v -0.05159635 0.02514389 -0.01897556
v -0.05145356 0.02544192 -0.01941169
v -0.05068287 0.02694452 -0.02104338
v -0.04971765 0.02868651 -0.02236124
v -0.06008718 0.02222619 -0.02338824
v -0.06064459 0.02222619 -0.02397364
v -0.05805973 0.02513686 -0.02680903
v -0.06915902 0.02222619 -0.02950832
v -0.07244477 0.02222619 -0.03084294
v -0.07125551 0.02513686 -0.03449076
v -0.07434488 0.02222619 -0.03131694
v -0.07689032 0.02222619 -0.03195194
v -0.07622684 0.02513686 -0.03573092
v -0.07975663 0.02222620 -0.03224856
v -0.08144777 0.02222620 -0.03242356
v -0.08132332 0.02513686 -0.03625833
v -0.08524942 0.02222620 -0.03227814
v -0.08602620 0.02222620 -0.03224842
v -0.08644324 0.02513686 -0.03606248
v -0.09067122 0.02222620 -0.03138448
v -0.09488215 0.02222620 -0.02998463
v -0.09634659 0.02513687 -0.03353094
v -0.09583655 0.02222620 -0.02950904
v -0.09898298 0.02222620 -0.02794113
v -0.10093241 0.02513687 -0.03124575
v -0.10062080 0.02222620 -0.02681186
v -0.10275500 0.02222620 -0.02534027
v -0.10515060 0.02513687 -0.02833729
v -0.10489611 0.02222620 -0.02336556
v -0.10612301 0.02222620 -0.02223393
v -0.10891691 0.02513687 -0.02486356
v -0.10854790 0.02222620 -0.01926234
v -0.10901980 0.02222620 -0.01868408
v -0.11215631 0.02513687 -0.02089387
v -0.11145611 0.02222620 -0.01460023
v -0.11317910 0.02222620 -0.01054452
v -0.11680761 0.02513687 -0.01179163
v -0.11346161 0.02222620 -0.00948416
v -0.11435871 0.02222620 -0.00611716
v -0.11812661 0.02513687 -0.00684065
v -0.11459861 0.02222620 -0.00411105
v -0.11490271 0.02222620 -0.00156779
v -0.11873501 0.02513687 -0.00175321
v -0.11483700 0.02222620 0.00137516
v -0.11480040 0.02222620 0.00301286
v -0.11862060 0.02513687 0.00336919
v -0.11417041 0.02222620 0.00682761
v -0.11405381 0.02222620 0.00753340
v -0.11778570 0.02513687 0.00842439
v -0.11258870 0.02222620 0.01208969
v -0.11069970 0.02222620 0.01603651
v -0.11403501 0.02513687 0.01793316
v -0.11007410 0.02222620 0.01697551
v -0.10815921 0.02222620 0.01984944
v -0.11119400 0.02513687 0.02219705
v -0.10679261 0.02222620 0.02137934
v -0.10510680 0.02222620 0.02326642
v -0.10778060 0.02513687 0.02601816
v -0.10283230 0.02222620 0.02518356
v -0.10160350 0.02222620 0.02621930
v -0.10386290 0.02513687 0.02932028
v -0.09829930 0.02222620 0.02828621
v -0.09771910 0.02222620 0.02864916
v -0.09951908 0.02513687 0.03203750
v -0.09330294 0.02222620 0.03057223
v -0.08912309 0.02222620 0.03175736
v -0.08990641 0.02513687 0.03551333
v -0.08797426 0.02222620 0.03191331
v -0.08458294 0.02222620 0.03237370
v -0.08482929 0.02513686 0.03620257
v -0.05252239 0.03687718 -0.03288305
v -0.05745406 0.03687718 -0.03677843
v -0.06288534 0.03687718 -0.03994017
v -0.07480555 0.03687718 -0.04382634
v -0.08105671 0.03687718 -0.04447325
v -0.08733664 0.03687718 -0.04423301
v -0.09352012 0.03687718 -0.04311044
v -0.09948375 0.03687718 -0.04112792
v -0.10510860 0.03687718 -0.03832498
v -0.11028251 0.03687718 -0.03475756
v -0.11490210 0.03687718 -0.03049681
v -0.11887551 0.03687719 -0.02562771
v -0.12212320 0.03687719 -0.02024741
v -0.12458050 0.03687719 -0.01446321
v -0.12694471 0.03687719 -0.00215043
v -0.12680430 0.03687719 0.00413253
v -0.12578030 0.03687719 0.01033307
v -0.12389280 0.03687719 0.01632749
v -0.12117971 0.03687719 0.02199621
v -0.11350830 0.03687718 0.03191300
v -0.10870300 0.03687718 0.03596326
v -0.10337500 0.03687718 0.03929614
v -0.09763065 0.03687718 0.04184514
v -0.09158444 0.03687718 0.04355945
v -0.04058276 0.04057367 -0.01808962
v -0.04262306 0.03844522 -0.02100337
v -0.04396290 0.03688161 -0.02218139
v -0.04453944 0.03687718 -0.02321526
v -0.05645535 0.02222619 -0.01926254
v -0.05748508 0.02222619 -0.02065547
v -0.05452655 0.02513686 -0.02309841
v -0.05541716 0.02222619 -0.01785818
v -0.05462352 0.02266535 -0.01785617
v -0.05330228 0.02347575 -0.01784740
v -0.05162305 0.02508817 -0.01889400
v -0.05282759 0.02376691 -0.01784425
v -0.05206883 0.02415776 -0.01753244
v -0.05305207 0.02319014 -0.01669904
v -0.05255007 0.02309221 -0.01548688
v -0.05344365 0.02222619 -0.01442648
v -0.05292218 0.02222619 -0.01332467
v -0.05068287 0.02694452 -0.02104338
v -0.05145356 0.02544192 -0.01941169
v -0.05159635 0.02514389 -0.01897556
v -0.04971765 0.02868651 -0.02236124
v -0.05195132 0.02860665 -0.02522484
v -0.04856835 0.03059208 -0.02322933
v -0.04982158 0.03255183 -0.02698342
v -0.04772117 0.03189748 -0.02351434
v -0.04818870 0.03687718 -0.02833173
v -0.04650833 0.03364128 -0.02351508
v -0.04726102 0.03255907 -0.02351462
v -0.04452252 0.03622852 -0.02267342
v -0.04499740 0.03562794 -0.02293210
v -0.04551852 0.03496890 -0.02321596
v -0.04145474 0.03970219 -0.01954743
v -0.08535703 0.03687718 0.04440484
v -0.08522106 0.03255184 0.04229162
v -0.08504373 0.02860665 0.03953534
v -0.11769500 0.03687719 0.02722615
v -0.09058824 0.02860665 0.03878266
v -0.09115212 0.03255184 0.04148646
v -0.09353112 0.02222620 0.03050753
v -0.09483578 0.02513687 0.03411569
v -0.09597140 0.02860665 0.03725635
v -0.09691058 0.03255184 0.03985374
v -0.10238160 0.03255184 0.03742603
v -0.10108580 0.02860666 0.03498686
v -0.10582950 0.02860666 0.03201948
v -0.10745600 0.03255184 0.03425176
v -0.11010791 0.02860666 0.02841338
v -0.11203260 0.03255184 0.03039426
v -0.11383551 0.02860666 0.02424049
v -0.11602011 0.03255184 0.02593046
v -0.11693801 0.02860666 0.01958407
v -0.11933890 0.03255184 0.02094940
v -0.11267781 0.02222620 0.01190368
v -0.11624691 0.02513687 0.01331154
v -0.11935360 0.02860666 0.01453699
v -0.12192290 0.03255184 0.01555046
v -0.12372050 0.03255184 0.00984132
v -0.12103411 0.02860666 0.00919993
v -0.12194590 0.02860666 0.00367936
v -0.12469590 0.03255184 0.00393587
v -0.12207081 0.02860666 -0.00191461
v -0.12482960 0.03255184 -0.00204809
v -0.12140641 0.02860666 -0.00747039
v -0.12411880 0.03255184 -0.00799120
v -0.12619841 0.03687719 -0.00839051
v -0.11996590 0.02860666 -0.01287716
v -0.12257791 0.03255184 -0.01377491
v -0.11138761 0.02222620 -0.01476153
v -0.11480411 0.02513687 -0.01650738
v -0.11777801 0.02860666 -0.01802705
v -0.12023751 0.03255184 -0.01928383
v -0.11714431 0.03255184 -0.02440809
v -0.11488650 0.02860666 -0.02281734
v -0.11134891 0.02860666 -0.02715249
v -0.11336011 0.03255184 -0.02904546
v -0.10723581 0.02860666 -0.03094600
v -0.10896030 0.03255184 -0.03310345
v -0.10262931 0.02860666 -0.03412221
v -0.10403261 0.03255184 -0.03650109
v -0.09762130 0.02860666 -0.03661777
v -0.09867550 0.03255184 -0.03917063
v -0.09053431 0.02222620 -0.03143000
v -0.09148452 0.02513687 -0.03514726
v -0.09231164 0.02860665 -0.03838289
v -0.09299566 0.03255184 -0.04105881
v -0.08710647 0.03255184 -0.04212796
v -0.08680626 0.02860665 -0.03938236
v -0.08121499 0.02860665 -0.03959625
v -0.08112539 0.03255184 -0.04235676
v -0.07564934 0.02860665 -0.03902028
v -0.07517173 0.03255184 -0.04174064
v -0.07022036 0.02860665 -0.03766595
v -0.06936425 0.03255183 -0.04029189
v -0.06870790 0.03687718 -0.04230520
v -0.06819979 0.02222619 -0.02911870
v -0.06650849 0.02513686 -0.03256259
v -0.06503631 0.02860665 -0.03556028
v -0.06381881 0.03255183 -0.03803942
v -0.05864599 0.03255183 -0.03502814
v -0.06020063 0.02860665 -0.03274526
v -0.06208044 0.02513686 -0.02998487
v -0.06424007 0.02222619 -0.02681361
v -0.05394902 0.03255183 -0.03131815
v -0.05580977 0.02860665 -0.02927705
v -0.07571541 0.01309115 -0.00086880
v -0.07566617 0.01309115 0.00029030
v -0.08250001 0.01270000 0.00000000
v -0.07639241 0.01309115 -0.00307939
v -0.07595983 0.01309115 -0.00200291
v -0.07700067 0.01309115 -0.00406729
v -0.07866978 0.01309115 -0.00566701
v -0.07776715 0.01309115 -0.00493818
v -0.07968261 0.01309115 -0.00623280
v -0.08077649 0.01309115 -0.00661929
v -0.08191994 0.01309115 -0.00681536
v -0.08308008 0.01309115 -0.00681536
v -0.08422354 0.01309115 -0.00661929
v -0.08531742 0.01309115 -0.00623280
v -0.08633024 0.01309115 -0.00566701
v -0.08723288 0.01309115 -0.00493818
v -0.08799936 0.01309115 -0.00406729
v -0.08860762 0.01309115 -0.00307939
v -0.08904020 0.01309115 -0.00200291
v -0.08928461 0.01309115 -0.00086880
v -0.08933385 0.01309115 0.00029030
v -0.08918650 0.01309115 0.00144105
v -0.08884677 0.01309115 0.00255034
v -0.08832447 0.01309115 0.00358626
v -0.08763462 0.01309115 0.00451902
v -0.08679705 0.01309115 0.00532177
v -0.08583584 0.01309115 0.00597142
v -0.08477869 0.01309115 0.00644928
v -0.08365599 0.01309115 0.00674161
v -0.06220557 0.01920228 -0.01785805
v -0.06297257 0.01886062 -0.01785803
v -0.06418084 0.01885700 -0.01911388
v -0.07303353 0.01447584 -0.01036434
v -0.07338325 0.01431683 -0.00977744
v -0.07488951 0.01425952 -0.01126013
v -0.07303360 0.01428577 -0.00932204
v -0.08086631 0.01273808 0.00065000
v -0.08018370 0.01275832 0.00065000
v -0.08149354 0.01271948 0.00065000
v -0.07949913 0.01277861 0.00065000
v -0.08206005 0.01270754 0.00081333
v -0.08196048 0.01270627 0.00067109
v -0.08216729 0.01270892 0.00096655
v -0.08194572 0.01270608 0.00065000
v -0.08590782 0.01618986 0.01987438
v -0.08697433 0.01885701 0.02609432
v -0.08479687 0.01425952 0.01339532
v -0.08250001 0.01271159 0.00117911
v -0.08250016 0.01271159 0.00117908
v -0.08248252 0.01271166 0.00118304
v -0.08230833 0.01271080 0.00112134
v -0.08231885 0.01271094 0.00113161
v -0.08220510 0.01270940 0.00102056
v -0.08242627 0.01271170 0.00118274
v -0.08244329 0.01271173 0.00118488
v -0.08238330 0.01271151 0.00116976
v -0.07943824 0.01278667 0.00065000
v -0.06605277 0.01520136 0.00065000
v -0.06894490 0.01432305 0.00065000
v -0.06894316 0.01433165 0.00055484
v -0.06980326 0.01406238 0.00065000
v -0.07576129 0.01327351 0.00065000
v -0.06605277 0.01520136 0.00065000
v -0.06563460 0.01519712 0.00009035
v -0.06238525 0.01631513 0.00065000
v -0.06236434 0.01627637 0.00009036
v -0.06044480 0.01690443 0.00065000
v -0.06030778 0.01695507 0.00009037
v -0.05847274 0.01772855 0.00009032
v -0.05809246 0.01788884 0.00009031
v -0.05607598 0.01894858 0.00065000
v -0.05603978 0.01888734 0.00009022
v -0.05379753 0.02001466 0.00065000
v -0.05444578 0.01966273 0.00009015
v -0.05376125 0.02011189 -0.00292828
v -0.05435898 0.01991303 -0.00362635
v -0.05372865 0.02019808 -0.00369069
v -0.05361059 0.02051010 -0.00645113
v -0.05430603 0.02006571 -0.00589335
v -0.05428888 0.02010944 -0.00608677
v -0.05341574 0.02100961 -0.00892393
v -0.05404905 0.02072118 -0.00879165
v -0.05333742 0.02121036 -0.00991773
v -0.05371822 0.02156501 -0.01252283
v -0.05377243 0.02142674 -0.01191145
v -0.07303113 0.01346796 -0.00076969
v -0.07303067 0.01345202 0.00009015
v -0.06892264 0.01432148 0.00009028
v -0.06715303 0.01469601 0.00009034
v -0.07303373 0.01387423 -0.00706529
v -0.07303371 0.01386990 -0.00701066
v -0.07303293 0.01370389 -0.00491593
v -0.07303221 0.01354745 -0.00294207
v -0.07303195 0.01349624 -0.00229589
v -0.07303138 0.01347633 -0.00122195
v -0.07303367 0.01402634 -0.00789941
v -0.07219239 0.01614401 -0.01717782
v -0.07250602 0.01599165 -0.01686071
v -0.07419426 0.01618986 -0.01837441
v -0.07252412 0.01598077 -0.01683459
v -0.07264637 0.01590734 -0.01665833
v -0.07276868 0.01581062 -0.01639486
v -0.07291166 0.01569759 -0.01608689
v -0.07295244 0.01564687 -0.01592994
v -0.07298294 0.01560897 -0.01581264
v -0.07690194 0.01425952 -0.01238434
v -0.07301667 0.01551181 -0.01547641
v -0.07303276 0.01546550 -0.01531611
v -0.07303328 0.01516668 -0.01415269
v -0.07303329 0.01514727 -0.01404624
v -0.07042728 0.01670743 -0.01785809
v -0.07049150 0.01669210 -0.01785809
v -0.07159488 0.01885700 -0.02412490
v -0.07093866 0.01658157 -0.01780407
v -0.07108973 0.01654424 -0.01778582
v -0.07181006 0.01630611 -0.01747583
v -0.07188372 0.01628049 -0.01743943
v -0.07132238 0.01647569 -0.01771690
v -0.07138292 0.01645464 -0.01768697
v -0.07205748 0.01620954 -0.01731422
v -0.07209745 0.01619013 -0.01727379
v -0.06309310 0.01880692 -0.01785803
v -0.06526139 0.01813246 -0.01785804
v -0.06767461 0.01885700 -0.02193490
v -0.06791268 0.01730776 -0.01785806
v -0.06890760 0.01707024 -0.01785807
v -0.09131993 0.01885701 0.02496280
v -0.09541180 0.01885701 0.02311316
v -0.09913221 0.01885701 0.02059860
v -0.10237420 0.01885701 0.01749145
v -0.10679261 0.02222620 0.02137934
v -0.10504441 0.01885701 0.01388110
v -0.10706601 0.01885701 0.00987143
v -0.10838090 0.01885701 0.00557776
v -0.10895131 0.01885701 0.00112364
v -0.10876070 0.01885701 -0.00336281
v -0.11459861 0.02222620 -0.00411105
v -0.10781460 0.01885701 -0.00775252
v -0.10614030 0.01885701 -0.01191921
v -0.10378590 0.01885701 -0.01574299
v -0.10081920 0.01885701 -0.01911388
v -0.09732541 0.01885701 -0.02193490
v -0.09340516 0.01885701 -0.02412490
v -0.08917116 0.01885701 -0.02562086
v -0.08474527 0.01885700 -0.02637976
v -0.08025476 0.01885700 -0.02637976
v -0.07582886 0.01885700 -0.02562086
v -0.05803916 0.02105822 -0.01785813
v -0.07741903 0.01618986 -0.01951379
v -0.08078995 0.01618986 -0.02009179
v -0.08421007 0.01618986 -0.02009179
v -0.08758101 0.01618986 -0.01951379
v -0.09080578 0.01618986 -0.01837441
v -0.09379158 0.01618986 -0.01670643
v -0.09645256 0.01618986 -0.01455784
v -0.09871216 0.01618986 -0.01199044
v -0.10050541 0.01618986 -0.00907810
v -0.10178061 0.01618986 -0.00590460
v -0.10250110 0.01618986 -0.00256124
v -0.10264631 0.01618986 0.00085580
v -0.10221190 0.01618986 0.00424823
v -0.10121041 0.01618986 0.00751844
v -0.09967061 0.01618986 0.01057235
v -0.09763689 0.01618986 0.01332214
v -0.09516770 0.01618986 0.01568864
v -0.09233410 0.01618986 0.01760384
v -0.08921759 0.01618986 0.01901259
v -0.07907542 0.01425952 -0.01315228
v -0.08134743 0.01425952 -0.01354186
v -0.08365259 0.01425952 -0.01354186
v -0.08592460 0.01425952 -0.01315228
v -0.08809810 0.01425952 -0.01238434
v -0.09011052 0.01425952 -0.01126013
v -0.09190403 0.01425952 -0.00981197
v -0.09342699 0.01425952 -0.00808155
v -0.09463560 0.01425952 -0.00611864
v -0.09549511 0.01425952 -0.00397970
v -0.09598076 0.01425952 -0.00172627
v -0.09607859 0.01425952 0.00057681
v -0.09578579 0.01425952 0.00286330
v -0.09511078 0.01425952 0.00506742
v -0.09407299 0.01425952 0.00712577
v -0.09270227 0.01425952 0.00897911
v -0.09103804 0.01425952 0.01057414
v -0.08912818 0.01425952 0.01186497
v -0.08702765 0.01425952 0.01281447
v -0.01070458 0.05685830 0.01423134
v -0.01309929 0.05809595 0.01341643
v -0.01280896 0.05776085 0.01988528
v -0.01416949 0.05625370 0.03824958
v -0.00810370 0.05403991 0.04092724
v -0.00761836 0.05460412 0.03478712
v -0.06703285 0.05312238 0.04862515
v -0.06285252 0.05437119 0.04864148
v -0.05613159 0.05290304 0.04877617
v -0.05234792 0.05482731 0.04840764
v -0.03929394 0.05337600 0.04860899
v -0.01464627 0.05206856 0.04935102
v -0.01231338 0.05380867 0.04504737
v -0.00541902 0.05213648 0.04847272
v -0.00166664 0.05503890 0.00065000
v -0.00222095 0.05509563 0.00065000
v -0.00154238 0.05501617 0.00437917
v -0.00657856 0.05567348 0.00065000
v -0.00745384 0.05592399 0.00065000
v -0.00715077 0.05580308 0.00254258
v -0.00951075 0.05651271 0.00065000
v -0.00990356 0.05668362 0.00065000
v -0.00974135 0.05659560 0.00176334
v -0.02770439 0.10997230 0.00065000
v -0.02771903 0.10979571 0.00138398
v -0.02773976 0.10837031 0.00065000
v -0.06721299 0.08002254 0.05029112
v -0.07896646 0.05335732 0.04846078
v -0.07662622 0.05682147 0.04906527
v -0.08249791 0.05342346 0.04841276
v -0.07868136 0.06033193 0.04961811
v -0.07973102 0.06434366 0.05026053
v -0.07292213 0.06763482 0.05023058
v -0.07336384 0.07207348 0.05075055
v -0.06137937 0.08265346 0.04860679
v -0.05966895 0.09013443 0.04838656
v -0.06176984 0.08822111 0.04917611
v -0.05661696 0.09054355 0.04693601
v -0.05183192 0.09274158 0.04423283
v -0.04745100 0.09491576 0.04111453
v -0.03989698 0.09911496 0.03373821
v -0.03672580 0.10107631 0.02951058
v -0.03302608 0.09815340 0.02308265
v -0.03567332 0.09627253 0.02791675
v -0.03087724 0.09987221 0.01794585
v -0.02926931 0.10143521 0.01257767
v -0.02859211 0.10777540 0.00951306
v -0.02771521 0.11245560 0.00278304
v -0.02764471 0.11267480 0.00065000
v -0.02763836 0.11296220 0.00065000
v -0.02763856 0.11293181 0.00077850
v -0.02763687 0.11302951 0.00065000
v -0.02763679 0.11305131 0.00069134
v -0.02763685 0.11305900 0.00071166
v -0.02763758 0.11307751 0.00080000
v -0.02763795 0.11307970 0.00082945
v -0.02764043 0.11307020 0.00096525
v -0.02764116 0.11306361 0.00099615
v -0.02764399 0.11302730 0.00109407
v -0.02764727 0.11295891 0.00116583
v -0.02772455 0.11289950 0.00301961
v -0.02773652 0.11289020 0.00330660
v -0.02766091 0.11277511 0.00144534
v -0.02767493 0.11142981 0.00073213
v -0.02767164 0.11145531 0.00065000
v -0.02767689 0.11121731 0.00065000
v -0.02764399 0.11302730 0.00109407
v -0.02764485 0.11301330 0.00111768
v -0.02774699 0.10436581 0.00065000
v -0.02774154 0.10828971 0.00065000
v -0.02787683 0.10915291 0.00408873
v -0.02779441 0.10413550 0.00155695
v -0.02823373 0.10285261 0.00707728
v -0.02775028 0.10199370 0.00065000
v -0.02792594 0.09828998 0.00493447
v -0.02775418 0.09919171 0.00065000
v -0.02775431 0.09909053 0.00065000
v -0.02764418 0.09404127 0.00310367
v -0.02733914 0.09003810 0.00159253
v -0.02731772 0.09020337 0.00065000
v -0.02744903 0.09162253 0.00065000
v -0.02757913 0.09451616 0.00065000
v -0.02772533 0.09776745 0.00065000
v -0.02713229 0.08532251 0.00627230
v -0.02694343 0.08615835 0.00065000
v -0.02701118 0.08689058 0.00065000
v -0.02768084 0.08902057 0.00739979
v -0.02648852 0.08164451 0.00543756
v -0.02639626 0.08224756 0.00065000
v -0.02691019 0.08579912 0.00065000
v -0.02451901 0.07411306 0.00065000
v -0.02554180 0.07787951 0.00065000
v -0.02565964 0.07784160 0.00488500
v -0.02562567 0.07829786 0.00065000
v -0.02634102 0.08186583 0.00065000
v -0.02068542 0.06554383 0.00506053
v -0.02088343 0.06596344 0.00065000
v -0.02292882 0.06969153 0.00467664
v -0.02223933 0.06837105 0.00065000
v -0.02301145 0.07006969 0.00065000
v -0.01761545 0.06168509 0.00579522
v -0.01892233 0.06317542 0.00065000
v -0.02070356 0.06564403 0.00065000
v -0.01627446 0.06046761 0.00065000
v -0.01802124 0.06215017 0.00065000
v -0.01811233 0.06223791 0.00065000
v -0.01432566 0.05898810 0.00065000
v -0.01605241 0.06025372 0.00065000
v -0.01529467 0.05956546 0.01271596
v -0.01371645 0.05854999 0.00065000
v -0.01215499 0.05765690 0.00107539
v -0.01223138 0.05769643 0.00065000
v -0.01221417 0.05768894 0.00065000
v -0.00508162 0.05538845 0.00065000
v -0.00440978 0.05527985 0.00341433
v -0.00489156 0.05536899 0.00065000
v -0.00251819 0.05473112 0.01736126
v -0.00149549 0.05379144 0.03119198
v -0.00000000 0.05297767 0.03864459
v -0.00133758 0.05317551 0.03785762
v -0.00142944 0.05247618 0.04432278
v -0.00000327 0.05177400 0.04955292
v -0.00156858 0.05210300 0.04747080
v -0.00893994 0.05288653 0.04664641
v -0.00555696 0.05188573 0.04947639
v -0.01175761 0.05201047 0.04939096
v -0.01004847 0.05197609 0.04941451
v -0.01725026 0.05272751 0.04827943
v -0.01886554 0.05215340 0.04929255
v -0.02058790 0.05378042 0.04694569
v -0.02324471 0.05224144 0.04923188
v -0.02748936 0.05232678 0.04917307
v -0.02633005 0.05234245 0.04914984
v -0.02374148 0.05498211 0.04584634
v -0.02960805 0.05359939 0.04811667
v -0.03145649 0.05240657 0.04911814
v -0.03266806 0.05501484 0.04728357
v -0.03811357 0.05823118 0.04605418
v -0.04222420 0.05496111 0.04800839
v -0.04347274 0.05264842 0.04895165
v -0.04735290 0.05836483 0.04721602
v -0.04532303 0.05268567 0.04892601
v -0.05225496 0.05282507 0.04882990
v -0.04988847 0.05277749 0.04886271
v -0.04923314 0.05276431 0.04887180
v -0.04768267 0.05273312 0.04889330
v -0.05705251 0.05807515 0.04813213
v -0.06371762 0.05305568 0.04867108
v -0.06361668 0.05305364 0.04867246
v -0.07072307 0.05319665 0.04857403
v -0.06695779 0.05737866 0.04880060
v -0.07337397 0.05372330 0.04859720
v -0.07284906 0.05323943 0.04854458
v -0.07269700 0.05323638 0.04854669
v -0.06990827 0.06044720 0.04924848
v -0.06069740 0.06116047 0.04829313
v -0.05151156 0.06174415 0.04691636
v -0.07183383 0.06379748 0.04974454
v -0.06334187 0.06410425 0.04869243
v -0.05472245 0.06479581 0.04702948
v -0.04632025 0.06503823 0.04495215
v -0.03740697 0.07012768 0.03830372
v -0.03963674 0.07307231 0.03832244
v -0.04408393 0.07073372 0.04207562
v -0.04599213 0.07337213 0.04224164
v -0.05124393 0.07064383 0.04520253
v -0.05281967 0.07335467 0.04545984
v -0.05874562 0.07042192 0.04768358
v -0.05993520 0.07377106 0.04796716
v -0.06627588 0.07080681 0.04948787
v -0.06692355 0.07505913 0.04985200
v -0.04138302 0.07579561 0.03851037
v -0.04749322 0.07605482 0.04247728
v -0.05405437 0.07652539 0.04569976
v -0.06078234 0.07782448 0.04824254
v -0.05592003 0.08508181 0.04633207
v -0.05091365 0.08742241 0.04352670
v -0.05506811 0.08040213 0.04595989
v -0.04875540 0.07914251 0.04274126
v -0.04347361 0.09705295 0.03761052
v -0.04236340 0.09204583 0.03652313
v -0.03877666 0.08084984 0.03450602
v -0.04000775 0.08403039 0.03502567
v -0.04407938 0.08165426 0.03915841
v -0.04639870 0.08975574 0.04024159
v -0.04281496 0.07855353 0.03879761
v -0.02324239 0.07057776 0.00065000
v -0.02452445 0.07384327 0.00462454
v -0.02614166 0.07705977 0.01093725
v -0.02713251 0.08074009 0.01143444
v -0.02794382 0.08428015 0.01219689
v -0.02867375 0.08782589 0.01322556
v -0.02819504 0.09287250 0.00882826
v -0.02938625 0.09152867 0.01452688
v -0.00456326 0.05426827 0.02972815
v -0.00455181 0.05372280 0.03623439
v -0.00483747 0.05312485 0.04252531
v -0.02422995 0.06192571 0.03494905
v -0.01955823 0.05886451 0.03625327
v -0.01824246 0.05988067 0.03057205
v -0.01327347 0.05698966 0.03236877
v -0.01284119 0.05741833 0.02622240
v -0.00748377 0.05506650 0.02841378
v -0.00766746 0.05549361 0.02185496
v -0.02815562 0.06530533 0.03419112
v -0.02249041 0.06315316 0.02940199
v -0.01748826 0.06046372 0.02460756
v -0.00812914 0.05587665 0.01516099
v -0.01727676 0.06123442 0.01212809
v -0.01720117 0.06086067 0.01843236
v -0.02077007 0.06451236 0.01747271
v -0.02136888 0.06394902 0.02354732
v -0.02448283 0.06766576 0.02296716
v -0.02599785 0.06667073 0.02875454
v -0.02879879 0.07022716 0.02848743
v -0.03134375 0.06875110 0.03381023
v -0.03386668 0.07204372 0.03370783
v -0.02057882 0.06501155 0.01127568
v -0.02304615 0.06908761 0.01082144
v -0.02353324 0.06843059 0.01695359
v -0.02561079 0.07235286 0.01680741
v -0.02690684 0.07139756 0.02276970
v -0.02877359 0.07497600 0.02286846
v -0.03099264 0.07363923 0.02849970
v -0.03023794 0.07834301 0.02320523
v -0.03271802 0.07683346 0.02872915
v -0.03144859 0.08156328 0.02374759
v -0.03412572 0.07987353 0.02913654
v -0.03252995 0.08479175 0.02448329
v -0.03535468 0.08293275 0.02970053
v -0.03357003 0.08821628 0.02541500
v -0.03651060 0.08622793 0.03041952
v -0.03878976 0.09423127 0.03240594
v -0.03584571 0.07508854 0.03382213
v -0.03743113 0.07795505 0.03410119
v -0.00539372 0.05516573 0.01620461
v -0.01376951 0.05858047 0.00065000
v -0.02483636 0.07316230 0.01072204
v -0.02717106 0.07610544 0.01697068
v -0.02838193 0.07964110 0.01739686
v -0.02938766 0.08303061 0.01806088
v -0.03029863 0.08642174 0.01895673
v -0.03118834 0.08998228 0.02008896
v -0.00848001 0.05358576 0.04385895
v -0.00509284 0.05274068 0.04555956
v -0.00848001 0.05358576 0.04385895
v -0.01479398 0.05564578 0.04103078
v -0.01552569 0.05483266 0.04365347
v -0.02042991 0.05811546 0.03893522
v -0.02142819 0.05720136 0.04145711
v -0.02669946 0.05634050 0.04494526
v -0.02410362 0.05860671 0.04064653
v -0.02658612 0.06014441 0.03999639
v -0.02533618 0.06110501 0.03755467
v -0.02947998 0.06445029 0.03671832
v -0.04265821 0.06169388 0.04528925
v -0.03638087 0.06578135 0.04059129
v -0.03454766 0.06688482 0.03853232
v -0.03257720 0.06236207 0.04121027
v -0.03095828 0.06347089 0.03907137
v -0.02796397 0.05905290 0.04222786
v -0.03286555 0.06787153 0.03626156
v -0.03555440 0.07112996 0.03609502
v -0.03765806 0.07411711 0.03615664
v -0.03932524 0.07690655 0.03638331
v -0.06513813 0.06721461 0.04911622
v -0.05707112 0.06755594 0.04734969
v -0.04914403 0.06800235 0.04497995
v -0.04158290 0.06781904 0.04209272
v -0.03835307 0.06455166 0.04241196
v -0.03432069 0.06111897 0.04309918
v -0.02945075 0.05783308 0.04420307
v -0.04045031 0.06318902 0.04397841
v -0.03617149 0.05973935 0.04471469
v -0.03102512 0.05648367 0.04588877
v -0.06711804 0.00986655 0.00065000
v -0.06953527 0.01088689 0.00065000
v -0.05438059 0.00823094 0.00065000
v -0.00166664 0.05503890 0.00065000
v -0.00000000 0.05499997 0.00065000
v -0.00971523 0.05413512 0.00065000
v -0.07215639 0.01161681 0.00065000
v -0.07289744 0.01182318 0.00065000
v -0.06980326 0.01406238 0.00065000
v -0.00990356 0.05668362 0.00065000
v -0.00951075 0.05651271 0.00065000
v -0.02088343 0.06596344 0.00065000
v -0.02070356 0.06564403 0.00065000
v -0.03335738 0.05758463 0.00065000
v -0.07576129 0.01327351 0.00065000
v -0.06605277 0.01520136 0.00065000
v -0.06238525 0.01631513 0.00065000
v -0.05384915 -0.01119225 0.00065000
v -0.05342260 -0.01379883 0.00065000
v -0.05396550 -0.01220137 0.00065000
v -0.06044480 0.01690443 0.00065000
v -0.05607598 0.01894858 0.00065000
v -0.05207156 0.01770734 0.00065000
v -0.05379753 0.02001466 0.00065000
v -0.04812492 0.02662684 0.00065000
v -0.05068287 0.02694452 0.00065000
v -0.04266479 0.03470895 0.00065000
v -0.00745384 0.05592399 0.00065000
v -0.00657856 0.05567348 0.00065000
v -0.00508162 0.05538845 0.00065000
v -0.08194572 0.01270608 0.00065000
v -0.08149354 0.01271948 0.00065000
v -0.07960264 0.01264069 0.00065000
v -0.08086631 0.01273808 0.00065000
v -0.08018370 0.01275832 0.00065000
v -0.06894490 0.01432305 0.00065000
v -0.07202774 0.01158099 0.00065000
v -0.05858097 0.00090267 0.00065000
v -0.05989028 0.00328733 0.00065000
v -0.06042420 0.00408908 0.00065000
v -0.06050759 0.00419218 0.00065000
v -0.06210676 0.00616915 0.00065000
v -0.06330293 0.00726375 0.00065000
v -0.06403797 0.00793639 0.00065000
v -0.06484043 0.00852768 0.00065000
v -0.05102539 -0.02052818 0.00065000
v -0.05182028 -0.01851360 0.00065000
v -0.05253435 -0.01641246 0.00065000
v -0.01912492 0.05156776 0.00065000
v -0.02793315 0.04737865 0.00065000
v -0.03584510 0.04483179 0.00065000
v -0.03586290 0.04169951 0.00065000
v -0.04145474 0.03970219 0.00065000
v -0.04650833 0.03364128 0.00065000
v -0.05625135 -0.00488926 0.00065000
v -0.05687140 -0.00311239 0.00065000
v -0.05497940 -0.00150430 0.00065000
v -0.05719673 -0.00232766 0.00065000
v -0.05839704 0.00056768 0.00065000
v -0.06505815 0.00865630 0.00065000
v -0.06707831 0.00984978 0.00065000
v -0.05430397 -0.01111865 0.00065000
v -0.05476171 -0.00965440 0.00065000
v -0.05609210 -0.00539866 0.00065000
v -0.01802124 0.06215017 0.00065000
v -0.01627446 0.06046761 0.00065000
v -0.01605241 0.06025372 0.00065000
v -0.01432566 0.05898810 0.00065000
v -0.01376951 0.05858047 0.00065000
v -0.01371645 0.05854999 0.00065000
v -0.01223138 0.05769643 0.00065000
v -0.01221417 0.05768894 0.00065000
v -0.07615097 0.01235683 0.00065000
v -0.07846946 0.01254750 0.00065000
v -0.07943824 0.01278667 0.00065000
v -0.07949913 0.01277861 0.00065000
v -0.06119233 0.00503869 0.00065000
v -0.06178749 0.00577445 0.00065000
v -0.00489156 0.05536899 0.00065000
v -0.00222095 0.05509563 0.00065000
v -0.02639626 0.08224756 0.00065000
v -0.02634102 0.08186583 0.00065000
v -0.03016236 0.07867708 0.00065000
v -0.03379469 0.05501407 0.00065000
v -0.01892233 0.06317542 0.00065000
v -0.01811233 0.06223791 0.00065000
v -0.02562567 0.07829786 0.00065000
v -0.02554180 0.07787951 0.00065000
v -0.03082844 0.07381511 0.00065000
v -0.02451901 0.07411306 0.00065000
v -0.03178881 0.06680488 0.00065000
v -0.02324239 0.07057776 0.00065000
v -0.02301145 0.07006969 0.00065000
v -0.02223933 0.06837105 0.00065000
v -0.02772533 0.09776745 0.00065000
v -0.02897565 0.09013627 0.00065000
v -0.02775431 0.09909053 0.00065000
v -0.02814867 0.10111621 0.00065000
v -0.02775418 0.09919171 0.00065000
v -0.02731772 0.09020337 0.00065000
v -0.02904489 0.08921695 0.00065000
v -0.02744903 0.09162253 0.00065000
v -0.02757913 0.09451616 0.00065000
v -0.02791616 0.10652851 0.00065000
v -0.02774699 0.10436581 0.00065000
v -0.02775028 0.10199370 0.00065000
v -0.02701118 0.08689058 0.00065000
v -0.02694343 0.08615835 0.00065000
v -0.02691019 0.08579912 0.00065000
v -0.02764471 0.11267480 0.00065000
v -0.02763836 0.11296220 0.00065000
v -0.02763687 0.11302951 0.00065000
v -0.02767164 0.11145531 0.00065000
v -0.02767689 0.11121731 0.00065000
v -0.02770439 0.10997230 0.00065000
v -0.02773976 0.10837031 0.00065000
v -0.02774154 0.10828971 0.00065000
v -0.04610474 -0.02998918 0.00072473
v -0.04813022 -0.02655212 0.00066353
v 0.04626391 0.02974300 0.00064999
v -0.04857798 -0.02579233 0.00065000
v -0.04942996 -0.02401096 0.00065000
v -0.05056448 -0.02163887 0.00065000
v 0.05382328 -0.01131590 0.00064999
v 0.05190647 -0.01818558 0.00064999
v 0.01758551 -0.05211282 0.00065000
v -0.03027478 -0.04591769 0.00065000
v -0.03596204 -0.04161404 0.00065000
v -0.05061657 -0.02151340 0.00065000
v 0.04202616 0.03547954 0.00064999
v 0.03708171 0.04061948 0.00064999
v 0.01069419 -0.05395027 0.00065000
v -0.04104459 -0.03661064 0.00065000
v -0.04543696 -0.03099161 0.00065000
v 0.00362305 -0.05488051 0.00065000
v -0.00350902 -0.05488792 0.00065000
v -0.01058207 -0.05397237 0.00065000
v -0.01747720 -0.05214926 0.00065000
v -0.02407843 -0.04944922 0.00065000
v 0.04972372 0.02350633 0.00064999
v 0.05234741 0.01687438 0.00064999
v 0.05409085 0.00995868 0.00064999
v 0.04911683 -0.02474944 0.00064999
v 0.04550125 -0.03089713 0.00064999
v 0.04112057 -0.03652527 0.00064999
v 0.03604843 -0.04153923 0.00064999
v 0.03037011 -0.04585469 0.00064999
v 0.02418112 -0.04939908 0.00065000
v 0.00500213 0.05477202 0.00065000
v 0.01204764 0.05366424 0.00065000
v 0.01889057 0.05165407 0.00065000
v 0.05492475 0.00287554 0.00064999
v 0.05483506 -0.00425598 0.00064999
v 0.02541584 0.04877531 0.00065000
v 0.03151374 0.04507638 0.00064999
v -0.02850582 0.11897351 -0.00100000
v -0.02753047 0.11897351 -0.00100000
v -0.02850582 0.12195000 -0.00000000
v -0.02750136 0.12195000 -0.00000000
v -0.02850582 0.12195000 -0.00000000
v -0.02750136 0.12195000 -0.00000000
v -0.02850582 0.11897351 0.00100000
v -0.02752128 0.11956881 0.00080000
v -0.02753047 0.11897351 0.00100000
v -0.02753047 0.11897351 -0.00100000
v -0.02850582 0.11897351 -0.00100000
v -0.02752138 0.11897351 -0.00000000
v -0.02850582 0.11897351 0.00100000
v -0.02752720 0.11897351 0.00080000
v -0.02753047 0.11897351 0.00100000
v -0.02850582 0.12195000 -0.00000000
v -0.02850582 0.11897351 0.00100000
v -0.02850582 0.11897351 -0.00100000
v 0.05400000 -0.00100000 0.00462650
v 0.05497113 -0.00100000 0.00462650
v 0.05400000 -0.00000000 0.00164999
v 0.05499902 -0.00000000 0.00164999
v 0.05400000 -0.00000000 0.00164999
v 0.05499902 -0.00000000 0.00164999
v 0.05400000 0.00100000 0.00462650
v 0.05497113 0.00100000 0.00462650
v 0.05400000 0.00100000 0.00462650
v 0.05497113 0.00100000 0.00462650
v 0.05400000 -0.00100000 0.00462650
v 0.05497113 -0.00100000 0.00462650
v 0.05400000 -0.00000000 0.00164999
v 0.05400000 0.00100000 0.00462650
v 0.05400000 -0.00100000 0.00462650
v -0.00561627 0.04481886 0.08500365
v -0.00509257 0.04451419 0.08592051
v -0.00221668 0.04479669 0.08593386
v 0.00656870 0.04520283 0.08326371
v 0.00658009 0.04520743 0.08323990
v 0.00217745 0.04479862 0.08593386
v 0.00658009 0.04520743 0.08323990
v 0.00658090 0.04520776 0.08323822
v 0.00658701 0.04521297 0.08321492
v 0.00659286 0.04521795 0.08319263
v 0.00659465 0.04522295 0.08317237
v 0.00659399 0.04522513 0.08316434
v 0.00659060 0.04523620 0.08312355
v 0.00658804 0.04523911 0.08311373
v 0.00658544 0.04524206 0.08310376
v 0.00656839 0.04525408 0.08306660
v 0.00656528 0.04525628 0.08305981
v 0.00655418 0.04526198 0.08304378
v 0.00653710 0.04526887 0.08302646
v 0.00652019 0.04527568 0.08300930
v 0.00650629 0.04528024 0.08299923
v 0.00649735 0.04528265 0.08299473
v 0.00646320 0.04529188 0.08297763
v 0.00645023 0.04529471 0.08297372
v 0.00644371 0.04529614 0.08297177
v 0.00642440 0.04529948 0.08296939
v 0.00639800 0.04530404 0.08296617
v 0.00420249 0.04556178 0.08295974
v 0.00339653 0.04351750 0.08881232
v 0.00462761 0.04433803 0.08666328
v 0.00504937 0.04452593 0.08592461
v 0.00000018 0.04374814 0.08860466
v 0.00140675 0.04368519 0.08869030
v 0.00212003 0.04362508 0.08873404
v -0.00199680 0.04375883 0.08848407
v -0.00216505 0.04375259 0.08847393
v -0.00368637 0.04369610 0.08838228
v -0.00643755 0.04530270 0.08294926
v -0.00646273 0.04529871 0.08295086
v -0.00646273 0.04529871 0.08295086
v -0.00646404 0.04529844 0.08295121
v -0.00648942 0.04529319 0.08295759
v -0.00650725 0.04528951 0.08296209
v -0.00652601 0.04528472 0.08297033
v -0.00653674 0.04528136 0.08297747
v -0.00656636 0.04527210 0.08299714
v -0.00657781 0.04526767 0.08300802
v -0.00658173 0.04526616 0.08301175
v -0.00660884 0.04525281 0.08304858
v -0.00661018 0.04525215 0.08305040
v -0.00661935 0.04524601 0.08306916
v -0.00662704 0.04523796 0.08309607
v -0.00663270 0.04523204 0.08311587
v -0.00663468 0.04522728 0.08313318
v -0.00663403 0.04522397 0.08314624
v -0.00661972 0.04520643 0.08322162
v -0.00660965 0.04520155 0.08324588
v -0.00662764 0.04521028 0.08320253
v -0.00662883 0.04521147 0.08319729
v -0.00663222 0.04521488 0.08318232
v 0.00221912 0.04565364 0.08295743
v 0.00000018 0.04575642 0.08295483
v -0.00226129 0.04569598 0.08295399
v -0.00245223 0.04569088 0.08295392
v -0.00227867 -0.00644930 0.11065880
v -0.00115597 -0.00674162 0.11065880
v -0.00000000 -0.00000001 0.11105001
v -0.00333583 -0.00597142 0.11065880
v -0.00429702 -0.00532176 0.11065880
v -0.00513460 -0.00451902 0.11065880
v -0.00582446 -0.00358627 0.11065880
v -0.00634676 -0.00255034 0.11065880
v -0.00668648 -0.00144105 0.11065880
v -0.00683384 -0.00029031 0.11065880
v -0.00678460 0.00086880 0.11065880
v -0.00654018 0.00200291 0.11065880
v -0.00610761 0.00307939 0.11065880
v -0.00549934 0.00406729 0.11065880
v -0.00473286 0.00493818 0.11065880
v -0.00383023 0.00566700 0.11065880
v -0.00281741 0.00623280 0.11065880
v -0.00172353 0.00661929 0.11065880
v -0.00058007 0.00681535 0.11065880
v 0.00058008 0.00681535 0.11065880
v 0.00172353 0.00661929 0.11065880
v 0.00281741 0.00623280 0.11065880
v 0.00383023 0.00566700 0.11065880
v 0.00473286 0.00493818 0.11065880
v 0.00549934 0.00406729 0.11065880
v 0.00610761 0.00307939 0.11065880
v 0.00654018 0.00200291 0.11065880
v 0.00678460 0.00086880 0.11065880
v 0.00683384 -0.00029031 0.11065880
v 0.00668648 -0.00144106 0.11065880
v 0.00634676 -0.00255034 0.11065880
v 0.00582445 -0.00358627 0.11065880
v 0.00513460 -0.00451902 0.11065880
v 0.00429702 -0.00532176 0.11065880
v 0.00333584 -0.00597142 0.11065880
v 0.00227867 -0.00644930 0.11065880
v 0.00115597 -0.00674162 0.11065880
v -0.00000000 -0.00684000 0.11065880
v -0.02880394 -0.00057645 0.10362291
v -0.02916348 -0.00128819 0.10341661
v -0.02645128 -0.00112364 0.10489300
v -0.03170824 -0.00685493 0.10152370
v -0.03143501 -0.00801469 0.10152381
v -0.02588091 -0.00557776 0.10489300
v -0.02456599 -0.00987143 0.10489300
v -0.02992480 -0.00279531 0.10297970
v -0.03084729 -0.00489517 0.10222661
v -0.03169843 -0.00683262 0.10153171
v -0.02920589 -0.00137215 0.10339220
v -0.02597084 0.00490393 0.10489281
v -0.02658822 0.00372574 0.10466070
v -0.02626070 0.00336281 0.10489300
v -0.02676303 0.00339214 0.10459501
v -0.02776831 0.00147370 0.10421721
v -0.01800535 0.00907810 0.10756010
v -0.02324785 0.01116105 0.10522541
v -0.01928056 0.00590460 0.10756010
v -0.02421645 0.00857376 0.10527231
v -0.02568905 0.00544169 0.10499871
v -0.02000111 0.00256123 0.10756010
v -0.02469535 0.00755519 0.10518330
v -0.02448234 0.00800824 0.10522291
v -0.02254266 0.01385667 0.10489281
v -0.02258788 0.01358865 0.10494931
v -0.01621216 0.01199044 0.10756010
v -0.02294898 0.01226040 0.10510041
v -0.02311280 0.01165782 0.10516891
v -0.01831917 0.01911388 0.10489300
v -0.02184697 0.02285558 0.10200570
v -0.02184292 0.02114217 0.10274061
v -0.02184013 0.01995925 0.10324811
v -0.02208805 0.01655111 0.10432461
v -0.02128593 0.01574299 0.10489300
v -0.02211938 0.01636543 0.10436371
v 0.00447431 -0.02609432 0.10489300
v -0.00000000 -0.02647514 0.10489300
v 0.00038115 -0.03243838 0.10152381
v 0.00548041 -0.03195221 0.10152381
v 0.00575557 -0.03192598 0.10152381
v 0.00881991 -0.02496280 0.10489300
v 0.01080364 -0.03057407 0.10152381
v 0.01097057 -0.03052936 0.10152381
v 0.01291178 -0.02311318 0.10489300
v 0.01588173 -0.02828719 0.10152381
v 0.01663220 -0.02059860 0.10489300
v 0.02035304 -0.02526160 0.10152381
v 0.02426066 -0.02153636 0.10152381
v 0.01987414 -0.01749146 0.10489300
v 0.02434330 -0.02142598 0.10152381
v 0.02749637 -0.01721466 0.10152381
v 0.02254435 -0.01388110 0.10489300
v 0.02760702 -0.01700005 0.10152381
v 0.02997053 -0.01241618 0.10152381
v 0.02456599 -0.00987143 0.10489300
v 0.03007564 -0.01208748 0.10152381
v 0.03161464 -0.00727385 0.10152381
v 0.02588090 -0.00557776 0.10489300
v 0.03167853 -0.00682968 0.10152381
v 0.03238318 -0.00193004 0.10152381
v 0.02645127 -0.00112364 0.10489300
v 0.03237004 -0.00137781 0.10152381
v 0.03225482 0.00346721 0.10152381
v 0.02626069 0.00336281 0.10489300
v 0.03213066 0.00411143 0.10152381
v 0.03123314 0.00876844 0.10152381
v 0.02531464 0.00775252 0.10489300
v 0.03096763 0.00948032 0.10152381
v 0.02934645 0.01382682 0.10152381
v 0.02364033 0.01191920 0.10489300
v 0.02891468 0.01457463 0.10152381
v 0.02664697 0.01850225 0.10152381
v 0.02128593 0.01574299 0.10489300
v 0.02603112 0.01924811 0.10152381
v 0.02320950 0.02266526 0.10152381
v 0.01831917 0.01911388 0.10489300
v 0.02240004 0.02336659 0.10152381
v 0.01912922 0.02620053 0.10152381
v 0.01482541 0.02193490 0.10489300
v 0.01812605 0.02681191 0.10152381
v 0.01451914 0.02901016 0.10152381
v 0.01090514 0.02412489 0.10489300
v 0.01333210 0.02948528 0.10152381
v 0.00950694 0.03101633 0.10152381
v 0.00667115 0.02562085 0.10489300
v 0.00815611 0.03131006 0.10152381
v 0.00423144 0.03216348 0.10152381
v 0.00224525 0.02637975 0.10489300
v 0.00274689 0.03223405 0.10152381
v -0.00116125 0.03241984 0.10152381
v -0.00224525 0.02637975 0.10489300
v -0.00274004 0.03223089 0.10152381
v -0.00652178 0.03177831 0.10152381
v -0.00667115 0.02562085 0.10489300
v -0.00814701 0.03130087 0.10152381
v -0.01170168 0.03025665 0.10152381
v -0.01090513 0.02412489 0.10489300
v -0.02184964 0.02397842 0.10152401
v -0.02095475 0.02476476 0.10152381
v -0.01810635 0.02679372 0.10152381
v -0.01482541 0.02193490 0.10489300
v -0.01655751 0.02789702 0.10152381
v -0.01331865 0.02947091 0.10152381
v -0.03003199 -0.01207173 0.10152381
v -0.02967052 -0.01311699 0.10152381
v -0.02254435 -0.01388110 0.10489300
v -0.02756439 -0.01697624 0.10152381
v -0.02708428 -0.01785599 0.10152381
v -0.01987415 -0.01749146 0.10489300
v -0.02430317 -0.02139409 0.10152381
v -0.02374793 -0.02210046 0.10152381
v -0.01663221 -0.02059860 0.10489300
v -0.02034182 -0.02519814 0.10152381
v -0.01975386 -0.02573287 0.10152381
v -0.01291179 -0.02311318 0.10489300
v -0.01579394 -0.02827886 0.10152381
v -0.01521269 -0.02865256 0.10152381
v -0.00881992 -0.02496280 0.10489300
v -0.01079007 -0.03054739 0.10152381
v -0.01025019 -0.03077870 0.10152381
v -0.00447432 -0.02609432 0.10489300
v -0.00547383 -0.03193829 0.10152381
v -0.00500381 -0.03205240 0.10152381
v 0.00000210 -0.03241122 0.10152381
v -0.01395256 0.01455783 0.10756010
v -0.01129158 0.01670642 0.10756010
v -0.00830576 0.01837440 0.10756010
v -0.00508099 0.01951378 0.10756010
v -0.00171006 0.02009178 0.10756010
v 0.00171006 0.02009178 0.10756010
v 0.00508099 0.01951378 0.10756010
v 0.00830576 0.01837440 0.10756010
v 0.01129158 0.01670642 0.10756010
v 0.01395256 0.01455783 0.10756010
v 0.01621215 0.01199044 0.10756010
v 0.01800535 0.00907810 0.10756010
v 0.01928056 0.00590460 0.10756010
v 0.02000111 0.00256123 0.10756010
v 0.02014626 -0.00085581 0.10756010
v 0.01971184 -0.00424824 0.10756010
v 0.01871036 -0.00751845 0.10756010
v 0.01717059 -0.01057236 0.10756010
v 0.01513688 -0.01332213 0.10756010
v 0.01266769 -0.01568864 0.10756010
v 0.00983409 -0.01760384 0.10756010
v 0.00671757 -0.01901259 0.10756010
v 0.00340780 -0.01987439 0.10756010
v -0.00000000 -0.02016443 0.10756010
v -0.00340781 -0.01987439 0.10756010
v -0.00671758 -0.01901259 0.10756010
v -0.00983409 -0.01760384 0.10756010
v -0.01266770 -0.01568864 0.10756010
v -0.01513688 -0.01332213 0.10756010
v -0.01717061 -0.01057236 0.10756010
v -0.01871036 -0.00751845 0.10756010
v -0.01971185 -0.00424824 0.10756010
v -0.02014627 -0.00085581 0.10756010
v -0.00229686 -0.01339532 0.10949051
v -0.00452764 -0.01281448 0.10949051
v -0.00662818 -0.01186497 0.10949051
v -0.00853802 -0.01057414 0.10949051
v -0.01020225 -0.00897911 0.10949051
v -0.01157298 -0.00712578 0.10949051
v -0.01261078 -0.00506743 0.10949051
v -0.01328578 -0.00286331 0.10949051
v -0.01357857 -0.00057681 0.10949051
v -0.01348074 0.00172627 0.10949051
v -0.01299509 0.00397970 0.10949051
v -0.01213560 0.00611864 0.10949051
v -0.01092698 0.00808155 0.10949051
v -0.00940402 0.00981197 0.10949051
v -0.00761051 0.01126012 0.10949051
v -0.00559808 0.01238434 0.10949051
v -0.00342459 0.01315228 0.10949051
v -0.00115258 0.01354185 0.10949051
v 0.00115258 0.01354185 0.10949051
v 0.00342459 0.01315228 0.10949051
v 0.00559807 0.01238434 0.10949051
v 0.00761052 0.01126012 0.10949051
v 0.00940401 0.00981197 0.10949051
v 0.01092698 0.00808155 0.10949051
v 0.01213559 0.00611864 0.10949051
v 0.01299509 0.00397970 0.10949051
v 0.01348074 0.00172627 0.10949051
v 0.01357858 -0.00057681 0.10949051
v 0.01328578 -0.00286331 0.10949051
v 0.01261076 -0.00506743 0.10949051
v 0.01157298 -0.00712578 0.10949051
v 0.01020224 -0.00897911 0.10949051
v 0.00853802 -0.01057414 0.10949051
v 0.00662817 -0.01186497 0.10949051
v 0.00452764 -0.01281448 0.10949051
v 0.00229686 -0.01339532 0.10949051
v -0.00000000 -0.01359082 0.10949051
v -0.02924132 -0.00059417 0.10343851
v -0.02914018 0.00363005 0.10336721
v -0.02458737 0.02330458 0.10055141
v -0.02565885 0.02217142 0.10057020
v -0.02579175 0.02177879 0.10069160
v -0.03382439 0.00257329 0.10050141
v -0.03353663 0.00511793 0.10051641
v -0.03369828 0.00368853 0.10050801
v -0.03371642 0.00352808 0.10050701
v -0.03346914 0.00554514 0.10052021
v -0.02882808 0.00799167 0.10306591
v -0.03307651 0.00733146 0.10054091
v -0.03209620 0.01100823 0.10058501
v -0.03213676 0.01087695 0.10058340
v -0.03195011 0.01142650 0.10058980
v -0.02820223 0.01247684 0.10255231
v -0.03144685 0.01263021 0.10059971
v -0.03269284 0.00907702 0.10056110
v -0.03292226 0.00803324 0.10054901
v -0.02718794 0.01706029 0.10179861
v -0.02917432 0.01724769 0.10061721
v -0.03036066 0.01515795 0.10061901
v -0.03055919 0.01475332 0.10061731
v -0.03076448 0.01426233 0.10061320
v -0.02698320 0.02054880 0.10059370
v -0.02744318 0.01995584 0.10060171
v -0.02858416 0.01828726 0.10061621
v -0.02902858 0.01750441 0.10061690
v -0.02590007 0.02191631 0.10057441
v -0.02598910 0.02180995 0.10057600
v -0.02620423 0.02155295 0.10058011
v -0.02184560 0.02582172 0.10057721
v -0.02184534 0.02593745 0.10051771
v -0.02193615 0.02586070 0.10051771
v -0.02184964 0.02397842 0.10152401
v -0.02344371 0.02451408 0.10053131
v -0.03392005 -0.00000054 0.10049860
v -0.03389460 -0.00083967 0.10050071
v -0.03385876 -0.00202119 0.10050361
v -0.03358193 -0.00449722 0.10051510
v -0.03351596 -0.00508725 0.10051781
v -0.03347209 -0.00547963 0.10051961
v -0.03294106 -0.00806320 0.10051900
v -0.03232289 -0.00825609 0.10088570
v -0.03271835 -0.00891606 0.10051771
v -0.03267743 -0.00906429 0.10051771
v 0.03299817 -0.00759333 0.10051760
v 0.02512757 -0.02277268 0.10051760
v 0.02534595 -0.02250101 0.10051760
v -0.03191609 -0.01146075 0.10051761
v -0.03099367 -0.01370261 0.10051771
v -0.03090977 -0.01390652 0.10051771
v -0.02858440 -0.01824587 0.10051771
v -0.03074090 -0.01431694 0.10051771
v -0.03055575 -0.01470798 0.10051771
v -0.02881525 -0.01787904 0.10051771
v -0.02829348 -0.01865213 0.10051771
v -0.02820105 -0.01878120 0.10051771
v -0.02430317 -0.02139409 0.10152381
v -0.02647883 -0.02118631 0.10051761
v -0.02620595 -0.02152292 0.10051761
v -0.02478992 -0.02307073 0.10051761
v -0.02475382 -0.02311017 0.10051761
v -0.02376470 -0.02419135 0.10051771
v -0.02345417 -0.02449252 0.10051771
v -0.02071179 -0.02685153 0.10051761
v -0.02066284 -0.02688879 0.10051761
v -0.02064918 -0.02689919 0.10051761
v -0.01599020 -0.02985797 0.10051761
v -0.01699103 -0.02934778 0.10051761
v -0.01736360 -0.02912894 0.10051761
v -0.02036569 -0.02711496 0.10051761
v -0.01070372 -0.03214365 0.10051761
v -0.01088568 -0.03207681 0.10051761
v -0.01588262 -0.02991281 0.10051761
v -0.01376777 -0.03099086 0.10051761
v -0.01337189 -0.03116373 0.10051761
v -0.00604134 -0.03336900 0.10051761
v -0.00955947 -0.03253624 0.10051761
v -0.00997570 -0.03241101 0.10051761
v 0.00000018 -0.03391148 0.10051761
v -0.00561320 -0.03344368 0.10051761
v -0.00553111 -0.03345299 0.10051761
v -0.00522860 -0.03348730 0.10051761
v -0.00202086 -0.03385132 0.10051751
v 0.00460637 -0.03359714 0.10051761
v 0.00600783 -0.03332820 0.10051761
v 0.00039844 -0.03390835 0.10051761
v 0.00053110 -0.03390732 0.10051761
v 0.00413948 -0.03365782 0.10051761
v 0.00660700 -0.03321321 0.10051761
v 0.00815767 -0.03291565 0.10051761
v 0.01145960 -0.03188667 0.10051761
v 0.01198602 -0.03172263 0.10051761
v 0.01295856 -0.03128781 0.10051761
v 0.01564674 -0.03008597 0.10051761
v 0.01657777 -0.02952951 0.10051761
v 0.01883187 -0.02818228 0.10051751
v 0.01908876 -0.02802875 0.10051751
v 0.02124425 -0.02636598 0.10051760
v 0.02226378 -0.02557951 0.10051760
v 0.02393873 -0.02393787 0.10051760
v 0.02764000 -0.01964743 0.10051751
v 0.03274529 -0.00881662 0.10051760
v 0.02815922 -0.01881702 0.10051760
v 0.02869274 -0.01796373 0.10051760
v 0.02976590 -0.01624739 0.10051760
v 0.03131070 -0.01297032 0.10051751
v 0.03131148 -0.01296864 0.10051751
v 0.03147572 -0.01262025 0.10051751
v 0.03387040 -0.00000150 0.10051760
v 0.03376819 0.00311333 0.10051760
v 0.03369100 0.00362041 0.10051760
v 0.03320268 -0.00660410 0.10051760
v 0.03355710 -0.00488970 0.10051760
v 0.03380374 -0.00201347 0.10051760
v 0.03389969 -0.00089444 0.10051760
v 0.03323557 0.00661191 0.10051760
v 0.03316468 0.00707760 0.10051760
v 0.03259232 0.00915028 0.10051760
v 0.03209731 0.01094286 0.10051760
v 0.03127560 0.01295486 0.10051760
v 0.03066540 0.01444898 0.10051760
v 0.03058120 0.01465514 0.10051760
v 0.02863752 0.01816251 0.10051760
v 0.02816546 0.01881766 0.10051760
v 0.02781112 0.01930943 0.10051760
v 0.02629333 0.02141587 0.10051770
v 0.02422993 0.02366362 0.10051770
v 0.02395822 0.02395960 0.10051770
v 0.02358159 0.02436987 0.10051760
v 0.02054006 0.02698302 0.10051770
v 0.01997786 0.02736066 0.10051770
v 0.01296534 0.03129703 0.10051770
v 0.01880729 0.02814693 0.10051770
v 0.01721134 0.02921893 0.10051770
v 0.01515097 0.03027378 0.10051770
v 0.01364200 0.03104632 0.10051770
v 0.00993672 0.03241917 0.10051770
v 0.00988187 0.03243949 0.10051770
v 0.00660848 0.03322858 0.10051770
v 0.00598359 0.03337923 0.10051770
v 0.00441659 0.03356531 0.10051770
v 0.00200165 0.03385210 0.10051770
v -0.00596752 0.03338147 0.10051771
v -0.00583697 0.03340514 0.10051771
v 0.00000018 0.03391128 0.10051770
v -0.00121255 0.03385868 0.10051771
v -0.00294032 0.03378374 0.10051761
v -0.01173243 0.03176601 0.10051771
v -0.01019027 0.03234407 0.10051771
v -0.00626591 0.03332735 0.10051771
v -0.00681145 0.03319436 0.10051771
v -0.00977748 0.03247127 0.10051761
v -0.01716426 0.02924505 0.10051771
v -0.01397389 0.03089828 0.10051771
v -0.01357845 0.03107408 0.10051771
v -0.01221586 0.03158482 0.10051771
v -0.01718584 0.02923386 0.10051771
v -0.01730777 0.02916113 0.10051771
v -0.01756036 0.02901046 0.10051771
v -0.02054822 0.02697685 0.10051771
f 1 2 3
f 4 5 6
f 7 8 9
f 8 10 9
f 9 10 11
f 12 13 14
f 11 15 9
f 15 16 9
f 9 16 17
f 7 18 8
f 18 19 8
f 8 19 4
f 19 20 4
f 4 20 5
f 14 21 12
f 21 22 12
f 12 22 4
f 22 23 4
f 4 23 8
f 1 3 24
f 3 25 24
f 24 25 13
f 25 26 13
f 13 26 14
f 27 28 29
f 30 31 32
f 31 33 32
f 30 34 31
f 34 35 31
f 31 35 36
f 27 29 31
f 29 37 31
f 31 37 33
f 36 38 31
f 38 39 31
f 31 39 6
f 39 40 6
f 6 40 4
f 41 42 43
f 43 42 44
f 45 46 47
f 46 48 47
f 49 50 47
f 50 51 47
f 47 51 45
f 52 53 43
f 47 54 49
f 54 55 49
f 49 55 56
f 55 57 56
f 58 59 60
f 42 61 44
f 61 62 44
f 44 62 48
f 62 63 48
f 48 63 47
f 55 64 57
f 64 65 57
f 57 65 66
f 65 67 66
f 66 67 68
f 67 69 68
f 68 69 70
f 71 72 73
f 74 75 68
f 75 76 68
f 68 76 77
f 78 58 79
f 58 60 79
f 79 60 43
f 60 80 43
f 43 80 81
f 81 82 43
f 82 83 43
f 43 83 52
f 43 84 85
f 53 86 43
f 86 87 43
f 43 87 88
f 88 89 43
f 89 90 43
f 43 90 84
f 85 91 43
f 91 92 43
f 43 92 41
f 70 93 68
f 93 94 68
f 68 94 71
f 95 96 68
f 96 97 68
f 97 98 68
f 98 99 68
f 68 99 74
f 71 73 68
f 73 100 68
f 68 100 95
f 101 102 103
f 102 104 103
f 103 104 105
f 104 106 105
f 105 106 107
f 106 108 107
f 109 110 111
f 110 112 111
f 111 112 113
f 112 114 113
f 114 115 113
f 113 115 116
f 115 117 116
f 116 117 108
f 117 118 108
f 108 118 107
f 109 119 110
f 119 120 110
f 110 120 121
f 120 122 121
f 121 122 123
f 124 125 126
f 127 128 126
f 129 130 131
f 132 133 128
f 134 135 136
f 137 138 139
f 138 140 139
f 132 128 141
f 128 127 141
f 141 127 142
f 127 143 144
f 142 127 145
f 127 144 145
f 145 144 146
f 147 148 149
f 148 150 149
f 149 150 151
f 150 152 151
f 151 152 153
f 129 131 154
f 131 147 154
f 154 147 155
f 156 157 149
f 157 158 149
f 158 159 149
f 149 159 147
f 159 160 147
f 147 160 155
f 124 161 125
f 161 162 125
f 125 162 163
f 164 165 124
f 165 166 124
f 124 166 167
f 167 168 124
f 168 169 124
f 124 169 161
f 163 156 125
f 156 149 125
f 125 149 126
f 149 151 126
f 126 151 127
f 151 153 127
f 127 153 143
f 170 171 172
f 171 139 172
f 172 139 136
f 139 140 136
f 136 140 134
f 133 137 128
f 137 139 128
f 128 139 126
f 139 171 126
f 126 171 124
f 171 170 124
f 124 170 164
f 173 174 175
f 176 177 178
f 179 180 181
f 180 182 181
f 181 182 183
f 184 185 182
f 185 186 182
f 182 186 183
f 187 188 182
f 189 190 180
f 190 191 180
f 180 191 182
f 191 192 182
f 182 192 187
f 188 193 182
f 193 194 182
f 182 194 184
f 189 180 195
f 180 196 195
f 195 196 197
f 197 196 198
f 196 199 198
f 198 199 200
f 200 199 201
f 199 202 201
f 201 202 203
f 203 202 204
f 202 205 204
f 204 205 206
f 206 205 207
f 205 208 207
f 207 208 209
f 210 211 212
f 211 209 212
f 212 209 213
f 209 208 213
f 213 208 214
f 208 215 214
f 177 216 178
f 216 217 178
f 178 217 218
f 219 220 221
f 220 219 222
f 219 223 222
f 222 223 224
f 225 226 227
f 226 228 227
f 173 175 228
f 229 230 231
f 230 232 231
f 216 215 217
f 215 208 217
f 217 208 218
f 208 205 218
f 218 205 233
f 205 202 233
f 233 202 234
f 202 199 234
f 234 199 235
f 199 196 235
f 235 196 231
f 196 180 231
f 231 180 229
f 180 179 229
f 236 237 238
f 239 219 240
f 219 221 240
f 240 221 241
f 236 242 237
f 242 243 237
f 237 243 239
f 243 244 239
f 239 244 219
f 244 245 219
f 219 245 223
f 228 175 227
f 175 246 227
f 227 246 247
f 246 248 247
f 248 249 247
f 247 249 238
f 249 250 238
f 238 250 236
f 241 176 240
f 176 178 240
f 240 178 239
f 178 218 239
f 239 218 237
f 218 233 237
f 237 233 238
f 233 234 238
f 238 234 247
f 234 235 247
f 247 235 227
f 235 231 227
f 227 231 251
f 231 232 251
f 252 253 254
f 253 255 254
f 254 255 256
f 255 257 256
f 256 257 258
f 257 259 258
f 258 259 260
f 259 261 260
f 260 261 262
f 261 263 262
f 262 263 264
f 263 265 264
f 264 265 266
f 265 267 266
f 266 267 268
f 267 269 268
f 268 269 270
f 269 271 270
f 270 271 272
f 271 273 272
f 272 273 274
f 273 275 274
f 274 275 276
f 275 277 276
f 276 277 278
f 277 279 278
f 278 279 280
f 279 281 280
f 282 283 284
f 283 285 284
f 284 285 286
f 285 287 286
f 286 287 288
f 287 289 288
f 288 289 290
f 289 291 290
f 290 291 292
f 291 293 292
f 292 293 252
f 293 294 252
f 252 294 253
f 295 296 297
f 297 298 295
f 298 299 295
f 295 299 300
f 299 282 300
f 300 282 301
f 282 284 301
f 296 295 302
f 295 303 302
f 302 303 304
f 303 305 304
f 305 306 304
f 304 306 307
f 306 308 307
f 307 308 309
f 308 310 309
f 309 310 311
f 310 312 311
f 311 312 313
f 314 315 316
f 315 317 316
f 316 317 318
f 317 319 318
f 318 319 320
f 319 321 320
f 320 321 322
f 316 323 314
f 323 324 314
f 314 324 325
f 324 326 325
f 325 326 327
f 326 328 327
f 327 328 329
f 328 330 329
f 329 330 331
f 330 332 331
f 331 332 313
f 332 333 313
f 313 333 311
f 334 335 336
f 322 321 335
f 321 337 335
f 335 337 336
f 338 339 340
f 339 341 340
f 340 341 342
f 341 334 342
f 342 334 343
f 334 336 343
f 344 345 346
f 346 347 344
f 347 348 344
f 344 348 349
f 349 350 344
f 350 351 344
f 344 351 352
f 340 353 338
f 353 354 338
f 338 354 355
f 354 356 355
f 355 356 357
f 356 358 357
f 357 358 359
f 358 344 359
f 359 344 360
f 344 352 360
f 344 361 362
f 362 363 344
f 363 364 344
f 344 364 365
f 365 366 344
f 366 367 344
f 344 367 345
f 368 369 370
f 369 371 370
f 370 371 372
f 361 344 373
f 344 374 373
f 373 374 368
f 374 375 368
f 368 375 369
f 372 371 376
f 371 377 376
f 376 377 378
f 377 379 378
f 378 379 380
f 279 381 281
f 381 382 281
f 281 382 383
f 382 384 383
f 383 384 385
f 384 386 385
f 385 386 380
f 386 387 380
f 380 387 378
f 388 389 390
f 391 392 393
f 392 394 393
f 393 394 395
f 396 397 391
f 397 398 391
f 391 398 392
f 399 400 401
f 402 403 404
f 403 405 404
f 404 405 406
f 405 407 406
f 406 407 399
f 407 408 399
f 399 408 400
f 402 404 409
f 404 410 409
f 409 410 411
f 411 410 412
f 410 15 412
f 412 15 11
f 17 16 413
f 16 414 413
f 413 414 415
f 390 389 414
f 389 416 414
f 414 416 415
f 388 390 417
f 390 418 417
f 417 418 419
f 420 421 422
f 421 423 422
f 424 425 421
f 425 426 421
f 421 426 423
f 427 428 429
f 428 430 429
f 429 430 431
f 430 432 431
f 431 432 424
f 432 433 424
f 424 433 425
f 120 119 427
f 427 429 120
f 429 431 120
f 120 431 122
f 431 434 122
f 122 434 123
f 395 434 393
f 434 431 393
f 393 431 391
f 431 424 391
f 391 424 396
f 424 421 396
f 396 421 418
f 421 420 418
f 418 420 419
f 16 15 414
f 15 410 414
f 414 410 390
f 410 404 390
f 390 404 418
f 404 406 418
f 418 406 396
f 406 399 396
f 396 399 397
f 399 401 397
f 435 145 436
f 437 132 438
f 439 440 441
f 135 134 442
f 134 443 442
f 442 443 444
f 445 443 446
f 443 447 446
f 446 447 448
f 448 447 449
f 447 450 449
f 449 450 451
f 451 450 452
f 450 453 452
f 452 453 454
f 441 440 453
f 440 455 453
f 453 455 454
f 456 457 458
f 457 459 458
f 458 459 441
f 459 460 441
f 441 460 461
f 462 463 464
f 463 456 464
f 464 456 465
f 456 458 465
f 466 222 467
f 222 224 467
f 224 468 467
f 468 469 467
f 467 469 464
f 469 470 464
f 464 470 462
f 471 472 473
f 472 474 473
f 473 474 475
f 476 477 471
f 477 478 471
f 471 478 472
f 479 480 476
f 480 481 476
f 476 481 477
f 482 483 479
f 483 484 479
f 479 484 485
f 486 487 488
f 487 489 488
f 488 489 482
f 489 490 482
f 482 490 483
f 436 491 492
f 491 493 492
f 492 493 486
f 493 494 486
f 486 494 487
f 146 495 145
f 495 496 145
f 145 496 436
f 496 497 436
f 436 497 491
f 134 140 443
f 140 498 443
f 443 498 447
f 498 499 447
f 447 499 450
f 499 500 450
f 450 500 453
f 500 501 453
f 453 501 441
f 501 502 441
f 441 502 458
f 502 503 458
f 458 503 465
f 503 504 465
f 465 504 464
f 504 505 464
f 464 505 467
f 505 506 467
f 467 506 466
f 506 221 466
f 140 138 498
f 138 507 498
f 498 507 499
f 507 508 499
f 499 508 500
f 508 509 500
f 500 509 501
f 509 510 501
f 501 510 502
f 510 511 502
f 502 511 503
f 511 512 503
f 503 512 504
f 512 513 504
f 504 513 505
f 513 514 505
f 505 514 506
f 514 515 506
f 437 438 137
f 215 516 517
f 516 515 517
f 517 515 518
f 515 514 518
f 518 514 519
f 514 513 519
f 519 513 520
f 513 512 520
f 520 512 521
f 512 511 521
f 521 511 522
f 511 510 522
f 522 510 523
f 510 509 523
f 523 509 524
f 509 508 524
f 524 508 438
f 508 507 438
f 438 507 137
f 507 138 137
f 516 177 515
f 177 176 515
f 515 176 506
f 176 525 506
f 506 525 221
f 214 215 526
f 215 517 526
f 526 517 527
f 517 518 527
f 527 518 528
f 518 519 528
f 528 519 529
f 519 520 529
f 529 520 530
f 520 521 530
f 530 521 531
f 521 522 531
f 531 522 532
f 522 523 532
f 532 523 533
f 523 524 533
f 533 524 534
f 524 438 534
f 534 438 141
f 438 132 141
f 141 435 534
f 435 436 534
f 534 436 533
f 436 492 533
f 533 492 532
f 492 486 532
f 532 486 531
f 486 488 531
f 531 488 530
f 488 482 530
f 530 482 529
f 482 479 529
f 529 479 528
f 479 476 528
f 528 476 527
f 476 471 527
f 527 471 526
f 471 473 526
f 475 210 473
f 210 212 473
f 473 212 526
f 212 535 526
f 526 535 214
f 536 153 537
f 152 150 538
f 1 539 2
f 539 540 2
f 540 539 541
f 539 542 541
f 541 542 543
f 543 542 544
f 542 545 544
f 544 545 546
f 546 545 547
f 545 548 547
f 547 548 549
f 549 548 550
f 548 551 550
f 550 551 552
f 553 554 551
f 554 555 551
f 551 555 552
f 147 131 556
f 131 130 556
f 556 130 557
f 557 558 556
f 558 559 556
f 556 559 551
f 559 560 551
f 551 560 553
f 148 147 561
f 147 556 561
f 561 556 562
f 556 551 562
f 562 551 563
f 551 548 563
f 563 548 564
f 548 545 564
f 564 545 565
f 545 542 565
f 565 542 566
f 542 539 566
f 566 539 24
f 539 1 24
f 150 148 538
f 148 561 538
f 538 561 567
f 561 562 567
f 567 562 568
f 562 563 568
f 568 563 569
f 563 564 569
f 569 564 570
f 564 565 570
f 570 565 571
f 565 566 571
f 571 566 13
f 566 24 13
f 13 12 571
f 12 572 571
f 571 572 570
f 572 573 570
f 570 573 569
f 573 574 569
f 569 574 568
f 574 575 568
f 568 575 567
f 575 576 567
f 567 576 538
f 576 537 538
f 538 537 152
f 537 153 152
f 144 536 577
f 536 537 577
f 577 537 578
f 537 576 578
f 578 576 579
f 576 575 579
f 579 575 580
f 575 574 580
f 580 574 581
f 574 573 581
f 581 573 582
f 573 572 582
f 582 572 4
f 572 12 4
f 146 144 583
f 144 577 583
f 583 577 584
f 577 578 584
f 584 578 585
f 578 579 585
f 585 579 586
f 579 580 586
f 586 580 587
f 580 581 587
f 587 581 588
f 581 582 588
f 588 582 40
f 582 4 40
f 589 489 487
f 588 40 39
f 587 588 590
f 586 587 591
f 585 586 592
f 583 584 593
f 594 495 595
f 495 146 595
f 595 146 583
f 596 493 597
f 493 491 597
f 597 491 598
f 491 497 598
f 598 497 594
f 497 496 594
f 594 496 495
f 596 597 487
f 597 599 487
f 487 599 589
f 489 589 600
f 589 601 600
f 600 601 483
f 601 602 483
f 483 602 484
f 602 603 484
f 484 603 485
f 588 39 590
f 39 38 590
f 590 38 604
f 38 36 604
f 604 36 605
f 36 35 605
f 605 35 606
f 35 34 606
f 606 34 607
f 34 30 607
f 607 30 608
f 30 32 608
f 608 32 609
f 32 33 609
f 609 33 610
f 33 37 610
f 610 37 611
f 37 29 611
f 611 29 612
f 29 28 612
f 612 28 613
f 28 27 613
f 613 27 614
f 583 593 595
f 593 615 595
f 595 615 594
f 615 616 594
f 594 616 598
f 616 617 598
f 598 617 597
f 617 618 597
f 597 618 599
f 618 619 599
f 599 619 589
f 619 620 589
f 589 620 601
f 620 621 601
f 601 621 602
f 621 622 602
f 602 622 603
f 622 623 603
f 603 623 624
f 623 625 624
f 624 625 626
f 625 627 626
f 626 627 628
f 475 474 628
f 474 472 628
f 628 472 626
f 472 629 626
f 626 629 624
f 629 477 624
f 624 477 603
f 477 630 603
f 603 630 480
f 27 31 614
f 31 631 614
f 614 631 632
f 587 590 591
f 590 604 591
f 591 604 633
f 604 605 633
f 633 605 634
f 605 606 634
f 634 606 635
f 606 607 635
f 635 607 636
f 607 608 636
f 636 608 637
f 608 609 637
f 637 609 638
f 609 610 638
f 638 610 639
f 610 611 639
f 639 611 640
f 611 612 640
f 640 612 641
f 612 613 641
f 641 613 642
f 613 614 642
f 642 614 643
f 614 632 643
f 643 632 644
f 586 591 645
f 591 633 645
f 645 633 646
f 633 634 646
f 646 634 647
f 634 635 647
f 647 635 648
f 635 636 648
f 648 636 649
f 636 637 649
f 649 637 650
f 637 638 650
f 650 638 651
f 638 639 651
f 651 639 652
f 639 640 652
f 652 640 653
f 640 641 653
f 653 641 654
f 641 642 654
f 654 642 655
f 642 643 655
f 655 643 656
f 643 644 656
f 656 644 657
f 585 645 658
f 645 646 658
f 658 646 659
f 646 647 659
f 659 647 660
f 647 648 660
f 660 648 661
f 648 649 661
f 661 649 662
f 649 650 662
f 662 650 663
f 650 651 663
f 663 651 664
f 651 652 664
f 664 652 665
f 652 653 665
f 665 653 666
f 653 654 666
f 666 654 667
f 654 655 667
f 667 655 668
f 655 656 668
f 668 656 669
f 656 657 669
f 669 657 670
f 670 627 669
f 627 625 669
f 669 625 668
f 625 623 668
f 668 623 667
f 623 622 667
f 667 622 666
f 622 621 666
f 666 621 665
f 621 620 665
f 665 620 664
f 620 619 664
f 664 619 663
f 619 618 663
f 663 618 662
f 618 617 662
f 662 617 661
f 617 616 661
f 661 616 660
f 616 615 660
f 660 615 659
f 615 593 659
f 659 593 658
f 593 584 658
f 658 584 585
f 210 475 671
f 475 628 671
f 671 628 672
f 628 627 672
f 672 627 673
f 627 670 673
f 674 195 675
f 676 198 677
f 678 201 679
f 680 204 681
f 682 207 683
f 631 31 6
f 644 632 684
f 632 631 684
f 685 670 686
f 670 657 686
f 687 211 688
f 211 210 688
f 210 671 688
f 671 672 688
f 688 672 685
f 672 673 685
f 685 673 670
f 207 687 683
f 687 688 683
f 683 688 689
f 688 685 689
f 689 685 690
f 685 686 690
f 204 682 681
f 682 683 681
f 681 683 691
f 683 689 691
f 691 689 692
f 689 690 692
f 201 680 679
f 680 681 679
f 679 681 693
f 681 691 693
f 693 691 694
f 691 692 694
f 198 678 677
f 678 679 677
f 677 679 695
f 679 693 695
f 695 693 696
f 693 694 696
f 195 676 675
f 676 677 675
f 675 677 697
f 677 695 697
f 697 695 698
f 695 696 698
f 190 674 699
f 674 675 699
f 699 675 700
f 675 697 700
f 700 697 701
f 697 698 701
f 9 17 702
f 631 6 684
f 6 5 684
f 684 5 703
f 5 20 703
f 703 20 704
f 20 19 704
f 704 19 705
f 19 18 705
f 705 18 706
f 18 7 706
f 706 7 707
f 7 9 707
f 707 9 708
f 9 702 708
f 708 702 709
f 709 701 708
f 701 698 708
f 708 698 707
f 698 696 707
f 707 696 706
f 696 694 706
f 706 694 705
f 694 692 705
f 705 692 704
f 692 690 704
f 704 690 703
f 690 686 703
f 703 686 684
f 686 657 684
f 684 657 644
f 709 710 701
f 710 711 701
f 701 711 700
f 711 712 700
f 700 712 699
f 712 713 699
f 699 713 190
f 713 714 190
f 190 714 191
f 423 426 715
f 716 181 183
f 717 716 718
f 719 717 720
f 721 722 723
f 427 119 724
f 119 721 724
f 427 724 725
f 724 726 725
f 725 726 727
f 727 726 432
f 726 728 432
f 432 728 433
f 715 426 728
f 426 729 728
f 728 729 433
f 423 715 422
f 715 730 422
f 422 730 731
f 730 732 731
f 731 732 733
f 733 732 417
f 732 734 417
f 417 734 388
f 388 734 735
f 734 736 735
f 735 736 416
f 716 183 718
f 183 186 718
f 718 186 737
f 186 185 737
f 737 185 738
f 185 184 738
f 738 184 739
f 184 194 739
f 739 194 740
f 194 193 740
f 740 193 741
f 193 188 741
f 741 188 742
f 188 187 742
f 742 187 743
f 187 192 743
f 743 192 744
f 721 723 724
f 723 745 724
f 724 745 726
f 745 746 726
f 726 746 728
f 746 747 728
f 728 747 715
f 747 748 715
f 715 748 730
f 748 749 730
f 730 749 732
f 749 750 732
f 732 750 734
f 750 751 734
f 734 751 736
f 751 752 736
f 736 752 753
f 416 736 415
f 736 753 415
f 415 753 413
f 192 191 744
f 191 714 744
f 744 714 713
f 717 718 720
f 718 737 720
f 720 737 754
f 737 755 754
f 754 755 756
f 755 739 756
f 756 739 757
f 739 740 757
f 757 740 758
f 740 741 758
f 758 741 759
f 741 742 759
f 759 742 760
f 742 743 760
f 760 743 761
f 743 744 761
f 761 744 762
f 744 713 762
f 762 713 712
f 719 720 763
f 720 764 763
f 763 764 765
f 764 756 765
f 765 756 766
f 756 757 766
f 766 757 767
f 757 758 767
f 767 758 768
f 758 759 768
f 768 759 769
f 759 760 769
f 769 760 770
f 760 761 770
f 770 761 771
f 761 762 771
f 771 762 772
f 762 712 772
f 772 712 711
f 711 752 772
f 752 751 772
f 772 751 771
f 751 750 771
f 771 750 770
f 750 749 770
f 770 749 769
f 749 748 769
f 769 748 768
f 748 747 768
f 768 747 767
f 747 746 767
f 767 746 766
f 746 745 766
f 766 745 773
f 745 723 773
f 773 723 763
f 723 722 763
f 763 722 719
f 17 413 702
f 413 753 702
f 702 753 709
f 753 752 709
f 709 752 710
f 752 711 710
f 774 775 776
f 179 181 716
f 230 229 777
f 778 106 779
f 780 225 781
f 174 173 782
f 173 783 782
f 782 783 784
f 784 783 785
f 783 786 785
f 785 786 787
f 788 789 786
f 789 790 786
f 786 790 787
f 791 792 788
f 792 793 788
f 788 793 789
f 794 795 796
f 795 791 796
f 796 791 797
f 791 788 797
f 794 796 798
f 796 104 798
f 798 104 102
f 106 104 779
f 104 796 779
f 779 796 799
f 796 797 799
f 799 797 800
f 797 788 800
f 800 788 801
f 788 786 801
f 801 786 802
f 786 783 802
f 802 783 228
f 783 173 228
f 116 778 803
f 778 779 803
f 803 779 804
f 779 799 804
f 804 799 805
f 799 800 805
f 805 800 806
f 800 801 806
f 806 801 781
f 801 802 781
f 781 802 780
f 802 228 780
f 113 116 807
f 116 803 807
f 807 803 808
f 803 804 808
f 808 804 809
f 804 805 809
f 809 805 810
f 805 806 810
f 810 806 811
f 806 781 811
f 811 781 232
f 781 251 232
f 775 113 776
f 113 807 776
f 776 807 812
f 807 808 812
f 812 808 813
f 808 809 813
f 813 809 814
f 809 810 814
f 814 810 777
f 810 811 777
f 777 811 230
f 811 232 230
f 229 179 777
f 179 716 777
f 777 716 814
f 716 717 814
f 814 717 813
f 717 719 813
f 813 719 812
f 719 722 812
f 812 722 776
f 722 721 776
f 776 721 774
f 721 119 774
f 815 816 817
f 816 818 817
f 817 818 819
f 818 820 819
f 819 820 821
f 820 822 821
f 821 822 823
f 817 824 815
f 824 825 815
f 815 825 826
f 825 827 826
f 826 827 828
f 827 829 828
f 828 829 830
f 830 829 831
f 829 832 831
f 831 832 833
f 832 834 833
f 833 834 835
f 834 836 835
f 835 836 837
f 836 838 837
f 837 838 839
f 839 838 840
f 838 841 840
f 840 841 842
f 841 843 842
f 842 843 844
f 844 843 845
f 843 846 845
f 845 846 847
f 848 849 850
f 848 850 851
f 850 852 851
f 851 852 853
f 852 854 853
f 853 854 855
f 854 856 855
f 855 856 857
f 856 858 857
f 857 858 859
f 858 860 859
f 859 860 861
f 860 862 861
f 861 862 863
f 862 864 863
f 863 864 865
f 866 867 868
f 867 869 868
f 868 869 870
f 869 871 870
f 870 871 872
f 871 873 872
f 872 873 874
f 873 875 874
f 876 877 878
f 877 879 878
f 878 879 880
f 879 881 880
f 880 881 882
f 881 875 882
f 882 875 883
f 875 873 883
f 884 885 886
f 885 887 886
f 886 887 888
f 887 889 888
f 888 889 890
f 889 891 890
f 890 891 892
f 891 893 892
f 892 893 894
f 893 895 894
f 894 895 896
f 895 897 896
f 896 897 898
f 897 899 898
f 898 899 900
f 899 901 900
f 900 901 902
f 901 903 902
f 902 903 904
f 903 905 904
f 904 905 906
f 905 907 906
f 907 908 906
f 906 908 909
f 908 910 909
f 909 910 911
f 910 912 911
f 911 912 913
f 912 914 913
f 913 914 915
f 914 916 915
f 915 916 917
f 916 918 917
f 918 867 917
f 917 867 866
f 919 920 921
f 921 922 919
f 922 923 919
f 919 923 924
f 923 925 924
f 924 925 926
f 926 925 927
f 925 928 927
f 927 928 929
f 928 930 929
f 929 930 931
f 930 932 931
f 931 932 933
f 932 934 933
f 933 934 935
f 934 936 935
f 935 936 937
f 936 885 937
f 937 885 884
f 938 939 940
f 941 942 943
f 944 945 946
f 947 948 949
f 948 941 949
f 950 951 947
f 951 950 939
f 952 953 938
f 954 953 955
f 953 952 955
f 955 952 956
f 952 957 956
f 956 957 958
f 958 957 959
f 957 960 959
f 959 960 961
f 960 962 961
f 961 962 963
f 962 964 963
f 963 964 965
f 966 967 968
f 967 969 968
f 968 969 970
f 969 971 970
f 970 971 972
f 971 973 972
f 972 973 964
f 973 974 964
f 964 974 965
f 944 946 943
f 946 975 943
f 943 975 976
f 975 977 976
f 976 977 978
f 977 979 978
f 978 979 980
f 979 981 980
f 980 981 982
f 981 983 982
f 982 983 984
f 983 985 984
f 984 985 986
f 985 987 986
f 986 987 988
f 987 989 988
f 988 989 990
f 941 943 949
f 943 976 949
f 949 976 991
f 976 978 991
f 991 978 992
f 978 980 992
f 992 980 993
f 980 982 993
f 993 982 994
f 982 984 994
f 994 984 995
f 984 986 995
f 995 986 996
f 986 988 996
f 996 988 997
f 988 990 997
f 997 990 998
f 947 949 950
f 949 991 950
f 950 991 999
f 991 992 999
f 999 992 1000
f 992 993 1000
f 1000 993 1001
f 993 994 1001
f 1001 994 1002
f 994 995 1002
f 1002 995 1003
f 995 996 1003
f 1003 996 1004
f 996 997 1004
f 1004 997 1005
f 997 998 1005
f 1005 998 1006
f 939 950 940
f 950 999 940
f 940 999 1007
f 999 1000 1007
f 1007 1000 1008
f 1000 1001 1008
f 1008 1001 1009
f 1001 1002 1009
f 1009 1002 1010
f 1002 1003 1010
f 1010 1003 1011
f 1003 1004 1011
f 1011 1004 1012
f 1004 1005 1012
f 1012 1005 1013
f 1005 1006 1013
f 1013 1006 1014
f 938 940 952
f 940 1007 952
f 952 1007 957
f 1007 1008 957
f 957 1008 960
f 1008 1009 960
f 960 1009 962
f 1009 1010 962
f 962 1010 964
f 1010 1011 964
f 964 1011 972
f 1011 1012 972
f 972 1012 970
f 1012 1013 970
f 970 1013 968
f 1013 1014 968
f 968 1014 1015
f 1015 1016 968
f 1016 1017 968
f 968 1017 966
f 953 954 1018
f 951 939 1019
f 948 947 1020
f 1021 1022 1023
f 941 1024 944
f 1024 1025 944
f 944 1025 945
f 1026 1027 1028
f 1027 1029 1028
f 1028 1029 1030
f 1029 1031 1030
f 1032 1033 1026
f 1033 1032 1022
f 1034 1035 1036
f 1035 1021 1036
f 1037 1038 1034
f 1039 1040 1041
f 1040 1028 1041
f 1041 1028 1042
f 1028 1030 1042
f 1039 1043 1040
f 1043 1044 1040
f 1040 1044 1024
f 1044 1045 1024
f 1024 1045 1025
f 1026 1028 1032
f 1028 1040 1032
f 1032 1040 1046
f 1040 1024 1046
f 1046 1024 1020
f 1024 941 1020
f 1020 941 1047
f 1022 1032 1023
f 1032 1046 1023
f 1023 1046 1048
f 1046 1020 1048
f 1048 1020 1019
f 1020 947 1019
f 1019 947 951
f 1021 1023 1036
f 1023 1048 1036
f 1036 1048 1049
f 1048 1019 1049
f 1049 1019 1050
f 1019 939 1050
f 1050 939 938
f 1034 1036 1037
f 1036 1049 1037
f 1037 1049 1051
f 1049 1050 1051
f 1051 1050 1018
f 1050 938 1018
f 1018 938 953
f 1052 1053 1054
f 1055 1052 1056
f 1057 1055 1058
f 1059 1057 1060
f 1061 1062 1063
f 1064 1061 1065
f 1066 1064 1067
f 1052 1054 1056
f 1054 1068 1056
f 1056 1068 1069
f 1068 1070 1069
f 1069 1070 1071
f 1070 1072 1071
f 1071 1072 1073
f 1074 1075 1073
f 1075 1076 1073
f 1073 1076 1071
f 1074 1077 1075
f 1077 1078 1075
f 1075 1078 1079
f 1078 1080 1079
f 1079 1080 1081
f 1080 1082 1081
f 1082 1083 1081
f 1083 1084 1081
f 1081 1084 1085
f 1084 1086 1085
f 1085 1086 1087
f 1086 1088 1087
f 1087 1088 1089
f 1090 1091 1089
f 1091 1092 1089
f 1089 1092 1087
f 1090 1093 1091
f 1093 1094 1091
f 1091 1094 1095
f 1094 1096 1095
f 1095 1096 1097
f 1055 1056 1058
f 1056 1069 1058
f 1058 1069 1098
f 1069 1071 1098
f 1098 1071 1099
f 1071 1076 1099
f 1099 1076 1100
f 1076 1075 1100
f 1100 1075 1101
f 1075 1079 1101
f 1101 1079 1102
f 1079 1081 1102
f 1102 1081 1103
f 1081 1085 1103
f 1103 1085 1104
f 1085 1087 1104
f 1104 1087 1105
f 1087 1092 1105
f 1105 1092 1106
f 1092 1091 1106
f 1106 1091 1107
f 1091 1095 1107
f 1107 1095 1108
f 1095 1097 1108
f 1108 1097 1109
f 1097 1110 1109
f 1109 1110 1111
f 1057 1058 1060
f 1058 1098 1060
f 1060 1098 1112
f 1098 1099 1112
f 1112 1099 1113
f 1099 1100 1113
f 1113 1100 1114
f 1100 1101 1114
f 1114 1101 1115
f 1101 1102 1115
f 1115 1102 1116
f 1102 1103 1116
f 1116 1103 1117
f 1103 1104 1117
f 1117 1104 1118
f 1104 1105 1118
f 1118 1105 1119
f 1105 1106 1119
f 1119 1106 1120
f 1106 1107 1120
f 1120 1107 1121
f 1107 1108 1121
f 1121 1108 1122
f 1108 1109 1122
f 1122 1109 1123
f 1109 1111 1123
f 1123 1111 1124
f 1059 1060 1063
f 1060 1112 1063
f 1063 1112 1125
f 1112 1113 1125
f 1125 1113 1126
f 1113 1114 1126
f 1126 1114 1127
f 1114 1115 1127
f 1127 1115 1128
f 1115 1116 1128
f 1128 1116 1129
f 1116 1130 1129
f 1129 1130 1131
f 1130 1118 1131
f 1131 1118 1132
f 1118 1133 1132
f 1132 1133 1134
f 1133 1120 1134
f 1134 1120 1135
f 1120 1121 1135
f 1135 1121 1136
f 1121 1122 1136
f 1136 1122 1137
f 1122 1123 1137
f 1137 1123 1138
f 1123 1124 1138
f 1138 1124 1139
f 1061 1063 1065
f 1063 1140 1065
f 1065 1140 1141
f 1140 1126 1141
f 1141 1126 1142
f 1126 1127 1142
f 1142 1127 1143
f 1127 1128 1143
f 1143 1128 1144
f 1128 1129 1144
f 1144 1129 1145
f 1129 1131 1145
f 1145 1131 1146
f 1131 1132 1146
f 1146 1132 1147
f 1132 1134 1147
f 1147 1134 1148
f 1134 1135 1148
f 1148 1135 1149
f 1135 1136 1149
f 1149 1136 1150
f 1136 1137 1150
f 1150 1137 1151
f 1137 1138 1151
f 1151 1138 1152
f 1138 1139 1152
f 1152 1139 1153
f 1096 1154 1097
f 1154 1155 1097
f 1097 1155 1110
f 1155 1156 1110
f 1110 1156 1031
f 1157 1029 1110
f 1029 1027 1110
f 1110 1027 1111
f 1027 1026 1111
f 1111 1026 1124
f 1026 1158 1124
f 1124 1158 1139
f 1158 1022 1139
f 1139 1022 1153
f 1022 1021 1153
f 1153 1021 1035
f 1064 1065 1067
f 1065 1141 1067
f 1067 1141 1159
f 1141 1142 1159
f 1159 1142 1160
f 1142 1143 1160
f 1160 1143 1161
f 1143 1144 1161
f 1161 1144 1162
f 1144 1145 1162
f 1162 1145 1163
f 1145 1146 1163
f 1163 1146 1164
f 1146 1147 1164
f 1164 1147 1165
f 1147 1148 1165
f 1165 1148 1166
f 1148 1149 1166
f 1166 1149 1167
f 1149 1150 1167
f 1167 1150 1168
f 1150 1151 1168
f 1168 1151 1169
f 1151 1152 1169
f 1169 1152 1170
f 1152 1153 1170
f 1170 1153 1171
f 1153 1035 1171
f 1171 1035 1034
f 1066 1067 1172
f 1067 1159 1172
f 1172 1159 1173
f 1159 1160 1173
f 1173 1160 1174
f 1160 1161 1174
f 1174 1161 1175
f 1161 1162 1175
f 1175 1162 1176
f 1162 1163 1176
f 1176 1163 1177
f 1163 1164 1177
f 1177 1164 1178
f 1164 1165 1178
f 1178 1165 1179
f 1165 1166 1179
f 1179 1166 1180
f 1166 1167 1180
f 1180 1167 1181
f 1167 1168 1181
f 1181 1168 1182
f 1168 1169 1182
f 1182 1169 1183
f 1169 1170 1183
f 1183 1170 1184
f 1170 1171 1184
f 1184 1171 1185
f 1171 1034 1185
f 1185 1034 1038
f 1186 1053 1052
f 1187 1188 1189
f 1190 1191 1192
f 1193 1194 1195
f 1196 1193 1197
f 1193 1195 1197
f 1197 1195 1198
f 1191 1199 1192
f 1199 1200 1192
f 1192 1200 1195
f 1200 1201 1195
f 1195 1201 1198
f 1202 1203 1204
f 1204 1205 1202
f 1205 1206 1202
f 1202 1206 1192
f 1206 1207 1192
f 1192 1207 1190
f 1208 1209 1210
f 1209 1211 1210
f 1211 1212 1210
f 1210 1212 1203
f 1212 1213 1203
f 1203 1213 1204
f 1210 1214 1208
f 1214 1215 1208
f 1208 1215 1216
f 1217 1215 1218
f 1215 1214 1218
f 1218 1214 1219
f 1214 1210 1219
f 1219 1210 1220
f 1210 1203 1220
f 1220 1203 1221
f 1203 1202 1221
f 1221 1202 1222
f 1202 1192 1222
f 1222 1192 1223
f 1192 1195 1223
f 1223 1195 1224
f 1195 1194 1224
f 1225 1217 1226
f 1217 1218 1226
f 1226 1218 1227
f 1218 1219 1227
f 1227 1219 1228
f 1219 1220 1228
f 1228 1220 1229
f 1220 1221 1229
f 1229 1221 1230
f 1221 1222 1230
f 1230 1222 1189
f 1222 1223 1189
f 1189 1223 1187
f 1223 1224 1187
f 1231 1225 1232
f 1225 1226 1232
f 1232 1226 1233
f 1226 1227 1233
f 1233 1227 1234
f 1227 1228 1234
f 1234 1228 1235
f 1228 1229 1235
f 1235 1229 1236
f 1229 1230 1236
f 1236 1230 1237
f 1230 1189 1237
f 1237 1189 1238
f 1189 1188 1238
f 1066 1231 1064
f 1231 1232 1064
f 1064 1232 1061
f 1232 1233 1061
f 1061 1233 1059
f 1233 1234 1059
f 1059 1234 1057
f 1234 1235 1057
f 1057 1235 1055
f 1235 1236 1055
f 1055 1236 1052
f 1236 1237 1052
f 1052 1237 1186
f 1237 1238 1186
f 1239 1240 1241
f 1242 1016 1015
f 1243 1244 1245
f 1246 1247 1248
f 1249 1250 1251
f 1252 1253 1254
f 1253 1255 1254
f 1254 1255 1256
f 1257 1258 1259
f 1258 1260 1259
f 1259 1260 1254
f 1260 1261 1254
f 1254 1261 1262
f 1259 1263 1264
f 1263 1265 1264
f 1264 1265 1266
f 1267 1268 1269
f 1269 1270 1267
f 1270 1271 1267
f 1267 1271 1265
f 1271 1272 1265
f 1265 1272 1266
f 1250 1268 1251
f 1268 1267 1251
f 1251 1267 1273
f 1267 1265 1273
f 1273 1265 1274
f 1265 1263 1274
f 1274 1263 1275
f 1263 1259 1275
f 1275 1259 1276
f 1259 1254 1276
f 1276 1254 1277
f 1254 1256 1277
f 1278 1249 1279
f 1249 1251 1279
f 1279 1251 1280
f 1251 1273 1280
f 1280 1273 1281
f 1273 1274 1281
f 1281 1274 1282
f 1274 1275 1282
f 1282 1275 1283
f 1275 1276 1283
f 1283 1276 1284
f 1276 1277 1284
f 1244 1278 1245
f 1278 1279 1245
f 1245 1279 1285
f 1279 1280 1285
f 1285 1280 1286
f 1280 1281 1286
f 1286 1281 1287
f 1281 1282 1287
f 1287 1282 1248
f 1282 1283 1248
f 1248 1283 1246
f 1283 1284 1246
f 1247 1288 1248
f 1288 1289 1248
f 1248 1289 1287
f 1289 1290 1287
f 1287 1290 1286
f 1290 1291 1286
f 1286 1291 1285
f 1291 1292 1285
f 1285 1292 1245
f 1292 1241 1245
f 1245 1241 1243
f 1241 1240 1243
f 1288 1242 1289
f 1242 1015 1289
f 1289 1015 1293
f 1015 1014 1293
f 1293 1014 1291
f 1014 1006 1291
f 1291 1006 1292
f 1006 998 1292
f 1292 998 1241
f 998 990 1241
f 1241 990 1239
f 990 989 1239
f 1294 1295 1296
f 1297 1298 1299
f 1300 1301 1302
f 1303 1304 1305
f 1306 1307 1308
f 1093 1309 1310
f 1311 1312 1313
f 1312 1314 1313
f 1315 1316 1317
f 1316 1318 1317
f 1317 1318 1319
f 1319 1318 1320
f 1318 1321 1320
f 1320 1321 1322
f 1323 1324 1325
f 1324 1326 1325
f 1325 1326 1321
f 1326 1327 1321
f 1321 1327 1322
f 1328 1329 1323
f 1329 1330 1323
f 1330 1331 1323
f 1331 1332 1323
f 1323 1332 1324
f 1333 1334 1328
f 1334 1335 1328
f 1328 1335 1329
f 1336 1337 1338
f 1337 1339 1338
f 1338 1339 1333
f 1339 1340 1333
f 1333 1340 1334
f 1341 1342 1336
f 1342 1343 1336
f 1343 1344 1336
f 1344 1345 1336
f 1336 1345 1337
f 1346 1068 1347
f 1068 1054 1347
f 1347 1054 1053
f 1073 1072 1346
f 1072 1348 1346
f 1346 1348 1068
f 1346 1349 1073
f 1349 1350 1073
f 1073 1350 1074
f 1351 1352 1353
f 1352 1078 1353
f 1353 1078 1350
f 1078 1077 1350
f 1350 1077 1074
f 1084 1083 1354
f 1084 1354 1086
f 1354 1355 1086
f 1355 1356 1086
f 1086 1356 1088
f 1310 1309 1356
f 1309 1089 1356
f 1356 1089 1088
f 1093 1310 1094
f 1310 1357 1094
f 1094 1357 1358
f 1358 1357 1154
f 1357 1305 1154
f 1154 1305 1155
f 1155 1305 1156
f 1305 1304 1156
f 1156 1304 1157
f 1347 1359 1346
f 1359 1360 1346
f 1346 1360 1349
f 1360 1361 1349
f 1349 1361 1350
f 1361 1362 1350
f 1350 1362 1353
f 1362 1354 1353
f 1353 1354 1351
f 1354 1083 1351
f 1359 1306 1360
f 1306 1308 1360
f 1360 1308 1361
f 1308 1363 1361
f 1361 1363 1362
f 1363 1364 1362
f 1362 1364 1354
f 1364 1365 1354
f 1354 1365 1355
f 1365 1366 1355
f 1355 1366 1356
f 1366 1367 1356
f 1356 1367 1310
f 1367 1368 1310
f 1310 1368 1357
f 1368 1369 1357
f 1357 1369 1305
f 1369 1302 1305
f 1305 1302 1303
f 1302 1301 1303
f 1295 1300 1296
f 1300 1302 1296
f 1296 1302 1370
f 1302 1369 1370
f 1370 1369 1371
f 1369 1368 1371
f 1371 1368 1372
f 1368 1367 1372
f 1372 1367 1373
f 1367 1366 1373
f 1373 1366 1374
f 1366 1365 1374
f 1374 1365 1375
f 1365 1364 1375
f 1375 1364 1376
f 1364 1363 1376
f 1376 1363 1377
f 1363 1308 1377
f 1377 1308 1378
f 1308 1307 1378
f 1297 1299 1379
f 1380 1294 1381
f 1294 1296 1381
f 1381 1296 1382
f 1296 1370 1382
f 1382 1370 1383
f 1370 1371 1383
f 1383 1371 1384
f 1371 1372 1384
f 1384 1372 1385
f 1372 1373 1385
f 1385 1373 1386
f 1373 1374 1386
f 1386 1374 1387
f 1374 1375 1387
f 1387 1375 1388
f 1375 1376 1388
f 1388 1376 1299
f 1376 1377 1299
f 1299 1377 1379
f 1377 1378 1379
f 1389 1380 1312
f 1380 1381 1312
f 1312 1381 1318
f 1381 1382 1318
f 1318 1382 1321
f 1382 1383 1321
f 1321 1383 1325
f 1383 1384 1325
f 1325 1384 1323
f 1384 1385 1323
f 1323 1385 1328
f 1385 1386 1328
f 1328 1386 1333
f 1386 1387 1333
f 1333 1387 1338
f 1387 1388 1338
f 1338 1388 1336
f 1388 1299 1336
f 1336 1299 1341
f 1299 1298 1341
f 1018 954 1390
f 1051 1018 1391
f 1037 1217 1225
f 1391 1392 1051
f 1392 1393 1051
f 1051 1393 1394
f 1018 1390 1391
f 1390 1395 1391
f 1391 1395 1396
f 1395 1397 1396
f 1396 1397 1398
f 1037 1051 1217
f 1051 1394 1217
f 1217 1394 1215
f 1394 1216 1215
f 1173 1174 1038
f 1225 1231 1037
f 1231 1066 1037
f 1037 1066 1038
f 1066 1172 1038
f 1038 1172 1173
f 1174 1175 1038
f 1175 1176 1038
f 1038 1176 1177
f 1177 1178 1038
f 1178 1179 1038
f 1038 1179 1185
f 1179 1184 1185
f 1179 1180 1184
f 1180 1181 1184
f 1184 1181 1183
f 1181 1182 1183
f 1399 1400 1401
f 1401 1402 1399
f 1402 1403 1399
f 1399 1403 1404
f 1403 1405 1404
f 1404 1405 1406
f 1405 1407 1406
f 1408 1409 1410
f 1409 1411 1410
f 1410 1411 1412
f 1413 1414 1410
f 1414 1415 1410
f 1410 1415 1416
f 1416 1417 1410
f 1417 1418 1410
f 1410 1418 1419
f 1420 1421 1410
f 1421 1422 1410
f 1410 1422 1399
f 1422 1423 1399
f 1399 1423 1400
f 1424 1425 1426
f 1424 1426 1427
f 1426 1428 1427
f 1427 1428 1410
f 1428 1429 1410
f 1410 1429 1408
f 1430 1431 1432
f 1433 1434 1435
f 1436 1437 1438
f 1436 1439 1440
f 1440 1439 1441
f 1439 1442 1441
f 1441 1442 1443
f 1442 1444 1443
f 1443 1444 1445
f 1444 1446 1445
f 1445 1446 1447
f 1447 1446 1448
f 1446 1449 1448
f 1448 1449 1450
f 1449 1451 1450
f 1450 1451 1452
f 1451 1453 1452
f 1452 1453 1454
f 1453 1455 1454
f 1454 1455 1456
f 1455 1457 1456
f 1456 1457 1458
f 1457 1459 1458
f 1459 1460 1458
f 1458 1460 1461
f 1460 1462 1461
f 1462 1463 1461
f 1461 1463 1464
f 1463 1465 1464
f 1464 1465 1466
f 1465 1467 1466
f 1466 1467 1468
f 1436 1440 1437
f 1440 1469 1437
f 1437 1469 1438
f 1469 1470 1438
f 1438 1470 1471
f 1470 1472 1471
f 1471 1472 1473
f 1435 1434 1474
f 1434 1475 1474
f 1474 1475 1473
f 1475 1476 1473
f 1473 1476 1471
f 1433 1435 1431
f 1435 1477 1431
f 1431 1477 1432
f 1430 1432 1478
f 1432 1479 1478
f 1478 1479 1480
f 1479 1481 1480
f 1480 1481 1482
f 1483 1484 1485
f 1484 1486 1485
f 1485 1486 1481
f 1486 1487 1481
f 1481 1487 1482
f 1488 1489 1483
f 1489 1490 1483
f 1483 1490 1484
f 1491 1492 1493
f 1492 1494 1493
f 1493 1494 1488
f 1494 1495 1488
f 1488 1495 1489
f 1496 1497 1498
f 1497 1499 1498
f 1498 1499 1500
f 1499 1501 1500
f 1500 1501 1491
f 1501 1502 1491
f 1491 1502 1492
f 1496 1503 1497
f 1503 1504 1497
f 1497 1504 1505
f 1504 1506 1505
f 1505 1506 1507
f 1506 1508 1507
f 1506 1509 1508
f 1509 1510 1508
f 1508 1510 1511
f 1510 1512 1511
f 1511 1512 1513
f 1512 1514 1513
f 1514 1425 1513
f 1513 1425 1424
f 1515 1516 1517
f 1467 1518 1468
f 1518 1517 1468
f 1468 1517 1519
f 1517 1516 1519
f 1517 1520 1515
f 1520 1521 1515
f 1515 1521 1522
f 1521 1523 1522
f 1522 1523 1524
f 1523 1525 1524
f 1525 1526 1524
f 1524 1526 1527
f 1526 1528 1527
f 1527 1528 1529
f 1528 1530 1529
f 1529 1530 1531
f 1406 1407 1532
f 1407 1531 1532
f 1528 1533 1530
f 1533 1534 1530
f 1530 1534 1531
f 1534 1535 1531
f 1531 1535 1532
f 1536 1537 1538
f 1539 1540 1541
f 1542 1543 1544
f 1537 1545 1538
f 1545 1546 1538
f 1538 1546 1547
f 1546 1548 1547
f 1548 1549 1547
f 1547 1549 1550
f 1549 1551 1550
f 1550 1551 1552
f 1551 1553 1552
f 1552 1553 1554
f 1553 1555 1554
f 1554 1555 1556
f 1555 1557 1556
f 1556 1557 1558
f 1557 1559 1558
f 1542 1544 1538
f 1544 1560 1538
f 1538 1560 1536
f 1561 1562 1563
f 1539 1541 1564
f 1543 1565 1544
f 1565 1566 1544
f 1544 1566 1567
f 1566 1568 1567
f 1569 1570 1540
f 1570 1571 1540
f 1540 1571 1541
f 1557 1572 1559
f 1572 1573 1559
f 1559 1573 1540
f 1573 1574 1540
f 1574 1575 1540
f 1575 1576 1540
f 1540 1576 1577
f 1577 1578 1540
f 1578 1579 1540
f 1540 1579 1569
f 1564 1541 1563
f 1541 1580 1563
f 1563 1580 1561
f 1581 1562 1582
f 1562 1583 1582
f 1581 1584 1562
f 1584 1585 1562
f 1562 1585 1563
f 1586 1016 1587
f 1588 1589 1590
f 1586 1587 1591
f 1247 1592 1288
f 1592 1593 1288
f 1590 1591 1588
f 1591 1587 1588
f 1588 1587 1594
f 1587 1288 1594
f 1594 1288 1595
f 1288 1593 1595
f 1255 1596 1256
f 1596 1597 1256
f 1256 1597 1277
f 1597 1598 1277
f 1598 1599 1277
f 1277 1599 1284
f 1599 1600 1284
f 1600 1601 1284
f 1284 1601 1602
f 1601 1603 1602
f 1602 1603 1247
f 1603 1604 1247
f 1247 1604 1592
f 965 1605 1606
f 1016 1586 1607
f 1398 1397 1608
f 1609 1610 1608
f 1610 1611 1608
f 1608 1611 1398
f 1612 1613 1614
f 1613 1615 1614
f 1614 1615 1616
f 1615 1617 1616
f 1616 1617 1618
f 1617 1619 1618
f 1618 1619 1608
f 1619 1620 1608
f 1608 1620 1609
f 1621 1622 1623
f 1622 1624 1623
f 1623 1624 1614
f 1624 1625 1614
f 1614 1625 1612
f 1626 1627 1628
f 1590 1589 1627
f 1589 1629 1627
f 1627 1629 1628
f 1586 1591 1607
f 1591 1630 1607
f 1607 1630 966
f 1630 967 966
f 1606 1605 1631
f 1605 973 1631
f 973 1632 1631
f 1631 1632 1630
f 1632 969 1630
f 1630 969 967
f 965 1606 963
f 1606 1633 963
f 963 1633 961
f 1633 1634 961
f 961 1634 1635
f 1635 1634 958
f 1634 1636 958
f 958 1636 956
f 956 1636 955
f 1636 1390 955
f 955 1390 954
f 1395 1390 1637
f 1390 1636 1637
f 1637 1636 1638
f 1636 1634 1638
f 1638 1634 1639
f 1634 1640 1639
f 1639 1640 1641
f 1640 1606 1641
f 1641 1606 1626
f 1606 1631 1626
f 1626 1631 1627
f 1631 1630 1627
f 1627 1630 1590
f 1630 1591 1590
f 1397 1395 1608
f 1395 1637 1608
f 1608 1637 1618
f 1637 1638 1618
f 1618 1638 1616
f 1638 1639 1616
f 1616 1639 1614
f 1639 1641 1614
f 1614 1641 1623
f 1641 1626 1623
f 1623 1626 1621
f 1626 1628 1621
f 1642 1643 1644
f 1301 1645 1646
f 1295 1647 1648
f 1380 1389 1649
f 989 987 1650
f 987 985 1650
f 1650 985 983
f 983 981 1650
f 981 979 1650
f 1650 979 977
f 977 975 1650
f 975 946 1650
f 1650 946 945
f 1651 1240 1650
f 1240 1652 1650
f 1650 1652 989
f 1244 1643 1278
f 1643 1642 1278
f 1278 1642 1653
f 1653 1642 1250
f 1642 1654 1250
f 1250 1654 1268
f 1654 1655 1268
f 1268 1655 1269
f 1301 1646 1656
f 1646 1657 1656
f 1656 1657 1304
f 1657 1658 1304
f 1304 1658 1157
f 1659 1660 1661
f 1660 1042 1661
f 1662 1043 1659
f 1043 1663 1659
f 1659 1663 1660
f 945 1664 1650
f 1664 1045 1650
f 1650 1045 1662
f 1045 1665 1662
f 1662 1665 1043
f 1244 1651 1643
f 1651 1650 1643
f 1643 1650 1644
f 1650 1662 1644
f 1644 1662 1666
f 1662 1659 1666
f 1666 1659 1646
f 1659 1661 1646
f 1646 1661 1657
f 1661 1042 1657
f 1657 1042 1658
f 1647 1380 1667
f 1380 1649 1667
f 1667 1649 1668
f 1649 1669 1668
f 1669 1670 1668
f 1668 1670 1671
f 1670 1672 1671
f 1671 1672 1673
f 1645 1295 1646
f 1295 1648 1646
f 1646 1648 1666
f 1648 1668 1666
f 1666 1668 1644
f 1668 1671 1644
f 1644 1671 1642
f 1671 1673 1642
f 1642 1673 1654
f 1674 1675 1676
f 1677 1678 1679
f 1678 1680 1679
f 1681 1682 1674
f 1682 1683 1674
f 1674 1683 1675
f 1684 1685 1686
f 1685 1687 1686
f 1193 1196 1688
f 1224 1686 1187
f 1686 1689 1187
f 1187 1689 1188
f 1688 1684 1193
f 1684 1686 1193
f 1193 1686 1194
f 1686 1224 1194
f 1690 1691 1689
f 1691 1238 1689
f 1689 1238 1188
f 1307 1692 1690
f 1692 1359 1690
f 1690 1359 1691
f 1359 1347 1691
f 1691 1347 1053
f 1298 1693 1674
f 1693 1379 1674
f 1680 1681 1679
f 1681 1674 1679
f 1679 1674 1694
f 1674 1379 1694
f 1694 1379 1695
f 1696 1342 1341
f 1341 1298 1696
f 1298 1674 1696
f 1696 1674 1697
f 1674 1676 1697
f 1697 1676 1698
f 1687 1699 1686
f 1699 1677 1686
f 1686 1677 1689
f 1677 1679 1689
f 1689 1679 1690
f 1679 1694 1690
f 1690 1694 1307
f 1694 1695 1307
f 1700 1701 1702
f 1701 1703 1702
f 1702 1703 1704
f 1703 1705 1704
f 1704 1705 1706
f 1707 1708 1709
f 1708 1710 1709
f 1709 1710 1711
f 1710 1712 1711
f 1711 1712 1713
f 1714 1715 1716
f 1717 1718 1719
f 1714 1716 1720
f 1716 1721 1720
f 1720 1721 1719
f 1721 1722 1719
f 1719 1722 1717
f 1717 1723 1718
f 1723 1724 1718
f 1718 1724 1725
f 1724 1726 1725
f 1725 1726 1727
f 1713 1712 1728
f 1712 1729 1728
f 1728 1729 1726
f 1729 1730 1726
f 1726 1730 1727
f 1731 1732 1733
f 1732 1734 1733
f 1734 1732 1735
f 1732 1736 1735
f 1735 1736 1737
f 1736 1738 1737
f 1737 1738 1739
f 1738 1740 1739
f 1739 1740 1741
f 1740 1742 1741
f 1741 1742 1743
f 1742 1744 1743
f 1743 1744 1745
f 1744 1746 1745
f 1746 1747 1745
f 1745 1747 1748
f 1747 1749 1748
f 1748 1749 1750
f 1749 1751 1750
f 1750 1751 1752
f 1751 1753 1752
f 1752 1753 1754
f 1753 1755 1754
f 1755 1756 1754
f 1754 1756 1757
f 1756 1758 1757
f 1757 1758 1759
f 1758 1760 1759
f 1759 1760 1761
f 1760 1762 1761
f 1761 1762 1763
f 1763 1762 1764
f 1762 1765 1764
f 1764 1765 1766
f 1765 1715 1766
f 1766 1715 1714
f 1767 1768 1769
f 1770 1771 1769
f 1771 1772 1769
f 1769 1772 1767
f 1773 1774 1775
f 1774 1776 1775
f 1775 1776 1777
f 1776 1778 1777
f 1777 1778 1779
f 1778 1780 1779
f 1779 1780 1770
f 1780 1781 1770
f 1770 1781 1771
f 1775 1782 1773
f 1782 1783 1773
f 1773 1783 1784
f 1783 1785 1784
f 1784 1785 1786
f 1786 1785 1787
f 1785 1788 1787
f 1787 1788 1789
f 1731 1733 1790
f 1733 1791 1790
f 1790 1791 1792
f 1791 1793 1792
f 1792 1793 1789
f 1793 1794 1789
f 1789 1794 1787
f 1795 1796 1797
f 1797 1798 1795
f 1798 1799 1795
f 1795 1799 1800
f 1799 1801 1800
f 1801 1802 1800
f 1800 1802 1803
f 1802 1804 1803
f 1803 1804 1805
f 1804 1806 1805
f 1804 1807 1806
f 1807 1808 1806
f 1806 1808 1809
f 1808 1810 1809
f 1809 1810 1811
f 1810 1812 1811
f 1811 1812 1813
f 1706 1705 1814
f 1705 1815 1814
f 1814 1815 1816
f 1815 1817 1816
f 1817 1818 1816
f 1816 1818 1819
f 1820 1821 1822
f 1819 1818 1823
f 1818 1824 1823
f 1823 1824 1825
f 1824 1826 1825
f 1825 1826 1822
f 1822 1826 1820
f 1826 1827 1820
f 1820 1827 1828
f 1829 1830 1831
f 1832 1833 1834
f 1835 1836 1837
f 1838 1839 1840
f 1841 1842 1843
f 1844 1845 1846
f 1846 1845 1847
f 1848 1849 1850
f 1851 1852 1853
f 1854 1855 1856
f 1857 1858 1859
f 1860 1861 1862
f 1863 1864 1865
f 1866 1867 1868
f 1869 1870 1871
f 1872 1873 1874
f 1875 1876 1877
f 1878 1879 1880
f 1880 1879 1881
f 1882 1883 1884
f 1885 1886 1887
f 1888 1889 1890
f 1891 1892 1893
f 1894 1895 1896
f 1897 1898 1899
f 1900 1901 1902
f 1903 1904 1905
f 1906 1907 1908
f 1909 1910 1911
f 1912 1913 1914
f 1915 1916 1917
f 1918 1919 1920
f 1921 1922 1923
f 1922 1924 1923
f 1923 1924 1925
f 1924 1926 1925
f 1925 1926 1918
f 1926 1927 1918
f 1918 1927 1919
f 1928 1833 1929
f 1833 1832 1929
f 1929 1832 1930
f 1832 1931 1930
f 1932 1933 1934
f 1933 1935 1934
f 1831 1830 1935
f 1936 1937 1938
f 1937 1939 1938
f 1938 1939 1935
f 1939 1940 1935
f 1935 1940 1934
f 1935 1830 1938
f 1830 1941 1938
f 1938 1941 1936
f 1942 1943 1829
f 1943 1944 1829
f 1829 1944 1830
f 1944 1945 1830
f 1830 1945 1941
f 1946 1947 1948
f 1947 1949 1948
f 1942 1829 1949
f 1829 1950 1949
f 1949 1950 1948
f 1907 1906 1951
f 1952 1953 1954
f 1953 1955 1954
f 1954 1955 1956
f 1955 1957 1956
f 1958 1959 1960
f 1960 1961 1958
f 1961 1962 1958
f 1958 1962 1963
f 1962 1964 1963
f 1963 1964 1965
f 1966 1967 1955
f 1967 1968 1955
f 1955 1968 1969
f 1970 1957 1971
f 1957 1955 1971
f 1971 1955 1972
f 1955 1969 1972
f 1965 1966 1963
f 1966 1955 1963
f 1963 1955 1973
f 1955 1953 1973
f 1973 1953 1974
f 1953 1975 1974
f 1975 1953 1976
f 1953 1977 1976
f 1976 1977 1978
f 1979 1980 1981
f 1980 1982 1981
f 1983 1984 1985
f 1986 1987 1985
f 1987 1988 1985
f 1985 1988 1983
f 1989 1990 1991
f 1990 1992 1991
f 1993 1994 1995
f 1996 1997 1994
f 1997 1998 1994
f 1994 1998 1995
f 1996 1994 1999
f 1994 2000 1999
f 1999 2000 2001
f 2002 2003 2004
f 1903 2005 1904
f 2005 2006 1904
f 1904 2006 2007
f 2008 2009 2010
f 2009 2011 2010
f 2010 2011 2012
f 2011 2013 2012
f 2012 2013 2014
f 2015 2016 2017
f 2016 2018 2017
f 2019 2020 2018
f 2020 2021 2018
f 2018 2021 2017
f 2022 2023 2024
f 2024 2023 2025
f 2023 2026 2025
f 2026 2027 2025
f 2025 2027 2028
f 2027 2029 2028
f 2028 2029 2030
f 2031 2032 2033
f 2032 2034 2033
f 2035 2036 2034
f 2036 2037 2034
f 2034 2037 2033
f 2038 2039 2040
f 2032 2041 2034
f 2041 2038 2034
f 2034 2038 2035
f 2038 2040 2035
f 2042 2043 2044
f 2043 2045 2044
f 2031 2046 2032
f 2046 2030 2032
f 2032 2030 2041
f 2030 2029 2041
f 2041 2029 2038
f 2029 1902 2038
f 2038 1902 2039
f 1902 1901 2039
f 2047 2048 2049
f 2048 2050 2049
f 2047 2051 2048
f 2051 2052 2048
f 2048 2052 2050
f 2052 2053 2050
f 2050 2053 2054
f 2054 2053 2055
f 2053 2056 2055
f 2055 2056 2057
f 2058 1899 2059
f 1899 1898 2059
f 2059 1898 2060
f 1895 2061 1896
f 2061 2062 1896
f 1896 2062 2059
f 2062 2063 2059
f 2059 2063 2058
f 2064 2065 2066
f 2065 2067 2066
f 2066 2067 2068
f 2067 2069 2068
f 2068 2069 1890
f 2069 2070 1890
f 1890 2070 1888
f 2071 2072 2073
f 2072 2074 2073
f 2073 2074 2075
f 2076 2077 2071
f 2077 2076 2078
f 2076 2079 2078
f 2078 2079 2080
f 2081 2082 2083
f 2082 2084 2083
f 2083 2084 2079
f 2084 2085 2079
f 2079 2085 2080
f 2086 2087 2088
f 2087 2089 2088
f 2088 2089 2090
f 2089 2091 2090
f 2090 2091 2081
f 2086 2088 2092
f 2088 2093 2092
f 2092 2093 2094
f 2094 2093 2095
f 2093 2096 2095
f 2095 2096 2097
f 2098 1885 2099
f 1885 1887 2099
f 2099 1887 2093
f 1887 2100 2093
f 2093 2100 2096
f 2101 2102 2103
f 2102 2098 2103
f 2103 2098 2104
f 2098 2099 2104
f 2104 2099 2105
f 2099 2093 2105
f 2105 2093 2106
f 2093 2107 2106
f 1884 1883 2108
f 1883 2083 2108
f 2108 2083 2109
f 2109 2083 2110
f 2083 2079 2110
f 2110 2079 2111
f 2112 2113 2076
f 2113 2114 2076
f 2076 2114 2079
f 2114 2115 2079
f 2079 2115 2111
f 2071 2073 2076
f 2073 2116 2076
f 2076 2116 2112
f 2117 2118 2119
f 2118 2120 2119
f 2117 2121 2118
f 2121 2122 2118
f 2118 2122 2123
f 2124 2125 2126
f 2125 2127 2126
f 2126 2127 2118
f 2127 2128 2118
f 2118 2128 2120
f 2129 2130 2131
f 2130 2132 2131
f 2131 2132 2133
f 2134 2135 2136
f 2135 2137 2136
f 2137 2138 2136
f 2136 2138 2129
f 2138 2139 2129
f 2129 2139 2130
f 2140 2141 2142
f 2142 2143 2140
f 2143 2144 2140
f 2140 2144 2134
f 2145 2146 1858
f 2146 2147 1858
f 1858 2147 1859
f 2147 2148 1859
f 2148 2149 1859
f 2149 2150 1859
f 1859 2150 2151
f 2152 2153 1857
f 2153 2154 1857
f 1857 2154 1858
f 2154 2155 1858
f 1858 2155 2145
f 2156 2157 2158
f 2157 2159 2158
f 2160 2161 2162
f 2162 1862 2163
f 2160 2162 2164
f 2162 2163 2164
f 2164 2163 2165
f 2166 2167 2168
f 2167 2169 2168
f 2168 2169 2163
f 2169 2170 2163
f 2170 2171 2163
f 2171 2172 2163
f 2163 2172 2173
f 2173 2174 2163
f 2174 2175 2163
f 2163 2175 2165
f 2176 2177 2178
f 2177 2179 2178
f 2178 2179 2180
f 2181 2182 2183
f 2182 2176 2183
f 2184 2185 2186
f 2185 2187 2186
f 2186 2187 2188
f 1875 1877 2189
f 1870 2190 1871
f 2190 2191 1871
f 1871 2191 2192
f 2193 2194 2195
f 2194 2196 2195
f 2197 1868 2198
f 1867 2199 1868
f 2199 2200 1868
f 1868 2200 2198
f 1863 1865 2201
f 2202 2203 2204
f 2203 2205 2204
f 2204 2205 2206
f 2205 2207 2206
f 2206 2207 2208
f 2207 2209 2208
f 2208 2209 2210
f 2209 2211 2210
f 2211 2209 2212
f 2209 2213 2212
f 2212 2213 2214
f 2214 2213 2215
f 2213 2216 2215
f 2215 2216 2217
f 2217 2216 2218
f 2216 2219 2218
f 2218 2219 2220
f 2221 2222 2223
f 2222 2224 2223
f 2223 2224 2219
f 2224 2225 2219
f 2219 2225 2220
f 1914 2226 1912
f 2226 2227 1912
f 1912 2227 2223
f 2227 2228 2223
f 2223 2228 2221
f 2081 2083 2090
f 2083 1883 2090
f 2090 1883 2088
f 1883 1882 2088
f 2088 1882 2093
f 1882 2229 2093
f 2093 2229 2107
f 2123 1878 2118
f 1878 1880 2118
f 2118 1880 2073
f 1880 1881 2073
f 2073 1881 2116
f 2176 2178 2183
f 2178 2230 2183
f 2183 2230 2231
f 2230 2232 2231
f 2231 2232 2233
f 2159 2152 2158
f 2152 1857 2158
f 2158 1857 2234
f 2134 2136 2140
f 2136 2235 2140
f 2140 2235 2141
f 2133 2124 2131
f 2124 2126 2131
f 2131 2126 2129
f 2126 2236 2129
f 2129 2236 2136
f 2237 2234 2238
f 2234 1857 2238
f 2238 1857 2239
f 1857 1859 2239
f 2239 1859 2235
f 1859 2151 2235
f 2235 2151 2141
f 2240 1855 2241
f 1855 1854 2241
f 2241 1854 2242
f 1892 1894 1893
f 1894 1896 1893
f 1893 1896 2242
f 1896 2059 2242
f 2242 2059 2241
f 2059 2060 2241
f 2241 2060 2240
f 2060 2243 2240
f 1897 2057 1898
f 2057 2056 1898
f 1898 2056 2060
f 2056 2053 2060
f 2060 2053 2243
f 2053 2052 2243
f 2243 2052 2244
f 2052 2051 2244
f 2244 2051 2042
f 2245 2246 2247
f 2246 1843 2247
f 2247 1843 2248
f 1843 1842 2248
f 2248 1842 2249
f 2042 2044 2244
f 2044 2245 2244
f 2244 2245 2243
f 2245 2247 2243
f 2243 2247 2240
f 2247 2248 2240
f 2240 2248 1855
f 2248 2249 1855
f 1855 2249 1856
f 2250 2251 2252
f 2251 2253 2252
f 2252 2253 2254
f 2253 2233 2254
f 2233 2255 2254
f 2254 2255 2256
f 2255 2230 2256
f 2256 2230 2257
f 2230 2178 2257
f 2257 2178 2168
f 2178 2180 2168
f 2168 2180 2166
f 1862 1861 2163
f 1861 2258 2163
f 2163 2258 2168
f 2258 2259 2168
f 2168 2259 2257
f 2259 2260 2257
f 2257 2260 2256
f 2260 2261 2256
f 2256 2261 2254
f 2262 1851 2263
f 1851 1853 2263
f 2263 1853 2264
f 1853 2265 2264
f 2264 2265 2266
f 2262 2267 1851
f 2267 2268 1851
f 1851 2268 1852
f 2268 2269 1852
f 1852 2269 2270
f 2269 2271 2270
f 2267 2272 2268
f 2272 2273 2268
f 2268 2273 2269
f 2273 2274 2269
f 2269 2274 2271
f 1849 1848 2275
f 1848 2276 2275
f 2275 2276 2277
f 2276 2278 2277
f 2277 2278 2279
f 2278 1993 2279
f 2279 1993 1990
f 1993 1995 1990
f 1990 1995 1992
f 2280 2281 2282
f 2281 2283 2282
f 2282 2283 2284
f 2283 2285 2284
f 2284 2285 2286
f 2285 2287 2286
f 2286 2287 2288
f 2287 2289 2288
f 2288 2289 2290
f 2291 1844 2292
f 1844 1846 2292
f 2292 1846 1860
f 1846 1847 1860
f 1860 1847 1861
f 1993 2290 1994
f 2290 2289 1994
f 1994 2289 2000
f 2289 2287 2000
f 2000 2287 2293
f 2287 2285 2293
f 2293 2285 2294
f 2285 2283 2294
f 2294 2283 2295
f 2283 2281 2295
f 2295 2281 2296
f 2281 2280 2296
f 2296 2280 2297
f 2298 2299 2300
f 2299 2301 2300
f 2300 2301 2302
f 2301 2303 2302
f 2302 2303 2304
f 2303 2002 2304
f 2304 2002 2305
f 2002 2004 2305
f 2305 2004 2306
f 2004 2307 2306
f 2306 2307 2001
f 2299 2308 2301
f 2308 1905 2301
f 2301 1905 2303
f 1905 1904 2303
f 2303 1904 2002
f 1904 2007 2002
f 2002 2007 2003
f 2001 2000 2306
f 2000 2293 2306
f 2306 2293 2305
f 2293 2294 2305
f 2305 2294 2304
f 2294 2295 2304
f 2304 2295 2302
f 2295 2296 2302
f 2302 2296 2300
f 2296 2297 2300
f 2300 2297 2298
f 2309 2310 2311
f 2310 2312 2311
f 2311 2312 2313
f 2312 2314 2313
f 2313 2314 2315
f 2314 2316 2315
f 2315 2316 2012
f 2316 2016 2012
f 2012 2016 2010
f 2016 2015 2010
f 2010 2015 2008
f 1977 2317 2318
f 2319 1986 2320
f 1986 1985 2320
f 2320 1985 1981
f 1985 1984 1981
f 1981 1984 1979
f 2317 1977 1951
f 1977 1953 1951
f 1951 1953 1907
f 1953 1952 1907
f 1907 1952 1908
f 2075 2064 2073
f 2064 2066 2073
f 2073 2066 2118
f 2066 2068 2118
f 2118 2068 2126
f 2068 1890 2126
f 2126 1890 2236
f 1890 2321 2236
f 2236 2321 2136
f 2321 2322 2136
f 2136 2322 2235
f 2322 2323 2235
f 2235 2323 2239
f 2323 2324 2239
f 2239 2324 2238
f 2324 2325 2238
f 2238 2325 2237
f 2325 2326 2237
f 2237 2326 2327
f 2326 2328 2327
f 1889 1891 1890
f 1891 1893 1890
f 1890 1893 2321
f 1893 2242 2321
f 2321 2242 2322
f 2242 1854 2322
f 2322 1854 2323
f 1854 1856 2323
f 2323 1856 2324
f 1856 2249 2324
f 2324 2249 2325
f 2249 1842 2325
f 2325 1842 2326
f 1842 1841 2326
f 2326 1841 2328
f 2310 2329 2312
f 2329 2330 2312
f 2312 2330 2314
f 2330 2331 2314
f 2314 2331 2316
f 2331 2332 2316
f 2316 2332 2016
f 2332 2022 2016
f 2016 2022 2018
f 2022 2024 2018
f 2018 2024 2019
f 2270 2250 1852
f 2250 2252 1852
f 1852 2252 1853
f 2252 2254 1853
f 1853 2254 2265
f 2254 2261 2265
f 2265 2261 2266
f 2261 2260 2266
f 2266 2260 2333
f 2260 2259 2333
f 2333 2259 2309
f 2259 2258 2309
f 2309 2258 2310
f 2258 1861 2310
f 2310 1861 2329
f 1861 1847 2329
f 2329 1847 2330
f 1847 1845 2330
f 2330 1845 2331
f 1845 1844 2331
f 2331 1844 2334
f 1844 2291 2334
f 2334 2291 2022
f 2161 2156 2162
f 2156 2158 2162
f 2162 2158 1862
f 2158 2234 1862
f 1862 2234 1860
f 2234 2237 1860
f 1860 2237 2292
f 2237 2327 2292
f 2292 2327 2291
f 2327 2328 2291
f 2291 2328 2022
f 2328 1841 2022
f 2022 1841 2023
f 1841 1843 2023
f 2023 1843 2026
f 1843 2246 2026
f 2026 2246 2027
f 2246 2245 2027
f 2027 2245 2029
f 2245 2044 2029
f 2029 2044 1902
f 2044 2045 1902
f 1902 2045 1900
f 2216 1840 2219
f 1840 1839 2219
f 2219 1839 2223
f 1839 1915 2223
f 2223 1915 1912
f 1915 1917 1912
f 1912 1917 1913
f 2335 2336 2337
f 2336 2338 2337
f 2339 2340 2341
f 1836 1835 2342
f 1835 2343 2342
f 2342 2343 2344
f 2343 2345 2344
f 2344 2345 2319
f 1989 1987 1990
f 1987 1986 1990
f 1990 1986 2279
f 1986 2319 2279
f 2279 2319 2277
f 2319 2345 2277
f 2277 2345 2275
f 2345 2343 2275
f 2275 2343 1849
f 2343 1835 1849
f 1849 1835 1850
f 1835 1837 1850
f 1850 1837 2346
f 1837 2338 2346
f 2347 2348 2349
f 1928 2350 1833
f 2350 1909 1833
f 1833 1909 1834
f 1909 1911 1834
f 1834 1911 2351
f 1911 1838 2351
f 1910 1921 1911
f 1921 1923 1911
f 1911 1923 1838
f 1923 1925 1838
f 1838 1925 1839
f 1925 1918 1839
f 1839 1918 1915
f 1918 1920 1915
f 1915 1920 1916
f 2340 2339 2352
f 2339 2353 2352
f 2352 2353 2354
f 2353 2355 2354
f 2354 2355 2356
f 2348 2347 1933
f 2347 2357 1933
f 1933 2357 1935
f 2357 2358 1935
f 1935 2358 1831
f 2358 2359 1831
f 1831 2359 1829
f 2359 2360 1829
f 1829 2360 1950
f 2320 2356 2319
f 2356 2355 2319
f 2319 2355 2344
f 2355 2353 2344
f 2344 2353 2342
f 2353 2339 2342
f 2342 2339 1836
f 2339 2341 1836
f 1836 2341 1837
f 2341 2361 1837
f 1837 2361 2338
f 2361 2362 2338
f 2338 2362 2337
f 1864 1866 1865
f 1866 1868 1865
f 1865 1868 2363
f 1868 2197 2363
f 2363 2197 2364
f 2197 2365 2364
f 2364 2365 2366
f 2365 2367 2366
f 2366 2367 2368
f 2367 2369 2368
f 2368 2369 2370
f 2369 2371 2370
f 2370 2371 2349
f 2371 2372 2349
f 2349 2372 2347
f 2372 2373 2347
f 2347 2373 2357
f 2373 2374 2357
f 2357 2374 2358
f 2374 2375 2358
f 2358 2375 2359
f 2375 2376 2359
f 2359 2376 2360
f 1932 1931 1933
f 1931 1832 1933
f 1933 1832 2348
f 1832 1834 2348
f 2348 1834 2349
f 1834 2351 2349
f 2349 2351 2370
f 2351 1838 2370
f 2370 1838 2368
f 1838 1840 2368
f 2368 1840 2366
f 1840 2216 2366
f 2366 2216 2364
f 2216 2213 2364
f 2364 2213 2363
f 2213 2209 2363
f 2363 2209 1865
f 2209 2207 1865
f 1865 2207 2201
f 2207 2205 2201
f 2201 2205 2377
f 2205 2203 2377
f 2196 1869 2195
f 1869 1871 2195
f 2195 1871 2378
f 1871 2192 2378
f 2378 2192 2379
f 2192 2380 2379
f 2379 2380 2381
f 2380 2382 2381
f 2381 2382 2383
f 2382 2384 2383
f 2383 2384 2385
f 1873 2189 1874
f 2189 1877 1874
f 1874 1877 2386
f 2191 1872 2192
f 1872 1874 2192
f 2192 1874 2380
f 1874 2386 2380
f 2380 2386 2382
f 1906 1946 1951
f 1946 1948 1951
f 1951 1948 2317
f 1948 1950 2317
f 2317 1950 2318
f 1950 2360 2318
f 2318 2360 2387
f 2360 2376 2387
f 2387 2376 2388
f 2376 2375 2388
f 2388 2375 2389
f 2375 2374 2389
f 2389 2374 2390
f 2374 2373 2390
f 2390 2373 2385
f 2373 2372 2385
f 2385 2372 2383
f 2372 2371 2383
f 2383 2371 2381
f 2371 2369 2381
f 2381 2369 2379
f 2369 2367 2379
f 2379 2367 2378
f 2367 2365 2378
f 2378 2365 2195
f 2365 2197 2195
f 2195 2197 2193
f 2197 2198 2193
f 1982 1978 1981
f 1978 1977 1981
f 1981 1977 2320
f 1977 2318 2320
f 2320 2318 2356
f 2318 2387 2356
f 2356 2387 2354
f 2387 2388 2354
f 2354 2388 2352
f 2388 2389 2352
f 2352 2389 2340
f 2389 2390 2340
f 2340 2390 2341
f 2390 2385 2341
f 2341 2385 2361
f 2385 2384 2361
f 2361 2384 2362
f 2384 2382 2362
f 2362 2382 2337
f 2382 2386 2337
f 2337 2386 2335
f 2386 1877 2335
f 2335 1877 2186
f 1877 1876 2186
f 2186 1876 2184
f 2014 1903 2012
f 1903 1905 2012
f 2012 1905 2315
f 1905 2308 2315
f 2315 2308 2313
f 2308 2299 2313
f 2313 2299 2311
f 2299 2298 2311
f 2311 2298 2309
f 2298 2297 2309
f 2309 2297 2333
f 2297 2280 2333
f 2333 2280 2266
f 2280 2282 2266
f 2266 2282 2264
f 2282 2284 2264
f 2264 2284 2263
f 2284 2286 2263
f 2263 2286 2262
f 2286 2288 2262
f 2262 2288 2267
f 2288 2290 2267
f 2267 2290 2272
f 2290 1993 2272
f 2272 1993 2273
f 1993 2278 2273
f 2273 2278 2274
f 2278 2276 2274
f 2274 2276 2271
f 2276 1848 2271
f 2271 1848 2270
f 1848 1850 2270
f 2270 1850 2250
f 1850 2346 2250
f 2250 2346 2251
f 2346 2338 2251
f 2251 2338 2253
f 2338 2336 2253
f 2253 2336 2233
f 2336 2335 2233
f 2233 2335 2231
f 2335 2186 2231
f 2231 2186 2183
f 2186 2188 2183
f 2183 2188 2181
f 2226 2391 2392
f 2102 2101 2393
f 2394 2395 2396
f 2397 2398 2399
f 2400 2401 2402
f 2403 2404 2405
f 2406 2407 2408
f 2406 2408 2409
f 2410 2411 2412
f 2412 2413 2410
f 2413 2414 2410
f 2410 2414 2406
f 2414 2415 2406
f 2406 2415 2407
f 2416 2417 2418
f 2417 2419 2418
f 2418 2419 2411
f 2419 2420 2411
f 2411 2420 2412
f 2416 2418 2421
f 2418 2422 2421
f 2421 2422 2423
f 2424 2425 2426
f 2425 2427 2426
f 2426 2427 2422
f 2427 2428 2422
f 2422 2428 2423
f 2424 2426 2429
f 2426 2430 2429
f 2429 2430 2431
f 2432 2433 2434
f 2433 2435 2434
f 2434 2435 2430
f 2435 2436 2430
f 2430 2436 2431
f 2437 2438 2434
f 2438 2439 2434
f 2434 2439 2432
f 2440 2441 2437
f 2441 2442 2437
f 2442 2443 2437
f 2443 2444 2437
f 2437 2444 2438
f 2445 2446 2440
f 2446 2447 2440
f 2447 2448 2440
f 2448 2449 2440
f 2440 2449 2441
f 2404 2450 2405
f 2450 2451 2405
f 2405 2451 2445
f 2451 2452 2445
f 2445 2452 2446
f 2453 2454 2455
f 2453 2455 2405
f 2455 2456 2405
f 2405 2456 2403
f 2401 2457 2402
f 2457 2458 2402
f 2402 2458 2453
f 2458 2459 2453
f 2453 2459 2454
f 2399 2398 2402
f 2398 2460 2402
f 2402 2460 2400
f 2397 2399 2461
f 2399 2462 2461
f 2461 2462 2463
f 2464 2465 2466
f 2465 2467 2466
f 2466 2467 2462
f 2467 2468 2462
f 2462 2468 2463
f 2469 2470 2471
f 2470 2472 2471
f 2471 2472 2466
f 2472 2473 2466
f 2466 2473 2464
f 2469 2471 2474
f 2471 2475 2474
f 2474 2475 2476
f 2477 2478 2475
f 2478 2479 2475
f 2475 2479 2476
f 2477 2475 2480
f 2475 2481 2480
f 2480 2481 2482
f 2483 2484 2485
f 2484 2486 2485
f 2485 2486 2481
f 2486 2487 2481
f 2481 2487 2482
f 2488 2489 2485
f 2489 2490 2485
f 2485 2490 2483
f 2491 2492 2493
f 2492 2494 2493
f 2493 2494 2488
f 2494 2495 2488
f 2488 2495 2489
f 2496 2497 2493
f 2497 2498 2493
f 2493 2498 2491
f 2499 2500 2501
f 2499 2501 2502
f 2501 2503 2502
f 2503 2504 2502
f 2502 2504 2493
f 2504 2505 2493
f 2493 2505 2496
f 2506 2507 2508
f 2507 2509 2508
f 2508 2509 2499
f 2509 2510 2499
f 2499 2510 2500
f 2511 2512 2513
f 2512 2514 2513
f 2513 2514 2508
f 2514 2515 2508
f 2508 2515 2506
f 2395 2516 2396
f 2516 2517 2396
f 2396 2517 2513
f 2517 2518 2513
f 2513 2518 2511
f 1887 1886 2519
f 2100 2520 2521
f 2520 2522 2521
f 2100 1887 2520
f 1887 2519 2520
f 2520 2519 2396
f 2519 2523 2396
f 2396 2523 2394
f 1886 2524 2525
f 2525 2526 1886
f 2526 2527 1886
f 1886 2527 2519
f 2102 2393 2098
f 2524 1886 2393
f 1886 1885 2393
f 2393 1885 2098
f 2528 2529 2520
f 2529 2530 2520
f 2520 2530 2522
f 2531 2532 2533
f 2534 2535 2536
f 2531 2533 2536
f 2532 2537 2533
f 2537 2538 2533
f 2533 2538 2528
f 2539 2540 2541
f 2540 2542 2541
f 2541 2542 2543
f 2543 2544 2534
f 2544 2545 2534
f 2534 2545 2535
f 2221 2228 2546
f 2228 2227 2546
f 2220 2225 2547
f 2225 2224 2547
f 2547 2224 2546
f 2224 2222 2546
f 2546 2222 2221
f 2211 2212 2548
f 2214 2215 2549
f 2215 2217 2549
f 2549 2217 2218
f 2550 2202 2204
f 2206 2208 2548
f 2208 2210 2548
f 2548 2210 2211
f 2408 2551 2409
f 2551 2552 2409
f 2409 2552 2553
f 2204 2206 2550
f 2206 2548 2550
f 2550 2548 2554
f 2548 2409 2554
f 2554 2409 2555
f 2409 2553 2555
f 2556 2557 2558
f 2557 2559 2558
f 2560 2561 2559
f 2561 2562 2559
f 2559 2562 2558
f 2562 2563 2558
f 2558 2563 2564
f 2563 2565 2564
f 2564 2565 2566
f 2565 2567 2566
f 2566 2567 2568
f 2567 2569 2568
f 2568 2569 2570
f 2569 2571 2570
f 2570 2571 2572
f 2571 2573 2572
f 2572 2573 2574
f 2573 2575 2574
f 2574 2575 2576
f 2575 2577 2576
f 2576 2577 2578
f 2577 2579 2578
f 2578 2579 2580
f 2579 2581 2580
f 2580 2581 2582
f 2581 2583 2582
f 2582 2583 2584
f 2583 2585 2584
f 2584 2585 2586
f 2585 2587 2586
f 2586 2587 2588
f 2587 2589 2588
f 2588 2589 2590
f 2589 2591 2590
f 2590 2591 2592
f 2591 2593 2592
f 2592 2593 2594
f 2593 2595 2594
f 2594 2595 2596
f 2595 2547 2596
f 2596 2547 2597
f 2547 2546 2597
f 2597 2546 2392
f 2546 2227 2392
f 2392 2227 2226
f 2543 2534 2541
f 2534 2598 2541
f 2541 2598 2599
f 2598 2600 2599
f 2599 2600 2601
f 2600 2602 2601
f 2601 2602 2603
f 2602 2604 2603
f 2603 2604 2605
f 2604 2606 2605
f 2605 2606 2607
f 2606 2608 2607
f 2607 2608 2609
f 2608 2610 2609
f 2609 2610 2611
f 2610 2612 2611
f 2611 2612 2613
f 2612 2614 2613
f 2613 2614 2615
f 2614 2616 2615
f 2615 2616 2617
f 2616 2561 2617
f 2617 2561 2556
f 2561 2560 2556
f 2556 2560 2557
f 2536 2533 2534
f 2533 2618 2534
f 2534 2618 2598
f 2618 2619 2598
f 2598 2619 2600
f 2619 2620 2600
f 2600 2620 2602
f 2620 2621 2602
f 2602 2621 2604
f 2621 2622 2604
f 2604 2622 2606
f 2622 2623 2606
f 2606 2623 2608
f 2623 2624 2608
f 2608 2624 2610
f 2624 2625 2610
f 2610 2625 2612
f 2625 2626 2612
f 2612 2626 2614
f 2626 2627 2614
f 2614 2627 2616
f 2627 2628 2616
f 2616 2628 2561
f 2628 2629 2561
f 2561 2629 2562
f 2629 2630 2562
f 2562 2630 2563
f 2630 2631 2563
f 2563 2631 2565
f 2631 2632 2565
f 2565 2632 2567
f 2632 2633 2567
f 2567 2633 2569
f 2633 2634 2569
f 2569 2634 2571
f 2634 2635 2571
f 2571 2635 2573
f 2635 2636 2573
f 2573 2636 2575
f 2636 2637 2575
f 2575 2637 2577
f 2637 2638 2577
f 2577 2638 2579
f 2638 2639 2579
f 2579 2639 2581
f 2639 2640 2581
f 2581 2640 2583
f 2640 2641 2583
f 2583 2641 2585
f 2641 2642 2585
f 2585 2642 2587
f 2642 2643 2587
f 2587 2643 2589
f 2643 2644 2589
f 2589 2644 2591
f 2644 2645 2591
f 2591 2645 2593
f 2645 2646 2593
f 2593 2646 2595
f 2646 2549 2595
f 2595 2549 2547
f 2549 2218 2547
f 2547 2218 2220
f 2528 2520 2533
f 2520 2396 2533
f 2533 2396 2618
f 2396 2513 2618
f 2618 2513 2619
f 2513 2508 2619
f 2619 2508 2620
f 2508 2499 2620
f 2620 2499 2621
f 2499 2502 2621
f 2621 2502 2622
f 2502 2493 2622
f 2622 2493 2623
f 2493 2488 2623
f 2623 2488 2624
f 2488 2485 2624
f 2624 2485 2625
f 2485 2481 2625
f 2625 2481 2626
f 2481 2475 2626
f 2626 2475 2627
f 2475 2471 2627
f 2627 2471 2628
f 2471 2466 2628
f 2628 2466 2629
f 2466 2462 2629
f 2629 2462 2630
f 2462 2399 2630
f 2630 2399 2631
f 2399 2402 2631
f 2631 2402 2632
f 2402 2453 2632
f 2632 2453 2633
f 2453 2405 2633
f 2633 2405 2634
f 2405 2445 2634
f 2634 2445 2635
f 2445 2440 2635
f 2635 2440 2636
f 2440 2437 2636
f 2636 2437 2637
f 2437 2434 2637
f 2637 2434 2638
f 2434 2430 2638
f 2638 2430 2639
f 2430 2426 2639
f 2639 2426 2640
f 2426 2422 2640
f 2640 2422 2641
f 2422 2418 2641
f 2641 2418 2642
f 2418 2411 2642
f 2642 2411 2643
f 2411 2410 2643
f 2643 2410 2644
f 2410 2406 2644
f 2644 2406 2645
f 2406 2409 2645
f 2645 2409 2646
f 2409 2548 2646
f 2646 2548 2549
f 2548 2212 2549
f 2549 2212 2214
f 2647 2648 2649
f 2650 2651 2652
f 2653 2654 2655
f 2656 2657 2658
f 2659 2660 2661
f 2662 2663 2664
f 2665 2666 2667
f 2668 2669 2670
f 2671 2672 2673
f 2674 2675 2676
f 2677 2678 2679
f 2680 2681 2682
f 2683 2684 2685
f 2686 2687 2688
f 2689 2690 2691
f 2692 2693 2694
f 2695 2696 2697
f 2698 2699 2700
f 2701 2702 2703
f 2704 2705 2702
f 2706 2707 2705
f 2708 2709 2707
f 2710 2711 2709
f 2712 2713 2711
f 2714 2715 2713
f 2716 2717 2715
f 2718 2719 2717
f 2720 2721 2719
f 2722 2723 2721
f 2724 2725 2723
f 2726 2727 2725
f 2728 2729 2727
f 2730 2731 2729
f 2732 2733 2731
f 2734 2735 2736
f 2737 2738 2739
f 2740 2741 2742
f 2743 2744 2745
f 2746 2747 2748
f 2749 2750 2751
f 2752 2753 2754
f 2755 2756 2757
f 2758 2759 2760
f 2756 2752 2757
f 2752 2754 2757
f 2757 2754 2761
f 2754 2762 2761
f 2761 2762 2760
f 2762 2763 2760
f 2760 2763 2758
f 2759 2764 2760
f 2764 2765 2760
f 2760 2765 2766
f 2767 2751 2757
f 2751 2750 2757
f 2757 2750 2755
f 2749 2751 2768
f 2751 2769 2768
f 2768 2769 2770
f 2771 2772 2773
f 2772 2774 2773
f 2773 2774 2769
f 2774 2775 2769
f 2769 2775 2770
f 2776 2777 2778
f 2778 2779 2776
f 2779 2780 2776
f 2776 2780 2773
f 2780 2781 2773
f 2773 2781 2771
f 2777 2776 2782
f 2776 2783 2782
f 2782 2783 2784
f 2784 2785 2786
f 2785 2787 2786
f 2788 2789 2790
f 2789 2791 2790
f 2790 2791 2785
f 2791 2792 2785
f 2785 2792 2787
f 2793 2794 2795
f 2794 2796 2795
f 2795 2796 2790
f 2796 2797 2790
f 2790 2797 2788
f 2798 2799 2800
f 2799 2801 2800
f 2800 2801 2795
f 2801 2802 2795
f 2795 2802 2793
f 2803 2804 2800
f 2804 2805 2800
f 2800 2805 2798
f 2747 2806 2748
f 2806 2807 2748
f 2748 2807 2803
f 2807 2808 2803
f 2803 2808 2804
f 2744 2809 2745
f 2809 2810 2745
f 2745 2810 2811
f 2812 2813 2814
f 2814 2815 2812
f 2815 2816 2812
f 2812 2816 2817
f 2741 2818 2742
f 2818 2819 2742
f 2742 2819 2820
f 2819 2821 2820
f 2821 2822 2820
f 2820 2822 2823
f 2823 2824 2820
f 2824 2825 2820
f 2820 2825 2826
f 2030 2827 2742
f 2827 2828 2742
f 2742 2828 2740
f 2829 2830 2831
f 2830 2832 2831
f 2019 2024 2832
f 2024 2025 2832
f 2832 2025 2831
f 2025 2028 2831
f 2833 2834 2835
f 2834 2836 2835
f 2837 2838 2839
f 2838 2840 2839
f 2839 2840 2836
f 2840 2841 2836
f 2836 2841 2835
f 2842 2843 2844
f 2843 2845 2844
f 2844 2845 2846
f 2845 2834 2846
f 2846 2834 2847
f 2834 2833 2847
f 2848 2849 2850
f 2849 2851 2850
f 2850 2851 2852
f 2851 2853 2852
f 2842 2854 2843
f 2854 2855 2843
f 2843 2855 2856
f 2855 2857 2856
f 2856 2857 2858
f 2857 2859 2858
f 2858 2859 2853
f 2859 2860 2853
f 2853 2860 2852
f 2861 2862 2863
f 2862 2864 2863
f 2865 2866 2867
f 2866 2868 2867
f 2867 2868 2767
f 2868 2869 2767
f 2767 2869 2751
f 2870 2871 2872
f 2871 2873 2872
f 2872 2873 2874
f 2874 2875 2872
f 2875 2876 2872
f 2872 2876 2877
f 2877 2878 2872
f 2878 2879 2872
f 2872 2879 2880
f 2880 2881 2872
f 2881 2882 2872
f 2872 2882 2883
f 2882 2884 2883
f 2883 2884 2885
f 2738 2886 2739
f 2886 2887 2739
f 2739 2887 2888
f 2887 2889 2888
f 2888 2889 2890
f 2890 2891 2888
f 2891 2892 2888
f 2888 2892 2872
f 2892 2893 2872
f 2872 2893 2870
f 2894 2895 2739
f 2895 2896 2739
f 2739 2896 2737
f 2850 2897 2848
f 2897 2898 2848
f 2848 2898 2899
f 2898 2900 2899
f 2899 2900 2901
f 2900 2902 2901
f 2901 2902 2903
f 2902 2904 2903
f 2903 2904 2905
f 2904 2906 2905
f 2905 2906 2864
f 2906 2907 2864
f 2864 2907 2863
f 2907 2908 2863
f 2863 2908 2894
f 2908 2909 2894
f 2894 2909 2895
f 2910 2911 2912
f 2911 2913 2912
f 2912 2913 2837
f 2913 2914 2837
f 2837 2914 2838
f 2885 2915 2883
f 2915 2916 2883
f 2883 2916 2736
f 2916 2917 2736
f 2736 2917 2734
f 2918 2733 2919
f 2733 2732 2919
f 2919 2732 2920
f 2766 2861 2760
f 2861 2863 2760
f 2760 2863 2865
f 2863 2894 2865
f 2865 2894 2866
f 2894 2739 2866
f 2866 2739 2921
f 2739 2888 2921
f 2921 2888 2922
f 2784 2783 2785
f 2783 2923 2785
f 2785 2923 2790
f 2923 2924 2790
f 2790 2924 2795
f 2924 2925 2795
f 2795 2925 2800
f 2925 2926 2800
f 2800 2926 2803
f 2927 2918 2928
f 2918 2919 2928
f 2928 2919 2929
f 2919 2920 2929
f 2929 2920 2930
f 2926 2931 2803
f 2931 2932 2803
f 2803 2932 2748
f 2932 2745 2748
f 2748 2745 2746
f 2745 2811 2746
f 2931 2933 2932
f 2933 2934 2932
f 2932 2934 2745
f 2934 2812 2745
f 2745 2812 2743
f 2812 2817 2743
f 2933 2935 2934
f 2935 2936 2934
f 2934 2936 2812
f 2936 2937 2812
f 2812 2937 2813
f 2937 2820 2813
f 2813 2820 2938
f 2820 2826 2938
f 2939 2927 2940
f 2927 2928 2940
f 2940 2928 2941
f 2928 2929 2941
f 2941 2929 2942
f 2929 2930 2942
f 2942 2930 2685
f 2935 2943 2936
f 2943 2944 2936
f 2936 2944 2937
f 2944 2945 2937
f 2937 2945 2820
f 2945 2946 2820
f 2820 2946 2742
f 2946 2831 2742
f 2742 2831 2030
f 2831 2028 2030
f 2947 2948 2949
f 2950 2922 2951
f 2922 2888 2951
f 2951 2888 2952
f 2888 2872 2952
f 2952 2872 2953
f 2872 2883 2953
f 2953 2883 2954
f 2883 2736 2954
f 2954 2736 2910
f 2736 2735 2910
f 2910 2735 2911
f 2699 2829 2700
f 2829 2831 2700
f 2700 2831 2955
f 2831 2946 2955
f 2955 2946 2956
f 2946 2945 2956
f 2956 2945 2957
f 2945 2944 2957
f 2957 2944 2958
f 2944 2943 2958
f 2696 2698 2697
f 2698 2700 2697
f 2697 2700 2959
f 2700 2955 2959
f 2959 2955 2960
f 2955 2956 2960
f 2960 2956 2961
f 2956 2957 2961
f 2961 2957 2962
f 2957 2958 2962
f 2693 2695 2694
f 2695 2697 2694
f 2694 2697 2963
f 2697 2959 2963
f 2963 2959 2964
f 2959 2960 2964
f 2964 2960 2965
f 2960 2961 2965
f 2965 2961 2966
f 2961 2962 2966
f 2690 2692 2691
f 2692 2694 2691
f 2691 2694 2967
f 2694 2963 2967
f 2967 2963 2968
f 2963 2964 2968
f 2968 2964 2969
f 2964 2965 2969
f 2969 2965 2970
f 2965 2966 2970
f 2687 2689 2688
f 2689 2691 2688
f 2688 2691 2971
f 2691 2967 2971
f 2971 2967 2972
f 2967 2968 2972
f 2972 2968 2973
f 2968 2969 2973
f 2973 2969 2974
f 2969 2970 2974
f 2975 2686 2976
f 2686 2688 2976
f 2976 2688 2977
f 2688 2971 2977
f 2977 2971 2978
f 2971 2972 2978
f 2978 2972 2979
f 2972 2973 2979
f 2979 2973 2980
f 2973 2974 2980
f 2980 2939 2979
f 2939 2940 2979
f 2979 2940 2978
f 2940 2941 2978
f 2978 2941 2977
f 2941 2942 2977
f 2977 2942 2976
f 2942 2685 2976
f 2976 2685 2975
f 2685 2684 2975
f 2731 2730 2732
f 2730 2981 2732
f 2732 2981 2920
f 2981 2982 2920
f 2920 2982 2930
f 2982 2682 2930
f 2930 2682 2685
f 2682 2681 2685
f 2685 2681 2683
f 2729 2728 2730
f 2728 2983 2730
f 2730 2983 2981
f 2983 2984 2981
f 2981 2984 2982
f 2984 2679 2982
f 2982 2679 2682
f 2679 2678 2682
f 2682 2678 2680
f 2727 2726 2728
f 2726 2985 2728
f 2728 2985 2983
f 2985 2986 2983
f 2983 2986 2984
f 2986 2676 2984
f 2984 2676 2679
f 2676 2675 2679
f 2679 2675 2677
f 2725 2724 2726
f 2724 2987 2726
f 2726 2987 2985
f 2987 2988 2985
f 2985 2988 2986
f 2988 2673 2986
f 2986 2673 2676
f 2673 2672 2676
f 2676 2672 2674
f 2723 2722 2724
f 2722 2989 2724
f 2724 2989 2987
f 2989 2990 2987
f 2987 2990 2988
f 2990 2670 2988
f 2988 2670 2673
f 2670 2669 2673
f 2673 2669 2671
f 2721 2720 2722
f 2720 2991 2722
f 2722 2991 2989
f 2991 2992 2989
f 2989 2992 2990
f 2992 2993 2990
f 2990 2993 2670
f 2993 2994 2670
f 2670 2994 2668
f 2995 2996 2997
f 2719 2718 2720
f 2718 2998 2720
f 2720 2998 2991
f 2998 2999 2991
f 2991 2999 2992
f 2999 2995 2992
f 2992 2995 2993
f 2995 2997 2993
f 2993 2997 2994
f 3000 3001 3002
f 2717 2716 2718
f 2716 3003 2718
f 2718 3003 2998
f 3003 3004 2998
f 2998 3004 2999
f 3004 3000 2999
f 2999 3000 2995
f 3000 3002 2995
f 2995 3002 2996
f 3005 3006 3007
f 2715 2714 2716
f 2714 3008 2716
f 2716 3008 3003
f 3008 3009 3003
f 3003 3009 3004
f 3009 3005 3004
f 3004 3005 3000
f 3005 3007 3000
f 3000 3007 3001
f 3010 3011 3012
f 2713 2712 2714
f 2712 3013 2714
f 2714 3013 3008
f 3013 3014 3008
f 3008 3014 3009
f 3014 3010 3009
f 3009 3010 3005
f 3010 3012 3005
f 3005 3012 3006
f 3015 3016 3017
f 2711 2710 2712
f 2710 3018 2712
f 2712 3018 3013
f 3018 3019 3013
f 3013 3019 3014
f 3019 3015 3014
f 3014 3015 3010
f 3015 3017 3010
f 3010 3017 3011
f 3020 3021 3022
f 2709 2708 2710
f 2708 3023 2710
f 2710 3023 3018
f 3023 3024 3018
f 3018 3024 3019
f 3024 3020 3019
f 3019 3020 3015
f 3020 3022 3015
f 3015 3022 3016
f 2707 2706 2708
f 2706 3025 2708
f 2708 3025 3023
f 3025 3026 3023
f 3023 3026 3024
f 3026 3027 3024
f 3024 3027 3020
f 3027 3028 3020
f 3020 3028 3021
f 2705 2704 2706
f 2704 3029 2706
f 2706 3029 3025
f 3029 3030 3025
f 3025 3030 3026
f 3030 2667 3026
f 3026 2667 3027
f 2667 2666 3027
f 3027 2666 3028
f 2702 2701 2704
f 2701 3031 2704
f 2704 3031 3029
f 3031 3032 3029
f 3029 3032 3030
f 3032 2664 3030
f 3030 2664 2667
f 2664 2663 2667
f 2667 2663 2665
f 2703 3033 2701
f 3033 3034 2701
f 2701 3034 3031
f 3034 3035 3031
f 3031 3035 3032
f 3035 2661 3032
f 3032 2661 2664
f 2661 2660 2664
f 2664 2660 2662
f 3033 3036 3034
f 3036 3037 3034
f 3034 3037 3035
f 3037 2658 3035
f 3035 2658 2661
f 2658 2657 2661
f 2661 2657 2659
f 3036 2947 3037
f 2947 2949 3037
f 3037 2949 2658
f 2949 3038 2658
f 2658 3038 2656
f 3039 3040 3041
f 3040 2948 3041
f 3041 2948 3042
f 2948 2947 3042
f 3042 2947 3043
f 2947 3036 3043
f 3043 3036 3044
f 3036 3033 3044
f 3044 3033 3045
f 3033 2703 3045
f 3040 3046 2948
f 3046 3047 2948
f 2948 3047 2949
f 3047 3048 2949
f 2949 3048 3038
f 2654 3039 2655
f 3039 3041 2655
f 2655 3041 3049
f 3041 3042 3049
f 3049 3042 3050
f 3042 3043 3050
f 3050 3043 3051
f 3043 3044 3051
f 3051 3044 3052
f 3044 3045 3052
f 2651 2653 2652
f 2653 2655 2652
f 2652 2655 3053
f 2655 3049 3053
f 3053 3049 3054
f 3049 3050 3054
f 3054 3050 3055
f 3050 3051 3055
f 3055 3051 3056
f 3051 3052 3056
f 2648 2650 2649
f 2650 2652 2649
f 2649 2652 3057
f 2652 3053 3057
f 3057 3053 3058
f 3053 3054 3058
f 3058 3054 3059
f 3054 3055 3059
f 3059 3055 3060
f 3055 3056 3060
f 2910 2647 2954
f 2647 2649 2954
f 2954 2649 2953
f 2649 3057 2953
f 2953 3057 2952
f 3057 3058 2952
f 2952 3058 2951
f 3058 3059 2951
f 2951 3059 2950
f 3059 3060 2950
f 3061 3062 3063
f 3064 3065 3063
f 3065 3066 3063
f 3063 3066 3061
f 3067 3068 3063
f 3068 3069 3063
f 3063 3069 3064
f 3070 3071 3063
f 3071 3072 3063
f 3063 3072 3067
f 3073 3074 3063
f 3074 3075 3063
f 3063 3075 3070
f 3076 3077 3063
f 3077 3078 3063
f 3063 3078 3073
f 3079 3080 3063
f 3080 3081 3063
f 3063 3081 3076
f 3082 3083 3063
f 3083 3084 3063
f 3063 3084 3079
f 3085 3086 3063
f 3086 3087 3063
f 3063 3087 3082
f 3088 3089 3063
f 3089 3090 3063
f 3063 3090 3085
f 3091 3092 3063
f 3092 3093 3063
f 3063 3093 3088
f 3094 3095 3063
f 3095 3096 3063
f 3063 3096 3091
f 3097 3098 3063
f 3098 3099 3063
f 3063 3099 3094
f 3100 3101 3063
f 3101 3102 3063
f 3063 3102 3097
f 3103 3104 3063
f 3104 3105 3063
f 3063 3105 3100
f 3106 3107 3063
f 3107 3108 3063
f 3063 3108 3103
f 3062 3109 3063
f 3109 3110 3063
f 3063 3110 3106
f 3111 3112 3113
f 3112 3114 3113
f 3111 3115 3112
f 3115 3116 3112
f 3112 3116 3117
f 3117 3118 3112
f 3118 3119 3112
f 3112 3119 3120
f 3121 3122 3123
f 3122 3124 3123
f 3123 3124 3125
f 3125 3126 3123
f 3126 3127 3123
f 3123 3127 3112
f 3127 3128 3112
f 3112 3128 3114
f 3129 3130 3123
f 3130 3131 3123
f 3123 3131 3121
f 3132 3133 3134
f 3134 3135 3132
f 3135 3136 3132
f 3132 3136 3137
f 3137 3138 3132
f 3138 3139 3132
f 3132 3139 3140
f 3140 3141 3132
f 3141 3142 3132
f 3132 3142 3143
f 3143 3144 3132
f 3144 3145 3132
f 3132 3145 3123
f 3145 3146 3123
f 3123 3146 3129
f 3147 3148 3149
f 3150 3151 3152
f 3153 3154 3155
f 3156 3157 3158
f 3159 3160 3161
f 3162 3163 3164
f 3165 3166 3167
f 3168 3169 3170
f 3171 3172 3173
f 3174 3175 3176
f 3177 3178 3179
f 3180 3181 3182
f 3183 3184 3185
f 3186 3187 3188
f 3189 3190 3191
f 3192 3193 3194
f 3195 3196 3197
f 3198 3199 3200
f 3201 3202 3203
f 3204 3205 3206
f 3207 3208 3209
f 3210 3211 3212
f 2654 2653 3213
f 3040 3039 3214
f 3047 3046 3215
f 2657 2656 3216
f 2660 2659 3217
f 2663 2662 3218
f 2666 2665 3219
f 3021 3028 3220
f 3016 3022 3221
f 3011 3017 3222
f 3006 3012 3223
f 3001 3007 3224
f 2996 3002 3225
f 2994 2997 3226
f 2672 2671 3227
f 2675 2674 3228
f 2678 2677 3229
f 2681 2680 3230
f 2684 2683 3231
f 2690 2689 3232
f 2693 2692 3233
f 2696 2695 3234
f 2699 2698 3235
f 2830 2829 3236
f 2001 2307 3212
f 2837 2839 3237
f 3238 3239 3240
f 3241 3242 3243
f 3244 3241 3245
f 3241 3243 3245
f 3245 3243 3246
f 3243 3247 3246
f 3246 3247 3248
f 3247 3249 3248
f 3248 3249 3250
f 3249 3251 3250
f 3250 3251 3252
f 3251 3253 3252
f 3254 3255 3243
f 3255 3256 3243
f 3243 3256 3247
f 3254 3243 3257
f 3243 3258 3257
f 3257 3258 3259
f 3258 3260 3259
f 3259 3260 3261
f 3262 3263 3260
f 3263 3264 3260
f 3260 3264 3261
f 3239 3265 3240
f 3265 3266 3240
f 3240 3266 3262
f 3266 3267 3262
f 3262 3267 3263
f 2647 2910 3268
f 3268 2910 3237
f 2910 2912 3237
f 3237 2912 2837
f 2019 2832 2020
f 2832 3269 2020
f 2020 3269 2021
f 3269 2017 2021
f 3270 2009 2008
f 3270 2008 3269
f 2008 2015 3269
f 3269 2015 2017
f 1903 3271 2005
f 3271 2006 2005
f 1903 2014 3271
f 2014 2013 3271
f 3271 2013 3270
f 2013 2011 3270
f 3270 2011 2009
f 2307 2004 3212
f 2004 2003 3212
f 3212 2003 3271
f 2003 2007 3271
f 3271 2007 2006
f 3211 1997 1996
f 3211 1996 3212
f 1996 1999 3212
f 3212 1999 2001
f 2687 2686 3272
f 2686 2975 3272
f 2994 3226 2668
f 3047 3215 3048
f 3268 3238 2647
f 3238 3240 2647
f 2647 3240 2648
f 3240 3262 2648
f 2648 3262 2650
f 3262 2651 2650
f 3208 3210 3209
f 3210 3212 3209
f 3209 3212 3273
f 3212 3271 3273
f 3273 3271 3274
f 3271 3270 3274
f 3274 3270 3236
f 3270 3269 3236
f 3236 3269 2830
f 3269 2832 2830
f 3275 3207 3276
f 3207 3209 3276
f 3276 3209 3277
f 3209 3273 3277
f 3277 3273 3278
f 3273 3274 3278
f 3278 3274 3235
f 3274 3236 3235
f 3235 3236 2699
f 3236 2829 2699
f 2698 2696 3235
f 2696 3234 3235
f 3235 3234 3278
f 3234 3279 3278
f 3278 3279 3277
f 3279 3280 3277
f 3277 3280 3276
f 3280 3206 3276
f 3276 3206 3275
f 3206 3205 3275
f 3202 3204 3203
f 3204 3206 3203
f 3203 3206 3281
f 3206 3280 3281
f 3281 3280 3282
f 3280 3279 3282
f 3282 3279 3233
f 3279 3234 3233
f 3233 3234 2693
f 3234 2695 2693
f 3199 3201 3200
f 3201 3203 3200
f 3200 3203 3283
f 3203 3281 3283
f 3283 3281 3284
f 3281 3282 3284
f 3284 3282 3232
f 3282 3233 3232
f 3232 3233 2690
f 3233 2692 2690
f 3196 3198 3197
f 3198 3200 3197
f 3197 3200 3285
f 3200 3283 3285
f 3285 3283 3286
f 3283 3284 3286
f 3286 3284 3272
f 3284 3232 3272
f 3272 3232 2687
f 3232 2689 2687
f 3193 3195 3194
f 3195 3197 3194
f 3194 3197 3287
f 3197 3285 3287
f 3287 3285 3288
f 3285 3286 3288
f 3288 3286 3231
f 3286 3272 3231
f 3231 3272 2684
f 3272 2975 2684
f 3289 3192 3290
f 3192 3194 3290
f 3290 3194 3291
f 3194 3287 3291
f 3291 3287 3292
f 3287 3288 3292
f 3292 3288 3230
f 3288 3231 3230
f 3230 3231 2681
f 3231 2683 2681
f 2680 2678 3230
f 2678 3229 3230
f 3230 3229 3292
f 3229 3293 3292
f 3292 3293 3291
f 3293 3294 3291
f 3291 3294 3290
f 3294 3191 3290
f 3290 3191 3289
f 3191 3190 3289
f 3187 3189 3188
f 3189 3191 3188
f 3188 3191 3295
f 3191 3294 3295
f 3295 3294 3296
f 3294 3293 3296
f 3296 3293 3228
f 3293 3229 3228
f 3228 3229 2675
f 3229 2677 2675
f 3184 3186 3185
f 3186 3188 3185
f 3185 3188 3297
f 3188 3295 3297
f 3297 3295 3298
f 3295 3296 3298
f 3298 3296 3227
f 3296 3228 3227
f 3227 3228 2672
f 3228 2674 2672
f 3181 3183 3182
f 3183 3185 3182
f 3182 3185 3299
f 3185 3297 3299
f 3299 3297 3300
f 3297 3298 3300
f 3300 3298 3301
f 3298 3227 3301
f 3301 3227 2669
f 3227 2671 2669
f 3178 3180 3179
f 3180 3182 3179
f 3179 3182 3302
f 3182 3299 3302
f 3302 3299 3303
f 3299 3300 3303
f 3303 3300 3226
f 3300 3301 3226
f 3226 3301 2668
f 3301 2669 2668
f 3304 3177 3305
f 3177 3179 3305
f 3305 3179 3306
f 3179 3302 3306
f 3306 3302 3307
f 3302 3303 3307
f 3307 3303 3225
f 3303 3226 3225
f 3225 3226 2996
f 3226 2997 2996
f 3002 3001 3225
f 3001 3224 3225
f 3225 3224 3307
f 3224 3308 3307
f 3307 3308 3306
f 3308 3309 3306
f 3306 3309 3305
f 3309 3176 3305
f 3305 3176 3304
f 3176 3175 3304
f 3172 3174 3173
f 3174 3176 3173
f 3173 3176 3310
f 3176 3309 3310
f 3310 3309 3311
f 3309 3308 3311
f 3311 3308 3223
f 3308 3224 3223
f 3223 3224 3006
f 3224 3007 3006
f 3169 3171 3170
f 3171 3173 3170
f 3170 3173 3312
f 3173 3310 3312
f 3312 3310 3313
f 3310 3311 3313
f 3313 3311 3222
f 3311 3223 3222
f 3222 3223 3011
f 3223 3012 3011
f 3166 3168 3167
f 3168 3170 3167
f 3167 3170 3314
f 3170 3312 3314
f 3314 3312 3315
f 3312 3313 3315
f 3315 3313 3221
f 3313 3222 3221
f 3221 3222 3016
f 3222 3017 3016
f 3163 3165 3164
f 3165 3167 3164
f 3164 3167 3316
f 3167 3314 3316
f 3316 3314 3317
f 3314 3315 3317
f 3317 3315 3220
f 3315 3221 3220
f 3220 3221 3021
f 3221 3022 3021
f 3318 3162 3319
f 3162 3164 3319
f 3319 3164 3320
f 3164 3316 3320
f 3320 3316 3321
f 3316 3317 3321
f 3321 3317 3219
f 3317 3220 3219
f 3219 3220 2666
f 3220 3028 2666
f 2665 2663 3219
f 2663 3218 3219
f 3219 3218 3321
f 3218 3322 3321
f 3321 3322 3320
f 3322 3323 3320
f 3320 3323 3319
f 3323 3161 3319
f 3319 3161 3318
f 3161 3160 3318
f 3157 3159 3158
f 3159 3161 3158
f 3158 3161 3324
f 3161 3323 3324
f 3324 3323 3325
f 3323 3322 3325
f 3325 3322 3217
f 3322 3218 3217
f 3217 3218 2660
f 3218 2662 2660
f 3154 3156 3155
f 3156 3158 3155
f 3155 3158 3326
f 3158 3324 3326
f 3326 3324 3327
f 3324 3325 3327
f 3327 3325 3216
f 3325 3217 3216
f 3216 3217 2657
f 3217 2659 2657
f 3151 3153 3152
f 3153 3155 3152
f 3152 3155 3328
f 3155 3326 3328
f 3328 3326 3329
f 3326 3327 3329
f 3329 3327 3330
f 3327 3216 3330
f 3330 3216 3038
f 3216 2656 3038
f 3331 3150 3332
f 3150 3152 3332
f 3332 3152 3333
f 3152 3328 3333
f 3333 3328 3334
f 3328 3329 3334
f 3334 3329 3215
f 3329 3330 3215
f 3215 3330 3048
f 3330 3038 3048
f 3046 3040 3215
f 3040 3214 3215
f 3215 3214 3334
f 3214 3335 3334
f 3334 3335 3333
f 3335 3336 3333
f 3333 3336 3332
f 3336 3337 3332
f 3332 3337 3331
f 3337 3338 3331
f 3039 2654 3214
f 2654 3213 3214
f 3214 3213 3335
f 3213 3339 3335
f 3335 3339 3336
f 3339 3340 3336
f 3336 3340 3337
f 3340 3149 3337
f 3337 3149 3338
f 3149 3148 3338
f 3242 3147 3243
f 3147 3149 3243
f 3243 3149 3258
f 3149 3340 3258
f 3258 3340 3260
f 3340 3339 3260
f 3260 3339 3262
f 3339 3213 3262
f 3262 3213 2651
f 3213 2653 2651
f 3341 3342 3343
f 3344 3345 3343
f 3344 3343 3346
f 3347 3348 3343
f 3347 3343 3349
f 3350 3349 3343
f 3351 3350 3343
f 3352 3351 3343
f 3353 3352 3343
f 3354 3353 3343
f 3355 3354 3343
f 3356 3355 3343
f 3357 3356 3343
f 3358 3357 3343
f 3359 3358 3343
f 3360 3359 3343
f 3361 3360 3343
f 3362 3361 3343
f 3363 3362 3343
f 3364 3363 3343
f 3365 3364 3343
f 3366 3365 3343
f 3367 3366 3343
f 3368 3367 3343
f 3369 3368 3343
f 3370 3371 3372
f 3373 3374 3375
f 3374 3373 3376
f 3377 3343 3378
f 3343 3377 3379
f 3380 3378 3343
f 3381 3343 3382
f 3343 3381 3383
f 3384 3382 3343
f 1984 1983 3385
f 1992 1995 3210
f 1995 1998 3210
f 3210 1998 3211
f 1998 1997 3211
f 1988 1987 3386
f 1987 1989 3386
f 1989 1991 3386
f 3386 1991 1992
f 1980 1979 3387
f 1976 1978 3387
f 1978 1982 3387
f 3387 1982 1980
f 3343 3388 3389
f 3343 3389 3369
f 3389 1958 3369
f 3369 1958 1963
f 3390 3388 3343
f 1963 1973 3369
f 1973 1974 3369
f 3369 1974 1975
f 3343 3391 3392
f 3393 3391 3343
f 3343 3394 3395
f 3396 3394 3343
f 3392 3396 3343
f 3395 3390 3343
f 3383 3393 3343
f 3379 3384 3343
f 3397 3380 3343
f 3342 3397 3343
f 3345 3341 3343
f 3398 3399 3400
f 3399 3401 3400
f 3400 3401 3342
f 3401 3402 3342
f 3342 3402 3397
f 3403 3404 3405
f 3404 3406 3405
f 3405 3406 3407
f 3406 3408 3407
f 3408 3409 3407
f 3409 3410 3407
f 3407 3410 3411
f 3410 3412 3411
f 3411 3412 3413
f 3412 3414 3413
f 3413 3414 3415
f 3414 3416 3415
f 3415 3416 3417
f 3416 3418 3417
f 3416 3419 3418
f 3419 3420 3418
f 3418 3420 3421
f 3420 3422 3421
f 3421 3422 3423
f 3424 3252 3253
f 3423 3422 3253
f 3422 3425 3253
f 3253 3425 3424
f 3341 3426 3342
f 3426 3427 3342
f 3342 3427 3400
f 3427 3428 3400
f 3400 3428 3403
f 3428 3429 3403
f 3403 3429 3404
f 3430 3431 3346
f 3431 3432 3346
f 3346 3432 3344
f 3432 3433 3344
f 3344 3433 3345
f 3433 3434 3345
f 3345 3434 3341
f 3434 3435 3341
f 3341 3435 3426
f 3376 3436 3348
f 3436 3430 3348
f 3430 3346 3348
f 3348 3346 3343
f 3437 3438 3439
f 3438 3440 3439
f 3439 3440 3441
f 3441 3442 3439
f 3442 3443 3439
f 3439 3443 3444
f 3444 3445 3446
f 3445 3447 3446
f 3447 3448 3446
f 3448 3449 3446
f 3446 3449 3375
f 3449 3450 3375
f 3375 3450 3373
f 3451 3452 3453
f 3452 3454 3453
f 3453 3454 3455
f 3456 3457 3439
f 3455 3458 3453
f 3458 3459 3453
f 3453 3459 3456
f 3457 3460 3439
f 3460 3461 3439
f 3439 3461 3437
f 3371 3462 3372
f 3462 3463 3372
f 3372 3463 3464
f 3463 3465 3464
f 3464 3465 3466
f 1992 3210 3386
f 3210 3208 3386
f 3386 3208 3467
f 3205 3468 3275
f 3468 3467 3275
f 3275 3467 3207
f 3467 3208 3207
f 3205 3204 3468
f 3204 3202 3468
f 3468 3202 3469
f 3202 3201 3469
f 3201 3199 3469
f 3469 3199 3470
f 3199 3471 3470
f 3471 3196 3470
f 3470 3196 3472
f 3196 3195 3472
f 3195 3193 3472
f 3472 3193 3473
f 3190 3474 3289
f 3474 3473 3289
f 3289 3473 3192
f 3473 3193 3192
f 3190 3189 3474
f 3189 3187 3474
f 3474 3187 3475
f 3187 3186 3475
f 3186 3184 3475
f 3475 3184 3476
f 3184 3477 3476
f 3477 3181 3476
f 3476 3181 3478
f 3181 3180 3478
f 3180 3178 3478
f 3478 3178 3479
f 3175 3480 3304
f 3480 3479 3304
f 3304 3479 3177
f 3479 3178 3177
f 3175 3174 3480
f 3174 3172 3480
f 3480 3172 3481
f 3172 3171 3481
f 3171 3169 3481
f 3481 3169 3482
f 3169 3168 3482
f 3168 3166 3482
f 3482 3166 3483
f 3166 3165 3483
f 3165 3163 3483
f 3483 3163 3484
f 3160 3485 3318
f 3485 3484 3318
f 3318 3484 3162
f 3484 3163 3162
f 3160 3159 3485
f 3159 3157 3485
f 3485 3157 3486
f 3157 3156 3486
f 3156 3154 3486
f 3486 3154 3487
f 3150 3453 3151
f 3453 3487 3151
f 3151 3487 3153
f 3487 3154 3153
f 3150 3331 3453
f 3331 3464 3453
f 3453 3464 3451
f 3464 3466 3451
f 3331 3338 3464
f 3338 3148 3464
f 3464 3148 3372
f 3148 3147 3372
f 3372 3147 3370
f 3147 3242 3370
f 3370 3242 3488
f 3242 3241 3488
f 3488 3241 3244
f 3456 3439 3453
f 3439 3489 3453
f 3453 3489 3487
f 3489 3490 3487
f 3487 3490 3486
f 3490 3491 3486
f 3486 3491 3485
f 3491 3492 3485
f 3485 3492 3484
f 3492 3493 3484
f 3484 3493 3483
f 3493 3494 3483
f 3483 3494 3482
f 3494 3495 3482
f 3482 3495 3481
f 3495 3496 3481
f 3481 3496 3480
f 3496 3497 3480
f 3480 3497 3479
f 3497 3498 3479
f 3479 3498 3478
f 3498 3499 3478
f 3478 3499 3476
f 3499 3500 3476
f 3476 3500 3475
f 3500 3501 3475
f 3475 3501 3474
f 3501 3502 3474
f 3474 3502 3473
f 3502 3503 3473
f 3473 3503 3472
f 3503 3504 3472
f 3472 3504 3470
f 3504 3505 3470
f 3470 3505 3469
f 3505 3506 3469
f 3469 3506 3468
f 3506 3507 3468
f 3468 3507 3467
f 3507 3385 3467
f 3467 3385 3386
f 3385 1983 3386
f 3386 1983 1988
f 3444 3446 3439
f 3446 3508 3439
f 3439 3508 3489
f 3508 3509 3489
f 3489 3509 3490
f 3509 3510 3490
f 3490 3510 3491
f 3510 3511 3491
f 3491 3511 3492
f 3511 3512 3492
f 3492 3512 3493
f 3512 3513 3493
f 3493 3513 3494
f 3513 3514 3494
f 3494 3514 3495
f 3514 3515 3495
f 3495 3515 3496
f 3515 3516 3496
f 3496 3516 3497
f 3516 3517 3497
f 3497 3517 3498
f 3517 3518 3498
f 3498 3518 3499
f 3518 3519 3499
f 3499 3519 3500
f 3519 3520 3500
f 3500 3520 3501
f 3520 3521 3501
f 3501 3521 3502
f 3521 3522 3502
f 3502 3522 3503
f 3522 3523 3503
f 3503 3523 3504
f 3523 3524 3504
f 3504 3524 3505
f 3524 3525 3505
f 3505 3525 3506
f 3525 3526 3506
f 3506 3526 3507
f 3526 3387 3507
f 3507 3387 3385
f 3387 1979 3385
f 3385 1979 1984
f 3376 3348 3374
f 3348 3347 3374
f 3374 3347 3375
f 3347 3349 3375
f 3375 3349 3446
f 3349 3350 3446
f 3446 3350 3508
f 3350 3351 3508
f 3508 3351 3509
f 3351 3352 3509
f 3509 3352 3510
f 3352 3353 3510
f 3510 3353 3511
f 3353 3354 3511
f 3511 3354 3512
f 3354 3355 3512
f 3512 3355 3513
f 3355 3356 3513
f 3513 3356 3514
f 3356 3357 3514
f 3514 3357 3515
f 3357 3358 3515
f 3515 3358 3516
f 3358 3359 3516
f 3516 3359 3517
f 3359 3360 3517
f 3517 3360 3518
f 3360 3361 3518
f 3518 3361 3519
f 3361 3362 3519
f 3519 3362 3520
f 3362 3363 3520
f 3520 3363 3521
f 3363 3364 3521
f 3521 3364 3522
f 3364 3365 3522
f 3522 3365 3523
f 3365 3366 3523
f 3523 3366 3524
f 3366 3367 3524
f 3524 3367 3525
f 3367 3368 3525
f 3525 3368 3526
f 3368 3369 3526
f 3526 3369 3387
f 3369 1975 3387
f 3387 1975 1976
f 3527 3528 3529
f 3530 3531 3532
f 3533 1900 3534
f 3535 2054 3536
f 1892 1891 3537
f 3538 2084 3539
f 2086 2092 3540
f 3541 3542 3543
f 3544 3545 3546
f 3547 3548 3549
f 3550 3551 3552
f 2810 2809 3553
f 3554 2033 3555
f 3554 3555 3556
f 2818 2741 3555
f 2741 2740 3555
f 2740 2828 3555
f 3555 2828 3556
f 2821 2819 3557
f 2824 2823 3558
f 2823 2822 3558
f 2825 2824 3559
f 3560 2815 2814
f 2814 2813 3560
f 2813 2938 3560
f 3560 2938 2826
f 2809 2744 3553
f 2744 2743 3553
f 3553 2743 2817
f 2811 2810 3561
f 3562 2806 3563
f 2806 2747 3563
f 3563 2747 2746
f 2805 2804 3564
f 2804 2808 3564
f 3564 2808 3562
f 2805 3565 2798
f 3565 2799 2798
f 3566 2802 2801
f 2796 2794 3566
f 2794 2793 3566
f 3566 2793 2802
f 3567 2789 2788
f 2787 2792 3568
f 2792 2791 3568
f 2778 2777 3569
f 2777 2782 3569
f 3570 2784 3568
f 2784 2786 3568
f 3568 2786 2787
f 2781 2780 3571
f 2780 2779 3571
f 2770 2775 3572
f 2775 2774 3572
f 2774 2772 3572
f 3572 2772 2771
f 2768 3573 2749
f 3573 2750 2749
f 3551 3574 2755
f 3575 3576 3577
f 3576 3578 3577
f 3577 3578 3579
f 3579 3580 3577
f 3580 3581 3577
f 3577 3581 3582
f 3582 3583 3577
f 3583 3584 3577
f 3577 3584 3585
f 3586 3587 3574
f 3587 3588 3574
f 3574 3588 2755
f 3577 3589 3575
f 3589 3590 3575
f 3575 3590 3591
f 3590 3592 3591
f 3593 3594 3577
f 3594 3586 3577
f 3577 3586 3589
f 3586 3574 3589
f 3589 3574 3590
f 3574 3551 3590
f 3590 3551 3592
f 3551 3550 3592
f 3595 3596 3597
f 2750 3573 2755
f 3573 3597 2755
f 2755 3597 3551
f 3597 3596 3551
f 3551 3596 3552
f 3598 3599 3600
f 3599 3601 3600
f 3600 3601 3602
f 3601 3603 3602
f 3604 3605 3606
f 3606 3607 3604
f 3607 3608 3604
f 3604 3608 3601
f 3608 3609 3601
f 3601 3609 3603
f 3610 3611 3612
f 3610 3612 3613
f 3614 3615 3610
f 3615 3616 3610
f 3610 3616 3611
f 3617 3618 3619
f 3618 3620 3619
f 3619 3620 3614
f 3620 3621 3614
f 3614 3621 3615
f 3622 3623 3624
f 3623 3625 3624
f 3624 3625 3626
f 3627 3628 3622
f 3628 3629 3622
f 3622 3629 3623
f 3630 3631 3627
f 3631 3632 3627
f 3627 3632 3628
f 3633 3634 3635
f 3636 3637 3638
f 3637 3639 3638
f 3544 3546 3640
f 3641 3642 3640
f 3543 2542 3541
f 2542 2540 3541
f 3541 2540 2539
f 2545 2544 3543
f 2544 2543 3543
f 3543 2543 2542
f 3542 3642 3543
f 3642 3641 3543
f 3543 3641 2545
f 3641 3643 2545
f 2545 3643 2535
f 3643 2536 2535
f 2536 3643 2531
f 3643 3644 2531
f 2531 3644 2532
f 3645 2538 3644
f 2538 2537 3644
f 3644 2537 2532
f 3644 3646 3645
f 3646 3647 3645
f 3645 3647 2529
f 3648 2530 2095
f 2530 3649 2095
f 3650 2089 3651
f 2084 2082 3539
f 2082 3652 3539
f 3539 3652 3650
f 3652 3653 3650
f 3650 3653 2089
f 2078 3654 3655
f 3654 3656 3655
f 3655 3656 2071
f 3656 3657 2071
f 3658 2064 3659
f 2064 2075 3659
f 3659 2075 3660
f 2075 2074 3660
f 3661 2067 3658
f 2067 3661 3662
f 3661 3663 3662
f 3662 3663 2070
f 3664 1889 3663
f 1889 1888 3663
f 3663 1888 2070
f 3665 3666 3537
f 3666 1894 3537
f 3537 1894 1892
f 3667 3668 3665
f 3668 2061 3665
f 3665 2061 3666
f 2054 2055 3536
f 2055 3669 3536
f 3536 3669 3670
f 3670 3671 3536
f 3671 2058 3536
f 3536 2058 3667
f 2058 3672 3667
f 3667 3672 3668
f 2051 2047 3673
f 2047 2049 3673
f 1900 3674 3534
f 3674 3675 3534
f 3534 3675 2042
f 3676 3533 3677
f 3533 3534 3677
f 3677 3534 3673
f 3534 2042 3673
f 3673 2042 2051
f 2037 2036 3678
f 2036 3679 3678
f 3678 3679 3680
f 2033 2037 3555
f 2037 3678 3555
f 3555 3678 3677
f 3678 3680 3677
f 3677 3680 3676
f 2819 2818 3557
f 2818 3555 3557
f 3557 3555 3681
f 3555 3677 3681
f 3681 3677 3682
f 3677 3673 3682
f 3682 3673 3683
f 2822 2821 3558
f 2821 3557 3558
f 3558 3557 3684
f 3557 3681 3684
f 3684 3681 3685
f 3681 3682 3685
f 3685 3682 3686
f 3682 3683 3686
f 3686 3683 3687
f 3688 3689 3690
f 3689 3691 3690
f 3690 3691 3692
f 3691 3693 3692
f 3692 3693 3694
f 3693 3695 3694
f 3694 3695 3696
f 3695 3697 3696
f 3696 3697 3560
f 3697 2816 3560
f 3560 2816 2815
f 3689 3698 3691
f 3698 3699 3691
f 3691 3699 3693
f 3699 3700 3693
f 3693 3700 3695
f 3700 3701 3695
f 3695 3701 3697
f 3701 3553 3697
f 3697 3553 2816
f 3553 2817 2816
f 3562 3563 3564
f 3563 3702 3564
f 3564 3702 3703
f 2746 2811 3563
f 2811 3561 3563
f 3563 3561 3702
f 3561 3704 3702
f 3702 3704 3703
f 3704 3705 3703
f 2797 2796 3706
f 2796 3566 3706
f 3706 3566 3707
f 3708 3709 3710
f 3709 3707 3710
f 3710 3707 3711
f 3707 3566 3711
f 3711 3566 3565
f 3566 2801 3565
f 3565 2801 2799
f 2805 3564 3565
f 3564 3703 3565
f 3565 3703 3711
f 3703 3705 3711
f 3711 3705 3710
f 3705 3712 3710
f 3710 3712 3708
f 3713 3617 3714
f 3617 3619 3714
f 3714 3619 3715
f 3619 3614 3715
f 3715 3614 3716
f 3614 3610 3716
f 3716 3610 3717
f 3610 3613 3717
f 3717 3613 3718
f 3613 3719 3718
f 3718 3719 3720
f 3719 3572 3720
f 3720 3572 3571
f 3572 2771 3571
f 3571 2771 2781
f 3599 3572 3601
f 3572 3719 3601
f 3601 3719 3604
f 3719 3613 3604
f 3604 3613 3605
f 3613 3612 3605
f 3605 3612 3606
f 3600 3595 3598
f 3595 3597 3598
f 3598 3597 3599
f 3597 3573 3599
f 3599 3573 3572
f 3573 2768 3572
f 3572 2768 2770
f 3721 3532 3722
f 3532 3531 3722
f 3722 3531 3723
f 3724 3725 3726
f 3725 3727 3726
f 3726 3727 3728
f 3727 3729 3728
f 3728 3729 3730
f 3731 3724 3732
f 3724 3726 3732
f 3732 3726 3733
f 3726 3728 3733
f 3733 3728 3529
f 3728 3730 3529
f 3529 3730 3527
f 3730 3734 3527
f 3527 3734 3549
f 3635 3735 3736
f 3735 3737 3736
f 3736 3737 3738
f 3737 3739 3738
f 3738 3739 3740
f 3739 3741 3740
f 3740 3741 3742
f 3741 3743 3742
f 3744 3745 3746
f 3745 3747 3746
f 3746 3747 3748
f 3747 3749 3748
f 3748 3749 3750
f 3749 3751 3750
f 3750 3751 3752
f 3751 3753 3752
f 3752 3753 3754
f 3753 3755 3754
f 3754 3755 3756
f 3755 3757 3756
f 3756 3757 3758
f 3757 3570 3758
f 3758 3570 3759
f 3570 3568 3759
f 3759 3568 3567
f 3568 2791 3567
f 3567 2791 2789
f 3735 3744 3737
f 3744 3746 3737
f 3737 3746 3739
f 3746 3748 3739
f 3739 3748 3741
f 3748 3750 3741
f 3741 3750 3743
f 3750 3752 3743
f 3743 3752 3760
f 3752 3754 3760
f 3760 3754 3761
f 3754 3756 3761
f 3761 3756 3708
f 3756 3758 3708
f 3708 3758 3709
f 3758 3759 3709
f 3709 3759 3707
f 3759 3567 3707
f 3707 3567 3706
f 3567 2788 3706
f 3706 2788 2797
f 3742 3731 3740
f 3731 3732 3740
f 3740 3732 3738
f 3732 3733 3738
f 3738 3733 3736
f 3733 3529 3736
f 3736 3529 3635
f 3529 3528 3635
f 3635 3528 3633
f 3640 3546 3641
f 3546 3762 3641
f 3641 3762 3643
f 3762 3721 3643
f 3643 3721 3644
f 3721 3722 3644
f 3644 3722 3646
f 3722 3723 3646
f 3646 3723 3647
f 3548 3639 3549
f 3639 3637 3549
f 3549 3637 3527
f 3637 3636 3527
f 3527 3636 3528
f 3636 3763 3528
f 3528 3763 3633
f 3725 3530 3727
f 3530 3532 3727
f 3727 3532 3729
f 3532 3721 3729
f 3729 3721 3730
f 3721 3762 3730
f 3730 3762 3734
f 3762 3546 3734
f 3734 3546 3549
f 3546 3545 3549
f 3549 3545 3547
f 3626 3713 3624
f 3713 3714 3624
f 3624 3714 3764
f 3714 3715 3764
f 3764 3715 3765
f 3715 3716 3765
f 3765 3716 3766
f 3716 3717 3766
f 3766 3717 3767
f 3717 3718 3767
f 3767 3718 3768
f 3718 3720 3768
f 3768 3720 3769
f 3720 3571 3769
f 3769 3571 3569
f 3571 2779 3569
f 3569 2779 2778
f 3634 3630 3635
f 3630 3627 3635
f 3635 3627 3735
f 3627 3622 3735
f 3735 3622 3744
f 3622 3624 3744
f 3744 3624 3745
f 3624 3764 3745
f 3745 3764 3747
f 3764 3765 3747
f 3747 3765 3749
f 3765 3766 3749
f 3749 3766 3751
f 3766 3767 3751
f 3751 3767 3753
f 3767 3768 3753
f 3753 3768 3755
f 3768 3769 3755
f 3755 3769 3757
f 3769 3569 3757
f 3757 3569 3570
f 3569 2782 3570
f 3570 2782 2784
f 3770 3540 3771
f 3540 2092 3771
f 3771 2092 3649
f 2092 2094 3649
f 3649 2094 2095
f 3772 3773 3774
f 2080 3538 3774
f 3538 3539 3774
f 3774 3539 3772
f 3539 3650 3772
f 3772 3650 3540
f 3650 3651 3540
f 3540 3651 2086
f 3773 3775 3774
f 3775 3776 3774
f 3774 3776 3660
f 2078 2080 3654
f 2080 3774 3654
f 3654 3774 3656
f 3774 3660 3656
f 3656 3660 3657
f 3660 2074 3657
f 3777 3778 3779
f 3658 3659 3661
f 3659 3660 3661
f 3661 3660 3777
f 3660 3776 3777
f 3777 3776 3778
f 3776 3775 3778
f 3778 3775 3779
f 3775 3780 3779
f 3779 3780 3781
f 1891 1889 3537
f 1889 3664 3537
f 3537 3664 3665
f 3664 3782 3665
f 3665 3782 3667
f 3688 3783 3784
f 3783 3785 3784
f 3784 3785 3786
f 3785 3787 3786
f 3786 3788 3784
f 3788 3789 3784
f 3784 3789 3688
f 3789 3790 3688
f 3688 3790 3689
f 3790 3791 3689
f 3689 3791 3698
f 2826 2825 3560
f 2825 3559 3560
f 3560 3559 3696
f 3559 3792 3696
f 3696 3792 3694
f 3792 3793 3694
f 3694 3793 3692
f 3793 3794 3692
f 3692 3794 3690
f 3794 3795 3690
f 3690 3795 3688
f 3795 3796 3688
f 3688 3796 3783
f 3796 3797 3783
f 3783 3797 3785
f 3797 3798 3785
f 3785 3798 3787
f 2824 3558 3559
f 3558 3684 3559
f 3559 3684 3792
f 3684 3685 3792
f 3792 3685 3793
f 3685 3686 3793
f 3793 3686 3794
f 3686 3687 3794
f 3794 3687 3795
f 3687 3799 3795
f 3795 3799 3796
f 3799 3800 3796
f 3796 3800 3797
f 3800 3801 3797
f 3797 3801 3798
f 2049 3535 3673
f 3535 3536 3673
f 3673 3536 3683
f 3536 3667 3683
f 3683 3667 3687
f 3667 3782 3687
f 3687 3782 3799
f 3782 3664 3799
f 3799 3664 3800
f 3664 3663 3800
f 3800 3663 3801
f 3663 3661 3801
f 3801 3661 3798
f 3661 3777 3798
f 3798 3777 3787
f 3777 3779 3787
f 3787 3779 3786
f 3779 3781 3786
f 3786 3781 3788
f 2810 3553 3561
f 3553 3701 3561
f 3561 3701 3704
f 3701 3700 3704
f 3704 3700 3705
f 3700 3699 3705
f 3705 3699 3712
f 3699 3698 3712
f 3712 3698 3708
f 3698 3791 3708
f 3708 3791 3761
f 3791 3790 3761
f 3761 3790 3760
f 3790 3789 3760
f 3760 3789 3743
f 3789 3788 3743
f 3743 3788 3742
f 3788 3781 3742
f 3742 3781 3731
f 3781 3780 3731
f 3731 3780 3724
f 3780 3775 3724
f 3724 3775 3725
f 3775 3773 3725
f 3725 3773 3530
f 3773 3770 3530
f 3530 3770 3531
f 3770 3771 3531
f 3531 3771 3723
f 3771 3649 3723
f 3723 3649 3647
f 3649 2530 3647
f 3647 2530 2529
f 3802 3803 3804
f 3805 3806 3807
f 3808 3809 3810
f 3807 3811 3812
f 3813 3814 3815
f 3810 3809 3816
f 3804 3817 3818
f 3819 3820 3821
f 3818 3822 3804
f 3822 3823 3804
f 3804 3823 3824
f 3823 3825 3824
f 3824 3825 3826
f 3825 3827 3826
f 3826 3827 3828
f 3812 3829 3807
f 3829 3830 3807
f 3807 3830 3831
f 3832 3833 3834
f 3833 3835 3834
f 3834 3835 3836
f 3817 3804 3837
f 3804 3803 3837
f 3837 3803 3810
f 3803 3838 3810
f 3810 3838 3808
f 3839 3840 3804
f 3840 3841 3804
f 3804 3841 3842
f 3843 3844 3804
f 3844 3845 3804
f 3804 3845 3846
f 3847 3848 3819
f 3848 3849 3819
f 3819 3849 3820
f 3850 3851 3852
f 3851 3853 3852
f 3852 3853 3854
f 3853 3828 3854
f 3854 3828 3855
f 3828 3827 3855
f 3856 3857 3858
f 3857 3859 3858
f 3858 3859 3804
f 3859 3860 3804
f 3804 3860 3839
f 3846 3861 3804
f 3861 3862 3804
f 3804 3862 3802
f 3821 3863 3819
f 3863 3864 3819
f 3819 3864 3858
f 3864 3865 3858
f 3858 3865 3856
f 3866 3867 3852
f 3867 3868 3852
f 3852 3868 3850
f 3868 3869 3850
f 3850 3869 3870
f 3870 3871 3850
f 3871 3872 3850
f 3850 3872 3807
f 3872 3873 3807
f 3807 3873 3811
f 3809 3874 3816
f 3874 3875 3816
f 3816 3875 3876
f 3875 3834 3876
f 3876 3834 3877
f 3834 3836 3877
f 3842 3878 3804
f 3878 3879 3804
f 3804 3879 3843
f 3831 3880 3807
f 3880 3881 3807
f 3807 3881 3805
f 3882 3883 3884
f 3815 3814 3885
f 3814 3886 3885
f 3885 3886 3852
f 3886 3887 3852
f 3852 3887 3866
f 3883 3888 3884
f 3888 3889 3884
f 3884 3889 3890
f 3889 3891 3890
f 3890 3891 3892
f 3891 3893 3892
f 3893 3894 3892
f 3892 3894 3815
f 3894 3895 3815
f 3815 3895 3813
f 3896 3897 3898
f 3897 3899 3898
f 3898 3899 3900
f 3901 3902 3903
f 3902 3897 3903
f 3903 3897 3904
f 3897 3896 3904
f 3905 3906 3899
f 3906 3907 3899
f 3899 3907 3900
f 3901 3908 3902
f 3908 3909 3902
f 3902 3909 3884
f 3909 3910 3884
f 3884 3910 3882
f 3911 3905 3912
f 3905 3913 3912
f 3911 3914 3905
f 3914 3915 3905
f 3905 3915 3916
f 3916 3917 3905
f 3917 3918 3905
f 3905 3918 3906
f 3919 3920 3921
f 3920 3922 3921
f 3922 3923 3921
f 3921 3923 3924
f 3925 3926 3927
f 3928 3929 3921
f 3924 3930 3921
f 3930 3847 3921
f 3921 3847 3931
f 3847 3932 3931
f 3921 3927 3933
f 3929 3934 3921
f 3934 3935 3921
f 3921 3935 3919
f 3933 3936 3921
f 3936 3937 3921
f 3921 3937 3938
f 3938 3939 3921
f 3939 3940 3921
f 3921 3940 3928
f 3921 3941 3927
f 3941 3942 3927
f 3927 3942 3943
f 3926 3944 3927
f 3944 3945 3927
f 3927 3945 3946
f 3946 3947 3927
f 3947 3948 3927
f 3927 3948 3949
f 3806 3847 3807
f 3847 3819 3807
f 3807 3819 3858
f 3806 3950 3847
f 3950 3951 3847
f 3847 3951 3952
f 3943 3953 3927
f 3953 3954 3927
f 3927 3954 3925
f 3952 3955 3847
f 3955 3956 3847
f 3847 3956 3932
f 3858 3804 3824
f 3824 3826 3858
f 3826 3828 3858
f 3858 3828 3853
f 3853 3851 3858
f 3851 3850 3858
f 3858 3850 3807
f 3957 3958 3959
f 3958 3960 3959
f 3961 3962 3963
f 3962 3964 3963
f 3963 3964 3965
f 3966 3967 3968
f 3967 3969 3968
f 3968 3969 3970
f 3969 3971 3970
f 3972 3973 3974
f 3975 3976 3977
f 3976 3978 3977
f 3979 3980 3981
f 3980 3982 3981
f 3983 3984 3985
f 3984 3986 3985
f 3987 3988 3989
f 3990 3991 3992
f 3993 3994 3995
f 3996 3997 3995
f 3997 3998 3995
f 3995 3998 3999
f 3999 4000 3995
f 4000 4001 3995
f 3995 4001 4002
f 4002 4003 3995
f 4003 4004 3995
f 3995 4004 4005
f 4005 4006 3995
f 4006 4007 3995
f 3995 4007 4008
f 4008 4009 3995
f 4009 4010 3995
f 3995 4010 4011
f 4011 4012 3995
f 4012 4013 3995
f 3995 4013 4014
f 4014 4015 3995
f 4015 4016 3995
f 3995 4016 4017
f 4018 4019 3995
f 4019 4020 3995
f 3995 4020 3993
f 4021 4022 3995
f 4022 4023 3995
f 3995 4023 4018
f 4021 3995 4024
f 3995 3992 4024
f 4024 3992 4025
f 3992 3991 4025
f 4025 3991 4026
f 3990 4027 4028
f 4029 4030 3990
f 4030 4031 3990
f 3990 4031 4032
f 4032 4033 3990
f 4033 4034 3990
f 3990 4034 4035
f 4035 4036 3990
f 4036 4037 3990
f 3990 4037 4038
f 4038 4039 3990
f 4039 4040 3990
f 3990 4040 4041
f 4041 4042 3990
f 4042 4043 3990
f 3990 4043 4044
f 4045 4046 3990
f 4047 4045 4048
f 4045 3990 4048
f 4048 3990 4049
f 3990 4044 4049
f 4017 4050 3995
f 4050 4051 3995
f 3995 4051 3992
f 4051 4052 3992
f 3992 4052 3990
f 4052 4053 3990
f 3990 4053 4027
f 4054 4055 4056
f 4054 4056 4057
f 4058 4057 4056
f 4059 4058 4056
f 4060 4059 4056
f 4061 4060 4056
f 4062 4061 4056
f 4063 4062 4056
f 4064 4063 4056
f 4065 4064 4056
f 4066 4065 4056
f 4067 4066 4056
f 4068 4067 4056
f 4069 4068 4056
f 4070 4069 4056
f 4071 4070 4056
f 4072 4071 4056
f 4073 4072 4056
f 4074 4073 4056
f 4075 4074 4056
f 4076 4075 4056
f 4077 4076 4056
f 4078 4077 4056
f 4079 4078 4056
f 4080 4079 4056
f 4081 4080 4056
f 4082 4081 4056
f 4083 4082 4056
f 4084 4083 4056
f 4085 4084 4056
f 4086 4085 4056
f 4087 4086 4056
f 4088 4087 4056
f 4089 4088 4056
f 4090 4089 4056
f 4091 4090 4056
f 4055 4091 4056
f 4092 4093 4094
f 4095 4096 4097
f 4097 4096 4098
f 4099 4100 4097
f 4100 4101 4097
f 4097 4101 4095
f 4094 4093 4097
f 4093 4102 4097
f 4097 4102 4099
f 4103 4104 4105
f 4104 4106 4105
f 4105 4106 4094
f 4106 4107 4094
f 4094 4107 4092
f 4108 4109 4110
f 4109 4111 4110
f 4112 4113 4114
f 4113 4110 4114
f 4114 4110 4115
f 4110 4111 4115
f 4116 4117 4118
f 4117 4119 4118
f 4118 4119 4108
f 4119 4120 4108
f 4108 4120 4109
f 4121 4122 4123
f 4123 4124 4121
f 4124 4125 4121
f 4121 4125 4126
f 4125 4127 4126
f 4126 4127 4116
f 4128 4129 4130
f 4130 4131 4128
f 4131 4132 4128
f 4128 4132 4133
f 4132 4134 4133
f 4134 4135 4133
f 4133 4135 4136
f 4135 4137 4136
f 4136 4137 4138
f 4137 4139 4138
f 4139 4140 4138
f 4138 4140 4141
f 4140 4142 4141
f 4142 4143 4141
f 4141 4143 4144
f 4143 4145 4144
f 4145 4146 4144
f 4144 4146 4147
f 4146 4148 4147
f 4148 4149 4147
f 4147 4149 4150
f 4149 4151 4150
f 4151 4152 4150
f 4150 4152 4153
f 4152 4154 4153
f 4154 4155 4153
f 4153 4155 4156
f 4155 4157 4156
f 4157 4158 4156
f 4156 4158 4159
f 4158 4160 4159
f 4160 4161 4159
f 4159 4161 4162
f 4161 4163 4162
f 4163 4164 4162
f 4162 4164 4165
f 4164 4166 4165
f 4166 4167 4165
f 4165 4167 4168
f 4167 4169 4168
f 4169 4170 4168
f 4168 4170 4171
f 4170 4172 4171
f 4172 4173 4171
f 4171 4173 4174
f 4173 4175 4174
f 4175 4176 4174
f 4174 4176 4177
f 4176 4178 4177
f 4178 4179 4177
f 4177 4179 4180
f 4179 4181 4180
f 4181 4182 4180
f 4180 4182 4183
f 4182 4184 4183
f 4184 4185 4183
f 4183 4185 4186
f 4185 4187 4186
f 4187 4188 4186
f 4186 4188 4189
f 4190 4122 4191
f 4122 4121 4191
f 4191 4121 4192
f 4121 4193 4192
f 4192 4193 4194
f 4193 4189 4194
f 4194 4189 4195
f 4189 4188 4195
f 4096 4196 4098
f 4196 4197 4098
f 4098 4197 4198
f 4197 4199 4198
f 4199 4200 4198
f 4198 4200 4201
f 4200 4202 4201
f 4202 4203 4201
f 4201 4203 4204
f 4203 4205 4204
f 4205 4206 4204
f 4204 4206 4207
f 4206 4208 4207
f 4208 4209 4207
f 4207 4209 4210
f 4209 4211 4210
f 4211 4212 4210
f 4210 4212 4213
f 4212 4214 4213
f 4214 4215 4213
f 4213 4215 4129
f 4215 4216 4129
f 4129 4216 4130
f 4116 4118 4126
f 4118 4217 4126
f 4126 4217 4121
f 4217 4218 4121
f 4121 4218 4193
f 4218 4219 4193
f 4193 4219 4189
f 4219 4220 4189
f 4189 4220 4186
f 4220 4221 4186
f 4186 4221 4183
f 4221 4222 4183
f 4183 4222 4180
f 4222 4223 4180
f 4180 4223 4177
f 4223 4224 4177
f 4177 4224 4174
f 4224 4225 4174
f 4174 4225 4171
f 4225 4226 4171
f 4171 4226 4168
f 4226 4227 4168
f 4168 4227 4165
f 4227 4228 4165
f 4165 4228 4162
f 4228 4229 4162
f 4162 4229 4159
f 4229 4230 4159
f 4159 4230 4156
f 4230 4231 4156
f 4156 4231 4153
f 4231 4232 4153
f 4153 4232 4150
f 4232 4233 4150
f 4150 4233 4147
f 4233 4234 4147
f 4147 4234 4144
f 4234 4235 4144
f 4144 4235 4141
f 4235 4236 4141
f 4141 4236 4138
f 4236 4237 4138
f 4138 4237 4136
f 4237 4238 4136
f 4136 4238 4133
f 4238 4239 4133
f 4133 4239 4128
f 4239 4240 4128
f 4128 4240 4129
f 4240 4241 4129
f 4129 4241 4213
f 4241 4242 4213
f 4213 4242 4210
f 4242 4243 4210
f 4210 4243 4207
f 4243 4244 4207
f 4207 4244 4204
f 4244 4245 4204
f 4204 4245 4201
f 4245 4246 4201
f 4201 4246 4198
f 4246 4247 4198
f 4198 4247 4098
f 4247 4248 4098
f 4098 4248 4097
f 4248 4249 4097
f 4097 4249 4094
f 4249 4113 4094
f 4094 4113 4105
f 4113 4112 4105
f 4105 4112 4103
f 4240 4250 4241
f 4250 4251 4241
f 4241 4251 4242
f 4251 4252 4242
f 4242 4252 4243
f 4252 4253 4243
f 4243 4253 4244
f 4253 4254 4244
f 4244 4254 4245
f 4254 4255 4245
f 4245 4255 4246
f 4255 4256 4246
f 4246 4256 4247
f 4256 4257 4247
f 4247 4257 4248
f 4257 4258 4248
f 4248 4258 4249
f 4258 4259 4249
f 4249 4259 4113
f 4259 4260 4113
f 4113 4260 4110
f 4260 4261 4110
f 4110 4261 4108
f 4261 4262 4108
f 4108 4262 4118
f 4262 4263 4118
f 4118 4263 4217
f 4263 4264 4217
f 4217 4264 4218
f 4264 4265 4218
f 4218 4265 4219
f 4265 4266 4219
f 4219 4266 4220
f 4266 4267 4220
f 4220 4267 4221
f 4267 4268 4221
f 4221 4268 4222
f 4268 4269 4222
f 4222 4269 4223
f 4269 4270 4223
f 4223 4270 4224
f 4270 4271 4224
f 4224 4271 4225
f 4271 4272 4225
f 4225 4272 4226
f 4272 4273 4226
f 4226 4273 4227
f 4273 4274 4227
f 4227 4274 4228
f 4274 4275 4228
f 4228 4275 4229
f 4275 4276 4229
f 4229 4276 4230
f 4276 4277 4230
f 4230 4277 4231
f 4277 4278 4231
f 4231 4278 4232
f 4278 4279 4232
f 4232 4279 4233
f 4279 4280 4233
f 4233 4280 4234
f 4280 4281 4234
f 4234 4281 4235
f 4281 4282 4235
f 4235 4282 4236
f 4282 4283 4236
f 4236 4283 4237
f 4283 4284 4237
f 4237 4284 4238
f 4284 4285 4238
f 4238 4285 4239
f 4285 4286 4239
f 4239 4286 4240
f 4286 4250 4240
f 4286 4055 4250
f 4055 4054 4250
f 4250 4054 4251
f 4054 4057 4251
f 4251 4057 4252
f 4057 4058 4252
f 4252 4058 4253
f 4058 4059 4253
f 4253 4059 4254
f 4059 4060 4254
f 4254 4060 4255
f 4060 4061 4255
f 4255 4061 4256
f 4061 4062 4256
f 4256 4062 4257
f 4062 4063 4257
f 4257 4063 4258
f 4063 4064 4258
f 4258 4064 4259
f 4064 4065 4259
f 4259 4065 4260
f 4065 4066 4260
f 4260 4066 4261
f 4066 4067 4261
f 4261 4067 4262
f 4067 4068 4262
f 4262 4068 4263
f 4068 4069 4263
f 4263 4069 4264
f 4069 4070 4264
f 4264 4070 4265
f 4070 4071 4265
f 4265 4071 4266
f 4071 4072 4266
f 4266 4072 4267
f 4072 4073 4267
f 4267 4073 4268
f 4073 4074 4268
f 4268 4074 4269
f 4074 4075 4269
f 4269 4075 4270
f 4075 4076 4270
f 4270 4076 4271
f 4076 4077 4271
f 4271 4077 4272
f 4077 4078 4272
f 4272 4078 4273
f 4078 4079 4273
f 4273 4079 4274
f 4079 4080 4274
f 4274 4080 4275
f 4080 4081 4275
f 4275 4081 4276
f 4081 4082 4276
f 4276 4082 4277
f 4082 4083 4277
f 4277 4083 4278
f 4083 4084 4278
f 4278 4084 4279
f 4084 4085 4279
f 4279 4085 4280
f 4085 4086 4280
f 4280 4086 4281
f 4086 4087 4281
f 4281 4087 4282
f 4087 4088 4282
f 4282 4088 4283
f 4088 4089 4283
f 4283 4089 4284
f 4089 4090 4284
f 4284 4090 4285
f 4090 4091 4285
f 4285 4091 4286
f 4091 4055 4286
f 4099 4102 4287
f 4106 4104 4288
f 4289 4290 4291
f 4287 4288 4292
f 4293 4294 4288
f 4294 4295 4288
f 4288 4295 4292
f 4293 4288 4296
f 4288 4297 4296
f 4296 4297 4298
f 4299 4300 4297
f 4299 4297 4301
f 4297 4302 4301
f 4301 4302 4303
f 4300 4304 4297
f 4304 4305 4297
f 4297 4305 4298
f 4306 4307 4302
f 4307 4308 4302
f 4308 4309 4302
f 4309 4310 4302
f 4302 4310 4303
f 4306 4311 4312
f 4312 4313 4306
f 4313 4314 4306
f 4306 4314 4307
f 4290 4315 4291
f 4315 4316 4291
f 4291 4316 4306
f 4316 4317 4306
f 4306 4317 4311
f 4318 4319 4320
f 4318 4320 4321
f 4320 4322 4321
f 4321 4322 4289
f 4306 4124 4291
f 4124 4123 4291
f 4291 4123 4289
f 4123 4122 4289
f 4289 4122 4321
f 4117 4116 4302
f 4116 4127 4302
f 4302 4127 4306
f 4127 4125 4306
f 4306 4125 4124
f 4109 4120 4302
f 4120 4119 4302
f 4302 4119 4117
f 4112 4114 4297
f 4114 4115 4297
f 4297 4115 4302
f 4115 4111 4302
f 4302 4111 4109
f 4288 4104 4297
f 4104 4103 4297
f 4297 4103 4112
f 4102 4093 4287
f 4093 4092 4287
f 4287 4092 4288
f 4092 4107 4288
f 4288 4107 4106
f 4292 4323 4287
f 4323 4324 4287
f 4287 4324 4099
f 4324 4325 4099
f 4099 4325 4100
f 4325 4326 4100
f 4326 4327 4100
f 4100 4327 4101
f 4327 4328 4101
f 4101 4328 4095
f 4328 4329 4095
f 4095 4329 4330
f 4329 4331 4330
f 4330 4331 4332
f 4191 4318 4190
f 4151 4149 4333
f 4334 4335 4140
f 4330 4096 4095
f 4330 4332 4336
f 4096 4330 4196
f 4330 4336 4196
f 4196 4336 4197
f 4336 4337 4197
f 4197 4337 4338
f 4200 4199 4339
f 4338 4340 4197
f 4340 4341 4197
f 4197 4341 4199
f 4341 4342 4199
f 4199 4342 4339
f 4339 4343 4200
f 4343 4344 4200
f 4200 4344 4345
f 4344 4346 4345
f 4346 4347 4345
f 4345 4347 4203
f 4347 4348 4203
f 4203 4348 4349
f 4349 4350 4203
f 4350 4351 4203
f 4203 4351 4205
f 4351 4352 4205
f 4205 4352 4206
f 4352 4353 4206
f 4206 4353 4354
f 4355 4209 4356
f 4209 4208 4356
f 4356 4208 4357
f 4208 4206 4357
f 4357 4206 4358
f 4206 4354 4358
f 4359 4212 4360
f 4212 4211 4360
f 4355 4361 4209
f 4361 4362 4209
f 4209 4362 4211
f 4362 4363 4211
f 4211 4363 4360
f 4364 4214 4365
f 4214 4212 4365
f 4365 4212 4366
f 4212 4359 4366
f 4130 4216 4367
f 4364 4368 4214
f 4368 4369 4214
f 4214 4369 4215
f 4369 4370 4215
f 4215 4370 4216
f 4370 4371 4216
f 4216 4371 4367
f 4372 4373 4131
f 4373 4132 4131
f 4367 4374 4130
f 4374 4375 4130
f 4130 4375 4131
f 4375 4376 4131
f 4131 4376 4372
f 4373 4377 4132
f 4377 4378 4132
f 4132 4378 4134
f 4378 4379 4134
f 4134 4379 4135
f 4379 4380 4135
f 4380 4381 4135
f 4135 4381 4137
f 4381 4382 4137
f 4382 4383 4137
f 4137 4383 4139
f 4383 4384 4139
f 4139 4384 4385
f 4385 4386 4139
f 4386 4387 4139
f 4139 4387 4140
f 4387 4388 4140
f 4140 4388 4334
f 4389 4143 4335
f 4143 4142 4335
f 4335 4142 4140
f 4333 4149 4390
f 4389 4391 4143
f 4391 4392 4143
f 4143 4392 4145
f 4392 4393 4145
f 4145 4393 4146
f 4393 4394 4146
f 4146 4394 4148
f 4394 4395 4148
f 4148 4395 4149
f 4395 4396 4149
f 4149 4396 4390
f 4154 4397 4155
f 4397 4398 4155
f 4155 4398 4399
f 4333 4400 4151
f 4400 4401 4151
f 4151 4401 4152
f 4401 4402 4152
f 4152 4402 4154
f 4402 4403 4154
f 4154 4403 4397
f 4404 4158 4399
f 4158 4157 4399
f 4399 4157 4155
f 4404 4405 4158
f 4405 4406 4158
f 4158 4406 4160
f 4406 4407 4160
f 4160 4407 4161
f 4407 4408 4161
f 4408 4409 4161
f 4161 4409 4163
f 4409 4410 4163
f 4163 4410 4164
f 4410 4411 4164
f 4411 4412 4164
f 4412 4413 4164
f 4164 4413 4166
f 4413 4414 4166
f 4166 4414 4167
f 4414 4415 4167
f 4415 4416 4167
f 4167 4416 4169
f 4416 4417 4169
f 4417 4418 4169
f 4169 4418 4170
f 4418 4419 4170
f 4170 4419 4172
f 4176 4175 4420
f 4419 4421 4172
f 4421 4422 4172
f 4172 4422 4173
f 4422 4423 4173
f 4173 4423 4175
f 4423 4424 4175
f 4175 4424 4420
f 4420 4425 4176
f 4425 4426 4176
f 4176 4426 4178
f 4426 4427 4178
f 4178 4427 4179
f 4427 4428 4179
f 4428 4429 4179
f 4179 4429 4181
f 4429 4430 4181
f 4181 4430 4182
f 4431 4185 4432
f 4185 4184 4432
f 4430 4433 4182
f 4433 4434 4182
f 4182 4434 4184
f 4434 4435 4184
f 4184 4435 4432
f 4436 4188 4437
f 4188 4187 4437
f 4431 4438 4185
f 4438 4439 4185
f 4185 4439 4187
f 4439 4440 4187
f 4187 4440 4437
f 4441 4194 4442
f 4194 4195 4442
f 4442 4195 4443
f 4195 4188 4443
f 4443 4188 4444
f 4188 4436 4444
f 4441 4445 4194
f 4445 4446 4194
f 4194 4446 4192
f 4446 4447 4192
f 4192 4447 4191
f 4447 4448 4191
f 4191 4448 4318
f 4448 4319 4318

