# https://github.com/mikedh/trimesh
v 0.01275008 -0.03499972 -0.00578201
v 0.01275008 -0.03599995 0.00575000
v 0.01275008 -0.03499972 0.00674999
v 0.01275008 -0.03599995 -0.00578201
v 0.00807154 -0.03098642 -0.00586373
v 0.01275008 -0.03499972 -0.00578201
v 0.01149225 -0.02987670 -0.00580400
v 0.01149225 -0.02987670 -0.00580400
v 0.01364868 -0.03498429 -0.00575382
v 0.01381129 -0.02886861 -0.00572878
v 0.01275008 -0.03499972 -0.00578201
v 0.01275008 -0.03599995 -0.00578201
v 0.00395310 -0.04506886 -0.01389724
v 0.00329077 -0.04505723 -0.01448982
v 0.00000000 -0.04499971 -0.01444751
v 0.00000000 -0.04499971 -0.00849998
v 0.00400031 -0.04506981 -0.00843012
v 0.00186670 -0.09977471 -0.01184284
v 0.00146025 -0.09867751 -0.01254737
v 0.00187379 -0.09821575 -0.01431518
v 0.00099377 -0.10005810 -0.00783414
v 0.00114500 -0.09978842 -0.00934356
v 0.00149131 -0.10047300 -0.00773859
v 0.00000000 -0.09996247 -0.00670630
v 0.00000000 -0.09962952 -0.00855595
v 0.00051726 -0.09991276 -0.00752163
v 0.00149131 -0.10047300 -0.00773859
v 0.00114500 -0.09978842 -0.00934356
v 0.00155646 -0.09993737 -0.01020169
v 0.00107187 -0.09892100 -0.01143950
v 0.00097946 -0.09774833 -0.01326966
v 0.00146025 -0.09867751 -0.01254737
v 0.00099377 -0.10005810 -0.00783414
v 0.00050071 -0.09952217 -0.00923097
v 0.00114500 -0.09978842 -0.00934356
v 0.00051726 -0.09991276 -0.00752163
v 0.00107187 -0.09892100 -0.01143950
v 0.00000000 -0.09753227 -0.01321661
v 0.00097946 -0.09774833 -0.01326966
v 0.00000000 -0.09874641 -0.01122105
v 0.00000000 -0.09753227 -0.01321661
v 0.00107187 -0.09892100 -0.01143950
v 0.00146025 -0.09867751 -0.01254737
v 0.00146616 -0.09737598 -0.01431459
v 0.00187379 -0.09821575 -0.01431518
v 0.00051726 -0.09991276 -0.00752163
v 0.00000000 -0.09962952 -0.00855595
v 0.00050071 -0.09952217 -0.00923097
v 0.00146025 -0.09867751 -0.01254737
v 0.00097946 -0.09774833 -0.01326966
v 0.00146616 -0.09737598 -0.01431459
v 0.00000000 -0.09900844 -0.01053547
v 0.00050071 -0.09952217 -0.00923097
v 0.00000000 -0.09962952 -0.00855595
v 0.00114834 -0.10031870 -0.00635970
v 0.00149131 -0.10047300 -0.00773859
v 0.00172287 -0.10094980 -0.00633663
v 0.00172287 -0.10094980 -0.00633663
v 0.00182688 -0.10075850 -0.00904089
v 0.00197917 -0.10156550 -0.00733185
v 0.00182688 -0.10075850 -0.00904089
v 0.00186670 -0.09977471 -0.01184284
v 0.00196332 -0.10066690 -0.01080650
v 0.00114500 -0.09978842 -0.00934356
v 0.00107187 -0.09892100 -0.01143950
v 0.00155646 -0.09993737 -0.01020169
v 0.00097946 -0.09774833 -0.01326966
v 0.00066297 -0.09655189 -0.01442646
v 0.00146616 -0.09737598 -0.01431459
v 0.00182688 -0.10075850 -0.00904089
v 0.00155646 -0.09993737 -0.01020169
v 0.00186670 -0.09977471 -0.01184284
v 0.00172287 -0.10094980 -0.00633663
v 0.00149131 -0.10047300 -0.00773859
v 0.00182688 -0.10075850 -0.00904089
v 0.00097946 -0.09774833 -0.01326966
v 0.00000000 -0.09753227 -0.01321661
v 0.00066297 -0.09655189 -0.01442646
v 0.00114500 -0.09978842 -0.00934356
v 0.00000000 -0.09874641 -0.01122105
v 0.00107187 -0.09892100 -0.01143950
v 0.00050071 -0.09952217 -0.00923097
v 0.00000000 -0.09874641 -0.01122105
v 0.00114500 -0.09978842 -0.00934356
v 0.00000000 -0.09759068 -0.01308089
v 0.00066297 -0.09655189 -0.01442646
v 0.00000000 -0.09753227 -0.01321661
v 0.00000000 -0.09642875 -0.01442515
v 0.00066297 -0.09655189 -0.01442646
v 0.00000000 -0.09759068 -0.01308089
v 0.00000000 -0.10003510 -0.00597632
v 0.00051726 -0.09991276 -0.00752163
v 0.00114834 -0.10031870 -0.00635970
v 0.00000000 -0.09900844 -0.01053547
v 0.00000000 -0.09874641 -0.01122105
v 0.00050071 -0.09952217 -0.00923097
v 0.00196332 -0.10066690 -0.01080650
v 0.00197393 -0.09888023 -0.01406329
v 0.00201201 -0.10013390 -0.01349753
v 0.00197917 -0.10156550 -0.00733185
v 0.00196332 -0.10066690 -0.01080650
v 0.00201201 -0.10013390 -0.01349753
v 0.00155646 -0.09993737 -0.01020169
v 0.00146025 -0.09867751 -0.01254737
v 0.00186670 -0.09977471 -0.01184284
v 0.00114834 -0.10031870 -0.00635970
v 0.00099377 -0.10005810 -0.00783414
v 0.00149131 -0.10047300 -0.00773859
v 0.00186670 -0.09977471 -0.01184284
v 0.00197393 -0.09888023 -0.01406329
v 0.00196332 -0.10066690 -0.01080650
v 0.00000000 -0.09996247 -0.00670630
v 0.00051726 -0.09991276 -0.00752163
v 0.00000000 -0.10003510 -0.00597632
v 0.00186670 -0.09977471 -0.01184284
v 0.00187379 -0.09821575 -0.01431518
v 0.00197393 -0.09888023 -0.01406329
v 0.00107187 -0.09892100 -0.01143950
v 0.00146025 -0.09867751 -0.01254737
v 0.00155646 -0.09993737 -0.01020169
v 0.00114834 -0.10031870 -0.00635970
v 0.00051726 -0.09991276 -0.00752163
v 0.00099377 -0.10005810 -0.00783414
v 0.00197917 -0.10156550 -0.00733185
v 0.00182688 -0.10075850 -0.00904089
v 0.00196332 -0.10066690 -0.01080650
v 0.00149131 -0.10047300 -0.00773859
v 0.00155646 -0.09993737 -0.01020169
v 0.00182688 -0.10075850 -0.00904089
v 0.00197899 -0.10145300 0.00730222
v 0.00202078 -0.10263390 0.00654787
v 0.00201553 -0.10153410 0.01072841
v 0.00197917 -0.10156550 -0.00733185
v 0.00204355 -0.10274510 -0.00697666
v 0.00202078 -0.10263390 0.00654787
v 0.00197917 -0.10156550 -0.00733185
v 0.00202078 -0.10263390 0.00654787
v 0.00197899 -0.10145300 0.00730222
v 0.00202483 -0.10199200 -0.01044631
v 0.00204355 -0.10274510 -0.00697666
v 0.00197917 -0.10156550 -0.00733185
v 0.00199109 -0.09637141 0.01606673
v 0.00197738 -0.09735929 0.01488965
v 0.00199169 -0.09646970 0.01649612
v 0.00197452 -0.09983032 0.01168042
v 0.00201553 -0.10153410 0.01072841
v 0.00201839 -0.09894138 0.01482957
v 0.00201201 -0.10013390 -0.01349753
v 0.00202483 -0.10199200 -0.01044631
v 0.00197917 -0.10156550 -0.00733185
v 0.00197452 -0.09983032 0.01168042
v 0.00201839 -0.09894138 0.01482957
v 0.00197738 -0.09735929 0.01488965
v 0.00205016 -0.10090050 -0.01287823
v 0.00202483 -0.10199200 -0.01044631
v 0.00201201 -0.10013390 -0.01349753
v 0.00197899 -0.10145300 0.00730222
v 0.00201553 -0.10153410 0.01072841
v 0.00197452 -0.09983032 0.01168042
v 0.00151259 -0.09692031 0.01886814
v 0.00000000 -0.09720784 0.01963317
v 0.00000000 -0.09704548 0.01943200
v 0.00189567 -0.09708678 0.01906824
v 0.00000000 -0.09720784 0.01963317
v 0.00151259 -0.09692031 0.01886814
v 0.01529753 0.00029109 0.00986433
v 0.01527011 -0.02812165 0.01008749
v 0.01525461 -0.06638556 0.01107048
v 0.01574355 -0.02785933 0.00112086
v 0.01574355 -0.03494775 0.00112086
v 0.01541322 -0.03495347 0.00679636
v 0.01531684 -0.02809709 0.00874245
v 0.01538336 0.02805906 0.00966370
v 0.01531070 0.02153575 0.00967395
v 0.01525849 0.03082120 0.01073813
v 0.01531070 0.02153575 0.00967395
v 0.01529753 0.00029109 0.00986433
v 0.01525849 0.03082120 0.01073813
v 0.01525849 0.03082120 0.01073813
v 0.01529753 0.00029109 0.00986433
v 0.01525461 -0.06638556 0.01107048
v 0.01525849 0.03082120 0.01073813
v 0.01525461 -0.06638556 0.01107048
v 0.01525497 0.06630653 0.01106137
v 0.01574355 -0.03494775 0.00112086
v 0.01478117 -0.02838206 -0.00483382
v 0.01479393 -0.03496432 -0.00478303
v 0.01574355 -0.02785933 0.00112086
v 0.01479393 -0.03496432 -0.00478303
v 0.01478117 -0.02838206 -0.00483382
v 0.01434761 -0.03497207 -0.00543868
v 0.01478117 -0.02838206 -0.00483382
v 0.01440834 -0.02857267 -0.00536078
v 0.01434761 -0.03497207 -0.00543868
v 0.01440834 -0.02857267 -0.00536078
v 0.01381129 -0.02886861 -0.00572878
v 0.01434761 -0.03497207 -0.00543868
v 0.01434761 -0.03497207 -0.00543868
v 0.01381129 -0.02886861 -0.00572878
v 0.01364868 -0.03498429 -0.00575382
v 0.00000000 -0.06699997 0.06599998
v 0.01413846 -0.08728599 0.06573677
v 0.01023006 -0.06681382 0.06582140
v 0.01083076 -0.06659364 0.06581091
v 0.01145249 -0.06581288 0.06580018
v 0.01132410 0.09212976 0.06576734
v 0.01405632 0.08162027 0.06573927
v 0.01395577 0.09093081 0.06572037
v 0.00000000 -0.09227573 0.06597638
v 0.01223301 -0.09178471 0.06576400
v 0.00000000 0.06699997 0.06599998
v 0.00000000 0.09224295 0.06598007
v 0.01055824 0.06674385 0.06581580
v 0.01128304 0.06613343 0.06580305
v 0.01223301 -0.09178471 0.06576400
v 0.01402390 -0.09052318 0.06570380
v 0.01413846 -0.08728599 0.06573677
v 0.01149034 0.06554079 0.06579941
v 0.00000000 -0.04499971 -0.00849998
v 0.00000000 -0.03349435 -0.00849998
v 0.00218344 -0.03343588 -0.00846183
v 0.00400031 -0.04506981 -0.00843012
v 0.00580883 -0.03301286 -0.00839865
v 0.01049309 -0.03185337 -0.00831807
v 0.01379168 -0.03052783 -0.00825065
v 0.01400738 -0.07363653 -0.00820220
v 0.00400031 -0.07299888 -0.00841898
v 0.00474924 0.03318434 -0.00841707
v 0.00000000 0.03351694 -0.00850004
v 0.00000000 0.07273262 -0.00847691
v 0.02478319 0.03692895 -0.00805902
v 0.00821620 0.03248172 -0.00835645
v 0.02265363 0.07229477 -0.00808221
v 0.01711064 0.03255575 -0.00818443
v 0.01192337 0.03136295 -0.00829893
v 0.00821620 0.03248172 -0.00835645
v 0.01952630 0.03413528 -0.00813079
v 0.01711064 0.03255575 -0.00818443
v 0.01952630 0.03413528 -0.00813079
v 0.00821620 0.03248172 -0.00835645
v 0.02478319 0.03692895 -0.00805902
v 0.01531285 0.02976495 -0.00819683
v 0.01192337 0.03136295 -0.00829893
v 0.01711064 0.03255575 -0.00818443
v 0.00000000 -0.10054710 0.05282706
v 0.01402086 -0.10020570 0.04965913
v 0.01348567 -0.10031400 0.05461937
v 0.00000000 -0.09935426 0.03458958
v 0.01386356 -0.09829264 0.02796608
v 0.01410186 -0.09920972 0.03568029
v 0.00000000 -0.09843009 0.02715712
v 0.00000000 -0.10054710 0.05282706
v 0.00923204 -0.10038760 0.05701899
v 0.00000000 -0.10056870 0.05736058
v 0.00000000 -0.10013030 0.04343301
v 0.01402086 -0.10020570 0.04965913
v 0.00000000 -0.10054710 0.05282706
v 0.00000000 -0.10013030 0.04343301
v 0.01452738 -0.09970319 0.04198527
v 0.01402086 -0.10020570 0.04965913
v 0.00000000 -0.09720784 0.01963317
v 0.01409626 -0.09731644 0.02168977
v 0.00000000 -0.09843009 0.02715712
v 0.00368202 -0.09666198 0.01693809
v 0.01405912 -0.09597444 0.01439887
v 0.00314170 -0.09672558 0.01721382
v 0.00000000 -0.09843009 0.02715712
v 0.01409626 -0.09731644 0.02168977
v 0.01386356 -0.09829264 0.02796608
v 0.00189567 -0.09708678 0.01906824
v 0.00399172 -0.09654337 0.01634633
v 0.00000000 -0.10013030 0.04343301
v 0.01410186 -0.09920972 0.03568029
v 0.01452738 -0.09970319 0.04198527
v 0.00400031 -0.09553843 0.01137673
v 0.01405912 -0.09597444 0.01439887
v 0.00399172 -0.09654337 0.01634633
v 0.00000000 -0.09935426 0.03458958
v 0.01410186 -0.09920972 0.03568029
v 0.00000000 -0.10013030 0.04343301
v 0.00189567 -0.09708678 0.01906824
v 0.00314170 -0.09672558 0.01721382
v 0.01409626 -0.09731644 0.02168977
v 0.01348567 -0.10031400 0.05461937
v 0.01405912 -0.09597444 0.01439887
v 0.00989550 -0.09986299 0.05823487
v 0.01127833 -0.09782427 0.06056421
v 0.00741625 -0.09860134 0.06036168
v 0.01604408 -0.09726452 0.05765986
v 0.01631009 -0.09385323 0.06169879
v 0.01550072 -0.09585183 0.06038784
v 0.01604408 -0.09726452 0.05765986
v 0.01604801 -0.09880876 0.05532085
v 0.01684755 -0.09652370 0.05687052
v 0.01709461 -0.09492969 0.05831378
v 0.01631009 -0.09385323 0.06169879
v 0.01684755 -0.09652370 0.05687052
v 0.01684755 -0.09652370 0.05687052
v 0.01631009 -0.09385323 0.06169879
v 0.01604408 -0.09726452 0.05765986
v 0.01680636 -0.09295940 0.06160837
v 0.01604801 -0.09880876 0.05532085
v 0.01672852 -0.09837257 0.05418431
v 0.01684755 -0.09652370 0.05687052
v 0.01731884 -0.09655898 0.05505621
v 0.01684755 -0.09652370 0.05687052
v 0.01672852 -0.09837257 0.05418431
v 0.01766943 -0.09368145 0.05754315
v 0.01680636 -0.09295940 0.06160837
v 0.01709461 -0.09492969 0.05831378
v 0.01684755 -0.09652370 0.05687052
v 0.01731884 -0.09655898 0.05505621
v 0.01709461 -0.09492969 0.05831378
v 0.01738828 -0.09758037 0.05228775
v 0.01731884 -0.09655898 0.05505621
v 0.01672852 -0.09837257 0.05418431
v 0.01680636 -0.09295940 0.06160837
v 0.01766943 -0.09368145 0.05754315
v 0.01712381 -0.09166079 0.06193685
v 0.01712381 -0.09166079 0.06193685
v 0.01750987 -0.09083026 0.06109374
v 0.01694846 -0.09035426 0.06338804
v 0.01825076 -0.09299457 0.04874593
v 0.01798969 -0.09532123 0.05020284
v 0.01825147 -0.08987236 0.02800357
v 0.01751691 -0.09707927 0.04404056
v 0.01788491 -0.09307253 0.03116083
v 0.01798969 -0.09532123 0.05020284
v 0.01798969 -0.09532123 0.05020284
v 0.01788491 -0.09307253 0.03116083
v 0.01825147 -0.08987236 0.02800357
v 0.01731050 -0.09594506 0.03055042
v 0.01788491 -0.09307253 0.03116083
v 0.01751691 -0.09707927 0.04404056
v 0.01766943 -0.09368145 0.05754315
v 0.01750987 -0.09083026 0.06109374
v 0.01712381 -0.09166079 0.06193685
v 0.01731050 -0.09594506 0.03055042
v 0.01771134 -0.09048223 0.01480507
v 0.01788491 -0.09307253 0.03116083
v 0.01717102 -0.09325778 0.01391702
v 0.01771134 -0.09048223 0.01480507
v 0.01731050 -0.09594506 0.03055042
v 0.01788491 -0.09307253 0.03116083
v 0.01771134 -0.09048223 0.01480507
v 0.01825147 -0.08987236 0.02800357
v 0.01825147 -0.08987236 0.02800357
v 0.01771134 -0.09048223 0.01480507
v 0.01824826 -0.08454859 0.00954837
v 0.01709634 -0.09175789 0.00828081
v 0.01780426 -0.08805710 0.00973511
v 0.01717102 -0.09325778 0.01391702
v 0.01771134 -0.09048223 0.01480507
v 0.01694846 -0.09035426 0.06338804
v 0.01750987 -0.09083026 0.06109374
v 0.01731973 -0.08840882 0.06296920
v 0.00989550 -0.09986299 0.05823487
v 0.01298511 -0.09945780 0.05770701
v 0.01127833 -0.09782427 0.06056421
v 0.00969154 -0.09662902 0.06232154
v 0.01247197 -0.09562397 0.06278580
v 0.01137804 -0.09406650 0.06480026
v 0.01771134 -0.09048223 0.01480507
v 0.01780426 -0.08805710 0.00973511
v 0.01824826 -0.08454859 0.00954837
v 0.01702117 -0.09012889 0.00400841
v 0.01780426 -0.08805710 0.00973511
v 0.01709634 -0.09175789 0.00828081
v 0.01127833 -0.09782427 0.06056421
v 0.01247197 -0.09562397 0.06278580
v 0.00969154 -0.09662902 0.06232154
v 0.01731884 -0.09655898 0.05505621
v 0.01766943 -0.09368145 0.05754315
v 0.01709461 -0.09492969 0.05831378
v 0.01750987 -0.09083026 0.06109374
v 0.01778542 -0.08893340 0.06070017
v 0.01731973 -0.08840882 0.06296920
v 0.01702117 -0.09012889 0.00400841
v 0.01824826 -0.08454859 0.00954837
v 0.01780426 -0.08805710 0.00973511
v 0.01766943 -0.09368145 0.05754315
v 0.01792943 -0.09211969 0.05757761
v 0.01750987 -0.09083026 0.06109374
v 0.01695710 -0.08845549 0.00096645
v 0.01127833 -0.09782427 0.06056421
v 0.01390510 -0.09571915 0.06199598
v 0.01247197 -0.09562397 0.06278580
v 0.01824826 -0.08454859 0.00954837
v 0.01695710 -0.08845549 0.00096645
v 0.01824975 -0.07915502 0.00396037
v 0.01731884 -0.09655898 0.05505621
v 0.01791191 -0.09458613 0.05424767
v 0.01766943 -0.09368145 0.05754315
v 0.01738828 -0.09758037 0.05228775
v 0.01791191 -0.09458613 0.05424767
v 0.01731884 -0.09655898 0.05505621
v 0.01247197 -0.09562397 0.06278580
v 0.01338970 -0.09355521 0.06479984
v 0.01137804 -0.09406650 0.06480026
v 0.01695710 -0.08845549 0.00096645
v 0.01756638 -0.08019298 -0.00045148
v 0.01824975 -0.07915502 0.00396037
v 0.01298511 -0.09945780 0.05770701
v 0.01247197 -0.09562397 0.06278580
v 0.01394724 -0.09495264 0.06292432
v 0.01338970 -0.09355521 0.06479984
v 0.01708048 -0.07817596 -0.00498837
v 0.01756638 -0.08019298 -0.00045148
v 0.01697736 -0.08238166 -0.00393408
v 0.01824975 -0.07915502 0.00396037
v 0.01708048 -0.07817596 -0.00498837
v 0.01824975 -0.07359290 0.00118190
v 0.01756638 -0.08019298 -0.00045148
v 0.01394724 -0.09495264 0.06292432
v 0.01692163 -0.08644747 -0.00148350
v 0.01756638 -0.08019298 -0.00045148
v 0.01695710 -0.08845549 0.00096645
v 0.01697736 -0.08238166 -0.00393408
v 0.01756638 -0.08019298 -0.00045148
v 0.01692163 -0.08644747 -0.00148350
v 0.01708048 -0.07817596 -0.00498837
v 0.01715070 -0.07364398 -0.00552338
v 0.01824975 -0.07359290 0.00118190
v 0.01792943 -0.09211969 0.05757761
v 0.01778542 -0.08893340 0.06070017
v 0.01750987 -0.09083026 0.06109374
v 0.01338970 -0.09355521 0.06479984
v 0.01394724 -0.09495264 0.06292432
v 0.01480656 -0.09313273 0.06443524
v 0.01390510 -0.09571915 0.06199598
v 0.01466780 -0.09550595 0.06171298
v 0.01394724 -0.09495264 0.06292432
v 0.01738828 -0.09758037 0.05228775
v 0.01798969 -0.09532123 0.05020284
v 0.01791191 -0.09458613 0.05424767
v 0.01766943 -0.09368145 0.05754315
v 0.01824140 -0.09188705 0.05447721
v 0.01792943 -0.09211969 0.05757761
v 0.01791191 -0.09458613 0.05424767
v 0.01824140 -0.09188705 0.05447721
v 0.01766943 -0.09368145 0.05754315
v 0.01750129 -0.09752768 0.04964751
v 0.01798969 -0.09532123 0.05020284
v 0.01738828 -0.09758037 0.05228775
v 0.01466780 -0.09550595 0.06171298
v 0.01533156 -0.09399074 0.06294918
v 0.01394724 -0.09495264 0.06292432
v 0.01394724 -0.09495264 0.06292432
v 0.01533156 -0.09399074 0.06294918
v 0.01480656 -0.09313273 0.06443524
v 0.01731973 -0.08840882 0.06296920
v 0.01778542 -0.08893340 0.06070017
v 0.01731830 -0.08612412 0.06321275
v 0.01792943 -0.09211969 0.05757761
v 0.01824790 -0.08963590 0.05662399
v 0.01778542 -0.08893340 0.06070017
v 0.00000000 -0.09746867 0.06216800
v 0.00370407 -0.09690874 0.06261616
v 0.00000000 -0.09545648 0.06411790
v 0.00000000 -0.10023150 0.05855453
v 0.00502896 -0.09980821 0.05901831
v 0.00000000 -0.09860819 0.06087726
v 0.00000000 -0.09860819 0.06087726
v 0.00370407 -0.09690874 0.06261616
v 0.00000000 -0.09746867 0.06216800
v 0.01466780 -0.09550595 0.06171298
v 0.01550072 -0.09585183 0.06038784
v 0.01533156 -0.09399074 0.06294918
v 0.01480656 -0.09313273 0.06443524
v 0.01533156 -0.09399074 0.06294918
v 0.01588678 -0.09228217 0.06406396
v 0.01550072 -0.09585183 0.06038784
v 0.01631009 -0.09385323 0.06169879
v 0.01533156 -0.09399074 0.06294918
v 0.00502896 -0.09980821 0.05901831
v 0.00741625 -0.09860134 0.06036168
v 0.00000000 -0.09860819 0.06087726
v 0.00000000 -0.09545648 0.06411790
v 0.00870490 -0.09386259 0.06517255
v 0.00000000 -0.09355777 0.06558054
v 0.01798969 -0.09532123 0.05020284
v 0.01824140 -0.09188705 0.05447721
v 0.01791191 -0.09458613 0.05424767
v 0.00000000 -0.09860819 0.06087726
v 0.00741625 -0.09860134 0.06036168
v 0.00370407 -0.09690874 0.06261616
v 0.00370407 -0.09690874 0.06261616
v 0.00870490 -0.09386259 0.06517255
v 0.00000000 -0.09545648 0.06411790
v 0.01824140 -0.09188705 0.05447721
v 0.01824790 -0.08963590 0.05662399
v 0.01792943 -0.09211969 0.05757761
v 0.01631009 -0.09385323 0.06169879
v 0.01680636 -0.09295940 0.06160837
v 0.01588678 -0.09228217 0.06406396
v 0.01751691 -0.09707927 0.04404056
v 0.01798969 -0.09532123 0.05020284
v 0.01750129 -0.09752768 0.04964751
v 0.01645541 -0.09149169 0.06374710
v 0.01798969 -0.09532123 0.05020284
v 0.01825076 -0.09299457 0.04874593
v 0.01824140 -0.09188705 0.05447721
v 0.00370407 -0.09690874 0.06261616
v 0.01137804 -0.09406650 0.06480026
v 0.00870490 -0.09386259 0.06517255
v 0.00370407 -0.09690874 0.06261616
v 0.00741625 -0.09860134 0.06036168
v 0.00969154 -0.09662902 0.06232154
v 0.01824790 -0.08963590 0.05662399
v 0.01825010 -0.08402371 0.05801284
v 0.01778542 -0.08893340 0.06070017
v 0.01731830 -0.08612412 0.06321275
v 0.01825010 -0.08402371 0.05801284
v 0.01733583 -0.08140993 0.06283122
v 0.00989550 -0.09986299 0.05823487
v 0.00741625 -0.09860134 0.06036168
v 0.00502896 -0.09980821 0.05901831
v 0.01778542 -0.08893340 0.06070017
v 0.01825010 -0.08402371 0.05801284
v 0.01731830 -0.08612412 0.06321275
v 0.01680636 -0.09295940 0.06160837
v 0.01712381 -0.09166079 0.06193685
v 0.01645541 -0.09149169 0.06374710
v 0.01390510 -0.09571915 0.06199598
v 0.01298511 -0.09945780 0.05770701
v 0.01466780 -0.09550595 0.06171298
v 0.00741625 -0.09860134 0.06036168
v 0.01127833 -0.09782427 0.06056421
v 0.00969154 -0.09662902 0.06232154
v 0.01645541 -0.09149169 0.06374710
v 0.01712381 -0.09166079 0.06193685
v 0.01694846 -0.09035426 0.06338804
v 0.01298511 -0.09945780 0.05770701
v 0.01386237 -0.09941178 0.05715268
v 0.01466780 -0.09550595 0.06171298
v 0.00370407 -0.09690874 0.06261616
v 0.00969154 -0.09662902 0.06232154
v 0.01137804 -0.09406650 0.06480026
v 0.01386237 -0.09941178 0.05715268
v 0.01495373 -0.09932076 0.05627477
v 0.01466780 -0.09550595 0.06171298
v 0.01495373 -0.09932076 0.05627477
v 0.01550072 -0.09585183 0.06038784
v 0.01466780 -0.09550595 0.06171298
v 0.01495373 -0.09932076 0.05627477
v 0.01604408 -0.09726452 0.05765986
v 0.01550072 -0.09585183 0.06038784
v 0.01533156 -0.09399074 0.06294918
v 0.01631009 -0.09385323 0.06169879
v 0.01588678 -0.09228217 0.06406396
v 0.01495373 -0.09932076 0.05627477
v 0.01604801 -0.09880876 0.05532085
v 0.01604408 -0.09726452 0.05765986
v 0.01785743 0.07609170 0.02556651
v 0.01812297 0.07934641 0.02859729
v 0.01826000 0.08106082 0.04406738
v 0.01871496 0.08513331 0.03771275
v 0.01854521 0.08113002 0.02866518
v 0.01917499 0.08650046 0.03726208
v 0.01812297 0.07934641 0.02859729
v 0.01887381 0.08946073 0.05670869
v 0.01826000 0.08106082 0.04406738
v 0.01812297 0.07934641 0.02859729
v 0.01932829 0.09226977 0.05330705
v 0.01887381 0.08946073 0.05670869
v 0.01871496 0.08513331 0.03771275
v 0.01917499 0.08650046 0.03726208
v 0.01932829 0.09226977 0.05330705
v 0.01778447 0.07098555 0.03128939
v 0.01781612 -0.07629460 0.03292757
v 0.01772993 -0.06843483 0.02680850
v 0.01774889 -0.07007747 0.02642405
v 0.01781612 -0.07629460 0.03292757
v 0.01773142 -0.07100701 0.02564436
v 0.01827234 0.08228188 0.05795037
v 0.01836520 0.08324337 0.05208474
v 0.01826000 0.08106082 0.04406738
v 0.01827234 0.08228188 0.05795037
v 0.01778447 0.07098555 0.03128939
v 0.01785743 0.07609170 0.02556651
v 0.01774150 0.07233536 0.02313441
v 0.01771783 0.07222032 0.02149569
v 0.01827234 0.08228188 0.05795037
v 0.01836520 0.08324337 0.05208474
v 0.01887381 0.08946073 0.05670869
v 0.01781612 -0.07629460 0.03292757
v 0.01824790 -0.08963590 0.05662399
v 0.01824140 -0.09188705 0.05447721
v 0.01774030 0.06959044 0.01304525
v 0.01785743 0.07609170 0.02556651
v 0.01771783 0.07222032 0.02149569
v 0.01771545 0.06857800 0.02677690
v 0.01778447 0.07098555 0.03128939
v 0.01772993 -0.06843483 0.02680850
v 0.01785743 0.07609170 0.02556651
v 0.01774030 0.06959044 0.01304525
v 0.01792448 0.07042783 0.01237481
v 0.02032935 0.08272057 0.02274179
v 0.01923650 0.08104592 0.02463907
v 0.02003532 0.07641583 0.01209843
v 0.01792448 0.07042783 0.01237481
v 0.01812297 0.07934641 0.02859729
v 0.01785743 0.07609170 0.02556651
v 0.02123636 0.07894605 0.01174789
v 0.02032935 0.08272057 0.02274179
v 0.02003532 0.07641583 0.01209843
v 0.01772993 -0.06843483 0.02680850
v 0.01781612 -0.07629460 0.03292757
v 0.01774889 -0.07007747 0.02642405
v 0.01826000 0.08106082 0.04406738
v 0.01887381 0.08946073 0.05670869
v 0.01836520 0.08324337 0.05208474
v 0.01785743 0.07609170 0.02556651
v 0.01770973 0.07186877 0.02436202
v 0.01774150 0.07233536 0.02313441
v 0.01771301 0.06990343 0.02634787
v 0.01774770 0.07134896 0.02541404
v 0.01778447 0.07098555 0.03128939
v 0.01923650 0.08104592 0.02463907
v 0.02032935 0.08272057 0.02274179
v 0.01917499 0.08650046 0.03726208
v 0.01923650 0.08104592 0.02463907
v 0.01917499 0.08650046 0.03726208
v 0.01854521 0.08113002 0.02866518
v 0.02072077 0.09240239 0.04328978
v 0.01917499 0.08650046 0.03726208
v 0.02211022 0.09042674 0.03104621
v 0.01785743 0.07609170 0.02556651
v 0.01826000 0.08106082 0.04406738
v 0.01773142 -0.07100701 0.02564436
v 0.01773983 -0.07193219 0.02441436
v 0.02334362 0.08791196 0.02022451
v 0.02032935 0.08272057 0.02274179
v 0.02123636 0.07894605 0.01174789
v 0.02334362 0.08791196 0.02022451
v 0.02123636 0.07894605 0.01174789
v 0.02421218 0.08571201 0.01263672
v 0.01812297 0.07934641 0.02859729
v 0.01871496 0.08513331 0.03771275
v 0.01932829 0.09226977 0.05330705
v 0.01771301 0.06990343 0.02634787
v 0.01771545 0.06857800 0.02677690
v 0.01991200 0.09287786 0.04919689
v 0.01917499 0.08650046 0.03726208
v 0.02072077 0.09240239 0.04328978
v 0.02211022 0.09042674 0.03104621
v 0.02032935 0.08272057 0.02274179
v 0.02334362 0.08791196 0.02022451
v 0.01781612 -0.07629460 0.03292757
v 0.01825010 -0.08402371 0.05801284
v 0.01991200 0.09287786 0.04919689
v 0.01932829 0.09226977 0.05330705
v 0.01917499 0.08650046 0.03726208
v 0.01824790 -0.08963590 0.05662399
v 0.01854521 0.08113002 0.02866518
v 0.01857239 0.07278394 0.01231306
v 0.01923650 0.08104592 0.02463907
v 0.01857239 0.07278394 0.01231306
v 0.02003532 0.07641583 0.01209843
v 0.01923650 0.08104592 0.02463907
v 0.01812297 0.07934641 0.02859729
v 0.01792448 0.07042783 0.01237481
v 0.01854521 0.08113002 0.02866518
v 0.01774770 0.07134896 0.02541404
v 0.01770973 0.07186877 0.02436202
v 0.01785743 0.07609170 0.02556651
v 0.01827234 0.08228188 0.05795037
v 0.01778447 0.07098555 0.03128939
v 0.01774770 0.07134896 0.02541404
v 0.01854521 0.08113002 0.02866518
v 0.01871496 0.08513331 0.03771275
v 0.01812297 0.07934641 0.02859729
v 0.02032935 0.08272057 0.02274179
v 0.02211022 0.09042674 0.03104621
v 0.01917499 0.08650046 0.03726208
v 0.01792448 0.07042783 0.01237481
v 0.01857239 0.07278394 0.01231306
v 0.01854521 0.08113002 0.02866518
v 0.01824945 -0.02628624 0.00099497
v 0.01824975 -0.07359290 0.00118190
v 0.01725304 -0.02695399 -0.00526500
v 0.01715070 -0.07364398 -0.00552338
v 0.01775461 0.06726753 0.01095432
v 0.01794481 0.06854307 0.01061469
v 0.01772058 0.06867736 0.01191878
v 0.01841259 0.06721901 0.00915426
v 0.01870036 0.06902253 0.00909299
v 0.01794481 0.06854307 0.01061469
v 0.01772058 0.06867736 0.01191878
v 0.01792448 0.07042783 0.01237481
v 0.01774030 0.06959044 0.01304525
v 0.02149051 0.07753175 0.00949609
v 0.02450364 0.08473956 0.01037549
v 0.02123636 0.07894605 0.01174789
v 0.02527326 0.08088010 0.00547069
v 0.02490073 0.08293050 0.00768495
v 0.02212774 0.07617062 0.00726414
v 0.01982951 0.06876266 0.00735372
v 0.01985681 0.07064169 0.00785112
v 0.01870036 0.06902253 0.00909299
v 0.02149051 0.07753175 0.00949609
v 0.02490073 0.08293050 0.00768495
v 0.02450364 0.08473956 0.01037549
v 0.01985681 0.07064169 0.00785112
v 0.01942962 0.07219213 0.00935709
v 0.01870036 0.06902253 0.00909299
v 0.01780122 -0.07776343 0.02604860
v 0.02184522 0.07192295 0.00561225
v 0.01985681 0.07064169 0.00785112
v 0.01982951 0.06876266 0.00735372
v 0.01985681 0.07064169 0.00785112
v 0.02105152 0.07302445 0.00712168
v 0.01942962 0.07219213 0.00935709
v 0.01942962 0.07219213 0.00935709
v 0.02105152 0.07302445 0.00712168
v 0.02212774 0.07617062 0.00726414
v 0.01780122 -0.07776343 0.02604860
v 0.01781612 -0.07629460 0.03292757
v 0.01824140 -0.09188705 0.05447721
v 0.02212774 0.07617062 0.00726414
v 0.02149051 0.07753175 0.00949609
v 0.01942962 0.07219213 0.00935709
v 0.02642500 0.07150012 0.00101477
v 0.02619856 0.07397419 0.00136632
v 0.02205663 0.06956535 0.00496638
v 0.02619856 0.07397419 0.00136632
v 0.02596211 0.07607930 0.00215918
v 0.02184522 0.07192295 0.00561225
v 0.01791524 0.06647169 0.01015043
v 0.01794481 0.06854307 0.01061469
v 0.01775461 0.06726753 0.01095432
v 0.02212774 0.07617062 0.00726414
v 0.02490073 0.08293050 0.00768495
v 0.02149051 0.07753175 0.00949609
v 0.01778531 -0.06935691 0.00953382
v 0.01824975 -0.07915502 0.00396037
v 0.01824975 -0.07359290 0.00118190
v 0.01785570 -0.02655535 0.00779724
v 0.01771545 -0.06585615 0.01072973
v 0.01778531 -0.06935691 0.00953382
v 0.01789242 0.02693480 0.00954068
v 0.01806694 0.02641183 0.00779933
v 0.01846611 0.02820539 0.00752932
v 0.01846611 0.02820539 0.00752932
v 0.01860940 0.02984207 0.00828868
v 0.01806557 0.02880376 0.00940442
v 0.01872003 0.03256022 0.00871730
v 0.01802515 0.03160429 0.00985634
v 0.01860940 0.02984207 0.00828868
v 0.01922029 0.03021860 0.00713646
v 0.01846611 0.02820539 0.00752932
v 0.01850378 0.02772730 0.00641578
v 0.01846611 0.02820539 0.00752932
v 0.01922029 0.03021860 0.00713646
v 0.01860940 0.02984207 0.00828868
v 0.01802515 0.03160429 0.00985634
v 0.01872003 0.03256022 0.00871730
v 0.01812714 0.03587830 0.00975346
v 0.01850378 0.02772730 0.00641578
v 0.01839613 0.02704596 0.00457758
v 0.01878613 0.02812594 0.00452662
v 0.01860940 0.02984207 0.00828868
v 0.01922029 0.03021860 0.00713646
v 0.01953727 0.03148323 0.00727487
v 0.01774072 -0.07238233 0.02200543
v 0.01771920 -0.07098680 0.01721084
v 0.01935786 0.02996009 0.00660759
v 0.01922029 0.03021860 0.00713646
v 0.01850378 0.02772730 0.00641578
v 0.01872003 0.03256022 0.00871730
v 0.01865535 0.03663831 0.00895029
v 0.01812714 0.03587830 0.00975346
v 0.01953727 0.03148323 0.00727487
v 0.01966124 0.03265500 0.00747567
v 0.01860940 0.02984207 0.00828868
v 0.01860940 0.02984207 0.00828868
v 0.01966124 0.03265500 0.00747567
v 0.01872003 0.03256022 0.00871730
v 0.01865535 0.03663831 0.00895029
v 0.01872003 0.03256022 0.00871730
v 0.01943558 0.03469520 0.00802577
v 0.01966124 0.03265500 0.00747567
v 0.01943558 0.03469520 0.00802577
v 0.01872003 0.03256022 0.00871730
v 0.01935786 0.02996009 0.00660759
v 0.02031970 0.03066635 0.00522131
v 0.02056092 0.03167861 0.00591707
v 0.01926463 0.02931791 0.00572330
v 0.01938754 0.02920562 0.00408745
v 0.02031970 0.03066635 0.00522131
v 0.01935786 0.02996009 0.00660759
v 0.02056092 0.03167861 0.00591707
v 0.01922029 0.03021860 0.00713646
v 0.02091366 0.03268069 0.00604969
v 0.01953727 0.03148323 0.00727487
v 0.02056092 0.03167861 0.00591707
v 0.02056092 0.03167861 0.00591707
v 0.01953727 0.03148323 0.00727487
v 0.01922029 0.03021860 0.00713646
v 0.01878613 0.02812594 0.00452662
v 0.01839613 0.02704596 0.00457758
v 0.01838475 0.02730405 0.00102413
v 0.01838475 0.02730405 0.00102413
v 0.01839613 0.02704596 0.00457758
v 0.01823639 0.02629685 0.00094581
v 0.01943558 0.03469520 0.00802577
v 0.01966124 0.03265500 0.00747567
v 0.02037376 0.03577584 0.00713819
v 0.02037376 0.03577584 0.00713819
v 0.01966124 0.03265500 0.00747567
v 0.02108323 0.03381973 0.00621659
v 0.02031970 0.03066635 0.00522131
v 0.02142792 0.03157699 0.00447023
v 0.02056092 0.03167861 0.00591707
v 0.02056092 0.03167861 0.00591707
v 0.02142792 0.03157699 0.00447023
v 0.02263033 0.03255778 0.00396889
v 0.02263033 0.03255778 0.00396889
v 0.02214223 0.03311836 0.00491762
v 0.02056092 0.03167861 0.00591707
v 0.02263033 0.03255778 0.00396889
v 0.02216410 0.03184098 0.00361753
v 0.02360594 0.03264099 0.00281346
v 0.01943558 0.03469520 0.00802577
v 0.01939404 0.04723829 0.00803059
v 0.01865535 0.03663831 0.00895029
v 0.02064394 0.03080344 0.00099382
v 0.02154940 0.03136479 0.00095651
v 0.02089798 0.03079861 0.00260723
v 0.02470123 0.03379857 0.00283003
v 0.02214223 0.03311836 0.00491762
v 0.02263033 0.03255778 0.00396889
v 0.02263033 0.03255778 0.00396889
v 0.02360594 0.03264099 0.00281346
v 0.02470123 0.03379857 0.00283003
v 0.02214223 0.03311836 0.00491762
v 0.02470123 0.03379857 0.00283003
v 0.02343142 0.03429830 0.00419778
v 0.01773983 -0.07193219 0.02441436
v 0.01780122 -0.07776343 0.02604860
v 0.01772081 -0.07217788 0.02350479
v 0.01802515 0.03160429 0.00985634
v 0.01812714 0.03587830 0.00975346
v 0.01791524 0.06647169 0.01015043
v 0.01943558 0.03469520 0.00802577
v 0.02037376 0.03577584 0.00713819
v 0.01939404 0.04723829 0.00803059
v 0.02290761 0.03190577 0.00164449
v 0.02535498 0.03298443 0.00100255
v 0.02334398 0.03219801 0.00217694
v 0.02470123 0.03379857 0.00283003
v 0.02827692 0.03666877 0.00099636
v 0.02343142 0.03429830 0.00419778
v 0.02365881 0.03549790 0.00427252
v 0.02343142 0.03429830 0.00419778
v 0.02827692 0.03666877 0.00099636
v 0.02723366 0.03452372 0.00099192
v 0.02775740 0.03533804 0.00098716
v 0.02470123 0.03379857 0.00283003
v 0.01865535 0.03663831 0.00895029
v 0.01939404 0.04723829 0.00803059
v 0.01867288 0.05988305 0.00883615
v 0.01825076 -0.09299457 0.04874593
v 0.01780122 -0.07776343 0.02604860
v 0.01824140 -0.09188705 0.05447721
v 0.01771903 -0.06869029 0.01183742
v 0.01778531 -0.06935691 0.00953382
v 0.01772117 -0.06711560 0.01091980
v 0.01812714 0.03587830 0.00975346
v 0.01867288 0.05988305 0.00883615
v 0.01841259 0.06721901 0.00915426
v 0.01982951 0.06876266 0.00735372
v 0.02205663 0.06956535 0.00496638
v 0.02184522 0.07192295 0.00561225
v 0.02272903 0.05958044 0.00472617
v 0.02642500 0.07150012 0.00101477
v 0.02205663 0.06956535 0.00496638
v 0.01844459 0.07102495 0.01078271
v 0.01942962 0.07219213 0.00935709
v 0.01967447 0.07449460 0.01077049
v 0.01844459 0.07102495 0.01078271
v 0.01967447 0.07449460 0.01077049
v 0.01857239 0.07278394 0.01231306
v 0.02642500 0.07150012 0.00101477
v 0.02575343 0.05631250 0.00237268
v 0.02798712 0.04933762 0.00099994
v 0.01780122 -0.07776343 0.02604860
v 0.01775050 -0.06960195 0.01277863
v 0.01771920 -0.07098680 0.01721084
v 0.01778531 -0.06935691 0.00953382
v 0.01775050 -0.06960195 0.01277863
v 0.01780122 -0.07776343 0.02604860
v 0.01967447 0.07449460 0.01077049
v 0.02149051 0.07753175 0.00949609
v 0.02123636 0.07894605 0.01174789
v 0.02184522 0.07192295 0.00561225
v 0.02596211 0.07607930 0.00215918
v 0.02564173 0.07851934 0.00355220
v 0.01825147 -0.08987236 0.02800357
v 0.01780122 -0.07776343 0.02604860
v 0.01825076 -0.09299457 0.04874593
v 0.01775050 -0.06960195 0.01277863
v 0.01778531 -0.06935691 0.00953382
v 0.01771903 -0.06869029 0.01183742
v 0.01786464 0.02380549 0.00779980
v 0.01771700 0.02181679 0.01073485
v 0.01785570 -0.02655535 0.00779724
v 0.02031970 0.03066635 0.00522131
v 0.01935786 0.02996009 0.00660759
v 0.01926463 0.02931791 0.00572330
v 0.01812714 0.03587830 0.00975346
v 0.01865535 0.03663831 0.00895029
v 0.01867288 0.05988305 0.00883615
v 0.02214223 0.03311836 0.00491762
v 0.02091366 0.03268069 0.00604969
v 0.02056092 0.03167861 0.00591707
v 0.01824826 -0.08454859 0.00954837
v 0.01824975 -0.07915502 0.00396037
v 0.01778531 -0.06935691 0.00953382
v 0.02470123 0.03379857 0.00283003
v 0.02650457 0.03375881 0.00096469
v 0.02723366 0.03452372 0.00099192
v 0.02212774 0.07617062 0.00726414
v 0.02564173 0.07851934 0.00355220
v 0.02527326 0.08088010 0.00547069
v 0.02450364 0.08473956 0.01037549
v 0.02421218 0.08571201 0.01263672
v 0.02123636 0.07894605 0.01174789
v 0.01824945 -0.02628624 0.00099497
v 0.02425217 0.03745794 0.00403214
v 0.02365881 0.03549790 0.00427252
v 0.02827692 0.03666877 0.00099636
v 0.02827692 0.03666877 0.00099636
v 0.02861595 0.03937429 0.00099797
v 0.02425217 0.03745794 0.00403214
v 0.01824975 -0.07359290 0.00118190
v 0.01771545 -0.06585615 0.01072973
v 0.01771700 0.02181679 0.01073485
v 0.01789242 0.02693480 0.00954068
v 0.01772058 0.02918750 0.01078933
v 0.01802515 0.03160429 0.00985634
v 0.01772058 0.02918750 0.01078933
v 0.01806557 0.02880376 0.00940442
v 0.01789242 0.02693480 0.00954068
v 0.01846611 0.02820539 0.00752932
v 0.01806557 0.02880376 0.00940442
v 0.01806557 0.02880376 0.00940442
v 0.01860940 0.02984207 0.00828868
v 0.01802515 0.03160429 0.00985634
v 0.01819550 0.02632331 0.00575781
v 0.01850378 0.02772730 0.00641578
v 0.01806694 0.02641183 0.00779933
v 0.01850378 0.02772730 0.00641578
v 0.01846611 0.02820539 0.00752932
v 0.01806694 0.02641183 0.00779933
v 0.01819550 0.02632331 0.00575781
v 0.01839613 0.02704596 0.00457758
v 0.01850378 0.02772730 0.00641578
v 0.01878613 0.02812594 0.00452662
v 0.01926463 0.02931791 0.00572330
v 0.01850378 0.02772730 0.00641578
v 0.01850378 0.02772730 0.00641578
v 0.01926463 0.02931791 0.00572330
v 0.01935786 0.02996009 0.00660759
v 0.01823639 0.02629685 0.00094581
v 0.01839613 0.02704596 0.00457758
v 0.01819550 0.02632331 0.00575781
v 0.01774030 0.06602144 0.01075410
v 0.01791524 0.06647169 0.01015043
v 0.01775461 0.06726753 0.01095432
v 0.01878613 0.02812594 0.00452662
v 0.01938754 0.02920562 0.00408745
v 0.01926463 0.02931791 0.00572330
v 0.01966446 0.06746518 0.00746632
v 0.01982951 0.06876266 0.00735372
v 0.01841259 0.06721901 0.00915426
v 0.01786464 0.02380549 0.00779980
v 0.01789242 0.02693480 0.00954068
v 0.01771700 0.02181679 0.01073485
v 0.01889127 0.02856278 0.00216699
v 0.01878613 0.02812594 0.00452662
v 0.01838475 0.02730405 0.00102413
v 0.01806694 0.02641183 0.00779933
v 0.01789242 0.02693480 0.00954068
v 0.01786464 0.02380549 0.00779980
v 0.01806557 0.02880376 0.00940442
v 0.01772058 0.02918750 0.01078933
v 0.01789242 0.02693480 0.00954068
v 0.02031970 0.03066635 0.00522131
v 0.02001422 0.02999681 0.00385839
v 0.02076470 0.03073251 0.00400162
v 0.01889127 0.02856278 0.00216699
v 0.01938754 0.02920562 0.00408745
v 0.01878613 0.02812594 0.00452662
v 0.01971387 0.02990382 0.00128537
v 0.01938754 0.02920562 0.00408745
v 0.01889127 0.02856278 0.00216699
v 0.01953727 0.03148323 0.00727487
v 0.02091366 0.03268069 0.00604969
v 0.01966124 0.03265500 0.00747567
v 0.01966124 0.03265500 0.00747567
v 0.02091366 0.03268069 0.00604969
v 0.02108323 0.03381973 0.00621659
v 0.01971387 0.02990382 0.00128537
v 0.02001422 0.02999681 0.00385839
v 0.01938754 0.02920562 0.00408745
v 0.02037376 0.03577584 0.00713819
v 0.02108323 0.03381973 0.00621659
v 0.02175712 0.03580552 0.00588691
v 0.02089798 0.03079861 0.00260723
v 0.02001422 0.02999681 0.00385839
v 0.01971387 0.02990382 0.00128537
v 0.02089798 0.03079861 0.00260723
v 0.02076470 0.03073251 0.00400162
v 0.02001422 0.02999681 0.00385839
v 0.02091366 0.03268069 0.00604969
v 0.02214223 0.03311836 0.00491762
v 0.02108323 0.03381973 0.00621659
v 0.01938754 0.02920562 0.00408745
v 0.02001422 0.02999681 0.00385839
v 0.02031970 0.03066635 0.00522131
v 0.02089798 0.03079861 0.00260723
v 0.01971387 0.02990382 0.00128537
v 0.02064394 0.03080344 0.00099382
v 0.02216410 0.03184098 0.00361753
v 0.02263033 0.03255778 0.00396889
v 0.02142792 0.03157699 0.00447023
v 0.02108323 0.03381973 0.00621659
v 0.02365881 0.03549790 0.00427252
v 0.02175712 0.03580552 0.00588691
v 0.01772081 -0.07217788 0.02350479
v 0.01780122 -0.07776343 0.02604860
v 0.01774072 -0.07238233 0.02200543
v 0.02214223 0.03311836 0.00491762
v 0.02343142 0.03429830 0.00419778
v 0.02108323 0.03381973 0.00621659
v 0.02031970 0.03066635 0.00522131
v 0.02076470 0.03073251 0.00400162
v 0.02142792 0.03157699 0.00447023
v 0.02343142 0.03429830 0.00419778
v 0.02365881 0.03549790 0.00427252
v 0.02108323 0.03381973 0.00621659
v 0.02334398 0.03219801 0.00217694
v 0.02360594 0.03264099 0.00281346
v 0.02188140 0.03147017 0.00307929
v 0.02290761 0.03190577 0.00164449
v 0.02334398 0.03219801 0.00217694
v 0.02188140 0.03147017 0.00307929
v 0.02274304 0.03951668 0.00518072
v 0.02175712 0.03580552 0.00588691
v 0.02425217 0.03745794 0.00403214
v 0.02089798 0.03079861 0.00260723
v 0.02188140 0.03147017 0.00307929
v 0.02076470 0.03073251 0.00400162
v 0.02360594 0.03264099 0.00281346
v 0.02334398 0.03219801 0.00217694
v 0.02535498 0.03298443 0.00100255
v 0.02076470 0.03073251 0.00400162
v 0.02216410 0.03184098 0.00361753
v 0.02142792 0.03157699 0.00447023
v 0.02188140 0.03147017 0.00307929
v 0.02216410 0.03184098 0.00361753
v 0.02076470 0.03073251 0.00400162
v 0.01772058 0.02918750 0.01078933
v 0.01791524 0.06647169 0.01015043
v 0.01774030 0.06602144 0.01075410
v 0.01802515 0.03160429 0.00985634
v 0.01791524 0.06647169 0.01015043
v 0.01772058 0.02918750 0.01078933
v 0.02274304 0.03951668 0.00518072
v 0.02037376 0.03577584 0.00713819
v 0.02175712 0.03580552 0.00588691
v 0.02360594 0.03264099 0.00281346
v 0.02216410 0.03184098 0.00361753
v 0.02188140 0.03147017 0.00307929
v 0.02775740 0.03533804 0.00098716
v 0.02827692 0.03666877 0.00099636
v 0.02470123 0.03379857 0.00283003
v 0.02094292 0.06274831 0.00625563
v 0.01939404 0.04723829 0.00803059
v 0.02272903 0.05958044 0.00472617
v 0.02272903 0.05958044 0.00472617
v 0.01939404 0.04723829 0.00803059
v 0.02037376 0.03577584 0.00713819
v 0.01791524 0.06647169 0.01015043
v 0.01812714 0.03587830 0.00975346
v 0.01841259 0.06721901 0.00915426
v 0.01939404 0.04723829 0.00803059
v 0.02094292 0.06274831 0.00625563
v 0.01966446 0.06746518 0.00746632
v 0.02089798 0.03079861 0.00260723
v 0.02290761 0.03190577 0.00164449
v 0.02188140 0.03147017 0.00307929
v 0.02575343 0.05631250 0.00237268
v 0.02272903 0.05958044 0.00472617
v 0.02274304 0.03951668 0.00518072
v 0.02425217 0.03745794 0.00403214
v 0.02175712 0.03580552 0.00588691
v 0.02365881 0.03549790 0.00427252
v 0.01939404 0.04723829 0.00803059
v 0.01966446 0.06746518 0.00746632
v 0.01867288 0.05988305 0.00883615
v 0.02154940 0.03136479 0.00095651
v 0.02290761 0.03190577 0.00164449
v 0.02089798 0.03079861 0.00260723
v 0.01824826 -0.08454859 0.00954837
v 0.01824826 -0.08454859 0.00954837
v 0.01772058 0.06867736 0.01191878
v 0.01794481 0.06854307 0.01061469
v 0.01792448 0.07042783 0.01237481
v 0.01841259 0.06721901 0.00915426
v 0.01982951 0.06876266 0.00735372
v 0.01870036 0.06902253 0.00909299
v 0.02535498 0.03298443 0.00100255
v 0.02650457 0.03375881 0.00096469
v 0.02360594 0.03264099 0.00281346
v 0.02094292 0.06274831 0.00625563
v 0.02205663 0.06956535 0.00496638
v 0.01966446 0.06746518 0.00746632
v 0.01870036 0.06902253 0.00909299
v 0.01844459 0.07102495 0.01078271
v 0.01794481 0.06854307 0.01061469
v 0.01844459 0.07102495 0.01078271
v 0.01870036 0.06902253 0.00909299
v 0.01942962 0.07219213 0.00935709
v 0.01966446 0.06746518 0.00746632
v 0.02205663 0.06956535 0.00496638
v 0.01982951 0.06876266 0.00735372
v 0.01794481 0.06854307 0.01061469
v 0.01844459 0.07102495 0.01078271
v 0.01792448 0.07042783 0.01237481
v 0.02272903 0.05958044 0.00472617
v 0.02205663 0.06956535 0.00496638
v 0.02094292 0.06274831 0.00625563
v 0.02650457 0.03375881 0.00096469
v 0.02470123 0.03379857 0.00283003
v 0.02360594 0.03264099 0.00281346
v 0.01844459 0.07102495 0.01078271
v 0.01857239 0.07278394 0.01231306
v 0.01792448 0.07042783 0.01237481
v 0.01772117 -0.06711560 0.01091980
v 0.01778531 -0.06935691 0.00953382
v 0.01771545 -0.06585615 0.01072973
v 0.02184522 0.07192295 0.00561225
v 0.02105152 0.07302445 0.00712168
v 0.01985681 0.07064169 0.00785112
v 0.02575343 0.05631250 0.00237268
v 0.02642500 0.07150012 0.00101477
v 0.02272903 0.05958044 0.00472617
v 0.02037376 0.03577584 0.00713819
v 0.02274304 0.03951668 0.00518072
v 0.02272903 0.05958044 0.00472617
v 0.02184522 0.07192295 0.00561225
v 0.02205663 0.06956535 0.00496638
v 0.02619856 0.07397419 0.00136632
v 0.01857239 0.07278394 0.01231306
v 0.01967447 0.07449460 0.01077049
v 0.02003532 0.07641583 0.01209843
v 0.02149051 0.07753175 0.00949609
v 0.01967447 0.07449460 0.01077049
v 0.01942962 0.07219213 0.00935709
v 0.02861595 0.03937429 0.00099797
v 0.02274304 0.03951668 0.00518072
v 0.02425217 0.03745794 0.00403214
v 0.02105152 0.07302445 0.00712168
v 0.02564173 0.07851934 0.00355220
v 0.02212774 0.07617062 0.00726414
v 0.02798712 0.04933762 0.00099994
v 0.02274304 0.03951668 0.00518072
v 0.02861595 0.03937429 0.00099797
v 0.02798712 0.04933762 0.00099994
v 0.02575343 0.05631250 0.00237268
v 0.02274304 0.03951668 0.00518072
v 0.02123636 0.07894605 0.01174789
v 0.02003532 0.07641583 0.01209843
v 0.01967447 0.07449460 0.01077049
v 0.02184522 0.07192295 0.00561225
v 0.02564173 0.07851934 0.00355220
v 0.02105152 0.07302445 0.00712168
v 0.01841259 0.06721901 0.00915426
v 0.01867288 0.05988305 0.00883615
v 0.01966446 0.06746518 0.00746632
v 0.01791524 0.06647169 0.01015043
v 0.01841259 0.06721901 0.00915426
v 0.01794481 0.06854307 0.01061469
v 0.02827692 0.03666877 0.00099636
v 0.02856642 0.03869539 -0.00454307
v 0.02861595 0.03937429 0.00099797
v 0.02062785 0.03086858 -0.00470495
v 0.02064394 0.03080344 0.00099382
v 0.01969182 0.03009063 -0.00438821
v 0.02811110 0.03623747 -0.00465053
v 0.02775740 0.03533804 0.00098716
v 0.02765685 0.03518486 -0.00449026
v 0.02856642 0.03869539 -0.00454307
v 0.02827692 0.03666877 0.00099636
v 0.02835083 0.03714478 -0.00451875
v 0.01971387 0.02990382 0.00128537
v 0.01889127 0.02856278 0.00216699
v 0.01873248 0.02900457 -0.00457335
v 0.02064394 0.03080344 0.00099382
v 0.01971387 0.02990382 0.00128537
v 0.01969182 0.03009063 -0.00438821
v 0.02827692 0.03666877 0.00099636
v 0.02811110 0.03623747 -0.00465053
v 0.02835083 0.03714478 -0.00451875
v 0.02154940 0.03136479 0.00095651
v 0.02064394 0.03080344 0.00099382
v 0.02165019 0.03145796 -0.00480926
v 0.02165019 0.03145796 -0.00480926
v 0.02064394 0.03080344 0.00099382
v 0.02062785 0.03086858 -0.00470495
v 0.02775740 0.03533804 0.00098716
v 0.02811110 0.03623747 -0.00465053
v 0.02827692 0.03666877 0.00099636
v 0.01969182 0.03009063 -0.00438821
v 0.01971387 0.02990382 0.00128537
v 0.01873248 0.02900457 -0.00457335
v 0.02680569 0.03409284 -0.00473237
v 0.02650457 0.03375881 0.00096469
v 0.02594316 0.03334671 -0.00435823
v 0.02723366 0.03452372 0.00099192
v 0.02720630 0.03448969 -0.00419396
v 0.02775740 0.03533804 0.00098716
v 0.02765685 0.03518486 -0.00449026
v 0.02650457 0.03375881 0.00096469
v 0.02720630 0.03448969 -0.00419396
v 0.02723366 0.03452372 0.00099192
v 0.02720630 0.03448969 -0.00419396
v 0.02650457 0.03375881 0.00096469
v 0.02680569 0.03409284 -0.00473237
v 0.02535498 0.03298443 0.00100255
v 0.02594316 0.03334671 -0.00435823
v 0.02650457 0.03375881 0.00096469
v 0.01873248 0.02900457 -0.00457335
v 0.01889127 0.02856278 0.00216699
v 0.01790994 0.02767449 -0.00512677
v 0.02535498 0.03298443 0.00100255
v 0.02460747 0.03260397 -0.00435215
v 0.02594316 0.03334671 -0.00435823
v 0.02290761 0.03190577 0.00164449
v 0.02460747 0.03260397 -0.00435215
v 0.02535498 0.03298443 0.00100255
v 0.01759243 0.02672994 -0.00497830
v 0.01790994 0.02767449 -0.00512677
v 0.01838475 0.02730405 0.00102413
v 0.01889127 0.02856278 0.00216699
v 0.01838475 0.02730405 0.00102413
v 0.01790994 0.02767449 -0.00512677
v 0.02290761 0.03190577 0.00164449
v 0.02154940 0.03136479 0.00095651
v 0.02460747 0.03260397 -0.00435215
v 0.02460747 0.03260397 -0.00435215
v 0.02154940 0.03136479 0.00095651
v 0.02165019 0.03145796 -0.00480926
v 0.01759243 0.02672994 -0.00497830
v 0.01838475 0.02730405 0.00102413
v 0.01823639 0.02629685 0.00094581
v 0.02857756 0.04071611 -0.00435334
v 0.02861595 0.03937429 0.00099797
v 0.02856642 0.03869539 -0.00454307
v 0.02334362 0.08791196 0.02022451
v 0.02159857 0.09347671 0.03178572
v 0.02211022 0.09042674 0.03104621
v 0.02186501 0.09493488 0.02326601
v 0.02159857 0.09347671 0.03178572
v 0.02299153 0.09281504 0.01331341
v 0.02334362 0.08791196 0.02022451
v 0.02403748 0.08817690 0.00983906
v 0.02159857 0.09347671 0.03178572
v 0.02421218 0.08571201 0.01263672
v 0.02403748 0.08817690 0.00983906
v 0.02334362 0.08791196 0.02022451
v 0.02159857 0.09347671 0.03178572
v 0.02403748 0.08817690 0.00983906
v 0.02299153 0.09281504 0.01331341
v 0.02450364 0.08473956 0.01037549
v 0.02403748 0.08817690 0.00983906
v 0.02421218 0.08571201 0.01263672
v 0.02299153 0.09281504 0.01331341
v 0.02403748 0.08817690 0.00983906
v 0.02365827 0.09104245 0.00748169
v 0.02450364 0.08473956 0.01037549
v 0.02432781 0.08836299 0.00336027
v 0.02403748 0.08817690 0.00983906
v 0.02490073 0.08293050 0.00768495
v 0.02527326 0.08088010 0.00547069
v 0.02432781 0.08836299 0.00336027
v 0.02490073 0.08293050 0.00768495
v 0.02365827 0.09104245 0.00748169
v 0.02403748 0.08817690 0.00983906
v 0.02432781 0.08836299 0.00336027
v 0.02564173 0.07851934 0.00355220
v 0.02432781 0.08836299 0.00336027
v 0.02527326 0.08088010 0.00547069
v 0.02511799 0.08348435 -0.00187427
v 0.01745975 0.08553916 0.06286764
v 0.01800870 0.08921474 0.06077188
v 0.01735335 0.08836823 0.06330859
v 0.01887381 0.08946073 0.05670869
v 0.01800870 0.08921474 0.06077188
v 0.01745975 0.08553916 0.06286764
v 0.01735335 0.08836823 0.06330859
v 0.01769191 0.09160608 0.06114113
v 0.01708579 0.09049236 0.06336343
v 0.01024436 0.09407389 0.06498140
v 0.00000000 0.09534668 0.06420850
v 0.00000000 0.09340620 0.06565153
v 0.01800870 0.08921474 0.06077188
v 0.01769191 0.09160608 0.06114113
v 0.01735335 0.08836823 0.06330859
v 0.01708579 0.09049236 0.06336343
v 0.01709741 0.09187358 0.06248897
v 0.01640081 0.09197062 0.06381958
v 0.01708579 0.09049236 0.06336343
v 0.01769191 0.09160608 0.06114113
v 0.01709741 0.09187358 0.06248897
v 0.01640081 0.09197062 0.06381958
v 0.01646602 0.09367853 0.06212985
v 0.01541656 0.09266525 0.06443399
v 0.01646602 0.09367853 0.06212985
v 0.01566225 0.09435176 0.06246185
v 0.01541656 0.09266525 0.06443399
v 0.01541656 0.09266525 0.06443399
v 0.01566225 0.09435176 0.06246185
v 0.01465344 0.09337788 0.06440985
v 0.01566225 0.09435176 0.06246185
v 0.01449280 0.09549635 0.06215095
v 0.01465344 0.09337788 0.06440985
v 0.01265275 0.09369188 0.06495857
v 0.01137840 0.09566038 0.06317824
v 0.01024436 0.09407389 0.06498140
v 0.01465344 0.09337788 0.06440985
v 0.01349532 0.09477913 0.06354916
v 0.01369553 0.09364044 0.06467497
v 0.01449280 0.09549635 0.06215095
v 0.01349532 0.09477913 0.06354916
v 0.01465344 0.09337788 0.06440985
v 0.01265275 0.09369188 0.06495857
v 0.01349532 0.09477913 0.06354916
v 0.01137840 0.09566038 0.06317824
v 0.01369553 0.09364044 0.06467497
v 0.01349532 0.09477913 0.06354916
v 0.01265275 0.09369188 0.06495857
v 0.00653815 0.09799247 0.06123512
v 0.00000000 0.09691917 0.06275653
v 0.01024436 0.09407389 0.06498140
v 0.00653815 0.09799247 0.06123512
v 0.01024436 0.09407389 0.06498140
v 0.01137840 0.09566038 0.06317824
v 0.01137840 0.09566038 0.06317824
v 0.01349532 0.09477913 0.06354916
v 0.01275247 0.09729647 0.06080383
v 0.01275247 0.09729647 0.06080383
v 0.01349532 0.09477913 0.06354916
v 0.01449280 0.09549635 0.06215095
v 0.01800870 0.08921474 0.06077188
v 0.01887381 0.08946073 0.05670869
v 0.01836138 0.09154033 0.05878388
v 0.01566225 0.09435176 0.06246185
v 0.01541125 0.09688031 0.05954456
v 0.01449280 0.09549635 0.06215095
v 0.01541125 0.09688031 0.05954456
v 0.01566225 0.09435176 0.06246185
v 0.01661854 0.09594374 0.05920177
v 0.00000000 0.09691917 0.06275653
v 0.00653815 0.09799247 0.06123512
v 0.00000000 0.09877943 0.06064033
v 0.00000000 0.09877943 0.06064033
v 0.00653815 0.09799247 0.06123512
v 0.00697893 0.09990084 0.05869418
v 0.01275247 0.09729647 0.06080383
v 0.01084989 0.09979736 0.05807662
v 0.00952595 0.09813839 0.06062150
v 0.00653815 0.09799247 0.06123512
v 0.00952595 0.09813839 0.06062150
v 0.00697893 0.09990084 0.05869418
v 0.00697893 0.09990084 0.05869418
v 0.00952595 0.09813839 0.06062150
v 0.01084989 0.09979736 0.05807662
v 0.01449280 0.09549635 0.06215095
v 0.01435667 0.09964692 0.05661839
v 0.01275247 0.09729647 0.06080383
v 0.02642500 0.07150012 0.00101477
v 0.02635508 0.07218623 -0.00471967
v 0.02619856 0.07397419 0.00136632
v 0.01541125 0.09688031 0.05954456
v 0.01435667 0.09964692 0.05661839
v 0.01449280 0.09549635 0.06215095
v 0.02600640 0.07611167 -0.00422812
v 0.02619856 0.07397419 0.00136632
v 0.02600640 0.07611167 -0.00422812
v 0.02596211 0.07607930 0.00215918
v 0.02550464 0.08057665 -0.00319368
v 0.01084989 0.09979736 0.05807662
v 0.01275247 0.09729647 0.06080383
v 0.01295900 0.09975892 0.05728316
v 0.02596211 0.07607930 0.00215918
v 0.02550464 0.08057665 -0.00319368
v 0.02564173 0.07851934 0.00355220
v 0.01275247 0.09729647 0.06080383
v 0.01435667 0.09964692 0.05661839
v 0.01295900 0.09975892 0.05728316
v 0.02511799 0.08348435 -0.00187427
v 0.01435667 0.09964692 0.05661839
v 0.01541125 0.09688031 0.05954456
v 0.01589971 0.09923243 0.05582350
v 0.01024436 0.09407389 0.06498140
v 0.00000000 0.09691917 0.06275653
v 0.00000000 0.09534668 0.06420850
v 0.01865309 0.09752655 0.05203855
v 0.01815778 0.09648334 0.05507731
v 0.01869237 0.09497624 0.05487537
v 0.01991200 0.09287786 0.04919689
v 0.01894474 0.09293800 0.05522114
v 0.01932829 0.09226977 0.05330705
v 0.01943701 0.09601640 0.04995155
v 0.01894474 0.09293800 0.05522114
v 0.02004313 0.09488779 0.04691523
v 0.01761883 0.09818732 0.05439507
v 0.01815778 0.09648334 0.05507731
v 0.01806944 0.09834259 0.05285596
v 0.01815778 0.09648334 0.05507731
v 0.01865309 0.09752655 0.05203855
v 0.01806944 0.09834259 0.05285596
v 0.01991200 0.09287786 0.04919689
v 0.01869237 0.09497624 0.05487537
v 0.01943701 0.09601640 0.04995155
v 0.01865309 0.09752655 0.05203855
v 0.01865309 0.09752655 0.05203855
v 0.01943701 0.09601640 0.04995155
v 0.01919049 0.09751802 0.04899847
v 0.02072077 0.09240239 0.04328978
v 0.02004313 0.09488779 0.04691523
v 0.01991200 0.09287786 0.04919689
v 0.01919049 0.09751802 0.04899847
v 0.01943701 0.09601640 0.04995155
v 0.01966089 0.09719043 0.04589515
v 0.02004313 0.09488779 0.04691523
v 0.01966089 0.09719043 0.04589515
v 0.01943701 0.09601640 0.04995155
v 0.02107280 0.09605967 0.03105217
v 0.02159857 0.09347671 0.03178572
v 0.02186501 0.09493488 0.02326601
v 0.01137840 0.09566038 0.06317824
v 0.00952595 0.09813839 0.06062150
v 0.00653815 0.09799247 0.06123512
v 0.01137840 0.09566038 0.06317824
v 0.01275247 0.09729647 0.06080383
v 0.00952595 0.09813839 0.06062150
v 0.01800870 0.08921474 0.06077188
v 0.01836138 0.09154033 0.05878388
v 0.01769191 0.09160608 0.06114113
v 0.01769191 0.09160608 0.06114113
v 0.01836138 0.09154033 0.05878388
v 0.01793837 0.09387618 0.05856812
v 0.01646602 0.09367853 0.06212985
v 0.01661854 0.09594374 0.05920177
v 0.01566225 0.09435176 0.06246185
v 0.01661854 0.09594374 0.05920177
v 0.01646602 0.09367853 0.06212985
v 0.01727145 0.09405899 0.06018805
v 0.01769191 0.09160608 0.06114113
v 0.01793837 0.09387618 0.05856812
v 0.01727145 0.09405899 0.06018805
v 0.01869237 0.09497624 0.05487537
v 0.01836138 0.09154033 0.05878388
v 0.01894474 0.09293800 0.05522114
v 0.01869237 0.09497624 0.05487537
v 0.01793837 0.09387618 0.05856812
v 0.01836138 0.09154033 0.05878388
v 0.00000000 0.10014790 0.05870962
v 0.00000000 0.09877943 0.06064033
v 0.00697893 0.09990084 0.05869418
v 0.01887381 0.08946073 0.05670869
v 0.01932829 0.09226977 0.05330705
v 0.01836138 0.09154033 0.05878388
v 0.01836138 0.09154033 0.05878388
v 0.01932829 0.09226977 0.05330705
v 0.01894474 0.09293800 0.05522114
v 0.01815778 0.09648334 0.05507731
v 0.01761883 0.09818732 0.05439507
v 0.01727145 0.09405899 0.06018805
v 0.01727145 0.09405899 0.06018805
v 0.01761883 0.09818732 0.05439507
v 0.01696348 0.09851688 0.05528253
v 0.01894474 0.09293800 0.05522114
v 0.01943701 0.09601640 0.04995155
v 0.01869237 0.09497624 0.05487537
v 0.01661854 0.09594374 0.05920177
v 0.01696348 0.09851688 0.05528253
v 0.01589971 0.09923243 0.05582350
v 0.01735687 0.08128958 0.06274062
v 0.01827234 0.08228188 0.05795037
v 0.01745975 0.08553916 0.06286764
v 0.01745975 0.08553916 0.06286764
v 0.01827234 0.08228188 0.05795037
v 0.01887381 0.08946073 0.05670869
v 0.01727145 0.09405899 0.06018805
v 0.01709741 0.09187358 0.06248897
v 0.01769191 0.09160608 0.06114113
v 0.01640081 0.09197062 0.06381958
v 0.01709741 0.09187358 0.06248897
v 0.01727145 0.09405899 0.06018805
v 0.01727145 0.09405899 0.06018805
v 0.01646602 0.09367853 0.06212985
v 0.01640081 0.09197062 0.06381958
v 0.01661854 0.09594374 0.05920177
v 0.01727145 0.09405899 0.06018805
v 0.01696348 0.09851688 0.05528253
v 0.01727145 0.09405899 0.06018805
v 0.01793837 0.09387618 0.05856812
v 0.01815778 0.09648334 0.05507731
v 0.01815778 0.09648334 0.05507731
v 0.01793837 0.09387618 0.05856812
v 0.01869237 0.09497624 0.05487537
v 0.01589971 0.09923243 0.05582350
v 0.02211022 0.09042674 0.03104621
v 0.02004313 0.09488779 0.04691523
v 0.02072077 0.09240239 0.04328978
v 0.02004313 0.09488779 0.04691523
v 0.02159857 0.09347671 0.03178572
v 0.01966089 0.09719043 0.04589515
v 0.01966089 0.09719043 0.04589515
v 0.02159857 0.09347671 0.03178572
v 0.02107280 0.09605967 0.03105217
v 0.02159857 0.09347671 0.03178572
v 0.02259999 0.07531040 -0.00785530
v 0.00000000 0.07273262 -0.00847691
v 0.00000000 0.07633733 -0.00812888
v 0.00000000 0.08814620 -0.00267219
v 0.00000000 0.09003198 -0.00062671
v 0.02094697 0.08813440 -0.00215888
v 0.00000000 0.07273262 -0.00847691
v 0.02259999 0.07531040 -0.00785530
v 0.02265363 0.07229477 -0.00808221
v 0.00000000 0.08425253 -0.00549358
v 0.02144169 0.08441877 -0.00497168
v 0.02188146 0.08197921 -0.00617439
v 0.00000000 0.09313482 0.00434643
v 0.02063584 0.09185111 0.00267482
v 0.00000000 0.09197574 0.00216728
v 0.02094697 0.08813440 -0.00215888
v 0.00000000 0.09003198 -0.00062671
v 0.02109390 0.08937001 -0.00083139
v 0.00000000 0.09313482 0.00434643
v 0.02035927 0.09312283 0.00515932
v 0.02063584 0.09185111 0.00267482
v 0.02092295 0.09064459 0.00080682
v 0.00000000 0.09197574 0.00216728
v 0.02063584 0.09185111 0.00267482
v 0.00000000 0.09003198 -0.00062671
v 0.02092295 0.09064459 0.00080682
v 0.02109390 0.08937001 -0.00083139
v 0.02163052 0.08656090 -0.00348645
v 0.00000000 0.08619076 -0.00426060
v 0.00000000 0.08814620 -0.00267219
v 0.00000000 0.08190739 -0.00663334
v 0.02188146 0.08197921 -0.00617439
v 0.02222675 0.07886165 -0.00721681
v 0.00000000 0.08814620 -0.00267219
v 0.02094697 0.08813440 -0.00215888
v 0.02163052 0.08656090 -0.00348645
v 0.00000000 0.09422010 0.00691193
v 0.02035927 0.09312283 0.00515932
v 0.00000000 0.09313482 0.00434643
v 0.02092295 0.09064459 0.00080682
v 0.00000000 0.09003198 -0.00062671
v 0.00000000 0.09197574 0.00216728
v 0.00000000 0.08619076 -0.00426060
v 0.02163052 0.08656090 -0.00348645
v 0.02144169 0.08441877 -0.00497168
v 0.00000000 0.07924503 -0.00750321
v 0.00000000 0.08190739 -0.00663334
v 0.02222675 0.07886165 -0.00721681
v 0.00000000 0.08190739 -0.00663334
v 0.02144169 0.08441877 -0.00497168
v 0.00000000 0.08425253 -0.00549358
v 0.00000000 0.08619076 -0.00426060
v 0.00000000 0.09505736 0.00942606
v 0.00000000 0.09593093 0.01289165
v 0.01972121 0.09506952 0.01071655
v 0.02035927 0.09312283 0.00515932
v 0.00000000 0.09422010 0.00691193
v 0.02019309 0.09406846 0.00757271
v 0.00000000 0.09422010 0.00691193
v 0.00000000 0.09505736 0.00942606
v 0.02019309 0.09406846 0.00757271
v 0.02019309 0.09406846 0.00757271
v 0.00000000 0.09505736 0.00942606
v 0.01972121 0.09506952 0.01071655
v 0.02222675 0.07886165 -0.00721681
v 0.00000000 0.07633733 -0.00812888
v 0.00000000 0.07924503 -0.00750321
v 0.02259999 0.07531040 -0.00785530
v 0.00000000 0.07633733 -0.00812888
v 0.02222675 0.07886165 -0.00721681
v 0.01337915 0.10032470 0.05524343
v 0.00000000 0.10056990 0.05746334
v 0.00826281 0.10043680 0.05679821
v 0.01772028 0.09880161 0.03267461
v 0.00000000 0.09912401 0.03232187
v 0.01688390 0.09953457 0.03971993
v 0.00000000 0.09753769 0.02142173
v 0.00000000 0.09912401 0.03232187
v 0.01848602 0.09779846 0.02521109
v 0.01848602 0.09779846 0.02521109
v 0.00000000 0.09912401 0.03232187
v 0.01772028 0.09880161 0.03267461
v 0.01688390 0.09953457 0.03971993
v 0.00000000 0.10016570 0.04405695
v 0.01612508 0.10007570 0.04775166
v 0.01918029 0.09657603 0.01802015
v 0.00000000 0.09593093 0.01289165
v 0.00000000 0.09753769 0.02142173
v 0.00000000 0.09912401 0.03232187
v 0.00000000 0.10016570 0.04405695
v 0.01688390 0.09953457 0.03971993
v 0.01918029 0.09657603 0.01802015
v 0.01972121 0.09506952 0.01071655
v 0.00000000 0.09593093 0.01289165
v 0.01612508 0.10007570 0.04775166
v 0.00000000 0.10052150 0.05219072
v 0.01337915 0.10032470 0.05524343
v 0.01337915 0.10032470 0.05524343
v 0.00000000 0.10052150 0.05219072
v 0.00000000 0.10056990 0.05746334
v 0.01612508 0.10007570 0.04775166
v 0.00000000 0.10016570 0.04405695
v 0.00000000 0.10052150 0.05219072
v 0.01918029 0.09657603 0.01802015
v 0.00000000 0.09753769 0.02142173
v 0.01848602 0.09779846 0.02521109
v 0.01730364 0.04331290 0.06294345
v 0.01827234 0.08228188 0.05795037
v 0.01735687 0.08128958 0.06274062
v 0.01733583 -0.08140993 0.06283122
v 0.01825010 -0.08402371 0.05801284
v 0.02642500 0.07150012 0.00101477
v 0.02798712 0.04933762 0.00099994
v 0.02635508 0.07218623 -0.00471967
v 0.02857756 0.04071611 -0.00435334
v 0.02798712 0.04933762 0.00099994
v 0.02861595 0.03937429 0.00099797
v 0.02857756 0.04071611 -0.00435334
v 0.01383769 -0.08758366 -0.00416732
v 0.00400031 -0.08794635 -0.00413072
v 0.00400031 -0.08644878 -0.00525630
v 0.01383769 -0.08758366 -0.00416732
v 0.00400031 -0.08644878 -0.00525630
v 0.01360583 -0.08575350 -0.00547576
v 0.01402860 -0.09442085 0.00776583
v 0.00400031 -0.09407943 0.00588679
v 0.01391977 -0.09338915 0.00457680
v 0.01402860 -0.09442085 0.00776583
v 0.00400031 -0.09553843 0.01137673
v 0.00400031 -0.09407943 0.00588679
v 0.01352363 -0.08885848 -0.00304717
v 0.00400031 -0.08937203 -0.00277323
v 0.00400031 -0.08794635 -0.00413072
v 0.01391458 -0.08247613 -0.00690424
v 0.00400031 -0.08113706 -0.00752991
v 0.01362800 -0.07976871 -0.00764543
v 0.01352363 -0.08885848 -0.00304717
v 0.00400031 -0.08794635 -0.00413072
v 0.01383769 -0.08758366 -0.00416732
v 0.01405912 -0.09597444 0.01439887
v 0.00400031 -0.09553843 0.01137673
v 0.01402860 -0.09442085 0.00776583
v 0.01391458 -0.08247613 -0.00690424
v 0.00400031 -0.08414578 -0.00650620
v 0.00400031 -0.08113706 -0.00752991
v 0.01382780 -0.08998435 -0.00172830
v 0.00400031 -0.08937203 -0.00277323
v 0.01352363 -0.08885848 -0.00304717
v 0.01375025 -0.08395832 -0.00635457
v 0.00400031 -0.08414578 -0.00650620
v 0.01391458 -0.08247613 -0.00690424
v 0.01382780 -0.08998435 -0.00172830
v 0.00400031 -0.09089785 -0.00084768
v 0.00400031 -0.08937203 -0.00277323
v 0.01397037 -0.07645881 -0.00805634
v 0.00400031 -0.07734733 -0.00818777
v 0.00400031 -0.07299888 -0.00841898
v 0.01400738 -0.07363653 -0.00820220
v 0.01374655 -0.09129750 0.00011714
v 0.00400031 -0.09089785 -0.00084768
v 0.01382780 -0.08998435 -0.00172830
v 0.01360583 -0.08575350 -0.00547576
v 0.00400031 -0.08414578 -0.00650620
v 0.01375025 -0.08395832 -0.00635457
v 0.01374655 -0.09129750 0.00011714
v 0.00400025 -0.09254413 0.00198609
v 0.00400031 -0.09089785 -0.00084768
v 0.01360583 -0.08575350 -0.00547576
v 0.00400031 -0.08644878 -0.00525630
v 0.00400031 -0.08414578 -0.00650620
v 0.01359117 -0.09256219 0.00249821
v 0.00400025 -0.09254413 0.00198609
v 0.01374655 -0.09129750 0.00011714
v 0.01362800 -0.07976871 -0.00764543
v 0.00400031 -0.07734733 -0.00818777
v 0.01397037 -0.07645881 -0.00805634
v 0.01362800 -0.07976871 -0.00764543
v 0.00400031 -0.08113706 -0.00752991
v 0.00400031 -0.07734733 -0.00818777
v 0.01391977 -0.09338915 0.00457680
v 0.00400025 -0.09254413 0.00198609
v 0.01359117 -0.09256219 0.00249821
v 0.00400031 -0.09407943 0.00588679
v 0.00400031 -0.07299888 -0.00841898
v 0.00395310 -0.04506886 -0.01389724
v 0.00400031 -0.04506981 -0.00843012
v 0.00399589 -0.10183590 0.00762206
v 0.00400025 -0.09254413 0.00198609
v 0.00400031 -0.09407943 0.00588679
v 0.00398910 -0.10193780 -0.00861114
v 0.00399649 -0.09862416 -0.01355731
v 0.00395310 -0.04506886 -0.01389724
v 0.00400031 -0.07299888 -0.00841898
v 0.00400031 -0.07734733 -0.00818777
v 0.00400031 -0.09089785 -0.00084768
v 0.00399589 -0.10183590 0.00762206
v 0.00400031 -0.09553843 0.01137673
v 0.00396591 -0.10062680 0.01159870
v 0.00400031 -0.08937203 -0.00277323
v 0.00396591 -0.10062680 0.01159870
v 0.00400031 -0.09553843 0.01137673
v 0.00399172 -0.09654337 0.01634633
v 0.00400031 -0.09553843 0.01137673
v 0.00400031 -0.08113706 -0.00752991
v 0.00400031 -0.08414578 -0.00650620
v 0.00400031 -0.08644878 -0.00525630
v 0.00400031 -0.08794635 -0.00413072
v 0.00396043 -0.10055100 -0.01259547
v 0.00399649 -0.09862416 -0.01355731
v 0.00398910 -0.10193780 -0.00861114
v 0.01819550 0.02632331 0.00575781
v 0.01806694 0.02641183 0.00779933
v 0.01823639 0.02629685 0.00094581
v 0.01823639 0.02629685 0.00094581
v 0.01806694 0.02641183 0.00779933
v 0.01759243 0.02672994 -0.00497830
v 0.01806694 0.02641183 0.00779933
v 0.01730519 0.02691859 0.00783467
v 0.01759243 0.02672994 -0.00497830
v 0.01759243 0.02672994 -0.00497830
v 0.01730519 0.02691859 0.00783467
v 0.01730448 0.02691823 -0.00603348
v 0.01730448 0.02691823 -0.00603348
v 0.01730519 0.02691859 0.00783467
v 0.01693195 0.02717745 -0.00669366
v 0.01730519 0.02691859 0.00783467
v 0.01658165 0.02736848 0.00809747
v 0.01693195 0.02717745 -0.00669366
v 0.01598632 0.02772003 0.00931966
v 0.01540750 0.02804780 0.00236827
v 0.01693195 0.02717745 -0.00669366
v 0.01658165 0.02736848 0.00809747
v 0.01598632 0.02772003 0.00931966
v 0.01693195 0.02717745 -0.00669366
v 0.01658165 0.02736848 0.00809747
v 0.01613301 0.02763557 0.00844294
v 0.01598632 0.02772003 0.00931966
v 0.01540750 0.02804780 0.00236827
v 0.01518654 0.02815991 0.00100219
v 0.01693195 0.02717745 -0.00669366
v 0.01786464 0.02380549 0.00779980
v 0.01730519 0.02691859 0.00783467
v 0.01806694 0.02641183 0.00779933
v 0.01785570 -0.02655535 0.00779724
v 0.01737529 0.01386004 0.00782704
v 0.01786464 0.02380549 0.00779980
v 0.00199199 -0.03195571 -0.00596982
v 0.00191945 -0.03195518 -0.00697982
v 0.00000000 -0.03199917 -0.00700796
v 0.01478117 -0.02838206 -0.00483382
v 0.01574355 -0.02785933 0.00112086
v 0.01509308 -0.02822136 -0.00673282
v 0.01574355 -0.02785933 0.00112086
v 0.01620465 -0.02759420 0.00831604
v 0.01653671 -0.02739608 -0.00670886
v 0.01653671 -0.02739608 -0.00670886
v 0.01620465 -0.02759420 0.00831604
v 0.01689577 -0.02717638 -0.00617242
v 0.01689577 -0.02717638 -0.00617242
v 0.01720732 -0.02698153 0.00785863
v 0.01725304 -0.02695399 -0.00526500
v 0.00199199 -0.03195571 -0.00596982
v 0.00495309 -0.03162568 -0.00692129
v 0.00191945 -0.03195518 -0.00697982
v 0.01720732 -0.02698153 0.00785863
v 0.00199199 -0.03195571 -0.00596982
v 0.00496602 -0.03161674 -0.00591785
v 0.00495309 -0.03162568 -0.00692129
v 0.00496602 -0.03161674 -0.00591785
v 0.00807154 -0.03098642 -0.00586373
v 0.00495309 -0.03162568 -0.00692129
v 0.01720732 -0.02698153 0.00785863
v 0.01785570 -0.02655535 0.00779724
v 0.01725304 -0.02695399 -0.00526500
v 0.00807154 -0.03098642 -0.00586373
v 0.00811046 -0.03097021 -0.00686222
v 0.00495309 -0.03162568 -0.00692129
v 0.01725304 -0.02695399 -0.00526500
v 0.01785570 -0.02655535 0.00779724
v 0.01824945 -0.02628624 0.00099497
v 0.01574355 -0.02785933 0.00112086
v 0.01653671 -0.02739608 -0.00670886
v 0.01509308 -0.02822136 -0.00673282
v 0.00807154 -0.03098642 -0.00586373
v 0.01068258 -0.03016918 -0.00681609
v 0.00811046 -0.03097021 -0.00686222
v 0.00807154 -0.03098642 -0.00586373
v 0.01149225 -0.02987670 -0.00580400
v 0.01068258 -0.03016918 -0.00681609
v 0.01149225 -0.02987670 -0.00580400
v 0.01284831 -0.02931982 -0.00677884
v 0.01068258 -0.03016918 -0.00681609
v 0.01149225 -0.02987670 -0.00580400
v 0.01381129 -0.02886861 -0.00572878
v 0.01284831 -0.02931982 -0.00677884
v 0.01527011 -0.02812165 0.01008749
v 0.01550889 -0.02798962 0.00917870
v 0.01531684 -0.02809709 0.00874245
v 0.01440834 -0.02857267 -0.00536078
v 0.01509308 -0.02822136 -0.00673282
v 0.01381129 -0.02886861 -0.00572878
v 0.01381129 -0.02886861 -0.00572878
v 0.01509308 -0.02822136 -0.00673282
v 0.01284831 -0.02931982 -0.00677884
v 0.01440834 -0.02857267 -0.00536078
v 0.01478117 -0.02838206 -0.00483382
v 0.01509308 -0.02822136 -0.00673282
v 0.01620465 -0.02759420 0.00831604
v 0.01574355 -0.02785933 0.00112086
v 0.01954180 0.03197079 -0.00733918
v 0.01998221 0.03157371 -0.00680250
v 0.01886272 0.03069287 -0.00688422
v 0.01768273 0.03154402 -0.00790912
v 0.01952630 0.03413528 -0.00813079
v 0.01965516 0.03298032 -0.00779182
v 0.01804322 0.03064543 -0.00739318
v 0.01954180 0.03197079 -0.00733918
v 0.01886272 0.03069287 -0.00688422
v 0.01804322 0.03064543 -0.00739318
v 0.01965516 0.03298032 -0.00779182
v 0.01954180 0.03197079 -0.00733918
v 0.01804322 0.03064543 -0.00739318
v 0.01886272 0.03069287 -0.00688422
v 0.01790899 0.02950787 -0.00685328
v 0.01765668 0.02802896 -0.00610465
v 0.01841217 0.02931785 -0.00609893
v 0.01860290 0.02908128 -0.00537312
v 0.01719450 0.02840209 -0.00694603
v 0.01841217 0.02931785 -0.00609893
v 0.01765668 0.02802896 -0.00610465
v 0.01790899 0.02950787 -0.00685328
v 0.01841217 0.02931785 -0.00609893
v 0.01719450 0.02840209 -0.00694603
v 0.02856642 0.03869539 -0.00454307
v 0.02839928 0.03962457 -0.00544399
v 0.02857756 0.04071611 -0.00435334
v 0.01719450 0.02840209 -0.00694603
v 0.01765668 0.02802896 -0.00610465
v 0.01693195 0.02717745 -0.00669366
v 0.01730448 0.02691823 -0.00603348
v 0.01719450 0.02840209 -0.00694603
v 0.01693195 0.02717745 -0.00669366
v 0.01642018 0.02854341 -0.00763243
v 0.02765685 0.03518486 -0.00449026
v 0.02680569 0.03409284 -0.00473237
v 0.02731513 0.03486478 -0.00511521
v 0.02765685 0.03518486 -0.00449026
v 0.02720630 0.03448969 -0.00419396
v 0.02680569 0.03409284 -0.00473237
v 0.02759778 0.03959286 -0.00676691
v 0.02796757 0.04108822 -0.00617909
v 0.02839928 0.03962457 -0.00544399
v 0.02762407 0.03573542 -0.00561345
v 0.02811110 0.03623747 -0.00465053
v 0.02765685 0.03518486 -0.00449026
v 0.02762407 0.03573542 -0.00561345
v 0.02765685 0.03518486 -0.00449026
v 0.02731513 0.03486478 -0.00511521
v 0.02815294 0.03720879 -0.00543207
v 0.02856642 0.03869539 -0.00454307
v 0.02835083 0.03714478 -0.00451875
v 0.02680569 0.03409284 -0.00473237
v 0.02663391 0.03436774 -0.00572652
v 0.02731513 0.03486478 -0.00511521
v 0.02762407 0.03573542 -0.00561345
v 0.02731513 0.03486478 -0.00511521
v 0.02680438 0.03484261 -0.00612843
v 0.02731513 0.03486478 -0.00511521
v 0.02663391 0.03436774 -0.00572652
v 0.02680438 0.03484261 -0.00612843
v 0.02811110 0.03623747 -0.00465053
v 0.02815294 0.03720879 -0.00543207
v 0.02835083 0.03714478 -0.00451875
v 0.02631807 0.03377467 -0.00512385
v 0.02663391 0.03436774 -0.00572652
v 0.02680569 0.03409284 -0.00473237
v 0.02762407 0.03573542 -0.00561345
v 0.02704781 0.03600966 -0.00664806
v 0.02777248 0.03716588 -0.00621742
v 0.02777248 0.03716588 -0.00621742
v 0.02759778 0.03959286 -0.00676691
v 0.02839928 0.03962457 -0.00544399
v 0.02680438 0.03484261 -0.00612843
v 0.02704781 0.03600966 -0.00664806
v 0.02762407 0.03573542 -0.00561345
v 0.02746719 0.03785765 -0.00673771
v 0.02759778 0.03959286 -0.00676691
v 0.02777248 0.03716588 -0.00621742
v 0.02580296 0.03377348 -0.00590968
v 0.02680438 0.03484261 -0.00612843
v 0.02663391 0.03436774 -0.00572652
v 0.02696537 0.03734266 -0.00715166
v 0.02759778 0.03959286 -0.00676691
v 0.02746719 0.03785765 -0.00673771
v 0.02479165 0.03372406 -0.00668234
v 0.02580296 0.03377348 -0.00590968
v 0.02458435 0.03310203 -0.00597930
v 0.02696537 0.03734266 -0.00715166
v 0.02656579 0.03985047 -0.00758356
v 0.02759778 0.03959286 -0.00676691
v 0.02696537 0.03734266 -0.00715166
v 0.02746719 0.03785765 -0.00673771
v 0.02777248 0.03716588 -0.00621742
v 0.02500844 0.03294843 -0.00519502
v 0.02460747 0.03260397 -0.00435215
v 0.02165019 0.03145796 -0.00480926
v 0.02609640 0.03739589 -0.00769895
v 0.02656579 0.03985047 -0.00758356
v 0.02696537 0.03734266 -0.00715166
v 0.02642631 0.03659904 -0.00738490
v 0.02625763 0.03540915 -0.00707430
v 0.02549302 0.03620797 -0.00776344
v 0.02704781 0.03600966 -0.00664806
v 0.02696537 0.03734266 -0.00715166
v 0.02777248 0.03716588 -0.00621742
v 0.02458435 0.03310203 -0.00597930
v 0.02500844 0.03294843 -0.00519502
v 0.02159279 0.03173613 -0.00571734
v 0.02642631 0.03659904 -0.00738490
v 0.02696537 0.03734266 -0.00715166
v 0.02704781 0.03600966 -0.00664806
v 0.02563184 0.03839391 -0.00793934
v 0.02656579 0.03985047 -0.00758356
v 0.02609640 0.03739589 -0.00769895
v 0.02642631 0.03659904 -0.00738490
v 0.02609640 0.03739589 -0.00769895
v 0.02696537 0.03734266 -0.00715166
v 0.02513086 0.03499871 -0.00746256
v 0.02549302 0.03620797 -0.00776344
v 0.02625763 0.03540915 -0.00707430
v 0.02400469 0.03420168 -0.00738847
v 0.02513086 0.03499871 -0.00746256
v 0.02479165 0.03372406 -0.00668234
v 0.02609640 0.03739589 -0.00769895
v 0.02642631 0.03659904 -0.00738490
v 0.02549302 0.03620797 -0.00776344
v 0.02159279 0.03173613 -0.00571734
v 0.02500844 0.03294843 -0.00519502
v 0.02165019 0.03145796 -0.00480926
v 0.02549302 0.03620797 -0.00776344
v 0.02513086 0.03499871 -0.00746256
v 0.02411347 0.03537482 -0.00789189
v 0.02549302 0.03620797 -0.00776344
v 0.02563184 0.03839391 -0.00793934
v 0.02609640 0.03739589 -0.00769895
v 0.02478319 0.03692895 -0.00805902
v 0.02563184 0.03839391 -0.00793934
v 0.02549302 0.03620797 -0.00776344
v 0.02411347 0.03537482 -0.00789189
v 0.02478319 0.03692895 -0.00805902
v 0.02549302 0.03620797 -0.00776344
v 0.02839928 0.03962457 -0.00544399
v 0.02856642 0.03869539 -0.00454307
v 0.02815294 0.03720879 -0.00543207
v 0.02839928 0.03962457 -0.00544399
v 0.02815294 0.03720879 -0.00543207
v 0.02777248 0.03716588 -0.00621742
v 0.02059346 0.03110790 -0.00554424
v 0.02131634 0.03199160 -0.00636667
v 0.02159279 0.03173613 -0.00571734
v 0.02411347 0.03537482 -0.00789189
v 0.02400469 0.03420168 -0.00738847
v 0.01965516 0.03298032 -0.00779182
v 0.02762407 0.03573542 -0.00561345
v 0.02815294 0.03720879 -0.00543207
v 0.02811110 0.03623747 -0.00465053
v 0.02478319 0.03692895 -0.00805902
v 0.02411347 0.03537482 -0.00789189
v 0.01952630 0.03413528 -0.00813079
v 0.02762407 0.03573542 -0.00561345
v 0.02777248 0.03716588 -0.00621742
v 0.02815294 0.03720879 -0.00543207
v 0.02500844 0.03294843 -0.00519502
v 0.02631807 0.03377467 -0.00512385
v 0.02594316 0.03334671 -0.00435823
v 0.01841217 0.02931785 -0.00609893
v 0.01963526 0.03018623 -0.00521028
v 0.01860290 0.02908128 -0.00537312
v 0.01972895 0.03073430 -0.00603783
v 0.01963526 0.03018623 -0.00521028
v 0.01841217 0.02931785 -0.00609893
v 0.01873248 0.02900457 -0.00457335
v 0.01790994 0.02767449 -0.00512677
v 0.01860290 0.02908128 -0.00537312
v 0.01711064 0.03255575 -0.00818443
v 0.01768273 0.03154402 -0.00790912
v 0.01637810 0.03021115 -0.00799888
v 0.01765668 0.02802896 -0.00610465
v 0.01860290 0.02908128 -0.00537312
v 0.01790994 0.02767449 -0.00512677
v 0.01637810 0.03021115 -0.00799888
v 0.01531285 0.02976495 -0.00819683
v 0.01711064 0.03255575 -0.00818443
v 0.01637810 0.03021115 -0.00799888
v 0.01642018 0.02854341 -0.00763243
v 0.01531285 0.02976495 -0.00819683
v 0.01637810 0.03021115 -0.00799888
v 0.01686894 0.02971839 -0.00768113
v 0.01642018 0.02854341 -0.00763243
v 0.01759243 0.02672994 -0.00497830
v 0.01730448 0.02691823 -0.00603348
v 0.01790994 0.02767449 -0.00512677
v 0.01765668 0.02802896 -0.00610465
v 0.01790994 0.02767449 -0.00512677
v 0.01730448 0.02691823 -0.00603348
v 0.02663391 0.03436774 -0.00572652
v 0.02631807 0.03377467 -0.00512385
v 0.02580296 0.03377348 -0.00590968
v 0.02625763 0.03540915 -0.00707430
v 0.02704781 0.03600966 -0.00664806
v 0.02680438 0.03484261 -0.00612843
v 0.02580666 0.03442209 -0.00668418
v 0.02625763 0.03540915 -0.00707430
v 0.02680438 0.03484261 -0.00612843
v 0.02625763 0.03540915 -0.00707430
v 0.02642631 0.03659904 -0.00738490
v 0.02704781 0.03600966 -0.00664806
v 0.02479165 0.03372406 -0.00668234
v 0.02580666 0.03442209 -0.00668418
v 0.02580296 0.03377348 -0.00590968
v 0.02631807 0.03377467 -0.00512385
v 0.02680569 0.03409284 -0.00473237
v 0.02594316 0.03334671 -0.00435823
v 0.02580666 0.03442209 -0.00668418
v 0.02513086 0.03499871 -0.00746256
v 0.02625763 0.03540915 -0.00707430
v 0.02458435 0.03310203 -0.00597930
v 0.02131634 0.03199160 -0.00636667
v 0.02479165 0.03372406 -0.00668234
v 0.02460747 0.03260397 -0.00435215
v 0.02500844 0.03294843 -0.00519502
v 0.02594316 0.03334671 -0.00435823
v 0.02458435 0.03310203 -0.00597930
v 0.02159279 0.03173613 -0.00571734
v 0.02131634 0.03199160 -0.00636667
v 0.02411347 0.03537482 -0.00789189
v 0.02513086 0.03499871 -0.00746256
v 0.02400469 0.03420168 -0.00738847
v 0.02165019 0.03145796 -0.00480926
v 0.02059346 0.03110790 -0.00554424
v 0.02159279 0.03173613 -0.00571734
v 0.02580296 0.03377348 -0.00590968
v 0.02631807 0.03377467 -0.00512385
v 0.02500844 0.03294843 -0.00519502
v 0.01972895 0.03073430 -0.00603783
v 0.02131634 0.03199160 -0.00636667
v 0.02059346 0.03110790 -0.00554424
v 0.01963526 0.03018623 -0.00521028
v 0.02062785 0.03086858 -0.00470495
v 0.01969182 0.03009063 -0.00438821
v 0.02059346 0.03110790 -0.00554424
v 0.01963526 0.03018623 -0.00521028
v 0.01972895 0.03073430 -0.00603783
v 0.02458435 0.03310203 -0.00597930
v 0.02580296 0.03377348 -0.00590968
v 0.02500844 0.03294843 -0.00519502
v 0.01860290 0.02908128 -0.00537312
v 0.01969182 0.03009063 -0.00438821
v 0.01873248 0.02900457 -0.00457335
v 0.01860290 0.02908128 -0.00537312
v 0.01963526 0.03018623 -0.00521028
v 0.01969182 0.03009063 -0.00438821
v 0.01841217 0.02931785 -0.00609893
v 0.01886272 0.03069287 -0.00688422
v 0.01972895 0.03073430 -0.00603783
v 0.01952630 0.03413528 -0.00813079
v 0.01768273 0.03154402 -0.00790912
v 0.01711064 0.03255575 -0.00818443
v 0.01768273 0.03154402 -0.00790912
v 0.01965516 0.03298032 -0.00779182
v 0.01804322 0.03064543 -0.00739318
v 0.01841217 0.02931785 -0.00609893
v 0.01790899 0.02950787 -0.00685328
v 0.01886272 0.03069287 -0.00688422
v 0.01804322 0.03064543 -0.00739318
v 0.01719450 0.02840209 -0.00694603
v 0.01686894 0.02971839 -0.00768113
v 0.01804322 0.03064543 -0.00739318
v 0.01790899 0.02950787 -0.00685328
v 0.01719450 0.02840209 -0.00694603
v 0.01768273 0.03154402 -0.00790912
v 0.01686894 0.02971839 -0.00768113
v 0.01637810 0.03021115 -0.00799888
v 0.01768273 0.03154402 -0.00790912
v 0.01804322 0.03064543 -0.00739318
v 0.01686894 0.02971839 -0.00768113
v 0.01719450 0.02840209 -0.00694603
v 0.01642018 0.02854341 -0.00763243
v 0.01686894 0.02971839 -0.00768113
v 0.02680438 0.03484261 -0.00612843
v 0.02580296 0.03377348 -0.00590968
v 0.02580666 0.03442209 -0.00668418
v 0.02131634 0.03199160 -0.00636667
v 0.02119076 0.03272020 -0.00717777
v 0.02479165 0.03372406 -0.00668234
v 0.02513086 0.03499871 -0.00746256
v 0.02580666 0.03442209 -0.00668418
v 0.02479165 0.03372406 -0.00668234
v 0.02400469 0.03420168 -0.00738847
v 0.02479165 0.03372406 -0.00668234
v 0.02119076 0.03272020 -0.00717777
v 0.02059346 0.03110790 -0.00554424
v 0.02165019 0.03145796 -0.00480926
v 0.02062785 0.03086858 -0.00470495
v 0.02119076 0.03272020 -0.00717777
v 0.01965516 0.03298032 -0.00779182
v 0.02400469 0.03420168 -0.00738847
v 0.01998221 0.03157371 -0.00680250
v 0.02119076 0.03272020 -0.00717777
v 0.02131634 0.03199160 -0.00636667
v 0.01963526 0.03018623 -0.00521028
v 0.02059346 0.03110790 -0.00554424
v 0.02062785 0.03086858 -0.00470495
v 0.01972895 0.03073430 -0.00603783
v 0.01998221 0.03157371 -0.00680250
v 0.02131634 0.03199160 -0.00636667
v 0.01954180 0.03197079 -0.00733918
v 0.02119076 0.03272020 -0.00717777
v 0.01998221 0.03157371 -0.00680250
v 0.01952630 0.03413528 -0.00813079
v 0.02411347 0.03537482 -0.00789189
v 0.01965516 0.03298032 -0.00779182
v 0.01954180 0.03197079 -0.00733918
v 0.01965516 0.03298032 -0.00779182
v 0.02119076 0.03272020 -0.00717777
v 0.01886272 0.03069287 -0.00688422
v 0.01998221 0.03157371 -0.00680250
v 0.01972895 0.03073430 -0.00603783
v 0.02635508 0.07218623 -0.00471967
v 0.02857756 0.04071611 -0.00435334
v 0.02839928 0.03962457 -0.00544399
v 0.02603971 0.07215046 -0.00573856
v 0.02635508 0.07218623 -0.00471967
v 0.02839928 0.03962457 -0.00544399
v 0.02603971 0.07215046 -0.00573856
v 0.02839928 0.03962457 -0.00544399
v 0.02796757 0.04108822 -0.00617909
v 0.02549082 0.07241696 -0.00660801
v 0.02603971 0.07215046 -0.00573856
v 0.02796757 0.04108822 -0.00617909
v 0.02549082 0.07241696 -0.00660801
v 0.02796757 0.04108822 -0.00617909
v 0.02759778 0.03959286 -0.00676691
v 0.02475482 0.07251006 -0.00730199
v 0.02759778 0.03959286 -0.00676691
v 0.02656579 0.03985047 -0.00758356
v 0.02475482 0.07251006 -0.00730199
v 0.02549082 0.07241696 -0.00660801
v 0.02759778 0.03959286 -0.00676691
v 0.02405291 0.07239085 -0.00772273
v 0.02475482 0.07251006 -0.00730199
v 0.02656579 0.03985047 -0.00758356
v 0.02405291 0.07239085 -0.00772273
v 0.02656579 0.03985047 -0.00758356
v 0.02563184 0.03839391 -0.00793934
v 0.02338039 0.07293188 -0.00795043
v 0.02405291 0.07239085 -0.00772273
v 0.02563184 0.03839391 -0.00793934
v 0.02338039 0.07293188 -0.00795043
v 0.02563184 0.03839391 -0.00793934
v 0.02478319 0.03692895 -0.00805902
v 0.02265363 0.07229477 -0.00808221
v 0.02338039 0.07293188 -0.00795043
v 0.02478319 0.03692895 -0.00805902
v 0.02586454 0.07494807 -0.00541627
v 0.02600640 0.07611167 -0.00422812
v 0.02635508 0.07218623 -0.00471967
v 0.02259999 0.07531040 -0.00785530
v 0.02222675 0.07886165 -0.00721681
v 0.02324640 0.07647395 -0.00752675
v 0.02603971 0.07215046 -0.00573856
v 0.02586454 0.07494807 -0.00541627
v 0.02635508 0.07218623 -0.00471967
v 0.02549082 0.07241696 -0.00660801
v 0.02586454 0.07494807 -0.00541627
v 0.02603971 0.07215046 -0.00573856
v 0.02549082 0.07241696 -0.00660801
v 0.02541518 0.07517117 -0.00617474
v 0.02586454 0.07494807 -0.00541627
v 0.02188730 0.09422260 0.01111209
v 0.02159595 0.09499824 0.01486802
v 0.02248090 0.09368479 0.01141023
v 0.02277725 0.09329557 0.01196503
v 0.02299153 0.09281504 0.01331341
v 0.02365827 0.09104245 0.00748169
v 0.02109259 0.09487408 0.01171529
v 0.02159595 0.09499824 0.01486802
v 0.02188730 0.09422260 0.01111209
v 0.02255219 0.09015947 0.00112283
v 0.02315843 0.09022623 0.00214422
v 0.02328389 0.08847135 -0.00041837
v 0.02350747 0.08530092 -0.00349659
v 0.02314645 0.08741676 -0.00185251
v 0.02400445 0.08654731 -0.00164235
v 0.02312469 0.09214586 0.00741357
v 0.02277725 0.09329557 0.01196503
v 0.02365827 0.09104245 0.00748169
v 0.02068847 0.09456551 0.00959170
v 0.02007305 0.09565222 0.01381278
v 0.02109259 0.09487408 0.01171529
v 0.02369409 0.08299136 -0.00493246
v 0.02350747 0.08530092 -0.00349659
v 0.02433764 0.08399498 -0.00352222
v 0.01972121 0.09506952 0.01071655
v 0.02007305 0.09565222 0.01381278
v 0.02068847 0.09456551 0.00959170
v 0.02216893 0.09344315 0.00846720
v 0.02188730 0.09422260 0.01111209
v 0.02248090 0.09368479 0.01141023
v 0.02312469 0.09214586 0.00741357
v 0.02248090 0.09368479 0.01141023
v 0.02277725 0.09329557 0.01196503
v 0.02371168 0.08099937 -0.00593776
v 0.02369409 0.08299136 -0.00493246
v 0.02464050 0.08106517 -0.00501448
v 0.02371168 0.08099937 -0.00593776
v 0.02464050 0.08106517 -0.00501448
v 0.02438145 0.07891488 -0.00621635
v 0.02153444 0.09387749 0.00843394
v 0.02109259 0.09487408 0.01171529
v 0.02188730 0.09422260 0.01111209
v 0.02153444 0.09387749 0.00843394
v 0.02188730 0.09422260 0.01111209
v 0.02216893 0.09344315 0.00846720
v 0.02216893 0.09344315 0.00846720
v 0.02248090 0.09368479 0.01141023
v 0.02312469 0.09214586 0.00741357
v 0.02475482 0.07251006 -0.00730199
v 0.02493667 0.07486206 -0.00681049
v 0.02549082 0.07241696 -0.00660801
v 0.02068847 0.09456551 0.00959170
v 0.02109259 0.09487408 0.01171529
v 0.02153444 0.09387749 0.00843394
v 0.02255088 0.09223526 0.00546247
v 0.02313870 0.09151887 0.00521588
v 0.02315843 0.09022623 0.00214422
v 0.02255088 0.09223526 0.00546247
v 0.02315843 0.09022623 0.00214422
v 0.02243566 0.09147268 0.00339395
v 0.02243566 0.09147268 0.00339395
v 0.02188003 0.09267038 0.00534028
v 0.02255088 0.09223526 0.00546247
v 0.02315843 0.09022623 0.00214422
v 0.02313870 0.09151887 0.00521588
v 0.02361482 0.08969438 0.00228596
v 0.02255088 0.09223526 0.00546247
v 0.02216893 0.09344315 0.00846720
v 0.02312469 0.09214586 0.00741357
v 0.02255088 0.09223526 0.00546247
v 0.02312469 0.09214586 0.00741357
v 0.02313870 0.09151887 0.00521588
v 0.02176403 0.09108489 0.00190496
v 0.02133291 0.09235417 0.00396389
v 0.02243566 0.09147268 0.00339395
v 0.02019309 0.09406846 0.00757271
v 0.01972121 0.09506952 0.01071655
v 0.02068847 0.09456551 0.00959170
v 0.02063584 0.09185111 0.00267482
v 0.02133291 0.09235417 0.00396389
v 0.02176403 0.09108489 0.00190496
v 0.02255219 0.09015947 0.00112283
v 0.02189761 0.09000521 0.00031657
v 0.02176403 0.09108489 0.00190496
v 0.02109295 0.09349417 0.00658768
v 0.02068847 0.09456551 0.00959170
v 0.02153444 0.09387749 0.00843394
v 0.02092295 0.09064459 0.00080682
v 0.02176403 0.09108489 0.00190496
v 0.02189761 0.09000521 0.00031657
v 0.02397215 0.08957010 0.00362432
v 0.02312469 0.09214586 0.00741357
v 0.02365827 0.09104245 0.00748169
v 0.02188003 0.09267038 0.00534028
v 0.02216893 0.09344315 0.00846720
v 0.02255088 0.09223526 0.00546247
v 0.02153444 0.09387749 0.00843394
v 0.02397215 0.08957010 0.00362432
v 0.02365827 0.09104245 0.00748169
v 0.02432781 0.08836299 0.00336027
v 0.02313870 0.09151887 0.00521588
v 0.02312469 0.09214586 0.00741357
v 0.02397215 0.08957010 0.00362432
v 0.02019309 0.09406846 0.00757271
v 0.02068847 0.09456551 0.00959170
v 0.02109295 0.09349417 0.00658768
v 0.02350747 0.08530092 -0.00349659
v 0.02259302 0.08666884 -0.00302142
v 0.02314645 0.08741676 -0.00185251
v 0.02400445 0.08654731 -0.00164235
v 0.02433764 0.08399498 -0.00352222
v 0.02350747 0.08530092 -0.00349659
v 0.02109295 0.09349417 0.00658768
v 0.02153444 0.09387749 0.00843394
v 0.02188003 0.09267038 0.00534028
v 0.02035927 0.09312283 0.00515932
v 0.02019309 0.09406846 0.00757271
v 0.02109295 0.09349417 0.00658768
v 0.02369409 0.08299136 -0.00493246
v 0.02283072 0.08467364 -0.00441760
v 0.02350747 0.08530092 -0.00349659
v 0.02433764 0.08399498 -0.00352222
v 0.02464050 0.08106517 -0.00501448
v 0.02369409 0.08299136 -0.00493246
v 0.02133291 0.09235417 0.00396389
v 0.02109295 0.09349417 0.00658768
v 0.02188003 0.09267038 0.00534028
v 0.02361482 0.08969438 0.00228596
v 0.02313870 0.09151887 0.00521588
v 0.02397215 0.08957010 0.00362432
v 0.02505761 0.07865035 -0.00556701
v 0.02467328 0.07661980 -0.00667995
v 0.02438145 0.07891488 -0.00621635
v 0.02035927 0.09312283 0.00515932
v 0.02109295 0.09349417 0.00658768
v 0.02133291 0.09235417 0.00396389
v 0.02351367 0.07814842 -0.00705785
v 0.02438145 0.07891488 -0.00621635
v 0.02467328 0.07661980 -0.00667995
v 0.02467328 0.07661980 -0.00667995
v 0.02505761 0.07865035 -0.00556701
v 0.02541518 0.07517117 -0.00617474
v 0.02493667 0.07486206 -0.00681049
v 0.02467328 0.07661980 -0.00667995
v 0.02541518 0.07517117 -0.00617474
v 0.02493667 0.07486206 -0.00681049
v 0.02541518 0.07517117 -0.00617474
v 0.02549082 0.07241696 -0.00660801
v 0.02415245 0.07495230 -0.00737661
v 0.02467328 0.07661980 -0.00667995
v 0.02493667 0.07486206 -0.00681049
v 0.02475482 0.07251006 -0.00730199
v 0.02415245 0.07495230 -0.00737661
v 0.02493667 0.07486206 -0.00681049
v 0.02396637 0.08834439 0.00076752
v 0.02361482 0.08969438 0.00228596
v 0.02397215 0.08957010 0.00362432
v 0.02453917 0.08682519 0.00047876
v 0.02397215 0.08957010 0.00362432
v 0.02432781 0.08836299 0.00336027
v 0.02133291 0.09235417 0.00396389
v 0.02188003 0.09267038 0.00534028
v 0.02243566 0.09147268 0.00339395
v 0.02255219 0.09015947 0.00112283
v 0.02243566 0.09147268 0.00339395
v 0.02315843 0.09022623 0.00214422
v 0.02255219 0.09015947 0.00112283
v 0.02176403 0.09108489 0.00190496
v 0.02243566 0.09147268 0.00339395
v 0.02396637 0.08834439 0.00076752
v 0.02397215 0.08957010 0.00362432
v 0.02453917 0.08682519 0.00047876
v 0.02283072 0.08467364 -0.00441760
v 0.02259302 0.08666884 -0.00302142
v 0.02350747 0.08530092 -0.00349659
v 0.02371168 0.08099937 -0.00593776
v 0.02242356 0.08326458 -0.00545698
v 0.02369409 0.08299136 -0.00493246
v 0.02453917 0.08682519 0.00047876
v 0.02432781 0.08836299 0.00336027
v 0.02511799 0.08348435 -0.00187427
v 0.02396637 0.08834439 0.00076752
v 0.02315843 0.09022623 0.00214422
v 0.02361482 0.08969438 0.00228596
v 0.02092295 0.09064459 0.00080682
v 0.02063584 0.09185111 0.00267482
v 0.02176403 0.09108489 0.00190496
v 0.02415245 0.07495230 -0.00737661
v 0.02351367 0.07814842 -0.00705785
v 0.02467328 0.07661980 -0.00667995
v 0.02415245 0.07495230 -0.00737661
v 0.02324640 0.07647395 -0.00752675
v 0.02351367 0.07814842 -0.00705785
v 0.02328389 0.08847135 -0.00041837
v 0.02315843 0.09022623 0.00214422
v 0.02396637 0.08834439 0.00076752
v 0.02453583 0.08579176 -0.00130886
v 0.02396637 0.08834439 0.00076752
v 0.02453917 0.08682519 0.00047876
v 0.02405291 0.07239085 -0.00772273
v 0.02415245 0.07495230 -0.00737661
v 0.02475482 0.07251006 -0.00730199
v 0.02405291 0.07239085 -0.00772273
v 0.02338039 0.07293188 -0.00795043
v 0.02415245 0.07495230 -0.00737661
v 0.02230030 0.08890777 -0.00087685
v 0.02255219 0.09015947 0.00112283
v 0.02328389 0.08847135 -0.00041837
v 0.02400445 0.08654731 -0.00164235
v 0.02396637 0.08834439 0.00076752
v 0.02453583 0.08579176 -0.00130886
v 0.02230030 0.08890777 -0.00087685
v 0.02189761 0.09000521 0.00031657
v 0.02255219 0.09015947 0.00112283
v 0.02453583 0.08579176 -0.00130886
v 0.02453917 0.08682519 0.00047876
v 0.02511799 0.08348435 -0.00187427
v 0.02328389 0.08847135 -0.00041837
v 0.02396637 0.08834439 0.00076752
v 0.02400445 0.08654731 -0.00164235
v 0.02283072 0.08467364 -0.00441760
v 0.02205628 0.08533000 -0.00428277
v 0.02259302 0.08666884 -0.00302142
v 0.02242356 0.08326458 -0.00545698
v 0.02283072 0.08467364 -0.00441760
v 0.02369409 0.08299136 -0.00493246
v 0.02288842 0.08102083 -0.00633425
v 0.02242356 0.08326458 -0.00545698
v 0.02371168 0.08099937 -0.00593776
v 0.02109390 0.08937001 -0.00083139
v 0.02189761 0.09000521 0.00031657
v 0.02230030 0.08890777 -0.00087685
v 0.02314645 0.08741676 -0.00185251
v 0.02230030 0.08890777 -0.00087685
v 0.02328389 0.08847135 -0.00041837
v 0.02314645 0.08741676 -0.00185251
v 0.02328389 0.08847135 -0.00041837
v 0.02400445 0.08654731 -0.00164235
v 0.02338039 0.07293188 -0.00795043
v 0.02324640 0.07647395 -0.00752675
v 0.02415245 0.07495230 -0.00737661
v 0.02173113 0.08788686 -0.00225306
v 0.02109390 0.08937001 -0.00083139
v 0.02230030 0.08890777 -0.00087685
v 0.02133291 0.09235417 0.00396389
v 0.02063584 0.09185111 0.00267482
v 0.02035927 0.09312283 0.00515932
v 0.02259302 0.08666884 -0.00302142
v 0.02230030 0.08890777 -0.00087685
v 0.02314645 0.08741676 -0.00185251
v 0.02189761 0.09000521 0.00031657
v 0.02109390 0.08937001 -0.00083139
v 0.02092295 0.09064459 0.00080682
v 0.02173113 0.08788686 -0.00225306
v 0.02259302 0.08666884 -0.00302142
v 0.02163052 0.08656090 -0.00348645
v 0.02433764 0.08399498 -0.00352222
v 0.02400445 0.08654731 -0.00164235
v 0.02453583 0.08579176 -0.00130886
v 0.02205628 0.08533000 -0.00428277
v 0.02163052 0.08656090 -0.00348645
v 0.02259302 0.08666884 -0.00302142
v 0.02242356 0.08326458 -0.00545698
v 0.02205628 0.08533000 -0.00428277
v 0.02283072 0.08467364 -0.00441760
v 0.02173113 0.08788686 -0.00225306
v 0.02230030 0.08890777 -0.00087685
v 0.02259302 0.08666884 -0.00302142
v 0.02288842 0.08102083 -0.00633425
v 0.02188146 0.08197921 -0.00617439
v 0.02242356 0.08326458 -0.00545698
v 0.02288842 0.08102083 -0.00633425
v 0.02222675 0.07886165 -0.00721681
v 0.02188146 0.08197921 -0.00617439
v 0.02094697 0.08813440 -0.00215888
v 0.02109390 0.08937001 -0.00083139
v 0.02173113 0.08788686 -0.00225306
v 0.02324640 0.07647395 -0.00752675
v 0.02222675 0.07886165 -0.00721681
v 0.02351367 0.07814842 -0.00705785
v 0.02338039 0.07293188 -0.00795043
v 0.02259999 0.07531040 -0.00785530
v 0.02324640 0.07647395 -0.00752675
v 0.02433764 0.08399498 -0.00352222
v 0.02453583 0.08579176 -0.00130886
v 0.02498739 0.08216941 -0.00370419
v 0.02498739 0.08216941 -0.00370419
v 0.02453583 0.08579176 -0.00130886
v 0.02511799 0.08348435 -0.00187427
v 0.02109259 0.09487408 0.01171529
v 0.02079242 0.09573632 0.01629662
v 0.02159595 0.09499824 0.01486802
v 0.02163052 0.08656090 -0.00348645
v 0.02094697 0.08813440 -0.00215888
v 0.02173113 0.08788686 -0.00225306
v 0.02498739 0.08216941 -0.00370419
v 0.02511799 0.08348435 -0.00187427
v 0.02550464 0.08057665 -0.00319368
v 0.02265363 0.07229477 -0.00808221
v 0.02259999 0.07531040 -0.00785530
v 0.02338039 0.07293188 -0.00795043
v 0.02464050 0.08106517 -0.00501448
v 0.02433764 0.08399498 -0.00352222
v 0.02498739 0.08216941 -0.00370419
v 0.02144169 0.08441877 -0.00497168
v 0.02163052 0.08656090 -0.00348645
v 0.02205628 0.08533000 -0.00428277
v 0.02144169 0.08441877 -0.00497168
v 0.02205628 0.08533000 -0.00428277
v 0.02242356 0.08326458 -0.00545698
v 0.02554512 0.07820188 -0.00484455
v 0.02498739 0.08216941 -0.00370419
v 0.02550464 0.08057665 -0.00319368
v 0.02505761 0.07865035 -0.00556701
v 0.02498739 0.08216941 -0.00370419
v 0.02554512 0.07820188 -0.00484455
v 0.02505761 0.07865035 -0.00556701
v 0.02464050 0.08106517 -0.00501448
v 0.02498739 0.08216941 -0.00370419
v 0.02554512 0.07820188 -0.00484455
v 0.02550464 0.08057665 -0.00319368
v 0.02600640 0.07611167 -0.00422812
v 0.02188146 0.08197921 -0.00617439
v 0.02144169 0.08441877 -0.00497168
v 0.02242356 0.08326458 -0.00545698
v 0.02438145 0.07891488 -0.00621635
v 0.02464050 0.08106517 -0.00501448
v 0.02505761 0.07865035 -0.00556701
v 0.02351367 0.07814842 -0.00705785
v 0.02371168 0.08099937 -0.00593776
v 0.02438145 0.07891488 -0.00621635
v 0.02586454 0.07494807 -0.00541627
v 0.02554512 0.07820188 -0.00484455
v 0.02600640 0.07611167 -0.00422812
v 0.02351367 0.07814842 -0.00705785
v 0.02288842 0.08102083 -0.00633425
v 0.02371168 0.08099937 -0.00593776
v 0.02222675 0.07886165 -0.00721681
v 0.02288842 0.08102083 -0.00633425
v 0.02351367 0.07814842 -0.00705785
v 0.02541518 0.07517117 -0.00617474
v 0.02505761 0.07865035 -0.00556701
v 0.02554512 0.07820188 -0.00484455
v 0.02541518 0.07517117 -0.00617474
v 0.02554512 0.07820188 -0.00484455
v 0.02586454 0.07494807 -0.00541627
v 0.02058821 0.09696173 0.03028047
v 0.02059394 0.09658706 0.02244108
v 0.02001577 0.09754824 0.03028059
v 0.02186501 0.09493488 0.02326601
v 0.02058821 0.09696173 0.03028047
v 0.02107280 0.09605967 0.03105217
v 0.02059394 0.09658706 0.02244108
v 0.01963663 0.09717452 0.02291750
v 0.01908481 0.09815973 0.03020846
v 0.01908481 0.09815973 0.03020846
v 0.01963663 0.09717452 0.02291750
v 0.01848602 0.09779846 0.02521109
v 0.01772028 0.09880161 0.03267461
v 0.01839143 0.09889930 0.03620785
v 0.01908481 0.09815973 0.03020846
v 0.01570564 0.10012120 0.05293631
v 0.01717591 0.09976452 0.04760015
v 0.01612508 0.10007570 0.04775166
v 0.01917874 0.09846764 0.03785353
v 0.02001577 0.09754824 0.03028059
v 0.01908481 0.09815973 0.03020846
v 0.01917874 0.09846764 0.03785353
v 0.02058821 0.09696173 0.03028047
v 0.02001577 0.09754824 0.03028059
v 0.01570564 0.10012120 0.05293631
v 0.01612508 0.10007570 0.04775166
v 0.01337915 0.10032470 0.05524343
v 0.01081275 0.10024870 0.05711257
v 0.01337915 0.10032470 0.05524343
v 0.00826281 0.10043680 0.05679821
v 0.01839143 0.09889930 0.03620785
v 0.01772028 0.09880161 0.03267461
v 0.01688390 0.09953457 0.03971993
v 0.01917874 0.09846764 0.03785353
v 0.01948010 0.09812742 0.04026007
v 0.02058821 0.09696173 0.03028047
v 0.01918029 0.09657603 0.01802015
v 0.02007305 0.09565222 0.01381278
v 0.01972121 0.09506952 0.01071655
v 0.01839143 0.09889930 0.03620785
v 0.01773518 0.09944945 0.04233723
v 0.01917874 0.09846764 0.03785353
v 0.01839143 0.09889930 0.03620785
v 0.01688390 0.09953457 0.03971993
v 0.01773518 0.09944945 0.04233723
v 0.01966089 0.09719043 0.04589515
v 0.02107280 0.09605967 0.03105217
v 0.02024459 0.09719789 0.03687477
v 0.01817673 0.09923118 0.04537540
v 0.01917874 0.09846764 0.03785353
v 0.01773518 0.09944945 0.04233723
v 0.01948010 0.09812742 0.04026007
v 0.01917874 0.09846764 0.03785353
v 0.01846194 0.09890687 0.04776012
v 0.01966089 0.09719043 0.04589515
v 0.02024459 0.09719789 0.03687477
v 0.01920193 0.09804558 0.04670304
v 0.01920193 0.09804558 0.04670304
v 0.01948010 0.09812742 0.04026007
v 0.01846194 0.09890687 0.04776012
v 0.01817673 0.09923118 0.04537540
v 0.01295900 0.09975892 0.05728316
v 0.01435667 0.09964692 0.05661839
v 0.01384425 0.10003750 0.05609238
v 0.01295900 0.09975892 0.05728316
v 0.01384425 0.10003750 0.05609238
v 0.01081275 0.10024870 0.05711257
v 0.01084989 0.09979736 0.05807662
v 0.01295900 0.09975892 0.05728316
v 0.01081275 0.10024870 0.05711257
v 0.01817673 0.09923118 0.04537540
v 0.01717591 0.09976452 0.04760015
v 0.01713520 0.09966903 0.05082076
v 0.01713520 0.09966903 0.05082076
v 0.01846194 0.09890687 0.04776012
v 0.01817673 0.09923118 0.04537540
v 0.00518542 0.10030540 0.05800729
v 0.00697893 0.09990084 0.05869418
v 0.01081275 0.10024870 0.05711257
v 0.01920193 0.09804558 0.04670304
v 0.01846194 0.09890687 0.04776012
v 0.01863676 0.09828937 0.05021017
v 0.01966089 0.09719043 0.04589515
v 0.01920193 0.09804558 0.04670304
v 0.01919049 0.09751802 0.04899847
v 0.01717591 0.09976452 0.04760015
v 0.01570564 0.10012120 0.05293631
v 0.01713520 0.09966903 0.05082076
v 0.01863676 0.09828937 0.05021017
v 0.01919049 0.09751802 0.04899847
v 0.01920193 0.09804558 0.04670304
v 0.02166253 0.09534400 0.02069306
v 0.02248090 0.09368479 0.01141023
v 0.02159595 0.09499824 0.01486802
v 0.01863676 0.09828937 0.05021017
v 0.01753842 0.09918975 0.05206251
v 0.01806944 0.09834259 0.05285596
v 0.01806944 0.09834259 0.05285596
v 0.01865309 0.09752655 0.05203855
v 0.01863676 0.09828937 0.05021017
v 0.01589971 0.09923243 0.05582350
v 0.01696348 0.09851688 0.05528253
v 0.01696991 0.09909987 0.05424112
v 0.02007305 0.09565222 0.01381278
v 0.02079242 0.09573632 0.01629662
v 0.02109259 0.09487408 0.01171529
v 0.02299153 0.09281504 0.01331341
v 0.02277725 0.09329557 0.01196503
v 0.02166253 0.09534400 0.02069306
v 0.02079242 0.09573632 0.01629662
v 0.02007305 0.09565222 0.01381278
v 0.01963663 0.09717452 0.02291750
v 0.02059394 0.09658706 0.02244108
v 0.02159595 0.09499824 0.01486802
v 0.02079242 0.09573632 0.01629662
v 0.01848602 0.09779846 0.02521109
v 0.01963663 0.09717452 0.02291750
v 0.01918029 0.09657603 0.01802015
v 0.01772028 0.09880161 0.03267461
v 0.01908481 0.09815973 0.03020846
v 0.01848602 0.09779846 0.02521109
v 0.02059394 0.09658706 0.02244108
v 0.01908481 0.09815973 0.03020846
v 0.02001577 0.09754824 0.03028059
v 0.02058821 0.09696173 0.03028047
v 0.02024459 0.09719789 0.03687477
v 0.02107280 0.09605967 0.03105217
v 0.01917874 0.09846764 0.03785353
v 0.01908481 0.09815973 0.03020846
v 0.01839143 0.09889930 0.03620785
v 0.02024459 0.09719789 0.03687477
v 0.02058821 0.09696173 0.03028047
v 0.01948010 0.09812742 0.04026007
v 0.01773518 0.09944945 0.04233723
v 0.01688390 0.09953457 0.03971993
v 0.01612508 0.10007570 0.04775166
v 0.01948010 0.09812742 0.04026007
v 0.01920193 0.09804558 0.04670304
v 0.02024459 0.09719789 0.03687477
v 0.01717591 0.09976452 0.04760015
v 0.01773518 0.09944945 0.04233723
v 0.01612508 0.10007570 0.04775166
v 0.01717591 0.09976452 0.04760015
v 0.01817673 0.09923118 0.04537540
v 0.01773518 0.09944945 0.04233723
v 0.01753842 0.09918975 0.05206251
v 0.01846194 0.09890687 0.04776012
v 0.01713520 0.09966903 0.05082076
v 0.01753842 0.09918975 0.05206251
v 0.01863676 0.09828937 0.05021017
v 0.01846194 0.09890687 0.04776012
v 0.01863676 0.09828937 0.05021017
v 0.01865309 0.09752655 0.05203855
v 0.01919049 0.09751802 0.04899847
v 0.01570564 0.10012120 0.05293631
v 0.01641726 0.09958606 0.05406814
v 0.01713520 0.09966903 0.05082076
v 0.01641726 0.09958606 0.05406814
v 0.01753842 0.09918975 0.05206251
v 0.01713520 0.09966903 0.05082076
v 0.01570564 0.10012120 0.05293631
v 0.01516723 0.09998124 0.05495440
v 0.01641726 0.09958606 0.05406814
v 0.01696991 0.09909987 0.05424112
v 0.01806944 0.09834259 0.05285596
v 0.01753842 0.09918975 0.05206251
v 0.01696991 0.09909987 0.05424112
v 0.01753842 0.09918975 0.05206251
v 0.01641726 0.09958606 0.05406814
v 0.01516723 0.09998124 0.05495440
v 0.01570564 0.10012120 0.05293631
v 0.01337915 0.10032470 0.05524343
v 0.01696991 0.09909987 0.05424112
v 0.01761883 0.09818732 0.05439507
v 0.01806944 0.09834259 0.05285596
v 0.01337915 0.10032470 0.05524343
v 0.01384425 0.10003750 0.05609238
v 0.01516723 0.09998124 0.05495440
v 0.01589971 0.09923243 0.05582350
v 0.01696991 0.09909987 0.05424112
v 0.01641726 0.09958606 0.05406814
v 0.01516723 0.09998124 0.05495440
v 0.01589971 0.09923243 0.05582350
v 0.01641726 0.09958606 0.05406814
v 0.01696991 0.09909987 0.05424112
v 0.01696348 0.09851688 0.05528253
v 0.01761883 0.09818732 0.05439507
v 0.01435667 0.09964692 0.05661839
v 0.01516723 0.09998124 0.05495440
v 0.01384425 0.10003750 0.05609238
v 0.01337915 0.10032470 0.05524343
v 0.01081275 0.10024870 0.05711257
v 0.01384425 0.10003750 0.05609238
v 0.01435667 0.09964692 0.05661839
v 0.01589971 0.09923243 0.05582350
v 0.01516723 0.09998124 0.05495440
v 0.00697893 0.09990084 0.05869418
v 0.01084989 0.09979736 0.05807662
v 0.01081275 0.10024870 0.05711257
v 0.00518542 0.10030540 0.05800729
v 0.01081275 0.10024870 0.05711257
v 0.00826281 0.10043680 0.05679821
v 0.00518542 0.10030540 0.05800729
v 0.00826281 0.10043680 0.05679821
v 0.00000000 0.10056990 0.05746334
v 0.00697893 0.09990084 0.05869418
v 0.00518542 0.10030540 0.05800729
v 0.00000000 0.10014790 0.05870962
v 0.00000000 0.10014790 0.05870962
v 0.00518542 0.10030540 0.05800729
v 0.00000000 0.10056990 0.05746334
v 0.02248090 0.09368479 0.01141023
v 0.02166253 0.09534400 0.02069306
v 0.02277725 0.09329557 0.01196503
v 0.01963663 0.09717452 0.02291750
v 0.02007305 0.09565222 0.01381278
v 0.01918029 0.09657603 0.01802015
v 0.02059394 0.09658706 0.02244108
v 0.02079242 0.09573632 0.01629662
v 0.01963663 0.09717452 0.02291750
v 0.02186501 0.09493488 0.02326601
v 0.02299153 0.09281504 0.01331341
v 0.02166253 0.09534400 0.02069306
v 0.02166253 0.09534400 0.02069306
v 0.02159595 0.09499824 0.01486802
v 0.02059394 0.09658706 0.02244108
v 0.02186501 0.09493488 0.02326601
v 0.02166253 0.09534400 0.02069306
v 0.02058821 0.09696173 0.03028047
v 0.02059394 0.09658706 0.02244108
v 0.02058821 0.09696173 0.03028047
v 0.02166253 0.09534400 0.02069306
v 0.01287370 0.09240245 0.06558048
v 0.01405543 0.09249210 0.06529772
v 0.01265275 0.09369188 0.06495857
v 0.01024436 0.09407389 0.06498140
v 0.01033169 0.09321093 0.06550502
v 0.01265275 0.09369188 0.06495857
v 0.01033169 0.09321093 0.06550502
v 0.01287370 0.09240245 0.06558048
v 0.01265275 0.09369188 0.06495857
v 0.01033169 0.09321093 0.06550502
v 0.01132410 0.09212976 0.06576734
v 0.01287370 0.09240245 0.06558048
v 0.01132410 0.09212976 0.06576734
v 0.01395577 0.09093081 0.06572037
v 0.01287370 0.09240245 0.06558048
v 0.01656985 0.09088844 0.06409984
v 0.01708579 0.09049236 0.06336343
v 0.01640081 0.09197062 0.06381958
v 0.01591134 0.08146893 0.06495219
v 0.01566338 0.08772248 0.06523299
v 0.01505017 0.08267289 0.06545823
v 0.01395577 0.09093081 0.06572037
v 0.01471227 0.08861172 0.06562489
v 0.01532536 0.08994162 0.06532716
v 0.01505506 0.09158569 0.06520736
v 0.01532536 0.08994162 0.06532716
v 0.01589435 0.09050530 0.06490945
v 0.01395577 0.09093081 0.06572037
v 0.01532536 0.08994162 0.06532716
v 0.01505506 0.09158569 0.06520736
v 0.01639926 0.08798825 0.06469219
v 0.01638817 0.08193767 0.06451648
v 0.01692467 0.08577710 0.06404495
v 0.01735335 0.08836823 0.06330859
v 0.01735687 0.08128958 0.06274062
v 0.01745975 0.08553916 0.06286764
v 0.01640081 0.09197062 0.06381958
v 0.01541656 0.09266525 0.06443399
v 0.01587140 0.09167486 0.06457889
v 0.01587140 0.09167486 0.06457889
v 0.01505506 0.09158569 0.06520736
v 0.01589435 0.09050530 0.06490945
v 0.01541656 0.09266525 0.06443399
v 0.01465344 0.09337788 0.06440985
v 0.01466888 0.09270209 0.06490921
v 0.01541656 0.09266525 0.06443399
v 0.01505506 0.09158569 0.06520736
v 0.01587140 0.09167486 0.06457889
v 0.01466888 0.09270209 0.06490921
v 0.01505506 0.09158569 0.06520736
v 0.01541656 0.09266525 0.06443399
v 0.01405543 0.09249210 0.06529772
v 0.01466888 0.09270209 0.06490921
v 0.01369553 0.09364044 0.06467497
v 0.01405543 0.09249210 0.06529772
v 0.01505506 0.09158569 0.06520736
v 0.01466888 0.09270209 0.06490921
v 0.01405543 0.09249210 0.06529772
v 0.01369553 0.09364044 0.06467497
v 0.01265275 0.09369188 0.06495857
v 0.01735335 0.08836823 0.06330859
v 0.01708579 0.09049236 0.06336343
v 0.01686424 0.08931946 0.06406539
v 0.01471227 0.08861172 0.06562489
v 0.01395577 0.09093081 0.06572037
v 0.01405632 0.08162027 0.06573927
v 0.01395577 0.09093081 0.06572037
v 0.01505506 0.09158569 0.06520736
v 0.01405543 0.09249210 0.06529772
v 0.01405543 0.09249210 0.06529772
v 0.01287370 0.09240245 0.06558048
v 0.01395577 0.09093081 0.06572037
v 0.01686424 0.08931946 0.06406539
v 0.01708579 0.09049236 0.06336343
v 0.01656985 0.09088844 0.06409984
v 0.01566338 0.08772248 0.06523299
v 0.01532536 0.08994162 0.06532716
v 0.01471227 0.08861172 0.06562489
v 0.01656985 0.09088844 0.06409984
v 0.01589435 0.09050530 0.06490945
v 0.01686424 0.08931946 0.06406539
v 0.01132410 0.09212976 0.06576734
v 0.01033169 0.09321093 0.06550502
v 0.00000000 0.09224295 0.06598007
v 0.01656985 0.09088844 0.06409984
v 0.01587140 0.09167486 0.06457889
v 0.01589435 0.09050530 0.06490945
v 0.00000000 0.09340620 0.06565153
v 0.01033169 0.09321093 0.06550502
v 0.01024436 0.09407389 0.06498140
v 0.01587140 0.09167486 0.06457889
v 0.01656985 0.09088844 0.06409984
v 0.01640081 0.09197062 0.06381958
v 0.01466888 0.09270209 0.06490921
v 0.01465344 0.09337788 0.06440985
v 0.01369553 0.09364044 0.06467497
v 0.01033169 0.09321093 0.06550502
v 0.00000000 0.09340620 0.06565153
v 0.00000000 0.09224295 0.06598007
v 0.01639926 0.08798825 0.06469219
v 0.01686424 0.08931946 0.06406539
v 0.01589435 0.09050530 0.06490945
v 0.01698964 0.08179032 0.06371951
v 0.01735687 0.08128958 0.06274062
v 0.01735335 0.08836823 0.06330859
v 0.01735335 0.08836823 0.06330859
v 0.01692467 0.08577710 0.06404495
v 0.01698964 0.08179032 0.06371951
v 0.01698964 0.08179032 0.06371951
v 0.01692467 0.08577710 0.06404495
v 0.01638817 0.08193767 0.06451648
v 0.01591134 0.08146893 0.06495219
v 0.01638817 0.08193767 0.06451648
v 0.01639926 0.08798825 0.06469219
v 0.01639926 0.08798825 0.06469219
v 0.01566338 0.08772248 0.06523299
v 0.01591134 0.08146893 0.06495219
v 0.01735335 0.08836823 0.06330859
v 0.01686424 0.08931946 0.06406539
v 0.01692467 0.08577710 0.06404495
v 0.01405632 0.08162027 0.06573927
v 0.01505017 0.08267289 0.06545823
v 0.01471227 0.08861172 0.06562489
v 0.01639926 0.08798825 0.06469219
v 0.01692467 0.08577710 0.06404495
v 0.01686424 0.08931946 0.06406539
v 0.01566338 0.08772248 0.06523299
v 0.01471227 0.08861172 0.06562489
v 0.01505017 0.08267289 0.06545823
v 0.01566338 0.08772248 0.06523299
v 0.01639926 0.08798825 0.06469219
v 0.01589435 0.09050530 0.06490945
v 0.01532536 0.08994162 0.06532716
v 0.01566338 0.08772248 0.06523299
v 0.01589435 0.09050530 0.06490945
v 0.01731508 -0.02000010 0.06288248
v 0.01733583 -0.08140993 0.06283122
v 0.01730364 0.04331290 0.06294345
v 0.01696300 -0.01812714 0.06375730
v 0.01733583 -0.08140993 0.06283122
v 0.01731508 -0.02000010 0.06288248
v 0.01714766 0.05355525 0.06336748
v 0.01698964 0.08179032 0.06371951
v 0.01680219 0.04728096 0.06399744
v 0.01533079 0.06196159 0.06531643
v 0.01505017 0.08267289 0.06545823
v 0.01458144 0.06712359 0.06562495
v 0.01651024 -0.06627243 0.06437349
v 0.01696300 -0.01812714 0.06375730
v 0.01631027 -0.03330969 0.06460201
v 0.01730364 0.04331290 0.06294345
v 0.01735687 0.08128958 0.06274062
v 0.01714766 0.05355525 0.06336748
v 0.01533079 0.06196159 0.06531643
v 0.01458144 0.06712359 0.06562495
v 0.01467519 0.04364603 0.06558966
v 0.01550287 0.04270136 0.06521964
v 0.01533079 0.06196159 0.06531643
v 0.01467519 0.04364603 0.06558966
v 0.01585274 -0.03474557 0.06499207
v 0.01512825 -0.06701487 0.06541526
v 0.01586258 -0.06804811 0.06498634
v 0.01550287 0.04270136 0.06521964
v 0.01618486 0.04449743 0.06471604
v 0.01591134 0.08146893 0.06495219
v 0.01465499 0.01112139 0.06560593
v 0.01651024 -0.06627243 0.06437349
v 0.01625269 -0.08013206 0.06465351
v 0.01685917 -0.07556700 0.06390714
v 0.01710283 0.03484451 0.06346976
v 0.01730364 0.04331290 0.06294345
v 0.01680219 0.04728096 0.06399744
v 0.01680219 0.04728096 0.06399744
v 0.01618486 0.04449743 0.06471604
v 0.01666086 0.02990281 0.06419920
v 0.01680219 0.04728096 0.06399744
v 0.01698964 0.08179032 0.06371951
v 0.01638817 0.08193767 0.06451648
v 0.01532387 -0.08206605 0.06533408
v 0.01413846 -0.08728599 0.06573677
v 0.01494920 -0.08867633 0.06550300
v 0.01666086 0.02990281 0.06419920
v 0.01618486 0.04449743 0.06471604
v 0.01629728 -0.00743705 0.06460422
v 0.01465499 0.01112139 0.06560593
v 0.01458144 0.06712359 0.06562495
v 0.01405632 0.08162027 0.06573927
v 0.01465499 0.01112139 0.06560593
v 0.01467519 0.04364603 0.06558966
v 0.01458144 0.06712359 0.06562495
v 0.01578903 -0.00754005 0.06504142
v 0.01495510 -0.00374323 0.06548756
v 0.01538306 -0.02485287 0.06529045
v 0.01710283 0.03484451 0.06346976
v 0.01731508 -0.02000010 0.06288248
v 0.01730364 0.04331290 0.06294345
v 0.01458257 -0.03430306 0.06561368
v 0.01538306 -0.02485287 0.06529045
v 0.01495510 -0.00374323 0.06548756
v 0.01465499 0.01112139 0.06560593
v 0.01405632 0.08162027 0.06573927
v 0.01413846 -0.08728599 0.06573677
v 0.01629728 -0.00743705 0.06460422
v 0.01554948 0.01232856 0.06519210
v 0.01578903 -0.00754005 0.06504142
v 0.01585274 -0.03474557 0.06499207
v 0.01651024 -0.06627243 0.06437349
v 0.01631027 -0.03330969 0.06460201
v 0.01696300 -0.01812714 0.06375730
v 0.01666086 0.02990281 0.06419920
v 0.01629728 -0.00743705 0.06460422
v 0.01710283 0.03484451 0.06346976
v 0.01651024 -0.06627243 0.06437349
v 0.01585274 -0.03474557 0.06499207
v 0.01586258 -0.06804811 0.06498634
v 0.01495510 -0.00374323 0.06548756
v 0.01465499 0.01112139 0.06560593
v 0.01458257 -0.03430306 0.06561368
v 0.01625269 -0.08013206 0.06465351
v 0.01670312 -0.08151417 0.06415039
v 0.01685917 -0.07556700 0.06390714
v 0.01685917 -0.07556700 0.06390714
v 0.01670312 -0.08151417 0.06415039
v 0.01716297 -0.08074456 0.06331968
v 0.01532387 -0.08206605 0.06533408
v 0.01586258 -0.06804811 0.06498634
v 0.01512825 -0.06701487 0.06541526
v 0.01458257 -0.03430306 0.06561368
v 0.01465499 0.01112139 0.06560593
v 0.01413846 -0.08728599 0.06573677
v 0.01512825 -0.06701487 0.06541526
v 0.01413846 -0.08728599 0.06573677
v 0.01532387 -0.08206605 0.06533408
v 0.01629728 -0.00743705 0.06460422
v 0.01538306 -0.02485287 0.06529045
v 0.01631027 -0.03330969 0.06460201
v 0.01578903 -0.00754005 0.06504142
v 0.01538306 -0.02485287 0.06529045
v 0.01585274 -0.03474557 0.06499207
v 0.01631027 -0.03330969 0.06460201
v 0.01505017 0.08267289 0.06545823
v 0.01405632 0.08162027 0.06573927
v 0.01458144 0.06712359 0.06562495
v 0.01505017 0.08267289 0.06545823
v 0.01533079 0.06196159 0.06531643
v 0.01591134 0.08146893 0.06495219
v 0.01714766 0.05355525 0.06336748
v 0.01735687 0.08128958 0.06274062
v 0.01698964 0.08179032 0.06371951
v 0.01638817 0.08193767 0.06451648
v 0.01618486 0.04449743 0.06471604
v 0.01638817 0.08193767 0.06451648
v 0.01591134 0.08146893 0.06495219
v 0.01591134 0.08146893 0.06495219
v 0.01533079 0.06196159 0.06531643
v 0.01550287 0.04270136 0.06521964
v 0.01685917 -0.07556700 0.06390714
v 0.01696300 -0.01812714 0.06375730
v 0.01651024 -0.06627243 0.06437349
v 0.01651024 -0.06627243 0.06437349
v 0.01586258 -0.06804811 0.06498634
v 0.01625269 -0.08013206 0.06465351
v 0.01716297 -0.08074456 0.06331968
v 0.01696300 -0.01812714 0.06375730
v 0.01685917 -0.07556700 0.06390714
v 0.01716297 -0.08074456 0.06331968
v 0.01733583 -0.08140993 0.06283122
v 0.01696300 -0.01812714 0.06375730
v 0.01612544 -0.08367443 0.06480574
v 0.01586258 -0.06804811 0.06498634
v 0.01532387 -0.08206605 0.06533408
v 0.01612544 -0.08367443 0.06480574
v 0.01625269 -0.08013206 0.06465351
v 0.01586258 -0.06804811 0.06498634
v 0.01666086 0.02990281 0.06419920
v 0.01696300 -0.01812714 0.06375730
v 0.01710283 0.03484451 0.06346976
v 0.01680219 0.04728096 0.06399744
v 0.01730364 0.04331290 0.06294345
v 0.01714766 0.05355525 0.06336748
v 0.01680219 0.04728096 0.06399744
v 0.01666086 0.02990281 0.06419920
v 0.01710283 0.03484451 0.06346976
v 0.01550287 0.04270136 0.06521964
v 0.01465499 0.01112139 0.06560593
v 0.01554948 0.01232856 0.06519210
v 0.01554948 0.01232856 0.06519210
v 0.01618486 0.04449743 0.06471604
v 0.01550287 0.04270136 0.06521964
v 0.01618486 0.04449743 0.06471604
v 0.01554948 0.01232856 0.06519210
v 0.01629728 -0.00743705 0.06460422
v 0.01495510 -0.00374323 0.06548756
v 0.01578903 -0.00754005 0.06504142
v 0.01554948 0.01232856 0.06519210
v 0.01495510 -0.00374323 0.06548756
v 0.01512825 -0.06701487 0.06541526
v 0.01538306 -0.02485287 0.06529045
v 0.01458257 -0.03430306 0.06561368
v 0.01512825 -0.06701487 0.06541526
v 0.01585274 -0.03474557 0.06499207
v 0.01538306 -0.02485287 0.06529045
v 0.01512825 -0.06701487 0.06541526
v 0.01458257 -0.03430306 0.06561368
v 0.01413846 -0.08728599 0.06573677
v 0.01716297 -0.08074456 0.06331968
v 0.01670312 -0.08151417 0.06415039
v 0.01731830 -0.08612412 0.06321275
v 0.01612544 -0.08367443 0.06480574
v 0.01670312 -0.08151417 0.06415039
v 0.01625269 -0.08013206 0.06465351
v 0.01676559 -0.08659207 0.06417524
v 0.01731830 -0.08612412 0.06321275
v 0.01670312 -0.08151417 0.06415039
v 0.01676559 -0.08659207 0.06417524
v 0.01670312 -0.08151417 0.06415039
v 0.01612544 -0.08367443 0.06480574
v 0.01733583 -0.08140993 0.06283122
v 0.01716297 -0.08074456 0.06331968
v 0.01731830 -0.08612412 0.06321275
v 0.01612544 -0.08367443 0.06480574
v 0.01532387 -0.08206605 0.06533408
v 0.01575332 -0.08683866 0.06512302
v 0.01612544 -0.08367443 0.06480574
v 0.01575332 -0.08683866 0.06512302
v 0.01623821 -0.08888655 0.06466281
v 0.01731830 -0.08612412 0.06321275
v 0.01690804 -0.08883953 0.06382048
v 0.01731973 -0.08840882 0.06296920
v 0.01676559 -0.08659207 0.06417524
v 0.01612544 -0.08367443 0.06480574
v 0.01623821 -0.08888655 0.06466281
v 0.01623821 -0.08888655 0.06466281
v 0.01690804 -0.08883953 0.06382048
v 0.01676559 -0.08659207 0.06417524
v 0.01402390 -0.09052318 0.06570380
v 0.01223301 -0.09178471 0.06576400
v 0.01380324 -0.09166884 0.06558007
v 0.01243150 -0.09283959 0.06544744
v 0.01380324 -0.09166884 0.06558007
v 0.01223301 -0.09178471 0.06576400
v 0.01508086 -0.09226918 0.06480371
v 0.01575338 -0.09148055 0.06460362
v 0.01485037 -0.09138506 0.06527715
v 0.01243150 -0.09283959 0.06544744
v 0.01421791 -0.09237033 0.06521880
v 0.01380324 -0.09166884 0.06558007
v 0.01694846 -0.09035426 0.06338804
v 0.01731973 -0.08840882 0.06296920
v 0.01690804 -0.08883953 0.06382048
v 0.01588678 -0.09228217 0.06406396
v 0.01645541 -0.09149169 0.06374710
v 0.01575338 -0.09148055 0.06460362
v 0.01421791 -0.09237033 0.06521880
v 0.01243150 -0.09283959 0.06544744
v 0.01338970 -0.09355521 0.06479984
v 0.01480656 -0.09313273 0.06443524
v 0.01508086 -0.09226918 0.06480371
v 0.01421791 -0.09237033 0.06521880
v 0.00971424 -0.09273362 0.06567174
v 0.00000000 -0.09355777 0.06558054
v 0.00870490 -0.09386259 0.06517255
v 0.00000000 -0.09227573 0.06597638
v 0.00971424 -0.09273362 0.06567174
v 0.01223301 -0.09178471 0.06576400
v 0.00870490 -0.09386259 0.06517255
v 0.01243150 -0.09283959 0.06544744
v 0.00971424 -0.09273362 0.06567174
v 0.00000000 -0.09355777 0.06558054
v 0.00971424 -0.09273362 0.06567174
v 0.00000000 -0.09227573 0.06597638
v 0.01575332 -0.08683866 0.06512302
v 0.01532387 -0.08206605 0.06533408
v 0.01494920 -0.08867633 0.06550300
v 0.01402390 -0.09052318 0.06570380
v 0.01494920 -0.08867633 0.06550300
v 0.01413846 -0.08728599 0.06573677
v 0.01380324 -0.09166884 0.06558007
v 0.01485037 -0.09138506 0.06527715
v 0.01402390 -0.09052318 0.06570380
v 0.01421791 -0.09237033 0.06521880
v 0.01485037 -0.09138506 0.06527715
v 0.01380324 -0.09166884 0.06558007
v 0.01575338 -0.09148055 0.06460362
v 0.01558005 -0.09015786 0.06506723
v 0.01485037 -0.09138506 0.06527715
v 0.01508086 -0.09226918 0.06480371
v 0.01485037 -0.09138506 0.06527715
v 0.01421791 -0.09237033 0.06521880
v 0.01508086 -0.09226918 0.06480371
v 0.01588678 -0.09228217 0.06406396
v 0.01575338 -0.09148055 0.06460362
v 0.01588678 -0.09228217 0.06406396
v 0.01508086 -0.09226918 0.06480371
v 0.01480656 -0.09313273 0.06443524
v 0.01676559 -0.08659207 0.06417524
v 0.01690804 -0.08883953 0.06382048
v 0.01731830 -0.08612412 0.06321275
v 0.01558005 -0.09015786 0.06506723
v 0.01575332 -0.08683866 0.06512302
v 0.01494920 -0.08867633 0.06550300
v 0.01623821 -0.08888655 0.06466281
v 0.01575332 -0.08683866 0.06512302
v 0.01558005 -0.09015786 0.06506723
v 0.01494920 -0.08867633 0.06550300
v 0.01485037 -0.09138506 0.06527715
v 0.01558005 -0.09015786 0.06506723
v 0.01642924 -0.09007793 0.06428569
v 0.01690804 -0.08883953 0.06382048
v 0.01623821 -0.08888655 0.06466281
v 0.01402390 -0.09052318 0.06570380
v 0.01485037 -0.09138506 0.06527715
v 0.01494920 -0.08867633 0.06550300
v 0.01642924 -0.09007793 0.06428569
v 0.01694846 -0.09035426 0.06338804
v 0.01690804 -0.08883953 0.06382048
v 0.01642924 -0.09007793 0.06428569
v 0.01623821 -0.08888655 0.06466281
v 0.01558005 -0.09015786 0.06506723
v 0.01642924 -0.09007793 0.06428569
v 0.01645541 -0.09149169 0.06374710
v 0.01694846 -0.09035426 0.06338804
v 0.01575338 -0.09148055 0.06460362
v 0.01642924 -0.09007793 0.06428569
v 0.01558005 -0.09015786 0.06506723
v 0.01575338 -0.09148055 0.06460362
v 0.01645541 -0.09149169 0.06374710
v 0.01642924 -0.09007793 0.06428569
v 0.01338970 -0.09355521 0.06479984
v 0.01480656 -0.09313273 0.06443524
v 0.01421791 -0.09237033 0.06521880
v 0.01243150 -0.09283959 0.06544744
v 0.01223301 -0.09178471 0.06576400
v 0.00971424 -0.09273362 0.06567174
v 0.01137804 -0.09406650 0.06480026
v 0.01338970 -0.09355521 0.06479984
v 0.01243150 -0.09283959 0.06544744
v 0.01137804 -0.09406650 0.06480026
v 0.01243150 -0.09283959 0.06544744
v 0.00870490 -0.09386259 0.06517255
v 0.01689577 -0.02717638 -0.00617242
v 0.01715070 -0.07364398 -0.00552338
v 0.01664972 -0.07374691 -0.00652903
v 0.01689577 -0.02717638 -0.00617242
v 0.01725304 -0.02695399 -0.00526500
v 0.01715070 -0.07364398 -0.00552338
v 0.01653671 -0.02739608 -0.00670886
v 0.01689577 -0.02717638 -0.00617242
v 0.01664972 -0.07374691 -0.00652903
v 0.01600009 -0.02838844 -0.00730109
v 0.01664972 -0.07374691 -0.00652903
v 0.01578384 -0.07313781 -0.00744790
v 0.01600009 -0.02838844 -0.00730109
v 0.01653671 -0.02739608 -0.00670886
v 0.01664972 -0.07374691 -0.00652903
v 0.01490014 -0.02972543 -0.00798130
v 0.01600009 -0.02838844 -0.00730109
v 0.01578384 -0.07313781 -0.00744790
v 0.01490014 -0.02972543 -0.00798130
v 0.01578384 -0.07313781 -0.00744790
v 0.01493877 -0.07361114 -0.00792408
v 0.01490014 -0.02972543 -0.00798130
v 0.01493877 -0.07361114 -0.00792408
v 0.01400738 -0.07363653 -0.00820220
v 0.01379168 -0.03052783 -0.00825065
v 0.01490014 -0.02972543 -0.00798130
v 0.01400738 -0.07363653 -0.00820220
v 0.01497548 -0.07693153 -0.00766528
v 0.01514303 -0.07947468 -0.00721860
v 0.01423490 -0.07974433 -0.00753462
v 0.01497548 -0.07693153 -0.00766528
v 0.01423490 -0.07974433 -0.00753462
v 0.01397037 -0.07645881 -0.00805634
v 0.01670700 -0.07840979 -0.00582552
v 0.01665377 -0.08196669 -0.00494403
v 0.01601010 -0.08008617 -0.00643599
v 0.01576501 -0.07676792 -0.00719887
v 0.01514303 -0.07947468 -0.00721860
v 0.01497548 -0.07693153 -0.00766528
v 0.01708048 -0.07817596 -0.00498837
v 0.01697736 -0.08238166 -0.00393408
v 0.01665377 -0.08196669 -0.00494403
v 0.01708048 -0.07817596 -0.00498837
v 0.01665377 -0.08196669 -0.00494403
v 0.01670700 -0.07840979 -0.00582552
v 0.01576501 -0.07676792 -0.00719887
v 0.01601010 -0.08008617 -0.00643599
v 0.01514303 -0.07947468 -0.00721860
v 0.01636767 -0.07686084 -0.00657088
v 0.01601010 -0.08008617 -0.00643599
v 0.01576501 -0.07676792 -0.00719887
v 0.01670700 -0.07840979 -0.00582552
v 0.01601010 -0.08008617 -0.00643599
v 0.01636767 -0.07686084 -0.00657088
v 0.01493877 -0.07361114 -0.00792408
v 0.01397037 -0.07645881 -0.00805634
v 0.01400738 -0.07363653 -0.00820220
v 0.01493877 -0.07361114 -0.00792408
v 0.01497548 -0.07693153 -0.00766528
v 0.01397037 -0.07645881 -0.00805634
v 0.01578384 -0.07313781 -0.00744790
v 0.01497548 -0.07693153 -0.00766528
v 0.01493877 -0.07361114 -0.00792408
v 0.01576501 -0.07676792 -0.00719887
v 0.01664972 -0.07374691 -0.00652903
v 0.01670700 -0.07840979 -0.00582552
v 0.01636767 -0.07686084 -0.00657088
v 0.01664972 -0.07374691 -0.00652903
v 0.01576501 -0.07676792 -0.00719887
v 0.01578384 -0.07313781 -0.00744790
v 0.01664972 -0.07374691 -0.00652903
v 0.01636767 -0.07686084 -0.00657088
v 0.01576501 -0.07676792 -0.00719887
v 0.01715070 -0.07364398 -0.00552338
v 0.01670700 -0.07840979 -0.00582552
v 0.01664972 -0.07374691 -0.00652903
v 0.01715070 -0.07364398 -0.00552338
v 0.01708048 -0.07817596 -0.00498837
v 0.01670700 -0.07840979 -0.00582552
v 0.01495969 -0.09428876 0.00839561
v 0.01405912 -0.09597444 0.01439887
v 0.01402860 -0.09442085 0.00776583
v 0.01495969 -0.09428876 0.00839561
v 0.01538580 -0.09530830 0.01359111
v 0.01405912 -0.09597444 0.01439887
v 0.01539635 -0.09435242 0.00960374
v 0.01538580 -0.09530830 0.01359111
v 0.01495969 -0.09428876 0.00839561
v 0.01631981 -0.09446614 0.01311218
v 0.01538580 -0.09530830 0.01359111
v 0.01539635 -0.09435242 0.00960374
v 0.01593804 -0.09345191 0.00782162
v 0.01631981 -0.09446614 0.01311218
v 0.01539635 -0.09435242 0.00960374
v 0.01672023 -0.09273040 0.00860447
v 0.01717102 -0.09325778 0.01391702
v 0.01631981 -0.09446614 0.01311218
v 0.01672023 -0.09273040 0.00860447
v 0.01631981 -0.09446614 0.01311218
v 0.01593804 -0.09345191 0.00782162
v 0.01709634 -0.09175789 0.00828081
v 0.01717102 -0.09325778 0.01391702
v 0.01672023 -0.09273040 0.00860447
v 0.01459527 -0.08903914 -0.00248134
v 0.01382780 -0.08998435 -0.00172830
v 0.01352363 -0.08885848 -0.00304717
v 0.01459527 -0.08903914 -0.00248134
v 0.01352363 -0.08885848 -0.00304717
v 0.01383769 -0.08758366 -0.00416732
v 0.01498961 -0.08713907 -0.00398463
v 0.01518654 -0.08800250 -0.00307959
v 0.01459527 -0.08903914 -0.00248134
v 0.01490265 -0.09322619 0.00508505
v 0.01402860 -0.09442085 0.00776583
v 0.01391977 -0.09338915 0.00457680
v 0.01490265 -0.09322619 0.00508505
v 0.01495969 -0.09428876 0.00839561
v 0.01402860 -0.09442085 0.00776583
v 0.01569056 -0.09281122 0.00531662
v 0.01495969 -0.09428876 0.00839561
v 0.01490265 -0.09322619 0.00508505
v 0.01453131 -0.08592408 -0.00508457
v 0.01532608 -0.08516120 -0.00504810
v 0.01498961 -0.08713907 -0.00398463
v 0.01360583 -0.08575350 -0.00547576
v 0.01375025 -0.08395832 -0.00635457
v 0.01487469 -0.08400964 -0.00596046
v 0.01453131 -0.08592408 -0.00508457
v 0.01569056 -0.09281122 0.00531662
v 0.01593804 -0.09345191 0.00782162
v 0.01495969 -0.09428876 0.00839561
v 0.01487469 -0.08400964 -0.00596046
v 0.01532608 -0.08516120 -0.00504810
v 0.01453131 -0.08592408 -0.00508457
v 0.01532608 -0.08516120 -0.00504810
v 0.01583677 -0.08595138 -0.00408345
v 0.01498961 -0.08713907 -0.00398463
v 0.01583677 -0.08595138 -0.00408345
v 0.01576668 -0.08319312 -0.00565970
v 0.01632022 -0.08510792 -0.00400811
v 0.01583677 -0.08595138 -0.00408345
v 0.01532608 -0.08516120 -0.00504810
v 0.01576668 -0.08319312 -0.00565970
v 0.01487469 -0.08400964 -0.00596046
v 0.01375025 -0.08395832 -0.00635457
v 0.01391458 -0.08247613 -0.00690424
v 0.01487469 -0.08400964 -0.00596046
v 0.01576668 -0.08319312 -0.00565970
v 0.01532608 -0.08516120 -0.00504810
v 0.01606762 -0.09196281 0.00408661
v 0.01593804 -0.09345191 0.00782162
v 0.01569056 -0.09281122 0.00531662
v 0.01668792 -0.08475911 -0.00344622
v 0.01697736 -0.08238166 -0.00393408
v 0.01692163 -0.08644747 -0.00148350
v 0.01487469 -0.08400964 -0.00596046
v 0.01391458 -0.08247613 -0.00690424
v 0.01489174 -0.08163189 -0.00681001
v 0.01606762 -0.09196281 0.00408661
v 0.01672023 -0.09273040 0.00860447
v 0.01593804 -0.09345191 0.00782162
v 0.01453095 -0.09241276 0.00268233
v 0.01490265 -0.09322619 0.00508505
v 0.01391977 -0.09338915 0.00457680
v 0.01662677 -0.09114253 0.00403571
v 0.01672023 -0.09273040 0.00860447
v 0.01606762 -0.09196281 0.00408661
v 0.01453095 -0.09241276 0.00268233
v 0.01391977 -0.09338915 0.00457680
v 0.01359117 -0.09256219 0.00249821
v 0.01524740 -0.09226191 0.00320065
v 0.01490265 -0.09322619 0.00508505
v 0.01453095 -0.09241276 0.00268233
v 0.01524740 -0.09226191 0.00320065
v 0.01569056 -0.09281122 0.00531662
v 0.01490265 -0.09322619 0.00508505
v 0.01709634 -0.09175789 0.00828081
v 0.01672023 -0.09273040 0.00860447
v 0.01662677 -0.09114253 0.00403571
v 0.01606762 -0.09196281 0.00408661
v 0.01569056 -0.09281122 0.00531662
v 0.01524740 -0.09226191 0.00320065
v 0.01453095 -0.09241276 0.00268233
v 0.01359117 -0.09256219 0.00249821
v 0.01374655 -0.09129750 0.00011714
v 0.01485455 -0.09150606 0.00119626
v 0.01453095 -0.09241276 0.00268233
v 0.01374655 -0.09129750 0.00011714
v 0.01485455 -0.09150606 0.00119626
v 0.01374655 -0.09129750 0.00011714
v 0.01475661 -0.09051245 -0.00052610
v 0.01702117 -0.09012889 0.00400841
v 0.01709634 -0.09175789 0.00828081
v 0.01662677 -0.09114253 0.00403571
v 0.01374655 -0.09129750 0.00011714
v 0.01382780 -0.08998435 -0.00172830
v 0.01475661 -0.09051245 -0.00052610
v 0.01561892 -0.09069097 0.00072427
v 0.01524740 -0.09226191 0.00320065
v 0.01485455 -0.09150606 0.00119626
v 0.01459527 -0.08903914 -0.00248134
v 0.01475661 -0.09051245 -0.00052610
v 0.01382780 -0.08998435 -0.00172830
v 0.01561892 -0.09069097 0.00072427
v 0.01606762 -0.09196281 0.00408661
v 0.01524740 -0.09226191 0.00320065
v 0.01613694 -0.09031963 0.00107342
v 0.01606762 -0.09196281 0.00408661
v 0.01561892 -0.09069097 0.00072427
v 0.01487469 -0.08400964 -0.00596046
v 0.01489174 -0.08163189 -0.00681001
v 0.01576668 -0.08319312 -0.00565970
v 0.01662677 -0.09114253 0.00403571
v 0.01606762 -0.09196281 0.00408661
v 0.01613694 -0.09031963 0.00107342
v 0.01561892 -0.09069097 0.00072427
v 0.01485455 -0.09150606 0.00119626
v 0.01475661 -0.09051245 -0.00052610
v 0.01405912 -0.09597444 0.01439887
v 0.01538580 -0.09530830 0.01359111
v 0.01499563 -0.09638500 0.01807034
v 0.01659858 -0.08928650 0.00068893
v 0.01662677 -0.09114253 0.00403571
v 0.01613694 -0.09031963 0.00107342
v 0.01695710 -0.08845549 0.00096645
v 0.01662677 -0.09114253 0.00403571
v 0.01659858 -0.08928650 0.00068893
v 0.01695710 -0.08845549 0.00096645
v 0.01702117 -0.09012889 0.00400841
v 0.01662677 -0.09114253 0.00403571
v 0.01554173 -0.08895123 -0.00173885
v 0.01561892 -0.09069097 0.00072427
v 0.01475661 -0.09051245 -0.00052610
v 0.01611471 -0.08858692 -0.00133800
v 0.01561892 -0.09069097 0.00072427
v 0.01554173 -0.08895123 -0.00173885
v 0.01611471 -0.08858692 -0.00133800
v 0.01613694 -0.09031963 0.00107342
v 0.01561892 -0.09069097 0.00072427
v 0.01554173 -0.08895123 -0.00173885
v 0.01475661 -0.09051245 -0.00052610
v 0.01459527 -0.08903914 -0.00248134
v 0.01554173 -0.08895123 -0.00173885
v 0.01459527 -0.08903914 -0.00248134
v 0.01518654 -0.08800250 -0.00307959
v 0.01659858 -0.08928650 0.00068893
v 0.01613694 -0.09031963 0.00107342
v 0.01611471 -0.08858692 -0.00133800
v 0.01453095 -0.09241276 0.00268233
v 0.01485455 -0.09150606 0.00119626
v 0.01524740 -0.09226191 0.00320065
v 0.01498961 -0.08713907 -0.00398463
v 0.01459527 -0.08903914 -0.00248134
v 0.01383769 -0.08758366 -0.00416732
v 0.01660913 -0.08713096 -0.00183338
v 0.01659858 -0.08928650 0.00068893
v 0.01611471 -0.08858692 -0.00133800
v 0.01602774 -0.08746844 -0.00263059
v 0.01554173 -0.08895123 -0.00173885
v 0.01518654 -0.08800250 -0.00307959
v 0.01602774 -0.08746844 -0.00263059
v 0.01611471 -0.08858692 -0.00133800
v 0.01554173 -0.08895123 -0.00173885
v 0.01692163 -0.08644747 -0.00148350
v 0.01695710 -0.08845549 0.00096645
v 0.01659858 -0.08928650 0.00068893
v 0.01692163 -0.08644747 -0.00148350
v 0.01659858 -0.08928650 0.00068893
v 0.01660913 -0.08713096 -0.00183338
v 0.01453131 -0.08592408 -0.00508457
v 0.01383769 -0.08758366 -0.00416732
v 0.01360583 -0.08575350 -0.00547576
v 0.01453131 -0.08592408 -0.00508457
v 0.01498961 -0.08713907 -0.00398463
v 0.01383769 -0.08758366 -0.00416732
v 0.01660913 -0.08713096 -0.00183338
v 0.01611471 -0.08858692 -0.00133800
v 0.01602774 -0.08746844 -0.00263059
v 0.01583677 -0.08595138 -0.00408345
v 0.01602774 -0.08746844 -0.00263059
v 0.01518654 -0.08800250 -0.00307959
v 0.01583677 -0.08595138 -0.00408345
v 0.01518654 -0.08800250 -0.00307959
v 0.01498961 -0.08713907 -0.00398463
v 0.01632022 -0.08510792 -0.00400811
v 0.01602774 -0.08746844 -0.00263059
v 0.01583677 -0.08595138 -0.00408345
v 0.01593804 -0.09345191 0.00782162
v 0.01539635 -0.09435242 0.00960374
v 0.01495969 -0.09428876 0.00839561
v 0.01632022 -0.08510792 -0.00400811
v 0.01660913 -0.08713096 -0.00183338
v 0.01602774 -0.08746844 -0.00263059
v 0.01668792 -0.08475911 -0.00344622
v 0.01660913 -0.08713096 -0.00183338
v 0.01632022 -0.08510792 -0.00400811
v 0.01692163 -0.08644747 -0.00148350
v 0.01660913 -0.08713096 -0.00183338
v 0.01668792 -0.08475911 -0.00344622
v 0.01423490 -0.07974433 -0.00753462
v 0.01391458 -0.08247613 -0.00690424
v 0.01362800 -0.07976871 -0.00764543
v 0.01626902 -0.08234423 -0.00538749
v 0.01632022 -0.08510792 -0.00400811
v 0.01576668 -0.08319312 -0.00565970
v 0.01665377 -0.08196669 -0.00494403
v 0.01668792 -0.08475911 -0.00344622
v 0.01632022 -0.08510792 -0.00400811
v 0.01423490 -0.07974433 -0.00753462
v 0.01489174 -0.08163189 -0.00681001
v 0.01391458 -0.08247613 -0.00690424
v 0.01697736 -0.08238166 -0.00393408
v 0.01668792 -0.08475911 -0.00344622
v 0.01665377 -0.08196669 -0.00494403
v 0.01665377 -0.08196669 -0.00494403
v 0.01632022 -0.08510792 -0.00400811
v 0.01626902 -0.08234423 -0.00538749
v 0.01514303 -0.07947468 -0.00721860
v 0.01489174 -0.08163189 -0.00681001
v 0.01423490 -0.07974433 -0.00753462
v 0.01601010 -0.08008617 -0.00643599
v 0.01576668 -0.08319312 -0.00565970
v 0.01489174 -0.08163189 -0.00681001
v 0.01601010 -0.08008617 -0.00643599
v 0.01489174 -0.08163189 -0.00681001
v 0.01514303 -0.07947468 -0.00721860
v 0.01601010 -0.08008617 -0.00643599
v 0.01626902 -0.08234423 -0.00538749
v 0.01576668 -0.08319312 -0.00565970
v 0.01665377 -0.08196669 -0.00494403
v 0.01626902 -0.08234423 -0.00538749
v 0.01601010 -0.08008617 -0.00643599
v 0.01397037 -0.07645881 -0.00805634
v 0.01423490 -0.07974433 -0.00753462
v 0.01362800 -0.07976871 -0.00764543
v 0.01471602 -0.09760856 0.02458173
v 0.01409626 -0.09731644 0.02168977
v 0.01499563 -0.09638500 0.01807034
v 0.01538282 -0.09762263 0.02645736
v 0.01471602 -0.09760856 0.02458173
v 0.01499563 -0.09638500 0.01807034
v 0.01590484 -0.09639948 0.02111560
v 0.01656645 -0.09581190 0.02144742
v 0.01616895 -0.09758764 0.03019654
v 0.01538282 -0.09762263 0.02645736
v 0.01590484 -0.09639948 0.02111560
v 0.01616895 -0.09758764 0.03019654
v 0.01616895 -0.09758764 0.03019654
v 0.01656645 -0.09581190 0.02144742
v 0.01686412 -0.09700971 0.03179198
v 0.01386356 -0.09829264 0.02796608
v 0.01409626 -0.09731644 0.02168977
v 0.01471602 -0.09760856 0.02458173
v 0.01538282 -0.09762263 0.02645736
v 0.01472645 -0.09857308 0.03138488
v 0.01471602 -0.09760856 0.02458173
v 0.01738828 -0.09758037 0.05228775
v 0.01712846 -0.09832078 0.04919201
v 0.01750129 -0.09752768 0.04964751
v 0.01674443 -0.09872752 0.05221796
v 0.01712846 -0.09832078 0.04919201
v 0.01738828 -0.09758037 0.05228775
v 0.01538282 -0.09762263 0.02645736
v 0.01529031 -0.09878087 0.03501069
v 0.01472645 -0.09857308 0.03138488
v 0.01538282 -0.09762263 0.02645736
v 0.01616895 -0.09758764 0.03019654
v 0.01529031 -0.09878087 0.03501069
v 0.01529031 -0.09878087 0.03501069
v 0.01616895 -0.09758764 0.03019654
v 0.01639539 -0.09815913 0.03639066
v 0.01639539 -0.09815913 0.03639066
v 0.01686412 -0.09700971 0.03179198
v 0.01703900 -0.09789073 0.04178822
v 0.01639539 -0.09815913 0.03639066
v 0.01562100 -0.09923893 0.04171693
v 0.01529031 -0.09878087 0.03501069
v 0.01529031 -0.09878087 0.03501069
v 0.01562100 -0.09923893 0.04171693
v 0.01452738 -0.09970319 0.04198527
v 0.01562100 -0.09923893 0.04171693
v 0.01639539 -0.09815913 0.03639066
v 0.01631283 -0.09898674 0.04460710
v 0.01703900 -0.09789073 0.04178822
v 0.01631283 -0.09898674 0.04460710
v 0.01639539 -0.09815913 0.03639066
v 0.01674443 -0.09872752 0.05221796
v 0.01738828 -0.09758037 0.05228775
v 0.01672852 -0.09837257 0.05418431
v 0.01712846 -0.09832078 0.04919201
v 0.01631283 -0.09898674 0.04460710
v 0.01703900 -0.09789073 0.04178822
v 0.01604801 -0.09880876 0.05532085
v 0.01626133 -0.09903174 0.05392843
v 0.01672852 -0.09837257 0.05418431
v 0.01562100 -0.09923893 0.04171693
v 0.01576930 -0.09962052 0.04860121
v 0.01452738 -0.09970319 0.04198527
v 0.01562100 -0.09923893 0.04171693
v 0.01631283 -0.09898674 0.04460710
v 0.01576930 -0.09962052 0.04860121
v 0.01712846 -0.09832078 0.04919201
v 0.01703900 -0.09789073 0.04178822
v 0.01751691 -0.09707927 0.04404056
v 0.01402086 -0.10020570 0.04965913
v 0.01471275 -0.10005010 0.04882246
v 0.01451653 -0.10017530 0.05252099
v 0.01348567 -0.10031400 0.05461937
v 0.01402086 -0.10020570 0.04965913
v 0.01451653 -0.10017530 0.05252099
v 0.01576930 -0.09962052 0.04860121
v 0.01471275 -0.10005010 0.04882246
v 0.01452738 -0.09970319 0.04198527
v 0.00923204 -0.10038760 0.05701899
v 0.01254308 -0.10005220 0.05682724
v 0.00989550 -0.09986299 0.05823487
v 0.00923204 -0.10038760 0.05701899
v 0.01298117 -0.10026540 0.05575144
v 0.01254308 -0.10005220 0.05682724
v 0.00923204 -0.10038760 0.05701899
v 0.00989550 -0.09986299 0.05823487
v 0.00577897 -0.10024160 0.05816143
v 0.01596599 -0.09946501 0.05287086
v 0.01576930 -0.09962052 0.04860121
v 0.01662176 -0.09895336 0.05023396
v 0.01471275 -0.10005010 0.04882246
v 0.01576930 -0.09962052 0.04860121
v 0.01527780 -0.09991806 0.05254602
v 0.01527780 -0.09991806 0.05254602
v 0.01576930 -0.09962052 0.04860121
v 0.01596599 -0.09946501 0.05287086
v 0.01386237 -0.09941178 0.05715268
v 0.01394444 -0.09985607 0.05620849
v 0.01495373 -0.09932076 0.05627477
v 0.01394444 -0.09985607 0.05620849
v 0.01448673 -0.10003470 0.05489182
v 0.01495373 -0.09932076 0.05627477
v 0.01448673 -0.10003470 0.05489182
v 0.01394444 -0.09985607 0.05620849
v 0.01298117 -0.10026540 0.05575144
v 0.01448673 -0.10003470 0.05489182
v 0.01298117 -0.10026540 0.05575144
v 0.01348567 -0.10031400 0.05461937
v 0.01698637 -0.09515810 0.02162808
v 0.01717102 -0.09325778 0.01391702
v 0.01731050 -0.09594506 0.03055042
v 0.01409626 -0.09731644 0.02168977
v 0.01405912 -0.09597444 0.01439887
v 0.01499563 -0.09638500 0.01807034
v 0.01656645 -0.09581190 0.02144742
v 0.01698637 -0.09515810 0.02162808
v 0.01686412 -0.09700971 0.03179198
v 0.01686412 -0.09700971 0.03179198
v 0.01698637 -0.09515810 0.02162808
v 0.01731050 -0.09594506 0.03055042
v 0.01639539 -0.09815913 0.03639066
v 0.01616895 -0.09758764 0.03019654
v 0.01686412 -0.09700971 0.03179198
v 0.01731050 -0.09594506 0.03055042
v 0.01751691 -0.09707927 0.04404056
v 0.01703900 -0.09789073 0.04178822
v 0.01472645 -0.09857308 0.03138488
v 0.01386356 -0.09829264 0.02796608
v 0.01471602 -0.09760856 0.02458173
v 0.01712846 -0.09832078 0.04919201
v 0.01662176 -0.09895336 0.05023396
v 0.01631283 -0.09898674 0.04460710
v 0.01576930 -0.09962052 0.04860121
v 0.01631283 -0.09898674 0.04460710
v 0.01662176 -0.09895336 0.05023396
v 0.01656645 -0.09581190 0.02144742
v 0.01631981 -0.09446614 0.01311218
v 0.01717102 -0.09325778 0.01391702
v 0.01410186 -0.09920972 0.03568029
v 0.01386356 -0.09829264 0.02796608
v 0.01472645 -0.09857308 0.03138488
v 0.01703900 -0.09789073 0.04178822
v 0.01686412 -0.09700971 0.03179198
v 0.01731050 -0.09594506 0.03055042
v 0.01410186 -0.09920972 0.03568029
v 0.01472645 -0.09857308 0.03138488
v 0.01529031 -0.09878087 0.03501069
v 0.01410186 -0.09920972 0.03568029
v 0.01529031 -0.09878087 0.03501069
v 0.01452738 -0.09970319 0.04198527
v 0.01751691 -0.09707927 0.04404056
v 0.01750129 -0.09752768 0.04964751
v 0.01712846 -0.09832078 0.04919201
v 0.01471275 -0.10005010 0.04882246
v 0.01402086 -0.10020570 0.04965913
v 0.01452738 -0.09970319 0.04198527
v 0.01662176 -0.09895336 0.05023396
v 0.01712846 -0.09832078 0.04919201
v 0.01674443 -0.09872752 0.05221796
v 0.01674443 -0.09872752 0.05221796
v 0.01596599 -0.09946501 0.05287086
v 0.01662176 -0.09895336 0.05023396
v 0.01471275 -0.10005010 0.04882246
v 0.01527780 -0.09991806 0.05254602
v 0.01451653 -0.10017530 0.05252099
v 0.01626133 -0.09903174 0.05392843
v 0.01596599 -0.09946501 0.05287086
v 0.01674443 -0.09872752 0.05221796
v 0.01626133 -0.09903174 0.05392843
v 0.01674443 -0.09872752 0.05221796
v 0.01672852 -0.09837257 0.05418431
v 0.01495373 -0.09932076 0.05627477
v 0.01534664 -0.09957122 0.05494046
v 0.01604801 -0.09880876 0.05532085
v 0.01534664 -0.09957122 0.05494046
v 0.01626133 -0.09903174 0.05392843
v 0.01604801 -0.09880876 0.05532085
v 0.01534664 -0.09957122 0.05494046
v 0.01596599 -0.09946501 0.05287086
v 0.01626133 -0.09903174 0.05392843
v 0.01527780 -0.09991806 0.05254602
v 0.01534664 -0.09957122 0.05494046
v 0.01448673 -0.10003470 0.05489182
v 0.01527780 -0.09991806 0.05254602
v 0.01596599 -0.09946501 0.05287086
v 0.01534664 -0.09957122 0.05494046
v 0.01448673 -0.10003470 0.05489182
v 0.01451653 -0.10017530 0.05252099
v 0.01527780 -0.09991806 0.05254602
v 0.01448673 -0.10003470 0.05489182
v 0.01534664 -0.09957122 0.05494046
v 0.01495373 -0.09932076 0.05627477
v 0.01254308 -0.10005220 0.05682724
v 0.01394444 -0.09985607 0.05620849
v 0.01386237 -0.09941178 0.05715268
v 0.01254308 -0.10005220 0.05682724
v 0.01386237 -0.09941178 0.05715268
v 0.01298511 -0.09945780 0.05770701
v 0.01448673 -0.10003470 0.05489182
v 0.01348567 -0.10031400 0.05461937
v 0.01451653 -0.10017530 0.05252099
v 0.01298117 -0.10026540 0.05575144
v 0.01394444 -0.09985607 0.05620849
v 0.01254308 -0.10005220 0.05682724
v 0.00989550 -0.09986299 0.05823487
v 0.01254308 -0.10005220 0.05682724
v 0.01298511 -0.09945780 0.05770701
v 0.00923204 -0.10038760 0.05701899
v 0.01348567 -0.10031400 0.05461937
v 0.01298117 -0.10026540 0.05575144
v 0.00502896 -0.09980821 0.05901831
v 0.00577897 -0.10024160 0.05816143
v 0.00989550 -0.09986299 0.05823487
v 0.00000000 -0.10023150 0.05855453
v 0.00577897 -0.10024160 0.05816143
v 0.00502896 -0.09980821 0.05901831
v 0.00923204 -0.10038760 0.05701899
v 0.00577897 -0.10024160 0.05816143
v 0.00000000 -0.10056870 0.05736058
v 0.00000000 -0.10056870 0.05736058
v 0.00577897 -0.10024160 0.05816143
v 0.00000000 -0.10023150 0.05855453
v 0.01698637 -0.09515810 0.02162808
v 0.01631981 -0.09446614 0.01311218
v 0.01590484 -0.09639948 0.02111560
v 0.01538580 -0.09530830 0.01359111
v 0.01590484 -0.09639948 0.02111560
v 0.01631981 -0.09446614 0.01311218
v 0.01656645 -0.09581190 0.02144742
v 0.01590484 -0.09639948 0.02111560
v 0.01499563 -0.09638500 0.01807034
v 0.01538580 -0.09530830 0.01359111
v 0.01590484 -0.09639948 0.02111560
v 0.01538282 -0.09762263 0.02645736
v 0.01499563 -0.09638500 0.01807034
v 0.01734173 -0.07199579 0.02276599
v 0.01736629 -0.07195091 0.02173060
v 0.01525533 -0.07197290 0.02268934
v 0.01525533 -0.07197290 0.02268934
v 0.01736629 -0.07195091 0.02173060
v 0.01525533 -0.07185590 0.02158552
v 0.00199109 -0.09637141 0.01606673
v 0.00199616 -0.09631699 0.01582747
v 0.00197738 -0.09735929 0.01488965
v 0.00197899 -0.10145300 0.00730222
v 0.00197452 -0.09983032 0.01168042
v 0.00183290 -0.10032460 0.00944859
v 0.00059298 -0.09863483 0.01050209
v 0.00051755 -0.09765166 0.01208102
v 0.00000000 -0.09854811 0.01050466
v 0.00059298 -0.09863483 0.01050209
v 0.00102556 -0.09884017 0.01056593
v 0.00051755 -0.09765166 0.01208102
v 0.00000000 -0.09854811 0.01050466
v 0.00051755 -0.09765166 0.01208102
v 0.00000000 -0.09719133 0.01258903
v 0.00183290 -0.10032460 0.00944859
v 0.00176656 -0.09878975 0.01216787
v 0.00153351 -0.09950399 0.01012212
v 0.00153351 -0.09950399 0.01012212
v 0.00118720 -0.09792006 0.01224917
v 0.00102556 -0.09884017 0.01056593
v 0.00183290 -0.10032460 0.00944859
v 0.00197452 -0.09983032 0.01168042
v 0.00176656 -0.09878975 0.01216787
v 0.00153351 -0.09950399 0.01012212
v 0.00176656 -0.09878975 0.01216787
v 0.00118720 -0.09792006 0.01224917
v 0.00102556 -0.09884017 0.01056593
v 0.00118720 -0.09792006 0.01224917
v 0.00051755 -0.09765166 0.01208102
v 0.00051755 -0.09765166 0.01208102
v 0.00000000 -0.09625643 0.01372545
v 0.00000000 -0.09719133 0.01258903
v 0.00103581 -0.10026270 0.00540101
v 0.00102001 -0.10005420 0.00694346
v 0.00000000 -0.10003010 0.00537479
v 0.00000000 -0.09983032 0.00688875
v 0.00118720 -0.09792006 0.01224917
v 0.00099903 -0.09638971 0.01389873
v 0.00051755 -0.09765166 0.01208102
v 0.00051755 -0.09765166 0.01208102
v 0.00099903 -0.09638971 0.01389873
v 0.00000000 -0.09625643 0.01372545
v 0.00103581 -0.10026270 0.00540101
v 0.00146264 -0.10056360 0.00609583
v 0.00102001 -0.10005420 0.00694346
v 0.00118720 -0.09792006 0.01224917
v 0.00145256 -0.09654808 0.01425457
v 0.00099903 -0.09638971 0.01389873
v 0.00176656 -0.09878975 0.01216787
v 0.00145256 -0.09654808 0.01425457
v 0.00118720 -0.09792006 0.01224917
v 0.00000000 -0.09983032 0.00688875
v 0.00052334 -0.09938168 0.00871020
v 0.00000000 -0.09960412 0.00776315
v 0.00176656 -0.09878975 0.01216787
v 0.00177670 -0.09684705 0.01460510
v 0.00145256 -0.09654808 0.01425457
v 0.00176656 -0.09878975 0.01216787
v 0.00197738 -0.09735929 0.01488965
v 0.00177670 -0.09684705 0.01460510
v 0.00000000 -0.09983032 0.00688875
v 0.00102013 -0.09967523 0.00847727
v 0.00052334 -0.09938168 0.00871020
v 0.00102001 -0.10005420 0.00694346
v 0.00102013 -0.09967523 0.00847727
v 0.00000000 -0.09983032 0.00688875
v 0.00197452 -0.09983032 0.01168042
v 0.00197738 -0.09735929 0.01488965
v 0.00176656 -0.09878975 0.01216787
v 0.00146264 -0.10056360 0.00609583
v 0.00145137 -0.10004280 0.00842494
v 0.00102001 -0.10005420 0.00694346
v 0.00102001 -0.10005420 0.00694346
v 0.00145137 -0.10004280 0.00842494
v 0.00102013 -0.09967523 0.00847727
v 0.00000000 -0.09960412 0.00776315
v 0.00052334 -0.09938168 0.00871020
v 0.00000000 -0.09854811 0.01050466
v 0.00146264 -0.10056360 0.00609583
v 0.00183290 -0.10032460 0.00944859
v 0.00145137 -0.10004280 0.00842494
v 0.00177670 -0.10100340 0.00617713
v 0.00183290 -0.10032460 0.00944859
v 0.00146264 -0.10056360 0.00609583
v 0.00177670 -0.10100340 0.00617713
v 0.00197899 -0.10145300 0.00730222
v 0.00183290 -0.10032460 0.00944859
v 0.00145137 -0.10004280 0.00842494
v 0.00153351 -0.09950399 0.01012212
v 0.00102013 -0.09967523 0.00847727
v 0.00102013 -0.09967523 0.00847727
v 0.00102556 -0.09884017 0.01056593
v 0.00052334 -0.09938168 0.00871020
v 0.00102013 -0.09967523 0.00847727
v 0.00153351 -0.09950399 0.01012212
v 0.00102556 -0.09884017 0.01056593
v 0.00052334 -0.09938168 0.00871020
v 0.00059298 -0.09863483 0.01050209
v 0.00000000 -0.09854811 0.01050466
v 0.00052334 -0.09938168 0.00871020
v 0.00102556 -0.09884017 0.01056593
v 0.00059298 -0.09863483 0.01050209
v 0.00183290 -0.10032460 0.00944859
v 0.00153351 -0.09950399 0.01012212
v 0.00145137 -0.10004280 0.00842494
v 0.00197917 -0.10156550 -0.00733185
v 0.00177670 -0.10100340 0.00617713
v 0.00172287 -0.10094980 -0.00633663
v 0.00197899 -0.10145300 0.00730222
v 0.00177670 -0.10100340 0.00617713
v 0.00197917 -0.10156550 -0.00733185
v 0.00177670 -0.10100340 0.00617713
v 0.00146264 -0.10056360 0.00609583
v 0.00172287 -0.10094980 -0.00633663
v 0.00172287 -0.10094980 -0.00633663
v 0.00146264 -0.10056360 0.00609583
v 0.00114834 -0.10031870 -0.00635970
v 0.00146264 -0.10056360 0.00609583
v 0.00103581 -0.10026270 0.00540101
v 0.00114834 -0.10031870 -0.00635970
v 0.00103581 -0.10026270 0.00540101
v 0.00000000 -0.10003010 0.00537479
v 0.00114834 -0.10031870 -0.00635970
v 0.00114834 -0.10031870 -0.00635970
v 0.00000000 -0.10003010 0.00537479
v 0.00000000 -0.10003510 -0.00597632
v 0.01658165 0.02736848 0.00809747
v 0.01730519 0.02691859 0.00783467
v 0.01662915 0.01279479 0.00806034
v 0.01609271 0.01873928 0.00842041
v 0.01613301 0.02763557 0.00844294
v 0.01658165 0.02736848 0.00809747
v 0.01571041 0.02787822 0.00890344
v 0.01613301 0.02763557 0.00844294
v 0.01609271 0.01873928 0.00842041
v 0.01684528 -0.00338370 0.00797063
v 0.01662915 0.01279479 0.00806034
v 0.01737529 0.01386004 0.00782704
v 0.01531070 0.02153575 0.00967395
v 0.01538336 0.02805906 0.00966370
v 0.01571041 0.02787822 0.00890344
v 0.01662915 0.01279479 0.00806034
v 0.01614218 -0.00299412 0.00837850
v 0.01603966 0.00674176 0.00847280
v 0.01529753 0.00029109 0.00986433
v 0.01531070 0.02153575 0.00967395
v 0.01563102 0.00816649 0.00898254
v 0.01529753 0.00029109 0.00986433
v 0.01563102 0.00816649 0.00898254
v 0.01545441 -0.01094591 0.00931048
v 0.01579999 -0.01718688 0.00874311
v 0.01563102 0.00816649 0.00898254
v 0.01614218 -0.00299412 0.00837850
v 0.01698243 -0.01318687 0.00791210
v 0.01737529 0.01386004 0.00782704
v 0.01785570 -0.02655535 0.00779724
v 0.01684528 -0.00338370 0.00797063
v 0.01614218 -0.00299412 0.00837850
v 0.01662915 0.01279479 0.00806034
v 0.01626271 -0.02141422 0.00829399
v 0.01579999 -0.01718688 0.00874311
v 0.01633054 -0.01369261 0.00823569
v 0.01730519 0.02691859 0.00783467
v 0.01563102 0.00816649 0.00898254
v 0.01579999 -0.01718688 0.00874311
v 0.01545441 -0.01094591 0.00931048
v 0.01730519 0.02691859 0.00783467
v 0.01579999 -0.01718688 0.00874311
v 0.01620465 -0.02759420 0.00831604
v 0.01550889 -0.02798962 0.00917870
v 0.01579999 -0.01718688 0.00874311
v 0.01626271 -0.02141422 0.00829399
v 0.01620465 -0.02759420 0.00831604
v 0.01698243 -0.01318687 0.00791210
v 0.01626271 -0.02141422 0.00829399
v 0.01633054 -0.01369261 0.00823569
v 0.01698243 -0.01318687 0.00791210
v 0.01609271 0.01873928 0.00842041
v 0.01563102 0.00816649 0.00898254
v 0.01571041 0.02787822 0.00890344
v 0.01684528 -0.00338370 0.00797063
v 0.01545441 -0.01094591 0.00931048
v 0.01527011 -0.02812165 0.01008749
v 0.01529753 0.00029109 0.00986433
v 0.01633054 -0.01369261 0.00823569
v 0.01614218 -0.00299412 0.00837850
v 0.01633054 -0.01369261 0.00823569
v 0.01614218 -0.00299412 0.00837850
v 0.01684528 -0.00338370 0.00797063
v 0.01701664 -0.02209883 0.00789535
v 0.01698243 -0.01318687 0.00791210
v 0.01785570 -0.02655535 0.00779724
v 0.01698243 -0.01318687 0.00791210
v 0.01701664 -0.02209883 0.00789535
v 0.01626271 -0.02141422 0.00829399
v 0.01545441 -0.01094591 0.00931048
v 0.01579999 -0.01718688 0.00874311
v 0.01550889 -0.02798962 0.00917870
v 0.01603966 0.00674176 0.00847280
v 0.01614218 -0.00299412 0.00837850
v 0.01563102 0.00816649 0.00898254
v 0.01720732 -0.02698153 0.00785863
v 0.01701664 -0.02209883 0.00789535
v 0.01785570 -0.02655535 0.00779724
v 0.01550889 -0.02798962 0.00917870
v 0.01620465 -0.02759420 0.00831604
v 0.01620465 -0.02759420 0.00831604
v 0.01701664 -0.02209883 0.00789535
v 0.01720732 -0.02698153 0.00785863
v 0.01563102 0.00816649 0.00898254
v 0.01531070 0.02153575 0.00967395
v 0.01571041 0.02787822 0.00890344
v 0.01603966 0.00674176 0.00847280
v 0.01609271 0.01873928 0.00842041
v 0.01662915 0.01279479 0.00806034
v 0.01603966 0.00674176 0.00847280
v 0.01609271 0.01873928 0.00842041
v 0.01658165 0.02736848 0.00809747
v 0.01662915 0.01279479 0.00806034
v 0.00821620 0.03248172 -0.00835645
v 0.00779229 0.03104156 -0.00686914
v 0.00515944 0.03159219 -0.00691462
v 0.00000000 0.03351694 -0.00850004
v 0.00209582 0.03194195 -0.00697404
v 0.00000000 0.03199923 -0.00700831
v 0.00821620 0.03248172 -0.00835645
v 0.00515944 0.03159219 -0.00691462
v 0.00474924 0.03318434 -0.00841707
v 0.01192337 0.03136295 -0.00829893
v 0.00779229 0.03104156 -0.00686914
v 0.00821620 0.03248172 -0.00835645
v 0.01097625 0.03007668 -0.00680643
v 0.01693195 0.02717745 -0.00669366
v 0.01406306 0.02874881 -0.00675344
v 0.01531285 0.02976495 -0.00819683
v 0.00474924 0.03318434 -0.00841707
v 0.00209582 0.03194195 -0.00697404
v 0.00000000 0.03351694 -0.00850004
v 0.01642018 0.02854341 -0.00763243
v 0.01693195 0.02717745 -0.00669366
v 0.01531285 0.02976495 -0.00819683
v 0.00474924 0.03318434 -0.00841707
v 0.00515944 0.03159219 -0.00691462
v 0.00209582 0.03194195 -0.00697404
v 0.01192337 0.03136295 -0.00829893
v 0.01406306 0.02874881 -0.00675344
v 0.01097625 0.03007668 -0.00680643
v 0.01531285 0.02976495 -0.00819683
v 0.01406306 0.02874881 -0.00675344
v 0.01192337 0.03136295 -0.00829893
v 0.01509308 -0.02822136 -0.00673282
v 0.01653671 -0.02739608 -0.00670886
v 0.01600009 -0.02838844 -0.00730109
v 0.01490014 -0.02972543 -0.00798130
v 0.01509308 -0.02822136 -0.00673282
v 0.01600009 -0.02838844 -0.00730109
v 0.01490014 -0.02972543 -0.00798130
v 0.01284831 -0.02931982 -0.00677884
v 0.01509308 -0.02822136 -0.00673282
v 0.01379168 -0.03052783 -0.00825065
v 0.01284831 -0.02931982 -0.00677884
v 0.01490014 -0.02972543 -0.00798130
v 0.01049309 -0.03185337 -0.00831807
v 0.01284831 -0.02931982 -0.00677884
v 0.01379168 -0.03052783 -0.00825065
v 0.01068258 -0.03016918 -0.00681609
v 0.01049309 -0.03185337 -0.00831807
v 0.00811046 -0.03097021 -0.00686222
v 0.01068258 -0.03016918 -0.00681609
v 0.00580883 -0.03301286 -0.00839865
v 0.00811046 -0.03097021 -0.00686222
v 0.01049309 -0.03185337 -0.00831807
v 0.00580883 -0.03301286 -0.00839865
v 0.00495309 -0.03162568 -0.00692129
v 0.00811046 -0.03097021 -0.00686222
v 0.00218344 -0.03343588 -0.00846183
v 0.00191945 -0.03195518 -0.00697982
v 0.00495309 -0.03162568 -0.00692129
v 0.00218344 -0.03343588 -0.00846183
v 0.00495309 -0.03162568 -0.00692129
v 0.00580883 -0.03301286 -0.00839865
v 0.00218344 -0.03343588 -0.00846183
v 0.00000000 -0.03199917 -0.00700796
v 0.00191945 -0.03195518 -0.00697982
v 0.00000000 -0.03349435 -0.00849998
v 0.01742732 -0.06941688 0.01333642
v 0.01743650 -0.06881499 0.01238256
v 0.01525545 -0.06930655 0.01320600
v 0.01743650 -0.06881499 0.01238256
v 0.01525515 -0.06847184 0.01210939
v 0.01525545 -0.06930655 0.01320600
v 0.01743650 -0.06881499 0.01238256
v 0.01738965 -0.06804949 0.01169764
v 0.01525515 -0.06847184 0.01210939
v 0.01525515 -0.06847184 0.01210939
v 0.01738965 -0.06804949 0.01169764
v 0.01525521 -0.06758683 0.01148784
v 0.01738965 -0.06804949 0.01169764
v 0.01744282 -0.06699973 0.01116895
v 0.01525521 -0.06758683 0.01148784
v 0.01744282 -0.06699973 0.01116895
v 0.01525461 -0.06638556 0.01107048
v 0.01525521 -0.06758683 0.01148784
v 0.01744437 -0.06594496 0.01097697
v 0.01525461 -0.06638556 0.01107048
v 0.01744282 -0.06699973 0.01116895
v 0.01525533 -0.07185590 0.02158552
v 0.01736629 -0.07195091 0.02173060
v 0.01525533 -0.07075327 0.01761788
v 0.01736629 -0.07195091 0.02173060
v 0.01746410 -0.07075190 0.01735627
v 0.01525533 -0.07075327 0.01761788
v 0.01525533 -0.07075327 0.01761788
v 0.01746410 -0.07075190 0.01735627
v 0.01525545 -0.06930655 0.01320600
v 0.01746410 -0.07075190 0.01735627
v 0.01742732 -0.06941688 0.01333642
v 0.01525545 -0.06930655 0.01320600
v 0.01738774 -0.07152187 0.02443730
v 0.01745486 -0.07190930 0.02348417
v 0.01525509 -0.07158952 0.02423405
v 0.01525509 -0.07158952 0.02423405
v 0.01745486 -0.07190930 0.02348417
v 0.01525533 -0.07197290 0.02268934
v 0.01745486 -0.07190930 0.02348417
v 0.01734173 -0.07199579 0.02276599
v 0.01525533 -0.07197290 0.02268934
v 0.01525527 -0.06846272 0.02643764
v 0.01740998 -0.06840187 0.02650886
v 0.01525521 -0.06962722 0.02613562
v 0.01740998 -0.06840187 0.02650886
v 0.01739174 -0.06939440 0.02626132
v 0.01525521 -0.06962722 0.02613562
v 0.01739174 -0.06939440 0.02626132
v 0.01747173 -0.07031303 0.02581375
v 0.01525521 -0.06962722 0.02613562
v 0.01525521 -0.06962722 0.02613562
v 0.01747173 -0.07031303 0.02581375
v 0.01525515 -0.07078915 0.02532345
v 0.01747173 -0.07031303 0.02581375
v 0.01743316 -0.07097434 0.02520775
v 0.01525515 -0.07078915 0.02532345
v 0.01525515 -0.07078915 0.02532345
v 0.01743316 -0.07097434 0.02520775
v 0.01525509 -0.07158952 0.02423405
v 0.01743316 -0.07097434 0.02520775
v 0.01738774 -0.07152187 0.02443730
v 0.01525509 -0.07158952 0.02423405
v 0.01751440 0.06807923 0.02655339
v 0.01740998 -0.06840187 0.02650886
v 0.01525551 0.06845593 0.02644127
v 0.01740998 -0.06840187 0.02650886
v 0.01525527 -0.06846272 0.02643764
v 0.01525551 0.06845593 0.02644127
v 0.01525533 0.07015961 0.02582722
v 0.01745283 0.07020527 0.02588206
v 0.01525533 0.06931853 0.02623498
v 0.01745283 0.07020527 0.02588206
v 0.01748377 0.06900221 0.02641522
v 0.01525533 0.06931853 0.02623498
v 0.01525533 0.06931853 0.02623498
v 0.01748377 0.06900221 0.02641522
v 0.01525551 0.06845593 0.02644127
v 0.01748377 0.06900221 0.02641522
v 0.01751440 0.06807923 0.02655339
v 0.01525551 0.06845593 0.02644127
v 0.01747649 0.07195955 0.02169626
v 0.01746118 0.07203048 0.02248591
v 0.01525521 0.07196158 0.02213627
v 0.01525521 0.07196158 0.02213627
v 0.01748692 0.07198733 0.02311468
v 0.01525527 0.07189172 0.02323365
v 0.01746118 0.07203048 0.02248591
v 0.01748692 0.07198733 0.02311468
v 0.01525521 0.07196158 0.02213627
v 0.01525527 0.07189172 0.02323365
v 0.01745164 0.07170301 0.02413064
v 0.01525527 0.07155174 0.02429103
v 0.01748692 0.07198733 0.02311468
v 0.01745164 0.07170301 0.02413064
v 0.01525527 0.07189172 0.02323365
v 0.01525527 0.07155174 0.02429103
v 0.01745700 0.07102608 0.02516460
v 0.01525533 0.07087653 0.02522397
v 0.01745164 0.07170301 0.02413064
v 0.01745700 0.07102608 0.02516460
v 0.01525527 0.07155174 0.02429103
v 0.01745700 0.07102608 0.02516460
v 0.01745283 0.07020527 0.02588206
v 0.01525533 0.07087653 0.02522397
v 0.01525533 0.07087653 0.02522397
v 0.01745283 0.07020527 0.02588206
v 0.01525533 0.07015961 0.02582722
v 0.01525419 0.06938499 0.01338958
v 0.01749461 0.07079732 0.01747363
v 0.01525408 0.07093381 0.01820760
v 0.01749169 0.06933170 0.01310926
v 0.01749461 0.07079732 0.01747363
v 0.01525419 0.06938499 0.01338958
v 0.01749461 0.07079732 0.01747363
v 0.01747649 0.07195955 0.02169626
v 0.01525408 0.07093381 0.01820760
v 0.01525408 0.07093381 0.01820760
v 0.01747649 0.07195955 0.02169626
v 0.01525521 0.07196158 0.02213627
v 0.01754784 0.06598627 0.01096141
v 0.01751565 0.06671994 0.01108694
v 0.01525497 0.06630653 0.01106137
v 0.01525497 0.06630653 0.01106137
v 0.01751565 0.06671994 0.01108694
v 0.01525431 0.06754839 0.01146334
v 0.01751565 0.06671994 0.01108694
v 0.01752322 0.06751316 0.01136583
v 0.01525431 0.06754839 0.01146334
v 0.01525431 0.06754839 0.01146334
v 0.01744717 0.06845861 0.01201063
v 0.01525491 0.06862276 0.01224523
v 0.01752322 0.06751316 0.01136583
v 0.01744717 0.06845861 0.01201063
v 0.01525431 0.06754839 0.01146334
v 0.01525491 0.06862276 0.01224523
v 0.01749169 0.06933170 0.01310926
v 0.01525419 0.06938499 0.01338958
v 0.01744717 0.06845861 0.01201063
v 0.01749169 0.06933170 0.01310926
v 0.01525491 0.06862276 0.01224523
v 0.01525497 0.06630653 0.01106137
v 0.01753789 0.04110854 0.01096284
v 0.01754784 0.06598627 0.01096141
v 0.01525461 -0.06638556 0.01107048
v 0.01744437 -0.06594496 0.01097697
v 0.01744300 0.02310270 0.01097673
v 0.01525497 0.06630653 0.01106137
v 0.01744300 0.02310270 0.01097673
v 0.01753789 0.04110854 0.01096284
v 0.01760327 -0.05609285 0.02661913
v 0.01771545 0.06857800 0.02677690
v 0.01772993 -0.06843483 0.02680850
v 0.01760327 -0.05609285 0.02661913
v 0.01740998 -0.06840187 0.02650886
v 0.01751440 0.06807923 0.02655339
v 0.01771545 0.06857800 0.02677690
v 0.01760327 -0.05609285 0.02661913
v 0.01751440 0.06807923 0.02655339
v 0.01760327 -0.05609285 0.02661913
v 0.01772993 -0.06843483 0.02680850
v 0.01740998 -0.06840187 0.02650886
v 0.01762413 -0.06951296 0.02638369
v 0.01740998 -0.06840187 0.02650886
v 0.01772993 -0.06843483 0.02680850
v 0.01740998 -0.06840187 0.02650886
v 0.01762413 -0.06951296 0.02638369
v 0.01739174 -0.06939440 0.02626132
v 0.01751440 0.06807923 0.02655339
v 0.01748377 0.06900221 0.02641522
v 0.01771545 0.06857800 0.02677690
v 0.01762413 -0.06951296 0.02638369
v 0.01772993 -0.06843483 0.02680850
v 0.01774889 -0.07007747 0.02642405
v 0.01748377 0.06900221 0.02641522
v 0.01745283 0.07020527 0.02588206
v 0.01771301 0.06990343 0.02634787
v 0.01748377 0.06900221 0.02641522
v 0.01771301 0.06990343 0.02634787
v 0.01771545 0.06857800 0.02677690
v 0.01747173 -0.07031303 0.02581375
v 0.01739174 -0.06939440 0.02626132
v 0.01762413 -0.06951296 0.02638369
v 0.01767903 0.07083916 0.02565068
v 0.01771301 0.06990343 0.02634787
v 0.01745283 0.07020527 0.02588206
v 0.01773142 -0.07100701 0.02564436
v 0.01762413 -0.06951296 0.02638369
v 0.01774889 -0.07007747 0.02642405
v 0.01773142 -0.07100701 0.02564436
v 0.01747173 -0.07031303 0.02581375
v 0.01762413 -0.06951296 0.02638369
v 0.01767903 0.07083916 0.02565068
v 0.01774770 0.07134896 0.02541404
v 0.01771301 0.06990343 0.02634787
v 0.01745700 0.07102608 0.02516460
v 0.01767903 0.07083916 0.02565068
v 0.01745283 0.07020527 0.02588206
v 0.01747173 -0.07031303 0.02581375
v 0.01773142 -0.07100701 0.02564436
v 0.01759839 -0.07153367 0.02470040
v 0.01759839 -0.07153367 0.02470040
v 0.01770973 0.07186877 0.02436202
v 0.01774770 0.07134896 0.02541404
v 0.01767903 0.07083916 0.02565068
v 0.01745700 0.07102608 0.02516460
v 0.01745164 0.07170301 0.02413064
v 0.01770973 0.07186877 0.02436202
v 0.01745700 0.07102608 0.02516460
v 0.01770973 0.07186877 0.02436202
v 0.01767903 0.07083916 0.02565068
v 0.01759839 -0.07153367 0.02470040
v 0.01773142 -0.07100701 0.02564436
v 0.01773983 -0.07193219 0.02441436
v 0.01743316 -0.07097434 0.02520775
v 0.01759839 -0.07153367 0.02470040
v 0.01738774 -0.07152187 0.02443730
v 0.01770973 0.07186877 0.02436202
v 0.01748692 0.07198733 0.02311468
v 0.01774150 0.07233536 0.02313441
v 0.01745164 0.07170301 0.02413064
v 0.01748692 0.07198733 0.02311468
v 0.01770973 0.07186877 0.02436202
v 0.01748692 0.07198733 0.02311468
v 0.01771783 0.07222032 0.02149569
v 0.01774150 0.07233536 0.02313441
v 0.01746118 0.07203048 0.02248591
v 0.01771783 0.07222032 0.02149569
v 0.01748692 0.07198733 0.02311468
v 0.01747649 0.07195955 0.02169626
v 0.01771783 0.07222032 0.02149569
v 0.01746118 0.07203048 0.02248591
v 0.01756387 -0.07210600 0.02209818
v 0.01772081 -0.07217788 0.02350479
v 0.01774072 -0.07238233 0.02200543
v 0.01772081 -0.07217788 0.02350479
v 0.01759839 -0.07153367 0.02470040
v 0.01773983 -0.07193219 0.02441436
v 0.01745486 -0.07190930 0.02348417
v 0.01759839 -0.07153367 0.02470040
v 0.01772081 -0.07217788 0.02350479
v 0.01734173 -0.07199579 0.02276599
v 0.01745486 -0.07190930 0.02348417
v 0.01756387 -0.07210600 0.02209818
v 0.01745486 -0.07190930 0.02348417
v 0.01738774 -0.07152187 0.02443730
v 0.01759839 -0.07153367 0.02470040
v 0.01736629 -0.07195091 0.02173060
v 0.01734173 -0.07199579 0.02276599
v 0.01756387 -0.07210600 0.02209818
v 0.01745486 -0.07190930 0.02348417
v 0.01772081 -0.07217788 0.02350479
v 0.01756387 -0.07210600 0.02209818
v 0.01747649 0.07195955 0.02169626
v 0.01749461 0.07079732 0.01747363
v 0.01771783 0.07222032 0.02149569
v 0.01771783 0.07222032 0.02149569
v 0.01749461 0.07079732 0.01747363
v 0.01774030 0.06959044 0.01304525
v 0.01774030 0.06959044 0.01304525
v 0.01749461 0.07079732 0.01747363
v 0.01749169 0.06933170 0.01310926
v 0.01746410 -0.07075190 0.01735627
v 0.01767337 -0.06961202 0.01328706
v 0.01742732 -0.06941688 0.01333642
v 0.01771920 -0.07098680 0.01721084
v 0.01767337 -0.06961202 0.01328706
v 0.01746410 -0.07075190 0.01735627
v 0.01767337 -0.06961202 0.01328706
v 0.01771920 -0.07098680 0.01721084
v 0.01775050 -0.06960195 0.01277863
v 0.01756387 -0.07210600 0.02209818
v 0.01774072 -0.07238233 0.02200543
v 0.01771920 -0.07098680 0.01721084
v 0.01746410 -0.07075190 0.01735627
v 0.01756387 -0.07210600 0.02209818
v 0.01771920 -0.07098680 0.01721084
v 0.01746410 -0.07075190 0.01735627
v 0.01736629 -0.07195091 0.02173060
v 0.01756387 -0.07210600 0.02209818
v 0.01771903 -0.06869029 0.01183742
v 0.01767337 -0.06961202 0.01328706
v 0.01775050 -0.06960195 0.01277863
v 0.01743650 -0.06881499 0.01238256
v 0.01767337 -0.06961202 0.01328706
v 0.01771903 -0.06869029 0.01183742
v 0.01743650 -0.06881499 0.01238256
v 0.01742732 -0.06941688 0.01333642
v 0.01767337 -0.06961202 0.01328706
v 0.01744282 -0.06699973 0.01116895
v 0.01762712 -0.06796371 0.01147615
v 0.01772117 -0.06711560 0.01091980
v 0.01744282 -0.06699973 0.01116895
v 0.01738965 -0.06804949 0.01169764
v 0.01762712 -0.06796371 0.01147615
v 0.01772117 -0.06711560 0.01091980
v 0.01762712 -0.06796371 0.01147615
v 0.01771903 -0.06869029 0.01183742
v 0.01762712 -0.06796371 0.01147615
v 0.01738965 -0.06804949 0.01169764
v 0.01743650 -0.06881499 0.01238256
v 0.01771903 -0.06869029 0.01183742
v 0.01762712 -0.06796371 0.01147615
v 0.01743650 -0.06881499 0.01238256
v 0.01775461 0.06726753 0.01095432
v 0.01752322 0.06751316 0.01136583
v 0.01751565 0.06671994 0.01108694
v 0.01775461 0.06726753 0.01095432
v 0.01744717 0.06845861 0.01201063
v 0.01752322 0.06751316 0.01136583
v 0.01775461 0.06726753 0.01095432
v 0.01772058 0.06867736 0.01191878
v 0.01744717 0.06845861 0.01201063
v 0.01772058 0.06867736 0.01191878
v 0.01749169 0.06933170 0.01310926
v 0.01744717 0.06845861 0.01201063
v 0.01772058 0.06867736 0.01191878
v 0.01774030 0.06959044 0.01304525
v 0.01749169 0.06933170 0.01310926
v 0.01771545 -0.06585615 0.01072973
v 0.01744282 -0.06699973 0.01116895
v 0.01772117 -0.06711560 0.01091980
v 0.01744437 -0.06594496 0.01097697
v 0.01744282 -0.06699973 0.01116895
v 0.01771545 -0.06585615 0.01072973
v 0.01775461 0.06726753 0.01095432
v 0.01754784 0.06598627 0.01096141
v 0.01774030 0.06602144 0.01075410
v 0.01751565 0.06671994 0.01108694
v 0.01754784 0.06598627 0.01096141
v 0.01775461 0.06726753 0.01095432
v 0.01761150 -0.01517248 0.01086509
v 0.01744300 0.02310270 0.01097673
v 0.01744437 -0.06594496 0.01097697
v 0.01754784 0.06598627 0.01096141
v 0.01753789 0.04110854 0.01096284
v 0.01774030 0.06602144 0.01075410
v 0.01761150 -0.01517248 0.01086509
v 0.01744437 -0.06594496 0.01097697
v 0.01771545 -0.06585615 0.01072973
v 0.01744300 0.02310270 0.01097673
v 0.01761150 -0.01517248 0.01086509
v 0.01771700 0.02181679 0.01073485
v 0.01753789 0.04110854 0.01096284
v 0.01772058 0.02918750 0.01078933
v 0.01774030 0.06602144 0.01075410
v 0.01771700 0.02181679 0.01073485
v 0.01761150 -0.01517248 0.01086509
v 0.01771545 -0.06585615 0.01072973
v 0.01772058 0.02918750 0.01078933
v 0.01744300 0.02310270 0.01097673
v 0.01771700 0.02181679 0.01073485
v 0.01772058 0.02918750 0.01078933
v 0.01753789 0.04110854 0.01096284
v 0.01744300 0.02310270 0.01097673
v 0.01574355 -0.03494775 0.00112086
v 0.01275008 -0.03499972 0.00674999
v 0.01541322 -0.03495347 0.00679636
v 0.01275008 -0.03499972 -0.00578201
v 0.01479393 -0.03496432 -0.00478303
v 0.01364868 -0.03498429 -0.00575382
v 0.01434761 -0.03497207 -0.00543868
v 0.00361723 -0.09879928 -0.01423656
v 0.00321484 -0.09815907 -0.01448351
v 0.00329077 -0.04505723 -0.01448982
v 0.00361723 -0.09879928 -0.01423656
v 0.00329077 -0.04505723 -0.01448982
v 0.00395310 -0.04506886 -0.01389724
v 0.00390035 -0.09870046 -0.01389956
v 0.00361723 -0.09879928 -0.01423656
v 0.00395310 -0.04506886 -0.01389724
v 0.00399649 -0.09862416 -0.01355731
v 0.00390035 -0.09870046 -0.01389956
v 0.00395310 -0.04506886 -0.01389724
v 0.00362146 -0.10096870 -0.01281023
v 0.00323898 -0.10144070 -0.01234865
v 0.00314307 -0.10091140 -0.01315134
v 0.00327569 -0.10011760 -0.01381379
v 0.00362146 -0.10096870 -0.01281023
v 0.00314307 -0.10091140 -0.01315134
v 0.00363648 -0.09998744 -0.01367527
v 0.00362146 -0.10096870 -0.01281023
v 0.00327569 -0.10011760 -0.01381379
v 0.00388211 -0.09989446 -0.01338100
v 0.00362146 -0.10096870 -0.01281023
v 0.00363648 -0.09998744 -0.01367527
v 0.00388211 -0.09989446 -0.01338100
v 0.00396043 -0.10055100 -0.01259547
v 0.00362146 -0.10096870 -0.01281023
v 0.00361723 -0.09879928 -0.01423656
v 0.00327569 -0.10011760 -0.01381379
v 0.00314379 -0.09918689 -0.01429826
v 0.00361723 -0.09879928 -0.01423656
v 0.00363648 -0.09998744 -0.01367527
v 0.00327569 -0.10011760 -0.01381379
v 0.00396043 -0.10055100 -0.01259547
v 0.00388211 -0.09989446 -0.01338100
v 0.00390035 -0.09870046 -0.01389956
v 0.00390035 -0.09870046 -0.01389956
v 0.00388211 -0.09989446 -0.01338100
v 0.00363648 -0.09998744 -0.01367527
v 0.00390035 -0.09870046 -0.01389956
v 0.00363648 -0.09998744 -0.01367527
v 0.00361723 -0.09879928 -0.01423656
v 0.00399649 -0.09862416 -0.01355731
v 0.00396043 -0.10055100 -0.01259547
v 0.00390035 -0.09870046 -0.01389956
v 0.00321484 -0.09815907 -0.01448351
v 0.00361723 -0.09879928 -0.01423656
v 0.00314379 -0.09918689 -0.01429826
v 0.00396043 -0.10055100 -0.01259547
v 0.00398910 -0.10193780 -0.00861114
v 0.00388420 -0.10149270 -0.01094985
v 0.00379735 -0.10223460 -0.00901902
v 0.00330693 -0.10256060 -0.00913834
v 0.00354075 -0.10191760 -0.01090216
v 0.00354075 -0.10191760 -0.01090216
v 0.00330693 -0.10256060 -0.00913834
v 0.00312680 -0.10199540 -0.01107579
v 0.00379735 -0.10223460 -0.00901902
v 0.00393379 -0.10237790 -0.00639886
v 0.00359744 -0.10278490 -0.00670975
v 0.00398910 -0.10193780 -0.00861114
v 0.00393379 -0.10237790 -0.00639886
v 0.00379735 -0.10223460 -0.00901902
v 0.00388420 -0.10149270 -0.01094985
v 0.00379735 -0.10223460 -0.00901902
v 0.00354075 -0.10191760 -0.01090216
v 0.00354075 -0.10191760 -0.01090216
v 0.00312680 -0.10199540 -0.01107579
v 0.00323898 -0.10144070 -0.01234865
v 0.00330693 -0.10256060 -0.00913834
v 0.00359744 -0.10278490 -0.00670975
v 0.00320065 -0.10295710 -0.00673151
v 0.00379735 -0.10223460 -0.00901902
v 0.00359744 -0.10278490 -0.00670975
v 0.00330693 -0.10256060 -0.00913834
v 0.00388420 -0.10149270 -0.01094985
v 0.00398910 -0.10193780 -0.00861114
v 0.00379735 -0.10223460 -0.00901902
v 0.00354075 -0.10191760 -0.01090216
v 0.00323898 -0.10144070 -0.01234865
v 0.00362146 -0.10096870 -0.01281023
v 0.00388420 -0.10149270 -0.01094985
v 0.00362146 -0.10096870 -0.01281023
v 0.00396043 -0.10055100 -0.01259547
v 0.00388420 -0.10149270 -0.01094985
v 0.00354075 -0.10191760 -0.01090216
v 0.00362146 -0.10096870 -0.01281023
v 0.00351149 -0.10285650 0.00540286
v 0.00320065 -0.10295710 -0.00673151
v 0.00359744 -0.10278490 -0.00670975
v 0.00351149 -0.10285650 0.00540286
v 0.00316113 -0.10294840 0.00585294
v 0.00320065 -0.10295710 -0.00673151
v 0.00389856 -0.10240420 0.00614816
v 0.00359744 -0.10278490 -0.00670975
v 0.00393379 -0.10237790 -0.00639886
v 0.00389856 -0.10240420 0.00614816
v 0.00351149 -0.10285650 0.00540286
v 0.00359744 -0.10278490 -0.00670975
v 0.00399589 -0.10183590 0.00762206
v 0.00393379 -0.10237790 -0.00639886
v 0.00398910 -0.10193780 -0.00861114
v 0.00399589 -0.10183590 0.00762206
v 0.00389856 -0.10240420 0.00614816
v 0.00393379 -0.10237790 -0.00639886
v 0.00358945 -0.10116230 0.01161509
v 0.00358117 -0.09997171 0.01359540
v 0.00313264 -0.10072710 0.01272881
v 0.00329155 -0.09772789 0.01634824
v 0.00314170 -0.09672558 0.01721382
v 0.00263166 -0.09668362 0.01724505
v 0.00396591 -0.10062680 0.01159870
v 0.00388467 -0.09967941 0.01338398
v 0.00358117 -0.09997171 0.01359540
v 0.00396591 -0.10062680 0.01159870
v 0.00358117 -0.09997171 0.01359540
v 0.00358945 -0.10116230 0.01161509
v 0.00353998 -0.10213220 0.00928313
v 0.00320911 -0.10159190 0.01104986
v 0.00313282 -0.10221990 0.00943100
v 0.00329155 -0.09772789 0.01634824
v 0.00368202 -0.09666198 0.01693809
v 0.00314170 -0.09672558 0.01721382
v 0.00353998 -0.10213220 0.00928313
v 0.00358945 -0.10116230 0.01161509
v 0.00320911 -0.10159190 0.01104986
v 0.00376707 -0.09815424 0.01552397
v 0.00368202 -0.09666198 0.01693809
v 0.00329155 -0.09772789 0.01634824
v 0.00388497 -0.10180620 0.00904655
v 0.00396591 -0.10062680 0.01159870
v 0.00358945 -0.10116230 0.01161509
v 0.00388497 -0.10180620 0.00904655
v 0.00358945 -0.10116230 0.01161509
v 0.00353998 -0.10213220 0.00928313
v 0.00376707 -0.09815424 0.01552397
v 0.00399172 -0.09654337 0.01634633
v 0.00368202 -0.09666198 0.01693809
v 0.00353998 -0.10213220 0.00928313
v 0.00313282 -0.10221990 0.00943100
v 0.00313324 -0.10262730 0.00792718
v 0.00399589 -0.10183590 0.00762206
v 0.00396591 -0.10062680 0.01159870
v 0.00388497 -0.10180620 0.00904655
v 0.00396019 -0.09809124 0.01507306
v 0.00399172 -0.09654337 0.01634633
v 0.00376707 -0.09815424 0.01552397
v 0.00388497 -0.10180620 0.00904655
v 0.00353998 -0.10213220 0.00928313
v 0.00360286 -0.10260180 0.00720221
v 0.00360286 -0.10260180 0.00720221
v 0.00353998 -0.10213220 0.00928313
v 0.00313324 -0.10262730 0.00792718
v 0.00389856 -0.10240420 0.00614816
v 0.00388497 -0.10180620 0.00904655
v 0.00360286 -0.10260180 0.00720221
v 0.00360286 -0.10260180 0.00720221
v 0.00313324 -0.10262730 0.00792718
v 0.00316113 -0.10294840 0.00585294
v 0.00399589 -0.10183590 0.00762206
v 0.00388497 -0.10180620 0.00904655
v 0.00389856 -0.10240420 0.00614816
v 0.00351149 -0.10285650 0.00540286
v 0.00360286 -0.10260180 0.00720221
v 0.00316113 -0.10294840 0.00585294
v 0.00376707 -0.09815424 0.01552397
v 0.00329155 -0.09772789 0.01634824
v 0.00325251 -0.09930837 0.01473021
v 0.00358117 -0.09997171 0.01359540
v 0.00376707 -0.09815424 0.01552397
v 0.00325251 -0.09930837 0.01473021
v 0.00389856 -0.10240420 0.00614816
v 0.00360286 -0.10260180 0.00720221
v 0.00351149 -0.10285650 0.00540286
v 0.00396019 -0.09809124 0.01507306
v 0.00396591 -0.10062680 0.01159870
v 0.00399172 -0.09654337 0.01634633
v 0.00358945 -0.10116230 0.01161509
v 0.00313264 -0.10072710 0.01272881
v 0.00320911 -0.10159190 0.01104986
v 0.00388467 -0.09967941 0.01338398
v 0.00376707 -0.09815424 0.01552397
v 0.00358117 -0.09997171 0.01359540
v 0.00358117 -0.09997171 0.01359540
v 0.00325251 -0.09930837 0.01473021
v 0.00313264 -0.10072710 0.01272881
v 0.00388467 -0.09967941 0.01338398
v 0.00396019 -0.09809124 0.01507306
v 0.00376707 -0.09815424 0.01552397
v 0.00396591 -0.10062680 0.01159870
v 0.00396019 -0.09809124 0.01507306
v 0.00388467 -0.09967941 0.01338398
v 0.00321484 -0.09815907 -0.01448351
v 0.00140917 -0.09697830 -0.01446241
v 0.00329077 -0.04505723 -0.01448982
v 0.00140917 -0.09697830 -0.01446241
v 0.00066297 -0.09655189 -0.01442646
v 0.00329077 -0.04505723 -0.01448982
v 0.00321484 -0.09815907 -0.01448351
v 0.00228280 -0.09864825 -0.01443433
v 0.00140917 -0.09697830 -0.01446241
v 0.00000000 -0.09642875 -0.01442515
v 0.00000000 -0.04499971 -0.01444751
v 0.00066297 -0.09655189 -0.01442646
v 0.00000000 -0.09642875 -0.01442515
v 0.00329077 -0.04505723 -0.01448982
v 0.00329155 -0.09772789 0.01634824
v 0.00263166 -0.09668362 0.01724505
v 0.00221348 -0.09724247 0.01674741
v 0.00225025 -0.09901076 0.01505315
v 0.00329155 -0.09772789 0.01634824
v 0.00221348 -0.09724247 0.01674741
v 0.00325251 -0.09930837 0.01473021
v 0.00329155 -0.09772789 0.01634824
v 0.00225025 -0.09901076 0.01505315
v 0.00222534 -0.10087010 0.01246374
v 0.00325251 -0.09930837 0.01473021
v 0.00225025 -0.09901076 0.01505315
v 0.00313264 -0.10072710 0.01272881
v 0.00325251 -0.09930837 0.01473021
v 0.00222534 -0.10087010 0.01246374
v 0.00320911 -0.10159190 0.01104986
v 0.00313264 -0.10072710 0.01272881
v 0.00222534 -0.10087010 0.01246374
v 0.00226062 -0.10206310 0.00985634
v 0.00320911 -0.10159190 0.01104986
v 0.00222534 -0.10087010 0.01246374
v 0.00313282 -0.10221990 0.00943100
v 0.00320911 -0.10159190 0.01104986
v 0.00226062 -0.10206310 0.00985634
v 0.00221115 -0.10256370 0.00805259
v 0.00313282 -0.10221990 0.00943100
v 0.00226062 -0.10206310 0.00985634
v 0.00313324 -0.10262730 0.00792718
v 0.00313282 -0.10221990 0.00943100
v 0.00221115 -0.10256370 0.00805259
v 0.00224090 -0.10284110 0.00651890
v 0.00313324 -0.10262730 0.00792718
v 0.00221115 -0.10256370 0.00805259
v 0.00316113 -0.10294840 0.00585294
v 0.00313324 -0.10262730 0.00792718
v 0.00224090 -0.10284110 0.00651890
v 0.00220233 -0.10295230 0.00494641
v 0.00316113 -0.10294840 0.00585294
v 0.00224090 -0.10284110 0.00651890
v 0.00220233 -0.10295230 0.00494641
v 0.00320065 -0.10295710 -0.00673151
v 0.00316113 -0.10294840 0.00585294
v 0.00224811 -0.10296150 -0.00608814
v 0.00320065 -0.10295710 -0.00673151
v 0.00220233 -0.10295230 0.00494641
v 0.00320065 -0.10295710 -0.00673151
v 0.00224811 -0.10296150 -0.00608814
v 0.00231248 -0.10282510 -0.00783259
v 0.00330693 -0.10256060 -0.00913834
v 0.00320065 -0.10295710 -0.00673151
v 0.00231248 -0.10282510 -0.00783259
v 0.00330693 -0.10256060 -0.00913834
v 0.00231248 -0.10282510 -0.00783259
v 0.00229460 -0.10221760 -0.01045769
v 0.00312680 -0.10199540 -0.01107579
v 0.00330693 -0.10256060 -0.00913834
v 0.00229460 -0.10221760 -0.01045769
v 0.00323898 -0.10144070 -0.01234865
v 0.00229460 -0.10221760 -0.01045769
v 0.00223154 -0.10122850 -0.01269668
v 0.00323898 -0.10144070 -0.01234865
v 0.00312680 -0.10199540 -0.01107579
v 0.00229460 -0.10221760 -0.01045769
v 0.00314307 -0.10091140 -0.01315134
v 0.00323898 -0.10144070 -0.01234865
v 0.00223154 -0.10122850 -0.01269668
v 0.00314307 -0.10091140 -0.01315134
v 0.00223154 -0.10122850 -0.01269668
v 0.00225008 -0.10039900 -0.01360625
v 0.00327569 -0.10011760 -0.01381379
v 0.00314307 -0.10091140 -0.01315134
v 0.00225008 -0.10039900 -0.01360625
v 0.00327569 -0.10011760 -0.01381379
v 0.00225008 -0.10039900 -0.01360625
v 0.00219744 -0.09962171 -0.01407009
v 0.00314379 -0.09918689 -0.01429826
v 0.00327569 -0.10011760 -0.01381379
v 0.00219744 -0.09962171 -0.01407009
v 0.00314379 -0.09918689 -0.01429826
v 0.00219744 -0.09962171 -0.01407009
v 0.00228280 -0.09864825 -0.01443433
v 0.00321484 -0.09815907 -0.01448351
v 0.00314379 -0.09918689 -0.01429826
v 0.00228280 -0.09864825 -0.01443433
v 0.00066297 -0.09655189 -0.01442646
v 0.00140917 -0.09697830 -0.01446241
v 0.00146616 -0.09737598 -0.01431459
v 0.00228280 -0.09864825 -0.01443433
v 0.00187379 -0.09821575 -0.01431518
v 0.00146616 -0.09737598 -0.01431459
v 0.00140917 -0.09697830 -0.01446241
v 0.00228280 -0.09864825 -0.01443433
v 0.00146616 -0.09737598 -0.01431459
v 0.00219744 -0.09962171 -0.01407009
v 0.00187379 -0.09821575 -0.01431518
v 0.00228280 -0.09864825 -0.01443433
v 0.00197393 -0.09888023 -0.01406329
v 0.00187379 -0.09821575 -0.01431518
v 0.00219744 -0.09962171 -0.01407009
v 0.00197393 -0.09888023 -0.01406329
v 0.00219744 -0.09962171 -0.01407009
v 0.00201201 -0.10013390 -0.01349753
v 0.00205016 -0.10090050 -0.01287823
v 0.00201201 -0.10013390 -0.01349753
v 0.00225008 -0.10039900 -0.01360625
v 0.00223154 -0.10122850 -0.01269668
v 0.00205016 -0.10090050 -0.01287823
v 0.00225008 -0.10039900 -0.01360625
v 0.00201201 -0.10013390 -0.01349753
v 0.00219744 -0.09962171 -0.01407009
v 0.00225008 -0.10039900 -0.01360625
v 0.00204355 -0.10274510 -0.00697666
v 0.00202483 -0.10199200 -0.01044631
v 0.00211006 -0.10253440 -0.00881100
v 0.00224811 -0.10296150 -0.00608814
v 0.00204355 -0.10274510 -0.00697666
v 0.00231248 -0.10282510 -0.00783259
v 0.00211006 -0.10253440 -0.00881100
v 0.00202483 -0.10199200 -0.01044631
v 0.00229460 -0.10221760 -0.01045769
v 0.00211006 -0.10253440 -0.00881100
v 0.00229460 -0.10221760 -0.01045769
v 0.00231248 -0.10282510 -0.00783259
v 0.00202483 -0.10199200 -0.01044631
v 0.00205016 -0.10090050 -0.01287823
v 0.00223154 -0.10122850 -0.01269668
v 0.00202483 -0.10199200 -0.01044631
v 0.00223154 -0.10122850 -0.01269668
v 0.00229460 -0.10221760 -0.01045769
v 0.00204355 -0.10274510 -0.00697666
v 0.00211006 -0.10253440 -0.00881100
v 0.00231248 -0.10282510 -0.00783259
v 0.00204355 -0.10274510 -0.00697666
v 0.00224811 -0.10296150 -0.00608814
v 0.00220233 -0.10295230 0.00494641
v 0.00204355 -0.10274510 -0.00697666
v 0.00220233 -0.10295230 0.00494641
v 0.00202078 -0.10263390 0.00654787
v 0.00221115 -0.10256370 0.00805259
v 0.00201553 -0.10153410 0.01072841
v 0.00202078 -0.10263390 0.00654787
v 0.00221348 -0.09724247 0.01674741
v 0.00201839 -0.09894138 0.01482957
v 0.00225025 -0.09901076 0.01505315
v 0.00202078 -0.10263390 0.00654787
v 0.00220233 -0.10295230 0.00494641
v 0.00224090 -0.10284110 0.00651890
v 0.00212741 -0.09661984 0.01712179
v 0.00221348 -0.09724247 0.01674741
v 0.00216246 -0.09663522 0.01718097
v 0.00200236 -0.09655088 0.01684886
v 0.00201839 -0.09894138 0.01482957
v 0.00212741 -0.09661984 0.01712179
v 0.00221115 -0.10256370 0.00805259
v 0.00226062 -0.10206310 0.00985634
v 0.00201553 -0.10153410 0.01072841
v 0.00222534 -0.10087010 0.01246374
v 0.00201553 -0.10153410 0.01072841
v 0.00226062 -0.10206310 0.00985634
v 0.00224090 -0.10284110 0.00651890
v 0.00221115 -0.10256370 0.00805259
v 0.00202078 -0.10263390 0.00654787
v 0.00201839 -0.09894138 0.01482957
v 0.00201553 -0.10153410 0.01072841
v 0.00222534 -0.10087010 0.01246374
v 0.00201839 -0.09894138 0.01482957
v 0.00222534 -0.10087010 0.01246374
v 0.00225025 -0.09901076 0.01505315
v -0.00129956 0.03202265 -0.00693649
v -0.00128663 0.03202176 0.00100034
v -0.00129956 0.03202199 0.00100034
v -0.00129956 -0.03202265 -0.00693649
v -0.00129956 -0.03202265 -0.00602728
v 0.00000000 -0.03199917 -0.00700796
v -0.00129956 -0.03202265 -0.00693649
v 0.00199199 -0.03195571 -0.00596982
v 0.00177670 -0.09684705 0.01460510
v 0.00155175 -0.09606069 0.01480835
v 0.00145256 -0.09654808 0.01425457
v 0.00177670 -0.09684705 0.01460510
v 0.00185996 -0.09621816 0.01542663
v 0.00177413 -0.09614801 0.01513957
v 0.00145256 -0.09654808 0.01425457
v 0.00113308 -0.09594517 0.01439899
v 0.00099903 -0.09638971 0.01389873
v 0.00145256 -0.09654808 0.01425457
v 0.00155175 -0.09606069 0.01480835
v 0.00143945 -0.09602177 0.01466393
v 0.00099903 -0.09638971 0.01389873
v 0.00113308 -0.09594517 0.01439899
v 0.00098062 -0.09591048 0.01428204
v 0.00099903 -0.09638971 0.01389873
v 0.00062678 -0.09585702 0.01412910
v 0.00000000 -0.09625643 0.01372545
v 0.00000000 -0.09625643 0.01372545
v 0.00062678 -0.09585702 0.01412910
v 0.00000000 -0.09583681 0.01407915
v 0.00200236 -0.09655088 0.01684886
v 0.00199169 -0.09646970 0.01649612
v 0.00197738 -0.09735929 0.01488965
v 0.00185996 -0.09621816 0.01542663
v 0.00177670 -0.09684705 0.01460510
v 0.00221348 -0.09724247 0.01674741
v 0.00263166 -0.09668362 0.01724505
v 0.00216246 -0.09663522 0.01718097
v -0.01275008 -0.03499972 -0.00578201
v -0.01275008 -0.03499972 0.00674999
v -0.01275008 -0.03599995 0.00575000
v -0.01275008 -0.03599995 -0.00578201
v -0.00807154 -0.03098642 -0.00586373
v -0.01149225 -0.02987670 -0.00580400
v -0.01275008 -0.03499972 -0.00578201
v -0.01149225 -0.02987670 -0.00580400
v -0.01381129 -0.02886861 -0.00572878
v -0.01364868 -0.03498429 -0.00575382
v -0.01275008 -0.03499972 -0.00578201
v -0.01275008 -0.03599995 -0.00578201
v -0.00395310 -0.04506886 -0.01389724
v 0.00000000 -0.04499971 -0.01444751
v -0.00329077 -0.04505723 -0.01448982
v 0.00000000 -0.04499971 -0.00849998
v -0.00400031 -0.04506981 -0.00843012
v -0.00186670 -0.09977471 -0.01184284
v -0.00187379 -0.09821575 -0.01431518
v -0.00146025 -0.09867751 -0.01254737
v -0.00099377 -0.10005810 -0.00783414
v -0.00149131 -0.10047300 -0.00773859
v -0.00114500 -0.09978842 -0.00934356
v 0.00000000 -0.09996247 -0.00670630
v -0.00051726 -0.09991276 -0.00752163
v 0.00000000 -0.09962952 -0.00855595
v -0.00149131 -0.10047300 -0.00773859
v -0.00155646 -0.09993737 -0.01020169
v -0.00114500 -0.09978842 -0.00934356
v -0.00107187 -0.09892100 -0.01143950
v -0.00146025 -0.09867751 -0.01254737
v -0.00097946 -0.09774833 -0.01326966
v 0.00000000 -0.09759068 -0.01308089
v 0.00000000 -0.09900844 -0.01053547
v 0.00000000 -0.09874641 -0.01122105
v -0.00099377 -0.10005810 -0.00783414
v -0.00114500 -0.09978842 -0.00934356
v -0.00050071 -0.09952217 -0.00923097
v -0.00051726 -0.09991276 -0.00752163
v -0.00107187 -0.09892100 -0.01143950
v -0.00097946 -0.09774833 -0.01326966
v 0.00000000 -0.09753227 -0.01321661
v 0.00000000 -0.09874641 -0.01122105
v -0.00107187 -0.09892100 -0.01143950
v 0.00000000 -0.09753227 -0.01321661
v -0.00146025 -0.09867751 -0.01254737
v -0.00187379 -0.09821575 -0.01431518
v -0.00146616 -0.09737598 -0.01431459
v -0.00051726 -0.09991276 -0.00752163
v -0.00050071 -0.09952217 -0.00923097
v 0.00000000 -0.09962952 -0.00855595
v 0.00000000 -0.09753227 -0.01321661
v -0.00146025 -0.09867751 -0.01254737
v -0.00146616 -0.09737598 -0.01431459
v -0.00097946 -0.09774833 -0.01326966
v 0.00000000 -0.09900844 -0.01053547
v 0.00000000 -0.09962952 -0.00855595
v -0.00050071 -0.09952217 -0.00923097
v -0.00114834 -0.10031870 -0.00635970
v -0.00172287 -0.10094980 -0.00633663
v -0.00149131 -0.10047300 -0.00773859
v -0.00172287 -0.10094980 -0.00633663
v -0.00197917 -0.10156550 -0.00733185
v -0.00182688 -0.10075850 -0.00904089
v -0.00182688 -0.10075850 -0.00904089
v -0.00196332 -0.10066690 -0.01080650
v -0.00186670 -0.09977471 -0.01184284
v -0.00114500 -0.09978842 -0.00934356
v -0.00155646 -0.09993737 -0.01020169
v -0.00107187 -0.09892100 -0.01143950
v -0.00097946 -0.09774833 -0.01326966
v -0.00146616 -0.09737598 -0.01431459
v -0.00066297 -0.09655189 -0.01442646
v -0.00182688 -0.10075850 -0.00904089
v -0.00186670 -0.09977471 -0.01184284
v -0.00155646 -0.09993737 -0.01020169
v -0.00172287 -0.10094980 -0.00633663
v -0.00182688 -0.10075850 -0.00904089
v -0.00149131 -0.10047300 -0.00773859
v -0.00097946 -0.09774833 -0.01326966
v -0.00066297 -0.09655189 -0.01442646
v 0.00000000 -0.09753227 -0.01321661
v -0.00114500 -0.09978842 -0.00934356
v -0.00107187 -0.09892100 -0.01143950
v 0.00000000 -0.09874641 -0.01122105
v -0.00050071 -0.09952217 -0.00923097
v -0.00114500 -0.09978842 -0.00934356
v 0.00000000 -0.09874641 -0.01122105
v 0.00000000 -0.09759068 -0.01308089
v 0.00000000 -0.09753227 -0.01321661
v -0.00066297 -0.09655189 -0.01442646
v 0.00000000 -0.09642875 -0.01442515
v 0.00000000 -0.09759068 -0.01308089
v -0.00066297 -0.09655189 -0.01442646
v 0.00000000 -0.10003510 -0.00597632
v -0.00114834 -0.10031870 -0.00635970
v -0.00051726 -0.09991276 -0.00752163
v 0.00000000 -0.09900844 -0.01053547
v -0.00050071 -0.09952217 -0.00923097
v 0.00000000 -0.09874641 -0.01122105
v -0.00196332 -0.10066690 -0.01080650
v -0.00201201 -0.10013390 -0.01349753
v -0.00197393 -0.09888023 -0.01406329
v -0.00197917 -0.10156550 -0.00733185
v -0.00201201 -0.10013390 -0.01349753
v -0.00196332 -0.10066690 -0.01080650
v -0.00155646 -0.09993737 -0.01020169
v -0.00186670 -0.09977471 -0.01184284
v -0.00146025 -0.09867751 -0.01254737
v -0.00114834 -0.10031870 -0.00635970
v -0.00149131 -0.10047300 -0.00773859
v -0.00099377 -0.10005810 -0.00783414
v -0.00186670 -0.09977471 -0.01184284
v -0.00196332 -0.10066690 -0.01080650
v -0.00197393 -0.09888023 -0.01406329
v 0.00000000 -0.09996247 -0.00670630
v 0.00000000 -0.10003510 -0.00597632
v -0.00051726 -0.09991276 -0.00752163
v -0.00186670 -0.09977471 -0.01184284
v -0.00197393 -0.09888023 -0.01406329
v -0.00187379 -0.09821575 -0.01431518
v -0.00107187 -0.09892100 -0.01143950
v -0.00155646 -0.09993737 -0.01020169
v -0.00146025 -0.09867751 -0.01254737
v -0.00114834 -0.10031870 -0.00635970
v -0.00099377 -0.10005810 -0.00783414
v -0.00051726 -0.09991276 -0.00752163
v -0.00197917 -0.10156550 -0.00733185
v -0.00196332 -0.10066690 -0.01080650
v -0.00182688 -0.10075850 -0.00904089
v -0.00149131 -0.10047300 -0.00773859
v -0.00182688 -0.10075850 -0.00904089
v -0.00155646 -0.09993737 -0.01020169
v -0.00197899 -0.10145300 0.00730222
v -0.00201553 -0.10153410 0.01072841
v -0.00202078 -0.10263390 0.00654787
v -0.00197917 -0.10156550 -0.00733185
v -0.00202078 -0.10263390 0.00654787
v -0.00204355 -0.10274510 -0.00697666
v -0.00197917 -0.10156550 -0.00733185
v -0.00197899 -0.10145300 0.00730222
v -0.00202078 -0.10263390 0.00654787
v -0.00202483 -0.10199200 -0.01044631
v -0.00197917 -0.10156550 -0.00733185
v -0.00204355 -0.10274510 -0.00697666
v -0.00199109 -0.09637141 0.01606673
v -0.00199169 -0.09646970 0.01649612
v -0.00197738 -0.09735929 0.01488965
v -0.00197452 -0.09983032 0.01168042
v -0.00201839 -0.09894138 0.01482957
v -0.00201553 -0.10153410 0.01072841
v -0.00201201 -0.10013390 -0.01349753
v -0.00197917 -0.10156550 -0.00733185
v -0.00202483 -0.10199200 -0.01044631
v -0.00197452 -0.09983032 0.01168042
v -0.00197738 -0.09735929 0.01488965
v -0.00201839 -0.09894138 0.01482957
v -0.00205016 -0.10090050 -0.01287823
v -0.00201201 -0.10013390 -0.01349753
v -0.00202483 -0.10199200 -0.01044631
v -0.00197899 -0.10145300 0.00730222
v -0.00197452 -0.09983032 0.01168042
v -0.00201553 -0.10153410 0.01072841
v -0.00151259 -0.09692031 0.01886814
v 0.00000000 -0.09704548 0.01943200
v 0.00000000 -0.09720784 0.01963317
v -0.00189567 -0.09708678 0.01906824
v -0.00151259 -0.09692031 0.01886814
v 0.00000000 -0.09720784 0.01963317
v 0.00000000 -0.09704548 0.01943200
v 0.00000000 -0.09703934 0.01943969
v 0.00000000 -0.09720784 0.01963317
v 0.00000000 -0.09707444 0.01959288
v -0.01529753 0.00029109 0.00986433
v -0.01525461 -0.06638556 0.01107048
v -0.01527011 -0.02812165 0.01008749
v -0.01574355 -0.02785933 0.00112086
v -0.01541322 -0.03495347 0.00679636
v -0.01574355 -0.03494775 0.00112086
v -0.01531684 -0.02809709 0.00874245
v -0.01538336 0.02805906 0.00966370
v -0.01525849 0.03082120 0.01073813
v -0.01531070 0.02153575 0.00967395
v -0.01531070 0.02153575 0.00967395
v -0.01525849 0.03082120 0.01073813
v -0.01529753 0.00029109 0.00986433
v -0.01525849 0.03082120 0.01073813
v -0.01525461 -0.06638556 0.01107048
v -0.01529753 0.00029109 0.00986433
v -0.01525849 0.03082120 0.01073813
v -0.01525497 0.06630653 0.01106137
v -0.01525461 -0.06638556 0.01107048
v -0.01574355 -0.03494775 0.00112086
v -0.01479393 -0.03496432 -0.00478303
v -0.01478117 -0.02838206 -0.00483382
v -0.01574355 -0.02785933 0.00112086
v -0.01479393 -0.03496432 -0.00478303
v -0.01434761 -0.03497207 -0.00543868
v -0.01478117 -0.02838206 -0.00483382
v -0.01478117 -0.02838206 -0.00483382
v -0.01434761 -0.03497207 -0.00543868
v -0.01440834 -0.02857267 -0.00536078
v -0.01440834 -0.02857267 -0.00536078
v -0.01434761 -0.03497207 -0.00543868
v -0.01381129 -0.02886861 -0.00572878
v -0.01434761 -0.03497207 -0.00543868
v -0.01364868 -0.03498429 -0.00575382
v -0.01381129 -0.02886861 -0.00572878
v 0.00000000 -0.06699997 0.06599998
v -0.01023006 -0.06681382 0.06582140
v -0.01413846 -0.08728599 0.06573677
v -0.01083076 -0.06659364 0.06581091
v -0.01145249 -0.06581288 0.06580018
v -0.01132410 0.09212976 0.06576734
v -0.01395577 0.09093081 0.06572037
v -0.01405632 0.08162027 0.06573927
v 0.00000000 -0.09227573 0.06597638
v -0.01223301 -0.09178471 0.06576400
v 0.00000000 0.06699997 0.06599998
v 0.00000000 0.09224295 0.06598007
v -0.01055824 0.06674385 0.06581580
v -0.01128304 0.06613343 0.06580305
v -0.01223301 -0.09178471 0.06576400
v -0.01413846 -0.08728599 0.06573677
v -0.01402390 -0.09052318 0.06570380
v -0.01149034 0.06554079 0.06579941
v 0.00000000 -0.04499971 -0.00849998
v -0.00218344 -0.03343588 -0.00846183
v 0.00000000 -0.03349435 -0.00849998
v -0.00400031 -0.04506981 -0.00843012
v -0.00580883 -0.03301286 -0.00839865
v -0.01049309 -0.03185337 -0.00831807
v -0.01379168 -0.03052783 -0.00825065
v -0.01400738 -0.07363653 -0.00820220
v -0.00400031 -0.07299888 -0.00841898
v -0.00474924 0.03318434 -0.00841707
v 0.00000000 0.07273262 -0.00847691
v 0.00000000 0.03351694 -0.00850004
v -0.02478319 0.03692895 -0.00805902
v -0.00821620 0.03248172 -0.00835645
v -0.02265363 0.07229477 -0.00808221
v -0.01711064 0.03255575 -0.00818443
v -0.00821620 0.03248172 -0.00835645
v -0.01192337 0.03136295 -0.00829893
v -0.01952630 0.03413528 -0.00813079
v -0.01711064 0.03255575 -0.00818443
v -0.01952630 0.03413528 -0.00813079
v -0.02478319 0.03692895 -0.00805902
v -0.00821620 0.03248172 -0.00835645
v -0.01531285 0.02976495 -0.00819683
v -0.01711064 0.03255575 -0.00818443
v -0.01192337 0.03136295 -0.00829893
v 0.00000000 -0.10054710 0.05282706
v -0.01348567 -0.10031400 0.05461937
v -0.01402086 -0.10020570 0.04965913
v 0.00000000 -0.09935426 0.03458958
v -0.01410186 -0.09920972 0.03568029
v -0.01386356 -0.09829264 0.02796608
v 0.00000000 -0.09843009 0.02715712
v 0.00000000 -0.10054710 0.05282706
v 0.00000000 -0.10056870 0.05736058
v -0.00923204 -0.10038760 0.05701899
v 0.00000000 -0.10013030 0.04343301
v 0.00000000 -0.10054710 0.05282706
v -0.01402086 -0.10020570 0.04965913
v 0.00000000 -0.10013030 0.04343301
v -0.01402086 -0.10020570 0.04965913
v -0.01452738 -0.09970319 0.04198527
v 0.00000000 -0.09720784 0.01963317
v 0.00000000 -0.09843009 0.02715712
v -0.01409626 -0.09731644 0.02168977
v -0.00368202 -0.09666198 0.01693809
v -0.00314170 -0.09672558 0.01721382
v -0.01405912 -0.09597444 0.01439887
v 0.00000000 -0.09843009 0.02715712
v -0.01386356 -0.09829264 0.02796608
v -0.01409626 -0.09731644 0.02168977
v -0.00189567 -0.09708678 0.01906824
v -0.00399172 -0.09654337 0.01634633
v 0.00000000 -0.10013030 0.04343301
v -0.01452738 -0.09970319 0.04198527
v -0.01410186 -0.09920972 0.03568029
v -0.00400031 -0.09553843 0.01137673
v -0.00399172 -0.09654337 0.01634633
v -0.01405912 -0.09597444 0.01439887
v 0.00000000 -0.09935426 0.03458958
v 0.00000000 -0.10013030 0.04343301
v -0.01410186 -0.09920972 0.03568029
v -0.00189567 -0.09708678 0.01906824
v -0.01409626 -0.09731644 0.02168977
v -0.00314170 -0.09672558 0.01721382
v -0.01348567 -0.10031400 0.05461937
v -0.01405912 -0.09597444 0.01439887
v -0.00989550 -0.09986299 0.05823487
v -0.00741625 -0.09860134 0.06036168
v -0.01127833 -0.09782427 0.06056421
v -0.01604408 -0.09726452 0.05765986
v -0.01550072 -0.09585183 0.06038784
v -0.01631009 -0.09385323 0.06169879
v -0.01604408 -0.09726452 0.05765986
v -0.01684755 -0.09652370 0.05687052
v -0.01604801 -0.09880876 0.05532085
v -0.01709461 -0.09492969 0.05831378
v -0.01684755 -0.09652370 0.05687052
v -0.01631009 -0.09385323 0.06169879
v -0.01684755 -0.09652370 0.05687052
v -0.01604408 -0.09726452 0.05765986
v -0.01631009 -0.09385323 0.06169879
v -0.01680636 -0.09295940 0.06160837
v -0.01604801 -0.09880876 0.05532085
v -0.01684755 -0.09652370 0.05687052
v -0.01672852 -0.09837257 0.05418431
v -0.01731884 -0.09655898 0.05505621
v -0.01672852 -0.09837257 0.05418431
v -0.01684755 -0.09652370 0.05687052
v -0.01766943 -0.09368145 0.05754315
v -0.01709461 -0.09492969 0.05831378
v -0.01680636 -0.09295940 0.06160837
v -0.01684755 -0.09652370 0.05687052
v -0.01709461 -0.09492969 0.05831378
v -0.01731884 -0.09655898 0.05505621
v -0.01738828 -0.09758037 0.05228775
v -0.01672852 -0.09837257 0.05418431
v -0.01731884 -0.09655898 0.05505621
v -0.01680636 -0.09295940 0.06160837
v -0.01712381 -0.09166079 0.06193685
v -0.01766943 -0.09368145 0.05754315
v -0.01712381 -0.09166079 0.06193685
v -0.01694846 -0.09035426 0.06338804
v -0.01750987 -0.09083026 0.06109374
v -0.01825076 -0.09299457 0.04874593
v -0.01825147 -0.08987236 0.02800357
v -0.01798969 -0.09532123 0.05020284
v -0.01751691 -0.09707927 0.04404056
v -0.01798969 -0.09532123 0.05020284
v -0.01788491 -0.09307253 0.03116083
v -0.01798969 -0.09532123 0.05020284
v -0.01825147 -0.08987236 0.02800357
v -0.01788491 -0.09307253 0.03116083
v -0.01731050 -0.09594506 0.03055042
v -0.01751691 -0.09707927 0.04404056
v -0.01788491 -0.09307253 0.03116083
v -0.01766943 -0.09368145 0.05754315
v -0.01712381 -0.09166079 0.06193685
v -0.01750987 -0.09083026 0.06109374
v -0.01731050 -0.09594506 0.03055042
v -0.01788491 -0.09307253 0.03116083
v -0.01771134 -0.09048223 0.01480507
v -0.01717102 -0.09325778 0.01391702
v -0.01731050 -0.09594506 0.03055042
v -0.01771134 -0.09048223 0.01480507
v -0.01788491 -0.09307253 0.03116083
v -0.01825147 -0.08987236 0.02800357
v -0.01771134 -0.09048223 0.01480507
v -0.01825147 -0.08987236 0.02800357
v -0.01824826 -0.08454859 0.00954837
v -0.01771134 -0.09048223 0.01480507
v -0.01709634 -0.09175789 0.00828081
v -0.01717102 -0.09325778 0.01391702
v -0.01780426 -0.08805710 0.00973511
v -0.01771134 -0.09048223 0.01480507
v -0.01694846 -0.09035426 0.06338804
v -0.01731973 -0.08840882 0.06296920
v -0.01750987 -0.09083026 0.06109374
v -0.00989550 -0.09986299 0.05823487
v -0.01127833 -0.09782427 0.06056421
v -0.01298511 -0.09945780 0.05770701
v -0.00969154 -0.09662902 0.06232154
v -0.01137804 -0.09406650 0.06480026
v -0.01247197 -0.09562397 0.06278580
v -0.01771134 -0.09048223 0.01480507
v -0.01824826 -0.08454859 0.00954837
v -0.01780426 -0.08805710 0.00973511
v -0.01702117 -0.09012889 0.00400841
v -0.01709634 -0.09175789 0.00828081
v -0.01780426 -0.08805710 0.00973511
v -0.01127833 -0.09782427 0.06056421
v -0.00969154 -0.09662902 0.06232154
v -0.01247197 -0.09562397 0.06278580
v -0.01731884 -0.09655898 0.05505621
v -0.01709461 -0.09492969 0.05831378
v -0.01766943 -0.09368145 0.05754315
v -0.01750987 -0.09083026 0.06109374
v -0.01731973 -0.08840882 0.06296920
v -0.01778542 -0.08893340 0.06070017
v -0.01702117 -0.09012889 0.00400841
v -0.01780426 -0.08805710 0.00973511
v -0.01824826 -0.08454859 0.00954837
v -0.01766943 -0.09368145 0.05754315
v -0.01750987 -0.09083026 0.06109374
v -0.01792943 -0.09211969 0.05757761
v -0.01695710 -0.08845549 0.00096645
v -0.01127833 -0.09782427 0.06056421
v -0.01247197 -0.09562397 0.06278580
v -0.01390510 -0.09571915 0.06199598
v -0.01824826 -0.08454859 0.00954837
v -0.01824975 -0.07915502 0.00396037
v -0.01695710 -0.08845549 0.00096645
v -0.01731884 -0.09655898 0.05505621
v -0.01766943 -0.09368145 0.05754315
v -0.01791191 -0.09458613 0.05424767
v -0.01738828 -0.09758037 0.05228775
v -0.01731884 -0.09655898 0.05505621
v -0.01791191 -0.09458613 0.05424767
v -0.01247197 -0.09562397 0.06278580
v -0.01137804 -0.09406650 0.06480026
v -0.01338970 -0.09355521 0.06479984
v -0.01695710 -0.08845549 0.00096645
v -0.01824975 -0.07915502 0.00396037
v -0.01756638 -0.08019298 -0.00045148
v -0.01298511 -0.09945780 0.05770701
v -0.01247197 -0.09562397 0.06278580
v -0.01338970 -0.09355521 0.06479984
v -0.01394724 -0.09495264 0.06292432
v -0.01708048 -0.07817596 -0.00498837
v -0.01697736 -0.08238166 -0.00393408
v -0.01756638 -0.08019298 -0.00045148
v -0.01824975 -0.07915502 0.00396037
v -0.01824975 -0.07359290 0.00118190
v -0.01708048 -0.07817596 -0.00498837
v -0.01756638 -0.08019298 -0.00045148
v -0.01394724 -0.09495264 0.06292432
v -0.01692163 -0.08644747 -0.00148350
v -0.01695710 -0.08845549 0.00096645
v -0.01756638 -0.08019298 -0.00045148
v -0.01697736 -0.08238166 -0.00393408
v -0.01692163 -0.08644747 -0.00148350
v -0.01756638 -0.08019298 -0.00045148
v -0.01708048 -0.07817596 -0.00498837
v -0.01824975 -0.07359290 0.00118190
v -0.01715070 -0.07364398 -0.00552338
v -0.01792943 -0.09211969 0.05757761
v -0.01750987 -0.09083026 0.06109374
v -0.01778542 -0.08893340 0.06070017
v -0.01338970 -0.09355521 0.06479984
v -0.01480656 -0.09313273 0.06443524
v -0.01394724 -0.09495264 0.06292432
v -0.01390510 -0.09571915 0.06199598
v -0.01394724 -0.09495264 0.06292432
v -0.01466780 -0.09550595 0.06171298
v -0.01738828 -0.09758037 0.05228775
v -0.01791191 -0.09458613 0.05424767
v -0.01798969 -0.09532123 0.05020284
v -0.01766943 -0.09368145 0.05754315
v -0.01792943 -0.09211969 0.05757761
v -0.01824140 -0.09188705 0.05447721
v -0.01791191 -0.09458613 0.05424767
v -0.01766943 -0.09368145 0.05754315
v -0.01824140 -0.09188705 0.05447721
v -0.01750129 -0.09752768 0.04964751
v -0.01738828 -0.09758037 0.05228775
v -0.01798969 -0.09532123 0.05020284
v -0.01466780 -0.09550595 0.06171298
v -0.01394724 -0.09495264 0.06292432
v -0.01533156 -0.09399074 0.06294918
v -0.01394724 -0.09495264 0.06292432
v -0.01480656 -0.09313273 0.06443524
v -0.01533156 -0.09399074 0.06294918
v -0.01731973 -0.08840882 0.06296920
v -0.01731830 -0.08612412 0.06321275
v -0.01778542 -0.08893340 0.06070017
v -0.01792943 -0.09211969 0.05757761
v -0.01778542 -0.08893340 0.06070017
v -0.01824790 -0.08963590 0.05662399
v 0.00000000 -0.09746867 0.06216800
v 0.00000000 -0.09545648 0.06411790
v -0.00370407 -0.09690874 0.06261616
v 0.00000000 -0.10023150 0.05855453
v 0.00000000 -0.09860819 0.06087726
v -0.00502896 -0.09980821 0.05901831
v 0.00000000 -0.09860819 0.06087726
v 0.00000000 -0.09746867 0.06216800
v -0.00370407 -0.09690874 0.06261616
v -0.01466780 -0.09550595 0.06171298
v -0.01533156 -0.09399074 0.06294918
v -0.01550072 -0.09585183 0.06038784
v -0.01480656 -0.09313273 0.06443524
v -0.01588678 -0.09228217 0.06406396
v -0.01533156 -0.09399074 0.06294918
v -0.01550072 -0.09585183 0.06038784
v -0.01533156 -0.09399074 0.06294918
v -0.01631009 -0.09385323 0.06169879
v -0.00502896 -0.09980821 0.05901831
v 0.00000000 -0.09860819 0.06087726
v -0.00741625 -0.09860134 0.06036168
v 0.00000000 -0.09545648 0.06411790
v 0.00000000 -0.09355777 0.06558054
v -0.00870490 -0.09386259 0.06517255
v -0.01798969 -0.09532123 0.05020284
v -0.01791191 -0.09458613 0.05424767
v -0.01824140 -0.09188705 0.05447721
v 0.00000000 -0.09860819 0.06087726
v -0.00370407 -0.09690874 0.06261616
v -0.00741625 -0.09860134 0.06036168
v -0.00370407 -0.09690874 0.06261616
v 0.00000000 -0.09545648 0.06411790
v -0.00870490 -0.09386259 0.06517255
v -0.01824140 -0.09188705 0.05447721
v -0.01792943 -0.09211969 0.05757761
v -0.01824790 -0.08963590 0.05662399
v -0.01631009 -0.09385323 0.06169879
v -0.01588678 -0.09228217 0.06406396
v -0.01680636 -0.09295940 0.06160837
v -0.01751691 -0.09707927 0.04404056
v -0.01750129 -0.09752768 0.04964751
v -0.01798969 -0.09532123 0.05020284
v -0.01645541 -0.09149169 0.06374710
v -0.01798969 -0.09532123 0.05020284
v -0.01824140 -0.09188705 0.05447721
v -0.01825076 -0.09299457 0.04874593
v -0.00370407 -0.09690874 0.06261616
v -0.00870490 -0.09386259 0.06517255
v -0.01137804 -0.09406650 0.06480026
v -0.00370407 -0.09690874 0.06261616
v -0.00969154 -0.09662902 0.06232154
v -0.00741625 -0.09860134 0.06036168
v -0.01824790 -0.08963590 0.05662399
v -0.01778542 -0.08893340 0.06070017
v -0.01825010 -0.08402371 0.05801284
v -0.01731830 -0.08612412 0.06321275
v -0.01733583 -0.08140993 0.06283122
v -0.01825010 -0.08402371 0.05801284
v -0.00989550 -0.09986299 0.05823487
v -0.00502896 -0.09980821 0.05901831
v -0.00741625 -0.09860134 0.06036168
v -0.01778542 -0.08893340 0.06070017
v -0.01731830 -0.08612412 0.06321275
v -0.01825010 -0.08402371 0.05801284
v -0.01680636 -0.09295940 0.06160837
v -0.01645541 -0.09149169 0.06374710
v -0.01712381 -0.09166079 0.06193685
v -0.01390510 -0.09571915 0.06199598
v -0.01466780 -0.09550595 0.06171298
v -0.01298511 -0.09945780 0.05770701
v -0.00741625 -0.09860134 0.06036168
v -0.00969154 -0.09662902 0.06232154
v -0.01127833 -0.09782427 0.06056421
v -0.01645541 -0.09149169 0.06374710
v -0.01694846 -0.09035426 0.06338804
v -0.01712381 -0.09166079 0.06193685
v -0.01298511 -0.09945780 0.05770701
v -0.01466780 -0.09550595 0.06171298
v -0.01386237 -0.09941178 0.05715268
v -0.00370407 -0.09690874 0.06261616
v -0.01137804 -0.09406650 0.06480026
v -0.00969154 -0.09662902 0.06232154
v -0.01386237 -0.09941178 0.05715268
v -0.01466780 -0.09550595 0.06171298
v -0.01495373 -0.09932076 0.05627477
v -0.01495373 -0.09932076 0.05627477
v -0.01466780 -0.09550595 0.06171298
v -0.01550072 -0.09585183 0.06038784
v -0.01495373 -0.09932076 0.05627477
v -0.01550072 -0.09585183 0.06038784
v -0.01604408 -0.09726452 0.05765986
v -0.01533156 -0.09399074 0.06294918
v -0.01588678 -0.09228217 0.06406396
v -0.01631009 -0.09385323 0.06169879
v -0.01495373 -0.09932076 0.05627477
v -0.01604408 -0.09726452 0.05765986
v -0.01604801 -0.09880876 0.05532085
v -0.01785743 0.07609170 0.02556651
v -0.01826000 0.08106082 0.04406738
v -0.01812297 0.07934641 0.02859729
v -0.01871496 0.08513331 0.03771275
v -0.01917499 0.08650046 0.03726208
v -0.01854521 0.08113002 0.02866518
v -0.01812297 0.07934641 0.02859729
v -0.01826000 0.08106082 0.04406738
v -0.01887381 0.08946073 0.05670869
v -0.01812297 0.07934641 0.02859729
v -0.01887381 0.08946073 0.05670869
v -0.01932829 0.09226977 0.05330705
v -0.01871496 0.08513331 0.03771275
v -0.01932829 0.09226977 0.05330705
v -0.01917499 0.08650046 0.03726208
v -0.01778447 0.07098555 0.03128939
v -0.01772993 -0.06843483 0.02680850
v -0.01781612 -0.07629460 0.03292757
v -0.01774889 -0.07007747 0.02642405
v -0.01773142 -0.07100701 0.02564436
v -0.01781612 -0.07629460 0.03292757
v -0.01827234 0.08228188 0.05795037
v -0.01836520 0.08324337 0.05208474
v -0.01826000 0.08106082 0.04406738
v -0.01778447 0.07098555 0.03128939
v -0.01827234 0.08228188 0.05795037
v -0.01785743 0.07609170 0.02556651
v -0.01771783 0.07222032 0.02149569
v -0.01774150 0.07233536 0.02313441
v -0.01827234 0.08228188 0.05795037
v -0.01887381 0.08946073 0.05670869
v -0.01836520 0.08324337 0.05208474
v -0.01781612 -0.07629460 0.03292757
v -0.01824140 -0.09188705 0.05447721
v -0.01824790 -0.08963590 0.05662399
v -0.01774030 0.06959044 0.01304525
v -0.01771783 0.07222032 0.02149569
v -0.01785743 0.07609170 0.02556651
v -0.01771545 0.06857800 0.02677690
v -0.01772993 -0.06843483 0.02680850
v -0.01778447 0.07098555 0.03128939
v -0.01785743 0.07609170 0.02556651
v -0.01792448 0.07042783 0.01237481
v -0.01774030 0.06959044 0.01304525
v -0.02032935 0.08272057 0.02274179
v -0.02003532 0.07641583 0.01209843
v -0.01923650 0.08104592 0.02463907
v -0.01792448 0.07042783 0.01237481
v -0.01785743 0.07609170 0.02556651
v -0.01812297 0.07934641 0.02859729
v -0.02123636 0.07894605 0.01174789
v -0.02003532 0.07641583 0.01209843
v -0.02032935 0.08272057 0.02274179
v -0.01772993 -0.06843483 0.02680850
v -0.01774889 -0.07007747 0.02642405
v -0.01781612 -0.07629460 0.03292757
v -0.01826000 0.08106082 0.04406738
v -0.01836520 0.08324337 0.05208474
v -0.01887381 0.08946073 0.05670869
v -0.01785743 0.07609170 0.02556651
v -0.01774150 0.07233536 0.02313441
v -0.01770973 0.07186877 0.02436202
v -0.01771301 0.06990343 0.02634787
v -0.01778447 0.07098555 0.03128939
v -0.01774770 0.07134896 0.02541404
v -0.01923650 0.08104592 0.02463907
v -0.01917499 0.08650046 0.03726208
v -0.02032935 0.08272057 0.02274179
v -0.01923650 0.08104592 0.02463907
v -0.01854521 0.08113002 0.02866518
v -0.01917499 0.08650046 0.03726208
v -0.02072077 0.09240239 0.04328978
v -0.02211022 0.09042674 0.03104621
v -0.01917499 0.08650046 0.03726208
v -0.01785743 0.07609170 0.02556651
v -0.01826000 0.08106082 0.04406738
v -0.01773142 -0.07100701 0.02564436
v -0.01773983 -0.07193219 0.02441436
v -0.02334362 0.08791196 0.02022451
v -0.02123636 0.07894605 0.01174789
v -0.02032935 0.08272057 0.02274179
v -0.02334362 0.08791196 0.02022451
v -0.02421218 0.08571201 0.01263672
v -0.02123636 0.07894605 0.01174789
v -0.01812297 0.07934641 0.02859729
v -0.01932829 0.09226977 0.05330705
v -0.01871496 0.08513331 0.03771275
v -0.01771301 0.06990343 0.02634787
v -0.01771545 0.06857800 0.02677690
v -0.01991200 0.09287786 0.04919689
v -0.02072077 0.09240239 0.04328978
v -0.01917499 0.08650046 0.03726208
v -0.02211022 0.09042674 0.03104621
v -0.02334362 0.08791196 0.02022451
v -0.02032935 0.08272057 0.02274179
v -0.01781612 -0.07629460 0.03292757
v -0.01825010 -0.08402371 0.05801284
v -0.01991200 0.09287786 0.04919689
v -0.01917499 0.08650046 0.03726208
v -0.01932829 0.09226977 0.05330705
v -0.01824790 -0.08963590 0.05662399
v -0.01854521 0.08113002 0.02866518
v -0.01923650 0.08104592 0.02463907
v -0.01857239 0.07278394 0.01231306
v -0.01857239 0.07278394 0.01231306
v -0.01923650 0.08104592 0.02463907
v -0.02003532 0.07641583 0.01209843
v -0.01812297 0.07934641 0.02859729
v -0.01854521 0.08113002 0.02866518
v -0.01792448 0.07042783 0.01237481
v -0.01774770 0.07134896 0.02541404
v -0.01785743 0.07609170 0.02556651
v -0.01770973 0.07186877 0.02436202
v -0.01827234 0.08228188 0.05795037
v -0.01774770 0.07134896 0.02541404
v -0.01778447 0.07098555 0.03128939
v -0.01854521 0.08113002 0.02866518
v -0.01812297 0.07934641 0.02859729
v -0.01871496 0.08513331 0.03771275
v -0.02032935 0.08272057 0.02274179
v -0.01917499 0.08650046 0.03726208
v -0.02211022 0.09042674 0.03104621
v -0.01792448 0.07042783 0.01237481
v -0.01854521 0.08113002 0.02866518
v -0.01857239 0.07278394 0.01231306
v -0.01824945 -0.02628624 0.00099497
v -0.01725304 -0.02695399 -0.00526500
v -0.01824975 -0.07359290 0.00118190
v -0.01715070 -0.07364398 -0.00552338
v -0.01775461 0.06726753 0.01095432
v -0.01772058 0.06867736 0.01191878
v -0.01794481 0.06854307 0.01061469
v -0.01841259 0.06721901 0.00915426
v -0.01794481 0.06854307 0.01061469
v -0.01870036 0.06902253 0.00909299
v -0.01772058 0.06867736 0.01191878
v -0.01774030 0.06959044 0.01304525
v -0.01792448 0.07042783 0.01237481
v -0.02149051 0.07753175 0.00949609
v -0.02123636 0.07894605 0.01174789
v -0.02450364 0.08473956 0.01037549
v -0.02527326 0.08088010 0.00547069
v -0.02212774 0.07617062 0.00726414
v -0.02490073 0.08293050 0.00768495
v -0.01982951 0.06876266 0.00735372
v -0.01870036 0.06902253 0.00909299
v -0.01985681 0.07064169 0.00785112
v -0.02149051 0.07753175 0.00949609
v -0.02450364 0.08473956 0.01037549
v -0.02490073 0.08293050 0.00768495
v -0.01985681 0.07064169 0.00785112
v -0.01870036 0.06902253 0.00909299
v -0.01942962 0.07219213 0.00935709
v -0.01780122 -0.07776343 0.02604860
v -0.02184522 0.07192295 0.00561225
v -0.01982951 0.06876266 0.00735372
v -0.01985681 0.07064169 0.00785112
v -0.01985681 0.07064169 0.00785112
v -0.01942962 0.07219213 0.00935709
v -0.02105152 0.07302445 0.00712168
v -0.01942962 0.07219213 0.00935709
v -0.02212774 0.07617062 0.00726414
v -0.02105152 0.07302445 0.00712168
v -0.01780122 -0.07776343 0.02604860
v -0.01824140 -0.09188705 0.05447721
v -0.01781612 -0.07629460 0.03292757
v -0.02212774 0.07617062 0.00726414
v -0.01942962 0.07219213 0.00935709
v -0.02149051 0.07753175 0.00949609
v -0.02642500 0.07150012 0.00101477
v -0.02205663 0.06956535 0.00496638
v -0.02619856 0.07397419 0.00136632
v -0.02619856 0.07397419 0.00136632
v -0.02184522 0.07192295 0.00561225
v -0.02596211 0.07607930 0.00215918
v -0.01791524 0.06647169 0.01015043
v -0.01775461 0.06726753 0.01095432
v -0.01794481 0.06854307 0.01061469
v -0.02212774 0.07617062 0.00726414
v -0.02149051 0.07753175 0.00949609
v -0.02490073 0.08293050 0.00768495
v -0.01778531 -0.06935691 0.00953382
v -0.01824975 -0.07359290 0.00118190
v -0.01824975 -0.07915502 0.00396037
v -0.01785570 -0.02655535 0.00779724
v -0.01778531 -0.06935691 0.00953382
v -0.01771545 -0.06585615 0.01072973
v -0.01789242 0.02693480 0.00954068
v -0.01846611 0.02820539 0.00752932
v -0.01806694 0.02641183 0.00779933
v -0.01846611 0.02820539 0.00752932
v -0.01806557 0.02880376 0.00940442
v -0.01860940 0.02984207 0.00828868
v -0.01872003 0.03256022 0.00871730
v -0.01860940 0.02984207 0.00828868
v -0.01802515 0.03160429 0.00985634
v -0.01922029 0.03021860 0.00713646
v -0.01850378 0.02772730 0.00641578
v -0.01846611 0.02820539 0.00752932
v -0.01846611 0.02820539 0.00752932
v -0.01860940 0.02984207 0.00828868
v -0.01922029 0.03021860 0.00713646
v -0.01802515 0.03160429 0.00985634
v -0.01812714 0.03587830 0.00975346
v -0.01872003 0.03256022 0.00871730
v -0.01850378 0.02772730 0.00641578
v -0.01878613 0.02812594 0.00452662
v -0.01839613 0.02704596 0.00457758
v -0.01860940 0.02984207 0.00828868
v -0.01953727 0.03148323 0.00727487
v -0.01922029 0.03021860 0.00713646
v -0.01774072 -0.07238233 0.02200543
v -0.01771920 -0.07098680 0.01721084
v -0.01935786 0.02996009 0.00660759
v -0.01850378 0.02772730 0.00641578
v -0.01922029 0.03021860 0.00713646
v -0.01872003 0.03256022 0.00871730
v -0.01812714 0.03587830 0.00975346
v -0.01865535 0.03663831 0.00895029
v -0.01953727 0.03148323 0.00727487
v -0.01860940 0.02984207 0.00828868
v -0.01966124 0.03265500 0.00747567
v -0.01860940 0.02984207 0.00828868
v -0.01872003 0.03256022 0.00871730
v -0.01966124 0.03265500 0.00747567
v -0.01865535 0.03663831 0.00895029
v -0.01943558 0.03469520 0.00802577
v -0.01872003 0.03256022 0.00871730
v -0.01966124 0.03265500 0.00747567
v -0.01872003 0.03256022 0.00871730
v -0.01943558 0.03469520 0.00802577
v -0.01935786 0.02996009 0.00660759
v -0.02056092 0.03167861 0.00591707
v -0.02031970 0.03066635 0.00522131
v -0.01926463 0.02931791 0.00572330
v -0.02031970 0.03066635 0.00522131
v -0.01938754 0.02920562 0.00408745
v -0.01935786 0.02996009 0.00660759
v -0.01922029 0.03021860 0.00713646
v -0.02056092 0.03167861 0.00591707
v -0.02091366 0.03268069 0.00604969
v -0.02056092 0.03167861 0.00591707
v -0.01953727 0.03148323 0.00727487
v -0.02056092 0.03167861 0.00591707
v -0.01922029 0.03021860 0.00713646
v -0.01953727 0.03148323 0.00727487
v -0.01878613 0.02812594 0.00452662
v -0.01838475 0.02730405 0.00102413
v -0.01839613 0.02704596 0.00457758
v -0.01838475 0.02730405 0.00102413
v -0.01823639 0.02629685 0.00094581
v -0.01839613 0.02704596 0.00457758
v -0.01943558 0.03469520 0.00802577
v -0.02037376 0.03577584 0.00713819
v -0.01966124 0.03265500 0.00747567
v -0.02037376 0.03577584 0.00713819
v -0.02108323 0.03381973 0.00621659
v -0.01966124 0.03265500 0.00747567
v -0.02031970 0.03066635 0.00522131
v -0.02056092 0.03167861 0.00591707
v -0.02142792 0.03157699 0.00447023
v -0.02056092 0.03167861 0.00591707
v -0.02263033 0.03255778 0.00396889
v -0.02142792 0.03157699 0.00447023
v -0.02263033 0.03255778 0.00396889
v -0.02056092 0.03167861 0.00591707
v -0.02214223 0.03311836 0.00491762
v -0.02263033 0.03255778 0.00396889
v -0.02360594 0.03264099 0.00281346
v -0.02216410 0.03184098 0.00361753
v -0.01943558 0.03469520 0.00802577
v -0.01865535 0.03663831 0.00895029
v -0.01939404 0.04723829 0.00803059
v -0.02064394 0.03080344 0.00099382
v -0.02089798 0.03079861 0.00260723
v -0.02154940 0.03136479 0.00095651
v -0.02470123 0.03379857 0.00283003
v -0.02263033 0.03255778 0.00396889
v -0.02214223 0.03311836 0.00491762
v -0.02263033 0.03255778 0.00396889
v -0.02470123 0.03379857 0.00283003
v -0.02360594 0.03264099 0.00281346
v -0.02214223 0.03311836 0.00491762
v -0.02343142 0.03429830 0.00419778
v -0.02470123 0.03379857 0.00283003
v -0.01773983 -0.07193219 0.02441436
v -0.01772081 -0.07217788 0.02350479
v -0.01780122 -0.07776343 0.02604860
v -0.01802515 0.03160429 0.00985634
v -0.01791524 0.06647169 0.01015043
v -0.01812714 0.03587830 0.00975346
v -0.01943558 0.03469520 0.00802577
v -0.01939404 0.04723829 0.00803059
v -0.02037376 0.03577584 0.00713819
v -0.02290761 0.03190577 0.00164449
v -0.02334398 0.03219801 0.00217694
v -0.02535498 0.03298443 0.00100255
v -0.02470123 0.03379857 0.00283003
v -0.02343142 0.03429830 0.00419778
v -0.02827692 0.03666877 0.00099636
v -0.02365881 0.03549790 0.00427252
v -0.02827692 0.03666877 0.00099636
v -0.02343142 0.03429830 0.00419778
v -0.02723366 0.03452372 0.00099192
v -0.02470123 0.03379857 0.00283003
v -0.02775740 0.03533804 0.00098716
v -0.01865535 0.03663831 0.00895029
v -0.01867288 0.05988305 0.00883615
v -0.01939404 0.04723829 0.00803059
v -0.01825076 -0.09299457 0.04874593
v -0.01824140 -0.09188705 0.05447721
v -0.01780122 -0.07776343 0.02604860
v -0.01771903 -0.06869029 0.01183742
v -0.01772117 -0.06711560 0.01091980
v -0.01778531 -0.06935691 0.00953382
v -0.01812714 0.03587830 0.00975346
v -0.01841259 0.06721901 0.00915426
v -0.01867288 0.05988305 0.00883615
v -0.01982951 0.06876266 0.00735372
v -0.02184522 0.07192295 0.00561225
v -0.02205663 0.06956535 0.00496638
v -0.02272903 0.05958044 0.00472617
v -0.02205663 0.06956535 0.00496638
v -0.02642500 0.07150012 0.00101477
v -0.01844459 0.07102495 0.01078271
v -0.01967447 0.07449460 0.01077049
v -0.01942962 0.07219213 0.00935709
v -0.01844459 0.07102495 0.01078271
v -0.01857239 0.07278394 0.01231306
v -0.01967447 0.07449460 0.01077049
v -0.02642500 0.07150012 0.00101477
v -0.02798712 0.04933762 0.00099994
v -0.02575343 0.05631250 0.00237268
v -0.01780122 -0.07776343 0.02604860
v -0.01771920 -0.07098680 0.01721084
v -0.01775050 -0.06960195 0.01277863
v -0.01778531 -0.06935691 0.00953382
v -0.01780122 -0.07776343 0.02604860
v -0.01775050 -0.06960195 0.01277863
v -0.01967447 0.07449460 0.01077049
v -0.02123636 0.07894605 0.01174789
v -0.02149051 0.07753175 0.00949609
v -0.02184522 0.07192295 0.00561225
v -0.02564173 0.07851934 0.00355220
v -0.02596211 0.07607930 0.00215918
v -0.01825147 -0.08987236 0.02800357
v -0.01825076 -0.09299457 0.04874593
v -0.01780122 -0.07776343 0.02604860
v -0.01775050 -0.06960195 0.01277863
v -0.01771903 -0.06869029 0.01183742
v -0.01778531 -0.06935691 0.00953382
v -0.01786464 0.02380549 0.00779980
v -0.01785570 -0.02655535 0.00779724
v -0.01771700 0.02181679 0.01073485
v -0.02031970 0.03066635 0.00522131
v -0.01926463 0.02931791 0.00572330
v -0.01935786 0.02996009 0.00660759
v -0.01812714 0.03587830 0.00975346
v -0.01867288 0.05988305 0.00883615
v -0.01865535 0.03663831 0.00895029
v -0.02214223 0.03311836 0.00491762
v -0.02056092 0.03167861 0.00591707
v -0.02091366 0.03268069 0.00604969
v -0.01824826 -0.08454859 0.00954837
v -0.01778531 -0.06935691 0.00953382
v -0.01824975 -0.07915502 0.00396037
v -0.02470123 0.03379857 0.00283003
v -0.02723366 0.03452372 0.00099192
v -0.02650457 0.03375881 0.00096469
v -0.02212774 0.07617062 0.00726414
v -0.02527326 0.08088010 0.00547069
v -0.02564173 0.07851934 0.00355220
v -0.02450364 0.08473956 0.01037549
v -0.02123636 0.07894605 0.01174789
v -0.02421218 0.08571201 0.01263672
v -0.01824945 -0.02628624 0.00099497
v -0.02425217 0.03745794 0.00403214
v -0.02827692 0.03666877 0.00099636
v -0.02365881 0.03549790 0.00427252
v -0.02827692 0.03666877 0.00099636
v -0.02425217 0.03745794 0.00403214
v -0.02861595 0.03937429 0.00099797
v -0.01824975 -0.07359290 0.00118190
v -0.01771545 -0.06585615 0.01072973
v -0.01771700 0.02181679 0.01073485
v -0.01772058 0.02918750 0.01078933
v -0.01789242 0.02693480 0.00954068
v -0.01802515 0.03160429 0.00985634
v -0.01806557 0.02880376 0.00940442
v -0.01772058 0.02918750 0.01078933
v -0.01789242 0.02693480 0.00954068
v -0.01806557 0.02880376 0.00940442
v -0.01846611 0.02820539 0.00752932
v -0.01806557 0.02880376 0.00940442
v -0.01802515 0.03160429 0.00985634
v -0.01860940 0.02984207 0.00828868
v -0.01819550 0.02632331 0.00575781
v -0.01806694 0.02641183 0.00779933
v -0.01850378 0.02772730 0.00641578
v -0.01850378 0.02772730 0.00641578
v -0.01806694 0.02641183 0.00779933
v -0.01846611 0.02820539 0.00752932
v -0.01819550 0.02632331 0.00575781
v -0.01850378 0.02772730 0.00641578
v -0.01839613 0.02704596 0.00457758
v -0.01878613 0.02812594 0.00452662
v -0.01850378 0.02772730 0.00641578
v -0.01926463 0.02931791 0.00572330
v -0.01850378 0.02772730 0.00641578
v -0.01935786 0.02996009 0.00660759
v -0.01926463 0.02931791 0.00572330
v -0.01823639 0.02629685 0.00094581
v -0.01819550 0.02632331 0.00575781
v -0.01839613 0.02704596 0.00457758
v -0.01774030 0.06602144 0.01075410
v -0.01775461 0.06726753 0.01095432
v -0.01791524 0.06647169 0.01015043
v -0.01878613 0.02812594 0.00452662
v -0.01926463 0.02931791 0.00572330
v -0.01938754 0.02920562 0.00408745
v -0.01966446 0.06746518 0.00746632
v -0.01841259 0.06721901 0.00915426
v -0.01982951 0.06876266 0.00735372
v -0.01786464 0.02380549 0.00779980
v -0.01771700 0.02181679 0.01073485
v -0.01789242 0.02693480 0.00954068
v -0.01889127 0.02856278 0.00216699
v -0.01838475 0.02730405 0.00102413
v -0.01878613 0.02812594 0.00452662
v -0.01806694 0.02641183 0.00779933
v -0.01786464 0.02380549 0.00779980
v -0.01789242 0.02693480 0.00954068
v -0.01806557 0.02880376 0.00940442
v -0.01789242 0.02693480 0.00954068
v -0.01772058 0.02918750 0.01078933
v -0.02031970 0.03066635 0.00522131
v -0.02076470 0.03073251 0.00400162
v -0.02001422 0.02999681 0.00385839
v -0.01889127 0.02856278 0.00216699
v -0.01878613 0.02812594 0.00452662
v -0.01938754 0.02920562 0.00408745
v -0.01971387 0.02990382 0.00128537
v -0.01889127 0.02856278 0.00216699
v -0.01938754 0.02920562 0.00408745
v -0.01953727 0.03148323 0.00727487
v -0.01966124 0.03265500 0.00747567
v -0.02091366 0.03268069 0.00604969
v -0.01966124 0.03265500 0.00747567
v -0.02108323 0.03381973 0.00621659
v -0.02091366 0.03268069 0.00604969
v -0.01971387 0.02990382 0.00128537
v -0.01938754 0.02920562 0.00408745
v -0.02001422 0.02999681 0.00385839
v -0.02037376 0.03577584 0.00713819
v -0.02175712 0.03580552 0.00588691
v -0.02108323 0.03381973 0.00621659
v -0.02089798 0.03079861 0.00260723
v -0.01971387 0.02990382 0.00128537
v -0.02001422 0.02999681 0.00385839
v -0.02089798 0.03079861 0.00260723
v -0.02001422 0.02999681 0.00385839
v -0.02076470 0.03073251 0.00400162
v -0.02091366 0.03268069 0.00604969
v -0.02108323 0.03381973 0.00621659
v -0.02214223 0.03311836 0.00491762
v -0.01938754 0.02920562 0.00408745
v -0.02031970 0.03066635 0.00522131
v -0.02001422 0.02999681 0.00385839
v -0.02089798 0.03079861 0.00260723
v -0.02064394 0.03080344 0.00099382
v -0.01971387 0.02990382 0.00128537
v -0.02216410 0.03184098 0.00361753
v -0.02142792 0.03157699 0.00447023
v -0.02263033 0.03255778 0.00396889
v -0.02108323 0.03381973 0.00621659
v -0.02175712 0.03580552 0.00588691
v -0.02365881 0.03549790 0.00427252
v -0.01772081 -0.07217788 0.02350479
v -0.01774072 -0.07238233 0.02200543
v -0.01780122 -0.07776343 0.02604860
v -0.02214223 0.03311836 0.00491762
v -0.02108323 0.03381973 0.00621659
v -0.02343142 0.03429830 0.00419778
v -0.02031970 0.03066635 0.00522131
v -0.02142792 0.03157699 0.00447023
v -0.02076470 0.03073251 0.00400162
v -0.02343142 0.03429830 0.00419778
v -0.02108323 0.03381973 0.00621659
v -0.02365881 0.03549790 0.00427252
v -0.02334398 0.03219801 0.00217694
v -0.02188140 0.03147017 0.00307929
v -0.02360594 0.03264099 0.00281346
v -0.02290761 0.03190577 0.00164449
v -0.02188140 0.03147017 0.00307929
v -0.02334398 0.03219801 0.00217694
v -0.02274304 0.03951668 0.00518072
v -0.02425217 0.03745794 0.00403214
v -0.02175712 0.03580552 0.00588691
v -0.02089798 0.03079861 0.00260723
v -0.02076470 0.03073251 0.00400162
v -0.02188140 0.03147017 0.00307929
v -0.02360594 0.03264099 0.00281346
v -0.02535498 0.03298443 0.00100255
v -0.02334398 0.03219801 0.00217694
v -0.02076470 0.03073251 0.00400162
v -0.02142792 0.03157699 0.00447023
v -0.02216410 0.03184098 0.00361753
v -0.02188140 0.03147017 0.00307929
v -0.02076470 0.03073251 0.00400162
v -0.02216410 0.03184098 0.00361753
v -0.01772058 0.02918750 0.01078933
v -0.01774030 0.06602144 0.01075410
v -0.01791524 0.06647169 0.01015043
v -0.01802515 0.03160429 0.00985634
v -0.01772058 0.02918750 0.01078933
v -0.01791524 0.06647169 0.01015043
v -0.02274304 0.03951668 0.00518072
v -0.02175712 0.03580552 0.00588691
v -0.02037376 0.03577584 0.00713819
v -0.02360594 0.03264099 0.00281346
v -0.02188140 0.03147017 0.00307929
v -0.02216410 0.03184098 0.00361753
v -0.02775740 0.03533804 0.00098716
v -0.02470123 0.03379857 0.00283003
v -0.02827692 0.03666877 0.00099636
v -0.02094292 0.06274831 0.00625563
v -0.02272903 0.05958044 0.00472617
v -0.01939404 0.04723829 0.00803059
v -0.02272903 0.05958044 0.00472617
v -0.02037376 0.03577584 0.00713819
v -0.01939404 0.04723829 0.00803059
v -0.01791524 0.06647169 0.01015043
v -0.01841259 0.06721901 0.00915426
v -0.01812714 0.03587830 0.00975346
v -0.01939404 0.04723829 0.00803059
v -0.01966446 0.06746518 0.00746632
v -0.02094292 0.06274831 0.00625563
v -0.02089798 0.03079861 0.00260723
v -0.02188140 0.03147017 0.00307929
v -0.02290761 0.03190577 0.00164449
v -0.02575343 0.05631250 0.00237268
v -0.02274304 0.03951668 0.00518072
v -0.02272903 0.05958044 0.00472617
v -0.02425217 0.03745794 0.00403214
v -0.02365881 0.03549790 0.00427252
v -0.02175712 0.03580552 0.00588691
v -0.01939404 0.04723829 0.00803059
v -0.01867288 0.05988305 0.00883615
v -0.01966446 0.06746518 0.00746632
v -0.02154940 0.03136479 0.00095651
v -0.02089798 0.03079861 0.00260723
v -0.02290761 0.03190577 0.00164449
v -0.01824826 -0.08454859 0.00954837
v -0.01824826 -0.08454859 0.00954837
v -0.01772058 0.06867736 0.01191878
v -0.01792448 0.07042783 0.01237481
v -0.01794481 0.06854307 0.01061469
v -0.01841259 0.06721901 0.00915426
v -0.01870036 0.06902253 0.00909299
v -0.01982951 0.06876266 0.00735372
v -0.02535498 0.03298443 0.00100255
v -0.02360594 0.03264099 0.00281346
v -0.02650457 0.03375881 0.00096469
v -0.02094292 0.06274831 0.00625563
v -0.01966446 0.06746518 0.00746632
v -0.02205663 0.06956535 0.00496638
v -0.01870036 0.06902253 0.00909299
v -0.01794481 0.06854307 0.01061469
v -0.01844459 0.07102495 0.01078271
v -0.01844459 0.07102495 0.01078271
v -0.01942962 0.07219213 0.00935709
v -0.01870036 0.06902253 0.00909299
v -0.01966446 0.06746518 0.00746632
v -0.01982951 0.06876266 0.00735372
v -0.02205663 0.06956535 0.00496638
v -0.01794481 0.06854307 0.01061469
v -0.01792448 0.07042783 0.01237481
v -0.01844459 0.07102495 0.01078271
v -0.02272903 0.05958044 0.00472617
v -0.02094292 0.06274831 0.00625563
v -0.02205663 0.06956535 0.00496638
v -0.02650457 0.03375881 0.00096469
v -0.02360594 0.03264099 0.00281346
v -0.02470123 0.03379857 0.00283003
v -0.01844459 0.07102495 0.01078271
v -0.01792448 0.07042783 0.01237481
v -0.01857239 0.07278394 0.01231306
v -0.01772117 -0.06711560 0.01091980
v -0.01771545 -0.06585615 0.01072973
v -0.01778531 -0.06935691 0.00953382
v -0.02184522 0.07192295 0.00561225
v -0.01985681 0.07064169 0.00785112
v -0.02105152 0.07302445 0.00712168
v -0.02575343 0.05631250 0.00237268
v -0.02272903 0.05958044 0.00472617
v -0.02642500 0.07150012 0.00101477
v -0.02037376 0.03577584 0.00713819
v -0.02272903 0.05958044 0.00472617
v -0.02274304 0.03951668 0.00518072
v -0.02184522 0.07192295 0.00561225
v -0.02619856 0.07397419 0.00136632
v -0.02205663 0.06956535 0.00496638
v -0.01857239 0.07278394 0.01231306
v -0.02003532 0.07641583 0.01209843
v -0.01967447 0.07449460 0.01077049
v -0.02149051 0.07753175 0.00949609
v -0.01942962 0.07219213 0.00935709
v -0.01967447 0.07449460 0.01077049
v -0.02861595 0.03937429 0.00099797
v -0.02425217 0.03745794 0.00403214
v -0.02274304 0.03951668 0.00518072
v -0.02105152 0.07302445 0.00712168
v -0.02212774 0.07617062 0.00726414
v -0.02564173 0.07851934 0.00355220
v -0.02798712 0.04933762 0.00099994
v -0.02861595 0.03937429 0.00099797
v -0.02274304 0.03951668 0.00518072
v -0.02798712 0.04933762 0.00099994
v -0.02274304 0.03951668 0.00518072
v -0.02575343 0.05631250 0.00237268
v -0.02123636 0.07894605 0.01174789
v -0.01967447 0.07449460 0.01077049
v -0.02003532 0.07641583 0.01209843
v -0.02184522 0.07192295 0.00561225
v -0.02105152 0.07302445 0.00712168
v -0.02564173 0.07851934 0.00355220
v -0.01841259 0.06721901 0.00915426
v -0.01966446 0.06746518 0.00746632
v -0.01867288 0.05988305 0.00883615
v -0.01791524 0.06647169 0.01015043
v -0.01794481 0.06854307 0.01061469
v -0.01841259 0.06721901 0.00915426
v -0.02827692 0.03666877 0.00099636
v -0.02861595 0.03937429 0.00099797
v -0.02856642 0.03869539 -0.00454307
v -0.02062785 0.03086858 -0.00470495
v -0.01969182 0.03009063 -0.00438821
v -0.02064394 0.03080344 0.00099382
v -0.02811110 0.03623747 -0.00465053
v -0.02765685 0.03518486 -0.00449026
v -0.02775740 0.03533804 0.00098716
v -0.02856642 0.03869539 -0.00454307
v -0.02835083 0.03714478 -0.00451875
v -0.02827692 0.03666877 0.00099636
v -0.01971387 0.02990382 0.00128537
v -0.01873248 0.02900457 -0.00457335
v -0.01889127 0.02856278 0.00216699
v -0.02064394 0.03080344 0.00099382
v -0.01969182 0.03009063 -0.00438821
v -0.01971387 0.02990382 0.00128537
v -0.02827692 0.03666877 0.00099636
v -0.02835083 0.03714478 -0.00451875
v -0.02811110 0.03623747 -0.00465053
v -0.02154940 0.03136479 0.00095651
v -0.02165019 0.03145796 -0.00480926
v -0.02064394 0.03080344 0.00099382
v -0.02165019 0.03145796 -0.00480926
v -0.02062785 0.03086858 -0.00470495
v -0.02064394 0.03080344 0.00099382
v -0.02775740 0.03533804 0.00098716
v -0.02827692 0.03666877 0.00099636
v -0.02811110 0.03623747 -0.00465053
v -0.01969182 0.03009063 -0.00438821
v -0.01873248 0.02900457 -0.00457335
v -0.01971387 0.02990382 0.00128537
v -0.02680569 0.03409284 -0.00473237
v -0.02594316 0.03334671 -0.00435823
v -0.02650457 0.03375881 0.00096469
v -0.02723366 0.03452372 0.00099192
v -0.02775740 0.03533804 0.00098716
v -0.02720630 0.03448969 -0.00419396
v -0.02765685 0.03518486 -0.00449026
v -0.02650457 0.03375881 0.00096469
v -0.02723366 0.03452372 0.00099192
v -0.02720630 0.03448969 -0.00419396
v -0.02720630 0.03448969 -0.00419396
v -0.02680569 0.03409284 -0.00473237
v -0.02650457 0.03375881 0.00096469
v -0.02535498 0.03298443 0.00100255
v -0.02650457 0.03375881 0.00096469
v -0.02594316 0.03334671 -0.00435823
v -0.01873248 0.02900457 -0.00457335
v -0.01790994 0.02767449 -0.00512677
v -0.01889127 0.02856278 0.00216699
v -0.02535498 0.03298443 0.00100255
v -0.02594316 0.03334671 -0.00435823
v -0.02460747 0.03260397 -0.00435215
v -0.02290761 0.03190577 0.00164449
v -0.02535498 0.03298443 0.00100255
v -0.02460747 0.03260397 -0.00435215
v -0.01759243 0.02672994 -0.00497830
v -0.01838475 0.02730405 0.00102413
v -0.01790994 0.02767449 -0.00512677
v -0.01889127 0.02856278 0.00216699
v -0.01790994 0.02767449 -0.00512677
v -0.01838475 0.02730405 0.00102413
v -0.02290761 0.03190577 0.00164449
v -0.02460747 0.03260397 -0.00435215
v -0.02154940 0.03136479 0.00095651
v -0.02460747 0.03260397 -0.00435215
v -0.02165019 0.03145796 -0.00480926
v -0.02154940 0.03136479 0.00095651
v -0.01759243 0.02672994 -0.00497830
v -0.01823639 0.02629685 0.00094581
v -0.01838475 0.02730405 0.00102413
v -0.02857756 0.04071611 -0.00435334
v -0.02856642 0.03869539 -0.00454307
v -0.02861595 0.03937429 0.00099797
v -0.02334362 0.08791196 0.02022451
v -0.02211022 0.09042674 0.03104621
v -0.02159857 0.09347671 0.03178572
v -0.02186501 0.09493488 0.02326601
v -0.02299153 0.09281504 0.01331341
v -0.02159857 0.09347671 0.03178572
v -0.02334362 0.08791196 0.02022451
v -0.02159857 0.09347671 0.03178572
v -0.02403748 0.08817690 0.00983906
v -0.02421218 0.08571201 0.01263672
v -0.02334362 0.08791196 0.02022451
v -0.02403748 0.08817690 0.00983906
v -0.02159857 0.09347671 0.03178572
v -0.02299153 0.09281504 0.01331341
v -0.02403748 0.08817690 0.00983906
v -0.02450364 0.08473956 0.01037549
v -0.02421218 0.08571201 0.01263672
v -0.02403748 0.08817690 0.00983906
v -0.02299153 0.09281504 0.01331341
v -0.02365827 0.09104245 0.00748169
v -0.02403748 0.08817690 0.00983906
v -0.02450364 0.08473956 0.01037549
v -0.02403748 0.08817690 0.00983906
v -0.02432781 0.08836299 0.00336027
v -0.02490073 0.08293050 0.00768495
v -0.02527326 0.08088010 0.00547069
v -0.02490073 0.08293050 0.00768495
v -0.02432781 0.08836299 0.00336027
v -0.02365827 0.09104245 0.00748169
v -0.02432781 0.08836299 0.00336027
v -0.02403748 0.08817690 0.00983906
v -0.02564173 0.07851934 0.00355220
v -0.02527326 0.08088010 0.00547069
v -0.02432781 0.08836299 0.00336027
v -0.02511799 0.08348435 -0.00187427
v -0.01745975 0.08553916 0.06286764
v -0.01735335 0.08836823 0.06330859
v -0.01800870 0.08921474 0.06077188
v -0.01887381 0.08946073 0.05670869
v -0.01745975 0.08553916 0.06286764
v -0.01800870 0.08921474 0.06077188
v -0.01735335 0.08836823 0.06330859
v -0.01708579 0.09049236 0.06336343
v -0.01769191 0.09160608 0.06114113
v -0.01024436 0.09407389 0.06498140
v 0.00000000 0.09340620 0.06565153
v 0.00000000 0.09534668 0.06420850
v -0.01800870 0.08921474 0.06077188
v -0.01735335 0.08836823 0.06330859
v -0.01769191 0.09160608 0.06114113
v -0.01708579 0.09049236 0.06336343
v -0.01640081 0.09197062 0.06381958
v -0.01709741 0.09187358 0.06248897
v -0.01708579 0.09049236 0.06336343
v -0.01709741 0.09187358 0.06248897
v -0.01769191 0.09160608 0.06114113
v -0.01640081 0.09197062 0.06381958
v -0.01541656 0.09266525 0.06443399
v -0.01646602 0.09367853 0.06212985
v -0.01646602 0.09367853 0.06212985
v -0.01541656 0.09266525 0.06443399
v -0.01566225 0.09435176 0.06246185
v -0.01541656 0.09266525 0.06443399
v -0.01465344 0.09337788 0.06440985
v -0.01566225 0.09435176 0.06246185
v -0.01566225 0.09435176 0.06246185
v -0.01465344 0.09337788 0.06440985
v -0.01449280 0.09549635 0.06215095
v -0.01265275 0.09369188 0.06495857
v -0.01024436 0.09407389 0.06498140
v -0.01137840 0.09566038 0.06317824
v -0.01465344 0.09337788 0.06440985
v -0.01369553 0.09364044 0.06467497
v -0.01349532 0.09477913 0.06354916
v -0.01449280 0.09549635 0.06215095
v -0.01465344 0.09337788 0.06440985
v -0.01349532 0.09477913 0.06354916
v -0.01265275 0.09369188 0.06495857
v -0.01137840 0.09566038 0.06317824
v -0.01349532 0.09477913 0.06354916
v -0.01369553 0.09364044 0.06467497
v -0.01265275 0.09369188 0.06495857
v -0.01349532 0.09477913 0.06354916
v -0.00653815 0.09799247 0.06123512
v -0.01024436 0.09407389 0.06498140
v 0.00000000 0.09691917 0.06275653
v -0.00653815 0.09799247 0.06123512
v -0.01137840 0.09566038 0.06317824
v -0.01024436 0.09407389 0.06498140
v -0.01137840 0.09566038 0.06317824
v -0.01275247 0.09729647 0.06080383
v -0.01349532 0.09477913 0.06354916
v -0.01275247 0.09729647 0.06080383
v -0.01449280 0.09549635 0.06215095
v -0.01349532 0.09477913 0.06354916
v -0.01800870 0.08921474 0.06077188
v -0.01836138 0.09154033 0.05878388
v -0.01887381 0.08946073 0.05670869
v -0.01566225 0.09435176 0.06246185
v -0.01449280 0.09549635 0.06215095
v -0.01541125 0.09688031 0.05954456
v -0.01541125 0.09688031 0.05954456
v -0.01661854 0.09594374 0.05920177
v -0.01566225 0.09435176 0.06246185
v 0.00000000 0.09691917 0.06275653
v 0.00000000 0.09877943 0.06064033
v -0.00653815 0.09799247 0.06123512
v 0.00000000 0.09877943 0.06064033
v -0.00697893 0.09990084 0.05869418
v -0.00653815 0.09799247 0.06123512
v -0.01275247 0.09729647 0.06080383
v -0.00952595 0.09813839 0.06062150
v -0.01084989 0.09979736 0.05807662
v -0.00653815 0.09799247 0.06123512
v -0.00697893 0.09990084 0.05869418
v -0.00952595 0.09813839 0.06062150
v -0.00697893 0.09990084 0.05869418
v -0.01084989 0.09979736 0.05807662
v -0.00952595 0.09813839 0.06062150
v -0.01449280 0.09549635 0.06215095
v -0.01275247 0.09729647 0.06080383
v -0.01435667 0.09964692 0.05661839
v -0.02642500 0.07150012 0.00101477
v -0.02619856 0.07397419 0.00136632
v -0.02635508 0.07218623 -0.00471967
v -0.01541125 0.09688031 0.05954456
v -0.01449280 0.09549635 0.06215095
v -0.01435667 0.09964692 0.05661839
v -0.02600640 0.07611167 -0.00422812
v -0.02619856 0.07397419 0.00136632
v -0.02596211 0.07607930 0.00215918
v -0.02600640 0.07611167 -0.00422812
v -0.02550464 0.08057665 -0.00319368
v -0.01084989 0.09979736 0.05807662
v -0.01295900 0.09975892 0.05728316
v -0.01275247 0.09729647 0.06080383
v -0.02596211 0.07607930 0.00215918
v -0.02564173 0.07851934 0.00355220
v -0.02550464 0.08057665 -0.00319368
v -0.01275247 0.09729647 0.06080383
v -0.01295900 0.09975892 0.05728316
v -0.01435667 0.09964692 0.05661839
v -0.02511799 0.08348435 -0.00187427
v -0.01435667 0.09964692 0.05661839
v -0.01589971 0.09923243 0.05582350
v -0.01541125 0.09688031 0.05954456
v -0.01024436 0.09407389 0.06498140
v 0.00000000 0.09534668 0.06420850
v 0.00000000 0.09691917 0.06275653
v -0.01865309 0.09752655 0.05203855
v -0.01869237 0.09497624 0.05487537
v -0.01815778 0.09648334 0.05507731
v -0.01991200 0.09287786 0.04919689
v -0.01932829 0.09226977 0.05330705
v -0.01894474 0.09293800 0.05522114
v -0.01943701 0.09601640 0.04995155
v -0.02004313 0.09488779 0.04691523
v -0.01894474 0.09293800 0.05522114
v -0.01761883 0.09818732 0.05439507
v -0.01806944 0.09834259 0.05285596
v -0.01815778 0.09648334 0.05507731
v -0.01815778 0.09648334 0.05507731
v -0.01806944 0.09834259 0.05285596
v -0.01865309 0.09752655 0.05203855
v -0.01991200 0.09287786 0.04919689
v -0.01869237 0.09497624 0.05487537
v -0.01865309 0.09752655 0.05203855
v -0.01943701 0.09601640 0.04995155
v -0.01865309 0.09752655 0.05203855
v -0.01919049 0.09751802 0.04899847
v -0.01943701 0.09601640 0.04995155
v -0.02072077 0.09240239 0.04328978
v -0.01991200 0.09287786 0.04919689
v -0.02004313 0.09488779 0.04691523
v -0.01919049 0.09751802 0.04899847
v -0.01966089 0.09719043 0.04589515
v -0.01943701 0.09601640 0.04995155
v -0.02004313 0.09488779 0.04691523
v -0.01943701 0.09601640 0.04995155
v -0.01966089 0.09719043 0.04589515
v -0.02107280 0.09605967 0.03105217
v -0.02186501 0.09493488 0.02326601
v -0.02159857 0.09347671 0.03178572
v -0.01137840 0.09566038 0.06317824
v -0.00653815 0.09799247 0.06123512
v -0.00952595 0.09813839 0.06062150
v -0.01137840 0.09566038 0.06317824
v -0.00952595 0.09813839 0.06062150
v -0.01275247 0.09729647 0.06080383
v -0.01800870 0.08921474 0.06077188
v -0.01769191 0.09160608 0.06114113
v -0.01836138 0.09154033 0.05878388
v -0.01769191 0.09160608 0.06114113
v -0.01793837 0.09387618 0.05856812
v -0.01836138 0.09154033 0.05878388
v -0.01646602 0.09367853 0.06212985
v -0.01566225 0.09435176 0.06246185
v -0.01661854 0.09594374 0.05920177
v -0.01661854 0.09594374 0.05920177
v -0.01727145 0.09405899 0.06018805
v -0.01646602 0.09367853 0.06212985
v -0.01769191 0.09160608 0.06114113
v -0.01727145 0.09405899 0.06018805
v -0.01793837 0.09387618 0.05856812
v -0.01869237 0.09497624 0.05487537
v -0.01894474 0.09293800 0.05522114
v -0.01836138 0.09154033 0.05878388
v -0.01869237 0.09497624 0.05487537
v -0.01836138 0.09154033 0.05878388
v -0.01793837 0.09387618 0.05856812
v 0.00000000 0.10014790 0.05870962
v -0.00697893 0.09990084 0.05869418
v 0.00000000 0.09877943 0.06064033
v -0.01887381 0.08946073 0.05670869
v -0.01836138 0.09154033 0.05878388
v -0.01932829 0.09226977 0.05330705
v -0.01836138 0.09154033 0.05878388
v -0.01894474 0.09293800 0.05522114
v -0.01932829 0.09226977 0.05330705
v -0.01815778 0.09648334 0.05507731
v -0.01727145 0.09405899 0.06018805
v -0.01761883 0.09818732 0.05439507
v -0.01727145 0.09405899 0.06018805
v -0.01696348 0.09851688 0.05528253
v -0.01761883 0.09818732 0.05439507
v -0.01894474 0.09293800 0.05522114
v -0.01869237 0.09497624 0.05487537
v -0.01943701 0.09601640 0.04995155
v -0.01661854 0.09594374 0.05920177
v -0.01589971 0.09923243 0.05582350
v -0.01696348 0.09851688 0.05528253
v -0.01735687 0.08128958 0.06274062
v -0.01745975 0.08553916 0.06286764
v -0.01827234 0.08228188 0.05795037
v -0.01745975 0.08553916 0.06286764
v -0.01887381 0.08946073 0.05670869
v -0.01827234 0.08228188 0.05795037
v -0.01727145 0.09405899 0.06018805
v -0.01769191 0.09160608 0.06114113
v -0.01709741 0.09187358 0.06248897
v -0.01640081 0.09197062 0.06381958
v -0.01727145 0.09405899 0.06018805
v -0.01709741 0.09187358 0.06248897
v -0.01727145 0.09405899 0.06018805
v -0.01640081 0.09197062 0.06381958
v -0.01646602 0.09367853 0.06212985
v -0.01661854 0.09594374 0.05920177
v -0.01696348 0.09851688 0.05528253
v -0.01727145 0.09405899 0.06018805
v -0.01727145 0.09405899 0.06018805
v -0.01815778 0.09648334 0.05507731
v -0.01793837 0.09387618 0.05856812
v -0.01815778 0.09648334 0.05507731
v -0.01869237 0.09497624 0.05487537
v -0.01793837 0.09387618 0.05856812
v -0.01589971 0.09923243 0.05582350
v -0.02211022 0.09042674 0.03104621
v -0.02072077 0.09240239 0.04328978
v -0.02004313 0.09488779 0.04691523
v -0.02004313 0.09488779 0.04691523
v -0.01966089 0.09719043 0.04589515
v -0.02159857 0.09347671 0.03178572
v -0.01966089 0.09719043 0.04589515
v -0.02107280 0.09605967 0.03105217
v -0.02159857 0.09347671 0.03178572
v -0.02159857 0.09347671 0.03178572
v -0.02259999 0.07531040 -0.00785530
v 0.00000000 0.07633733 -0.00812888
v 0.00000000 0.07273262 -0.00847691
v 0.00000000 0.08814620 -0.00267219
v -0.02094697 0.08813440 -0.00215888
v 0.00000000 0.09003198 -0.00062671
v 0.00000000 0.07273262 -0.00847691
v -0.02265363 0.07229477 -0.00808221
v -0.02259999 0.07531040 -0.00785530
v 0.00000000 0.08425253 -0.00549358
v -0.02188146 0.08197921 -0.00617439
v -0.02144169 0.08441877 -0.00497168
v 0.00000000 0.09313482 0.00434643
v 0.00000000 0.09197574 0.00216728
v -0.02063584 0.09185111 0.00267482
v -0.02094697 0.08813440 -0.00215888
v -0.02109390 0.08937001 -0.00083139
v 0.00000000 0.09003198 -0.00062671
v 0.00000000 0.09313482 0.00434643
v -0.02063584 0.09185111 0.00267482
v -0.02035927 0.09312283 0.00515932
v -0.02092295 0.09064459 0.00080682
v -0.02063584 0.09185111 0.00267482
v 0.00000000 0.09197574 0.00216728
v 0.00000000 0.09003198 -0.00062671
v -0.02109390 0.08937001 -0.00083139
v -0.02092295 0.09064459 0.00080682
v -0.02163052 0.08656090 -0.00348645
v 0.00000000 0.08814620 -0.00267219
v 0.00000000 0.08619076 -0.00426060
v 0.00000000 0.08190739 -0.00663334
v -0.02222675 0.07886165 -0.00721681
v -0.02188146 0.08197921 -0.00617439
v 0.00000000 0.08814620 -0.00267219
v -0.02163052 0.08656090 -0.00348645
v -0.02094697 0.08813440 -0.00215888
v 0.00000000 0.09422010 0.00691193
v 0.00000000 0.09313482 0.00434643
v -0.02035927 0.09312283 0.00515932
v -0.02092295 0.09064459 0.00080682
v 0.00000000 0.09197574 0.00216728
v 0.00000000 0.09003198 -0.00062671
v 0.00000000 0.08619076 -0.00426060
v -0.02144169 0.08441877 -0.00497168
v -0.02163052 0.08656090 -0.00348645
v 0.00000000 0.07924503 -0.00750321
v -0.02222675 0.07886165 -0.00721681
v 0.00000000 0.08190739 -0.00663334
v 0.00000000 0.08190739 -0.00663334
v -0.02144169 0.08441877 -0.00497168
v 0.00000000 0.08619076 -0.00426060
v 0.00000000 0.08425253 -0.00549358
v 0.00000000 0.09505736 0.00942606
v -0.01972121 0.09506952 0.01071655
v 0.00000000 0.09593093 0.01289165
v -0.02035927 0.09312283 0.00515932
v -0.02019309 0.09406846 0.00757271
v 0.00000000 0.09422010 0.00691193
v 0.00000000 0.09422010 0.00691193
v -0.02019309 0.09406846 0.00757271
v 0.00000000 0.09505736 0.00942606
v -0.02019309 0.09406846 0.00757271
v -0.01972121 0.09506952 0.01071655
v 0.00000000 0.09505736 0.00942606
v -0.02222675 0.07886165 -0.00721681
v 0.00000000 0.07924503 -0.00750321
v 0.00000000 0.07633733 -0.00812888
v -0.02259999 0.07531040 -0.00785530
v -0.02222675 0.07886165 -0.00721681
v 0.00000000 0.07633733 -0.00812888
v -0.01337915 0.10032470 0.05524343
v -0.00826281 0.10043680 0.05679821
v 0.00000000 0.10056990 0.05746334
v -0.01772028 0.09880161 0.03267461
v -0.01688390 0.09953457 0.03971993
v 0.00000000 0.09912401 0.03232187
v 0.00000000 0.09753769 0.02142173
v -0.01848602 0.09779846 0.02521109
v 0.00000000 0.09912401 0.03232187
v -0.01848602 0.09779846 0.02521109
v -0.01772028 0.09880161 0.03267461
v 0.00000000 0.09912401 0.03232187
v -0.01688390 0.09953457 0.03971993
v -0.01612508 0.10007570 0.04775166
v 0.00000000 0.10016570 0.04405695
v -0.01918029 0.09657603 0.01802015
v 0.00000000 0.09753769 0.02142173
v 0.00000000 0.09593093 0.01289165
v 0.00000000 0.09912401 0.03232187
v -0.01688390 0.09953457 0.03971993
v 0.00000000 0.10016570 0.04405695
v -0.01918029 0.09657603 0.01802015
v 0.00000000 0.09593093 0.01289165
v -0.01972121 0.09506952 0.01071655
v -0.01612508 0.10007570 0.04775166
v -0.01337915 0.10032470 0.05524343
v 0.00000000 0.10052150 0.05219072
v -0.01337915 0.10032470 0.05524343
v 0.00000000 0.10056990 0.05746334
v 0.00000000 0.10052150 0.05219072
v -0.01612508 0.10007570 0.04775166
v 0.00000000 0.10052150 0.05219072
v 0.00000000 0.10016570 0.04405695
v -0.01918029 0.09657603 0.01802015
v -0.01848602 0.09779846 0.02521109
v 0.00000000 0.09753769 0.02142173
v -0.01730364 0.04331290 0.06294345
v -0.01735687 0.08128958 0.06274062
v -0.01827234 0.08228188 0.05795037
v -0.01733583 -0.08140993 0.06283122
v -0.01825010 -0.08402371 0.05801284
v -0.02642500 0.07150012 0.00101477
v -0.02635508 0.07218623 -0.00471967
v -0.02798712 0.04933762 0.00099994
v -0.02857756 0.04071611 -0.00435334
v -0.02798712 0.04933762 0.00099994
v -0.02857756 0.04071611 -0.00435334
v -0.02861595 0.03937429 0.00099797
v -0.01383769 -0.08758366 -0.00416732
v -0.00400031 -0.08644878 -0.00525630
v -0.00400031 -0.08794635 -0.00413072
v -0.01383769 -0.08758366 -0.00416732
v -0.01360583 -0.08575350 -0.00547576
v -0.00400031 -0.08644878 -0.00525630
v -0.01402860 -0.09442085 0.00776583
v -0.01391977 -0.09338915 0.00457680
v -0.00400031 -0.09407943 0.00588679
v -0.01402860 -0.09442085 0.00776583
v -0.00400031 -0.09407943 0.00588679
v -0.00400031 -0.09553843 0.01137673
v -0.01352363 -0.08885848 -0.00304717
v -0.00400031 -0.08794635 -0.00413072
v -0.00400031 -0.08937203 -0.00277323
v -0.01391458 -0.08247613 -0.00690424
v -0.01362800 -0.07976871 -0.00764543
v -0.00400031 -0.08113706 -0.00752991
v -0.01352363 -0.08885848 -0.00304717
v -0.01383769 -0.08758366 -0.00416732
v -0.00400031 -0.08794635 -0.00413072
v -0.01405912 -0.09597444 0.01439887
v -0.01402860 -0.09442085 0.00776583
v -0.00400031 -0.09553843 0.01137673
v -0.01391458 -0.08247613 -0.00690424
v -0.00400031 -0.08113706 -0.00752991
v -0.00400031 -0.08414578 -0.00650620
v -0.01382780 -0.08998435 -0.00172830
v -0.01352363 -0.08885848 -0.00304717
v -0.00400031 -0.08937203 -0.00277323
v -0.01375025 -0.08395832 -0.00635457
v -0.01391458 -0.08247613 -0.00690424
v -0.00400031 -0.08414578 -0.00650620
v -0.01382780 -0.08998435 -0.00172830
v -0.00400031 -0.08937203 -0.00277323
v -0.00400031 -0.09089785 -0.00084768
v -0.01397037 -0.07645881 -0.00805634
v -0.00400031 -0.07299888 -0.00841898
v -0.00400031 -0.07734733 -0.00818777
v -0.01400738 -0.07363653 -0.00820220
v -0.01374655 -0.09129750 0.00011714
v -0.01382780 -0.08998435 -0.00172830
v -0.00400031 -0.09089785 -0.00084768
v -0.01360583 -0.08575350 -0.00547576
v -0.01375025 -0.08395832 -0.00635457
v -0.00400031 -0.08414578 -0.00650620
v -0.01374655 -0.09129750 0.00011714
v -0.00400031 -0.09089785 -0.00084768
v -0.00400025 -0.09254413 0.00198609
v -0.01360583 -0.08575350 -0.00547576
v -0.00400031 -0.08414578 -0.00650620
v -0.00400031 -0.08644878 -0.00525630
v -0.01359117 -0.09256219 0.00249821
v -0.01374655 -0.09129750 0.00011714
v -0.00400025 -0.09254413 0.00198609
v -0.01362800 -0.07976871 -0.00764543
v -0.01397037 -0.07645881 -0.00805634
v -0.00400031 -0.07734733 -0.00818777
v -0.01362800 -0.07976871 -0.00764543
v -0.00400031 -0.07734733 -0.00818777
v -0.00400031 -0.08113706 -0.00752991
v -0.01391977 -0.09338915 0.00457680
v -0.01359117 -0.09256219 0.00249821
v -0.00400025 -0.09254413 0.00198609
v -0.00400031 -0.09407943 0.00588679
v -0.00400031 -0.07299888 -0.00841898
v -0.00400031 -0.04506981 -0.00843012
v -0.00395310 -0.04506886 -0.01389724
v -0.00399589 -0.10183590 0.00762206
v -0.00400031 -0.09407943 0.00588679
v -0.00400025 -0.09254413 0.00198609
v -0.00398910 -0.10193780 -0.00861114
v -0.00399649 -0.09862416 -0.01355731
v -0.00400031 -0.07299888 -0.00841898
v -0.00395310 -0.04506886 -0.01389724
v -0.00400031 -0.07734733 -0.00818777
v -0.00400031 -0.09089785 -0.00084768
v -0.00399589 -0.10183590 0.00762206
v -0.00396591 -0.10062680 0.01159870
v -0.00400031 -0.09553843 0.01137673
v -0.00400031 -0.08937203 -0.00277323
v -0.00396591 -0.10062680 0.01159870
v -0.00399172 -0.09654337 0.01634633
v -0.00400031 -0.09553843 0.01137673
v -0.00400031 -0.09553843 0.01137673
v -0.00400031 -0.08113706 -0.00752991
v -0.00400031 -0.08414578 -0.00650620
v -0.00400031 -0.08644878 -0.00525630
v -0.00400031 -0.08794635 -0.00413072
v -0.00396043 -0.10055100 -0.01259547
v -0.00398910 -0.10193780 -0.00861114
v -0.00399649 -0.09862416 -0.01355731
v -0.01819550 0.02632331 0.00575781
v -0.01823639 0.02629685 0.00094581
v -0.01806694 0.02641183 0.00779933
v -0.01823639 0.02629685 0.00094581
v -0.01759243 0.02672994 -0.00497830
v -0.01806694 0.02641183 0.00779933
v -0.01806694 0.02641183 0.00779933
v -0.01759243 0.02672994 -0.00497830
v -0.01730519 0.02691859 0.00783467
v -0.01759243 0.02672994 -0.00497830
v -0.01730448 0.02691823 -0.00603348
v -0.01730519 0.02691859 0.00783467
v -0.01730448 0.02691823 -0.00603348
v -0.01693195 0.02717745 -0.00669366
v -0.01730519 0.02691859 0.00783467
v -0.01730519 0.02691859 0.00783467
v -0.01693195 0.02717745 -0.00669366
v -0.01658165 0.02736848 0.00809747
v -0.01598632 0.02772003 0.00931966
v -0.01693195 0.02717745 -0.00669366
v -0.01540750 0.02804780 0.00236827
v -0.01658165 0.02736848 0.00809747
v -0.01693195 0.02717745 -0.00669366
v -0.01598632 0.02772003 0.00931966
v -0.01658165 0.02736848 0.00809747
v -0.01598632 0.02772003 0.00931966
v -0.01613301 0.02763557 0.00844294
v -0.01693195 0.02717745 -0.00669366
v -0.01526182 0.02812409 0.00100034
v -0.01540750 0.02804780 0.00236827
v -0.01786464 0.02380549 0.00779980
v -0.01806694 0.02641183 0.00779933
v -0.01730519 0.02691859 0.00783467
v -0.01785570 -0.02655535 0.00779724
v -0.01786464 0.02380549 0.00779980
v -0.01737529 0.01386004 0.00782704
v -0.00199199 -0.03195571 -0.00596982
v 0.00000000 -0.03199917 -0.00700796
v -0.00191945 -0.03195518 -0.00697982
v -0.01478117 -0.02838206 -0.00483382
v -0.01509308 -0.02822136 -0.00673282
v -0.01574355 -0.02785933 0.00112086
v -0.01574355 -0.02785933 0.00112086
v -0.01653671 -0.02739608 -0.00670886
v -0.01620465 -0.02759420 0.00831604
v -0.01653671 -0.02739608 -0.00670886
v -0.01689577 -0.02717638 -0.00617242
v -0.01620465 -0.02759420 0.00831604
v -0.01689577 -0.02717638 -0.00617242
v -0.01725304 -0.02695399 -0.00526500
v -0.01720732 -0.02698153 0.00785863
v -0.00199199 -0.03195571 -0.00596982
v -0.00191945 -0.03195518 -0.00697982
v -0.00495309 -0.03162568 -0.00692129
v -0.01720732 -0.02698153 0.00785863
v -0.00199199 -0.03195571 -0.00596982
v -0.00495309 -0.03162568 -0.00692129
v -0.00496602 -0.03161674 -0.00591785
v -0.00496602 -0.03161674 -0.00591785
v -0.00495309 -0.03162568 -0.00692129
v -0.00807154 -0.03098642 -0.00586373
v -0.01720732 -0.02698153 0.00785863
v -0.01725304 -0.02695399 -0.00526500
v -0.01785570 -0.02655535 0.00779724
v -0.00807154 -0.03098642 -0.00586373
v -0.00495309 -0.03162568 -0.00692129
v -0.00811046 -0.03097021 -0.00686222
v -0.01725304 -0.02695399 -0.00526500
v -0.01824945 -0.02628624 0.00099497
v -0.01785570 -0.02655535 0.00779724
v -0.01574355 -0.02785933 0.00112086
v -0.01509308 -0.02822136 -0.00673282
v -0.01653671 -0.02739608 -0.00670886
v -0.00807154 -0.03098642 -0.00586373
v -0.00811046 -0.03097021 -0.00686222
v -0.01068258 -0.03016918 -0.00681609
v -0.00807154 -0.03098642 -0.00586373
v -0.01068258 -0.03016918 -0.00681609
v -0.01149225 -0.02987670 -0.00580400
v -0.01149225 -0.02987670 -0.00580400
v -0.01068258 -0.03016918 -0.00681609
v -0.01284831 -0.02931982 -0.00677884
v -0.01149225 -0.02987670 -0.00580400
v -0.01284831 -0.02931982 -0.00677884
v -0.01381129 -0.02886861 -0.00572878
v -0.01527011 -0.02812165 0.01008749
v -0.01531684 -0.02809709 0.00874245
v -0.01550889 -0.02798962 0.00917870
v -0.01440834 -0.02857267 -0.00536078
v -0.01381129 -0.02886861 -0.00572878
v -0.01509308 -0.02822136 -0.00673282
v -0.01381129 -0.02886861 -0.00572878
v -0.01284831 -0.02931982 -0.00677884
v -0.01509308 -0.02822136 -0.00673282
v -0.01440834 -0.02857267 -0.00536078
v -0.01509308 -0.02822136 -0.00673282
v -0.01478117 -0.02838206 -0.00483382
v -0.01574355 -0.02785933 0.00112086
v -0.01620465 -0.02759420 0.00831604
v -0.01954180 0.03197079 -0.00733918
v -0.01886272 0.03069287 -0.00688422
v -0.01998221 0.03157371 -0.00680250
v -0.01768273 0.03154402 -0.00790912
v -0.01965516 0.03298032 -0.00779182
v -0.01952630 0.03413528 -0.00813079
v -0.01804322 0.03064543 -0.00739318
v -0.01886272 0.03069287 -0.00688422
v -0.01954180 0.03197079 -0.00733918
v -0.01804322 0.03064543 -0.00739318
v -0.01954180 0.03197079 -0.00733918
v -0.01965516 0.03298032 -0.00779182
v -0.01804322 0.03064543 -0.00739318
v -0.01790899 0.02950787 -0.00685328
v -0.01886272 0.03069287 -0.00688422
v -0.01765668 0.02802896 -0.00610465
v -0.01860290 0.02908128 -0.00537312
v -0.01841217 0.02931785 -0.00609893
v -0.01719450 0.02840209 -0.00694603
v -0.01765668 0.02802896 -0.00610465
v -0.01841217 0.02931785 -0.00609893
v -0.01790899 0.02950787 -0.00685328
v -0.01719450 0.02840209 -0.00694603
v -0.01841217 0.02931785 -0.00609893
v -0.02856642 0.03869539 -0.00454307
v -0.02857756 0.04071611 -0.00435334
v -0.02839928 0.03962457 -0.00544399
v -0.01719450 0.02840209 -0.00694603
v -0.01693195 0.02717745 -0.00669366
v -0.01765668 0.02802896 -0.00610465
v -0.01730448 0.02691823 -0.00603348
v -0.01719450 0.02840209 -0.00694603
v -0.01642018 0.02854341 -0.00763243
v -0.01693195 0.02717745 -0.00669366
v -0.02765685 0.03518486 -0.00449026
v -0.02731513 0.03486478 -0.00511521
v -0.02680569 0.03409284 -0.00473237
v -0.02765685 0.03518486 -0.00449026
v -0.02680569 0.03409284 -0.00473237
v -0.02720630 0.03448969 -0.00419396
v -0.02759778 0.03959286 -0.00676691
v -0.02839928 0.03962457 -0.00544399
v -0.02796757 0.04108822 -0.00617909
v -0.02762407 0.03573542 -0.00561345
v -0.02765685 0.03518486 -0.00449026
v -0.02811110 0.03623747 -0.00465053
v -0.02762407 0.03573542 -0.00561345
v -0.02731513 0.03486478 -0.00511521
v -0.02765685 0.03518486 -0.00449026
v -0.02815294 0.03720879 -0.00543207
v -0.02835083 0.03714478 -0.00451875
v -0.02856642 0.03869539 -0.00454307
v -0.02680569 0.03409284 -0.00473237
v -0.02731513 0.03486478 -0.00511521
v -0.02663391 0.03436774 -0.00572652
v -0.02762407 0.03573542 -0.00561345
v -0.02680438 0.03484261 -0.00612843
v -0.02731513 0.03486478 -0.00511521
v -0.02731513 0.03486478 -0.00511521
v -0.02680438 0.03484261 -0.00612843
v -0.02663391 0.03436774 -0.00572652
v -0.02811110 0.03623747 -0.00465053
v -0.02835083 0.03714478 -0.00451875
v -0.02815294 0.03720879 -0.00543207
v -0.02631807 0.03377467 -0.00512385
v -0.02680569 0.03409284 -0.00473237
v -0.02663391 0.03436774 -0.00572652
v -0.02762407 0.03573542 -0.00561345
v -0.02777248 0.03716588 -0.00621742
v -0.02704781 0.03600966 -0.00664806
v -0.02777248 0.03716588 -0.00621742
v -0.02839928 0.03962457 -0.00544399
v -0.02759778 0.03959286 -0.00676691
v -0.02680438 0.03484261 -0.00612843
v -0.02762407 0.03573542 -0.00561345
v -0.02704781 0.03600966 -0.00664806
v -0.02746719 0.03785765 -0.00673771
v -0.02777248 0.03716588 -0.00621742
v -0.02759778 0.03959286 -0.00676691
v -0.02580296 0.03377348 -0.00590968
v -0.02663391 0.03436774 -0.00572652
v -0.02680438 0.03484261 -0.00612843
v -0.02696537 0.03734266 -0.00715166
v -0.02746719 0.03785765 -0.00673771
v -0.02759778 0.03959286 -0.00676691
v -0.02479165 0.03372406 -0.00668234
v -0.02458435 0.03310203 -0.00597930
v -0.02580296 0.03377348 -0.00590968
v -0.02696537 0.03734266 -0.00715166
v -0.02759778 0.03959286 -0.00676691
v -0.02656579 0.03985047 -0.00758356
v -0.02696537 0.03734266 -0.00715166
v -0.02777248 0.03716588 -0.00621742
v -0.02746719 0.03785765 -0.00673771
v -0.02500844 0.03294843 -0.00519502
v -0.02165019 0.03145796 -0.00480926
v -0.02460747 0.03260397 -0.00435215
v -0.02609640 0.03739589 -0.00769895
v -0.02696537 0.03734266 -0.00715166
v -0.02656579 0.03985047 -0.00758356
v -0.02642631 0.03659904 -0.00738490
v -0.02549302 0.03620797 -0.00776344
v -0.02625763 0.03540915 -0.00707430
v -0.02704781 0.03600966 -0.00664806
v -0.02777248 0.03716588 -0.00621742
v -0.02696537 0.03734266 -0.00715166
v -0.02458435 0.03310203 -0.00597930
v -0.02159279 0.03173613 -0.00571734
v -0.02500844 0.03294843 -0.00519502
v -0.02642631 0.03659904 -0.00738490
v -0.02704781 0.03600966 -0.00664806
v -0.02696537 0.03734266 -0.00715166
v -0.02563184 0.03839391 -0.00793934
v -0.02609640 0.03739589 -0.00769895
v -0.02656579 0.03985047 -0.00758356
v -0.02642631 0.03659904 -0.00738490
v -0.02696537 0.03734266 -0.00715166
v -0.02609640 0.03739589 -0.00769895
v -0.02513086 0.03499871 -0.00746256
v -0.02625763 0.03540915 -0.00707430
v -0.02549302 0.03620797 -0.00776344
v -0.02400469 0.03420168 -0.00738847
v -0.02479165 0.03372406 -0.00668234
v -0.02513086 0.03499871 -0.00746256
v -0.02609640 0.03739589 -0.00769895
v -0.02549302 0.03620797 -0.00776344
v -0.02642631 0.03659904 -0.00738490
v -0.02159279 0.03173613 -0.00571734
v -0.02165019 0.03145796 -0.00480926
v -0.02500844 0.03294843 -0.00519502
v -0.02549302 0.03620797 -0.00776344
v -0.02411347 0.03537482 -0.00789189
v -0.02513086 0.03499871 -0.00746256
v -0.02549302 0.03620797 -0.00776344
v -0.02609640 0.03739589 -0.00769895
v -0.02563184 0.03839391 -0.00793934
v -0.02478319 0.03692895 -0.00805902
v -0.02549302 0.03620797 -0.00776344
v -0.02563184 0.03839391 -0.00793934
v -0.02411347 0.03537482 -0.00789189
v -0.02549302 0.03620797 -0.00776344
v -0.02478319 0.03692895 -0.00805902
v -0.02839928 0.03962457 -0.00544399
v -0.02815294 0.03720879 -0.00543207
v -0.02856642 0.03869539 -0.00454307
v -0.02839928 0.03962457 -0.00544399
v -0.02777248 0.03716588 -0.00621742
v -0.02815294 0.03720879 -0.00543207
v -0.02059346 0.03110790 -0.00554424
v -0.02159279 0.03173613 -0.00571734
v -0.02131634 0.03199160 -0.00636667
v -0.02411347 0.03537482 -0.00789189
v -0.01965516 0.03298032 -0.00779182
v -0.02400469 0.03420168 -0.00738847
v -0.02762407 0.03573542 -0.00561345
v -0.02811110 0.03623747 -0.00465053
v -0.02815294 0.03720879 -0.00543207
v -0.02478319 0.03692895 -0.00805902
v -0.01952630 0.03413528 -0.00813079
v -0.02411347 0.03537482 -0.00789189
v -0.02762407 0.03573542 -0.00561345
v -0.02815294 0.03720879 -0.00543207
v -0.02777248 0.03716588 -0.00621742
v -0.02500844 0.03294843 -0.00519502
v -0.02594316 0.03334671 -0.00435823
v -0.02631807 0.03377467 -0.00512385
v -0.01841217 0.02931785 -0.00609893
v -0.01860290 0.02908128 -0.00537312
v -0.01963526 0.03018623 -0.00521028
v -0.01972895 0.03073430 -0.00603783
v -0.01841217 0.02931785 -0.00609893
v -0.01963526 0.03018623 -0.00521028
v -0.01873248 0.02900457 -0.00457335
v -0.01860290 0.02908128 -0.00537312
v -0.01790994 0.02767449 -0.00512677
v -0.01711064 0.03255575 -0.00818443
v -0.01637810 0.03021115 -0.00799888
v -0.01768273 0.03154402 -0.00790912
v -0.01765668 0.02802896 -0.00610465
v -0.01790994 0.02767449 -0.00512677
v -0.01860290 0.02908128 -0.00537312
v -0.01637810 0.03021115 -0.00799888
v -0.01711064 0.03255575 -0.00818443
v -0.01531285 0.02976495 -0.00819683
v -0.01637810 0.03021115 -0.00799888
v -0.01531285 0.02976495 -0.00819683
v -0.01642018 0.02854341 -0.00763243
v -0.01637810 0.03021115 -0.00799888
v -0.01642018 0.02854341 -0.00763243
v -0.01686894 0.02971839 -0.00768113
v -0.01759243 0.02672994 -0.00497830
v -0.01790994 0.02767449 -0.00512677
v -0.01730448 0.02691823 -0.00603348
v -0.01765668 0.02802896 -0.00610465
v -0.01730448 0.02691823 -0.00603348
v -0.01790994 0.02767449 -0.00512677
v -0.02663391 0.03436774 -0.00572652
v -0.02580296 0.03377348 -0.00590968
v -0.02631807 0.03377467 -0.00512385
v -0.02625763 0.03540915 -0.00707430
v -0.02680438 0.03484261 -0.00612843
v -0.02704781 0.03600966 -0.00664806
v -0.02580666 0.03442209 -0.00668418
v -0.02680438 0.03484261 -0.00612843
v -0.02625763 0.03540915 -0.00707430
v -0.02625763 0.03540915 -0.00707430
v -0.02704781 0.03600966 -0.00664806
v -0.02642631 0.03659904 -0.00738490
v -0.02479165 0.03372406 -0.00668234
v -0.02580296 0.03377348 -0.00590968
v -0.02580666 0.03442209 -0.00668418
v -0.02631807 0.03377467 -0.00512385
v -0.02594316 0.03334671 -0.00435823
v -0.02680569 0.03409284 -0.00473237
v -0.02580666 0.03442209 -0.00668418
v -0.02625763 0.03540915 -0.00707430
v -0.02513086 0.03499871 -0.00746256
v -0.02458435 0.03310203 -0.00597930
v -0.02479165 0.03372406 -0.00668234
v -0.02131634 0.03199160 -0.00636667
v -0.02460747 0.03260397 -0.00435215
v -0.02594316 0.03334671 -0.00435823
v -0.02500844 0.03294843 -0.00519502
v -0.02458435 0.03310203 -0.00597930
v -0.02131634 0.03199160 -0.00636667
v -0.02159279 0.03173613 -0.00571734
v -0.02411347 0.03537482 -0.00789189
v -0.02400469 0.03420168 -0.00738847
v -0.02513086 0.03499871 -0.00746256
v -0.02165019 0.03145796 -0.00480926
v -0.02159279 0.03173613 -0.00571734
v -0.02059346 0.03110790 -0.00554424
v -0.02580296 0.03377348 -0.00590968
v -0.02500844 0.03294843 -0.00519502
v -0.02631807 0.03377467 -0.00512385
v -0.01972895 0.03073430 -0.00603783
v -0.02059346 0.03110790 -0.00554424
v -0.02131634 0.03199160 -0.00636667
v -0.01963526 0.03018623 -0.00521028
v -0.01969182 0.03009063 -0.00438821
v -0.02062785 0.03086858 -0.00470495
v -0.02059346 0.03110790 -0.00554424
v -0.01972895 0.03073430 -0.00603783
v -0.01963526 0.03018623 -0.00521028
v -0.02458435 0.03310203 -0.00597930
v -0.02500844 0.03294843 -0.00519502
v -0.02580296 0.03377348 -0.00590968
v -0.01860290 0.02908128 -0.00537312
v -0.01873248 0.02900457 -0.00457335
v -0.01969182 0.03009063 -0.00438821
v -0.01860290 0.02908128 -0.00537312
v -0.01969182 0.03009063 -0.00438821
v -0.01963526 0.03018623 -0.00521028
v -0.01841217 0.02931785 -0.00609893
v -0.01972895 0.03073430 -0.00603783
v -0.01886272 0.03069287 -0.00688422
v -0.01952630 0.03413528 -0.00813079
v -0.01711064 0.03255575 -0.00818443
v -0.01768273 0.03154402 -0.00790912
v -0.01768273 0.03154402 -0.00790912
v -0.01804322 0.03064543 -0.00739318
v -0.01965516 0.03298032 -0.00779182
v -0.01841217 0.02931785 -0.00609893
v -0.01886272 0.03069287 -0.00688422
v -0.01790899 0.02950787 -0.00685328
v -0.01804322 0.03064543 -0.00739318
v -0.01686894 0.02971839 -0.00768113
v -0.01719450 0.02840209 -0.00694603
v -0.01804322 0.03064543 -0.00739318
v -0.01719450 0.02840209 -0.00694603
v -0.01790899 0.02950787 -0.00685328
v -0.01768273 0.03154402 -0.00790912
v -0.01637810 0.03021115 -0.00799888
v -0.01686894 0.02971839 -0.00768113
v -0.01768273 0.03154402 -0.00790912
v -0.01686894 0.02971839 -0.00768113
v -0.01804322 0.03064543 -0.00739318
v -0.01719450 0.02840209 -0.00694603
v -0.01686894 0.02971839 -0.00768113
v -0.01642018 0.02854341 -0.00763243
v -0.02680438 0.03484261 -0.00612843
v -0.02580666 0.03442209 -0.00668418
v -0.02580296 0.03377348 -0.00590968
v -0.02131634 0.03199160 -0.00636667
v -0.02479165 0.03372406 -0.00668234
v -0.02119076 0.03272020 -0.00717777
v -0.02513086 0.03499871 -0.00746256
v -0.02479165 0.03372406 -0.00668234
v -0.02580666 0.03442209 -0.00668418
v -0.02400469 0.03420168 -0.00738847
v -0.02119076 0.03272020 -0.00717777
v -0.02479165 0.03372406 -0.00668234
v -0.02059346 0.03110790 -0.00554424
v -0.02062785 0.03086858 -0.00470495
v -0.02165019 0.03145796 -0.00480926
v -0.02119076 0.03272020 -0.00717777
v -0.02400469 0.03420168 -0.00738847
v -0.01965516 0.03298032 -0.00779182
v -0.01998221 0.03157371 -0.00680250
v -0.02131634 0.03199160 -0.00636667
v -0.02119076 0.03272020 -0.00717777
v -0.01963526 0.03018623 -0.00521028
v -0.02062785 0.03086858 -0.00470495
v -0.02059346 0.03110790 -0.00554424
v -0.01972895 0.03073430 -0.00603783
v -0.02131634 0.03199160 -0.00636667
v -0.01998221 0.03157371 -0.00680250
v -0.01954180 0.03197079 -0.00733918
v -0.01998221 0.03157371 -0.00680250
v -0.02119076 0.03272020 -0.00717777
v -0.01952630 0.03413528 -0.00813079
v -0.01965516 0.03298032 -0.00779182
v -0.02411347 0.03537482 -0.00789189
v -0.01954180 0.03197079 -0.00733918
v -0.02119076 0.03272020 -0.00717777
v -0.01965516 0.03298032 -0.00779182
v -0.01886272 0.03069287 -0.00688422
v -0.01972895 0.03073430 -0.00603783
v -0.01998221 0.03157371 -0.00680250
v -0.02635508 0.07218623 -0.00471967
v -0.02839928 0.03962457 -0.00544399
v -0.02857756 0.04071611 -0.00435334
v -0.02603971 0.07215046 -0.00573856
v -0.02839928 0.03962457 -0.00544399
v -0.02635508 0.07218623 -0.00471967
v -0.02603971 0.07215046 -0.00573856
v -0.02796757 0.04108822 -0.00617909
v -0.02839928 0.03962457 -0.00544399
v -0.02549082 0.07241696 -0.00660801
v -0.02796757 0.04108822 -0.00617909
v -0.02603971 0.07215046 -0.00573856
v -0.02549082 0.07241696 -0.00660801
v -0.02759778 0.03959286 -0.00676691
v -0.02796757 0.04108822 -0.00617909
v -0.02475482 0.07251006 -0.00730199
v -0.02656579 0.03985047 -0.00758356
v -0.02759778 0.03959286 -0.00676691
v -0.02475482 0.07251006 -0.00730199
v -0.02759778 0.03959286 -0.00676691
v -0.02549082 0.07241696 -0.00660801
v -0.02405291 0.07239085 -0.00772273
v -0.02656579 0.03985047 -0.00758356
v -0.02475482 0.07251006 -0.00730199
v -0.02405291 0.07239085 -0.00772273
v -0.02563184 0.03839391 -0.00793934
v -0.02656579 0.03985047 -0.00758356
v -0.02338039 0.07293188 -0.00795043
v -0.02563184 0.03839391 -0.00793934
v -0.02405291 0.07239085 -0.00772273
v -0.02338039 0.07293188 -0.00795043
v -0.02478319 0.03692895 -0.00805902
v -0.02563184 0.03839391 -0.00793934
v -0.02265363 0.07229477 -0.00808221
v -0.02478319 0.03692895 -0.00805902
v -0.02338039 0.07293188 -0.00795043
v -0.02586454 0.07494807 -0.00541627
v -0.02635508 0.07218623 -0.00471967
v -0.02600640 0.07611167 -0.00422812
v -0.02259999 0.07531040 -0.00785530
v -0.02324640 0.07647395 -0.00752675
v -0.02222675 0.07886165 -0.00721681
v -0.02603971 0.07215046 -0.00573856
v -0.02635508 0.07218623 -0.00471967
v -0.02586454 0.07494807 -0.00541627
v -0.02549082 0.07241696 -0.00660801
v -0.02603971 0.07215046 -0.00573856
v -0.02586454 0.07494807 -0.00541627
v -0.02549082 0.07241696 -0.00660801
v -0.02586454 0.07494807 -0.00541627
v -0.02541518 0.07517117 -0.00617474
v -0.02188730 0.09422260 0.01111209
v -0.02248090 0.09368479 0.01141023
v -0.02159595 0.09499824 0.01486802
v -0.02277725 0.09329557 0.01196503
v -0.02365827 0.09104245 0.00748169
v -0.02299153 0.09281504 0.01331341
v -0.02109259 0.09487408 0.01171529
v -0.02188730 0.09422260 0.01111209
v -0.02159595 0.09499824 0.01486802
v -0.02255219 0.09015947 0.00112283
v -0.02328389 0.08847135 -0.00041837
v -0.02315843 0.09022623 0.00214422
v -0.02350747 0.08530092 -0.00349659
v -0.02400445 0.08654731 -0.00164235
v -0.02314645 0.08741676 -0.00185251
v -0.02312469 0.09214586 0.00741357
v -0.02365827 0.09104245 0.00748169
v -0.02277725 0.09329557 0.01196503
v -0.02068847 0.09456551 0.00959170
v -0.02109259 0.09487408 0.01171529
v -0.02007305 0.09565222 0.01381278
v -0.02369409 0.08299136 -0.00493246
v -0.02433764 0.08399498 -0.00352222
v -0.02350747 0.08530092 -0.00349659
v -0.01972121 0.09506952 0.01071655
v -0.02068847 0.09456551 0.00959170
v -0.02007305 0.09565222 0.01381278
v -0.02216893 0.09344315 0.00846720
v -0.02248090 0.09368479 0.01141023
v -0.02188730 0.09422260 0.01111209
v -0.02312469 0.09214586 0.00741357
v -0.02277725 0.09329557 0.01196503
v -0.02248090 0.09368479 0.01141023
v -0.02371168 0.08099937 -0.00593776
v -0.02464050 0.08106517 -0.00501448
v -0.02369409 0.08299136 -0.00493246
v -0.02371168 0.08099937 -0.00593776
v -0.02438145 0.07891488 -0.00621635
v -0.02464050 0.08106517 -0.00501448
v -0.02153444 0.09387749 0.00843394
v -0.02188730 0.09422260 0.01111209
v -0.02109259 0.09487408 0.01171529
v -0.02153444 0.09387749 0.00843394
v -0.02216893 0.09344315 0.00846720
v -0.02188730 0.09422260 0.01111209
v -0.02216893 0.09344315 0.00846720
v -0.02312469 0.09214586 0.00741357
v -0.02248090 0.09368479 0.01141023
v -0.02475482 0.07251006 -0.00730199
v -0.02549082 0.07241696 -0.00660801
v -0.02493667 0.07486206 -0.00681049
v -0.02068847 0.09456551 0.00959170
v -0.02153444 0.09387749 0.00843394
v -0.02109259 0.09487408 0.01171529
v -0.02255088 0.09223526 0.00546247
v -0.02315843 0.09022623 0.00214422
v -0.02313870 0.09151887 0.00521588
v -0.02255088 0.09223526 0.00546247
v -0.02243566 0.09147268 0.00339395
v -0.02315843 0.09022623 0.00214422
v -0.02243566 0.09147268 0.00339395
v -0.02255088 0.09223526 0.00546247
v -0.02188003 0.09267038 0.00534028
v -0.02315843 0.09022623 0.00214422
v -0.02361482 0.08969438 0.00228596
v -0.02313870 0.09151887 0.00521588
v -0.02255088 0.09223526 0.00546247
v -0.02312469 0.09214586 0.00741357
v -0.02216893 0.09344315 0.00846720
v -0.02255088 0.09223526 0.00546247
v -0.02313870 0.09151887 0.00521588
v -0.02312469 0.09214586 0.00741357
v -0.02176403 0.09108489 0.00190496
v -0.02243566 0.09147268 0.00339395
v -0.02133291 0.09235417 0.00396389
v -0.02019309 0.09406846 0.00757271
v -0.02068847 0.09456551 0.00959170
v -0.01972121 0.09506952 0.01071655
v -0.02063584 0.09185111 0.00267482
v -0.02176403 0.09108489 0.00190496
v -0.02133291 0.09235417 0.00396389
v -0.02255219 0.09015947 0.00112283
v -0.02176403 0.09108489 0.00190496
v -0.02189761 0.09000521 0.00031657
v -0.02109295 0.09349417 0.00658768
v -0.02153444 0.09387749 0.00843394
v -0.02068847 0.09456551 0.00959170
v -0.02092295 0.09064459 0.00080682
v -0.02189761 0.09000521 0.00031657
v -0.02176403 0.09108489 0.00190496
v -0.02397215 0.08957010 0.00362432
v -0.02365827 0.09104245 0.00748169
v -0.02312469 0.09214586 0.00741357
v -0.02188003 0.09267038 0.00534028
v -0.02255088 0.09223526 0.00546247
v -0.02216893 0.09344315 0.00846720
v -0.02153444 0.09387749 0.00843394
v -0.02397215 0.08957010 0.00362432
v -0.02432781 0.08836299 0.00336027
v -0.02365827 0.09104245 0.00748169
v -0.02313870 0.09151887 0.00521588
v -0.02397215 0.08957010 0.00362432
v -0.02312469 0.09214586 0.00741357
v -0.02019309 0.09406846 0.00757271
v -0.02109295 0.09349417 0.00658768
v -0.02068847 0.09456551 0.00959170
v -0.02350747 0.08530092 -0.00349659
v -0.02314645 0.08741676 -0.00185251
v -0.02259302 0.08666884 -0.00302142
v -0.02400445 0.08654731 -0.00164235
v -0.02350747 0.08530092 -0.00349659
v -0.02433764 0.08399498 -0.00352222
v -0.02109295 0.09349417 0.00658768
v -0.02188003 0.09267038 0.00534028
v -0.02153444 0.09387749 0.00843394
v -0.02035927 0.09312283 0.00515932
v -0.02109295 0.09349417 0.00658768
v -0.02019309 0.09406846 0.00757271
v -0.02369409 0.08299136 -0.00493246
v -0.02350747 0.08530092 -0.00349659
v -0.02283072 0.08467364 -0.00441760
v -0.02433764 0.08399498 -0.00352222
v -0.02369409 0.08299136 -0.00493246
v -0.02464050 0.08106517 -0.00501448
v -0.02133291 0.09235417 0.00396389
v -0.02188003 0.09267038 0.00534028
v -0.02109295 0.09349417 0.00658768
v -0.02361482 0.08969438 0.00228596
v -0.02397215 0.08957010 0.00362432
v -0.02313870 0.09151887 0.00521588
v -0.02505761 0.07865035 -0.00556701
v -0.02438145 0.07891488 -0.00621635
v -0.02467328 0.07661980 -0.00667995
v -0.02035927 0.09312283 0.00515932
v -0.02133291 0.09235417 0.00396389
v -0.02109295 0.09349417 0.00658768
v -0.02351367 0.07814842 -0.00705785
v -0.02467328 0.07661980 -0.00667995
v -0.02438145 0.07891488 -0.00621635
v -0.02467328 0.07661980 -0.00667995
v -0.02541518 0.07517117 -0.00617474
v -0.02505761 0.07865035 -0.00556701
v -0.02493667 0.07486206 -0.00681049
v -0.02541518 0.07517117 -0.00617474
v -0.02467328 0.07661980 -0.00667995
v -0.02493667 0.07486206 -0.00681049
v -0.02549082 0.07241696 -0.00660801
v -0.02541518 0.07517117 -0.00617474
v -0.02415245 0.07495230 -0.00737661
v -0.02493667 0.07486206 -0.00681049
v -0.02467328 0.07661980 -0.00667995
v -0.02475482 0.07251006 -0.00730199
v -0.02493667 0.07486206 -0.00681049
v -0.02415245 0.07495230 -0.00737661
v -0.02396637 0.08834439 0.00076752
v -0.02397215 0.08957010 0.00362432
v -0.02361482 0.08969438 0.00228596
v -0.02453917 0.08682519 0.00047876
v -0.02432781 0.08836299 0.00336027
v -0.02397215 0.08957010 0.00362432
v -0.02133291 0.09235417 0.00396389
v -0.02243566 0.09147268 0.00339395
v -0.02188003 0.09267038 0.00534028
v -0.02255219 0.09015947 0.00112283
v -0.02315843 0.09022623 0.00214422
v -0.02243566 0.09147268 0.00339395
v -0.02255219 0.09015947 0.00112283
v -0.02243566 0.09147268 0.00339395
v -0.02176403 0.09108489 0.00190496
v -0.02396637 0.08834439 0.00076752
v -0.02453917 0.08682519 0.00047876
v -0.02397215 0.08957010 0.00362432
v -0.02283072 0.08467364 -0.00441760
v -0.02350747 0.08530092 -0.00349659
v -0.02259302 0.08666884 -0.00302142
v -0.02371168 0.08099937 -0.00593776
v -0.02369409 0.08299136 -0.00493246
v -0.02242356 0.08326458 -0.00545698
v -0.02453917 0.08682519 0.00047876
v -0.02511799 0.08348435 -0.00187427
v -0.02432781 0.08836299 0.00336027
v -0.02396637 0.08834439 0.00076752
v -0.02361482 0.08969438 0.00228596
v -0.02315843 0.09022623 0.00214422
v -0.02092295 0.09064459 0.00080682
v -0.02176403 0.09108489 0.00190496
v -0.02063584 0.09185111 0.00267482
v -0.02415245 0.07495230 -0.00737661
v -0.02467328 0.07661980 -0.00667995
v -0.02351367 0.07814842 -0.00705785
v -0.02415245 0.07495230 -0.00737661
v -0.02351367 0.07814842 -0.00705785
v -0.02324640 0.07647395 -0.00752675
v -0.02328389 0.08847135 -0.00041837
v -0.02396637 0.08834439 0.00076752
v -0.02315843 0.09022623 0.00214422
v -0.02453583 0.08579176 -0.00130886
v -0.02453917 0.08682519 0.00047876
v -0.02396637 0.08834439 0.00076752
v -0.02405291 0.07239085 -0.00772273
v -0.02475482 0.07251006 -0.00730199
v -0.02415245 0.07495230 -0.00737661
v -0.02405291 0.07239085 -0.00772273
v -0.02415245 0.07495230 -0.00737661
v -0.02338039 0.07293188 -0.00795043
v -0.02230030 0.08890777 -0.00087685
v -0.02328389 0.08847135 -0.00041837
v -0.02255219 0.09015947 0.00112283
v -0.02400445 0.08654731 -0.00164235
v -0.02453583 0.08579176 -0.00130886
v -0.02396637 0.08834439 0.00076752
v -0.02230030 0.08890777 -0.00087685
v -0.02255219 0.09015947 0.00112283
v -0.02189761 0.09000521 0.00031657
v -0.02453583 0.08579176 -0.00130886
v -0.02511799 0.08348435 -0.00187427
v -0.02453917 0.08682519 0.00047876
v -0.02328389 0.08847135 -0.00041837
v -0.02400445 0.08654731 -0.00164235
v -0.02396637 0.08834439 0.00076752
v -0.02283072 0.08467364 -0.00441760
v -0.02259302 0.08666884 -0.00302142
v -0.02205628 0.08533000 -0.00428277
v -0.02242356 0.08326458 -0.00545698
v -0.02369409 0.08299136 -0.00493246
v -0.02283072 0.08467364 -0.00441760
v -0.02288842 0.08102083 -0.00633425
v -0.02371168 0.08099937 -0.00593776
v -0.02242356 0.08326458 -0.00545698
v -0.02109390 0.08937001 -0.00083139
v -0.02230030 0.08890777 -0.00087685
v -0.02189761 0.09000521 0.00031657
v -0.02314645 0.08741676 -0.00185251
v -0.02328389 0.08847135 -0.00041837
v -0.02230030 0.08890777 -0.00087685
v -0.02314645 0.08741676 -0.00185251
v -0.02400445 0.08654731 -0.00164235
v -0.02328389 0.08847135 -0.00041837
v -0.02338039 0.07293188 -0.00795043
v -0.02415245 0.07495230 -0.00737661
v -0.02324640 0.07647395 -0.00752675
v -0.02173113 0.08788686 -0.00225306
v -0.02230030 0.08890777 -0.00087685
v -0.02109390 0.08937001 -0.00083139
v -0.02133291 0.09235417 0.00396389
v -0.02035927 0.09312283 0.00515932
v -0.02063584 0.09185111 0.00267482
v -0.02259302 0.08666884 -0.00302142
v -0.02314645 0.08741676 -0.00185251
v -0.02230030 0.08890777 -0.00087685
v -0.02189761 0.09000521 0.00031657
v -0.02092295 0.09064459 0.00080682
v -0.02109390 0.08937001 -0.00083139
v -0.02173113 0.08788686 -0.00225306
v -0.02163052 0.08656090 -0.00348645
v -0.02259302 0.08666884 -0.00302142
v -0.02433764 0.08399498 -0.00352222
v -0.02453583 0.08579176 -0.00130886
v -0.02400445 0.08654731 -0.00164235
v -0.02205628 0.08533000 -0.00428277
v -0.02259302 0.08666884 -0.00302142
v -0.02163052 0.08656090 -0.00348645
v -0.02242356 0.08326458 -0.00545698
v -0.02283072 0.08467364 -0.00441760
v -0.02205628 0.08533000 -0.00428277
v -0.02173113 0.08788686 -0.00225306
v -0.02259302 0.08666884 -0.00302142
v -0.02230030 0.08890777 -0.00087685
v -0.02288842 0.08102083 -0.00633425
v -0.02242356 0.08326458 -0.00545698
v -0.02188146 0.08197921 -0.00617439
v -0.02288842 0.08102083 -0.00633425
v -0.02188146 0.08197921 -0.00617439
v -0.02222675 0.07886165 -0.00721681
v -0.02094697 0.08813440 -0.00215888
v -0.02173113 0.08788686 -0.00225306
v -0.02109390 0.08937001 -0.00083139
v -0.02324640 0.07647395 -0.00752675
v -0.02351367 0.07814842 -0.00705785
v -0.02222675 0.07886165 -0.00721681
v -0.02338039 0.07293188 -0.00795043
v -0.02324640 0.07647395 -0.00752675
v -0.02259999 0.07531040 -0.00785530
v -0.02433764 0.08399498 -0.00352222
v -0.02498739 0.08216941 -0.00370419
v -0.02453583 0.08579176 -0.00130886
v -0.02498739 0.08216941 -0.00370419
v -0.02511799 0.08348435 -0.00187427
v -0.02453583 0.08579176 -0.00130886
v -0.02109259 0.09487408 0.01171529
v -0.02159595 0.09499824 0.01486802
v -0.02079242 0.09573632 0.01629662
v -0.02163052 0.08656090 -0.00348645
v -0.02173113 0.08788686 -0.00225306
v -0.02094697 0.08813440 -0.00215888
v -0.02498739 0.08216941 -0.00370419
v -0.02550464 0.08057665 -0.00319368
v -0.02511799 0.08348435 -0.00187427
v -0.02265363 0.07229477 -0.00808221
v -0.02338039 0.07293188 -0.00795043
v -0.02259999 0.07531040 -0.00785530
v -0.02464050 0.08106517 -0.00501448
v -0.02498739 0.08216941 -0.00370419
v -0.02433764 0.08399498 -0.00352222
v -0.02144169 0.08441877 -0.00497168
v -0.02205628 0.08533000 -0.00428277
v -0.02163052 0.08656090 -0.00348645
v -0.02144169 0.08441877 -0.00497168
v -0.02242356 0.08326458 -0.00545698
v -0.02205628 0.08533000 -0.00428277
v -0.02554512 0.07820188 -0.00484455
v -0.02550464 0.08057665 -0.00319368
v -0.02498739 0.08216941 -0.00370419
v -0.02505761 0.07865035 -0.00556701
v -0.02554512 0.07820188 -0.00484455
v -0.02498739 0.08216941 -0.00370419
v -0.02505761 0.07865035 -0.00556701
v -0.02498739 0.08216941 -0.00370419
v -0.02464050 0.08106517 -0.00501448
v -0.02554512 0.07820188 -0.00484455
v -0.02600640 0.07611167 -0.00422812
v -0.02550464 0.08057665 -0.00319368
v -0.02188146 0.08197921 -0.00617439
v -0.02242356 0.08326458 -0.00545698
v -0.02144169 0.08441877 -0.00497168
v -0.02438145 0.07891488 -0.00621635
v -0.02505761 0.07865035 -0.00556701
v -0.02464050 0.08106517 -0.00501448
v -0.02351367 0.07814842 -0.00705785
v -0.02438145 0.07891488 -0.00621635
v -0.02371168 0.08099937 -0.00593776
v -0.02586454 0.07494807 -0.00541627
v -0.02600640 0.07611167 -0.00422812
v -0.02554512 0.07820188 -0.00484455
v -0.02351367 0.07814842 -0.00705785
v -0.02371168 0.08099937 -0.00593776
v -0.02288842 0.08102083 -0.00633425
v -0.02222675 0.07886165 -0.00721681
v -0.02351367 0.07814842 -0.00705785
v -0.02288842 0.08102083 -0.00633425
v -0.02541518 0.07517117 -0.00617474
v -0.02554512 0.07820188 -0.00484455
v -0.02505761 0.07865035 -0.00556701
v -0.02541518 0.07517117 -0.00617474
v -0.02586454 0.07494807 -0.00541627
v -0.02554512 0.07820188 -0.00484455
v -0.02058821 0.09696173 0.03028047
v -0.02001577 0.09754824 0.03028059
v -0.02059394 0.09658706 0.02244108
v -0.02186501 0.09493488 0.02326601
v -0.02107280 0.09605967 0.03105217
v -0.02058821 0.09696173 0.03028047
v -0.02059394 0.09658706 0.02244108
v -0.01908481 0.09815973 0.03020846
v -0.01963663 0.09717452 0.02291750
v -0.01908481 0.09815973 0.03020846
v -0.01848602 0.09779846 0.02521109
v -0.01963663 0.09717452 0.02291750
v -0.01772028 0.09880161 0.03267461
v -0.01908481 0.09815973 0.03020846
v -0.01839143 0.09889930 0.03620785
v -0.01570564 0.10012120 0.05293631
v -0.01612508 0.10007570 0.04775166
v -0.01717591 0.09976452 0.04760015
v -0.01917874 0.09846764 0.03785353
v -0.01908481 0.09815973 0.03020846
v -0.02001577 0.09754824 0.03028059
v -0.01917874 0.09846764 0.03785353
v -0.02001577 0.09754824 0.03028059
v -0.02058821 0.09696173 0.03028047
v -0.01570564 0.10012120 0.05293631
v -0.01337915 0.10032470 0.05524343
v -0.01612508 0.10007570 0.04775166
v -0.01081275 0.10024870 0.05711257
v -0.00826281 0.10043680 0.05679821
v -0.01337915 0.10032470 0.05524343
v -0.01839143 0.09889930 0.03620785
v -0.01688390 0.09953457 0.03971993
v -0.01772028 0.09880161 0.03267461
v -0.01917874 0.09846764 0.03785353
v -0.02058821 0.09696173 0.03028047
v -0.01948010 0.09812742 0.04026007
v -0.01918029 0.09657603 0.01802015
v -0.01972121 0.09506952 0.01071655
v -0.02007305 0.09565222 0.01381278
v -0.01839143 0.09889930 0.03620785
v -0.01917874 0.09846764 0.03785353
v -0.01773518 0.09944945 0.04233723
v -0.01839143 0.09889930 0.03620785
v -0.01773518 0.09944945 0.04233723
v -0.01688390 0.09953457 0.03971993
v -0.01966089 0.09719043 0.04589515
v -0.02024459 0.09719789 0.03687477
v -0.02107280 0.09605967 0.03105217
v -0.01817673 0.09923118 0.04537540
v -0.01773518 0.09944945 0.04233723
v -0.01917874 0.09846764 0.03785353
v -0.01948010 0.09812742 0.04026007
v -0.01846194 0.09890687 0.04776012
v -0.01917874 0.09846764 0.03785353
v -0.01966089 0.09719043 0.04589515
v -0.01920193 0.09804558 0.04670304
v -0.02024459 0.09719789 0.03687477
v -0.01920193 0.09804558 0.04670304
v -0.01846194 0.09890687 0.04776012
v -0.01948010 0.09812742 0.04026007
v -0.01817673 0.09923118 0.04537540
v -0.01295900 0.09975892 0.05728316
v -0.01384425 0.10003750 0.05609238
v -0.01435667 0.09964692 0.05661839
v -0.01295900 0.09975892 0.05728316
v -0.01081275 0.10024870 0.05711257
v -0.01384425 0.10003750 0.05609238
v -0.01084989 0.09979736 0.05807662
v -0.01081275 0.10024870 0.05711257
v -0.01295900 0.09975892 0.05728316
v -0.01817673 0.09923118 0.04537540
v -0.01713520 0.09966903 0.05082076
v -0.01717591 0.09976452 0.04760015
v -0.01713520 0.09966903 0.05082076
v -0.01817673 0.09923118 0.04537540
v -0.01846194 0.09890687 0.04776012
v -0.00518542 0.10030540 0.05800729
v -0.01081275 0.10024870 0.05711257
v -0.00697893 0.09990084 0.05869418
v -0.01920193 0.09804558 0.04670304
v -0.01863676 0.09828937 0.05021017
v -0.01846194 0.09890687 0.04776012
v -0.01966089 0.09719043 0.04589515
v -0.01919049 0.09751802 0.04899847
v -0.01920193 0.09804558 0.04670304
v -0.01717591 0.09976452 0.04760015
v -0.01713520 0.09966903 0.05082076
v -0.01570564 0.10012120 0.05293631
v -0.01863676 0.09828937 0.05021017
v -0.01920193 0.09804558 0.04670304
v -0.01919049 0.09751802 0.04899847
v -0.02166253 0.09534400 0.02069306
v -0.02159595 0.09499824 0.01486802
v -0.02248090 0.09368479 0.01141023
v -0.01863676 0.09828937 0.05021017
v -0.01806944 0.09834259 0.05285596
v -0.01753842 0.09918975 0.05206251
v -0.01806944 0.09834259 0.05285596
v -0.01863676 0.09828937 0.05021017
v -0.01865309 0.09752655 0.05203855
v -0.01589971 0.09923243 0.05582350
v -0.01696991 0.09909987 0.05424112
v -0.01696348 0.09851688 0.05528253
v -0.02007305 0.09565222 0.01381278
v -0.02109259 0.09487408 0.01171529
v -0.02079242 0.09573632 0.01629662
v -0.02299153 0.09281504 0.01331341
v -0.02166253 0.09534400 0.02069306
v -0.02277725 0.09329557 0.01196503
v -0.02079242 0.09573632 0.01629662
v -0.01963663 0.09717452 0.02291750
v -0.02007305 0.09565222 0.01381278
v -0.02059394 0.09658706 0.02244108
v -0.02079242 0.09573632 0.01629662
v -0.02159595 0.09499824 0.01486802
v -0.01848602 0.09779846 0.02521109
v -0.01918029 0.09657603 0.01802015
v -0.01963663 0.09717452 0.02291750
v -0.01772028 0.09880161 0.03267461
v -0.01848602 0.09779846 0.02521109
v -0.01908481 0.09815973 0.03020846
v -0.02059394 0.09658706 0.02244108
v -0.02001577 0.09754824 0.03028059
v -0.01908481 0.09815973 0.03020846
v -0.02058821 0.09696173 0.03028047
v -0.02107280 0.09605967 0.03105217
v -0.02024459 0.09719789 0.03687477
v -0.01917874 0.09846764 0.03785353
v -0.01839143 0.09889930 0.03620785
v -0.01908481 0.09815973 0.03020846
v -0.02024459 0.09719789 0.03687477
v -0.01948010 0.09812742 0.04026007
v -0.02058821 0.09696173 0.03028047
v -0.01773518 0.09944945 0.04233723
v -0.01612508 0.10007570 0.04775166
v -0.01688390 0.09953457 0.03971993
v -0.01948010 0.09812742 0.04026007
v -0.02024459 0.09719789 0.03687477
v -0.01920193 0.09804558 0.04670304
v -0.01717591 0.09976452 0.04760015
v -0.01612508 0.10007570 0.04775166
v -0.01773518 0.09944945 0.04233723
v -0.01717591 0.09976452 0.04760015
v -0.01773518 0.09944945 0.04233723
v -0.01817673 0.09923118 0.04537540
v -0.01753842 0.09918975 0.05206251
v -0.01713520 0.09966903 0.05082076
v -0.01846194 0.09890687 0.04776012
v -0.01753842 0.09918975 0.05206251
v -0.01846194 0.09890687 0.04776012
v -0.01863676 0.09828937 0.05021017
v -0.01863676 0.09828937 0.05021017
v -0.01919049 0.09751802 0.04899847
v -0.01865309 0.09752655 0.05203855
v -0.01570564 0.10012120 0.05293631
v -0.01713520 0.09966903 0.05082076
v -0.01641726 0.09958606 0.05406814
v -0.01641726 0.09958606 0.05406814
v -0.01713520 0.09966903 0.05082076
v -0.01753842 0.09918975 0.05206251
v -0.01570564 0.10012120 0.05293631
v -0.01641726 0.09958606 0.05406814
v -0.01516723 0.09998124 0.05495440
v -0.01696991 0.09909987 0.05424112
v -0.01753842 0.09918975 0.05206251
v -0.01806944 0.09834259 0.05285596
v -0.01696991 0.09909987 0.05424112
v -0.01641726 0.09958606 0.05406814
v -0.01753842 0.09918975 0.05206251
v -0.01516723 0.09998124 0.05495440
v -0.01337915 0.10032470 0.05524343
v -0.01570564 0.10012120 0.05293631
v -0.01696991 0.09909987 0.05424112
v -0.01806944 0.09834259 0.05285596
v -0.01761883 0.09818732 0.05439507
v -0.01337915 0.10032470 0.05524343
v -0.01516723 0.09998124 0.05495440
v -0.01384425 0.10003750 0.05609238
v -0.01589971 0.09923243 0.05582350
v -0.01641726 0.09958606 0.05406814
v -0.01696991 0.09909987 0.05424112
v -0.01516723 0.09998124 0.05495440
v -0.01641726 0.09958606 0.05406814
v -0.01589971 0.09923243 0.05582350
v -0.01696991 0.09909987 0.05424112
v -0.01761883 0.09818732 0.05439507
v -0.01696348 0.09851688 0.05528253
v -0.01435667 0.09964692 0.05661839
v -0.01384425 0.10003750 0.05609238
v -0.01516723 0.09998124 0.05495440
v -0.01337915 0.10032470 0.05524343
v -0.01384425 0.10003750 0.05609238
v -0.01081275 0.10024870 0.05711257
v -0.01435667 0.09964692 0.05661839
v -0.01516723 0.09998124 0.05495440
v -0.01589971 0.09923243 0.05582350
v -0.00697893 0.09990084 0.05869418
v -0.01081275 0.10024870 0.05711257
v -0.01084989 0.09979736 0.05807662
v -0.00518542 0.10030540 0.05800729
v -0.00826281 0.10043680 0.05679821
v -0.01081275 0.10024870 0.05711257
v -0.00518542 0.10030540 0.05800729
v 0.00000000 0.10056990 0.05746334
v -0.00826281 0.10043680 0.05679821
v -0.00697893 0.09990084 0.05869418
v 0.00000000 0.10014790 0.05870962
v -0.00518542 0.10030540 0.05800729
v 0.00000000 0.10014790 0.05870962
v 0.00000000 0.10056990 0.05746334
v -0.00518542 0.10030540 0.05800729
v -0.02248090 0.09368479 0.01141023
v -0.02277725 0.09329557 0.01196503
v -0.02166253 0.09534400 0.02069306
v -0.01963663 0.09717452 0.02291750
v -0.01918029 0.09657603 0.01802015
v -0.02007305 0.09565222 0.01381278
v -0.02059394 0.09658706 0.02244108
v -0.01963663 0.09717452 0.02291750
v -0.02079242 0.09573632 0.01629662
v -0.02186501 0.09493488 0.02326601
v -0.02166253 0.09534400 0.02069306
v -0.02299153 0.09281504 0.01331341
v -0.02166253 0.09534400 0.02069306
v -0.02059394 0.09658706 0.02244108
v -0.02159595 0.09499824 0.01486802
v -0.02186501 0.09493488 0.02326601
v -0.02058821 0.09696173 0.03028047
v -0.02166253 0.09534400 0.02069306
v -0.02059394 0.09658706 0.02244108
v -0.02166253 0.09534400 0.02069306
v -0.02058821 0.09696173 0.03028047
v -0.01287370 0.09240245 0.06558048
v -0.01265275 0.09369188 0.06495857
v -0.01405543 0.09249210 0.06529772
v -0.01024436 0.09407389 0.06498140
v -0.01265275 0.09369188 0.06495857
v -0.01033169 0.09321093 0.06550502
v -0.01033169 0.09321093 0.06550502
v -0.01265275 0.09369188 0.06495857
v -0.01287370 0.09240245 0.06558048
v -0.01033169 0.09321093 0.06550502
v -0.01287370 0.09240245 0.06558048
v -0.01132410 0.09212976 0.06576734
v -0.01132410 0.09212976 0.06576734
v -0.01287370 0.09240245 0.06558048
v -0.01395577 0.09093081 0.06572037
v -0.01656985 0.09088844 0.06409984
v -0.01640081 0.09197062 0.06381958
v -0.01708579 0.09049236 0.06336343
v -0.01591134 0.08146893 0.06495219
v -0.01505017 0.08267289 0.06545823
v -0.01566338 0.08772248 0.06523299
v -0.01395577 0.09093081 0.06572037
v -0.01532536 0.08994162 0.06532716
v -0.01471227 0.08861172 0.06562489
v -0.01505506 0.09158569 0.06520736
v -0.01589435 0.09050530 0.06490945
v -0.01532536 0.08994162 0.06532716
v -0.01395577 0.09093081 0.06572037
v -0.01505506 0.09158569 0.06520736
v -0.01532536 0.08994162 0.06532716
v -0.01639926 0.08798825 0.06469219
v -0.01692467 0.08577710 0.06404495
v -0.01638817 0.08193767 0.06451648
v -0.01735335 0.08836823 0.06330859
v -0.01745975 0.08553916 0.06286764
v -0.01735687 0.08128958 0.06274062
v -0.01640081 0.09197062 0.06381958
v -0.01587140 0.09167486 0.06457889
v -0.01541656 0.09266525 0.06443399
v -0.01587140 0.09167486 0.06457889
v -0.01589435 0.09050530 0.06490945
v -0.01505506 0.09158569 0.06520736
v -0.01541656 0.09266525 0.06443399
v -0.01466888 0.09270209 0.06490921
v -0.01465344 0.09337788 0.06440985
v -0.01541656 0.09266525 0.06443399
v -0.01587140 0.09167486 0.06457889
v -0.01505506 0.09158569 0.06520736
v -0.01466888 0.09270209 0.06490921
v -0.01541656 0.09266525 0.06443399
v -0.01505506 0.09158569 0.06520736
v -0.01405543 0.09249210 0.06529772
v -0.01369553 0.09364044 0.06467497
v -0.01466888 0.09270209 0.06490921
v -0.01405543 0.09249210 0.06529772
v -0.01466888 0.09270209 0.06490921
v -0.01505506 0.09158569 0.06520736
v -0.01405543 0.09249210 0.06529772
v -0.01265275 0.09369188 0.06495857
v -0.01369553 0.09364044 0.06467497
v -0.01735335 0.08836823 0.06330859
v -0.01686424 0.08931946 0.06406539
v -0.01708579 0.09049236 0.06336343
v -0.01471227 0.08861172 0.06562489
v -0.01405632 0.08162027 0.06573927
v -0.01395577 0.09093081 0.06572037
v -0.01395577 0.09093081 0.06572037
v -0.01405543 0.09249210 0.06529772
v -0.01505506 0.09158569 0.06520736
v -0.01405543 0.09249210 0.06529772
v -0.01395577 0.09093081 0.06572037
v -0.01287370 0.09240245 0.06558048
v -0.01686424 0.08931946 0.06406539
v -0.01656985 0.09088844 0.06409984
v -0.01708579 0.09049236 0.06336343
v -0.01566338 0.08772248 0.06523299
v -0.01471227 0.08861172 0.06562489
v -0.01532536 0.08994162 0.06532716
v -0.01656985 0.09088844 0.06409984
v -0.01686424 0.08931946 0.06406539
v -0.01589435 0.09050530 0.06490945
v -0.01132410 0.09212976 0.06576734
v 0.00000000 0.09224295 0.06598007
v -0.01033169 0.09321093 0.06550502
v -0.01656985 0.09088844 0.06409984
v -0.01589435 0.09050530 0.06490945
v -0.01587140 0.09167486 0.06457889
v 0.00000000 0.09340620 0.06565153
v -0.01024436 0.09407389 0.06498140
v -0.01033169 0.09321093 0.06550502
v -0.01587140 0.09167486 0.06457889
v -0.01640081 0.09197062 0.06381958
v -0.01656985 0.09088844 0.06409984
v -0.01466888 0.09270209 0.06490921
v -0.01369553 0.09364044 0.06467497
v -0.01465344 0.09337788 0.06440985
v -0.01033169 0.09321093 0.06550502
v 0.00000000 0.09224295 0.06598007
v 0.00000000 0.09340620 0.06565153
v -0.01639926 0.08798825 0.06469219
v -0.01589435 0.09050530 0.06490945
v -0.01686424 0.08931946 0.06406539
v -0.01698964 0.08179032 0.06371951
v -0.01735335 0.08836823 0.06330859
v -0.01735687 0.08128958 0.06274062
v -0.01735335 0.08836823 0.06330859
v -0.01698964 0.08179032 0.06371951
v -0.01692467 0.08577710 0.06404495
v -0.01698964 0.08179032 0.06371951
v -0.01638817 0.08193767 0.06451648
v -0.01692467 0.08577710 0.06404495
v -0.01591134 0.08146893 0.06495219
v -0.01639926 0.08798825 0.06469219
v -0.01638817 0.08193767 0.06451648
v -0.01639926 0.08798825 0.06469219
v -0.01591134 0.08146893 0.06495219
v -0.01566338 0.08772248 0.06523299
v -0.01735335 0.08836823 0.06330859
v -0.01692467 0.08577710 0.06404495
v -0.01686424 0.08931946 0.06406539
v -0.01405632 0.08162027 0.06573927
v -0.01471227 0.08861172 0.06562489
v -0.01505017 0.08267289 0.06545823
v -0.01639926 0.08798825 0.06469219
v -0.01686424 0.08931946 0.06406539
v -0.01692467 0.08577710 0.06404495
v -0.01566338 0.08772248 0.06523299
v -0.01505017 0.08267289 0.06545823
v -0.01471227 0.08861172 0.06562489
v -0.01566338 0.08772248 0.06523299
v -0.01589435 0.09050530 0.06490945
v -0.01639926 0.08798825 0.06469219
v -0.01532536 0.08994162 0.06532716
v -0.01589435 0.09050530 0.06490945
v -0.01566338 0.08772248 0.06523299
v -0.01731508 -0.02000010 0.06288248
v -0.01730364 0.04331290 0.06294345
v -0.01733583 -0.08140993 0.06283122
v -0.01696300 -0.01812714 0.06375730
v -0.01731508 -0.02000010 0.06288248
v -0.01733583 -0.08140993 0.06283122
v -0.01714766 0.05355525 0.06336748
v -0.01680219 0.04728096 0.06399744
v -0.01698964 0.08179032 0.06371951
v -0.01533079 0.06196159 0.06531643
v -0.01458144 0.06712359 0.06562495
v -0.01505017 0.08267289 0.06545823
v -0.01651024 -0.06627243 0.06437349
v -0.01631027 -0.03330969 0.06460201
v -0.01696300 -0.01812714 0.06375730
v -0.01730364 0.04331290 0.06294345
v -0.01714766 0.05355525 0.06336748
v -0.01735687 0.08128958 0.06274062
v -0.01533079 0.06196159 0.06531643
v -0.01467519 0.04364603 0.06558966
v -0.01458144 0.06712359 0.06562495
v -0.01550287 0.04270136 0.06521964
v -0.01467519 0.04364603 0.06558966
v -0.01533079 0.06196159 0.06531643
v -0.01585274 -0.03474557 0.06499207
v -0.01586258 -0.06804811 0.06498634
v -0.01512825 -0.06701487 0.06541526
v -0.01550287 0.04270136 0.06521964
v -0.01591134 0.08146893 0.06495219
v -0.01618486 0.04449743 0.06471604
v -0.01465499 0.01112139 0.06560593
v -0.01651024 -0.06627243 0.06437349
v -0.01685917 -0.07556700 0.06390714
v -0.01625269 -0.08013206 0.06465351
v -0.01710283 0.03484451 0.06346976
v -0.01680219 0.04728096 0.06399744
v -0.01730364 0.04331290 0.06294345
v -0.01680219 0.04728096 0.06399744
v -0.01666086 0.02990281 0.06419920
v -0.01618486 0.04449743 0.06471604
v -0.01680219 0.04728096 0.06399744
v -0.01638817 0.08193767 0.06451648
v -0.01698964 0.08179032 0.06371951
v -0.01532387 -0.08206605 0.06533408
v -0.01494920 -0.08867633 0.06550300
v -0.01413846 -0.08728599 0.06573677
v -0.01666086 0.02990281 0.06419920
v -0.01629728 -0.00743705 0.06460422
v -0.01618486 0.04449743 0.06471604
v -0.01465499 0.01112139 0.06560593
v -0.01405632 0.08162027 0.06573927
v -0.01458144 0.06712359 0.06562495
v -0.01465499 0.01112139 0.06560593
v -0.01458144 0.06712359 0.06562495
v -0.01467519 0.04364603 0.06558966
v -0.01578903 -0.00754005 0.06504142
v -0.01538306 -0.02485287 0.06529045
v -0.01495510 -0.00374323 0.06548756
v -0.01710283 0.03484451 0.06346976
v -0.01730364 0.04331290 0.06294345
v -0.01731508 -0.02000010 0.06288248
v -0.01458257 -0.03430306 0.06561368
v -0.01495510 -0.00374323 0.06548756
v -0.01538306 -0.02485287 0.06529045
v -0.01465499 0.01112139 0.06560593
v -0.01413846 -0.08728599 0.06573677
v -0.01405632 0.08162027 0.06573927
v -0.01629728 -0.00743705 0.06460422
v -0.01578903 -0.00754005 0.06504142
v -0.01554948 0.01232856 0.06519210
v -0.01585274 -0.03474557 0.06499207
v -0.01631027 -0.03330969 0.06460201
v -0.01651024 -0.06627243 0.06437349
v -0.01696300 -0.01812714 0.06375730
v -0.01629728 -0.00743705 0.06460422
v -0.01666086 0.02990281 0.06419920
v -0.01710283 0.03484451 0.06346976
v -0.01651024 -0.06627243 0.06437349
v -0.01586258 -0.06804811 0.06498634
v -0.01585274 -0.03474557 0.06499207
v -0.01495510 -0.00374323 0.06548756
v -0.01458257 -0.03430306 0.06561368
v -0.01465499 0.01112139 0.06560593
v -0.01625269 -0.08013206 0.06465351
v -0.01685917 -0.07556700 0.06390714
v -0.01670312 -0.08151417 0.06415039
v -0.01685917 -0.07556700 0.06390714
v -0.01716297 -0.08074456 0.06331968
v -0.01670312 -0.08151417 0.06415039
v -0.01532387 -0.08206605 0.06533408
v -0.01512825 -0.06701487 0.06541526
v -0.01586258 -0.06804811 0.06498634
v -0.01458257 -0.03430306 0.06561368
v -0.01413846 -0.08728599 0.06573677
v -0.01465499 0.01112139 0.06560593
v -0.01512825 -0.06701487 0.06541526
v -0.01532387 -0.08206605 0.06533408
v -0.01413846 -0.08728599 0.06573677
v -0.01629728 -0.00743705 0.06460422
v -0.01538306 -0.02485287 0.06529045
v -0.01578903 -0.00754005 0.06504142
v -0.01631027 -0.03330969 0.06460201
v -0.01538306 -0.02485287 0.06529045
v -0.01631027 -0.03330969 0.06460201
v -0.01585274 -0.03474557 0.06499207
v -0.01505017 0.08267289 0.06545823
v -0.01458144 0.06712359 0.06562495
v -0.01405632 0.08162027 0.06573927
v -0.01505017 0.08267289 0.06545823
v -0.01591134 0.08146893 0.06495219
v -0.01533079 0.06196159 0.06531643
v -0.01714766 0.05355525 0.06336748
v -0.01698964 0.08179032 0.06371951
v -0.01735687 0.08128958 0.06274062
v -0.01638817 0.08193767 0.06451648
v -0.01618486 0.04449743 0.06471604
v -0.01591134 0.08146893 0.06495219
v -0.01638817 0.08193767 0.06451648
v -0.01591134 0.08146893 0.06495219
v -0.01550287 0.04270136 0.06521964
v -0.01533079 0.06196159 0.06531643
v -0.01685917 -0.07556700 0.06390714
v -0.01651024 -0.06627243 0.06437349
v -0.01696300 -0.01812714 0.06375730
v -0.01651024 -0.06627243 0.06437349
v -0.01625269 -0.08013206 0.06465351
v -0.01586258 -0.06804811 0.06498634
v -0.01716297 -0.08074456 0.06331968
v -0.01685917 -0.07556700 0.06390714
v -0.01696300 -0.01812714 0.06375730
v -0.01716297 -0.08074456 0.06331968
v -0.01696300 -0.01812714 0.06375730
v -0.01733583 -0.08140993 0.06283122
v -0.01612544 -0.08367443 0.06480574
v -0.01532387 -0.08206605 0.06533408
v -0.01586258 -0.06804811 0.06498634
v -0.01612544 -0.08367443 0.06480574
v -0.01586258 -0.06804811 0.06498634
v -0.01625269 -0.08013206 0.06465351
v -0.01666086 0.02990281 0.06419920
v -0.01710283 0.03484451 0.06346976
v -0.01696300 -0.01812714 0.06375730
v -0.01680219 0.04728096 0.06399744
v -0.01714766 0.05355525 0.06336748
v -0.01730364 0.04331290 0.06294345
v -0.01680219 0.04728096 0.06399744
v -0.01710283 0.03484451 0.06346976
v -0.01666086 0.02990281 0.06419920
v -0.01550287 0.04270136 0.06521964
v -0.01554948 0.01232856 0.06519210
v -0.01465499 0.01112139 0.06560593
v -0.01554948 0.01232856 0.06519210
v -0.01550287 0.04270136 0.06521964
v -0.01618486 0.04449743 0.06471604
v -0.01618486 0.04449743 0.06471604
v -0.01629728 -0.00743705 0.06460422
v -0.01554948 0.01232856 0.06519210
v -0.01495510 -0.00374323 0.06548756
v -0.01578903 -0.00754005 0.06504142
v -0.01495510 -0.00374323 0.06548756
v -0.01554948 0.01232856 0.06519210
v -0.01512825 -0.06701487 0.06541526
v -0.01458257 -0.03430306 0.06561368
v -0.01538306 -0.02485287 0.06529045
v -0.01512825 -0.06701487 0.06541526
v -0.01538306 -0.02485287 0.06529045
v -0.01585274 -0.03474557 0.06499207
v -0.01512825 -0.06701487 0.06541526
v -0.01413846 -0.08728599 0.06573677
v -0.01458257 -0.03430306 0.06561368
v -0.01716297 -0.08074456 0.06331968
v -0.01731830 -0.08612412 0.06321275
v -0.01670312 -0.08151417 0.06415039
v -0.01612544 -0.08367443 0.06480574
v -0.01625269 -0.08013206 0.06465351
v -0.01670312 -0.08151417 0.06415039
v -0.01676559 -0.08659207 0.06417524
v -0.01670312 -0.08151417 0.06415039
v -0.01731830 -0.08612412 0.06321275
v -0.01676559 -0.08659207 0.06417524
v -0.01612544 -0.08367443 0.06480574
v -0.01670312 -0.08151417 0.06415039
v -0.01733583 -0.08140993 0.06283122
v -0.01731830 -0.08612412 0.06321275
v -0.01716297 -0.08074456 0.06331968
v -0.01612544 -0.08367443 0.06480574
v -0.01575332 -0.08683866 0.06512302
v -0.01532387 -0.08206605 0.06533408
v -0.01612544 -0.08367443 0.06480574
v -0.01623821 -0.08888655 0.06466281
v -0.01575332 -0.08683866 0.06512302
v -0.01731830 -0.08612412 0.06321275
v -0.01731973 -0.08840882 0.06296920
v -0.01690804 -0.08883953 0.06382048
v -0.01676559 -0.08659207 0.06417524
v -0.01623821 -0.08888655 0.06466281
v -0.01612544 -0.08367443 0.06480574
v -0.01623821 -0.08888655 0.06466281
v -0.01676559 -0.08659207 0.06417524
v -0.01690804 -0.08883953 0.06382048
v -0.01402390 -0.09052318 0.06570380
v -0.01380324 -0.09166884 0.06558007
v -0.01223301 -0.09178471 0.06576400
v -0.01243150 -0.09283959 0.06544744
v -0.01223301 -0.09178471 0.06576400
v -0.01380324 -0.09166884 0.06558007
v -0.01508086 -0.09226918 0.06480371
v -0.01485037 -0.09138506 0.06527715
v -0.01575338 -0.09148055 0.06460362
v -0.01243150 -0.09283959 0.06544744
v -0.01380324 -0.09166884 0.06558007
v -0.01421791 -0.09237033 0.06521880
v -0.01694846 -0.09035426 0.06338804
v -0.01690804 -0.08883953 0.06382048
v -0.01731973 -0.08840882 0.06296920
v -0.01588678 -0.09228217 0.06406396
v -0.01575338 -0.09148055 0.06460362
v -0.01645541 -0.09149169 0.06374710
v -0.01421791 -0.09237033 0.06521880
v -0.01338970 -0.09355521 0.06479984
v -0.01243150 -0.09283959 0.06544744
v -0.01480656 -0.09313273 0.06443524
v -0.01421791 -0.09237033 0.06521880
v -0.01508086 -0.09226918 0.06480371
v -0.00971424 -0.09273362 0.06567174
v -0.00870490 -0.09386259 0.06517255
v 0.00000000 -0.09355777 0.06558054
v 0.00000000 -0.09227573 0.06597638
v -0.01223301 -0.09178471 0.06576400
v -0.00971424 -0.09273362 0.06567174
v -0.00870490 -0.09386259 0.06517255
v -0.00971424 -0.09273362 0.06567174
v -0.01243150 -0.09283959 0.06544744
v 0.00000000 -0.09355777 0.06558054
v 0.00000000 -0.09227573 0.06597638
v -0.00971424 -0.09273362 0.06567174
v -0.01575332 -0.08683866 0.06512302
v -0.01494920 -0.08867633 0.06550300
v -0.01532387 -0.08206605 0.06533408
v -0.01402390 -0.09052318 0.06570380
v -0.01413846 -0.08728599 0.06573677
v -0.01494920 -0.08867633 0.06550300
v -0.01380324 -0.09166884 0.06558007
v -0.01402390 -0.09052318 0.06570380
v -0.01485037 -0.09138506 0.06527715
v -0.01421791 -0.09237033 0.06521880
v -0.01380324 -0.09166884 0.06558007
v -0.01485037 -0.09138506 0.06527715
v -0.01575338 -0.09148055 0.06460362
v -0.01485037 -0.09138506 0.06527715
v -0.01558005 -0.09015786 0.06506723
v -0.01508086 -0.09226918 0.06480371
v -0.01421791 -0.09237033 0.06521880
v -0.01485037 -0.09138506 0.06527715
v -0.01508086 -0.09226918 0.06480371
v -0.01575338 -0.09148055 0.06460362
v -0.01588678 -0.09228217 0.06406396
v -0.01588678 -0.09228217 0.06406396
v -0.01480656 -0.09313273 0.06443524
v -0.01508086 -0.09226918 0.06480371
v -0.01676559 -0.08659207 0.06417524
v -0.01731830 -0.08612412 0.06321275
v -0.01690804 -0.08883953 0.06382048
v -0.01558005 -0.09015786 0.06506723
v -0.01494920 -0.08867633 0.06550300
v -0.01575332 -0.08683866 0.06512302
v -0.01623821 -0.08888655 0.06466281
v -0.01558005 -0.09015786 0.06506723
v -0.01575332 -0.08683866 0.06512302
v -0.01494920 -0.08867633 0.06550300
v -0.01558005 -0.09015786 0.06506723
v -0.01485037 -0.09138506 0.06527715
v -0.01642924 -0.09007793 0.06428569
v -0.01623821 -0.08888655 0.06466281
v -0.01690804 -0.08883953 0.06382048
v -0.01402390 -0.09052318 0.06570380
v -0.01494920 -0.08867633 0.06550300
v -0.01485037 -0.09138506 0.06527715
v -0.01642924 -0.09007793 0.06428569
v -0.01690804 -0.08883953 0.06382048
v -0.01694846 -0.09035426 0.06338804
v -0.01642924 -0.09007793 0.06428569
v -0.01558005 -0.09015786 0.06506723
v -0.01623821 -0.08888655 0.06466281
v -0.01642924 -0.09007793 0.06428569
v -0.01694846 -0.09035426 0.06338804
v -0.01645541 -0.09149169 0.06374710
v -0.01575338 -0.09148055 0.06460362
v -0.01558005 -0.09015786 0.06506723
v -0.01642924 -0.09007793 0.06428569
v -0.01575338 -0.09148055 0.06460362
v -0.01642924 -0.09007793 0.06428569
v -0.01645541 -0.09149169 0.06374710
v -0.01338970 -0.09355521 0.06479984
v -0.01421791 -0.09237033 0.06521880
v -0.01480656 -0.09313273 0.06443524
v -0.01243150 -0.09283959 0.06544744
v -0.00971424 -0.09273362 0.06567174
v -0.01223301 -0.09178471 0.06576400
v -0.01137804 -0.09406650 0.06480026
v -0.01243150 -0.09283959 0.06544744
v -0.01338970 -0.09355521 0.06479984
v -0.01137804 -0.09406650 0.06480026
v -0.00870490 -0.09386259 0.06517255
v -0.01243150 -0.09283959 0.06544744
v -0.01689577 -0.02717638 -0.00617242
v -0.01664972 -0.07374691 -0.00652903
v -0.01715070 -0.07364398 -0.00552338
v -0.01689577 -0.02717638 -0.00617242
v -0.01715070 -0.07364398 -0.00552338
v -0.01725304 -0.02695399 -0.00526500
v -0.01653671 -0.02739608 -0.00670886
v -0.01664972 -0.07374691 -0.00652903
v -0.01689577 -0.02717638 -0.00617242
v -0.01600009 -0.02838844 -0.00730109
v -0.01578384 -0.07313781 -0.00744790
v -0.01664972 -0.07374691 -0.00652903
v -0.01600009 -0.02838844 -0.00730109
v -0.01664972 -0.07374691 -0.00652903
v -0.01653671 -0.02739608 -0.00670886
v -0.01490014 -0.02972543 -0.00798130
v -0.01578384 -0.07313781 -0.00744790
v -0.01600009 -0.02838844 -0.00730109
v -0.01490014 -0.02972543 -0.00798130
v -0.01493877 -0.07361114 -0.00792408
v -0.01578384 -0.07313781 -0.00744790
v -0.01490014 -0.02972543 -0.00798130
v -0.01400738 -0.07363653 -0.00820220
v -0.01493877 -0.07361114 -0.00792408
v -0.01379168 -0.03052783 -0.00825065
v -0.01400738 -0.07363653 -0.00820220
v -0.01490014 -0.02972543 -0.00798130
v -0.01497548 -0.07693153 -0.00766528
v -0.01423490 -0.07974433 -0.00753462
v -0.01514303 -0.07947468 -0.00721860
v -0.01497548 -0.07693153 -0.00766528
v -0.01397037 -0.07645881 -0.00805634
v -0.01423490 -0.07974433 -0.00753462
v -0.01670700 -0.07840979 -0.00582552
v -0.01601010 -0.08008617 -0.00643599
v -0.01665377 -0.08196669 -0.00494403
v -0.01576501 -0.07676792 -0.00719887
v -0.01497548 -0.07693153 -0.00766528
v -0.01514303 -0.07947468 -0.00721860
v -0.01708048 -0.07817596 -0.00498837
v -0.01665377 -0.08196669 -0.00494403
v -0.01697736 -0.08238166 -0.00393408
v -0.01708048 -0.07817596 -0.00498837
v -0.01670700 -0.07840979 -0.00582552
v -0.01665377 -0.08196669 -0.00494403
v -0.01576501 -0.07676792 -0.00719887
v -0.01514303 -0.07947468 -0.00721860
v -0.01601010 -0.08008617 -0.00643599
v -0.01636767 -0.07686084 -0.00657088
v -0.01576501 -0.07676792 -0.00719887
v -0.01601010 -0.08008617 -0.00643599
v -0.01670700 -0.07840979 -0.00582552
v -0.01636767 -0.07686084 -0.00657088
v -0.01601010 -0.08008617 -0.00643599
v -0.01493877 -0.07361114 -0.00792408
v -0.01400738 -0.07363653 -0.00820220
v -0.01397037 -0.07645881 -0.00805634
v -0.01493877 -0.07361114 -0.00792408
v -0.01397037 -0.07645881 -0.00805634
v -0.01497548 -0.07693153 -0.00766528
v -0.01578384 -0.07313781 -0.00744790
v -0.01493877 -0.07361114 -0.00792408
v -0.01497548 -0.07693153 -0.00766528
v -0.01576501 -0.07676792 -0.00719887
v -0.01664972 -0.07374691 -0.00652903
v -0.01636767 -0.07686084 -0.00657088
v -0.01670700 -0.07840979 -0.00582552
v -0.01664972 -0.07374691 -0.00652903
v -0.01578384 -0.07313781 -0.00744790
v -0.01576501 -0.07676792 -0.00719887
v -0.01664972 -0.07374691 -0.00652903
v -0.01576501 -0.07676792 -0.00719887
v -0.01636767 -0.07686084 -0.00657088
v -0.01715070 -0.07364398 -0.00552338
v -0.01664972 -0.07374691 -0.00652903
v -0.01670700 -0.07840979 -0.00582552
v -0.01715070 -0.07364398 -0.00552338
v -0.01670700 -0.07840979 -0.00582552
v -0.01708048 -0.07817596 -0.00498837
v -0.01495969 -0.09428876 0.00839561
v -0.01402860 -0.09442085 0.00776583
v -0.01405912 -0.09597444 0.01439887
v -0.01495969 -0.09428876 0.00839561
v -0.01405912 -0.09597444 0.01439887
v -0.01538580 -0.09530830 0.01359111
v -0.01539635 -0.09435242 0.00960374
v -0.01495969 -0.09428876 0.00839561
v -0.01538580 -0.09530830 0.01359111
v -0.01631981 -0.09446614 0.01311218
v -0.01539635 -0.09435242 0.00960374
v -0.01538580 -0.09530830 0.01359111
v -0.01593804 -0.09345191 0.00782162
v -0.01539635 -0.09435242 0.00960374
v -0.01631981 -0.09446614 0.01311218
v -0.01672023 -0.09273040 0.00860447
v -0.01631981 -0.09446614 0.01311218
v -0.01717102 -0.09325778 0.01391702
v -0.01672023 -0.09273040 0.00860447
v -0.01593804 -0.09345191 0.00782162
v -0.01631981 -0.09446614 0.01311218
v -0.01709634 -0.09175789 0.00828081
v -0.01672023 -0.09273040 0.00860447
v -0.01717102 -0.09325778 0.01391702
v -0.01459527 -0.08903914 -0.00248134
v -0.01352363 -0.08885848 -0.00304717
v -0.01382780 -0.08998435 -0.00172830
v -0.01459527 -0.08903914 -0.00248134
v -0.01383769 -0.08758366 -0.00416732
v -0.01352363 -0.08885848 -0.00304717
v -0.01498961 -0.08713907 -0.00398463
v -0.01459527 -0.08903914 -0.00248134
v -0.01518654 -0.08800250 -0.00307959
v -0.01490265 -0.09322619 0.00508505
v -0.01391977 -0.09338915 0.00457680
v -0.01402860 -0.09442085 0.00776583
v -0.01490265 -0.09322619 0.00508505
v -0.01402860 -0.09442085 0.00776583
v -0.01495969 -0.09428876 0.00839561
v -0.01569056 -0.09281122 0.00531662
v -0.01490265 -0.09322619 0.00508505
v -0.01495969 -0.09428876 0.00839561
v -0.01453131 -0.08592408 -0.00508457
v -0.01498961 -0.08713907 -0.00398463
v -0.01532608 -0.08516120 -0.00504810
v -0.01360583 -0.08575350 -0.00547576
v -0.01487469 -0.08400964 -0.00596046
v -0.01375025 -0.08395832 -0.00635457
v -0.01453131 -0.08592408 -0.00508457
v -0.01569056 -0.09281122 0.00531662
v -0.01495969 -0.09428876 0.00839561
v -0.01593804 -0.09345191 0.00782162
v -0.01487469 -0.08400964 -0.00596046
v -0.01453131 -0.08592408 -0.00508457
v -0.01532608 -0.08516120 -0.00504810
v -0.01532608 -0.08516120 -0.00504810
v -0.01498961 -0.08713907 -0.00398463
v -0.01583677 -0.08595138 -0.00408345
v -0.01583677 -0.08595138 -0.00408345
v -0.01632022 -0.08510792 -0.00400811
v -0.01576668 -0.08319312 -0.00565970
v -0.01583677 -0.08595138 -0.00408345
v -0.01576668 -0.08319312 -0.00565970
v -0.01532608 -0.08516120 -0.00504810
v -0.01487469 -0.08400964 -0.00596046
v -0.01391458 -0.08247613 -0.00690424
v -0.01375025 -0.08395832 -0.00635457
v -0.01487469 -0.08400964 -0.00596046
v -0.01532608 -0.08516120 -0.00504810
v -0.01576668 -0.08319312 -0.00565970
v -0.01606762 -0.09196281 0.00408661
v -0.01569056 -0.09281122 0.00531662
v -0.01593804 -0.09345191 0.00782162
v -0.01668792 -0.08475911 -0.00344622
v -0.01692163 -0.08644747 -0.00148350
v -0.01697736 -0.08238166 -0.00393408
v -0.01487469 -0.08400964 -0.00596046
v -0.01489174 -0.08163189 -0.00681001
v -0.01391458 -0.08247613 -0.00690424
v -0.01606762 -0.09196281 0.00408661
v -0.01593804 -0.09345191 0.00782162
v -0.01672023 -0.09273040 0.00860447
v -0.01453095 -0.09241276 0.00268233
v -0.01391977 -0.09338915 0.00457680
v -0.01490265 -0.09322619 0.00508505
v -0.01662677 -0.09114253 0.00403571
v -0.01606762 -0.09196281 0.00408661
v -0.01672023 -0.09273040 0.00860447
v -0.01453095 -0.09241276 0.00268233
v -0.01359117 -0.09256219 0.00249821
v -0.01391977 -0.09338915 0.00457680
v -0.01524740 -0.09226191 0.00320065
v -0.01453095 -0.09241276 0.00268233
v -0.01490265 -0.09322619 0.00508505
v -0.01524740 -0.09226191 0.00320065
v -0.01490265 -0.09322619 0.00508505
v -0.01569056 -0.09281122 0.00531662
v -0.01709634 -0.09175789 0.00828081
v -0.01662677 -0.09114253 0.00403571
v -0.01672023 -0.09273040 0.00860447
v -0.01606762 -0.09196281 0.00408661
v -0.01524740 -0.09226191 0.00320065
v -0.01569056 -0.09281122 0.00531662
v -0.01453095 -0.09241276 0.00268233
v -0.01374655 -0.09129750 0.00011714
v -0.01359117 -0.09256219 0.00249821
v -0.01485455 -0.09150606 0.00119626
v -0.01374655 -0.09129750 0.00011714
v -0.01453095 -0.09241276 0.00268233
v -0.01485455 -0.09150606 0.00119626
v -0.01475661 -0.09051245 -0.00052610
v -0.01374655 -0.09129750 0.00011714
v -0.01702117 -0.09012889 0.00400841
v -0.01662677 -0.09114253 0.00403571
v -0.01709634 -0.09175789 0.00828081
v -0.01374655 -0.09129750 0.00011714
v -0.01475661 -0.09051245 -0.00052610
v -0.01382780 -0.08998435 -0.00172830
v -0.01561892 -0.09069097 0.00072427
v -0.01485455 -0.09150606 0.00119626
v -0.01524740 -0.09226191 0.00320065
v -0.01459527 -0.08903914 -0.00248134
v -0.01382780 -0.08998435 -0.00172830
v -0.01475661 -0.09051245 -0.00052610
v -0.01561892 -0.09069097 0.00072427
v -0.01524740 -0.09226191 0.00320065
v -0.01606762 -0.09196281 0.00408661
v -0.01613694 -0.09031963 0.00107342
v -0.01561892 -0.09069097 0.00072427
v -0.01606762 -0.09196281 0.00408661
v -0.01487469 -0.08400964 -0.00596046
v -0.01576668 -0.08319312 -0.00565970
v -0.01489174 -0.08163189 -0.00681001
v -0.01662677 -0.09114253 0.00403571
v -0.01613694 -0.09031963 0.00107342
v -0.01606762 -0.09196281 0.00408661
v -0.01561892 -0.09069097 0.00072427
v -0.01475661 -0.09051245 -0.00052610
v -0.01485455 -0.09150606 0.00119626
v -0.01405912 -0.09597444 0.01439887
v -0.01499563 -0.09638500 0.01807034
v -0.01538580 -0.09530830 0.01359111
v -0.01659858 -0.08928650 0.00068893
v -0.01613694 -0.09031963 0.00107342
v -0.01662677 -0.09114253 0.00403571
v -0.01695710 -0.08845549 0.00096645
v -0.01659858 -0.08928650 0.00068893
v -0.01662677 -0.09114253 0.00403571
v -0.01695710 -0.08845549 0.00096645
v -0.01662677 -0.09114253 0.00403571
v -0.01702117 -0.09012889 0.00400841
v -0.01554173 -0.08895123 -0.00173885
v -0.01475661 -0.09051245 -0.00052610
v -0.01561892 -0.09069097 0.00072427
v -0.01611471 -0.08858692 -0.00133800
v -0.01554173 -0.08895123 -0.00173885
v -0.01561892 -0.09069097 0.00072427
v -0.01611471 -0.08858692 -0.00133800
v -0.01561892 -0.09069097 0.00072427
v -0.01613694 -0.09031963 0.00107342
v -0.01554173 -0.08895123 -0.00173885
v -0.01459527 -0.08903914 -0.00248134
v -0.01475661 -0.09051245 -0.00052610
v -0.01554173 -0.08895123 -0.00173885
v -0.01518654 -0.08800250 -0.00307959
v -0.01459527 -0.08903914 -0.00248134
v -0.01659858 -0.08928650 0.00068893
v -0.01611471 -0.08858692 -0.00133800
v -0.01613694 -0.09031963 0.00107342
v -0.01453095 -0.09241276 0.00268233
v -0.01524740 -0.09226191 0.00320065
v -0.01485455 -0.09150606 0.00119626
v -0.01498961 -0.08713907 -0.00398463
v -0.01383769 -0.08758366 -0.00416732
v -0.01459527 -0.08903914 -0.00248134
v -0.01660913 -0.08713096 -0.00183338
v -0.01611471 -0.08858692 -0.00133800
v -0.01659858 -0.08928650 0.00068893
v -0.01602774 -0.08746844 -0.00263059
v -0.01518654 -0.08800250 -0.00307959
v -0.01554173 -0.08895123 -0.00173885
v -0.01602774 -0.08746844 -0.00263059
v -0.01554173 -0.08895123 -0.00173885
v -0.01611471 -0.08858692 -0.00133800
v -0.01692163 -0.08644747 -0.00148350
v -0.01659858 -0.08928650 0.00068893
v -0.01695710 -0.08845549 0.00096645
v -0.01692163 -0.08644747 -0.00148350
v -0.01660913 -0.08713096 -0.00183338
v -0.01659858 -0.08928650 0.00068893
v -0.01453131 -0.08592408 -0.00508457
v -0.01360583 -0.08575350 -0.00547576
v -0.01383769 -0.08758366 -0.00416732
v -0.01453131 -0.08592408 -0.00508457
v -0.01383769 -0.08758366 -0.00416732
v -0.01498961 -0.08713907 -0.00398463
v -0.01660913 -0.08713096 -0.00183338
v -0.01602774 -0.08746844 -0.00263059
v -0.01611471 -0.08858692 -0.00133800
v -0.01583677 -0.08595138 -0.00408345
v -0.01518654 -0.08800250 -0.00307959
v -0.01602774 -0.08746844 -0.00263059
v -0.01583677 -0.08595138 -0.00408345
v -0.01498961 -0.08713907 -0.00398463
v -0.01518654 -0.08800250 -0.00307959
v -0.01632022 -0.08510792 -0.00400811
v -0.01583677 -0.08595138 -0.00408345
v -0.01602774 -0.08746844 -0.00263059
v -0.01593804 -0.09345191 0.00782162
v -0.01495969 -0.09428876 0.00839561
v -0.01539635 -0.09435242 0.00960374
v -0.01632022 -0.08510792 -0.00400811
v -0.01602774 -0.08746844 -0.00263059
v -0.01660913 -0.08713096 -0.00183338
v -0.01668792 -0.08475911 -0.00344622
v -0.01632022 -0.08510792 -0.00400811
v -0.01660913 -0.08713096 -0.00183338
v -0.01692163 -0.08644747 -0.00148350
v -0.01668792 -0.08475911 -0.00344622
v -0.01660913 -0.08713096 -0.00183338
v -0.01423490 -0.07974433 -0.00753462
v -0.01362800 -0.07976871 -0.00764543
v -0.01391458 -0.08247613 -0.00690424
v -0.01626902 -0.08234423 -0.00538749
v -0.01576668 -0.08319312 -0.00565970
v -0.01632022 -0.08510792 -0.00400811
v -0.01665377 -0.08196669 -0.00494403
v -0.01632022 -0.08510792 -0.00400811
v -0.01668792 -0.08475911 -0.00344622
v -0.01423490 -0.07974433 -0.00753462
v -0.01391458 -0.08247613 -0.00690424
v -0.01489174 -0.08163189 -0.00681001
v -0.01697736 -0.08238166 -0.00393408
v -0.01665377 -0.08196669 -0.00494403
v -0.01668792 -0.08475911 -0.00344622
v -0.01665377 -0.08196669 -0.00494403
v -0.01626902 -0.08234423 -0.00538749
v -0.01632022 -0.08510792 -0.00400811
v -0.01514303 -0.07947468 -0.00721860
v -0.01423490 -0.07974433 -0.00753462
v -0.01489174 -0.08163189 -0.00681001
v -0.01601010 -0.08008617 -0.00643599
v -0.01489174 -0.08163189 -0.00681001
v -0.01576668 -0.08319312 -0.00565970
v -0.01601010 -0.08008617 -0.00643599
v -0.01514303 -0.07947468 -0.00721860
v -0.01489174 -0.08163189 -0.00681001
v -0.01601010 -0.08008617 -0.00643599
v -0.01576668 -0.08319312 -0.00565970
v -0.01626902 -0.08234423 -0.00538749
v -0.01665377 -0.08196669 -0.00494403
v -0.01601010 -0.08008617 -0.00643599
v -0.01626902 -0.08234423 -0.00538749
v -0.01397037 -0.07645881 -0.00805634
v -0.01362800 -0.07976871 -0.00764543
v -0.01423490 -0.07974433 -0.00753462
v -0.01471602 -0.09760856 0.02458173
v -0.01499563 -0.09638500 0.01807034
v -0.01409626 -0.09731644 0.02168977
v -0.01538282 -0.09762263 0.02645736
v -0.01499563 -0.09638500 0.01807034
v -0.01471602 -0.09760856 0.02458173
v -0.01590484 -0.09639948 0.02111560
v -0.01616895 -0.09758764 0.03019654
v -0.01656645 -0.09581190 0.02144742
v -0.01538282 -0.09762263 0.02645736
v -0.01616895 -0.09758764 0.03019654
v -0.01590484 -0.09639948 0.02111560
v -0.01616895 -0.09758764 0.03019654
v -0.01686412 -0.09700971 0.03179198
v -0.01656645 -0.09581190 0.02144742
v -0.01386356 -0.09829264 0.02796608
v -0.01471602 -0.09760856 0.02458173
v -0.01409626 -0.09731644 0.02168977
v -0.01538282 -0.09762263 0.02645736
v -0.01471602 -0.09760856 0.02458173
v -0.01472645 -0.09857308 0.03138488
v -0.01738828 -0.09758037 0.05228775
v -0.01750129 -0.09752768 0.04964751
v -0.01712846 -0.09832078 0.04919201
v -0.01674443 -0.09872752 0.05221796
v -0.01738828 -0.09758037 0.05228775
v -0.01712846 -0.09832078 0.04919201
v -0.01538282 -0.09762263 0.02645736
v -0.01472645 -0.09857308 0.03138488
v -0.01529031 -0.09878087 0.03501069
v -0.01538282 -0.09762263 0.02645736
v -0.01529031 -0.09878087 0.03501069
v -0.01616895 -0.09758764 0.03019654
v -0.01529031 -0.09878087 0.03501069
v -0.01639539 -0.09815913 0.03639066
v -0.01616895 -0.09758764 0.03019654
v -0.01639539 -0.09815913 0.03639066
v -0.01703900 -0.09789073 0.04178822
v -0.01686412 -0.09700971 0.03179198
v -0.01639539 -0.09815913 0.03639066
v -0.01529031 -0.09878087 0.03501069
v -0.01562100 -0.09923893 0.04171693
v -0.01529031 -0.09878087 0.03501069
v -0.01452738 -0.09970319 0.04198527
v -0.01562100 -0.09923893 0.04171693
v -0.01562100 -0.09923893 0.04171693
v -0.01631283 -0.09898674 0.04460710
v -0.01639539 -0.09815913 0.03639066
v -0.01703900 -0.09789073 0.04178822
v -0.01639539 -0.09815913 0.03639066
v -0.01631283 -0.09898674 0.04460710
v -0.01674443 -0.09872752 0.05221796
v -0.01672852 -0.09837257 0.05418431
v -0.01738828 -0.09758037 0.05228775
v -0.01712846 -0.09832078 0.04919201
v -0.01703900 -0.09789073 0.04178822
v -0.01631283 -0.09898674 0.04460710
v -0.01604801 -0.09880876 0.05532085
v -0.01672852 -0.09837257 0.05418431
v -0.01626133 -0.09903174 0.05392843
v -0.01562100 -0.09923893 0.04171693
v -0.01452738 -0.09970319 0.04198527
v -0.01576930 -0.09962052 0.04860121
v -0.01562100 -0.09923893 0.04171693
v -0.01576930 -0.09962052 0.04860121
v -0.01631283 -0.09898674 0.04460710
v -0.01712846 -0.09832078 0.04919201
v -0.01751691 -0.09707927 0.04404056
v -0.01703900 -0.09789073 0.04178822
v -0.01402086 -0.10020570 0.04965913
v -0.01451653 -0.10017530 0.05252099
v -0.01471275 -0.10005010 0.04882246
v -0.01348567 -0.10031400 0.05461937
v -0.01451653 -0.10017530 0.05252099
v -0.01402086 -0.10020570 0.04965913
v -0.01576930 -0.09962052 0.04860121
v -0.01452738 -0.09970319 0.04198527
v -0.01471275 -0.10005010 0.04882246
v -0.00923204 -0.10038760 0.05701899
v -0.00989550 -0.09986299 0.05823487
v -0.01254308 -0.10005220 0.05682724
v -0.00923204 -0.10038760 0.05701899
v -0.01254308 -0.10005220 0.05682724
v -0.01298117 -0.10026540 0.05575144
v -0.00923204 -0.10038760 0.05701899
v -0.00577897 -0.10024160 0.05816143
v -0.00989550 -0.09986299 0.05823487
v -0.01596599 -0.09946501 0.05287086
v -0.01662176 -0.09895336 0.05023396
v -0.01576930 -0.09962052 0.04860121
v -0.01471275 -0.10005010 0.04882246
v -0.01527780 -0.09991806 0.05254602
v -0.01576930 -0.09962052 0.04860121
v -0.01527780 -0.09991806 0.05254602
v -0.01596599 -0.09946501 0.05287086
v -0.01576930 -0.09962052 0.04860121
v -0.01386237 -0.09941178 0.05715268
v -0.01495373 -0.09932076 0.05627477
v -0.01394444 -0.09985607 0.05620849
v -0.01394444 -0.09985607 0.05620849
v -0.01495373 -0.09932076 0.05627477
v -0.01448673 -0.10003470 0.05489182
v -0.01448673 -0.10003470 0.05489182
v -0.01298117 -0.10026540 0.05575144
v -0.01394444 -0.09985607 0.05620849
v -0.01448673 -0.10003470 0.05489182
v -0.01348567 -0.10031400 0.05461937
v -0.01298117 -0.10026540 0.05575144
v -0.01698637 -0.09515810 0.02162808
v -0.01731050 -0.09594506 0.03055042
v -0.01717102 -0.09325778 0.01391702
v -0.01409626 -0.09731644 0.02168977
v -0.01499563 -0.09638500 0.01807034
v -0.01405912 -0.09597444 0.01439887
v -0.01656645 -0.09581190 0.02144742
v -0.01686412 -0.09700971 0.03179198
v -0.01698637 -0.09515810 0.02162808
v -0.01686412 -0.09700971 0.03179198
v -0.01731050 -0.09594506 0.03055042
v -0.01698637 -0.09515810 0.02162808
v -0.01639539 -0.09815913 0.03639066
v -0.01686412 -0.09700971 0.03179198
v -0.01616895 -0.09758764 0.03019654
v -0.01731050 -0.09594506 0.03055042
v -0.01703900 -0.09789073 0.04178822
v -0.01751691 -0.09707927 0.04404056
v -0.01472645 -0.09857308 0.03138488
v -0.01471602 -0.09760856 0.02458173
v -0.01386356 -0.09829264 0.02796608
v -0.01712846 -0.09832078 0.04919201
v -0.01631283 -0.09898674 0.04460710
v -0.01662176 -0.09895336 0.05023396
v -0.01576930 -0.09962052 0.04860121
v -0.01662176 -0.09895336 0.05023396
v -0.01631283 -0.09898674 0.04460710
v -0.01656645 -0.09581190 0.02144742
v -0.01717102 -0.09325778 0.01391702
v -0.01631981 -0.09446614 0.01311218
v -0.01410186 -0.09920972 0.03568029
v -0.01472645 -0.09857308 0.03138488
v -0.01386356 -0.09829264 0.02796608
v -0.01703900 -0.09789073 0.04178822
v -0.01731050 -0.09594506 0.03055042
v -0.01686412 -0.09700971 0.03179198
v -0.01410186 -0.09920972 0.03568029
v -0.01529031 -0.09878087 0.03501069
v -0.01472645 -0.09857308 0.03138488
v -0.01410186 -0.09920972 0.03568029
v -0.01452738 -0.09970319 0.04198527
v -0.01529031 -0.09878087 0.03501069
v -0.01751691 -0.09707927 0.04404056
v -0.01712846 -0.09832078 0.04919201
v -0.01750129 -0.09752768 0.04964751
v -0.01471275 -0.10005010 0.04882246
v -0.01452738 -0.09970319 0.04198527
v -0.01402086 -0.10020570 0.04965913
v -0.01662176 -0.09895336 0.05023396
v -0.01674443 -0.09872752 0.05221796
v -0.01712846 -0.09832078 0.04919201
v -0.01674443 -0.09872752 0.05221796
v -0.01662176 -0.09895336 0.05023396
v -0.01596599 -0.09946501 0.05287086
v -0.01471275 -0.10005010 0.04882246
v -0.01451653 -0.10017530 0.05252099
v -0.01527780 -0.09991806 0.05254602
v -0.01626133 -0.09903174 0.05392843
v -0.01674443 -0.09872752 0.05221796
v -0.01596599 -0.09946501 0.05287086
v -0.01626133 -0.09903174 0.05392843
v -0.01672852 -0.09837257 0.05418431
v -0.01674443 -0.09872752 0.05221796
v -0.01495373 -0.09932076 0.05627477
v -0.01604801 -0.09880876 0.05532085
v -0.01534664 -0.09957122 0.05494046
v -0.01534664 -0.09957122 0.05494046
v -0.01604801 -0.09880876 0.05532085
v -0.01626133 -0.09903174 0.05392843
v -0.01534664 -0.09957122 0.05494046
v -0.01626133 -0.09903174 0.05392843
v -0.01596599 -0.09946501 0.05287086
v -0.01527780 -0.09991806 0.05254602
v -0.01448673 -0.10003470 0.05489182
v -0.01534664 -0.09957122 0.05494046
v -0.01527780 -0.09991806 0.05254602
v -0.01534664 -0.09957122 0.05494046
v -0.01596599 -0.09946501 0.05287086
v -0.01448673 -0.10003470 0.05489182
v -0.01527780 -0.09991806 0.05254602
v -0.01451653 -0.10017530 0.05252099
v -0.01448673 -0.10003470 0.05489182
v -0.01495373 -0.09932076 0.05627477
v -0.01534664 -0.09957122 0.05494046
v -0.01254308 -0.10005220 0.05682724
v -0.01386237 -0.09941178 0.05715268
v -0.01394444 -0.09985607 0.05620849
v -0.01254308 -0.10005220 0.05682724
v -0.01298511 -0.09945780 0.05770701
v -0.01386237 -0.09941178 0.05715268
v -0.01448673 -0.10003470 0.05489182
v -0.01451653 -0.10017530 0.05252099
v -0.01348567 -0.10031400 0.05461937
v -0.01298117 -0.10026540 0.05575144
v -0.01254308 -0.10005220 0.05682724
v -0.01394444 -0.09985607 0.05620849
v -0.00989550 -0.09986299 0.05823487
v -0.01298511 -0.09945780 0.05770701
v -0.01254308 -0.10005220 0.05682724
v -0.00923204 -0.10038760 0.05701899
v -0.01298117 -0.10026540 0.05575144
v -0.01348567 -0.10031400 0.05461937
v -0.00502896 -0.09980821 0.05901831
v -0.00989550 -0.09986299 0.05823487
v -0.00577897 -0.10024160 0.05816143
v 0.00000000 -0.10023150 0.05855453
v -0.00502896 -0.09980821 0.05901831
v -0.00577897 -0.10024160 0.05816143
v -0.00923204 -0.10038760 0.05701899
v 0.00000000 -0.10056870 0.05736058
v -0.00577897 -0.10024160 0.05816143
v 0.00000000 -0.10056870 0.05736058
v 0.00000000 -0.10023150 0.05855453
v -0.00577897 -0.10024160 0.05816143
v -0.01698637 -0.09515810 0.02162808
v -0.01631981 -0.09446614 0.01311218
v -0.01538580 -0.09530830 0.01359111
v -0.01590484 -0.09639948 0.02111560
v -0.01590484 -0.09639948 0.02111560
v -0.01656645 -0.09581190 0.02144742
v -0.01631981 -0.09446614 0.01311218
v -0.01590484 -0.09639948 0.02111560
v -0.01538580 -0.09530830 0.01359111
v -0.01499563 -0.09638500 0.01807034
v -0.01590484 -0.09639948 0.02111560
v -0.01499563 -0.09638500 0.01807034
v -0.01538282 -0.09762263 0.02645736
v -0.01734173 -0.07199579 0.02276599
v -0.01525533 -0.07197290 0.02268934
v -0.01736629 -0.07195091 0.02173060
v -0.01525533 -0.07197290 0.02268934
v -0.01525533 -0.07185590 0.02158552
v -0.01736629 -0.07195091 0.02173060
v -0.00199109 -0.09637141 0.01606673
v -0.00197738 -0.09735929 0.01488965
v -0.00199616 -0.09631699 0.01582747
v -0.00197899 -0.10145300 0.00730222
v -0.00183290 -0.10032460 0.00944859
v -0.00197452 -0.09983032 0.01168042
v -0.00059298 -0.09863483 0.01050209
v 0.00000000 -0.09854811 0.01050466
v -0.00051755 -0.09765166 0.01208102
v -0.00059298 -0.09863483 0.01050209
v -0.00051755 -0.09765166 0.01208102
v -0.00102556 -0.09884017 0.01056593
v 0.00000000 -0.09854811 0.01050466
v 0.00000000 -0.09719133 0.01258903
v -0.00051755 -0.09765166 0.01208102
v -0.00183290 -0.10032460 0.00944859
v -0.00153351 -0.09950399 0.01012212
v -0.00176656 -0.09878975 0.01216787
v -0.00153351 -0.09950399 0.01012212
v -0.00102556 -0.09884017 0.01056593
v -0.00118720 -0.09792006 0.01224917
v -0.00183290 -0.10032460 0.00944859
v -0.00176656 -0.09878975 0.01216787
v -0.00197452 -0.09983032 0.01168042
v -0.00153351 -0.09950399 0.01012212
v -0.00118720 -0.09792006 0.01224917
v -0.00176656 -0.09878975 0.01216787
v -0.00102556 -0.09884017 0.01056593
v -0.00051755 -0.09765166 0.01208102
v -0.00118720 -0.09792006 0.01224917
v -0.00051755 -0.09765166 0.01208102
v 0.00000000 -0.09719133 0.01258903
v 0.00000000 -0.09625643 0.01372545
v 0.00000000 -0.09998333 0.00535846
v 0.00000000 -0.09960412 0.00776315
v 0.00000000 -0.09983032 0.00688875
v 0.00000000 -0.10003010 0.00537479
v -0.00103581 -0.10026270 0.00540101
v 0.00000000 -0.10003010 0.00537479
v -0.00102001 -0.10005420 0.00694346
v 0.00000000 -0.09983032 0.00688875
v -0.00118720 -0.09792006 0.01224917
v -0.00051755 -0.09765166 0.01208102
v -0.00099903 -0.09638971 0.01389873
v -0.00051755 -0.09765166 0.01208102
v 0.00000000 -0.09625643 0.01372545
v -0.00099903 -0.09638971 0.01389873
v 0.00000000 -0.09719133 0.01258903
v 0.00000000 -0.09601610 0.01387166
v 0.00000000 -0.09625643 0.01372545
v -0.00103581 -0.10026270 0.00540101
v -0.00102001 -0.10005420 0.00694346
v -0.00146264 -0.10056360 0.00609583
v -0.00118720 -0.09792006 0.01224917
v -0.00099903 -0.09638971 0.01389873
v -0.00145256 -0.09654808 0.01425457
v -0.00176656 -0.09878975 0.01216787
v -0.00118720 -0.09792006 0.01224917
v -0.00145256 -0.09654808 0.01425457
v 0.00000000 -0.09983032 0.00688875
v 0.00000000 -0.09960412 0.00776315
v -0.00052334 -0.09938168 0.00871020
v -0.00176656 -0.09878975 0.01216787
v -0.00145256 -0.09654808 0.01425457
v -0.00177670 -0.09684705 0.01460510
v -0.00176656 -0.09878975 0.01216787
v -0.00177670 -0.09684705 0.01460510
v -0.00197738 -0.09735929 0.01488965
v 0.00000000 -0.09983032 0.00688875
v -0.00052334 -0.09938168 0.00871020
v -0.00102013 -0.09967523 0.00847727
v -0.00102001 -0.10005420 0.00694346
v 0.00000000 -0.09983032 0.00688875
v -0.00102013 -0.09967523 0.00847727
v -0.00197452 -0.09983032 0.01168042
v -0.00176656 -0.09878975 0.01216787
v -0.00197738 -0.09735929 0.01488965
v -0.00146264 -0.10056360 0.00609583
v -0.00102001 -0.10005420 0.00694346
v -0.00145137 -0.10004280 0.00842494
v -0.00102001 -0.10005420 0.00694346
v -0.00102013 -0.09967523 0.00847727
v -0.00145137 -0.10004280 0.00842494
v 0.00000000 -0.09960412 0.00776315
v 0.00000000 -0.09854811 0.01050466
v -0.00052334 -0.09938168 0.00871020
v -0.00146264 -0.10056360 0.00609583
v -0.00145137 -0.10004280 0.00842494
v -0.00183290 -0.10032460 0.00944859
v -0.00177670 -0.10100340 0.00617713
v -0.00146264 -0.10056360 0.00609583
v -0.00183290 -0.10032460 0.00944859
v -0.00177670 -0.10100340 0.00617713
v -0.00183290 -0.10032460 0.00944859
v -0.00197899 -0.10145300 0.00730222
v -0.00145137 -0.10004280 0.00842494
v -0.00102013 -0.09967523 0.00847727
v -0.00153351 -0.09950399 0.01012212
v -0.00102013 -0.09967523 0.00847727
v -0.00052334 -0.09938168 0.00871020
v -0.00102556 -0.09884017 0.01056593
v -0.00102013 -0.09967523 0.00847727
v -0.00102556 -0.09884017 0.01056593
v -0.00153351 -0.09950399 0.01012212
v -0.00052334 -0.09938168 0.00871020
v 0.00000000 -0.09854811 0.01050466
v -0.00059298 -0.09863483 0.01050209
v -0.00052334 -0.09938168 0.00871020
v -0.00059298 -0.09863483 0.01050209
v -0.00102556 -0.09884017 0.01056593
v -0.00183290 -0.10032460 0.00944859
v -0.00145137 -0.10004280 0.00842494
v -0.00153351 -0.09950399 0.01012212
v -0.00197917 -0.10156550 -0.00733185
v -0.00172287 -0.10094980 -0.00633663
v -0.00177670 -0.10100340 0.00617713
v -0.00197899 -0.10145300 0.00730222
v -0.00197917 -0.10156550 -0.00733185
v -0.00177670 -0.10100340 0.00617713
v -0.00177670 -0.10100340 0.00617713
v -0.00172287 -0.10094980 -0.00633663
v -0.00146264 -0.10056360 0.00609583
v -0.00172287 -0.10094980 -0.00633663
v -0.00114834 -0.10031870 -0.00635970
v -0.00146264 -0.10056360 0.00609583
v -0.00146264 -0.10056360 0.00609583
v -0.00114834 -0.10031870 -0.00635970
v -0.00103581 -0.10026270 0.00540101
v -0.00103581 -0.10026270 0.00540101
v -0.00114834 -0.10031870 -0.00635970
v 0.00000000 -0.10003010 0.00537479
v -0.00114834 -0.10031870 -0.00635970
v 0.00000000 -0.10003510 -0.00597632
v 0.00000000 -0.10003010 0.00537479
v 0.00000000 -0.10003510 -0.00597632
v 0.00000000 -0.09996247 -0.00670630
v -0.01658165 0.02736848 0.00809747
v -0.01662915 0.01279479 0.00806034
v -0.01730519 0.02691859 0.00783467
v -0.01609271 0.01873928 0.00842041
v -0.01658165 0.02736848 0.00809747
v -0.01613301 0.02763557 0.00844294
v -0.01571041 0.02787822 0.00890344
v -0.01609271 0.01873928 0.00842041
v -0.01613301 0.02763557 0.00844294
v -0.01684528 -0.00338370 0.00797063
v -0.01737529 0.01386004 0.00782704
v -0.01662915 0.01279479 0.00806034
v -0.01531070 0.02153575 0.00967395
v -0.01571041 0.02787822 0.00890344
v -0.01538336 0.02805906 0.00966370
v -0.01662915 0.01279479 0.00806034
v -0.01603966 0.00674176 0.00847280
v -0.01614218 -0.00299412 0.00837850
v -0.01529753 0.00029109 0.00986433
v -0.01563102 0.00816649 0.00898254
v -0.01531070 0.02153575 0.00967395
v -0.01529753 0.00029109 0.00986433
v -0.01545441 -0.01094591 0.00931048
v -0.01563102 0.00816649 0.00898254
v -0.01579999 -0.01718688 0.00874311
v -0.01614218 -0.00299412 0.00837850
v -0.01563102 0.00816649 0.00898254
v -0.01698243 -0.01318687 0.00791210
v -0.01785570 -0.02655535 0.00779724
v -0.01737529 0.01386004 0.00782704
v -0.01684528 -0.00338370 0.00797063
v -0.01662915 0.01279479 0.00806034
v -0.01614218 -0.00299412 0.00837850
v -0.01626271 -0.02141422 0.00829399
v -0.01633054 -0.01369261 0.00823569
v -0.01579999 -0.01718688 0.00874311
v -0.01730519 0.02691859 0.00783467
v -0.01563102 0.00816649 0.00898254
v -0.01545441 -0.01094591 0.00931048
v -0.01579999 -0.01718688 0.00874311
v -0.01730519 0.02691859 0.00783467
v -0.01579999 -0.01718688 0.00874311
v -0.01550889 -0.02798962 0.00917870
v -0.01620465 -0.02759420 0.00831604
v -0.01579999 -0.01718688 0.00874311
v -0.01620465 -0.02759420 0.00831604
v -0.01626271 -0.02141422 0.00829399
v -0.01698243 -0.01318687 0.00791210
v -0.01633054 -0.01369261 0.00823569
v -0.01626271 -0.02141422 0.00829399
v -0.01698243 -0.01318687 0.00791210
v -0.01609271 0.01873928 0.00842041
v -0.01571041 0.02787822 0.00890344
v -0.01563102 0.00816649 0.00898254
v -0.01684528 -0.00338370 0.00797063
v -0.01545441 -0.01094591 0.00931048
v -0.01529753 0.00029109 0.00986433
v -0.01527011 -0.02812165 0.01008749
v -0.01633054 -0.01369261 0.00823569
v -0.01614218 -0.00299412 0.00837850
v -0.01633054 -0.01369261 0.00823569
v -0.01684528 -0.00338370 0.00797063
v -0.01614218 -0.00299412 0.00837850
v -0.01701664 -0.02209883 0.00789535
v -0.01785570 -0.02655535 0.00779724
v -0.01698243 -0.01318687 0.00791210
v -0.01698243 -0.01318687 0.00791210
v -0.01626271 -0.02141422 0.00829399
v -0.01701664 -0.02209883 0.00789535
v -0.01545441 -0.01094591 0.00931048
v -0.01550889 -0.02798962 0.00917870
v -0.01579999 -0.01718688 0.00874311
v -0.01603966 0.00674176 0.00847280
v -0.01563102 0.00816649 0.00898254
v -0.01614218 -0.00299412 0.00837850
v -0.01720732 -0.02698153 0.00785863
v -0.01785570 -0.02655535 0.00779724
v -0.01701664 -0.02209883 0.00789535
v -0.01550889 -0.02798962 0.00917870
v -0.01620465 -0.02759420 0.00831604
v -0.01620465 -0.02759420 0.00831604
v -0.01720732 -0.02698153 0.00785863
v -0.01701664 -0.02209883 0.00789535
v -0.01563102 0.00816649 0.00898254
v -0.01571041 0.02787822 0.00890344
v -0.01531070 0.02153575 0.00967395
v -0.01603966 0.00674176 0.00847280
v -0.01662915 0.01279479 0.00806034
v -0.01609271 0.01873928 0.00842041
v -0.01603966 0.00674176 0.00847280
v -0.01609271 0.01873928 0.00842041
v -0.01662915 0.01279479 0.00806034
v -0.01658165 0.02736848 0.00809747
v -0.00821620 0.03248172 -0.00835645
v -0.00515944 0.03159219 -0.00691462
v -0.00779229 0.03104156 -0.00686914
v 0.00000000 0.03351694 -0.00850004
v 0.00000000 0.03199923 -0.00700831
v -0.00209582 0.03194195 -0.00697404
v -0.00821620 0.03248172 -0.00835645
v -0.00474924 0.03318434 -0.00841707
v -0.00515944 0.03159219 -0.00691462
v -0.01192337 0.03136295 -0.00829893
v -0.00821620 0.03248172 -0.00835645
v -0.00779229 0.03104156 -0.00686914
v -0.01097625 0.03007668 -0.00680643
v -0.01693195 0.02717745 -0.00669366
v -0.01531285 0.02976495 -0.00819683
v -0.01406306 0.02874881 -0.00675344
v -0.00474924 0.03318434 -0.00841707
v 0.00000000 0.03351694 -0.00850004
v -0.00209582 0.03194195 -0.00697404
v -0.01642018 0.02854341 -0.00763243
v -0.01531285 0.02976495 -0.00819683
v -0.01693195 0.02717745 -0.00669366
v -0.00474924 0.03318434 -0.00841707
v -0.00209582 0.03194195 -0.00697404
v -0.00515944 0.03159219 -0.00691462
v -0.01192337 0.03136295 -0.00829893
v -0.01097625 0.03007668 -0.00680643
v -0.01406306 0.02874881 -0.00675344
v -0.01531285 0.02976495 -0.00819683
v -0.01192337 0.03136295 -0.00829893
v -0.01406306 0.02874881 -0.00675344
v -0.01509308 -0.02822136 -0.00673282
v -0.01600009 -0.02838844 -0.00730109
v -0.01653671 -0.02739608 -0.00670886
v -0.01490014 -0.02972543 -0.00798130
v -0.01600009 -0.02838844 -0.00730109
v -0.01509308 -0.02822136 -0.00673282
v -0.01490014 -0.02972543 -0.00798130
v -0.01509308 -0.02822136 -0.00673282
v -0.01284831 -0.02931982 -0.00677884
v -0.01379168 -0.03052783 -0.00825065
v -0.01490014 -0.02972543 -0.00798130
v -0.01284831 -0.02931982 -0.00677884
v -0.01049309 -0.03185337 -0.00831807
v -0.01379168 -0.03052783 -0.00825065
v -0.01284831 -0.02931982 -0.00677884
v -0.01068258 -0.03016918 -0.00681609
v -0.01049309 -0.03185337 -0.00831807
v -0.01068258 -0.03016918 -0.00681609
v -0.00811046 -0.03097021 -0.00686222
v -0.00580883 -0.03301286 -0.00839865
v -0.01049309 -0.03185337 -0.00831807
v -0.00811046 -0.03097021 -0.00686222
v -0.00580883 -0.03301286 -0.00839865
v -0.00811046 -0.03097021 -0.00686222
v -0.00495309 -0.03162568 -0.00692129
v -0.00218344 -0.03343588 -0.00846183
v -0.00495309 -0.03162568 -0.00692129
v -0.00191945 -0.03195518 -0.00697982
v -0.00218344 -0.03343588 -0.00846183
v -0.00580883 -0.03301286 -0.00839865
v -0.00495309 -0.03162568 -0.00692129
v -0.00218344 -0.03343588 -0.00846183
v -0.00191945 -0.03195518 -0.00697982
v 0.00000000 -0.03199917 -0.00700796
v 0.00000000 -0.03349435 -0.00849998
v -0.01742732 -0.06941688 0.01333642
v -0.01525545 -0.06930655 0.01320600
v -0.01743650 -0.06881499 0.01238256
v -0.01743650 -0.06881499 0.01238256
v -0.01525545 -0.06930655 0.01320600
v -0.01525515 -0.06847184 0.01210939
v -0.01743650 -0.06881499 0.01238256
v -0.01525515 -0.06847184 0.01210939
v -0.01738965 -0.06804949 0.01169764
v -0.01525515 -0.06847184 0.01210939
v -0.01525521 -0.06758683 0.01148784
v -0.01738965 -0.06804949 0.01169764
v -0.01738965 -0.06804949 0.01169764
v -0.01525521 -0.06758683 0.01148784
v -0.01744282 -0.06699973 0.01116895
v -0.01744282 -0.06699973 0.01116895
v -0.01525521 -0.06758683 0.01148784
v -0.01525461 -0.06638556 0.01107048
v -0.01744437 -0.06594496 0.01097697
v -0.01744282 -0.06699973 0.01116895
v -0.01525461 -0.06638556 0.01107048
v -0.01525533 -0.07185590 0.02158552
v -0.01525533 -0.07075327 0.01761788
v -0.01736629 -0.07195091 0.02173060
v -0.01736629 -0.07195091 0.02173060
v -0.01525533 -0.07075327 0.01761788
v -0.01746410 -0.07075190 0.01735627
v -0.01525533 -0.07075327 0.01761788
v -0.01525545 -0.06930655 0.01320600
v -0.01746410 -0.07075190 0.01735627
v -0.01746410 -0.07075190 0.01735627
v -0.01525545 -0.06930655 0.01320600
v -0.01742732 -0.06941688 0.01333642
v -0.01738774 -0.07152187 0.02443730
v -0.01525509 -0.07158952 0.02423405
v -0.01745486 -0.07190930 0.02348417
v -0.01525509 -0.07158952 0.02423405
v -0.01525533 -0.07197290 0.02268934
v -0.01745486 -0.07190930 0.02348417
v -0.01745486 -0.07190930 0.02348417
v -0.01525533 -0.07197290 0.02268934
v -0.01734173 -0.07199579 0.02276599
v -0.01525527 -0.06846272 0.02643764
v -0.01525521 -0.06962722 0.02613562
v -0.01740998 -0.06840187 0.02650886
v -0.01740998 -0.06840187 0.02650886
v -0.01525521 -0.06962722 0.02613562
v -0.01739174 -0.06939440 0.02626132
v -0.01739174 -0.06939440 0.02626132
v -0.01525521 -0.06962722 0.02613562
v -0.01747173 -0.07031303 0.02581375
v -0.01525521 -0.06962722 0.02613562
v -0.01525515 -0.07078915 0.02532345
v -0.01747173 -0.07031303 0.02581375
v -0.01747173 -0.07031303 0.02581375
v -0.01525515 -0.07078915 0.02532345
v -0.01743316 -0.07097434 0.02520775
v -0.01525515 -0.07078915 0.02532345
v -0.01525509 -0.07158952 0.02423405
v -0.01743316 -0.07097434 0.02520775
v -0.01743316 -0.07097434 0.02520775
v -0.01525509 -0.07158952 0.02423405
v -0.01738774 -0.07152187 0.02443730
v -0.01751440 0.06807923 0.02655339
v -0.01525551 0.06845593 0.02644127
v -0.01740998 -0.06840187 0.02650886
v -0.01740998 -0.06840187 0.02650886
v -0.01525551 0.06845593 0.02644127
v -0.01525527 -0.06846272 0.02643764
v -0.01525533 0.07015961 0.02582722
v -0.01525533 0.06931853 0.02623498
v -0.01745283 0.07020527 0.02588206
v -0.01745283 0.07020527 0.02588206
v -0.01525533 0.06931853 0.02623498
v -0.01748377 0.06900221 0.02641522
v -0.01525533 0.06931853 0.02623498
v -0.01525551 0.06845593 0.02644127
v -0.01748377 0.06900221 0.02641522
v -0.01748377 0.06900221 0.02641522
v -0.01525551 0.06845593 0.02644127
v -0.01751440 0.06807923 0.02655339
v -0.01747649 0.07195955 0.02169626
v -0.01525521 0.07196158 0.02213627
v -0.01746118 0.07203048 0.02248591
v -0.01525521 0.07196158 0.02213627
v -0.01525527 0.07189172 0.02323365
v -0.01748692 0.07198733 0.02311468
v -0.01746118 0.07203048 0.02248591
v -0.01525521 0.07196158 0.02213627
v -0.01748692 0.07198733 0.02311468
v -0.01525527 0.07189172 0.02323365
v -0.01525527 0.07155174 0.02429103
v -0.01745164 0.07170301 0.02413064
v -0.01748692 0.07198733 0.02311468
v -0.01525527 0.07189172 0.02323365
v -0.01745164 0.07170301 0.02413064
v -0.01525527 0.07155174 0.02429103
v -0.01525533 0.07087653 0.02522397
v -0.01745700 0.07102608 0.02516460
v -0.01745164 0.07170301 0.02413064
v -0.01525527 0.07155174 0.02429103
v -0.01745700 0.07102608 0.02516460
v -0.01745700 0.07102608 0.02516460
v -0.01525533 0.07087653 0.02522397
v -0.01745283 0.07020527 0.02588206
v -0.01525533 0.07087653 0.02522397
v -0.01525533 0.07015961 0.02582722
v -0.01745283 0.07020527 0.02588206
v -0.01525419 0.06938499 0.01338958
v -0.01525408 0.07093381 0.01820760
v -0.01749461 0.07079732 0.01747363
v -0.01749169 0.06933170 0.01310926
v -0.01525419 0.06938499 0.01338958
v -0.01749461 0.07079732 0.01747363
v -0.01749461 0.07079732 0.01747363
v -0.01525408 0.07093381 0.01820760
v -0.01747649 0.07195955 0.02169626
v -0.01525408 0.07093381 0.01820760
v -0.01525521 0.07196158 0.02213627
v -0.01747649 0.07195955 0.02169626
v -0.01754784 0.06598627 0.01096141
v -0.01525497 0.06630653 0.01106137
v -0.01751565 0.06671994 0.01108694
v -0.01525497 0.06630653 0.01106137
v -0.01525431 0.06754839 0.01146334
v -0.01751565 0.06671994 0.01108694
v -0.01751565 0.06671994 0.01108694
v -0.01525431 0.06754839 0.01146334
v -0.01752322 0.06751316 0.01136583
v -0.01525431 0.06754839 0.01146334
v -0.01525491 0.06862276 0.01224523
v -0.01744717 0.06845861 0.01201063
v -0.01752322 0.06751316 0.01136583
v -0.01525431 0.06754839 0.01146334
v -0.01744717 0.06845861 0.01201063
v -0.01525491 0.06862276 0.01224523
v -0.01525419 0.06938499 0.01338958
v -0.01749169 0.06933170 0.01310926
v -0.01744717 0.06845861 0.01201063
v -0.01525491 0.06862276 0.01224523
v -0.01749169 0.06933170 0.01310926
v -0.01525497 0.06630653 0.01106137
v -0.01754784 0.06598627 0.01096141
v -0.01753789 0.04110854 0.01096284
v -0.01525461 -0.06638556 0.01107048
v -0.01744300 0.02310270 0.01097673
v -0.01744437 -0.06594496 0.01097697
v -0.01525497 0.06630653 0.01106137
v -0.01753789 0.04110854 0.01096284
v -0.01744300 0.02310270 0.01097673
v -0.01760327 -0.05609285 0.02661913
v -0.01772993 -0.06843483 0.02680850
v -0.01771545 0.06857800 0.02677690
v -0.01760327 -0.05609285 0.02661913
v -0.01751440 0.06807923 0.02655339
v -0.01740998 -0.06840187 0.02650886
v -0.01771545 0.06857800 0.02677690
v -0.01751440 0.06807923 0.02655339
v -0.01760327 -0.05609285 0.02661913
v -0.01760327 -0.05609285 0.02661913
v -0.01740998 -0.06840187 0.02650886
v -0.01772993 -0.06843483 0.02680850
v -0.01762413 -0.06951296 0.02638369
v -0.01772993 -0.06843483 0.02680850
v -0.01740998 -0.06840187 0.02650886
v -0.01740998 -0.06840187 0.02650886
v -0.01739174 -0.06939440 0.02626132
v -0.01762413 -0.06951296 0.02638369
v -0.01751440 0.06807923 0.02655339
v -0.01771545 0.06857800 0.02677690
v -0.01748377 0.06900221 0.02641522
v -0.01762413 -0.06951296 0.02638369
v -0.01774889 -0.07007747 0.02642405
v -0.01772993 -0.06843483 0.02680850
v -0.01748377 0.06900221 0.02641522
v -0.01771301 0.06990343 0.02634787
v -0.01745283 0.07020527 0.02588206
v -0.01748377 0.06900221 0.02641522
v -0.01771545 0.06857800 0.02677690
v -0.01771301 0.06990343 0.02634787
v -0.01747173 -0.07031303 0.02581375
v -0.01762413 -0.06951296 0.02638369
v -0.01739174 -0.06939440 0.02626132
v -0.01767903 0.07083916 0.02565068
v -0.01745283 0.07020527 0.02588206
v -0.01771301 0.06990343 0.02634787
v -0.01773142 -0.07100701 0.02564436
v -0.01774889 -0.07007747 0.02642405
v -0.01762413 -0.06951296 0.02638369
v -0.01773142 -0.07100701 0.02564436
v -0.01762413 -0.06951296 0.02638369
v -0.01747173 -0.07031303 0.02581375
v -0.01767903 0.07083916 0.02565068
v -0.01771301 0.06990343 0.02634787
v -0.01774770 0.07134896 0.02541404
v -0.01745700 0.07102608 0.02516460
v -0.01745283 0.07020527 0.02588206
v -0.01767903 0.07083916 0.02565068
v -0.01747173 -0.07031303 0.02581375
v -0.01759839 -0.07153367 0.02470040
v -0.01773142 -0.07100701 0.02564436
v -0.01759839 -0.07153367 0.02470040
v -0.01770973 0.07186877 0.02436202
v -0.01767903 0.07083916 0.02565068
v -0.01774770 0.07134896 0.02541404
v -0.01745700 0.07102608 0.02516460
v -0.01770973 0.07186877 0.02436202
v -0.01745164 0.07170301 0.02413064
v -0.01745700 0.07102608 0.02516460
v -0.01767903 0.07083916 0.02565068
v -0.01770973 0.07186877 0.02436202
v -0.01759839 -0.07153367 0.02470040
v -0.01773983 -0.07193219 0.02441436
v -0.01773142 -0.07100701 0.02564436
v -0.01743316 -0.07097434 0.02520775
v -0.01738774 -0.07152187 0.02443730
v -0.01759839 -0.07153367 0.02470040
v -0.01770973 0.07186877 0.02436202
v -0.01774150 0.07233536 0.02313441
v -0.01748692 0.07198733 0.02311468
v -0.01745164 0.07170301 0.02413064
v -0.01770973 0.07186877 0.02436202
v -0.01748692 0.07198733 0.02311468
v -0.01748692 0.07198733 0.02311468
v -0.01774150 0.07233536 0.02313441
v -0.01771783 0.07222032 0.02149569
v -0.01746118 0.07203048 0.02248591
v -0.01748692 0.07198733 0.02311468
v -0.01771783 0.07222032 0.02149569
v -0.01747649 0.07195955 0.02169626
v -0.01746118 0.07203048 0.02248591
v -0.01771783 0.07222032 0.02149569
v -0.01756387 -0.07210600 0.02209818
v -0.01774072 -0.07238233 0.02200543
v -0.01772081 -0.07217788 0.02350479
v -0.01772081 -0.07217788 0.02350479
v -0.01773983 -0.07193219 0.02441436
v -0.01759839 -0.07153367 0.02470040
v -0.01745486 -0.07190930 0.02348417
v -0.01772081 -0.07217788 0.02350479
v -0.01759839 -0.07153367 0.02470040
v -0.01734173 -0.07199579 0.02276599
v -0.01756387 -0.07210600 0.02209818
v -0.01745486 -0.07190930 0.02348417
v -0.01745486 -0.07190930 0.02348417
v -0.01759839 -0.07153367 0.02470040
v -0.01738774 -0.07152187 0.02443730
v -0.01736629 -0.07195091 0.02173060
v -0.01756387 -0.07210600 0.02209818
v -0.01734173 -0.07199579 0.02276599
v -0.01745486 -0.07190930 0.02348417
v -0.01756387 -0.07210600 0.02209818
v -0.01772081 -0.07217788 0.02350479
v -0.01747649 0.07195955 0.02169626
v -0.01771783 0.07222032 0.02149569
v -0.01749461 0.07079732 0.01747363
v -0.01771783 0.07222032 0.02149569
v -0.01774030 0.06959044 0.01304525
v -0.01749461 0.07079732 0.01747363
v -0.01774030 0.06959044 0.01304525
v -0.01749169 0.06933170 0.01310926
v -0.01749461 0.07079732 0.01747363
v -0.01746410 -0.07075190 0.01735627
v -0.01742732 -0.06941688 0.01333642
v -0.01767337 -0.06961202 0.01328706
v -0.01771920 -0.07098680 0.01721084
v -0.01746410 -0.07075190 0.01735627
v -0.01767337 -0.06961202 0.01328706
v -0.01767337 -0.06961202 0.01328706
v -0.01775050 -0.06960195 0.01277863
v -0.01771920 -0.07098680 0.01721084
v -0.01756387 -0.07210600 0.02209818
v -0.01771920 -0.07098680 0.01721084
v -0.01774072 -0.07238233 0.02200543
v -0.01746410 -0.07075190 0.01735627
v -0.01771920 -0.07098680 0.01721084
v -0.01756387 -0.07210600 0.02209818
v -0.01746410 -0.07075190 0.01735627
v -0.01756387 -0.07210600 0.02209818
v -0.01736629 -0.07195091 0.02173060
v -0.01771903 -0.06869029 0.01183742
v -0.01775050 -0.06960195 0.01277863
v -0.01767337 -0.06961202 0.01328706
v -0.01743650 -0.06881499 0.01238256
v -0.01771903 -0.06869029 0.01183742
v -0.01767337 -0.06961202 0.01328706
v -0.01743650 -0.06881499 0.01238256
v -0.01767337 -0.06961202 0.01328706
v -0.01742732 -0.06941688 0.01333642
v -0.01744282 -0.06699973 0.01116895
v -0.01772117 -0.06711560 0.01091980
v -0.01762712 -0.06796371 0.01147615
v -0.01744282 -0.06699973 0.01116895
v -0.01762712 -0.06796371 0.01147615
v -0.01738965 -0.06804949 0.01169764
v -0.01772117 -0.06711560 0.01091980
v -0.01771903 -0.06869029 0.01183742
v -0.01762712 -0.06796371 0.01147615
v -0.01762712 -0.06796371 0.01147615
v -0.01743650 -0.06881499 0.01238256
v -0.01738965 -0.06804949 0.01169764
v -0.01771903 -0.06869029 0.01183742
v -0.01743650 -0.06881499 0.01238256
v -0.01762712 -0.06796371 0.01147615
v -0.01775461 0.06726753 0.01095432
v -0.01751565 0.06671994 0.01108694
v -0.01752322 0.06751316 0.01136583
v -0.01775461 0.06726753 0.01095432
v -0.01752322 0.06751316 0.01136583
v -0.01744717 0.06845861 0.01201063
v -0.01775461 0.06726753 0.01095432
v -0.01744717 0.06845861 0.01201063
v -0.01772058 0.06867736 0.01191878
v -0.01772058 0.06867736 0.01191878
v -0.01744717 0.06845861 0.01201063
v -0.01749169 0.06933170 0.01310926
v -0.01772058 0.06867736 0.01191878
v -0.01749169 0.06933170 0.01310926
v -0.01774030 0.06959044 0.01304525
v -0.01771545 -0.06585615 0.01072973
v -0.01772117 -0.06711560 0.01091980
v -0.01744282 -0.06699973 0.01116895
v -0.01744437 -0.06594496 0.01097697
v -0.01771545 -0.06585615 0.01072973
v -0.01744282 -0.06699973 0.01116895
v -0.01775461 0.06726753 0.01095432
v -0.01774030 0.06602144 0.01075410
v -0.01754784 0.06598627 0.01096141
v -0.01751565 0.06671994 0.01108694
v -0.01775461 0.06726753 0.01095432
v -0.01754784 0.06598627 0.01096141
v -0.01761150 -0.01517248 0.01086509
v -0.01744437 -0.06594496 0.01097697
v -0.01744300 0.02310270 0.01097673
v -0.01754784 0.06598627 0.01096141
v -0.01774030 0.06602144 0.01075410
v -0.01753789 0.04110854 0.01096284
v -0.01761150 -0.01517248 0.01086509
v -0.01771545 -0.06585615 0.01072973
v -0.01744437 -0.06594496 0.01097697
v -0.01744300 0.02310270 0.01097673
v -0.01771700 0.02181679 0.01073485
v -0.01761150 -0.01517248 0.01086509
v -0.01753789 0.04110854 0.01096284
v -0.01774030 0.06602144 0.01075410
v -0.01772058 0.02918750 0.01078933
v -0.01771700 0.02181679 0.01073485
v -0.01771545 -0.06585615 0.01072973
v -0.01761150 -0.01517248 0.01086509
v -0.01772058 0.02918750 0.01078933
v -0.01771700 0.02181679 0.01073485
v -0.01744300 0.02310270 0.01097673
v -0.01772058 0.02918750 0.01078933
v -0.01744300 0.02310270 0.01097673
v -0.01753789 0.04110854 0.01096284
v -0.01574355 -0.03494775 0.00112086
v -0.01541322 -0.03495347 0.00679636
v -0.01275008 -0.03499972 0.00674999
v -0.01275008 -0.03499972 -0.00578201
v -0.01479393 -0.03496432 -0.00478303
v -0.01364868 -0.03498429 -0.00575382
v -0.01434761 -0.03497207 -0.00543868
v -0.00361723 -0.09879928 -0.01423656
v -0.00329077 -0.04505723 -0.01448982
v -0.00321484 -0.09815907 -0.01448351
v -0.00361723 -0.09879928 -0.01423656
v -0.00395310 -0.04506886 -0.01389724
v -0.00329077 -0.04505723 -0.01448982
v -0.00390035 -0.09870046 -0.01389956
v -0.00395310 -0.04506886 -0.01389724
v -0.00361723 -0.09879928 -0.01423656
v -0.00399649 -0.09862416 -0.01355731
v -0.00395310 -0.04506886 -0.01389724
v -0.00390035 -0.09870046 -0.01389956
v -0.00362146 -0.10096870 -0.01281023
v -0.00314307 -0.10091140 -0.01315134
v -0.00323898 -0.10144070 -0.01234865
v -0.00327569 -0.10011760 -0.01381379
v -0.00314307 -0.10091140 -0.01315134
v -0.00362146 -0.10096870 -0.01281023
v -0.00363648 -0.09998744 -0.01367527
v -0.00327569 -0.10011760 -0.01381379
v -0.00362146 -0.10096870 -0.01281023
v -0.00388211 -0.09989446 -0.01338100
v -0.00363648 -0.09998744 -0.01367527
v -0.00362146 -0.10096870 -0.01281023
v -0.00388211 -0.09989446 -0.01338100
v -0.00362146 -0.10096870 -0.01281023
v -0.00396043 -0.10055100 -0.01259547
v -0.00361723 -0.09879928 -0.01423656
v -0.00314379 -0.09918689 -0.01429826
v -0.00327569 -0.10011760 -0.01381379
v -0.00361723 -0.09879928 -0.01423656
v -0.00327569 -0.10011760 -0.01381379
v -0.00363648 -0.09998744 -0.01367527
v -0.00396043 -0.10055100 -0.01259547
v -0.00390035 -0.09870046 -0.01389956
v -0.00388211 -0.09989446 -0.01338100
v -0.00390035 -0.09870046 -0.01389956
v -0.00363648 -0.09998744 -0.01367527
v -0.00388211 -0.09989446 -0.01338100
v -0.00390035 -0.09870046 -0.01389956
v -0.00361723 -0.09879928 -0.01423656
v -0.00363648 -0.09998744 -0.01367527
v -0.00399649 -0.09862416 -0.01355731
v -0.00390035 -0.09870046 -0.01389956
v -0.00396043 -0.10055100 -0.01259547
v -0.00321484 -0.09815907 -0.01448351
v -0.00314379 -0.09918689 -0.01429826
v -0.00361723 -0.09879928 -0.01423656
v -0.00396043 -0.10055100 -0.01259547
v -0.00388420 -0.10149270 -0.01094985
v -0.00398910 -0.10193780 -0.00861114
v -0.00379735 -0.10223460 -0.00901902
v -0.00354075 -0.10191760 -0.01090216
v -0.00330693 -0.10256060 -0.00913834
v -0.00354075 -0.10191760 -0.01090216
v -0.00312680 -0.10199540 -0.01107579
v -0.00330693 -0.10256060 -0.00913834
v -0.00379735 -0.10223460 -0.00901902
v -0.00359744 -0.10278490 -0.00670975
v -0.00393379 -0.10237790 -0.00639886
v -0.00398910 -0.10193780 -0.00861114
v -0.00379735 -0.10223460 -0.00901902
v -0.00393379 -0.10237790 -0.00639886
v -0.00388420 -0.10149270 -0.01094985
v -0.00354075 -0.10191760 -0.01090216
v -0.00379735 -0.10223460 -0.00901902
v -0.00354075 -0.10191760 -0.01090216
v -0.00323898 -0.10144070 -0.01234865
v -0.00312680 -0.10199540 -0.01107579
v -0.00330693 -0.10256060 -0.00913834
v -0.00320065 -0.10295710 -0.00673151
v -0.00359744 -0.10278490 -0.00670975
v -0.00379735 -0.10223460 -0.00901902
v -0.00330693 -0.10256060 -0.00913834
v -0.00359744 -0.10278490 -0.00670975
v -0.00388420 -0.10149270 -0.01094985
v -0.00379735 -0.10223460 -0.00901902
v -0.00398910 -0.10193780 -0.00861114
v -0.00354075 -0.10191760 -0.01090216
v -0.00362146 -0.10096870 -0.01281023
v -0.00323898 -0.10144070 -0.01234865
v -0.00388420 -0.10149270 -0.01094985
v -0.00396043 -0.10055100 -0.01259547
v -0.00362146 -0.10096870 -0.01281023
v -0.00388420 -0.10149270 -0.01094985
v -0.00362146 -0.10096870 -0.01281023
v -0.00354075 -0.10191760 -0.01090216
v -0.00351149 -0.10285650 0.00540286
v -0.00359744 -0.10278490 -0.00670975
v -0.00320065 -0.10295710 -0.00673151
v -0.00351149 -0.10285650 0.00540286
v -0.00320065 -0.10295710 -0.00673151
v -0.00316113 -0.10294840 0.00585294
v -0.00389856 -0.10240420 0.00614816
v -0.00393379 -0.10237790 -0.00639886
v -0.00359744 -0.10278490 -0.00670975
v -0.00389856 -0.10240420 0.00614816
v -0.00359744 -0.10278490 -0.00670975
v -0.00351149 -0.10285650 0.00540286
v -0.00399589 -0.10183590 0.00762206
v -0.00398910 -0.10193780 -0.00861114
v -0.00393379 -0.10237790 -0.00639886
v -0.00399589 -0.10183590 0.00762206
v -0.00393379 -0.10237790 -0.00639886
v -0.00389856 -0.10240420 0.00614816
v -0.00358945 -0.10116230 0.01161509
v -0.00313264 -0.10072710 0.01272881
v -0.00358117 -0.09997171 0.01359540
v -0.00329155 -0.09772789 0.01634824
v -0.00263166 -0.09668362 0.01724505
v -0.00314170 -0.09672558 0.01721382
v -0.00396591 -0.10062680 0.01159870
v -0.00358117 -0.09997171 0.01359540
v -0.00388467 -0.09967941 0.01338398
v -0.00396591 -0.10062680 0.01159870
v -0.00358945 -0.10116230 0.01161509
v -0.00358117 -0.09997171 0.01359540
v -0.00353998 -0.10213220 0.00928313
v -0.00313282 -0.10221990 0.00943100
v -0.00320911 -0.10159190 0.01104986
v -0.00329155 -0.09772789 0.01634824
v -0.00314170 -0.09672558 0.01721382
v -0.00368202 -0.09666198 0.01693809
v -0.00353998 -0.10213220 0.00928313
v -0.00320911 -0.10159190 0.01104986
v -0.00358945 -0.10116230 0.01161509
v -0.00376707 -0.09815424 0.01552397
v -0.00329155 -0.09772789 0.01634824
v -0.00368202 -0.09666198 0.01693809
v -0.00388497 -0.10180620 0.00904655
v -0.00358945 -0.10116230 0.01161509
v -0.00396591 -0.10062680 0.01159870
v -0.00388497 -0.10180620 0.00904655
v -0.00353998 -0.10213220 0.00928313
v -0.00358945 -0.10116230 0.01161509
v -0.00376707 -0.09815424 0.01552397
v -0.00368202 -0.09666198 0.01693809
v -0.00399172 -0.09654337 0.01634633
v -0.00353998 -0.10213220 0.00928313
v -0.00313324 -0.10262730 0.00792718
v -0.00313282 -0.10221990 0.00943100
v -0.00399589 -0.10183590 0.00762206
v -0.00388497 -0.10180620 0.00904655
v -0.00396591 -0.10062680 0.01159870
v -0.00396019 -0.09809124 0.01507306
v -0.00376707 -0.09815424 0.01552397
v -0.00399172 -0.09654337 0.01634633
v -0.00388497 -0.10180620 0.00904655
v -0.00360286 -0.10260180 0.00720221
v -0.00353998 -0.10213220 0.00928313
v -0.00360286 -0.10260180 0.00720221
v -0.00313324 -0.10262730 0.00792718
v -0.00353998 -0.10213220 0.00928313
v -0.00389856 -0.10240420 0.00614816
v -0.00360286 -0.10260180 0.00720221
v -0.00388497 -0.10180620 0.00904655
v -0.00360286 -0.10260180 0.00720221
v -0.00316113 -0.10294840 0.00585294
v -0.00313324 -0.10262730 0.00792718
v -0.00399589 -0.10183590 0.00762206
v -0.00389856 -0.10240420 0.00614816
v -0.00388497 -0.10180620 0.00904655
v -0.00351149 -0.10285650 0.00540286
v -0.00316113 -0.10294840 0.00585294
v -0.00360286 -0.10260180 0.00720221
v -0.00376707 -0.09815424 0.01552397
v -0.00325251 -0.09930837 0.01473021
v -0.00329155 -0.09772789 0.01634824
v -0.00358117 -0.09997171 0.01359540
v -0.00325251 -0.09930837 0.01473021
v -0.00376707 -0.09815424 0.01552397
v -0.00389856 -0.10240420 0.00614816
v -0.00351149 -0.10285650 0.00540286
v -0.00360286 -0.10260180 0.00720221
v -0.00396019 -0.09809124 0.01507306
v -0.00399172 -0.09654337 0.01634633
v -0.00396591 -0.10062680 0.01159870
v -0.00358945 -0.10116230 0.01161509
v -0.00320911 -0.10159190 0.01104986
v -0.00313264 -0.10072710 0.01272881
v -0.00388467 -0.09967941 0.01338398
v -0.00358117 -0.09997171 0.01359540
v -0.00376707 -0.09815424 0.01552397
v -0.00358117 -0.09997171 0.01359540
v -0.00313264 -0.10072710 0.01272881
v -0.00325251 -0.09930837 0.01473021
v -0.00388467 -0.09967941 0.01338398
v -0.00376707 -0.09815424 0.01552397
v -0.00396019 -0.09809124 0.01507306
v -0.00396591 -0.10062680 0.01159870
v -0.00388467 -0.09967941 0.01338398
v -0.00396019 -0.09809124 0.01507306
v -0.00321484 -0.09815907 -0.01448351
v -0.00329077 -0.04505723 -0.01448982
v -0.00140917 -0.09697830 -0.01446241
v -0.00140917 -0.09697830 -0.01446241
v -0.00329077 -0.04505723 -0.01448982
v -0.00066297 -0.09655189 -0.01442646
v -0.00321484 -0.09815907 -0.01448351
v -0.00140917 -0.09697830 -0.01446241
v -0.00228280 -0.09864825 -0.01443433
v 0.00000000 -0.04499971 -0.01444751
v 0.00000000 -0.09642875 -0.01442515
v -0.00066297 -0.09655189 -0.01442646
v -0.00329077 -0.04505723 -0.01448982
v -0.00329155 -0.09772789 0.01634824
v -0.00221348 -0.09724247 0.01674741
v -0.00263166 -0.09668362 0.01724505
v -0.00225025 -0.09901076 0.01505315
v -0.00221348 -0.09724247 0.01674741
v -0.00329155 -0.09772789 0.01634824
v -0.00325251 -0.09930837 0.01473021
v -0.00225025 -0.09901076 0.01505315
v -0.00329155 -0.09772789 0.01634824
v -0.00222534 -0.10087010 0.01246374
v -0.00225025 -0.09901076 0.01505315
v -0.00325251 -0.09930837 0.01473021
v -0.00313264 -0.10072710 0.01272881
v -0.00222534 -0.10087010 0.01246374
v -0.00325251 -0.09930837 0.01473021
v -0.00320911 -0.10159190 0.01104986
v -0.00222534 -0.10087010 0.01246374
v -0.00313264 -0.10072710 0.01272881
v -0.00226062 -0.10206310 0.00985634
v -0.00222534 -0.10087010 0.01246374
v -0.00320911 -0.10159190 0.01104986
v -0.00313282 -0.10221990 0.00943100
v -0.00226062 -0.10206310 0.00985634
v -0.00320911 -0.10159190 0.01104986
v -0.00221115 -0.10256370 0.00805259
v -0.00226062 -0.10206310 0.00985634
v -0.00313282 -0.10221990 0.00943100
v -0.00313324 -0.10262730 0.00792718
v -0.00221115 -0.10256370 0.00805259
v -0.00313282 -0.10221990 0.00943100
v -0.00224090 -0.10284110 0.00651890
v -0.00221115 -0.10256370 0.00805259
v -0.00313324 -0.10262730 0.00792718
v -0.00316113 -0.10294840 0.00585294
v -0.00224090 -0.10284110 0.00651890
v -0.00313324 -0.10262730 0.00792718
v -0.00220233 -0.10295230 0.00494641
v -0.00224090 -0.10284110 0.00651890
v -0.00316113 -0.10294840 0.00585294
v -0.00220233 -0.10295230 0.00494641
v -0.00316113 -0.10294840 0.00585294
v -0.00320065 -0.10295710 -0.00673151
v -0.00224811 -0.10296150 -0.00608814
v -0.00220233 -0.10295230 0.00494641
v -0.00320065 -0.10295710 -0.00673151
v -0.00320065 -0.10295710 -0.00673151
v -0.00231248 -0.10282510 -0.00783259
v -0.00224811 -0.10296150 -0.00608814
v -0.00330693 -0.10256060 -0.00913834
v -0.00231248 -0.10282510 -0.00783259
v -0.00320065 -0.10295710 -0.00673151
v -0.00330693 -0.10256060 -0.00913834
v -0.00229460 -0.10221760 -0.01045769
v -0.00231248 -0.10282510 -0.00783259
v -0.00312680 -0.10199540 -0.01107579
v -0.00229460 -0.10221760 -0.01045769
v -0.00330693 -0.10256060 -0.00913834
v -0.00323898 -0.10144070 -0.01234865
v -0.00223154 -0.10122850 -0.01269668
v -0.00229460 -0.10221760 -0.01045769
v -0.00323898 -0.10144070 -0.01234865
v -0.00229460 -0.10221760 -0.01045769
v -0.00312680 -0.10199540 -0.01107579
v -0.00314307 -0.10091140 -0.01315134
v -0.00223154 -0.10122850 -0.01269668
v -0.00323898 -0.10144070 -0.01234865
v -0.00314307 -0.10091140 -0.01315134
v -0.00225008 -0.10039900 -0.01360625
v -0.00223154 -0.10122850 -0.01269668
v -0.00327569 -0.10011760 -0.01381379
v -0.00225008 -0.10039900 -0.01360625
v -0.00314307 -0.10091140 -0.01315134
v -0.00327569 -0.10011760 -0.01381379
v -0.00219744 -0.09962171 -0.01407009
v -0.00225008 -0.10039900 -0.01360625
v -0.00314379 -0.09918689 -0.01429826
v -0.00219744 -0.09962171 -0.01407009
v -0.00327569 -0.10011760 -0.01381379
v -0.00314379 -0.09918689 -0.01429826
v -0.00228280 -0.09864825 -0.01443433
v -0.00219744 -0.09962171 -0.01407009
v -0.00321484 -0.09815907 -0.01448351
v -0.00228280 -0.09864825 -0.01443433
v -0.00314379 -0.09918689 -0.01429826
v -0.00066297 -0.09655189 -0.01442646
v -0.00146616 -0.09737598 -0.01431459
v -0.00140917 -0.09697830 -0.01446241
v -0.00228280 -0.09864825 -0.01443433
v -0.00146616 -0.09737598 -0.01431459
v -0.00187379 -0.09821575 -0.01431518
v -0.00140917 -0.09697830 -0.01446241
v -0.00146616 -0.09737598 -0.01431459
v -0.00228280 -0.09864825 -0.01443433
v -0.00219744 -0.09962171 -0.01407009
v -0.00228280 -0.09864825 -0.01443433
v -0.00187379 -0.09821575 -0.01431518
v -0.00197393 -0.09888023 -0.01406329
v -0.00219744 -0.09962171 -0.01407009
v -0.00187379 -0.09821575 -0.01431518
v -0.00197393 -0.09888023 -0.01406329
v -0.00201201 -0.10013390 -0.01349753
v -0.00219744 -0.09962171 -0.01407009
v -0.00205016 -0.10090050 -0.01287823
v -0.00225008 -0.10039900 -0.01360625
v -0.00201201 -0.10013390 -0.01349753
v -0.00223154 -0.10122850 -0.01269668
v -0.00225008 -0.10039900 -0.01360625
v -0.00205016 -0.10090050 -0.01287823
v -0.00201201 -0.10013390 -0.01349753
v -0.00225008 -0.10039900 -0.01360625
v -0.00219744 -0.09962171 -0.01407009
v -0.00204355 -0.10274510 -0.00697666
v -0.00211006 -0.10253440 -0.00881100
v -0.00202483 -0.10199200 -0.01044631
v -0.00224811 -0.10296150 -0.00608814
v -0.00231248 -0.10282510 -0.00783259
v -0.00204355 -0.10274510 -0.00697666
v -0.00211006 -0.10253440 -0.00881100
v -0.00229460 -0.10221760 -0.01045769
v -0.00202483 -0.10199200 -0.01044631
v -0.00211006 -0.10253440 -0.00881100
v -0.00231248 -0.10282510 -0.00783259
v -0.00229460 -0.10221760 -0.01045769
v -0.00202483 -0.10199200 -0.01044631
v -0.00223154 -0.10122850 -0.01269668
v -0.00205016 -0.10090050 -0.01287823
v -0.00202483 -0.10199200 -0.01044631
v -0.00229460 -0.10221760 -0.01045769
v -0.00223154 -0.10122850 -0.01269668
v -0.00204355 -0.10274510 -0.00697666
v -0.00231248 -0.10282510 -0.00783259
v -0.00211006 -0.10253440 -0.00881100
v -0.00204355 -0.10274510 -0.00697666
v -0.00220233 -0.10295230 0.00494641
v -0.00224811 -0.10296150 -0.00608814
v -0.00204355 -0.10274510 -0.00697666
v -0.00202078 -0.10263390 0.00654787
v -0.00220233 -0.10295230 0.00494641
v -0.00221115 -0.10256370 0.00805259
v -0.00202078 -0.10263390 0.00654787
v -0.00201553 -0.10153410 0.01072841
v -0.00221348 -0.09724247 0.01674741
v -0.00225025 -0.09901076 0.01505315
v -0.00201839 -0.09894138 0.01482957
v -0.00202078 -0.10263390 0.00654787
v -0.00224090 -0.10284110 0.00651890
v -0.00220233 -0.10295230 0.00494641
v -0.00212741 -0.09661984 0.01712179
v -0.00221348 -0.09724247 0.01674741
v -0.00201839 -0.09894138 0.01482957
v -0.00200236 -0.09655088 0.01684886
v -0.00212741 -0.09661984 0.01712179
v -0.00201839 -0.09894138 0.01482957
v -0.00221115 -0.10256370 0.00805259
v -0.00201553 -0.10153410 0.01072841
v -0.00226062 -0.10206310 0.00985634
v -0.00222534 -0.10087010 0.01246374
v -0.00226062 -0.10206310 0.00985634
v -0.00201553 -0.10153410 0.01072841
v -0.00224090 -0.10284110 0.00651890
v -0.00202078 -0.10263390 0.00654787
v -0.00221115 -0.10256370 0.00805259
v -0.00201839 -0.09894138 0.01482957
v -0.00222534 -0.10087010 0.01246374
v -0.00201553 -0.10153410 0.01072841
v -0.00201839 -0.09894138 0.01482957
v -0.00225025 -0.09901076 0.01505315
v -0.00222534 -0.10087010 0.01246374
v 0.00129956 0.03202265 -0.00693649
v 0.00128674 0.03202176 0.00100118
v 0.00000000 0.03199923 -0.00700831
v 0.00129956 -0.03202265 -0.00602728
v 0.00129956 -0.03202265 -0.00693649
v 0.00000000 -0.03199917 -0.00700796
v -0.00199199 -0.03195571 -0.00596982
v 0.00129956 -0.03202265 -0.00693649
v -0.00177670 -0.09684705 0.01460510
v -0.00155175 -0.09606069 0.01480835
v -0.00177413 -0.09614801 0.01513957
v -0.00177670 -0.09684705 0.01460510
v -0.00177413 -0.09614801 0.01513957
v -0.00185996 -0.09621816 0.01542663
v -0.00113308 -0.09594517 0.01439899
v -0.00145256 -0.09654808 0.01425457
v -0.00099903 -0.09638971 0.01389873
v -0.00145256 -0.09654808 0.01425457
v -0.00143945 -0.09602177 0.01466393
v -0.00155175 -0.09606069 0.01480835
v -0.00099903 -0.09638971 0.01389873
v -0.00098062 -0.09591048 0.01428204
v -0.00113308 -0.09594517 0.01439899
v -0.00099903 -0.09638971 0.01389873
v -0.00062678 -0.09585702 0.01412910
v -0.00098062 -0.09591048 0.01428204
v 0.00000000 -0.09625643 0.01372545
v 0.00000000 -0.09583681 0.01407915
v -0.00062678 -0.09585702 0.01412910
v -0.00200236 -0.09655088 0.01684886
v -0.00197738 -0.09735929 0.01488965
v -0.00185996 -0.09621816 0.01542663
v -0.00199616 -0.09631699 0.01582747
v 0.00000000 -0.09580558 0.01404684
v 0.00000000 -0.09581190 0.01405560
v 0.00000000 -0.09583681 0.01407915
v -0.00221348 -0.09724247 0.01674741
v -0.00216246 -0.09663522 0.01718097
v -0.00263166 -0.09668362 0.01724505
v 0.00201839 -0.09894138 0.01482957
v 0.00177413 -0.09614801 0.01513957
v 0.00143945 -0.09602177 0.01466393
v 0.00099903 -0.09638971 0.01389873
v 0.00098062 -0.09591048 0.01428204
v 0.00062678 -0.09585702 0.01412910
v 0.00199616 -0.09631699 0.01582747
v -0.00216246 -0.09663522 0.01718097
v -0.00145256 -0.09654808 0.01425457
v -0.00143945 -0.09602177 0.01466393
v -0.00099903 -0.09638971 0.01389873
v 0.00000000 -0.09625643 0.01372545
v -0.00062678 -0.09585702 0.01412910
v -0.00199169 -0.09646970 0.01649612
v -0.00177670 -0.09684705 0.01460510
v -0.01145249 -0.06581288 0.06580018
v -0.01083076 -0.06659364 0.05841088
v -0.01145249 -0.06581288 0.05840015
v -0.01149034 0.06554079 0.05839937
v 0.01145249 -0.06581288 0.05840015
v 0.01149034 0.06554079 0.05839937
v 0.01149034 0.06554079 0.06579941
v 0.01128304 0.06613343 0.05840301
v 0.01149034 0.06554079 0.05839937
v -0.01055824 0.06674385 0.06581580
v 0.00000000 0.06699997 0.05859994
v 0.00000000 0.06699997 0.06599998
v -0.01083076 -0.06659364 0.06581091
v -0.01023006 -0.06681382 0.05842137
v -0.01083076 -0.06659364 0.05841088
v 0.01083076 -0.06659364 0.06581091
v 0.01023006 -0.06681382 0.05842137
v 0.01023006 -0.06681382 0.06582140
v -0.01023006 -0.06681382 0.06582140
v 0.00000000 -0.06699997 0.05859994
v -0.01023006 -0.06681382 0.05842137
v -0.01149034 0.06554079 0.06579941
v -0.01145249 -0.06581288 0.05840015
v -0.01149034 0.06554079 0.05839937
v 0.01055824 0.06674385 0.06581580
v 0.00000000 0.06699997 0.05859994
v 0.01055824 0.06674385 0.05841577
v -0.01128304 0.06613343 0.06580305
v -0.01055824 0.06674385 0.05841577
v -0.01055824 0.06674385 0.06581580
v -0.01149034 0.06554079 0.06579941
v -0.01128304 0.06613343 0.05840301
v -0.01128304 0.06613343 0.06580305
v 0.01128304 0.06613343 0.06580305
v 0.01055824 0.06674385 0.05841577
v 0.01128304 0.06613343 0.05840301
v 0.01023006 -0.06681382 0.06582140
v 0.00000000 -0.06699997 0.05859994
v 0.00000000 -0.06699997 0.06599998
v 0.01145249 -0.06581288 0.06580018
v 0.01083076 -0.06659364 0.05841088
v 0.01083076 -0.06659364 0.06581091
v 0.01149034 0.06554079 0.06579941
v 0.01145249 -0.06581288 0.05840015
v 0.01145249 -0.06581288 0.06580018
v -0.01083076 -0.06659364 0.06581091
v 0.01055824 0.06674385 0.05841577
v 0.00000000 0.06699997 0.05859994
v 0.01149034 0.06554079 0.05839937
v -0.01055824 0.06674385 0.05841577
v -0.01128304 0.06613343 0.05840301
v -0.01149034 0.06554079 0.05839937
v -0.01145249 -0.06581288 0.05840015
v -0.01083076 -0.06659364 0.05841088
v -0.01023006 -0.06681382 0.05842137
v -0.01145249 -0.06581288 0.05840015
v 0.00000000 -0.06699997 0.05859994
v 0.01023006 -0.06681382 0.05842137
v 0.01145249 -0.06581288 0.05840015
v 0.01083076 -0.06659364 0.05841088
v 0.01128304 0.06613343 0.05840301
v 0.00000000 0.06699997 0.05859994
v 0.00000000 -0.06699997 0.05859994
v 0.00000000 -0.06699997 0.05859994
v 0.01145249 -0.06581288 0.05840015
v -0.01145249 -0.06581288 0.05840015
v 0.01149034 0.06554079 0.05839937
v 0.00000000 0.06699997 0.05859994
v -0.01149034 0.06554079 0.05839937
v 0.01128304 0.06613343 0.06580305
v -0.01055824 0.06674385 0.05841577
v -0.01023006 -0.06681382 0.06582140
v 0.01083076 -0.06659364 0.05841088
v 0.00000000 -0.06699997 0.06599998
v -0.01145249 -0.06581288 0.06580018
v 0.00000000 0.06699997 0.06599998
v -0.01128304 0.06613343 0.05840301
v -0.01149034 0.06554079 0.05839937
v 0.01055824 0.06674385 0.06581580
v 0.01023006 -0.06681382 0.05842137
v 0.01145249 -0.06581288 0.05840015
v 0.01149034 0.06554079 0.05839937
v 0.00496602 -0.03161674 -0.00591785
v 0.00839394 -0.03436237 0.00100440
v 0.00958359 -0.03421688 0.00100362
v -0.01275008 -0.03599995 -0.00578201
v -0.01083827 -0.03395122 0.00100416
v -0.00807154 -0.03098642 -0.00586373
v -0.01275008 -0.03599995 0.00575000
v -0.01259809 -0.03599995 0.00575000
v -0.01259964 -0.03595864 0.00563037
v -0.00807154 -0.03098642 -0.00586373
v -0.00958467 -0.03421747 0.00100517
v -0.00496602 -0.03161674 -0.00591785
v -0.00496602 -0.03161674 -0.00591785
v -0.00839531 -0.03436291 0.00100589
v -0.00199199 -0.03195571 -0.00596982
v 0.01275008 -0.03599995 -0.00578201
v 0.01256412 -0.03580063 0.00100696
v 0.01256710 -0.03580385 0.00139707
v 0.01275008 -0.03599995 0.00575000
v 0.01258927 -0.03582757 0.00535077
v 0.01258975 -0.03590965 0.00550961
v -0.00199199 -0.03195571 -0.00596982
v -0.00678319 -0.03436303 0.00100636
v 0.00199199 -0.03195571 -0.00596982
v -0.01519101 0.02816319 0.00100034
v -0.01406306 0.02874881 -0.00675344
v -0.01493471 0.02830362 0.00100029
v 0.00958359 -0.03421688 0.00100362
v 0.00807154 -0.03098642 -0.00586373
v 0.00496602 -0.03161674 -0.00591785
v -0.00560045 0.03147375 0.00099982
v -0.00515944 0.03159219 -0.00691462
v -0.00445831 0.03170716 0.00099989
v 0.00138420 0.03197383 0.00100112
v 0.00209582 0.03194195 -0.00697404
v 0.00141686 0.03197294 0.00100112
v -0.00853765 0.03086322 0.00099988
v -0.00779229 0.03104156 -0.00686914
v -0.00843853 0.03089326 0.00099988
v 0.01230597 0.02954834 0.00100011
v 0.01097625 0.03007668 -0.00680643
v 0.01406306 0.02874881 -0.00675344
v -0.00835764 0.03091019 0.00099988
v -0.00779229 0.03104156 -0.00686914
v 0.00835764 0.03091019 0.00099990
v 0.00445932 0.03169798 0.00099999
v 0.00515944 0.03159219 -0.00691462
v 0.01406306 0.02874881 -0.00675344
v 0.01186645 0.02971065 0.00099993
v 0.00939196 0.03056740 0.00099987
v 0.01097625 0.03007668 -0.00680643
v -0.01239156 0.02950865 0.00099995
v -0.01306217 0.02919769 0.00099997
v -0.01406306 0.02874881 -0.00675344
v 0.00439030 0.03171497 0.00100005
v 0.00515944 0.03159219 -0.00691462
v 0.00445932 0.03169798 0.00099999
v -0.01543217 0.02780288 0.00756198
v -0.01545220 0.02777373 0.00817978
v -0.01598632 0.02772003 0.00931966
v 0.01520138 0.02806812 0.00565004
v 0.01540750 0.02804780 0.00236827
v 0.01598632 0.02772003 0.00931966
v -0.01260024 -0.03594356 0.00558668
v -0.01445692 0.02855104 0.00100017
v -0.01493471 0.02830362 0.00100029
v -0.01406306 0.02874881 -0.00675344
v -0.00183451 0.03193670 0.00099999
v -0.00209582 0.03194195 -0.00697404
v -0.00141698 0.03197294 0.00100017
v -0.00138408 0.03197383 0.00100022
v -0.00209582 0.03194195 -0.00697404
v 0.00000000 0.03199923 -0.00700831
v -0.00439024 0.03171497 0.00099989
v -0.00515944 0.03159219 -0.00691462
v -0.00209582 0.03194195 -0.00697404
v 0.00138420 0.03197383 0.00100112
v 0.00000000 0.03199923 -0.00700831
v 0.01493489 0.02830350 0.00100195
v 0.01445698 0.02855104 0.00100154
v 0.01406306 0.02874881 -0.00675344
v 0.00779229 0.03104156 -0.00686914
v 0.00843853 0.03089326 0.00099990
v -0.00853765 0.03086322 0.00099988
v -0.01218509 0.02960032 0.00099995
v -0.01097625 0.03007668 -0.00680643
v -0.00138408 0.03197383 0.00100022
v -0.01260101 -0.03591597 0.00552654
v -0.01260304 -0.03584235 0.00538492
v -0.01275008 -0.03599995 0.00575000
v 0.00200629 0.03192180 0.00100118
v 0.00141686 0.03197294 0.00100112
v 0.00209582 0.03194195 -0.00697404
v -0.01260024 -0.03594356 0.00558668
v -0.01260101 -0.03591597 0.00552654
v -0.01275008 -0.03599995 0.00575000
v -0.01230597 0.02954828 0.00099995
v -0.01097625 0.03007668 -0.00680643
v -0.01218509 0.02960032 0.00099995
v 0.00853765 0.03086322 0.00099989
v 0.00779229 0.03104156 -0.00686914
v 0.01097625 0.03007668 -0.00680643
v 0.01258975 -0.03590965 0.00550961
v 0.01258999 -0.03593969 0.00557548
v 0.01275008 -0.03599995 0.00575000
v -0.00121957 -0.03436344 0.00100750
v 0.00839394 -0.03436237 0.00100440
v 0.01258999 -0.03593969 0.00557548
v 0.01259064 -0.03599995 0.00575000
v 0.01275008 -0.03599995 0.00575000
v 0.01445698 0.02855104 0.00100154
v 0.01230597 0.02954834 0.00100011
v 0.01406306 0.02874881 -0.00675344
v 0.01540750 0.02804780 0.00236827
v 0.01514273 0.02819281 0.00195092
v 0.01518654 0.02815991 0.00100219
v -0.01520800 0.02815705 0.00205386
v 0.00129956 0.03202199 0.00100124
v 0.00199199 -0.03195571 -0.00596982
v -0.01275008 -0.03599995 0.00575000
v -0.01264971 -0.03589230 0.00100881
v -0.01260304 -0.03584235 0.00538492
v -0.01083827 -0.03395122 0.00100416
v -0.00958467 -0.03421747 0.00100517
v 0.01258927 -0.03582757 0.00535077
v 0.01275008 -0.03599995 0.00575000
v 0.00807154 -0.03098642 -0.00586373
v 0.01083761 -0.03395050 0.00100249
v -0.00839531 -0.03436291 0.00100589
v 0.01083761 -0.03395050 0.00100249
v 0.00000000 0.03199923 -0.00700831
v -0.01097625 0.03007668 -0.00680643
v 0.01218515 0.02960032 0.00100005
v -0.00843853 0.03089326 0.00099988
v 0.01518654 0.02815991 0.00100219
v 0.01493489 0.02830350 0.00100195
v 0.01406306 0.02874881 -0.00675344
v 0.01218515 0.02960032 0.00100005
v 0.00853765 0.03086322 0.00099989
v -0.01230597 0.02954828 0.00099995
v -0.01445692 0.02855104 0.00100017
v 0.00439030 0.03171497 0.00100005
v 0.00209582 0.03194195 -0.00697404
v 0.00515944 0.03159219 -0.00691462
v -0.01540750 0.02804780 0.00236827
v -0.01520800 0.02815705 0.00205386
v -0.01543217 0.02780288 0.00756198
v -0.01544368 0.02778404 0.00796103
v -0.01516085 0.02772217 0.00927353
v -0.01515603 0.02772003 0.00931966
v -0.01540750 0.02804780 0.00236827
v 0.01598632 0.02772003 0.00931966
v 0.01516103 0.02771604 0.00930899
v 0.01518046 0.02784478 0.00900131
v 0.01530236 0.02793300 0.00859022
v 0.01524066 0.02799975 0.00722492
v 0.01598632 0.02772003 0.00931966
v 0.01598632 0.02772003 0.00931966
v 0.01518046 0.02784478 0.00900131
v 0.01530236 0.02793300 0.00859022
v 0.01514273 0.02819281 0.00195092
v 0.01540750 0.02804780 0.00236827
v 0.01520138 0.02806812 0.00565004
v 0.01520138 0.02806812 0.00565004
v -0.00439024 0.03171497 0.00099989
v -0.00141698 0.03197294 0.00100017
v -0.00445831 0.03170716 0.00099989
v 0.00439030 0.03171497 0.00100005
v 0.00225592 0.03190016 0.00100106
v -0.01406306 0.02874881 -0.00675344
v 0.00843853 0.03089326 0.00099990
v -0.00281495 -0.03436338 0.00100744
f 1 2 3
f 1 4 2
f 5 6 7
f 8 9 10
f 11 9 8
f 5 12 6
f 13 14 15
f 13 15 16
f 13 16 17
f 18 19 20
f 21 22 23
f 24 25 26
f 27 28 29
f 30 31 32
f 33 34 35
f 36 34 33
f 37 38 39
f 40 41 42
f 43 44 45
f 46 47 48
f 49 50 51
f 52 53 54
f 55 56 57
f 58 59 60
f 61 62 63
f 64 65 66
f 67 68 69
f 70 71 72
f 73 74 75
f 76 77 78
f 79 80 81
f 82 83 84
f 85 86 87
f 88 89 90
f 91 92 93
f 94 95 96
f 97 98 99
f 100 101 102
f 103 104 105
f 106 107 108
f 109 110 111
f 112 113 114
f 115 116 117
f 118 119 120
f 121 122 123
f 124 125 126
f 127 128 129
f 130 131 132
f 133 134 135
f 136 137 138
f 139 140 141
f 142 143 144
f 145 146 147
f 148 149 150
f 151 152 153
f 154 155 156
f 157 158 159
f 160 161 162
f 163 164 165
f 166 167 168
f 169 170 171
f 169 171 172
f 173 174 175
f 176 177 178
f 179 180 181
f 182 183 184
f 185 186 187
f 185 188 186
f 189 190 191
f 192 193 194
f 195 196 197
f 198 199 200
f 201 202 203
f 204 202 205
f 203 202 204
f 206 207 208
f 209 202 201
f 209 210 202
f 211 207 212
f 212 207 206
f 211 213 207
f 213 214 207
f 215 216 217
f 214 218 207
f 202 207 205
f 205 207 218
f 219 220 221
f 222 221 223
f 222 223 224
f 222 224 225
f 222 219 221
f 226 227 222
f 226 222 225
f 228 229 230
f 231 232 228
f 231 230 233
f 231 228 230
f 234 235 236
f 237 238 232
f 239 240 241
f 242 243 244
f 245 246 247
f 248 249 250
f 251 249 248
f 252 253 254
f 255 256 257
f 258 259 260
f 261 262 263
f 264 265 266
f 267 268 269
f 261 270 262
f 271 265 264
f 272 273 274
f 275 276 277
f 278 279 280
f 281 282 283
f 252 284 253
f 282 285 283
f 286 287 288
f 289 290 291
f 292 293 294
f 295 296 297
f 298 299 300
f 295 301 296
f 302 303 304
f 305 306 307
f 308 309 310
f 311 312 313
f 314 315 316
f 317 318 319
f 320 321 322
f 323 324 325
f 326 327 328
f 329 330 331
f 332 333 334
f 335 336 337
f 338 339 340
f 341 342 343
f 344 345 346
f 347 348 349
f 350 351 352
f 352 351 353
f 354 355 356
f 357 358 359
f 360 361 362
f 363 364 365
f 366 367 368
f 369 370 371
f 372 373 374
f 375 376 377
f 378 379 380
f 381 382 383
f 378 384 379
f 385 386 387
f 388 389 390
f 391 392 393
f 394 395 396
f 397 398 399
f 400 401 402
f 385 403 386
f 404 405 406
f 407 408 409
f 410 411 412
f 413 411 410
f 387 386 414
f 415 416 417
f 418 419 420
f 421 422 423
f 424 425 426
f 427 428 429
f 430 431 432
f 433 434 435
f 436 437 438
f 439 440 441
f 442 443 444
f 445 446 447
f 448 449 450
f 451 452 453
f 454 455 456
f 457 458 459
f 460 461 462
f 463 464 465
f 466 467 468
f 469 470 471
f 472 473 474
f 475 476 477
f 478 479 480
f 481 482 483
f 484 485 486
f 487 488 489
f 490 491 492
f 493 494 495
f 496 497 498
f 495 494 499
f 500 501 502
f 503 504 505
f 506 507 508
f 509 510 511
f 512 513 514
f 515 516 517
f 518 519 520
f 521 522 523
f 524 525 526
f 527 528 529
f 530 531 532
f 533 534 535
f 536 537 538
f 539 540 541
f 542 543 544
f 545 546 547
f 548 549 550
f 551 552 553
f 554 555 556
f 557 558 559
f 560 561 562
f 563 564 565
f 566 567 568
f 569 570 571
f 572 573 574
f 575 562 576
f 577 578 579
f 580 581 582
f 583 584 585
f 586 587 588
f 589 590 591
f 592 593 594
f 595 596 597
f 598 599 600
f 601 602 603
f 604 605 606
f 607 608 609
f 610 611 612
f 613 614 615
f 616 617 618
f 619 620 621
f 622 623 624
f 625 626 627
f 628 629 618
f 630 608 631
f 632 633 634
f 635 636 637
f 638 639 640
f 641 569 642
f 643 644 645
f 646 647 648
f 649 593 650
f 651 652 653
f 654 649 650
f 655 656 657
f 658 659 660
f 661 662 663
f 664 665 666
f 650 593 667
f 580 668 669
f 670 671 672
f 673 674 675
f 676 677 678
f 679 680 681
f 680 682 681
f 683 684 685
f 686 687 688
f 689 690 691
f 692 693 694
f 695 696 697
f 698 699 700
f 701 702 703
f 704 705 706
f 608 707 631
f 708 709 710
f 711 712 713
f 714 715 716
f 717 718 719
f 720 721 722
f 723 724 725
f 726 727 728
f 729 730 731
f 732 733 734
f 735 736 737
f 738 739 740
f 741 742 743
f 744 745 746
f 747 748 749
f 750 751 752
f 753 754 755
f 756 757 758
f 759 760 761
f 762 763 764
f 765 707 766
f 767 768 769
f 770 771 772
f 773 774 775
f 776 777 778
f 779 780 781
f 782 783 784
f 785 786 787
f 788 789 790
f 791 792 793
f 794 795 796
f 797 798 799
f 800 801 802
f 803 804 805
f 806 807 808
f 809 810 811
f 812 813 814
f 815 816 817
f 818 819 820
f 821 822 823
f 824 825 826
f 827 828 829
f 830 831 832
f 833 834 835
f 836 837 838
f 839 840 841
f 842 843 844
f 845 846 847
f 848 849 850
f 851 852 853
f 854 855 856
f 857 858 859
f 860 861 862
f 863 864 865
f 866 867 868
f 869 870 871
f 872 873 874
f 875 876 877
f 878 879 880
f 881 882 883
f 884 885 886
f 887 888 889
f 890 891 892
f 893 894 895
f 896 897 898
f 899 900 901
f 902 903 904
f 905 906 907
f 908 909 910
f 911 912 913
f 914 915 916
f 917 918 919
f 920 921 922
f 923 924 925
f 926 927 928
f 929 738 740
f 930 931 932
f 933 934 935
f 929 740 936
f 937 907 906
f 938 939 940
f 941 942 943
f 944 945 946
f 947 948 949
f 950 951 952
f 953 954 955
f 956 957 958
f 959 960 961
f 962 963 964
f 965 966 967
f 968 969 970
f 971 972 973
f 974 975 976
f 977 978 979
f 980 981 982
f 983 984 985
f 986 987 988
f 989 990 991
f 992 993 994
f 995 996 997
f 998 999 1000
f 1001 1002 1003
f 1004 1005 1006
f 1007 1008 1009
f 1010 1011 1012
f 1013 1014 1015
f 1016 1017 1018
f 1019 1020 1021
f 1022 1023 1024
f 1025 1026 1027
f 1028 1029 1030
f 1031 1032 1033
f 1034 1035 1036
f 1037 1038 1039
f 1040 1041 1042
f 1043 1044 1045
f 1046 1047 1048
f 1049 1050 1051
f 1052 1053 1054
f 1055 1056 1057
f 1058 1059 1060
f 1061 1062 1063
f 1064 1065 1066
f 1067 1068 1069
f 1070 1071 1072
f 1073 1074 1075
f 1076 1077 1078
f 1079 1080 1081
f 1082 1083 1084
f 1085 1086 1087
f 1088 1089 1090
f 1091 1092 1093
f 1094 1095 1096
f 1097 1098 1099
f 1100 1101 1102
f 1103 1104 1105
f 899 1106 900
f 892 1107 890
f 1108 1109 1110
f 1111 1112 1113
f 1114 1115 1116
f 1117 1118 1119
f 1120 1121 1122
f 1123 1124 1125
f 1126 1127 1128
f 1129 1130 1131
f 1132 1133 1134
f 1135 1136 1137
f 1138 1139 1140
f 1141 1142 1143
f 1144 1145 1146
f 1147 1148 1149
f 1150 1151 1152
f 1153 1154 1155
f 1156 1157 1158
f 1159 1160 1161
f 1162 1163 1164
f 1165 1166 1167
f 1168 1169 1170
f 1171 1172 1173
f 1174 1175 1176
f 1177 1178 1179
f 1180 1181 1182
f 1183 1184 1185
f 1186 1187 1188
f 1189 1190 1191
f 1192 1193 1194
f 1195 1196 1197
f 1198 1199 1200
f 1201 1202 1203
f 1204 1205 1206
f 1207 1208 1209
f 1210 1211 1212
f 1213 1214 1215
f 1216 1217 1218
f 1219 1220 1221
f 1222 1223 1224
f 1224 1223 1225
f 1226 1227 1228
f 1229 1230 1231
f 1232 1233 1234
f 1235 1236 1237
f 1238 1239 1240
f 1241 1242 1243
f 1244 1245 1246
f 1247 1248 1249
f 1250 1251 1252
f 1253 1254 1255
f 1256 1257 1258
f 1259 1260 1261
f 1262 1263 1264
f 1265 1266 1267
f 1268 1269 1270
f 1271 1272 1273
f 1274 1275 1276
f 1277 1278 1279
f 1280 1281 1282
f 1283 1284 1285
f 1286 1284 1283
f 1287 1288 1289
f 1290 1291 1292
f 1293 1294 1295
f 1296 1294 1293
f 1297 1298 1299
f 1300 1301 1302
f 1303 1304 1305
f 1306 1307 1308
f 1309 1310 1311
f 1312 1313 1314
f 1315 1316 1317
f 1318 1319 1320
f 1321 1322 1323
f 1324 1325 1326
f 1327 1328 1329
f 1330 1331 1332
f 1333 1334 1335
f 1336 1337 1338
f 1339 1340 1341
f 1342 1343 1344
f 1345 1346 1347
f 1348 1349 1350
f 1351 1352 1353
f 1354 1355 1356
f 1357 1358 1359
f 1360 1361 1362
f 1363 1364 1365
f 1366 1367 1368
f 1369 1370 1371
f 1372 1373 1374
f 1375 1376 1377
f 1378 1379 1380
f 1381 1382 1383
f 1384 1385 1386
f 1387 1388 1389
f 1385 1390 1386
f 1391 1392 1393
f 1392 1394 1393
f 1395 1396 1397
f 1398 1399 1400
f 1401 1402 1403
f 1399 1404 1400
f 1405 1406 1407
f 1408 1409 1410
f 1411 1412 1413
f 1414 1415 1416
f 1417 1418 1419
f 1420 1421 1422
f 1423 1424 1425
f 1419 1418 1426
f 1427 1428 1429
f 1430 1431 1432
f 1433 1434 1435
f 1436 1437 1438
f 1439 1440 1441
f 1442 1443 1444
f 1445 1446 1447
f 1448 1449 1450
f 1451 1452 1453
f 1454 1455 1456
f 1457 1458 1459
f 1460 1461 1462
f 1463 1464 1465
f 1466 1467 1468
f 1469 1470 1471
f 1472 1473 1474
f 1475 1476 1477
f 1478 1479 1480
f 1481 1482 1483
f 1484 1485 1486
f 1487 1488 1489
f 1490 1491 1492
f 1493 1494 1495
f 1496 1497 1498
f 1499 1500 1501
f 1502 1503 1504
f 1505 1506 1507
f 1508 1509 1510
f 1511 1512 1513
f 1514 1515 1516
f 1363 1365 1517
f 1518 1519 1520
f 1521 1522 1523
f 1524 1525 1526
f 1518 1527 1519
f 1528 1529 1530
f 1531 1532 1533
f 1534 1535 1536
f 1537 1538 1539
f 1540 1541 1542
f 1543 1544 1545
f 1546 1547 1548
f 1549 1550 1551
f 1552 1553 1554
f 1555 1556 1557
f 1558 1559 1560
f 1561 1562 1563
f 1564 1565 1566
f 1567 1568 1569
f 1570 1571 1572
f 1573 1574 1575
f 1576 1537 1539
f 1577 1578 1579
f 1580 1581 1582
f 1583 1584 1585
f 1586 1587 1588
f 1589 1590 1591
f 1592 1593 1594
f 1595 1596 1597
f 1598 1599 1600
f 1601 1602 1603
f 1604 1605 1606
f 1607 1608 1609
f 1610 1611 1612
f 1613 1614 1615
f 1616 1617 1618
f 1619 1620 1621
f 1622 1623 1624
f 1625 1626 1627
f 1628 1629 1630
f 1631 1632 1633
f 1634 1635 1636
f 1637 1638 1634
f 1638 1635 1634
f 1639 1640 1641
f 1640 1642 1641
f 1643 1644 1645
f 1646 1647 1648
f 1649 1650 1651
f 1652 1653 1654
f 1655 1656 1657
f 1658 1659 1660
f 1661 1662 1663
f 1664 1665 1666
f 1667 1668 1669
f 1670 1671 1672
f 1673 1674 1675
f 1676 1677 1678
f 1679 1680 1681
f 1682 1683 1684
f 1682 1684 1685
f 1686 1687 1688
f 1689 1690 1691
f 1692 1693 1694
f 1695 1696 1697
f 1698 1699 1700
f 1701 1702 1703
f 1704 1705 1706
f 1707 1708 1709
f 1707 1710 1708
f 1711 1712 1713
f 1714 1715 1716
f 1717 1715 1714
f 1718 1719 1720
f 1718 1720 1721
f 1717 1722 1715
f 1723 1724 1725
f 1717 1726 1722
f 1727 1728 1729
f 1714 1716 1730
f 1718 1721 1731
f 1718 1731 1732
f 1718 1732 1733
f 1718 1733 1734
f 1718 1734 1726
f 1718 1726 1717
f 1735 1736 1737
f 1738 1739 1740
f 1741 1742 1743
f 1744 1745 1746
f 1747 1748 1749
f 1750 1751 1752
f 1753 1754 1755
f 1756 1757 1758
f 1759 1760 1761
f 1762 1763 1764
f 1765 1766 1767
f 1768 1769 1770
f 1771 1772 1773
f 1774 1775 1776
f 1777 1778 1779
f 1780 1781 1782
f 1783 1784 1785
f 1786 1787 1788
f 1789 1790 1791
f 1784 1792 1785
f 1793 1794 1795
f 1796 1797 1798
f 1799 1800 1801
f 1802 1803 1804
f 1805 1806 1807
f 1808 1809 1810
f 1811 1812 1813
f 1814 1815 1816
f 1817 1818 1819
f 1820 1821 1822
f 1823 1824 1825
f 1826 1827 1828
f 1829 1830 1831
f 1832 1833 1834
f 1825 1835 1836
f 1824 1835 1825
f 1837 1838 1839
f 1840 1841 1842
f 1843 1844 1845
f 1846 1847 1848
f 1849 1850 1851
f 1852 1853 1854
f 1855 1856 1857
f 1858 1859 1860
f 1861 1862 1863
f 1864 1865 1866
f 1867 1866 1865
f 1868 1869 1870
f 1871 1872 1873
f 1874 1875 1876
f 1877 1878 1879
f 1880 1881 1882
f 1883 1884 1885
f 1886 1887 1888
f 1889 1890 1891
f 1892 1893 1894
f 1895 1896 1897
f 1898 1899 1900
f 1901 1902 1903
f 1904 1905 1906
f 1907 1908 1909
f 1910 1911 1912
f 1913 1914 1915
f 1916 1917 1918
f 1919 1920 1921
f 1922 1923 1924
f 1925 1926 1927
f 1928 1929 1930
f 1931 1932 1933
f 1934 1935 1936
f 1937 1938 1939
f 1940 1941 1942
f 1943 1944 1945
f 1946 1947 1948
f 1949 1950 1951
f 1952 1953 1954
f 1955 1956 1957
f 1958 1959 1960
f 1961 1962 1963
f 1964 1965 1966
f 1967 1968 1969
f 1970 1971 1972
f 1973 1974 1975
f 1976 1977 1978
f 1979 1980 1981
f 1982 1983 1984
f 1985 1986 1987
f 1988 1989 1990
f 1991 1992 1993
f 1994 1995 1996
f 1997 1998 1999
f 2000 2001 2002
f 2003 2004 2005
f 2006 2007 2008
f 2009 2010 2011
f 2012 2013 2014
f 2015 2016 2017
f 2018 2019 2020
f 2021 2022 2023
f 2024 2025 2026
f 2027 2028 2029
f 2030 2031 2032
f 2033 2034 2035
f 2036 2037 2038
f 2039 2040 2041
f 2042 2043 2044
f 2045 2046 2047
f 2048 2049 2050
f 2051 2052 2053
f 2054 2055 2056
f 2057 2058 2059
f 2060 2061 2062
f 2063 2064 2065
f 2066 2067 2068
f 2069 2070 2071
f 2072 2073 2074
f 2075 2076 2077
f 2078 2079 2080
f 2081 2082 2083
f 2084 2085 2086
f 2087 2088 2089
f 2090 2091 2092
f 2093 2094 2095
f 2096 2097 2098
f 2099 2100 2101
f 2102 2103 2104
f 2105 2106 2107
f 2108 2109 2110
f 2111 2112 2113
f 2114 2115 2116
f 2117 2118 2119
f 2120 2121 2122
f 2123 2124 2125
f 2126 2127 2128
f 2129 2130 2131
f 2132 2133 2134
f 2135 2136 2137
f 2138 2139 2140
f 2141 2142 2143
f 2144 2145 2146
f 2147 2148 2149
f 2150 2151 2152
f 2153 2154 2155
f 2156 2157 2158
f 2159 2160 2161
f 2162 2163 2164
f 2165 2166 2167
f 2168 2169 2170
f 2171 2172 2173
f 2174 2175 2176
f 2177 2178 2179
f 2180 2181 2182
f 2183 2184 2185
f 2186 2187 2188
f 2189 2190 2191
f 2192 2193 2194
f 2195 2196 2197
f 2198 2199 2200
f 2201 2202 2203
f 2204 2205 2206
f 2207 2208 2209
f 2210 2211 2212
f 2213 2214 2215
f 2216 2217 2218
f 2219 2220 2221
f 2222 2223 2224
f 2225 2226 2227
f 2228 2229 2230
f 2231 2232 2233
f 2234 2235 2236
f 2237 2238 2239
f 2240 2241 2242
f 2243 2244 2245
f 2246 2247 2248
f 2249 2250 2251
f 2252 2253 2254
f 2255 2256 2257
f 2258 2259 2260
f 2261 2262 2263
f 2264 2265 2266
f 2267 2268 2269
f 2270 2271 2272
f 2273 2274 2275
f 2276 2277 2278
f 2279 2280 2281
f 2282 2283 2284
f 2285 2286 2287
f 2288 2289 2290
f 2291 2292 2293
f 2294 2295 2296
f 2297 2298 2299
f 2300 2301 2302
f 2300 2303 2301
f 2304 2305 2306
f 2307 2308 2309
f 2310 2311 2312
f 2313 2314 2315
f 2316 2317 2318
f 2319 2320 2321
f 2322 2323 2324
f 2325 2326 2327
f 2328 2329 2330
f 2331 2332 2333
f 2334 2335 2336
f 2337 2338 2339
f 2340 2341 2342
f 2343 2344 2345
f 2346 2347 2348
f 2349 2350 2351
f 2352 2353 2354
f 2355 2356 2357
f 2358 2359 2360
f 2361 2362 2363
f 2364 2365 2366
f 2367 2368 2369
f 2370 2371 2372
f 2373 2374 2375
f 2376 2377 2378
f 2379 2380 2381
f 2382 2383 2384
f 2385 2386 2387
f 2388 2389 2390
f 2391 2392 2393
f 2394 2395 2396
f 2397 2398 2399
f 2400 2401 2402
f 2403 2404 2405
f 2406 2407 2408
f 2409 2410 2411
f 2412 2413 2414
f 2415 2416 2417
f 2418 2419 2420
f 2421 2422 2423
f 2424 2425 2426
f 2427 2428 2429
f 2430 2431 2432
f 2433 2434 2435
f 2436 2437 2438
f 2439 2440 2441
f 2442 2443 2444
f 2445 2446 2447
f 2448 2449 2450
f 2451 2452 2453
f 2454 2455 2456
f 2457 2458 2459
f 2460 2461 2462
f 2463 2464 2465
f 2466 2467 2468
f 2469 2470 2471
f 2472 2473 2474
f 2475 2476 2477
f 2478 2479 2480
f 2481 2482 2483
f 2484 2485 2486
f 2487 2488 2489
f 2490 2491 2492
f 2493 2494 2495
f 2496 2497 2498
f 2499 2500 2501
f 2502 2503 2504
f 2505 2506 2507
f 2508 2509 2510
f 2511 2512 2513
f 2514 2515 2516
f 2517 2518 2519
f 2520 2521 2522
f 2523 2524 2525
f 2526 2527 2528
f 2529 2530 2531
f 2532 2533 2534
f 2535 2536 2537
f 2538 2539 2540
f 2541 2542 2543
f 2544 2545 2546
f 2547 2548 2549
f 2550 2551 2552
f 2553 2554 2555
f 2556 2557 2558
f 2559 2560 2561
f 2562 2563 2564
f 2565 2566 2567
f 2568 2569 2570
f 2571 2572 2573
f 2574 2575 2576
f 2577 2578 2579
f 2580 2581 2582
f 2583 2584 2585
f 2586 2587 2588
f 2589 2590 2591
f 2592 2593 2594
f 2595 2596 2597
f 2598 2599 2600
f 2601 2602 2603
f 2604 2605 2606
f 2607 2608 2609
f 2610 2611 2612
f 2613 2606 2605
f 2614 2615 2616
f 2617 2618 2619
f 2620 2621 2622
f 2623 2624 2625
f 2626 2627 2628
f 2629 2630 2631
f 2632 2633 2634
f 2635 2636 2637
f 2638 2639 2640
f 2641 2642 2643
f 2644 2645 2646
f 2647 2648 2649
f 2650 2651 2652
f 2653 2654 2655
f 2656 2657 2658
f 2659 2660 2661
f 2662 2663 2664
f 2665 2666 2667
f 2668 2669 2670
f 2671 2672 2673
f 2674 2675 2676
f 2677 2678 2679
f 2680 2681 2682
f 2683 2684 2685
f 2686 2687 2688
f 2689 2690 2691
f 2692 2693 2694
f 2695 2696 2697
f 2698 2699 2700
f 2701 2702 2703
f 2704 2705 2706
f 2707 2708 2709
f 2710 2711 2712
f 2713 2714 2715
f 2716 2717 2718
f 2719 2720 2721
f 2722 2723 2724
f 2725 2726 2727
f 2728 2729 2730
f 2731 2732 2733
f 2734 2735 2736
f 2737 2738 2739
f 2740 2741 2742
f 2743 2744 2745
f 2746 2747 2748
f 2749 2750 2751
f 2752 2753 2754
f 2755 2756 2757
f 2758 2759 2760
f 2761 2762 2763
f 2764 2765 2766
f 2767 2768 2769
f 2770 2771 2772
f 2773 2774 2775
f 2776 2777 2778
f 2779 2780 2781
f 2782 2783 2784
f 2785 2786 2787
f 2788 2789 2790
f 2791 2792 2793
f 2794 2795 2796
f 2797 2798 2799
f 2800 2801 2802
f 2803 2804 2805
f 2806 2807 2808
f 2809 2810 2811
f 2812 2813 2814
f 2815 2816 2817
f 2818 2819 2820
f 2821 2822 2823
f 2824 2825 2826
f 2827 2828 2829
f 2830 2831 2832
f 2833 2834 2835
f 2836 2837 2838
f 2839 2840 2841
f 2842 2843 2844
f 2845 2846 2847
f 2848 2849 2850
f 2851 2852 2853
f 2854 2855 2856
f 2857 2858 2859
f 2860 2861 2862
f 2863 2864 2865
f 2866 2867 2868
f 2869 2870 2871
f 2872 2873 2874
f 2875 2876 2877
f 2878 2879 2880
f 2881 2882 2883
f 2884 2885 2886
f 2887 2888 2889
f 2890 2891 2892
f 2893 2894 2895
f 2896 2897 2898
f 2899 2900 2901
f 2902 2903 2904
f 2905 2906 2907
f 2908 2909 2910
f 2911 2912 2913
f 2914 2915 2916
f 2917 2918 2919
f 2920 2921 2922
f 2923 2924 2925
f 2926 2927 2928
f 2929 2930 2931
f 2932 2933 2934
f 2935 2936 2937
f 2938 2939 2940
f 2941 2942 2943
f 2944 2945 2946
f 2947 2948 2949
f 2941 2943 2950
f 2951 2952 2953
f 2954 2955 2956
f 2957 2958 2959
f 2960 2961 2962
f 2963 2964 2965
f 2966 2967 2968
f 2969 2970 2971
f 2972 2973 2974
f 2975 2976 2977
f 2978 2979 2980
f 2981 2982 2983
f 2984 2985 2986
f 2987 2988 2989
f 2990 2991 2992
f 2993 2994 2995
f 2923 2925 2996
f 2997 2998 2999
f 3000 3001 3002
f 3003 3004 3005
f 3006 3007 3008
f 3009 3010 3011
f 3012 3013 3014
f 3015 3016 3017
f 2933 3018 2934
f 3019 3020 3021
f 3022 3023 3024
f 3025 3026 3027
f 3028 3029 3030
f 3031 3032 3033
f 2958 2957 3034
f 3035 3036 3037
f 3038 3039 3040
f 3041 3042 3043
f 3044 3045 3046
f 3047 3048 3049
f 3050 3051 3052
f 3053 3054 3055
f 3056 3057 3058
f 3059 3060 3061
f 3062 3063 3064
f 3065 3066 3067
f 2987 2989 2992
f 3068 3069 3070
f 3071 3072 3073
f 3074 3075 3076
f 3070 3069 3077
f 3078 3079 3080
f 3081 3082 3083
f 3084 3085 3086
f 3087 3088 3089
f 3090 3091 3092
f 3093 3094 3095
f 3096 3097 3098
f 3099 3100 3101
f 3102 3103 3104
f 3105 3106 3107
f 3108 3109 3110
f 3111 3112 3113
f 3114 3115 3116
f 3117 3118 3119
f 3120 3121 3122
f 3123 3124 3125
f 3126 3127 3128
f 3129 3130 3131
f 3132 3133 3134
f 3135 3136 3137
f 3138 3139 3140
f 3141 3142 3143
f 3144 3145 3146
f 3147 3148 3149
f 3150 3151 3152
f 3153 3154 3155
f 3156 3157 3158
f 3159 3160 3161
f 3162 3163 3164
f 3165 3166 3167
f 3168 3169 3170
f 3171 3172 3173
f 3174 3175 3176
f 3177 3178 3179
f 3180 3181 3182
f 3183 3184 3185
f 3186 3187 3188
f 3189 3190 3191
f 3192 3193 3194
f 3195 3196 3197
f 3198 3199 3200
f 3201 3202 3203
f 3204 3205 3206
f 3207 3208 3209
f 3210 3211 3212
f 3213 3214 3215
f 3216 3217 3218
f 3219 3220 3221
f 3222 3223 3224
f 3225 3226 3227
f 3228 3229 3230
f 3231 3232 3233
f 3234 3235 3236
f 3237 3238 3239
f 3240 3241 3242
f 3243 3244 3245
f 3246 3247 3248
f 3249 3250 3251
f 3252 3253 3254
f 3255 3256 3257
f 3258 3259 3260
f 3261 3262 3263
f 3264 3265 3266
f 3267 3268 3269
f 3270 3271 3272
f 3273 3274 3275
f 3276 3277 3278
f 3279 3280 3281
f 3282 3283 3284
f 3285 3286 3287
f 3285 3288 3286
f 3289 3290 3291
f 3292 3293 3294
f 3295 3296 3297
f 3298 3299 3300
f 3301 3302 3303
f 3304 3305 3306
f 3307 3308 3309
f 3310 3311 3312
f 3313 3314 3315
f 3316 3317 3318
f 3319 3320 3321
f 3322 3323 3324
f 3325 3326 3327
f 3328 3329 3330
f 3331 3332 3333
f 3334 3335 3336
f 3337 3338 3339
f 3340 3341 3342
f 3343 3344 3345
f 3346 3347 3348
f 3349 3350 3351
f 3352 3349 3351
f 3353 3354 3355
f 3356 3357 3358
f 3359 3360 3361
f 3362 3363 3364
f 3365 3366 3367
f 3368 3369 3370
f 3371 3372 3373
f 3374 3375 3376
f 3377 3378 3379
f 3380 3381 3382
f 3383 3384 3385
f 3386 3387 3388
f 3389 3390 3391
f 3392 3393 3394
f 3395 3396 3397
f 3398 3399 3400
f 3401 3402 3403
f 3404 3405 3406
f 3407 3408 3409
f 3410 3411 3412
f 3413 3414 3415
f 3416 3417 3418
f 3419 3420 3421
f 3422 3423 3424
f 3425 3426 3427
f 3428 3429 3430
f 3431 3432 3433
f 3434 3435 3436
f 3437 3438 3439
f 3440 3441 3442
f 3443 3444 3445
f 3446 3447 3448
f 3449 3450 3451
f 3452 3453 3454
f 3455 3456 3457
f 3458 3459 3460
f 3461 3462 3463
f 3464 3465 3466
f 3467 3468 3469
f 3470 3471 3472
f 3473 3474 3475
f 3476 3477 3478
f 3479 3480 3481
f 3482 3483 3484
f 3485 3486 3487
f 3488 3489 3490
f 3491 3492 3493
f 3494 3495 3496
f 3497 3498 3499
f 3500 3501 3502
f 3503 3504 3505
f 3506 3507 3508
f 3509 3510 3511
f 3512 3513 3514
f 3515 3516 3517
f 3518 3519 3520
f 3521 3522 3523
f 3524 3525 3526
f 3527 3528 3529
f 3530 3531 3532
f 3533 3534 3535
f 3536 3537 3538
f 3539 3540 3541
f 3542 3543 3544
f 3545 3546 3547
f 3548 3549 3550
f 3551 3552 3553
f 3554 3555 3556
f 3557 3558 3559
f 3560 3561 3562
f 3563 3564 3565
f 3566 3567 3568
f 3569 3570 3571
f 3572 3573 3574
f 3575 3576 3577
f 3578 3579 3580
f 3581 3582 3583
f 3584 3585 3586
f 3587 3588 3589
f 3590 3591 3592
f 3593 3594 3595
f 3596 3597 3598
f 3599 3600 3601
f 3602 3603 3604
f 3605 3606 3607
f 3608 3609 3610
f 3611 3612 3613
f 3614 3615 3616
f 3617 3618 3619
f 3620 3621 3622
f 3623 3624 3625
f 3626 3627 3628
f 3629 3630 3631
f 3632 3633 3634
f 3635 3636 3637
f 3638 3639 3640
f 3641 3642 3643
f 3644 3645 3646
f 3647 3648 3649
f 3650 3651 3652
f 3653 3654 3655
f 3656 3657 3658
f 3659 3660 3661
f 3662 3663 3664
f 3665 3666 3667
f 3668 3669 3670
f 3671 3672 3673
f 3674 3675 3676
f 3677 3678 3679
f 3680 3681 3682
f 3683 3684 3685
f 3686 3687 3688
f 3689 3690 3691
f 3692 3693 3694
f 3695 3696 3697
f 3698 3699 3700
f 3701 3702 3703
f 3704 3705 3706
f 3707 3708 3709
f 3710 3711 3712
f 3713 3714 3715
f 3716 3717 3718
f 3719 3720 3721
f 3722 3723 3724
f 3725 3726 3727
f 3728 3729 3730
f 3731 3732 3733
f 3734 3735 3736
f 3737 3738 3739
f 3740 3741 3742
f 3743 3744 3745
f 3746 3747 3748
f 3749 3750 3751
f 3752 3753 3754
f 3755 3756 3757
f 3758 3759 3760
f 3761 3762 3763
f 3764 3765 3766
f 3767 3768 3769
f 3770 3771 3772
f 3773 3774 3775
f 3776 3777 3778
f 3779 3780 3781
f 3695 3697 3782
f 3783 3784 3785
f 3786 3787 3788
f 3789 3790 3791
f 3792 3793 3794
f 3795 3796 3797
f 3798 3799 3800
f 3801 3802 3803
f 3804 3805 3806
f 3807 3808 3809
f 3810 3811 3812
f 3813 3814 3815
f 3816 3817 3818
f 3819 3820 3821
f 3822 3823 3824
f 3825 3826 3827
f 3828 3829 3830
f 3831 3832 3833
f 3834 3835 3836
f 3836 3835 3837
f 3838 3839 3840
f 3841 3842 3843
f 3844 3845 3846
f 3847 3848 3849
f 3850 3851 3852
f 3853 3854 3855
f 3856 3857 3858
f 3859 3860 3861
f 3862 3863 3864
f 3865 3866 3867
f 3868 3869 3870
f 3871 3872 3873
f 3874 3875 3876
f 3877 3878 3879
f 3880 3881 3882
f 3883 3884 3885
f 3886 3887 3888
f 3889 3890 3891
f 3892 3893 3894
f 3895 3896 3897
f 3898 3899 3900
f 3901 3902 3903
f 3904 3905 3906
f 3907 3908 3909
f 3910 3911 3912
f 3913 3914 3915
f 3916 3917 3918
f 3919 3920 3921
f 3922 3923 3924
f 3925 3926 3927
f 3928 3929 3930
f 3931 3932 3933
f 3934 3935 3936
f 3937 3938 3939
f 3940 3941 3942
f 3943 3944 3945
f 3946 3947 3948
f 3949 3950 3951
f 3952 3953 3954
f 3955 3956 3957
f 3958 3959 3960
f 3961 3962 3963
f 3938 3964 3939
f 3965 3966 3967
f 1772 3968 1773
f 3969 3970 3971
f 3972 3973 3974
f 3975 3976 3977
f 3937 3939 3978
f 3979 3980 3981
f 3977 3982 3975
f 3983 3984 3985
f 3986 3972 3987
f 3988 3989 3990
f 3991 3992 3993
f 3994 3995 3996
f 3997 3998 3999
f 4000 4001 4002
f 4003 4004 4005
f 4006 3984 3983
f 4007 3996 3995
f 4008 4009 4010
f 4011 4012 4013
f 4014 4015 4016
f 3980 3979 4017
f 4018 4019 4020
f 4021 4022 4023
f 4024 4025 4026
f 4027 4028 4029
f 4030 4031 4032
f 4030 4033 4031
f 4034 4035 4036
f 4037 4038 4039
f 4040 4041 4042
f 4043 4044 4045
f 4046 4047 4048
f 4049 4050 4051
f 4052 4053 4054
f 4055 4056 4057
f 4058 4059 4060
f 4061 4062 4063
f 4064 4065 4066
f 4064 4067 4065
f 4068 4069 4070
f 4071 4072 4073
f 4074 4075 4076
f 4077 4078 4079
f 4080 4081 4082
f 4083 4084 4085
f 4083 4086 4084
f 4087 4088 4089
f 4090 4091 4092
f 4093 4094 4095
f 4096 4097 4098
f 4099 4100 4101
f 4102 4103 4104
f 4105 4106 4107
f 4108 4109 4110
f 4111 4112 4113
f 4114 4115 4116
f 4117 4118 4119
f 4120 4121 4122
f 4123 4124 4125
f 4126 4127 4128
f 4129 4130 4131
f 4132 4133 4134
f 4135 4136 4137
f 4138 4139 4140
f 4141 4142 4143
f 4144 4145 4146
f 4147 4148 4149
f 4150 4151 4152
f 4153 4154 4155
f 4156 4157 4158
f 4159 4160 4161
f 4162 4163 4164
f 4165 4166 4167
f 4168 4169 4170
f 4171 4172 4173
f 4174 4175 4176
f 4177 4178 4179
f 4180 4181 4182
f 4183 4184 4185
f 4186 4187 4188
f 4189 4190 4191
f 4192 4193 4194
f 4195 4196 4197
f 4198 4199 4200
f 4201 4202 4203
f 4204 4205 4206
f 4207 4208 4209
f 4210 4211 4212
f 4213 4214 4215
f 4216 4217 4218
f 4219 4220 4221
f 4222 4223 4224
f 4225 4226 4227
f 4228 4229 4230
f 4231 4232 4233
f 4228 4231 4233
f 4234 4235 4236
f 4237 4238 4239
f 4240 4241 4242
f 4243 4244 4245
f 4246 4247 4248
f 4249 4250 4251
f 4252 4253 4254
f 4255 4256 4257
f 4258 4259 4260
f 4261 4262 4263
f 4264 4265 4266
f 4267 4268 4269
f 4270 4271 4272
f 4273 4274 4275
f 4276 4277 4278
f 4279 4280 4281
f 4282 4283 4284
f 4285 4286 4287
f 4142 4141 4288
f 4289 4290 4291
f 4292 4293 4294
f 4295 4296 4297
f 4298 4299 4300
f 4301 4302 4303
f 4304 4305 4306
f 4307 4308 4309
f 4310 4311 4312
f 4313 4314 4315
f 4316 4317 4318
f 4319 4320 4321
f 4322 4323 4324
f 4325 4326 4327
f 4328 4329 4330
f 4331 4332 4333
f 4334 4335 4336
f 4337 4338 4339
f 4340 4341 4342
f 4343 4344 4345
f 4346 4347 4348
f 4349 4350 4351
f 4352 4353 4354
f 4355 4356 4357
f 4358 4359 4360
f 4361 4362 4363
f 4364 4365 4366
f 4367 4368 4369
f 4370 4371 4372
f 4373 4374 4375
f 4376 4377 4378
f 4379 4380 4381
f 4382 4383 4384
f 4385 4386 4387
f 4388 4389 4390
f 4391 4392 4393
f 4394 4395 4396
f 4397 4398 4399
f 4400 4401 4402
f 4403 4404 4405
f 4406 4407 4408
f 4409 4410 4411
f 4412 4413 4414
f 4415 4416 4417
f 4418 4419 4420
f 4421 4422 4423
f 4424 4425 4426
f 4427 4428 4429
f 4430 4431 4432
f 4433 4434 4435
f 4436 4437 4438
f 4439 4440 4441
f 4442 4443 4444
f 4445 4443 4442
f 4446 4447 4445
f 4446 4445 4442
f 4448 4447 4446
f 4449 4450 4451
f 4452 4453 4454
f 4455 4456 4457
f 4458 4459 4460
f 4461 4462 4463
f 4464 4465 4466
f 4467 4468 4469
f 4470 4471 4472
f 4473 4474 4475
f 4476 4477 4478
f 4479 4480 4481
f 4482 4483 4484
f 4485 4486 4487
f 4488 4489 4490
f 4491 4492 4493
f 4494 4495 4496
f 4497 4498 4499
f 4500 4501 4502
f 4503 4504 4505
f 4506 4507 4508
f 4509 4510 4511
f 4512 4513 4514
f 4515 4516 4517
f 4518 4519 4520
f 4521 4522 4523
f 4524 4525 4526
f 4527 4528 4529
f 4530 4531 4532
f 4533 4534 4535
f 4536 4537 4538
f 4539 4540 4541
f 4542 4543 4544
f 4545 4546 4547
f 4548 4549 4550
f 4551 4552 4553
f 4554 4555 4556
f 4557 4558 4559
f 4560 4561 4562
f 4563 4564 4565
f 4566 4567 4568
f 4569 4570 4571
f 4572 4573 4574
f 4575 4576 4577
f 4578 4579 4580
f 4581 4582 4583
f 4584 4585 4586
f 4587 4588 4589
f 4590 4591 4592
f 4593 4594 4595
f 4596 4597 4598
f 4599 4600 4601
f 4602 4603 4604
f 4605 4606 4607
f 4608 4609 4610
f 4611 4612 4613
f 4614 4615 4616
f 4617 4618 4619
f 4620 4621 4622
f 4623 4624 4625
f 4626 4627 4628
f 4629 4630 4631
f 4632 4633 4634
f 4635 4636 4637
f 4638 4639 4640
f 4641 4642 4643
f 4644 4645 4646
f 4647 4648 4649
f 4643 4650 4651
f 4652 4653 4654
f 4655 4656 4657
f 4658 4659 4660
f 4661 4662 4663
f 4664 4665 4666
f 4667 4668 4669
f 4670 4671 4672
f 4673 4674 4675
f 4676 4677 4678
f 4679 4680 4681
f 4682 4683 4684
f 4685 4686 4687
f 4688 4689 4690
f 4691 4692 4693
f 4694 4695 4696
f 4697 4698 4699
f 4700 4701 4702
f 4703 4704 4705
f 4706 4707 4708
f 4709 4710 4711
f 4712 4713 4714
f 4715 4716 4717
f 4718 4719 4720
f 4721 4722 4723
f 4724 4725 4726
f 4727 4728 4729
f 4730 4731 4732
f 4733 4734 4735
f 4736 4737 4738
f 4739 4740 4741
f 4742 4743 4744
f 4745 4746 4747
f 4748 4749 4750
f 4751 4752 4753
f 4754 4755 4756
f 4757 4758 4759
f 4760 4761 4762
f 4763 4764 4765
f 4766 4767 4768
f 4769 4770 4771
f 4772 4773 4774
f 4775 4776 4777
f 4778 4779 4780
f 4781 4782 4783
f 4784 4785 4786
f 4787 4788 4789
f 4790 4791 4792
f 4793 4794 4795
f 4796 4797 4798
f 4799 4800 4801
f 4802 4803 4804
f 4805 4806 4807
f 4808 4809 4810
f 4811 4812 4813
f 4814 4815 4816
f 4817 4818 4819
f 4820 4821 4822
f 4823 4824 4825
f 1774 4826 4827
f 4828 4829 4830
f 4831 4832 4833
f 4834 4835 4836
f 4837 4838 4839
f 4840 4841 4842
f 4843 4844 4845
f 4846 4847 4848
f 4849 4850 4851
f 153 4852 4853
f 4854 4855 4856
f 4857 4858 4859
f 4860 4861 4862
f 4860 4862 4863
f 4864 4865 4866
f 4867 4868 4869
f 4870 4867 4869
f 4864 4866 4871
f 4872 4873 4874
f 4872 4875 4873
f 4872 4876 4875
f 4877 4878 4879
f 4880 4881 4882
f 4883 4884 4885
f 4886 4887 4888
f 4889 4890 4891
f 4892 4893 4894
f 4895 4896 4897
f 4898 4895 4897
f 4899 4900 4901
f 4902 4903 4904
f 4905 4906 4907
f 4908 4909 4910
f 4892 4894 4911
f 4912 4913 4914
f 4915 4916 4917
f 4918 4919 4920
f 4921 4922 4923
f 4924 4925 4926
f 4927 4928 4929
f 4930 4931 4932
f 4933 4934 4935
f 4936 4937 4938
f 4939 4940 4941
f 4942 4943 4944
f 4945 4946 4947
f 4948 4949 4950
f 4951 4952 4953
f 4954 4955 4956
f 4957 4958 4959
f 4960 4961 4962
f 4963 4964 4965
f 4966 4967 4968
f 4969 4970 4971
f 4972 4973 4974
f 4975 4976 4977
f 4978 4979 4980
f 4981 4982 4983
f 4984 4985 4986
f 4987 4988 4989
f 4990 4991 4992
f 4993 4994 4995
f 4996 4997 4998
f 4999 5000 5001
f 5002 5003 5004
f 5005 5006 5007
f 5008 5009 5010
f 5011 5012 5013
f 5014 5015 5016
f 5017 5018 5019
f 5020 5021 5022
f 5023 5024 5025
f 5026 5027 5028
f 5029 5030 5031
f 5032 5031 5030
f 5033 5034 5035
f 5036 5037 5038
f 5036 5039 5037
f 5040 5041 5042
f 5043 5044 5045
f 5046 5047 5048
f 5049 5050 5051
f 5052 5053 5054
f 5052 5054 5055
f 5056 5057 5058
f 5059 5060 5061
f 5062 5063 5064
f 5065 5066 5067
f 5068 5069 5070
f 5071 5072 5070
f 5069 5071 5070
f 5073 5074 5075
f 5076 5068 5070
f 5076 5070 5077
f 5078 5079 5075
f 5079 5073 5075
f 5078 5075 5080
f 5080 5075 5081
f 5082 5083 5084
f 5081 5075 5085
f 5070 5072 5075
f 5072 5085 5075
f 5086 5087 5088
f 5089 5090 5087
f 5089 5091 5090
f 5089 5092 5091
f 5089 5087 5086
f 5093 5089 5094
f 5093 5092 5089
f 5095 5096 5097
f 5098 5095 5099
f 5098 5100 5096
f 5098 5096 5095
f 5101 5102 5103
f 5104 5099 5105
f 5106 5107 5108
f 5109 5110 5111
f 5112 5113 5114
f 5115 5116 5117
f 5118 5115 5117
f 5119 5120 5121
f 5122 5123 5124
f 5125 5126 5127
f 5128 5129 5130
f 5131 5132 5133
f 5134 5135 5136
f 5128 5130 5137
f 5138 5131 5133
f 5139 5140 5141
f 5142 5143 5144
f 5145 5146 5147
f 5148 5149 5150
f 5119 5121 5151
f 5150 5149 5152
f 5153 5154 5155
f 5156 5157 5158
f 5159 5160 5161
f 5162 5163 5164
f 5165 5166 5167
f 5162 5164 5168
f 5169 5170 5171
f 5172 5173 5174
f 5175 5176 5177
f 5178 5179 5180
f 5181 5182 5183
f 5184 5185 5186
f 5187 5188 5189
f 5190 5191 5192
f 5193 5194 5195
f 5196 5197 5198
f 5199 5200 5201
f 5202 5203 5204
f 5205 5206 5207
f 5208 5209 5210
f 5211 5212 5213
f 5214 5215 5216
f 5217 5218 5219
f 5218 5220 5219
f 5221 5222 5223
f 5224 5225 5226
f 5227 5228 5229
f 5230 5231 5232
f 5233 5234 5235
f 5236 5237 5238
f 5239 5240 5241
f 5242 5243 5244
f 5245 5246 5247
f 5248 5249 5250
f 5245 5247 5251
f 5252 5253 5254
f 5255 5256 5257
f 5258 5259 5260
f 5261 5262 5263
f 5264 5265 5266
f 5267 5268 5269
f 5252 5254 5270
f 5271 5272 5273
f 5274 5275 5276
f 5277 5278 5279
f 5280 5277 5279
f 5253 5281 5254
f 5282 5283 5284
f 5285 5286 5287
f 5288 5289 5290
f 5291 5292 5293
f 5294 5295 5296
f 5297 5298 5299
f 5300 5301 5302
f 5303 5304 5305
f 5306 5307 5308
f 5309 5310 5311
f 5312 5313 5314
f 5315 5316 5317
f 5318 5319 5320
f 5321 5322 5323
f 5324 5325 5326
f 5327 5328 5329
f 5330 5331 5332
f 5333 5334 5335
f 5336 5337 5338
f 5339 5340 5341
f 5342 5343 5344
f 5345 5346 5347
f 5348 5349 5350
f 5351 5352 5353
f 5354 5355 5356
f 5357 5358 5359
f 5360 5361 5362
f 5363 5364 5365
f 5361 5366 5362
f 5367 5368 5369
f 5370 5371 5372
f 5373 5374 5375
f 5376 5377 5378
f 5379 5380 5381
f 5382 5383 5384
f 5385 5386 5387
f 5388 5389 5390
f 5391 5392 5393
f 5394 5395 5396
f 5397 5398 5399
f 5400 5401 5402
f 5403 5404 5405
f 5406 5407 5408
f 5409 5410 5411
f 5412 5413 5414
f 5415 5416 5417
f 5418 5419 5420
f 5421 5422 5423
f 5424 5425 5426
f 5427 5428 5429
f 5430 5431 5432
f 5433 5434 5435
f 5436 5437 5438
f 5439 5440 5441
f 5442 5443 5428
f 5444 5445 5446
f 5447 5448 5449
f 5450 5451 5452
f 5453 5454 5455
f 5456 5457 5458
f 5459 5460 5461
f 5462 5463 5464
f 5465 5466 5467
f 5468 5469 5470
f 5471 5472 5473
f 5474 5475 5476
f 5477 5478 5479
f 5480 5481 5482
f 5483 5484 5485
f 5486 5487 5488
f 5489 5490 5491
f 5492 5493 5494
f 5495 5484 5496
f 5497 5498 5476
f 5499 5500 5501
f 5502 5503 5504
f 5505 5506 5507
f 5508 5509 5436
f 5510 5511 5512
f 5513 5514 5515
f 5516 5517 5461
f 5518 5519 5520
f 5521 5517 5516
f 5522 5523 5524
f 5525 5526 5527
f 5528 5529 5530
f 5531 5532 5533
f 5517 5534 5461
f 5447 5535 5536
f 5537 5538 5539
f 5540 5541 5542
f 5543 5544 5545
f 5546 5547 5548
f 5548 5547 5549
f 5550 5551 5552
f 5553 5554 5555
f 5556 5557 5558
f 5559 5560 5561
f 5562 5563 5564
f 5565 5566 5567
f 5568 5569 5570
f 5571 5572 5573
f 5476 5498 5574
f 5575 5576 5577
f 5578 5579 5580
f 5581 5582 5583
f 5584 5585 5586
f 5587 5588 5589
f 5590 5591 5592
f 5593 5594 5595
f 5596 5597 5598
f 5599 5600 5601
f 5602 5603 5604
f 5605 5606 5607
f 5608 5609 5610
f 5611 5612 5613
f 5614 5615 5616
f 5617 5618 5619
f 5620 5621 5622
f 5623 5624 5625
f 5626 5627 5628
f 5629 5630 5631
f 5632 5633 5574
f 5634 5635 5636
f 5637 5638 5639
f 5640 5641 5642
f 5643 5644 5645
f 5646 5647 5648
f 5649 5650 5651
f 5652 5653 5654
f 5655 5656 5657
f 5658 5659 5660
f 5661 5662 5663
f 5664 5665 5666
f 5667 5668 5669
f 5670 5671 5672
f 5673 5674 5675
f 5676 5677 5678
f 5679 5680 5681
f 5682 5683 5684
f 5685 5686 5687
f 5688 5689 5690
f 5691 5692 5693
f 5694 5695 5696
f 5697 5698 5699
f 5700 5701 5702
f 5703 5704 5705
f 5706 5707 5708
f 5709 5710 5711
f 5712 5713 5714
f 5715 5716 5717
f 5718 5719 5720
f 5721 5722 5723
f 5724 5725 5726
f 5727 5728 5729
f 5730 5731 5732
f 5733 5734 5735
f 5736 5737 5738
f 5739 5740 5741
f 5742 5743 5744
f 5745 5746 5747
f 5748 5749 5750
f 5751 5752 5753
f 5754 5755 5756
f 5757 5758 5759
f 5760 5761 5762
f 5763 5764 5765
f 5766 5767 5768
f 5769 5770 5771
f 5772 5773 5774
f 5775 5776 5777
f 5778 5779 5780
f 5781 5782 5783
f 5784 5785 5786
f 5787 5788 5789
f 5790 5791 5792
f 5793 5794 5795
f 5796 5606 5605
f 5797 5798 5799
f 5800 5801 5802
f 5796 5803 5606
f 5804 5774 5773
f 5805 5806 5807
f 5808 5809 5810
f 5811 5812 5813
f 5814 5815 5816
f 5817 5818 5819
f 5820 5821 5822
f 5823 5824 5825
f 5826 5827 5828
f 5829 5830 5831
f 5832 5833 5834
f 5835 5836 5837
f 5838 5839 5840
f 5841 5842 5843
f 5844 5845 5846
f 5847 5848 5849
f 5850 5851 5852
f 5853 5854 5855
f 5856 5857 5858
f 5859 5860 5861
f 5862 5863 5864
f 5865 5866 5867
f 5868 5869 5870
f 5871 5872 5873
f 5874 5875 5876
f 5877 5878 5879
f 5880 5881 5882
f 5883 5884 5885
f 5886 5887 5888
f 5889 5890 5891
f 5892 5893 5894
f 5895 5896 5897
f 5898 5899 5900
f 5901 5902 5903
f 5904 5905 5906
f 5907 5908 5909
f 5910 5911 5912
f 5913 5914 5915
f 5916 5917 5918
f 5919 5920 5921
f 5922 5923 5924
f 5925 5926 5927
f 5928 5929 5930
f 5931 5932 5933
f 5934 5935 5936
f 5937 5938 5939
f 5940 5941 5942
f 5943 5944 5945
f 5946 5947 5948
f 5949 5950 5951
f 5952 5953 5954
f 5955 5956 5957
f 5958 5959 5960
f 5961 5962 5963
f 5964 5965 5966
f 5967 5968 5969
f 5970 5971 5972
f 5766 5768 5973
f 5758 5757 5974
f 5975 5976 5977
f 5978 5979 5980
f 5981 5982 5983
f 5984 5985 5986
f 5987 5988 5989
f 5990 5991 5992
f 5993 5994 5995
f 5996 5997 5998
f 5999 6000 6001
f 6002 6003 6004
f 6005 6006 6007
f 6008 6009 6010
f 6011 6012 6013
f 6014 6015 6016
f 6017 6018 6019
f 6020 6021 6022
f 6023 6024 6025
f 6026 6027 6028
f 6029 6030 6031
f 6032 6033 6034
f 6035 6036 6037
f 6038 6039 6040
f 6041 6042 6043
f 6044 6045 6046
f 6047 6048 6049
f 6050 6051 6052
f 6053 6054 6055
f 6056 6057 6058
f 6059 6060 6061
f 6062 6063 6064
f 6065 6066 6067
f 6068 6069 6070
f 6071 6072 6073
f 6074 6075 6076
f 6077 6078 6079
f 6080 6081 6082
f 6083 6084 6085
f 6086 6087 6088
f 6089 6090 6091
f 6090 6092 6091
f 6093 6094 6095
f 6096 6097 6098
f 6099 6100 6101
f 6102 6103 6104
f 6105 6106 6107
f 6108 6109 6110
f 6111 6112 6113
f 6114 6115 6116
f 6117 6118 6119
f 6120 6121 6122
f 6123 6124 6125
f 6126 6127 6128
f 6129 6130 6131
f 6132 6133 6134
f 6135 6136 6137
f 6138 6139 6140
f 6141 6142 6143
f 6144 6145 6146
f 6147 6148 6149
f 6150 6151 6152
f 6153 6150 6152
f 6154 6155 6156
f 6157 6158 6159
f 6160 6161 6162
f 6163 6160 6162
f 6164 6165 6166
f 6167 6168 6169
f 6170 6171 6172
f 6173 6174 6175
f 6176 6177 6178
f 6179 6180 6181
f 6182 6183 6184
f 6185 6186 6187
f 6188 6189 6190
f 6191 6192 6193
f 6194 6195 6196
f 6197 6198 6199
f 6200 6201 6202
f 6203 6204 6205
f 6206 6207 6208
f 6209 6210 6211
f 6212 6213 6214
f 6215 6216 6217
f 6218 6219 6220
f 6221 6222 6223
f 6224 6225 6226
f 6227 6228 6229
f 6230 6231 6232
f 6233 6234 6235
f 6236 6237 6238
f 6239 6240 6241
f 6242 6243 6244
f 6245 6246 6247
f 6248 6249 6250
f 6251 6252 6253
f 6254 6255 6256
f 6253 6252 6257
f 6258 6259 6260
f 6260 6259 6261
f 6262 6263 6264
f 6265 6266 6267
f 6268 6269 6270
f 6267 6266 6271
f 6272 6273 6274
f 6275 6276 6277
f 6278 6279 6280
f 6281 6282 6283
f 6284 6285 6286
f 6287 6288 6289
f 6290 6291 6292
f 6285 6293 6286
f 6294 6295 6296
f 6297 6298 6299
f 6300 6301 6302
f 6303 6304 6305
f 6306 6307 6308
f 6309 6310 6311
f 6312 6313 6314
f 6315 6316 6317
f 6318 6319 6320
f 6321 6322 6323
f 6324 6325 6326
f 6327 6328 6329
f 6330 6331 6332
f 6333 6334 6335
f 6336 6337 6338
f 6339 6340 6341
f 6342 6343 6344
f 6345 6346 6347
f 6348 6349 6350
f 6351 6352 6353
f 6354 6355 6356
f 6357 6358 6359
f 6360 6361 6362
f 6363 6364 6365
f 6366 6367 6368
f 6369 6370 6371
f 6372 6373 6374
f 6375 6376 6377
f 6378 6379 6380
f 6381 6382 6383
f 6230 6384 6231
f 6385 6386 6387
f 6388 6389 6390
f 6391 6392 6393
f 6385 6387 6394
f 6395 6396 6397
f 6398 6399 6400
f 6401 6402 6403
f 6404 6405 6406
f 6407 6408 6409
f 6410 6411 6412
f 6413 6414 6415
f 6416 6417 6418
f 6419 6420 6421
f 6422 6423 6424
f 6425 6426 6427
f 6428 6429 6430
f 6431 6432 6433
f 6434 6435 6436
f 6437 6438 6439
f 6440 6441 6442
f 6443 6405 6404
f 6444 6445 6446
f 6447 6448 6449
f 6450 6451 6452
f 6453 6454 6455
f 6456 6457 6458
f 6459 6460 6461
f 6462 6463 6464
f 6465 6466 6467
f 6468 6469 6470
f 6471 6472 6473
f 6474 6475 6476
f 6477 6478 6479
f 6480 6481 6482
f 6483 6484 6485
f 6486 6487 6488
f 6489 6490 6491
f 6492 6493 6494
f 6495 6496 6497
f 6498 6499 6500
f 6501 6502 6503
f 6504 6501 6505
f 6505 6501 6503
f 6506 6507 6508
f 6508 6507 6509
f 6510 6511 6512
f 6513 6514 6515
f 6516 6517 6518
f 6519 6520 6521
f 6522 6523 6524
f 6525 6526 6527
f 6528 6529 6530
f 6531 6532 6533
f 6534 6535 6536
f 6537 6538 6539
f 6540 6541 6542
f 6543 6544 6545
f 6546 6547 6548
f 6549 6550 6551
f 6549 6552 6550
f 6553 6554 6555
f 6556 6557 6558
f 6559 6560 6561
f 6562 6563 6564
f 6565 6566 6567
f 6568 6569 6570
f 6571 6572 6573
f 6574 6575 6576
f 6574 6576 6577
f 6578 6579 6580
f 6581 6582 6583
f 6584 6581 6583
f 6585 6586 6587
f 6585 6588 6586
f 6584 6583 6589
f 6590 6591 6592
f 6584 6589 6593
f 6594 6595 6596
f 6581 6597 6582
f 6585 6598 6588
f 6585 6599 6598
f 6585 6600 6599
f 6585 6601 6600
f 6585 6593 6601
f 6585 6584 6593
f 6602 6603 6604
f 6605 6606 6607
f 6608 6609 6610
f 6611 6612 6613
f 6614 6615 6616
f 6617 6618 6619
f 6620 6621 6622
f 6623 6624 6625
f 6626 6627 6628
f 6629 6630 6631
f 6632 6633 6634
f 6635 6636 6637
f 6638 6639 6640
f 6641 6642 6643
f 6644 6645 6646
f 6647 6648 6649
f 6650 6651 6652
f 6653 6654 6655
f 6656 6657 6658
f 6652 6651 6659
f 6660 6661 6662
f 6663 6664 6665
f 6666 6667 6668
f 6669 6670 6671
f 6672 6673 6674
f 6675 6676 6677
f 6678 6679 6680
f 6681 6682 6683
f 6684 6685 6686
f 6687 6688 6689
f 6690 6691 6692
f 6693 6694 6695
f 6696 6697 6698
f 6699 6700 6701
f 6691 6702 6703
f 6692 6691 6703
f 6704 6705 6706
f 6707 6708 6709
f 6710 6711 6712
f 6713 6714 6715
f 6716 6717 6718
f 6719 6720 6721
f 6722 6723 6724
f 6725 6726 6727
f 6728 6729 6730
f 6731 6732 6733
f 6734 6733 6732
f 6735 6736 6737
f 6738 6739 6740
f 6741 6742 6743
f 6744 6745 6746
f 6747 6748 6749
f 6750 6751 6752
f 6753 6754 6755
f 6756 6757 6758
f 6759 6760 6761
f 6762 6763 6764
f 6765 6766 6767
f 6768 6769 6770
f 6771 6772 6773
f 6774 6775 6776
f 6777 6778 6779
f 6780 6781 6782
f 6783 6784 6785
f 6786 6787 6788
f 6789 6790 6791
f 6792 6793 6794
f 6795 6796 6797
f 6798 6799 6800
f 6801 6802 6803
f 6804 6805 6806
f 6807 6808 6809
f 6810 6811 6812
f 6813 6814 6815
f 6816 6817 6818
f 6819 6820 6821
f 6822 6823 6824
f 6825 6826 6827
f 6828 6829 6830
f 6831 6832 6833
f 6834 6835 6836
f 6837 6838 6839
f 6840 6841 6842
f 6843 6844 6845
f 6846 6847 6848
f 6849 6850 6851
f 6852 6853 6854
f 6855 6856 6857
f 6858 6859 6860
f 6861 6862 6863
f 6864 6865 6866
f 6867 6868 6869
f 6870 6871 6872
f 6873 6874 6875
f 6876 6877 6878
f 6879 6880 6881
f 6882 6883 6884
f 6885 6886 6887
f 6888 6889 6890
f 6891 6892 6893
f 6894 6895 6896
f 6897 6898 6899
f 6900 6901 6902
f 6903 6904 6905
f 6906 6907 6908
f 6909 6910 6911
f 6912 6913 6914
f 6915 6916 6917
f 6918 6919 6920
f 6921 6922 6923
f 6924 6925 6926
f 6927 6928 6929
f 6930 6931 6932
f 6933 6934 6935
f 6936 6937 6938
f 6939 6940 6941
f 6942 6943 6944
f 6945 6946 6947
f 6948 6949 6950
f 6951 6952 6953
f 6954 6955 6956
f 6957 6958 6959
f 6960 6961 6962
f 6963 6964 6965
f 6966 6967 6968
f 6969 6970 6971
f 6972 6973 6974
f 6975 6976 6977
f 6978 6979 6980
f 6981 6982 6983
f 6984 6985 6986
f 6987 6988 6989
f 6990 6991 6992
f 6993 6994 6995
f 6996 6997 6998
f 6999 7000 7001
f 7002 7003 7004
f 7005 7006 7007
f 7008 7009 7010
f 7011 7012 7013
f 7014 7015 7016
f 7017 7018 7019
f 7020 7021 7022
f 7023 7024 7025
f 7026 7027 7028
f 7029 7030 7031
f 7032 7033 7034
f 7035 7036 7037
f 7038 7039 7040
f 7041 7042 7043
f 7044 7045 7046
f 7047 7048 7049
f 7050 7051 7052
f 7053 7054 7055
f 7056 7057 7058
f 7059 7060 7061
f 7062 7063 7064
f 7065 7066 7067
f 7068 7069 7070
f 7071 7072 7073
f 7074 7075 7076
f 7077 7078 7079
f 7080 7081 7082
f 7083 7084 7085
f 7086 7087 7088
f 7089 7090 7091
f 7092 7093 7094
f 7095 7096 7097
f 7098 7099 7100
f 7101 7102 7103
f 7104 7105 7106
f 7107 7108 7109
f 7110 7111 7112
f 7113 7114 7115
f 7116 7117 7118
f 7119 7120 7121
f 7122 7123 7124
f 7125 7126 7127
f 7128 7129 7130
f 7131 7132 7133
f 7134 7135 7136
f 7137 7138 7139
f 7140 7141 7142
f 7143 7144 7145
f 7146 7147 7148
f 7149 7150 7151
f 7152 7153 7154
f 7155 7156 7157
f 7158 7159 7160
f 7161 7162 7163
f 7164 7165 7166
f 7167 7168 7169
f 7167 7169 7170
f 7171 7172 7173
f 7174 7175 7176
f 7177 7178 7179
f 7180 7181 7182
f 7183 7184 7185
f 7186 7187 7188
f 7189 7190 7191
f 7192 7193 7194
f 7195 7196 7197
f 7198 7199 7200
f 7201 7202 7203
f 7204 7205 7206
f 7207 7208 7209
f 7210 7211 7212
f 7213 7214 7215
f 7216 7217 7218
f 7219 7220 7221
f 7222 7223 7224
f 7225 7226 7227
f 7228 7229 7230
f 7231 7232 7233
f 7234 7235 7236
f 7237 7238 7239
f 7240 7241 7242
f 7243 7244 7245
f 7246 7247 7248
f 7249 7250 7251
f 7252 7253 7254
f 7255 7256 7257
f 7258 7259 7260
f 7261 7262 7263
f 7264 7265 7266
f 7267 7268 7269
f 7270 7271 7272
f 7273 7274 7275
f 7276 7277 7278
f 7279 7280 7281
f 7282 7283 7284
f 7285 7286 7287
f 7288 7289 7290
f 7291 7292 7293
f 7294 7295 7296
f 7297 7298 7299
f 7300 7301 7302
f 7303 7304 7305
f 7306 7307 7308
f 7309 7310 7311
f 7312 7313 7314
f 7315 7316 7317
f 7318 7319 7320
f 7321 7322 7323
f 7324 7325 7326
f 7327 7328 7329
f 7330 7331 7332
f 7333 7334 7335
f 7336 7337 7338
f 7339 7340 7341
f 7342 7343 7344
f 7345 7346 7347
f 7348 7349 7350
f 7351 7352 7353
f 7354 7355 7356
f 7357 7358 7359
f 7360 7361 7362
f 7363 7364 7365
f 7366 7367 7368
f 7369 7370 7371
f 7372 7373 7374
f 7375 7376 7377
f 7378 7379 7380
f 7381 7382 7383
f 7384 7385 7386
f 7387 7388 7389
f 7390 7391 7392
f 7393 7394 7395
f 7396 7397 7398
f 7399 7400 7401
f 7402 7403 7404
f 7405 7406 7407
f 7408 7409 7410
f 7411 7412 7413
f 7414 7415 7416
f 7417 7418 7419
f 7420 7421 7422
f 7423 7424 7425
f 7426 7427 7428
f 7429 7430 7431
f 7432 7433 7434
f 7435 7436 7437
f 7438 7439 7440
f 7441 7442 7443
f 7444 7445 7446
f 7447 7448 7449
f 7450 7451 7452
f 7453 7454 7455
f 7456 7457 7458
f 7459 7460 7461
f 7462 7463 7464
f 7465 7466 7467
f 7468 7469 7470
f 7471 7472 7473
f 7474 7475 7476
f 7477 7478 7479
f 7480 7473 7472
f 7481 7482 7483
f 7484 7485 7486
f 7487 7488 7489
f 7490 7491 7492
f 7493 7494 7495
f 7496 7497 7498
f 7499 7500 7501
f 7502 7503 7504
f 7505 7506 7507
f 7508 7509 7510
f 7511 7512 7513
f 7514 7515 7516
f 7517 7518 7519
f 7520 7521 7522
f 7523 7524 7525
f 7526 7527 7528
f 7529 7530 7531
f 7532 7533 7534
f 7535 7536 7537
f 7538 7539 7540
f 7541 7542 7543
f 7544 7545 7546
f 7547 7548 7549
f 7550 7551 7552
f 7553 7554 7555
f 7556 7557 7558
f 7559 7560 7561
f 7562 7563 7564
f 7565 7566 7567
f 7568 7569 7570
f 7571 7572 7573
f 7574 7575 7576
f 7577 7578 7579
f 7580 7581 7582
f 7583 7584 7585
f 7586 7587 7588
f 7589 7590 7591
f 7592 7593 7594
f 7595 7596 7597
f 7598 7599 7600
f 7601 7602 7603
f 7604 7605 7606
f 7607 7608 7609
f 7610 7611 7612
f 7613 7614 7615
f 7616 7617 7618
f 7619 7620 7621
f 7622 7623 7624
f 7625 7626 7627
f 7628 7629 7630
f 7631 7632 7633
f 7634 7635 7636
f 7637 7638 7639
f 7640 7641 7642
f 7643 7644 7645
f 7646 7647 7648
f 7649 7650 7651
f 7652 7653 7654
f 7655 7656 7657
f 7658 7659 7660
f 7661 7662 7663
f 7664 7665 7666
f 7667 7668 7669
f 7670 7671 7672
f 7673 7674 7675
f 7676 7677 7678
f 7679 7680 7681
f 7682 7683 7684
f 7685 7686 7687
f 7688 7689 7690
f 7691 7692 7693
f 7694 7695 7696
f 7697 7698 7699
f 7700 7701 7702
f 7703 7704 7705
f 7706 7707 7708
f 7709 7710 7711
f 7712 7713 7714
f 7715 7716 7717
f 7718 7719 7720
f 7721 7722 7723
f 7724 7725 7726
f 7727 7728 7729
f 7730 7731 7732
f 7733 7734 7735
f 7736 7737 7738
f 7739 7740 7741
f 7742 7743 7744
f 7745 7746 7747
f 7748 7749 7750
f 7751 7752 7753
f 7754 7755 7756
f 7757 7758 7759
f 7760 7761 7762
f 7763 7764 7765
f 7766 7767 7768
f 7769 7770 7771
f 7772 7773 7774
f 7775 7776 7777
f 7778 7779 7780
f 7781 7782 7783
f 7784 7785 7786
f 7787 7788 7789
f 7790 7791 7792
f 7793 7794 7795
f 7796 7797 7798
f 7799 7800 7801
f 7802 7803 7804
f 7805 7806 7807
f 7808 7809 7810
f 7811 7812 7813
f 7814 7815 7816
f 7808 7817 7809
f 7818 7819 7820
f 7821 7822 7823
f 7824 7825 7826
f 7827 7828 7829
f 7830 7831 7832
f 7833 7834 7835
f 7836 7837 7838
f 7839 7840 7841
f 7842 7843 7844
f 7845 7846 7847
f 7848 7849 7850
f 7851 7852 7853
f 7854 7855 7856
f 7857 7858 7859
f 7860 7861 7862
f 7790 7863 7791
f 7864 7865 7866
f 7867 7868 7869
f 7870 7871 7872
f 7873 7874 7875
f 7876 7877 7878
f 7879 7880 7881
f 7882 7883 7884
f 7801 7800 7885
f 7886 7887 7888
f 7889 7890 7891
f 7892 7893 7894
f 7895 7896 7897
f 7898 7899 7900
f 7826 7901 7824
f 7902 7903 7904
f 7905 7906 7907
f 7908 7909 7910
f 7911 7912 7913
f 7914 7915 7916
f 7917 7918 7919
f 7920 7921 7922
f 7923 7924 7925
f 7926 7927 7928
f 7929 7930 7931
f 7932 7933 7934
f 7854 7858 7855
f 7935 7936 7937
f 7938 7939 7940
f 7941 7942 7943
f 7936 7944 7937
f 7945 7946 7947
f 7948 7949 7950
f 7951 7952 7953
f 7954 7955 7956
f 7957 7958 7959
f 7960 7961 7962
f 7963 7964 7965
f 7966 7967 7968
f 7969 7970 7971
f 7972 7973 7974
f 7975 7976 7977
f 7978 7979 7980
f 7981 7982 7983
f 7984 7985 7986
f 7987 7988 7989
f 7990 7991 7992
f 7993 7994 7995
f 7996 7997 7998
f 7999 8000 8001
f 8002 8003 8004
f 8005 8006 8007
f 8008 8009 8010
f 8011 8012 8013
f 8014 8015 8016
f 8017 8018 8019
f 8020 8021 8022
f 8023 8024 8025
f 8026 8027 8028
f 8029 8030 8031
f 8032 8033 8034
f 8035 8036 8037
f 8038 8039 8040
f 8041 8042 8043
f 8044 8045 8046
f 8047 8048 8049
f 8050 8051 8052
f 8053 8054 8055
f 8056 8057 8058
f 8059 8060 8061
f 8062 8063 8064
f 8065 8066 8067
f 8068 8069 8070
f 8071 8072 8073
f 8074 8075 8076
f 8077 8078 8079
f 8080 8081 8082
f 8083 8084 8085
f 8086 8087 8088
f 8089 8090 8091
f 8092 8093 8094
f 8095 8096 8097
f 8098 8099 8100
f 8101 8102 8103
f 8104 8105 8106
f 8107 8108 8109
f 8110 8111 8112
f 8113 8114 8115
f 8116 8117 8118
f 8119 8120 8121
f 8122 8123 8124
f 8125 8126 8127
f 8128 8129 8130
f 8131 8132 8133
f 8134 8135 8136
f 8137 8138 8139
f 8140 8141 8142
f 8143 8144 8145
f 8146 8147 8148
f 8149 8150 8151
f 8152 8153 8154
f 8152 8154 8155
f 8156 8157 8158
f 8159 8160 8161
f 8162 8163 8164
f 8165 8166 8167
f 8168 8169 8170
f 8171 8172 8173
f 8174 8175 8176
f 8177 8178 8179
f 8180 8181 8182
f 8183 8184 8185
f 8186 8187 8188
f 8189 8190 8191
f 8192 8193 8194
f 8195 8196 8197
f 8198 8199 8200
f 8201 8202 8203
f 8204 8205 8206
f 8207 8208 8209
f 8210 8211 8212
f 8213 8214 8215
f 8216 8217 8218
f 8219 8217 8216
f 8220 8221 8222
f 8223 8224 8225
f 8226 8227 8228
f 8229 8230 8231
f 8232 8233 8234
f 8235 8236 8237
f 8238 8239 8240
f 8241 8242 8243
f 8244 8245 8246
f 8247 8248 8249
f 8250 8251 8252
f 8253 8254 8255
f 8256 8257 8258
f 8259 8260 8261
f 8262 8263 8264
f 8265 8266 8267
f 8268 8269 8270
f 8271 8272 8273
f 8274 8275 8276
f 8277 8278 8279
f 8280 8281 8282
f 8283 8284 8285
f 8286 8287 8288
f 8289 8290 8291
f 8292 8293 8294
f 8295 8296 8297
f 8298 8299 8300
f 8301 8302 8303
f 8304 8305 8306
f 8307 8308 8309
f 8310 8311 8312
f 8313 8314 8315
f 8316 8317 8318
f 8319 8320 8321
f 8322 8323 8324
f 8325 8326 8327
f 8328 8329 8330
f 8331 8332 8333
f 8334 8335 8336
f 8337 8338 8339
f 8340 8341 8342
f 8343 8344 8345
f 8346 8347 8348
f 8349 8350 8351
f 8352 8353 8354
f 8355 8356 8357
f 8358 8359 8360
f 8361 8362 8363
f 8364 8365 8366
f 8367 8368 8369
f 8370 8371 8372
f 8373 8374 8375
f 8376 8377 8378
f 8379 8380 8381
f 8382 8383 8384
f 8385 8386 8387
f 8388 8389 8390
f 8391 8392 8393
f 8394 8395 8396
f 8397 8398 8399
f 8400 8401 8402
f 8403 8404 8405
f 8406 8407 8408
f 8409 8410 8411
f 8412 8413 8414
f 8415 8416 8417
f 8418 8419 8420
f 8421 8422 8423
f 8424 8425 8426
f 8427 8428 8429
f 8430 8431 8432
f 8433 8434 8435
f 8436 8437 8438
f 8439 8440 8441
f 8442 8443 8444
f 8445 8446 8447
f 8448 8449 8450
f 8451 8452 8453
f 8454 8455 8456
f 8457 8458 8459
f 8460 8461 8462
f 8463 8464 8465
f 8466 8467 8468
f 8469 8470 8471
f 8472 8473 8474
f 8475 8476 8477
f 8478 8479 8480
f 8481 8482 8483
f 8484 8485 8486
f 8487 8488 8489
f 8490 8491 8492
f 8493 8494 8495
f 8496 8497 8498
f 8499 8500 8501
f 8502 8503 8504
f 8505 8506 8507
f 8508 8509 8510
f 8511 8512 8513
f 8514 8515 8516
f 8517 8518 8519
f 8520 8521 8522
f 8523 8524 8525
f 8526 8527 8528
f 8529 8530 8531
f 8532 8533 8534
f 8535 8536 8537
f 8538 8539 8540
f 8541 8542 8543
f 8544 8545 8546
f 8547 8548 8549
f 8550 8551 8552
f 8553 8554 8555
f 8556 8557 8558
f 8559 8560 8561
f 8562 8563 8564
f 8565 8566 8567
f 8568 8569 8570
f 8571 8572 8573
f 8574 8575 8576
f 8577 8578 8579
f 8580 8581 8582
f 8583 8584 8585
f 8586 8587 8588
f 8589 8590 8591
f 8592 8593 8594
f 8595 8596 8597
f 8598 8599 8600
f 8601 8602 8603
f 8604 8605 8606
f 8607 8608 8609
f 8610 8611 8612
f 8613 8614 8615
f 8616 8617 8618
f 8619 8620 8621
f 8622 8623 8624
f 8625 8626 8627
f 8628 8629 8630
f 8631 8632 8633
f 8634 8635 8636
f 8637 8638 8639
f 8640 8641 8642
f 8643 8644 8645
f 8646 8647 8648
f 8562 8649 8563
f 8650 8651 8652
f 8653 8654 8655
f 8656 8657 8658
f 8659 8660 8661
f 8662 8663 8664
f 8665 8666 8667
f 8668 8669 8670
f 8671 8672 8673
f 8674 8675 8676
f 8677 8678 8679
f 8680 8681 8682
f 8683 8684 8685
f 8686 8687 8688
f 8689 8690 8691
f 8692 8693 8694
f 8695 8696 8697
f 8698 8699 8700
f 8701 8702 8703
f 8704 8701 8703
f 8705 8706 8707
f 8706 8708 8707
f 8709 8710 8711
f 8712 8713 8714
f 8715 8716 8717
f 8718 8719 8720
f 8721 8722 8723
f 8724 8725 8726
f 8727 8728 8729
f 8730 8731 8732
f 8733 8734 8735
f 8736 8737 8738
f 8739 8740 8741
f 8742 8743 8744
f 8745 8746 8747
f 8748 8749 8750
f 8751 8752 8753
f 8754 8755 8756
f 8757 8758 8759
f 8760 8761 8762
f 8763 8764 8765
f 8766 8767 8768
f 8769 8770 8771
f 8772 8773 8774
f 8775 8776 8777
f 8778 8779 8780
f 8781 8782 8783
f 8784 8785 8786
f 8787 8788 8789
f 8790 8791 8792
f 8793 8794 8795
f 8796 8797 8798
f 8799 8800 8801
f 8802 8803 8701
f 8704 8802 8701
f 8804 8805 8806
f 8807 8808 8809
f 8810 8811 8812
f 8813 8814 8815
f 8816 8817 8818
f 8819 8820 8821
f 8822 8823 8824
f 8825 8826 8827
f 8828 8829 8830
f 8831 8832 8833
f 8834 8835 8836
f 8837 8838 8839
f 8815 8814 8840
f 8841 8842 8843
f 6640 6639 8844
f 8845 8846 8847
f 8848 8849 8850
f 8851 8852 8853
f 8813 8854 8814
f 8855 8856 8857
f 8852 8851 8858
f 8859 8860 8861
f 8862 8863 8848
f 8864 8865 8866
f 8867 8868 8869
f 8870 8871 8872
f 8873 8874 8875
f 8876 8877 8878
f 8879 8880 8881
f 8882 8859 8861
f 8883 8872 8871
f 8884 8885 8886
f 8887 8888 8889
f 8890 8891 8892
f 8857 8893 8855
f 8894 8895 8896
f 8897 8898 8899
f 8900 8901 8902
f 8903 8904 8905
f 8906 8907 8908
f 8906 8908 8909
f 8910 8911 8912
f 8913 8914 8915
f 8916 8917 8918
f 8919 8920 8921
f 8922 8923 8924
f 8925 8926 8927
f 8928 8929 8930
f 8931 8932 8933
f 8934 8935 8936
f 8937 8938 8939
f 8940 8941 8942
f 8940 8942 8943
f 8944 8945 8946
f 8947 8948 8949
f 8950 8951 8952
f 8953 8954 8955
f 8956 8957 8958
f 8959 8960 8961
f 8959 8961 8962
f 8963 8964 8965
f 8966 8967 8968
f 8969 8970 8971
f 8972 8973 8974
f 8975 8976 8977
f 8978 8979 8980
f 8981 8982 8983
f 8984 8985 8986
f 8987 8988 8989
f 8990 8991 8992
f 8993 8994 8995
f 8996 8997 8998
f 8999 9000 9001
f 9002 9003 9004
f 9005 9006 9007
f 9008 9009 9010
f 9011 9012 9013
f 9014 9015 9016
f 9017 9018 9019
f 9020 9021 9022
f 9023 9024 9025
f 9026 9027 9028
f 9029 9030 9031
f 9032 9033 9034
f 9035 9036 9037
f 9038 9039 9040
f 9041 9042 9043
f 9044 9045 9046
f 9047 9048 9049
f 9050 9051 9052
f 9053 9054 9055
f 9056 9057 9058
f 9059 9060 9061
f 9062 9063 9064
f 9065 9066 9067
f 9068 9069 9070
f 9071 9072 9073
f 9074 9075 9076
f 9077 9078 9079
f 9080 9081 9082
f 9083 9084 9085
f 9086 9087 9088
f 9089 9090 9091
f 9092 9093 9094
f 9095 9096 9097
f 9098 9099 9100
f 9101 9102 9103
f 9104 9105 9106
f 9107 9108 9109
f 9104 9108 9107
f 9110 9111 9112
f 9113 9114 9115
f 9116 9117 9118
f 9119 9120 9121
f 9122 9123 9124
f 9125 9126 9127
f 9128 9129 9130
f 9131 9132 9133
f 9134 9135 9136
f 9137 9138 9139
f 9140 9141 9142
f 9143 9144 9145
f 9146 9147 9148
f 9149 9150 9151
f 9152 9153 9154
f 9155 9156 9157
f 9158 9159 9160
f 9161 9162 9163
f 9019 9164 9017
f 9165 9166 9167
f 9168 9169 9170
f 9171 9172 9173
f 9174 9175 9176
f 9177 9178 9179
f 9180 9181 9182
f 9183 9184 9185
f 9186 9187 9188
f 9189 9190 9191
f 9192 9193 9194
f 9195 9196 9197
f 9198 9199 9200
f 9201 9202 9203
f 9204 9205 9206
f 9207 9208 9209
f 9210 9211 9212
f 9213 9214 9215
f 9216 9217 9218
f 9219 9220 9221
f 9222 9223 9224
f 9225 9226 9227
f 9228 9229 9230
f 9231 9232 9233
f 9234 9235 9236
f 9237 9238 9239
f 9240 9241 9242
f 9243 9244 9245
f 9246 9247 9248
f 9249 9250 9251
f 9252 9253 9254
f 9255 9256 9257
f 9258 9259 9260
f 9261 9262 9263
f 9264 9265 9266
f 9267 9268 9269
f 9270 9271 9272
f 9273 9274 9275
f 9276 9277 9278
f 9279 9280 9281
f 9282 9283 9284
f 9285 9286 9287
f 9288 9289 9290
f 9291 9292 9293
f 9294 9295 9296
f 9297 9298 9299
f 9300 9301 9302
f 9303 9304 9305
f 9306 9307 9308
f 9309 9310 9311
f 9312 9313 9314
f 9315 9316 9317
f 9318 9319 9320
f 9321 9318 9320
f 9322 9321 9323
f 9322 9318 9321
f 9324 9322 9323
f 9325 9326 9327
f 9328 9329 9330
f 9331 9332 9333
f 9334 9335 9336
f 9337 9338 9339
f 9340 9341 9342
f 9343 9344 9345
f 9346 9347 9348
f 9349 9350 9351
f 9352 9353 9354
f 9355 9356 9357
f 9358 9359 9360
f 9361 9362 9363
f 9364 9365 9366
f 9367 9368 9369
f 9370 9371 9372
f 9373 9374 9375
f 9376 9377 9378
f 9379 9380 9381
f 9382 9383 9384
f 9385 9386 9387
f 9388 9389 9390
f 9391 9392 9393
f 9394 9395 9396
f 9397 9398 9399
f 9400 9401 9402
f 9403 9404 9405
f 9406 9407 9408
f 9409 9410 9411
f 9412 9413 9414
f 9415 9416 9417
f 9418 9419 9420
f 9421 9422 9423
f 9424 9425 9426
f 9427 9428 9429
f 9430 9431 9432
f 9433 9434 9435
f 9436 9437 9438
f 9439 9440 9441
f 9442 9443 9444
f 9445 9446 9447
f 9448 9449 9450
f 9451 9452 9453
f 9454 9455 9456
f 9457 9458 9459
f 9460 9461 9462
f 9463 9464 9465
f 9466 9467 9468
f 9469 9470 9471
f 9472 9473 9474
f 9475 9476 9477
f 9478 9479 9480
f 9481 9482 9483
f 9484 9485 9486
f 9487 9488 9489
f 9490 9491 9492
f 9493 9494 9495
f 9496 9497 9498
f 9499 9500 9501
f 9502 9503 9504
f 9505 9506 9507
f 9508 9509 9510
f 9511 9512 9513
f 9514 9515 9516
f 9517 9518 9519
f 9520 9521 9522
f 9523 9524 9525
f 9518 9526 9527
f 9528 9529 4653
f 9530 9531 9532
f 9533 9534 9535
f 9536 9537 9538
f 9539 9540 9541
f 9542 9543 9544
f 9545 9546 9547
f 9548 9549 9550
f 9551 9552 9553
f 9554 9555 9556
f 9557 9558 9559
f 9560 9561 9562
f 9563 9564 9565
f 9566 9567 9568
f 9569 9570 9571
f 9572 9573 9574
f 9575 9576 9577
f 9578 9579 9580
f 9581 9582 9583
f 9584 9585 9586
f 9587 9588 9589
f 9590 9591 9592
f 9593 9594 9595
f 9596 9597 9598
f 9599 9600 9601
f 9602 9603 9604
f 9605 9606 9607
f 9608 9609 9610
f 9611 9612 9613
f 9614 9615 9616
f 9617 9618 9619
f 9620 9621 9622
f 9623 9624 9625
f 9626 9627 9628
f 9629 9630 9631
f 9632 9633 9634
f 9635 9636 9637
f 9638 9639 9640
f 9641 9642 9643
f 9644 9645 9646
f 9647 9648 9649
f 9650 9651 9652
f 9653 9654 9655
f 9656 9657 9658
f 9659 9660 9661
f 9662 9663 9664
f 9665 9666 9667
f 9668 9669 9670
f 9671 9672 9673
f 9674 9675 9676
f 9677 9678 9679
f 9680 9681 9682
f 9683 9684 9685
f 9686 9687 9688
f 9689 9690 9691
f 9692 9693 9694
f 9695 9696 9697
f 9698 9699 9700
f 6641 9701 9702
f 9703 9704 9705
f 9706 9707 9708
f 9709 9710 9711
f 9712 9713 9714
f 9715 9716 9717
f 9718 9719 9720
f 9721 9722 9723
f 9724 9725 9726
f 5015 9727 5016
f 9728 9729 9730
f 8716 9731 9732
f 8716 9733 8717
f 9734 9735 9736
f 4802 9737 4803
f 4831 9738 4832
f 4837 9739 4838
f 9740 9741 9742
f 153 152 4852
f 4854 9743 4855
f 9677 9744 9678
f 9706 9745 9707
f 9712 9746 9713
f 9747 9748 9749
f 5015 9750 9727
f 9728 9751 9729
f 8716 9732 9733
f 9752 9753 9754
f 9755 9756 9757
f 9758 9759 9760
f 9761 9762 9763
f 9764 9765 9766
f 9767 9768 9769
f 9770 9771 9772
f 9773 9774 9775
f 9776 9777 9778
f 9779 9780 9781
f 9782 9783 9784
f 9785 9786 9787
f 9788 9789 9790
f 9791 9792 9793
f 9794 9795 9796
f 9752 9797 9753
f 9798 9799 9800
f 9801 9802 9803
f 9755 9804 9756
f 9805 9806 9807
f 9808 9809 9810
f 9811 9810 9809
f 9800 9812 9798
f 9813 9801 9803
f 9807 9806 9814
f 9815 9816 9817
f 9818 9819 9820
f 9758 9821 9759
f 9761 9822 9762
f 9764 9823 9765
f 9767 9824 9768
f 9770 9825 9771
f 9773 9826 9774
f 9776 9827 9777
f 9779 9828 9780
f 9782 9829 9783
f 9785 9830 9786
f 9788 9831 9789
f 9791 9832 9792
f 9794 9833 9795
f 9834 9835 9836
f 9837 9838 9839
f 9840 9841 9842
f 9843 9844 9845
f 9846 9847 9848
f 9849 9850 9851
f 9852 9853 9854
f 9855 9856 9857
f 9858 9859 9860
f 9861 9862 9863
f 9864 9865 9866
f 9867 9868 9869
f 9870 9871 9872
f 9873 9874 9875
f 9876 9877 9865
f 9878 9879 9880
f 1766 9881 1767
f 9882 9883 9884
f 9885 9886 9887
f 9888 9889 9890
f 9891 9892 9893
f 9894 9895 9896
f 9842 9897 9840
f 9898 9899 9900
f 9901 9902 9903
f 9904 9905 9906
f 9907 9908 9909
f 9910 4824 9911
f 9912 9913 9914
f 9878 9915 9916
f 9917 9918 9919
f 9699 9920 9700
f 9921 9922 9923
f 9924 9925 9926
f 9927 9928 9929
f 9930 9931 9932
f 9933 9934 9935
f 9936 9937 9938
f 9939 9940 9857
f 9941 9942 9943
f 9944 9945 9946
f 4823 9911 4824
f 9947 9948 9949
f 9950 6634 6633
f 6632 9858 6633
f 9698 9951 9699
f 9834 9952 9835
f 9837 9953 9954
f 9954 9838 9837
f 9953 9955 9954
f 9843 9956 9844
f 9846 9957 9847
f 9958 9959 9851
f 9849 9960 9961
f 9849 9961 9850
f 9851 9959 9849
f 9855 9962 9856
f 9858 6632 9859
f 9861 9963 9862
f 9864 9876 9865
f 9867 9964 9868
f 9870 9965 9871
f 9873 9966 9874
f 9876 9967 9877
f 9968 9969 9970
f 9884 9971 9882
f 9883 9972 9884
f 9887 9973 9885
f 9886 9974 9887
f 9975 9976 9977
f 9978 9979 9980
f 9891 9981 9892
f 9892 9982 9983
f 9893 9984 9891
f 9892 9983 9893
f 9985 9986 9987
f 9988 9989 9990
f 9991 9992 9993
f 9994 9995 9996
f 9989 9997 9990
f 9901 9998 9902
f 9904 9999 9905
f 9907 10000 9908
f 9878 9880 9915
f 9926 10001 10002
f 10002 9924 9926
f 9930 10003 9931
f 9933 10004 9934
f 9857 9856 10005
f 10005 9939 9857

